Type,Filter,TRUTH.TOTAL,TRUTH.TP,TRUTH.FN,QUERY.TOTAL,QUERY.FP,QUERY.UNK,FP.gt,FP.al,METRIC.Recall,METRIC.Precision,METRIC.Frac_NA,METRIC.F1_Score,TRUTH.TOTAL.TiTv_ratio,QUERY.TOTAL.TiTv_ratio,TRUTH.TOTAL.het_hom_ratio,QUERY.TOTAL.het_hom_ratio
INDEL,ALL,7920,6788,1132,19145,294,12056,223,44,0.8570709999999999,0.958527,0.629721,0.904964,,,1.6472614536686188,1.60072192142163
INDEL,PASS,7920,6788,1132,19145,294,12056,223,44,0.8570709999999999,0.958527,0.629721,0.904964,,,1.6472614536686188,1.60072192142163
SNP,ALL,65932,63013,2919,86604,932,22659,552,78,0.955727,0.985425,0.261639,0.970349,2.326321630347054,2.0610204225849764,1.4937767184958197,1.600528703175223
SNP,PASS,65932,63013,2919,86604,932,22659,552,78,0.955727,0.985425,0.261639,0.970349,2.326321630347054,2.0610204225849764,1.4937767184958197,1.600528703175223
