Type,Filter,TRUTH.TOTAL,TRUTH.TP,TRUTH.FN,QUERY.TOTAL,QUERY.FP,QUERY.UNK,FP.gt,METRIC.Recall,METRIC.Precision,METRIC.Frac_NA,METRIC.F1_Score,TRUTH.TOTAL.TiTv_ratio,QUERY.TOTAL.TiTv_ratio,TRUTH.TOTAL.het_hom_ratio,QUERY.TOTAL.het_hom_ratio
INDEL,ALL,7920,7767,153,21912,137,13996,49,0.980682,0.982693,0.638737,0.981687,,,1.64726145367,1.95919508105
INDEL,PASS,7920,7767,153,21912,137,13996,49,0.980682,0.982693,0.638737,0.981687,,,1.64726145367,1.95919508105
SNP,ALL,65932,65807,125,87445,164,21481,10,0.998104,0.997514,0.245652,0.997809,2.32632163035,2.064711653,1.4937767185,1.55130038822
SNP,PASS,65932,65807,125,87445,164,21481,10,0.998104,0.997514,0.245652,0.997809,2.32632163035,2.064711653,1.4937767185,1.55130038822
