Type,Filter,TRUTH.TOTAL,TRUTH.TP,TRUTH.FN,QUERY.TOTAL,QUERY.FP,QUERY.UNK,FP.gt,FP.al,METRIC.Recall,METRIC.Precision,METRIC.Frac_NA,METRIC.F1_Score,TRUTH.TOTAL.TiTv_ratio,QUERY.TOTAL.TiTv_ratio,TRUTH.TOTAL.het_hom_ratio,QUERY.TOTAL.het_hom_ratio
INDEL,ALL,7920,7590,330,21425,170,13656,85,57,0.958333,0.978118,0.637386,0.968125,,,1.6472614536686188,1.9156491228070176
INDEL,PASS,7920,7590,330,21425,170,13656,85,57,0.958333,0.978118,0.637386,0.968125,,,1.6472614536686188,1.9156491228070176
SNP,ALL,65932,65641,291,88274,304,22331,67,48,0.9955860000000001,0.99539,0.252974,0.9954879999999999,2.326321630347054,2.0633499861226756,1.4937767184958197,1.6292610250297974
SNP,PASS,65932,65641,291,88274,304,22331,67,48,0.9955860000000001,0.99539,0.252974,0.9954879999999999,2.326321630347054,2.0633499861226756,1.4937767184958197,1.6292610250297974
