Type,Filter,TRUTH.TOTAL,TRUTH.TP,TRUTH.FN,QUERY.TOTAL,QUERY.FP,QUERY.UNK,FP.gt,FP.al,METRIC.Recall,METRIC.Precision,METRIC.Frac_NA,METRIC.F1_Score,TRUTH.TOTAL.TiTv_ratio,QUERY.TOTAL.TiTv_ratio,TRUTH.TOTAL.het_hom_ratio,QUERY.TOTAL.het_hom_ratio
INDEL,ALL,7920,7694,226,21711,144,13862,58,62,0.9714649999999999,0.9816540000000001,0.638478,0.976533,,,1.6472614536686188,1.9443899705841154
INDEL,PASS,7920,7694,226,21711,144,13862,58,62,0.9714649999999999,0.9816540000000001,0.638478,0.976533,,,1.6472614536686188,1.9443899705841154
SNP,ALL,65932,65767,165,87994,225,22005,30,40,0.997497,0.99659,0.25007399999999996,0.997044,2.326321630347054,2.0666852484147444,1.4937767184958197,1.6051774183993839
SNP,PASS,65932,65767,165,87994,225,22005,30,40,0.997497,0.99659,0.25007399999999996,0.997044,2.326321630347054,2.0666852484147444,1.4937767184958197,1.6051774183993839
