Type,Filter,TRUTH.TOTAL,TRUTH.TP,TRUTH.FN,QUERY.TOTAL,QUERY.FP,QUERY.UNK,FP.gt,FP.al,METRIC.Recall,METRIC.Precision,METRIC.Frac_NA,METRIC.F1_Score,TRUTH.TOTAL.TiTv_ratio,QUERY.TOTAL.TiTv_ratio,TRUTH.TOTAL.het_hom_ratio,QUERY.TOTAL.het_hom_ratio
INDEL,ALL,7920,7731,189,21819,139,13936,49,65,0.976136,0.982367,0.638709,0.9792420000000001,,,1.6472614536686188,1.9513558848196813
INDEL,PASS,7920,7731,189,21819,139,13936,49,65,0.976136,0.982367,0.638709,0.9792420000000001,,,1.6472614536686188,1.9513558848196813
SNP,ALL,65932,65791,141,87696,188,21721,16,43,0.9978610000000001,0.99715,0.247685,0.997506,2.326321630347054,2.0670955560994373,1.4937767184958197,1.581166632313536
SNP,PASS,65932,65791,141,87696,188,21721,16,43,0.9978610000000001,0.99715,0.247685,0.997506,2.326321630347054,2.0670955560994373,1.4937767184958197,1.581166632313536
