Type,Filter,TRUTH.TOTAL,TRUTH.TP,TRUTH.FN,QUERY.TOTAL,QUERY.FP,QUERY.UNK,FP.gt,METRIC.Recall,METRIC.Precision,METRIC.Frac_NA,METRIC.F1_Score,TRUTH.TOTAL.TiTv_ratio,QUERY.TOTAL.TiTv_ratio,TRUTH.TOTAL.het_hom_ratio,QUERY.TOTAL.het_hom_ratio
INDEL,ALL,7920,7590,330,21425,170,13656,85,0.958333,0.978118,0.637386,0.968125,,,1.64726145367,1.91564912281
INDEL,PASS,7920,7590,330,21425,170,13656,85,0.958333,0.978118,0.637386,0.968125,,,1.64726145367,1.91564912281
SNP,ALL,65932,65641,291,88274,304,22331,67,0.995586,0.99539,0.252974,0.995488,2.32632163035,2.06334998612,1.4937767185,1.62926102503
SNP,PASS,65932,65641,291,88274,304,22331,67,0.995586,0.99539,0.252974,0.995488,2.32632163035,2.06334998612,1.4937767185,1.62926102503
