Type,Filter,TRUTH.TOTAL,TRUTH.TP,TRUTH.FN,QUERY.TOTAL,QUERY.FP,QUERY.UNK,FP.gt,FP.al,METRIC.Recall,METRIC.Precision,METRIC.Frac_NA,METRIC.F1_Score,TRUTH.TOTAL.TiTv_ratio,QUERY.TOTAL.TiTv_ratio,TRUTH.TOTAL.het_hom_ratio,QUERY.TOTAL.het_hom_ratio
INDEL,ALL,7920,7778,142,21997,133,14076,44,67,0.9820709999999999,0.983209,0.6399050000000001,0.98264,,,1.6472614536686188,1.9568725653867558
INDEL,PASS,7920,7778,142,21997,133,14076,44,67,0.9820709999999999,0.983209,0.6399050000000001,0.98264,,,1.6472614536686188,1.9568725653867558
SNP,ALL,65932,65802,130,87283,132,21352,5,29,0.998028,0.9979979999999999,0.24463000000000001,0.9980129999999999,2.326321630347054,2.0627565159434527,1.4937767184958197,1.5337612174367612
SNP,PASS,65932,65802,130,87283,132,21352,5,29,0.998028,0.9979979999999999,0.24463000000000001,0.9980129999999999,2.326321630347054,2.0627565159434527,1.4937767184958197,1.5337612174367612
