Type,Filter,TRUTH.TOTAL,TRUTH.TP,TRUTH.FN,QUERY.TOTAL,QUERY.FP,QUERY.UNK,FP.gt,METRIC.Recall,METRIC.Precision,METRIC.Frac_NA,METRIC.F1_Score,TRUTH.TOTAL.TiTv_ratio,QUERY.TOTAL.TiTv_ratio,TRUTH.TOTAL.het_hom_ratio,QUERY.TOTAL.het_hom_ratio
INDEL,ALL,7920,7731,189,21819,139,13936,49,0.976136,0.982367,0.638709,0.979242,,,1.64726145367,1.95135588482
INDEL,PASS,7920,7731,189,21819,139,13936,49,0.976136,0.982367,0.638709,0.979242,,,1.64726145367,1.95135588482
SNP,ALL,65932,65791,141,87696,188,21721,16,0.997861,0.99715,0.247685,0.997506,2.32632163035,2.0670955561,1.4937767185,1.58116663231
SNP,PASS,65932,65791,141,87696,188,21721,16,0.997861,0.99715,0.247685,0.997506,2.32632163035,2.0670955561,1.4937767185,1.58116663231
