Type,Filter,TRUTH.TOTAL,TRUTH.TP,TRUTH.FN,QUERY.TOTAL,QUERY.FP,QUERY.UNK,FP.gt,METRIC.Recall,METRIC.Precision,METRIC.Frac_NA,METRIC.F1_Score,TRUTH.TOTAL.TiTv_ratio,QUERY.TOTAL.TiTv_ratio,TRUTH.TOTAL.het_hom_ratio,QUERY.TOTAL.het_hom_ratio
INDEL,ALL,7920,7359,561,20787,222,13200,140,0.929167,0.970739,0.635012,0.949498,,,1.64726145367,1.83752281983
INDEL,PASS,7920,7359,561,20787,222,13200,140,0.929167,0.970739,0.635012,0.949498,,,1.64726145367,1.83752281983
SNP,ALL,65932,65223,709,88559,475,22860,169,0.989246,0.99277,0.258133,0.991005,2.32632163035,2.05929686421,1.4937767185,1.6575502852
SNP,PASS,65932,65223,709,88559,475,22860,169,0.989246,0.99277,0.258133,0.991005,2.32632163035,2.05929686421,1.4937767185,1.6575502852
