Type,Filter,TRUTH.TOTAL,TRUTH.TP,TRUTH.FN,QUERY.TOTAL,QUERY.FP,QUERY.UNK,FP.gt,METRIC.Recall,METRIC.Precision,METRIC.Frac_NA,METRIC.F1_Score,TRUTH.TOTAL.TiTv_ratio,QUERY.TOTAL.TiTv_ratio,TRUTH.TOTAL.het_hom_ratio,QUERY.TOTAL.het_hom_ratio
INDEL,ALL,7920,6788,1132,19145,294,12056,223,0.857071,0.958527,0.629721,0.904964,,,1.64726145367,1.60072192142
INDEL,PASS,7920,6788,1132,19145,294,12056,223,0.857071,0.958527,0.629721,0.904964,,,1.64726145367,1.60072192142
SNP,ALL,65932,63013,2919,86604,932,22659,552,0.955727,0.985425,0.261639,0.970349,2.32632163035,2.06102042258,1.4937767185,1.60052870318
SNP,PASS,65932,63013,2919,86604,932,22659,552,0.955727,0.985425,0.261639,0.970349,2.32632163035,2.06102042258,1.4937767185,1.60052870318
