Type,Filter,TRUTH.TOTAL,TRUTH.TP,TRUTH.FN,QUERY.TOTAL,QUERY.FP,QUERY.UNK,FP.gt,FP.al,METRIC.Recall,METRIC.Precision,METRIC.Frac_NA,METRIC.F1_Score,TRUTH.TOTAL.TiTv_ratio,QUERY.TOTAL.TiTv_ratio,TRUTH.TOTAL.het_hom_ratio,QUERY.TOTAL.het_hom_ratio
INDEL,ALL,7920,7359,561,20787,222,13200,140,53,0.929167,0.9707389999999999,0.635012,0.949498,,,1.6472614536686188,1.8375228198286757
INDEL,PASS,7920,7359,561,20787,222,13200,140,53,0.929167,0.9707389999999999,0.635012,0.949498,,,1.6472614536686188,1.8375228198286757
SNP,ALL,65932,65223,709,88559,475,22860,169,60,0.989246,0.99277,0.258133,0.9910049999999999,2.326321630347054,2.0592968642077634,1.4937767184958197,1.6575502851996398
SNP,PASS,65932,65223,709,88559,475,22860,169,60,0.989246,0.99277,0.258133,0.9910049999999999,2.326321630347054,2.0592968642077634,1.4937767184958197,1.6575502851996398
