Type,Filter,TRUTH.TOTAL,TRUTH.TP,TRUTH.FN,QUERY.TOTAL,QUERY.FP,QUERY.UNK,FP.gt,METRIC.Recall,METRIC.Precision,METRIC.Frac_NA,METRIC.F1_Score,TRUTH.TOTAL.TiTv_ratio,QUERY.TOTAL.TiTv_ratio,TRUTH.TOTAL.het_hom_ratio,QUERY.TOTAL.het_hom_ratio
INDEL,ALL,7920,7694,226,21711,144,13862,58,0.971465,0.981654,0.638478,0.976533,,,1.64726145367,1.94438997058
INDEL,PASS,7920,7694,226,21711,144,13862,58,0.971465,0.981654,0.638478,0.976533,,,1.64726145367,1.94438997058
SNP,ALL,65932,65767,165,87994,225,22005,30,0.997497,0.99659,0.250074,0.997044,2.32632163035,2.06668524841,1.4937767185,1.6051774184
SNP,PASS,65932,65767,165,87994,225,22005,30,0.997497,0.99659,0.250074,0.997044,2.32632163035,2.06668524841,1.4937767185,1.6051774184
