Type,Filter,TRUTH.TOTAL,TRUTH.TP,TRUTH.FN,QUERY.TOTAL,QUERY.FP,QUERY.UNK,FP.gt,FP.al,METRIC.Recall,METRIC.Precision,METRIC.Frac_NA,METRIC.F1_Score,TRUTH.TOTAL.TiTv_ratio,QUERY.TOTAL.TiTv_ratio,TRUTH.TOTAL.het_hom_ratio,QUERY.TOTAL.het_hom_ratio
INDEL,ALL,7920,7767,153,21912,137,13996,49,68,0.9806819999999999,0.982693,0.638737,0.9816870000000001,,,1.6472614536686188,1.9591950810508665
INDEL,PASS,7920,7767,153,21912,137,13996,49,68,0.9806819999999999,0.982693,0.638737,0.9816870000000001,,,1.6472614536686188,1.9591950810508665
SNP,ALL,65932,65807,125,87445,164,21481,10,41,0.9981040000000001,0.9975139999999999,0.245652,0.9978090000000001,2.326321630347054,2.064711653002593,1.4937767184958197,1.551300388219154
SNP,PASS,65932,65807,125,87445,164,21481,10,41,0.9981040000000001,0.9975139999999999,0.245652,0.9978090000000001,2.326321630347054,2.064711653002593,1.4937767184958197,1.551300388219154
