Type,Filter,TRUTH.TOTAL,TRUTH.TP,TRUTH.FN,QUERY.TOTAL,QUERY.FP,QUERY.UNK,FP.gt,METRIC.Recall,METRIC.Precision,METRIC.Frac_NA,METRIC.F1_Score,TRUTH.TOTAL.TiTv_ratio,QUERY.TOTAL.TiTv_ratio,TRUTH.TOTAL.het_hom_ratio,QUERY.TOTAL.het_hom_ratio
INDEL,ALL,7920,7778,142,21997,133,14076,44,0.982071,0.983209,0.639905,0.98264,,,1.64726145367,1.95687256539
INDEL,PASS,7920,7778,142,21997,133,14076,44,0.982071,0.983209,0.639905,0.98264,,,1.64726145367,1.95687256539
SNP,ALL,65932,65802,130,87283,132,21352,5,0.998028,0.997998,0.24463,0.998013,2.32632163035,2.06275651594,1.4937767185,1.53376121744
SNP,PASS,65932,65802,130,87283,132,21352,5,0.998028,0.997998,0.24463,0.998013,2.32632163035,2.06275651594,1.4937767185,1.53376121744
