Type,Filter,TRUTH.TOTAL,TRUTH.TP,TRUTH.FN,QUERY.TOTAL,QUERY.FP,QUERY.UNK,FP.gt,METRIC.Recall,METRIC.Precision,METRIC.Frac_NA,METRIC.F1_Score,TRUTH.TOTAL.TiTv_ratio,QUERY.TOTAL.TiTv_ratio,TRUTH.TOTAL.het_hom_ratio,QUERY.TOTAL.het_hom_ratio
INDEL,ALL,9181,8812,369,25185,233,16136,101,0.959808,0.974251,0.640699,0.966976,,,2.46518864255,2.72977122678
INDEL,PASS,9181,8812,369,25185,233,16136,101,0.959808,0.974251,0.640699,0.966976,,,2.46518864255,2.72977122678
SNP,ALL,78774,78362,412,106144,373,27412,101,0.99477,0.995262,0.258253,0.995016,2.33072630422,2.06698053261,2.23942908852,2.11830580213
SNP,PASS,78774,78362,412,106144,373,27412,101,0.99477,0.995262,0.258253,0.995016,2.33072630422,2.06698053261,2.23942908852,2.11830580213
