Type,Filter,TRUTH.TOTAL,TRUTH.TP,TRUTH.FN,QUERY.TOTAL,QUERY.FP,QUERY.UNK,FP.gt,METRIC.Recall,METRIC.Precision,METRIC.Frac_NA,METRIC.F1_Score,TRUTH.TOTAL.TiTv_ratio,QUERY.TOTAL.TiTv_ratio,TRUTH.TOTAL.het_hom_ratio,QUERY.TOTAL.het_hom_ratio
INDEL,ALL,9181,8572,609,24426,277,15571,153,0.933667,0.968718,0.637476,0.95087,,,2.46518864255,2.581300197
INDEL,PASS,9181,8572,609,24426,277,15571,153,0.933667,0.968718,0.637476,0.95087,,,2.46518864255,2.581300197
SNP,ALL,78774,77813,961,106412,592,28009,223,0.987801,0.992449,0.263213,0.990119,2.33072630422,2.06333995223,2.23942908852,2.14311042818
SNP,PASS,78774,77813,961,106412,592,28009,223,0.987801,0.992449,0.263213,0.990119,2.33072630422,2.06333995223,2.23942908852,2.14311042818
