Type,Filter,TRUTH.TOTAL,TRUTH.TP,TRUTH.FN,QUERY.TOTAL,QUERY.FP,QUERY.UNK,FP.gt,FP.al,METRIC.Recall,METRIC.Precision,METRIC.Frac_NA,METRIC.F1_Score,TRUTH.TOTAL.TiTv_ratio,QUERY.TOTAL.TiTv_ratio,TRUTH.TOTAL.het_hom_ratio,QUERY.TOTAL.het_hom_ratio
INDEL,ALL,9181,8949,232,25706,203,16545,74,85,0.9747299999999999,0.977841,0.643624,0.976283,,,2.4651886425515364,2.777285910548008
INDEL,PASS,9181,8949,232,25706,203,16545,74,85,0.9747299999999999,0.977841,0.643624,0.976283,,,2.4651886425515364,2.777285910548008
SNP,ALL,78774,78609,165,105485,219,26661,25,52,0.9979049999999999,0.9972219999999999,0.252747,0.9975629999999999,2.3307263042191595,2.0721148247350647,2.2394290885159593,2.0622985100636053
SNP,PASS,78774,78609,165,105485,219,26661,25,52,0.9979049999999999,0.9972219999999999,0.252747,0.9975629999999999,2.3307263042191595,2.0721148247350647,2.2394290885159593,2.0622985100636053
