Type,Filter,TRUTH.TOTAL,TRUTH.TP,TRUTH.FN,QUERY.TOTAL,QUERY.FP,QUERY.UNK,FP.gt,FP.al,METRIC.Recall,METRIC.Precision,METRIC.Frac_NA,METRIC.F1_Score,TRUTH.TOTAL.TiTv_ratio,QUERY.TOTAL.TiTv_ratio,TRUTH.TOTAL.het_hom_ratio,QUERY.TOTAL.het_hom_ratio
INDEL,ALL,9181,9011,170,25955,195,16740,58,92,0.981483,0.9788389999999999,0.644962,0.980159,,,2.4651886425515364,2.806220460436042
INDEL,PASS,9181,9011,170,25955,195,16740,58,92,0.981483,0.9788389999999999,0.644962,0.980159,,,2.4651886425515364,2.806220460436042
SNP,ALL,78774,78648,126,105264,158,26462,17,50,0.9984,0.9979950000000001,0.25138699999999997,0.9981979999999999,2.3307263042191595,2.0678845089298723,2.2394290885159593,2.0101278860183673
SNP,PASS,78774,78648,126,105264,158,26462,17,50,0.9984,0.9979950000000001,0.25138699999999997,0.9981979999999999,2.3307263042191595,2.0678845089298723,2.2394290885159593,2.0101278860183673
