Type,Filter,TRUTH.TOTAL,TRUTH.TP,TRUTH.FN,QUERY.TOTAL,QUERY.FP,QUERY.UNK,FP.gt,METRIC.Recall,METRIC.Precision,METRIC.Frac_NA,METRIC.F1_Score,TRUTH.TOTAL.TiTv_ratio,QUERY.TOTAL.TiTv_ratio,TRUTH.TOTAL.het_hom_ratio,QUERY.TOTAL.het_hom_ratio
INDEL,ALL,9181,7822,1359,22227,395,14009,278,0.851977,0.951935,0.630269,0.899186,,,2.46518864255,2.19409594096
INDEL,PASS,9181,7822,1359,22227,395,14009,278,0.851977,0.951935,0.630269,0.899186,,,2.46518864255,2.19409594096
SNP,ALL,78774,74824,3950,103915,1193,27900,748,0.949857,0.984306,0.268489,0.966774,2.33072630422,2.0602661485,2.23942908852,2.05859662554
SNP,PASS,78774,74824,3950,103915,1193,27900,748,0.949857,0.984306,0.268489,0.966774,2.33072630422,2.0602661485,2.23942908852,2.05859662554
