Type,Filter,TRUTH.TOTAL,TRUTH.TP,TRUTH.FN,QUERY.TOTAL,QUERY.FP,QUERY.UNK,FP.gt,FP.al,METRIC.Recall,METRIC.Precision,METRIC.Frac_NA,METRIC.F1_Score,TRUTH.TOTAL.TiTv_ratio,QUERY.TOTAL.TiTv_ratio,TRUTH.TOTAL.het_hom_ratio,QUERY.TOTAL.het_hom_ratio
INDEL,ALL,9181,7822,1359,22227,395,14009,278,79,0.8519770000000001,0.9519350000000001,0.630269,0.899186,,,2.4651886425515364,2.1940959409594094
INDEL,PASS,9181,7822,1359,22227,395,14009,278,79,0.8519770000000001,0.9519350000000001,0.630269,0.899186,,,2.4651886425515364,2.1940959409594094
SNP,ALL,78774,74824,3950,103915,1193,27900,748,95,0.949857,0.9843059999999999,0.268489,0.966774,2.3307263042191595,2.0602661485014426,2.2394290885159593,2.0585966255410617
SNP,PASS,78774,74824,3950,103915,1193,27900,748,95,0.949857,0.9843059999999999,0.268489,0.966774,2.3307263042191595,2.0602661485014426,2.2394290885159593,2.0585966255410617
