Type,Filter,TRUTH.TOTAL,TRUTH.TP,TRUTH.FN,QUERY.TOTAL,QUERY.FP,QUERY.UNK,FP.gt,METRIC.Recall,METRIC.Precision,METRIC.Frac_NA,METRIC.F1_Score,TRUTH.TOTAL.TiTv_ratio,QUERY.TOTAL.TiTv_ratio,TRUTH.TOTAL.het_hom_ratio,QUERY.TOTAL.het_hom_ratio
INDEL,ALL,9181,8914,267,25524,200,16403,68,0.970918,0.978073,0.64265,0.974482,,,2.46518864255,2.77607126401
INDEL,PASS,9181,8914,267,25524,200,16403,68,0.970918,0.978073,0.64265,0.974482,,,2.46518864255,2.77607126401
SNP,ALL,78774,78567,207,105752,269,26920,39,0.997372,0.996588,0.254558,0.99698,2.33072630422,2.06925264013,2.23942908852,2.08324825715
SNP,PASS,78774,78567,207,105752,269,26920,39,0.997372,0.996588,0.254558,0.99698,2.33072630422,2.06925264013,2.23942908852,2.08324825715
