Type,Filter,TRUTH.TOTAL,TRUTH.TP,TRUTH.FN,QUERY.TOTAL,QUERY.FP,QUERY.UNK,FP.gt,FP.al,METRIC.Recall,METRIC.Precision,METRIC.Frac_NA,METRIC.F1_Score,TRUTH.TOTAL.TiTv_ratio,QUERY.TOTAL.TiTv_ratio,TRUTH.TOTAL.het_hom_ratio,QUERY.TOTAL.het_hom_ratio
INDEL,ALL,9181,8812,369,25185,233,16136,101,84,0.959808,0.974251,0.640699,0.9669760000000001,,,2.4651886425515364,2.7297712267772147
INDEL,PASS,9181,8812,369,25185,233,16136,101,84,0.959808,0.974251,0.640699,0.9669760000000001,,,2.4651886425515364,2.7297712267772147
SNP,ALL,78774,78362,412,106144,373,27412,101,60,0.99477,0.9952620000000001,0.258253,0.995016,2.3307263042191595,2.0669805326093234,2.2394290885159593,2.118305802128035
SNP,PASS,78774,78362,412,106144,373,27412,101,60,0.99477,0.9952620000000001,0.258253,0.995016,2.3307263042191595,2.0669805326093234,2.2394290885159593,2.118305802128035
