Type,Filter,TRUTH.TOTAL,TRUTH.TP,TRUTH.FN,QUERY.TOTAL,QUERY.FP,QUERY.UNK,FP.gt,METRIC.Recall,METRIC.Precision,METRIC.Frac_NA,METRIC.F1_Score,TRUTH.TOTAL.TiTv_ratio,QUERY.TOTAL.TiTv_ratio,TRUTH.TOTAL.het_hom_ratio,QUERY.TOTAL.het_hom_ratio
INDEL,ALL,9181,8989,192,25856,196,16662,64,0.979087,0.978682,0.644415,0.978884,,,2.46518864255,2.79450800915
INDEL,PASS,9181,8989,192,25856,196,16662,64,0.979087,0.978682,0.644415,0.978884,,,2.46518864255,2.79450800915
SNP,ALL,78774,78637,137,105327,180,26514,22,0.998261,0.997716,0.25173,0.997988,2.33072630422,2.07133070981,2.23942908852,2.02972832969
SNP,PASS,78774,78637,137,105327,180,26514,22,0.998261,0.997716,0.25173,0.997988,2.33072630422,2.07133070981,2.23942908852,2.02972832969
