Type,Filter,TRUTH.TOTAL,TRUTH.TP,TRUTH.FN,QUERY.TOTAL,QUERY.FP,QUERY.UNK,FP.gt,FP.al,METRIC.Recall,METRIC.Precision,METRIC.Frac_NA,METRIC.F1_Score,TRUTH.TOTAL.TiTv_ratio,QUERY.TOTAL.TiTv_ratio,TRUTH.TOTAL.het_hom_ratio,QUERY.TOTAL.het_hom_ratio
INDEL,ALL,9181,8572,609,24426,277,15571,153,78,0.933667,0.9687180000000001,0.637476,0.9508700000000001,,,2.4651886425515364,2.5813001969995453
INDEL,PASS,9181,8572,609,24426,277,15571,153,78,0.933667,0.9687180000000001,0.637476,0.9508700000000001,,,2.4651886425515364,2.5813001969995453
SNP,ALL,78774,77813,961,106412,592,28009,223,80,0.987801,0.992449,0.26321300000000003,0.9901190000000001,2.3307263042191595,2.063339952228841,2.2394290885159593,2.1431104281788365
SNP,PASS,78774,77813,961,106412,592,28009,223,80,0.987801,0.992449,0.26321300000000003,0.9901190000000001,2.3307263042191595,2.063339952228841,2.2394290885159593,2.1431104281788365
