Type,Filter,TRUTH.TOTAL,TRUTH.TP,TRUTH.FN,QUERY.TOTAL,QUERY.FP,QUERY.UNK,FP.gt,FP.al,METRIC.Recall,METRIC.Precision,METRIC.Frac_NA,METRIC.F1_Score,TRUTH.TOTAL.TiTv_ratio,QUERY.TOTAL.TiTv_ratio,TRUTH.TOTAL.het_hom_ratio,QUERY.TOTAL.het_hom_ratio
INDEL,ALL,9181,8989,192,25856,196,16662,64,86,0.979087,0.9786819999999999,0.644415,0.978884,,,2.4651886425515364,2.794508009153318
INDEL,PASS,9181,8989,192,25856,196,16662,64,86,0.979087,0.9786819999999999,0.644415,0.978884,,,2.4651886425515364,2.794508009153318
SNP,ALL,78774,78637,137,105327,180,26514,22,47,0.9982610000000001,0.9977159999999999,0.25173,0.9979879999999999,2.3307263042191595,2.071330709809066,2.2394290885159593,2.0297283296880395
SNP,PASS,78774,78637,137,105327,180,26514,22,47,0.9982610000000001,0.9977159999999999,0.25173,0.9979879999999999,2.3307263042191595,2.071330709809066,2.2394290885159593,2.0297283296880395
