Type,Filter,TRUTH.TOTAL,TRUTH.TP,TRUTH.FN,QUERY.TOTAL,QUERY.FP,QUERY.UNK,FP.gt,METRIC.Recall,METRIC.Precision,METRIC.Frac_NA,METRIC.F1_Score,TRUTH.TOTAL.TiTv_ratio,QUERY.TOTAL.TiTv_ratio,TRUTH.TOTAL.het_hom_ratio,QUERY.TOTAL.het_hom_ratio
INDEL,ALL,9181,9011,170,25955,195,16740,58,0.981483,0.978839,0.644962,0.980159,,,2.46518864255,2.80622046044
INDEL,PASS,9181,9011,170,25955,195,16740,58,0.981483,0.978839,0.644962,0.980159,,,2.46518864255,2.80622046044
SNP,ALL,78774,78648,126,105264,158,26462,17,0.9984,0.997995,0.251387,0.998198,2.33072630422,2.06788450893,2.23942908852,2.01012788602
SNP,PASS,78774,78648,126,105264,158,26462,17,0.9984,0.997995,0.251387,0.998198,2.33072630422,2.06788450893,2.23942908852,2.01012788602
