Type,Filter,TRUTH.TOTAL,TRUTH.TP,TRUTH.FN,QUERY.TOTAL,QUERY.FP,QUERY.UNK,FP.gt,FP.al,METRIC.Recall,METRIC.Precision,METRIC.Frac_NA,METRIC.F1_Score,TRUTH.TOTAL.TiTv_ratio,QUERY.TOTAL.TiTv_ratio,TRUTH.TOTAL.het_hom_ratio,QUERY.TOTAL.het_hom_ratio
INDEL,ALL,9181,8914,267,25524,200,16403,68,89,0.9709180000000001,0.978073,0.64265,0.974482,,,2.4651886425515364,2.7760712640147442
INDEL,PASS,9181,8914,267,25524,200,16403,68,89,0.9709180000000001,0.978073,0.64265,0.974482,,,2.4651886425515364,2.7760712640147442
SNP,ALL,78774,78567,207,105752,269,26920,39,62,0.9973719999999999,0.9965879999999999,0.254558,0.99698,2.3307263042191595,2.069252640129976,2.2394290885159593,2.0832482571536914
SNP,PASS,78774,78567,207,105752,269,26920,39,62,0.9973719999999999,0.9965879999999999,0.254558,0.99698,2.3307263042191595,2.069252640129976,2.2394290885159593,2.0832482571536914
