Type,Filter,TRUTH.TOTAL,TRUTH.TP,TRUTH.FN,QUERY.TOTAL,QUERY.FP,QUERY.UNK,FP.gt,METRIC.Recall,METRIC.Precision,METRIC.Frac_NA,METRIC.F1_Score,TRUTH.TOTAL.TiTv_ratio,QUERY.TOTAL.TiTv_ratio,TRUTH.TOTAL.het_hom_ratio,QUERY.TOTAL.het_hom_ratio
INDEL,ALL,9181,8949,232,25706,203,16545,74,0.97473,0.977841,0.643624,0.976283,,,2.46518864255,2.77728591055
INDEL,PASS,9181,8949,232,25706,203,16545,74,0.97473,0.977841,0.643624,0.976283,,,2.46518864255,2.77728591055
SNP,ALL,78774,78609,165,105485,219,26661,25,0.997905,0.997222,0.252747,0.997563,2.33072630422,2.07211482474,2.23942908852,2.06229851006
SNP,PASS,78774,78609,165,105485,219,26661,25,0.997905,0.997222,0.252747,0.997563,2.33072630422,2.07211482474,2.23942908852,2.06229851006
