Type,Filter,TRUTH.TOTAL,TRUTH.TP,TRUTH.FN,QUERY.TOTAL,QUERY.FP,QUERY.UNK,FP.gt,METRIC.Recall,METRIC.Precision,METRIC.Frac_NA,METRIC.F1_Score,TRUTH.TOTAL.TiTv_ratio,QUERY.TOTAL.TiTv_ratio,TRUTH.TOTAL.het_hom_ratio,QUERY.TOTAL.het_hom_ratio
INDEL,ALL,7625,7361,264,21513,281,13868,99,0.965377,0.963244,0.644633,0.964309,,,1.50168918919,1.85671025465
INDEL,PASS,7625,7361,264,21513,281,13868,99,0.965377,0.963244,0.644633,0.964309,,,1.50168918919,1.85671025465
SNP,ALL,63304,62901,403,84624,286,21438,17,0.993634,0.995474,0.253332,0.994553,2.31615336266,2.04920394784,1.34331728989,1.42512686717
SNP,PASS,63304,62901,403,84624,286,21438,17,0.993634,0.995474,0.253332,0.994553,2.31615336266,2.04920394784,1.34331728989,1.42512686717
