Type,Filter,TRUTH.TOTAL,TRUTH.TP,TRUTH.FN,QUERY.TOTAL,QUERY.FP,QUERY.UNK,FP.gt,METRIC.Recall,METRIC.Precision,METRIC.Frac_NA,METRIC.F1_Score,TRUTH.TOTAL.TiTv_ratio,QUERY.TOTAL.TiTv_ratio,TRUTH.TOTAL.het_hom_ratio,QUERY.TOTAL.het_hom_ratio
INDEL,ALL,7625,7243,382,21146,318,13582,124,0.949902,0.957959,0.642296,0.953913,,,1.50168918919,1.81834482759
INDEL,PASS,7625,7243,382,21146,318,13582,124,0.949902,0.957959,0.642296,0.953913,,,1.50168918919,1.81834482759
SNP,ALL,63304,62861,443,85530,464,22204,69,0.993002,0.992673,0.259605,0.992837,2.31615336266,2.0411630883,1.34331728989,1.4930164747
SNP,PASS,63304,62861,443,85530,464,22204,69,0.993002,0.992673,0.259605,0.992837,2.31615336266,2.0411630883,1.34331728989,1.4930164747
