Type,Filter,TRUTH.TOTAL,TRUTH.TP,TRUTH.FN,QUERY.TOTAL,QUERY.FP,QUERY.UNK,FP.gt,FP.al,METRIC.Recall,METRIC.Precision,METRIC.Frac_NA,METRIC.F1_Score,TRUTH.TOTAL.TiTv_ratio,QUERY.TOTAL.TiTv_ratio,TRUTH.TOTAL.het_hom_ratio,QUERY.TOTAL.het_hom_ratio
INDEL,ALL,7625,7243,382,21146,318,13582,124,124,0.949902,0.957959,0.642296,0.9539129999999999,,,1.5016891891891893,1.8183448275862069
INDEL,PASS,7625,7243,382,21146,318,13582,124,124,0.949902,0.957959,0.642296,0.9539129999999999,,,1.5016891891891893,1.8183448275862069
SNP,ALL,63304,62861,443,85530,464,22204,69,41,0.993002,0.9926729999999999,0.25960500000000003,0.9928370000000001,2.3161533626649904,2.0411630882980236,1.3433172898926324,1.4930164747047674
SNP,PASS,63304,62861,443,85530,464,22204,69,41,0.993002,0.9926729999999999,0.25960500000000003,0.9928370000000001,2.3161533626649904,2.0411630882980236,1.3433172898926324,1.4930164747047674
