Type,Filter,TRUTH.TOTAL,TRUTH.TP,TRUTH.FN,QUERY.TOTAL,QUERY.FP,QUERY.UNK,FP.gt,FP.al,METRIC.Recall,METRIC.Precision,METRIC.Frac_NA,METRIC.F1_Score,TRUTH.TOTAL.TiTv_ratio,QUERY.TOTAL.TiTv_ratio,TRUTH.TOTAL.het_hom_ratio,QUERY.TOTAL.het_hom_ratio
INDEL,ALL,7625,7302,323,21333,307,13720,113,122,0.9576389999999999,0.959674,0.643135,0.958656,,,1.5016891891891893,1.843965755316211
INDEL,PASS,7625,7302,323,21333,307,13720,113,122,0.9576389999999999,0.959674,0.643135,0.958656,,,1.5016891891891893,1.843965755316211
SNP,ALL,63304,62954,350,85235,393,21886,37,38,0.9944709999999999,0.9937959999999999,0.256772,0.994134,2.3161533626649904,2.041778158336009,1.3433172898926324,1.471257033470619
SNP,PASS,63304,62954,350,85235,393,21886,37,38,0.9944709999999999,0.9937959999999999,0.256772,0.994134,2.3161533626649904,2.041778158336009,1.3433172898926324,1.471257033470619
