Type,Filter,TRUTH.TOTAL,TRUTH.TP,TRUTH.FN,QUERY.TOTAL,QUERY.FP,QUERY.UNK,FP.gt,FP.al,METRIC.Recall,METRIC.Precision,METRIC.Frac_NA,METRIC.F1_Score,TRUTH.TOTAL.TiTv_ratio,QUERY.TOTAL.TiTv_ratio,TRUTH.TOTAL.het_hom_ratio,QUERY.TOTAL.het_hom_ratio
INDEL,ALL,7625,6334,1291,18399,424,11640,300,75,0.8306889999999999,0.937269,0.6326430000000001,0.8807659999999999,,,1.5016891891891893,1.4447010869565218
INDEL,PASS,7625,6334,1291,18399,424,11640,300,75,0.8306889999999999,0.937269,0.6326430000000001,0.8807659999999999,,,1.5016891891891893,1.4447010869565218
SNP,ALL,63304,59203,4101,83387,1401,22781,838,71,0.935217,0.976883,0.273196,0.9555959999999999,2.3161533626649904,2.0226860911792417,1.3433172898926324,1.4232971888717696
SNP,PASS,63304,59203,4101,83387,1401,22781,838,71,0.935217,0.976883,0.273196,0.9555959999999999,2.3161533626649904,2.0226860911792417,1.3433172898926324,1.4232971888717696
