Type,Filter,TRUTH.TOTAL,TRUTH.TP,TRUTH.FN,QUERY.TOTAL,QUERY.FP,QUERY.UNK,FP.gt,METRIC.Recall,METRIC.Precision,METRIC.Frac_NA,METRIC.F1_Score,TRUTH.TOTAL.TiTv_ratio,QUERY.TOTAL.TiTv_ratio,TRUTH.TOTAL.het_hom_ratio,QUERY.TOTAL.het_hom_ratio
INDEL,ALL,7625,7169,456,20844,317,13355,134,0.940197,0.957671,0.640712,0.948854,,,1.50168918919,1.77270853374
INDEL,PASS,7625,7169,456,20844,317,13355,134,0.940197,0.957671,0.640712,0.948854,,,1.50168918919,1.77270853374
SNP,ALL,63304,62559,745,85707,599,22548,157,0.988231,0.990516,0.263082,0.989372,2.31615336266,2.03780738431,1.34331728989,1.51006416454
SNP,PASS,63304,62559,745,85707,599,22548,157,0.988231,0.990516,0.263082,0.989372,2.31615336266,2.03780738431,1.34331728989,1.51006416454
