Type,Filter,TRUTH.TOTAL,TRUTH.TP,TRUTH.FN,QUERY.TOTAL,QUERY.FP,QUERY.UNK,FP.gt,FP.al,METRIC.Recall,METRIC.Precision,METRIC.Frac_NA,METRIC.F1_Score,TRUTH.TOTAL.TiTv_ratio,QUERY.TOTAL.TiTv_ratio,TRUTH.TOTAL.het_hom_ratio,QUERY.TOTAL.het_hom_ratio
INDEL,ALL,7625,7361,264,21513,281,13868,99,114,0.965377,0.9632440000000001,0.644633,0.964309,,,1.5016891891891893,1.856710254645561
INDEL,PASS,7625,7361,264,21513,281,13868,99,114,0.965377,0.9632440000000001,0.644633,0.964309,,,1.5016891891891893,1.856710254645561
SNP,ALL,63304,62901,403,84624,286,21438,17,27,0.993634,0.995474,0.253332,0.994553,2.3161533626649904,2.0492039478423743,1.3433172898926324,1.4251268671693569
SNP,PASS,63304,62901,403,84624,286,21438,17,27,0.993634,0.995474,0.253332,0.994553,2.3161533626649904,2.0492039478423743,1.3433172898926324,1.4251268671693569
