Type,Filter,TRUTH.TOTAL,TRUTH.TP,TRUTH.FN,QUERY.TOTAL,QUERY.FP,QUERY.UNK,FP.gt,METRIC.Recall,METRIC.Precision,METRIC.Frac_NA,METRIC.F1_Score,TRUTH.TOTAL.TiTv_ratio,QUERY.TOTAL.TiTv_ratio,TRUTH.TOTAL.het_hom_ratio,QUERY.TOTAL.het_hom_ratio
INDEL,ALL,7625,6922,703,20121,350,12845,192,0.907803,0.951897,0.638388,0.929327,,,1.50168918919,1.67835136245
INDEL,PASS,7625,6922,703,20121,350,12845,192,0.907803,0.951897,0.638388,0.929327,,,1.50168918919,1.67835136245
SNP,ALL,63304,61854,1450,85611,837,22919,338,0.977095,0.986649,0.267711,0.981849,2.31615336266,2.03057649432,1.34331728989,1.50901521593
SNP,PASS,63304,61854,1450,85611,837,22919,338,0.977095,0.986649,0.267711,0.981849,2.31615336266,2.03057649432,1.34331728989,1.50901521593
