Type,Filter,TRUTH.TOTAL,TRUTH.TP,TRUTH.FN,QUERY.TOTAL,QUERY.FP,QUERY.UNK,FP.gt,METRIC.Recall,METRIC.Precision,METRIC.Frac_NA,METRIC.F1_Score,TRUTH.TOTAL.TiTv_ratio,QUERY.TOTAL.TiTv_ratio,TRUTH.TOTAL.het_hom_ratio,QUERY.TOTAL.het_hom_ratio
INDEL,ALL,7625,6334,1291,18399,424,11640,300,0.830689,0.937269,0.632643,0.880766,,,1.50168918919,1.44470108696
INDEL,PASS,7625,6334,1291,18399,424,11640,300,0.830689,0.937269,0.632643,0.880766,,,1.50168918919,1.44470108696
SNP,ALL,63304,59203,4101,83387,1401,22781,838,0.935217,0.976883,0.273196,0.955596,2.31615336266,2.02268609118,1.34331728989,1.42329718887
SNP,PASS,63304,59203,4101,83387,1401,22781,838,0.935217,0.976883,0.273196,0.955596,2.31615336266,2.02268609118,1.34331728989,1.42329718887
