Type,Filter,TRUTH.TOTAL,TRUTH.TP,TRUTH.FN,QUERY.TOTAL,QUERY.FP,QUERY.UNK,FP.gt,FP.al,METRIC.Recall,METRIC.Precision,METRIC.Frac_NA,METRIC.F1_Score,TRUTH.TOTAL.TiTv_ratio,QUERY.TOTAL.TiTv_ratio,TRUTH.TOTAL.het_hom_ratio,QUERY.TOTAL.het_hom_ratio
INDEL,ALL,7625,7343,282,21435,298,13792,103,122,0.963016,0.96101,0.6434340000000001,0.9620120000000001,,,1.5016891891891893,1.8476046255506609
INDEL,PASS,7625,7343,282,21435,298,13792,103,122,0.963016,0.96101,0.6434340000000001,0.9620120000000001,,,1.5016891891891893,1.8476046255506609
SNP,ALL,63304,62949,355,84820,323,21548,20,36,0.994392,0.9948950000000001,0.254044,0.9946440000000001,2.3161533626649904,2.049308176100629,1.3433172898926324,1.4439479980398375
SNP,PASS,63304,62949,355,84820,323,21548,20,36,0.994392,0.9948950000000001,0.254044,0.9946440000000001,2.3161533626649904,2.049308176100629,1.3433172898926324,1.4439479980398375
