Type,Filter,TRUTH.TOTAL,TRUTH.TP,TRUTH.FN,QUERY.TOTAL,QUERY.FP,QUERY.UNK,FP.gt,FP.al,METRIC.Recall,METRIC.Precision,METRIC.Frac_NA,METRIC.F1_Score,TRUTH.TOTAL.TiTv_ratio,QUERY.TOTAL.TiTv_ratio,TRUTH.TOTAL.het_hom_ratio,QUERY.TOTAL.het_hom_ratio
INDEL,ALL,7625,7169,456,20844,317,13355,134,116,0.940197,0.9576709999999999,0.640712,0.9488540000000001,,,1.5016891891891893,1.77270853373643
INDEL,PASS,7625,7169,456,20844,317,13355,134,116,0.940197,0.9576709999999999,0.640712,0.9488540000000001,,,1.5016891891891893,1.77270853373643
SNP,ALL,63304,62559,745,85707,599,22548,157,48,0.988231,0.990516,0.26308200000000004,0.9893719999999999,2.3161533626649904,2.0378073843101125,1.3433172898926324,1.510064164542498
SNP,PASS,63304,62559,745,85707,599,22548,157,48,0.988231,0.990516,0.26308200000000004,0.9893719999999999,2.3161533626649904,2.0378073843101125,1.3433172898926324,1.510064164542498
