Type,Filter,TRUTH.TOTAL,TRUTH.TP,TRUTH.FN,QUERY.TOTAL,QUERY.FP,QUERY.UNK,FP.gt,FP.al,METRIC.Recall,METRIC.Precision,METRIC.Frac_NA,METRIC.F1_Score,TRUTH.TOTAL.TiTv_ratio,QUERY.TOTAL.TiTv_ratio,TRUTH.TOTAL.het_hom_ratio,QUERY.TOTAL.het_hom_ratio
INDEL,ALL,7625,6922,703,20121,350,12845,192,96,0.907803,0.9518969999999999,0.638388,0.929327,,,1.5016891891891893,1.678351362453786
INDEL,PASS,7625,6922,703,20121,350,12845,192,96,0.907803,0.9518969999999999,0.638388,0.929327,,,1.5016891891891893,1.678351362453786
SNP,ALL,63304,61854,1450,85611,837,22919,338,51,0.977095,0.986649,0.26771100000000003,0.981849,2.3161533626649904,2.0305764943199915,1.3433172898926324,1.5090152159254155
SNP,PASS,63304,61854,1450,85611,837,22919,338,51,0.977095,0.986649,0.26771100000000003,0.981849,2.3161533626649904,2.0305764943199915,1.3433172898926324,1.5090152159254155
