Type,Filter,TRUTH.TOTAL,TRUTH.TP,TRUTH.FN,QUERY.TOTAL,QUERY.FP,QUERY.UNK,FP.gt,METRIC.Recall,METRIC.Precision,METRIC.Frac_NA,METRIC.F1_Score,TRUTH.TOTAL.TiTv_ratio,QUERY.TOTAL.TiTv_ratio,TRUTH.TOTAL.het_hom_ratio,QUERY.TOTAL.het_hom_ratio
INDEL,ALL,7625,7343,282,21435,298,13792,103,0.963016,0.96101,0.643434,0.962012,,,1.50168918919,1.84760462555
INDEL,PASS,7625,7343,282,21435,298,13792,103,0.963016,0.96101,0.643434,0.962012,,,1.50168918919,1.84760462555
SNP,ALL,63304,62949,355,84820,323,21548,20,0.994392,0.994895,0.254044,0.994644,2.31615336266,2.0493081761,1.34331728989,1.44394799804
SNP,PASS,63304,62949,355,84820,323,21548,20,0.994392,0.994895,0.254044,0.994644,2.31615336266,2.0493081761,1.34331728989,1.44394799804
