chr1	-153	0	0.0	nan
chr1	-152	0	0.0	nan
chr1	-151	0	0.0	nan
chr1	-150	0	0.0	nan
chr1	-149	0	0.0	nan
chr1	-148	0	0.0	nan
chr1	-147	0	0.0	nan
chr1	-146	0	0.0	nan
chr1	-145	0	0.0	nan
chr1	-144	0	0.0	nan
chr1	-143	0	0.0	nan
chr1	-142	0	0.0	nan
chr1	-141	0	0.0	nan
chr1	-140	0	0.0	nan
chr1	-139	0	1.0	0.0
chr1	-138	0	1.0	0.0
chr1	-137	0	1.0	0.0
chr1	-136	0	1.0	0.0
chr1	-135	0	3.0	0.0
chr1	-134	0	4.0	0.0
chr1	-133	0	5.0	0.0
chr1	-132	0	5.0	0.0
chr1	-131	0	5.0	0.0
chr1	-130	0	7.0	0.0
chr1	-129	0	7.0	0.0
chr1	-128	0	8.0	0.0
chr1	-127	0	8.0	0.0
chr1	-126	0	8.0	0.0
chr1	-125	0	15.0	0.0
chr1	-124	0	38.0	0.0
chr1	-123	0	93.0	0.0
chr1	-122	0	144.0	0.0
chr1	-121	0	219.0	0.0
chr1	-120	0	305.0	0.0
chr1	-119	0	409.0	0.0
chr1	-118	1	516.0	0.1937984496124031
chr1	-117	1	648.0	0.15432098765432098
chr1	-116	1	808.0	0.12376237623762376
chr1	-115	4	1000.0	0.4
chr1	-114	3	1221.0	0.2457002457002457
chr1	-113	2	1473.0	0.1357773251866938
chr1	-112	1	1758.0	0.05688282138794084
chr1	-111	5	2114.0	0.23651844843897823
chr1	-110	8	2502.0	0.31974420463629094
chr1	-109	6	2909.0	0.2062564455139223
chr1	-108	5	3306.0	0.1512401693889897
chr1	-107	8	3740.0	0.21390374331550802
chr1	-106	9	4193.0	0.21464345337467208
chr1	-105	15	4642.0	0.3231365790607497
chr1	-104	10	5130.0	0.1949317738791423
chr1	-103	11	5635.0	0.19520851818988466
chr1	-102	17	6179.0	0.27512542482602365
chr1	-101	11	6731.0	0.16342296835537068
chr1	-100	19	7290.0	0.2606310013717421
chr1	-99	23	7921.0	0.29036737785633127
chr1	-98	12	8591.0	0.13968106157606797
chr1	-97	25	9257.0	0.27006589607864323
chr1	-96	38	9946.0	0.38206314096119043
chr1	-95	13	10650.0	0.12206572769953052
chr1	-94	24	11330.0	0.2118270079435128
chr1	-93	17	12045.0	0.141137401411374
chr1	-92	45	12788.0	0.3518923991241789
chr1	-91	23	13569.0	0.16950401650821725
chr1	-90	27	14384.0	0.18770856507230255
chr1	-89	56	15121.0	0.37034587659546325
chr1	-88	57	15901.0	0.35846802087919
chr1	-87	50	16694.0	0.29950880555888343
chr1	-86	61	17489.0	0.34879066842014983
chr1	-85	53	18246.0	0.29047462457524936
chr1	-84	62	19038.0	0.325664460552579
chr1	-83	47	19799.0	0.23738572655184606
chr1	-82	75	20552.0	0.36492798754379135
chr1	-81	46	21315.0	0.21581046211588084
chr1	-80	63	22068.0	0.28548123980424145
chr1	-79	77	22828.0	0.3373050639565446
chr1	-78	71	23573.0	0.30119204174267167
chr1	-77	75	24387.0	0.30754090294009107
chr1	-76	104	25166.0	0.4132559802908687
chr1	-75	86	25940.0	0.3315343099460293
chr1	-74	92	26772.0	0.3436426116838488
chr1	-73	88	27571.0	0.31917594574008923
chr1	-72	73	28319.0	0.25777746389349904
chr1	-71	119	29067.0	0.4093989747823993
chr1	-70	123	29844.0	0.41214314435062327
chr1	-69	86	30606.0	0.28099065542704044
chr1	-68	91	31340.0	0.29036375239310785
chr1	-67	106	32132.0	0.3298892070210382
chr1	-66	73	32872.0	0.2220734972012655
chr1	-65	101	33634.0	0.3002913718261283
chr1	-64	95	34377.0	0.2763475579602641
chr1	-63	81	35117.0	0.23065751630264542
chr1	-62	67	35895.0	0.18665552305335004
chr1	-61	123	36661.0	0.33550639644308666
chr1	-60	107	37420.0	0.2859433458043827
chr1	-59	120	38213.0	0.314029257059116
chr1	-58	171	38963.0	0.4388779098118728
chr1	-57	156	39718.0	0.3927690216022962
chr1	-56	117	40461.0	0.2891673463335063
chr1	-55	137	41183.0	0.33266153509943425
chr1	-54	132	41984.0	0.3144054878048781
chr1	-53	116	42764.0	0.2712561968010476
chr1	-52	184	43538.0	0.42261932105287336
chr1	-51	155	44291.0	0.3499582307918087
chr1	-50	149	45073.0	0.3305748452510372
chr1	-49	150	45916.0	0.3266835090164648
chr1	-48	131	46653.0	0.28079651898055863
chr1	-47	201	47430.0	0.4237824161922834
chr1	-46	147	48231.0	0.30478323070224544
chr1	-45	111	48990.0	0.226576852418861
chr1	-44	170	49718.0	0.3419284766080695
chr1	-43	119	50492.0	0.23568089994454566
chr1	-42	136	51281.0	0.2652054367114526
chr1	-41	193	52045.0	0.3708329330387165
chr1	-40	225	52829.0	0.42590243994775595
chr1	-39	186	53596.0	0.34704082394208524
chr1	-38	141	54371.0	0.2593294219344871
chr1	-37	198	55102.0	0.35933359950637
chr1	-36	268	55907.0	0.4793675210617633
chr1	-35	157	56630.0	0.27723821296132795
chr1	-34	241	57374.0	0.4200508941332311
chr1	-33	196	58114.0	0.33726812816188867
chr1	-32	205	58848.0	0.34835508428493744
chr1	-31	209	59678.0	0.3502128087402393
chr1	-30	192	60466.0	0.31753382065954416
chr1	-29	199	61217.0	0.3250731006093079
chr1	-28	215	61987.0	0.34684691951538227
chr1	-27	240	62782.0	0.38227517441304837
chr1	-26	194	63509.0	0.30546851627328414
chr1	-25	258	64264.0	0.40146894061994276
chr1	-24	251	65022.0	0.38602319215034914
chr1	-23	231	65782.0	0.3511598917637043
chr1	-22	235	66556.0	0.3530861229641204
chr1	-21	264	67345.0	0.39201128517336103
chr1	-20	228	68057.0	0.33501329767694726
chr1	-19	220	68773.0	0.3198929812571794
chr1	-18	253	69538.0	0.36382984842819754
chr1	-17	193	70252.0	0.27472527472527475
chr1	-16	250	70960.0	0.3523111612175874
chr1	-15	317	71707.0	0.44207678469326567
chr1	-14	266	72397.0	0.36741853944224206
chr1	-13	224	73134.0	0.30628708945223837
chr1	-12	242	73865.0	0.3276247207743857
chr1	-11	238	74599.0	0.3190391292108473
chr1	-10	230	75326.0	0.30533945782332794
chr1	-9	240	75332.0	0.3185897095523815
chr1	-8	260	75307.0	0.3452534292960814
chr1	-7	259	75307.0	0.34392553149109645
chr1	-6	227	75308.0	0.30142879906517234
chr1	-5	340	75334.0	0.45132343961557864
chr1	-4	290	75337.0	0.3849370163399127
chr1	-3	295	75318.0	0.39167264133407687
chr1	-2	272	75356.0	0.3609533414724773
chr1	-1	353	75350.0	0.4684804246848043
chr1	0	1264	73165.0	1.7276019954896467
chr1	1	623	72375.0	0.8607944732297065
chr1	2	516	71507.0	0.7216076747730992
chr1	3	579	70786.0	0.817958353346707
chr1	4	504	70067.0	0.7193115161202849
chr1	5	426	69295.0	0.614762969911249
chr1	6	528	68511.0	0.7706791610106406
chr1	7	411	67764.0	0.6065167345493182
chr1	8	457	67062.0	0.6814589484357758
chr1	9	445	66302.0	0.6711713070495612
chr1	10	422	65510.0	0.6441764616089146
chr1	11	459	64792.0	0.7084207926904557
chr1	12	362	64026.0	0.5653953081560615
chr1	13	399	63208.0	0.631249208960891
chr1	14	389	62470.0	0.6226988954698256
chr1	15	492	61689.0	0.7975489957690998
chr1	16	371	60925.0	0.6089454247025031
chr1	17	408	60161.0	0.678180216419275
chr1	18	395	59334.0	0.6657228570465501
chr1	19	356	58508.0	0.6084637998222465
chr1	20	387	57709.0	0.6706059713389593
chr1	21	405	56959.0	0.7110377640056883
chr1	22	339	56149.0	0.6037507346524427
chr1	23	383	55373.0	0.6916728369421921
chr1	24	356	54640.0	0.6515373352855052
chr1	25	303	53861.0	0.5625591801117692
chr1	26	364	53098.0	0.6855248785264982
chr1	27	300	52362.0	0.5729345708720064
chr1	28	361	51571.0	0.7000058172228578
chr1	29	319	50813.0	0.6277921004467361
chr1	30	383	50028.0	0.7655712800831534
chr1	31	308	49318.0	0.6245184314043554
chr1	32	339	48541.0	0.6983786901794359
chr1	33	335	47716.0	0.7020705842903848
chr1	34	299	47012.0	0.6360078277886496
chr1	35	298	46262.0	0.6441571916475726
chr1	36	330	45506.0	0.7251790972618996
chr1	37	263	44725.0	0.5880380100614869
chr1	38	303	43999.0	0.6886520148185186
chr1	39	305	43242.0	0.7053327783173766
chr1	40	281	42483.0	0.6614410470070381
chr1	41	269	41722.0	0.6447437802598149
chr1	42	224	40999.0	0.5463547891411986
chr1	43	217	40261.0	0.538983135043839
chr1	44	259	39506.0	0.6555966182352048
chr1	45	223	38731.0	0.5757661821280111
chr1	46	224	37988.0	0.5896598925976624
chr1	47	185	37242.0	0.49675098007625795
chr1	48	245	36525.0	0.6707734428473648
chr1	49	258	35722.0	0.7222439952970159
chr1	50	246	34981.0	0.7032389011177497
chr1	51	258	34189.0	0.7546286817397408
chr1	52	174	33437.0	0.5203816131830009
chr1	53	233	32656.0	0.7134982851543361
chr1	54	213	31913.0	0.6674396014163507
chr1	55	181	31201.0	0.5801096118714144
chr1	56	201	30497.0	0.6590812211037151
chr1	57	251	29768.0	0.8431873152378392
chr1	58	173	29002.0	0.5965105854768638
chr1	59	203	28185.0	0.7202412630832002
chr1	60	191	27448.0	0.6958612649373361
chr1	61	169	26700.0	0.6329588014981273
chr1	62	144	25900.0	0.555984555984556
chr1	63	162	25184.0	0.6432655654383735
chr1	64	139	24431.0	0.5689492857435227
chr1	65	178	23653.0	0.7525472455925253
chr1	66	156	22885.0	0.6816692156434345
chr1	67	116	22128.0	0.5242227042660882
chr1	68	111	21367.0	0.5194926756212852
chr1	69	135	20636.0	0.6541965497189378
chr1	70	152	19880.0	0.7645875251509054
chr1	71	122	19084.0	0.6392789771536366
chr1	72	116	18319.0	0.6332223374638354
chr1	73	109	17567.0	0.6204815847896624
chr1	74	92	16846.0	0.5461237088923186
chr1	75	111	16073.0	0.6905991414172837
chr1	76	86	15338.0	0.5606989177206937
chr1	77	81	14590.0	0.5551747772446882
chr1	78	101	13877.0	0.7278230165021258
chr1	79	93	13104.0	0.7097069597069597
chr1	80	70	12366.0	0.5660682516577713
chr1	81	72	11663.0	0.6173368773042957
chr1	82	74	10969.0	0.6746284984957608
chr1	83	53	10269.0	0.5161164670367124
chr1	84	86	9607.0	0.8951805974810035
chr1	85	61	8973.0	0.6798172294661763
chr1	86	51	8335.0	0.611877624475105
chr1	87	57	7688.0	0.7414151925078044
chr1	88	65	7122.0	0.9126649817467004
chr1	89	44	6519.0	0.6749501457278724
chr1	90	39	5939.0	0.6566762081158444
chr1	91	32	5402.0	0.5923731951129212
chr1	92	23	4956.0	0.4640839386602098
chr1	93	41	4446.0	0.9221772379667117
chr1	94	21	3978.0	0.5279034690799397
chr1	95	19	3483.0	0.5455067470571346
chr1	96	22	3093.0	0.7112835434852893
chr1	97	10	2741.0	0.36483035388544327
chr1	98	18	2393.0	0.7521938988717092
chr1	99	11	2063.0	0.5332040717401841
chr1	100	17	1741.0	0.9764503159103963
chr1	101	10	1452.0	0.6887052341597797
chr1	102	6	1183.0	0.5071851225697379
chr1	103	6	953.0	0.6295907660020986
chr1	104	5	777.0	0.6435006435006435
chr1	105	2	614.0	0.32573289902280134
chr1	106	2	492.0	0.40650406504065045
chr1	107	2	363.0	0.5509641873278237
chr1	108	3	278.0	1.079136690647482
chr1	109	1	203.0	0.49261083743842365
chr1	110	4	146.0	2.73972602739726
chr1	111	0	81.0	0.0
chr1	112	0	41.0	0.0
chr1	113	0	14.0	0.0
chr1	114	0	0.0	nan
chr1	115	0	0.0	nan
chr1	116	0	0.0	nan
chr1	117	0	0.0	nan
chr1	118	0	0.0	nan
chr1	119	0	0.0	nan
chr1	120	0	0.0	nan
chr1	121	0	0.0	nan
chr1	122	0	0.0	nan
chr1	123	0	0.0	nan
chr1	124	0	0.0	nan
chr1	125	0	0.0	nan
chr1	126	0	0.0	nan
chr1	127	0	0.0	nan
chr1	128	0	0.0	nan
chr1	129	0	0.0	nan
chr1	130	0	0.0	nan
chr1	131	0	0.0	nan
chr1	132	0	0.0	nan
chr1	133	0	0.0	nan
chr1	134	0	0.0	nan
chr1	135	0	0.0	nan
chr1	136	0	0.0	nan
chr1	137	0	0.0	nan
chr1	138	0	0.0	nan
chr2	-141	0	0.0	nan
chr2	-140	0	0.0	nan
chr2	-139	0	1.0	0.0
chr2	-138	0	1.0	0.0
chr2	-137	0	1.0	0.0
chr2	-136	0	1.0	0.0
chr2	-135	0	1.0	0.0
chr2	-134	0	1.0	0.0
chr2	-133	0	2.0	0.0
chr2	-132	0	2.0	0.0
chr2	-131	0	2.0	0.0
chr2	-130	0	2.0	0.0
chr2	-129	0	2.0	0.0
chr2	-128	0	2.0	0.0
chr2	-127	0	2.0	0.0
chr2	-126	0	7.0	0.0
chr2	-125	0	12.0	0.0
chr2	-124	0	30.0	0.0
chr2	-123	0	54.0	0.0
chr2	-122	0	82.0	0.0
chr2	-121	0	107.0	0.0
chr2	-120	0	156.0	0.0
chr2	-119	1	199.0	0.5025125628140703
chr2	-118	1	256.0	0.390625
chr2	-117	1	343.0	0.2915451895043732
chr2	-116	2	438.0	0.45662100456621
chr2	-115	2	523.0	0.3824091778202677
chr2	-114	3	635.0	0.47244094488188976
chr2	-113	1	744.0	0.13440860215053765
chr2	-112	0	907.0	0.0
chr2	-111	1	1082.0	0.09242144177449169
chr2	-110	8	1271.0	0.6294256490952006
chr2	-109	1	1471.0	0.06798096532970768
chr2	-108	1	1662.0	0.060168471720818295
chr2	-107	12	1875.0	0.64
chr2	-106	1	2083.0	0.04800768122899664
chr2	-105	4	2290.0	0.17467248908296942
chr2	-104	10	2546.0	0.3927729772191673
chr2	-103	9	2756.0	0.3265602322206096
chr2	-102	1	3007.0	0.03325573661456601
chr2	-101	1	3296.0	0.030339805825242715
chr2	-100	9	3596.0	0.25027808676307006
chr2	-99	7	3884.0	0.18022657054582905
chr2	-98	1	4191.0	0.023860653781913623
chr2	-97	11	4489.0	0.24504343951882382
chr2	-96	9	4823.0	0.18660584698320545
chr2	-95	21	5146.0	0.40808394869801784
chr2	-94	13	5479.0	0.23726957473991606
chr2	-93	13	5817.0	0.22348289496303939
chr2	-92	6	6116.0	0.09810333551340746
chr2	-91	7	6463.0	0.10830883490639022
chr2	-90	16	6788.0	0.2357100766057749
chr2	-89	18	7123.0	0.25270251298610136
chr2	-88	19	7467.0	0.2544529262086514
chr2	-87	21	7815.0	0.2687140115163148
chr2	-86	20	8155.0	0.2452483139178418
chr2	-85	7	8483.0	0.08251797713073206
chr2	-84	35	8821.0	0.39678041038431017
chr2	-83	19	9153.0	0.20758221348191852
chr2	-82	21	9480.0	0.22151898734177217
chr2	-81	16	9826.0	0.1628332994097293
chr2	-80	30	10135.0	0.2960039467192896
chr2	-79	32	10473.0	0.30554759858684233
chr2	-78	24	10810.0	0.22201665124884368
chr2	-77	38	11159.0	0.34053230576216503
chr2	-76	13	11500.0	0.11304347826086955
chr2	-75	22	11847.0	0.18570102135561745
chr2	-74	29	12192.0	0.23786089238845143
chr2	-73	26	12521.0	0.20765114607459467
chr2	-72	21	12868.0	0.1631955237799192
chr2	-71	20	13222.0	0.15126304643775526
chr2	-70	29	13548.0	0.2140537348686153
chr2	-69	23	13895.0	0.16552716804605974
chr2	-68	56	14213.0	0.394005487933582
chr2	-67	41	14534.0	0.2820971515068116
chr2	-66	33	14845.0	0.2222970697204446
chr2	-65	40	15183.0	0.26345254561022197
chr2	-64	76	15556.0	0.4885574697865775
chr2	-63	60	15879.0	0.3778575477045154
chr2	-62	33	16247.0	0.2031144211238998
chr2	-61	72	16558.0	0.43483512501509847
chr2	-60	46	16890.0	0.27235050325636473
chr2	-59	29	17221.0	0.16839904767435107
chr2	-58	49	17559.0	0.27905917193462043
chr2	-57	46	17917.0	0.25673940949935814
chr2	-56	36	18276.0	0.1969796454366382
chr2	-55	39	18634.0	0.20929483739401097
chr2	-54	48	19007.0	0.2525385384332088
chr2	-53	43	19362.0	0.22208449540336742
chr2	-52	36	19724.0	0.18251875887243968
chr2	-51	70	20053.0	0.34907495137884603
chr2	-50	69	20397.0	0.33828504191792913
chr2	-49	67	20741.0	0.3230316763897594
chr2	-48	37	21079.0	0.1755301484890175
chr2	-47	55	21424.0	0.2567214339058999
chr2	-46	95	21745.0	0.4368820418487009
chr2	-45	65	22105.0	0.29405111965618635
chr2	-44	50	22463.0	0.2225882562436006
chr2	-43	41	22826.0	0.17961973188469288
chr2	-42	60	23155.0	0.259123299503347
chr2	-41	71	23529.0	0.30175528071741253
chr2	-40	49	23882.0	0.20517544594255088
chr2	-39	72	24222.0	0.2972504334902155
chr2	-38	73	24550.0	0.2973523421588595
chr2	-37	57	24875.0	0.22914572864321608
chr2	-36	93	25214.0	0.36884270643293404
chr2	-35	64	25585.0	0.2501465702560094
chr2	-34	62	25944.0	0.2389762565525748
chr2	-33	64	26244.0	0.24386526444139614
chr2	-32	62	26581.0	0.2332493134193597
chr2	-31	55	26905.0	0.20442296970823265
chr2	-30	71	27247.0	0.26057914632803614
chr2	-29	52	27601.0	0.1883989710517735
chr2	-28	72	27943.0	0.2576673943384748
chr2	-27	53	28274.0	0.18745136874867369
chr2	-26	75	28627.0	0.2619904286163412
chr2	-25	87	28987.0	0.3001345430710318
chr2	-24	69	29312.0	0.2353984716157205
chr2	-23	70	29635.0	0.2362071874472752
chr2	-22	91	29976.0	0.30357619428876437
chr2	-21	77	30295.0	0.2541673543489025
chr2	-20	51	30621.0	0.16655236602331733
chr2	-19	84	30939.0	0.2715019877824105
chr2	-18	116	31262.0	0.3710575139146568
chr2	-17	91	31565.0	0.2882939965151275
chr2	-16	93	31854.0	0.29195705405914485
chr2	-15	73	32169.0	0.22692654418850444
chr2	-14	90	32489.0	0.2770168364677275
chr2	-13	82	32838.0	0.24971070101711432
chr2	-12	55	33139.0	0.16596759105585562
chr2	-11	99	33494.0	0.2955753269242252
chr2	-10	95	33840.0	0.28073286052009455
chr2	-9	97	33862.0	0.28645679522768885
chr2	-8	121	33861.0	0.357343256253507
chr2	-7	125	33864.0	0.36912355303567207
chr2	-6	77	33863.0	0.22738682337654667
chr2	-5	69	33864.0	0.203756201275691
chr2	-4	107	33850.0	0.3161004431314623
chr2	-3	92	33847.0	0.2718113865335185
chr2	-2	149	33858.0	0.44007324709079093
chr2	-1	156	33858.0	0.4607478291688818
chr2	0	621	32808.0	1.8928310168251645
chr2	1	302	32477.0	0.9298888444129692
chr2	2	183	32117.0	0.569791699100165
chr2	3	292	31772.0	0.9190482185572202
chr2	4	215	31447.0	0.6836900181257354
chr2	5	210	31121.0	0.6747855146042865
chr2	6	261	30782.0	0.8478981222792541
chr2	7	189	30412.0	0.6214652111008813
chr2	8	228	30079.0	0.7580039230027594
chr2	9	173	29747.0	0.5815712508824419
chr2	10	199	29425.0	0.6762956669498725
chr2	11	169	29101.0	0.5807360571801656
chr2	12	181	28734.0	0.6299157792162595
chr2	13	156	28368.0	0.5499153976311337
chr2	14	165	28055.0	0.5881304580288719
chr2	15	163	27720.0	0.588023088023088
chr2	16	146	27392.0	0.5330023364485981
chr2	17	170	27079.0	0.627792754533033
chr2	18	159	26728.0	0.5948817719245735
chr2	19	118	26387.0	0.44718990411945275
chr2	20	118	26031.0	0.453305674004072
chr2	21	142	25665.0	0.5532826806935515
chr2	22	170	25338.0	0.6709290393874813
chr2	23	147	25017.0	0.5876004317064396
chr2	24	153	24641.0	0.6209163589140051
chr2	25	151	24306.0	0.6212457829342549
chr2	26	112	23966.0	0.46732871568054746
chr2	27	182	23620.0	0.7705334462320068
chr2	28	178	23282.0	0.7645391289408127
chr2	29	136	22953.0	0.5925151396331634
chr2	30	149	22609.0	0.6590295899862887
chr2	31	123	22307.0	0.5513964226475994
chr2	32	163	21976.0	0.7417182380779032
chr2	33	111	21639.0	0.5129627062248718
chr2	34	132	21293.0	0.6199220401070775
chr2	35	140	20937.0	0.6686726847208292
chr2	36	149	20597.0	0.7234063213089285
chr2	37	127	20250.0	0.6271604938271604
chr2	38	168	19919.0	0.8434158341282192
chr2	39	134	19567.0	0.6848264935861399
chr2	40	140	19218.0	0.7284837131855553
chr2	41	108	18864.0	0.5725190839694656
chr2	42	112	18530.0	0.6044252563410685
chr2	43	142	18203.0	0.7800911937592705
chr2	44	119	17860.0	0.6662933930571108
chr2	45	165	17518.0	0.9418883434181985
chr2	46	112	17204.0	0.6510113926993722
chr2	47	100	16859.0	0.5931549913992527
chr2	48	90	16528.0	0.5445304937076476
chr2	49	116	16204.0	0.715872624043446
chr2	50	97	15870.0	0.6112161310649024
chr2	51	89	15519.0	0.5734905599587602
chr2	52	88	15203.0	0.5788331250411103
chr2	53	100	14872.0	0.6724045185583647
chr2	54	86	14545.0	0.5912684771399107
chr2	55	104	14208.0	0.7319819819819819
chr2	56	95	13857.0	0.6855740780832792
chr2	57	79	13506.0	0.5849252184214423
chr2	58	87	13177.0	0.6602413295894362
chr2	59	73	12844.0	0.5683587667393335
chr2	60	105	12511.0	0.8392614499240667
chr2	61	61	12188.0	0.5004922874958976
chr2	62	82	11829.0	0.6932115986135767
chr2	63	96	11488.0	0.8356545961002786
chr2	64	62	11139.0	0.5566029266540982
chr2	65	74	10792.0	0.6856931060044478
chr2	66	78	10444.0	0.746840291076216
chr2	67	71	10104.0	0.7026920031670625
chr2	68	58	9753.0	0.5946888136983493
chr2	69	69	9430.0	0.7317073170731708
chr2	70	40	9121.0	0.4385484047801776
chr2	71	60	8788.0	0.6827492034592627
chr2	72	47	8445.0	0.556542332741267
chr2	73	40	8114.0	0.4929751047572098
chr2	74	41	7779.0	0.5270600334233192
chr2	75	45	7453.0	0.6037837112572119
chr2	76	64	7113.0	0.8997610009841136
chr2	77	40	6797.0	0.5884949242312785
chr2	78	30	6440.0	0.4658385093167702
chr2	79	28	6103.0	0.45879075864329016
chr2	80	29	5764.0	0.5031228313671062
chr2	81	38	5429.0	0.6999447412046418
chr2	82	38	5130.0	0.7407407407407408
chr2	83	31	4823.0	0.6427534729421522
chr2	84	29	4531.0	0.640035312293092
chr2	85	33	4258.0	0.7750117426021605
chr2	86	22	3980.0	0.5527638190954774
chr2	87	27	3687.0	0.7323026851098454
chr2	88	20	3428.0	0.5834305717619603
chr2	89	21	3141.0	0.6685768863419294
chr2	90	15	2871.0	0.522466039707419
chr2	91	12	2635.0	0.45540796963946867
chr2	92	11	2395.0	0.4592901878914405
chr2	93	13	2198.0	0.5914467697907189
chr2	94	8	1973.0	0.40547389761784086
chr2	95	14	1789.0	0.7825600894354388
chr2	96	11	1591.0	0.6913890634820867
chr2	97	5	1401.0	0.35688793718772305
chr2	98	5	1203.0	0.41562759767248547
chr2	99	11	1044.0	1.053639846743295
chr2	100	6	892.0	0.672645739910314
chr2	101	3	723.0	0.4149377593360996
chr2	102	3	608.0	0.4934210526315789
chr2	103	5	504.0	0.992063492063492
chr2	104	4	429.0	0.9324009324009324
chr2	105	1	347.0	0.2881844380403458
chr2	106	5	276.0	1.8115942028985508
chr2	107	0	220.0	0.0
chr2	108	0	154.0	0.0
chr2	109	0	113.0	0.0
chr2	110	0	73.0	0.0
chr2	111	0	47.0	0.0
chr2	112	0	25.0	0.0
chr2	113	0	7.0	0.0
chr2	114	0	2.0	0.0
chr2	115	0	0.0	nan
chr2	116	0	0.0	nan
chr2	117	0	0.0	nan
chr2	118	0	0.0	nan
chr2	119	0	0.0	nan
chr2	120	0	0.0	nan
chr2	121	0	0.0	nan
chr2	122	0	0.0	nan
chr2	123	0	0.0	nan
chr2	124	0	0.0	nan
chr2	125	0	0.0	nan
chr2	126	0	0.0	nan
chr2	127	0	0.0	nan
chr2	128	0	0.0	nan
chr2	129	0	0.0	nan
chr2	130	0	0.0	nan
chr2	131	0	0.0	nan
chr2	132	0	0.0	nan
chr2	133	0	0.0	nan
chr2	134	0	0.0	nan
chr2	135	0	0.0	nan
chr2	136	0	0.0	nan
chr2	137	0	0.0	nan
chr2	138	0	0.0	nan
chr3	-131	0	1.0	0.0
chr3	-130	0	1.0	0.0
chr3	-129	0	1.0	0.0
chr3	-128	0	1.0	0.0
chr3	-127	0	1.0	0.0
chr3	-126	0	1.0	0.0
chr3	-125	0	3.0	0.0
chr3	-124	0	10.0	0.0
chr3	-123	0	18.0	0.0
chr3	-122	0	35.0	0.0
chr3	-121	0	53.0	0.0
chr3	-120	0	71.0	0.0
chr3	-119	0	94.0	0.0
chr3	-118	0	128.0	0.0
chr3	-117	1	163.0	0.6134969325153374
chr3	-116	1	201.0	0.4975124378109453
chr3	-115	0	247.0	0.0
chr3	-114	0	306.0	0.0
chr3	-113	1	368.0	0.2717391304347826
chr3	-112	0	430.0	0.0
chr3	-111	0	496.0	0.0
chr3	-110	5	571.0	0.8756567425569177
chr3	-109	0	638.0	0.0
chr3	-108	1	738.0	0.13550135501355012
chr3	-107	1	848.0	0.1179245283018868
chr3	-106	0	939.0	0.0
chr3	-105	3	1035.0	0.2898550724637681
chr3	-104	3	1134.0	0.26455026455026454
chr3	-103	0	1237.0	0.0
chr3	-102	2	1349.0	0.14825796886582654
chr3	-101	0	1463.0	0.0
chr3	-100	5	1565.0	0.3194888178913738
chr3	-99	4	1689.0	0.2368265245707519
chr3	-98	2	1831.0	0.10922992900054614
chr3	-97	4	1952.0	0.20491803278688525
chr3	-96	0	2078.0	0.0
chr3	-95	0	2197.0	0.0
chr3	-94	1	2346.0	0.042625745950554135
chr3	-93	0	2494.0	0.0
chr3	-92	6	2622.0	0.2288329519450801
chr3	-91	7	2766.0	0.2530730296456978
chr3	-90	6	2935.0	0.20442930153321978
chr3	-89	2	3095.0	0.06462035541195477
chr3	-88	8	3235.0	0.2472952086553323
chr3	-87	10	3403.0	0.29385836027034967
chr3	-86	8	3556.0	0.22497187851518563
chr3	-85	12	3713.0	0.32318879612173446
chr3	-84	7	3868.0	0.1809720785935884
chr3	-83	21	3998.0	0.5252626313156579
chr3	-82	12	4139.0	0.2899251026818072
chr3	-81	11	4312.0	0.25510204081632654
chr3	-80	23	4460.0	0.515695067264574
chr3	-79	10	4616.0	0.21663778162911612
chr3	-78	19	4735.0	0.4012671594508976
chr3	-77	16	4902.0	0.3263973888208894
chr3	-76	16	5057.0	0.3163931184496737
chr3	-75	10	5210.0	0.19193857965451055
chr3	-74	16	5358.0	0.2986188876446435
chr3	-73	17	5521.0	0.3079152327476906
chr3	-72	8	5664.0	0.14124293785310735
chr3	-71	13	5825.0	0.22317596566523604
chr3	-70	17	5977.0	0.28442362389158443
chr3	-69	21	6118.0	0.34324942791762014
chr3	-68	14	6294.0	0.22243406418811568
chr3	-67	16	6419.0	0.24926000934725034
chr3	-66	19	6568.0	0.28928136419001216
chr3	-65	11	6728.0	0.16349583828775266
chr3	-64	4	6889.0	0.05806357961968355
chr3	-63	23	7050.0	0.3262411347517731
chr3	-62	14	7212.0	0.19412090959511924
chr3	-61	10	7356.0	0.13594344752582926
chr3	-60	17	7514.0	0.22624434389140274
chr3	-59	20	7703.0	0.2596391016487083
chr3	-58	25	7850.0	0.3184713375796179
chr3	-57	37	7998.0	0.46261565391347836
chr3	-56	27	8164.0	0.33072023517883387
chr3	-55	31	8299.0	0.3735389806000723
chr3	-54	41	8442.0	0.48566690357735137
chr3	-53	23	8563.0	0.26859745416326053
chr3	-52	10	8703.0	0.1149029070435482
chr3	-51	17	8864.0	0.1917870036101083
chr3	-50	15	9008.0	0.16651865008880995
chr3	-49	28	9188.0	0.30474531998258597
chr3	-48	17	9328.0	0.18224699828473415
chr3	-47	25	9489.0	0.2634629571082306
chr3	-46	22	9639.0	0.22823944392571846
chr3	-45	26	9777.0	0.2659302444512632
chr3	-44	52	9913.0	0.5245637042267729
chr3	-43	49	10039.0	0.48809642394660824
chr3	-42	33	10197.0	0.3236245954692557
chr3	-41	27	10346.0	0.2609704233520201
chr3	-40	14	10474.0	0.1336643116287951
chr3	-39	18	10612.0	0.16961929890689784
chr3	-38	16	10784.0	0.1483679525222552
chr3	-37	23	10926.0	0.21050704740984807
chr3	-36	45	11043.0	0.40749796251018744
chr3	-35	19	11187.0	0.1698399928488424
chr3	-34	34	11341.0	0.2997971960144608
chr3	-33	43	11503.0	0.37381552638442145
chr3	-32	48	11650.0	0.4120171673819743
chr3	-31	44	11790.0	0.37319762510602206
chr3	-30	24	11935.0	0.20108923334729786
chr3	-29	57	12047.0	0.47314684153731223
chr3	-28	43	12191.0	0.35271921909605447
chr3	-27	36	12348.0	0.2915451895043732
chr3	-26	23	12477.0	0.1843391840987417
chr3	-25	30	12632.0	0.23749208359721344
chr3	-24	37	12793.0	0.2892206675525678
chr3	-23	25	12949.0	0.1930651015522434
chr3	-22	24	13110.0	0.1830663615560641
chr3	-21	40	13255.0	0.3017729158807997
chr3	-20	40	13399.0	0.29852974102544966
chr3	-19	54	13520.0	0.3994082840236686
chr3	-18	97	13666.0	0.7097907214986097
chr3	-17	36	13805.0	0.26077508149221296
chr3	-16	42	13948.0	0.3011184399197018
chr3	-15	26	14095.0	0.1844625753813409
chr3	-14	28	14259.0	0.19636720667648502
chr3	-13	51	14406.0	0.3540191586838817
chr3	-12	48	14558.0	0.32971562027751067
chr3	-11	39	14697.0	0.26536027760767505
chr3	-10	27	14823.0	0.18214936247723132
chr3	-9	42	14828.0	0.28324790936066896
chr3	-8	53	14828.0	0.35743188562179656
chr3	-7	44	14830.0	0.29669588671611596
chr3	-6	45	14830.0	0.30343897505057316
chr3	-5	36	14840.0	0.24258760107816713
chr3	-4	42	14820.0	0.2834008097165992
chr3	-3	84	14840.0	0.5660377358490566
chr3	-2	61	14841.0	0.4110235159355839
chr3	-1	90	14841.0	0.6064281382656156
chr3	0	314	14370.0	2.185107863604732
chr3	1	159	14218.0	1.1183007455338303
chr3	2	157	14054.0	1.1171196812295432
chr3	3	136	13917.0	0.9772221024646116
chr3	4	108	13762.0	0.7847696555733178
chr3	5	111	13634.0	0.814141117793751
chr3	6	76	13510.0	0.5625462620281273
chr3	7	85	13372.0	0.6356565958719713
chr3	8	88	13223.0	0.6655070710126295
chr3	9	70	13064.0	0.5358236374770361
chr3	10	89	12898.0	0.6900294619320825
chr3	11	129	12761.0	1.0108925632787398
chr3	12	86	12620.0	0.6814580031695722
chr3	13	79	12462.0	0.6339271385010432
chr3	14	85	12308.0	0.6906077348066298
chr3	15	99	12152.0	0.814680710994075
chr3	16	85	12004.0	0.7080973008997001
chr3	17	122	11868.0	1.027974384900573
chr3	18	128	11720.0	1.0921501706484642
chr3	19	69	11570.0	0.5963699222126189
chr3	20	98	11423.0	0.8579182351396306
chr3	21	66	11288.0	0.5846917080085047
chr3	22	69	11157.0	0.6184458187684861
chr3	23	82	11010.0	0.7447774750227066
chr3	24	56	10857.0	0.5157962604771116
chr3	25	52	10712.0	0.48543689320388345
chr3	26	67	10560.0	0.634469696969697
chr3	27	65	10428.0	0.6233218258534714
chr3	28	68	10290.0	0.6608357628765792
chr3	29	68	10134.0	0.6710084862837971
chr3	30	81	9991.0	0.8107296566910218
chr3	31	82	9850.0	0.8324873096446701
chr3	32	66	9691.0	0.681044267877412
chr3	33	59	9507.0	0.6205953507941517
chr3	34	49	9345.0	0.5243445692883896
chr3	35	70	9178.0	0.7626933972543039
chr3	36	70	9005.0	0.7773459189339256
chr3	37	54	8855.0	0.6098249576510446
chr3	38	55	8716.0	0.6310234052317577
chr3	39	49	8562.0	0.5722961924783929
chr3	40	65	8413.0	0.7726138119576845
chr3	41	59	8268.0	0.7135945815191098
chr3	42	70	8101.0	0.8640908529811135
chr3	43	51	7945.0	0.6419131529263689
chr3	44	68	7805.0	0.8712363869314541
chr3	45	42	7664.0	0.5480167014613779
chr3	46	33	7524.0	0.43859649122807015
chr3	47	41	7361.0	0.5569895394647467
chr3	48	56	7204.0	0.7773459189339256
chr3	49	51	7059.0	0.7224819379515512
chr3	50	33	6923.0	0.47667196302181136
chr3	51	36	6793.0	0.5299573089945532
chr3	52	51	6638.0	0.7683037059355228
chr3	53	60	6485.0	0.9252120277563608
chr3	54	58	6336.0	0.9154040404040404
chr3	55	31	6197.0	0.5002420526060998
chr3	56	56	6046.0	0.9262322196493549
chr3	57	63	5914.0	1.0652688535678052
chr3	58	28	5768.0	0.48543689320388345
chr3	59	34	5610.0	0.6060606060606061
chr3	60	30	5438.0	0.5516734093416698
chr3	61	27	5285.0	0.510879848628193
chr3	62	34	5139.0	0.6616073165985601
chr3	63	24	5002.0	0.47980807676929227
chr3	64	23	4858.0	0.4734458624948539
chr3	65	35	4720.0	0.7415254237288136
chr3	66	23	4578.0	0.5024027959807776
chr3	67	20	4446.0	0.44984255510571297
chr3	68	22	4301.0	0.5115089514066496
chr3	69	33	4148.0	0.7955641272902605
chr3	70	32	4013.0	0.797408422626464
chr3	71	30	3889.0	0.7714065312419645
chr3	72	9	3727.0	0.24148108398175475
chr3	73	21	3597.0	0.5838198498748958
chr3	74	30	3433.0	0.873871249635887
chr3	75	19	3289.0	0.5776831863788386
chr3	76	15	3153.0	0.47573739295908657
chr3	77	35	3018.0	1.159708416169649
chr3	78	12	2877.0	0.4171011470281543
chr3	79	10	2732.0	0.36603221083455345
chr3	80	20	2596.0	0.7704160246533128
chr3	81	12	2453.0	0.48919690175295555
chr3	82	19	2323.0	0.8179078777442962
chr3	83	11	2193.0	0.5015959872321021
chr3	84	9	2034.0	0.4424778761061947
chr3	85	15	1887.0	0.7949125596184419
chr3	86	8	1758.0	0.4550625711035267
chr3	87	9	1644.0	0.5474452554744526
chr3	88	14	1508.0	0.9283819628647214
chr3	89	8	1383.0	0.5784526391901663
chr3	90	6	1264.0	0.4746835443037975
chr3	91	11	1160.0	0.9482758620689655
chr3	92	7	1056.0	0.6628787878787878
chr3	93	10	940.0	1.0638297872340425
chr3	94	3	847.0	0.3541912632821724
chr3	95	0	743.0	0.0
chr3	96	5	641.0	0.7800312012480499
chr3	97	1	557.0	0.17953321364452424
chr3	98	1	483.0	0.2070393374741201
chr3	99	4	417.0	0.9592326139088728
chr3	100	3	356.0	0.8426966292134831
chr3	101	4	299.0	1.3377926421404682
chr3	102	3	247.0	1.214574898785425
chr3	103	0	208.0	0.0
chr3	104	0	153.0	0.0
chr3	105	1	129.0	0.7751937984496124
chr3	106	0	100.0	0.0
chr3	107	1	76.0	1.3157894736842104
chr3	108	0	50.0	0.0
chr3	109	1	32.0	3.125
chr3	110	0	21.0	0.0
chr3	111	1	11.0	9.090909090909092
chr3	112	0	7.0	0.0
chr3	113	0	3.0	0.0
chr3	114	0	1.0	0.0
chr3	115	0	0.0	nan
chr3	116	0	0.0	nan
chr3	117	0	0.0	nan
chr3	118	0	0.0	nan
chr3	119	0	0.0	nan
chr3	120	0	0.0	nan
chr3	121	0	0.0	nan
chr3	122	0	0.0	nan
chr3	123	0	0.0	nan
chr3	124	0	0.0	nan
chr3	125	0	0.0	nan
chr4	-125	0	1.0	0.0
chr4	-124	0	9.0	0.0
chr4	-123	0	17.0	0.0
chr4	-122	0	26.0	0.0
chr4	-121	0	40.0	0.0
chr4	-120	0	52.0	0.0
chr4	-119	0	65.0	0.0
chr4	-118	0	78.0	0.0
chr4	-117	0	93.0	0.0
chr4	-116	0	117.0	0.0
chr4	-115	0	140.0	0.0
chr4	-114	0	173.0	0.0
chr4	-113	0	206.0	0.0
chr4	-112	0	257.0	0.0
chr4	-111	0	298.0	0.0
chr4	-110	0	352.0	0.0
chr4	-109	0	414.0	0.0
chr4	-108	0	467.0	0.0
chr4	-107	0	527.0	0.0
chr4	-106	1	596.0	0.16778523489932887
chr4	-105	1	661.0	0.15128593040847202
chr4	-104	1	730.0	0.136986301369863
chr4	-103	0	802.0	0.0
chr4	-102	3	874.0	0.34324942791762014
chr4	-101	1	955.0	0.10471204188481677
chr4	-100	2	1046.0	0.19120458891013384
chr4	-99	3	1136.0	0.2640845070422535
chr4	-98	3	1244.0	0.2411575562700965
chr4	-97	2	1338.0	0.14947683109118087
chr4	-96	0	1427.0	0.0
chr4	-95	2	1532.0	0.13054830287206268
chr4	-94	1	1638.0	0.06105006105006105
chr4	-93	2	1744.0	0.11467889908256881
chr4	-92	3	1824.0	0.1644736842105263
chr4	-91	12	1933.0	0.6207966890843248
chr4	-90	3	2016.0	0.1488095238095238
chr4	-89	6	2132.0	0.28142589118198874
chr4	-88	8	2238.0	0.3574620196604111
chr4	-87	5	2344.0	0.21331058020477817
chr4	-86	9	2468.0	0.3646677471636953
chr4	-85	3	2562.0	0.117096018735363
chr4	-84	12	2662.0	0.4507888805409466
chr4	-83	1	2763.0	0.036192544335866814
chr4	-82	11	2877.0	0.3823427181091415
chr4	-81	8	2970.0	0.26936026936026936
chr4	-80	2	3087.0	0.06478781988986071
chr4	-79	13	3199.0	0.40637699281025325
chr4	-78	3	3312.0	0.09057971014492754
chr4	-77	11	3429.0	0.3207932341790609
chr4	-76	3	3532.0	0.08493771234428087
chr4	-75	12	3627.0	0.3308519437551696
chr4	-74	3	3723.0	0.08058017727639001
chr4	-73	11	3823.0	0.28773214752811926
chr4	-72	8	3935.0	0.20330368487928843
chr4	-71	19	4041.0	0.47018064835436774
chr4	-70	16	4134.0	0.3870343492985002
chr4	-69	4	4227.0	0.09462976105985332
chr4	-68	5	4323.0	0.11566042100393245
chr4	-67	12	4416.0	0.2717391304347826
chr4	-66	6	4525.0	0.13259668508287292
chr4	-65	15	4641.0	0.3232062055591467
chr4	-64	7	4735.0	0.14783526927138332
chr4	-63	15	4846.0	0.3095336359884441
chr4	-62	9	4961.0	0.18141503729086877
chr4	-61	9	5067.0	0.17761989342806395
chr4	-60	6	5176.0	0.11591962905718702
chr4	-59	17	5295.0	0.32105760151085927
chr4	-58	27	5382.0	0.5016722408026756
chr4	-57	8	5494.0	0.1456133964324718
chr4	-56	5	5617.0	0.08901548869503294
chr4	-55	44	5707.0	0.7709830033292447
chr4	-54	11	5825.0	0.1888412017167382
chr4	-53	7	5922.0	0.1182033096926714
chr4	-52	11	6020.0	0.18272425249169436
chr4	-51	7	6131.0	0.11417387049420975
chr4	-50	10	6231.0	0.16048788316482104
chr4	-49	23	6339.0	0.3628332544565389
chr4	-48	12	6462.0	0.18570102135561745
chr4	-47	7	6582.0	0.10635065329687024
chr4	-46	21	6687.0	0.31404217137729923
chr4	-45	27	6812.0	0.3963593658250147
chr4	-44	23	6934.0	0.3316988751081627
chr4	-43	50	7031.0	0.7111363959607453
chr4	-42	7	7134.0	0.09812167087188113
chr4	-41	23	7238.0	0.3177673390439348
chr4	-40	13	7343.0	0.1770393572109492
chr4	-39	9	7457.0	0.12069196727906666
chr4	-38	24	7570.0	0.31704095112285335
chr4	-37	38	7680.0	0.49479166666666663
chr4	-36	9	7806.0	0.11529592621060722
chr4	-35	10	7897.0	0.12663036596175764
chr4	-34	7	8002.0	0.08747813046738316
chr4	-33	8	8111.0	0.09863148810257674
chr4	-32	18	8225.0	0.21884498480243159
chr4	-31	15	8322.0	0.1802451333813987
chr4	-30	23	8422.0	0.27309427689384946
chr4	-29	7	8518.0	0.08217891523831886
chr4	-28	11	8610.0	0.12775842044134728
chr4	-27	21	8727.0	0.24063251976624267
chr4	-26	13	8824.0	0.14732547597461468
chr4	-25	22	8922.0	0.24658148397220356
chr4	-24	11	9037.0	0.12172181033528826
chr4	-23	21	9134.0	0.22991022553098314
chr4	-22	25	9244.0	0.2704456945045435
chr4	-21	24	9351.0	0.25665704202759065
chr4	-20	10	9463.0	0.10567473317129875
chr4	-19	32	9576.0	0.3341687552213868
chr4	-18	32	9662.0	0.33119436969571514
chr4	-17	11	9781.0	0.11246293834986199
chr4	-16	14	9876.0	0.14175779667881733
chr4	-15	28	9981.0	0.2805330127241759
chr4	-14	14	10081.0	0.13887511159607183
chr4	-13	39	10198.0	0.3824279270445185
chr4	-12	15	10297.0	0.1456734971350879
chr4	-11	20	10375.0	0.19277108433734938
chr4	-10	13	10484.0	0.12399847386493704
chr4	-9	17	10481.0	0.16219826352447284
chr4	-8	29	10479.0	0.27674396411871366
chr4	-7	36	10472.0	0.3437738731856379
chr4	-6	15	10484.0	0.14307516215185045
chr4	-5	55	10483.0	0.5246589716684155
chr4	-4	32	10485.0	0.30519790176442535
chr4	-3	19	10485.0	0.18121125417262757
chr4	-2	33	10484.0	0.31476535673407097
chr4	-1	39	10485.0	0.37195994277539346
chr4	0	227	10164.0	2.2333726879181426
chr4	1	134	10054.0	1.3328028645315297
chr4	2	76	9949.0	0.7638958689315509
chr4	3	95	9852.0	0.9642712139667072
chr4	4	108	9756.0	1.107011070110701
chr4	5	55	9628.0	0.5712505193186539
chr4	6	98	9509.0	1.0306025870228206
chr4	7	85	9411.0	0.9031983848687706
chr4	8	59	9322.0	0.6329113924050633
chr4	9	63	9202.0	0.6846337752662465
chr4	10	60	9111.0	0.658544616397761
chr4	11	54	9001.0	0.5999333407399178
chr4	12	89	8902.0	0.9997753313862054
chr4	13	57	8817.0	0.6464783940115686
chr4	14	43	8713.0	0.49351543670377596
chr4	15	47	8598.0	0.5466387531984183
chr4	16	53	8500.0	0.6235294117647059
chr4	17	71	8389.0	0.8463464060078675
chr4	18	63	8295.0	0.7594936708860759
chr4	19	61	8176.0	0.7460861056751468
chr4	20	41	8067.0	0.5082434610140076
chr4	21	30	7967.0	0.37655328228944396
chr4	22	49	7880.0	0.6218274111675127
chr4	23	49	7776.0	0.6301440329218106
chr4	24	71	7679.0	0.9245995572340149
chr4	25	51	7567.0	0.6739791198625611
chr4	26	60	7464.0	0.8038585209003215
chr4	27	44	7370.0	0.5970149253731344
chr4	28	52	7272.0	0.7150715071507151
chr4	29	62	7157.0	0.866284756182758
chr4	30	50	7054.0	0.7088176920895946
chr4	31	41	6928.0	0.5918013856812933
chr4	32	63	6828.0	0.922671353251318
chr4	33	29	6720.0	0.43154761904761907
chr4	34	33	6599.0	0.5000757690559176
chr4	35	52	6490.0	0.8012326656394453
chr4	36	58	6380.0	0.9090909090909091
chr4	37	69	6274.0	1.0997768568696207
chr4	38	26	6181.0	0.420643908752629
chr4	39	37	6083.0	0.6082525069866842
chr4	40	37	5978.0	0.6189360990297759
chr4	41	55	5877.0	0.9358516249787306
chr4	42	66	5796.0	1.1387163561076603
chr4	43	46	5693.0	0.8080098366414896
chr4	44	54	5596.0	0.9649749821300929
chr4	45	40	5493.0	0.7281995266703076
chr4	46	36	5383.0	0.6687720601894854
chr4	47	15	5278.0	0.28419856006062905
chr4	48	32	5165.0	0.6195546950629236
chr4	49	24	5055.0	0.4747774480712166
chr4	50	28	4946.0	0.5661140315406389
chr4	51	33	4848.0	0.6806930693069307
chr4	52	20	4750.0	0.42105263157894735
chr4	53	30	4636.0	0.6471095772217429
chr4	54	47	4514.0	1.0412051395657953
chr4	55	17	4407.0	0.3857499432720672
chr4	56	27	4312.0	0.6261595547309833
chr4	57	53	4221.0	1.2556266287609572
chr4	58	35	4132.0	0.8470474346563407
chr4	59	20	4034.0	0.495785820525533
chr4	60	23	3921.0	0.5865850548329508
chr4	61	32	3808.0	0.8403361344537815
chr4	62	34	3712.0	0.9159482758620688
chr4	63	21	3608.0	0.582039911308204
chr4	64	35	3512.0	0.9965831435079727
chr4	65	26	3405.0	0.7635829662261381
chr4	66	19	3291.0	0.5773321178972957
chr4	67	33	3193.0	1.0335108048856874
chr4	68	9	3093.0	0.2909796314258002
chr4	69	28	2996.0	0.9345794392523363
chr4	70	33	2885.0	1.1438474870017332
chr4	71	16	2771.0	0.577408877661494
chr4	72	26	2660.0	0.9774436090225564
chr4	73	14	2540.0	0.5511811023622047
chr4	74	22	2408.0	0.9136212624584719
chr4	75	14	2305.0	0.6073752711496746
chr4	76	20	2210.0	0.904977375565611
chr4	77	13	2115.0	0.6146572104018913
chr4	78	15	2007.0	0.7473841554559043
chr4	79	9	1905.0	0.47244094488188976
chr4	80	13	1796.0	0.7238307349665924
chr4	81	17	1689.0	1.0065127294256957
chr4	82	16	1590.0	1.0062893081761006
chr4	83	12	1504.0	0.7978723404255319
chr4	84	7	1422.0	0.49226441631504925
chr4	85	12	1308.0	0.9174311926605505
chr4	86	8	1216.0	0.6578947368421052
chr4	87	17	1116.0	1.5232974910394266
chr4	88	7	1015.0	0.6896551724137931
chr4	89	3	929.0	0.32292787944025836
chr4	90	13	840.0	1.5476190476190477
chr4	91	8	756.0	1.0582010582010581
chr4	92	3	668.0	0.4491017964071856
chr4	93	4	594.0	0.6734006734006733
chr4	94	3	524.0	0.5725190839694656
chr4	95	1	465.0	0.21505376344086022
chr4	96	2	405.0	0.49382716049382713
chr4	97	0	355.0	0.0
chr4	98	1	308.0	0.3246753246753247
chr4	99	2	256.0	0.78125
chr4	100	0	219.0	0.0
chr4	101	0	185.0	0.0
chr4	102	3	147.0	2.0408163265306123
chr4	103	0	124.0	0.0
chr4	104	0	86.0	0.0
chr4	105	1	68.0	1.4705882352941175
chr4	106	0	53.0	0.0
chr4	107	0	45.0	0.0
chr4	108	0	38.0	0.0
chr4	109	0	26.0	0.0
chr4	110	0	12.0	0.0
chr4	111	0	3.0	0.0
chr4	112	0	2.0	0.0
chr4	113	0	1.0	0.0
chr4	114	0	0.0	nan
chr4	115	0	0.0	nan
chr4	116	0	0.0	nan
chr4	117	0	0.0	nan
chr4	118	0	0.0	nan
chr4	119	0	0.0	nan
chr4	120	0	0.0	nan
chr4	121	0	0.0	nan
chr4	122	0	0.0	nan
chr4	123	0	0.0	nan
chr4	124	0	0.0	nan
chr4	125	0	0.0	nan
chr4	126	0	0.0	nan
chr4	127	0	0.0	nan
chr4	128	0	0.0	nan
chr4	129	0	0.0	nan
chr4	130	0	0.0	nan
chr4	131	0	0.0	nan
chr4	132	0	0.0	nan
chr4	133	0	0.0	nan
chr4	134	0	0.0	nan
chr4	135	0	0.0	nan
chr4	136	0	0.0	nan
chr4	137	0	0.0	nan
chr4	138	0	0.0	nan
chr4	139	0	0.0	nan
chr4	140	0	0.0	nan
chr4	141	0	0.0	nan
chr4	142	0	0.0	nan
chr4	143	0	0.0	nan
chr5	-125	0	2.0	0.0
chr5	-124	0	2.0	0.0
chr5	-123	0	6.0	0.0
chr5	-122	0	17.0	0.0
chr5	-121	0	26.0	0.0
chr5	-120	0	39.0	0.0
chr5	-119	0	49.0	0.0
chr5	-118	0	64.0	0.0
chr5	-117	0	79.0	0.0
chr5	-116	0	107.0	0.0
chr5	-115	0	133.0	0.0
chr5	-114	0	155.0	0.0
chr5	-113	0	180.0	0.0
chr5	-112	1	214.0	0.46728971962616817
chr5	-111	1	250.0	0.4
chr5	-110	0	291.0	0.0
chr5	-109	0	330.0	0.0
chr5	-108	0	381.0	0.0
chr5	-107	0	413.0	0.0
chr5	-106	0	456.0	0.0
chr5	-105	1	496.0	0.20161290322580644
chr5	-104	0	546.0	0.0
chr5	-103	0	605.0	0.0
chr5	-102	1	660.0	0.15151515151515152
chr5	-101	1	719.0	0.13908205841446453
chr5	-100	4	772.0	0.5181347150259068
chr5	-99	1	829.0	0.12062726176115801
chr5	-98	2	882.0	0.22675736961451248
chr5	-97	1	943.0	0.10604453870625664
chr5	-96	0	1009.0	0.0
chr5	-95	0	1069.0	0.0
chr5	-94	6	1148.0	0.5226480836236934
chr5	-93	5	1219.0	0.41017227235438886
chr5	-92	4	1274.0	0.3139717425431711
chr5	-91	2	1353.0	0.14781966001478197
chr5	-90	2	1428.0	0.1400560224089636
chr5	-89	3	1499.0	0.20013342228152103
chr5	-88	4	1572.0	0.2544529262086514
chr5	-87	9	1651.0	0.5451241671714113
chr5	-86	6	1729.0	0.3470213996529786
chr5	-85	7	1809.0	0.3869541182974019
chr5	-84	4	1869.0	0.2140181915462814
chr5	-83	3	1938.0	0.15479876160990713
chr5	-82	6	2025.0	0.2962962962962963
chr5	-81	7	2093.0	0.33444816053511706
chr5	-80	8	2161.0	0.37019898195279966
chr5	-79	5	2224.0	0.22482014388489208
chr5	-78	8	2295.0	0.34858387799564267
chr5	-77	9	2352.0	0.3826530612244898
chr5	-76	1	2440.0	0.040983606557377046
chr5	-75	7	2505.0	0.27944111776447106
chr5	-74	3	2569.0	0.11677695601401324
chr5	-73	3	2649.0	0.11325028312570783
chr5	-72	10	2715.0	0.3683241252302026
chr5	-71	9	2789.0	0.32269630692004303
chr5	-70	6	2853.0	0.2103049421661409
chr5	-69	3	2907.0	0.10319917440660474
chr5	-68	8	2990.0	0.26755852842809363
chr5	-67	5	3077.0	0.16249593760155995
chr5	-66	5	3163.0	0.15807777426493835
chr5	-65	3	3226.0	0.09299442033477992
chr5	-64	6	3307.0	0.18143332325370426
chr5	-63	13	3380.0	0.38461538461538464
chr5	-62	22	3455.0	0.6367583212735167
chr5	-61	9	3521.0	0.2556092019312695
chr5	-60	5	3596.0	0.13904338153503892
chr5	-59	3	3671.0	0.08172160174339417
chr5	-58	2	3762.0	0.053163211057947905
chr5	-57	5	3842.0	0.1301405517959396
chr5	-56	6	3908.0	0.15353121801432956
chr5	-55	5	3971.0	0.12591286829513976
chr5	-54	4	4039.0	0.09903441445902451
chr5	-53	5	4108.0	0.12171372930866603
chr5	-52	12	4185.0	0.2867383512544803
chr5	-51	16	4240.0	0.37735849056603776
chr5	-50	20	4311.0	0.4639294827186268
chr5	-49	25	4385.0	0.5701254275940707
chr5	-48	15	4453.0	0.33685156074556477
chr5	-47	6	4542.0	0.13210039630118892
chr5	-46	12	4612.0	0.26019080659150046
chr5	-45	8	4695.0	0.1703940362087327
chr5	-44	5	4748.0	0.10530749789385004
chr5	-43	8	4813.0	0.166216496987326
chr5	-42	10	4866.0	0.2055076037813399
chr5	-41	4	4944.0	0.08090614886731393
chr5	-40	41	5008.0	0.8186900958466454
chr5	-39	17	5081.0	0.3345798071245818
chr5	-38	14	5154.0	0.2716336825766395
chr5	-37	8	5217.0	0.15334483419589803
chr5	-36	31	5299.0	0.5850160407624081
chr5	-35	13	5376.0	0.2418154761904762
chr5	-34	50	5445.0	0.9182736455463728
chr5	-33	33	5525.0	0.5972850678733032
chr5	-32	18	5603.0	0.3212564697483491
chr5	-31	12	5675.0	0.21145374449339205
chr5	-30	43	5733.0	0.7500436071864643
chr5	-29	39	5802.0	0.672182006204757
chr5	-28	11	5862.0	0.18764926646195837
chr5	-27	14	5933.0	0.2359683128265633
chr5	-26	8	6006.0	0.1332001332001332
chr5	-25	25	6087.0	0.41071135206177095
chr5	-24	22	6172.0	0.356448476992871
chr5	-23	15	6231.0	0.2407318247472316
chr5	-22	15	6298.0	0.2381708478882185
chr5	-21	30	6366.0	0.47125353440150797
chr5	-20	19	6444.0	0.29484792054624454
chr5	-19	12	6517.0	0.18413380389749884
chr5	-18	9	6582.0	0.13673655423883319
chr5	-17	12	6639.0	0.18075011296882063
chr5	-16	26	6701.0	0.38800179077749586
chr5	-15	14	6769.0	0.2068252326783868
chr5	-14	17	6844.0	0.2483927527761543
chr5	-13	23	6909.0	0.332899117093646
chr5	-12	25	6981.0	0.35811488325454804
chr5	-11	15	7041.0	0.21303792074989347
chr5	-10	32	7118.0	0.449564484405732
chr5	-9	14	7117.0	0.19671209779401436
chr5	-8	16	7118.0	0.224782242202866
chr5	-7	31	7118.0	0.43551559426805286
chr5	-6	11	7119.0	0.15451608371962353
chr5	-5	26	7119.0	0.36521983424638294
chr5	-4	12	7119.0	0.1685630004214075
chr5	-3	14	7118.0	0.19668446192750771
chr5	-2	16	7118.0	0.224782242202866
chr5	-1	16	7119.0	0.22475066722854334
chr5	0	147	6887.0	2.134456221867286
chr5	1	81	6809.0	1.18960199735644
chr5	2	41	6723.0	0.6098467945857504
chr5	3	46	6653.0	0.6914174056816473
chr5	4	79	6591.0	1.198604157184039
chr5	5	36	6517.0	0.5524014116924966
chr5	6	73	6439.0	1.1337164155924833
chr5	7	31	6366.0	0.48696198554822495
chr5	8	48	6277.0	0.7646965110721682
chr5	9	42	6206.0	0.676764421527554
chr5	10	52	6136.0	0.847457627118644
chr5	11	42	6066.0	0.6923837784371909
chr5	12	36	5999.0	0.6001000166694449
chr5	13	27	5913.0	0.45662100456621
chr5	14	22	5830.0	0.37735849056603776
chr5	15	56	5766.0	0.9712105445716268
chr5	16	27	5708.0	0.47302032235459
chr5	17	31	5651.0	0.5485754733675455
chr5	18	48	5578.0	0.8605234851201148
chr5	19	22	5509.0	0.39934652387003083
chr5	20	34	5443.0	0.624655520852471
chr5	21	50	5386.0	0.928332714444857
chr5	22	32	5306.0	0.603090840557859
chr5	23	40	5227.0	0.7652573177731012
chr5	24	41	5156.0	0.795190069821567
chr5	25	22	5088.0	0.43238993710691825
chr5	26	21	5030.0	0.41749502982107356
chr5	27	30	4955.0	0.6054490413723511
chr5	28	63	4893.0	1.2875536480686696
chr5	29	75	4823.0	1.5550487248600455
chr5	30	15	4725.0	0.31746031746031744
chr5	31	38	4661.0	0.815275691911607
chr5	32	56	4583.0	1.2219070477852934
chr5	33	49	4514.0	1.0855117412494462
chr5	34	33	4450.0	0.7415730337078652
chr5	35	40	4382.0	0.9128251939753538
chr5	36	25	4309.0	0.5801810164771408
chr5	37	26	4224.0	0.615530303030303
chr5	38	26	4145.0	0.6272617611580217
chr5	39	43	4078.0	1.0544384502206965
chr5	40	17	3998.0	0.4252126063031516
chr5	41	17	3924.0	0.4332313965341488
chr5	42	22	3852.0	0.5711318795430945
chr5	43	28	3783.0	0.740153317472905
chr5	44	10	3717.0	0.26903416733925206
chr5	45	32	3640.0	0.8791208791208791
chr5	46	18	3577.0	0.5032149846239866
chr5	47	23	3504.0	0.6563926940639269
chr5	48	32	3436.0	0.9313154831199069
chr5	49	18	3369.0	0.5342831700801425
chr5	50	23	3311.0	0.694654183026276
chr5	51	17	3235.0	0.5255023183925811
chr5	52	26	3170.0	0.8201892744479496
chr5	53	28	3106.0	0.901481004507405
chr5	54	14	3033.0	0.46158918562479395
chr5	55	12	2963.0	0.4049949375632805
chr5	56	9	2904.0	0.30991735537190085
chr5	57	24	2829.0	0.8483563096500532
chr5	58	11	2757.0	0.3989844033369605
chr5	59	17	2691.0	0.63173541434411
chr5	60	20	2602.0	0.7686395080707148
chr5	61	13	2525.0	0.5148514851485149
chr5	62	25	2463.0	1.0150223304912709
chr5	63	5	2397.0	0.20859407592824364
chr5	64	21	2334.0	0.8997429305912596
chr5	65	21	2267.0	0.9263343625937362
chr5	66	16	2217.0	0.7216959855660803
chr5	67	10	2149.0	0.46533271288971617
chr5	68	11	2080.0	0.5288461538461539
chr5	69	18	1999.0	0.9004502251125562
chr5	70	10	1937.0	0.5162622612287042
chr5	71	12	1870.0	0.6417112299465241
chr5	72	10	1807.0	0.5534034311012728
chr5	73	11	1732.0	0.6351039260969976
chr5	74	7	1661.0	0.4214328717639976
chr5	75	9	1591.0	0.5656819610307983
chr5	76	10	1526.0	0.655307994757536
chr5	77	11	1455.0	0.7560137457044673
chr5	78	14	1373.0	1.0196649672250546
chr5	79	3	1315.0	0.22813688212927757
chr5	80	8	1236.0	0.6472491909385114
chr5	81	3	1169.0	0.2566295979469632
chr5	82	6	1117.0	0.5371530886302597
chr5	83	4	1042.0	0.3838771593090211
chr5	84	4	966.0	0.4140786749482402
chr5	85	9	909.0	0.9900990099009901
chr5	86	5	836.0	0.5980861244019139
chr5	87	6	782.0	0.7672634271099744
chr5	88	8	713.0	1.1220196353436185
chr5	89	4	659.0	0.6069802731411229
chr5	90	2	595.0	0.33613445378151263
chr5	91	8	552.0	1.4492753623188406
chr5	92	0	505.0	0.0
chr5	93	2	458.0	0.43668122270742354
chr5	94	5	403.0	1.240694789081886
chr5	95	1	375.0	0.26666666666666666
chr5	96	6	336.0	1.7857142857142856
chr5	97	3	300.0	1.0
chr5	98	3	256.0	1.171875
chr5	99	3	218.0	1.3761467889908259
chr5	100	0	195.0	0.0
chr5	101	1	169.0	0.591715976331361
chr5	102	1	139.0	0.7194244604316548
chr5	103	0	118.0	0.0
chr5	104	0	94.0	0.0
chr5	105	0	81.0	0.0
chr5	106	0	69.0	0.0
chr5	107	2	56.0	3.571428571428571
chr5	108	0	36.0	0.0
chr5	109	0	28.0	0.0
chr5	110	0	19.0	0.0
chr5	111	0	10.0	0.0
chr5	112	0	2.0	0.0
chr5	113	0	0.0	nan
chr5	114	0	0.0	nan
chr5	115	0	0.0	nan
chr5	116	0	0.0	nan
chr5	117	0	0.0	nan
chr5	118	0	0.0	nan
chr5	119	0	0.0	nan
chr5	120	0	0.0	nan
chr5	121	0	0.0	nan
chr5	122	0	0.0	nan
chr5	123	0	0.0	nan
chr6	-134	0	1.0	0.0
chr6	-133	0	1.0	0.0
chr6	-132	0	1.0	0.0
chr6	-131	0	1.0	0.0
chr6	-130	0	1.0	0.0
chr6	-129	0	1.0	0.0
chr6	-128	0	1.0	0.0
chr6	-127	0	2.0	0.0
chr6	-126	0	2.0	0.0
chr6	-125	0	8.0	0.0
chr6	-124	0	15.0	0.0
chr6	-123	1	39.0	2.564102564102564
chr6	-122	0	56.0	0.0
chr6	-121	0	86.0	0.0
chr6	-120	1	115.0	0.8695652173913043
chr6	-119	0	142.0	0.0
chr6	-118	0	189.0	0.0
chr6	-117	0	236.0	0.0
chr6	-116	3	284.0	1.056338028169014
chr6	-115	0	347.0	0.0
chr6	-114	0	429.0	0.0
chr6	-113	0	513.0	0.0
chr6	-112	3	609.0	0.49261083743842365
chr6	-111	7	695.0	1.0071942446043165
chr6	-110	2	798.0	0.2506265664160401
chr6	-109	1	930.0	0.10752688172043011
chr6	-108	5	1051.0	0.47573739295908657
chr6	-107	10	1185.0	0.8438818565400843
chr6	-106	5	1313.0	0.38080731150038083
chr6	-105	3	1457.0	0.20590253946465342
chr6	-104	6	1595.0	0.3761755485893417
chr6	-103	3	1742.0	0.1722158438576349
chr6	-102	3	1884.0	0.15923566878980894
chr6	-101	0	2044.0	0.0
chr6	-100	6	2218.0	0.2705139765554554
chr6	-99	9	2403.0	0.37453183520599254
chr6	-98	4	2559.0	0.15631105900742479
chr6	-97	4	2747.0	0.1456133964324718
chr6	-96	12	2913.0	0.4119464469618949
chr6	-95	18	3097.0	0.581207620277688
chr6	-94	6	3275.0	0.183206106870229
chr6	-93	9	3452.0	0.2607184241019699
chr6	-92	13	3635.0	0.3576341127922971
chr6	-91	8	3840.0	0.20833333333333334
chr6	-90	11	4054.0	0.2713369511593488
chr6	-89	9	4253.0	0.2116153303550435
chr6	-88	18	4480.0	0.40178571428571425
chr6	-87	8	4694.0	0.17043033659991477
chr6	-86	18	4888.0	0.36824877250409166
chr6	-85	13	5105.0	0.2546523016650343
chr6	-84	8	5321.0	0.15034767900770532
chr6	-83	8	5524.0	0.1448225923244026
chr6	-82	9	5757.0	0.1563314226159458
chr6	-81	15	5970.0	0.25125628140703515
chr6	-80	16	6162.0	0.2596559558584875
chr6	-79	32	6396.0	0.5003126954346466
chr6	-78	14	6588.0	0.21250758955676988
chr6	-77	12	6792.0	0.17667844522968199
chr6	-76	13	7014.0	0.1853435985172512
chr6	-75	9	7201.0	0.12498264129981948
chr6	-74	9	7403.0	0.1215723355396461
chr6	-73	9	7612.0	0.1182343667892801
chr6	-72	14	7805.0	0.17937219730941703
chr6	-71	17	8031.0	0.21167974100361103
chr6	-70	6	8236.0	0.07285089849441476
chr6	-69	15	8415.0	0.17825311942959002
chr6	-68	27	8596.0	0.3140995812005584
chr6	-67	21	8782.0	0.2391254839444318
chr6	-66	17	8973.0	0.1894572606709016
chr6	-65	24	9170.0	0.2617230098146129
chr6	-64	32	9347.0	0.3423558360971435
chr6	-63	5	9542.0	0.05239991616013414
chr6	-62	28	9727.0	0.287858538089853
chr6	-61	24	9927.0	0.24176488365064974
chr6	-60	53	10126.0	0.5234050957930081
chr6	-59	39	10340.0	0.37717601547388785
chr6	-58	50	10543.0	0.4742483164184767
chr6	-57	12	10743.0	0.1117006422786931
chr6	-56	23	10959.0	0.2098731636098184
chr6	-55	12	11167.0	0.10745947882152772
chr6	-54	36	11382.0	0.316288877174486
chr6	-53	30	11567.0	0.2593585199273796
chr6	-52	36	11788.0	0.3053953172718018
chr6	-51	45	11992.0	0.37525016677785195
chr6	-50	34	12185.0	0.2790315962248666
chr6	-49	16	12389.0	0.1291468237953023
chr6	-48	29	12568.0	0.23074474856779123
chr6	-47	36	12767.0	0.28197697188062976
chr6	-46	31	12977.0	0.2388841797025507
chr6	-45	30	13187.0	0.22749677712899066
chr6	-44	12	13382.0	0.08967269466447467
chr6	-43	25	13570.0	0.18422991893883567
chr6	-42	46	13787.0	0.33364763908029305
chr6	-41	33	13987.0	0.23593336669764783
chr6	-40	53	14200.0	0.3732394366197183
chr6	-39	42	14415.0	0.29136316337148804
chr6	-38	30	14623.0	0.2051562606852219
chr6	-37	42	14858.0	0.2826759994615695
chr6	-36	39	15070.0	0.258792302587923
chr6	-35	40	15290.0	0.2616088947024199
chr6	-34	57	15504.0	0.3676470588235294
chr6	-33	23	15704.0	0.14645950076413652
chr6	-32	31	15907.0	0.19488275601936253
chr6	-31	48	16121.0	0.2977482786427641
chr6	-30	26	16319.0	0.159323487958821
chr6	-29	45	16519.0	0.27241358435740665
chr6	-28	40	16720.0	0.23923444976076555
chr6	-27	29	16919.0	0.17140492936934806
chr6	-26	40	17132.0	0.2334812047630166
chr6	-25	59	17307.0	0.3409025249898885
chr6	-24	50	17488.0	0.2859103385178408
chr6	-23	54	17682.0	0.3053953172718018
chr6	-22	71	17889.0	0.39689194477052936
chr6	-21	46	18111.0	0.25398928827784223
chr6	-20	55	18311.0	0.3003659002785211
chr6	-19	29	18488.0	0.15685850281263522
chr6	-18	49	18658.0	0.26262193161110514
chr6	-17	71	18856.0	0.37653797199830297
chr6	-16	71	19055.0	0.3726056153240619
chr6	-15	72	19226.0	0.37449287423280975
chr6	-14	76	19409.0	0.39157092070688854
chr6	-13	57	19594.0	0.2909053791977136
chr6	-12	65	19779.0	0.32863137671267506
chr6	-11	46	19961.0	0.2304493762837533
chr6	-10	38	20135.0	0.18872609883287808
chr6	-9	62	20135.0	0.30792152967469577
chr6	-8	53	20137.0	0.26319709986591844
chr6	-7	54	20139.0	0.26813645166095634
chr6	-6	71	20137.0	0.352584794160004
chr6	-5	74	20135.0	0.3675192450956047
chr6	-4	56	20135.0	0.2781226719642414
chr6	-3	49	20134.0	0.24336942485348165
chr6	-2	74	20141.0	0.3674097611836552
chr6	-1	127	20128.0	0.6309618441971383
chr6	0	547	19504.0	2.8045529122231336
chr6	1	174	19313.0	0.9009475482835396
chr6	2	134	19137.0	0.7002142446569473
chr6	3	205	18913.0	1.083910537725374
chr6	4	151	18720.0	0.8066239316239318
chr6	5	149	18515.0	0.8047529030515798
chr6	6	145	18301.0	0.7923064313425496
chr6	7	104	18104.0	0.5744586831639417
chr6	8	124	17920.0	0.6919642857142857
chr6	9	111	17722.0	0.6263401421961404
chr6	10	141	17523.0	0.8046567368601267
chr6	11	140	17315.0	0.8085475021657523
chr6	12	103	17092.0	0.6026211092908964
chr6	13	67	16895.0	0.3965670316661734
chr6	14	143	16671.0	0.8577769779857237
chr6	15	119	16499.0	0.7212558336868901
chr6	16	104	16304.0	0.6378802747791953
chr6	17	111	16090.0	0.689869484151647
chr6	18	115	15897.0	0.7234069321255583
chr6	19	118	15680.0	0.7525510204081632
chr6	20	97	15447.0	0.6279536479575322
chr6	21	152	15274.0	0.9951551656409584
chr6	22	116	15059.0	0.7703034730061756
chr6	23	116	14867.0	0.780251563866281
chr6	24	97	14672.0	0.6611232279171211
chr6	25	107	14461.0	0.739921167277505
chr6	26	71	14257.0	0.49800098197376724
chr6	27	118	14039.0	0.8405157062468838
chr6	28	86	13838.0	0.6214770920653274
chr6	29	79	13648.0	0.5788393903868699
chr6	30	108	13452.0	0.8028545941123997
chr6	31	85	13246.0	0.6417031556696361
chr6	32	71	13053.0	0.5439362598636328
chr6	33	97	12833.0	0.7558637886698356
chr6	34	78	12634.0	0.6173816685135349
chr6	35	66	12425.0	0.5311871227364184
chr6	36	79	12206.0	0.6472226773717843
chr6	37	57	12007.0	0.4747230782043808
chr6	38	104	11809.0	0.8806842238970276
chr6	39	96	11615.0	0.8265174343521309
chr6	40	91	11413.0	0.7973363708052221
chr6	41	77	11208.0	0.6870092790863669
chr6	42	77	11011.0	0.6993006993006993
chr6	43	45	10804.0	0.41651240281377266
chr6	44	72	10621.0	0.6779022690895395
chr6	45	63	10417.0	0.6047806470192955
chr6	46	73	10219.0	0.714355612095117
chr6	47	82	10044.0	0.8164078056551175
chr6	48	37	9828.0	0.3764753764753765
chr6	49	75	9624.0	0.7793017456359103
chr6	50	68	9434.0	0.7207971168115328
chr6	51	48	9215.0	0.5208898534997287
chr6	52	76	9030.0	0.8416389811738648
chr6	53	66	8840.0	0.746606334841629
chr6	54	39	8646.0	0.4510756419153366
chr6	55	48	8415.0	0.5704099821746881
chr6	56	42	8208.0	0.5116959064327485
chr6	57	81	8015.0	1.0106051154086089
chr6	58	64	7799.0	0.8206180279523017
chr6	59	67	7597.0	0.881927076477557
chr6	60	55	7427.0	0.7405412683452269
chr6	61	53	7199.0	0.7362133629670787
chr6	62	48	6992.0	0.6864988558352403
chr6	63	44	6763.0	0.6505988466656809
chr6	64	37	6561.0	0.5639384240207286
chr6	65	46	6354.0	0.7239534151715455
chr6	66	28	6164.0	0.45425048669695006
chr6	67	28	5956.0	0.47011417058428473
chr6	68	35	5775.0	0.6060606060606061
chr6	69	39	5587.0	0.6980490424199033
chr6	70	34	5396.0	0.6300963676797628
chr6	71	19	5203.0	0.3651739381126273
chr6	72	28	5024.0	0.5573248407643312
chr6	73	31	4815.0	0.6438213914849429
chr6	74	46	4607.0	0.9984805730410246
chr6	75	23	4406.0	0.5220154334997731
chr6	76	27	4218.0	0.6401137980085349
chr6	77	19	4033.0	0.4711133151500124
chr6	78	23	3834.0	0.5998956703182056
chr6	79	19	3602.0	0.5274847307051638
chr6	80	18	3402.0	0.5291005291005291
chr6	81	19	3206.0	0.5926388022457891
chr6	82	27	3011.0	0.8967120557954168
chr6	83	16	2847.0	0.5619950825430278
chr6	84	9	2647.0	0.34000755572346053
chr6	85	11	2484.0	0.44283413848631237
chr6	86	14	2317.0	0.6042296072507553
chr6	87	20	2148.0	0.931098696461825
chr6	88	12	1978.0	0.6066734074823054
chr6	89	8	1825.0	0.4383561643835616
chr6	90	9	1682.0	0.535077288941736
chr6	91	13	1543.0	0.8425145819831497
chr6	92	16	1400.0	1.1428571428571428
chr6	93	5	1275.0	0.39215686274509803
chr6	94	9	1147.0	0.7846556233653008
chr6	95	10	1033.0	0.9680542110358179
chr6	96	6	938.0	0.6396588486140725
chr6	97	4	828.0	0.4830917874396135
chr6	98	10	696.0	1.4367816091954022
chr6	99	4	593.0	0.6745362563237773
chr6	100	4	508.0	0.7874015748031495
chr6	101	2	432.0	0.4629629629629629
chr6	102	3	359.0	0.8356545961002786
chr6	103	6	302.0	1.9867549668874174
chr6	104	0	236.0	0.0
chr6	105	1	177.0	0.5649717514124294
chr6	106	2	125.0	1.6
chr6	107	1	97.0	1.0309278350515463
chr6	108	0	68.0	0.0
chr6	109	0	45.0	0.0
chr6	110	2	34.0	5.88235294117647
chr6	111	0	21.0	0.0
chr6	112	0	10.0	0.0
chr6	113	0	4.0	0.0
chr6	114	0	1.0	0.0
chr6	115	0	0.0	nan
chr6	116	0	0.0	nan
chr6	117	0	0.0	nan
chr6	118	0	0.0	nan
chr6	119	0	0.0	nan
chr6	120	0	0.0	nan
chr6	121	0	0.0	nan
chr6	122	0	0.0	nan
chr6	123	0	0.0	nan
chr6	124	0	0.0	nan
chr6	125	0	0.0	nan
chr6	126	0	0.0	nan
chr6	127	0	0.0	nan
chr6	128	0	0.0	nan
chr6	129	0	0.0	nan
chr6	130	0	0.0	nan
chr6	131	0	0.0	nan
chr6	132	0	0.0	nan
chr6	133	0	0.0	nan
chr6	134	0	0.0	nan
chr7	-122	0	2.0	0.0
chr7	-121	0	2.0	0.0
chr7	-120	0	3.0	0.0
chr7	-119	0	6.0	0.0
chr7	-118	0	7.0	0.0
chr7	-117	0	7.0	0.0
chr7	-116	0	8.0	0.0
chr7	-115	0	11.0	0.0
chr7	-114	0	12.0	0.0
chr7	-113	0	16.0	0.0
chr7	-112	0	20.0	0.0
chr7	-111	0	24.0	0.0
chr7	-110	0	29.0	0.0
chr7	-109	0	35.0	0.0
chr7	-108	0	37.0	0.0
chr7	-107	0	42.0	0.0
chr7	-106	0	48.0	0.0
chr7	-105	0	55.0	0.0
chr7	-104	0	60.0	0.0
chr7	-103	0	70.0	0.0
chr7	-102	0	77.0	0.0
chr7	-101	0	89.0	0.0
chr7	-100	0	97.0	0.0
chr7	-99	3	102.0	2.941176470588235
chr7	-98	0	111.0	0.0
chr7	-97	0	119.0	0.0
chr7	-96	0	127.0	0.0
chr7	-95	0	139.0	0.0
chr7	-94	0	147.0	0.0
chr7	-93	0	154.0	0.0
chr7	-92	0	166.0	0.0
chr7	-91	0	172.0	0.0
chr7	-90	0	179.0	0.0
chr7	-89	0	185.0	0.0
chr7	-88	0	194.0	0.0
chr7	-87	1	199.0	0.5025125628140703
chr7	-86	0	204.0	0.0
chr7	-85	0	209.0	0.0
chr7	-84	1	222.0	0.45045045045045046
chr7	-83	0	229.0	0.0
chr7	-82	0	238.0	0.0
chr7	-81	0	248.0	0.0
chr7	-80	0	261.0	0.0
chr7	-79	0	263.0	0.0
chr7	-78	0	272.0	0.0
chr7	-77	0	282.0	0.0
chr7	-76	0	289.0	0.0
chr7	-75	0	299.0	0.0
chr7	-74	0	306.0	0.0
chr7	-73	0	310.0	0.0
chr7	-72	0	321.0	0.0
chr7	-71	0	329.0	0.0
chr7	-70	0	342.0	0.0
chr7	-69	0	344.0	0.0
chr7	-68	1	356.0	0.2808988764044944
chr7	-67	0	367.0	0.0
chr7	-66	0	379.0	0.0
chr7	-65	0	392.0	0.0
chr7	-64	0	405.0	0.0
chr7	-63	0	414.0	0.0
chr7	-62	2	424.0	0.4716981132075472
chr7	-61	0	431.0	0.0
chr7	-60	5	438.0	1.141552511415525
chr7	-59	2	449.0	0.4454342984409799
chr7	-58	0	455.0	0.0
chr7	-57	1	462.0	0.21645021645021645
chr7	-56	0	473.0	0.0
chr7	-55	0	484.0	0.0
chr7	-54	0	491.0	0.0
chr7	-53	1	497.0	0.2012072434607646
chr7	-52	1	509.0	0.19646365422396855
chr7	-51	0	514.0	0.0
chr7	-50	0	518.0	0.0
chr7	-49	2	527.0	0.3795066413662239
chr7	-48	2	541.0	0.36968576709796674
chr7	-47	0	553.0	0.0
chr7	-46	5	566.0	0.88339222614841
chr7	-45	0	574.0	0.0
chr7	-44	3	578.0	0.5190311418685121
chr7	-43	0	590.0	0.0
chr7	-42	1	605.0	0.1652892561983471
chr7	-41	1	614.0	0.16286644951140067
chr7	-40	1	630.0	0.15873015873015872
chr7	-39	0	639.0	0.0
chr7	-38	2	646.0	0.30959752321981426
chr7	-37	0	652.0	0.0
chr7	-36	4	662.0	0.6042296072507553
chr7	-35	2	673.0	0.2971768202080238
chr7	-34	1	671.0	0.14903129657228018
chr7	-33	0	678.0	0.0
chr7	-32	1	688.0	0.14534883720930233
chr7	-31	1	712.0	0.1404494382022472
chr7	-30	0	720.0	0.0
chr7	-29	11	730.0	1.5068493150684932
chr7	-28	1	737.0	0.13568521031207598
chr7	-27	1	742.0	0.13477088948787064
chr7	-26	1	753.0	0.13280212483399734
chr7	-25	3	768.0	0.390625
chr7	-24	1	777.0	0.1287001287001287
chr7	-23	0	785.0	0.0
chr7	-22	1	790.0	0.12658227848101267
chr7	-21	5	797.0	0.6273525721455459
chr7	-20	1	803.0	0.12453300124533001
chr7	-19	1	809.0	0.12360939431396785
chr7	-18	1	826.0	0.12106537530266344
chr7	-17	2	833.0	0.24009603841536614
chr7	-16	2	836.0	0.23923444976076555
chr7	-15	21	843.0	2.491103202846975
chr7	-14	0	846.0	0.0
chr7	-13	1	853.0	0.11723329425556857
chr7	-12	0	868.0	0.0
chr7	-11	3	874.0	0.34324942791762014
chr7	-10	0	886.0	0.0
chr7	-9	2	886.0	0.2257336343115124
chr7	-8	1	886.0	0.1128668171557562
chr7	-7	1	887.0	0.11273957158962795
chr7	-6	1	887.0	0.11273957158962795
chr7	-5	1	887.0	0.11273957158962795
chr7	-4	1	887.0	0.11273957158962795
chr7	-3	2	887.0	0.2254791431792559
chr7	-2	0	887.0	0.0
chr7	-1	2	887.0	0.2254791431792559
chr7	0	7	863.0	0.8111239860950173
chr7	1	6	853.0	0.7033997655334115
chr7	2	2	846.0	0.2364066193853428
chr7	3	6	836.0	0.7177033492822966
chr7	4	2	826.0	0.24213075060532688
chr7	5	8	819.0	0.9768009768009768
chr7	6	4	811.0	0.4932182490752158
chr7	7	3	806.0	0.37220843672456577
chr7	8	1	796.0	0.12562814070351758
chr7	9	3	789.0	0.38022813688212925
chr7	10	4	782.0	0.5115089514066496
chr7	11	3	773.0	0.38809831824062097
chr7	12	1	768.0	0.13020833333333331
chr7	13	3	759.0	0.3952569169960474
chr7	14	18	749.0	2.403204272363151
chr7	15	2	741.0	0.2699055330634278
chr7	16	3	736.0	0.4076086956521739
chr7	17	2	731.0	0.27359781121751026
chr7	18	2	721.0	0.27739251040221913
chr7	19	1	715.0	0.13986013986013987
chr7	20	7	711.0	0.9845288326300985
chr7	21	6	701.0	0.8559201141226819
chr7	22	1	690.0	0.14492753623188406
chr7	23	3	678.0	0.4424778761061947
chr7	24	5	671.0	0.7451564828614009
chr7	25	2	664.0	0.30120481927710846
chr7	26	3	652.0	0.4601226993865031
chr7	27	0	645.0	0.0
chr7	28	18	635.0	2.8346456692913384
chr7	29	0	625.0	0.0
chr7	30	4	616.0	0.6493506493506493
chr7	31	0	593.0	0.0
chr7	32	1	584.0	0.17123287671232876
chr7	33	3	578.0	0.5190311418685121
chr7	34	3	573.0	0.5235602094240838
chr7	35	2	559.0	0.35778175313059035
chr7	36	5	544.0	0.9191176470588236
chr7	37	1	539.0	0.1855287569573284
chr7	38	0	527.0	0.0
chr7	39	6	519.0	1.1560693641618496
chr7	40	1	512.0	0.1953125
chr7	41	3	506.0	0.592885375494071
chr7	42	3	497.0	0.6036217303822937
chr7	43	1	491.0	0.20366598778004072
chr7	44	0	486.0	0.0
chr7	45	0	473.0	0.0
chr7	46	1	462.0	0.21645021645021645
chr7	47	1	446.0	0.2242152466367713
chr7	48	0	439.0	0.0
chr7	49	0	431.0	0.0
chr7	50	2	423.0	0.4728132387706856
chr7	51	1	417.0	0.2398081534772182
chr7	52	0	402.0	0.0
chr7	53	0	396.0	0.0
chr7	54	1	388.0	0.25773195876288657
chr7	55	0	376.0	0.0
chr7	56	1	367.0	0.2724795640326975
chr7	57	1	360.0	0.2777777777777778
chr7	58	0	347.0	0.0
chr7	59	8	337.0	2.3738872403560833
chr7	60	0	324.0	0.0
chr7	61	1	313.0	0.3194888178913738
chr7	62	1	306.0	0.32679738562091504
chr7	63	1	295.0	0.3389830508474576
chr7	64	1	292.0	0.3424657534246575
chr7	65	0	282.0	0.0
chr7	66	0	277.0	0.0
chr7	67	3	270.0	1.1111111111111112
chr7	68	0	259.0	0.0
chr7	69	2	253.0	0.7905138339920948
chr7	70	0	247.0	0.0
chr7	71	0	237.0	0.0
chr7	72	0	229.0	0.0
chr7	73	1	221.0	0.4524886877828055
chr7	74	1	210.0	0.4761904761904762
chr7	75	0	189.0	0.0
chr7	76	0	184.0	0.0
chr7	77	0	177.0	0.0
chr7	78	0	172.0	0.0
chr7	79	0	163.0	0.0
chr7	80	0	155.0	0.0
chr7	81	0	150.0	0.0
chr7	82	0	140.0	0.0
chr7	83	1	132.0	0.7575757575757576
chr7	84	0	122.0	0.0
chr7	85	0	116.0	0.0
chr7	86	0	107.0	0.0
chr7	87	0	100.0	0.0
chr7	88	0	92.0	0.0
chr7	89	0	83.0	0.0
chr7	90	0	73.0	0.0
chr7	91	0	64.0	0.0
chr7	92	0	57.0	0.0
chr7	93	0	52.0	0.0
chr7	94	0	47.0	0.0
chr7	95	0	45.0	0.0
chr7	96	0	39.0	0.0
chr7	97	0	33.0	0.0
chr7	98	0	25.0	0.0
chr7	99	0	20.0	0.0
chr7	100	0	18.0	0.0
chr7	101	0	16.0	0.0
chr7	102	0	13.0	0.0
chr7	103	0	10.0	0.0
chr7	104	0	9.0	0.0
chr7	105	0	7.0	0.0
chr7	106	0	6.0	0.0
chr7	107	0	5.0	0.0
chr7	108	0	5.0	0.0
chr7	109	0	2.0	0.0
chr7	110	0	1.0	0.0
chr7	111	0	1.0	0.0
chr7	112	0	0.0	nan
chr7	113	0	0.0	nan
chr7	114	0	0.0	nan
chr7	115	0	0.0	nan
chr7	116	0	0.0	nan
chr7	117	0	0.0	nan
chr7	118	0	0.0	nan
chr7	119	0	0.0	nan
chr7	120	0	0.0	nan
chr7	121	0	0.0	nan
chr7	122	0	0.0	nan
chr8	-125	0	1.0	0.0
chr8	-124	0	4.0	0.0
chr8	-123	0	10.0	0.0
chr8	-122	0	17.0	0.0
chr8	-121	0	22.0	0.0
chr8	-120	0	30.0	0.0
chr8	-119	0	38.0	0.0
chr8	-118	0	45.0	0.0
chr8	-117	0	59.0	0.0
chr8	-116	0	74.0	0.0
chr8	-115	0	100.0	0.0
chr8	-114	0	121.0	0.0
chr8	-113	0	140.0	0.0
chr8	-112	0	159.0	0.0
chr8	-111	0	180.0	0.0
chr8	-110	0	195.0	0.0
chr8	-109	0	227.0	0.0
chr8	-108	1	258.0	0.3875968992248062
chr8	-107	0	293.0	0.0
chr8	-106	0	331.0	0.0
chr8	-105	0	369.0	0.0
chr8	-104	0	403.0	0.0
chr8	-103	1	447.0	0.22371364653243847
chr8	-102	3	483.0	0.6211180124223602
chr8	-101	0	527.0	0.0
chr8	-100	0	571.0	0.0
chr8	-99	1	616.0	0.16233766233766234
chr8	-98	0	640.0	0.0
chr8	-97	4	678.0	0.5899705014749262
chr8	-96	2	724.0	0.2762430939226519
chr8	-95	0	774.0	0.0
chr8	-94	1	829.0	0.12062726176115801
chr8	-93	1	883.0	0.11325028312570783
chr8	-92	1	938.0	0.10660980810234541
chr8	-91	1	988.0	0.10121457489878542
chr8	-90	1	1044.0	0.09578544061302681
chr8	-89	3	1102.0	0.27223230490018147
chr8	-88	0	1160.0	0.0
chr8	-87	1	1209.0	0.0827129859387924
chr8	-86	6	1267.0	0.4735595895816891
chr8	-85	5	1328.0	0.37650602409638556
chr8	-84	12	1371.0	0.87527352297593
chr8	-83	3	1433.0	0.20935101186322402
chr8	-82	1	1480.0	0.06756756756756757
chr8	-81	3	1519.0	0.19749835418038184
chr8	-80	3	1569.0	0.19120458891013384
chr8	-79	0	1620.0	0.0
chr8	-78	8	1682.0	0.47562425683709864
chr8	-77	5	1728.0	0.28935185185185186
chr8	-76	4	1775.0	0.22535211267605634
chr8	-75	11	1826.0	0.6024096385542169
chr8	-74	26	1876.0	1.3859275053304905
chr8	-73	13	1930.0	0.6735751295336788
chr8	-72	8	1974.0	0.4052684903748734
chr8	-71	5	2021.0	0.24740227610094012
chr8	-70	14	2075.0	0.6746987951807228
chr8	-69	3	2122.0	0.1413760603204524
chr8	-68	7	2173.0	0.32213529682466635
chr8	-67	8	2223.0	0.3598740440845704
chr8	-66	4	2269.0	0.17628911414720141
chr8	-65	9	2331.0	0.3861003861003861
chr8	-64	5	2385.0	0.20964360587002098
chr8	-63	3	2437.0	0.12310217480508823
chr8	-62	7	2500.0	0.27999999999999997
chr8	-61	3	2549.0	0.11769321302471558
chr8	-60	9	2599.0	0.34628703347441325
chr8	-59	1	2643.0	0.037835792659856225
chr8	-58	5	2697.0	0.18539117538005193
chr8	-57	11	2755.0	0.3992740471869328
chr8	-56	8	2814.0	0.28429282160625446
chr8	-55	2	2867.0	0.06975933031042902
chr8	-54	8	2911.0	0.27481964960494676
chr8	-53	4	2976.0	0.13440860215053765
chr8	-52	11	3027.0	0.36339610175090853
chr8	-51	3	3087.0	0.09718172983479105
chr8	-50	10	3137.0	0.318775900541919
chr8	-49	12	3189.0	0.37629350893697083
chr8	-48	16	3250.0	0.49230769230769234
chr8	-47	7	3303.0	0.2119285498032092
chr8	-46	18	3352.0	0.5369928400954653
chr8	-45	20	3397.0	0.588754783632617
chr8	-44	6	3452.0	0.17381228273464658
chr8	-43	3	3520.0	0.08522727272727272
chr8	-42	14	3576.0	0.39149888143176736
chr8	-41	22	3627.0	0.6065618968844775
chr8	-40	24	3669.0	0.6541291905151267
chr8	-39	9	3711.0	0.2425222312045271
chr8	-38	25	3786.0	0.6603275224511358
chr8	-37	4	3842.0	0.10411244143675169
chr8	-36	8	3895.0	0.20539152759948653
chr8	-35	16	3937.0	0.40640081280162554
chr8	-34	19	3992.0	0.47595190380761526
chr8	-33	5	4042.0	0.12370113805047006
chr8	-32	11	4095.0	0.2686202686202686
chr8	-31	9	4151.0	0.21681522524692848
chr8	-30	21	4208.0	0.4990494296577947
chr8	-29	10	4272.0	0.23408239700374533
chr8	-28	7	4339.0	0.16132749481447337
chr8	-27	10	4372.0	0.22872827081427266
chr8	-26	24	4430.0	0.5417607223476297
chr8	-25	31	4481.0	0.691809863869672
chr8	-24	33	4532.0	0.7281553398058253
chr8	-23	13	4573.0	0.28427727968510824
chr8	-22	12	4628.0	0.25929127052722556
chr8	-21	17	4698.0	0.3618561089825458
chr8	-20	61	4742.0	1.286377056094475
chr8	-19	21	4786.0	0.4387797743418303
chr8	-18	11	4838.0	0.22736668044646546
chr8	-17	14	4901.0	0.28565598857376046
chr8	-16	8	4943.0	0.16184503338053813
chr8	-15	31	4992.0	0.6209935897435898
chr8	-14	12	5038.0	0.23818975784041285
chr8	-13	7	5081.0	0.1377681558748278
chr8	-12	8	5130.0	0.15594541910331383
chr8	-11	21	5185.0	0.40501446480231434
chr8	-10	51	5223.0	0.9764503159103963
chr8	-9	23	5223.0	0.44035994639096304
chr8	-8	18	5223.0	0.34462952326249285
chr8	-7	34	5223.0	0.6509668772735976
chr8	-6	31	5223.0	0.5935286233965155
chr8	-5	40	5222.0	0.7659900421294523
chr8	-4	17	5214.0	0.32604526275412354
chr8	-3	22	5215.0	0.42186001917545546
chr8	-2	17	5203.0	0.32673457620603497
chr8	-1	30	5207.0	0.5761474937584021
chr8	0	117	5033.0	2.324657262070336
chr8	1	54	4980.0	1.0843373493975903
chr8	2	52	4937.0	1.0532712173384646
chr8	3	22	4898.0	0.449162923642303
chr8	4	93	4829.0	1.9258645682335886
chr8	5	28	4784.0	0.5852842809364548
chr8	6	39	4737.0	0.8233058898036731
chr8	7	23	4683.0	0.49113815929959426
chr8	8	41	4619.0	0.887638016886772
chr8	9	55	4561.0	1.2058759044069283
chr8	10	49	4494.0	1.0903426791277258
chr8	11	48	4450.0	1.0786516853932584
chr8	12	23	4398.0	0.5229649840836744
chr8	13	32	4353.0	0.7351252010107971
chr8	14	53	4301.0	1.2322715647523832
chr8	15	25	4246.0	0.5887894488930758
chr8	16	26	4203.0	0.6186057577920533
chr8	17	30	4153.0	0.7223693715386468
chr8	18	25	4093.0	0.610798924993892
chr8	19	79	4037.0	1.956898687143919
chr8	20	21	3987.0	0.5267118133935289
chr8	21	26	3936.0	0.660569105691057
chr8	22	41	3876.0	1.0577915376676987
chr8	23	52	3817.0	1.3623264343725439
chr8	24	32	3762.0	0.8506113769271665
chr8	25	36	3718.0	0.9682625067240451
chr8	26	14	3671.0	0.3813674748025061
chr8	27	35	3625.0	0.9655172413793104
chr8	28	26	3585.0	0.7252440725244073
chr8	29	30	3530.0	0.84985835694051
chr8	30	34	3488.0	0.974770642201835
chr8	31	21	3450.0	0.6086956521739131
chr8	32	36	3399.0	1.059135039717564
chr8	33	38	3341.0	1.1373840167614486
chr8	34	32	3280.0	0.975609756097561
chr8	35	17	3217.0	0.5284426484302145
chr8	36	9	3161.0	0.2847200253084467
chr8	37	35	3111.0	1.1250401800064287
chr8	38	32	3060.0	1.045751633986928
chr8	39	39	3005.0	1.29783693843594
chr8	40	24	2957.0	0.8116334122421373
chr8	41	20	2907.0	0.6879944960440316
chr8	42	10	2851.0	0.350754121360926
chr8	43	26	2800.0	0.9285714285714286
chr8	44	25	2739.0	0.9127418765972983
chr8	45	12	2678.0	0.4480955937266617
chr8	46	13	2639.0	0.49261083743842365
chr8	47	25	2589.0	0.9656237929702587
chr8	48	11	2539.0	0.4332414336352895
chr8	49	13	2486.0	0.5229283990345938
chr8	50	5	2440.0	0.20491803278688525
chr8	51	12	2383.0	0.5035669324381032
chr8	52	17	2338.0	0.7271171941830624
chr8	53	20	2276.0	0.8787346221441126
chr8	54	11	2229.0	0.493494840735756
chr8	55	27	2176.0	1.2408088235294117
chr8	56	23	2116.0	1.0869565217391304
chr8	57	22	2064.0	1.065891472868217
chr8	58	16	2008.0	0.796812749003984
chr8	59	11	1959.0	0.5615109749872383
chr8	60	14	1915.0	0.7310704960835509
chr8	61	20	1857.0	1.0770059235325793
chr8	62	12	1797.0	0.667779632721202
chr8	63	8	1739.0	0.46003450258769407
chr8	64	15	1696.0	0.8844339622641509
chr8	65	7	1642.0	0.42630937880633374
chr8	66	19	1591.0	1.1942174732872406
chr8	67	10	1537.0	0.6506180871828237
chr8	68	10	1488.0	0.6720430107526881
chr8	69	19	1443.0	1.3167013167013166
chr8	70	13	1373.0	0.9468317552804079
chr8	71	5	1316.0	0.3799392097264438
chr8	72	10	1263.0	0.791765637371338
chr8	73	15	1222.0	1.227495908346972
chr8	74	8	1163.0	0.6878761822871883
chr8	75	4	1112.0	0.3597122302158274
chr8	76	8	1044.0	0.7662835249042145
chr8	77	3	1007.0	0.29791459781529295
chr8	78	4	947.0	0.42238648363252373
chr8	79	4	903.0	0.4429678848283499
chr8	80	0	849.0	0.0
chr8	81	8	806.0	0.9925558312655087
chr8	82	8	756.0	1.0582010582010581
chr8	83	6	706.0	0.84985835694051
chr8	84	5	664.0	0.7530120481927711
chr8	85	3	618.0	0.48543689320388345
chr8	86	3	575.0	0.5217391304347827
chr8	87	6	544.0	1.1029411764705883
chr8	88	4	501.0	0.7984031936127743
chr8	89	7	473.0	1.4799154334038054
chr8	90	2	442.0	0.4524886877828055
chr8	91	4	405.0	0.9876543209876543
chr8	92	2	380.0	0.5263157894736842
chr8	93	1	347.0	0.2881844380403458
chr8	94	1	316.0	0.31645569620253167
chr8	95	3	289.0	1.0380622837370241
chr8	96	2	269.0	0.7434944237918215
chr8	97	0	237.0	0.0
chr8	98	0	202.0	0.0
chr8	99	2	171.0	1.1695906432748537
chr8	100	2	151.0	1.3245033112582782
chr8	101	1	125.0	0.8
chr8	102	0	105.0	0.0
chr8	103	2	87.0	2.2988505747126435
chr8	104	0	71.0	0.0
chr8	105	0	55.0	0.0
chr8	106	1	40.0	2.5
chr8	107	0	32.0	0.0
chr8	108	0	24.0	0.0
chr8	109	0	19.0	0.0
chr8	110	0	11.0	0.0
chr8	111	0	6.0	0.0
chr8	112	0	3.0	0.0
chr8	113	0	0.0	nan
chr8	114	0	0.0	nan
chr8	115	0	0.0	nan
chr8	116	0	0.0	nan
chr8	117	0	0.0	nan
chr8	118	0	0.0	nan
chr8	119	0	0.0	nan
chr8	120	0	0.0	nan
chr8	121	0	0.0	nan
chr8	122	0	0.0	nan
chr8	123	0	0.0	nan
chr8	124	0	0.0	nan
chr9	-126	0	1.0	0.0
chr9	-125	0	2.0	0.0
chr9	-124	0	9.0	0.0
chr9	-123	0	18.0	0.0
chr9	-122	0	39.0	0.0
chr9	-121	0	53.0	0.0
chr9	-120	0	73.0	0.0
chr9	-119	0	93.0	0.0
chr9	-118	0	118.0	0.0
chr9	-117	0	135.0	0.0
chr9	-116	0	168.0	0.0
chr9	-115	0	203.0	0.0
chr9	-114	0	239.0	0.0
chr9	-113	0	276.0	0.0
chr9	-112	0	325.0	0.0
chr9	-111	2	377.0	0.5305039787798408
chr9	-110	1	446.0	0.2242152466367713
chr9	-109	0	513.0	0.0
chr9	-108	1	584.0	0.17123287671232876
chr9	-107	1	648.0	0.15432098765432098
chr9	-106	1	714.0	0.1400560224089636
chr9	-105	4	810.0	0.49382716049382713
chr9	-104	2	897.0	0.2229654403567447
chr9	-103	4	1000.0	0.4
chr9	-102	3	1088.0	0.2757352941176471
chr9	-101	1	1200.0	0.08333333333333334
chr9	-100	2	1299.0	0.15396458814472672
chr9	-99	5	1390.0	0.3597122302158274
chr9	-98	4	1496.0	0.267379679144385
chr9	-97	0	1587.0	0.0
chr9	-96	6	1704.0	0.35211267605633806
chr9	-95	5	1816.0	0.27533039647577096
chr9	-94	2	1947.0	0.1027221366204417
chr9	-93	6	2061.0	0.2911208151382824
chr9	-92	9	2180.0	0.41284403669724773
chr9	-91	2	2304.0	0.08680555555555555
chr9	-90	10	2436.0	0.41050903119868637
chr9	-89	6	2571.0	0.2333722287047841
chr9	-88	10	2720.0	0.3676470588235294
chr9	-87	5	2848.0	0.17556179775280897
chr9	-86	6	2979.0	0.2014098690835851
chr9	-85	4	3116.0	0.12836970474967907
chr9	-84	4	3233.0	0.12372409526755336
chr9	-83	12	3356.0	0.3575685339690107
chr9	-82	4	3463.0	0.11550678602367889
chr9	-81	8	3583.0	0.22327658386826682
chr9	-80	6	3711.0	0.16168148746968472
chr9	-79	5	3836.0	0.1303441084462982
chr9	-78	16	3959.0	0.4041424602172266
chr9	-77	13	4073.0	0.3191750552418365
chr9	-76	8	4188.0	0.19102196752626552
chr9	-75	18	4316.0	0.41705282669138094
chr9	-74	19	4458.0	0.4262000897263347
chr9	-73	12	4572.0	0.26246719160104987
chr9	-72	9	4702.0	0.19140791152700978
chr9	-71	10	4829.0	0.20708221163802026
chr9	-70	8	4955.0	0.16145307769929365
chr9	-69	21	5077.0	0.4136300965136892
chr9	-68	15	5186.0	0.28924026224450444
chr9	-67	13	5320.0	0.2443609022556391
chr9	-66	15	5443.0	0.275583318023149
chr9	-65	13	5579.0	0.23301666965405984
chr9	-64	37	5697.0	0.6494646305072845
chr9	-63	15	5843.0	0.2567174396714017
chr9	-62	26	5961.0	0.43616842811608786
chr9	-61	21	6103.0	0.34409306898246766
chr9	-60	11	6225.0	0.17670682730923695
chr9	-59	26	6366.0	0.4084197298146403
chr9	-58	10	6477.0	0.1543924656476764
chr9	-57	14	6601.0	0.2120890774125133
chr9	-56	20	6718.0	0.29770765108663294
chr9	-55	16	6846.0	0.23371311714869997
chr9	-54	17	6956.0	0.24439332949971249
chr9	-53	28	7097.0	0.3945329012258701
chr9	-52	20	7215.0	0.2772002772002772
chr9	-51	15	7353.0	0.2039983680130559
chr9	-50	20	7475.0	0.26755852842809363
chr9	-49	10	7614.0	0.1313370107696349
chr9	-48	19	7747.0	0.24525622821737447
chr9	-47	22	7870.0	0.2795425667090216
chr9	-46	33	7990.0	0.41301627033792243
chr9	-45	15	8134.0	0.1844111138431276
chr9	-44	28	8258.0	0.33906514894647616
chr9	-43	22	8393.0	0.2621231979030144
chr9	-42	40	8538.0	0.4684937924572499
chr9	-41	25	8666.0	0.2884837295176552
chr9	-40	29	8775.0	0.33048433048433046
chr9	-39	48	8913.0	0.5385392123864019
chr9	-38	23	9012.0	0.25521526853084775
chr9	-37	52	9154.0	0.5680576797028621
chr9	-36	34	9283.0	0.36626090703436387
chr9	-35	47	9411.0	0.49941557751567317
chr9	-34	26	9543.0	0.272451011212407
chr9	-33	33	9655.0	0.34179181771103057
chr9	-32	43	9774.0	0.43994270513607536
chr9	-31	38	9888.0	0.3843042071197411
chr9	-30	24	10042.0	0.23899621589324838
chr9	-29	37	10183.0	0.3633506825100658
chr9	-28	31	10297.0	0.3010585607458483
chr9	-27	19	10402.0	0.1826571813112863
chr9	-26	39	10545.0	0.36984352773826457
chr9	-25	51	10670.0	0.47797563261480785
chr9	-24	22	10795.0	0.20379805465493284
chr9	-23	31	10922.0	0.28383080021973994
chr9	-22	30	11066.0	0.2711006687149828
chr9	-21	20	11192.0	0.17869907076483202
chr9	-20	31	11330.0	0.2736098852603707
chr9	-19	24	11467.0	0.20929624138833172
chr9	-18	27	11588.0	0.2329996548153262
chr9	-17	30	11704.0	0.2563226247436774
chr9	-16	42	11828.0	0.35508961785593507
chr9	-15	48	11953.0	0.4015728269053794
chr9	-14	35	12066.0	0.29007127465605836
chr9	-13	25	12172.0	0.20538941833716726
chr9	-12	66	12279.0	0.537503053994625
chr9	-11	68	12387.0	0.5489626221038185
chr9	-10	69	12477.0	0.5530175522962251
chr9	-9	50	12477.0	0.400737356736395
chr9	-8	37	12471.0	0.29668831689519687
chr9	-7	54	12476.0	0.4328310355883296
chr9	-6	58	12475.0	0.4649298597194389
chr9	-5	42	12475.0	0.3366733466933868
chr9	-4	27	12483.0	0.21629416005767843
chr9	-3	58	12482.0	0.4646691235378946
chr9	-2	54	12469.0	0.43307402357847463
chr9	-1	37	12475.0	0.29659318637274545
chr9	0	219	12113.0	1.8079749029967802
chr9	1	123	11992.0	1.025683789192795
chr9	2	93	11874.0	0.7832238504295099
chr9	3	77	11749.0	0.6553749255255766
chr9	4	65	11600.0	0.5603448275862069
chr9	5	65	11475.0	0.5664488017429194
chr9	6	94	11347.0	0.8284127963338328
chr9	7	68	11240.0	0.6049822064056939
chr9	8	94	11129.0	0.8446401293916794
chr9	9	75	11012.0	0.6810751907010534
chr9	10	56	10921.0	0.5127735555352074
chr9	11	61	10771.0	0.5663355305914028
chr9	12	51	10653.0	0.47873838355392845
chr9	13	64	10531.0	0.6077295603456462
chr9	14	59	10418.0	0.5663275100787099
chr9	15	71	10292.0	0.6898561989895065
chr9	16	66	10166.0	0.6492228998622861
chr9	17	42	10042.0	0.41824337781318466
chr9	18	67	9917.0	0.67560754260361
chr9	19	61	9778.0	0.6238494579668643
chr9	20	54	9662.0	0.5588904988615193
chr9	21	68	9549.0	0.712116451984501
chr9	22	66	9412.0	0.7012324691882702
chr9	23	44	9281.0	0.4740868440900765
chr9	24	50	9151.0	0.5463883728554256
chr9	25	92	9017.0	1.0202949983364755
chr9	26	35	8900.0	0.39325842696629215
chr9	27	61	8768.0	0.6957116788321168
chr9	28	73	8629.0	0.8459844709699849
chr9	29	39	8509.0	0.458338230109296
chr9	30	55	8389.0	0.6556204553582072
chr9	31	88	8244.0	1.067442988840369
chr9	32	43	8116.0	0.5298176441596846
chr9	33	42	7980.0	0.5263157894736842
chr9	34	82	7858.0	1.0435225248154747
chr9	35	59	7748.0	0.7614868353123386
chr9	36	63	7610.0	0.8278580814717477
chr9	37	48	7474.0	0.6422263848006422
chr9	38	66	7357.0	0.8971047981514204
chr9	39	40	7237.0	0.5527152134862512
chr9	40	52	7104.0	0.7319819819819819
chr9	41	50	6996.0	0.714694110920526
chr9	42	60	6856.0	0.8751458576429404
chr9	43	57	6725.0	0.8475836431226766
chr9	44	57	6612.0	0.8620689655172413
chr9	45	54	6494.0	0.8315368032029566
chr9	46	39	6373.0	0.6119566922956222
chr9	47	57	6252.0	0.9117082533589251
chr9	48	48	6144.0	0.78125
chr9	49	26	6019.0	0.4319654427645789
chr9	50	62	5901.0	1.0506693780715133
chr9	51	35	5785.0	0.6050129645635264
chr9	52	38	5654.0	0.6720905553590378
chr9	53	30	5520.0	0.5434782608695652
chr9	54	28	5399.0	0.518614558251528
chr9	55	43	5281.0	0.8142397273243704
chr9	56	42	5153.0	0.8150591888220454
chr9	57	15	5034.0	0.29797377830750893
chr9	58	19	4912.0	0.38680781758957655
chr9	59	47	4792.0	0.9808013355592655
chr9	60	35	4661.0	0.7509118214975327
chr9	61	30	4517.0	0.6641576267434138
chr9	62	14	4407.0	0.31767642387111417
chr9	63	53	4268.0	1.2417994376757264
chr9	64	38	4149.0	0.9158833453844301
chr9	65	17	4027.0	0.4221504842314378
chr9	66	22	3895.0	0.5648267008985879
chr9	67	23	3766.0	0.6107275624004248
chr9	68	24	3645.0	0.6584362139917695
chr9	69	29	3520.0	0.8238636363636362
chr9	70	18	3403.0	0.5289450484866294
chr9	71	14	3276.0	0.4273504273504274
chr9	72	13	3162.0	0.41113219481340924
chr9	73	14	3040.0	0.4605263157894736
chr9	74	37	2944.0	1.2567934782608696
chr9	75	10	2808.0	0.3561253561253561
chr9	76	15	2692.0	0.5572065378900446
chr9	77	9	2551.0	0.3528028224225794
chr9	78	14	2423.0	0.5777961205117622
chr9	79	13	2298.0	0.5657093124456049
chr9	80	14	2166.0	0.6463527239150507
chr9	81	8	2037.0	0.39273441335297005
chr9	82	8	1896.0	0.42194092827004215
chr9	83	7	1773.0	0.39481105470953193
chr9	84	13	1648.0	0.7888349514563107
chr9	85	8	1537.0	0.520494469746259
chr9	86	11	1430.0	0.7692307692307693
chr9	87	5	1316.0	0.3799392097264438
chr9	88	4	1233.0	0.32441200324412006
chr9	89	5	1123.0	0.44523597506678536
chr9	90	6	1027.0	0.5842259006815969
chr9	91	7	925.0	0.7567567567567568
chr9	92	5	823.0	0.6075334143377886
chr9	93	4	724.0	0.5524861878453038
chr9	94	4	649.0	0.6163328197226503
chr9	95	4	587.0	0.6814310051107325
chr9	96	4	491.0	0.8146639511201629
chr9	97	4	426.0	0.9389671361502347
chr9	98	3	364.0	0.8241758241758242
chr9	99	2	292.0	0.684931506849315
chr9	100	0	244.0	0.0
chr9	101	1	208.0	0.4807692307692308
chr9	102	0	179.0	0.0
chr9	103	1	146.0	0.684931506849315
chr9	104	3	118.0	2.5423728813559325
chr9	105	0	93.0	0.0
chr9	106	0	78.0	0.0
chr9	107	0	60.0	0.0
chr9	108	0	48.0	0.0
chr9	109	0	34.0	0.0
chr9	110	0	27.0	0.0
chr9	111	1	18.0	5.555555555555555
chr9	112	0	10.0	0.0
chr9	113	0	5.0	0.0
chr9	114	0	0.0	nan
chr9	115	0	0.0	nan
chr9	116	0	0.0	nan
chr9	117	0	0.0	nan
chr9	118	0	0.0	nan
chr9	119	0	0.0	nan
chr9	120	0	0.0	nan
chr9	121	0	0.0	nan
chr9	122	0	0.0	nan
chr9	123	0	0.0	nan
chr9	124	0	0.0	nan
chr9	125	0	0.0	nan
chr10	-127	0	1.0	0.0
chr10	-126	0	3.0	0.0
chr10	-125	0	9.0	0.0
chr10	-124	0	27.0	0.0
chr10	-123	0	48.0	0.0
chr10	-122	0	71.0	0.0
chr10	-121	0	121.0	0.0
chr10	-120	1	196.0	0.5102040816326531
chr10	-119	0	275.0	0.0
chr10	-118	0	359.0	0.0
chr10	-117	1	458.0	0.21834061135371177
chr10	-116	6	555.0	1.0810810810810811
chr10	-115	1	664.0	0.15060240963855423
chr10	-114	2	785.0	0.25477707006369427
chr10	-113	11	936.0	1.1752136752136753
chr10	-112	0	1102.0	0.0
chr10	-111	1	1283.0	0.0779423226812159
chr10	-110	1	1453.0	0.06882312456985547
chr10	-109	4	1629.0	0.24554941682013504
chr10	-108	9	1822.0	0.49396267837541163
chr10	-107	5	2011.0	0.24863252113376427
chr10	-106	2	2227.0	0.08980691513246519
chr10	-105	2	2418.0	0.0827129859387924
chr10	-104	2	2658.0	0.07524454477050413
chr10	-103	8	2880.0	0.2777777777777778
chr10	-102	2	3138.0	0.06373486297004462
chr10	-101	8	3426.0	0.23350846468184472
chr10	-100	11	3681.0	0.29883183917413747
chr10	-99	3	3983.0	0.07532011046949535
chr10	-98	9	4247.0	0.21191429244172355
chr10	-97	14	4543.0	0.30816640986132515
chr10	-96	31	4854.0	0.638648537288834
chr10	-95	12	5152.0	0.2329192546583851
chr10	-94	19	5485.0	0.3463992707383774
chr10	-93	9	5780.0	0.15570934256055363
chr10	-92	5	6092.0	0.08207485226526592
chr10	-91	10	6404.0	0.1561524047470331
chr10	-90	19	6726.0	0.2824858757062147
chr10	-89	9	7078.0	0.12715456343599885
chr10	-88	11	7420.0	0.14824797843665768
chr10	-87	14	7755.0	0.18052869116698902
chr10	-86	25	8094.0	0.30887076847047196
chr10	-85	39	8414.0	0.46351319229855004
chr10	-84	27	8718.0	0.3097040605643496
chr10	-83	26	9037.0	0.2877060971561359
chr10	-82	23	9352.0	0.24593669803250642
chr10	-81	8	9645.0	0.08294453084499741
chr10	-80	10	9967.0	0.10033109260559848
chr10	-79	34	10250.0	0.33170731707317075
chr10	-78	20	10545.0	0.1896633475580844
chr10	-77	21	10869.0	0.19321004692243998
chr10	-76	17	11187.0	0.15196209886475373
chr10	-75	15	11502.0	0.13041210224308816
chr10	-74	18	11839.0	0.15203986823211418
chr10	-73	23	12193.0	0.18863282211104732
chr10	-72	27	12525.0	0.2155688622754491
chr10	-71	42	12854.0	0.32674653804263265
chr10	-70	22	13190.0	0.16679302501895374
chr10	-69	28	13535.0	0.20687107499076468
chr10	-68	55	13885.0	0.39611091105509544
chr10	-67	27	14197.0	0.19018102416003382
chr10	-66	31	14512.0	0.21361631753031973
chr10	-65	15	14829.0	0.10115314586283633
chr10	-64	56	15175.0	0.3690280065897858
chr10	-63	34	15498.0	0.21938314621241453
chr10	-62	33	15836.0	0.20838595604950744
chr10	-61	36	16138.0	0.22307596976081298
chr10	-60	53	16471.0	0.32177766984396816
chr10	-59	30	16786.0	0.17872036220660076
chr10	-58	31	17107.0	0.18121236920558836
chr10	-57	63	17445.0	0.36113499570077384
chr10	-56	36	17761.0	0.2026912899048477
chr10	-55	43	18076.0	0.23788448771852178
chr10	-54	40	18425.0	0.21709633649932158
chr10	-53	36	18742.0	0.19208195496745278
chr10	-52	36	19071.0	0.18876828692779613
chr10	-51	70	19409.0	0.36065742696687103
chr10	-50	57	19741.0	0.28873917228103946
chr10	-49	43	20065.0	0.2143035135808622
chr10	-48	52	20372.0	0.2552523070881602
chr10	-47	33	20705.0	0.15938179183772036
chr10	-46	64	21021.0	0.3044574473145902
chr10	-45	34	21339.0	0.15933267725760344
chr10	-44	72	21636.0	0.33277870216306155
chr10	-43	56	21923.0	0.2554394927701501
chr10	-42	77	22261.0	0.3458964107632182
chr10	-41	42	22576.0	0.18603827072997875
chr10	-40	72	22896.0	0.3144654088050315
chr10	-39	53	23229.0	0.22816307202204145
chr10	-38	46	23574.0	0.19513022821752776
chr10	-37	69	23911.0	0.28857011417339296
chr10	-36	88	24235.0	0.3631112028058593
chr10	-35	57	24585.0	0.23184868822452714
chr10	-34	101	24915.0	0.40537828617298816
chr10	-33	75	25255.0	0.29697089685210853
chr10	-32	93	25570.0	0.36370746969104417
chr10	-31	71	25895.0	0.2741842054450666
chr10	-30	56	26213.0	0.21363445618586197
chr10	-29	55	26550.0	0.2071563088512241
chr10	-28	94	26877.0	0.34974141459240243
chr10	-27	108	27175.0	0.39742410303587855
chr10	-26	127	27474.0	0.4622552231200408
chr10	-25	54	27744.0	0.19463667820069203
chr10	-24	88	28051.0	0.3137143060853445
chr10	-23	100	28351.0	0.35272124440055025
chr10	-22	112	28638.0	0.3910887631817865
chr10	-21	44	28985.0	0.15180265654648956
chr10	-20	132	29326.0	0.45011252813203295
chr10	-19	85	29647.0	0.2867069180692819
chr10	-18	66	29978.0	0.22016145173126958
chr10	-17	83	30300.0	0.2739273927392739
chr10	-16	61	30617.0	0.19923571871835907
chr10	-15	85	30885.0	0.2752145054233447
chr10	-14	95	31186.0	0.3046238696851151
chr10	-13	84	31506.0	0.26661588268901165
chr10	-12	121	31815.0	0.3803237466603803
chr10	-11	155	32084.0	0.48310684453310065
chr10	-10	143	32367.0	0.44180801433558875
chr10	-9	66	32371.0	0.20388619443328904
chr10	-8	98	32370.0	0.30274945937596537
chr10	-7	136	32371.0	0.42012912792314105
chr10	-6	83	32372.0	0.25639441492647963
chr10	-5	178	32381.0	0.5497050739631265
chr10	-4	146	32372.0	0.45100704312368717
chr10	-3	72	32373.0	0.22240756185710314
chr10	-2	161	32371.0	0.4973587470266596
chr10	-1	99	32370.0	0.30583873957367935
chr10	0	764	31350.0	2.4370015948963317
chr10	1	338	31005.0	1.090146750524109
chr10	2	222	30672.0	0.7237871674491393
chr10	3	380	30388.0	1.2504936159010136
chr10	4	258	30060.0	0.8582834331337325
chr10	5	201	29721.0	0.6762894922781871
chr10	6	274	29421.0	0.9313075694232011
chr10	7	174	29089.0	0.5981642545292035
chr10	8	178	28755.0	0.6190227786471918
chr10	9	237	28414.0	0.8340958682339692
chr10	10	297	28065.0	1.0582576162479957
chr10	11	206	27707.0	0.7434944237918215
chr10	12	179	27403.0	0.6532131518446885
chr10	13	175	27087.0	0.6460663787056522
chr10	14	127	26750.0	0.47476635514018695
chr10	15	210	26480.0	0.7930513595166163
chr10	16	207	26149.0	0.7916172702589008
chr10	17	166	25801.0	0.6433859152746018
chr10	18	168	25470.0	0.6595995288574794
chr10	19	221	25147.0	0.8788324651051815
chr10	20	155	24823.0	0.6244208999718003
chr10	21	192	24454.0	0.7851476241105749
chr10	22	214	24135.0	0.8866790967474623
chr10	23	176	23815.0	0.7390300230946882
chr10	24	140	23478.0	0.5963029218843172
chr10	25	166	23135.0	0.7175275556516102
chr10	26	154	22819.0	0.6748761996581796
chr10	27	167	22539.0	0.7409379298105506
chr10	28	158	22184.0	0.71222502704652
chr10	29	147	21848.0	0.6728304650311242
chr10	30	130	21500.0	0.6046511627906976
chr10	31	146	21154.0	0.6901767987141912
chr10	32	133	20854.0	0.6377673348038746
chr10	33	160	20530.0	0.7793472966390648
chr10	34	90	20196.0	0.4456327985739751
chr10	35	146	19877.0	0.7345172812798711
chr10	36	105	19577.0	0.5363436685906932
chr10	37	131	19293.0	0.6790027471103509
chr10	38	130	18998.0	0.6842825560585325
chr10	39	138	18686.0	0.7385208177244996
chr10	40	121	18331.0	0.66008401069227
chr10	41	160	18010.0	0.8883953359244865
chr10	42	125	17686.0	0.7067737193260206
chr10	43	135	17366.0	0.7773810894852009
chr10	44	84	17080.0	0.49180327868852464
chr10	45	158	16793.0	0.9408682189007325
chr10	46	84	16464.0	0.5102040816326531
chr10	47	113	16140.0	0.7001239157372986
chr10	48	110	15820.0	0.695322376738306
chr10	49	89	15480.0	0.5749354005167959
chr10	50	117	15131.0	0.7732469764060538
chr10	51	86	14836.0	0.5796710703693718
chr10	52	100	14539.0	0.6878052135635188
chr10	53	96	14240.0	0.6741573033707865
chr10	54	79	13922.0	0.5674472058612269
chr10	55	104	13572.0	0.7662835249042145
chr10	56	128	13254.0	0.9657461898294855
chr10	57	97	12902.0	0.7518214230351883
chr10	58	76	12573.0	0.6044698958084784
chr10	59	102	12249.0	0.8327210384521185
chr10	60	88	11919.0	0.7383169729004111
chr10	61	70	11599.0	0.6035003017501509
chr10	62	101	11283.0	0.8951519985819374
chr10	63	89	10964.0	0.8117475373951112
chr10	64	70	10657.0	0.6568452660223327
chr10	65	86	10345.0	0.8313194780086998
chr10	66	66	10007.0	0.6595383231737784
chr10	67	78	9657.0	0.8077042559801181
chr10	68	73	9365.0	0.779498131340096
chr10	69	64	9055.0	0.706791827719492
chr10	70	51	8756.0	0.5824577432617634
chr10	71	48	8429.0	0.5694625696998458
chr10	72	47	8125.0	0.5784615384615385
chr10	73	36	7784.0	0.4624871531346352
chr10	74	52	7456.0	0.6974248927038627
chr10	75	35	7172.0	0.48800892359174564
chr10	76	39	6817.0	0.5720991638550682
chr10	77	36	6526.0	0.5516395954642966
chr10	78	25	6207.0	0.4027710649266957
chr10	79	35	5906.0	0.5926176769387064
chr10	80	37	5603.0	0.6603605211493843
chr10	81	43	5274.0	0.8153204398938187
chr10	82	15	4975.0	0.3015075376884422
chr10	83	36	4661.0	0.7723664449688908
chr10	84	45	4375.0	1.0285714285714285
chr10	85	28	4099.0	0.6830934374237618
chr10	86	21	3845.0	0.5461638491547465
chr10	87	20	3556.0	0.562429696287964
chr10	88	21	3267.0	0.642791551882461
chr10	89	23	3040.0	0.756578947368421
chr10	90	21	2796.0	0.7510729613733905
chr10	91	9	2566.0	0.35074045206547155
chr10	92	8	2358.0	0.33927056827820185
chr10	93	12	2131.0	0.5631159080244017
chr10	94	14	1917.0	0.7303077725612936
chr10	95	12	1712.0	0.7009345794392523
chr10	96	21	1533.0	1.36986301369863
chr10	97	6	1371.0	0.437636761487965
chr10	98	5	1211.0	0.41288191577208916
chr10	99	8	1054.0	0.7590132827324478
chr10	100	9	900.0	1.0
chr10	101	7	770.0	0.9090909090909091
chr10	102	1	640.0	0.15625
chr10	103	1	525.0	0.19047619047619047
chr10	104	4	429.0	0.9324009324009324
chr10	105	1	356.0	0.2808988764044944
chr10	106	1	277.0	0.36101083032490977
chr10	107	2	191.0	1.0471204188481675
chr10	108	3	139.0	2.158273381294964
chr10	109	1	88.0	1.1363636363636365
chr10	110	1	49.0	2.0408163265306123
chr10	111	0	27.0	0.0
chr10	112	0	15.0	0.0
chr10	113	0	10.0	0.0
chr10	114	0	1.0	0.0
chr10	115	0	0.0	nan
chr10	116	0	0.0	nan
chr10	117	0	0.0	nan
chr10	118	0	0.0	nan
chr10	119	0	0.0	nan
chr10	120	0	0.0	nan
chr10	121	0	0.0	nan
chr10	122	0	0.0	nan
chr10	123	0	0.0	nan
chr10	124	0	0.0	nan
chr10	125	0	0.0	nan
chr10	126	0	0.0	nan
chr10	127	0	0.0	nan
chr10	128	0	0.0	nan
chr10	129	0	0.0	nan
chr10	130	0	0.0	nan
chr10	131	0	0.0	nan
chr10	132	0	0.0	nan
chr11	-127	0	1.0	0.0
chr11	-126	0	1.0	0.0
chr11	-125	0	5.0	0.0
chr11	-124	0	9.0	0.0
chr11	-123	0	12.0	0.0
chr11	-122	0	19.0	0.0
chr11	-121	0	38.0	0.0
chr11	-120	0	56.0	0.0
chr11	-119	0	83.0	0.0
chr11	-118	0	106.0	0.0
chr11	-117	0	143.0	0.0
chr11	-116	0	177.0	0.0
chr11	-115	0	223.0	0.0
chr11	-114	0	269.0	0.0
chr11	-113	0	320.0	0.0
chr11	-112	0	385.0	0.0
chr11	-111	1	450.0	0.2222222222222222
chr11	-110	2	524.0	0.38167938931297707
chr11	-109	2	603.0	0.33167495854063017
chr11	-108	0	693.0	0.0
chr11	-107	1	791.0	0.12642225031605564
chr11	-106	1	887.0	0.11273957158962795
chr11	-105	3	996.0	0.30120481927710846
chr11	-104	0	1112.0	0.0
chr11	-103	2	1227.0	0.16299918500407498
chr11	-102	2	1350.0	0.14814814814814814
chr11	-101	0	1496.0	0.0
chr11	-100	5	1633.0	0.3061849357011635
chr11	-99	4	1771.0	0.2258610954263128
chr11	-98	7	1929.0	0.36288232244686364
chr11	-97	1	2082.0	0.04803073967339097
chr11	-96	3	2234.0	0.13428827215756492
chr11	-95	4	2372.0	0.16863406408094433
chr11	-94	1	2531.0	0.03951007506914263
chr11	-93	7	2701.0	0.259163272861903
chr11	-92	5	2870.0	0.17421602787456447
chr11	-91	4	3025.0	0.1322314049586777
chr11	-90	7	3210.0	0.21806853582554517
chr11	-89	9	3351.0	0.26857654431512984
chr11	-88	4	3525.0	0.11347517730496454
chr11	-87	7	3720.0	0.1881720430107527
chr11	-86	22	3905.0	0.5633802816901409
chr11	-85	11	4065.0	0.27060270602706027
chr11	-84	11	4251.0	0.258762644083745
chr11	-83	5	4440.0	0.11261261261261261
chr11	-82	24	4611.0	0.520494469746259
chr11	-81	24	4786.0	0.5014625992478061
chr11	-80	7	4968.0	0.14090177133655393
chr11	-79	9	5142.0	0.1750291715285881
chr11	-78	20	5307.0	0.3768607499528924
chr11	-77	16	5459.0	0.29309397325517494
chr11	-76	38	5622.0	0.6759160441124155
chr11	-75	24	5800.0	0.41379310344827586
chr11	-74	8	5997.0	0.13340003335000833
chr11	-73	14	6178.0	0.22661055357720947
chr11	-72	15	6341.0	0.23655574830468382
chr11	-71	17	6519.0	0.26077619266758706
chr11	-70	17	6704.0	0.2535799522673031
chr11	-69	12	6868.0	0.17472335468841002
chr11	-68	19	7027.0	0.2703856553294436
chr11	-67	9	7192.0	0.12513904338153503
chr11	-66	12	7368.0	0.16286644951140067
chr11	-65	11	7546.0	0.1457725947521866
chr11	-64	44	7697.0	0.571651292711446
chr11	-63	34	7887.0	0.4310891340180043
chr11	-62	14	8059.0	0.17371882367539399
chr11	-61	33	8234.0	0.4007772649987855
chr11	-60	26	8394.0	0.3097450559923755
chr11	-59	9	8580.0	0.1048951048951049
chr11	-58	15	8755.0	0.17133066818960593
chr11	-57	24	8941.0	0.2684263505200761
chr11	-56	16	9098.0	0.17586282699494393
chr11	-55	12	9282.0	0.12928248222365868
chr11	-54	40	9444.0	0.4235493434985175
chr11	-53	22	9622.0	0.22864269382664726
chr11	-52	17	9779.0	0.1738419061253707
chr11	-51	24	9952.0	0.2411575562700965
chr11	-50	15	10134.0	0.14801657785671996
chr11	-49	10	10283.0	0.09724788485850433
chr11	-48	28	10444.0	0.2680965147453083
chr11	-47	38	10623.0	0.35771439329756194
chr11	-46	41	10810.0	0.3792784458834413
chr11	-45	13	10975.0	0.11845102505694761
chr11	-44	72	11128.0	0.6470165348670022
chr11	-43	17	11288.0	0.15060240963855423
chr11	-42	19	11456.0	0.16585195530726257
chr11	-41	35	11636.0	0.30079064970780334
chr11	-40	21	11823.0	0.17761989342806395
chr11	-39	27	11987.0	0.22524401434887795
chr11	-38	22	12164.0	0.18086155869779677
chr11	-37	20	12334.0	0.16215339711366952
chr11	-36	31	12508.0	0.24784138151582985
chr11	-35	28	12675.0	0.22090729783037474
chr11	-34	37	12838.0	0.2882068858077582
chr11	-33	27	13004.0	0.2076284220239926
chr11	-32	26	13185.0	0.19719378081152825
chr11	-31	49	13349.0	0.36706869428421607
chr11	-30	28	13547.0	0.20668782756329815
chr11	-29	19	13721.0	0.1384738721667517
chr11	-28	39	13884.0	0.2808988764044944
chr11	-27	54	14065.0	0.38393174546747244
chr11	-26	37	14234.0	0.2599409863706618
chr11	-25	42	14385.0	0.291970802919708
chr11	-24	22	14547.0	0.1512339313947893
chr11	-23	35	14716.0	0.23783636857841803
chr11	-22	22	14885.0	0.1477997984548203
chr11	-21	63	15070.0	0.41804910418049107
chr11	-20	34	15208.0	0.22356654392425038
chr11	-19	43	15362.0	0.27991146986069526
chr11	-18	34	15501.0	0.2193406876975679
chr11	-17	83	15683.0	0.5292354779060129
chr11	-16	64	15838.0	0.40409142568506123
chr11	-15	42	16005.0	0.2624179943767573
chr11	-14	35	16176.0	0.21636993076162214
chr11	-13	31	16349.0	0.18961404367239587
chr11	-12	74	16487.0	0.44883847880148
chr11	-11	66	16641.0	0.3966107806021273
chr11	-10	57	16798.0	0.3393261102512204
chr11	-9	50	16798.0	0.2976544826765091
chr11	-8	59	16800.0	0.3511904761904762
chr11	-7	47	16798.0	0.2797952137159186
chr11	-6	78	16799.0	0.4643133519852372
chr11	-5	34	16800.0	0.20238095238095236
chr11	-4	45	16799.0	0.2678730876837907
chr11	-3	50	16799.0	0.29763676409310075
chr11	-2	70	16800.0	0.4166666666666667
chr11	-1	61	16799.0	0.3631168521935829
chr11	0	270	16276.0	1.6588842467436717
chr11	1	107	16106.0	0.6643486899292189
chr11	2	98	15922.0	0.6155005652556211
chr11	3	92	15753.0	0.584015743033073
chr11	4	105	15576.0	0.6741140215716487
chr11	5	100	15424.0	0.6483402489626556
chr11	6	112	15261.0	0.7338968612803879
chr11	7	80	15098.0	0.5298715061597563
chr11	8	88	14928.0	0.5894962486602359
chr11	9	103	14784.0	0.6966991341991342
chr11	10	128	14621.0	0.8754531153819849
chr11	11	62	14454.0	0.42894700428947
chr11	12	78	14274.0	0.546448087431694
chr11	13	95	14094.0	0.6740456932027813
chr11	14	68	13935.0	0.48797990670972374
chr11	15	69	13740.0	0.5021834061135372
chr11	16	94	13567.0	0.6928576693447336
chr11	17	77	13377.0	0.5756148613291471
chr11	18	73	13242.0	0.5512762422594775
chr11	19	70	13062.0	0.5359056806002144
chr11	20	82	12888.0	0.6362507759155804
chr11	21	59	12727.0	0.463581362457767
chr11	22	68	12557.0	0.5415306203711078
chr11	23	66	12401.0	0.5322151439400048
chr11	24	81	12218.0	0.6629562939924701
chr11	25	58	12058.0	0.48100845911428103
chr11	26	58	11885.0	0.4880100967606226
chr11	27	66	11711.0	0.5635727094184955
chr11	28	64	11533.0	0.5549293332177231
chr11	29	61	11381.0	0.5359810209999121
chr11	30	84	11220.0	0.7486631016042781
chr11	31	60	11059.0	0.5425445338638213
chr11	32	48	10863.0	0.44186688760011045
chr11	33	50	10714.0	0.4666791114429718
chr11	34	69	10560.0	0.6534090909090908
chr11	35	62	10378.0	0.5974176141838505
chr11	36	51	10178.0	0.501080762428768
chr11	37	40	9995.0	0.400200100050025
chr11	38	72	9800.0	0.7346938775510203
chr11	39	58	9614.0	0.6032868733097566
chr11	40	61	9432.0	0.6467345207803222
chr11	41	41	9268.0	0.4423823910228744
chr11	42	37	9098.0	0.4066827874258079
chr11	43	86	8929.0	0.9631537686191063
chr11	44	32	8769.0	0.36492188390922564
chr11	45	58	8610.0	0.6736353077816493
chr11	46	53	8431.0	0.6286324279444906
chr11	47	58	8284.0	0.7001448575567359
chr11	48	30	8127.0	0.36913990402362495
chr11	49	34	7946.0	0.4278882456581928
chr11	50	37	7792.0	0.47484599589322385
chr11	51	29	7616.0	0.3807773109243697
chr11	52	40	7455.0	0.5365526492287056
chr11	53	69	7271.0	0.9489753816531425
chr11	54	27	7112.0	0.3796400449943757
chr11	55	38	6950.0	0.5467625899280576
chr11	56	26	6779.0	0.38353739489600236
chr11	57	17	6613.0	0.2570694087403599
chr11	58	33	6435.0	0.5128205128205128
chr11	59	36	6257.0	0.5753556017260668
chr11	60	43	6098.0	0.7051492292554936
chr11	61	33	5951.0	0.5545286506469501
chr11	62	22	5769.0	0.3813485872768244
chr11	63	28	5620.0	0.498220640569395
chr11	64	29	5468.0	0.5303584491587418
chr11	65	19	5282.0	0.3597122302158274
chr11	66	20	5123.0	0.3903962521959789
chr11	67	27	4942.0	0.546337515176042
chr11	68	30	4802.0	0.6247396917950854
chr11	69	25	4617.0	0.5414771496642842
chr11	70	21	4439.0	0.47307952241495826
chr11	71	33	4262.0	0.7742843735335524
chr11	72	21	4075.0	0.5153374233128835
chr11	73	17	3897.0	0.43623299974339236
chr11	74	28	3745.0	0.7476635514018692
chr11	75	28	3604.0	0.776914539400666
chr11	76	19	3452.0	0.5504055619930475
chr11	77	17	3296.0	0.5157766990291263
chr11	78	14	3133.0	0.4468560485157995
chr11	79	15	2985.0	0.5025125628140703
chr11	80	27	2816.0	0.9588068181818182
chr11	81	29	2660.0	1.0902255639097744
chr11	82	7	2510.0	0.27888446215139445
chr11	83	21	2355.0	0.89171974522293
chr11	84	22	2197.0	1.0013654984069187
chr11	85	14	2030.0	0.6896551724137931
chr11	86	8	1900.0	0.42105263157894735
chr11	87	7	1761.0	0.3975014196479273
chr11	88	10	1627.0	0.6146281499692685
chr11	89	8	1510.0	0.5298013245033113
chr11	90	2	1378.0	0.14513788098693758
chr11	91	6	1254.0	0.4784688995215311
chr11	92	4	1122.0	0.35650623885918004
chr11	93	3	1007.0	0.29791459781529295
chr11	94	7	899.0	0.778642936596218
chr11	95	5	795.0	0.628930817610063
chr11	96	4	705.0	0.5673758865248227
chr11	97	5	595.0	0.8403361344537815
chr11	98	2	506.0	0.3952569169960474
chr11	99	2	435.0	0.45977011494252873
chr11	100	0	366.0	0.0
chr11	101	1	311.0	0.3215434083601286
chr11	102	5	265.0	1.8867924528301887
chr11	103	0	208.0	0.0
chr11	104	1	173.0	0.5780346820809248
chr11	105	0	134.0	0.0
chr11	106	4	115.0	3.4782608695652173
chr11	107	2	86.0	2.3255813953488373
chr11	108	0	65.0	0.0
chr11	109	1	44.0	2.272727272727273
chr11	110	0	29.0	0.0
chr11	111	0	18.0	0.0
chr11	112	1	10.0	10.0
chr11	113	0	5.0	0.0
chr11	114	0	1.0	0.0
chr11	115	0	0.0	nan
chr11	116	0	0.0	nan
chr11	117	0	0.0	nan
chr11	118	0	0.0	nan
chr11	119	0	0.0	nan
chr11	120	0	0.0	nan
chr11	121	0	0.0	nan
chr11	122	0	0.0	nan
chr11	123	0	0.0	nan
chr11	124	0	0.0	nan
chr11	125	0	0.0	nan
chr11	126	0	0.0	nan
chr11	127	0	0.0	nan
chr11	128	0	0.0	nan
chr11	129	0	0.0	nan
chr11	130	0	0.0	nan
chr11	131	0	0.0	nan
chr11	132	0	0.0	nan
chr11	133	0	0.0	nan
chr11	134	0	0.0	nan
chr11	135	0	0.0	nan
chr11	136	0	0.0	nan
chr11	137	0	0.0	nan
chr11	138	0	0.0	nan
chr11	139	0	0.0	nan
chr11	140	0	0.0	nan
chr11	141	0	0.0	nan
chr11	142	0	0.0	nan
chr11	143	0	0.0	nan
chr11	144	0	0.0	nan
chr12	-125	0	2.0	0.0
chr12	-124	0	15.0	0.0
chr12	-123	0	28.0	0.0
chr12	-122	0	50.0	0.0
chr12	-121	0	75.0	0.0
chr12	-120	0	95.0	0.0
chr12	-119	0	124.0	0.0
chr12	-118	1	144.0	0.6944444444444444
chr12	-117	0	165.0	0.0
chr12	-116	0	197.0	0.0
chr12	-115	0	234.0	0.0
chr12	-114	0	260.0	0.0
chr12	-113	0	303.0	0.0
chr12	-112	0	355.0	0.0
chr12	-111	2	398.0	0.5025125628140703
chr12	-110	0	444.0	0.0
chr12	-109	0	497.0	0.0
chr12	-108	0	551.0	0.0
chr12	-107	2	604.0	0.33112582781456956
chr12	-106	0	658.0	0.0
chr12	-105	6	732.0	0.819672131147541
chr12	-104	0	798.0	0.0
chr12	-103	1	881.0	0.11350737797956867
chr12	-102	1	944.0	0.1059322033898305
chr12	-101	0	1041.0	0.0
chr12	-100	1	1117.0	0.08952551477170993
chr12	-99	1	1198.0	0.08347245409015025
chr12	-98	0	1294.0	0.0
chr12	-97	1	1379.0	0.0725163161711385
chr12	-96	1	1487.0	0.06724949562878278
chr12	-95	6	1592.0	0.37688442211055273
chr12	-94	8	1699.0	0.47086521483225424
chr12	-93	12	1823.0	0.6582556226001097
chr12	-92	5	1931.0	0.25893319523562924
chr12	-91	6	2045.0	0.293398533007335
chr12	-90	2	2159.0	0.09263547938860583
chr12	-89	2	2262.0	0.08841732979664013
chr12	-88	4	2375.0	0.16842105263157894
chr12	-87	19	2491.0	0.7627458851866721
chr12	-86	13	2601.0	0.4998077662437524
chr12	-85	2	2726.0	0.07336757153338225
chr12	-84	16	2839.0	0.5635787249031349
chr12	-83	10	2953.0	0.3386386725364037
chr12	-82	12	3074.0	0.3903708523096942
chr12	-81	12	3172.0	0.37831021437578816
chr12	-80	8	3287.0	0.2433830240340736
chr12	-79	17	3395.0	0.5007363770250368
chr12	-78	7	3509.0	0.19948703334283271
chr12	-77	5	3622.0	0.13804527885146328
chr12	-76	7	3717.0	0.18832391713747645
chr12	-75	10	3811.0	0.26239832065074786
chr12	-74	8	3905.0	0.20486555697823303
chr12	-73	7	4021.0	0.1740860482467048
chr12	-72	11	4136.0	0.26595744680851063
chr12	-71	5	4245.0	0.11778563015312131
chr12	-70	18	4361.0	0.41274936941068563
chr12	-69	11	4462.0	0.24652622142536978
chr12	-68	11	4570.0	0.24070021881838077
chr12	-67	8	4693.0	0.17046665246111228
chr12	-66	32	4814.0	0.6647278770253428
chr12	-65	24	4908.0	0.4889975550122249
chr12	-64	20	5017.0	0.39864460833167237
chr12	-63	9	5124.0	0.1756440281030445
chr12	-62	8	5231.0	0.15293442936341045
chr12	-61	1	5338.0	0.018733608092918696
chr12	-60	20	5439.0	0.36771465342893916
chr12	-59	9	5545.0	0.1623083859332732
chr12	-58	8	5651.0	0.14156786409485048
chr12	-57	32	5756.0	0.5559416261292565
chr12	-56	18	5858.0	0.30727210652099696
chr12	-55	19	5966.0	0.3184713375796179
chr12	-54	6	6084.0	0.09861932938856016
chr12	-53	14	6194.0	0.22602518566354535
chr12	-52	13	6303.0	0.20625099159130572
chr12	-51	22	6400.0	0.34375
chr12	-50	9	6504.0	0.13837638376383762
chr12	-49	16	6607.0	0.24216739821401545
chr12	-48	17	6707.0	0.2534665275085731
chr12	-47	20	6807.0	0.2938151902453357
chr12	-46	40	6912.0	0.5787037037037037
chr12	-45	18	7014.0	0.2566295979469632
chr12	-44	9	7106.0	0.12665353222628764
chr12	-43	37	7202.0	0.5137461816162178
chr12	-42	13	7303.0	0.17800903738189786
chr12	-41	24	7416.0	0.3236245954692557
chr12	-40	13	7533.0	0.17257400769945574
chr12	-39	7	7636.0	0.09167103195390257
chr12	-38	10	7755.0	0.1289490651192779
chr12	-37	24	7853.0	0.305615688271998
chr12	-36	14	7963.0	0.17581313575285698
chr12	-35	25	8060.0	0.3101736972704715
chr12	-34	24	8175.0	0.29357798165137616
chr12	-33	32	8267.0	0.3870811660820128
chr12	-32	17	8376.0	0.2029608404966571
chr12	-31	19	8471.0	0.22429465234328885
chr12	-30	33	8595.0	0.38394415357766143
chr12	-29	19	8682.0	0.21884358442755125
chr12	-28	27	8797.0	0.30692281459588494
chr12	-27	11	8890.0	0.12373453318335209
chr12	-26	10	8983.0	0.11132138483802738
chr12	-25	58	9091.0	0.6379936200637993
chr12	-24	26	9192.0	0.2828546562228024
chr12	-23	29	9279.0	0.3125336781980817
chr12	-22	23	9392.0	0.24488926746166953
chr12	-21	17	9502.0	0.17890970322037464
chr12	-20	14	9605.0	0.14575741801145237
chr12	-19	41	9696.0	0.4228547854785479
chr12	-18	26	9800.0	0.2653061224489796
chr12	-17	17	9894.0	0.1718213058419244
chr12	-16	22	10000.0	0.22
chr12	-15	28	10083.0	0.27769513041753446
chr12	-14	19	10194.0	0.18638414753776733
chr12	-13	21	10301.0	0.20386370255315017
chr12	-12	36	10393.0	0.3463869912441066
chr12	-11	34	10508.0	0.32356299961933765
chr12	-10	26	10601.0	0.2452598811432884
chr12	-9	37	10600.0	0.34905660377358494
chr12	-8	24	10603.0	0.22635103272658683
chr12	-7	43	10600.0	0.4056603773584906
chr12	-6	11	10602.0	0.103754008677608
chr12	-5	55	10602.0	0.51877004338804
chr12	-4	18	10604.0	0.16974726518294983
chr12	-3	35	10602.0	0.33012639124693455
chr12	-2	39	10604.0	0.3677857412297246
chr12	-1	42	10596.0	0.39637599093997733
chr12	0	182	10261.0	1.7737062664457657
chr12	1	97	10126.0	0.9579300809796564
chr12	2	62	10007.0	0.6195663035874888
chr12	3	64	9895.0	0.6467913087417888
chr12	4	79	9803.0	0.8058757523207182
chr12	5	38	9707.0	0.3914700731430926
chr12	6	110	9611.0	1.1445219019873063
chr12	7	39	9509.0	0.41013776422336734
chr12	8	61	9394.0	0.6493506493506493
chr12	9	60	9273.0	0.6470397929472662
chr12	10	68	9173.0	0.7413060067589665
chr12	11	83	9067.0	0.9154075217822873
chr12	12	46	8936.0	0.5147717099373321
chr12	13	45	8854.0	0.508244861079738
chr12	14	54	8751.0	0.6170723345903325
chr12	15	30	8645.0	0.3470213996529786
chr12	16	31	8539.0	0.3630401686380138
chr12	17	57	8430.0	0.6761565836298933
chr12	18	59	8327.0	0.7085384892518314
chr12	19	28	8198.0	0.3415467187118809
chr12	20	35	8064.0	0.4340277777777778
chr12	21	65	7952.0	0.8174044265593561
chr12	22	54	7828.0	0.6898313745528871
chr12	23	34	7739.0	0.43933324718955935
chr12	24	77	7619.0	1.010631316445728
chr12	25	52	7536.0	0.6900212314225054
chr12	26	19	7424.0	0.25592672413793105
chr12	27	42	7327.0	0.5732223283745053
chr12	28	30	7218.0	0.41562759767248547
chr12	29	48	7092.0	0.676818950930626
chr12	30	44	6979.0	0.6304628170224961
chr12	31	24	6858.0	0.3499562554680665
chr12	32	55	6728.0	0.8174791914387634
chr12	33	34	6614.0	0.5140610825521621
chr12	34	33	6477.0	0.5094951366373321
chr12	35	33	6356.0	0.5191944619257395
chr12	36	26	6247.0	0.41619977589242835
chr12	37	43	6135.0	0.7008964955175224
chr12	38	36	6022.0	0.5978080371969445
chr12	39	25	5921.0	0.422225975342003
chr12	40	34	5830.0	0.5831903945111492
chr12	41	25	5719.0	0.4371393600279769
chr12	42	40	5626.0	0.7109847138286527
chr12	43	15	5524.0	0.2715423606082549
chr12	44	37	5406.0	0.684424713281539
chr12	45	60	5317.0	1.1284558961820574
chr12	46	30	5207.0	0.5761474937584021
chr12	47	26	5125.0	0.5073170731707317
chr12	48	29	5030.0	0.5765407554671969
chr12	49	17	4923.0	0.3453178955921186
chr12	50	26	4814.0	0.540091400083091
chr12	51	27	4721.0	0.5719127303537386
chr12	52	26	4623.0	0.5624053644819381
chr12	53	28	4530.0	0.6181015452538632
chr12	54	26	4419.0	0.5883684091423399
chr12	55	26	4298.0	0.604932526756631
chr12	56	37	4179.0	0.8853792773390764
chr12	57	23	4075.0	0.5644171779141104
chr12	58	21	3983.0	0.5272407732864675
chr12	59	29	3885.0	0.7464607464607464
chr12	60	15	3785.0	0.3963011889035667
chr12	61	14	3692.0	0.37919826652221017
chr12	62	17	3591.0	0.4734057365636313
chr12	63	24	3486.0	0.6884681583476765
chr12	64	24	3383.0	0.7094295004433935
chr12	65	32	3281.0	0.9753124047546479
chr12	66	17	3178.0	0.5349276274386406
chr12	67	13	3082.0	0.42180402336145356
chr12	68	25	2994.0	0.8350033400133602
chr12	69	21	2870.0	0.7317073170731708
chr12	70	14	2761.0	0.5070626584570808
chr12	71	15	2665.0	0.5628517823639775
chr12	72	3	2553.0	0.11750881316098707
chr12	73	17	2443.0	0.6958657388456815
chr12	74	10	2360.0	0.423728813559322
chr12	75	17	2272.0	0.7482394366197183
chr12	76	12	2173.0	0.5522319374137138
chr12	77	9	2068.0	0.43520309477756286
chr12	78	6	1985.0	0.30226700251889166
chr12	79	10	1872.0	0.5341880341880342
chr12	80	5	1784.0	0.2802690582959641
chr12	81	17	1695.0	1.0029498525073746
chr12	82	1	1586.0	0.06305170239596469
chr12	83	15	1482.0	1.0121457489878543
chr12	84	8	1375.0	0.5818181818181818
chr12	85	9	1286.0	0.6998444790046656
chr12	86	6	1208.0	0.49668874172185434
chr12	87	5	1108.0	0.45126353790613716
chr12	88	4	1016.0	0.39370078740157477
chr12	89	10	926.0	1.079913606911447
chr12	90	6	848.0	0.7075471698113208
chr12	91	5	774.0	0.6459948320413437
chr12	92	8	697.0	1.1477761836441895
chr12	93	17	624.0	2.7243589743589745
chr12	94	4	576.0	0.6944444444444444
chr12	95	1	521.0	0.19193857965451055
chr12	96	4	460.0	0.8695652173913043
chr12	97	1	418.0	0.23923444976076555
chr12	98	1	361.0	0.2770083102493075
chr12	99	3	317.0	0.9463722397476341
chr12	100	2	274.0	0.7299270072992701
chr12	101	0	245.0	0.0
chr12	102	1	211.0	0.47393364928909953
chr12	103	0	177.0	0.0
chr12	104	0	154.0	0.0
chr12	105	1	128.0	0.78125
chr12	106	0	98.0	0.0
chr12	107	1	73.0	1.36986301369863
chr12	108	1	59.0	1.694915254237288
chr12	109	0	44.0	0.0
chr12	110	0	29.0	0.0
chr12	111	0	18.0	0.0
chr12	112	0	11.0	0.0
chr12	113	0	4.0	0.0
chr12	114	0	1.0	0.0
chr12	115	0	0.0	nan
chr12	116	0	0.0	nan
chr12	117	0	0.0	nan
chr12	118	0	0.0	nan
chr12	119	0	0.0	nan
chr12	120	0	0.0	nan
chr12	121	0	0.0	nan
chr12	122	0	0.0	nan
chr12	123	0	0.0	nan
chr12	124	0	0.0	nan
chr12	125	0	0.0	nan
chr17	-125	0	7.0	0.0
chr17	-124	0	26.0	0.0
chr17	-123	0	55.0	0.0
chr17	-122	0	99.0	0.0
chr17	-121	0	146.0	0.0
chr17	-120	1	209.0	0.4784688995215311
chr17	-119	0	271.0	0.0
chr17	-118	0	360.0	0.0
chr17	-117	0	473.0	0.0
chr17	-116	0	620.0	0.0
chr17	-115	1	745.0	0.1342281879194631
chr17	-114	0	899.0	0.0
chr17	-113	2	1070.0	0.1869158878504673
chr17	-112	4	1254.0	0.3189792663476874
chr17	-111	1	1470.0	0.06802721088435373
chr17	-110	3	1733.0	0.17311021350259664
chr17	-109	3	1972.0	0.15212981744421905
chr17	-108	9	2223.0	0.4048582995951417
chr17	-107	5	2493.0	0.20056157240272765
chr17	-106	2	2821.0	0.07089684509039348
chr17	-105	2	3128.0	0.0639386189258312
chr17	-104	9	3473.0	0.2591419522027066
chr17	-103	3	3854.0	0.07784120394395433
chr17	-102	9	4275.0	0.21052631578947367
chr17	-101	7	4652.0	0.15047291487532244
chr17	-100	14	5070.0	0.27613412228796846
chr17	-99	10	5524.0	0.18102824040550325
chr17	-98	15	6013.0	0.2494595044071179
chr17	-97	8	6480.0	0.12345679012345678
chr17	-96	14	6979.0	0.20060180541624875
chr17	-95	11	7465.0	0.14735432016075017
chr17	-94	9	7966.0	0.11298016570424303
chr17	-93	9	8481.0	0.10611956137247967
chr17	-92	32	8997.0	0.35567411359342
chr17	-91	20	9488.0	0.21079258010118043
chr17	-90	24	9976.0	0.24057738572574178
chr17	-89	20	10505.0	0.19038553069966682
chr17	-88	24	11011.0	0.2179638543274907
chr17	-87	28	11499.0	0.24349943473345506
chr17	-86	49	12033.0	0.4072134962187318
chr17	-85	35	12552.0	0.2788400254939452
chr17	-84	34	13059.0	0.2603568420246573
chr17	-83	25	13559.0	0.1843793790102515
chr17	-82	37	14049.0	0.26336394049398537
chr17	-81	45	14571.0	0.3088326127239036
chr17	-80	29	15108.0	0.19195128408790044
chr17	-79	37	15638.0	0.23660314618237627
chr17	-78	31	16217.0	0.19115742739100944
chr17	-77	44	16748.0	0.2627179364700263
chr17	-76	49	17297.0	0.28328611898017
chr17	-75	44	17846.0	0.24655384960215174
chr17	-74	35	18380.0	0.19042437431991296
chr17	-73	43	18874.0	0.22782663982197732
chr17	-72	41	19385.0	0.21150374000515862
chr17	-71	55	19906.0	0.2762986034361499
chr17	-70	35	20440.0	0.17123287671232876
chr17	-69	55	20977.0	0.26219192448872575
chr17	-68	46	21528.0	0.2136752136752137
chr17	-67	48	22073.0	0.2174602455488606
chr17	-66	63	22632.0	0.27836691410392367
chr17	-65	76	23188.0	0.3277557357253752
chr17	-64	42	23663.0	0.17749228753750582
chr17	-63	62	24199.0	0.25620893425348157
chr17	-62	58	24732.0	0.23451398997250528
chr17	-61	87	25285.0	0.34407751631402017
chr17	-60	63	25827.0	0.24393077012428854
chr17	-59	104	26342.0	0.3948067724546352
chr17	-58	80	26842.0	0.29804038447209596
chr17	-57	69	27384.0	0.25197195442594217
chr17	-56	63	27871.0	0.22604140504467007
chr17	-55	65	28397.0	0.22889741874141636
chr17	-54	93	28949.0	0.32125462019413453
chr17	-53	82	29511.0	0.27786249195215346
chr17	-52	71	29999.0	0.23667455581852728
chr17	-51	64	30525.0	0.20966420966420968
chr17	-50	67	31087.0	0.2155241740920642
chr17	-49	71	31623.0	0.22452012775511496
chr17	-48	75	32116.0	0.23352845933491095
chr17	-47	90	32669.0	0.275490526186905
chr17	-46	62	33205.0	0.18671886764041562
chr17	-45	85	33764.0	0.25174742329107924
chr17	-44	94	34302.0	0.27403649932948515
chr17	-43	77	34851.0	0.22094057559323982
chr17	-42	101	35377.0	0.2854962263617605
chr17	-41	136	35887.0	0.37896731406916156
chr17	-40	113	36419.0	0.3102776023504215
chr17	-39	91	36881.0	0.24673951357067325
chr17	-38	154	37415.0	0.411599625818522
chr17	-37	157	37944.0	0.41376765760067463
chr17	-36	121	38454.0	0.3146616736880429
chr17	-35	134	38993.0	0.34365142461467446
chr17	-34	92	39521.0	0.23278763189190557
chr17	-33	145	40073.0	0.36183964265215984
chr17	-32	138	40617.0	0.3397592141221656
chr17	-31	121	41116.0	0.2942893277556183
chr17	-30	108	41611.0	0.25954675446396386
chr17	-29	133	42132.0	0.3156745466628691
chr17	-28	122	42630.0	0.2861834388927985
chr17	-27	139	43165.0	0.3220201552183482
chr17	-26	152	43684.0	0.34795348411317645
chr17	-25	127	44222.0	0.2871873728008683
chr17	-24	169	44691.0	0.37815220066680094
chr17	-23	115	45199.0	0.2544304077523839
chr17	-22	195	45759.0	0.42614567626040784
chr17	-21	120	46303.0	0.25916247327386993
chr17	-20	128	46814.0	0.27342248045456485
chr17	-19	139	47319.0	0.2937509245757518
chr17	-18	152	47808.0	0.3179384203480589
chr17	-17	144	48295.0	0.29816751216482035
chr17	-16	125	48821.0	0.256037360971713
chr17	-15	177	49274.0	0.3592158136136705
chr17	-14	191	49807.0	0.38348023370209006
chr17	-13	246	50261.0	0.48944509659577007
chr17	-12	130	50733.0	0.25624347071925574
chr17	-11	176	51227.0	0.3435688211294825
chr17	-10	231	51717.0	0.4466616393062243
chr17	-9	171	51730.0	0.33056253624589216
chr17	-8	131	51709.0	0.2533408110773753
chr17	-7	161	51727.0	0.31124944419742107
chr17	-6	175	51730.0	0.3382949932341001
chr17	-5	167	51733.0	0.32281135832060776
chr17	-4	163	51726.0	0.31512198894173143
chr17	-3	139	51733.0	0.26868729824290105
chr17	-2	165	51724.0	0.31900085066893513
chr17	-1	191	51711.0	0.369360484229661
chr17	0	851	50155.0	1.6967401056724156
chr17	1	371	49638.0	0.7474112575043313
chr17	2	301	49125.0	0.6127226463104326
chr17	3	393	48623.0	0.8082594656849639
chr17	4	341	48113.0	0.7087481553841997
chr17	5	320	47620.0	0.6719865602687947
chr17	6	445	47107.0	0.9446579064682532
chr17	7	247	46562.0	0.5304754950388729
chr17	8	303	46056.0	0.6578947368421052
chr17	9	364	45503.0	0.7999472562248642
chr17	10	291	44962.0	0.6472132022596859
chr17	11	285	44432.0	0.6414296002880806
chr17	12	324	43920.0	0.7377049180327869
chr17	13	326	43342.0	0.7521572608555213
chr17	14	332	42824.0	0.7752662058658697
chr17	15	249	42300.0	0.5886524822695035
chr17	16	309	41783.0	0.739535217672259
chr17	17	263	41259.0	0.6374366804818342
chr17	18	212	40764.0	0.5200667255421451
chr17	19	230	40241.0	0.5715563728535573
chr17	20	197	39702.0	0.4961966651554078
chr17	21	314	39154.0	0.8019614854165602
chr17	22	251	38642.0	0.6495523006055587
chr17	23	275	38145.0	0.7209332809018221
chr17	24	285	37617.0	0.7576361751335833
chr17	25	239	37102.0	0.6441701255996981
chr17	26	201	36556.0	0.5498413393150235
chr17	27	221	36045.0	0.6131224857816618
chr17	28	256	35558.0	0.7199505034028911
chr17	29	192	35024.0	0.5481955230698949
chr17	30	226	34488.0	0.6553003943400604
chr17	31	244	33954.0	0.7186193084761736
chr17	32	215	33455.0	0.6426543117620684
chr17	33	193	32925.0	0.5861807137433561
chr17	34	213	32389.0	0.6576306770817253
chr17	35	194	31846.0	0.6091816868680525
chr17	36	180	31287.0	0.5753188225141432
chr17	37	250	30750.0	0.8130081300813009
chr17	38	174	30205.0	0.5760635656348286
chr17	39	231	29669.0	0.7785904479422966
chr17	40	222	29118.0	0.7624150010302906
chr17	41	173	28607.0	0.604747089873108
chr17	42	168	28057.0	0.5987810528566846
chr17	43	182	27470.0	0.6625409537677467
chr17	44	153	26944.0	0.5678444180522565
chr17	45	149	26400.0	0.5643939393939393
chr17	46	190	25891.0	0.7338457379012011
chr17	47	143	25342.0	0.5642806408333991
chr17	48	171	24826.0	0.6887940062837348
chr17	49	136	24337.0	0.5588199038501048
chr17	50	133	23824.0	0.5582605775688382
chr17	51	146	23325.0	0.6259378349410504
chr17	52	134	22779.0	0.5882611176961235
chr17	53	165	22220.0	0.7425742574257426
chr17	54	116	21696.0	0.5346607669616519
chr17	55	133	21200.0	0.6273584905660377
chr17	56	137	20687.0	0.6622516556291391
chr17	57	115	20220.0	0.5687438180019783
chr17	58	136	19707.0	0.6901101131577613
chr17	59	128	19199.0	0.6667013906974322
chr17	60	144	18732.0	0.7687379884689303
chr17	61	109	18210.0	0.5985722130697418
chr17	62	93	17723.0	0.5247418608587711
chr17	63	95	17178.0	0.5530329491209687
chr17	64	127	16659.0	0.7623506813134041
chr17	65	90	16149.0	0.5573100501579045
chr17	66	121	15623.0	0.7744991358893939
chr17	67	84	15076.0	0.5571769700185725
chr17	68	100	14577.0	0.6860122110173561
chr17	69	85	14070.0	0.6041222459132907
chr17	70	123	13530.0	0.9090909090909091
chr17	71	78	13028.0	0.5987104697574455
chr17	72	79	12519.0	0.6310408179567059
chr17	73	65	11993.0	0.5419828233135996
chr17	74	86	11468.0	0.749912800837112
chr17	75	81	10966.0	0.7386467262447566
chr17	76	74	10447.0	0.7083373217191539
chr17	77	71	9966.0	0.7124222356010436
chr17	78	80	9411.0	0.8500690681117841
chr17	79	40	8874.0	0.450755014649538
chr17	80	58	8380.0	0.6921241050119332
chr17	81	53	7882.0	0.6724181679776706
chr17	82	72	7397.0	0.97336758145194
chr17	83	57	6943.0	0.8209707619184791
chr17	84	37	6466.0	0.5722239406124343
chr17	85	34	6040.0	0.5629139072847682
chr17	86	33	5568.0	0.5926724137931034
chr17	87	40	5150.0	0.7766990291262136
chr17	88	20	4719.0	0.42381860563678747
chr17	89	33	4326.0	0.7628294036061026
chr17	90	24	3957.0	0.6065200909780136
chr17	91	19	3585.0	0.5299860529986054
chr17	92	18	3231.0	0.5571030640668524
chr17	93	13	2895.0	0.44905008635578586
chr17	94	11	2586.0	0.42536736272235115
chr17	95	8	2296.0	0.34843205574912894
chr17	96	5	2058.0	0.24295432458697766
chr17	97	13	1783.0	0.7291082445316881
chr17	98	6	1571.0	0.3819223424570337
chr17	99	11	1341.0	0.8202833706189411
chr17	100	4	1129.0	0.354295837023915
chr17	101	5	942.0	0.5307855626326964
chr17	102	6	788.0	0.7614213197969544
chr17	103	6	640.0	0.9375
chr17	104	8	521.0	1.5355086372360844
chr17	105	3	401.0	0.7481296758104738
chr17	106	0	309.0	0.0
chr17	107	2	242.0	0.8264462809917356
chr17	108	1	164.0	0.6097560975609756
chr17	109	0	111.0	0.0
chr17	110	0	71.0	0.0
chr17	111	1	39.0	2.564102564102564
chr17	112	0	19.0	0.0
chr17	113	0	4.0	0.0
chr17	114	0	0.0	nan
chr17	115	0	0.0	nan
chr17	116	0	0.0	nan
chr17	117	0	0.0	nan
chr17	118	0	0.0	nan
chr17	119	0	0.0	nan
chr17	120	0	0.0	nan
chr17	121	0	0.0	nan
chr17	122	0	0.0	nan
chr17	123	0	0.0	nan
chr17	124	0	0.0	nan
chr18	-137	0	1.0	0.0
chr18	-136	0	1.0	0.0
chr18	-135	0	1.0	0.0
chr18	-134	0	1.0	0.0
chr18	-133	0	2.0	0.0
chr18	-132	0	2.0	0.0
chr18	-131	0	2.0	0.0
chr18	-130	0	2.0	0.0
chr18	-129	0	2.0	0.0
chr18	-128	0	2.0	0.0
chr18	-127	0	2.0	0.0
chr18	-126	0	2.0	0.0
chr18	-125	0	2.0	0.0
chr18	-124	0	3.0	0.0
chr18	-123	0	3.0	0.0
chr18	-122	0	6.0	0.0
chr18	-121	0	13.0	0.0
chr18	-120	0	27.0	0.0
chr18	-119	0	33.0	0.0
chr18	-118	0	44.0	0.0
chr18	-117	0	55.0	0.0
chr18	-116	0	75.0	0.0
chr18	-115	0	97.0	0.0
chr18	-114	0	114.0	0.0
chr18	-113	0	133.0	0.0
chr18	-112	1	155.0	0.6451612903225806
chr18	-111	0	173.0	0.0
chr18	-110	0	196.0	0.0
chr18	-109	0	220.0	0.0
chr18	-108	0	253.0	0.0
chr18	-107	1	292.0	0.3424657534246575
chr18	-106	0	323.0	0.0
chr18	-105	0	346.0	0.0
chr18	-104	0	377.0	0.0
chr18	-103	0	413.0	0.0
chr18	-102	0	450.0	0.0
chr18	-101	7	486.0	1.440329218106996
chr18	-100	2	515.0	0.3883495145631068
chr18	-99	0	550.0	0.0
chr18	-98	4	586.0	0.6825938566552902
chr18	-97	1	630.0	0.15873015873015872
chr18	-96	3	672.0	0.4464285714285714
chr18	-95	2	718.0	0.2785515320334262
chr18	-94	3	763.0	0.39318479685452157
chr18	-93	3	823.0	0.3645200486026731
chr18	-92	4	864.0	0.4629629629629629
chr18	-91	3	911.0	0.3293084522502744
chr18	-90	2	953.0	0.2098635886673662
chr18	-89	1	1012.0	0.09881422924901186
chr18	-88	4	1069.0	0.37418147801683815
chr18	-87	3	1123.0	0.26714158504007124
chr18	-86	1	1174.0	0.08517887563884156
chr18	-85	1	1221.0	0.08190008190008191
chr18	-84	1	1274.0	0.07849293563579278
chr18	-83	1	1328.0	0.07530120481927711
chr18	-82	0	1382.0	0.0
chr18	-81	3	1423.0	0.21082220660576245
chr18	-80	12	1477.0	0.8124576844955992
chr18	-79	5	1525.0	0.32786885245901637
chr18	-78	2	1571.0	0.1273074474856779
chr18	-77	3	1631.0	0.18393623543838136
chr18	-76	2	1692.0	0.1182033096926714
chr18	-75	0	1739.0	0.0
chr18	-74	3	1782.0	0.16835016835016833
chr18	-73	0	1831.0	0.0
chr18	-72	9	1889.0	0.4764425622022234
chr18	-71	3	1954.0	0.15353121801432956
chr18	-70	2	1997.0	0.10015022533800699
chr18	-69	3	2035.0	0.14742014742014742
chr18	-68	7	2088.0	0.33524904214559387
chr18	-67	18	2136.0	0.8426966292134831
chr18	-66	2	2193.0	0.09119927040583675
chr18	-65	9	2247.0	0.4005340453938585
chr18	-64	1	2306.0	0.04336513443191674
chr18	-63	4	2365.0	0.16913319238900634
chr18	-62	1	2413.0	0.04144218814753419
chr18	-61	19	2465.0	0.7707910750507099
chr18	-60	6	2520.0	0.2380952380952381
chr18	-59	10	2569.0	0.3892565200467108
chr18	-58	34	2615.0	1.3001912045889101
chr18	-57	7	2658.0	0.26335590669676445
chr18	-56	5	2707.0	0.1847063169560399
chr18	-55	4	2754.0	0.14524328249818447
chr18	-54	3	2809.0	0.10679957280170879
chr18	-53	18	2854.0	0.6306937631394535
chr18	-52	24	2897.0	0.8284432171211599
chr18	-51	9	2944.0	0.30570652173913043
chr18	-50	4	2983.0	0.1340931947703654
chr18	-49	15	3028.0	0.4953764861294584
chr18	-48	2	3069.0	0.06516780710329098
chr18	-47	8	3109.0	0.2573174654229656
chr18	-46	6	3157.0	0.19005384859043395
chr18	-45	11	3207.0	0.3429996881821017
chr18	-44	1	3255.0	0.030721966205837174
chr18	-43	17	3307.0	0.5140610825521621
chr18	-42	9	3358.0	0.2680166765932102
chr18	-41	16	3393.0	0.47155909224874737
chr18	-40	10	3436.0	0.2910360884749709
chr18	-39	2	3494.0	0.05724098454493417
chr18	-38	0	3547.0	0.0
chr18	-37	3	3594.0	0.08347245409015025
chr18	-36	19	3642.0	0.5216913783635365
chr18	-35	16	3691.0	0.4334868599295584
chr18	-34	7	3733.0	0.18751674256630055
chr18	-33	11	3777.0	0.2912364310299179
chr18	-32	32	3831.0	0.8352910467240929
chr18	-31	32	3874.0	0.8260196179659267
chr18	-30	6	3916.0	0.15321756894790603
chr18	-29	17	3970.0	0.42821158690176325
chr18	-28	14	4011.0	0.34904013961605584
chr18	-27	36	4059.0	0.8869179600886918
chr18	-26	11	4098.0	0.26842362127867253
chr18	-25	27	4157.0	0.6495068559057012
chr18	-24	29	4209.0	0.6889997624138751
chr18	-23	9	4262.0	0.2111684655091506
chr18	-22	7	4308.0	0.16248839368616527
chr18	-21	82	4358.0	1.8815970628728775
chr18	-20	4	4393.0	0.09105394946505806
chr18	-19	15	4440.0	0.33783783783783783
chr18	-18	9	4485.0	0.2006688963210702
chr18	-17	22	4529.0	0.4857584455729742
chr18	-16	28	4582.0	0.6110868616324749
chr18	-15	21	4628.0	0.4537597234226448
chr18	-14	17	4671.0	0.3639477627916934
chr18	-13	6	4722.0	0.12706480304955528
chr18	-12	13	4763.0	0.2729372244383792
chr18	-11	26	4802.0	0.5414410662224073
chr18	-10	26	4844.0	0.5367464905037159
chr18	-9	39	4844.0	0.8051197357555739
chr18	-8	21	4842.0	0.43370508054522927
chr18	-7	27	4843.0	0.5575056782985752
chr18	-6	6	4843.0	0.12389015073301672
chr18	-5	32	4844.0	0.6606110652353426
chr18	-4	36	4844.0	0.7431874483897605
chr18	-3	32	4842.0	0.660883932259397
chr18	-2	14	4844.0	0.2890173410404624
chr18	-1	30	4839.0	0.6199628022318662
chr18	0	105	4742.0	2.214255588359342
chr18	1	53	4694.0	1.1291009799744356
chr18	2	56	4638.0	1.207416990081932
chr18	3	80	4581.0	1.7463435931019426
chr18	4	71	4534.0	1.5659461843846492
chr18	5	42	4495.0	0.9343715239154617
chr18	6	43	4449.0	0.9665093279388627
chr18	7	52	4390.0	1.184510250569476
chr18	8	48	4353.0	1.1026878015161956
chr18	9	57	4302.0	1.3249651324965133
chr18	10	59	4258.0	1.3856270549553782
chr18	11	44	4209.0	1.0453789498693276
chr18	12	25	4154.0	0.601829561868079
chr18	13	34	4102.0	0.8288639687957094
chr18	14	37	4060.0	0.9113300492610837
chr18	15	62	4017.0	1.5434403783918347
chr18	16	32	3962.0	0.8076728924785461
chr18	17	23	3911.0	0.5880848887752493
chr18	18	33	3877.0	0.8511735878256383
chr18	19	23	3827.0	0.6009929448654299
chr18	20	97	3783.0	2.564102564102564
chr18	21	27	3736.0	0.7226980728051392
chr18	22	22	3692.0	0.5958829902491874
chr18	23	43	3655.0	1.1764705882352942
chr18	24	36	3602.0	0.9994447529150472
chr18	25	10	3554.0	0.28137310073157007
chr18	26	63	3500.0	1.7999999999999998
chr18	27	51	3448.0	1.4791183294663572
chr18	28	14	3395.0	0.4123711340206186
chr18	29	30	3348.0	0.8960573476702508
chr18	30	20	3301.0	0.6058770069675856
chr18	31	31	3247.0	0.9547274407145057
chr18	32	12	3192.0	0.37593984962406013
chr18	33	11	3147.0	0.34953924372418177
chr18	34	40	3106.0	1.28783000643915
chr18	35	29	3042.0	0.9533201840894149
chr18	36	11	2986.0	0.3683858004018754
chr18	37	22	2951.0	0.7455099966113182
chr18	38	13	2905.0	0.44750430292598964
chr18	39	25	2842.0	0.8796622097114707
chr18	40	25	2798.0	0.8934953538241601
chr18	41	19	2754.0	0.6899055918663761
chr18	42	17	2706.0	0.6282335550628234
chr18	43	12	2647.0	0.4533434076312807
chr18	44	8	2595.0	0.3082851637764933
chr18	45	14	2531.0	0.5531410509679968
chr18	46	19	2475.0	0.7676767676767676
chr18	47	12	2421.0	0.49566294919454773
chr18	48	14	2372.0	0.5902192242833052
chr18	49	20	2327.0	0.8594757198109154
chr18	50	25	2276.0	1.0984182776801406
chr18	51	15	2229.0	0.6729475100942126
chr18	52	11	2176.0	0.5055147058823529
chr18	53	17	2138.0	0.7951356407857811
chr18	54	5	2088.0	0.23946360153256704
chr18	55	11	2043.0	0.5384238864415075
chr18	56	8	1999.0	0.400200100050025
chr18	57	33	1952.0	1.6905737704918034
chr18	58	10	1910.0	0.5235602094240838
chr18	59	9	1854.0	0.48543689320388345
chr18	60	33	1811.0	1.8221976808393152
chr18	61	7	1754.0	0.3990877993158495
chr18	62	6	1719.0	0.34904013961605584
chr18	63	13	1673.0	0.7770472205618649
chr18	64	5	1624.0	0.3078817733990148
chr18	65	13	1576.0	0.8248730964467006
chr18	66	15	1525.0	0.9836065573770493
chr18	67	10	1464.0	0.6830601092896175
chr18	68	7	1414.0	0.49504950495049505
chr18	69	9	1381.0	0.6517016654598118
chr18	70	9	1334.0	0.6746626686656672
chr18	71	10	1282.0	0.7800312012480499
chr18	72	7	1238.0	0.5654281098546041
chr18	73	7	1185.0	0.5907172995780591
chr18	74	8	1126.0	0.7104795737122558
chr18	75	8	1069.0	0.7483629560336763
chr18	76	4	1011.0	0.3956478733926805
chr18	77	6	977.0	0.6141248720573182
chr18	78	4	921.0	0.43431053203040176
chr18	79	16	886.0	1.805869074492099
chr18	80	5	847.0	0.5903187721369539
chr18	81	6	799.0	0.7509386733416771
chr18	82	2	760.0	0.2631578947368421
chr18	83	7	720.0	0.9722222222222222
chr18	84	6	673.0	0.8915304606240713
chr18	85	3	635.0	0.47244094488188976
chr18	86	5	598.0	0.8361204013377926
chr18	87	5	545.0	0.9174311926605505
chr18	88	1	500.0	0.2
chr18	89	2	468.0	0.4273504273504274
chr18	90	0	429.0	0.0
chr18	91	2	396.0	0.5050505050505051
chr18	92	5	362.0	1.3812154696132597
chr18	93	0	329.0	0.0
chr18	94	0	295.0	0.0
chr18	95	1	268.0	0.3731343283582089
chr18	96	0	243.0	0.0
chr18	97	1	216.0	0.4629629629629629
chr18	98	3	189.0	1.5873015873015872
chr18	99	0	161.0	0.0
chr18	100	1	130.0	0.7692307692307693
chr18	101	1	111.0	0.9009009009009009
chr18	102	0	89.0	0.0
chr18	103	0	76.0	0.0
chr18	104	0	58.0	0.0
chr18	105	0	49.0	0.0
chr18	106	1	36.0	2.7777777777777777
chr18	107	0	28.0	0.0
chr18	108	0	21.0	0.0
chr18	109	0	9.0	0.0
chr18	110	0	1.0	0.0
chr18	111	0	1.0	0.0
chr18	112	0	0.0	nan
chr18	113	0	0.0	nan
chr18	114	0	0.0	nan
chr18	115	0	0.0	nan
chr18	116	0	0.0	nan
chr18	117	0	0.0	nan
chr18	118	0	0.0	nan
chr18	119	0	0.0	nan
chr18	120	0	0.0	nan
chr18	121	0	0.0	nan
chr18	122	0	0.0	nan
chr18	123	0	0.0	nan
chr18	124	0	0.0	nan
chr19	-123	0	3.0	0.0
chr19	-122	0	4.0	0.0
chr19	-121	0	11.0	0.0
chr19	-120	0	19.0	0.0
chr19	-119	0	22.0	0.0
chr19	-118	0	24.0	0.0
chr19	-117	0	30.0	0.0
chr19	-116	0	37.0	0.0
chr19	-115	0	52.0	0.0
chr19	-114	0	63.0	0.0
chr19	-113	0	72.0	0.0
chr19	-112	0	86.0	0.0
chr19	-111	0	97.0	0.0
chr19	-110	1	117.0	0.8547008547008548
chr19	-109	0	147.0	0.0
chr19	-108	1	171.0	0.5847953216374269
chr19	-107	0	193.0	0.0
chr19	-106	0	217.0	0.0
chr19	-105	0	245.0	0.0
chr19	-104	0	263.0	0.0
chr19	-103	2	298.0	0.6711409395973155
chr19	-102	0	334.0	0.0
chr19	-101	1	354.0	0.2824858757062147
chr19	-100	0	387.0	0.0
chr19	-99	2	429.0	0.4662004662004662
chr19	-98	0	455.0	0.0
chr19	-97	0	490.0	0.0
chr19	-96	0	536.0	0.0
chr19	-95	4	582.0	0.6872852233676976
chr19	-94	0	623.0	0.0
chr19	-93	1	659.0	0.15174506828528073
chr19	-92	0	697.0	0.0
chr19	-91	2	752.0	0.26595744680851063
chr19	-90	1	802.0	0.12468827930174563
chr19	-89	4	837.0	0.4778972520908005
chr19	-88	6	887.0	0.6764374295377678
chr19	-87	1	945.0	0.10582010582010583
chr19	-86	3	993.0	0.3021148036253776
chr19	-85	0	1041.0	0.0
chr19	-84	9	1096.0	0.8211678832116789
chr19	-83	2	1150.0	0.17391304347826086
chr19	-82	5	1191.0	0.41981528127623846
chr19	-81	1	1239.0	0.08071025020177562
chr19	-80	6	1298.0	0.46224961479198773
chr19	-79	8	1344.0	0.5952380952380952
chr19	-78	3	1394.0	0.2152080344332855
chr19	-77	5	1433.0	0.34891835310537334
chr19	-76	3	1483.0	0.20229265003371544
chr19	-75	8	1535.0	0.5211726384364821
chr19	-74	6	1591.0	0.3771213073538655
chr19	-73	3	1638.0	0.18315018315018314
chr19	-72	5	1684.0	0.29691211401425177
chr19	-71	10	1729.0	0.578368999421631
chr19	-70	3	1776.0	0.16891891891891891
chr19	-69	8	1836.0	0.4357298474945534
chr19	-68	4	1876.0	0.21321961620469082
chr19	-67	6	1920.0	0.3125
chr19	-66	5	1975.0	0.25316455696202533
chr19	-65	6	2014.0	0.29791459781529295
chr19	-64	5	2064.0	0.24224806201550386
chr19	-63	8	2111.0	0.37896731406916156
chr19	-62	6	2158.0	0.27803521779425394
chr19	-61	12	2207.0	0.5437245129134572
chr19	-60	34	2254.0	1.5084294587400178
chr19	-59	8	2298.0	0.34812880765883375
chr19	-58	16	2340.0	0.6837606837606838
chr19	-57	19	2388.0	0.7956448911222781
chr19	-56	25	2441.0	1.0241704219582137
chr19	-55	18	2490.0	0.7228915662650602
chr19	-54	17	2544.0	0.6682389937106918
chr19	-53	7	2591.0	0.2701659590891548
chr19	-52	4	2640.0	0.15151515151515152
chr19	-51	8	2694.0	0.2969561989606533
chr19	-50	15	2743.0	0.5468465184104995
chr19	-49	21	2785.0	0.7540394973070017
chr19	-48	7	2836.0	0.2468265162200282
chr19	-47	7	2894.0	0.24187975120939878
chr19	-46	19	2933.0	0.647800886464371
chr19	-45	18	2981.0	0.6038242200603825
chr19	-44	9	3035.0	0.29654036243822074
chr19	-43	11	3077.0	0.35749106272343195
chr19	-42	14	3128.0	0.4475703324808184
chr19	-41	16	3169.0	0.5048911328494794
chr19	-40	13	3206.0	0.40548970679975044
chr19	-39	3	3262.0	0.09196811771919068
chr19	-38	17	3301.0	0.5149954559224478
chr19	-37	32	3343.0	0.9572240502542626
chr19	-36	8	3392.0	0.2358490566037736
chr19	-35	11	3467.0	0.31727718488606865
chr19	-34	21	3527.0	0.5954068613552594
chr19	-33	5	3565.0	0.1402524544179523
chr19	-32	20	3620.0	0.5524861878453038
chr19	-31	40	3670.0	1.08991825613079
chr19	-30	36	3722.0	0.967221923696937
chr19	-29	6	3774.0	0.1589825119236884
chr19	-28	16	3829.0	0.4178636719770175
chr19	-27	9	3879.0	0.23201856148491878
chr19	-26	26	3936.0	0.660569105691057
chr19	-25	22	3991.0	0.5512402906539714
chr19	-24	22	4039.0	0.5446892795246348
chr19	-23	24	4115.0	0.5832320777642771
chr19	-22	12	4171.0	0.28770079117717573
chr19	-21	14	4227.0	0.33120416370948663
chr19	-20	7	4276.0	0.16370439663236672
chr19	-19	16	4320.0	0.3703703703703704
chr19	-18	38	4381.0	0.8673818762839535
chr19	-17	13	4423.0	0.2939181550983495
chr19	-16	11	4472.0	0.24597495527728086
chr19	-15	10	4522.0	0.22114108801415305
chr19	-14	11	4569.0	0.24075289997811336
chr19	-13	19	4614.0	0.41179020372778496
chr19	-12	7	4649.0	0.1505700150570015
chr19	-11	15	4688.0	0.3199658703071672
chr19	-10	33	4723.0	0.6987084480203261
chr19	-9	16	4725.0	0.33862433862433866
chr19	-8	23	4722.0	0.4870817450232952
chr19	-7	30	4724.0	0.6350550381033023
chr19	-6	23	4725.0	0.4867724867724868
chr19	-5	19	4725.0	0.4021164021164021
chr19	-4	48	4725.0	1.0158730158730158
chr19	-3	18	4725.0	0.38095238095238093
chr19	-2	24	4725.0	0.5079365079365079
chr19	-1	54	4724.0	1.1430990685859441
chr19	0	99	4578.0	2.1625163826998692
chr19	1	30	4518.0	0.6640106241699867
chr19	2	25	4453.0	0.5614192679092747
chr19	3	56	4407.0	1.2707056954844567
chr19	4	32	4368.0	0.7326007326007326
chr19	5	26	4324.0	0.6012950971322849
chr19	6	56	4283.0	1.3074947466728928
chr19	7	24	4236.0	0.56657223796034
chr19	8	37	4191.0	0.882844189930804
chr19	9	27	4146.0	0.6512301013024602
chr19	10	27	4111.0	0.6567745074191195
chr19	11	50	4072.0	1.2278978388998034
chr19	12	21	4038.0	0.5200594353640415
chr19	13	35	3980.0	0.8793969849246231
chr19	14	27	3936.0	0.6859756097560976
chr19	15	34	3890.0	0.8740359897172237
chr19	16	29	3845.0	0.7542262678803641
chr19	17	41	3796.0	1.0800842992623814
chr19	18	26	3764.0	0.6907545164718385
chr19	19	33	3701.0	0.8916509051607674
chr19	20	33	3646.0	0.9051014810751509
chr19	21	23	3595.0	0.6397774687065368
chr19	22	47	3561.0	1.3198539736029204
chr19	23	16	3511.0	0.4557106237539163
chr19	24	36	3466.0	1.03866128101558
chr19	25	33	3412.0	0.9671746776084409
chr19	26	16	3355.0	0.47690014903129657
chr19	27	27	3311.0	0.8154636061612806
chr19	28	19	3252.0	0.5842558425584256
chr19	29	35	3205.0	1.0920436817472698
chr19	30	39	3160.0	1.2341772151898733
chr19	31	26	3096.0	0.8397932816537468
chr19	32	17	3035.0	0.5601317957166392
chr19	33	37	2988.0	1.2382864792503345
chr19	34	22	2950.0	0.7457627118644068
chr19	35	18	2884.0	0.624133148404993
chr19	36	27	2836.0	0.9520451339915375
chr19	37	16	2798.0	0.5718370264474625
chr19	38	25	2758.0	0.9064539521392313
chr19	39	18	2715.0	0.6629834254143646
chr19	40	29	2673.0	1.0849233071455293
chr19	41	23	2622.0	0.8771929824561403
chr19	42	13	2578.0	0.504266873545384
chr19	43	12	2528.0	0.4746835443037975
chr19	44	11	2463.0	0.4466098254161592
chr19	45	23	2422.0	0.9496284062758051
chr19	46	23	2376.0	0.968013468013468
chr19	47	19	2334.0	0.8140531276778064
chr19	48	40	2299.0	1.7398869073510224
chr19	49	23	2262.0	1.0167992926613616
chr19	50	14	2208.0	0.6340579710144928
chr19	51	10	2177.0	0.45934772622875514
chr19	52	14	2137.0	0.6551240056153487
chr19	53	17	2078.0	0.8180943214629451
chr19	54	15	2032.0	0.7381889763779528
chr19	55	30	1974.0	1.5197568389057752
chr19	56	29	1922.0	1.5088449531737773
chr19	57	8	1877.0	0.42621204049014383
chr19	58	24	1832.0	1.3100436681222707
chr19	59	37	1794.0	2.0624303232998886
chr19	60	10	1745.0	0.5730659025787965
chr19	61	15	1697.0	0.8839127872716559
chr19	62	18	1650.0	1.090909090909091
chr19	63	4	1602.0	0.24968789013732834
chr19	64	8	1555.0	0.5144694533762058
chr19	65	15	1499.0	1.0006671114076051
chr19	66	6	1449.0	0.4140786749482402
chr19	67	20	1386.0	1.443001443001443
chr19	68	16	1333.0	1.2003000750187547
chr19	69	15	1279.0	1.1727912431587177
chr19	70	16	1229.0	1.3018714401952807
chr19	71	8	1193.0	0.6705783738474435
chr19	72	6	1132.0	0.5300353356890459
chr19	73	9	1090.0	0.8256880733944955
chr19	74	10	1042.0	0.9596928982725527
chr19	75	4	985.0	0.40609137055837563
chr19	76	9	933.0	0.964630225080386
chr19	77	11	868.0	1.2672811059907834
chr19	78	10	822.0	1.2165450121654502
chr19	79	5	768.0	0.6510416666666667
chr19	80	2	705.0	0.28368794326241137
chr19	81	6	661.0	0.9077155824508321
chr19	82	2	608.0	0.3289473684210526
chr19	83	3	572.0	0.5244755244755245
chr19	84	2	530.0	0.37735849056603776
chr19	85	2	502.0	0.398406374501992
chr19	86	1	463.0	0.21598272138228944
chr19	87	4	423.0	0.9456264775413712
chr19	88	7	392.0	1.7857142857142856
chr19	89	2	354.0	0.5649717514124294
chr19	90	4	318.0	1.257861635220126
chr19	91	1	289.0	0.34602076124567477
chr19	92	3	258.0	1.1627906976744187
chr19	93	1	224.0	0.4464285714285714
chr19	94	2	198.0	1.0101010101010102
chr19	95	0	175.0	0.0
chr19	96	0	150.0	0.0
chr19	97	1	132.0	0.7575757575757576
chr19	98	0	104.0	0.0
chr19	99	0	88.0	0.0
chr19	100	0	70.0	0.0
chr19	101	0	57.0	0.0
chr19	102	0	42.0	0.0
chr19	103	0	32.0	0.0
chr19	104	0	24.0	0.0
chr19	105	0	18.0	0.0
chr19	106	0	14.0	0.0
chr19	107	0	10.0	0.0
chr19	108	0	8.0	0.0
chr19	109	0	6.0	0.0
chr19	110	0	3.0	0.0
chr19	111	0	1.0	0.0
chr19	112	0	0.0	nan
chr19	113	0	0.0	nan
chr19	114	0	0.0	nan
chr19	115	0	0.0	nan
chr19	116	0	0.0	nan
chr19	117	0	0.0	nan
chr19	118	0	0.0	nan
chr19	119	0	0.0	nan
chr19	120	0	0.0	nan
chr19	121	0	0.0	nan
chr19	122	0	0.0	nan
chr20	-123	0	1.0	0.0
chr20	-122	0	4.0	0.0
chr20	-121	0	8.0	0.0
chr20	-120	0	9.0	0.0
chr20	-119	0	10.0	0.0
chr20	-118	0	12.0	0.0
chr20	-117	0	14.0	0.0
chr20	-116	0	14.0	0.0
chr20	-115	0	17.0	0.0
chr20	-114	0	21.0	0.0
chr20	-113	0	22.0	0.0
chr20	-112	0	24.0	0.0
chr20	-111	0	36.0	0.0
chr20	-110	1	43.0	2.3255813953488373
chr20	-109	0	52.0	0.0
chr20	-108	0	59.0	0.0
chr20	-107	0	64.0	0.0
chr20	-106	1	67.0	1.4925373134328357
chr20	-105	0	70.0	0.0
chr20	-104	0	76.0	0.0
chr20	-103	0	81.0	0.0
chr20	-102	0	86.0	0.0
chr20	-101	0	90.0	0.0
chr20	-100	1	101.0	0.9900990099009901
chr20	-99	1	114.0	0.8771929824561403
chr20	-98	0	119.0	0.0
chr20	-97	0	129.0	0.0
chr20	-96	0	137.0	0.0
chr20	-95	0	146.0	0.0
chr20	-94	1	155.0	0.6451612903225806
chr20	-93	0	167.0	0.0
chr20	-92	2	183.0	1.092896174863388
chr20	-91	1	193.0	0.5181347150259068
chr20	-90	0	199.0	0.0
chr20	-89	1	210.0	0.4761904761904762
chr20	-88	0	226.0	0.0
chr20	-87	0	234.0	0.0
chr20	-86	0	242.0	0.0
chr20	-85	0	251.0	0.0
chr20	-84	0	260.0	0.0
chr20	-83	1	272.0	0.3676470588235294
chr20	-82	0	275.0	0.0
chr20	-81	0	282.0	0.0
chr20	-80	1	294.0	0.3401360544217687
chr20	-79	9	319.0	2.8213166144200628
chr20	-78	0	328.0	0.0
chr20	-77	1	342.0	0.29239766081871343
chr20	-76	3	354.0	0.847457627118644
chr20	-75	2	371.0	0.5390835579514826
chr20	-74	1	380.0	0.2631578947368421
chr20	-73	0	397.0	0.0
chr20	-72	1	406.0	0.24630541871921183
chr20	-71	1	418.0	0.23923444976076555
chr20	-70	1	430.0	0.23255813953488372
chr20	-69	0	439.0	0.0
chr20	-68	1	446.0	0.2242152466367713
chr20	-67	1	450.0	0.2222222222222222
chr20	-66	3	461.0	0.6507592190889371
chr20	-65	3	471.0	0.6369426751592357
chr20	-64	0	487.0	0.0
chr20	-63	2	492.0	0.40650406504065045
chr20	-62	14	505.0	2.7722772277227725
chr20	-61	1	520.0	0.19230769230769232
chr20	-60	3	535.0	0.5607476635514018
chr20	-59	2	545.0	0.3669724770642202
chr20	-58	0	552.0	0.0
chr20	-57	1	563.0	0.17761989342806395
chr20	-56	2	573.0	0.34904013961605584
chr20	-55	3	587.0	0.5110732538330494
chr20	-54	1	599.0	0.1669449081803005
chr20	-53	2	610.0	0.32786885245901637
chr20	-52	0	619.0	0.0
chr20	-51	6	633.0	0.9478672985781991
chr20	-50	6	645.0	0.9302325581395349
chr20	-49	0	656.0	0.0
chr20	-48	4	665.0	0.6015037593984963
chr20	-47	25	681.0	3.671071953010279
chr20	-46	1	689.0	0.14513788098693758
chr20	-45	0	699.0	0.0
chr20	-44	1	708.0	0.14124293785310735
chr20	-43	1	718.0	0.1392757660167131
chr20	-42	1	730.0	0.136986301369863
chr20	-41	2	742.0	0.2695417789757413
chr20	-40	0	755.0	0.0
chr20	-39	3	761.0	0.39421813403416556
chr20	-38	1	767.0	0.1303780964797914
chr20	-37	1	779.0	0.12836970474967907
chr20	-36	2	788.0	0.25380710659898476
chr20	-35	9	794.0	1.1335012594458438
chr20	-34	4	801.0	0.4993757802746567
chr20	-33	3	818.0	0.36674816625916873
chr20	-32	2	829.0	0.24125452352231602
chr20	-31	1	842.0	0.11876484560570072
chr20	-30	1	856.0	0.11682242990654204
chr20	-29	23	866.0	2.655889145496536
chr20	-28	0	879.0	0.0
chr20	-27	4	892.0	0.4484304932735426
chr20	-26	8	901.0	0.8879023307436182
chr20	-25	5	912.0	0.5482456140350876
chr20	-24	6	929.0	0.6458557588805167
chr20	-23	1	939.0	0.10649627263045794
chr20	-22	4	948.0	0.42194092827004215
chr20	-21	2	958.0	0.20876826722338201
chr20	-20	17	965.0	1.7616580310880827
chr20	-19	20	976.0	2.0491803278688523
chr20	-18	3	983.0	0.3051881993896236
chr20	-17	3	997.0	0.3009027081243731
chr20	-16	0	1008.0	0.0
chr20	-15	3	1019.0	0.2944062806673209
chr20	-14	2	1032.0	0.1937984496124031
chr20	-13	2	1039.0	0.192492781520693
chr20	-12	1	1044.0	0.09578544061302681
chr20	-11	0	1059.0	0.0
chr20	-10	1	1066.0	0.09380863039399624
chr20	-9	1	1066.0	0.09380863039399624
chr20	-8	15	1066.0	1.4071294559099436
chr20	-7	2	1065.0	0.18779342723004694
chr20	-6	1	1066.0	0.09380863039399624
chr20	-5	3	1066.0	0.28142589118198874
chr20	-4	5	1065.0	0.4694835680751174
chr20	-3	3	1066.0	0.28142589118198874
chr20	-2	1	1065.0	0.09389671361502347
chr20	-1	1	1066.0	0.09380863039399624
chr20	0	7	1011.0	0.6923837784371909
chr20	1	7	1001.0	0.6993006993006993
chr20	2	12	986.0	1.2170385395537524
chr20	3	3	976.0	0.3073770491803279
chr20	4	3	967.0	0.3102378490175801
chr20	5	4	957.0	0.41797283176593525
chr20	6	5	952.0	0.5252100840336135
chr20	7	15	937.0	1.6008537886872998
chr20	8	3	928.0	0.3232758620689655
chr20	9	4	922.0	0.43383947939262474
chr20	10	4	915.0	0.4371584699453552
chr20	11	2	899.0	0.22246941045606228
chr20	12	6	887.0	0.6764374295377678
chr20	13	3	875.0	0.34285714285714286
chr20	14	3	861.0	0.34843205574912894
chr20	15	5	848.0	0.589622641509434
chr20	16	4	845.0	0.4733727810650888
chr20	17	1	837.0	0.11947431302270012
chr20	18	10	825.0	1.2121212121212122
chr20	19	3	819.0	0.3663003663003663
chr20	20	1	813.0	0.12300123001230012
chr20	21	3	804.0	0.3731343283582089
chr20	22	3	792.0	0.3787878787878788
chr20	23	2	783.0	0.2554278416347382
chr20	24	2	772.0	0.2590673575129534
chr20	25	3	764.0	0.3926701570680628
chr20	26	4	746.0	0.5361930294906166
chr20	27	1	731.0	0.13679890560875513
chr20	28	7	725.0	0.9655172413793104
chr20	29	2	711.0	0.2812939521800281
chr20	30	4	700.0	0.5714285714285714
chr20	31	4	688.0	0.5813953488372093
chr20	32	4	677.0	0.5908419497784343
chr20	33	1	668.0	0.14970059880239522
chr20	34	4	653.0	0.6125574272588056
chr20	35	3	643.0	0.46656298600311047
chr20	36	3	634.0	0.47318611987381703
chr20	37	3	622.0	0.482315112540193
chr20	38	1	614.0	0.16286644951140067
chr20	39	8	603.0	1.3266998341625207
chr20	40	3	587.0	0.5110732538330494
chr20	41	4	578.0	0.6920415224913495
chr20	42	7	575.0	1.2173913043478262
chr20	43	2	565.0	0.35398230088495575
chr20	44	1	553.0	0.18083182640144665
chr20	45	3	548.0	0.5474452554744526
chr20	46	16	541.0	2.957486136783734
chr20	47	4	527.0	0.7590132827324478
chr20	48	4	514.0	0.7782101167315175
chr20	49	0	506.0	0.0
chr20	50	1	492.0	0.20325203252032523
chr20	51	2	477.0	0.41928721174004197
chr20	52	5	469.0	1.0660980810234542
chr20	53	1	454.0	0.22026431718061676
chr20	54	1	445.0	0.22471910112359553
chr20	55	3	440.0	0.6818181818181818
chr20	56	1	427.0	0.234192037470726
chr20	57	6	415.0	1.4457831325301205
chr20	58	4	402.0	0.9950248756218906
chr20	59	3	391.0	0.7672634271099744
chr20	60	3	380.0	0.7894736842105263
chr20	61	3	366.0	0.819672131147541
chr20	62	3	359.0	0.8356545961002786
chr20	63	2	353.0	0.56657223796034
chr20	64	3	344.0	0.872093023255814
chr20	65	2	331.0	0.6042296072507553
chr20	66	2	320.0	0.625
chr20	67	3	309.0	0.9708737864077669
chr20	68	4	298.0	1.342281879194631
chr20	69	5	284.0	1.7605633802816902
chr20	70	2	269.0	0.7434944237918215
chr20	71	0	262.0	0.0
chr20	72	1	248.0	0.4032258064516129
chr20	73	2	231.0	0.8658008658008658
chr20	74	4	224.0	1.7857142857142856
chr20	75	1	210.0	0.4761904761904762
chr20	76	0	197.0	0.0
chr20	77	2	187.0	1.06951871657754
chr20	78	8	179.0	4.4692737430167595
chr20	79	1	166.0	0.6024096385542169
chr20	80	1	152.0	0.6578947368421052
chr20	81	1	146.0	0.684931506849315
chr20	82	1	138.0	0.7246376811594203
chr20	83	0	130.0	0.0
chr20	84	0	122.0	0.0
chr20	85	0	117.0	0.0
chr20	86	1	105.0	0.9523809523809524
chr20	87	0	98.0	0.0
chr20	88	0	87.0	0.0
chr20	89	1	80.0	1.25
chr20	90	1	71.0	1.4084507042253522
chr20	91	1	64.0	1.5625
chr20	92	0	58.0	0.0
chr20	93	1	47.0	2.127659574468085
chr20	94	0	39.0	0.0
chr20	95	0	34.0	0.0
chr20	96	0	30.0	0.0
chr20	97	1	28.0	3.571428571428571
chr20	98	0	26.0	0.0
chr20	99	1	21.0	4.761904761904762
chr20	100	0	18.0	0.0
chr20	101	0	16.0	0.0
chr20	102	0	14.0	0.0
chr20	103	1	13.0	7.6923076923076925
chr20	104	0	8.0	0.0
chr20	105	0	7.0	0.0
chr20	106	0	4.0	0.0
chr20	107	0	4.0	0.0
chr20	108	0	2.0	0.0
chr20	109	0	2.0	0.0
chr20	110	0	1.0	0.0
chr20	111	0	1.0	0.0
chr20	112	0	0.0	nan
chr20	113	0	0.0	nan
chr20	114	0	0.0	nan
chr20	115	0	0.0	nan
chr20	116	0	0.0	nan
chr20	117	0	0.0	nan
chr20	118	0	0.0	nan
chr20	119	0	0.0	nan
chr20	120	0	0.0	nan
chr20	121	0	0.0	nan
chr20	122	0	0.0	nan
chr21	-124	0	1.0	0.0
chr21	-123	0	1.0	0.0
chr21	-122	0	1.0	0.0
chr21	-121	0	2.0	0.0
chr21	-120	0	3.0	0.0
chr21	-119	0	7.0	0.0
chr21	-118	0	9.0	0.0
chr21	-117	0	10.0	0.0
chr21	-116	0	16.0	0.0
chr21	-115	0	19.0	0.0
chr21	-114	0	21.0	0.0
chr21	-113	0	22.0	0.0
chr21	-112	0	27.0	0.0
chr21	-111	0	32.0	0.0
chr21	-110	0	42.0	0.0
chr21	-109	0	53.0	0.0
chr21	-108	0	57.0	0.0
chr21	-107	0	65.0	0.0
chr21	-106	0	82.0	0.0
chr21	-105	0	92.0	0.0
chr21	-104	0	100.0	0.0
chr21	-103	0	111.0	0.0
chr21	-102	0	120.0	0.0
chr21	-101	0	127.0	0.0
chr21	-100	0	134.0	0.0
chr21	-99	0	147.0	0.0
chr21	-98	0	166.0	0.0
chr21	-97	0	179.0	0.0
chr21	-96	0	195.0	0.0
chr21	-95	2	209.0	0.9569377990430622
chr21	-94	0	220.0	0.0
chr21	-93	1	233.0	0.4291845493562232
chr21	-92	0	247.0	0.0
chr21	-91	1	263.0	0.38022813688212925
chr21	-90	0	277.0	0.0
chr21	-89	1	293.0	0.3412969283276451
chr21	-88	0	304.0	0.0
chr21	-87	1	316.0	0.31645569620253167
chr21	-86	0	332.0	0.0
chr21	-85	0	352.0	0.0
chr21	-84	8	372.0	2.1505376344086025
chr21	-83	0	380.0	0.0
chr21	-82	1	395.0	0.25316455696202533
chr21	-81	1	415.0	0.24096385542168677
chr21	-80	1	428.0	0.23364485981308408
chr21	-79	0	442.0	0.0
chr21	-78	0	456.0	0.0
chr21	-77	2	469.0	0.42643923240938164
chr21	-76	1	489.0	0.2044989775051125
chr21	-75	3	498.0	0.6024096385542169
chr21	-74	1	513.0	0.1949317738791423
chr21	-73	3	529.0	0.5671077504725899
chr21	-72	2	554.0	0.36101083032490977
chr21	-71	3	573.0	0.5235602094240838
chr21	-70	13	585.0	2.2222222222222223
chr21	-69	1	594.0	0.16835016835016833
chr21	-68	5	617.0	0.8103727714748784
chr21	-67	0	635.0	0.0
chr21	-66	3	654.0	0.45871559633027525
chr21	-65	1	670.0	0.1492537313432836
chr21	-64	0	686.0	0.0
chr21	-63	0	699.0	0.0
chr21	-62	2	710.0	0.28169014084507044
chr21	-61	11	726.0	1.5151515151515151
chr21	-60	7	738.0	0.9485094850948509
chr21	-59	3	754.0	0.3978779840848806
chr21	-58	2	763.0	0.2621231979030144
chr21	-57	4	782.0	0.5115089514066496
chr21	-56	3	800.0	0.375
chr21	-55	0	818.0	0.0
chr21	-54	4	827.0	0.48367593712212814
chr21	-53	1	839.0	0.11918951132300357
chr21	-52	0	852.0	0.0
chr21	-51	1	862.0	0.11600928074245939
chr21	-50	9	872.0	1.0321100917431194
chr21	-49	1	888.0	0.11261261261261261
chr21	-48	8	905.0	0.8839779005524863
chr21	-47	2	916.0	0.21834061135371177
chr21	-46	6	930.0	0.6451612903225806
chr21	-45	3	942.0	0.3184713375796179
chr21	-44	2	957.0	0.20898641588296762
chr21	-43	5	972.0	0.51440329218107
chr21	-42	3	985.0	0.3045685279187817
chr21	-41	0	1002.0	0.0
chr21	-40	4	1023.0	0.39100684261974583
chr21	-39	3	1036.0	0.28957528957528955
chr21	-38	16	1057.0	1.5137180700094608
chr21	-37	1	1069.0	0.09354536950420954
chr21	-36	0	1081.0	0.0
chr21	-35	2	1093.0	0.18298261665141813
chr21	-34	1	1112.0	0.08992805755395684
chr21	-33	4	1130.0	0.35398230088495575
chr21	-32	2	1145.0	0.17467248908296942
chr21	-31	6	1164.0	0.5154639175257731
chr21	-30	0	1191.0	0.0
chr21	-29	7	1207.0	0.579950289975145
chr21	-28	3	1222.0	0.24549918166939444
chr21	-27	9	1233.0	0.7299270072992701
chr21	-26	5	1245.0	0.4016064257028112
chr21	-25	8	1252.0	0.6389776357827476
chr21	-24	25	1265.0	1.9762845849802373
chr21	-23	3	1283.0	0.23382696804364772
chr21	-22	1	1307.0	0.07651109410864575
chr21	-21	7	1319.0	0.530705079605762
chr21	-20	3	1331.0	0.2253944402704733
chr21	-19	0	1341.0	0.0
chr21	-18	1	1352.0	0.07396449704142012
chr21	-17	23	1366.0	1.6837481698389458
chr21	-16	15	1385.0	1.083032490974729
chr21	-15	19	1399.0	1.3581129378127232
chr21	-14	9	1409.0	0.63875088715401
chr21	-13	5	1425.0	0.3508771929824561
chr21	-12	6	1444.0	0.41551246537396125
chr21	-11	6	1462.0	0.4103967168262654
chr21	-10	1	1469.0	0.06807351940095302
chr21	-9	14	1469.0	0.9530292716133424
chr21	-8	3	1469.0	0.2042205582028591
chr21	-7	10	1469.0	0.6807351940095302
chr21	-6	4	1469.0	0.2722940776038121
chr21	-5	5	1469.0	0.3403675970047651
chr21	-4	3	1469.0	0.2042205582028591
chr21	-3	5	1469.0	0.3403675970047651
chr21	-2	4	1469.0	0.2722940776038121
chr21	-1	9	1469.0	0.6126616746085772
chr21	0	14	1400.0	1.0
chr21	1	13	1393.0	0.9332376166547021
chr21	2	11	1374.0	0.8005822416302766
chr21	3	9	1352.0	0.6656804733727811
chr21	4	2	1331.0	0.15026296018031557
chr21	5	6	1315.0	0.45627376425855515
chr21	6	8	1301.0	0.6149116064565718
chr21	7	9	1287.0	0.6993006993006993
chr21	8	20	1276.0	1.5673981191222568
chr21	9	3	1265.0	0.23715415019762848
chr21	10	6	1258.0	0.47694753577106513
chr21	11	6	1245.0	0.48192771084337355
chr21	12	11	1231.0	0.8935824532900082
chr21	13	10	1219.0	0.8203445447087777
chr21	14	17	1208.0	1.4072847682119205
chr21	15	20	1191.0	1.6792611251049538
chr21	16	28	1169.0	2.3952095808383236
chr21	17	5	1153.0	0.43365134431916735
chr21	18	8	1142.0	0.7005253940455342
chr21	19	10	1127.0	0.8873114463176575
chr21	20	6	1115.0	0.5381165919282511
chr21	21	5	1097.0	0.4557885141294439
chr21	22	9	1076.0	0.8364312267657992
chr21	23	22	1062.0	2.0715630885122414
chr21	24	21	1047.0	2.005730659025788
chr21	25	9	1030.0	0.8737864077669903
chr21	26	4	1010.0	0.39603960396039606
chr21	27	2	991.0	0.20181634712411706
chr21	28	9	977.0	0.9211873080859775
chr21	29	4	961.0	0.41623309053069724
chr21	30	2	938.0	0.21321961620469082
chr21	31	4	923.0	0.43336944745395445
chr21	32	8	909.0	0.88008800880088
chr21	33	4	895.0	0.44692737430167595
chr21	34	3	877.0	0.34207525655644244
chr21	35	2	867.0	0.2306805074971165
chr21	36	1	854.0	0.117096018735363
chr21	37	24	834.0	2.877697841726619
chr21	38	1	821.0	0.12180267965895249
chr21	39	5	812.0	0.6157635467980296
chr21	40	2	797.0	0.2509410288582183
chr21	41	2	780.0	0.2564102564102564
chr21	42	5	761.0	0.657030223390276
chr21	43	10	751.0	1.3315579227696404
chr21	44	2	739.0	0.2706359945872801
chr21	45	1	721.0	0.13869625520110956
chr21	46	2	712.0	0.2808988764044944
chr21	47	16	691.0	2.3154848046309695
chr21	48	5	681.0	0.7342143906020557
chr21	49	6	668.0	0.8982035928143712
chr21	50	0	656.0	0.0
chr21	51	5	646.0	0.7739938080495357
chr21	52	7	637.0	1.098901098901099
chr21	53	4	623.0	0.6420545746388443
chr21	54	4	611.0	0.6546644844517185
chr21	55	2	597.0	0.33500837520938026
chr21	56	1	582.0	0.1718213058419244
chr21	57	2	567.0	0.3527336860670194
chr21	58	2	556.0	0.3597122302158274
chr21	59	11	540.0	2.037037037037037
chr21	60	10	523.0	1.9120458891013385
chr21	61	5	513.0	0.9746588693957114
chr21	62	1	499.0	0.2004008016032064
chr21	63	2	485.0	0.4123711340206186
chr21	64	3	469.0	0.6396588486140725
chr21	65	2	456.0	0.43859649122807015
chr21	66	1	428.0	0.23364485981308408
chr21	67	3	420.0	0.7142857142857143
chr21	68	1	398.0	0.25125628140703515
chr21	69	8	386.0	2.072538860103627
chr21	70	3	374.0	0.8021390374331552
chr21	71	3	360.0	0.8333333333333334
chr21	72	0	344.0	0.0
chr21	73	2	332.0	0.6024096385542169
chr21	74	3	315.0	0.9523809523809524
chr21	75	0	293.0	0.0
chr21	76	1	279.0	0.35842293906810035
chr21	77	0	260.0	0.0
chr21	78	1	243.0	0.411522633744856
chr21	79	0	231.0	0.0
chr21	80	1	219.0	0.45662100456621
chr21	81	0	202.0	0.0
chr21	82	2	193.0	1.0362694300518136
chr21	83	3	178.0	1.6853932584269662
chr21	84	0	164.0	0.0
chr21	85	2	156.0	1.282051282051282
chr21	86	2	141.0	1.4184397163120568
chr21	87	0	132.0	0.0
chr21	88	2	124.0	1.6129032258064515
chr21	89	2	112.0	1.7857142857142856
chr21	90	3	100.0	3.0
chr21	91	0	91.0	0.0
chr21	92	2	82.0	2.4390243902439024
chr21	93	0	70.0	0.0
chr21	94	0	61.0	0.0
chr21	95	0	56.0	0.0
chr21	96	2	50.0	4.0
chr21	97	0	46.0	0.0
chr21	98	0	41.0	0.0
chr21	99	0	39.0	0.0
chr21	100	0	32.0	0.0
chr21	101	0	26.0	0.0
chr21	102	0	22.0	0.0
chr21	103	0	15.0	0.0
chr21	104	0	13.0	0.0
chr21	105	1	8.0	12.5
chr21	106	0	3.0	0.0
chr21	107	0	2.0	0.0
chr21	108	0	0.0	nan
chr21	109	0	0.0	nan
chr21	110	0	0.0	nan
chr21	111	0	0.0	nan
chr21	112	0	0.0	nan
chr21	113	0	0.0	nan
chr21	114	0	0.0	nan
chr21	115	0	0.0	nan
chr21	116	0	0.0	nan
chr21	117	0	0.0	nan
chr21	118	0	0.0	nan
chr22	-119	0	1.0	0.0
chr22	-118	0	1.0	0.0
chr22	-117	0	2.0	0.0
chr22	-116	0	3.0	0.0
chr22	-115	0	5.0	0.0
chr22	-114	0	6.0	0.0
chr22	-113	0	11.0	0.0
chr22	-112	0	14.0	0.0
chr22	-111	0	15.0	0.0
chr22	-110	0	21.0	0.0
chr22	-109	0	26.0	0.0
chr22	-108	0	33.0	0.0
chr22	-107	0	40.0	0.0
chr22	-106	0	50.0	0.0
chr22	-105	0	56.0	0.0
chr22	-104	1	59.0	1.694915254237288
chr22	-103	0	61.0	0.0
chr22	-102	0	67.0	0.0
chr22	-101	0	76.0	0.0
chr22	-100	0	82.0	0.0
chr22	-99	0	90.0	0.0
chr22	-98	0	93.0	0.0
chr22	-97	0	97.0	0.0
chr22	-96	0	110.0	0.0
chr22	-95	0	117.0	0.0
chr22	-94	0	128.0	0.0
chr22	-93	0	140.0	0.0
chr22	-92	2	148.0	1.3513513513513513
chr22	-91	1	157.0	0.6369426751592357
chr22	-90	2	167.0	1.1976047904191618
chr22	-89	0	177.0	0.0
chr22	-88	0	193.0	0.0
chr22	-87	0	208.0	0.0
chr22	-86	0	224.0	0.0
chr22	-85	0	237.0	0.0
chr22	-84	0	244.0	0.0
chr22	-83	1	252.0	0.3968253968253968
chr22	-82	0	262.0	0.0
chr22	-81	2	268.0	0.7462686567164178
chr22	-80	0	278.0	0.0
chr22	-79	1	288.0	0.3472222222222222
chr22	-78	0	300.0	0.0
chr22	-77	0	306.0	0.0
chr22	-76	0	319.0	0.0
chr22	-75	0	335.0	0.0
chr22	-74	1	346.0	0.2890173410404624
chr22	-73	0	355.0	0.0
chr22	-72	1	367.0	0.2724795640326975
chr22	-71	0	375.0	0.0
chr22	-70	0	386.0	0.0
chr22	-69	1	393.0	0.2544529262086514
chr22	-68	0	402.0	0.0
chr22	-67	1	408.0	0.24509803921568626
chr22	-66	5	419.0	1.1933174224343674
chr22	-65	1	429.0	0.2331002331002331
chr22	-64	0	432.0	0.0
chr22	-63	0	441.0	0.0
chr22	-62	0	449.0	0.0
chr22	-61	1	457.0	0.2188183807439825
chr22	-60	0	465.0	0.0
chr22	-59	0	473.0	0.0
chr22	-58	0	485.0	0.0
chr22	-57	1	493.0	0.2028397565922921
chr22	-56	0	503.0	0.0
chr22	-55	2	509.0	0.3929273084479371
chr22	-54	1	516.0	0.1937984496124031
chr22	-53	0	524.0	0.0
chr22	-52	0	537.0	0.0
chr22	-51	0	542.0	0.0
chr22	-50	1	556.0	0.1798561151079137
chr22	-49	13	566.0	2.2968197879858656
chr22	-48	1	576.0	0.1736111111111111
chr22	-47	1	584.0	0.17123287671232876
chr22	-46	0	587.0	0.0
chr22	-45	1	599.0	0.1669449081803005
chr22	-44	5	609.0	0.8210180623973727
chr22	-43	2	618.0	0.3236245954692557
chr22	-42	2	631.0	0.31695721077654515
chr22	-41	0	641.0	0.0
chr22	-40	0	649.0	0.0
chr22	-39	1	658.0	0.1519756838905775
chr22	-38	3	653.0	0.45941807044410415
chr22	-37	2	663.0	0.301659125188537
chr22	-36	1	672.0	0.1488095238095238
chr22	-35	2	685.0	0.291970802919708
chr22	-34	0	708.0	0.0
chr22	-33	0	715.0	0.0
chr22	-32	0	717.0	0.0
chr22	-31	1	722.0	0.13850415512465375
chr22	-30	1	729.0	0.1371742112482853
chr22	-29	4	740.0	0.5405405405405406
chr22	-28	0	750.0	0.0
chr22	-27	2	754.0	0.2652519893899204
chr22	-26	10	768.0	1.3020833333333335
chr22	-25	0	776.0	0.0
chr22	-24	3	783.0	0.38314176245210724
chr22	-23	1	790.0	0.12658227848101267
chr22	-22	3	797.0	0.37641154328732745
chr22	-21	1	806.0	0.12406947890818859
chr22	-20	0	813.0	0.0
chr22	-19	0	824.0	0.0
chr22	-18	20	841.0	2.3781212841854935
chr22	-17	5	850.0	0.5882352941176471
chr22	-16	1	861.0	0.11614401858304298
chr22	-15	2	873.0	0.22909507445589922
chr22	-14	1	879.0	0.11376564277588168
chr22	-13	8	891.0	0.8978675645342313
chr22	-12	3	904.0	0.33185840707964603
chr22	-11	0	910.0	0.0
chr22	-10	0	915.0	0.0
chr22	-9	1	915.0	0.1092896174863388
chr22	-8	5	915.0	0.546448087431694
chr22	-7	3	914.0	0.3282275711159737
chr22	-6	4	915.0	0.4371584699453552
chr22	-5	7	915.0	0.7650273224043715
chr22	-4	3	915.0	0.32786885245901637
chr22	-3	17	915.0	1.8579234972677594
chr22	-2	1	914.0	0.10940919037199125
chr22	-1	2	914.0	0.2188183807439825
chr22	0	24	892.0	2.690582959641256
chr22	1	16	881.0	1.8161180476730987
chr22	2	19	872.0	2.1788990825688073
chr22	3	6	862.0	0.6960556844547563
chr22	4	8	848.0	0.9433962264150944
chr22	5	9	836.0	1.076555023923445
chr22	6	6	830.0	0.7228915662650602
chr22	7	10	815.0	1.2269938650306749
chr22	8	4	805.0	0.4968944099378882
chr22	9	9	790.0	1.139240506329114
chr22	10	12	781.0	1.5364916773367476
chr22	11	8	773.0	1.034928848641656
chr22	12	4	766.0	0.5221932114882507
chr22	13	12	749.0	1.602136181575434
chr22	14	6	739.0	0.8119079837618403
chr22	15	3	730.0	0.410958904109589
chr22	16	3	724.0	0.4143646408839779
chr22	17	21	715.0	2.937062937062937
chr22	18	3	711.0	0.42194092827004215
chr22	19	4	708.0	0.5649717514124294
chr22	20	5	695.0	0.7194244604316548
chr22	21	4	683.0	0.5856515373352855
chr22	22	4	670.0	0.5970149253731344
chr22	23	2	659.0	0.30349013657056145
chr22	24	11	644.0	1.7080745341614907
chr22	25	20	634.0	3.1545741324921135
chr22	26	6	624.0	0.9615384615384616
chr22	27	8	620.0	1.2903225806451613
chr22	28	5	608.0	0.8223684210526315
chr22	29	6	594.0	1.0101010101010102
chr22	30	4	585.0	0.6837606837606838
chr22	31	3	579.0	0.5181347150259068
chr22	32	5	570.0	0.8771929824561403
chr22	33	5	560.0	0.8928571428571428
chr22	34	4	542.0	0.7380073800738007
chr22	35	1	530.0	0.18867924528301888
chr22	36	1	519.0	0.1926782273603083
chr22	37	2	509.0	0.3929273084479371
chr22	38	5	505.0	0.9900990099009901
chr22	39	2	495.0	0.40404040404040403
chr22	40	0	483.0	0.0
chr22	41	1	474.0	0.21097046413502107
chr22	42	1	461.0	0.21691973969631237
chr22	43	2	456.0	0.43859649122807015
chr22	44	4	443.0	0.9029345372460496
chr22	45	9	437.0	2.059496567505721
chr22	46	3	433.0	0.6928406466512702
chr22	47	4	423.0	0.9456264775413712
chr22	48	17	419.0	4.05727923627685
chr22	49	5	412.0	1.2135922330097086
chr22	50	3	405.0	0.7407407407407408
chr22	51	0	393.0	0.0
chr22	52	5	391.0	1.278772378516624
chr22	53	4	384.0	1.0416666666666665
chr22	54	2	378.0	0.5291005291005291
chr22	55	6	371.0	1.6172506738544474
chr22	56	5	366.0	1.366120218579235
chr22	57	2	353.0	0.56657223796034
chr22	58	2	339.0	0.5899705014749262
chr22	59	5	332.0	1.5060240963855422
chr22	60	2	323.0	0.6191950464396285
chr22	61	2	319.0	0.6269592476489028
chr22	62	6	311.0	1.929260450160772
chr22	63	1	300.0	0.33333333333333337
chr22	64	1	287.0	0.34843205574912894
chr22	65	8	278.0	2.877697841726619
chr22	66	0	269.0	0.0
chr22	67	0	259.0	0.0
chr22	68	0	251.0	0.0
chr22	69	2	237.0	0.8438818565400843
chr22	70	6	226.0	2.6548672566371683
chr22	71	3	217.0	1.3824884792626728
chr22	72	0	206.0	0.0
chr22	73	0	197.0	0.0
chr22	74	5	190.0	2.631578947368421
chr22	75	1	185.0	0.5405405405405406
chr22	76	2	182.0	1.098901098901099
chr22	77	0	172.0	0.0
chr22	78	2	162.0	1.2345679012345678
chr22	79	1	148.0	0.6756756756756757
chr22	80	0	139.0	0.0
chr22	81	1	133.0	0.7518796992481203
chr22	82	1	125.0	0.8
chr22	83	0	119.0	0.0
chr22	84	0	112.0	0.0
chr22	85	0	97.0	0.0
chr22	86	0	91.0	0.0
chr22	87	0	84.0	0.0
chr22	88	0	79.0	0.0
chr22	89	0	73.0	0.0
chr22	90	0	66.0	0.0
chr22	91	0	60.0	0.0
chr22	92	0	54.0	0.0
chr22	93	0	47.0	0.0
chr22	94	0	44.0	0.0
chr22	95	1	37.0	2.7027027027027026
chr22	96	0	29.0	0.0
chr22	97	0	24.0	0.0
chr22	98	1	23.0	4.3478260869565215
chr22	99	0	17.0	0.0
chr22	100	0	15.0	0.0
chr22	101	0	11.0	0.0
chr22	102	0	7.0	0.0
chr22	103	0	4.0	0.0
chr22	104	0	4.0	0.0
chr22	105	0	4.0	0.0
chr22	106	0	4.0	0.0
chr22	107	0	3.0	0.0
chr22	108	0	2.0	0.0
chr22	109	0	2.0	0.0
chr22	110	0	2.0	0.0
chr22	111	0	2.0	0.0
chr22	112	0	1.0	0.0
chr22	113	0	1.0	0.0
chr22	114	0	1.0	0.0
chr22	115	0	0.0	nan
chr22	116	0	0.0	nan
chr22	117	0	0.0	nan
chr22	118	0	0.0	nan
chr22	119	0	0.0	nan
chr22	120	0	0.0	nan
chr22	121	0	0.0	nan
chr22	122	0	0.0	nan
chr22	123	0	0.0	nan
chr22	124	0	0.0	nan
chr22	125	0	0.0	nan
chr22	126	0	0.0	nan
chrX	-125	0	1.0	0.0
chrX	-124	0	1.0	0.0
chrX	-123	0	1.0	0.0
chrX	-122	0	6.0	0.0
chrX	-121	0	10.0	0.0
chrX	-120	0	12.0	0.0
chrX	-119	0	19.0	0.0
chrX	-118	0	21.0	0.0
chrX	-117	0	27.0	0.0
chrX	-116	0	32.0	0.0
chrX	-115	0	38.0	0.0
chrX	-114	0	42.0	0.0
chrX	-113	0	50.0	0.0
chrX	-112	0	63.0	0.0
chrX	-111	0	76.0	0.0
chrX	-110	0	89.0	0.0
chrX	-109	0	101.0	0.0
chrX	-108	0	109.0	0.0
chrX	-107	0	118.0	0.0
chrX	-106	0	126.0	0.0
chrX	-105	1	145.0	0.6896551724137931
chrX	-104	1	152.0	0.6578947368421052
chrX	-103	0	169.0	0.0
chrX	-102	0	177.0	0.0
chrX	-101	0	193.0	0.0
chrX	-100	2	215.0	0.9302325581395349
chrX	-99	1	236.0	0.423728813559322
chrX	-98	4	253.0	1.5810276679841897
chrX	-97	0	272.0	0.0
chrX	-96	0	282.0	0.0
chrX	-95	1	294.0	0.3401360544217687
chrX	-94	1	308.0	0.3246753246753247
chrX	-93	0	323.0	0.0
chrX	-92	0	346.0	0.0
chrX	-91	1	367.0	0.2724795640326975
chrX	-90	0	385.0	0.0
chrX	-89	0	395.0	0.0
chrX	-88	1	419.0	0.23866348448687352
chrX	-87	2	444.0	0.45045045045045046
chrX	-86	0	465.0	0.0
chrX	-85	1	485.0	0.2061855670103093
chrX	-84	0	511.0	0.0
chrX	-83	0	529.0	0.0
chrX	-82	0	550.0	0.0
chrX	-81	1	566.0	0.17667844522968199
chrX	-80	2	575.0	0.34782608695652173
chrX	-79	2	596.0	0.33557046979865773
chrX	-78	3	610.0	0.49180327868852464
chrX	-77	0	634.0	0.0
chrX	-76	1	656.0	0.1524390243902439
chrX	-75	0	688.0	0.0
chrX	-74	0	709.0	0.0
chrX	-73	0	732.0	0.0
chrX	-72	2	753.0	0.2656042496679947
chrX	-71	1	768.0	0.13020833333333331
chrX	-70	1	791.0	0.12642225031605564
chrX	-69	2	816.0	0.24509803921568626
chrX	-68	1	840.0	0.11904761904761905
chrX	-67	2	858.0	0.2331002331002331
chrX	-66	1	884.0	0.11312217194570137
chrX	-65	1	905.0	0.11049723756906078
chrX	-64	2	928.0	0.21551724137931033
chrX	-63	5	957.0	0.522466039707419
chrX	-62	7	980.0	0.7142857142857143
chrX	-61	0	1000.0	0.0
chrX	-60	2	1026.0	0.1949317738791423
chrX	-59	2	1052.0	0.19011406844106463
chrX	-58	13	1070.0	1.2149532710280373
chrX	-57	5	1087.0	0.45998160073597055
chrX	-56	1	1105.0	0.09049773755656108
chrX	-55	1	1130.0	0.08849557522123894
chrX	-54	4	1150.0	0.34782608695652173
chrX	-53	2	1164.0	0.1718213058419244
chrX	-52	1	1185.0	0.08438818565400844
chrX	-51	1	1198.0	0.08347245409015025
chrX	-50	1	1228.0	0.08143322475570033
chrX	-49	17	1244.0	1.3665594855305467
chrX	-48	6	1271.0	0.47206923682140045
chrX	-47	4	1291.0	0.3098373353989156
chrX	-46	2	1307.0	0.1530221882172915
chrX	-45	2	1329.0	0.15048908954100826
chrX	-44	1	1351.0	0.07401924500370095
chrX	-43	2	1371.0	0.14587892049598833
chrX	-42	3	1390.0	0.2158273381294964
chrX	-41	3	1412.0	0.2124645892351275
chrX	-40	2	1423.0	0.14054813773717498
chrX	-39	0	1439.0	0.0
chrX	-38	2	1461.0	0.13689253935660506
chrX	-37	7	1485.0	0.47138047138047134
chrX	-36	1	1502.0	0.06657789613848203
chrX	-35	5	1511.0	0.3309066843150232
chrX	-34	3	1523.0	0.1969796454366382
chrX	-33	4	1548.0	0.2583979328165375
chrX	-32	4	1570.0	0.25477707006369427
chrX	-31	1	1592.0	0.06281407035175879
chrX	-30	2	1608.0	0.12437810945273632
chrX	-29	2	1625.0	0.12307692307692308
chrX	-28	5	1643.0	0.30432136335970783
chrX	-27	2	1662.0	0.12033694344163659
chrX	-26	2	1679.0	0.11911852293031568
chrX	-25	6	1713.0	0.3502626970227671
chrX	-24	1	1727.0	0.05790387955993051
chrX	-23	5	1749.0	0.2858776443682104
chrX	-22	2	1757.0	0.11383039271485487
chrX	-21	0	1781.0	0.0
chrX	-20	9	1806.0	0.4983388704318937
chrX	-19	5	1823.0	0.27427317608337903
chrX	-18	2	1845.0	0.10840108401084012
chrX	-17	3	1862.0	0.1611170784103115
chrX	-16	3	1873.0	0.16017084890549918
chrX	-15	4	1888.0	0.211864406779661
chrX	-14	16	1903.0	0.8407777193904361
chrX	-13	0	1922.0	0.0
chrX	-12	3	1940.0	0.15463917525773196
chrX	-11	4	1958.0	0.20429009193054137
chrX	-10	3	1971.0	0.15220700152207
chrX	-9	8	1971.0	0.4058853373921867
chrX	-8	6	1971.0	0.30441400304414
chrX	-7	2	1971.0	0.10147133434804667
chrX	-6	13	1971.0	0.6595636732623034
chrX	-5	4	1971.0	0.20294266869609334
chrX	-4	2	1971.0	0.10147133434804667
chrX	-3	7	1966.0	0.3560528992878942
chrX	-2	3	1966.0	0.1525940996948118
chrX	-1	4	1965.0	0.2035623409669211
chrX	0	76	1900.0	4.0
chrX	1	15	1878.0	0.7987220447284344
chrX	2	29	1863.0	1.556629092860977
chrX	3	27	1845.0	1.4634146341463417
chrX	4	8	1830.0	0.4371584699453552
chrX	5	22	1814.0	1.2127894156560088
chrX	6	27	1795.0	1.5041782729805013
chrX	7	19	1781.0	1.0668163952835485
chrX	8	18	1760.0	1.0227272727272727
chrX	9	23	1740.0	1.3218390804597702
chrX	10	18	1719.0	1.0471204188481675
chrX	11	14	1696.0	0.8254716981132075
chrX	12	12	1678.0	0.7151370679380215
chrX	13	26	1656.0	1.570048309178744
chrX	14	26	1634.0	1.591187270501836
chrX	15	12	1619.0	0.7411982705373688
chrX	16	7	1598.0	0.4380475594493116
chrX	17	13	1585.0	0.8201892744479496
chrX	18	24	1564.0	1.5345268542199488
chrX	19	9	1544.0	0.582901554404145
chrX	20	10	1530.0	0.6535947712418301
chrX	21	7	1516.0	0.46174142480211083
chrX	22	14	1496.0	0.9358288770053476
chrX	23	15	1472.0	1.0190217391304348
chrX	24	11	1456.0	0.7554945054945055
chrX	25	18	1440.0	1.25
chrX	26	13	1419.0	0.9161381254404511
chrX	27	4	1401.0	0.28551034975017847
chrX	28	11	1372.0	0.8017492711370262
chrX	29	16	1342.0	1.1922503725782414
chrX	30	19	1323.0	1.436130007558579
chrX	31	3	1305.0	0.22988505747126436
chrX	32	16	1285.0	1.245136186770428
chrX	33	8	1253.0	0.6384676775738228
chrX	34	6	1238.0	0.48465266558966075
chrX	35	15	1224.0	1.2254901960784315
chrX	36	8	1202.0	0.6655574043261231
chrX	37	13	1178.0	1.1035653650254669
chrX	38	7	1150.0	0.6086956521739131
chrX	39	7	1125.0	0.6222222222222222
chrX	40	8	1101.0	0.7266121707538601
chrX	41	10	1083.0	0.9233610341643583
chrX	42	7	1064.0	0.6578947368421052
chrX	43	5	1041.0	0.48030739673390976
chrX	44	2	1027.0	0.19474196689386564
chrX	45	8	996.0	0.8032128514056224
chrX	46	9	981.0	0.9174311926605505
chrX	47	9	955.0	0.9424083769633508
chrX	48	17	931.0	1.8259935553168638
chrX	49	6	907.0	0.6615214994487321
chrX	50	4	886.0	0.4514672686230248
chrX	51	5	867.0	0.5767012687427913
chrX	52	4	847.0	0.47225501770956313
chrX	53	9	823.0	1.0935601458080195
chrX	54	3	796.0	0.37688442211055273
chrX	55	10	779.0	1.2836970474967908
chrX	56	4	755.0	0.5298013245033113
chrX	57	15	737.0	2.03527815468114
chrX	58	8	718.0	1.1142061281337048
chrX	59	5	701.0	0.7132667617689016
chrX	60	1	680.0	0.14705882352941177
chrX	61	6	663.0	0.904977375565611
chrX	62	4	641.0	0.62402496099844
chrX	63	4	616.0	0.6493506493506493
chrX	64	8	599.0	1.335559265442404
chrX	65	4	582.0	0.6872852233676976
chrX	66	1	566.0	0.17667844522968199
chrX	67	3	550.0	0.5454545454545455
chrX	68	5	529.0	0.945179584120983
chrX	69	3	522.0	0.5747126436781609
chrX	70	5	500.0	1.0
chrX	71	1	487.0	0.20533880903490762
chrX	72	0	467.0	0.0
chrX	73	2	447.0	0.44742729306487694
chrX	74	7	429.0	1.6317016317016315
chrX	75	1	401.0	0.24937655860349126
chrX	76	2	383.0	0.5221932114882507
chrX	77	3	357.0	0.8403361344537815
chrX	78	0	342.0	0.0
chrX	79	0	324.0	0.0
chrX	80	1	317.0	0.31545741324921134
chrX	81	2	301.0	0.6644518272425249
chrX	82	0	278.0	0.0
chrX	83	2	265.0	0.7547169811320755
chrX	84	1	247.0	0.4048582995951417
chrX	85	1	230.0	0.43478260869565216
chrX	86	1	221.0	0.4524886877828055
chrX	87	0	204.0	0.0
chrX	88	0	193.0	0.0
chrX	89	5	175.0	2.857142857142857
chrX	90	5	161.0	3.1055900621118013
chrX	91	1	140.0	0.7142857142857143
chrX	92	0	128.0	0.0
chrX	93	0	110.0	0.0
chrX	94	1	103.0	0.9708737864077669
chrX	95	0	96.0	0.0
chrX	96	1	86.0	1.1627906976744187
chrX	97	2	78.0	2.564102564102564
chrX	98	1	64.0	1.5625
chrX	99	1	58.0	1.7241379310344827
chrX	100	0	50.0	0.0
chrX	101	0	39.0	0.0
chrX	102	0	36.0	0.0
chrX	103	2	29.0	6.896551724137931
chrX	104	1	24.0	4.166666666666666
chrX	105	0	18.0	0.0
chrX	106	0	15.0	0.0
chrX	107	0	13.0	0.0
chrX	108	0	9.0	0.0
chrX	109	0	7.0	0.0
chrX	110	0	4.0	0.0
chrX	111	0	2.0	0.0
chrX	112	0	1.0	0.0
chrX	113	0	0.0	nan
chrX	114	0	0.0	nan
chrX	115	0	0.0	nan
chrX	116	0	0.0	nan
chrX	117	0	0.0	nan
chrX	118	0	0.0	nan
chrX	119	0	0.0	nan
chrX	120	0	0.0	nan
chrX	121	0	0.0	nan
chrX	122	0	0.0	nan
chrX	123	0	0.0	nan
