Type,Filter,TRUTH.TOTAL,TRUTH.TP,TRUTH.FN,QUERY.TOTAL,QUERY.FP,QUERY.UNK,FP.gt,FP.al,METRIC.Recall,METRIC.Precision,METRIC.Frac_NA,METRIC.F1_Score,TRUTH.TOTAL.TiTv_ratio,QUERY.TOTAL.TiTv_ratio,TRUTH.TOTAL.het_hom_ratio,QUERY.TOTAL.het_hom_ratio
INDEL,ALL,7920,7724,196,21508,153,13621,68,55,0.975253,0.9806010000000001,0.633299,0.9779190000000001,,,1.6472614536686188,1.9005555555555556
INDEL,PASS,7920,7724,196,21508,153,13621,68,55,0.975253,0.9806010000000001,0.633299,0.9779190000000001,,,1.6472614536686188,1.9005555555555556
SNP,ALL,65932,65827,105,87572,176,21567,7,33,0.9984069999999999,0.997334,0.246277,0.99787,2.326321630347054,2.06790642291798,1.4937767184958197,1.5612289685442575
SNP,PASS,65932,65827,105,87572,176,21567,7,33,0.9984069999999999,0.997334,0.246277,0.99787,2.326321630347054,2.06790642291798,1.4937767184958197,1.5612289685442575
