Type,Filter,TRUTH.TOTAL,TRUTH.TP,TRUTH.FN,QUERY.TOTAL,QUERY.FP,QUERY.UNK,FP.gt,FP.al,METRIC.Recall,METRIC.Precision,METRIC.Frac_NA,METRIC.F1_Score,TRUTH.TOTAL.TiTv_ratio,QUERY.TOTAL.TiTv_ratio,TRUTH.TOTAL.het_hom_ratio,QUERY.TOTAL.het_hom_ratio
INDEL,ALL,7920,7550,370,20812,193,13061,97,57,0.953283,0.9751,0.627571,0.964068,,,1.6472614536686188,1.8723947256486602
INDEL,PASS,7920,7550,370,20812,193,13061,97,57,0.953283,0.9751,0.627571,0.964068,,,1.6472614536686188,1.8723947256486602
SNP,ALL,65932,65723,209,88552,296,22533,22,47,0.9968299999999999,0.995516,0.254461,0.996173,2.326321630347054,2.0722807991120975,1.4937767184958197,1.628526459583061
SNP,PASS,65932,65723,209,88552,296,22533,22,47,0.9968299999999999,0.995516,0.254461,0.996173,2.326321630347054,2.0722807991120975,1.4937767184958197,1.628526459583061
