Type,Filter,TRUTH.TOTAL,TRUTH.TP,TRUTH.FN,QUERY.TOTAL,QUERY.FP,QUERY.UNK,FP.gt,METRIC.Recall,METRIC.Precision,METRIC.Frac_NA,METRIC.F1_Score,TRUTH.TOTAL.TiTv_ratio,QUERY.TOTAL.TiTv_ratio,TRUTH.TOTAL.het_hom_ratio,QUERY.TOTAL.het_hom_ratio
INDEL,ALL,7920,7641,279,21096,168,13281,71,0.964773,0.978503,0.629551,0.971589,,,1.64726145367,1.88377655832
INDEL,PASS,7920,7641,279,21096,168,13281,71,0.964773,0.978503,0.629551,0.971589,,,1.64726145367,1.88377655832
SNP,ALL,65932,65804,128,88049,220,22019,9,0.998059,0.996668,0.250077,0.997363,2.32632163035,2.07538407821,1.4937767185,1.60337228221
SNP,PASS,65932,65804,128,88049,220,22019,9,0.998059,0.996668,0.250077,0.997363,2.32632163035,2.07538407821,1.4937767185,1.60337228221
