Type,Filter,TRUTH.TOTAL,TRUTH.TP,TRUTH.FN,QUERY.TOTAL,QUERY.FP,QUERY.UNK,FP.gt,FP.al,METRIC.Recall,METRIC.Precision,METRIC.Frac_NA,METRIC.F1_Score,TRUTH.TOTAL.TiTv_ratio,QUERY.TOTAL.TiTv_ratio,TRUTH.TOTAL.het_hom_ratio,QUERY.TOTAL.het_hom_ratio
INDEL,ALL,7920,7641,279,21096,168,13281,71,62,0.964773,0.978503,0.629551,0.9715889999999999,,,1.6472614536686188,1.8837765583227803
INDEL,PASS,7920,7641,279,21096,168,13281,71,62,0.964773,0.978503,0.629551,0.9715889999999999,,,1.6472614536686188,1.8837765583227803
SNP,ALL,65932,65804,128,88049,220,22019,9,47,0.998059,0.996668,0.250077,0.9973629999999999,2.326321630347054,2.0753840782122905,1.4937767184958197,1.6033722822067742
SNP,PASS,65932,65804,128,88049,220,22019,9,47,0.998059,0.996668,0.250077,0.9973629999999999,2.326321630347054,2.0753840782122905,1.4937767184958197,1.6033722822067742
