Type,Filter,TRUTH.TOTAL,TRUTH.TP,TRUTH.FN,QUERY.TOTAL,QUERY.FP,QUERY.UNK,FP.gt,FP.al,METRIC.Recall,METRIC.Precision,METRIC.Frac_NA,METRIC.F1_Score,TRUTH.TOTAL.TiTv_ratio,QUERY.TOTAL.TiTv_ratio,TRUTH.TOTAL.het_hom_ratio,QUERY.TOTAL.het_hom_ratio
INDEL,ALL,7920,7745,175,21573,143,13672,61,54,0.9779040000000001,0.981901,0.6337550000000001,0.9798979999999999,,,1.6472614536686188,1.900596145847775
INDEL,PASS,7920,7745,175,21573,143,13672,61,54,0.9779040000000001,0.981901,0.6337550000000001,0.9798979999999999,,,1.6472614536686188,1.900596145847775
SNP,ALL,65932,65807,125,87364,155,21405,6,32,0.9981040000000001,0.99765,0.245009,0.997877,2.326321630347054,2.0719910011248595,1.4937767184958197,1.5463797276412097
SNP,PASS,65932,65807,125,87364,155,21405,6,32,0.9981040000000001,0.99765,0.245009,0.997877,2.326321630347054,2.0719910011248595,1.4937767184958197,1.5463797276412097
