Type,Filter,TRUTH.TOTAL,TRUTH.TP,TRUTH.FN,QUERY.TOTAL,QUERY.FP,QUERY.UNK,FP.gt,METRIC.Recall,METRIC.Precision,METRIC.Frac_NA,METRIC.F1_Score,TRUTH.TOTAL.TiTv_ratio,QUERY.TOTAL.TiTv_ratio,TRUTH.TOTAL.het_hom_ratio,QUERY.TOTAL.het_hom_ratio
INDEL,ALL,7920,7745,175,21573,143,13672,61,0.977904,0.981901,0.633755,0.979898,,,1.64726145367,1.90059614585
INDEL,PASS,7920,7745,175,21573,143,13672,61,0.977904,0.981901,0.633755,0.979898,,,1.64726145367,1.90059614585
SNP,ALL,65932,65807,125,87364,155,21405,6,0.998104,0.99765,0.245009,0.997877,2.32632163035,2.07199100112,1.4937767185,1.54637972764
SNP,PASS,65932,65807,125,87364,155,21405,6,0.998104,0.99765,0.245009,0.997877,2.32632163035,2.07199100112,1.4937767185,1.54637972764
