Type,Filter,TRUTH.TOTAL,TRUTH.TP,TRUTH.FN,QUERY.TOTAL,QUERY.FP,QUERY.UNK,FP.gt,METRIC.Recall,METRIC.Precision,METRIC.Frac_NA,METRIC.F1_Score,TRUTH.TOTAL.TiTv_ratio,QUERY.TOTAL.TiTv_ratio,TRUTH.TOTAL.het_hom_ratio,QUERY.TOTAL.het_hom_ratio
INDEL,ALL,7920,6782,1138,18235,287,11164,218,0.856313,0.959412,0.612229,0.904935,,,1.64726145367,1.6357615894
INDEL,PASS,7920,6782,1138,18235,287,11164,218,0.856313,0.959412,0.612229,0.904935,,,1.64726145367,1.6357615894
SNP,ALL,65932,63079,2853,87081,824,23178,412,0.956728,0.987105,0.266166,0.971679,2.32632163035,2.06057624736,1.4937767185,1.59861488403
SNP,PASS,65932,63079,2853,87081,824,23178,412,0.956728,0.987105,0.266166,0.971679,2.32632163035,2.06057624736,1.4937767185,1.59861488403
