Type,Filter,TRUTH.TOTAL,TRUTH.TP,TRUTH.FN,QUERY.TOTAL,QUERY.FP,QUERY.UNK,FP.gt,FP.al,METRIC.Recall,METRIC.Precision,METRIC.Frac_NA,METRIC.F1_Score,TRUTH.TOTAL.TiTv_ratio,QUERY.TOTAL.TiTv_ratio,TRUTH.TOTAL.het_hom_ratio,QUERY.TOTAL.het_hom_ratio
INDEL,ALL,7920,7688,232,21301,158,13449,63,61,0.970707,0.979878,0.631379,0.9752709999999999,,,1.6472614536686188,1.9007291082445317
INDEL,PASS,7920,7688,232,21301,158,13449,63,61,0.970707,0.979878,0.631379,0.9752709999999999,,,1.6472614536686188,1.9007291082445317
SNP,ALL,65932,65823,109,87748,185,21734,8,41,0.998347,0.9971979999999999,0.247687,0.9977719999999999,2.326321630347054,2.072566247768404,1.4937767184958197,1.5856081598962326
SNP,PASS,65932,65823,109,87748,185,21734,8,41,0.998347,0.9971979999999999,0.247687,0.9977719999999999,2.326321630347054,2.072566247768404,1.4937767184958197,1.5856081598962326
