Type,Filter,TRUTH.TOTAL,TRUTH.TP,TRUTH.FN,QUERY.TOTAL,QUERY.FP,QUERY.UNK,FP.gt,FP.al,METRIC.Recall,METRIC.Precision,METRIC.Frac_NA,METRIC.F1_Score,TRUTH.TOTAL.TiTv_ratio,QUERY.TOTAL.TiTv_ratio,TRUTH.TOTAL.het_hom_ratio,QUERY.TOTAL.het_hom_ratio
INDEL,ALL,7920,6782,1138,18235,287,11164,218,36,0.8563129999999999,0.959412,0.612229,0.904935,,,1.6472614536686188,1.6357615894039734
INDEL,PASS,7920,6782,1138,18235,287,11164,218,36,0.8563129999999999,0.959412,0.612229,0.904935,,,1.6472614536686188,1.6357615894039734
SNP,ALL,65932,63079,2853,87081,824,23178,412,83,0.956728,0.9871049999999999,0.26616599999999996,0.9716790000000001,2.326321630347054,2.0605762473647222,1.4937767184958197,1.5986148840263887
SNP,PASS,65932,63079,2853,87081,824,23178,412,83,0.956728,0.9871049999999999,0.26616599999999996,0.9716790000000001,2.326321630347054,2.0605762473647222,1.4937767184958197,1.5986148840263887
