Type,Filter,TRUTH.TOTAL,TRUTH.TP,TRUTH.FN,QUERY.TOTAL,QUERY.FP,QUERY.UNK,FP.gt,METRIC.Recall,METRIC.Precision,METRIC.Frac_NA,METRIC.F1_Score,TRUTH.TOTAL.TiTv_ratio,QUERY.TOTAL.TiTv_ratio,TRUTH.TOTAL.het_hom_ratio,QUERY.TOTAL.het_hom_ratio
INDEL,ALL,7920,7550,370,20812,193,13061,97,0.953283,0.9751,0.627571,0.964068,,,1.64726145367,1.87239472565
INDEL,PASS,7920,7550,370,20812,193,13061,97,0.953283,0.9751,0.627571,0.964068,,,1.64726145367,1.87239472565
SNP,ALL,65932,65723,209,88552,296,22533,22,0.99683,0.995516,0.254461,0.996173,2.32632163035,2.07228079911,1.4937767185,1.62852645958
SNP,PASS,65932,65723,209,88552,296,22533,22,0.99683,0.995516,0.254461,0.996173,2.32632163035,2.07228079911,1.4937767185,1.62852645958
