Type,Filter,TRUTH.TOTAL,TRUTH.TP,TRUTH.FN,QUERY.TOTAL,QUERY.FP,QUERY.UNK,FP.gt,METRIC.Recall,METRIC.Precision,METRIC.Frac_NA,METRIC.F1_Score,TRUTH.TOTAL.TiTv_ratio,QUERY.TOTAL.TiTv_ratio,TRUTH.TOTAL.het_hom_ratio,QUERY.TOTAL.het_hom_ratio
INDEL,ALL,7920,7338,582,20095,227,12524,142,0.926515,0.970017,0.62324,0.947767,,,1.64726145367,1.83497251953
INDEL,PASS,7920,7338,582,20095,227,12524,142,0.926515,0.970017,0.62324,0.947767,,,1.64726145367,1.83497251953
SNP,ALL,65932,65352,580,88776,412,23013,85,0.991203,0.993735,0.259225,0.992467,2.32632163035,2.06558961613,1.4937767185,1.64873738881
SNP,PASS,65932,65352,580,88776,412,23013,85,0.991203,0.993735,0.259225,0.992467,2.32632163035,2.06558961613,1.4937767185,1.64873738881
