Type,Filter,TRUTH.TOTAL,TRUTH.TP,TRUTH.FN,QUERY.TOTAL,QUERY.FP,QUERY.UNK,FP.gt,FP.al,METRIC.Recall,METRIC.Precision,METRIC.Frac_NA,METRIC.F1_Score,TRUTH.TOTAL.TiTv_ratio,QUERY.TOTAL.TiTv_ratio,TRUTH.TOTAL.het_hom_ratio,QUERY.TOTAL.het_hom_ratio
INDEL,ALL,7920,7338,582,20095,227,12524,142,51,0.926515,0.970017,0.62324,0.947767,,,1.6472614536686188,1.8349725195256001
INDEL,PASS,7920,7338,582,20095,227,12524,142,51,0.926515,0.970017,0.62324,0.947767,,,1.6472614536686188,1.8349725195256001
SNP,ALL,65932,65352,580,88776,412,23013,85,59,0.9912030000000001,0.993735,0.259225,0.992467,2.326321630347054,2.0655896161281415,1.4937767184958197,1.6487373888126082
SNP,PASS,65932,65352,580,88776,412,23013,85,59,0.9912030000000001,0.993735,0.259225,0.992467,2.326321630347054,2.0655896161281415,1.4937767184958197,1.6487373888126082
