Type,Filter,TRUTH.TOTAL,TRUTH.TP,TRUTH.FN,QUERY.TOTAL,QUERY.FP,QUERY.UNK,FP.gt,METRIC.Recall,METRIC.Precision,METRIC.Frac_NA,METRIC.F1_Score,TRUTH.TOTAL.TiTv_ratio,QUERY.TOTAL.TiTv_ratio,TRUTH.TOTAL.het_hom_ratio,QUERY.TOTAL.het_hom_ratio
INDEL,ALL,7920,7688,232,21301,158,13449,63,0.970707,0.979878,0.631379,0.975271,,,1.64726145367,1.90072910824
INDEL,PASS,7920,7688,232,21301,158,13449,63,0.970707,0.979878,0.631379,0.975271,,,1.64726145367,1.90072910824
SNP,ALL,65932,65823,109,87748,185,21734,8,0.998347,0.997198,0.247687,0.997772,2.32632163035,2.07256624777,1.4937767185,1.5856081599
SNP,PASS,65932,65823,109,87748,185,21734,8,0.998347,0.997198,0.247687,0.997772,2.32632163035,2.07256624777,1.4937767185,1.5856081599
