Type,Filter,TRUTH.TOTAL,TRUTH.TP,TRUTH.FN,QUERY.TOTAL,QUERY.FP,QUERY.UNK,FP.gt,METRIC.Recall,METRIC.Precision,METRIC.Frac_NA,METRIC.F1_Score,TRUTH.TOTAL.TiTv_ratio,QUERY.TOTAL.TiTv_ratio,TRUTH.TOTAL.het_hom_ratio,QUERY.TOTAL.het_hom_ratio
INDEL,ALL,7920,7724,196,21508,153,13621,68,0.975253,0.980601,0.633299,0.977919,,,1.64726145367,1.90055555556
INDEL,PASS,7920,7724,196,21508,153,13621,68,0.975253,0.980601,0.633299,0.977919,,,1.64726145367,1.90055555556
SNP,ALL,65932,65827,105,87572,176,21567,7,0.998407,0.997334,0.246277,0.99787,2.32632163035,2.06790642292,1.4937767185,1.56122896854
SNP,PASS,65932,65827,105,87572,176,21567,7,0.998407,0.997334,0.246277,0.99787,2.32632163035,2.06790642292,1.4937767185,1.56122896854
