Type,Filter,TRUTH.TOTAL,TRUTH.TP,TRUTH.FN,QUERY.TOTAL,QUERY.FP,QUERY.UNK,FP.gt,FP.al,METRIC.Recall,METRIC.Precision,METRIC.Frac_NA,METRIC.F1_Score,TRUTH.TOTAL.TiTv_ratio,QUERY.TOTAL.TiTv_ratio,TRUTH.TOTAL.het_hom_ratio,QUERY.TOTAL.het_hom_ratio
INDEL,ALL,9181,8870,311,24884,212,15792,103,70,0.966126,0.976683,0.634625,0.971376,,,2.4651886425515364,2.679046309032554
INDEL,PASS,9181,8870,311,24884,212,15792,103,70,0.966126,0.976683,0.634625,0.971376,,,2.4651886425515364,2.679046309032554
SNP,ALL,78774,78619,155,105828,286,26931,29,50,0.9980319999999999,0.996375,0.254479,0.9972030000000001,2.3307263042191595,2.0732408267533673,2.2394290885159593,2.080583626991292
SNP,PASS,78774,78619,155,105828,286,26931,29,50,0.9980319999999999,0.996375,0.254479,0.9972030000000001,2.3307263042191595,2.0732408267533673,2.2394290885159593,2.080583626991292
