Type,Filter,TRUTH.TOTAL,TRUTH.TP,TRUTH.FN,QUERY.TOTAL,QUERY.FP,QUERY.UNK,FP.gt,FP.al,METRIC.Recall,METRIC.Precision,METRIC.Frac_NA,METRIC.F1_Score,TRUTH.TOTAL.TiTv_ratio,QUERY.TOTAL.TiTv_ratio,TRUTH.TOTAL.het_hom_ratio,QUERY.TOTAL.het_hom_ratio
INDEL,ALL,9181,7770,1411,21218,356,13087,260,56,0.8463129999999999,0.956217,0.616788,0.897914,,,2.4651886425515364,2.2207751937984495
INDEL,PASS,9181,7770,1411,21218,356,13087,260,56,0.8463129999999999,0.956217,0.616788,0.897914,,,2.4651886425515364,2.2207751937984495
SNP,ALL,78774,74926,3848,103941,1117,27902,637,100,0.951151,0.98531,0.268441,0.96793,2.3307263042191595,2.063490660538566,2.2394290885159593,2.039586868745977
SNP,PASS,78774,74926,3848,103941,1117,27902,637,100,0.951151,0.98531,0.268441,0.96793,2.3307263042191595,2.063490660538566,2.2394290885159593,2.039586868745977
