Type,Filter,TRUTH.TOTAL,TRUTH.TP,TRUTH.FN,QUERY.TOTAL,QUERY.FP,QUERY.UNK,FP.gt,FP.al,METRIC.Recall,METRIC.Precision,METRIC.Frac_NA,METRIC.F1_Score,TRUTH.TOTAL.TiTv_ratio,QUERY.TOTAL.TiTv_ratio,TRUTH.TOTAL.het_hom_ratio,QUERY.TOTAL.het_hom_ratio
INDEL,ALL,9181,8528,653,23622,266,14821,163,58,0.928875,0.969776,0.627424,0.9488850000000001,,,2.4651886425515364,2.532062125172997
INDEL,PASS,9181,8528,653,23622,266,14821,163,58,0.928875,0.969776,0.627424,0.9488850000000001,,,2.4651886425515364,2.532062125172997
SNP,ALL,78774,77999,775,106566,556,28019,111,78,0.9901620000000001,0.9929209999999999,0.26292600000000005,0.99154,2.3307263042191595,2.0658863453353273,2.2394290885159593,2.1386474141741565
SNP,PASS,78774,77999,775,106566,556,28019,111,78,0.9901620000000001,0.9929209999999999,0.26292600000000005,0.99154,2.3307263042191595,2.0658863453353273,2.2394290885159593,2.1386474141741565
