Type,Filter,TRUTH.TOTAL,TRUTH.TP,TRUTH.FN,QUERY.TOTAL,QUERY.FP,QUERY.UNK,FP.gt,METRIC.Recall,METRIC.Precision,METRIC.Frac_NA,METRIC.F1_Score,TRUTH.TOTAL.TiTv_ratio,QUERY.TOTAL.TiTv_ratio,TRUTH.TOTAL.het_hom_ratio,QUERY.TOTAL.het_hom_ratio
INDEL,ALL,9181,8982,199,25386,192,16202,81,0.978325,0.979094,0.638226,0.978709,,,2.46518864255,2.72725889869
INDEL,PASS,9181,8982,199,25386,192,16202,81,0.978325,0.979094,0.638226,0.978709,,,2.46518864255,2.72725889869
SNP,ALL,78774,78650,124,105303,160,26501,17,0.998426,0.99797,0.251664,0.998198,2.33072630422,2.07361479882,2.23942908852,2.03491926182
SNP,PASS,78774,78650,124,105303,160,26501,17,0.998426,0.99797,0.251664,0.998198,2.33072630422,2.07361479882,2.23942908852,2.03491926182
