Type,Filter,TRUTH.TOTAL,TRUTH.TP,TRUTH.FN,QUERY.TOTAL,QUERY.FP,QUERY.UNK,FP.gt,FP.al,METRIC.Recall,METRIC.Precision,METRIC.Frac_NA,METRIC.F1_Score,TRUTH.TOTAL.TiTv_ratio,QUERY.TOTAL.TiTv_ratio,TRUTH.TOTAL.het_hom_ratio,QUERY.TOTAL.het_hom_ratio
INDEL,ALL,9181,9004,177,25501,188,16301,71,79,0.980721,0.979565,0.63923,0.980143,,,2.4651886425515364,2.7117212249208027
INDEL,PASS,9181,9004,177,25501,188,16301,71,79,0.980721,0.979565,0.63923,0.980143,,,2.4651886425515364,2.7117212249208027
SNP,ALL,78774,78661,113,105282,142,26486,15,39,0.998566,0.9981979999999999,0.25157199999999996,0.998382,2.3307263042191595,2.0734525928736103,2.2394290885159593,2.0186167924041194
SNP,PASS,78774,78661,113,105282,142,26486,15,39,0.998566,0.9981979999999999,0.25157199999999996,0.998382,2.3307263042191595,2.0734525928736103,2.2394290885159593,2.0186167924041194
