Type,Filter,TRUTH.TOTAL,TRUTH.TP,TRUTH.FN,QUERY.TOTAL,QUERY.FP,QUERY.UNK,FP.gt,METRIC.Recall,METRIC.Precision,METRIC.Frac_NA,METRIC.F1_Score,TRUTH.TOTAL.TiTv_ratio,QUERY.TOTAL.TiTv_ratio,TRUTH.TOTAL.het_hom_ratio,QUERY.TOTAL.het_hom_ratio
INDEL,ALL,9181,8759,422,24485,225,15488,113,0.954036,0.974992,0.632551,0.9644,,,2.46518864255,2.63726993865
INDEL,PASS,9181,8759,422,24485,225,15488,113,0.954036,0.974992,0.632551,0.9644,,,2.46518864255,2.63726993865
SNP,ALL,78774,78508,266,106291,368,27422,52,0.996623,0.995334,0.25799,0.995978,2.33072630422,2.07078291507,2.23942908852,2.10943628168
SNP,PASS,78774,78508,266,106291,368,27422,52,0.996623,0.995334,0.25799,0.995978,2.33072630422,2.07078291507,2.23942908852,2.10943628168
