Type,Filter,TRUTH.TOTAL,TRUTH.TP,TRUTH.FN,QUERY.TOTAL,QUERY.FP,QUERY.UNK,FP.gt,FP.al,METRIC.Recall,METRIC.Precision,METRIC.Frac_NA,METRIC.F1_Score,TRUTH.TOTAL.TiTv_ratio,QUERY.TOTAL.TiTv_ratio,TRUTH.TOTAL.het_hom_ratio,QUERY.TOTAL.het_hom_ratio
INDEL,ALL,9181,8982,199,25386,192,16202,81,75,0.978325,0.979094,0.6382260000000001,0.978709,,,2.4651886425515364,2.727258898691816
INDEL,PASS,9181,8982,199,25386,192,16202,81,75,0.978325,0.979094,0.6382260000000001,0.978709,,,2.4651886425515364,2.727258898691816
SNP,ALL,78774,78650,124,105303,160,26501,17,35,0.998426,0.99797,0.251664,0.9981979999999999,2.3307263042191595,2.0736147988212297,2.2394290885159593,2.034919261822376
SNP,PASS,78774,78650,124,105303,160,26501,17,35,0.998426,0.99797,0.251664,0.9981979999999999,2.3307263042191595,2.0736147988212297,2.2394290885159593,2.034919261822376
