Type,Filter,TRUTH.TOTAL,TRUTH.TP,TRUTH.FN,QUERY.TOTAL,QUERY.FP,QUERY.UNK,FP.gt,METRIC.Recall,METRIC.Precision,METRIC.Frac_NA,METRIC.F1_Score,TRUTH.TOTAL.TiTv_ratio,QUERY.TOTAL.TiTv_ratio,TRUTH.TOTAL.het_hom_ratio,QUERY.TOTAL.het_hom_ratio
INDEL,ALL,9181,9004,177,25501,188,16301,71,0.980721,0.979565,0.63923,0.980143,,,2.46518864255,2.71172122492
INDEL,PASS,9181,9004,177,25501,188,16301,71,0.980721,0.979565,0.63923,0.980143,,,2.46518864255,2.71172122492
SNP,ALL,78774,78661,113,105282,142,26486,15,0.998566,0.998198,0.251572,0.998382,2.33072630422,2.07345259287,2.23942908852,2.0186167924
SNP,PASS,78774,78661,113,105282,142,26486,15,0.998566,0.998198,0.251572,0.998382,2.33072630422,2.07345259287,2.23942908852,2.0186167924
