Type,Filter,TRUTH.TOTAL,TRUTH.TP,TRUTH.FN,QUERY.TOTAL,QUERY.FP,QUERY.UNK,FP.gt,METRIC.Recall,METRIC.Precision,METRIC.Frac_NA,METRIC.F1_Score,TRUTH.TOTAL.TiTv_ratio,QUERY.TOTAL.TiTv_ratio,TRUTH.TOTAL.het_hom_ratio,QUERY.TOTAL.het_hom_ratio
INDEL,ALL,9181,7770,1411,21218,356,13087,260,0.846313,0.956217,0.616788,0.897914,,,2.46518864255,2.2207751938
INDEL,PASS,9181,7770,1411,21218,356,13087,260,0.846313,0.956217,0.616788,0.897914,,,2.46518864255,2.2207751938
SNP,ALL,78774,74926,3848,103941,1117,27902,637,0.951151,0.98531,0.268441,0.96793,2.33072630422,2.06349066054,2.23942908852,2.03958686875
SNP,PASS,78774,74926,3848,103941,1117,27902,637,0.951151,0.98531,0.268441,0.96793,2.33072630422,2.06349066054,2.23942908852,2.03958686875
