Type,Filter,TRUTH.TOTAL,TRUTH.TP,TRUTH.FN,QUERY.TOTAL,QUERY.FP,QUERY.UNK,FP.gt,FP.al,METRIC.Recall,METRIC.Precision,METRIC.Frac_NA,METRIC.F1_Score,TRUTH.TOTAL.TiTv_ratio,QUERY.TOTAL.TiTv_ratio,TRUTH.TOTAL.het_hom_ratio,QUERY.TOTAL.het_hom_ratio
INDEL,ALL,9181,8914,267,25106,203,15979,89,77,0.9709180000000001,0.977758,0.6364609999999999,0.974326,,,2.4651886425515364,2.696493902439024
INDEL,PASS,9181,8914,267,25106,203,15979,89,77,0.9709180000000001,0.977758,0.6364609999999999,0.974326,,,2.4651886425515364,2.696493902439024
SNP,ALL,78774,78643,131,105531,220,26674,18,39,0.998337,0.99721,0.25276,0.9977729999999999,2.3307263042191595,2.0735122860137416,2.2394290885159593,2.058898587709886
SNP,PASS,78774,78643,131,105531,220,26674,18,39,0.998337,0.99721,0.25276,0.9977729999999999,2.3307263042191595,2.0735122860137416,2.2394290885159593,2.058898587709886
