Type,Filter,TRUTH.TOTAL,TRUTH.TP,TRUTH.FN,QUERY.TOTAL,QUERY.FP,QUERY.UNK,FP.gt,METRIC.Recall,METRIC.Precision,METRIC.Frac_NA,METRIC.F1_Score,TRUTH.TOTAL.TiTv_ratio,QUERY.TOTAL.TiTv_ratio,TRUTH.TOTAL.het_hom_ratio,QUERY.TOTAL.het_hom_ratio
INDEL,ALL,9181,8870,311,24884,212,15792,103,0.966126,0.976683,0.634625,0.971376,,,2.46518864255,2.67904630903
INDEL,PASS,9181,8870,311,24884,212,15792,103,0.966126,0.976683,0.634625,0.971376,,,2.46518864255,2.67904630903
SNP,ALL,78774,78619,155,105828,286,26931,29,0.998032,0.996375,0.254479,0.997203,2.33072630422,2.07324082675,2.23942908852,2.08058362699
SNP,PASS,78774,78619,155,105828,286,26931,29,0.998032,0.996375,0.254479,0.997203,2.33072630422,2.07324082675,2.23942908852,2.08058362699
