Type,Filter,TRUTH.TOTAL,TRUTH.TP,TRUTH.FN,QUERY.TOTAL,QUERY.FP,QUERY.UNK,FP.gt,METRIC.Recall,METRIC.Precision,METRIC.Frac_NA,METRIC.F1_Score,TRUTH.TOTAL.TiTv_ratio,QUERY.TOTAL.TiTv_ratio,TRUTH.TOTAL.het_hom_ratio,QUERY.TOTAL.het_hom_ratio
INDEL,ALL,9181,8914,267,25106,203,15979,89,0.970918,0.977758,0.636461,0.974326,,,2.46518864255,2.69649390244
INDEL,PASS,9181,8914,267,25106,203,15979,89,0.970918,0.977758,0.636461,0.974326,,,2.46518864255,2.69649390244
SNP,ALL,78774,78643,131,105531,220,26674,18,0.998337,0.99721,0.25276,0.997773,2.33072630422,2.07351228601,2.23942908852,2.05889858771
SNP,PASS,78774,78643,131,105531,220,26674,18,0.998337,0.99721,0.25276,0.997773,2.33072630422,2.07351228601,2.23942908852,2.05889858771
