Type,Filter,TRUTH.TOTAL,TRUTH.TP,TRUTH.FN,QUERY.TOTAL,QUERY.FP,QUERY.UNK,FP.gt,METRIC.Recall,METRIC.Precision,METRIC.Frac_NA,METRIC.F1_Score,TRUTH.TOTAL.TiTv_ratio,QUERY.TOTAL.TiTv_ratio,TRUTH.TOTAL.het_hom_ratio,QUERY.TOTAL.het_hom_ratio
INDEL,ALL,9181,8528,653,23622,266,14821,163,0.928875,0.969776,0.627424,0.948885,,,2.46518864255,2.53206212517
INDEL,PASS,9181,8528,653,23622,266,14821,163,0.928875,0.969776,0.627424,0.948885,,,2.46518864255,2.53206212517
SNP,ALL,78774,77999,775,106566,556,28019,111,0.990162,0.992921,0.262926,0.99154,2.33072630422,2.06588634534,2.23942908852,2.13864741417
SNP,PASS,78774,77999,775,106566,556,28019,111,0.990162,0.992921,0.262926,0.99154,2.33072630422,2.06588634534,2.23942908852,2.13864741417
