Type,Filter,TRUTH.TOTAL,TRUTH.TP,TRUTH.FN,QUERY.TOTAL,QUERY.FP,QUERY.UNK,FP.gt,FP.al,METRIC.Recall,METRIC.Precision,METRIC.Frac_NA,METRIC.F1_Score,TRUTH.TOTAL.TiTv_ratio,QUERY.TOTAL.TiTv_ratio,TRUTH.TOTAL.het_hom_ratio,QUERY.TOTAL.het_hom_ratio
INDEL,ALL,9181,8759,422,24485,225,15488,113,73,0.9540360000000001,0.974992,0.632551,0.9644,,,2.4651886425515364,2.6372699386503067
INDEL,PASS,9181,8759,422,24485,225,15488,113,73,0.9540360000000001,0.974992,0.632551,0.9644,,,2.4651886425515364,2.6372699386503067
SNP,ALL,78774,78508,266,106291,368,27422,52,54,0.9966229999999999,0.995334,0.25799,0.995978,2.3307263042191595,2.0707829150662778,2.2394290885159593,2.109436281683545
SNP,PASS,78774,78508,266,106291,368,27422,52,54,0.9966229999999999,0.995334,0.25799,0.995978,2.3307263042191595,2.0707829150662778,2.2394290885159593,2.109436281683545
