Type,Filter,TRUTH.TOTAL,TRUTH.TP,TRUTH.FN,QUERY.TOTAL,QUERY.FP,QUERY.UNK,FP.gt,FP.al,METRIC.Recall,METRIC.Precision,METRIC.Frac_NA,METRIC.F1_Score,TRUTH.TOTAL.TiTv_ratio,QUERY.TOTAL.TiTv_ratio,TRUTH.TOTAL.het_hom_ratio,QUERY.TOTAL.het_hom_ratio
INDEL,ALL,7625,7354,271,20901,282,13257,96,115,0.9644590000000001,0.963108,0.6342760000000001,0.963783,,,1.5016891891891893,1.7466413353236532
INDEL,PASS,7625,7354,271,20901,282,13257,96,115,0.9644590000000001,0.963108,0.6342760000000001,0.963783,,,1.5016891891891893,1.7466413353236532
SNP,ALL,63304,62916,388,84792,332,21547,17,44,0.993871,0.994751,0.254116,0.9943110000000001,2.3161533626649904,2.041052669319852,1.3433172898926324,1.4296812292168328
SNP,PASS,63304,62916,388,84792,332,21547,17,44,0.993871,0.994751,0.254116,0.9943110000000001,2.3161533626649904,2.041052669319852,1.3433172898926324,1.4296812292168328
