Type,Filter,TRUTH.TOTAL,TRUTH.TP,TRUTH.FN,QUERY.TOTAL,QUERY.FP,QUERY.UNK,FP.gt,METRIC.Recall,METRIC.Precision,METRIC.Frac_NA,METRIC.F1_Score,TRUTH.TOTAL.TiTv_ratio,QUERY.TOTAL.TiTv_ratio,TRUTH.TOTAL.het_hom_ratio,QUERY.TOTAL.het_hom_ratio
INDEL,ALL,7625,7354,271,20901,282,13257,96,0.964459,0.963108,0.634276,0.963783,,,1.50168918919,1.74664133532
INDEL,PASS,7625,7354,271,20901,282,13257,96,0.964459,0.963108,0.634276,0.963783,,,1.50168918919,1.74664133532
SNP,ALL,63304,62916,388,84792,332,21547,17,0.993871,0.994751,0.254116,0.994311,2.31615336266,2.04105266932,1.34331728989,1.42968122922
SNP,PASS,63304,62916,388,84792,332,21547,17,0.993871,0.994751,0.254116,0.994311,2.31615336266,2.04105266932,1.34331728989,1.42968122922
