Type,Filter,TRUTH.TOTAL,TRUTH.TP,TRUTH.FN,QUERY.TOTAL,QUERY.FP,QUERY.UNK,FP.gt,FP.al,METRIC.Recall,METRIC.Precision,METRIC.Frac_NA,METRIC.F1_Score,TRUTH.TOTAL.TiTv_ratio,QUERY.TOTAL.TiTv_ratio,TRUTH.TOTAL.het_hom_ratio,QUERY.TOTAL.het_hom_ratio
INDEL,ALL,7625,7228,397,20478,300,12942,122,106,0.947934,0.960191,0.631995,0.954023,,,1.5016891891891893,1.7363636363636363
INDEL,PASS,7625,7228,397,20478,300,12942,122,106,0.947934,0.960191,0.631995,0.954023,,,1.5016891891891893,1.7363636363636363
SNP,ALL,63304,62869,435,85585,507,22210,63,64,0.993128,0.992,0.259508,0.9925639999999999,2.3161533626649904,2.041098323387326,1.3433172898926324,1.4898428405122235
SNP,PASS,63304,62869,435,85585,507,22210,63,64,0.993128,0.992,0.259508,0.9925639999999999,2.3161533626649904,2.041098323387326,1.3433172898926324,1.4898428405122235
