Type,Filter,TRUTH.TOTAL,TRUTH.TP,TRUTH.FN,QUERY.TOTAL,QUERY.FP,QUERY.UNK,FP.gt,FP.al,METRIC.Recall,METRIC.Precision,METRIC.Frac_NA,METRIC.F1_Score,TRUTH.TOTAL.TiTv_ratio,QUERY.TOTAL.TiTv_ratio,TRUTH.TOTAL.het_hom_ratio,QUERY.TOTAL.het_hom_ratio
INDEL,ALL,7625,7292,333,20626,284,13045,107,107,0.9563280000000001,0.9625379999999999,0.632454,0.9594229999999999,,,1.5016891891891893,1.747423388759104
INDEL,PASS,7625,7292,333,20626,284,13045,107,107,0.9563280000000001,0.9625379999999999,0.632454,0.9594229999999999,,,1.5016891891891893,1.747423388759104
SNP,ALL,63304,62933,371,85267,451,21884,42,58,0.994139,0.992885,0.256653,0.9935120000000001,2.3161533626649904,2.042843892694064,1.3433172898926324,1.4744084772826245
SNP,PASS,63304,62933,371,85267,451,21884,42,58,0.994139,0.992885,0.256653,0.9935120000000001,2.3161533626649904,2.042843892694064,1.3433172898926324,1.4744084772826245
