Type,Filter,TRUTH.TOTAL,TRUTH.TP,TRUTH.FN,QUERY.TOTAL,QUERY.FP,QUERY.UNK,FP.gt,METRIC.Recall,METRIC.Precision,METRIC.Frac_NA,METRIC.F1_Score,TRUTH.TOTAL.TiTv_ratio,QUERY.TOTAL.TiTv_ratio,TRUTH.TOTAL.het_hom_ratio,QUERY.TOTAL.het_hom_ratio
INDEL,ALL,7625,7228,397,20478,300,12942,122,0.947934,0.960191,0.631995,0.954023,,,1.50168918919,1.73636363636
INDEL,PASS,7625,7228,397,20478,300,12942,122,0.947934,0.960191,0.631995,0.954023,,,1.50168918919,1.73636363636
SNP,ALL,63304,62869,435,85585,507,22210,63,0.993128,0.992,0.259508,0.992564,2.31615336266,2.04109832339,1.34331728989,1.48984284051
SNP,PASS,63304,62869,435,85585,507,22210,63,0.993128,0.992,0.259508,0.992564,2.31615336266,2.04109832339,1.34331728989,1.48984284051
