Type,Filter,TRUTH.TOTAL,TRUTH.TP,TRUTH.FN,QUERY.TOTAL,QUERY.FP,QUERY.UNK,FP.gt,METRIC.Recall,METRIC.Precision,METRIC.Frac_NA,METRIC.F1_Score,TRUTH.TOTAL.TiTv_ratio,QUERY.TOTAL.TiTv_ratio,TRUTH.TOTAL.het_hom_ratio,QUERY.TOTAL.het_hom_ratio
INDEL,ALL,7625,7292,333,20626,284,13045,107,0.956328,0.962538,0.632454,0.959423,,,1.50168918919,1.74742338876
INDEL,PASS,7625,7292,333,20626,284,13045,107,0.956328,0.962538,0.632454,0.959423,,,1.50168918919,1.74742338876
SNP,ALL,63304,62933,371,85267,451,21884,42,0.994139,0.992885,0.256653,0.993512,2.31615336266,2.04284389269,1.34331728989,1.47440847728
SNP,PASS,63304,62933,371,85267,451,21884,42,0.994139,0.992885,0.256653,0.993512,2.31615336266,2.04284389269,1.34331728989,1.47440847728
