Type,Filter,TRUTH.TOTAL,TRUTH.TP,TRUTH.FN,QUERY.TOTAL,QUERY.FP,QUERY.UNK,FP.gt,FP.al,METRIC.Recall,METRIC.Precision,METRIC.Frac_NA,METRIC.F1_Score,TRUTH.TOTAL.TiTv_ratio,QUERY.TOTAL.TiTv_ratio,TRUTH.TOTAL.het_hom_ratio,QUERY.TOTAL.het_hom_ratio
INDEL,ALL,7625,7326,299,20807,282,13192,99,112,0.9607870000000001,0.962968,0.634017,0.9618760000000001,,,1.5016891891891893,1.7574596222283054
INDEL,PASS,7625,7326,299,20807,282,13192,99,112,0.9607870000000001,0.962968,0.634017,0.9618760000000001,,,1.5016891891891893,1.7574596222283054
SNP,ALL,63304,62957,347,84893,355,21584,26,46,0.994519,0.9943930000000001,0.254249,0.9944559999999999,2.3161533626649904,2.041583094555874,1.3433172898926324,1.4459689274493415
SNP,PASS,63304,62957,347,84893,355,21584,26,46,0.994519,0.9943930000000001,0.254249,0.9944559999999999,2.3161533626649904,2.041583094555874,1.3433172898926324,1.4459689274493415
