Type,Filter,TRUTH.TOTAL,TRUTH.TP,TRUTH.FN,QUERY.TOTAL,QUERY.FP,QUERY.UNK,FP.gt,METRIC.Recall,METRIC.Precision,METRIC.Frac_NA,METRIC.F1_Score,TRUTH.TOTAL.TiTv_ratio,QUERY.TOTAL.TiTv_ratio,TRUTH.TOTAL.het_hom_ratio,QUERY.TOTAL.het_hom_ratio
INDEL,ALL,7625,6873,752,19360,363,12120,212,0.901377,0.949862,0.626033,0.924985,,,1.50168918919,1.64816372302
INDEL,PASS,7625,6873,752,19360,363,12120,212,0.901377,0.949862,0.626033,0.924985,,,1.50168918919,1.64816372302
SNP,ALL,63304,61943,1361,85800,818,23039,242,0.978501,0.986966,0.26852,0.982715,2.31615336266,2.03758759822,1.34331728989,1.51144881705
SNP,PASS,63304,61943,1361,85800,818,23039,242,0.978501,0.986966,0.26852,0.982715,2.31615336266,2.03758759822,1.34331728989,1.51144881705
