Type,Filter,TRUTH.TOTAL,TRUTH.TP,TRUTH.FN,QUERY.TOTAL,QUERY.FP,QUERY.UNK,FP.gt,METRIC.Recall,METRIC.Precision,METRIC.Frac_NA,METRIC.F1_Score,TRUTH.TOTAL.TiTv_ratio,QUERY.TOTAL.TiTv_ratio,TRUTH.TOTAL.het_hom_ratio,QUERY.TOTAL.het_hom_ratio
INDEL,ALL,7625,6297,1328,17600,422,10871,310,0.825836,0.937286,0.61767,0.878039,,,1.50168918919,1.48970778753
INDEL,PASS,7625,6297,1328,17600,422,10871,310,0.825836,0.937286,0.61767,0.878039,,,1.50168918919,1.48970778753
SNP,ALL,63304,59240,4064,83594,1401,22956,798,0.935802,0.976896,0.274613,0.955907,2.31615336266,2.03319306392,1.34331728989,1.42363689095
SNP,PASS,63304,59240,4064,83594,1401,22956,798,0.935802,0.976896,0.274613,0.955907,2.31615336266,2.03319306392,1.34331728989,1.42363689095
