Type,Filter,TRUTH.TOTAL,TRUTH.TP,TRUTH.FN,QUERY.TOTAL,QUERY.FP,QUERY.UNK,FP.gt,FP.al,METRIC.Recall,METRIC.Precision,METRIC.Frac_NA,METRIC.F1_Score,TRUTH.TOTAL.TiTv_ratio,QUERY.TOTAL.TiTv_ratio,TRUTH.TOTAL.het_hom_ratio,QUERY.TOTAL.het_hom_ratio
INDEL,ALL,7625,6297,1328,17600,422,10871,310,54,0.825836,0.9372860000000001,0.6176699999999999,0.8780389999999999,,,1.5016891891891893,1.4897077875341873
INDEL,PASS,7625,6297,1328,17600,422,10871,310,54,0.825836,0.9372860000000001,0.6176699999999999,0.8780389999999999,,,1.5016891891891893,1.4897077875341873
SNP,ALL,63304,59240,4064,83594,1401,22956,798,89,0.935802,0.9768959999999999,0.274613,0.955907,2.3161533626649904,2.0331930639193208,1.3433172898926324,1.4236368909512762
SNP,PASS,63304,59240,4064,83594,1401,22956,798,89,0.935802,0.9768959999999999,0.274613,0.955907,2.3161533626649904,2.0331930639193208,1.3433172898926324,1.4236368909512762
