Type,Filter,TRUTH.TOTAL,TRUTH.TP,TRUTH.FN,QUERY.TOTAL,QUERY.FP,QUERY.UNK,FP.gt,METRIC.Recall,METRIC.Precision,METRIC.Frac_NA,METRIC.F1_Score,TRUTH.TOTAL.TiTv_ratio,QUERY.TOTAL.TiTv_ratio,TRUTH.TOTAL.het_hom_ratio,QUERY.TOTAL.het_hom_ratio
INDEL,ALL,7625,7124,501,20085,322,12632,156,0.934295,0.956796,0.628927,0.945412,,,1.50168918919,1.71438498958
INDEL,PASS,7625,7124,501,20085,322,12632,156,0.934295,0.956796,0.628927,0.945412,,,1.50168918919,1.71438498958
SNP,ALL,63304,62671,633,85982,598,22713,89,0.990001,0.990548,0.26416,0.990274,2.31615336266,2.03539791777,1.34331728989,1.50982625201
SNP,PASS,63304,62671,633,85982,598,22713,89,0.990001,0.990548,0.26416,0.990274,2.31615336266,2.03539791777,1.34331728989,1.50982625201
