Type,Filter,TRUTH.TOTAL,TRUTH.TP,TRUTH.FN,QUERY.TOTAL,QUERY.FP,QUERY.UNK,FP.gt,METRIC.Recall,METRIC.Precision,METRIC.Frac_NA,METRIC.F1_Score,TRUTH.TOTAL.TiTv_ratio,QUERY.TOTAL.TiTv_ratio,TRUTH.TOTAL.het_hom_ratio,QUERY.TOTAL.het_hom_ratio
INDEL,ALL,7625,7326,299,20807,282,13192,99,0.960787,0.962968,0.634017,0.961876,,,1.50168918919,1.75745962223
INDEL,PASS,7625,7326,299,20807,282,13192,99,0.960787,0.962968,0.634017,0.961876,,,1.50168918919,1.75745962223
SNP,ALL,63304,62957,347,84893,355,21584,26,0.994519,0.994393,0.254249,0.994456,2.31615336266,2.04158309456,1.34331728989,1.44596892745
SNP,PASS,63304,62957,347,84893,355,21584,26,0.994519,0.994393,0.254249,0.994456,2.31615336266,2.04158309456,1.34331728989,1.44596892745
