Type,Filter,TRUTH.TOTAL,TRUTH.TP,TRUTH.FN,QUERY.TOTAL,QUERY.FP,QUERY.UNK,FP.gt,FP.al,METRIC.Recall,METRIC.Precision,METRIC.Frac_NA,METRIC.F1_Score,TRUTH.TOTAL.TiTv_ratio,QUERY.TOTAL.TiTv_ratio,TRUTH.TOTAL.het_hom_ratio,QUERY.TOTAL.het_hom_ratio
INDEL,ALL,7625,6873,752,19360,363,12120,212,81,0.9013770000000001,0.9498620000000001,0.626033,0.9249850000000001,,,1.5016891891891893,1.6481637230165405
INDEL,PASS,7625,6873,752,19360,363,12120,212,81,0.9013770000000001,0.9498620000000001,0.626033,0.9249850000000001,,,1.5016891891891893,1.6481637230165405
SNP,ALL,63304,61943,1361,85800,818,23039,242,77,0.9785010000000001,0.986966,0.26852,0.982715,2.3161533626649904,2.0375875982161817,1.3433172898926324,1.5114488170531741
SNP,PASS,63304,61943,1361,85800,818,23039,242,77,0.9785010000000001,0.986966,0.26852,0.982715,2.3161533626649904,2.0375875982161817,1.3433172898926324,1.5114488170531741
