Type,Filter,TRUTH.TOTAL,TRUTH.TP,TRUTH.FN,QUERY.TOTAL,QUERY.FP,QUERY.UNK,FP.gt,FP.al,METRIC.Recall,METRIC.Precision,METRIC.Frac_NA,METRIC.F1_Score,TRUTH.TOTAL.TiTv_ratio,QUERY.TOTAL.TiTv_ratio,TRUTH.TOTAL.het_hom_ratio,QUERY.TOTAL.het_hom_ratio
INDEL,ALL,7625,7124,501,20085,322,12632,156,91,0.9342950000000001,0.9567959999999999,0.628927,0.945412,,,1.5016891891891893,1.7143849895760945
INDEL,PASS,7625,7124,501,20085,322,12632,156,91,0.9342950000000001,0.9567959999999999,0.628927,0.945412,,,1.5016891891891893,1.7143849895760945
SNP,ALL,63304,62671,633,85982,598,22713,89,74,0.990001,0.990548,0.26416,0.990274,2.3161533626649904,2.035397917769543,1.3433172898926324,1.5098262520075922
SNP,PASS,63304,62671,633,85982,598,22713,89,74,0.990001,0.990548,0.26416,0.990274,2.3161533626649904,2.035397917769543,1.3433172898926324,1.5098262520075922
