chr1	-139	0	1.0	0.0
chr1	-138	0	2.0	0.0
chr1	-137	0	2.0	0.0
chr1	-136	0	2.0	0.0
chr1	-135	0	2.0	0.0
chr1	-134	0	3.0	0.0
chr1	-133	0	4.0	0.0
chr1	-132	0	7.0	0.0
chr1	-131	0	9.0	0.0
chr1	-130	0	15.0	0.0
chr1	-129	0	180.0	0.0
chr1	-128	4	420.0	0.9523809523809524
chr1	-127	1	636.0	0.15723270440251574
chr1	-126	3	907.0	0.33076074972436603
chr1	-125	2	1197.0	0.1670843776106934
chr1	-124	2	1465.0	0.13651877133105803
chr1	-123	3	1760.0	0.17045454545454544
chr1	-122	4	2076.0	0.1926782273603083
chr1	-121	4	2404.0	0.16638935108153077
chr1	-120	4	2721.0	0.1470047776552738
chr1	-119	5	3010.0	0.16611295681063123
chr1	-118	2	3344.0	0.05980861244019139
chr1	-117	8	3683.0	0.21721422753190334
chr1	-116	4	4038.0	0.09905894006934125
chr1	-115	12	4349.0	0.27592550011496897
chr1	-114	12	4663.0	0.25734505683036674
chr1	-113	7	4998.0	0.1400560224089636
chr1	-112	9	5301.0	0.1697792869269949
chr1	-111	2	5650.0	0.035398230088495575
chr1	-110	6	5982.0	0.10030090270812438
chr1	-109	11	6312.0	0.17427122940430925
chr1	-108	14	6628.0	0.2112251056125528
chr1	-107	15	6990.0	0.2145922746781116
chr1	-106	15	7341.0	0.2043318348998774
chr1	-105	17	7668.0	0.2217005738132499
chr1	-104	19	8008.0	0.23726273726273725
chr1	-103	11	8335.0	0.1319736052789442
chr1	-102	15	8640.0	0.1736111111111111
chr1	-101	13	8990.0	0.14460511679644047
chr1	-100	19	9354.0	0.2031216591832371
chr1	-99	41	9712.0	0.42215815485996705
chr1	-98	31	10055.0	0.30830432620586773
chr1	-97	27	10403.0	0.25954051715851195
chr1	-96	16	10718.0	0.1492815823847733
chr1	-95	23	11037.0	0.2083899610401377
chr1	-94	24	11375.0	0.21098901098901096
chr1	-93	33	11687.0	0.2823650209634637
chr1	-92	37	12031.0	0.3075388579502951
chr1	-91	30	12360.0	0.24271844660194172
chr1	-90	23	12696.0	0.18115942028985507
chr1	-89	28	13023.0	0.21500422329724334
chr1	-88	15	13352.0	0.11234272019173157
chr1	-87	31	13681.0	0.2265916234193407
chr1	-86	24	14019.0	0.17119623368285897
chr1	-85	41	14387.0	0.2849794953777716
chr1	-84	24	14726.0	0.16297704739915794
chr1	-83	21	15057.0	0.1394700139470014
chr1	-82	34	15353.0	0.22145509021038234
chr1	-81	33	15750.0	0.20952380952380953
chr1	-80	53	16089.0	0.32941761451923673
chr1	-79	53	16465.0	0.32189492863650165
chr1	-78	46	16791.0	0.2739562861056518
chr1	-77	50	17108.0	0.29226093055880287
chr1	-76	50	17480.0	0.2860411899313501
chr1	-75	30	17815.0	0.16839741790625876
chr1	-74	47	18124.0	0.2593246523946149
chr1	-73	30	18479.0	0.16234644731857784
chr1	-72	35	18878.0	0.18540099586820638
chr1	-71	40	19261.0	0.20767353719952233
chr1	-70	52	19607.0	0.26521140409037586
chr1	-69	62	19947.0	0.3108236827593122
chr1	-68	40	20298.0	0.19706375012316485
chr1	-67	51	20654.0	0.24692553500532585
chr1	-66	59	21014.0	0.28076520414961453
chr1	-65	44	21345.0	0.20613726868118995
chr1	-64	51	21703.0	0.23499055430124868
chr1	-63	47	22029.0	0.21335512279268237
chr1	-62	78	22358.0	0.34886841399051793
chr1	-61	51	22693.0	0.22473890627065615
chr1	-60	52	23064.0	0.22545959070412766
chr1	-59	57	23434.0	0.24323632329094477
chr1	-58	68	23777.0	0.28599066324599404
chr1	-57	55	24117.0	0.22805489903387652
chr1	-56	85	24462.0	0.3474777205461532
chr1	-55	65	24808.0	0.2620122541115769
chr1	-54	57	25115.0	0.22695600238901054
chr1	-53	75	25470.0	0.2944640753828033
chr1	-52	67	25845.0	0.2592377635906365
chr1	-51	65	26187.0	0.2482147630503685
chr1	-50	54	26524.0	0.2035892022319409
chr1	-49	58	26838.0	0.21611148371711753
chr1	-48	68	27184.0	0.25014714537963506
chr1	-47	58	27527.0	0.21070221963889998
chr1	-46	71	27890.0	0.25457153101470065
chr1	-45	79	28242.0	0.2797252319240847
chr1	-44	77	28596.0	0.2692684291509302
chr1	-43	63	28918.0	0.21785738986098624
chr1	-42	102	29251.0	0.34870602714437116
chr1	-41	93	29608.0	0.3141042961361794
chr1	-40	79	29960.0	0.2636849132176235
chr1	-39	63	30266.0	0.20815436463358225
chr1	-38	76	30592.0	0.24843096234309622
chr1	-37	81	30912.0	0.26203416149068326
chr1	-36	103	31247.0	0.32963164463788525
chr1	-35	88	31639.0	0.2781377413951136
chr1	-34	84	31963.0	0.2628038669711854
chr1	-33	104	32293.0	0.32205121853033164
chr1	-32	83	32629.0	0.2543749425357811
chr1	-31	92	32911.0	0.279541794536781
chr1	-30	85	33240.0	0.2557160048134778
chr1	-29	117	33591.0	0.3483075823881397
chr1	-28	83	33903.0	0.2448160929711235
chr1	-27	95	34196.0	0.27781027020704174
chr1	-26	80	34550.0	0.23154848046309695
chr1	-25	129	34868.0	0.36996673167374095
chr1	-24	141	35187.0	0.40071617358683603
chr1	-23	105	35494.0	0.29582464641911305
chr1	-22	130	35824.0	0.3628852166145601
chr1	-21	83	36154.0	0.22957349117663328
chr1	-20	83	36500.0	0.2273972602739726
chr1	-19	131	36831.0	0.3556786402758546
chr1	-18	107	37179.0	0.28779687457973585
chr1	-17	104	37473.0	0.277533157206522
chr1	-16	113	37796.0	0.2989734363424701
chr1	-15	91	38107.0	0.2388012701078542
chr1	-14	121	38422.0	0.3149237416063713
chr1	-13	163	38738.0	0.420775465950746
chr1	-12	171	39043.0	0.4379786389365571
chr1	-11	190	39370.0	0.4826009652019304
chr1	-10	175	39703.0	0.44077273757650554
chr1	-9	145	39704.0	0.36520249848881725
chr1	-8	167	39707.0	0.4205807540232201
chr1	-7	162	39716.0	0.40789606204048745
chr1	-6	152	39714.0	0.38273656645011833
chr1	-5	199	39716.0	0.5010575083089939
chr1	-4	232	39657.0	0.5850165166301031
chr1	-3	261	39591.0	0.6592407365310298
chr1	-2	367	39531.0	0.9283853178518126
chr1	-1	624	39432.0	1.582471089470481
chr1	0	2638	37443.0	7.045375637635873
chr1	1	489	37191.0	1.3148342340888926
chr1	2	643	36877.0	1.7436342435664505
chr1	3	708	36606.0	1.9341091624323883
chr1	4	588	36287.0	1.6204150246644802
chr1	5	698	35966.0	1.940721792804315
chr1	6	699	35638.0	1.961389528031876
chr1	7	524	35278.0	1.485344974204887
chr1	8	509	34974.0	1.4553668439412133
chr1	9	481	34663.0	1.3876467703314774
chr1	10	575	34296.0	1.6765803592255657
chr1	11	563	33961.0	1.65778392862401
chr1	12	542	33623.0	1.6119917913333135
chr1	13	492	33300.0	1.4774774774774775
chr1	14	489	32976.0	1.482896652110626
chr1	15	464	32660.0	1.4206981016533986
chr1	16	499	32332.0	1.5433626128912532
chr1	17	435	31968.0	1.3607357357357357
chr1	18	414	31640.0	1.3084702907711756
chr1	19	388	31294.0	1.2398542851664855
chr1	20	433	30974.0	1.3979466649447925
chr1	21	448	30643.0	1.4619978461638874
chr1	22	466	30297.0	1.5381060831105389
chr1	23	424	29959.0	1.4152675322941353
chr1	24	364	29633.0	1.2283602740188304
chr1	25	385	29296.0	1.3141725832878208
chr1	26	334	28985.0	1.152320165602898
chr1	27	384	28632.0	1.341156747694887
chr1	28	366	28323.0	1.2922359919500055
chr1	29	382	27982.0	1.365163319276678
chr1	30	351	27641.0	1.26985275496545
chr1	31	362	27317.0	1.3251821210235386
chr1	32	389	26999.0	1.4407941034853144
chr1	33	370	26706.0	1.385456451733693
chr1	34	356	26371.0	1.3499677676235258
chr1	35	369	26043.0	1.4168874553622854
chr1	36	353	25730.0	1.3719393703847649
chr1	37	369	25419.0	1.4516700106219758
chr1	38	379	25101.0	1.509900003983905
chr1	39	321	24782.0	1.295294972157211
chr1	40	407	24461.0	1.6638731041249335
chr1	41	359	24150.0	1.486542443064182
chr1	42	304	23822.0	1.2761313071950298
chr1	43	332	23495.0	1.4130666099170037
chr1	44	293	23159.0	1.2651668897620796
chr1	45	324	22886.0	1.4157126627632612
chr1	46	269	22545.0	1.1931692171213129
chr1	47	275	22183.0	1.2396880494072038
chr1	48	285	21868.0	1.3032741905981342
chr1	49	271	21518.0	1.2594107259038942
chr1	50	289	21180.0	1.364494806421152
chr1	51	263	20864.0	1.2605444785276074
chr1	52	278	20515.0	1.3551060199853766
chr1	53	285	20194.0	1.4113102901852035
chr1	54	265	19875.0	1.3333333333333335
chr1	55	276	19541.0	1.4124149224707025
chr1	56	266	19178.0	1.38700594431119
chr1	57	297	18825.0	1.5776892430278886
chr1	58	237	18490.0	1.2817739318550567
chr1	59	227	18139.0	1.2514471580572248
chr1	60	201	17818.0	1.1280727354360758
chr1	61	254	17461.0	1.454670408338583
chr1	62	249	17141.0	1.4526573712152149
chr1	63	221	16838.0	1.3125074236845231
chr1	64	245	16500.0	1.4848484848484849
chr1	65	202	16144.0	1.251238850346878
chr1	66	200	15858.0	1.261193088661874
chr1	67	198	15530.0	1.2749517063747586
chr1	68	218	15237.0	1.4307278335630373
chr1	69	202	14899.0	1.355795690985972
chr1	70	217	14571.0	1.4892594880241576
chr1	71	192	14247.0	1.3476521372920613
chr1	72	199	13944.0	1.4271371199082041
chr1	73	199	13619.0	1.4611939202584623
chr1	74	169	13278.0	1.2727820454887784
chr1	75	166	12970.0	1.2798766383962992
chr1	76	185	12654.0	1.461988304093567
chr1	77	143	12336.0	1.1592088197146564
chr1	78	153	12007.0	1.2742566836012326
chr1	79	171	11703.0	1.4611638041527815
chr1	80	162	11377.0	1.423925463654742
chr1	81	137	11048.0	1.2400434467776973
chr1	82	134	10697.0	1.25268766944003
chr1	83	129	10394.0	1.2411006349817202
chr1	84	140	10069.0	1.3904061972390505
chr1	85	120	9761.0	1.2293822354266981
chr1	86	111	9451.0	1.1744788911226327
chr1	87	139	9104.0	1.5268014059753956
chr1	88	99	8805.0	1.1243611584327087
chr1	89	134	8511.0	1.5744330865938196
chr1	90	113	8207.0	1.3768734007554526
chr1	91	98	7908.0	1.2392513909964593
chr1	92	102	7576.0	1.3463569165786695
chr1	93	109	7210.0	1.5117891816920943
chr1	94	93	6901.0	1.3476307781480945
chr1	95	82	6604.0	1.241671714112659
chr1	96	74	6304.0	1.1738578680203047
chr1	97	91	6037.0	1.5073712108663242
chr1	98	87	5724.0	1.519916142557652
chr1	99	64	5384.0	1.188707280832095
chr1	100	49	5092.0	0.9622937941869599
chr1	101	45	4774.0	0.9426057813154587
chr1	102	43	4467.0	0.9626147302440116
chr1	103	54	4184.0	1.2906309751434035
chr1	104	43	3893.0	1.1045466221423068
chr1	105	50	3569.0	1.4009526478005043
chr1	106	44	3277.0	1.3426914861153494
chr1	107	33	2963.0	1.1137360782990213
chr1	108	38	2637.0	1.441031475161168
chr1	109	24	2293.0	1.0466637592673353
chr1	110	20	1991.0	1.0045203415369162
chr1	111	21	1698.0	1.2367491166077738
chr1	112	15	1390.0	1.079136690647482
chr1	113	16	1145.0	1.3973799126637554
chr1	114	15	869.0	1.726121979286536
chr1	115	9	630.0	1.4285714285714286
chr1	116	8	393.0	2.035623409669211
chr1	117	4	166.0	2.4096385542168677
chr1	118	0	0.0	nan
chr1	119	0	0.0	nan
chr1	120	0	0.0	nan
chr1	121	0	0.0	nan
chr1	122	0	0.0	nan
chr1	123	0	0.0	nan
chr1	124	0	0.0	nan
chr1	125	0	0.0	nan
chr1	126	0	0.0	nan
chr1	127	0	0.0	nan
chr1	128	0	0.0	nan
chr1	129	0	0.0	nan
chr1	130	0	0.0	nan
chr1	131	0	0.0	nan
chr1	132	0	0.0	nan
chr1	133	0	0.0	nan
chr1	134	0	0.0	nan
chr1	135	0	0.0	nan
chr1	136	0	0.0	nan
chr2	-140	0	0.0	nan
chr2	-139	0	0.0	nan
chr2	-138	0	0.0	nan
chr2	-137	0	0.0	nan
chr2	-136	0	0.0	nan
chr2	-135	0	0.0	nan
chr2	-134	0	0.0	nan
chr2	-133	0	0.0	nan
chr2	-132	0	1.0	0.0
chr2	-131	0	2.0	0.0
chr2	-130	0	4.0	0.0
chr2	-129	0	47.0	0.0
chr2	-128	0	112.0	0.0
chr2	-127	0	179.0	0.0
chr2	-126	1	256.0	0.390625
chr2	-125	0	336.0	0.0
chr2	-124	0	408.0	0.0
chr2	-123	0	488.0	0.0
chr2	-122	0	581.0	0.0
chr2	-121	0	676.0	0.0
chr2	-120	0	758.0	0.0
chr2	-119	2	852.0	0.2347417840375587
chr2	-118	0	951.0	0.0
chr2	-117	1	1040.0	0.09615384615384616
chr2	-116	2	1122.0	0.17825311942959002
chr2	-115	0	1217.0	0.0
chr2	-114	1	1295.0	0.07722007722007722
chr2	-113	2	1396.0	0.14326647564469913
chr2	-112	3	1499.0	0.20013342228152103
chr2	-111	7	1573.0	0.44500953591862685
chr2	-110	11	1672.0	0.6578947368421052
chr2	-109	3	1765.0	0.16997167138810199
chr2	-108	2	1846.0	0.10834236186348861
chr2	-107	3	1924.0	0.15592515592515593
chr2	-106	5	2013.0	0.24838549428713363
chr2	-105	1	2111.0	0.047370914258645196
chr2	-104	4	2194.0	0.18231540565177756
chr2	-103	3	2301.0	0.1303780964797914
chr2	-102	6	2387.0	0.25136154168412234
chr2	-101	4	2487.0	0.16083634901487737
chr2	-100	4	2575.0	0.15533980582524273
chr2	-99	4	2648.0	0.1510574018126888
chr2	-98	8	2747.0	0.2912267928649436
chr2	-97	9	2833.0	0.3176844334627603
chr2	-96	8	2942.0	0.27192386131883073
chr2	-95	7	3029.0	0.231099372730274
chr2	-94	8	3135.0	0.2551834130781499
chr2	-93	6	3235.0	0.18547140649149924
chr2	-92	7	3328.0	0.21033653846153846
chr2	-91	3	3402.0	0.08818342151675485
chr2	-90	13	3503.0	0.3711104767342278
chr2	-89	6	3598.0	0.16675931072818231
chr2	-88	6	3699.0	0.16220600162206003
chr2	-87	4	3801.0	0.10523546435148645
chr2	-86	4	3905.0	0.10243277848911651
chr2	-85	12	3996.0	0.3003003003003003
chr2	-84	11	4077.0	0.2698062300711307
chr2	-83	9	4160.0	0.21634615384615385
chr2	-82	8	4257.0	0.18792576932111815
chr2	-81	7	4354.0	0.1607717041800643
chr2	-80	19	4452.0	0.42677448337825696
chr2	-79	6	4548.0	0.13192612137203166
chr2	-78	8	4647.0	0.17215407789972026
chr2	-77	13	4739.0	0.2743194766828445
chr2	-76	7	4825.0	0.1450777202072539
chr2	-75	10	4898.0	0.2041649652919559
chr2	-74	9	4986.0	0.18050541516245489
chr2	-73	7	5074.0	0.13795821836815136
chr2	-72	4	5148.0	0.0777000777000777
chr2	-71	4	5253.0	0.07614696363982486
chr2	-70	7	5328.0	0.1313813813813814
chr2	-69	12	5429.0	0.22103518143304474
chr2	-68	17	5526.0	0.3076366268548679
chr2	-67	6	5618.0	0.10679957280170879
chr2	-66	20	5701.0	0.35081564637782847
chr2	-65	21	5777.0	0.36351047256361435
chr2	-64	6	5861.0	0.10237160894045386
chr2	-63	16	5950.0	0.2689075630252101
chr2	-62	9	6039.0	0.14903129657228018
chr2	-61	22	6133.0	0.3587151475623675
chr2	-60	13	6243.0	0.20823322120775267
chr2	-59	22	6341.0	0.34694843084686955
chr2	-58	10	6419.0	0.15578750584203147
chr2	-57	18	6507.0	0.2766251728907331
chr2	-56	20	6598.0	0.3031221582297666
chr2	-55	15	6701.0	0.22384718698701686
chr2	-54	15	6789.0	0.22094564737074682
chr2	-53	7	6869.0	0.10190711894016596
chr2	-52	21	6956.0	0.30189764232317423
chr2	-51	16	7054.0	0.22682166146867025
chr2	-50	16	7154.0	0.22365110427732737
chr2	-49	16	7244.0	0.22087244616234128
chr2	-48	23	7340.0	0.31335149863760214
chr2	-47	12	7442.0	0.16124697661918838
chr2	-46	14	7530.0	0.18592297476759628
chr2	-45	19	7626.0	0.24914765276685025
chr2	-44	17	7734.0	0.21980863718644947
chr2	-43	16	7820.0	0.20460358056265981
chr2	-42	21	7901.0	0.265789140615112
chr2	-41	13	7993.0	0.16264231202302012
chr2	-40	17	8096.0	0.2099802371541502
chr2	-39	10	8181.0	0.1222344456667889
chr2	-38	19	8267.0	0.22982944236119512
chr2	-37	10	8358.0	0.11964584828906438
chr2	-36	8	8449.0	0.0946857616285951
chr2	-35	29	8555.0	0.3389830508474576
chr2	-34	15	8665.0	0.17311021350259664
chr2	-33	23	8756.0	0.2626770214709913
chr2	-32	27	8842.0	0.30536077810450124
chr2	-31	27	8937.0	0.3021148036253776
chr2	-30	11	9035.0	0.12174875484228002
chr2	-29	31	9116.0	0.3400614304519526
chr2	-28	40	9198.0	0.4348771472059143
chr2	-27	11	9297.0	0.11831773690437776
chr2	-26	49	9383.0	0.5222210380475328
chr2	-25	26	9465.0	0.2746962493396725
chr2	-24	48	9532.0	0.5035669324381032
chr2	-23	35	9611.0	0.3641660597232338
chr2	-22	33	9703.0	0.34010099969081725
chr2	-21	29	9798.0	0.29597877117779137
chr2	-20	15	9883.0	0.15177577658605687
chr2	-19	22	9976.0	0.22052927024859664
chr2	-18	39	10068.0	0.3873659117997616
chr2	-17	18	10147.0	0.17739233270917512
chr2	-16	39	10243.0	0.38074782778482863
chr2	-15	15	10332.0	0.14518002322880372
chr2	-14	40	10429.0	0.38354588167609555
chr2	-13	38	10506.0	0.3616980772891681
chr2	-12	16	10592.0	0.1510574018126888
chr2	-11	34	10666.0	0.318769923120195
chr2	-10	68	10741.0	0.6330881668373523
chr2	-9	40	10741.0	0.3724048040219719
chr2	-8	39	10741.0	0.3630946839214226
chr2	-7	48	10740.0	0.44692737430167595
chr2	-6	37	10738.0	0.3445706835537344
chr2	-5	65	10739.0	0.6052705093584133
chr2	-4	70	10711.0	0.6535337503501074
chr2	-3	59	10691.0	0.551866055560752
chr2	-2	84	10679.0	0.7865905047289071
chr2	-1	224	10665.0	2.1003281762775434
chr2	0	717	10114.0	7.089183310263001
chr2	1	113	10029.0	1.1267324758201216
chr2	2	151	9950.0	1.5175879396984924
chr2	3	219	9854.0	2.2224477369596105
chr2	4	150	9770.0	1.5353121801432956
chr2	5	181	9690.0	1.8679050567595459
chr2	6	175	9598.0	1.823296520108356
chr2	7	116	9492.0	1.2220817530552044
chr2	8	155	9403.0	1.6484100818887588
chr2	9	153	9324.0	1.6409266409266408
chr2	10	124	9209.0	1.3465088500380065
chr2	11	122	9124.0	1.3371328364752302
chr2	12	140	9026.0	1.5510746731664082
chr2	13	161	8936.0	1.8017009847806624
chr2	14	106	8855.0	1.1970638057594578
chr2	15	123	8748.0	1.4060356652949246
chr2	16	133	8656.0	1.5365064695009243
chr2	17	108	8560.0	1.2616822429906542
chr2	18	108	8485.0	1.2728344136711844
chr2	19	121	8400.0	1.4404761904761905
chr2	20	125	8314.0	1.5034880923743084
chr2	21	110	8218.0	1.3385251886103675
chr2	22	124	8136.0	1.5240904621435596
chr2	23	129	8044.0	1.6036797613127798
chr2	24	102	7964.0	1.280763435459568
chr2	25	97	7877.0	1.2314332867843087
chr2	26	90	7788.0	1.155624036979969
chr2	27	122	7682.0	1.5881280916428016
chr2	28	84	7614.0	1.103230890464933
chr2	29	109	7535.0	1.4465826144658263
chr2	30	75	7445.0	1.0073875083948958
chr2	31	90	7361.0	1.2226599646787122
chr2	32	129	7251.0	1.7790649565577161
chr2	33	88	7158.0	1.2293936853869796
chr2	34	111	7069.0	1.5702362427500351
chr2	35	91	6976.0	1.3044724770642202
chr2	36	96	6898.0	1.3917077413743115
chr2	37	129	6795.0	1.8984547461368653
chr2	38	87	6701.0	1.2983136845246979
chr2	39	86	6602.0	1.302635564980309
chr2	40	87	6511.0	1.3362002764552297
chr2	41	90	6417.0	1.402524544179523
chr2	42	94	6327.0	1.4856962225383277
chr2	43	84	6238.0	1.346585444052581
chr2	44	86	6162.0	1.3956507627393704
chr2	45	76	6071.0	1.2518530719815517
chr2	46	74	5981.0	1.2372512957699382
chr2	47	92	5908.0	1.5572105619498984
chr2	48	77	5808.0	1.3257575757575757
chr2	49	66	5728.0	1.1522346368715084
chr2	50	72	5642.0	1.2761432116270826
chr2	51	58	5564.0	1.0424155283968368
chr2	52	66	5495.0	1.2010919017288444
chr2	53	81	5418.0	1.495016611295681
chr2	54	61	5332.0	1.1440360090022506
chr2	55	66	5243.0	1.2588212855235552
chr2	56	71	5146.0	1.379712397979013
chr2	57	66	5060.0	1.3043478260869565
chr2	58	86	4969.0	1.7307305292815454
chr2	59	59	4879.0	1.209264193482271
chr2	60	53	4807.0	1.1025587684626585
chr2	61	57	4721.0	1.2073713196356703
chr2	62	65	4626.0	1.405101599654129
chr2	63	47	4548.0	1.0334212840809147
chr2	64	90	4467.0	2.0147750167897915
chr2	65	51	4377.0	1.1651816312542838
chr2	66	55	4303.0	1.2781780153381364
chr2	67	41	4211.0	0.9736404654476372
chr2	68	59	4125.0	1.4303030303030304
chr2	69	42	4035.0	1.0408921933085502
chr2	70	49	3943.0	1.2427085975145828
chr2	71	42	3867.0	1.0861132660977502
chr2	72	49	3776.0	1.2976694915254237
chr2	73	58	3668.0	1.5812431842966195
chr2	74	42	3591.0	1.1695906432748537
chr2	75	49	3514.0	1.394422310756972
chr2	76	49	3426.0	1.430239346176299
chr2	77	32	3351.0	0.9549388242315727
chr2	78	37	3261.0	1.134621281815394
chr2	79	47	3177.0	1.4793830657853322
chr2	80	38	3087.0	1.2309685779073534
chr2	81	38	2999.0	1.267089029676559
chr2	82	50	2912.0	1.7170329670329672
chr2	83	34	2819.0	1.2061014544164597
chr2	84	39	2723.0	1.432243848696291
chr2	85	35	2661.0	1.3152950018789928
chr2	86	38	2568.0	1.4797507788161994
chr2	87	25	2474.0	1.0105092966855296
chr2	88	25	2371.0	1.054407423028258
chr2	89	37	2288.0	1.617132867132867
chr2	90	25	2218.0	1.127141568981064
chr2	91	29	2131.0	1.360863444392304
chr2	92	24	2044.0	1.1741682974559686
chr2	93	26	1954.0	1.3306038894575232
chr2	94	21	1858.0	1.1302475780409043
chr2	95	17	1780.0	0.9550561797752809
chr2	96	14	1699.0	0.824014125956445
chr2	97	18	1617.0	1.1131725417439702
chr2	98	17	1526.0	1.1140235910878113
chr2	99	22	1456.0	1.510989010989011
chr2	100	10	1370.0	0.7299270072992701
chr2	101	17	1273.0	1.335428122545169
chr2	102	17	1190.0	1.4285714285714286
chr2	103	11	1117.0	0.9847806624888094
chr2	104	9	1040.0	0.8653846153846154
chr2	105	14	952.0	1.4705882352941175
chr2	106	3	874.0	0.34324942791762014
chr2	107	8	799.0	1.0012515644555695
chr2	108	12	715.0	1.6783216783216783
chr2	109	7	621.0	1.1272141706924315
chr2	110	6	523.0	1.147227533460803
chr2	111	1	448.0	0.2232142857142857
chr2	112	5	371.0	1.3477088948787064
chr2	113	5	293.0	1.7064846416382253
chr2	114	2	217.0	0.9216589861751152
chr2	115	3	138.0	2.1739130434782608
chr2	116	4	93.0	4.301075268817205
chr2	117	0	44.0	0.0
chr2	118	0	0.0	nan
chr2	119	0	0.0	nan
chr2	120	0	0.0	nan
chr2	121	0	0.0	nan
chr2	122	0	0.0	nan
chr2	123	0	0.0	nan
chr2	124	0	0.0	nan
chr2	125	0	0.0	nan
chr2	126	0	0.0	nan
chr2	127	0	0.0	nan
chr2	128	0	0.0	nan
chr2	129	0	0.0	nan
chr12	-133	0	1.0	0.0
chr12	-132	0	1.0	0.0
chr12	-131	0	1.0	0.0
chr12	-130	0	3.0	0.0
chr12	-129	0	36.0	0.0
chr12	-128	0	91.0	0.0
chr12	-127	2	161.0	1.2422360248447204
chr12	-126	0	248.0	0.0
chr12	-125	0	319.0	0.0
chr12	-124	1	395.0	0.25316455696202533
chr12	-123	1	472.0	0.211864406779661
chr12	-122	0	523.0	0.0
chr12	-121	0	595.0	0.0
chr12	-120	1	664.0	0.15060240963855423
chr12	-119	2	733.0	0.2728512960436562
chr12	-118	4	814.0	0.4914004914004914
chr12	-117	1	889.0	0.11248593925759282
chr12	-116	0	954.0	0.0
chr12	-115	0	1038.0	0.0
chr12	-114	0	1129.0	0.0
chr12	-113	6	1193.0	0.5029337803855826
chr12	-112	2	1287.0	0.1554001554001554
chr12	-111	0	1362.0	0.0
chr12	-110	3	1446.0	0.2074688796680498
chr12	-109	3	1521.0	0.19723865877712032
chr12	-108	3	1606.0	0.18679950186799502
chr12	-107	1	1691.0	0.05913660555884093
chr12	-106	3	1777.0	0.16882386043894204
chr12	-105	9	1843.0	0.48833423765599565
chr12	-104	2	1922.0	0.10405827263267431
chr12	-103	4	2011.0	0.19890601690701143
chr12	-102	0	2076.0	0.0
chr12	-101	3	2167.0	0.1384402399630826
chr12	-100	2	2254.0	0.08873114463176575
chr12	-99	4	2336.0	0.17123287671232876
chr12	-98	4	2411.0	0.16590626296142677
chr12	-97	8	2494.0	0.32076984763432237
chr12	-96	5	2568.0	0.19470404984423675
chr12	-95	2	2656.0	0.07530120481927711
chr12	-94	11	2732.0	0.40263543191800877
chr12	-93	0	2805.0	0.0
chr12	-92	4	2869.0	0.13942140118508192
chr12	-91	6	2938.0	0.2042205582028591
chr12	-90	11	3011.0	0.3653271338425772
chr12	-89	10	3064.0	0.3263707571801566
chr12	-88	1	3156.0	0.03168567807351077
chr12	-87	1	3249.0	0.03077870113881194
chr12	-86	9	3323.0	0.2708396027685826
chr12	-85	5	3411.0	0.1465845793022574
chr12	-84	16	3475.0	0.46043165467625896
chr12	-83	5	3562.0	0.1403705783267827
chr12	-82	8	3647.0	0.21935837674801206
chr12	-81	14	3727.0	0.3756372417493963
chr12	-80	10	3799.0	0.26322716504343247
chr12	-79	8	3873.0	0.20655822359927703
chr12	-78	11	3966.0	0.27735753908219873
chr12	-77	10	4027.0	0.24832381425378697
chr12	-76	4	4100.0	0.0975609756097561
chr12	-75	6	4179.0	0.14357501794687724
chr12	-74	13	4260.0	0.3051643192488263
chr12	-73	12	4321.0	0.277713492247165
chr12	-72	5	4383.0	0.11407711613050422
chr12	-71	14	4460.0	0.3139013452914798
chr12	-70	5	4535.0	0.11025358324145534
chr12	-69	10	4594.0	0.21767522855899
chr12	-68	6	4666.0	0.12858979854264896
chr12	-67	14	4738.0	0.29548332629801605
chr12	-66	14	4813.0	0.2908788697278205
chr12	-65	16	4903.0	0.3263308178666123
chr12	-64	6	4981.0	0.12045773940975708
chr12	-63	16	5059.0	0.3162680371614944
chr12	-62	6	5145.0	0.11661807580174927
chr12	-61	12	5226.0	0.2296211251435132
chr12	-60	3	5306.0	0.05653976630229929
chr12	-59	10	5383.0	0.1857700167193015
chr12	-58	10	5452.0	0.18341892883345562
chr12	-57	5	5529.0	0.09043226623259179
chr12	-56	10	5610.0	0.17825311942959002
chr12	-55	9	5682.0	0.15839493136219643
chr12	-54	19	5758.0	0.32997568600208405
chr12	-53	10	5827.0	0.1716148961729878
chr12	-52	7	5915.0	0.1183431952662722
chr12	-51	20	5994.0	0.333667000333667
chr12	-50	21	6071.0	0.34590676988963925
chr12	-49	16	6156.0	0.2599090318388564
chr12	-48	22	6258.0	0.3515500159795462
chr12	-47	11	6341.0	0.17347421542343477
chr12	-46	18	6420.0	0.2803738317757009
chr12	-45	18	6518.0	0.27615833077631174
chr12	-44	17	6592.0	0.25788834951456313
chr12	-43	17	6655.0	0.2554470323065364
chr12	-42	12	6728.0	0.178359096313912
chr12	-41	17	6831.0	0.24886546625677058
chr12	-40	12	6907.0	0.173736788765021
chr12	-39	14	6974.0	0.20074562661313453
chr12	-38	15	7065.0	0.21231422505307856
chr12	-37	22	7144.0	0.3079507278835386
chr12	-36	22	7225.0	0.3044982698961938
chr12	-35	5	7303.0	0.06846501437765301
chr12	-34	20	7380.0	0.27100271002710025
chr12	-33	17	7462.0	0.2278209595282766
chr12	-32	20	7543.0	0.26514649343762425
chr12	-31	19	7624.0	0.24921301154249736
chr12	-30	15	7699.0	0.19483049746720352
chr12	-29	22	7785.0	0.2825947334617855
chr12	-28	38	7870.0	0.48284625158831007
chr12	-27	13	7937.0	0.16378984502960817
chr12	-26	17	8000.0	0.21250000000000002
chr12	-25	31	8081.0	0.38361588912263334
chr12	-24	19	8153.0	0.2330430516374341
chr12	-23	39	8237.0	0.47347335194852497
chr12	-22	12	8301.0	0.14456089627755692
chr12	-21	14	8387.0	0.16692500298080362
chr12	-20	35	8460.0	0.41371158392434987
chr12	-19	24	8536.0	0.28116213683223995
chr12	-18	25	8627.0	0.2897878752752985
chr12	-17	22	8689.0	0.2531936931752791
chr12	-16	49	8773.0	0.5585318591131881
chr12	-15	35	8865.0	0.39481105470953193
chr12	-14	48	8932.0	0.5373936408419167
chr12	-13	36	9004.0	0.3998223011994669
chr12	-12	36	9084.0	0.3963011889035667
chr12	-11	26	9165.0	0.28368794326241137
chr12	-10	32	9232.0	0.34662045060658575
chr12	-9	25	9232.0	0.27079722703639514
chr12	-8	48	9235.0	0.5197617758527342
chr12	-7	28	9235.0	0.30319436924742826
chr12	-6	35	9232.0	0.3791161178509532
chr12	-5	47	9234.0	0.5089885206844271
chr12	-4	57	9228.0	0.6176853055916776
chr12	-3	83	9223.0	0.899924102786512
chr12	-2	87	9214.0	0.9442153245061863
chr12	-1	156	9194.0	1.6967587557102457
chr12	0	607	8706.0	6.972203078336779
chr12	1	99	8624.0	1.1479591836734695
chr12	2	224	8529.0	2.6263336850744516
chr12	3	172	8457.0	2.0338181388199126
chr12	4	127	8382.0	1.5151515151515151
chr12	5	143	8313.0	1.7201972813665343
chr12	6	161	8263.0	1.9484448747428293
chr12	7	89	8173.0	1.0889514254251804
chr12	8	122	8104.0	1.5054294175715697
chr12	9	108	8034.0	1.344286781179985
chr12	10	110	7950.0	1.3836477987421385
chr12	11	127	7876.0	1.612493651599797
chr12	12	115	7812.0	1.472094214029698
chr12	13	111	7726.0	1.4367072223660369
chr12	14	115	7635.0	1.5062213490504257
chr12	15	123	7558.0	1.6274146599629533
chr12	16	92	7469.0	1.2317579327888606
chr12	17	103	7386.0	1.3945301922556188
chr12	18	101	7308.0	1.3820470717022442
chr12	19	100	7244.0	1.3804527885146327
chr12	20	93	7155.0	1.29979035639413
chr12	21	98	7056.0	1.3888888888888888
chr12	22	111	6958.0	1.5952860017246335
chr12	23	73	6888.0	1.0598141695702672
chr12	24	97	6804.0	1.4256319811875366
chr12	25	73	6732.0	1.0843731431966728
chr12	26	68	6670.0	1.0194902548725637
chr12	27	98	6586.0	1.4880048587913757
chr12	28	72	6515.0	1.1051419800460476
chr12	29	92	6430.0	1.4307931570762054
chr12	30	66	6351.0	1.0392064241851677
chr12	31	76	6263.0	1.2134759699824365
chr12	32	65	6200.0	1.0483870967741937
chr12	33	73	6116.0	1.1935905820797907
chr12	34	78	6046.0	1.2901091630830301
chr12	35	88	5979.0	1.4718180297708647
chr12	36	72	5915.0	1.2172442941673711
chr12	37	73	5842.0	1.24957206436152
chr12	38	70	5762.0	1.2148559527941687
chr12	39	83	5689.0	1.4589558797679731
chr12	40	78	5605.0	1.391614629794826
chr12	41	92	5550.0	1.6576576576576578
chr12	42	53	5482.0	0.9668004377964245
chr12	43	91	5405.0	1.6836262719703978
chr12	44	80	5339.0	1.4984079415620903
chr12	45	59	5249.0	1.1240236235473422
chr12	46	73	5181.0	1.4089944026249759
chr12	47	75	5105.0	1.4691478942213516
chr12	48	58	5032.0	1.152623211446741
chr12	49	77	4959.0	1.5527324057269611
chr12	50	73	4889.0	1.493147883002659
chr12	51	57	4818.0	1.1830635118306352
chr12	52	50	4745.0	1.053740779768177
chr12	53	82	4679.0	1.7525112203462276
chr12	54	47	4622.0	1.0168758113370835
chr12	55	51	4560.0	1.118421052631579
chr12	56	52	4487.0	1.1589034989971028
chr12	57	58	4409.0	1.3154910410523928
chr12	58	46	4336.0	1.0608856088560885
chr12	59	60	4278.0	1.402524544179523
chr12	60	46	4210.0	1.0926365795724466
chr12	61	67	4139.0	1.6187484899734237
chr12	62	54	4058.0	1.330704780680138
chr12	63	51	3983.0	1.280441877981421
chr12	64	45	3903.0	1.1529592621060722
chr12	65	58	3832.0	1.51356993736952
chr12	66	50	3759.0	1.3301409949454641
chr12	67	42	3675.0	1.1428571428571428
chr12	68	42	3605.0	1.1650485436893203
chr12	69	45	3532.0	1.274065685164213
chr12	70	45	3461.0	1.3002022536839064
chr12	71	38	3389.0	1.1212747123045146
chr12	72	47	3320.0	1.4156626506024097
chr12	73	46	3256.0	1.4127764127764129
chr12	74	44	3184.0	1.3819095477386936
chr12	75	35	3114.0	1.1239563262684649
chr12	76	32	3026.0	1.0575016523463316
chr12	77	30	2939.0	1.0207553589656346
chr12	78	23	2874.0	0.8002783576896312
chr12	79	36	2768.0	1.300578034682081
chr12	80	34	2679.0	1.269130272489735
chr12	81	37	2604.0	1.4208909370199692
chr12	82	23	2537.0	0.9065825778478518
chr12	83	31	2455.0	1.2627291242362524
chr12	84	33	2386.0	1.3830678960603522
chr12	85	26	2317.0	1.122140699179974
chr12	86	33	2247.0	1.4686248331108143
chr12	87	17	2171.0	0.7830492860432979
chr12	88	29	2108.0	1.3757115749525617
chr12	89	28	2032.0	1.3779527559055118
chr12	90	26	1966.0	1.3224821973550356
chr12	91	28	1892.0	1.4799154334038054
chr12	92	26	1789.0	1.4533258803801008
chr12	93	13	1732.0	0.7505773672055427
chr12	94	11	1643.0	0.6695069993913573
chr12	95	18	1570.0	1.1464968152866242
chr12	96	20	1497.0	1.3360053440213762
chr12	97	21	1428.0	1.4705882352941175
chr12	98	15	1367.0	1.097293343087052
chr12	99	23	1285.0	1.7898832684824901
chr12	100	19	1213.0	1.5663643858202803
chr12	101	16	1153.0	1.3876843018213356
chr12	102	11	1072.0	1.0261194029850746
chr12	103	11	992.0	1.1088709677419355
chr12	104	20	924.0	2.1645021645021645
chr12	105	11	849.0	1.2956419316843346
chr12	106	5	784.0	0.6377551020408163
chr12	107	6	706.0	0.84985835694051
chr12	108	5	638.0	0.7836990595611284
chr12	109	9	571.0	1.5761821366024518
chr12	110	4	488.0	0.819672131147541
chr12	111	5	423.0	1.1820330969267139
chr12	112	3	349.0	0.8595988538681949
chr12	113	2	267.0	0.7490636704119851
chr12	114	4	208.0	1.9230769230769231
chr12	115	1	144.0	0.6944444444444444
chr12	116	1	81.0	1.2345679012345678
chr12	117	0	28.0	0.0
chr12	118	0	0.0	nan
chr12	119	0	0.0	nan
chr12	120	0	0.0	nan
chr12	121	0	0.0	nan
chr12	122	0	0.0	nan
chr12	123	0	0.0	nan
chr12	124	0	0.0	nan
chr12	125	0	0.0	nan
chr12	126	0	0.0	nan
chr12	127	0	0.0	nan
chr12	128	0	0.0	nan
chr12	129	0	0.0	nan
chr12	130	0	0.0	nan
chr12	131	0	0.0	nan
chr12	132	0	0.0	nan
chr12	133	0	0.0	nan
chr12	134	0	0.0	nan
chr12	135	0	0.0	nan
chr12	136	0	0.0	nan
chr12	137	0	0.0	nan
chr12	138	0	0.0	nan
chr12	139	0	0.0	nan
chr12	140	0	0.0	nan
chr12	141	0	0.0	nan
chr12	142	0	0.0	nan
chr12	143	0	0.0	nan
chr13	-129	0	21.0	0.0
chr13	-128	0	42.0	0.0
chr13	-127	0	68.0	0.0
chr13	-126	0	90.0	0.0
chr13	-125	0	118.0	0.0
chr13	-124	0	136.0	0.0
chr13	-123	0	163.0	0.0
chr13	-122	0	195.0	0.0
chr13	-121	1	223.0	0.4484304932735426
chr13	-120	0	253.0	0.0
chr13	-119	0	282.0	0.0
chr13	-118	0	316.0	0.0
chr13	-117	0	350.0	0.0
chr13	-116	0	386.0	0.0
chr13	-115	4	416.0	0.9615384615384616
chr13	-114	0	447.0	0.0
chr13	-113	0	477.0	0.0
chr13	-112	1	503.0	0.19880715705765406
chr13	-111	1	538.0	0.18587360594795538
chr13	-110	2	569.0	0.35149384885764495
chr13	-109	0	592.0	0.0
chr13	-108	2	630.0	0.31746031746031744
chr13	-107	2	656.0	0.3048780487804878
chr13	-106	1	696.0	0.14367816091954022
chr13	-105	0	733.0	0.0
chr13	-104	1	765.0	0.130718954248366
chr13	-103	4	797.0	0.5018820577164366
chr13	-102	1	829.0	0.12062726176115801
chr13	-101	2	856.0	0.23364485981308408
chr13	-100	3	896.0	0.33482142857142855
chr13	-99	2	934.0	0.21413276231263384
chr13	-98	2	961.0	0.20811654526534862
chr13	-97	0	988.0	0.0
chr13	-96	1	1022.0	0.09784735812133072
chr13	-95	1	1057.0	0.0946073793755913
chr13	-94	1	1100.0	0.09090909090909091
chr13	-93	1	1136.0	0.08802816901408451
chr13	-92	1	1177.0	0.08496176720475786
chr13	-91	4	1204.0	0.33222591362126247
chr13	-90	1	1235.0	0.08097165991902834
chr13	-89	3	1266.0	0.23696682464454977
chr13	-88	2	1296.0	0.15432098765432098
chr13	-87	6	1323.0	0.45351473922902497
chr13	-86	0	1349.0	0.0
chr13	-85	6	1384.0	0.4335260115606936
chr13	-84	2	1414.0	0.14144271570014144
chr13	-83	1	1447.0	0.0691085003455425
chr13	-82	0	1480.0	0.0
chr13	-81	1	1508.0	0.0663129973474801
chr13	-80	5	1542.0	0.324254215304799
chr13	-79	3	1572.0	0.19083969465648853
chr13	-78	2	1598.0	0.1251564455569462
chr13	-77	2	1634.0	0.12239902080783352
chr13	-76	0	1657.0	0.0
chr13	-75	1	1688.0	0.05924170616113744
chr13	-74	2	1730.0	0.11560693641618498
chr13	-73	2	1753.0	0.11409013120365087
chr13	-72	3	1793.0	0.16731734523145567
chr13	-71	3	1835.0	0.16348773841961853
chr13	-70	3	1861.0	0.16120365394948952
chr13	-69	4	1891.0	0.21152829190904282
chr13	-68	15	1924.0	0.7796257796257797
chr13	-67	3	1961.0	0.1529831718510964
chr13	-66	3	1996.0	0.15030060120240482
chr13	-65	4	2030.0	0.19704433497536944
chr13	-64	2	2059.0	0.09713453132588634
chr13	-63	0	2089.0	0.0
chr13	-62	4	2124.0	0.18832391713747645
chr13	-61	3	2168.0	0.13837638376383762
chr13	-60	4	2211.0	0.18091361374943465
chr13	-59	2	2236.0	0.08944543828264759
chr13	-58	1	2270.0	0.04405286343612335
chr13	-57	10	2303.0	0.43421623968736434
chr13	-56	3	2331.0	0.1287001287001287
chr13	-55	8	2360.0	0.3389830508474576
chr13	-54	4	2402.0	0.16652789342214822
chr13	-53	4	2436.0	0.16420361247947454
chr13	-52	12	2467.0	0.48642075395216866
chr13	-51	7	2490.0	0.28112449799196787
chr13	-50	10	2525.0	0.39603960396039606
chr13	-49	3	2551.0	0.11760094080752645
chr13	-48	16	2589.0	0.6179992275009656
chr13	-47	8	2623.0	0.30499428135722456
chr13	-46	5	2667.0	0.18747656542932134
chr13	-45	6	2689.0	0.2231312755671253
chr13	-44	3	2711.0	0.11066027296200663
chr13	-43	2	2736.0	0.07309941520467836
chr13	-42	5	2773.0	0.18031013342949875
chr13	-41	11	2804.0	0.39229671897289586
chr13	-40	11	2832.0	0.3884180790960452
chr13	-39	9	2861.0	0.3145753233135267
chr13	-38	5	2906.0	0.1720578114246387
chr13	-37	2	2938.0	0.06807351940095302
chr13	-36	8	2964.0	0.2699055330634278
chr13	-35	8	2994.0	0.26720106880427524
chr13	-34	8	3021.0	0.264812975835816
chr13	-33	14	3050.0	0.45901639344262296
chr13	-32	2	3087.0	0.06478781988986071
chr13	-31	15	3124.0	0.4801536491677336
chr13	-30	10	3148.0	0.3176620076238882
chr13	-29	13	3175.0	0.40944881889763785
chr13	-28	12	3199.0	0.3751172241325414
chr13	-27	7	3214.0	0.21779713752333543
chr13	-26	8	3261.0	0.24532352039251765
chr13	-25	9	3291.0	0.27347310847766637
chr13	-24	16	3317.0	0.482363581549593
chr13	-23	11	3351.0	0.3282602208296031
chr13	-22	8	3391.0	0.23591860808021234
chr13	-21	10	3417.0	0.292654375182909
chr13	-20	18	3443.0	0.5227998838222481
chr13	-19	15	3478.0	0.43128234617596317
chr13	-18	11	3508.0	0.31356898517673887
chr13	-17	11	3532.0	0.3114382785956965
chr13	-16	11	3558.0	0.30916245081506466
chr13	-15	11	3584.0	0.30691964285714285
chr13	-14	6	3605.0	0.1664355062413315
chr13	-13	12	3633.0	0.3303055326176713
chr13	-12	22	3660.0	0.6010928961748634
chr13	-11	17	3694.0	0.46020573903627504
chr13	-10	14	3718.0	0.37654653039268426
chr13	-9	25	3718.0	0.6724045185583647
chr13	-8	16	3719.0	0.4302231782737295
chr13	-7	10	3720.0	0.2688172043010753
chr13	-6	10	3715.0	0.2691790040376851
chr13	-5	12	3714.0	0.32310177705977383
chr13	-4	16	3718.0	0.43033889187735336
chr13	-3	16	3715.0	0.43068640646029605
chr13	-2	32	3713.0	0.8618367896579585
chr13	-1	71	3705.0	1.9163292847503375
chr13	0	239	3505.0	6.818830242510698
chr13	1	36	3476.0	1.0356731875719216
chr13	2	55	3445.0	1.5965166908563133
chr13	3	62	3419.0	1.8133957297455396
chr13	4	55	3396.0	1.619552414605418
chr13	5	60	3364.0	1.78359096313912
chr13	6	57	3320.0	1.7168674698795179
chr13	7	44	3287.0	1.3386066321874048
chr13	8	55	3258.0	1.6881522406384284
chr13	9	54	3221.0	1.6764979819931698
chr13	10	60	3188.0	1.8820577164366372
chr13	11	51	3152.0	1.618020304568528
chr13	12	46	3119.0	1.4748316768194933
chr13	13	49	3077.0	1.5924601884952876
chr13	14	35	3050.0	1.1475409836065573
chr13	15	52	3017.0	1.7235664567451112
chr13	16	35	2980.0	1.174496644295302
chr13	17	39	2955.0	1.3197969543147208
chr13	18	49	2925.0	1.6752136752136753
chr13	19	55	2905.0	1.8932874354561102
chr13	20	55	2872.0	1.915041782729805
chr13	21	47	2836.0	1.6572637517630464
chr13	22	51	2806.0	1.8175338560228083
chr13	23	52	2778.0	1.8718502519798417
chr13	24	36	2746.0	1.3109978150036417
chr13	25	42	2708.0	1.55096011816839
chr13	26	39	2677.0	1.4568546880836757
chr13	27	50	2643.0	1.8917896329928112
chr13	28	37	2605.0	1.420345489443378
chr13	29	36	2571.0	1.4002333722287048
chr13	30	47	2545.0	1.8467583497053044
chr13	31	36	2519.0	1.4291385470424771
chr13	32	38	2482.0	1.5310233682514103
chr13	33	43	2445.0	1.7586912065439675
chr13	34	28	2403.0	1.1652101539741988
chr13	35	34	2370.0	1.4345991561181435
chr13	36	39	2336.0	1.6695205479452055
chr13	37	36	2311.0	1.5577672003461707
chr13	38	37	2283.0	1.6206745510293472
chr13	39	25	2259.0	1.1066843736166445
chr13	40	35	2228.0	1.570915619389587
chr13	41	32	2206.0	1.4505893019038985
chr13	42	23	2171.0	1.0594196222938737
chr13	43	40	2138.0	1.8709073900841908
chr13	44	46	2107.0	2.183198860939725
chr13	45	31	2083.0	1.4882381180988957
chr13	46	27	2064.0	1.308139534883721
chr13	47	44	2022.0	2.1760633036597428
chr13	48	24	1990.0	1.2060301507537687
chr13	49	36	1959.0	1.8376722817764166
chr13	50	20	1931.0	1.035732780942517
chr13	51	31	1902.0	1.6298633017875919
chr13	52	28	1876.0	1.4925373134328357
chr13	53	23	1841.0	1.249321021184139
chr13	54	22	1809.0	1.2161415146489774
chr13	55	25	1776.0	1.4076576576576576
chr13	56	24	1754.0	1.3683010262257698
chr13	57	23	1719.0	1.3379872018615475
chr13	58	13	1688.0	0.7701421800947867
chr13	59	16	1658.0	0.9650180940892641
chr13	60	22	1624.0	1.354679802955665
chr13	61	19	1587.0	1.1972274732199117
chr13	62	20	1553.0	1.28783000643915
chr13	63	23	1527.0	1.5062213490504257
chr13	64	27	1502.0	1.7976031957390146
chr13	65	18	1474.0	1.2211668928086838
chr13	66	14	1428.0	0.9803921568627451
chr13	67	17	1392.0	1.221264367816092
chr13	68	25	1351.0	1.8504811250925242
chr13	69	11	1322.0	0.8320726172465961
chr13	70	23	1293.0	1.7788089713843775
chr13	71	24	1260.0	1.9047619047619049
chr13	72	21	1240.0	1.6935483870967745
chr13	73	17	1214.0	1.400329489291598
chr13	74	19	1179.0	1.6115351993214586
chr13	75	17	1153.0	1.4744145706851692
chr13	76	12	1121.0	1.070472792149866
chr13	77	24	1102.0	2.1778584392014517
chr13	78	14	1074.0	1.303538175046555
chr13	79	20	1048.0	1.9083969465648856
chr13	80	18	1010.0	1.782178217821782
chr13	81	15	975.0	1.5384615384615385
chr13	82	14	939.0	1.4909478168264112
chr13	83	7	925.0	0.7567567567567568
chr13	84	10	895.0	1.1173184357541899
chr13	85	9	875.0	1.0285714285714285
chr13	86	15	843.0	1.7793594306049825
chr13	87	16	818.0	1.9559902200488997
chr13	88	11	790.0	1.3924050632911391
chr13	89	17	761.0	2.2339027595269383
chr13	90	10	729.0	1.3717421124828533
chr13	91	8	704.0	1.1363636363636365
chr13	92	3	676.0	0.4437869822485207
chr13	93	11	647.0	1.7001545595054095
chr13	94	5	624.0	0.8012820512820512
chr13	95	7	596.0	1.174496644295302
chr13	96	5	567.0	0.8818342151675485
chr13	97	6	531.0	1.1299435028248588
chr13	98	5	510.0	0.9803921568627451
chr13	99	5	489.0	1.0224948875255624
chr13	100	6	453.0	1.3245033112582782
chr13	101	3	432.0	0.6944444444444444
chr13	102	3	397.0	0.7556675062972292
chr13	103	9	362.0	2.4861878453038675
chr13	104	6	327.0	1.834862385321101
chr13	105	4	303.0	1.3201320132013201
chr13	106	2	278.0	0.7194244604316548
chr13	107	4	250.0	1.6
chr13	108	6	225.0	2.666666666666667
chr13	109	2	192.0	1.0416666666666665
chr13	110	1	172.0	0.5813953488372093
chr13	111	3	145.0	2.0689655172413794
chr13	112	1	122.0	0.819672131147541
chr13	113	0	100.0	0.0
chr13	114	0	75.0	0.0
chr13	115	0	48.0	0.0
chr13	116	0	27.0	0.0
chr13	117	0	10.0	0.0
chr13	118	0	0.0	nan
chr13	119	0	0.0	nan
chr13	120	0	0.0	nan
chr13	121	0	0.0	nan
chr13	122	0	0.0	nan
chr13	123	0	0.0	nan
chr13	124	0	0.0	nan
chr13	125	0	0.0	nan
chr13	126	0	0.0	nan
chr13	127	0	0.0	nan
chr13	128	0	0.0	nan
chr13	129	0	0.0	nan
chr13	130	0	0.0	nan
chr13	131	0	0.0	nan
chr13	132	0	0.0	nan
chr13	133	0	0.0	nan
chr13	134	0	0.0	nan
chr14	-136	0	1.0	0.0
chr14	-135	0	1.0	0.0
chr14	-134	0	1.0	0.0
chr14	-133	0	1.0	0.0
chr14	-132	0	1.0	0.0
chr14	-131	0	1.0	0.0
chr14	-130	0	1.0	0.0
chr14	-129	0	37.0	0.0
chr14	-128	0	84.0	0.0
chr14	-127	0	130.0	0.0
chr14	-126	2	189.0	1.0582010582010581
chr14	-125	0	243.0	0.0
chr14	-124	3	313.0	0.9584664536741214
chr14	-123	0	362.0	0.0
chr14	-122	1	433.0	0.23094688221709006
chr14	-121	1	499.0	0.2004008016032064
chr14	-120	2	558.0	0.35842293906810035
chr14	-119	1	637.0	0.15698587127158556
chr14	-118	0	718.0	0.0
chr14	-117	2	781.0	0.2560819462227913
chr14	-116	2	843.0	0.2372479240806643
chr14	-115	0	903.0	0.0
chr14	-114	1	969.0	0.10319917440660474
chr14	-113	1	1051.0	0.09514747859181732
chr14	-112	3	1123.0	0.26714158504007124
chr14	-111	5	1193.0	0.4191114836546521
chr14	-110	0	1260.0	0.0
chr14	-109	4	1340.0	0.2985074626865672
chr14	-108	3	1407.0	0.21321961620469082
chr14	-107	3	1473.0	0.20366598778004072
chr14	-106	1	1543.0	0.06480881399870382
chr14	-105	2	1602.0	0.12484394506866417
chr14	-104	5	1678.0	0.29797377830750893
chr14	-103	2	1744.0	0.11467889908256881
chr14	-102	9	1817.0	0.49532195927352773
chr14	-101	4	1892.0	0.21141649048625794
chr14	-100	15	1954.0	0.7676560900716478
chr14	-99	4	2034.0	0.19665683382497542
chr14	-98	2	2103.0	0.0951022349025202
chr14	-97	2	2158.0	0.09267840593141798
chr14	-96	8	2250.0	0.35555555555555557
chr14	-95	7	2319.0	0.301854247520483
chr14	-94	1	2373.0	0.04214075010535188
chr14	-93	6	2436.0	0.24630541871921183
chr14	-92	2	2494.0	0.08019246190858059
chr14	-91	5	2550.0	0.19607843137254902
chr14	-90	8	2622.0	0.30511060259344014
chr14	-89	1	2699.0	0.037050759540570584
chr14	-88	10	2768.0	0.36127167630057805
chr14	-87	4	2839.0	0.14089468122578372
chr14	-86	9	2918.0	0.3084304318026045
chr14	-85	1	2982.0	0.0335345405767941
chr14	-84	3	3040.0	0.09868421052631579
chr14	-83	11	3114.0	0.35324341682723187
chr14	-82	11	3179.0	0.34602076124567477
chr14	-81	6	3245.0	0.18489984591679506
chr14	-80	12	3324.0	0.36101083032490977
chr14	-79	2	3405.0	0.05873715124816446
chr14	-78	9	3469.0	0.2594407610262323
chr14	-77	3	3534.0	0.08488964346349745
chr14	-76	8	3590.0	0.22284122562674097
chr14	-75	5	3659.0	0.1366493577480186
chr14	-74	3	3712.0	0.08081896551724138
chr14	-73	15	3780.0	0.3968253968253968
chr14	-72	1	3844.0	0.026014568158168577
chr14	-71	22	3915.0	0.5619412515964239
chr14	-70	9	3991.0	0.22550739163117012
chr14	-69	15	4053.0	0.3700962250185048
chr14	-68	9	4133.0	0.21775949673360756
chr14	-67	16	4197.0	0.3812246842983083
chr14	-66	4	4290.0	0.09324009324009325
chr14	-65	12	4356.0	0.27548209366391185
chr14	-64	11	4422.0	0.24875621890547264
chr14	-63	6	4506.0	0.13315579227696406
chr14	-62	5	4578.0	0.109217999126256
chr14	-61	3	4663.0	0.06433626420759168
chr14	-60	5	4738.0	0.10552975939214859
chr14	-59	12	4811.0	0.2494283932654334
chr14	-58	11	4898.0	0.2245814618211515
chr14	-57	10	4974.0	0.2010454362685967
chr14	-56	34	5039.0	0.674737051002183
chr14	-55	14	5097.0	0.27467137531881497
chr14	-54	16	5176.0	0.3091190108191654
chr14	-53	16	5249.0	0.3048199657077539
chr14	-52	10	5324.0	0.18782870022539444
chr14	-51	6	5385.0	0.11142061281337048
chr14	-50	11	5456.0	0.20161290322580644
chr14	-49	10	5510.0	0.18148820326678766
chr14	-48	8	5579.0	0.1433948736332676
chr14	-47	8	5643.0	0.1417685628211944
chr14	-46	8	5724.0	0.1397624039133473
chr14	-45	27	5788.0	0.4664823773324118
chr14	-44	13	5859.0	0.22188086704215737
chr14	-43	22	5939.0	0.37043273278329686
chr14	-42	24	6018.0	0.3988035892323031
chr14	-41	32	6096.0	0.5249343832020997
chr14	-40	7	6166.0	0.11352578657152124
chr14	-39	28	6243.0	0.44850232260131345
chr14	-38	30	6309.0	0.47551117451260105
chr14	-37	16	6407.0	0.24972686124551274
chr14	-36	20	6482.0	0.308546744831842
chr14	-35	27	6547.0	0.4124026271574767
chr14	-34	17	6617.0	0.256914009369805
chr14	-33	13	6687.0	0.19440705847166143
chr14	-32	32	6749.0	0.4741443176766928
chr14	-31	17	6829.0	0.24893835114950946
chr14	-30	14	6927.0	0.20210769452865596
chr14	-29	12	6997.0	0.17150207231670717
chr14	-28	9	7080.0	0.1271186440677966
chr14	-27	23	7136.0	0.32230941704035876
chr14	-26	19	7217.0	0.263267285575724
chr14	-25	15	7292.0	0.2057048820625343
chr14	-24	18	7360.0	0.24456521739130438
chr14	-23	19	7428.0	0.2557889068389876
chr14	-22	27	7482.0	0.36086607858861264
chr14	-21	28	7558.0	0.37046837787774545
chr14	-20	21	7612.0	0.27588018917498686
chr14	-19	31	7674.0	0.4039614281991139
chr14	-18	27	7749.0	0.34843205574912894
chr14	-17	29	7833.0	0.37022852036256865
chr14	-16	44	7911.0	0.5561875869043105
chr14	-15	23	7969.0	0.2886183962856067
chr14	-14	34	8041.0	0.42283298097251587
chr14	-13	32	8102.0	0.3949642063687978
chr14	-12	36	8180.0	0.4400977995110024
chr14	-11	22	8235.0	0.26715239829993925
chr14	-10	32	8287.0	0.3861469771931942
chr14	-9	34	8288.0	0.4102316602316602
chr14	-8	39	8288.0	0.4705598455598456
chr14	-7	43	8288.0	0.5188223938223938
chr14	-6	27	8288.0	0.32577220077220076
chr14	-5	56	8288.0	0.6756756756756757
chr14	-4	43	8280.0	0.5193236714975845
chr14	-3	50	8266.0	0.6048874909266876
chr14	-2	48	8264.0	0.5808325266214909
chr14	-1	125	8242.0	1.5166221790827468
chr14	0	491	7802.0	6.293258138938734
chr14	1	66	7760.0	0.8505154639175257
chr14	2	125	7693.0	1.6248537631613154
chr14	3	147	7630.0	1.926605504587156
chr14	4	120	7557.0	1.5879317189360858
chr14	5	121	7502.0	1.6129032258064515
chr14	6	145	7424.0	1.953125
chr14	7	96	7344.0	1.3071895424836601
chr14	8	94	7286.0	1.2901454844908042
chr14	9	109	7208.0	1.5122086570477247
chr14	10	123	7130.0	1.7251051893408136
chr14	11	65	7048.0	0.9222474460839954
chr14	12	97	6982.0	1.3892867373245488
chr14	13	98	6919.0	1.4163896516837693
chr14	14	98	6847.0	1.4312837739155835
chr14	15	140	6775.0	2.066420664206642
chr14	16	92	6697.0	1.3737494400477825
chr14	17	101	6622.0	1.5252189670794323
chr14	18	97	6554.0	1.4800122062862373
chr14	19	73	6479.0	1.126717085970057
chr14	20	98	6416.0	1.527431421446384
chr14	21	105	6355.0	1.6522423288749015
chr14	22	96	6277.0	1.5293930221443364
chr14	23	72	6226.0	1.156440732412464
chr14	24	80	6148.0	1.3012361743656473
chr14	25	75	6088.0	1.2319316688567674
chr14	26	84	6015.0	1.3965087281795512
chr14	27	72	5952.0	1.2096774193548387
chr14	28	94	5891.0	1.5956543880495673
chr14	29	88	5819.0	1.5122873345935728
chr14	30	70	5752.0	1.2169680111265646
chr14	31	75	5686.0	1.3190291945128385
chr14	32	62	5613.0	1.1045786566898272
chr14	33	73	5542.0	1.3172140021652834
chr14	34	55	5490.0	1.0018214936247722
chr14	35	79	5422.0	1.4570269273330874
chr14	36	63	5370.0	1.1731843575418994
chr14	37	78	5319.0	1.4664410603496898
chr14	38	80	5246.0	1.5249714067861229
chr14	39	51	5163.0	0.9877977919814062
chr14	40	91	5093.0	1.7867661496171214
chr14	41	48	5032.0	0.9538950715421303
chr14	42	70	4972.0	1.407884151246983
chr14	43	59	4914.0	1.2006512006512007
chr14	44	68	4845.0	1.4035087719298245
chr14	45	54	4782.0	1.1292346298619824
chr14	46	70	4715.0	1.4846235418875928
chr14	47	68	4653.0	1.4614227380184828
chr14	48	65	4581.0	1.4189041693953286
chr14	49	48	4518.0	1.0624169986719787
chr14	50	40	4466.0	0.8956560680698611
chr14	51	54	4410.0	1.2244897959183674
chr14	52	51	4346.0	1.1734928670041418
chr14	53	52	4278.0	1.2155212716222534
chr14	54	48	4215.0	1.1387900355871887
chr14	55	68	4143.0	1.6413227130098962
chr14	56	54	4079.0	1.3238538857563127
chr14	57	60	4006.0	1.4977533699450822
chr14	58	33	3938.0	0.8379888268156425
chr14	59	44	3878.0	1.1346054667354306
chr14	60	46	3813.0	1.2063991607658011
chr14	61	42	3764.0	1.1158342189160468
chr14	62	51	3683.0	1.3847407005158838
chr14	63	33	3625.0	0.9103448275862069
chr14	64	55	3554.0	1.5475520540236354
chr14	65	39	3466.0	1.1252163877668782
chr14	66	53	3408.0	1.5551643192488263
chr14	67	39	3326.0	1.1725796752856283
chr14	68	50	3251.0	1.5379883112888342
chr14	69	45	3186.0	1.4124293785310735
chr14	70	46	3111.0	1.4786242365798778
chr14	71	49	3039.0	1.6123724909509707
chr14	72	42	2970.0	1.4141414141414141
chr14	73	25	2910.0	0.859106529209622
chr14	74	26	2843.0	0.9145269081955681
chr14	75	34	2768.0	1.2283236994219653
chr14	76	34	2703.0	1.257861635220126
chr14	77	28	2638.0	1.061410159211524
chr14	78	23	2566.0	0.8963367108339828
chr14	79	44	2508.0	1.7543859649122806
chr14	80	34	2446.0	1.3900245298446443
chr14	81	24	2377.0	1.0096760622633572
chr14	82	29	2315.0	1.2526997840172787
chr14	83	20	2253.0	0.887705281846427
chr14	84	29	2188.0	1.3254113345521024
chr14	85	19	2114.0	0.8987701040681173
chr14	86	22	2041.0	1.0779029887310143
chr14	87	34	1982.0	1.7154389505549947
chr14	88	20	1915.0	1.0443864229765014
chr14	89	29	1847.0	1.570113697888468
chr14	90	29	1782.0	1.627384960718294
chr14	91	20	1694.0	1.1806375442739079
chr14	92	26	1623.0	1.6019716574245224
chr14	93	13	1562.0	0.8322663252240717
chr14	94	22	1488.0	1.478494623655914
chr14	95	11	1415.0	0.7773851590106008
chr14	96	25	1352.0	1.849112426035503
chr14	97	14	1273.0	1.0997643362136684
chr14	98	15	1200.0	1.25
chr14	99	14	1139.0	1.2291483757682178
chr14	100	13	1063.0	1.2229539040451554
chr14	101	15	993.0	1.5105740181268883
chr14	102	16	925.0	1.7297297297297298
chr14	103	10	865.0	1.1560693641618496
chr14	104	10	797.0	1.2547051442910917
chr14	105	4	737.0	0.5427408412483039
chr14	106	11	675.0	1.6296296296296295
chr14	107	3	605.0	0.49586776859504134
chr14	108	7	543.0	1.289134438305709
chr14	109	5	475.0	1.0526315789473684
chr14	110	3	401.0	0.7481296758104738
chr14	111	8	333.0	2.4024024024024024
chr14	112	1	268.0	0.3731343283582089
chr14	113	8	216.0	3.7037037037037033
chr14	114	3	156.0	1.9230769230769231
chr14	115	0	104.0	0.0
chr14	116	1	65.0	1.5384615384615385
chr14	117	0	24.0	0.0
chr14	118	0	0.0	nan
chr14	119	0	0.0	nan
chr14	120	0	0.0	nan
chr14	121	0	0.0	nan
chr14	122	0	0.0	nan
chr14	123	0	0.0	nan
chr14	124	0	0.0	nan
chr14	125	0	0.0	nan
chr14	126	0	0.0	nan
chr14	127	0	0.0	nan
chr14	128	0	0.0	nan
chr14	129	0	0.0	nan
chr14	130	0	0.0	nan
chr14	131	0	0.0	nan
chr14	132	0	0.0	nan
chr14	133	0	0.0	nan
chr14	134	0	0.0	nan
chr14	135	0	0.0	nan
chr15	-130	0	1.0	0.0
chr15	-129	0	17.0	0.0
chr15	-128	0	40.0	0.0
chr15	-127	1	70.0	1.4285714285714286
chr15	-126	0	101.0	0.0
chr15	-125	0	140.0	0.0
chr15	-124	0	192.0	0.0
chr15	-123	3	227.0	1.3215859030837005
chr15	-122	0	274.0	0.0
chr15	-121	1	329.0	0.303951367781155
chr15	-120	0	381.0	0.0
chr15	-119	0	416.0	0.0
chr15	-118	0	455.0	0.0
chr15	-117	0	489.0	0.0
chr15	-116	1	529.0	0.1890359168241966
chr15	-115	1	569.0	0.17574692442882248
chr15	-114	0	622.0	0.0
chr15	-113	3	673.0	0.44576523031203563
chr15	-112	1	731.0	0.13679890560875513
chr15	-111	0	778.0	0.0
chr15	-110	0	825.0	0.0
chr15	-109	1	868.0	0.1152073732718894
chr15	-108	2	915.0	0.2185792349726776
chr15	-107	2	957.0	0.20898641588296762
chr15	-106	4	1013.0	0.3948667324777887
chr15	-105	1	1052.0	0.09505703422053231
chr15	-104	3	1088.0	0.2757352941176471
chr15	-103	0	1127.0	0.0
chr15	-102	0	1165.0	0.0
chr15	-101	5	1206.0	0.41459369817578773
chr15	-100	0	1251.0	0.0
chr15	-99	3	1300.0	0.23076923076923078
chr15	-98	4	1349.0	0.2965159377316531
chr15	-97	2	1386.0	0.1443001443001443
chr15	-96	0	1415.0	0.0
chr15	-95	3	1466.0	0.20463847203274216
chr15	-94	1	1520.0	0.06578947368421052
chr15	-93	3	1558.0	0.19255455712451863
chr15	-92	3	1607.0	0.18668326073428748
chr15	-91	5	1649.0	0.3032140691328078
chr15	-90	1	1700.0	0.0588235294117647
chr15	-89	2	1741.0	0.11487650775416428
chr15	-88	3	1789.0	0.16769144773616546
chr15	-87	2	1852.0	0.10799136069114472
chr15	-86	5	1891.0	0.26441036488630354
chr15	-85	1	1944.0	0.051440329218107
chr15	-84	1	2001.0	0.04997501249375312
chr15	-83	1	2060.0	0.04854368932038835
chr15	-82	6	2104.0	0.28517110266159695
chr15	-81	4	2157.0	0.18544274455261936
chr15	-80	4	2208.0	0.18115942028985507
chr15	-79	0	2253.0	0.0
chr15	-78	3	2296.0	0.13066202090592335
chr15	-77	7	2334.0	0.29991431019708653
chr15	-76	2	2376.0	0.08417508417508417
chr15	-75	5	2423.0	0.20635575732562939
chr15	-74	5	2475.0	0.20202020202020202
chr15	-73	5	2516.0	0.19872813990461047
chr15	-72	3	2557.0	0.11732499022291748
chr15	-71	4	2602.0	0.15372790161414296
chr15	-70	4	2640.0	0.15151515151515152
chr15	-69	12	2685.0	0.44692737430167595
chr15	-68	7	2727.0	0.2566923359002567
chr15	-67	4	2767.0	0.14456089627755692
chr15	-66	3	2819.0	0.1064207165661582
chr15	-65	9	2874.0	0.31315240083507306
chr15	-64	11	2923.0	0.376325692781389
chr15	-63	7	2969.0	0.23576961940047153
chr15	-62	6	3030.0	0.19801980198019803
chr15	-61	10	3077.0	0.3249918752031199
chr15	-60	3	3124.0	0.09603072983354673
chr15	-59	6	3168.0	0.1893939393939394
chr15	-58	8	3214.0	0.24891101431238333
chr15	-57	18	3272.0	0.5501222493887531
chr15	-56	7	3322.0	0.2107164358819988
chr15	-55	10	3377.0	0.29612081729345574
chr15	-54	7	3420.0	0.20467836257309943
chr15	-53	6	3467.0	0.17306028266512835
chr15	-52	13	3502.0	0.37121644774414625
chr15	-51	12	3546.0	0.338409475465313
chr15	-50	6	3588.0	0.16722408026755853
chr15	-49	3	3628.0	0.08269018743109151
chr15	-48	12	3672.0	0.32679738562091504
chr15	-47	8	3719.0	0.21511158913686476
chr15	-46	10	3759.0	0.26602819898909286
chr15	-45	12	3803.0	0.3155403628714173
chr15	-44	3	3851.0	0.07790184367696702
chr15	-43	12	3890.0	0.30848329048843187
chr15	-42	5	3931.0	0.1271940981938438
chr15	-41	8	3977.0	0.20115665074176514
chr15	-40	2	4012.0	0.049850448654037885
chr15	-39	12	4063.0	0.2953482648289441
chr15	-38	8	4110.0	0.19464720194647203
chr15	-37	7	4151.0	0.16863406408094433
chr15	-36	5	4207.0	0.11884953648680771
chr15	-35	21	4253.0	0.49376910416176817
chr15	-34	7	4301.0	0.16275284817484306
chr15	-33	9	4334.0	0.2076603599446239
chr15	-32	16	4374.0	0.36579789666209417
chr15	-31	19	4418.0	0.4300588501584427
chr15	-30	18	4457.0	0.4038590980480144
chr15	-29	20	4510.0	0.4434589800443459
chr15	-28	11	4561.0	0.24117518088138568
chr15	-27	19	4599.0	0.4131332898456186
chr15	-26	11	4638.0	0.23717119448037946
chr15	-25	14	4678.0	0.2992731936725096
chr15	-24	26	4734.0	0.5492184199408534
chr15	-23	13	4774.0	0.27230833682446587
chr15	-22	16	4816.0	0.33222591362126247
chr15	-21	11	4863.0	0.22619782027555008
chr15	-20	35	4903.0	0.7138486640832143
chr15	-19	22	4960.0	0.4435483870967742
chr15	-18	6	4992.0	0.1201923076923077
chr15	-17	19	5037.0	0.3772086559459996
chr15	-16	19	5082.0	0.3738685556867375
chr15	-15	14	5123.0	0.2732773765371852
chr15	-14	10	5173.0	0.19331142470520007
chr15	-13	21	5217.0	0.4025301897642324
chr15	-12	27	5263.0	0.5130153904617138
chr15	-11	17	5305.0	0.32045240339302544
chr15	-10	23	5354.0	0.4295853567426224
chr15	-9	16	5354.0	0.2988419872992156
chr15	-8	22	5354.0	0.4109077325364214
chr15	-7	18	5356.0	0.33607169529499625
chr15	-6	28	5356.0	0.5227781926811054
chr15	-5	24	5356.0	0.4480955937266617
chr15	-4	27	5350.0	0.5046728971962616
chr15	-3	31	5339.0	0.58063307735531
chr15	-2	29	5337.0	0.5433764287052651
chr15	-1	78	5326.0	1.4645137063462261
chr15	0	342	5092.0	6.7164179104477615
chr15	1	61	5055.0	1.2067260138476756
chr15	2	83	5011.0	1.6563560167631213
chr15	3	82	4966.0	1.6512283527990335
chr15	4	64	4921.0	1.3005486689697217
chr15	5	91	4881.0	1.8643720549067815
chr15	6	87	4829.0	1.8016152412507764
chr15	7	70	4772.0	1.4668901927912825
chr15	8	61	4724.0	1.2912785774767146
chr15	9	73	4683.0	1.5588298099508862
chr15	10	63	4645.0	1.356297093649085
chr15	11	71	4616.0	1.5381282495667246
chr15	12	68	4561.0	1.4909011181758385
chr15	13	74	4527.0	1.634636624696267
chr15	14	64	4469.0	1.4320877153725664
chr15	15	82	4429.0	1.8514337322194627
chr15	16	56	4367.0	1.2823448591710558
chr15	17	71	4319.0	1.643899050706182
chr15	18	68	4267.0	1.593625498007968
chr15	19	50	4226.0	1.183151916706105
chr15	20	52	4183.0	1.2431269423858475
chr15	21	54	4136.0	1.3056092843326885
chr15	22	49	4087.0	1.1989234157083435
chr15	23	49	4052.0	1.2092793682132281
chr15	24	51	4017.0	1.2696041822255415
chr15	25	37	3970.0	0.9319899244332494
chr15	26	53	3930.0	1.3486005089058526
chr15	27	59	3895.0	1.514762516046213
chr15	28	50	3853.0	1.2976901116013497
chr15	29	79	3799.0	2.079494603843117
chr15	30	49	3754.0	1.3052743740010655
chr15	31	42	3722.0	1.1284255776464267
chr15	32	45	3679.0	1.2231584669747215
chr15	33	52	3627.0	1.4336917562724014
chr15	34	44	3585.0	1.2273361227336121
chr15	35	49	3539.0	1.3845719129697656
chr15	36	43	3488.0	1.2327981651376148
chr15	37	36	3450.0	1.0434782608695654
chr15	38	57	3395.0	1.678939617083947
chr15	39	49	3356.0	1.4600715137067939
chr15	40	61	3312.0	1.8417874396135265
chr15	41	37	3257.0	1.1360147374884864
chr15	42	32	3213.0	0.9959539371304078
chr15	43	55	3161.0	1.7399557102182852
chr15	44	36	3113.0	1.156440732412464
chr15	45	39	3058.0	1.2753433616742968
chr15	46	30	3011.0	0.9963467286615741
chr15	47	36	2957.0	1.217450118363206
chr15	48	33	2913.0	1.132852729145211
chr15	49	26	2875.0	0.9043478260869564
chr15	50	33	2843.0	1.1607456911712979
chr15	51	46	2808.0	1.638176638176638
chr15	52	38	2767.0	1.3733285146367906
chr15	53	40	2720.0	1.4705882352941175
chr15	54	18	2669.0	0.674409891345073
chr15	55	35	2627.0	1.3323182337266843
chr15	56	42	2589.0	1.6222479721900347
chr15	57	39	2546.0	1.5318146111547526
chr15	58	18	2501.0	0.7197121151539384
chr15	59	32	2463.0	1.2992285830288266
chr15	60	38	2415.0	1.5734989648033124
chr15	61	44	2381.0	1.8479630407391854
chr15	62	27	2332.0	1.1578044596912522
chr15	63	35	2289.0	1.529051987767584
chr15	64	35	2249.0	1.5562472209871054
chr15	65	29	2204.0	1.3157894736842104
chr15	66	22	2139.0	1.0285179990649838
chr15	67	24	2087.0	1.149976042165788
chr15	68	36	2034.0	1.7699115044247788
chr15	69	27	1991.0	1.356102461074837
chr15	70	19	1942.0	0.9783728115345005
chr15	71	25	1898.0	1.3171759747102214
chr15	72	13	1849.0	0.7030827474310438
chr15	73	28	1811.0	1.5461071231363888
chr15	74	16	1778.0	0.8998875140607425
chr15	75	22	1724.0	1.2761020881670533
chr15	76	25	1694.0	1.475796930342385
chr15	77	23	1643.0	1.399878271454656
chr15	78	30	1599.0	1.876172607879925
chr15	79	17	1560.0	1.0897435897435896
chr15	80	26	1526.0	1.7038007863695939
chr15	81	15	1482.0	1.0121457489878543
chr15	82	21	1443.0	1.4553014553014554
chr15	83	25	1404.0	1.7806267806267806
chr15	84	19	1364.0	1.3929618768328444
chr15	85	6	1326.0	0.4524886877828055
chr15	86	17	1285.0	1.3229571984435797
chr15	87	15	1240.0	1.2096774193548387
chr15	88	15	1201.0	1.2489592006661114
chr15	89	16	1159.0	1.380500431406385
chr15	90	12	1107.0	1.084010840108401
chr15	91	10	1064.0	0.9398496240601504
chr15	92	9	1021.0	0.881488736532811
chr15	93	6	976.0	0.6147540983606558
chr15	94	10	923.0	1.0834236186348862
chr15	95	9	881.0	1.0215664018161181
chr15	96	10	849.0	1.1778563015312131
chr15	97	13	812.0	1.600985221674877
chr15	98	9	772.0	1.16580310880829
chr15	99	9	732.0	1.2295081967213115
chr15	100	10	693.0	1.443001443001443
chr15	101	10	660.0	1.5151515151515151
chr15	102	7	619.0	1.1308562197092082
chr15	103	2	585.0	0.3418803418803419
chr15	104	6	531.0	1.1299435028248588
chr15	105	12	494.0	2.42914979757085
chr15	106	5	455.0	1.098901098901099
chr15	107	4	414.0	0.966183574879227
chr15	108	4	372.0	1.0752688172043012
chr15	109	4	313.0	1.2779552715654952
chr15	110	5	279.0	1.7921146953405016
chr15	111	5	239.0	2.092050209205021
chr15	112	3	206.0	1.4563106796116505
chr15	113	1	166.0	0.6024096385542169
chr15	114	3	119.0	2.5210084033613445
chr15	115	1	86.0	1.1627906976744187
chr15	116	1	57.0	1.7543859649122806
chr15	117	0	27.0	0.0
chr15	118	0	0.0	nan
chr15	119	0	0.0	nan
chr15	120	0	0.0	nan
chr15	121	0	0.0	nan
chr15	122	0	0.0	nan
chr15	123	0	0.0	nan
chr15	124	0	0.0	nan
chr15	125	0	0.0	nan
chr15	126	0	0.0	nan
chr15	127	0	0.0	nan
chr15	128	0	0.0	nan
chr15	129	0	0.0	nan
chr15	130	0	0.0	nan
chr15	131	0	0.0	nan
chr15	132	0	0.0	nan
chr15	133	0	0.0	nan
chr16	-129	0	2.0	0.0
chr16	-128	0	7.0	0.0
chr16	-127	0	15.0	0.0
chr16	-126	0	23.0	0.0
chr16	-125	0	31.0	0.0
chr16	-124	0	43.0	0.0
chr16	-123	0	51.0	0.0
chr16	-122	0	61.0	0.0
chr16	-121	0	70.0	0.0
chr16	-120	0	76.0	0.0
chr16	-119	0	89.0	0.0
chr16	-118	0	98.0	0.0
chr16	-117	0	105.0	0.0
chr16	-116	1	113.0	0.8849557522123894
chr16	-115	1	121.0	0.8264462809917356
chr16	-114	0	129.0	0.0
chr16	-113	0	143.0	0.0
chr16	-112	0	155.0	0.0
chr16	-111	0	160.0	0.0
chr16	-110	0	171.0	0.0
chr16	-109	0	183.0	0.0
chr16	-108	0	192.0	0.0
chr16	-107	1	205.0	0.4878048780487805
chr16	-106	1	226.0	0.4424778761061947
chr16	-105	0	241.0	0.0
chr16	-104	0	254.0	0.0
chr16	-103	0	263.0	0.0
chr16	-102	0	269.0	0.0
chr16	-101	2	285.0	0.7017543859649122
chr16	-100	0	300.0	0.0
chr16	-99	0	310.0	0.0
chr16	-98	6	319.0	1.8808777429467085
chr16	-97	1	328.0	0.3048780487804878
chr16	-96	1	336.0	0.2976190476190476
chr16	-95	0	340.0	0.0
chr16	-94	0	348.0	0.0
chr16	-93	0	353.0	0.0
chr16	-92	0	367.0	0.0
chr16	-91	0	377.0	0.0
chr16	-90	5	387.0	1.2919896640826873
chr16	-89	1	397.0	0.2518891687657431
chr16	-88	3	413.0	0.7263922518159807
chr16	-87	2	424.0	0.4716981132075472
chr16	-86	2	438.0	0.45662100456621
chr16	-85	1	445.0	0.22471910112359553
chr16	-84	1	457.0	0.2188183807439825
chr16	-83	3	463.0	0.6479481641468683
chr16	-82	8	475.0	1.6842105263157894
chr16	-81	3	490.0	0.6122448979591837
chr16	-80	0	499.0	0.0
chr16	-79	2	503.0	0.3976143141153081
chr16	-78	5	508.0	0.984251968503937
chr16	-77	0	512.0	0.0
chr16	-76	0	524.0	0.0
chr16	-75	0	534.0	0.0
chr16	-74	3	544.0	0.5514705882352942
chr16	-73	0	555.0	0.0
chr16	-72	1	570.0	0.17543859649122806
chr16	-71	1	578.0	0.17301038062283738
chr16	-70	5	592.0	0.8445945945945946
chr16	-69	4	600.0	0.6666666666666667
chr16	-68	0	607.0	0.0
chr16	-67	5	621.0	0.8051529790660225
chr16	-66	1	627.0	0.1594896331738437
chr16	-65	2	647.0	0.3091190108191654
chr16	-64	0	663.0	0.0
chr16	-63	0	672.0	0.0
chr16	-62	2	684.0	0.29239766081871343
chr16	-61	3	693.0	0.4329004329004329
chr16	-60	6	700.0	0.8571428571428572
chr16	-59	1	719.0	0.13908205841446453
chr16	-58	2	733.0	0.2728512960436562
chr16	-57	2	744.0	0.2688172043010753
chr16	-56	2	755.0	0.26490066225165565
chr16	-55	3	765.0	0.39215686274509803
chr16	-54	2	773.0	0.258732212160414
chr16	-53	1	779.0	0.12836970474967907
chr16	-52	1	794.0	0.12594458438287154
chr16	-51	4	802.0	0.4987531172069825
chr16	-50	9	806.0	1.1166253101736971
chr16	-49	1	816.0	0.12254901960784313
chr16	-48	2	824.0	0.24271844660194172
chr16	-47	7	834.0	0.8393285371702638
chr16	-46	0	856.0	0.0
chr16	-45	0	866.0	0.0
chr16	-44	1	875.0	0.1142857142857143
chr16	-43	1	885.0	0.11299435028248588
chr16	-42	2	898.0	0.22271714922048996
chr16	-41	0	909.0	0.0
chr16	-40	2	919.0	0.2176278563656148
chr16	-39	2	933.0	0.21436227224008575
chr16	-38	0	949.0	0.0
chr16	-37	2	965.0	0.20725388601036268
chr16	-36	6	976.0	0.6147540983606558
chr16	-35	9	988.0	0.9109311740890688
chr16	-34	7	996.0	0.7028112449799196
chr16	-33	3	1005.0	0.2985074626865672
chr16	-32	1	1009.0	0.09910802775024777
chr16	-31	2	1019.0	0.19627085377821393
chr16	-30	1	1032.0	0.09689922480620156
chr16	-29	1	1038.0	0.09633911368015415
chr16	-28	1	1047.0	0.09551098376313276
chr16	-27	5	1055.0	0.47393364928909953
chr16	-26	1	1061.0	0.0942507068803016
chr16	-25	2	1068.0	0.18726591760299627
chr16	-24	3	1081.0	0.27752081406105455
chr16	-23	8	1093.0	0.7319304666056725
chr16	-22	8	1101.0	0.7266121707538601
chr16	-21	1	1109.0	0.09017132551848511
chr16	-20	0	1113.0	0.0
chr16	-19	7	1126.0	0.6216696269982238
chr16	-18	3	1132.0	0.26501766784452296
chr16	-17	1	1139.0	0.08779631255487269
chr16	-16	4	1149.0	0.34812880765883375
chr16	-15	4	1164.0	0.3436426116838488
chr16	-14	5	1172.0	0.42662116040955633
chr16	-13	3	1181.0	0.2540220152413209
chr16	-12	3	1188.0	0.25252525252525254
chr16	-11	8	1200.0	0.6666666666666667
chr16	-10	5	1206.0	0.41459369817578773
chr16	-9	5	1205.0	0.4149377593360996
chr16	-8	5	1206.0	0.41459369817578773
chr16	-7	10	1206.0	0.8291873963515755
chr16	-6	6	1206.0	0.4975124378109453
chr16	-5	11	1206.0	0.9121061359867331
chr16	-4	9	1205.0	0.7468879668049793
chr16	-3	7	1203.0	0.5818786367414797
chr16	-2	7	1202.0	0.5823627287853578
chr16	-1	14	1198.0	1.1686143572621035
chr16	0	78	1156.0	6.747404844290658
chr16	1	8	1151.0	0.6950477845351868
chr16	2	17	1142.0	1.4886164623467601
chr16	3	17	1132.0	1.5017667844522968
chr16	4	17	1116.0	1.5232974910394266
chr16	5	28	1111.0	2.5202520252025202
chr16	6	23	1095.0	2.1004566210045663
chr16	7	12	1085.0	1.1059907834101383
chr16	8	17	1077.0	1.5784586815227482
chr16	9	17	1067.0	1.5932521087160263
chr16	10	23	1059.0	2.1718602455146363
chr16	11	17	1053.0	1.6144349477682813
chr16	12	30	1043.0	2.876318312559923
chr16	13	21	1035.0	2.0289855072463765
chr16	14	13	1026.0	1.267056530214425
chr16	15	9	1005.0	0.8955223880597015
chr16	16	10	993.0	1.0070493454179255
chr16	17	9	986.0	0.9127789046653144
chr16	18	11	974.0	1.1293634496919918
chr16	19	9	958.0	0.9394572025052191
chr16	20	10	943.0	1.0604453870625663
chr16	21	21	933.0	2.2508038585209005
chr16	22	12	916.0	1.3100436681222707
chr16	23	12	905.0	1.3259668508287292
chr16	24	20	894.0	2.237136465324385
chr16	25	9	885.0	1.0169491525423728
chr16	26	9	876.0	1.0273972602739725
chr16	27	10	866.0	1.1547344110854503
chr16	28	12	854.0	1.405152224824356
chr16	29	9	846.0	1.0638297872340425
chr16	30	12	833.0	1.440576230492197
chr16	31	5	824.0	0.6067961165048543
chr16	32	11	816.0	1.3480392156862746
chr16	33	7	808.0	0.8663366336633664
chr16	34	14	800.0	1.7500000000000002
chr16	35	10	793.0	1.2610340479192939
chr16	36	4	782.0	0.5115089514066496
chr16	37	6	770.0	0.7792207792207793
chr16	38	19	760.0	2.5
chr16	39	12	750.0	1.6
chr16	40	18	738.0	2.4390243902439024
chr16	41	13	726.0	1.790633608815427
chr16	42	8	716.0	1.1173184357541899
chr16	43	12	703.0	1.7069701280227598
chr16	44	10	697.0	1.4347202295552368
chr16	45	7	687.0	1.0189228529839884
chr16	46	10	683.0	1.4641288433382138
chr16	47	5	670.0	0.7462686567164178
chr16	48	6	666.0	0.9009009009009009
chr16	49	15	662.0	2.2658610271903323
chr16	50	17	659.0	2.579666160849772
chr16	51	9	649.0	1.386748844375963
chr16	52	6	638.0	0.9404388714733543
chr16	53	7	627.0	1.1164274322169059
chr16	54	13	619.0	2.10016155088853
chr16	55	8	608.0	1.3157894736842104
chr16	56	5	597.0	0.8375209380234505
chr16	57	9	586.0	1.5358361774744027
chr16	58	3	576.0	0.5208333333333333
chr16	59	9	560.0	1.607142857142857
chr16	60	8	549.0	1.4571948998178506
chr16	61	5	534.0	0.9363295880149813
chr16	62	4	526.0	0.7604562737642585
chr16	63	2	516.0	0.3875968992248062
chr16	64	8	502.0	1.593625498007968
chr16	65	8	496.0	1.6129032258064515
chr16	66	11	481.0	2.2869022869022873
chr16	67	8	465.0	1.7204301075268817
chr16	68	8	456.0	1.7543859649122806
chr16	69	3	443.0	0.6772009029345373
chr16	70	2	433.0	0.4618937644341801
chr16	71	4	426.0	0.9389671361502347
chr16	72	3	417.0	0.7194244604316548
chr16	73	6	406.0	1.477832512315271
chr16	74	2	398.0	0.5025125628140703
chr16	75	6	392.0	1.530612244897959
chr16	76	4	378.0	1.0582010582010581
chr16	77	2	368.0	0.5434782608695652
chr16	78	10	362.0	2.7624309392265194
chr16	79	5	353.0	1.41643059490085
chr16	80	0	343.0	0.0
chr16	81	8	334.0	2.3952095808383236
chr16	82	3	314.0	0.9554140127388535
chr16	83	5	312.0	1.6025641025641024
chr16	84	3	305.0	0.9836065573770493
chr16	85	2	292.0	0.684931506849315
chr16	86	8	278.0	2.877697841726619
chr16	87	2	268.0	0.7462686567164178
chr16	88	6	253.0	2.371541501976284
chr16	89	4	242.0	1.6528925619834711
chr16	90	2	226.0	0.8849557522123894
chr16	91	1	216.0	0.4629629629629629
chr16	92	3	203.0	1.477832512315271
chr16	93	1	192.0	0.5208333333333333
chr16	94	3	186.0	1.6129032258064515
chr16	95	4	177.0	2.2598870056497176
chr16	96	3	173.0	1.7341040462427744
chr16	97	2	167.0	1.1976047904191618
chr16	98	2	159.0	1.257861635220126
chr16	99	4	150.0	2.666666666666667
chr16	100	3	140.0	2.142857142857143
chr16	101	1	125.0	0.8
chr16	102	2	118.0	1.694915254237288
chr16	103	0	114.0	0.0
chr16	104	3	106.0	2.8301886792452833
chr16	105	0	98.0	0.0
chr16	106	0	89.0	0.0
chr16	107	1	83.0	1.2048192771084338
chr16	108	1	76.0	1.3157894736842104
chr16	109	0	66.0	0.0
chr16	110	2	61.0	3.278688524590164
chr16	111	0	51.0	0.0
chr16	112	0	39.0	0.0
chr16	113	0	30.0	0.0
chr16	114	0	23.0	0.0
chr16	115	0	17.0	0.0
chr16	116	0	9.0	0.0
chr16	117	0	2.0	0.0
chr16	118	0	0.0	nan
chr16	119	0	0.0	nan
chr16	120	0	0.0	nan
chr16	121	0	0.0	nan
chr16	122	0	0.0	nan
chr16	123	0	0.0	nan
chr16	124	0	0.0	nan
chr16	125	0	0.0	nan
chr16	126	0	0.0	nan
chr16	127	0	0.0	nan
chr16	128	0	0.0	nan
chr17	-130	0	1.0	0.0
chr17	-129	0	15.0	0.0
chr17	-128	0	23.0	0.0
chr17	-127	0	39.0	0.0
chr17	-126	1	50.0	2.0
chr17	-125	0	66.0	0.0
chr17	-124	0	80.0	0.0
chr17	-123	0	100.0	0.0
chr17	-122	1	123.0	0.8130081300813009
chr17	-121	0	143.0	0.0
chr17	-120	1	170.0	0.5882352941176471
chr17	-119	0	185.0	0.0
chr17	-118	0	201.0	0.0
chr17	-117	0	231.0	0.0
chr17	-116	1	257.0	0.38910505836575876
chr17	-115	0	282.0	0.0
chr17	-114	0	303.0	0.0
chr17	-113	0	325.0	0.0
chr17	-112	1	350.0	0.2857142857142857
chr17	-111	0	360.0	0.0
chr17	-110	0	370.0	0.0
chr17	-109	1	389.0	0.2570694087403599
chr17	-108	1	414.0	0.24154589371980675
chr17	-107	0	435.0	0.0
chr17	-106	2	452.0	0.4424778761061947
chr17	-105	0	488.0	0.0
chr17	-104	1	508.0	0.19685039370078738
chr17	-103	0	523.0	0.0
chr17	-102	1	543.0	0.1841620626151013
chr17	-101	1	564.0	0.1773049645390071
chr17	-100	0	584.0	0.0
chr17	-99	0	605.0	0.0
chr17	-98	2	626.0	0.3194888178913738
chr17	-97	0	637.0	0.0
chr17	-96	0	657.0	0.0
chr17	-95	0	673.0	0.0
chr17	-94	1	694.0	0.1440922190201729
chr17	-93	1	710.0	0.14084507042253522
chr17	-92	2	728.0	0.27472527472527475
chr17	-91	1	748.0	0.1336898395721925
chr17	-90	3	774.0	0.3875968992248062
chr17	-89	3	790.0	0.37974683544303794
chr17	-88	1	813.0	0.12300123001230012
chr17	-87	1	841.0	0.11890606420927466
chr17	-86	0	868.0	0.0
chr17	-85	1	891.0	0.11223344556677892
chr17	-84	1	908.0	0.11013215859030838
chr17	-83	0	928.0	0.0
chr17	-82	1	944.0	0.1059322033898305
chr17	-81	1	965.0	0.10362694300518134
chr17	-80	5	984.0	0.5081300813008129
chr17	-79	0	1005.0	0.0
chr17	-78	3	1017.0	0.2949852507374631
chr17	-77	3	1040.0	0.2884615384615385
chr17	-76	1	1067.0	0.09372071227741331
chr17	-75	1	1084.0	0.09225092250922509
chr17	-74	0	1107.0	0.0
chr17	-73	4	1130.0	0.35398230088495575
chr17	-72	1	1149.0	0.08703220191470844
chr17	-71	3	1171.0	0.25619128949615716
chr17	-70	3	1195.0	0.2510460251046025
chr17	-69	1	1213.0	0.08244023083264633
chr17	-68	3	1229.0	0.24410089503661514
chr17	-67	3	1244.0	0.2411575562700965
chr17	-66	1	1265.0	0.07905138339920949
chr17	-65	2	1283.0	0.1558846453624318
chr17	-64	1	1305.0	0.07662835249042146
chr17	-63	4	1323.0	0.30234315948601664
chr17	-62	3	1331.0	0.2253944402704733
chr17	-61	1	1353.0	0.07390983000739099
chr17	-60	1	1367.0	0.0731528895391368
chr17	-59	6	1388.0	0.43227665706051877
chr17	-58	9	1405.0	0.6405693950177936
chr17	-57	0	1433.0	0.0
chr17	-56	6	1460.0	0.410958904109589
chr17	-55	3	1482.0	0.20242914979757085
chr17	-54	15	1501.0	0.9993337774816788
chr17	-53	1	1518.0	0.06587615283267458
chr17	-52	1	1538.0	0.06501950585175553
chr17	-51	2	1563.0	0.12795905310300704
chr17	-50	3	1586.0	0.18915510718789408
chr17	-49	8	1611.0	0.4965859714463066
chr17	-48	0	1626.0	0.0
chr17	-47	2	1654.0	0.12091898428053204
chr17	-46	4	1678.0	0.23837902264600713
chr17	-45	4	1710.0	0.23391812865497078
chr17	-44	7	1732.0	0.40415704387990764
chr17	-43	5	1748.0	0.2860411899313501
chr17	-42	5	1768.0	0.2828054298642534
chr17	-41	5	1785.0	0.2801120448179272
chr17	-40	4	1814.0	0.2205071664829107
chr17	-39	6	1837.0	0.32661948829613496
chr17	-38	6	1863.0	0.322061191626409
chr17	-37	5	1879.0	0.2660989888238425
chr17	-36	5	1899.0	0.2632964718272775
chr17	-35	7	1924.0	0.36382536382536385
chr17	-34	3	1947.0	0.15408320493066258
chr17	-33	4	1968.0	0.20325203252032523
chr17	-32	10	1984.0	0.5040322580645161
chr17	-31	6	2010.0	0.2985074626865672
chr17	-30	9	2031.0	0.4431314623338257
chr17	-29	10	2048.0	0.48828125
chr17	-28	3	2066.0	0.14520813165537272
chr17	-27	6	2084.0	0.28790786948176583
chr17	-26	5	2095.0	0.23866348448687352
chr17	-25	10	2123.0	0.4710315591144607
chr17	-24	1	2144.0	0.046641791044776115
chr17	-23	25	2160.0	1.1574074074074074
chr17	-22	6	2182.0	0.27497708524289644
chr17	-21	5	2201.0	0.2271694684234439
chr17	-20	3	2224.0	0.13489208633093525
chr17	-19	15	2246.0	0.667853962600178
chr17	-18	7	2267.0	0.30877812086457873
chr17	-17	12	2293.0	0.5233318796336677
chr17	-16	20	2304.0	0.8680555555555556
chr17	-15	4	2317.0	0.17263703064307295
chr17	-14	11	2338.0	0.4704875962360992
chr17	-13	21	2358.0	0.8905852417302799
chr17	-12	3	2384.0	0.12583892617449663
chr17	-11	10	2397.0	0.4171881518564873
chr17	-10	17	2414.0	0.7042253521126761
chr17	-9	10	2414.0	0.4142502071251036
chr17	-8	10	2414.0	0.4142502071251036
chr17	-7	8	2414.0	0.33140016570008285
chr17	-6	10	2414.0	0.4142502071251036
chr17	-5	13	2414.0	0.5385252692626347
chr17	-4	11	2411.0	0.45624222314392365
chr17	-3	17	2409.0	0.70568700705687
chr17	-2	17	2406.0	0.7065669160432253
chr17	-1	42	2402.0	1.7485428809325563
chr17	0	180	2315.0	7.775377969762419
chr17	1	25	2294.0	1.0897994768962511
chr17	2	24	2277.0	1.0540184453227932
chr17	3	52	2265.0	2.295805739514349
chr17	4	34	2247.0	1.5131286159323543
chr17	5	29	2223.0	1.3045434098065678
chr17	6	42	2195.0	1.9134396355353074
chr17	7	23	2169.0	1.0603964960811434
chr17	8	34	2138.0	1.5902712815715623
chr17	9	50	2122.0	2.35626767200754
chr17	10	20	2098.0	0.9532888465204957
chr17	11	36	2068.0	1.7408123791102514
chr17	12	31	2043.0	1.5173764072442486
chr17	13	26	2024.0	1.2845849802371543
chr17	14	25	2002.0	1.2487512487512489
chr17	15	16	1984.0	0.8064516129032258
chr17	16	23	1962.0	1.1722731906218145
chr17	17	29	1950.0	1.4871794871794872
chr17	18	23	1936.0	1.18801652892562
chr17	19	16	1916.0	0.8350730688935281
chr17	20	20	1889.0	1.0587612493382743
chr17	21	22	1873.0	1.174586225306994
chr17	22	36	1842.0	1.9543973941368076
chr17	23	23	1812.0	1.2693156732891833
chr17	24	35	1796.0	1.9487750556792873
chr17	25	27	1783.0	1.5143017386427369
chr17	26	25	1767.0	1.414827391058291
chr17	27	21	1751.0	1.1993146773272416
chr17	28	35	1721.0	2.033701336432307
chr17	29	27	1706.0	1.5826494724501756
chr17	30	17	1686.0	1.0083036773428233
chr17	31	31	1667.0	1.859628074385123
chr17	32	12	1647.0	0.7285974499089253
chr17	33	12	1633.0	0.7348438456827924
chr17	34	18	1613.0	1.115933044017359
chr17	35	31	1595.0	1.9435736677115987
chr17	36	15	1580.0	0.949367088607595
chr17	37	17	1555.0	1.0932475884244373
chr17	38	25	1539.0	1.6244314489928524
chr17	39	21	1525.0	1.377049180327869
chr17	40	14	1501.0	0.9327115256495668
chr17	41	37	1473.0	2.5118805159538358
chr17	42	13	1452.0	0.8953168044077136
chr17	43	8	1435.0	0.5574912891986062
chr17	44	17	1412.0	1.2039660056657222
chr17	45	14	1394.0	1.0043041606886656
chr17	46	9	1379.0	0.6526468455402465
chr17	47	18	1361.0	1.322556943423953
chr17	48	21	1341.0	1.5659955257270695
chr17	49	14	1322.0	1.059001512859304
chr17	50	21	1302.0	1.6129032258064515
chr17	51	9	1281.0	0.702576112412178
chr17	52	15	1260.0	1.1904761904761905
chr17	53	23	1238.0	1.8578352180936994
chr17	54	13	1218.0	1.0673234811165846
chr17	55	8	1202.0	0.6655574043261231
chr17	56	23	1184.0	1.9425675675675675
chr17	57	14	1159.0	1.2079378774805867
chr17	58	14	1138.0	1.2302284710017575
chr17	59	15	1119.0	1.3404825737265416
chr17	60	18	1112.0	1.618705035971223
chr17	61	12	1087.0	1.1039558417663293
chr17	62	13	1070.0	1.2149532710280373
chr17	63	18	1051.0	1.7126546146527115
chr17	64	12	1032.0	1.1627906976744187
chr17	65	23	1016.0	2.263779527559055
chr17	66	15	1007.0	1.4895729890764648
chr17	67	19	993.0	1.9133937562940584
chr17	68	22	972.0	2.263374485596708
chr17	69	12	950.0	1.263157894736842
chr17	70	18	934.0	1.9271948608137044
chr17	71	19	904.0	2.101769911504425
chr17	72	20	875.0	2.2857142857142856
chr17	73	19	853.0	2.2274325908558033
chr17	74	10	836.0	1.1961722488038278
chr17	75	10	821.0	1.2180267965895248
chr17	76	6	794.0	0.7556675062972292
chr17	77	13	781.0	1.6645326504481435
chr17	78	17	749.0	2.2696929238985315
chr17	79	10	731.0	1.3679890560875512
chr17	80	3	713.0	0.42075736325385693
chr17	81	12	692.0	1.7341040462427744
chr17	82	3	676.0	0.4437869822485207
chr17	83	5	645.0	0.7751937984496124
chr17	84	10	623.0	1.6051364365971106
chr17	85	8	603.0	1.3266998341625207
chr17	86	6	581.0	1.0327022375215147
chr17	87	6	561.0	1.06951871657754
chr17	88	3	537.0	0.5586592178770949
chr17	89	9	517.0	1.7408123791102514
chr17	90	5	494.0	1.0121457489878543
chr17	91	8	473.0	1.6913319238900635
chr17	92	7	448.0	1.5625
chr17	93	11	428.0	2.570093457943925
chr17	94	6	405.0	1.4814814814814816
chr17	95	2	388.0	0.5154639175257731
chr17	96	2	369.0	0.5420054200542005
chr17	97	6	351.0	1.7094017094017095
chr17	98	3	333.0	0.9009009009009009
chr17	99	2	310.0	0.6451612903225806
chr17	100	5	293.0	1.7064846416382253
chr17	101	5	280.0	1.7857142857142856
chr17	102	4	263.0	1.520912547528517
chr17	103	2	246.0	0.8130081300813009
chr17	104	3	223.0	1.345291479820628
chr17	105	1	207.0	0.4830917874396135
chr17	106	2	180.0	1.1111111111111112
chr17	107	0	164.0	0.0
chr17	108	0	147.0	0.0
chr17	109	0	127.0	0.0
chr17	110	0	118.0	0.0
chr17	111	1	95.0	1.0526315789473684
chr17	112	1	84.0	1.1904761904761905
chr17	113	0	72.0	0.0
chr17	114	1	49.0	2.0408163265306123
chr17	115	0	35.0	0.0
chr17	116	0	18.0	0.0
chr17	117	0	8.0	0.0
chr17	118	0	0.0	nan
chr17	119	0	0.0	nan
chr17	120	0	0.0	nan
chr17	121	0	0.0	nan
chr17	122	0	0.0	nan
chr17	123	0	0.0	nan
chr17	124	0	0.0	nan
chr17	125	0	0.0	nan
chr17	126	0	0.0	nan
chr17	127	0	0.0	nan
chr17	128	0	0.0	nan
chr17	129	0	0.0	nan
chr18	-129	0	3.0	0.0
chr18	-128	1	8.0	12.5
chr18	-127	0	12.0	0.0
chr18	-126	0	17.0	0.0
chr18	-125	0	27.0	0.0
chr18	-124	0	34.0	0.0
chr18	-123	0	38.0	0.0
chr18	-122	0	43.0	0.0
chr18	-121	0	49.0	0.0
chr18	-120	0	55.0	0.0
chr18	-119	0	63.0	0.0
chr18	-118	0	73.0	0.0
chr18	-117	0	80.0	0.0
chr18	-116	0	89.0	0.0
chr18	-115	1	93.0	1.0752688172043012
chr18	-114	0	97.0	0.0
chr18	-113	0	102.0	0.0
chr18	-112	1	108.0	0.9259259259259258
chr18	-111	0	115.0	0.0
chr18	-110	2	119.0	1.680672268907563
chr18	-109	0	128.0	0.0
chr18	-108	1	136.0	0.7352941176470588
chr18	-107	0	142.0	0.0
chr18	-106	0	149.0	0.0
chr18	-105	0	158.0	0.0
chr18	-104	1	159.0	0.628930817610063
chr18	-103	0	166.0	0.0
chr18	-102	0	178.0	0.0
chr18	-101	0	188.0	0.0
chr18	-100	0	197.0	0.0
chr18	-99	0	206.0	0.0
chr18	-98	0	210.0	0.0
chr18	-97	0	217.0	0.0
chr18	-96	0	225.0	0.0
chr18	-95	1	233.0	0.4291845493562232
chr18	-94	0	239.0	0.0
chr18	-93	0	242.0	0.0
chr18	-92	0	252.0	0.0
chr18	-91	0	259.0	0.0
chr18	-90	1	264.0	0.3787878787878788
chr18	-89	1	269.0	0.37174721189591076
chr18	-88	1	277.0	0.36101083032490977
chr18	-87	0	284.0	0.0
chr18	-86	0	292.0	0.0
chr18	-85	1	298.0	0.33557046979865773
chr18	-84	1	302.0	0.33112582781456956
chr18	-83	0	310.0	0.0
chr18	-82	2	317.0	0.6309148264984227
chr18	-81	1	329.0	0.303951367781155
chr18	-80	0	335.0	0.0
chr18	-79	0	341.0	0.0
chr18	-78	0	347.0	0.0
chr18	-77	0	347.0	0.0
chr18	-76	1	358.0	0.27932960893854747
chr18	-75	0	365.0	0.0
chr18	-74	0	372.0	0.0
chr18	-73	2	380.0	0.5263157894736842
chr18	-72	0	384.0	0.0
chr18	-71	2	391.0	0.5115089514066496
chr18	-70	0	397.0	0.0
chr18	-69	0	408.0	0.0
chr18	-68	5	416.0	1.201923076923077
chr18	-67	0	422.0	0.0
chr18	-66	1	427.0	0.234192037470726
chr18	-65	1	434.0	0.2304147465437788
chr18	-64	0	441.0	0.0
chr18	-63	3	448.0	0.6696428571428571
chr18	-62	2	455.0	0.43956043956043955
chr18	-61	0	458.0	0.0
chr18	-60	2	468.0	0.4273504273504274
chr18	-59	1	474.0	0.21097046413502107
chr18	-58	0	481.0	0.0
chr18	-57	1	493.0	0.2028397565922921
chr18	-56	1	507.0	0.19723865877712032
chr18	-55	0	511.0	0.0
chr18	-54	1	523.0	0.19120458891013384
chr18	-53	4	527.0	0.7590132827324478
chr18	-52	2	535.0	0.3738317757009346
chr18	-51	0	538.0	0.0
chr18	-50	2	549.0	0.36429872495446264
chr18	-49	1	558.0	0.17921146953405018
chr18	-48	0	561.0	0.0
chr18	-47	4	571.0	0.7005253940455342
chr18	-46	4	578.0	0.6920415224913495
chr18	-45	2	588.0	0.3401360544217687
chr18	-44	1	593.0	0.16863406408094433
chr18	-43	2	606.0	0.33003300330033003
chr18	-42	0	610.0	0.0
chr18	-41	1	611.0	0.16366612111292964
chr18	-40	0	615.0	0.0
chr18	-39	0	621.0	0.0
chr18	-38	0	626.0	0.0
chr18	-37	2	634.0	0.31545741324921134
chr18	-36	1	638.0	0.1567398119122257
chr18	-35	2	646.0	0.30959752321981426
chr18	-34	3	650.0	0.46153846153846156
chr18	-33	0	654.0	0.0
chr18	-32	1	657.0	0.15220700152207
chr18	-31	1	662.0	0.1510574018126888
chr18	-30	0	668.0	0.0
chr18	-29	1	671.0	0.14903129657228018
chr18	-28	2	672.0	0.2976190476190476
chr18	-27	2	676.0	0.2958579881656805
chr18	-26	1	680.0	0.14705882352941177
chr18	-25	3	684.0	0.43859649122807015
chr18	-24	6	686.0	0.8746355685131195
chr18	-23	4	695.0	0.5755395683453237
chr18	-22	1	700.0	0.14285714285714285
chr18	-21	0	710.0	0.0
chr18	-20	5	715.0	0.6993006993006993
chr18	-19	3	721.0	0.4160887656033287
chr18	-18	3	729.0	0.411522633744856
chr18	-17	1	732.0	0.1366120218579235
chr18	-16	0	743.0	0.0
chr18	-15	2	748.0	0.267379679144385
chr18	-14	18	759.0	2.371541501976284
chr18	-13	2	767.0	0.2607561929595828
chr18	-12	2	776.0	0.25773195876288657
chr18	-11	0	784.0	0.0
chr18	-10	4	790.0	0.5063291139240507
chr18	-9	1	790.0	0.12658227848101267
chr18	-8	1	790.0	0.12658227848101267
chr18	-7	6	790.0	0.7594936708860759
chr18	-6	2	790.0	0.25316455696202533
chr18	-5	5	790.0	0.6329113924050633
chr18	-4	8	789.0	1.0139416983523446
chr18	-3	2	789.0	0.25348542458808615
chr18	-2	15	788.0	1.903553299492386
chr18	-1	24	784.0	3.061224489795918
chr18	0	74	760.0	9.736842105263158
chr18	1	14	752.0	1.8617021276595744
chr18	2	15	745.0	2.013422818791946
chr18	3	29	732.0	3.9617486338797816
chr18	4	29	724.0	4.005524861878453
chr18	5	9	721.0	1.248266296809986
chr18	6	17	712.0	2.387640449438202
chr18	7	15	707.0	2.1216407355021216
chr18	8	5	700.0	0.7142857142857143
chr18	9	20	691.0	2.894356005788712
chr18	10	8	681.0	1.1747430249632893
chr18	11	18	674.0	2.6706231454005933
chr18	12	11	665.0	1.6541353383458646
chr18	13	20	661.0	3.0257186081694405
chr18	14	15	658.0	2.2796352583586628
chr18	15	8	656.0	1.2195121951219512
chr18	16	9	646.0	1.393188854489164
chr18	17	19	640.0	2.96875
chr18	18	13	632.0	2.0569620253164556
chr18	19	8	625.0	1.28
chr18	20	5	619.0	0.8077544426494345
chr18	21	11	612.0	1.7973856209150325
chr18	22	5	602.0	0.8305647840531563
chr18	23	19	593.0	3.204047217537943
chr18	24	12	591.0	2.030456852791878
chr18	25	15	587.0	2.555366269165247
chr18	26	6	570.0	1.0526315789473684
chr18	27	3	565.0	0.5309734513274336
chr18	28	12	561.0	2.13903743315508
chr18	29	11	554.0	1.9855595667870036
chr18	30	7	549.0	1.2750455373406193
chr18	31	2	541.0	0.36968576709796674
chr18	32	7	530.0	1.3207547169811322
chr18	33	6	528.0	1.1363636363636365
chr18	34	7	523.0	1.338432122370937
chr18	35	9	514.0	1.7509727626459144
chr18	36	10	508.0	1.968503937007874
chr18	37	14	501.0	2.7944111776447107
chr18	38	4	495.0	0.8080808080808081
chr18	39	13	490.0	2.6530612244897958
chr18	40	12	483.0	2.484472049689441
chr18	41	7	477.0	1.4675052410901468
chr18	42	6	465.0	1.2903225806451613
chr18	43	6	458.0	1.3100436681222707
chr18	44	7	456.0	1.5350877192982455
chr18	45	9	445.0	2.0224719101123596
chr18	46	7	437.0	1.6018306636155606
chr18	47	4	427.0	0.936768149882904
chr18	48	6	425.0	1.411764705882353
chr18	49	6	419.0	1.431980906921241
chr18	50	7	413.0	1.694915254237288
chr18	51	3	403.0	0.7444168734491315
chr18	52	6	398.0	1.507537688442211
chr18	53	11	388.0	2.8350515463917527
chr18	54	7	381.0	1.837270341207349
chr18	55	7	376.0	1.8617021276595744
chr18	56	3	373.0	0.8042895442359249
chr18	57	2	366.0	0.546448087431694
chr18	58	7	358.0	1.9553072625698324
chr18	59	4	348.0	1.1494252873563218
chr18	60	8	339.0	2.359882005899705
chr18	61	4	338.0	1.183431952662722
chr18	62	8	335.0	2.3880597014925375
chr18	63	2	330.0	0.6060606060606061
chr18	64	4	322.0	1.2422360248447204
chr18	65	9	315.0	2.857142857142857
chr18	66	3	308.0	0.974025974025974
chr18	67	8	305.0	2.622950819672131
chr18	68	3	294.0	1.0204081632653061
chr18	69	4	287.0	1.3937282229965158
chr18	70	8	283.0	2.8268551236749118
chr18	71	4	269.0	1.486988847583643
chr18	72	3	258.0	1.1627906976744187
chr18	73	2	254.0	0.7874015748031495
chr18	74	3	247.0	1.214574898785425
chr18	75	5	242.0	2.066115702479339
chr18	76	6	237.0	2.5316455696202533
chr18	77	5	226.0	2.2123893805309733
chr18	78	5	216.0	2.314814814814815
chr18	79	3	212.0	1.4150943396226416
chr18	80	2	205.0	0.975609756097561
chr18	81	4	200.0	2.0
chr18	82	2	195.0	1.0256410256410255
chr18	83	2	185.0	1.0810810810810811
chr18	84	4	181.0	2.209944751381215
chr18	85	0	173.0	0.0
chr18	86	2	167.0	1.1976047904191618
chr18	87	2	163.0	1.2269938650306749
chr18	88	0	159.0	0.0
chr18	89	0	154.0	0.0
chr18	90	4	153.0	2.6143790849673203
chr18	91	1	147.0	0.6802721088435374
chr18	92	1	142.0	0.7042253521126761
chr18	93	0	132.0	0.0
chr18	94	3	127.0	2.3622047244094486
chr18	95	2	123.0	1.6260162601626018
chr18	96	2	120.0	1.6666666666666667
chr18	97	1	118.0	0.847457627118644
chr18	98	2	112.0	1.7857142857142856
chr18	99	1	110.0	0.9090909090909091
chr18	100	2	107.0	1.8691588785046727
chr18	101	1	102.0	0.9803921568627451
chr18	102	3	99.0	3.0303030303030303
chr18	103	2	94.0	2.127659574468085
chr18	104	1	90.0	1.1111111111111112
chr18	105	1	81.0	1.2345679012345678
chr18	106	0	73.0	0.0
chr18	107	2	67.0	2.9850746268656714
chr18	108	0	59.0	0.0
chr18	109	1	52.0	1.9230769230769231
chr18	110	0	47.0	0.0
chr18	111	0	44.0	0.0
chr18	112	1	38.0	2.631578947368421
chr18	113	0	32.0	0.0
chr18	114	0	18.0	0.0
chr18	115	0	11.0	0.0
chr18	116	0	8.0	0.0
chr18	117	0	4.0	0.0
chr18	118	0	0.0	nan
chr18	119	0	0.0	nan
chr18	120	0	0.0	nan
chr18	121	0	0.0	nan
chr18	122	0	0.0	nan
chr18	123	0	0.0	nan
chr18	124	0	0.0	nan
chr18	125	0	0.0	nan
chr18	126	0	0.0	nan
chr18	127	0	0.0	nan
chr18	128	0	0.0	nan
chr19	-130	0	1.0	0.0
chr19	-129	0	9.0	0.0
chr19	-128	0	21.0	0.0
chr19	-127	0	35.0	0.0
chr19	-126	0	45.0	0.0
chr19	-125	0	62.0	0.0
chr19	-124	0	75.0	0.0
chr19	-123	0	92.0	0.0
chr19	-122	0	110.0	0.0
chr19	-121	0	114.0	0.0
chr19	-120	0	124.0	0.0
chr19	-119	0	139.0	0.0
chr19	-118	0	151.0	0.0
chr19	-117	0	174.0	0.0
chr19	-116	0	186.0	0.0
chr19	-115	0	197.0	0.0
chr19	-114	0	216.0	0.0
chr19	-113	2	228.0	0.8771929824561403
chr19	-112	1	246.0	0.40650406504065045
chr19	-111	0	262.0	0.0
chr19	-110	0	280.0	0.0
chr19	-109	0	298.0	0.0
chr19	-108	0	313.0	0.0
chr19	-107	0	326.0	0.0
chr19	-106	0	341.0	0.0
chr19	-105	1	351.0	0.2849002849002849
chr19	-104	1	370.0	0.2702702702702703
chr19	-103	2	380.0	0.5263157894736842
chr19	-102	0	393.0	0.0
chr19	-101	6	407.0	1.4742014742014742
chr19	-100	2	421.0	0.4750593824228029
chr19	-99	0	438.0	0.0
chr19	-98	1	449.0	0.22271714922048996
chr19	-97	0	465.0	0.0
chr19	-96	3	479.0	0.6263048016701461
chr19	-95	0	500.0	0.0
chr19	-94	2	522.0	0.38314176245210724
chr19	-93	1	537.0	0.186219739292365
chr19	-92	1	552.0	0.18115942028985507
chr19	-91	1	569.0	0.17574692442882248
chr19	-90	0	587.0	0.0
chr19	-89	2	598.0	0.33444816053511706
chr19	-88	0	611.0	0.0
chr19	-87	1	623.0	0.16051364365971107
chr19	-86	2	646.0	0.30959752321981426
chr19	-85	2	655.0	0.3053435114503817
chr19	-84	0	661.0	0.0
chr19	-83	0	676.0	0.0
chr19	-82	3	687.0	0.43668122270742354
chr19	-81	1	701.0	0.14265335235378032
chr19	-80	0	716.0	0.0
chr19	-79	1	731.0	0.13679890560875513
chr19	-78	1	746.0	0.13404825737265416
chr19	-77	1	762.0	0.13123359580052493
chr19	-76	0	778.0	0.0
chr19	-75	2	790.0	0.25316455696202533
chr19	-74	0	809.0	0.0
chr19	-73	3	827.0	0.36275695284159615
chr19	-72	3	840.0	0.35714285714285715
chr19	-71	2	858.0	0.2331002331002331
chr19	-70	1	870.0	0.11494252873563218
chr19	-69	5	885.0	0.5649717514124294
chr19	-68	5	899.0	0.5561735261401557
chr19	-67	2	924.0	0.21645021645021645
chr19	-66	2	935.0	0.21390374331550802
chr19	-65	7	948.0	0.7383966244725738
chr19	-64	0	965.0	0.0
chr19	-63	1	981.0	0.10193679918450561
chr19	-62	5	1001.0	0.4995004995004995
chr19	-61	0	1015.0	0.0
chr19	-60	3	1023.0	0.2932551319648094
chr19	-59	1	1034.0	0.09671179883945842
chr19	-58	0	1048.0	0.0
chr19	-57	8	1069.0	0.7483629560336763
chr19	-56	6	1087.0	0.5519779208831647
chr19	-55	3	1099.0	0.27297543221110104
chr19	-54	5	1115.0	0.4484304932735426
chr19	-53	2	1126.0	0.17761989342806395
chr19	-52	3	1137.0	0.2638522427440633
chr19	-51	6	1149.0	0.5221932114882507
chr19	-50	2	1165.0	0.17167381974248927
chr19	-49	1	1182.0	0.08460236886632826
chr19	-48	4	1197.0	0.3341687552213868
chr19	-47	9	1212.0	0.7425742574257426
chr19	-46	2	1228.0	0.16286644951140067
chr19	-45	2	1244.0	0.1607717041800643
chr19	-44	2	1254.0	0.1594896331738437
chr19	-43	4	1269.0	0.31520882584712373
chr19	-42	1	1288.0	0.07763975155279502
chr19	-41	0	1310.0	0.0
chr19	-40	3	1320.0	0.22727272727272727
chr19	-39	6	1333.0	0.45011252813203295
chr19	-38	5	1341.0	0.37285607755406414
chr19	-37	3	1357.0	0.2210759027266028
chr19	-36	5	1369.0	0.3652300949598247
chr19	-35	8	1391.0	0.5751258087706687
chr19	-34	4	1405.0	0.2846975088967972
chr19	-33	6	1422.0	0.42194092827004215
chr19	-32	5	1439.0	0.34746351633078526
chr19	-31	6	1458.0	0.411522633744856
chr19	-30	7	1469.0	0.4765146358066712
chr19	-29	7	1477.0	0.47393364928909953
chr19	-28	8	1489.0	0.5372733378106112
chr19	-27	8	1502.0	0.5326231691078562
chr19	-26	7	1513.0	0.4626569729015202
chr19	-25	2	1525.0	0.13114754098360656
chr19	-24	4	1537.0	0.2602472348731295
chr19	-23	3	1552.0	0.19329896907216496
chr19	-22	7	1571.0	0.4455760661998727
chr19	-21	3	1581.0	0.18975332068311196
chr19	-20	4	1594.0	0.2509410288582183
chr19	-19	7	1605.0	0.43613707165109034
chr19	-18	12	1615.0	0.7430340557275541
chr19	-17	7	1628.0	0.42997542997543
chr19	-16	3	1640.0	0.1829268292682927
chr19	-15	6	1653.0	0.3629764065335753
chr19	-14	6	1671.0	0.3590664272890485
chr19	-13	11	1684.0	0.6532066508313539
chr19	-12	8	1703.0	0.46975924838520255
chr19	-11	3	1718.0	0.17462165308498254
chr19	-10	3	1730.0	0.17341040462427745
chr19	-9	13	1730.0	0.7514450867052023
chr19	-8	15	1730.0	0.8670520231213872
chr19	-7	16	1730.0	0.9248554913294799
chr19	-6	11	1730.0	0.6358381502890174
chr19	-5	13	1729.0	0.7518796992481203
chr19	-4	9	1728.0	0.5208333333333333
chr19	-3	8	1725.0	0.463768115942029
chr19	-2	14	1724.0	0.8120649651972157
chr19	-1	34	1723.0	1.9733023795705165
chr19	0	110	1632.0	6.740196078431373
chr19	1	23	1617.0	1.4223871366728509
chr19	2	19	1601.0	1.1867582760774515
chr19	3	35	1580.0	2.2151898734177213
chr19	4	18	1570.0	1.1464968152866242
chr19	5	19	1554.0	1.2226512226512225
chr19	6	25	1536.0	1.6276041666666667
chr19	7	31	1526.0	2.0314547837483614
chr19	8	19	1512.0	1.2566137566137565
chr19	9	28	1502.0	1.8641810918774968
chr19	10	20	1485.0	1.3468013468013467
chr19	11	18	1465.0	1.228668941979522
chr19	12	26	1452.0	1.790633608815427
chr19	13	19	1440.0	1.3194444444444444
chr19	14	15	1426.0	1.0518934081346423
chr19	15	14	1410.0	0.9929078014184398
chr19	16	23	1395.0	1.6487455197132617
chr19	17	22	1382.0	1.5918958031837915
chr19	18	27	1357.0	1.989683124539425
chr19	19	21	1333.0	1.5753938484621155
chr19	20	25	1318.0	1.896813353566009
chr19	21	17	1306.0	1.3016845329249618
chr19	22	12	1289.0	0.9309542280837859
chr19	23	11	1274.0	0.8634222919937204
chr19	24	18	1265.0	1.4229249011857708
chr19	25	10	1251.0	0.7993605115907274
chr19	26	16	1235.0	1.2955465587044535
chr19	27	24	1217.0	1.9720624486442069
chr19	28	21	1204.0	1.744186046511628
chr19	29	8	1188.0	0.6734006734006733
chr19	30	18	1173.0	1.5345268542199488
chr19	31	10	1158.0	0.8635578583765112
chr19	32	21	1139.0	1.8437225636523267
chr19	33	13	1120.0	1.1607142857142858
chr19	34	10	1102.0	0.9074410163339384
chr19	35	8	1090.0	0.7339449541284404
chr19	36	19	1088.0	1.7463235294117647
chr19	37	15	1077.0	1.392757660167131
chr19	38	15	1064.0	1.4097744360902256
chr19	39	8	1053.0	0.7597340930674265
chr19	40	9	1045.0	0.8612440191387559
chr19	41	12	1032.0	1.1627906976744187
chr19	42	6	1013.0	0.5923000987166831
chr19	43	10	1005.0	0.9950248756218906
chr19	44	18	995.0	1.809045226130653
chr19	45	14	985.0	1.4213197969543148
chr19	46	15	962.0	1.5592515592515594
chr19	47	12	947.0	1.2671594508975714
chr19	48	6	937.0	0.6403415154749199
chr19	49	11	916.0	1.2008733624454149
chr19	50	13	901.0	1.4428412874583796
chr19	51	12	889.0	1.3498312710911136
chr19	52	15	876.0	1.7123287671232876
chr19	53	17	867.0	1.9607843137254901
chr19	54	6	851.0	0.7050528789659225
chr19	55	14	835.0	1.6766467065868262
chr19	56	13	820.0	1.5853658536585367
chr19	57	13	800.0	1.625
chr19	58	13	784.0	1.6581632653061225
chr19	59	7	771.0	0.9079118028534372
chr19	60	12	754.0	1.5915119363395225
chr19	61	11	737.0	1.4925373134328357
chr19	62	11	731.0	1.5047879616963065
chr19	63	8	723.0	1.1065006915629323
chr19	64	12	702.0	1.7094017094017095
chr19	65	11	690.0	1.5942028985507246
chr19	66	12	668.0	1.7964071856287425
chr19	67	9	657.0	1.36986301369863
chr19	68	7	648.0	1.0802469135802468
chr19	69	18	631.0	2.8526148969889067
chr19	70	3	616.0	0.487012987012987
chr19	71	3	599.0	0.5008347245409015
chr19	72	17	585.0	2.905982905982906
chr19	73	9	581.0	1.549053356282272
chr19	74	6	567.0	1.0582010582010581
chr19	75	8	553.0	1.4466546112115732
chr19	76	3	540.0	0.5555555555555556
chr19	77	4	527.0	0.7590132827324478
chr19	78	7	509.0	1.37524557956778
chr19	79	6	496.0	1.2096774193548387
chr19	80	7	487.0	1.4373716632443532
chr19	81	9	473.0	1.9027484143763214
chr19	82	7	454.0	1.5418502202643172
chr19	83	3	443.0	0.6772009029345373
chr19	84	6	428.0	1.4018691588785046
chr19	85	7	416.0	1.6826923076923077
chr19	86	3	391.0	0.7672634271099744
chr19	87	1	376.0	0.26595744680851063
chr19	88	3	367.0	0.8174386920980926
chr19	89	3	354.0	0.847457627118644
chr19	90	2	346.0	0.5780346820809248
chr19	91	5	332.0	1.5060240963855422
chr19	92	6	314.0	1.910828025477707
chr19	93	7	300.0	2.3333333333333335
chr19	94	0	284.0	0.0
chr19	95	5	270.0	1.8518518518518516
chr19	96	2	255.0	0.7843137254901961
chr19	97	3	243.0	1.2345679012345678
chr19	98	5	236.0	2.11864406779661
chr19	99	6	225.0	2.666666666666667
chr19	100	7	209.0	3.349282296650718
chr19	101	3	197.0	1.5228426395939088
chr19	102	6	184.0	3.260869565217391
chr19	103	3	171.0	1.7543859649122806
chr19	104	1	156.0	0.641025641025641
chr19	105	3	140.0	2.142857142857143
chr19	106	2	132.0	1.5151515151515151
chr19	107	0	126.0	0.0
chr19	108	1	114.0	0.8771929824561403
chr19	109	2	103.0	1.9417475728155338
chr19	110	0	92.0	0.0
chr19	111	0	77.0	0.0
chr19	112	1	66.0	1.5151515151515151
chr19	113	1	56.0	1.7857142857142856
chr19	114	0	41.0	0.0
chr19	115	0	28.0	0.0
chr19	116	1	18.0	5.555555555555555
chr19	117	0	7.0	0.0
chr19	118	0	0.0	nan
chr19	119	0	0.0	nan
chr19	120	0	0.0	nan
chr19	121	0	0.0	nan
chr19	122	0	0.0	nan
chr19	123	0	0.0	nan
chr19	124	0	0.0	nan
chr19	125	0	0.0	nan
chr19	126	0	0.0	nan
chr19	127	0	0.0	nan
chr19	128	0	0.0	nan
chr19	129	0	0.0	nan
chr20	-130	0	1.0	0.0
chr20	-129	0	7.0	0.0
chr20	-128	0	10.0	0.0
chr20	-127	0	22.0	0.0
chr20	-126	0	33.0	0.0
chr20	-125	0	43.0	0.0
chr20	-124	0	56.0	0.0
chr20	-123	0	66.0	0.0
chr20	-122	0	80.0	0.0
chr20	-121	0	92.0	0.0
chr20	-120	0	101.0	0.0
chr20	-119	0	120.0	0.0
chr20	-118	0	129.0	0.0
chr20	-117	0	138.0	0.0
chr20	-116	1	150.0	0.6666666666666667
chr20	-115	0	159.0	0.0
chr20	-114	0	173.0	0.0
chr20	-113	1	183.0	0.546448087431694
chr20	-112	0	198.0	0.0
chr20	-111	0	211.0	0.0
chr20	-110	1	219.0	0.45662100456621
chr20	-109	1	232.0	0.43103448275862066
chr20	-108	0	252.0	0.0
chr20	-107	1	267.0	0.37453183520599254
chr20	-106	1	278.0	0.3597122302158274
chr20	-105	2	293.0	0.6825938566552902
chr20	-104	0	305.0	0.0
chr20	-103	0	310.0	0.0
chr20	-102	0	322.0	0.0
chr20	-101	0	341.0	0.0
chr20	-100	1	354.0	0.2824858757062147
chr20	-99	3	367.0	0.8174386920980926
chr20	-98	0	375.0	0.0
chr20	-97	0	390.0	0.0
chr20	-96	0	401.0	0.0
chr20	-95	0	411.0	0.0
chr20	-94	0	424.0	0.0
chr20	-93	0	445.0	0.0
chr20	-92	0	459.0	0.0
chr20	-91	0	471.0	0.0
chr20	-90	1	483.0	0.2070393374741201
chr20	-89	1	504.0	0.1984126984126984
chr20	-88	3	523.0	0.5736137667304015
chr20	-87	1	533.0	0.18761726078799248
chr20	-86	1	546.0	0.18315018315018314
chr20	-85	2	558.0	0.35842293906810035
chr20	-84	7	567.0	1.2345679012345678
chr20	-83	1	586.0	0.17064846416382254
chr20	-82	9	596.0	1.5100671140939599
chr20	-81	1	613.0	0.1631321370309951
chr20	-80	2	625.0	0.32
chr20	-79	7	638.0	1.09717868338558
chr20	-78	2	649.0	0.30816640986132515
chr20	-77	0	659.0	0.0
chr20	-76	0	666.0	0.0
chr20	-75	1	683.0	0.14641288433382138
chr20	-74	4	689.0	0.5805515239477503
chr20	-73	1	704.0	0.14204545454545456
chr20	-72	0	718.0	0.0
chr20	-71	3	737.0	0.40705563093622793
chr20	-70	0	753.0	0.0
chr20	-69	1	765.0	0.130718954248366
chr20	-68	0	783.0	0.0
chr20	-67	2	798.0	0.2506265664160401
chr20	-66	1	811.0	0.12330456226880394
chr20	-65	5	819.0	0.6105006105006106
chr20	-64	1	832.0	0.1201923076923077
chr20	-63	7	853.0	0.8206330597889802
chr20	-62	1	861.0	0.11614401858304298
chr20	-61	11	875.0	1.2571428571428571
chr20	-60	1	888.0	0.11261261261261261
chr20	-59	1	903.0	0.11074197120708748
chr20	-58	3	912.0	0.3289473684210526
chr20	-57	0	926.0	0.0
chr20	-56	1	939.0	0.10649627263045794
chr20	-55	4	954.0	0.41928721174004197
chr20	-54	1	970.0	0.10309278350515465
chr20	-53	8	989.0	0.8088978766430739
chr20	-52	1	1003.0	0.09970089730807577
chr20	-51	2	1018.0	0.19646365422396855
chr20	-50	0	1033.0	0.0
chr20	-49	1	1048.0	0.09541984732824427
chr20	-48	1	1057.0	0.0946073793755913
chr20	-47	9	1069.0	0.841908325537886
chr20	-46	4	1073.0	0.3727865796831314
chr20	-45	4	1091.0	0.36663611365719523
chr20	-44	1	1106.0	0.09041591320072333
chr20	-43	3	1123.0	0.26714158504007124
chr20	-42	2	1135.0	0.1762114537444934
chr20	-41	14	1147.0	1.2205754141238012
chr20	-40	1	1159.0	0.08628127696289906
chr20	-39	0	1168.0	0.0
chr20	-38	1	1181.0	0.0846740050804403
chr20	-37	1	1188.0	0.08417508417508417
chr20	-36	8	1201.0	0.6661115736885929
chr20	-35	2	1216.0	0.1644736842105263
chr20	-34	4	1235.0	0.32388663967611336
chr20	-33	2	1248.0	0.16025641025641024
chr20	-32	4	1259.0	0.3177124702144559
chr20	-31	1	1273.0	0.07855459544383347
chr20	-30	3	1286.0	0.23328149300155523
chr20	-29	11	1292.0	0.8513931888544891
chr20	-28	11	1298.0	0.847457627118644
chr20	-27	3	1320.0	0.22727272727272727
chr20	-26	3	1332.0	0.22522522522522523
chr20	-25	7	1341.0	0.5219985085756897
chr20	-24	2	1348.0	0.1483679525222552
chr20	-23	4	1361.0	0.2939015429831006
chr20	-22	10	1373.0	0.7283321194464676
chr20	-21	5	1380.0	0.36231884057971014
chr20	-20	7	1400.0	0.5
chr20	-19	6	1418.0	0.4231311706629055
chr20	-18	1	1427.0	0.0700770847932726
chr20	-17	5	1434.0	0.3486750348675035
chr20	-16	12	1444.0	0.8310249307479225
chr20	-15	1	1451.0	0.06891798759476223
chr20	-14	12	1464.0	0.819672131147541
chr20	-13	6	1474.0	0.40705563093622793
chr20	-12	1	1486.0	0.06729475100942127
chr20	-11	15	1497.0	1.002004008016032
chr20	-10	5	1509.0	0.33134526176275675
chr20	-9	0	1509.0	0.0
chr20	-8	21	1507.0	1.39349701393497
chr20	-7	5	1508.0	0.33156498673740054
chr20	-6	2	1509.0	0.13253810470510272
chr20	-5	8	1509.0	0.5301524188204109
chr20	-4	9	1501.0	0.5996002664890073
chr20	-3	8	1506.0	0.5312084993359893
chr20	-2	24	1504.0	1.5957446808510638
chr20	-1	26	1502.0	1.7310252996005324
chr20	0	124	1441.0	8.605135322692574
chr20	1	29	1420.0	2.0422535211267605
chr20	2	22	1408.0	1.5625
chr20	3	32	1393.0	2.297200287150036
chr20	4	17	1384.0	1.2283236994219653
chr20	5	29	1370.0	2.116788321167883
chr20	6	27	1355.0	1.992619926199262
chr20	7	54	1336.0	4.04191616766467
chr20	8	25	1332.0	1.8768768768768769
chr20	9	12	1314.0	0.91324200913242
chr20	10	31	1306.0	2.3736600306278715
chr20	11	21	1294.0	1.6228748068006182
chr20	12	20	1281.0	1.56128024980484
chr20	13	25	1261.0	1.9825535289452814
chr20	14	21	1246.0	1.6853932584269662
chr20	15	32	1238.0	2.5848142164781907
chr20	16	22	1222.0	1.800327332242226
chr20	17	18	1207.0	1.4913007456503728
chr20	18	28	1194.0	2.3450586264656614
chr20	19	19	1185.0	1.6033755274261603
chr20	20	15	1168.0	1.2842465753424657
chr20	21	30	1148.0	2.6132404181184667
chr20	22	13	1142.0	1.138353765323993
chr20	23	19	1130.0	1.6814159292035398
chr20	24	15	1118.0	1.3416815742397137
chr20	25	28	1112.0	2.5179856115107913
chr20	26	17	1100.0	1.5454545454545454
chr20	27	16	1081.0	1.4801110083256246
chr20	28	22	1067.0	2.0618556701030926
chr20	29	14	1055.0	1.3270142180094786
chr20	30	17	1043.0	1.6299137104506232
chr20	31	25	1029.0	2.4295432458697768
chr20	32	9	1014.0	0.8875739644970414
chr20	33	19	999.0	1.9019019019019021
chr20	34	13	985.0	1.3197969543147208
chr20	35	10	971.0	1.0298661174047374
chr20	36	8	961.0	0.8324661810613945
chr20	37	19	952.0	1.9957983193277309
chr20	38	11	939.0	1.1714589989350372
chr20	39	9	919.0	0.9793253536452665
chr20	40	9	897.0	1.0033444816053512
chr20	41	16	889.0	1.799775028121485
chr20	42	19	875.0	2.1714285714285713
chr20	43	20	866.0	2.3094688221709005
chr20	44	11	857.0	1.2835472578763127
chr20	45	19	839.0	2.264600715137068
chr20	46	18	828.0	2.1739130434782608
chr20	47	14	814.0	1.71990171990172
chr20	48	17	805.0	2.111801242236025
chr20	49	11	788.0	1.3959390862944163
chr20	50	13	782.0	1.6624040920716114
chr20	51	6	775.0	0.7741935483870968
chr20	52	6	761.0	0.7884362680683311
chr20	53	9	746.0	1.2064343163538873
chr20	54	10	737.0	1.3568521031207599
chr20	55	14	726.0	1.9283746556473829
chr20	56	10	716.0	1.3966480446927374
chr20	57	13	703.0	1.849217638691323
chr20	58	10	685.0	1.4598540145985401
chr20	59	2	680.0	0.29411764705882354
chr20	60	9	665.0	1.3533834586466165
chr20	61	8	650.0	1.2307692307692308
chr20	62	13	632.0	2.0569620253164556
chr20	63	6	623.0	0.9630818619582664
chr20	64	5	611.0	0.8183306055646482
chr20	65	7	598.0	1.1705685618729096
chr20	66	10	585.0	1.7094017094017095
chr20	67	4	577.0	0.6932409012131715
chr20	68	14	562.0	2.491103202846975
chr20	69	11	544.0	2.0220588235294117
chr20	70	11	533.0	2.0637898686679175
chr20	71	3	522.0	0.5747126436781609
chr20	72	11	506.0	2.1739130434782608
chr20	73	7	491.0	1.4256619144602851
chr20	74	4	484.0	0.8264462809917356
chr20	75	6	467.0	1.284796573875803
chr20	76	1	451.0	0.22172949002217296
chr20	77	8	439.0	1.8223234624145785
chr20	78	15	428.0	3.5046728971962615
chr20	79	6	419.0	1.431980906921241
chr20	80	3	411.0	0.7299270072992701
chr20	81	6	394.0	1.5228426395939088
chr20	82	4	383.0	1.0443864229765014
chr20	83	4	372.0	1.0752688172043012
chr20	84	11	361.0	3.0470914127423825
chr20	85	2	345.0	0.5797101449275363
chr20	86	2	334.0	0.5988023952095809
chr20	87	6	330.0	1.8181818181818181
chr20	88	2	323.0	0.6191950464396285
chr20	89	5	311.0	1.607717041800643
chr20	90	3	298.0	1.006711409395973
chr20	91	4	289.0	1.384083044982699
chr20	92	4	276.0	1.4492753623188406
chr20	93	3	263.0	1.1406844106463878
chr20	94	2	244.0	0.819672131147541
chr20	95	2	232.0	0.8620689655172413
chr20	96	2	222.0	0.9009009009009009
chr20	97	1	208.0	0.4807692307692308
chr20	98	4	201.0	1.9900497512437811
chr20	99	0	185.0	0.0
chr20	100	3	168.0	1.7857142857142856
chr20	101	4	154.0	2.5974025974025974
chr20	102	1	144.0	0.6944444444444444
chr20	103	0	134.0	0.0
chr20	104	1	125.0	0.8
chr20	105	1	112.0	0.8928571428571428
chr20	106	1	101.0	0.9900990099009901
chr20	107	1	93.0	1.0752688172043012
chr20	108	0	83.0	0.0
chr20	109	0	70.0	0.0
chr20	110	1	63.0	1.5873015873015872
chr20	111	0	54.0	0.0
chr20	112	0	46.0	0.0
chr20	113	0	37.0	0.0
chr20	114	0	28.0	0.0
chr20	115	0	23.0	0.0
chr20	116	0	14.0	0.0
chr20	117	0	7.0	0.0
chr20	118	0	0.0	nan
chr20	119	0	0.0	nan
chr20	120	0	0.0	nan
chr20	121	0	0.0	nan
chr20	122	0	0.0	nan
chr20	123	0	0.0	nan
chr20	124	0	0.0	nan
chr20	125	0	0.0	nan
chr20	126	0	0.0	nan
chr20	127	0	0.0	nan
chr20	128	0	0.0	nan
chr21	-129	0	4.0	0.0
chr21	-128	0	13.0	0.0
chr21	-127	0	18.0	0.0
chr21	-126	0	24.0	0.0
chr21	-125	0	30.0	0.0
chr21	-124	0	32.0	0.0
chr21	-123	0	38.0	0.0
chr21	-122	0	42.0	0.0
chr21	-121	0	51.0	0.0
chr21	-120	0	59.0	0.0
chr21	-119	0	63.0	0.0
chr21	-118	1	66.0	1.5151515151515151
chr21	-117	0	74.0	0.0
chr21	-116	1	79.0	1.2658227848101267
chr21	-115	1	81.0	1.2345679012345678
chr21	-114	0	87.0	0.0
chr21	-113	1	93.0	1.0752688172043012
chr21	-112	0	99.0	0.0
chr21	-111	0	103.0	0.0
chr21	-110	0	110.0	0.0
chr21	-109	0	113.0	0.0
chr21	-108	0	120.0	0.0
chr21	-107	0	132.0	0.0
chr21	-106	0	137.0	0.0
chr21	-105	0	145.0	0.0
chr21	-104	0	151.0	0.0
chr21	-103	0	162.0	0.0
chr21	-102	3	169.0	1.7751479289940828
chr21	-101	0	176.0	0.0
chr21	-100	1	180.0	0.5555555555555556
chr21	-99	1	186.0	0.5376344086021506
chr21	-98	1	190.0	0.5263157894736842
chr21	-97	2	195.0	1.0256410256410255
chr21	-96	0	202.0	0.0
chr21	-95	0	208.0	0.0
chr21	-94	4	212.0	1.8867924528301887
chr21	-93	0	220.0	0.0
chr21	-92	1	230.0	0.43478260869565216
chr21	-91	0	235.0	0.0
chr21	-90	0	244.0	0.0
chr21	-89	0	254.0	0.0
chr21	-88	1	257.0	0.38910505836575876
chr21	-87	1	262.0	0.38167938931297707
chr21	-86	0	265.0	0.0
chr21	-85	0	273.0	0.0
chr21	-84	0	276.0	0.0
chr21	-83	0	280.0	0.0
chr21	-82	0	285.0	0.0
chr21	-81	0	290.0	0.0
chr21	-80	0	299.0	0.0
chr21	-79	0	305.0	0.0
chr21	-78	1	313.0	0.3194888178913738
chr21	-77	0	318.0	0.0
chr21	-76	2	322.0	0.6211180124223602
chr21	-75	1	333.0	0.3003003003003003
chr21	-74	3	342.0	0.8771929824561403
chr21	-73	2	351.0	0.5698005698005698
chr21	-72	0	362.0	0.0
chr21	-71	1	370.0	0.2702702702702703
chr21	-70	1	373.0	0.2680965147453083
chr21	-69	0	381.0	0.0
chr21	-68	1	390.0	0.2564102564102564
chr21	-67	2	396.0	0.5050505050505051
chr21	-66	2	402.0	0.4975124378109453
chr21	-65	1	409.0	0.24449877750611246
chr21	-64	2	415.0	0.48192771084337355
chr21	-63	4	418.0	0.9569377990430622
chr21	-62	4	427.0	0.936768149882904
chr21	-61	1	431.0	0.23201856148491878
chr21	-60	1	440.0	0.22727272727272727
chr21	-59	0	446.0	0.0
chr21	-58	1	453.0	0.22075055187637968
chr21	-57	1	456.0	0.21929824561403508
chr21	-56	2	459.0	0.4357298474945534
chr21	-55	3	468.0	0.641025641025641
chr21	-54	2	471.0	0.42462845010615713
chr21	-53	3	475.0	0.631578947368421
chr21	-52	0	482.0	0.0
chr21	-51	0	489.0	0.0
chr21	-50	4	492.0	0.8130081300813009
chr21	-49	0	499.0	0.0
chr21	-48	0	509.0	0.0
chr21	-47	2	510.0	0.39215686274509803
chr21	-46	0	516.0	0.0
chr21	-45	2	521.0	0.3838771593090211
chr21	-44	0	525.0	0.0
chr21	-43	5	532.0	0.9398496240601504
chr21	-42	0	539.0	0.0
chr21	-41	3	549.0	0.546448087431694
chr21	-40	0	554.0	0.0
chr21	-39	1	565.0	0.17699115044247787
chr21	-38	6	573.0	1.0471204188481675
chr21	-37	3	584.0	0.5136986301369862
chr21	-36	1	584.0	0.17123287671232876
chr21	-35	1	592.0	0.16891891891891891
chr21	-34	0	594.0	0.0
chr21	-33	2	602.0	0.33222591362126247
chr21	-32	8	605.0	1.322314049586777
chr21	-31	3	613.0	0.48939641109298526
chr21	-30	2	617.0	0.3241491085899514
chr21	-29	1	621.0	0.1610305958132045
chr21	-28	2	629.0	0.3179650238473768
chr21	-27	0	636.0	0.0
chr21	-26	1	644.0	0.15527950310559005
chr21	-25	4	652.0	0.6134969325153374
chr21	-24	1	657.0	0.15220700152207
chr21	-23	1	669.0	0.14947683109118087
chr21	-22	1	674.0	0.1483679525222552
chr21	-21	1	682.0	0.1466275659824047
chr21	-20	4	690.0	0.5797101449275363
chr21	-19	1	697.0	0.1434720229555237
chr21	-18	3	703.0	0.42674253200568996
chr21	-17	2	707.0	0.2828854314002829
chr21	-16	3	708.0	0.423728813559322
chr21	-15	0	714.0	0.0
chr21	-14	3	716.0	0.41899441340782123
chr21	-13	1	722.0	0.13850415512465375
chr21	-12	1	730.0	0.136986301369863
chr21	-11	2	737.0	0.27137042062415195
chr21	-10	3	745.0	0.4026845637583893
chr21	-9	4	745.0	0.5369127516778524
chr21	-8	6	745.0	0.8053691275167786
chr21	-7	4	745.0	0.5369127516778524
chr21	-6	2	745.0	0.2684563758389262
chr21	-5	14	745.0	1.8791946308724832
chr21	-4	3	745.0	0.4026845637583893
chr21	-3	6	743.0	0.8075370121130552
chr21	-2	15	740.0	2.027027027027027
chr21	-1	12	736.0	1.6304347826086956
chr21	0	35	692.0	5.057803468208093
chr21	1	17	686.0	2.478134110787172
chr21	2	12	678.0	1.7699115044247788
chr21	3	7	673.0	1.040118870728083
chr21	4	18	671.0	2.682563338301043
chr21	5	13	666.0	1.951951951951952
chr21	6	11	659.0	1.669195751138088
chr21	7	11	654.0	1.6819571865443423
chr21	8	8	643.0	1.244167962674961
chr21	9	5	638.0	0.7836990595611284
chr21	10	15	635.0	2.3622047244094486
chr21	11	10	627.0	1.5948963317384368
chr21	12	7	623.0	1.1235955056179776
chr21	13	4	621.0	0.644122383252818
chr21	14	6	615.0	0.975609756097561
chr21	15	8	609.0	1.3136288998357963
chr21	16	12	606.0	1.9801980198019802
chr21	17	7	598.0	1.1705685618729096
chr21	18	4	591.0	0.676818950930626
chr21	19	14	587.0	2.385008517887564
chr21	20	4	579.0	0.690846286701209
chr21	21	9	569.0	1.5817223198594026
chr21	22	6	565.0	1.0619469026548671
chr21	23	4	556.0	0.7194244604316548
chr21	24	9	553.0	1.62748643761302
chr21	25	11	545.0	2.0183486238532113
chr21	26	2	538.0	0.37174721189591076
chr21	27	12	531.0	2.2598870056497176
chr21	28	11	529.0	2.0793950850661624
chr21	29	9	519.0	1.7341040462427744
chr21	30	5	510.0	0.9803921568627451
chr21	31	14	506.0	2.766798418972332
chr21	32	3	495.0	0.6060606060606061
chr21	33	4	490.0	0.8163265306122449
chr21	34	8	487.0	1.642710472279261
chr21	35	5	484.0	1.0330578512396695
chr21	36	9	474.0	1.89873417721519
chr21	37	11	467.0	2.355460385438972
chr21	38	1	462.0	0.21645021645021645
chr21	39	11	455.0	2.417582417582418
chr21	40	9	451.0	1.9955654101995564
chr21	41	6	444.0	1.3513513513513513
chr21	42	14	438.0	3.1963470319634704
chr21	43	7	431.0	1.6241299303944314
chr21	44	2	425.0	0.4705882352941176
chr21	45	1	424.0	0.2358490566037736
chr21	46	5	418.0	1.1961722488038278
chr21	47	10	414.0	2.4154589371980677
chr21	48	8	411.0	1.9464720194647203
chr21	49	3	404.0	0.7425742574257426
chr21	50	6	399.0	1.5037593984962405
chr21	51	11	392.0	2.806122448979592
chr21	52	9	390.0	2.307692307692308
chr21	53	4	377.0	1.0610079575596816
chr21	54	2	371.0	0.5390835579514826
chr21	55	6	361.0	1.662049861495845
chr21	56	10	352.0	2.840909090909091
chr21	57	6	347.0	1.729106628242075
chr21	58	6	340.0	1.7647058823529411
chr21	59	6	333.0	1.8018018018018018
chr21	60	2	325.0	0.6153846153846154
chr21	61	4	321.0	1.2461059190031152
chr21	62	7	315.0	2.2222222222222223
chr21	63	7	309.0	2.26537216828479
chr21	64	6	302.0	1.9867549668874174
chr21	65	2	295.0	0.6779661016949152
chr21	66	3	289.0	1.0380622837370241
chr21	67	7	284.0	2.464788732394366
chr21	68	5	275.0	1.8181818181818181
chr21	69	3	273.0	1.098901098901099
chr21	70	2	267.0	0.7490636704119851
chr21	71	3	263.0	1.1406844106463878
chr21	72	7	262.0	2.6717557251908395
chr21	73	5	252.0	1.984126984126984
chr21	74	1	248.0	0.4032258064516129
chr21	75	3	243.0	1.2345679012345678
chr21	76	5	234.0	2.1367521367521367
chr21	77	5	232.0	2.1551724137931036
chr21	78	1	228.0	0.43859649122807015
chr21	79	3	222.0	1.3513513513513513
chr21	80	4	214.0	1.8691588785046727
chr21	81	1	211.0	0.47393364928909953
chr21	82	4	206.0	1.9417475728155338
chr21	83	3	200.0	1.5
chr21	84	3	196.0	1.530612244897959
chr21	85	1	188.0	0.5319148936170213
chr21	86	0	181.0	0.0
chr21	87	1	172.0	0.5813953488372093
chr21	88	2	167.0	1.1976047904191618
chr21	89	3	161.0	1.8633540372670807
chr21	90	6	154.0	3.896103896103896
chr21	91	4	151.0	2.6490066225165565
chr21	92	1	150.0	0.6666666666666667
chr21	93	2	144.0	1.3888888888888888
chr21	94	2	139.0	1.4388489208633095
chr21	95	0	130.0	0.0
chr21	96	0	128.0	0.0
chr21	97	3	119.0	2.5210084033613445
chr21	98	0	116.0	0.0
chr21	99	3	110.0	2.727272727272727
chr21	100	3	99.0	3.0303030303030303
chr21	101	0	98.0	0.0
chr21	102	0	86.0	0.0
chr21	103	0	78.0	0.0
chr21	104	0	74.0	0.0
chr21	105	0	64.0	0.0
chr21	106	1	56.0	1.7857142857142856
chr21	107	0	49.0	0.0
chr21	108	0	46.0	0.0
chr21	109	0	42.0	0.0
chr21	110	0	36.0	0.0
chr21	111	0	33.0	0.0
chr21	112	0	32.0	0.0
chr21	113	1	25.0	4.0
chr21	114	0	21.0	0.0
chr21	115	0	17.0	0.0
chr21	116	0	13.0	0.0
chr21	117	0	6.0	0.0
chr21	118	0	0.0	nan
chr21	119	0	0.0	nan
chr21	120	0	0.0	nan
chr21	121	0	0.0	nan
chr21	122	0	0.0	nan
chr21	123	0	0.0	nan
chr21	124	0	0.0	nan
chr21	125	0	0.0	nan
chr21	126	0	0.0	nan
chr21	127	0	0.0	nan
chr21	128	0	0.0	nan
chr22	-132	0	1.0	0.0
chr22	-131	0	1.0	0.0
chr22	-130	0	1.0	0.0
chr22	-129	0	7.0	0.0
chr22	-128	0	18.0	0.0
chr22	-127	0	30.0	0.0
chr22	-126	0	42.0	0.0
chr22	-125	0	57.0	0.0
chr22	-124	1	70.0	1.4285714285714286
chr22	-123	0	85.0	0.0
chr22	-122	0	95.0	0.0
chr22	-121	0	112.0	0.0
chr22	-120	0	126.0	0.0
chr22	-119	0	137.0	0.0
chr22	-118	0	160.0	0.0
chr22	-117	1	182.0	0.5494505494505495
chr22	-116	1	197.0	0.5076142131979695
chr22	-115	0	210.0	0.0
chr22	-114	0	225.0	0.0
chr22	-113	0	234.0	0.0
chr22	-112	0	249.0	0.0
chr22	-111	1	262.0	0.38167938931297707
chr22	-110	0	285.0	0.0
chr22	-109	0	297.0	0.0
chr22	-108	0	314.0	0.0
chr22	-107	4	326.0	1.2269938650306749
chr22	-106	0	338.0	0.0
chr22	-105	0	355.0	0.0
chr22	-104	0	376.0	0.0
chr22	-103	1	396.0	0.25252525252525254
chr22	-102	1	409.0	0.24449877750611246
chr22	-101	0	427.0	0.0
chr22	-100	0	439.0	0.0
chr22	-99	3	454.0	0.6607929515418502
chr22	-98	1	466.0	0.2145922746781116
chr22	-97	1	475.0	0.21052631578947367
chr22	-96	0	492.0	0.0
chr22	-95	1	502.0	0.199203187250996
chr22	-94	1	519.0	0.1926782273603083
chr22	-93	4	531.0	0.7532956685499058
chr22	-92	3	547.0	0.5484460694698354
chr22	-91	0	562.0	0.0
chr22	-90	0	574.0	0.0
chr22	-89	0	590.0	0.0
chr22	-88	2	608.0	0.3289473684210526
chr22	-87	5	625.0	0.8
chr22	-86	0	641.0	0.0
chr22	-85	2	655.0	0.3053435114503817
chr22	-84	1	666.0	0.15015015015015015
chr22	-83	1	680.0	0.14705882352941177
chr22	-82	3	696.0	0.43103448275862066
chr22	-81	5	713.0	0.7012622720897616
chr22	-80	1	730.0	0.136986301369863
chr22	-79	0	752.0	0.0
chr22	-78	3	763.0	0.39318479685452157
chr22	-77	11	781.0	1.4084507042253522
chr22	-76	2	798.0	0.2506265664160401
chr22	-75	3	813.0	0.36900369003690037
chr22	-74	1	830.0	0.12048192771084339
chr22	-73	2	848.0	0.2358490566037736
chr22	-72	2	857.0	0.2333722287047841
chr22	-71	2	873.0	0.22909507445589922
chr22	-70	0	888.0	0.0
chr22	-69	5	905.0	0.5524861878453038
chr22	-68	6	923.0	0.6500541711809318
chr22	-67	4	941.0	0.4250797024442083
chr22	-66	0	958.0	0.0
chr22	-65	1	970.0	0.10309278350515465
chr22	-64	3	988.0	0.30364372469635625
chr22	-63	5	1008.0	0.496031746031746
chr22	-62	0	1024.0	0.0
chr22	-61	1	1038.0	0.09633911368015415
chr22	-60	4	1054.0	0.3795066413662239
chr22	-59	8	1061.0	0.7540056550424128
chr22	-58	14	1081.0	1.2950971322849214
chr22	-57	2	1088.0	0.1838235294117647
chr22	-56	2	1112.0	0.1798561151079137
chr22	-55	2	1127.0	0.1774622892635315
chr22	-54	7	1144.0	0.6118881118881119
chr22	-53	1	1159.0	0.08628127696289906
chr22	-52	1	1172.0	0.08532423208191127
chr22	-51	3	1195.0	0.2510460251046025
chr22	-50	4	1209.0	0.3308519437551696
chr22	-49	16	1228.0	1.3029315960912053
chr22	-48	5	1234.0	0.4051863857374392
chr22	-47	0	1245.0	0.0
chr22	-46	4	1255.0	0.3187250996015936
chr22	-45	4	1272.0	0.3144654088050315
chr22	-44	7	1282.0	0.5460218408736349
chr22	-43	4	1300.0	0.3076923076923077
chr22	-42	9	1315.0	0.6844106463878328
chr22	-41	13	1336.0	0.9730538922155689
chr22	-40	11	1357.0	0.8106116433308769
chr22	-39	6	1371.0	0.437636761487965
chr22	-38	2	1392.0	0.14367816091954022
chr22	-37	8	1404.0	0.5698005698005698
chr22	-36	3	1419.0	0.21141649048625794
chr22	-35	3	1441.0	0.2081887578070784
chr22	-34	3	1459.0	0.205620287868403
chr22	-33	6	1474.0	0.40705563093622793
chr22	-32	8	1491.0	0.5365526492287056
chr22	-31	6	1512.0	0.3968253968253968
chr22	-30	2	1528.0	0.13089005235602094
chr22	-29	3	1540.0	0.19480519480519481
chr22	-28	16	1553.0	1.03026400515132
chr22	-27	4	1571.0	0.2546148949713558
chr22	-26	5	1584.0	0.31565656565656564
chr22	-25	9	1602.0	0.5617977528089888
chr22	-24	3	1619.0	0.1852995676343422
chr22	-23	7	1641.0	0.42656916514320536
chr22	-22	9	1657.0	0.5431502715751357
chr22	-21	2	1672.0	0.11961722488038277
chr22	-20	5	1684.0	0.29691211401425177
chr22	-19	7	1698.0	0.4122497055359246
chr22	-18	4	1718.0	0.23282887077997672
chr22	-17	8	1730.0	0.46242774566473993
chr22	-16	20	1744.0	1.146788990825688
chr22	-15	11	1760.0	0.625
chr22	-14	7	1770.0	0.39548022598870053
chr22	-13	8	1794.0	0.4459308807134894
chr22	-12	10	1812.0	0.5518763796909493
chr22	-11	5	1816.0	0.27533039647577096
chr22	-10	4	1812.0	0.22075055187637968
chr22	-9	8	1812.0	0.44150110375275936
chr22	-8	8	1812.0	0.44150110375275936
chr22	-7	4	1812.0	0.22075055187637968
chr22	-6	4	1812.0	0.22075055187637968
chr22	-5	5	1829.0	0.2733734281027884
chr22	-4	5	1828.0	0.2735229759299781
chr22	-3	6	1828.0	0.3282275711159737
chr22	-2	7	1824.0	0.3837719298245614
chr22	-1	37	1824.0	2.0285087719298245
chr22	0	102	1747.0	5.838580423583286
chr22	1	11	1733.0	0.634737449509521
chr22	2	30	1718.0	1.7462165308498252
chr22	3	26	1705.0	1.5249266862170088
chr22	4	27	1684.0	1.6033254156769599
chr22	5	26	1664.0	1.5625
chr22	6	27	1649.0	1.637355973317162
chr22	7	18	1624.0	1.1083743842364533
chr22	8	28	1606.0	1.7434620174346203
chr22	9	21	1593.0	1.3182674199623352
chr22	10	20	1588.0	1.2594458438287155
chr22	11	22	1571.0	1.4003819223424572
chr22	12	22	1556.0	1.4138817480719794
chr22	13	16	1543.0	1.0369410239792611
chr22	14	26	1529.0	1.7004578155657293
chr22	15	23	1517.0	1.5161502966381015
chr22	16	20	1501.0	1.3324450366422385
chr22	17	25	1488.0	1.6801075268817203
chr22	18	20	1469.0	1.3614703880190604
chr22	19	24	1453.0	1.6517549896765313
chr22	20	18	1441.0	1.2491325468424705
chr22	21	14	1427.0	0.9810791871058164
chr22	22	23	1417.0	1.6231474947071278
chr22	23	16	1401.0	1.1420413990007139
chr22	24	15	1380.0	1.0869565217391304
chr22	25	17	1366.0	1.2445095168374818
chr22	26	13	1355.0	0.959409594095941
chr22	27	21	1339.0	1.568334578043316
chr22	28	16	1322.0	1.2102874432677762
chr22	29	20	1312.0	1.524390243902439
chr22	30	13	1296.0	1.0030864197530864
chr22	31	6	1283.0	0.46765393608729544
chr22	32	23	1268.0	1.8138801261829656
chr22	33	17	1256.0	1.3535031847133758
chr22	34	14	1234.0	1.1345218800648298
chr22	35	10	1218.0	0.8210180623973727
chr22	36	23	1202.0	1.913477537437604
chr22	37	17	1185.0	1.4345991561181435
chr22	38	15	1174.0	1.2776831345826234
chr22	39	15	1157.0	1.296456352636128
chr22	40	22	1144.0	1.9230769230769231
chr22	41	12	1124.0	1.0676156583629894
chr22	42	14	1110.0	1.2612612612612613
chr22	43	10	1098.0	0.9107468123861567
chr22	44	7	1086.0	0.6445672191528545
chr22	45	11	1070.0	1.0280373831775702
chr22	46	13	1051.0	1.236917221693625
chr22	47	15	1036.0	1.4478764478764479
chr22	48	10	1024.0	0.9765625
chr22	49	13	1007.0	1.2909632571996028
chr22	50	6	995.0	0.6030150753768844
chr22	51	9	974.0	0.9240246406570842
chr22	52	9	957.0	0.9404388714733543
chr22	53	14	937.0	1.4941302027748131
chr22	54	6	917.0	0.6543075245365322
chr22	55	13	905.0	1.4364640883977902
chr22	56	16	899.0	1.7797552836484982
chr22	57	15	884.0	1.6968325791855203
chr22	58	9	870.0	1.0344827586206897
chr22	59	11	859.0	1.2805587892898718
chr22	60	13	838.0	1.5513126491646778
chr22	61	6	821.0	0.730816077953715
chr22	62	11	806.0	1.3647642679900744
chr22	63	9	792.0	1.1363636363636365
chr22	64	13	777.0	1.673101673101673
chr22	65	10	756.0	1.3227513227513228
chr22	66	9	744.0	1.2096774193548387
chr22	67	11	722.0	1.5235457063711912
chr22	68	10	713.0	1.402524544179523
chr22	69	7	698.0	1.002865329512894
chr22	70	10	690.0	1.4492753623188406
chr22	71	9	680.0	1.3235294117647058
chr22	72	4	661.0	0.6051437216338881
chr22	73	8	651.0	1.228878648233487
chr22	74	11	634.0	1.7350157728706623
chr22	75	11	619.0	1.7770597738287561
chr22	76	8	604.0	1.3245033112582782
chr22	77	6	587.0	1.0221465076660987
chr22	78	3	574.0	0.5226480836236934
chr22	79	4	561.0	0.7130124777183601
chr22	80	4	553.0	0.7233273056057866
chr22	81	5	542.0	0.9225092250922509
chr22	82	4	532.0	0.7518796992481203
chr22	83	11	515.0	2.1359223300970873
chr22	84	4	504.0	0.7936507936507936
chr22	85	4	490.0	0.8163265306122449
chr22	86	9	476.0	1.8907563025210083
chr22	87	1	455.0	0.21978021978021978
chr22	88	5	434.0	1.1520737327188941
chr22	89	5	416.0	1.201923076923077
chr22	90	5	400.0	1.25
chr22	91	4	384.0	1.0416666666666665
chr22	92	5	366.0	1.366120218579235
chr22	93	4	345.0	1.1594202898550725
chr22	94	1	328.0	0.3048780487804878
chr22	95	5	316.0	1.5822784810126582
chr22	96	0	296.0	0.0
chr22	97	2	282.0	0.7092198581560284
chr22	98	2	271.0	0.7380073800738007
chr22	99	4	257.0	1.556420233463035
chr22	100	0	244.0	0.0
chr22	101	2	223.0	0.8968609865470852
chr22	102	3	214.0	1.4018691588785046
chr22	103	2	203.0	0.9852216748768473
chr22	104	2	191.0	1.0471204188481675
chr22	105	0	168.0	0.0
chr22	106	2	150.0	1.3333333333333335
chr22	107	2	138.0	1.4492753623188406
chr22	108	3	126.0	2.380952380952381
chr22	109	2	109.0	1.834862385321101
chr22	110	2	88.0	2.272727272727273
chr22	111	0	79.0	0.0
chr22	112	1	64.0	1.5625
chr22	113	0	48.0	0.0
chr22	114	0	36.0	0.0
chr22	115	1	20.0	5.0
chr22	116	1	13.0	7.6923076923076925
chr22	117	0	6.0	0.0
chr22	118	0	0.0	nan
chr22	119	0	0.0	nan
chr22	120	0	0.0	nan
chr22	121	0	0.0	nan
chr22	122	0	0.0	nan
chr22	123	0	0.0	nan
chr22	124	0	0.0	nan
chr22	125	0	0.0	nan
chr22	126	0	0.0	nan
chr22	127	0	0.0	nan
chr22	128	0	0.0	nan
chrX	-129	0	11.0	0.0
chrX	-128	0	20.0	0.0
chrX	-127	0	31.0	0.0
chrX	-126	0	39.0	0.0
chrX	-125	0	52.0	0.0
chrX	-124	0	63.0	0.0
chrX	-123	0	71.0	0.0
chrX	-122	0	79.0	0.0
chrX	-121	0	85.0	0.0
chrX	-120	0	102.0	0.0
chrX	-119	0	115.0	0.0
chrX	-118	1	129.0	0.7751937984496124
chrX	-117	0	147.0	0.0
chrX	-116	0	161.0	0.0
chrX	-115	0	183.0	0.0
chrX	-114	0	190.0	0.0
chrX	-113	0	201.0	0.0
chrX	-112	0	214.0	0.0
chrX	-111	0	225.0	0.0
chrX	-110	0	242.0	0.0
chrX	-109	0	255.0	0.0
chrX	-108	0	268.0	0.0
chrX	-107	0	279.0	0.0
chrX	-106	0	289.0	0.0
chrX	-105	0	299.0	0.0
chrX	-104	0	311.0	0.0
chrX	-103	1	319.0	0.3134796238244514
chrX	-102	0	334.0	0.0
chrX	-101	0	349.0	0.0
chrX	-100	1	365.0	0.273972602739726
chrX	-99	1	385.0	0.2597402597402597
chrX	-98	0	402.0	0.0
chrX	-97	0	419.0	0.0
chrX	-96	0	439.0	0.0
chrX	-95	0	455.0	0.0
chrX	-94	0	465.0	0.0
chrX	-93	5	479.0	1.0438413361169103
chrX	-92	1	489.0	0.2044989775051125
chrX	-91	0	501.0	0.0
chrX	-90	0	514.0	0.0
chrX	-89	0	535.0	0.0
chrX	-88	0	545.0	0.0
chrX	-87	0	557.0	0.0
chrX	-86	1	572.0	0.17482517482517482
chrX	-85	0	583.0	0.0
chrX	-84	1	599.0	0.1669449081803005
chrX	-83	1	613.0	0.1631321370309951
chrX	-82	0	625.0	0.0
chrX	-81	0	636.0	0.0
chrX	-80	3	642.0	0.46728971962616817
chrX	-79	2	658.0	0.303951367781155
chrX	-78	2	673.0	0.2971768202080238
chrX	-77	1	695.0	0.14388489208633093
chrX	-76	3	706.0	0.424929178470255
chrX	-75	1	715.0	0.13986013986013987
chrX	-74	1	736.0	0.1358695652173913
chrX	-73	7	752.0	0.9308510638297872
chrX	-72	1	764.0	0.13089005235602094
chrX	-71	0	773.0	0.0
chrX	-70	2	789.0	0.25348542458808615
chrX	-69	2	804.0	0.24875621890547264
chrX	-68	0	815.0	0.0
chrX	-67	1	828.0	0.12077294685990338
chrX	-66	1	836.0	0.11961722488038277
chrX	-65	0	845.0	0.0
chrX	-64	4	851.0	0.4700352526439483
chrX	-63	0	873.0	0.0
chrX	-62	2	880.0	0.22727272727272727
chrX	-61	1	885.0	0.11299435028248588
chrX	-60	1	900.0	0.1111111111111111
chrX	-59	2	917.0	0.21810250817884408
chrX	-58	1	926.0	0.10799136069114472
chrX	-57	2	950.0	0.21052631578947367
chrX	-56	0	960.0	0.0
chrX	-55	1	970.0	0.10309278350515465
chrX	-54	2	975.0	0.20512820512820512
chrX	-53	0	988.0	0.0
chrX	-52	4	1008.0	0.3968253968253968
chrX	-51	1	1019.0	0.09813542688910697
chrX	-50	2	1037.0	0.19286403085824494
chrX	-49	1	1054.0	0.09487666034155598
chrX	-48	1	1069.0	0.09354536950420954
chrX	-47	0	1074.0	0.0
chrX	-46	3	1086.0	0.2762430939226519
chrX	-45	2	1100.0	0.18181818181818182
chrX	-44	0	1112.0	0.0
chrX	-43	2	1126.0	0.17761989342806395
chrX	-42	2	1144.0	0.17482517482517482
chrX	-41	1	1152.0	0.08680555555555555
chrX	-40	2	1163.0	0.17196904557179707
chrX	-39	1	1177.0	0.08496176720475786
chrX	-38	2	1186.0	0.16863406408094433
chrX	-37	1	1202.0	0.08319467554076539
chrX	-36	2	1213.0	0.16488046166529266
chrX	-35	6	1230.0	0.4878048780487805
chrX	-34	5	1239.0	0.40355125100887806
chrX	-33	1	1253.0	0.07980845969672785
chrX	-32	2	1260.0	0.15873015873015872
chrX	-31	1	1266.0	0.07898894154818326
chrX	-30	3	1272.0	0.2358490566037736
chrX	-29	2	1289.0	0.1551590380139643
chrX	-28	3	1301.0	0.23059185242121444
chrX	-27	1	1311.0	0.07627765064836003
chrX	-26	1	1319.0	0.0758150113722517
chrX	-25	4	1327.0	0.30143180105501133
chrX	-24	0	1336.0	0.0
chrX	-23	12	1353.0	0.8869179600886918
chrX	-22	2	1363.0	0.1467351430667645
chrX	-21	5	1376.0	0.3633720930232558
chrX	-20	3	1381.0	0.2172338884866039
chrX	-19	6	1391.0	0.4313443565780014
chrX	-18	2	1399.0	0.14295925661186562
chrX	-17	2	1407.0	0.14214641080312723
chrX	-16	2	1422.0	0.14064697609001406
chrX	-15	2	1438.0	0.13908205841446453
chrX	-14	3	1454.0	0.20632737276478677
chrX	-13	13	1464.0	0.8879781420765027
chrX	-12	6	1474.0	0.40705563093622793
chrX	-11	4	1490.0	0.2684563758389262
chrX	-10	3	1498.0	0.20026702269692925
chrX	-9	3	1498.0	0.20026702269692925
chrX	-8	2	1498.0	0.13351134846461948
chrX	-7	6	1498.0	0.4005340453938585
chrX	-6	6	1498.0	0.4005340453938585
chrX	-5	7	1498.0	0.46728971962616817
chrX	-4	6	1498.0	0.4005340453938585
chrX	-3	6	1497.0	0.4008016032064128
chrX	-2	7	1493.0	0.46885465505693236
chrX	-1	18	1481.0	1.2153950033760972
chrX	0	119	1388.0	8.573487031700289
chrX	1	11	1387.0	0.7930785868781542
chrX	2	41	1377.0	2.9774872912127814
chrX	3	25	1359.0	1.839587932303164
chrX	4	22	1346.0	1.634472511144131
chrX	5	32	1335.0	2.397003745318352
chrX	6	22	1325.0	1.6603773584905661
chrX	7	15	1319.0	1.1372251705837757
chrX	8	20	1304.0	1.5337423312883436
chrX	9	22	1292.0	1.7027863777089782
chrX	10	14	1275.0	1.0980392156862746
chrX	11	16	1261.0	1.26883425852498
chrX	12	31	1250.0	2.48
chrX	13	27	1234.0	2.188006482982172
chrX	14	20	1229.0	1.627339300244101
chrX	15	16	1216.0	1.3157894736842104
chrX	16	16	1202.0	1.3311148086522462
chrX	17	22	1192.0	1.8456375838926176
chrX	18	7	1175.0	0.5957446808510638
chrX	19	20	1162.0	1.7211703958691909
chrX	20	15	1151.0	1.3032145960034751
chrX	21	11	1134.0	0.9700176366843033
chrX	22	30	1120.0	2.6785714285714284
chrX	23	18	1109.0	1.6230838593327321
chrX	24	16	1096.0	1.4598540145985401
chrX	25	11	1085.0	1.0138248847926268
chrX	26	17	1073.0	1.5843429636533086
chrX	27	15	1060.0	1.4150943396226416
chrX	28	11	1047.0	1.0506208213944603
chrX	29	18	1029.0	1.749271137026239
chrX	30	13	1014.0	1.282051282051282
chrX	31	11	1001.0	1.098901098901099
chrX	32	5	983.0	0.508646998982706
chrX	33	19	974.0	1.9507186858316223
chrX	34	10	959.0	1.0427528675703857
chrX	35	13	947.0	1.3727560718057021
chrX	36	6	936.0	0.641025641025641
chrX	37	13	924.0	1.406926406926407
chrX	38	9	904.0	0.995575221238938
chrX	39	12	888.0	1.3513513513513513
chrX	40	13	883.0	1.4722536806342015
chrX	41	13	869.0	1.4959723820483315
chrX	42	11	848.0	1.2971698113207548
chrX	43	12	838.0	1.431980906921241
chrX	44	8	824.0	0.9708737864077669
chrX	45	11	806.0	1.3647642679900744
chrX	46	3	795.0	0.37735849056603776
chrX	47	8	789.0	1.0139416983523446
chrX	48	10	779.0	1.2836970474967908
chrX	49	3	767.0	0.3911342894393742
chrX	50	12	753.0	1.593625498007968
chrX	51	4	740.0	0.5405405405405406
chrX	52	10	727.0	1.3755158184319118
chrX	53	11	709.0	1.5514809590973202
chrX	54	9	694.0	1.2968299711815563
chrX	55	10	678.0	1.4749262536873156
chrX	56	10	669.0	1.4947683109118086
chrX	57	6	661.0	0.9077155824508321
chrX	58	0	648.0	0.0
chrX	59	4	640.0	0.625
chrX	60	4	623.0	0.6420545746388443
chrX	61	15	614.0	2.44299674267101
chrX	62	4	608.0	0.6578947368421052
chrX	63	7	601.0	1.1647254575707155
chrX	64	10	589.0	1.697792869269949
chrX	65	2	575.0	0.34782608695652173
chrX	66	3	571.0	0.5253940455341506
chrX	67	8	558.0	1.4336917562724014
chrX	68	9	545.0	1.651376146788991
chrX	69	6	530.0	1.1320754716981132
chrX	70	4	522.0	0.7662835249042145
chrX	71	7	505.0	1.3861386138613863
chrX	72	7	496.0	1.411290322580645
chrX	73	4	487.0	0.8213552361396305
chrX	74	14	477.0	2.9350104821802936
chrX	75	7	466.0	1.502145922746781
chrX	76	4	452.0	0.8849557522123894
chrX	77	8	440.0	1.8181818181818181
chrX	78	3	427.0	0.702576112412178
chrX	79	11	407.0	2.7027027027027026
chrX	80	4	401.0	0.997506234413965
chrX	81	12	394.0	3.0456852791878175
chrX	82	3	379.0	0.79155672823219
chrX	83	4	367.0	1.08991825613079
chrX	84	4	356.0	1.1235955056179776
chrX	85	2	346.0	0.5780346820809248
chrX	86	4	332.0	1.2048192771084338
chrX	87	5	320.0	1.5625
chrX	88	4	309.0	1.2944983818770228
chrX	89	2	294.0	0.6802721088435374
chrX	90	7	286.0	2.4475524475524475
chrX	91	1	271.0	0.36900369003690037
chrX	92	4	256.0	1.5625
chrX	93	3	241.0	1.2448132780082988
chrX	94	2	230.0	0.8695652173913043
chrX	95	0	221.0	0.0
chrX	96	2	218.0	0.9174311926605505
chrX	97	1	205.0	0.4878048780487805
chrX	98	2	196.0	1.0204081632653061
chrX	99	1	181.0	0.5524861878453038
chrX	100	2	172.0	1.1627906976744187
chrX	101	0	163.0	0.0
chrX	102	2	155.0	1.2903225806451613
chrX	103	2	150.0	1.3333333333333335
chrX	104	1	139.0	0.7194244604316548
chrX	105	2	127.0	1.574803149606299
chrX	106	1	117.0	0.8547008547008548
chrX	107	1	105.0	0.9523809523809524
chrX	108	2	98.0	2.0408163265306123
chrX	109	0	89.0	0.0
chrX	110	0	83.0	0.0
chrX	111	2	73.0	2.73972602739726
chrX	112	0	62.0	0.0
chrX	113	3	50.0	6.0
chrX	114	0	36.0	0.0
chrX	115	0	25.0	0.0
chrX	116	0	14.0	0.0
chrX	117	0	4.0	0.0
chrX	118	0	0.0	nan
chrX	119	0	0.0	nan
chrX	120	0	0.0	nan
chrX	121	0	0.0	nan
chrX	122	0	0.0	nan
chrX	123	0	0.0	nan
chrX	124	0	0.0	nan
chrX	125	0	0.0	nan
chrX	126	0	0.0	nan
chrX	127	0	0.0	nan
chrX	128	0	0.0	nan
