chr1	-164	0	0.0	nan
chr1	-163	0	0.0	nan
chr1	-162	0	0.0	nan
chr1	-161	0	0.0	nan
chr1	-160	0	0.0	nan
chr1	-159	0	0.0	nan
chr1	-158	0	0.0	nan
chr1	-157	0	0.0	nan
chr1	-156	0	0.0	nan
chr1	-155	0	0.0	nan
chr1	-154	0	0.0	nan
chr1	-153	0	0.0	nan
chr1	-152	0	0.0	nan
chr1	-151	0	0.0	nan
chr1	-150	0	0.0	nan
chr1	-149	0	0.0	nan
chr1	-148	0	0.0	nan
chr1	-147	0	0.0	nan
chr1	-146	0	0.0	nan
chr1	-145	0	0.0	nan
chr1	-144	0	0.0	nan
chr1	-143	0	0.0	nan
chr1	-142	0	0.0	nan
chr1	-141	0	0.0	nan
chr1	-140	0	0.0	nan
chr1	-139	0	17.0	0.0
chr1	-138	0	19.0	0.0
chr1	-137	1	19.0	5.263157894736842
chr1	-136	0	23.0	0.0
chr1	-135	0	23.0	0.0
chr1	-134	0	28.0	0.0
chr1	-133	0	31.0	0.0
chr1	-132	0	37.0	0.0
chr1	-131	0	50.0	0.0
chr1	-130	0	85.0	0.0
chr1	-129	2	744.0	0.2688172043010753
chr1	-128	5	1700.0	0.29411764705882354
chr1	-127	3	2692.0	0.11144130757800891
chr1	-126	9	3847.0	0.23394853132310892
chr1	-125	10	5071.0	0.19719976336028394
chr1	-124	18	6383.0	0.28199906000313335
chr1	-123	18	7729.0	0.23288911890283348
chr1	-122	19	9120.0	0.20833333333333334
chr1	-121	21	10518.0	0.19965772960638906
chr1	-120	25	11881.0	0.21041999831664
chr1	-119	27	13173.0	0.20496470052379867
chr1	-118	35	14556.0	0.24045067326188513
chr1	-117	34	15994.0	0.21257971739402276
chr1	-116	32	17403.0	0.1838763431592254
chr1	-115	38	18821.0	0.20190213059879922
chr1	-114	40	20280.0	0.19723865877712032
chr1	-113	29	21776.0	0.13317413666421749
chr1	-112	53	23202.0	0.2284285837427808
chr1	-111	48	24659.0	0.19465509550265625
chr1	-110	67	26133.0	0.2563808211839437
chr1	-109	40	27500.0	0.14545454545454545
chr1	-108	62	28970.0	0.21401449775629963
chr1	-107	58	30433.0	0.19058259126605986
chr1	-106	81	31843.0	0.25437301761768677
chr1	-105	55	33304.0	0.16514532788854192
chr1	-104	68	34756.0	0.1956496719990793
chr1	-103	62	36158.0	0.1714696609325737
chr1	-102	50	37461.0	0.13347214436347135
chr1	-101	54	38900.0	0.13881748071979436
chr1	-100	87	40389.0	0.21540518457995989
chr1	-99	110	41889.0	0.2625987729475519
chr1	-98	99	43251.0	0.22889644170076992
chr1	-97	100	44714.0	0.22364360155655943
chr1	-96	81	46079.0	0.17578506478005165
chr1	-95	119	47455.0	0.25076388157201557
chr1	-94	90	48848.0	0.18424500491320012
chr1	-93	107	50282.0	0.21279980907680682
chr1	-92	72	51740.0	0.13915732508697334
chr1	-91	80	53160.0	0.15048908954100826
chr1	-90	112	54618.0	0.20506060273170018
chr1	-89	84	56076.0	0.1497967044725016
chr1	-88	90	57673.0	0.15605222547812667
chr1	-87	102	59091.0	0.17261511905366297
chr1	-86	124	60500.0	0.2049586776859504
chr1	-85	176	62002.0	0.2838618109093255
chr1	-84	137	63455.0	0.21590103222756282
chr1	-83	136	64926.0	0.2094692419061701
chr1	-82	221	66362.0	0.3330219101292909
chr1	-81	104	67747.0	0.1535123326494162
chr1	-80	181	69216.0	0.2615002311604253
chr1	-79	156	70693.0	0.22067248525313682
chr1	-78	151	72207.0	0.2091209993490936
chr1	-77	172	73628.0	0.23360678002933666
chr1	-76	121	75129.0	0.16105631646900664
chr1	-75	146	76600.0	0.1906005221932115
chr1	-74	133	78041.0	0.17042323906664444
chr1	-73	176	79506.0	0.22136694085980935
chr1	-72	156	80865.0	0.19291411611945836
chr1	-71	147	82255.0	0.17871254027110814
chr1	-70	155	83736.0	0.18510556988630936
chr1	-69	198	85174.0	0.2324653063141334
chr1	-68	179	86657.0	0.20656150109050628
chr1	-67	140	88085.0	0.15893739002100243
chr1	-66	160	89534.0	0.178703062523734
chr1	-65	190	90915.0	0.20898641588296762
chr1	-64	215	92329.0	0.2328629141439851
chr1	-63	208	93626.0	0.22216051096917525
chr1	-62	253	95033.0	0.26622331190218135
chr1	-61	136	96459.0	0.1409925460558372
chr1	-60	208	97975.0	0.21229905588160247
chr1	-59	200	99341.0	0.201326743237938
chr1	-58	278	100755.0	0.27591682794898514
chr1	-57	235	102213.0	0.2299120464128829
chr1	-56	282	103722.0	0.27188060392202235
chr1	-55	279	105100.0	0.2654614652711703
chr1	-54	235	106588.0	0.2204751003865351
chr1	-53	226	108077.0	0.20911017145183527
chr1	-52	273	109531.0	0.24924450612155463
chr1	-51	271	111020.0	0.24410016213294905
chr1	-50	227	112472.0	0.2018280105270645
chr1	-49	212	113904.0	0.18612164629863745
chr1	-48	329	115314.0	0.2853079417937111
chr1	-47	335	116712.0	0.2870313249708685
chr1	-46	343	118144.0	0.2903236728060672
chr1	-45	329	119587.0	0.2751135156831428
chr1	-44	254	121048.0	0.2098341153922411
chr1	-43	323	122446.0	0.26378975221730394
chr1	-42	362	123932.0	0.2920956653648775
chr1	-41	393	125302.0	0.31364224034732086
chr1	-40	417	126772.0	0.3289369892405263
chr1	-39	306	128245.0	0.23860579359819095
chr1	-38	367	129643.0	0.2830850875095455
chr1	-37	415	131088.0	0.3165812278774564
chr1	-36	389	132497.0	0.29359155301629475
chr1	-35	421	134043.0	0.3140783181516379
chr1	-34	391	135504.0	0.28855236745778723
chr1	-33	410	136914.0	0.29945805396088054
chr1	-32	374	138275.0	0.27047550171759177
chr1	-31	428	139721.0	0.3063247471747268
chr1	-30	430	141170.0	0.30459729404264363
chr1	-29	436	142485.0	0.30599712250412325
chr1	-28	418	143839.0	0.29060268772725056
chr1	-27	402	145195.0	0.2768690381900203
chr1	-26	345	146559.0	0.23540007778437352
chr1	-25	497	147935.0	0.33595836009058033
chr1	-24	563	149276.0	0.37715372866368335
chr1	-23	510	150659.0	0.3385128004301104
chr1	-22	440	152013.0	0.2894489287100446
chr1	-21	475	153395.0	0.309658072297011
chr1	-20	490	154818.0	0.31650066529731685
chr1	-19	405	156248.0	0.25920331780246786
chr1	-18	528	157728.0	0.33475349969567864
chr1	-17	618	159108.0	0.3884154159438872
chr1	-16	486	160405.0	0.3029830740937003
chr1	-15	558	161771.0	0.3449320335536036
chr1	-14	647	163119.0	0.39664294165609154
chr1	-13	725	164519.0	0.44067858423647116
chr1	-12	734	165870.0	0.4425152227648158
chr1	-11	556	167164.0	0.3326074992223206
chr1	-10	722	168556.0	0.4283442891383279
chr1	-9	828	168597.0	0.4911119414936209
chr1	-8	714	168634.0	0.4234021608928212
chr1	-7	900	168594.0	0.5338268265774583
chr1	-6	752	168544.0	0.4461742927662806
chr1	-5	812	168512.0	0.4818647930117736
chr1	-4	1044	168299.0	0.6203245414411256
chr1	-3	937	168107.0	0.5573830952904996
chr1	-2	1058	167981.0	0.6298331358903685
chr1	-1	1138	167668.0	0.6787222368012977
chr1	0	2405	163207.0	1.4735887553842666
chr1	1	1552	162030.0	0.957847312226131
chr1	2	1301	160706.0	0.8095528480579444
chr1	3	1387	159308.0	0.8706405202500817
chr1	4	1449	157851.0	0.9179542733337135
chr1	5	1265	156326.0	0.8092064020060642
chr1	6	1390	154928.0	0.8971909532169783
chr1	7	1320	153588.0	0.8594421439174935
chr1	8	1465	152153.0	0.9628466083481758
chr1	9	1364	150738.0	0.9048813172524514
chr1	10	1215	149267.0	0.8139776373880362
chr1	11	1415	147894.0	0.9567663326436502
chr1	12	1381	146445.0	0.9430161494076275
chr1	13	1242	144971.0	0.8567230687516812
chr1	14	1246	143495.0	0.8683229380814662
chr1	15	1106	141971.0	0.7790323375900713
chr1	16	1192	140552.0	0.8480846946325915
chr1	17	1100	139048.0	0.7910937230308958
chr1	18	1113	137676.0	0.8084197681513118
chr1	19	1178	136267.0	0.8644792943265793
chr1	20	1164	134879.0	0.8629957220916525
chr1	21	1050	133414.0	0.787023850570405
chr1	22	1113	132008.0	0.8431307193503425
chr1	23	1150	130564.0	0.8807940933182195
chr1	24	1098	129170.0	0.8500425795463343
chr1	25	901	127822.0	0.7048864827650952
chr1	26	1065	126391.0	0.8426232880505733
chr1	27	1006	124918.0	0.8053282953617574
chr1	28	1022	123512.0	0.8274499643759311
chr1	29	983	122128.0	0.8048932267784619
chr1	30	989	120644.0	0.8197672490965153
chr1	31	868	119326.0	0.7274190034024438
chr1	32	974	117886.0	0.8262219432332931
chr1	33	924	116489.0	0.7932079423808256
chr1	34	942	115089.0	0.8184969892865521
chr1	35	976	113630.0	0.8589280999735984
chr1	36	905	112210.0	0.8065234827555476
chr1	37	944	110795.0	0.8520240083036238
chr1	38	906	109338.0	0.8286231685232947
chr1	39	892	107827.0	0.8272510595676408
chr1	40	949	106356.0	0.8922862838015722
chr1	41	862	104914.0	0.821625331223669
chr1	42	843	103548.0	0.8141151929539924
chr1	43	804	102076.0	0.7876484188251891
chr1	44	804	100687.0	0.798514207395195
chr1	45	845	99218.0	0.8516599810518253
chr1	46	798	97806.0	0.8159008649776087
chr1	47	787	96467.0	0.8158230275638301
chr1	48	697	95030.0	0.7334525939177102
chr1	49	690	93530.0	0.7377312092376778
chr1	50	760	92104.0	0.8251541735429515
chr1	51	714	90590.0	0.7881664642896568
chr1	52	674	89098.0	0.7564704033760578
chr1	53	701	87618.0	0.8000639138076651
chr1	54	714	86169.0	0.8286042544302475
chr1	55	707	84801.0	0.8337165835308545
chr1	56	723	83395.0	0.8669584507464476
chr1	57	848	81975.0	1.034461726136017
chr1	58	608	80621.0	0.7541459421242604
chr1	59	676	79260.0	0.8528892253343427
chr1	60	621	77770.0	0.7985084222707985
chr1	61	664	76336.0	0.8698386082582268
chr1	62	641	74996.0	0.8547122513200704
chr1	63	614	73637.0	0.8338199546423672
chr1	64	592	72209.0	0.8198424019166586
chr1	65	615	70894.0	0.8674923124664993
chr1	66	556	69443.0	0.8006566536583961
chr1	67	585	68053.0	0.8596241164974359
chr1	68	590	66596.0	0.8859390954411677
chr1	69	540	65200.0	0.8282208588957056
chr1	70	559	63710.0	0.8774132789201068
chr1	71	554	62250.0	0.8899598393574298
chr1	72	515	60869.0	0.8460792850219324
chr1	73	541	59539.0	0.908648113001562
chr1	74	485	58106.0	0.8346814442570474
chr1	75	477	56671.0	0.8417003405621922
chr1	76	546	55291.0	0.9875024868423432
chr1	77	509	53771.0	0.9466069070688661
chr1	78	476	52413.0	0.9081716368076621
chr1	79	500	51000.0	0.9803921568627451
chr1	80	419	49644.0	0.8440093465474175
chr1	81	512	48239.0	1.061381869441738
chr1	82	425	46914.0	0.905912947094684
chr1	83	457	45537.0	1.0035795067747106
chr1	84	448	44126.0	1.0152744413724335
chr1	85	430	42700.0	1.0070257611241218
chr1	86	332	41256.0	0.8047314330036843
chr1	87	327	39849.0	0.8205977565309043
chr1	88	349	38398.0	0.9089015052867336
chr1	89	317	36972.0	0.8574056042410473
chr1	90	300	35570.0	0.843407365757661
chr1	91	258	34151.0	0.7554683611021639
chr1	92	297	32802.0	0.9054325955734407
chr1	93	245	31303.0	0.7826725872919528
chr1	94	268	29983.0	0.8938398425774605
chr1	95	250	28567.0	0.8751356460251338
chr1	96	247	27178.0	0.9088233129737288
chr1	97	233	25824.0	0.9022614622057001
chr1	98	243	24447.0	0.9939869922689901
chr1	99	265	23122.0	1.146094628492345
chr1	100	163	21834.0	0.7465420903178529
chr1	101	145	20553.0	0.705493115360288
chr1	102	160	19285.0	0.8296603577910292
chr1	103	143	17966.0	0.7959479015918958
chr1	104	158	16550.0	0.9546827794561934
chr1	105	134	15114.0	0.8865952097393146
chr1	106	155	13798.0	1.1233512103203362
chr1	107	122	12405.0	0.9834744054816605
chr1	108	95	11094.0	0.856318730845502
chr1	109	97	9723.0	0.9976344749562892
chr1	110	79	8460.0	0.9338061465721039
chr1	111	81	7175.0	1.1289198606271778
chr1	112	53	5948.0	0.8910558170813718
chr1	113	38	4730.0	0.8033826638477801
chr1	114	25	3571.0	0.7000840100812098
chr1	115	9	2516.0	0.3577106518282989
chr1	116	13	1508.0	0.8620689655172413
chr1	117	9	646.0	1.393188854489164
chr1	118	0	0.0	nan
chr1	119	0	0.0	nan
chr1	120	0	0.0	nan
chr1	121	0	0.0	nan
chr1	122	0	0.0	nan
chr1	123	0	0.0	nan
chr1	124	0	0.0	nan
chr1	125	0	0.0	nan
chr1	126	0	0.0	nan
chr1	127	0	0.0	nan
chr1	128	0	0.0	nan
chr1	129	0	0.0	nan
chr1	130	0	0.0	nan
chr1	131	0	0.0	nan
chr1	132	0	0.0	nan
chr1	133	0	0.0	nan
chr1	134	0	0.0	nan
chr1	135	0	0.0	nan
chr1	136	0	0.0	nan
chr1	137	0	0.0	nan
chr1	138	0	0.0	nan
chr1	139	0	0.0	nan
chr1	140	0	0.0	nan
chr1	141	0	0.0	nan
chr1	142	0	0.0	nan
chr1	143	0	0.0	nan
chr1	144	0	0.0	nan
chr1	145	0	0.0	nan
chr1	146	0	0.0	nan
chr1	147	0	0.0	nan
chr1	148	0	0.0	nan
chr1	149	0	0.0	nan
chr1	150	0	0.0	nan
chr1	151	0	0.0	nan
chr1	152	0	0.0	nan
chr1	153	0	0.0	nan
chr1	154	0	0.0	nan
chr1	155	0	0.0	nan
chr2	-134	0	2.0	0.0
chr2	-133	0	3.0	0.0
chr2	-132	0	3.0	0.0
chr2	-131	0	6.0	0.0
chr2	-130	0	20.0	0.0
chr2	-129	1	210.0	0.4761904761904762
chr2	-128	1	518.0	0.19305019305019305
chr2	-127	1	893.0	0.11198208286674133
chr2	-126	0	1274.0	0.0
chr2	-125	5	1711.0	0.29222676797194624
chr2	-124	6	2117.0	0.28341993386868214
chr2	-123	6	2580.0	0.23255813953488372
chr2	-122	8	3049.0	0.26238110856018365
chr2	-121	2	3509.0	0.05699629524080935
chr2	-120	5	3944.0	0.12677484787018256
chr2	-119	9	4401.0	0.2044989775051125
chr2	-118	14	4864.0	0.287828947368421
chr2	-117	6	5316.0	0.1128668171557562
chr2	-116	17	5789.0	0.29366039039557784
chr2	-115	23	6293.0	0.36548546003495946
chr2	-114	15	6836.0	0.21942656524283205
chr2	-113	11	7309.0	0.1504993843207005
chr2	-112	28	7791.0	0.3593890386343217
chr2	-111	30	8256.0	0.3633720930232558
chr2	-110	17	8765.0	0.19395322304620652
chr2	-109	10	9272.0	0.10785159620362382
chr2	-108	19	9733.0	0.1952121648001644
chr2	-107	22	10166.0	0.21640763328742868
chr2	-106	34	10680.0	0.31835205992509363
chr2	-105	13	11168.0	0.11640401146131805
chr2	-104	17	11657.0	0.14583512052843786
chr2	-103	11	12100.0	0.09090909090909091
chr2	-102	28	12587.0	0.22245173591801062
chr2	-101	16	13063.0	0.1224833499196203
chr2	-100	34	13538.0	0.25114492539518396
chr2	-99	29	14022.0	0.20681785765226074
chr2	-98	59	14515.0	0.40647605924905267
chr2	-97	23	14964.0	0.1537022186581128
chr2	-96	39	15442.0	0.2525579588136252
chr2	-95	24	15920.0	0.1507537688442211
chr2	-94	19	16363.0	0.11611562671881685
chr2	-93	36	16783.0	0.2145027706607877
chr2	-92	34	17297.0	0.1965658784760363
chr2	-91	22	17791.0	0.12365802934067786
chr2	-90	77	18327.0	0.4201451410487259
chr2	-89	41	18820.0	0.21785334750265675
chr2	-88	37	19261.0	0.1920980219095582
chr2	-87	30	19707.0	0.15223017202009437
chr2	-86	24	20197.0	0.11882952913799079
chr2	-85	29	20677.0	0.1402524544179523
chr2	-84	58	21216.0	0.2733785822021116
chr2	-83	68	21695.0	0.31343627563954823
chr2	-82	48	22147.0	0.21673364338285092
chr2	-81	56	22574.0	0.24807300434127755
chr2	-80	91	22993.0	0.3957726264515287
chr2	-79	23	23420.0	0.0982066609735269
chr2	-78	55	23887.0	0.2302507640138988
chr2	-77	90	24322.0	0.3700353589342982
chr2	-76	38	24819.0	0.15310850558040212
chr2	-75	46	25310.0	0.1817463453180561
chr2	-74	59	25803.0	0.228655582684184
chr2	-73	57	26224.0	0.2173581452104942
chr2	-72	58	26696.0	0.21726101288582558
chr2	-71	75	27193.0	0.27580627367337185
chr2	-70	71	27693.0	0.2563824793269057
chr2	-69	64	28169.0	0.22720011360005682
chr2	-68	54	28582.0	0.1889300958645301
chr2	-67	49	29025.0	0.16881998277347116
chr2	-66	92	29437.0	0.3125318476746951
chr2	-65	73	29873.0	0.24436782378736652
chr2	-64	63	30319.0	0.20779049440944622
chr2	-63	58	30770.0	0.18849528761780956
chr2	-62	69	31288.0	0.2205318332907185
chr2	-61	69	31758.0	0.2172680899300964
chr2	-60	109	32233.0	0.33816275245866034
chr2	-59	92	32765.0	0.28078742560659237
chr2	-58	51	33232.0	0.15346653827636014
chr2	-57	62	33683.0	0.18406911498381973
chr2	-56	81	34157.0	0.23714026407471384
chr2	-55	54	34678.0	0.15571832285598938
chr2	-54	48	35138.0	0.13660424611531677
chr2	-53	73	35583.0	0.2051541466430599
chr2	-52	93	36014.0	0.2582329094241128
chr2	-51	56	36479.0	0.1535129800707256
chr2	-50	68	36950.0	0.18403247631935046
chr2	-49	70	37409.0	0.18712074634446257
chr2	-48	126	37885.0	0.33258545598521844
chr2	-47	110	38348.0	0.28684677166996975
chr2	-46	146	38782.0	0.37646330772007636
chr2	-45	110	39284.0	0.2800122187149985
chr2	-44	101	39763.0	0.2540049795035586
chr2	-43	69	40270.0	0.171343431835113
chr2	-42	145	40719.0	0.3560991183477001
chr2	-41	111	41217.0	0.2693063541742485
chr2	-40	104	41676.0	0.24954410212112485
chr2	-39	122	42192.0	0.28915434205536594
chr2	-38	103	42615.0	0.24169893230083306
chr2	-37	102	43072.0	0.23681277860326894
chr2	-36	123	43543.0	0.2824793881909836
chr2	-35	106	43991.0	0.24095837785001478
chr2	-34	125	44455.0	0.2811832189854909
chr2	-33	115	44913.0	0.25605058668982256
chr2	-32	114	45373.0	0.25125074383443896
chr2	-31	129	45841.0	0.28140747365895163
chr2	-30	119	46346.0	0.2567643378069305
chr2	-29	119	46753.0	0.2545291211259171
chr2	-28	214	47214.0	0.45325539035031986
chr2	-27	108	47639.0	0.22670501060055837
chr2	-26	179	48006.0	0.372870057909428
chr2	-25	143	48489.0	0.2949122481387531
chr2	-24	206	48925.0	0.42105263157894735
chr2	-23	170	49365.0	0.34437354400891323
chr2	-22	143	49805.0	0.2871197670916575
chr2	-21	224	50216.0	0.4460729647920982
chr2	-20	158	50665.0	0.31185236356459095
chr2	-19	168	51156.0	0.3284072249589491
chr2	-18	224	51595.0	0.43415059598798333
chr2	-17	170	52039.0	0.3266780683717981
chr2	-16	147	52471.0	0.280154752148806
chr2	-15	159	52956.0	0.3002492635395423
chr2	-14	258	53353.0	0.48357168294191516
chr2	-13	201	53816.0	0.37349487141370596
chr2	-12	173	54282.0	0.3187060167274603
chr2	-11	200	54652.0	0.36595184073775894
chr2	-10	276	55079.0	0.5010984222661994
chr2	-9	201	55087.0	0.3648773757873909
chr2	-8	222	55058.0	0.4032111591412692
chr2	-7	330	55038.0	0.5995857407609287
chr2	-6	218	55049.0	0.3960108267180148
chr2	-5	249	55049.0	0.4523242929026867
chr2	-4	276	54886.0	0.5028604744379259
chr2	-3	251	54791.0	0.4581044332098337
chr2	-2	333	54736.0	0.6083747442268342
chr2	-1	473	54619.0	0.8659990113330527
chr2	0	934	53201.0	1.7556060976297436
chr2	1	563	52744.0	1.0674199908994386
chr2	2	469	52296.0	0.8968181122839224
chr2	3	462	51842.0	0.8911693221712126
chr2	4	412	51413.0	0.8013537432166962
chr2	5	393	50948.0	0.7713747350239459
chr2	6	469	50450.0	0.929633300297324
chr2	7	408	49982.0	0.816293865791685
chr2	8	400	49537.0	0.8074772392353191
chr2	9	477	49047.0	0.9725365465777723
chr2	10	447	48509.0	0.921478488527902
chr2	11	398	48074.0	0.8278903357324126
chr2	12	388	47594.0	0.8152288103542463
chr2	13	467	47079.0	0.9919497015654538
chr2	14	393	46582.0	0.8436735219612727
chr2	15	386	46041.0	0.8383831802089441
chr2	16	371	45580.0	0.813953488372093
chr2	17	435	45115.0	0.9642025933724926
chr2	18	329	44595.0	0.7377508689314946
chr2	19	403	44105.0	0.9137286021992972
chr2	20	396	43648.0	0.9072580645161291
chr2	21	344	43197.0	0.7963515984906359
chr2	22	365	42756.0	0.853681354663673
chr2	23	368	42221.0	0.8716041780156794
chr2	24	389	41736.0	0.9320490703469427
chr2	25	357	41255.0	0.8653496545873227
chr2	26	292	40792.0	0.7158266326730732
chr2	27	352	40350.0	0.872366790582404
chr2	28	318	39873.0	0.7975321646226771
chr2	29	287	39385.0	0.7287038212517456
chr2	30	302	38886.0	0.7766291210204186
chr2	31	290	38411.0	0.75499205956627
chr2	32	275	37899.0	0.7256128130029816
chr2	33	283	37471.0	0.7552507272290571
chr2	34	335	37008.0	0.9052096843925639
chr2	35	272	36540.0	0.7443897099069513
chr2	36	260	36076.0	0.7207007428761504
chr2	37	308	35571.0	0.8658738860307553
chr2	38	298	35117.0	0.8485918501010906
chr2	39	324	34614.0	0.93603744149766
chr2	40	309	34142.0	0.9050436412629606
chr2	41	277	33685.0	0.8223244767700757
chr2	42	263	33220.0	0.7916917519566526
chr2	43	293	32709.0	0.8957779204500291
chr2	44	290	32276.0	0.89850043375883
chr2	45	276	31830.0	0.8671065032987747
chr2	46	287	31449.0	0.9125886355686985
chr2	47	286	30992.0	0.9228187919463088
chr2	48	264	30584.0	0.8631964425843578
chr2	49	242	30123.0	0.8033728380307406
chr2	50	248	29700.0	0.8350168350168351
chr2	51	258	29250.0	0.882051282051282
chr2	52	239	28791.0	0.8301205237747907
chr2	53	217	28287.0	0.7671368473150211
chr2	54	224	27770.0	0.806625855239467
chr2	55	246	27283.0	0.9016603745922369
chr2	56	234	26805.0	0.8729714605484051
chr2	57	220	26392.0	0.8335859351318581
chr2	58	247	25922.0	0.9528585757271816
chr2	59	242	25453.0	0.9507720111578202
chr2	60	203	24984.0	0.8125200128081973
chr2	61	216	24570.0	0.8791208791208791
chr2	62	214	24135.0	0.8866790967474623
chr2	63	183	23744.0	0.7707210242587601
chr2	64	222	23279.0	0.9536492117358993
chr2	65	222	22823.0	0.9727029750690094
chr2	66	220	22361.0	0.9838558204015921
chr2	67	180	21884.0	0.8225187351489672
chr2	68	204	21416.0	0.9525588345162496
chr2	69	177	20912.0	0.8464039785768938
chr2	70	178	20462.0	0.8699051901084939
chr2	71	165	20014.0	0.824422903967223
chr2	72	191	19527.0	0.9781328417063553
chr2	73	180	19071.0	0.9438414346389806
chr2	74	185	18615.0	0.99382218640881
chr2	75	172	18188.0	0.9456784693204311
chr2	76	171	17730.0	0.9644670050761422
chr2	77	161	17227.0	0.9345794392523363
chr2	78	143	16748.0	0.8538332935275854
chr2	79	167	16307.0	1.0241000797203657
chr2	80	142	15882.0	0.8940939428283591
chr2	81	119	15452.0	0.7701268444214341
chr2	82	147	14975.0	0.981636060100167
chr2	83	145	14519.0	0.9986913699290586
chr2	84	109	14015.0	0.7777381377095969
chr2	85	108	13540.0	0.7976366322008863
chr2	86	110	13057.0	0.8424599831508003
chr2	87	117	12621.0	0.9270263845971001
chr2	88	106	12208.0	0.8682830930537353
chr2	89	131	11732.0	1.116604159563587
chr2	90	90	11297.0	0.796671682747632
chr2	91	107	10884.0	0.9830944505696435
chr2	92	100	10395.0	0.9620009620009621
chr2	93	68	9987.0	0.6808851506959047
chr2	94	94	9516.0	0.9878100042034469
chr2	95	77	9059.0	0.8499834418810023
chr2	96	71	8619.0	0.8237614572456201
chr2	97	82	8169.0	1.0037948341290244
chr2	98	59	7742.0	0.7620769826918109
chr2	99	75	7340.0	1.021798365122616
chr2	100	46	6930.0	0.6637806637806638
chr2	101	55	6470.0	0.8500772797527048
chr2	102	53	6085.0	0.8709942481511914
chr2	103	39	5637.0	0.6918573709419904
chr2	104	37	5222.0	0.7085407889697434
chr2	105	39	4777.0	0.8164119740422859
chr2	106	29	4361.0	0.6649850951616602
chr2	107	27	3918.0	0.6891271056661562
chr2	108	24	3486.0	0.6884681583476765
chr2	109	24	3093.0	0.7759456838021339
chr2	110	22	2631.0	0.8361839604713037
chr2	111	21	2255.0	0.9312638580931265
chr2	112	18	1837.0	0.979858464888405
chr2	113	19	1467.0	1.2951601908657124
chr2	114	7	1119.0	0.6255585344057194
chr2	115	5	760.0	0.6578947368421052
chr2	116	3	383.0	0.7832898172323759
chr2	117	2	167.0	1.1976047904191618
chr2	118	0	0.0	nan
chr2	119	0	0.0	nan
chr2	120	0	0.0	nan
chr2	121	0	0.0	nan
chr2	122	0	0.0	nan
chr2	123	0	0.0	nan
chr2	124	0	0.0	nan
chr2	125	0	0.0	nan
chr2	126	0	0.0	nan
chr2	127	0	0.0	nan
chr2	128	0	0.0	nan
chr2	129	0	0.0	nan
chr2	130	0	0.0	nan
chr2	131	0	0.0	nan
chr2	132	0	0.0	nan
chr2	133	0	0.0	nan
chr2	134	0	0.0	nan
chr2	135	0	0.0	nan
chr2	136	0	0.0	nan
chr2	137	0	0.0	nan
chr2	138	0	0.0	nan
chr2	139	0	0.0	nan
chr2	140	0	0.0	nan
chr2	141	0	0.0	nan
chr2	142	0	0.0	nan
chr12	-141	0	0.0	nan
chr12	-140	0	0.0	nan
chr12	-139	0	1.0	0.0
chr12	-138	0	1.0	0.0
chr12	-137	0	1.0	0.0
chr12	-136	0	2.0	0.0
chr12	-135	0	3.0	0.0
chr12	-134	0	4.0	0.0
chr12	-133	0	6.0	0.0
chr12	-132	0	7.0	0.0
chr12	-131	0	15.0	0.0
chr12	-130	0	20.0	0.0
chr12	-129	0	125.0	0.0
chr12	-128	0	317.0	0.0
chr12	-127	3	560.0	0.5357142857142857
chr12	-126	2	767.0	0.2607561929595828
chr12	-125	0	1014.0	0.0
chr12	-124	0	1276.0	0.0
chr12	-123	3	1530.0	0.19607843137254902
chr12	-122	2	1780.0	0.11235955056179776
chr12	-121	11	2019.0	0.5448241703813769
chr12	-120	6	2327.0	0.25784271594327457
chr12	-119	6	2597.0	0.23103581055063535
chr12	-118	5	2884.0	0.17337031900138697
chr12	-117	2	3176.0	0.06297229219143577
chr12	-116	2	3442.0	0.058105752469494475
chr12	-115	9	3725.0	0.24161073825503354
chr12	-114	9	4018.0	0.22399203583872573
chr12	-113	5	4305.0	0.11614401858304298
chr12	-112	10	4544.0	0.22007042253521128
chr12	-111	19	4806.0	0.39533915938410324
chr12	-110	3	5082.0	0.05903187721369539
chr12	-109	12	5327.0	0.22526750516238034
chr12	-108	9	5562.0	0.16181229773462785
chr12	-107	11	5818.0	0.18906840838776212
chr12	-106	9	6069.0	0.14829461196243204
chr12	-105	25	6337.0	0.394508442480669
chr12	-104	18	6621.0	0.2718622564567286
chr12	-103	8	6881.0	0.11626217119604708
chr12	-102	9	7173.0	0.12547051442910914
chr12	-101	14	7456.0	0.18776824034334763
chr12	-100	11	7733.0	0.1422475106685633
chr12	-99	18	7996.0	0.22511255627813906
chr12	-98	13	8260.0	0.15738498789346247
chr12	-97	16	8529.0	0.1875952632196037
chr12	-96	7	8804.0	0.07950931394820536
chr12	-95	10	9113.0	0.10973334796444639
chr12	-94	31	9393.0	0.33003300330033003
chr12	-93	16	9655.0	0.1657172449508027
chr12	-92	24	9927.0	0.24176488365064974
chr12	-91	22	10233.0	0.21499071630997754
chr12	-90	24	10561.0	0.22725120727203865
chr12	-89	21	10836.0	0.1937984496124031
chr12	-88	22	11092.0	0.1983411467724486
chr12	-87	24	11346.0	0.21152829190904282
chr12	-86	47	11596.0	0.4053121766126251
chr12	-85	47	11923.0	0.39419609158768765
chr12	-84	62	12259.0	0.5057508769067623
chr12	-83	22	12485.0	0.1762114537444934
chr12	-82	31	12757.0	0.24300384102845496
chr12	-81	22	13022.0	0.16894486254031638
chr12	-80	36	13307.0	0.2705343052528744
chr12	-79	20	13573.0	0.1473513593162897
chr12	-78	32	13852.0	0.23101357204735778
chr12	-77	35	14124.0	0.24780515434721043
chr12	-76	25	14372.0	0.17394934595045924
chr12	-75	25	14623.0	0.17096355057101825
chr12	-74	23	14923.0	0.15412450579642162
chr12	-73	36	15231.0	0.23636005515067954
chr12	-72	21	15517.0	0.13533543855126634
chr12	-71	25	15797.0	0.15825789706906376
chr12	-70	30	16062.0	0.1867762420620097
chr12	-69	36	16359.0	0.22006235099944985
chr12	-68	43	16633.0	0.2585222148740456
chr12	-67	37	16922.0	0.2186502777449474
chr12	-66	40	17186.0	0.2327475852438031
chr12	-65	31	17506.0	0.17708214326516622
chr12	-64	60	17755.0	0.33793297662630245
chr12	-63	56	18060.0	0.31007751937984496
chr12	-62	30	18302.0	0.1639165118566277
chr12	-61	32	18591.0	0.17212629767091603
chr12	-60	56	18830.0	0.29739776951672864
chr12	-59	43	19126.0	0.22482484575969885
chr12	-58	42	19412.0	0.21636101380589326
chr12	-57	27	19702.0	0.1370419246776977
chr12	-56	44	19935.0	0.22071733132681212
chr12	-55	32	20188.0	0.1585100059441252
chr12	-54	91	20437.0	0.4452708323139404
chr12	-53	42	20699.0	0.2029083530605343
chr12	-52	41	20977.0	0.19545216189159556
chr12	-51	54	21219.0	0.25448890145624203
chr12	-50	37	21462.0	0.1723977262137732
chr12	-49	38	21708.0	0.17505067256311038
chr12	-48	37	22014.0	0.1680748614518034
chr12	-47	44	22308.0	0.19723865877712032
chr12	-46	56	22571.0	0.24810597669576007
chr12	-45	62	22896.0	0.2707896575821104
chr12	-44	93	23199.0	0.40087934824776933
chr12	-43	50	23487.0	0.21288372291054627
chr12	-42	48	23771.0	0.2019267174287998
chr12	-41	68	23998.0	0.283356946412201
chr12	-40	41	24331.0	0.16850930911183262
chr12	-39	54	24640.0	0.21915584415584413
chr12	-38	66	24939.0	0.26464573559485144
chr12	-37	72	25180.0	0.2859412231930103
chr12	-36	89	25467.0	0.34947186555149806
chr12	-35	57	25764.0	0.22123893805309736
chr12	-34	74	26042.0	0.28415636279855616
chr12	-33	70	26325.0	0.26590693257359926
chr12	-32	47	26619.0	0.17656561102971563
chr12	-31	45	26901.0	0.16728002676480427
chr12	-30	71	27193.0	0.26109660574412535
chr12	-29	101	27476.0	0.3675935361770272
chr12	-28	109	27742.0	0.39290606300915576
chr12	-27	120	28054.0	0.42774648891423683
chr12	-26	89	28348.0	0.31395512910963735
chr12	-25	100	28589.0	0.3497848822973871
chr12	-24	108	28869.0	0.3741037098617895
chr12	-23	119	29135.0	0.408443452891711
chr12	-22	73	29421.0	0.24812208966384555
chr12	-21	75	29789.0	0.25177078787471885
chr12	-20	59	30043.0	0.19638518124022236
chr12	-19	75	30331.0	0.24727176815799015
chr12	-18	95	30586.0	0.3105996207415157
chr12	-17	100	30831.0	0.3243488696441893
chr12	-16	113	31105.0	0.3632856453946311
chr12	-15	120	31405.0	0.3821047603884732
chr12	-14	159	31658.0	0.5022427190599532
chr12	-13	127	31907.0	0.39803177986021876
chr12	-12	88	32157.0	0.2736573685356221
chr12	-11	127	32363.0	0.39242344652844297
chr12	-10	153	32605.0	0.4692531820272964
chr12	-9	123	32607.0	0.3772196154200018
chr12	-8	168	32630.0	0.5148636224333435
chr12	-7	145	32631.0	0.44436272256443254
chr12	-6	158	32630.0	0.48421697824088267
chr12	-5	180	32629.0	0.5516565018848263
chr12	-4	197	32555.0	0.6051297803716787
chr12	-3	235	32506.0	0.722943456592629
chr12	-2	218	32457.0	0.6716578858181594
chr12	-1	190	32384.0	0.5867094861660079
chr12	0	483	31494.0	1.5336254524671367
chr12	1	288	31228.0	0.9222492634814909
chr12	2	305	31014.0	0.9834268394918424
chr12	3	252	30753.0	0.8194322505121452
chr12	4	311	30486.0	1.0201403923112247
chr12	5	243	30217.0	0.8041830757520602
chr12	6	286	29900.0	0.9565217391304347
chr12	7	285	29622.0	0.9621227466072514
chr12	8	249	29262.0	0.8509329505843757
chr12	9	292	29037.0	1.005613527568275
chr12	10	298	28796.0	1.0348659536046674
chr12	11	238	28496.0	0.8352049410443572
chr12	12	290	28205.0	1.0281864917567807
chr12	13	290	27935.0	1.0381242169321638
chr12	14	238	27669.0	0.860168419530883
chr12	15	235	27423.0	0.8569449002661998
chr12	16	272	27116.0	1.0030978020356984
chr12	17	215	26850.0	0.8007448789571695
chr12	18	222	26600.0	0.8345864661654135
chr12	19	216	26344.0	0.8199210446401458
chr12	20	203	26089.0	0.778105715052321
chr12	21	193	25812.0	0.7477142414380908
chr12	22	257	25556.0	1.0056346846141806
chr12	23	207	25258.0	0.819542323224325
chr12	24	217	24970.0	0.8690428514217061
chr12	25	205	24711.0	0.8295900611063899
chr12	26	205	24468.0	0.8378290011443518
chr12	27	234	24183.0	0.9676218831410495
chr12	28	215	23881.0	0.9002973074829362
chr12	29	187	23649.0	0.790731109137807
chr12	30	179	23352.0	0.7665296334361082
chr12	31	167	23072.0	0.7238210818307906
chr12	32	185	22803.0	0.8112967591983511
chr12	33	187	22513.0	0.8306311908674988
chr12	34	193	22224.0	0.8684305255579554
chr12	35	199	21951.0	0.9065646212017676
chr12	36	170	21696.0	0.7835545722713864
chr12	37	196	21383.0	0.9166160033671609
chr12	38	159	21090.0	0.7539118065433854
chr12	39	153	20793.0	0.7358245563410764
chr12	40	177	20494.0	0.8636674148531278
chr12	41	157	20224.0	0.7763053797468354
chr12	42	174	19967.0	0.8714378724896079
chr12	43	132	19680.0	0.6707317073170732
chr12	44	198	19382.0	1.0215664018161181
chr12	45	161	19125.0	0.841830065359477
chr12	46	182	18871.0	0.9644427958242807
chr12	47	157	18623.0	0.8430435483004886
chr12	48	150	18372.0	0.8164598301763554
chr12	49	129	18089.0	0.7131405826745536
chr12	50	204	17798.0	1.1461962018204293
chr12	51	152	17569.0	0.8651602253970061
chr12	52	155	17289.0	0.8965238012609172
chr12	53	185	17022.0	1.0868288097755845
chr12	54	119	16696.0	0.7127455678006709
chr12	55	129	16397.0	0.7867292797462951
chr12	56	115	16133.0	0.7128246451372962
chr12	57	140	15846.0	0.8835037233371198
chr12	58	150	15570.0	0.9633911368015413
chr12	59	140	15288.0	0.9157509157509158
chr12	60	112	15014.0	0.7459704276009058
chr12	61	112	14749.0	0.7593735168485999
chr12	62	152	14498.0	1.0484204717892123
chr12	63	153	14181.0	1.0789083985614556
chr12	64	142	13913.0	1.020628189463092
chr12	65	104	13641.0	0.7624074481343011
chr12	66	123	13401.0	0.9178419520931274
chr12	67	123	13092.0	0.9395050412465628
chr12	68	120	12841.0	0.9345066583599407
chr12	69	108	12593.0	0.8576193123163662
chr12	70	111	12322.0	0.9008277876968025
chr12	71	90	12083.0	0.7448481337416204
chr12	72	101	11837.0	0.8532567373489905
chr12	73	89	11567.0	0.7694302757845596
chr12	74	97	11318.0	0.8570418801908465
chr12	75	92	11064.0	0.8315256688358641
chr12	76	75	10790.0	0.6950880444856349
chr12	77	111	10557.0	1.0514350667803354
chr12	78	71	10291.0	0.6899232338936935
chr12	79	97	10039.0	0.966231696384102
chr12	80	118	9743.0	1.211125936569845
chr12	81	77	9443.0	0.815418828762046
chr12	82	85	9177.0	0.9262286150158003
chr12	83	108	8869.0	1.2177246589243433
chr12	84	78	8560.0	0.9112149532710281
chr12	85	83	8271.0	1.0035062265747792
chr12	86	72	8009.0	0.8989886377824947
chr12	87	60	7748.0	0.7743933918430563
chr12	88	66	7497.0	0.8803521408563426
chr12	89	65	7223.0	0.8999030873598228
chr12	90	57	6950.0	0.8201438848920862
chr12	91	68	6696.0	1.015531660692951
chr12	92	60	6386.0	0.9395552771688067
chr12	93	69	6139.0	1.1239615572568822
chr12	94	43	5862.0	0.7335380416240191
chr12	95	43	5572.0	0.7717157214644652
chr12	96	51	5311.0	0.9602711353794013
chr12	97	49	5051.0	0.9701049297168878
chr12	98	39	4758.0	0.819672131147541
chr12	99	31	4492.0	0.6901157613535174
chr12	100	38	4228.0	0.8987701040681173
chr12	101	28	3942.0	0.7102993404363267
chr12	102	33	3691.0	0.8940666486047142
chr12	103	32	3443.0	0.9294220156839965
chr12	104	33	3186.0	1.0357815442561207
chr12	105	34	2902.0	1.1716057891109581
chr12	106	24	2600.0	0.9230769230769231
chr12	107	14	2287.0	0.6121556624398776
chr12	108	24	2061.0	1.1644832605531297
chr12	109	15	1792.0	0.8370535714285714
chr12	110	16	1558.0	1.0269576379974326
chr12	111	14	1295.0	1.0810810810810811
chr12	112	8	1062.0	0.7532956685499058
chr12	113	12	820.0	1.4634146341463417
chr12	114	5	619.0	0.8077544426494345
chr12	115	4	433.0	0.9237875288683602
chr12	116	3	237.0	1.2658227848101267
chr12	117	2	95.0	2.1052631578947367
chr12	118	0	0.0	nan
chr12	119	0	0.0	nan
chr12	120	0	0.0	nan
chr12	121	0	0.0	nan
chr12	122	0	0.0	nan
chr12	123	0	0.0	nan
chr12	124	0	0.0	nan
chr12	125	0	0.0	nan
chr12	126	0	0.0	nan
chr12	127	0	0.0	nan
chr12	128	0	0.0	nan
chr12	129	0	0.0	nan
chr12	130	0	0.0	nan
chr12	131	0	0.0	nan
chr12	132	0	0.0	nan
chr12	133	0	0.0	nan
chr12	134	0	0.0	nan
chr12	135	0	0.0	nan
chr12	136	0	0.0	nan
chr12	137	0	0.0	nan
chr12	138	0	0.0	nan
chr12	139	0	0.0	nan
chr12	140	0	0.0	nan
chr12	141	0	0.0	nan
chr12	142	0	0.0	nan
chr12	143	0	0.0	nan
chr12	144	0	0.0	nan
chr12	145	0	0.0	nan
chr12	146	0	0.0	nan
chr12	147	0	0.0	nan
chr12	148	0	0.0	nan
chr12	149	0	0.0	nan
chr12	150	0	0.0	nan
chr12	151	0	0.0	nan
chr13	-141	0	0.0	nan
chr13	-140	0	0.0	nan
chr13	-139	0	2.0	0.0
chr13	-138	0	2.0	0.0
chr13	-137	0	2.0	0.0
chr13	-136	0	2.0	0.0
chr13	-135	0	2.0	0.0
chr13	-134	0	4.0	0.0
chr13	-133	0	4.0	0.0
chr13	-132	0	4.0	0.0
chr13	-131	0	8.0	0.0
chr13	-130	0	16.0	0.0
chr13	-129	0	89.0	0.0
chr13	-128	2	187.0	1.06951871657754
chr13	-127	0	274.0	0.0
chr13	-126	1	390.0	0.2564102564102564
chr13	-125	1	504.0	0.1984126984126984
chr13	-124	5	615.0	0.8130081300813009
chr13	-123	3	779.0	0.38510911424903727
chr13	-122	2	914.0	0.2188183807439825
chr13	-121	6	1053.0	0.5698005698005698
chr13	-120	5	1189.0	0.42052144659377627
chr13	-119	1	1353.0	0.07390983000739099
chr13	-118	3	1497.0	0.2004008016032064
chr13	-117	1	1632.0	0.061274509803921566
chr13	-116	6	1769.0	0.3391746749576032
chr13	-115	0	1922.0	0.0
chr13	-114	5	2063.0	0.24236548715462916
chr13	-113	4	2215.0	0.1805869074492099
chr13	-112	2	2368.0	0.08445945945945946
chr13	-111	3	2504.0	0.11980830670926518
chr13	-110	9	2644.0	0.340393343419062
chr13	-109	6	2798.0	0.21443888491779842
chr13	-108	5	2927.0	0.17082336863682954
chr13	-107	18	3067.0	0.58689272905119
chr13	-106	10	3207.0	0.3118178983473652
chr13	-105	8	3327.0	0.24045686804929364
chr13	-104	4	3485.0	0.11477761836441894
chr13	-103	5	3670.0	0.13623978201634876
chr13	-102	10	3822.0	0.2616431187859759
chr13	-101	10	3985.0	0.2509410288582183
chr13	-100	2	4144.0	0.04826254826254826
chr13	-99	12	4288.0	0.2798507462686567
chr13	-98	24	4423.0	0.5426181324892607
chr13	-97	10	4597.0	0.21753317380900586
chr13	-96	5	4767.0	0.10488777008600797
chr13	-95	12	4919.0	0.24395202276885547
chr13	-94	1	5066.0	0.01973943939992104
chr13	-93	4	5222.0	0.07659900421294523
chr13	-92	7	5379.0	0.13013571295779885
chr13	-91	18	5545.0	0.3246167718665464
chr13	-90	8	5701.0	0.1403262585511314
chr13	-89	9	5844.0	0.1540041067761807
chr13	-88	12	5996.0	0.20013342228152103
chr13	-87	10	6124.0	0.16329196603527107
chr13	-86	8	6289.0	0.12720623310542217
chr13	-85	12	6432.0	0.18656716417910446
chr13	-84	24	6565.0	0.36557501904036555
chr13	-83	7	6735.0	0.10393466963622866
chr13	-82	21	6897.0	0.3044802087864289
chr13	-81	18	7031.0	0.2560091025458683
chr13	-80	23	7151.0	0.3216333379946861
chr13	-79	10	7293.0	0.13711778417660772
chr13	-78	8	7448.0	0.10741138560687433
chr13	-77	18	7608.0	0.23659305993690852
chr13	-76	19	7750.0	0.24516129032258063
chr13	-75	7	7901.0	0.08859638020503734
chr13	-74	27	8042.0	0.3357373787615021
chr13	-73	9	8223.0	0.10944910616563297
chr13	-72	21	8369.0	0.2509260365635082
chr13	-71	6	8527.0	0.07036472381845901
chr13	-70	18	8673.0	0.20754064337599448
chr13	-69	10	8826.0	0.11330160888284614
chr13	-68	38	8999.0	0.4222691410156684
chr13	-67	21	9135.0	0.22988505747126436
chr13	-66	16	9270.0	0.1725997842502697
chr13	-65	12	9401.0	0.12764599510690353
chr13	-64	8	9536.0	0.08389261744966443
chr13	-63	35	9678.0	0.3616449679685886
chr13	-62	44	9823.0	0.4479283314669653
chr13	-61	17	9987.0	0.17022128767397618
chr13	-60	11	10144.0	0.1084384858044164
chr13	-59	11	10286.0	0.10694147384794866
chr13	-58	23	10414.0	0.22085653927405416
chr13	-57	41	10566.0	0.3880371001325005
chr13	-56	20	10712.0	0.18670649738610903
chr13	-55	45	10866.0	0.41413583655438985
chr13	-54	24	11023.0	0.21772657171368956
chr13	-53	40	11179.0	0.3578137579389927
chr13	-52	37	11338.0	0.3263362144999118
chr13	-51	38	11480.0	0.3310104529616725
chr13	-50	33	11624.0	0.28389538885065385
chr13	-49	16	11765.0	0.13599660008499787
chr13	-48	36	11895.0	0.3026481715006305
chr13	-47	40	12023.0	0.33269566663894207
chr13	-46	33	12177.0	0.27100271002710025
chr13	-45	26	12345.0	0.21061158363710003
chr13	-44	17	12522.0	0.13576106053346113
chr13	-43	27	12662.0	0.2132364555362502
chr13	-42	28	12823.0	0.2183576386181081
chr13	-41	47	12958.0	0.36271029479858
chr13	-40	32	13098.0	0.24431210871888837
chr13	-39	29	13243.0	0.21898361398474667
chr13	-38	27	13353.0	0.20220175241518762
chr13	-37	58	13521.0	0.42896235485541007
chr13	-36	22	13663.0	0.1610188099246139
chr13	-35	52	13824.0	0.3761574074074074
chr13	-34	59	13972.0	0.4222731176638992
chr13	-33	68	14125.0	0.48141592920353987
chr13	-32	57	14283.0	0.39907582440663725
chr13	-31	90	14394.0	0.6252605252188412
chr13	-30	27	14526.0	0.18587360594795538
chr13	-29	34	14660.0	0.2319236016371078
chr13	-28	55	14807.0	0.37144593773215373
chr13	-27	21	14958.0	0.14039310068190936
chr13	-26	88	15091.0	0.5831290172950765
chr13	-25	70	15216.0	0.46004206098843325
chr13	-24	47	15338.0	0.3064284782892163
chr13	-23	46	15466.0	0.29742661321608693
chr13	-22	36	15626.0	0.230385255343658
chr13	-21	50	15763.0	0.3171985028230667
chr13	-20	51	15910.0	0.32055311125078567
chr13	-19	53	16022.0	0.3307951566595931
chr13	-18	58	16131.0	0.3595561341516335
chr13	-17	47	16282.0	0.2886623264955165
chr13	-16	109	16390.0	0.665039658328249
chr13	-15	70	16521.0	0.4237031656679378
chr13	-14	101	16688.0	0.6052253116011506
chr13	-13	96	16828.0	0.570477775136677
chr13	-12	91	16966.0	0.5363668513497584
chr13	-11	48	17095.0	0.2807838549283416
chr13	-10	55	17218.0	0.31943315135323497
chr13	-9	74	17236.0	0.42933395219308423
chr13	-8	64	17218.0	0.37170403066558255
chr13	-7	84	17237.0	0.48732378024018097
chr13	-6	93	17239.0	0.5394744474737514
chr13	-5	81	17236.0	0.4699466233464841
chr13	-4	118	17141.0	0.6884079108570095
chr13	-3	86	17136.0	0.5018674136321195
chr13	-2	105	17108.0	0.613747954173486
chr13	-1	81	17058.0	0.47485051002462186
chr13	0	222	16532.0	1.3428502298572464
chr13	1	139	16437.0	0.8456530997140598
chr13	2	138	16337.0	0.8447083307828855
chr13	3	131	16172.0	0.8100420479841701
chr13	4	142	16076.0	0.8833043045533715
chr13	5	147	15913.0	0.9237730157732672
chr13	6	172	15761.0	1.0913013133684413
chr13	7	137	15588.0	0.8788811906594817
chr13	8	175	15433.0	1.133933778267349
chr13	9	107	15287.0	0.6999411264473082
chr13	10	119	15171.0	0.7843912728231494
chr13	11	183	15019.0	1.218456621612624
chr13	12	144	14895.0	0.9667673716012084
chr13	13	156	14712.0	1.0603588907014683
chr13	14	134	14530.0	0.9222298692360633
chr13	15	144	14426.0	0.9981976985997504
chr13	16	121	14277.0	0.8475169853610702
chr13	17	117	14119.0	0.8286705857355336
chr13	18	129	13994.0	0.921823638702301
chr13	19	121	13836.0	0.8745302110436541
chr13	20	127	13706.0	0.9266014883992412
chr13	21	125	13559.0	0.9218968950512574
chr13	22	112	13418.0	0.8346996571769264
chr13	23	105	13279.0	0.790722192936215
chr13	24	136	13085.0	1.0393580435613299
chr13	25	135	12920.0	1.044891640866873
chr13	26	105	12783.0	0.8214034264257217
chr13	27	119	12623.0	0.9427235997781827
chr13	28	93	12482.0	0.7450729049831757
chr13	29	98	12317.0	0.7956482909799464
chr13	30	136	12165.0	1.1179613645704891
chr13	31	143	12014.0	1.1902780089895122
chr13	32	124	11873.0	1.0443864229765014
chr13	33	96	11726.0	0.8186935016203309
chr13	34	131	11571.0	1.1321406965690088
chr13	35	114	11418.0	0.9984235417761429
chr13	36	79	11275.0	0.7006651884700665
chr13	37	86	11094.0	0.7751937984496124
chr13	38	116	10971.0	1.0573329687357578
chr13	39	90	10827.0	0.8312551953449709
chr13	40	101	10670.0	0.9465791940018744
chr13	41	84	10536.0	0.7972665148063782
chr13	42	90	10396.0	0.865717583686033
chr13	43	82	10266.0	0.7987531657899863
chr13	44	79	10128.0	0.7800157977883095
chr13	45	68	9953.0	0.6832110921330252
chr13	46	93	9827.0	0.9463722397476341
chr13	47	96	9696.0	0.9900990099009901
chr13	48	80	9576.0	0.835421888053467
chr13	49	89	9415.0	0.9453000531067445
chr13	50	111	9253.0	1.1996109369934076
chr13	51	82	9091.0	0.9019909800901991
chr13	52	99	8957.0	1.1052807859774478
chr13	53	101	8793.0	1.1486409644035027
chr13	54	90	8642.0	1.0414255959268688
chr13	55	102	8485.0	1.202121390689452
chr13	56	95	8364.0	1.135820181731229
chr13	57	73	8230.0	0.8869987849331714
chr13	58	61	8063.0	0.7565422299392286
chr13	59	69	7909.0	0.8724238209634593
chr13	60	75	7737.0	0.9693679720822024
chr13	61	82	7612.0	1.0772464529689962
chr13	62	76	7476.0	1.0165864098448367
chr13	63	70	7352.0	0.9521218715995647
chr13	64	75	7204.0	1.0410882842865075
chr13	65	72	7035.0	1.023454157782516
chr13	66	67	6889.0	0.9725649586296995
chr13	67	59	6736.0	0.8758907363420427
chr13	68	61	6592.0	0.9253640776699028
chr13	69	71	6466.0	1.098051345499536
chr13	70	71	6341.0	1.1196972086421701
chr13	71	69	6195.0	1.1138014527845037
chr13	72	61	6049.0	1.0084311456439081
chr13	73	58	5907.0	0.9818858980870154
chr13	74	43	5738.0	0.7493900313698153
chr13	75	50	5580.0	0.8960573476702508
chr13	76	59	5442.0	1.0841602352076443
chr13	77	60	5294.0	1.1333585190782016
chr13	78	43	5146.0	0.8356004663816555
chr13	79	55	5022.0	1.0951812027080845
chr13	80	54	4873.0	1.1081469320746973
chr13	81	61	4737.0	1.2877348532826685
chr13	82	37	4603.0	0.8038235933087118
chr13	83	40	4456.0	0.8976660682226212
chr13	84	28	4293.0	0.6522245515956208
chr13	85	40	4128.0	0.9689922480620154
chr13	86	29	3991.0	0.726634928589326
chr13	87	37	3882.0	0.95311695002576
chr13	88	42	3743.0	1.12209457654288
chr13	89	42	3568.0	1.1771300448430493
chr13	90	35	3461.0	1.0112684195319273
chr13	91	23	3322.0	0.6923540036122818
chr13	92	37	3176.0	1.1649874055415617
chr13	93	29	3023.0	0.9593119417796889
chr13	94	21	2867.0	0.7324729682595047
chr13	95	22	2731.0	0.8055657268399854
chr13	96	26	2591.0	1.0034735623311464
chr13	97	24	2454.0	0.9779951100244498
chr13	98	15	2355.0	0.6369426751592357
chr13	99	15	2236.0	0.6708407871198568
chr13	100	19	2099.0	0.9051929490233445
chr13	101	13	1964.0	0.6619144602851323
chr13	102	19	1820.0	1.0439560439560438
chr13	103	20	1691.0	1.1827321111768185
chr13	104	11	1581.0	0.6957621758380772
chr13	105	16	1472.0	1.0869565217391304
chr13	106	10	1332.0	0.7507507507507507
chr13	107	7	1176.0	0.5952380952380952
chr13	108	9	1057.0	0.8514664143803218
chr13	109	5	944.0	0.5296610169491525
chr13	110	5	820.0	0.6097560975609756
chr13	111	9	675.0	1.3333333333333335
chr13	112	3	575.0	0.5217391304347827
chr13	113	0	449.0	0.0
chr13	114	3	331.0	0.906344410876133
chr13	115	4	235.0	1.702127659574468
chr13	116	2	124.0	1.6129032258064515
chr13	117	0	61.0	0.0
chr13	118	0	0.0	nan
chr13	119	0	0.0	nan
chr13	120	0	0.0	nan
chr13	121	0	0.0	nan
chr13	122	0	0.0	nan
chr13	123	0	0.0	nan
chr13	124	0	0.0	nan
chr13	125	0	0.0	nan
chr13	126	0	0.0	nan
chr13	127	0	0.0	nan
chr13	128	0	0.0	nan
chr13	129	0	0.0	nan
chr13	130	0	0.0	nan
chr13	131	0	0.0	nan
chr13	132	0	0.0	nan
chr13	133	0	0.0	nan
chr13	134	0	0.0	nan
chr13	135	0	0.0	nan
chr13	136	0	0.0	nan
chr13	137	0	0.0	nan
chr13	138	0	0.0	nan
chr13	139	0	0.0	nan
chr13	140	0	0.0	nan
chr13	141	0	0.0	nan
chr13	142	0	0.0	nan
chr13	143	0	0.0	nan
chr13	144	0	0.0	nan
chr13	145	0	0.0	nan
chr13	146	0	0.0	nan
chr13	147	0	0.0	nan
chr13	148	0	0.0	nan
chr13	149	0	0.0	nan
chr13	150	0	0.0	nan
chr13	151	0	0.0	nan
chr13	152	0	0.0	nan
chr14	-147	0	0.0	nan
chr14	-146	0	0.0	nan
chr14	-145	0	0.0	nan
chr14	-144	0	0.0	nan
chr14	-143	0	0.0	nan
chr14	-142	0	0.0	nan
chr14	-141	0	0.0	nan
chr14	-140	0	0.0	nan
chr14	-139	0	7.0	0.0
chr14	-138	0	7.0	0.0
chr14	-137	0	7.0	0.0
chr14	-136	0	7.0	0.0
chr14	-135	0	8.0	0.0
chr14	-134	0	8.0	0.0
chr14	-133	0	8.0	0.0
chr14	-132	0	8.0	0.0
chr14	-131	0	9.0	0.0
chr14	-130	0	15.0	0.0
chr14	-129	1	141.0	0.7092198581560284
chr14	-128	1	272.0	0.3676470588235294
chr14	-127	0	456.0	0.0
chr14	-126	1	641.0	0.15600624024961
chr14	-125	3	844.0	0.35545023696682465
chr14	-124	10	1082.0	0.9242144177449169
chr14	-123	4	1342.0	0.29806259314456035
chr14	-122	3	1617.0	0.1855287569573284
chr14	-121	1	1848.0	0.05411255411255411
chr14	-120	7	2098.0	0.3336510962821735
chr14	-119	1	2373.0	0.04214075010535188
chr14	-118	5	2596.0	0.1926040061633282
chr14	-117	12	2826.0	0.42462845010615713
chr14	-116	8	3091.0	0.2588159171789065
chr14	-115	7	3351.0	0.20889286780065652
chr14	-114	11	3598.0	0.3057254030016676
chr14	-113	3	3838.0	0.0781657113079729
chr14	-112	7	4078.0	0.17165277096615988
chr14	-111	1	4316.0	0.023169601482854494
chr14	-110	3	4560.0	0.06578947368421052
chr14	-109	9	4825.0	0.18652849740932642
chr14	-108	10	5085.0	0.19665683382497542
chr14	-107	13	5295.0	0.24551463644948063
chr14	-106	20	5569.0	0.3591309032142216
chr14	-105	8	5830.0	0.13722126929674097
chr14	-104	10	6080.0	0.1644736842105263
chr14	-103	10	6307.0	0.15855398763278897
chr14	-102	13	6545.0	0.19862490450725745
chr14	-101	15	6772.0	0.22150029533372714
chr14	-100	41	7044.0	0.5820556501987507
chr14	-99	13	7307.0	0.17791159162446968
chr14	-98	13	7541.0	0.17239092958493568
chr14	-97	8	7865.0	0.101716465352829
chr14	-96	21	8140.0	0.25798525798525795
chr14	-95	19	8405.0	0.22605591909577633
chr14	-94	16	8666.0	0.18462958689129935
chr14	-93	14	8893.0	0.15742718992465984
chr14	-92	8	9188.0	0.087070091423596
chr14	-91	25	9412.0	0.2656183595410115
chr14	-90	26	9695.0	0.26817947395564723
chr14	-89	29	9940.0	0.2917505030181087
chr14	-88	17	10170.0	0.16715830875122908
chr14	-87	20	10367.0	0.1929198418057297
chr14	-86	44	10609.0	0.41474220001885187
chr14	-85	31	10867.0	0.2852673230882488
chr14	-84	17	11101.0	0.1531393568147014
chr14	-83	20	11334.0	0.1764602082230457
chr14	-82	34	11592.0	0.29330572808833677
chr14	-81	14	11824.0	0.11840324763193505
chr14	-80	25	12096.0	0.20667989417989416
chr14	-79	18	12322.0	0.1460801817886707
chr14	-78	29	12586.0	0.2304147465437788
chr14	-77	12	12846.0	0.09341429238673517
chr14	-76	15	13094.0	0.1145562853215213
chr14	-75	31	13349.0	0.23222713311858567
chr14	-74	24	13606.0	0.17639276789651626
chr14	-73	29	13870.0	0.20908435472242248
chr14	-72	31	14108.0	0.2197334845477743
chr14	-71	36	14336.0	0.25111607142857145
chr14	-70	32	14574.0	0.21956909564978727
chr14	-69	39	14848.0	0.2626616379310345
chr14	-68	47	15098.0	0.3112995098688568
chr14	-67	47	15362.0	0.3059497461268064
chr14	-66	26	15601.0	0.16665598359079545
chr14	-65	20	15845.0	0.12622278321236985
chr14	-64	20	16094.0	0.12426991425375916
chr14	-63	38	16350.0	0.23241590214067276
chr14	-62	35	16581.0	0.21108497678065255
chr14	-61	51	16807.0	0.3034449931576129
chr14	-60	41	17031.0	0.2407374787152839
chr14	-59	45	17308.0	0.25999537785994914
chr14	-58	31	17559.0	0.17654763938720883
chr14	-57	59	17803.0	0.3314048194124586
chr14	-56	67	18054.0	0.3711088955356154
chr14	-55	31	18290.0	0.1694915254237288
chr14	-54	43	18567.0	0.23159368772553454
chr14	-53	83	18838.0	0.44059878968043314
chr14	-52	53	19111.0	0.27732719376275444
chr14	-51	50	19366.0	0.25818444696891457
chr14	-50	27	19573.0	0.13794512849333265
chr14	-49	30	19839.0	0.15121729925903524
chr14	-48	51	20092.0	0.25383237109297235
chr14	-47	45	20296.0	0.22171856523452899
chr14	-46	58	20560.0	0.2821011673151751
chr14	-45	31	20776.0	0.14921062764728532
chr14	-44	54	21025.0	0.25683709869203325
chr14	-43	89	21261.0	0.4186068388128498
chr14	-42	43	21515.0	0.19986056239832675
chr14	-41	47	21768.0	0.2159132671811834
chr14	-40	33	22035.0	0.14976174268209666
chr14	-39	97	22320.0	0.43458781362007165
chr14	-38	55	22557.0	0.24382675001108303
chr14	-37	52	22845.0	0.22762092361567082
chr14	-36	67	23110.0	0.2899177845088706
chr14	-35	46	23351.0	0.19699370476639116
chr14	-34	45	23585.0	0.19079923680305277
chr14	-33	54	23852.0	0.22639610934093576
chr14	-32	98	24073.0	0.40709508578075027
chr14	-31	58	24330.0	0.2383888203863543
chr14	-30	75	24579.0	0.3051385328939339
chr14	-29	68	24843.0	0.2737189550376363
chr14	-28	64	25084.0	0.2551427204592569
chr14	-27	71	25358.0	0.2799905355311933
chr14	-26	70	25613.0	0.2732987154960372
chr14	-25	70	25842.0	0.27087686711554837
chr14	-24	81	26053.0	0.31090469427705064
chr14	-23	99	26277.0	0.37675533736727934
chr14	-22	105	26535.0	0.395703787450537
chr14	-21	86	26794.0	0.32096738075688586
chr14	-20	91	27039.0	0.3365509079477791
chr14	-19	65	27266.0	0.23839213672705936
chr14	-18	87	27510.0	0.31624863685932386
chr14	-17	83	27753.0	0.29906676755666056
chr14	-16	135	28006.0	0.4820395629507963
chr14	-15	128	28263.0	0.4528889360648197
chr14	-14	101	28507.0	0.3542989441189883
chr14	-13	145	28750.0	0.5043478260869565
chr14	-12	124	28946.0	0.4283838872383058
chr14	-11	128	29204.0	0.43829612381865496
chr14	-10	83	29459.0	0.2817475134933297
chr14	-9	116	29462.0	0.39372751340710066
chr14	-8	132	29459.0	0.4480803829050545
chr14	-7	178	29463.0	0.6041475749244816
chr14	-6	144	29471.0	0.48861592752197075
chr14	-5	122	29462.0	0.4140927296178128
chr14	-4	137	29409.0	0.46584378931619574
chr14	-3	183	29376.0	0.6229575163398693
chr14	-2	168	29345.0	0.5724995740330551
chr14	-1	173	29333.0	0.5897794293116967
chr14	0	448	28453.0	1.5745264119776472
chr14	1	257	28181.0	0.9119619601859409
chr14	2	201	27975.0	0.7184986595174263
chr14	3	221	27720.0	0.7972582972582973
chr14	4	257	27458.0	0.9359749435501493
chr14	5	243	27211.0	0.8930212046598803
chr14	6	304	26912.0	1.1296076099881094
chr14	7	239	26680.0	0.8958020989505248
chr14	8	253	26455.0	0.9563409563409564
chr14	9	240	26179.0	0.9167653462699109
chr14	10	248	25927.0	0.9565318008253945
chr14	11	227	25669.0	0.8843351903073747
chr14	12	251	25390.0	0.9885781803859788
chr14	13	219	25148.0	0.8708445999681883
chr14	14	241	24897.0	0.9679881110173917
chr14	15	256	24643.0	1.0388345574808262
chr14	16	217	24396.0	0.8894900803410395
chr14	17	211	24140.0	0.8740679370339686
chr14	18	213	23891.0	0.8915491189150726
chr14	19	190	23626.0	0.8041987640734783
chr14	20	219	23381.0	0.9366579701467003
chr14	21	245	23150.0	1.0583153347732182
chr14	22	244	22879.0	1.0664801783294724
chr14	23	150	22614.0	0.6633059166887768
chr14	24	191	22372.0	0.8537457536205972
chr14	25	178	22115.0	0.8048835631924033
chr14	26	173	21872.0	0.7909656181419166
chr14	27	154	21641.0	0.7116122175500208
chr14	28	177	21406.0	0.8268709707558629
chr14	29	188	21151.0	0.8888468630324808
chr14	30	168	20890.0	0.8042125418860698
chr14	31	192	20603.0	0.9319031209047226
chr14	32	170	20338.0	0.8358737338971384
chr14	33	176	20070.0	0.8769307424015944
chr14	34	155	19848.0	0.7809351068117695
chr14	35	164	19624.0	0.8357113738279657
chr14	36	157	19362.0	0.8108666460076439
chr14	37	178	19138.0	0.9300867384261678
chr14	38	219	18859.0	1.1612492709051383
chr14	39	136	18557.0	0.7328770814247992
chr14	40	171	18344.0	0.9321849105974704
chr14	41	152	18137.0	0.8380658322765617
chr14	42	182	17898.0	1.016873393675271
chr14	43	155	17662.0	0.8775903068735137
chr14	44	119	17441.0	0.682300326816123
chr14	45	129	17201.0	0.7499563978838439
chr14	46	166	16985.0	0.9773329408301442
chr14	47	130	16730.0	0.7770472205618649
chr14	48	122	16472.0	0.7406508013598835
chr14	49	140	16252.0	0.8614324390844204
chr14	50	135	15981.0	0.8447531443589262
chr14	51	101	15726.0	0.6422485056594175
chr14	52	159	15470.0	1.0277957336780865
chr14	53	118	15229.0	0.7748374811215444
chr14	54	102	14949.0	0.6823198876179009
chr14	55	142	14725.0	0.9643463497453311
chr14	56	155	14495.0	1.0693342531907555
chr14	57	134	14286.0	0.9379812403751926
chr14	58	158	14053.0	1.124315092862734
chr14	59	112	13780.0	0.8127721335268505
chr14	60	106	13545.0	0.7825765965300849
chr14	61	130	13277.0	0.9791368532047903
chr14	62	99	13050.0	0.7586206896551724
chr14	63	104	12812.0	0.8117389946924758
chr14	64	112	12561.0	0.891648754080089
chr14	65	99	12311.0	0.8041588823003818
chr14	66	111	12133.0	0.914860298359845
chr14	67	119	11851.0	1.004134672179563
chr14	68	104	11610.0	0.8957795004306632
chr14	69	104	11358.0	0.9156541644655749
chr14	70	113	11097.0	1.0182932324051546
chr14	71	87	10870.0	0.8003679852805888
chr14	72	83	10595.0	0.7833883907503539
chr14	73	73	10350.0	0.7053140096618358
chr14	74	97	10087.0	0.961633786061267
chr14	75	56	9827.0	0.5698585529663173
chr14	76	80	9584.0	0.8347245409015025
chr14	77	86	9329.0	0.9218565762675528
chr14	78	81	9126.0	0.8875739644970414
chr14	79	67	8886.0	0.7539950483907271
chr14	80	67	8673.0	0.7725123947884238
chr14	81	67	8445.0	0.793368857312019
chr14	82	85	8207.0	1.0357012306567563
chr14	83	88	7996.0	1.1005502751375689
chr14	84	59	7730.0	0.7632600258732213
chr14	85	70	7484.0	0.935328701229289
chr14	86	58	7227.0	0.8025460080254602
chr14	87	67	6969.0	0.9614004878748744
chr14	88	67	6731.0	0.995394443619076
chr14	89	67	6468.0	1.0358688930117501
chr14	90	50	6179.0	0.8091924259588931
chr14	91	39	5952.0	0.655241935483871
chr14	92	53	5692.0	0.9311314125087842
chr14	93	41	5481.0	0.7480386790731619
chr14	94	47	5270.0	0.8918406072106262
chr14	95	35	5017.0	0.6976280645804266
chr14	96	31	4747.0	0.6530440278070361
chr14	97	52	4514.0	1.1519716437749226
chr14	98	30	4286.0	0.6999533364442371
chr14	99	31	4008.0	0.7734530938123753
chr14	100	29	3789.0	0.7653734494589601
chr14	101	28	3559.0	0.7867378477100309
chr14	102	27	3322.0	0.8127633955448524
chr14	103	15	3064.0	0.489556135770235
chr14	104	20	2883.0	0.693721817551162
chr14	105	30	2646.0	1.1337868480725624
chr14	106	19	2395.0	0.7933194154488519
chr14	107	13	2166.0	0.6001846722068329
chr14	108	19	1933.0	0.9829280910501811
chr14	109	15	1683.0	0.8912655971479502
chr14	110	18	1472.0	1.2228260869565217
chr14	111	11	1234.0	0.8914100486223663
chr14	112	5	996.0	0.5020080321285141
chr14	113	10	779.0	1.2836970474967908
chr14	114	7	584.0	1.1986301369863013
chr14	115	4	413.0	0.9685230024213075
chr14	116	7	240.0	2.9166666666666665
chr14	117	1	102.0	0.9803921568627451
chr14	118	0	0.0	nan
chr14	119	0	0.0	nan
chr14	120	0	0.0	nan
chr14	121	0	0.0	nan
chr14	122	0	0.0	nan
chr14	123	0	0.0	nan
chr14	124	0	0.0	nan
chr14	125	0	0.0	nan
chr14	126	0	0.0	nan
chr14	127	0	0.0	nan
chr14	128	0	0.0	nan
chr14	129	0	0.0	nan
chr14	130	0	0.0	nan
chr14	131	0	0.0	nan
chr14	132	0	0.0	nan
chr14	133	0	0.0	nan
chr14	134	0	0.0	nan
chr14	135	0	0.0	nan
chr14	136	0	0.0	nan
chr14	137	0	0.0	nan
chr14	138	0	0.0	nan
chr14	139	0	0.0	nan
chr14	140	0	0.0	nan
chr14	141	0	0.0	nan
chr14	142	0	0.0	nan
chr14	143	0	0.0	nan
chr14	144	0	0.0	nan
chr14	145	0	0.0	nan
chr14	146	0	0.0	nan
chr14	147	0	0.0	nan
chr14	148	0	0.0	nan
chr14	149	0	0.0	nan
chr14	150	0	0.0	nan
chr14	151	0	0.0	nan
chr14	152	0	0.0	nan
chr14	153	0	0.0	nan
chr14	154	0	0.0	nan
chr14	155	0	0.0	nan
chr14	156	0	0.0	nan
chr15	-161	0	0.0	nan
chr15	-160	0	0.0	nan
chr15	-159	0	0.0	nan
chr15	-158	0	0.0	nan
chr15	-157	0	0.0	nan
chr15	-156	0	0.0	nan
chr15	-155	0	0.0	nan
chr15	-154	0	0.0	nan
chr15	-153	0	0.0	nan
chr15	-152	0	0.0	nan
chr15	-151	0	0.0	nan
chr15	-150	0	0.0	nan
chr15	-149	0	0.0	nan
chr15	-148	0	0.0	nan
chr15	-147	0	0.0	nan
chr15	-146	0	0.0	nan
chr15	-145	0	0.0	nan
chr15	-144	0	0.0	nan
chr15	-143	0	0.0	nan
chr15	-142	0	0.0	nan
chr15	-141	0	0.0	nan
chr15	-140	0	0.0	nan
chr15	-139	0	3.0	0.0
chr15	-138	0	4.0	0.0
chr15	-137	0	4.0	0.0
chr15	-136	0	4.0	0.0
chr15	-135	0	4.0	0.0
chr15	-134	0	4.0	0.0
chr15	-133	0	6.0	0.0
chr15	-132	0	7.0	0.0
chr15	-131	0	8.0	0.0
chr15	-130	0	13.0	0.0
chr15	-129	1	112.0	0.8928571428571428
chr15	-128	0	249.0	0.0
chr15	-127	0	397.0	0.0
chr15	-126	0	538.0	0.0
chr15	-125	1	685.0	0.145985401459854
chr15	-124	2	882.0	0.22675736961451248
chr15	-123	5	1050.0	0.4761904761904762
chr15	-122	2	1206.0	0.16583747927031509
chr15	-121	2	1436.0	0.1392757660167131
chr15	-120	4	1619.0	0.24706609017912293
chr15	-119	7	1815.0	0.3856749311294766
chr15	-118	4	1987.0	0.20130850528434827
chr15	-117	1	2192.0	0.04562043795620438
chr15	-116	6	2423.0	0.24762690879075525
chr15	-115	1	2621.0	0.03815337657382679
chr15	-114	2	2816.0	0.07102272727272728
chr15	-113	12	3004.0	0.3994673768308922
chr15	-112	16	3203.0	0.4995316890415236
chr15	-111	9	3368.0	0.2672209026128266
chr15	-110	2	3525.0	0.05673758865248227
chr15	-109	3	3722.0	0.08060182697474476
chr15	-108	4	3925.0	0.1019108280254777
chr15	-107	3	4092.0	0.07331378299120235
chr15	-106	16	4268.0	0.37488284910965325
chr15	-105	9	4454.0	0.2020655590480467
chr15	-104	12	4660.0	0.2575107296137339
chr15	-103	5	4827.0	0.10358400662937642
chr15	-102	2	4994.0	0.040048057669203045
chr15	-101	7	5181.0	0.13510905230650455
chr15	-100	9	5377.0	0.16737957969127767
chr15	-99	6	5592.0	0.1072961373390558
chr15	-98	14	5795.0	0.24158757549611734
chr15	-97	16	5974.0	0.2678272514228323
chr15	-96	6	6157.0	0.0974500568458665
chr15	-95	19	6357.0	0.29888312096901054
chr15	-94	7	6531.0	0.10718113612004287
chr15	-93	7	6708.0	0.10435301132975551
chr15	-92	9	6892.0	0.130586186883343
chr15	-91	13	7091.0	0.1833309829361162
chr15	-90	9	7262.0	0.12393280088129992
chr15	-89	10	7465.0	0.13395847287340923
chr15	-88	29	7684.0	0.3774076002082249
chr15	-87	13	7883.0	0.16491183559558545
chr15	-86	18	8085.0	0.22263450834879409
chr15	-85	16	8293.0	0.19293379959001566
chr15	-84	21	8513.0	0.2466815458710208
chr15	-83	10	8705.0	0.11487650775416428
chr15	-82	16	8902.0	0.1797348910357223
chr15	-81	18	9085.0	0.19812878370941112
chr15	-80	20	9288.0	0.2153316106804479
chr15	-79	13	9500.0	0.13684210526315788
chr15	-78	12	9688.0	0.12386457473162675
chr15	-77	10	9884.0	0.10117361392148927
chr15	-76	14	10084.0	0.1388337961126537
chr15	-75	15	10248.0	0.14637002341920377
chr15	-74	31	10432.0	0.2971625766871166
chr15	-73	16	10629.0	0.15053156458744943
chr15	-72	13	10824.0	0.12010347376201036
chr15	-71	22	11031.0	0.19943794760221195
chr15	-70	17	11187.0	0.15196209886475373
chr15	-69	28	11380.0	0.2460456942003515
chr15	-68	30	11557.0	0.2595829367482911
chr15	-67	39	11741.0	0.3321693211821821
chr15	-66	15	11931.0	0.1257229067136032
chr15	-65	28	12111.0	0.23119478160350096
chr15	-64	69	12277.0	0.5620265537183351
chr15	-63	23	12461.0	0.18457587673541448
chr15	-62	39	12677.0	0.30764376429754675
chr15	-61	35	12839.0	0.27260690084897576
chr15	-60	26	13024.0	0.19963144963144963
chr15	-59	42	13211.0	0.3179168874422829
chr15	-58	43	13413.0	0.32058450756728546
chr15	-57	18	13639.0	0.13197448493291297
chr15	-56	41	13860.0	0.29581529581529586
chr15	-55	25	14063.0	0.1777714570148617
chr15	-54	49	14254.0	0.34376315420232917
chr15	-53	20	14436.0	0.13854253255749516
chr15	-52	60	14606.0	0.4107900862659181
chr15	-51	54	14806.0	0.3647170066189383
chr15	-50	32	15021.0	0.2130350842154317
chr15	-49	37	15193.0	0.2435332060817482
chr15	-48	44	15387.0	0.2859556768700851
chr15	-47	53	15572.0	0.34035448240431543
chr15	-46	16	15720.0	0.10178117048346055
chr15	-45	20	15866.0	0.12605571662674903
chr15	-44	28	16078.0	0.17415101380768752
chr15	-43	44	16261.0	0.2705860648176619
chr15	-42	41	16447.0	0.24928558399708156
chr15	-41	67	16637.0	0.4027168359680231
chr15	-40	34	16830.0	0.20202020202020202
chr15	-39	58	17050.0	0.34017595307917886
chr15	-38	40	17230.0	0.2321532211259431
chr15	-37	36	17402.0	0.20687277324445466
chr15	-36	24	17623.0	0.13618566645860522
chr15	-35	50	17805.0	0.2808199943836001
chr15	-34	35	17976.0	0.19470404984423675
chr15	-33	38	18116.0	0.20975932877014794
chr15	-32	52	18287.0	0.2843550062886203
chr15	-31	43	18490.0	0.23255813953488372
chr15	-30	48	18673.0	0.2570556418358057
chr15	-29	56	18865.0	0.29684601113172543
chr15	-28	39	19029.0	0.2049503389563298
chr15	-27	62	19234.0	0.32234584589788917
chr15	-26	68	19396.0	0.350587750051557
chr15	-25	40	19582.0	0.2042692268409764
chr15	-24	67	19771.0	0.3388801780385413
chr15	-23	49	19952.0	0.24558941459502806
chr15	-22	82	20129.0	0.40737244771225595
chr15	-21	51	20294.0	0.2513058046713314
chr15	-20	128	20462.0	0.6255497996285798
chr15	-19	75	20625.0	0.36363636363636365
chr15	-18	46	20781.0	0.221356046388528
chr15	-17	82	20951.0	0.3913894324853229
chr15	-16	73	21129.0	0.34549671068200105
chr15	-15	60	21282.0	0.281928390188892
chr15	-14	83	21447.0	0.387000512892246
chr15	-13	53	21642.0	0.24489418722853712
chr15	-12	113	21843.0	0.5173282058325321
chr15	-11	86	22016.0	0.390625
chr15	-10	96	22172.0	0.4329785314811474
chr15	-9	60	22168.0	0.27066041140382535
chr15	-8	86	22169.0	0.38792909017095945
chr15	-7	92	22174.0	0.41490033372418145
chr15	-6	142	22173.0	0.6404185270373879
chr15	-5	143	22175.0	0.644870349492672
chr15	-4	93	22139.0	0.4200731740367677
chr15	-3	110	22102.0	0.4976925165143426
chr15	-2	147	22085.0	0.6656101426307449
chr15	-1	131	22026.0	0.5947516571324798
chr15	0	290	21355.0	1.3579957855303206
chr15	1	198	21177.0	0.9349766255843603
chr15	2	164	20957.0	0.7825547549744716
chr15	3	194	20797.0	0.932826850026446
chr15	4	250	20603.0	1.2134155220113576
chr15	5	201	20421.0	0.9842808873218746
chr15	6	215	20227.0	1.0629356800316407
chr15	7	177	20002.0	0.8849115088491152
chr15	8	154	19805.0	0.7775814188336279
chr15	9	185	19604.0	0.9436849622526016
chr15	10	175	19426.0	0.900854524863585
chr15	11	163	19214.0	0.8483397522639743
chr15	12	128	19002.0	0.6736133038627513
chr15	13	142	18817.0	0.7546367646277302
chr15	14	154	18633.0	0.8264906348950786
chr15	15	149	18430.0	0.8084644601193706
chr15	16	201	18244.0	1.1017320762990572
chr15	17	135	18080.0	0.7466814159292036
chr15	18	180	17899.0	1.0056427733392928
chr15	19	178	17728.0	1.0040613718411553
chr15	20	174	17538.0	0.9921313718782073
chr15	21	163	17362.0	0.9388319318050916
chr15	22	110	17185.0	0.6400931044515566
chr15	23	130	16990.0	0.7651559741024131
chr15	24	107	16829.0	0.6358072375066849
chr15	25	109	16636.0	0.6552055782640058
chr15	26	121	16457.0	0.7352494379291488
chr15	27	120	16268.0	0.7376444553725104
chr15	28	109	16074.0	0.6781137240263779
chr15	29	127	15869.0	0.8003024765265612
chr15	30	104	15668.0	0.6637732958897115
chr15	31	116	15495.0	0.7486285898676993
chr15	32	107	15300.0	0.6993464052287581
chr15	33	113	15097.0	0.7484930780949858
chr15	34	134	14911.0	0.8986654147944471
chr15	35	108	14739.0	0.7327498473437819
chr15	36	100	14539.0	0.6878052135635188
chr15	37	117	14342.0	0.8157858039325059
chr15	38	104	14131.0	0.7359705611775529
chr15	39	89	13926.0	0.6390923452534827
chr15	40	93	13726.0	0.6775462625673904
chr15	41	110	13560.0	0.8112094395280236
chr15	42	91	13342.0	0.6820566631689402
chr15	43	102	13133.0	0.7766694586157009
chr15	44	97	12933.0	0.7500193303951133
chr15	45	79	12748.0	0.6197050517728271
chr15	46	96	12560.0	0.7643312101910829
chr15	47	94	12387.0	0.7588600952611608
chr15	48	80	12192.0	0.6561679790026247
chr15	49	74	11991.0	0.6171295138020182
chr15	50	111	11822.0	0.9389274234478091
chr15	51	100	11622.0	0.8604371020478403
chr15	52	68	11429.0	0.5949776883366874
chr15	53	91	11273.0	0.8072385345515835
chr15	54	69	11070.0	0.6233062330623307
chr15	55	80	10877.0	0.735496920106647
chr15	56	62	10661.0	0.5815589531938842
chr15	57	92	10478.0	0.8780301584271807
chr15	58	88	10304.0	0.8540372670807453
chr15	59	86	10103.0	0.8512323072354746
chr15	60	84	9919.0	0.8468595624558928
chr15	61	88	9742.0	0.9033052761239991
chr15	62	89	9566.0	0.930378423583525
chr15	63	80	9373.0	0.8535154166222128
chr15	64	92	9216.0	0.9982638888888888
chr15	65	77	9053.0	0.850546780072904
chr15	66	83	8865.0	0.9362662154540328
chr15	67	62	8682.0	0.7141211702372725
chr15	68	88	8524.0	1.0323791647114031
chr15	69	71	8307.0	0.8547008547008548
chr15	70	93	8106.0	1.147298297557365
chr15	71	66	7894.0	0.8360780339498353
chr15	72	43	7681.0	0.5598229397213905
chr15	73	72	7489.0	0.9614100680998797
chr15	74	66	7320.0	0.9016393442622952
chr15	75	60	7145.0	0.8397480755773268
chr15	76	59	6973.0	0.8461207514699556
chr15	77	71	6785.0	1.0464259395725866
chr15	78	63	6606.0	0.9536784741144414
chr15	79	64	6422.0	0.9965742759265027
chr15	80	61	6238.0	0.9778775248477076
chr15	81	66	6078.0	1.085883514313919
chr15	82	36	5904.0	0.6097560975609756
chr15	83	35	5764.0	0.6072172102706455
chr15	84	58	5566.0	1.0420409629895795
chr15	85	38	5373.0	0.7072399032198027
chr15	86	33	5189.0	0.6359606860666795
chr15	87	43	4994.0	0.8610332398878654
chr15	88	48	4801.0	0.9997917100604041
chr15	89	36	4632.0	0.7772020725388601
chr15	90	32	4444.0	0.7200720072007201
chr15	91	34	4260.0	0.7981220657276996
chr15	92	32	4078.0	0.784698381559588
chr15	93	23	3909.0	0.588385776413405
chr15	94	55	3755.0	1.4647137150466045
chr15	95	26	3603.0	0.7216208714959755
chr15	96	30	3425.0	0.8759124087591241
chr15	97	40	3246.0	1.2322858903265557
chr15	98	36	3054.0	1.1787819253438114
chr15	99	36	2891.0	1.2452438602559668
chr15	100	35	2708.0	1.292466765140325
chr15	101	28	2544.0	1.10062893081761
chr15	102	25	2352.0	1.0629251700680271
chr15	103	26	2174.0	1.1959521619135236
chr15	104	21	2004.0	1.0479041916167664
chr15	105	19	1834.0	1.0359869138495092
chr15	106	17	1655.0	1.027190332326284
chr15	107	15	1481.0	1.012829169480081
chr15	108	10	1318.0	0.7587253414264037
chr15	109	12	1164.0	1.0309278350515463
chr15	110	10	983.0	1.017293997965412
chr15	111	8	843.0	0.9489916963226572
chr15	112	7	693.0	1.0101010101010102
chr15	113	5	559.0	0.8944543828264758
chr15	114	8	428.0	1.8691588785046727
chr15	115	1	297.0	0.33670033670033667
chr15	116	0	182.0	0.0
chr15	117	1	68.0	1.4705882352941175
chr15	118	0	0.0	nan
chr15	119	0	0.0	nan
chr15	120	0	0.0	nan
chr15	121	0	0.0	nan
chr15	122	0	0.0	nan
chr15	123	0	0.0	nan
chr15	124	0	0.0	nan
chr15	125	0	0.0	nan
chr15	126	0	0.0	nan
chr15	127	0	0.0	nan
chr15	128	0	0.0	nan
chr15	129	0	0.0	nan
chr15	130	0	0.0	nan
chr15	131	0	0.0	nan
chr15	132	0	0.0	nan
chr15	133	0	0.0	nan
chr15	134	0	0.0	nan
chr15	135	0	0.0	nan
chr15	136	0	0.0	nan
chr15	137	0	0.0	nan
chr15	138	0	0.0	nan
chr15	139	0	0.0	nan
chr15	140	0	0.0	nan
chr15	141	0	0.0	nan
chr15	142	0	0.0	nan
chr15	143	0	0.0	nan
chr15	144	0	0.0	nan
chr15	145	0	0.0	nan
chr15	146	0	0.0	nan
chr15	147	0	0.0	nan
chr15	148	0	0.0	nan
chr15	149	0	0.0	nan
chr15	150	0	0.0	nan
chr15	151	0	0.0	nan
chr15	152	0	0.0	nan
chr15	153	0	0.0	nan
chr15	154	0	0.0	nan
chr15	155	0	0.0	nan
chr15	156	0	0.0	nan
chr15	157	0	0.0	nan
chr16	-130	0	1.0	0.0
chr16	-129	0	29.0	0.0
chr16	-128	0	78.0	0.0
chr16	-127	0	132.0	0.0
chr16	-126	0	176.0	0.0
chr16	-125	0	222.0	0.0
chr16	-124	0	296.0	0.0
chr16	-123	1	358.0	0.27932960893854747
chr16	-122	2	411.0	0.48661800486618007
chr16	-121	2	462.0	0.4329004329004329
chr16	-120	1	515.0	0.1941747572815534
chr16	-119	2	574.0	0.34843205574912894
chr16	-118	1	634.0	0.15772870662460567
chr16	-117	4	695.0	0.5755395683453237
chr16	-116	2	772.0	0.2590673575129534
chr16	-115	4	830.0	0.48192771084337355
chr16	-114	2	920.0	0.21739130434782608
chr16	-113	1	972.0	0.102880658436214
chr16	-112	1	1054.0	0.09487666034155598
chr16	-111	2	1120.0	0.17857142857142858
chr16	-110	6	1178.0	0.5093378607809848
chr16	-109	6	1252.0	0.4792332268370607
chr16	-108	2	1340.0	0.1492537313432836
chr16	-107	6	1413.0	0.42462845010615713
chr16	-106	1	1501.0	0.06662225183211193
chr16	-105	2	1551.0	0.1289490651192779
chr16	-104	2	1627.0	0.1229256299938537
chr16	-103	3	1680.0	0.17857142857142858
chr16	-102	5	1758.0	0.2844141069397042
chr16	-101	2	1825.0	0.1095890410958904
chr16	-100	7	1910.0	0.36649214659685864
chr16	-99	3	1971.0	0.15220700152207
chr16	-98	23	2046.0	1.1241446725317694
chr16	-97	17	2111.0	0.8053055423969682
chr16	-96	4	2190.0	0.182648401826484
chr16	-95	10	2243.0	0.4458314757021846
chr16	-94	1	2309.0	0.043308791684711995
chr16	-93	6	2368.0	0.2533783783783784
chr16	-92	8	2434.0	0.3286770747740345
chr16	-91	7	2514.0	0.27844073190135243
chr16	-90	11	2560.0	0.42968750000000006
chr16	-89	4	2628.0	0.15220700152207
chr16	-88	23	2710.0	0.8487084870848708
chr16	-87	4	2769.0	0.1444564824846515
chr16	-86	7	2853.0	0.24535576586049773
chr16	-85	7	2926.0	0.23923444976076555
chr16	-84	1	2998.0	0.033355570380253496
chr16	-83	4	3064.0	0.13054830287206268
chr16	-82	40	3119.0	1.2824623276691247
chr16	-81	4	3190.0	0.12539184952978058
chr16	-80	21	3256.0	0.6449631449631449
chr16	-79	7	3327.0	0.21039975954313195
chr16	-78	6	3383.0	0.17735737511084837
chr16	-77	7	3465.0	0.20202020202020202
chr16	-76	5	3536.0	0.1414027149321267
chr16	-75	4	3605.0	0.11095700416088765
chr16	-74	7	3681.0	0.19016571583808747
chr16	-73	8	3742.0	0.2137894174238375
chr16	-72	10	3806.0	0.2627430373095113
chr16	-71	7	3863.0	0.18120631633445508
chr16	-70	17	3942.0	0.43125317097919835
chr16	-69	14	3999.0	0.3500875218804701
chr16	-68	7	4088.0	0.17123287671232876
chr16	-67	34	4134.0	0.822447992259313
chr16	-66	7	4207.0	0.16638935108153077
chr16	-65	8	4270.0	0.18735362997658078
chr16	-64	5	4336.0	0.11531365313653136
chr16	-63	11	4410.0	0.2494331065759637
chr16	-62	22	4480.0	0.49107142857142855
chr16	-61	5	4555.0	0.10976948408342481
chr16	-60	24	4620.0	0.5194805194805194
chr16	-59	14	4668.0	0.29991431019708653
chr16	-58	11	4719.0	0.2331002331002331
chr16	-57	7	4786.0	0.14625992478061012
chr16	-56	11	4866.0	0.22605836415947392
chr16	-55	4	4928.0	0.08116883116883117
chr16	-54	4	4988.0	0.08019246190858059
chr16	-53	11	5045.0	0.2180376610505451
chr16	-52	5	5125.0	0.0975609756097561
chr16	-51	28	5180.0	0.5405405405405406
chr16	-50	43	5255.0	0.818268315889629
chr16	-49	5	5323.0	0.0939319932368965
chr16	-48	10	5400.0	0.1851851851851852
chr16	-47	11	5469.0	0.2011336624611446
chr16	-46	10	5547.0	0.1802776275464215
chr16	-45	17	5620.0	0.30249110320284694
chr16	-44	7	5695.0	0.12291483757682177
chr16	-43	9	5775.0	0.15584415584415584
chr16	-42	12	5824.0	0.20604395604395606
chr16	-41	11	5881.0	0.18704301989457575
chr16	-40	7	5947.0	0.11770640659155877
chr16	-39	17	6016.0	0.2825797872340426
chr16	-38	26	6081.0	0.42756125637230713
chr16	-37	11	6132.0	0.17938682322243965
chr16	-36	9	6194.0	0.145301905069422
chr16	-35	50	6244.0	0.8007687379884689
chr16	-34	13	6313.0	0.20592428322509107
chr16	-33	16	6377.0	0.250901677904971
chr16	-32	28	6442.0	0.43464762496119214
chr16	-31	40	6504.0	0.6150061500615006
chr16	-30	11	6565.0	0.16755521706016757
chr16	-29	16	6643.0	0.24085503537558334
chr16	-28	15	6698.0	0.2239474469991042
chr16	-27	11	6760.0	0.16272189349112426
chr16	-26	14	6836.0	0.20479812755997662
chr16	-25	15	6918.0	0.21682567215958368
chr16	-24	20	6984.0	0.286368843069874
chr16	-23	51	7057.0	0.7226866940626329
chr16	-22	25	7117.0	0.351271603203597
chr16	-21	29	7173.0	0.4042938798271295
chr16	-20	21	7249.0	0.2896951303628087
chr16	-19	64	7301.0	0.8765922476373099
chr16	-18	19	7369.0	0.25783688424480933
chr16	-17	9	7435.0	0.121049092131809
chr16	-16	22	7496.0	0.2934898612593383
chr16	-15	18	7582.0	0.2374043787918755
chr16	-14	20	7632.0	0.2620545073375262
chr16	-13	12	7699.0	0.15586439797376284
chr16	-12	23	7771.0	0.29597220434950455
chr16	-11	27	7838.0	0.3444756315386578
chr16	-10	22	7908.0	0.278199291856348
chr16	-9	31	7912.0	0.3918099089989888
chr16	-8	29	7912.0	0.36653185035389285
chr16	-7	31	7912.0	0.3918099089989888
chr16	-6	23	7912.0	0.29069767441860467
chr16	-5	28	7912.0	0.3538928210313448
chr16	-4	30	7910.0	0.37926675094816686
chr16	-3	33	7908.0	0.417298937784522
chr16	-2	44	7905.0	0.5566097406704617
chr16	-1	36	7894.0	0.4560425639726374
chr16	0	121	7658.0	1.5800470096630974
chr16	1	54	7598.0	0.7107133456172676
chr16	2	46	7541.0	0.6099986739159262
chr16	3	69	7486.0	0.9217205450173658
chr16	4	56	7402.0	0.7565522831667117
chr16	5	56	7337.0	0.7632547362682296
chr16	6	68	7273.0	0.9349649388147944
chr16	7	59	7219.0	0.817287712979637
chr16	8	68	7160.0	0.9497206703910615
chr16	9	73	7111.0	1.026578540289692
chr16	10	64	7042.0	0.9088327179778471
chr16	11	55	6971.0	0.7889829292784393
chr16	12	44	6888.0	0.6387921022067364
chr16	13	64	6824.0	0.9378663540445485
chr16	14	64	6762.0	0.9464655427388345
chr16	15	48	6695.0	0.7169529499626587
chr16	16	44	6614.0	0.6652555185969156
chr16	17	50	6541.0	0.7644091117566121
chr16	18	98	6485.0	1.5111796453353894
chr16	19	60	6410.0	0.93603744149766
chr16	20	70	6330.0	1.1058451816745656
chr16	21	35	6240.0	0.5608974358974359
chr16	22	72	6168.0	1.1673151750972763
chr16	23	38	6107.0	0.6222367774684788
chr16	24	36	6036.0	0.5964214711729622
chr16	25	42	5958.0	0.7049345417925479
chr16	26	37	5896.0	0.6275440976933514
chr16	27	39	5841.0	0.667693888032871
chr16	28	58	5759.0	1.0071192915436706
chr16	29	47	5692.0	0.825720309205903
chr16	30	80	5621.0	1.4232342999466288
chr16	31	51	5557.0	0.9177613820406695
chr16	32	37	5481.0	0.675059295748951
chr16	33	49	5431.0	0.902227950653655
chr16	34	59	5374.0	1.0978786751023446
chr16	35	35	5309.0	0.6592578640045206
chr16	36	38	5250.0	0.7238095238095238
chr16	37	37	5172.0	0.7153905645784996
chr16	38	46	5122.0	0.8980866848887153
chr16	39	53	5034.0	1.0528406833531982
chr16	40	41	4964.0	0.8259468170829976
chr16	41	35	4886.0	0.7163323782234957
chr16	42	41	4825.0	0.8497409326424871
chr16	43	34	4760.0	0.7142857142857143
chr16	44	43	4698.0	0.9152830991911451
chr16	45	40	4638.0	0.8624407072013798
chr16	46	33	4561.0	0.723525542644157
chr16	47	32	4483.0	0.7138077180459514
chr16	48	33	4408.0	0.7486388384754991
chr16	49	59	4341.0	1.3591338401290025
chr16	50	53	4276.0	1.2394761459307764
chr16	51	28	4210.0	0.665083135391924
chr16	52	28	4149.0	0.6748614123885274
chr16	53	35	4080.0	0.857843137254902
chr16	54	25	4004.0	0.6243756243756244
chr16	55	30	3951.0	0.759301442672741
chr16	56	27	3892.0	0.6937307297019527
chr16	57	38	3819.0	0.9950248756218906
chr16	58	26	3764.0	0.6907545164718385
chr16	59	37	3708.0	0.9978425026968716
chr16	60	25	3611.0	0.6923289947382997
chr16	61	39	3561.0	1.0951979780960404
chr16	62	36	3489.0	1.0318142734307825
chr16	63	23	3416.0	0.6733021077283372
chr16	64	31	3363.0	0.9217960154623848
chr16	65	20	3292.0	0.6075334143377886
chr16	66	39	3215.0	1.2130637636080872
chr16	67	34	3128.0	1.0869565217391304
chr16	68	33	3069.0	1.0752688172043012
chr16	69	36	3022.0	1.1912640635340834
chr16	70	22	2961.0	0.7429922323539345
chr16	71	26	2899.0	0.8968609865470852
chr16	72	23	2826.0	0.813871196036801
chr16	73	19	2766.0	0.6869125090383225
chr16	74	19	2723.0	0.6977598237238339
chr16	75	17	2670.0	0.6367041198501873
chr16	76	25	2595.0	0.9633911368015413
chr16	77	21	2532.0	0.8293838862559242
chr16	78	17	2455.0	0.6924643584521385
chr16	79	39	2376.0	1.6414141414141417
chr16	80	20	2304.0	0.8680555555555556
chr16	81	55	2237.0	2.4586499776486366
chr16	82	24	2181.0	1.1004126547455295
chr16	83	19	2119.0	0.8966493629070316
chr16	84	19	2046.0	0.9286412512218964
chr16	85	15	1969.0	0.7618080243778568
chr16	86	25	1913.0	1.3068478829064296
chr16	87	24	1861.0	1.2896292315959161
chr16	88	15	1787.0	0.8393956351426972
chr16	89	24	1723.0	1.3929193267556588
chr16	90	19	1654.0	1.1487303506650544
chr16	91	17	1591.0	1.0685103708359522
chr16	92	19	1546.0	1.2289780077619665
chr16	93	15	1487.0	1.0087424344317417
chr16	94	27	1434.0	1.882845188284519
chr16	95	12	1371.0	0.87527352297593
chr16	96	15	1306.0	1.1485451761102603
chr16	97	18	1252.0	1.4376996805111821
chr16	98	10	1198.0	0.8347245409015025
chr16	99	14	1130.0	1.238938053097345
chr16	100	8	1065.0	0.7511737089201878
chr16	101	8	997.0	0.802407221664995
chr16	102	7	924.0	0.7575757575757576
chr16	103	9	846.0	1.0638297872340425
chr16	104	7	766.0	0.9138381201044387
chr16	105	3	699.0	0.4291845493562232
chr16	106	8	642.0	1.2461059190031152
chr16	107	7	575.0	1.2173913043478262
chr16	108	5	506.0	0.9881422924901186
chr16	109	2	455.0	0.43956043956043955
chr16	110	1	396.0	0.25252525252525254
chr16	111	1	349.0	0.28653295128939826
chr16	112	0	296.0	0.0
chr16	113	1	223.0	0.4484304932735426
chr16	114	1	182.0	0.5494505494505495
chr16	115	1	121.0	0.8264462809917356
chr16	116	0	72.0	0.0
chr16	117	0	17.0	0.0
chr16	118	0	0.0	nan
chr16	119	0	0.0	nan
chr16	120	0	0.0	nan
chr16	121	0	0.0	nan
chr16	122	0	0.0	nan
chr16	123	0	0.0	nan
chr16	124	0	0.0	nan
chr16	125	0	0.0	nan
chr16	126	0	0.0	nan
chr16	127	0	0.0	nan
chr16	128	0	0.0	nan
chr16	129	0	0.0	nan
chr16	130	0	0.0	nan
chr16	131	0	0.0	nan
chr16	132	0	0.0	nan
chr17	-131	0	1.0	0.0
chr17	-130	0	4.0	0.0
chr17	-129	0	67.0	0.0
chr17	-128	1	126.0	0.7936507936507936
chr17	-127	0	175.0	0.0
chr17	-126	0	222.0	0.0
chr17	-125	0	284.0	0.0
chr17	-124	2	349.0	0.5730659025787965
chr17	-123	1	431.0	0.23201856148491878
chr17	-122	0	494.0	0.0
chr17	-121	1	557.0	0.17953321364452424
chr17	-120	5	630.0	0.7936507936507936
chr17	-119	0	702.0	0.0
chr17	-118	5	798.0	0.6265664160401002
chr17	-117	2	866.0	0.23094688221709006
chr17	-116	1	944.0	0.1059322033898305
chr17	-115	1	1032.0	0.09689922480620156
chr17	-114	4	1113.0	0.3593890386343217
chr17	-113	5	1202.0	0.4159733777038269
chr17	-112	1	1269.0	0.07880220646178093
chr17	-111	2	1343.0	0.14892032762472077
chr17	-110	4	1432.0	0.27932960893854747
chr17	-109	3	1528.0	0.1963350785340314
chr17	-108	3	1619.0	0.1852995676343422
chr17	-107	2	1698.0	0.11778563015312131
chr17	-106	4	1777.0	0.22509848058525606
chr17	-105	4	1875.0	0.21333333333333335
chr17	-104	2	1983.0	0.10085728693898136
chr17	-103	2	2075.0	0.09638554216867469
chr17	-102	4	2151.0	0.18596001859600186
chr17	-101	3	2236.0	0.13416815742397137
chr17	-100	2	2311.0	0.08654262224145391
chr17	-99	5	2398.0	0.2085070892410342
chr17	-98	1	2491.0	0.04014452027298274
chr17	-97	10	2550.0	0.39215686274509803
chr17	-96	3	2629.0	0.11411182959300115
chr17	-95	7	2691.0	0.2601263470828688
chr17	-94	3	2775.0	0.10810810810810811
chr17	-93	1	2852.0	0.03506311360448808
chr17	-92	9	2926.0	0.30758714969241285
chr17	-91	8	3001.0	0.26657780739753417
chr17	-90	12	3100.0	0.3870967741935484
chr17	-89	7	3171.0	0.22075055187637968
chr17	-88	5	3255.0	0.15360983102918588
chr17	-87	3	3333.0	0.09000900090009001
chr17	-86	5	3427.0	0.14590020426028597
chr17	-85	8	3519.0	0.2273373117362887
chr17	-84	3	3604.0	0.0832408435072142
chr17	-83	13	3688.0	0.35249457700650755
chr17	-82	6	3755.0	0.15978695073235685
chr17	-81	3	3833.0	0.07826767545003914
chr17	-80	1	3907.0	0.02559508574353724
chr17	-79	3	3976.0	0.07545271629778671
chr17	-78	23	4058.0	0.5667816658452439
chr17	-77	7	4141.0	0.16904129437333978
chr17	-76	8	4231.0	0.18908059560387616
chr17	-75	7	4313.0	0.1623000231857176
chr17	-74	3	4412.0	0.06799637352674524
chr17	-73	12	4509.0	0.2661343978709248
chr17	-72	4	4599.0	0.08697542944118286
chr17	-71	4	4686.0	0.08536064874093044
chr17	-70	3	4782.0	0.06273525721455457
chr17	-69	7	4870.0	0.1437371663244353
chr17	-68	11	4937.0	0.2228073728985214
chr17	-67	4	4999.0	0.08001600320064013
chr17	-66	8	5103.0	0.1567705271408975
chr17	-65	5	5175.0	0.0966183574879227
chr17	-64	9	5258.0	0.17116774438950172
chr17	-63	13	5353.0	0.24285447412665792
chr17	-62	7	5435.0	0.12879484820607176
chr17	-61	8	5536.0	0.1445086705202312
chr17	-60	8	5615.0	0.14247551202137132
chr17	-59	9	5718.0	0.15739769150052466
chr17	-58	33	5797.0	0.5692599620493358
chr17	-57	10	5866.0	0.17047391749062393
chr17	-56	11	5951.0	0.18484288354898337
chr17	-55	9	6047.0	0.14883413262774928
chr17	-54	18	6134.0	0.293446364525595
chr17	-53	14	6218.0	0.2251527822450949
chr17	-52	18	6304.0	0.28553299492385786
chr17	-51	25	6400.0	0.390625
chr17	-50	8	6459.0	0.12385818238117355
chr17	-49	11	6553.0	0.16786204791698459
chr17	-48	12	6654.0	0.18034265103697023
chr17	-47	13	6728.0	0.19322235434007135
chr17	-46	12	6807.0	0.17628911414720141
chr17	-45	33	6896.0	0.478538283062645
chr17	-44	13	6972.0	0.18646012621916236
chr17	-43	12	7075.0	0.1696113074204947
chr17	-42	20	7150.0	0.27972027972027974
chr17	-41	11	7246.0	0.15180789401048855
chr17	-40	14	7322.0	0.19120458891013384
chr17	-39	5	7410.0	0.06747638326585695
chr17	-38	17	7483.0	0.22718161165308032
chr17	-37	14	7567.0	0.18501387604070307
chr17	-36	9	7661.0	0.11747813601357526
chr17	-35	27	7757.0	0.3480727085213356
chr17	-34	13	7847.0	0.16566840830890786
chr17	-33	11	7919.0	0.1389064275792398
chr17	-32	35	7999.0	0.4375546943367921
chr17	-31	13	8084.0	0.16081147946561108
chr17	-30	38	8164.0	0.46545810877021065
chr17	-29	41	8248.0	0.497090203685742
chr17	-28	22	8308.0	0.26480500722195477
chr17	-27	13	8397.0	0.15481719661783971
chr17	-26	13	8444.0	0.15395547134059687
chr17	-25	20	8561.0	0.2336175680411167
chr17	-24	18	8649.0	0.20811654526534862
chr17	-23	25	8747.0	0.2858122784954842
chr17	-22	19	8844.0	0.21483491632745366
chr17	-21	30	8934.0	0.33579583613163194
chr17	-20	28	9020.0	0.31042128603104213
chr17	-19	39	9096.0	0.4287598944591029
chr17	-18	20	9174.0	0.21800741225201656
chr17	-17	47	9251.0	0.5080531834396281
chr17	-16	73	9327.0	0.7826739573281869
chr17	-15	21	9418.0	0.22297727755362073
chr17	-14	46	9511.0	0.4836505099358637
chr17	-13	29	9605.0	0.3019260801665799
chr17	-12	36	9660.0	0.37267080745341613
chr17	-11	59	9728.0	0.6064967105263158
chr17	-10	59	9824.0	0.6005700325732899
chr17	-9	22	9823.0	0.22396416573348266
chr17	-8	58	9826.0	0.5902707103602687
chr17	-7	24	9826.0	0.24424994911459394
chr17	-6	64	9825.0	0.6513994910941475
chr17	-5	37	9825.0	0.37659033078880405
chr17	-4	30	9823.0	0.30540568054565814
chr17	-3	42	9815.0	0.42791645440652065
chr17	-2	59	9808.0	0.6015497553017944
chr17	-1	67	9786.0	0.6846515430206418
chr17	0	124	9574.0	1.2951744307499478
chr17	1	67	9516.0	0.7040773434216058
chr17	2	84	9449.0	0.8889829611599112
chr17	3	62	9378.0	0.6611217743655364
chr17	4	65	9300.0	0.6989247311827957
chr17	5	102	9212.0	1.107251411202779
chr17	6	56	9134.0	0.6130939347492883
chr17	7	52	9061.0	0.5738880918220948
chr17	8	59	8993.0	0.6560658289780941
chr17	9	73	8910.0	0.819304152637486
chr17	10	87	8819.0	0.9865064066220661
chr17	11	67	8739.0	0.7666781096235267
chr17	12	49	8663.0	0.5656239178113818
chr17	13	60	8561.0	0.7008527041233501
chr17	14	61	8475.0	0.7197640117994101
chr17	15	81	8391.0	0.9653199856989632
chr17	16	60	8328.0	0.7204610951008645
chr17	17	49	8230.0	0.5953827460510328
chr17	18	58	8144.0	0.712180746561886
chr17	19	55	8063.0	0.6821282401091405
chr17	20	39	7978.0	0.48884432188518423
chr17	21	46	7895.0	0.5826472450918303
chr17	22	51	7808.0	0.6531762295081968
chr17	23	47	7706.0	0.6099143524526343
chr17	24	27	7609.0	0.3548429491391773
chr17	25	50	7505.0	0.6662225183211192
chr17	26	47	7430.0	0.6325706594885598
chr17	27	51	7358.0	0.6931231312856755
chr17	28	64	7235.0	0.8845888044229441
chr17	29	84	7157.0	1.1736761212798659
chr17	30	32	7087.0	0.45153097220262456
chr17	31	79	6998.0	1.1288939697056302
chr17	32	41	6926.0	0.5919722783713544
chr17	33	32	6838.0	0.46797309154723604
chr17	34	55	6772.0	0.8121677495569993
chr17	35	35	6686.0	0.5234819024827999
chr17	36	32	6618.0	0.4835297673012995
chr17	37	33	6569.0	0.5023595676663115
chr17	38	42	6476.0	0.6485484867201976
chr17	39	31	6412.0	0.4834684965689333
chr17	40	35	6331.0	0.552835255093982
chr17	41	42	6251.0	0.6718924972004479
chr17	42	31	6161.0	0.5031650706054211
chr17	43	39	6079.0	0.6415528869879915
chr17	44	34	5995.0	0.567139282735613
chr17	45	29	5918.0	0.4900304156809733
chr17	46	32	5851.0	0.5469150572551701
chr17	47	24	5786.0	0.41479433114414105
chr17	48	31	5707.0	0.5431925705274224
chr17	49	42	5624.0	0.7467994310099573
chr17	50	35	5547.0	0.6309716964124752
chr17	51	34	5436.0	0.6254598969830758
chr17	52	24	5340.0	0.44943820224719105
chr17	53	41	5259.0	0.7796158965582811
chr17	54	32	5167.0	0.61931488291078
chr17	55	38	5076.0	0.7486209613869189
chr17	56	33	4985.0	0.6619859578736209
chr17	57	46	4922.0	0.9345794392523363
chr17	58	27	4840.0	0.5578512396694215
chr17	59	37	4748.0	0.7792754844144903
chr17	60	16	4668.0	0.34275921165381323
chr17	61	25	4593.0	0.5443065534509035
chr17	62	32	4516.0	0.70859167404783
chr17	63	18	4437.0	0.4056795131845842
chr17	64	21	4335.0	0.4844290657439446
chr17	65	24	4265.0	0.5627198124267292
chr17	66	23	4166.0	0.5520883341334614
chr17	67	21	4074.0	0.5154639175257731
chr17	68	18	3988.0	0.4513540621865597
chr17	69	30	3903.0	0.7686395080707148
chr17	70	18	3822.0	0.47095761381475665
chr17	71	30	3735.0	0.8032128514056224
chr17	72	18	3643.0	0.4940982706560527
chr17	73	22	3549.0	0.6198929275852353
chr17	74	19	3468.0	0.5478662053056517
chr17	75	19	3388.0	0.5608028335301062
chr17	76	17	3301.0	0.5149954559224478
chr17	77	31	3219.0	0.9630319975147562
chr17	78	22	3157.0	0.6968641114982579
chr17	79	18	3057.0	0.5888125613346418
chr17	80	21	2963.0	0.7087411407357408
chr17	81	16	2893.0	0.5530591081921881
chr17	82	19	2809.0	0.6763972944108224
chr17	83	18	2736.0	0.6578947368421052
chr17	84	14	2653.0	0.5277044854881267
chr17	85	21	2566.0	0.8183943881527669
chr17	86	18	2494.0	0.7217321571772253
chr17	87	13	2403.0	0.5409904286308781
chr17	88	10	2303.0	0.43421623968736434
chr17	89	14	2230.0	0.6278026905829596
chr17	90	9	2139.0	0.42075736325385693
chr17	91	18	2058.0	0.8746355685131195
chr17	92	7	1978.0	0.3538928210313448
chr17	93	7	1879.0	0.37253858435337944
chr17	94	23	1801.0	1.2770682953914492
chr17	95	9	1720.0	0.5232558139534884
chr17	96	17	1636.0	1.039119804400978
chr17	97	20	1578.0	1.2674271229404308
chr17	98	12	1490.0	0.8053691275167786
chr17	99	7	1422.0	0.49226441631504925
chr17	100	10	1339.0	0.7468259895444361
chr17	101	7	1249.0	0.5604483586869495
chr17	102	3	1167.0	0.2570694087403599
chr17	103	9	1090.0	0.8256880733944955
chr17	104	10	991.0	1.0090817356205852
chr17	105	5	903.0	0.5537098560354374
chr17	106	2	815.0	0.245398773006135
chr17	107	3	729.0	0.411522633744856
chr17	108	3	652.0	0.4601226993865031
chr17	109	5	578.0	0.8650519031141869
chr17	110	3	506.0	0.592885375494071
chr17	111	1	426.0	0.2347417840375587
chr17	112	1	345.0	0.2898550724637681
chr17	113	2	267.0	0.7490636704119851
chr17	114	1	194.0	0.5154639175257731
chr17	115	1	143.0	0.6993006993006993
chr17	116	2	101.0	1.9801980198019802
chr17	117	0	45.0	0.0
chr17	118	0	0.0	nan
chr17	119	0	0.0	nan
chr17	120	0	0.0	nan
chr17	121	0	0.0	nan
chr17	122	0	0.0	nan
chr17	123	0	0.0	nan
chr17	124	0	0.0	nan
chr17	125	0	0.0	nan
chr17	126	0	0.0	nan
chr17	127	0	0.0	nan
chr17	128	0	0.0	nan
chr17	129	0	0.0	nan
chr17	130	0	0.0	nan
chr17	131	0	0.0	nan
chr17	132	0	0.0	nan
chr17	133	0	0.0	nan
chr17	134	0	0.0	nan
chr17	135	0	0.0	nan
chr17	136	0	0.0	nan
chr17	137	0	0.0	nan
chr17	138	0	0.0	nan
chr17	139	0	0.0	nan
chr17	140	0	0.0	nan
chr17	141	0	0.0	nan
chr17	142	0	0.0	nan
chr17	143	0	0.0	nan
chr17	144	0	0.0	nan
chr17	145	0	0.0	nan
chr17	146	0	0.0	nan
chr17	147	0	0.0	nan
chr17	148	0	0.0	nan
chr17	149	0	0.0	nan
chr17	150	0	0.0	nan
chr18	-129	0	14.0	0.0
chr18	-128	0	30.0	0.0
chr18	-127	0	58.0	0.0
chr18	-126	0	72.0	0.0
chr18	-125	1	97.0	1.0309278350515463
chr18	-124	0	108.0	0.0
chr18	-123	0	135.0	0.0
chr18	-122	0	153.0	0.0
chr18	-121	0	164.0	0.0
chr18	-120	1	192.0	0.5208333333333333
chr18	-119	0	216.0	0.0
chr18	-118	0	244.0	0.0
chr18	-117	0	272.0	0.0
chr18	-116	0	289.0	0.0
chr18	-115	1	325.0	0.3076923076923077
chr18	-114	0	349.0	0.0
chr18	-113	5	379.0	1.3192612137203166
chr18	-112	0	407.0	0.0
chr18	-111	1	434.0	0.2304147465437788
chr18	-110	0	458.0	0.0
chr18	-109	0	498.0	0.0
chr18	-108	0	522.0	0.0
chr18	-107	1	561.0	0.17825311942959002
chr18	-106	9	598.0	1.5050167224080269
chr18	-105	0	635.0	0.0
chr18	-104	0	664.0	0.0
chr18	-103	1	685.0	0.145985401459854
chr18	-102	0	706.0	0.0
chr18	-101	0	717.0	0.0
chr18	-100	2	742.0	0.2695417789757413
chr18	-99	0	769.0	0.0
chr18	-98	0	800.0	0.0
chr18	-97	0	828.0	0.0
chr18	-96	0	849.0	0.0
chr18	-95	16	874.0	1.8306636155606408
chr18	-94	1	895.0	0.11173184357541899
chr18	-93	3	918.0	0.32679738562091504
chr18	-92	2	939.0	0.21299254526091588
chr18	-91	1	987.0	0.10131712259371835
chr18	-90	0	1004.0	0.0
chr18	-89	1	1027.0	0.09737098344693282
chr18	-88	0	1042.0	0.0
chr18	-87	2	1059.0	0.18885741265344666
chr18	-86	0	1071.0	0.0
chr18	-85	11	1104.0	0.9963768115942028
chr18	-84	4	1124.0	0.3558718861209964
chr18	-83	2	1143.0	0.17497812773403326
chr18	-82	16	1166.0	1.3722126929674099
chr18	-81	1	1189.0	0.08410428931875526
chr18	-80	1	1214.0	0.08237232289950577
chr18	-79	1	1238.0	0.08077544426494346
chr18	-78	4	1257.0	0.31821797931583135
chr18	-77	2	1266.0	0.1579778830963665
chr18	-76	1	1302.0	0.07680491551459294
chr18	-75	9	1318.0	0.6828528072837633
chr18	-74	4	1345.0	0.29739776951672864
chr18	-73	3	1366.0	0.21961932650073207
chr18	-72	2	1392.0	0.14367816091954022
chr18	-71	24	1411.0	1.700921332388377
chr18	-70	2	1436.0	0.1392757660167131
chr18	-69	0	1450.0	0.0
chr18	-68	3	1478.0	0.20297699594046006
chr18	-67	2	1496.0	0.1336898395721925
chr18	-66	2	1512.0	0.13227513227513227
chr18	-65	4	1540.0	0.2597402597402597
chr18	-64	0	1570.0	0.0
chr18	-63	9	1590.0	0.5660377358490566
chr18	-62	3	1610.0	0.18633540372670807
chr18	-61	0	1629.0	0.0
chr18	-60	1	1654.0	0.06045949214026602
chr18	-59	3	1673.0	0.17931858936043038
chr18	-58	4	1696.0	0.2358490566037736
chr18	-57	3	1725.0	0.17391304347826086
chr18	-56	1	1747.0	0.05724098454493417
chr18	-55	3	1770.0	0.1694915254237288
chr18	-54	3	1791.0	0.16750418760469013
chr18	-53	12	1812.0	0.6622516556291391
chr18	-52	0	1843.0	0.0
chr18	-51	2	1874.0	0.10672358591248667
chr18	-50	1	1888.0	0.05296610169491525
chr18	-49	6	1909.0	0.3143006809848088
chr18	-48	5	1926.0	0.25960539979231567
chr18	-47	5	1950.0	0.2564102564102564
chr18	-46	12	1974.0	0.60790273556231
chr18	-45	2	1989.0	0.10055304172951231
chr18	-44	16	2003.0	0.798801797304044
chr18	-43	8	2028.0	0.39447731755424065
chr18	-42	7	2041.0	0.34296913277804997
chr18	-41	2	2060.0	0.0970873786407767
chr18	-40	4	2100.0	0.19047619047619047
chr18	-39	3	2114.0	0.14191106906338694
chr18	-38	7	2139.0	0.3272557269752221
chr18	-37	1	2175.0	0.04597701149425287
chr18	-36	2	2198.0	0.09099181073703368
chr18	-35	1	2230.0	0.04484304932735426
chr18	-34	6	2264.0	0.26501766784452296
chr18	-33	1	2289.0	0.043687199650502405
chr18	-32	3	2322.0	0.12919896640826875
chr18	-31	3	2349.0	0.1277139208173691
chr18	-30	0	2366.0	0.0
chr18	-29	3	2384.0	0.12583892617449663
chr18	-28	2	2403.0	0.08322929671244278
chr18	-27	2	2419.0	0.0826787928896238
chr18	-26	6	2432.0	0.24671052631578946
chr18	-25	8	2453.0	0.3261312678353037
chr18	-24	1	2476.0	0.04038772213247173
chr18	-23	6	2500.0	0.24
chr18	-22	6	2512.0	0.23885350318471338
chr18	-21	3	2550.0	0.1176470588235294
chr18	-20	18	2572.0	0.6998444790046656
chr18	-19	20	2595.0	0.7707129094412332
chr18	-18	4	2613.0	0.15308075009567548
chr18	-17	2	2642.0	0.0757002271006813
chr18	-16	3	2666.0	0.11252813203300824
chr18	-15	2	2687.0	0.07443245254931151
chr18	-14	12	2725.0	0.44036697247706424
chr18	-13	26	2751.0	0.9451108687749908
chr18	-12	5	2780.0	0.1798561151079137
chr18	-11	2	2801.0	0.07140307033202428
chr18	-10	3	2815.0	0.10657193605683836
chr18	-9	8	2827.0	0.2829854969932791
chr18	-8	39	2827.0	1.3795542978422357
chr18	-7	12	2828.0	0.4243281471004243
chr18	-6	5	2828.0	0.1768033946251768
chr18	-5	30	2828.0	1.0608203677510608
chr18	-4	28	2819.0	0.9932600212841434
chr18	-3	15	2815.0	0.5328596802841918
chr18	-2	24	2813.0	0.8531816565943833
chr18	-1	36	2811.0	1.2806830309498398
chr18	0	45	2743.0	1.6405395552314985
chr18	1	30	2716.0	1.1045655375552283
chr18	2	17	2695.0	0.6307977736549165
chr18	3	28	2674.0	1.0471204188481675
chr18	4	47	2655.0	1.770244821092279
chr18	5	14	2633.0	0.5317128750474744
chr18	6	10	2615.0	0.3824091778202677
chr18	7	35	2594.0	1.3492675404780263
chr18	8	20	2565.0	0.7797270955165692
chr18	9	24	2513.0	0.9550338241146041
chr18	10	22	2509.0	0.876843363889996
chr18	11	26	2482.0	1.04754230459307
chr18	12	28	2463.0	1.1368250101502233
chr18	13	28	2438.0	1.1484823625922889
chr18	14	23	2417.0	0.9515928837401738
chr18	15	14	2381.0	0.5879882402351954
chr18	16	19	2357.0	0.8061094611794655
chr18	17	25	2323.0	1.076194575979337
chr18	18	41	2289.0	1.7911751856705984
chr18	19	35	2256.0	1.551418439716312
chr18	20	19	2219.0	0.8562415502478594
chr18	21	22	2180.0	1.0091743119266057
chr18	22	10	2155.0	0.46403712296983757
chr18	23	17	2119.0	0.8022652194431336
chr18	24	19	2098.0	0.905624404194471
chr18	25	14	2078.0	0.6737247353224254
chr18	26	17	2057.0	0.8264462809917356
chr18	27	13	2036.0	0.6385068762278978
chr18	28	14	2014.0	0.6951340615690168
chr18	29	25	1988.0	1.2575452716297788
chr18	30	10	1963.0	0.5094243504839532
chr18	31	20	1941.0	1.0303967027305512
chr18	32	12	1916.0	0.6263048016701461
chr18	33	13	1893.0	0.6867406233491812
chr18	34	17	1873.0	0.9076348104644953
chr18	35	6	1846.0	0.3250270855904659
chr18	36	12	1819.0	0.6597031335898845
chr18	37	18	1788.0	1.006711409395973
chr18	38	7	1771.0	0.3952569169960474
chr18	39	18	1748.0	1.0297482837528604
chr18	40	8	1732.0	0.4618937644341801
chr18	41	12	1709.0	0.7021650087770626
chr18	42	24	1687.0	1.4226437462951986
chr18	43	13	1667.0	0.7798440311937612
chr18	44	6	1642.0	0.3654080389768575
chr18	45	15	1619.0	0.9264978381717109
chr18	46	8	1605.0	0.4984423676012461
chr18	47	5	1577.0	0.31705770450221943
chr18	48	16	1555.0	1.0289389067524115
chr18	49	8	1538.0	0.5201560468140443
chr18	50	21	1516.0	1.3852242744063323
chr18	51	15	1493.0	1.0046885465505693
chr18	52	15	1475.0	1.0169491525423728
chr18	53	11	1450.0	0.7586206896551724
chr18	54	16	1424.0	1.1235955056179776
chr18	55	14	1405.0	0.99644128113879
chr18	56	10	1374.0	0.727802037845706
chr18	57	12	1357.0	0.8843036109064112
chr18	58	17	1341.0	1.267710663683818
chr18	59	6	1312.0	0.45731707317073167
chr18	60	9	1293.0	0.6960556844547563
chr18	61	13	1276.0	1.018808777429467
chr18	62	19	1255.0	1.5139442231075697
chr18	63	11	1232.0	0.8928571428571428
chr18	64	8	1204.0	0.6644518272425249
chr18	65	7	1181.0	0.5927180355630821
chr18	66	7	1158.0	0.6044905008635579
chr18	67	11	1143.0	0.9623797025371827
chr18	68	13	1127.0	1.1535048802129548
chr18	69	8	1108.0	0.7220216606498195
chr18	70	23	1075.0	2.1395348837209305
chr18	71	15	1046.0	1.4340344168260037
chr18	72	8	1026.0	0.7797270955165692
chr18	73	8	1004.0	0.796812749003984
chr18	74	9	988.0	0.9109311740890688
chr18	75	5	960.0	0.5208333333333333
chr18	76	4	930.0	0.43010752688172044
chr18	77	11	914.0	1.2035010940919038
chr18	78	6	892.0	0.672645739910314
chr18	79	8	873.0	0.9163802978235969
chr18	80	11	862.0	1.2761020881670533
chr18	81	8	844.0	0.9478672985781991
chr18	82	5	821.0	0.6090133982947624
chr18	83	8	797.0	1.0037641154328731
chr18	84	10	779.0	1.2836970474967908
chr18	85	7	762.0	0.9186351706036745
chr18	86	6	739.0	0.8119079837618403
chr18	87	7	719.0	0.9735744089012517
chr18	88	9	686.0	1.3119533527696794
chr18	89	12	666.0	1.8018018018018018
chr18	90	7	630.0	1.1111111111111112
chr18	91	6	608.0	0.9868421052631579
chr18	92	5	578.0	0.8650519031141869
chr18	93	9	540.0	1.6666666666666667
chr18	94	17	514.0	3.3073929961089497
chr18	95	3	487.0	0.6160164271047228
chr18	96	4	454.0	0.881057268722467
chr18	97	6	440.0	1.3636363636363635
chr18	98	5	421.0	1.187648456057007
chr18	99	7	402.0	1.7412935323383085
chr18	100	6	386.0	1.5544041450777202
chr18	101	2	366.0	0.546448087431694
chr18	102	3	353.0	0.84985835694051
chr18	103	3	336.0	0.8928571428571428
chr18	104	4	300.0	1.3333333333333335
chr18	105	1	268.0	0.3731343283582089
chr18	106	3	255.0	1.1764705882352942
chr18	107	3	230.0	1.3043478260869565
chr18	108	2	215.0	0.9302325581395349
chr18	109	1	197.0	0.5076142131979695
chr18	110	2	165.0	1.2121212121212122
chr18	111	0	135.0	0.0
chr18	112	2	120.0	1.6666666666666667
chr18	113	0	93.0	0.0
chr18	114	1	72.0	1.3888888888888888
chr18	115	1	40.0	2.5
chr18	116	0	20.0	0.0
chr18	117	0	6.0	0.0
chr18	118	0	0.0	nan
chr18	119	0	0.0	nan
chr18	120	0	0.0	nan
chr18	121	0	0.0	nan
chr18	122	0	0.0	nan
chr18	123	0	0.0	nan
chr18	124	0	0.0	nan
chr18	125	0	0.0	nan
chr18	126	0	0.0	nan
chr18	127	0	0.0	nan
chr18	128	0	0.0	nan
chr18	129	0	0.0	nan
chr18	130	0	0.0	nan
chr19	-130	0	1.0	0.0
chr19	-129	0	29.0	0.0
chr19	-128	0	64.0	0.0
chr19	-127	0	117.0	0.0
chr19	-126	0	158.0	0.0
chr19	-125	1	203.0	0.49261083743842365
chr19	-124	1	259.0	0.3861003861003861
chr19	-123	4	311.0	1.2861736334405145
chr19	-122	0	356.0	0.0
chr19	-121	0	411.0	0.0
chr19	-120	1	464.0	0.21551724137931033
chr19	-119	0	526.0	0.0
chr19	-118	0	590.0	0.0
chr19	-117	0	643.0	0.0
chr19	-116	3	697.0	0.430416068866571
chr19	-115	1	759.0	0.13175230566534915
chr19	-114	0	826.0	0.0
chr19	-113	1	882.0	0.11337868480725624
chr19	-112	0	949.0	0.0
chr19	-111	2	1020.0	0.19607843137254902
chr19	-110	2	1071.0	0.18674136321195145
chr19	-109	3	1147.0	0.26155187445510025
chr19	-108	1	1211.0	0.08257638315441783
chr19	-107	1	1268.0	0.07886435331230283
chr19	-106	3	1336.0	0.2245508982035928
chr19	-105	16	1413.0	1.132342533616419
chr19	-104	4	1480.0	0.2702702702702703
chr19	-103	3	1535.0	0.19543973941368079
chr19	-102	0	1593.0	0.0
chr19	-101	8	1639.0	0.4881025015253203
chr19	-100	1	1719.0	0.058173356602675974
chr19	-99	1	1774.0	0.05636978579481398
chr19	-98	3	1835.0	0.16348773841961853
chr19	-97	1	1900.0	0.05263157894736842
chr19	-96	2	1987.0	0.10065425264217413
chr19	-95	3	2039.0	0.14713094654242276
chr19	-94	11	2104.0	0.5228136882129277
chr19	-93	2	2165.0	0.09237875288683603
chr19	-92	3	2223.0	0.1349527665317139
chr19	-91	5	2285.0	0.2188183807439825
chr19	-90	2	2343.0	0.08536064874093044
chr19	-89	8	2426.0	0.3297609233305853
chr19	-88	5	2484.0	0.20128824476650561
chr19	-87	1	2536.0	0.03943217665615142
chr19	-86	8	2591.0	0.3087610961018912
chr19	-85	2	2666.0	0.07501875468867217
chr19	-84	13	2740.0	0.4744525547445255
chr19	-83	4	2815.0	0.14209591474245115
chr19	-82	17	2872.0	0.5919220055710306
chr19	-81	1	2924.0	0.03419972640218878
chr19	-80	5	2984.0	0.1675603217158177
chr19	-79	6	3059.0	0.1961425302386401
chr19	-78	13	3117.0	0.4170676932948348
chr19	-77	8	3170.0	0.2523659305993691
chr19	-76	5	3217.0	0.1554243083618278
chr19	-75	3	3290.0	0.0911854103343465
chr19	-74	8	3356.0	0.23837902264600713
chr19	-73	15	3439.0	0.4361733061936609
chr19	-72	3	3495.0	0.08583690987124463
chr19	-71	4	3566.0	0.11217049915872125
chr19	-70	13	3620.0	0.35911602209944754
chr19	-69	8	3675.0	0.21768707482993196
chr19	-68	17	3739.0	0.4546670232682536
chr19	-67	16	3817.0	0.41917736442232123
chr19	-66	8	3886.0	0.2058672156459084
chr19	-65	10	3949.0	0.2532286654849329
chr19	-64	15	3998.0	0.3751875937968985
chr19	-63	6	4050.0	0.14814814814814814
chr19	-62	12	4097.0	0.2928972418843056
chr19	-61	2	4152.0	0.04816955684007707
chr19	-60	15	4192.0	0.35782442748091603
chr19	-59	18	4275.0	0.42105263157894735
chr19	-58	11	4342.0	0.2533394748963611
chr19	-57	5	4405.0	0.11350737797956867
chr19	-56	12	4477.0	0.2680366316729953
chr19	-55	4	4552.0	0.08787346221441124
chr19	-54	22	4616.0	0.47660311958405543
chr19	-53	4	4684.0	0.08539709649871904
chr19	-52	11	4756.0	0.23128679562657695
chr19	-51	6	4846.0	0.12381345439537762
chr19	-50	44	4910.0	0.8961303462321792
chr19	-49	21	5003.0	0.4197481511093344
chr19	-48	13	5056.0	0.25712025316455694
chr19	-47	11	5136.0	0.2141744548286604
chr19	-46	7	5186.0	0.1349787890474354
chr19	-45	8	5258.0	0.15214910612400154
chr19	-44	11	5311.0	0.2071173037092826
chr19	-43	12	5369.0	0.22350530825107096
chr19	-42	9	5440.0	0.16544117647058823
chr19	-41	10	5509.0	0.1815211472136504
chr19	-40	11	5584.0	0.1969914040114613
chr19	-39	12	5660.0	0.21201413427561835
chr19	-38	20	5721.0	0.34958923265163433
chr19	-37	14	5768.0	0.24271844660194172
chr19	-36	31	5823.0	0.5323716297441181
chr19	-35	13	5889.0	0.22075055187637968
chr19	-34	33	5928.0	0.5566801619433198
chr19	-33	17	5997.0	0.2834750708687677
chr19	-32	16	6035.0	0.2651201325600663
chr19	-31	16	6108.0	0.26195153896529144
chr19	-30	30	6179.0	0.48551545557533576
chr19	-29	26	6249.0	0.41606657065130415
chr19	-28	17	6315.0	0.269200316706255
chr19	-27	24	6386.0	0.3758221108675227
chr19	-26	32	6443.0	0.4966630451652957
chr19	-25	14	6507.0	0.21515291224834793
chr19	-24	18	6573.0	0.27384755819260614
chr19	-23	31	6616.0	0.46856106408706166
chr19	-22	16	6663.0	0.24013207263995198
chr19	-21	15	6709.0	0.22358026531524816
chr19	-20	19	6773.0	0.28052561641813084
chr19	-19	19	6827.0	0.27830672330452616
chr19	-18	13	6888.0	0.18873403019744484
chr19	-17	23	6951.0	0.3308876420658898
chr19	-16	29	7007.0	0.41387184244327097
chr19	-15	27	7070.0	0.3818953323903819
chr19	-14	36	7134.0	0.5046257359125316
chr19	-13	15	7181.0	0.20888455646845844
chr19	-12	45	7234.0	0.6220624827204866
chr19	-11	22	7279.0	0.3022393185877181
chr19	-10	33	7345.0	0.44928522804628995
chr19	-9	37	7345.0	0.5037440435670524
chr19	-8	49	7345.0	0.6671204901293397
chr19	-7	22	7345.0	0.2995234853641933
chr19	-6	22	7345.0	0.2995234853641933
chr19	-5	34	7345.0	0.46289993192648066
chr19	-4	24	7337.0	0.32710917268638406
chr19	-3	55	7334.0	0.7499318243796018
chr19	-2	65	7329.0	0.8868877063719471
chr19	-1	55	7312.0	0.7521881838074398
chr19	0	116	7130.0	1.6269284712482468
chr19	1	71	7109.0	0.9987339991559995
chr19	2	74	7028.0	1.0529311326124076
chr19	3	49	6990.0	0.7010014306151645
chr19	4	69	6926.0	0.9962460294542305
chr19	5	60	6867.0	0.873743993010048
chr19	6	47	6814.0	0.6897563839154681
chr19	7	77	6757.0	1.1395589758768685
chr19	8	55	6703.0	0.8205281217365359
chr19	9	67	6635.0	1.009796533534288
chr19	10	48	6578.0	0.7297050775311645
chr19	11	92	6517.0	1.411692496547491
chr19	12	63	6451.0	0.9765927763137499
chr19	13	71	6385.0	1.1119812059514487
chr19	14	44	6325.0	0.6956521739130435
chr19	15	51	6251.0	0.8158694608862581
chr19	16	92	6170.0	1.4910858995137763
chr19	17	44	6118.0	0.7191892775416803
chr19	18	56	6053.0	0.9251610771518256
chr19	19	51	5971.0	0.8541282867191425
chr19	20	53	5913.0	0.8963301200744123
chr19	21	56	5843.0	0.9584117747732329
chr19	22	40	5782.0	0.6918021445866482
chr19	23	47	5723.0	0.8212475974139438
chr19	24	39	5647.0	0.690632194085355
chr19	25	50	5590.0	0.8944543828264758
chr19	26	44	5535.0	0.7949412827461607
chr19	27	47	5481.0	0.8575077540594781
chr19	28	28	5420.0	0.5166051660516605
chr19	29	48	5355.0	0.8963585434173669
chr19	30	43	5297.0	0.8117802529733811
chr19	31	37	5231.0	0.7073217358057733
chr19	32	70	5160.0	1.3565891472868217
chr19	33	39	5093.0	0.7657569212644807
chr19	34	49	5023.0	0.9755126418475014
chr19	35	42	4966.0	0.8457511075312122
chr19	36	37	4897.0	0.7555646314069839
chr19	37	50	4849.0	1.031140441328109
chr19	38	48	4771.0	1.0060783902745756
chr19	39	44	4700.0	0.9361702127659575
chr19	40	27	4636.0	0.5823986194995686
chr19	41	26	4578.0	0.5679335954565312
chr19	42	37	4499.0	0.8224049788841965
chr19	43	45	4423.0	1.0174089984173638
chr19	44	29	4360.0	0.6651376146788991
chr19	45	38	4288.0	0.8861940298507462
chr19	46	29	4238.0	0.684285040113261
chr19	47	30	4185.0	0.7168458781362007
chr19	48	35	4131.0	0.8472524812394093
chr19	49	36	4063.0	0.8860447944868325
chr19	50	26	4003.0	0.6495128653509868
chr19	51	26	3954.0	0.6575619625695498
chr19	52	32	3905.0	0.8194622279129321
chr19	53	37	3845.0	0.9622886866059819
chr19	54	32	3775.0	0.847682119205298
chr19	55	22	3682.0	0.5975013579576317
chr19	56	33	3606.0	0.9151414309484194
chr19	57	21	3535.0	0.594059405940594
chr19	58	26	3480.0	0.7471264367816092
chr19	59	21	3418.0	0.6143943826799299
chr19	60	30	3363.0	0.8920606601248885
chr19	61	23	3297.0	0.6976038823172581
chr19	62	31	3257.0	0.9517961314092724
chr19	63	31	3205.0	0.9672386895475819
chr19	64	29	3148.0	0.9212198221092757
chr19	65	42	3098.0	1.355713363460297
chr19	66	42	3046.0	1.3788575180564675
chr19	67	42	2978.0	1.4103425117528543
chr19	68	28	2913.0	0.9612083762444216
chr19	69	21	2829.0	0.7423117709437964
chr19	70	30	2786.0	1.0768126346015794
chr19	71	27	2722.0	0.9919177075679648
chr19	72	32	2646.0	1.2093726379440666
chr19	73	18	2576.0	0.6987577639751553
chr19	74	26	2523.0	1.0305192231470472
chr19	75	26	2442.0	1.0647010647010646
chr19	76	19	2361.0	0.8047437526471835
chr19	77	35	2293.0	1.526384648931531
chr19	78	17	2227.0	0.7633587786259541
chr19	79	14	2163.0	0.6472491909385114
chr19	80	20	2099.0	0.9528346831824679
chr19	81	17	2030.0	0.8374384236453201
chr19	82	28	1969.0	1.4220416455053326
chr19	83	16	1896.0	0.8438818565400843
chr19	84	21	1832.0	1.146288209606987
chr19	85	15	1782.0	0.8417508417508417
chr19	86	13	1714.0	0.7584597432905484
chr19	87	11	1655.0	0.6646525679758308
chr19	88	13	1594.0	0.8155583437892095
chr19	89	16	1526.0	1.0484927916120577
chr19	90	15	1464.0	1.0245901639344261
chr19	91	12	1395.0	0.8602150537634409
chr19	92	14	1349.0	1.0378057820607858
chr19	93	15	1285.0	1.1673151750972763
chr19	94	10	1229.0	0.8136696501220505
chr19	95	7	1183.0	0.591715976331361
chr19	96	14	1121.0	1.2488849241748439
chr19	97	17	1046.0	1.6252390057361379
chr19	98	12	993.0	1.2084592145015105
chr19	99	7	926.0	0.755939524838013
chr19	100	10	877.0	1.1402508551881414
chr19	101	8	811.0	0.9864364981504316
chr19	102	8	751.0	1.0652463382157125
chr19	103	7	699.0	1.0014306151645207
chr19	104	11	653.0	1.6845329249617151
chr19	105	6	604.0	0.9933774834437087
chr19	106	10	554.0	1.8050541516245486
chr19	107	3	501.0	0.5988023952095809
chr19	108	2	449.0	0.4454342984409799
chr19	109	3	401.0	0.7481296758104738
chr19	110	4	337.0	1.1869436201780417
chr19	111	0	283.0	0.0
chr19	112	0	221.0	0.0
chr19	113	1	179.0	0.5586592178770949
chr19	114	0	133.0	0.0
chr19	115	3	95.0	3.1578947368421053
chr19	116	0	59.0	0.0
chr19	117	0	20.0	0.0
chr19	118	0	0.0	nan
chr19	119	0	0.0	nan
chr19	120	0	0.0	nan
chr19	121	0	0.0	nan
chr19	122	0	0.0	nan
chr19	123	0	0.0	nan
chr19	124	0	0.0	nan
chr19	125	0	0.0	nan
chr19	126	0	0.0	nan
chr19	127	0	0.0	nan
chr19	128	0	0.0	nan
chr19	129	0	0.0	nan
chr19	130	0	0.0	nan
chr19	131	0	0.0	nan
chr20	-138	0	1.0	0.0
chr20	-137	0	1.0	0.0
chr20	-136	0	1.0	0.0
chr20	-135	0	1.0	0.0
chr20	-134	0	1.0	0.0
chr20	-133	0	1.0	0.0
chr20	-132	0	1.0	0.0
chr20	-131	0	2.0	0.0
chr20	-130	0	3.0	0.0
chr20	-129	0	21.0	0.0
chr20	-128	0	50.0	0.0
chr20	-127	0	75.0	0.0
chr20	-126	0	114.0	0.0
chr20	-125	2	151.0	1.3245033112582782
chr20	-124	2	172.0	1.1627906976744187
chr20	-123	0	214.0	0.0
chr20	-122	1	258.0	0.3875968992248062
chr20	-121	0	295.0	0.0
chr20	-120	0	344.0	0.0
chr20	-119	0	395.0	0.0
chr20	-118	0	431.0	0.0
chr20	-117	0	459.0	0.0
chr20	-116	2	495.0	0.40404040404040403
chr20	-115	3	556.0	0.539568345323741
chr20	-114	7	595.0	1.1764705882352942
chr20	-113	4	628.0	0.6369426751592357
chr20	-112	1	672.0	0.1488095238095238
chr20	-111	2	718.0	0.2785515320334262
chr20	-110	0	760.0	0.0
chr20	-109	2	815.0	0.245398773006135
chr20	-108	1	865.0	0.11560693641618498
chr20	-107	3	913.0	0.32858707557502737
chr20	-106	2	954.0	0.20964360587002098
chr20	-105	6	1002.0	0.5988023952095809
chr20	-104	3	1034.0	0.2901353965183753
chr20	-103	3	1079.0	0.27803521779425394
chr20	-102	0	1125.0	0.0
chr20	-101	1	1170.0	0.08547008547008547
chr20	-100	0	1211.0	0.0
chr20	-99	2	1264.0	0.15822784810126583
chr20	-98	1	1316.0	0.07598784194528875
chr20	-97	2	1374.0	0.1455604075691412
chr20	-96	1	1442.0	0.06934812760055478
chr20	-95	7	1499.0	0.46697798532354906
chr20	-94	5	1549.0	0.32278889606197547
chr20	-93	3	1604.0	0.18703241895261846
chr20	-92	2	1649.0	0.1212856276531231
chr20	-91	4	1694.0	0.23612750885478156
chr20	-90	2	1747.0	0.11448196908986834
chr20	-89	8	1801.0	0.44419766796224325
chr20	-88	10	1842.0	0.5428881650380022
chr20	-87	1	1893.0	0.05282620179609086
chr20	-86	3	1930.0	0.15544041450777202
chr20	-85	6	1968.0	0.3048780487804878
chr20	-84	10	2013.0	0.49677098857426727
chr20	-83	3	2052.0	0.14619883040935672
chr20	-82	12	2093.0	0.5733397037744864
chr20	-81	2	2130.0	0.09389671361502347
chr20	-80	0	2172.0	0.0
chr20	-79	4	2209.0	0.1810774105930285
chr20	-78	4	2242.0	0.17841213202497772
chr20	-77	2	2284.0	0.08756567425569177
chr20	-76	3	2329.0	0.12881064834693
chr20	-75	2	2384.0	0.08389261744966443
chr20	-74	4	2438.0	0.16406890894175555
chr20	-73	4	2492.0	0.16051364365971107
chr20	-72	2	2534.0	0.07892659826361484
chr20	-71	5	2579.0	0.19387359441644048
chr20	-70	5	2625.0	0.19047619047619047
chr20	-69	3	2670.0	0.11235955056179776
chr20	-68	2	2703.0	0.07399186089530152
chr20	-67	1	2738.0	0.03652300949598247
chr20	-66	21	2775.0	0.7567567567567568
chr20	-65	16	2811.0	0.5691924581999288
chr20	-64	4	2851.0	0.14030164854437038
chr20	-63	9	2912.0	0.3090659340659341
chr20	-62	3	2954.0	0.1015572105619499
chr20	-61	8	2998.0	0.26684456304202797
chr20	-60	4	3043.0	0.13144922773578707
chr20	-59	3	3093.0	0.09699321047526674
chr20	-58	8	3136.0	0.25510204081632654
chr20	-57	3	3180.0	0.09433962264150944
chr20	-56	19	3225.0	0.5891472868217054
chr20	-55	13	3279.0	0.39646233607807263
chr20	-54	5	3324.0	0.15042117930204574
chr20	-53	9	3365.0	0.2674591381872214
chr20	-52	2	3398.0	0.05885815185403178
chr20	-51	8	3430.0	0.23323615160349853
chr20	-50	1	3480.0	0.028735632183908046
chr20	-49	8	3550.0	0.22535211267605634
chr20	-48	5	3592.0	0.13919821826280623
chr20	-47	37	3628.0	1.0198456449834619
chr20	-46	4	3650.0	0.1095890410958904
chr20	-45	4	3702.0	0.10804970286331712
chr20	-44	8	3748.0	0.21344717182497333
chr20	-43	5	3797.0	0.13168290755859888
chr20	-42	8	3855.0	0.20752269779507135
chr20	-41	6	3894.0	0.15408320493066258
chr20	-40	11	3952.0	0.2783400809716599
chr20	-39	19	4002.0	0.4747626186906547
chr20	-38	10	4042.0	0.24740227610094012
chr20	-37	12	4080.0	0.29411764705882354
chr20	-36	20	4114.0	0.48614487117160915
chr20	-35	8	4156.0	0.192492781520693
chr20	-34	10	4208.0	0.2376425855513308
chr20	-33	12	4249.0	0.2824193927983055
chr20	-32	7	4303.0	0.16267720195212643
chr20	-31	10	4342.0	0.23030861354214646
chr20	-30	7	4384.0	0.15967153284671534
chr20	-29	7	4424.0	0.15822784810126583
chr20	-28	41	4474.0	0.9164059007599463
chr20	-27	3	4518.0	0.06640106241699867
chr20	-26	23	4566.0	0.5037231712658783
chr20	-25	11	4629.0	0.23763231799524737
chr20	-24	10	4680.0	0.2136752136752137
chr20	-23	11	4734.0	0.23236163920574565
chr20	-22	14	4776.0	0.2931323283082077
chr20	-21	11	4825.0	0.22797927461139897
chr20	-20	12	4867.0	0.2465584549003493
chr20	-19	51	4898.0	1.041241322988975
chr20	-18	38	4941.0	0.7690750860149766
chr20	-17	25	4983.0	0.5017057997190447
chr20	-16	35	5016.0	0.6977671451355661
chr20	-15	26	5064.0	0.5134281200631912
chr20	-14	16	5104.0	0.3134796238244514
chr20	-13	12	5150.0	0.23300970873786409
chr20	-12	16	5179.0	0.30893994979725814
chr20	-11	50	5228.0	0.9563886763580718
chr20	-10	32	5263.0	0.6080182405472164
chr20	-9	16	5263.0	0.3040091202736082
chr20	-8	48	5262.0	0.9122006841505131
chr20	-7	22	5257.0	0.4184896328704584
chr20	-6	37	5252.0	0.7044935262757045
chr20	-5	19	5237.0	0.36280313156387245
chr20	-4	19	5234.0	0.3630110813909056
chr20	-3	25	5246.0	0.4765535646206634
chr20	-2	61	5245.0	1.163012392755005
chr20	-1	52	5236.0	0.9931245225362872
chr20	0	97	5100.0	1.9019607843137256
chr20	1	55	5054.0	1.0882469331222795
chr20	2	28	5013.0	0.5585477757829643
chr20	3	45	4980.0	0.9036144578313252
chr20	4	39	4949.0	0.7880379874722166
chr20	5	67	4903.0	1.366510299816439
chr20	6	43	4852.0	0.886232481450948
chr20	7	63	4798.0	1.3130471029595665
chr20	8	20	4762.0	0.41999160016799664
chr20	9	69	4726.0	1.4600084638171815
chr20	10	60	4689.0	1.2795905310300704
chr20	11	49	4652.0	1.053310404127257
chr20	12	20	4596.0	0.4351610095735422
chr20	13	30	4548.0	0.6596306068601583
chr20	14	59	4512.0	1.3076241134751774
chr20	15	34	4462.0	0.761990138951143
chr20	16	47	4418.0	1.0638297872340425
chr20	17	40	4381.0	0.9130335539831089
chr20	18	67	4334.0	1.545916012921089
chr20	19	23	4279.0	0.5375087637298435
chr20	20	17	4236.0	0.40132200188857414
chr20	21	29	4191.0	0.6919589596754951
chr20	22	24	4127.0	0.5815362248606736
chr20	23	22	4095.0	0.5372405372405372
chr20	24	30	4051.0	0.7405578869414959
chr20	25	37	4002.0	0.9245377311344328
chr20	26	27	3954.0	0.6828528072837633
chr20	27	56	3912.0	1.4314928425357873
chr20	28	27	3873.0	0.69713400464756
chr20	29	26	3828.0	0.6792058516196446
chr20	30	32	3778.0	0.8470089994706195
chr20	31	33	3710.0	0.889487870619946
chr20	32	37	3643.0	1.0156464452374416
chr20	33	15	3605.0	0.4160887656033287
chr20	34	52	3547.0	1.4660276289822385
chr20	35	57	3506.0	1.6257843696520253
chr20	36	22	3454.0	0.6369426751592357
chr20	37	23	3416.0	0.6733021077283372
chr20	38	21	3380.0	0.621301775147929
chr20	39	33	3329.0	0.9912886752778614
chr20	40	29	3281.0	0.8838768668088998
chr20	41	22	3233.0	0.6804825239715434
chr20	42	20	3163.0	0.6323110970597534
chr20	43	17	3112.0	0.5462724935732648
chr20	44	15	3085.0	0.48622366288492713
chr20	45	20	3056.0	0.6544502617801047
chr20	46	41	3023.0	1.3562686073436983
chr20	47	19	2983.0	0.6369426751592357
chr20	48	17	2952.0	0.575880758807588
chr20	49	20	2925.0	0.6837606837606838
chr20	50	28	2882.0	0.9715475364330326
chr20	51	18	2834.0	0.6351446718419196
chr20	52	25	2796.0	0.8941344778254651
chr20	53	24	2747.0	0.8736803785948308
chr20	54	31	2694.0	1.1507052709725316
chr20	55	36	2644.0	1.361573373676248
chr20	56	17	2595.0	0.6551059730250481
chr20	57	19	2566.0	0.7404520654715511
chr20	58	8	2519.0	0.3175863437872171
chr20	59	16	2483.0	0.644381796214257
chr20	60	25	2445.0	1.0224948875255624
chr20	61	14	2405.0	0.5821205821205822
chr20	62	16	2366.0	0.6762468300929839
chr20	63	14	2323.0	0.6026689625484287
chr20	64	31	2276.0	1.3620386643233744
chr20	65	20	2232.0	0.8960573476702508
chr20	66	21	2193.0	0.957592339261286
chr20	67	15	2137.0	0.7019185774450164
chr20	68	13	2082.0	0.6243996157540825
chr20	69	16	2035.0	0.7862407862407862
chr20	70	24	1990.0	1.2060301507537687
chr20	71	15	1942.0	0.772399588053553
chr20	72	15	1908.0	0.7861635220125787
chr20	73	21	1866.0	1.1254019292604502
chr20	74	9	1827.0	0.49261083743842365
chr20	75	8	1776.0	0.45045045045045046
chr20	76	12	1741.0	0.6892590465249857
chr20	77	14	1709.0	0.8191925102399065
chr20	78	10	1658.0	0.6031363088057901
chr20	79	16	1594.0	1.0037641154328731
chr20	80	12	1558.0	0.7702182284980745
chr20	81	18	1515.0	1.188118811881188
chr20	82	4	1477.0	0.2708192281651997
chr20	83	19	1434.0	1.3249651324965133
chr20	84	17	1389.0	1.2239020878329734
chr20	85	9	1342.0	0.6706408345752608
chr20	86	4	1294.0	0.3091190108191654
chr20	87	15	1240.0	1.2096774193548387
chr20	88	13	1185.0	1.0970464135021099
chr20	89	6	1139.0	0.5267778753292361
chr20	90	8	1095.0	0.730593607305936
chr20	91	6	1059.0	0.56657223796034
chr20	92	15	1025.0	1.4634146341463417
chr20	93	9	978.0	0.9202453987730062
chr20	94	9	935.0	0.9625668449197862
chr20	95	6	883.0	0.6795016987542469
chr20	96	7	859.0	0.8149010477299184
chr20	97	5	798.0	0.6265664160401002
chr20	98	8	765.0	1.045751633986928
chr20	99	4	714.0	0.5602240896358543
chr20	100	10	654.0	1.529051987767584
chr20	101	4	624.0	0.641025641025641
chr20	102	4	568.0	0.7042253521126761
chr20	103	6	517.0	1.160541586073501
chr20	104	5	465.0	1.0752688172043012
chr20	105	4	430.0	0.9302325581395349
chr20	106	2	389.0	0.5141388174807198
chr20	107	3	349.0	0.8595988538681949
chr20	108	2	321.0	0.6230529595015576
chr20	109	1	286.0	0.34965034965034963
chr20	110	2	242.0	0.8264462809917356
chr20	111	0	206.0	0.0
chr20	112	3	167.0	1.7964071856287425
chr20	113	2	134.0	1.4925373134328357
chr20	114	1	96.0	1.0416666666666665
chr20	115	2	69.0	2.898550724637681
chr20	116	0	44.0	0.0
chr20	117	0	12.0	0.0
chr20	118	0	0.0	nan
chr20	119	0	0.0	nan
chr20	120	0	0.0	nan
chr20	121	0	0.0	nan
chr20	122	0	0.0	nan
chr20	123	0	0.0	nan
chr20	124	0	0.0	nan
chr20	125	0	0.0	nan
chr20	126	0	0.0	nan
chr20	127	0	0.0	nan
chr20	128	0	0.0	nan
chr20	129	0	0.0	nan
chr20	130	0	0.0	nan
chr20	131	0	0.0	nan
chr21	-130	0	3.0	0.0
chr21	-129	0	26.0	0.0
chr21	-128	0	49.0	0.0
chr21	-127	0	68.0	0.0
chr21	-126	0	97.0	0.0
chr21	-125	0	117.0	0.0
chr21	-124	0	145.0	0.0
chr21	-123	0	174.0	0.0
chr21	-122	0	196.0	0.0
chr21	-121	0	229.0	0.0
chr21	-120	1	253.0	0.3952569169960474
chr21	-119	0	272.0	0.0
chr21	-118	4	296.0	1.3513513513513513
chr21	-117	1	321.0	0.3115264797507788
chr21	-116	0	342.0	0.0
chr21	-115	0	361.0	0.0
chr21	-114	0	379.0	0.0
chr21	-113	1	407.0	0.2457002457002457
chr21	-112	2	430.0	0.46511627906976744
chr21	-111	0	461.0	0.0
chr21	-110	0	498.0	0.0
chr21	-109	2	534.0	0.37453183520599254
chr21	-108	0	559.0	0.0
chr21	-107	1	593.0	0.16863406408094433
chr21	-106	0	632.0	0.0
chr21	-105	1	655.0	0.15267175572519084
chr21	-104	3	689.0	0.43541364296081275
chr21	-103	7	720.0	0.9722222222222222
chr21	-102	1	750.0	0.13333333333333333
chr21	-101	2	778.0	0.2570694087403599
chr21	-100	2	806.0	0.24813895781637718
chr21	-99	1	834.0	0.1199040767386091
chr21	-98	0	859.0	0.0
chr21	-97	2	886.0	0.2257336343115124
chr21	-96	3	904.0	0.33185840707964603
chr21	-95	3	936.0	0.3205128205128205
chr21	-94	9	965.0	0.932642487046632
chr21	-93	7	987.0	0.7092198581560284
chr21	-92	2	1002.0	0.19960079840319359
chr21	-91	5	1024.0	0.48828125
chr21	-90	4	1047.0	0.38204393505253104
chr21	-89	1	1067.0	0.09372071227741331
chr21	-88	3	1096.0	0.2737226277372263
chr21	-87	2	1113.0	0.17969451931716085
chr21	-86	6	1139.0	0.5267778753292361
chr21	-85	1	1172.0	0.08532423208191127
chr21	-84	3	1202.0	0.24958402662229617
chr21	-83	0	1223.0	0.0
chr21	-82	9	1261.0	0.7137192704203014
chr21	-81	0	1281.0	0.0
chr21	-80	0	1310.0	0.0
chr21	-79	4	1339.0	0.2987303958177745
chr21	-78	1	1367.0	0.0731528895391368
chr21	-77	1	1393.0	0.07178750897343862
chr21	-76	1	1437.0	0.06958942240779402
chr21	-75	2	1463.0	0.1367053998632946
chr21	-74	3	1500.0	0.2
chr21	-73	1	1523.0	0.06565988181221273
chr21	-72	2	1544.0	0.1295336787564767
chr21	-71	2	1589.0	0.12586532410320958
chr21	-70	2	1616.0	0.12376237623762376
chr21	-69	4	1644.0	0.24330900243309003
chr21	-68	1	1660.0	0.06024096385542169
chr21	-67	3	1687.0	0.17783046828689983
chr21	-66	2	1718.0	0.11641443538998836
chr21	-65	6	1742.0	0.3444316877152698
chr21	-64	9	1756.0	0.5125284738041003
chr21	-63	3	1777.0	0.16882386043894204
chr21	-62	7	1808.0	0.38716814159292035
chr21	-61	2	1834.0	0.10905125408942204
chr21	-60	2	1874.0	0.10672358591248667
chr21	-59	0	1897.0	0.0
chr21	-58	1	1926.0	0.05192107995846314
chr21	-57	0	1957.0	0.0
chr21	-56	2	1987.0	0.10065425264217413
chr21	-55	15	2022.0	0.741839762611276
chr21	-54	2	2057.0	0.09722897423432182
chr21	-53	6	2085.0	0.28776978417266186
chr21	-52	17	2117.0	0.8030231459612659
chr21	-51	4	2137.0	0.18717828731867103
chr21	-50	10	2165.0	0.4618937644341801
chr21	-49	5	2201.0	0.2271694684234439
chr21	-48	2	2236.0	0.08944543828264759
chr21	-47	1	2269.0	0.044072278536800354
chr21	-46	3	2303.0	0.13026487190620928
chr21	-45	3	2327.0	0.12892135797163728
chr21	-44	10	2360.0	0.423728813559322
chr21	-43	25	2374.0	1.0530749789385003
chr21	-42	8	2403.0	0.3329171868497711
chr21	-41	6	2425.0	0.24742268041237112
chr21	-40	6	2448.0	0.24509803921568626
chr21	-39	7	2486.0	0.2815768302493966
chr21	-38	18	2521.0	0.7140023800079334
chr21	-37	12	2550.0	0.4705882352941176
chr21	-36	2	2575.0	0.07766990291262137
chr21	-35	3	2610.0	0.11494252873563218
chr21	-34	6	2640.0	0.22727272727272727
chr21	-33	7	2674.0	0.2617801047120419
chr21	-32	36	2708.0	1.329394387001477
chr21	-31	3	2736.0	0.10964912280701754
chr21	-30	5	2765.0	0.18083182640144665
chr21	-29	7	2783.0	0.25152712899748475
chr21	-28	5	2813.0	0.17774617845716317
chr21	-27	9	2843.0	0.31656700668308124
chr21	-26	7	2871.0	0.24381748519679552
chr21	-25	7	2892.0	0.24204702627939143
chr21	-24	7	2909.0	0.24063251976624267
chr21	-23	7	2939.0	0.23817625042531473
chr21	-22	19	2975.0	0.6386554621848739
chr21	-21	29	2995.0	0.9682804674457429
chr21	-20	11	3018.0	0.36447978793903246
chr21	-19	16	3054.0	0.5239030779305829
chr21	-18	9	3082.0	0.2920181700194679
chr21	-17	3	3103.0	0.09668063164679343
chr21	-16	38	3134.0	1.2125079770261646
chr21	-15	12	3164.0	0.37926675094816686
chr21	-14	10	3189.0	0.31357792411414237
chr21	-13	30	3216.0	0.9328358208955223
chr21	-12	4	3256.0	0.12285012285012285
chr21	-11	10	3278.0	0.3050640634533252
chr21	-10	14	3295.0	0.42488619119878607
chr21	-9	5	3294.0	0.15179113539769276
chr21	-8	11	3295.0	0.3338391502276176
chr21	-7	15	3295.0	0.4552352048558422
chr21	-6	13	3295.0	0.39453717754172984
chr21	-5	7	3296.0	0.21237864077669902
chr21	-4	22	3273.0	0.6721662083715246
chr21	-3	25	3258.0	0.7673419275629221
chr21	-2	40	3246.0	1.2322858903265557
chr21	-1	42	3241.0	1.2958963282937366
chr21	0	84	3148.0	2.6683608640406606
chr21	1	98	3122.0	3.1390134529147984
chr21	2	26	3084.0	0.8430609597924773
chr21	3	36	3068.0	1.1734028683181226
chr21	4	26	3050.0	0.8524590163934427
chr21	5	23	3013.0	0.7633587786259541
chr21	6	17	2985.0	0.5695142378559465
chr21	7	26	2956.0	0.8795669824086604
chr21	8	21	2936.0	0.715258855585831
chr21	9	20	2910.0	0.6872852233676976
chr21	10	13	2894.0	0.44920525224602625
chr21	11	21	2874.0	0.7306889352818371
chr21	12	26	2848.0	0.9129213483146067
chr21	13	23	2828.0	0.8132956152758133
chr21	14	28	2795.0	1.001788908765653
chr21	15	44	2763.0	1.5924719507781397
chr21	16	20	2733.0	0.7317965605561654
chr21	17	38	2695.0	1.4100185528756959
chr21	18	19	2673.0	0.710811821922933
chr21	19	18	2637.0	0.6825938566552902
chr21	20	39	2609.0	1.4948256036795706
chr21	21	24	2583.0	0.9291521486643438
chr21	22	28	2546.0	1.0997643362136684
chr21	23	18	2522.0	0.7137192704203014
chr21	24	21	2487.0	0.8443908323281062
chr21	25	18	2456.0	0.7328990228013029
chr21	26	12	2423.0	0.4952538175815105
chr21	27	25	2399.0	1.0421008753647354
chr21	28	7	2374.0	0.2948609941027801
chr21	29	15	2344.0	0.6399317406143344
chr21	30	20	2322.0	0.8613264427217916
chr21	31	47	2306.0	2.038161318300087
chr21	32	19	2288.0	0.8304195804195804
chr21	33	23	2262.0	1.0167992926613616
chr21	34	22	2245.0	0.9799554565701559
chr21	35	13	2216.0	0.5866425992779783
chr21	36	25	2188.0	1.1425959780621573
chr21	37	17	2166.0	0.7848568790397045
chr21	38	10	2150.0	0.46511627906976744
chr21	39	17	2115.0	0.8037825059101654
chr21	40	18	2091.0	0.860832137733142
chr21	41	20	2060.0	0.9708737864077669
chr21	42	30	2019.0	1.4858841010401187
chr21	43	14	1988.0	0.7042253521126761
chr21	44	17	1956.0	0.869120654396728
chr21	45	18	1935.0	0.9302325581395349
chr21	46	17	1911.0	0.8895866038723181
chr21	47	16	1890.0	0.8465608465608466
chr21	48	12	1874.0	0.6403415154749199
chr21	49	20	1854.0	1.0787486515641855
chr21	50	14	1827.0	0.7662835249042145
chr21	51	25	1793.0	1.3943112102621305
chr21	52	11	1756.0	0.6264236902050113
chr21	53	18	1722.0	1.0452961672473868
chr21	54	10	1695.0	0.5899705014749262
chr21	55	10	1680.0	0.5952380952380952
chr21	56	11	1655.0	0.6646525679758308
chr21	57	11	1615.0	0.6811145510835914
chr21	58	9	1587.0	0.5671077504725899
chr21	59	12	1564.0	0.7672634271099744
chr21	60	8	1535.0	0.5211726384364821
chr21	61	13	1507.0	0.8626410086264101
chr21	62	19	1467.0	1.2951601908657124
chr21	63	18	1441.0	1.2491325468424705
chr21	64	16	1424.0	1.1235955056179776
chr21	65	9	1407.0	0.6396588486140725
chr21	66	16	1378.0	1.1611030478955007
chr21	67	7	1354.0	0.51698670605613
chr21	68	8	1331.0	0.6010518407212623
chr21	69	14	1296.0	1.0802469135802468
chr21	70	5	1265.0	0.3952569169960474
chr21	71	13	1235.0	1.0526315789473684
chr21	72	7	1207.0	0.579950289975145
chr21	73	10	1172.0	0.8532423208191127
chr21	74	12	1138.0	1.054481546572935
chr21	75	5	1111.0	0.45004500450045004
chr21	76	13	1088.0	1.1948529411764706
chr21	77	6	1067.0	0.5623242736644799
chr21	78	10	1038.0	0.9633911368015413
chr21	79	7	1016.0	0.6889763779527559
chr21	80	13	987.0	1.3171225937183384
chr21	81	14	955.0	1.4659685863874345
chr21	82	8	931.0	0.8592910848549946
chr21	83	7	898.0	0.779510022271715
chr21	84	3	867.0	0.34602076124567477
chr21	85	11	849.0	1.2956419316843346
chr21	86	7	815.0	0.8588957055214724
chr21	87	5	792.0	0.6313131313131313
chr21	88	6	762.0	0.7874015748031495
chr21	89	9	731.0	1.231190150478796
chr21	90	3	693.0	0.4329004329004329
chr21	91	8	670.0	1.1940298507462688
chr21	92	8	639.0	1.2519561815336464
chr21	93	12	612.0	1.9607843137254901
chr21	94	7	587.0	1.192504258943782
chr21	95	2	555.0	0.36036036036036034
chr21	96	5	512.0	0.9765625
chr21	97	5	485.0	1.0309278350515463
chr21	98	6	463.0	1.2958963282937366
chr21	99	5	439.0	1.1389521640091116
chr21	100	6	418.0	1.4354066985645932
chr21	101	2	397.0	0.5037783375314862
chr21	102	5	372.0	1.3440860215053763
chr21	103	3	350.0	0.8571428571428572
chr21	104	1	334.0	0.29940119760479045
chr21	105	3	305.0	0.9836065573770493
chr21	106	1	274.0	0.36496350364963503
chr21	107	2	243.0	0.823045267489712
chr21	108	3	214.0	1.4018691588785046
chr21	109	4	182.0	2.197802197802198
chr21	110	1	155.0	0.6451612903225806
chr21	111	0	138.0	0.0
chr21	112	0	107.0	0.0
chr21	113	0	84.0	0.0
chr21	114	0	67.0	0.0
chr21	115	1	47.0	2.127659574468085
chr21	116	0	26.0	0.0
chr21	117	0	10.0	0.0
chr21	118	0	0.0	nan
chr21	119	0	0.0	nan
chr21	120	0	0.0	nan
chr21	121	0	0.0	nan
chr21	122	0	0.0	nan
chr21	123	0	0.0	nan
chr21	124	0	0.0	nan
chr21	125	0	0.0	nan
chr21	126	0	0.0	nan
chr21	127	0	0.0	nan
chr21	128	0	0.0	nan
chr21	129	0	0.0	nan
chr21	130	0	0.0	nan
chr21	131	0	0.0	nan
chr22	-130	0	2.0	0.0
chr22	-129	0	28.0	0.0
chr22	-128	0	61.0	0.0
chr22	-127	1	111.0	0.9009009009009009
chr22	-126	0	166.0	0.0
chr22	-125	1	211.0	0.47393364928909953
chr22	-124	0	266.0	0.0
chr22	-123	2	322.0	0.6211180124223602
chr22	-122	1	396.0	0.25252525252525254
chr22	-121	2	474.0	0.42194092827004215
chr22	-120	0	544.0	0.0
chr22	-119	1	630.0	0.15873015873015872
chr22	-118	0	701.0	0.0
chr22	-117	5	762.0	0.6561679790026247
chr22	-116	6	838.0	0.7159904534606205
chr22	-115	1	904.0	0.11061946902654868
chr22	-114	1	975.0	0.10256410256410256
chr22	-113	1	1037.0	0.09643201542912247
chr22	-112	7	1105.0	0.6334841628959276
chr22	-111	0	1145.0	0.0
chr22	-110	1	1201.0	0.08326394671107411
chr22	-109	4	1263.0	0.3167062549485352
chr22	-108	1	1327.0	0.07535795026375283
chr22	-107	3	1389.0	0.21598272138228944
chr22	-106	3	1475.0	0.2033898305084746
chr22	-105	1	1547.0	0.06464124111182934
chr22	-104	1	1611.0	0.06207324643078833
chr22	-103	2	1674.0	0.11947431302270012
chr22	-102	0	1756.0	0.0
chr22	-101	0	1818.0	0.0
chr22	-100	3	1887.0	0.1589825119236884
chr22	-99	3	1965.0	0.15267175572519084
chr22	-98	10	2031.0	0.4923682914820286
chr22	-97	2	2112.0	0.0946969696969697
chr22	-96	2	2175.0	0.09195402298850575
chr22	-95	6	2236.0	0.26833631484794274
chr22	-94	4	2293.0	0.17444395987788924
chr22	-93	9	2357.0	0.3818413237165889
chr22	-92	2	2421.0	0.08261049153242463
chr22	-91	2	2484.0	0.08051529790660225
chr22	-90	6	2554.0	0.23492560689115116
chr22	-89	3	2650.0	0.11320754716981132
chr22	-88	7	2716.0	0.25773195876288657
chr22	-87	8	2788.0	0.2869440459110474
chr22	-86	7	2860.0	0.24475524475524477
chr22	-85	2	2924.0	0.06839945280437756
chr22	-84	17	2995.0	0.5676126878130217
chr22	-83	5	3070.0	0.16286644951140067
chr22	-82	4	3124.0	0.12804097311139565
chr22	-81	5	3197.0	0.15639662183296843
chr22	-80	12	3264.0	0.3676470588235294
chr22	-79	4	3329.0	0.12015620306398318
chr22	-78	10	3396.0	0.2944640753828033
chr22	-77	18	3466.0	0.51933064050779
chr22	-76	8	3539.0	0.22605255721955356
chr22	-75	10	3614.0	0.2767017155506364
chr22	-74	4	3681.0	0.10866612333604998
chr22	-73	22	3754.0	0.5860415556739478
chr22	-72	5	3821.0	0.13085579691180318
chr22	-71	15	3874.0	0.38719669592152817
chr22	-70	4	3939.0	0.10154861640010156
chr22	-69	6	4025.0	0.14906832298136646
chr22	-68	10	4081.0	0.24503798088703752
chr22	-67	51	4155.0	1.227436823104693
chr22	-66	5	4235.0	0.11806375442739078
chr22	-65	8	4290.0	0.1864801864801865
chr22	-64	10	4376.0	0.22851919561243145
chr22	-63	10	4446.0	0.22492127755285649
chr22	-62	4	4523.0	0.08843687817820031
chr22	-61	16	4595.0	0.3482045701849837
chr22	-60	10	4658.0	0.21468441391155002
chr22	-59	10	4723.0	0.21172983273343213
chr22	-58	5	4797.0	0.10423181154888472
chr22	-57	17	4864.0	0.3495065789473684
chr22	-56	44	4942.0	0.8903278025091057
chr22	-55	6	4997.0	0.12007204322593557
chr22	-54	7	5047.0	0.13869625520110956
chr22	-53	6	5128.0	0.1170046801872075
chr22	-52	5	5224.0	0.09571209800918837
chr22	-51	40	5294.0	0.7555723460521345
chr22	-50	24	5377.0	0.4463455458434071
chr22	-49	31	5444.0	0.5694342395297576
chr22	-48	30	5509.0	0.5445634416409512
chr22	-47	28	5579.0	0.5018820577164366
chr22	-46	21	5650.0	0.37168141592920356
chr22	-45	19	5710.0	0.3327495621716287
chr22	-44	8	5767.0	0.1387203051846714
chr22	-43	12	5836.0	0.205620287868403
chr22	-42	26	5916.0	0.4394861392832995
chr22	-41	36	6012.0	0.5988023952095809
chr22	-40	38	6075.0	0.6255144032921811
chr22	-39	15	6141.0	0.24425989252564728
chr22	-38	11	6197.0	0.17750524447313218
chr22	-37	18	6276.0	0.28680688336520077
chr22	-36	6	6338.0	0.09466708740927737
chr22	-35	42	6411.0	0.6551240056153487
chr22	-34	17	6489.0	0.26198181537987364
chr22	-33	18	6566.0	0.27413950654888825
chr22	-32	49	6637.0	0.7382853698960374
chr22	-31	22	6700.0	0.3283582089552239
chr22	-30	21	6783.0	0.30959752321981426
chr22	-29	13	6854.0	0.18967026553837174
chr22	-28	66	6936.0	0.9515570934256056
chr22	-27	14	6997.0	0.20008575103615836
chr22	-26	13	7063.0	0.1840577658218887
chr22	-25	22	7134.0	0.3083823941687692
chr22	-24	12	7195.0	0.16678248783877692
chr22	-23	44	7259.0	0.6061440969830555
chr22	-22	20	7340.0	0.2724795640326975
chr22	-21	14	7396.0	0.18929150892374255
chr22	-20	18	7467.0	0.24106066693451184
chr22	-19	17	7528.0	0.22582359192348567
chr22	-18	19	7599.0	0.2500328990656665
chr22	-17	24	7658.0	0.31339775398276315
chr22	-16	47	7712.0	0.6094398340248963
chr22	-15	33	7783.0	0.42400102788127975
chr22	-14	35	7845.0	0.44614404079031234
chr22	-13	18	7911.0	0.22753128555176336
chr22	-12	81	7987.0	1.0141479904845374
chr22	-11	55	8054.0	0.6828904891979141
chr22	-10	27	8112.0	0.33284023668639057
chr22	-9	32	8112.0	0.39447731755424065
chr22	-8	25	8111.0	0.30822340032055234
chr22	-7	32	8111.0	0.39452595241030697
chr22	-6	24	8112.0	0.2958579881656805
chr22	-5	36	8112.0	0.4437869822485207
chr22	-4	41	8104.0	0.5059230009871668
chr22	-3	23	8099.0	0.28398567724410423
chr22	-2	30	8094.0	0.37064492216456635
chr22	-1	87	8085.0	1.0760667903525045
chr22	0	116	7906.0	1.4672400708322793
chr22	1	40	7859.0	0.5089706069474488
chr22	2	53	7792.0	0.6801848049281314
chr22	3	50	7723.0	0.6474168069403082
chr22	4	46	7644.0	0.6017791732077447
chr22	5	47	7579.0	0.6201345823987334
chr22	6	46	7506.0	0.6128430588862244
chr22	7	49	7435.0	0.6590450571620713
chr22	8	42	7365.0	0.5702647657841141
chr22	9	51	7298.0	0.6988215949575226
chr22	10	76	7237.0	1.0501589056238774
chr22	11	91	7169.0	1.269354163760636
chr22	12	43	7097.0	0.6058898125968719
chr22	13	45	7031.0	0.6400227563646708
chr22	14	55	6965.0	0.7896625987078248
chr22	15	53	6902.0	0.7678933642422486
chr22	16	49	6833.0	0.717108151617152
chr22	17	47	6772.0	0.6940342587123449
chr22	18	37	6710.0	0.5514157973174367
chr22	19	34	6656.0	0.5108173076923077
chr22	20	42	6586.0	0.6377163680534468
chr22	21	64	6513.0	0.9826500844464916
chr22	22	61	6445.0	0.9464701318851823
chr22	23	34	6374.0	0.5334170065892689
chr22	24	44	6300.0	0.6984126984126984
chr22	25	32	6239.0	0.5129027087674307
chr22	26	36	6168.0	0.5836575875486382
chr22	27	51	6100.0	0.8360655737704917
chr22	28	39	6043.0	0.6453748138341884
chr22	29	38	5952.0	0.6384408602150538
chr22	30	22	5888.0	0.3736413043478261
chr22	31	46	5811.0	0.791602133884013
chr22	32	39	5746.0	0.6787330316742082
chr22	33	53	5672.0	0.9344146685472496
chr22	34	56	5609.0	0.9983954359065788
chr22	35	34	5545.0	0.6131650135256989
chr22	36	34	5491.0	0.6191950464396285
chr22	37	47	5411.0	0.868600997967104
chr22	38	33	5350.0	0.6168224299065421
chr22	39	53	5268.0	1.006074411541382
chr22	40	47	5198.0	0.9041939207387457
chr22	41	43	5136.0	0.837227414330218
chr22	42	33	5068.0	0.6511444356748224
chr22	43	30	4995.0	0.6006006006006006
chr22	44	26	4938.0	0.5265289590927501
chr22	45	39	4872.0	0.8004926108374385
chr22	46	44	4823.0	0.9122952519178934
chr22	47	52	4743.0	1.0963525195024246
chr22	48	61	4680.0	1.3034188034188035
chr22	49	37	4602.0	0.8039982616253802
chr22	50	49	4531.0	1.0814389759435004
chr22	51	28	4460.0	0.6278026905829596
chr22	52	26	4396.0	0.5914467697907189
chr22	53	24	4318.0	0.555812876331635
chr22	54	19	4242.0	0.4479019330504479
chr22	55	53	4176.0	1.2691570881226053
chr22	56	24	4114.0	0.583373845405931
chr22	57	32	4048.0	0.7905138339920948
chr22	58	34	3969.0	0.8566389518770472
chr22	59	22	3909.0	0.5628037861345613
chr22	60	28	3848.0	0.7276507276507277
chr22	61	32	3772.0	0.8483563096500532
chr22	62	21	3695.0	0.5683355886332883
chr22	63	22	3607.0	0.6099251455503188
chr22	64	29	3532.0	0.8210645526613816
chr22	65	22	3473.0	0.6334581053843938
chr22	66	43	3404.0	1.263219741480611
chr22	67	18	3348.0	0.5376344086021506
chr22	68	18	3288.0	0.5474452554744526
chr22	69	30	3195.0	0.9389671361502347
chr22	70	26	3137.0	0.8288173414089895
chr22	71	27	3065.0	0.8809135399673736
chr22	72	18	2995.0	0.6010016694490818
chr22	73	27	2927.0	0.9224461906388793
chr22	74	21	2854.0	0.7358093903293622
chr22	75	26	2777.0	0.9362621534029528
chr22	76	28	2691.0	1.0405053883314752
chr22	77	27	2638.0	1.023502653525398
chr22	78	22	2570.0	0.8560311284046693
chr22	79	29	2508.0	1.1562998405103668
chr22	80	13	2450.0	0.5306122448979592
chr22	81	14	2365.0	0.5919661733615222
chr22	82	25	2300.0	1.0869565217391304
chr22	83	17	2245.0	0.7572383073496659
chr22	84	16	2174.0	0.7359705611775529
chr22	85	18	2111.0	0.8526764566556134
chr22	86	31	2028.0	1.5285996055226825
chr22	87	14	1952.0	0.7172131147540983
chr22	88	15	1892.0	0.7928118393234672
chr22	89	20	1824.0	1.0964912280701753
chr22	90	5	1752.0	0.28538812785388123
chr22	91	5	1689.0	0.2960331557134399
chr22	92	22	1625.0	1.353846153846154
chr22	93	14	1547.0	0.904977375565611
chr22	94	9	1478.0	0.6089309878213802
chr22	95	4	1411.0	0.28348688873139616
chr22	96	11	1340.0	0.8208955223880596
chr22	97	16	1273.0	1.2568735271013356
chr22	98	6	1203.0	0.4987531172069825
chr22	99	9	1117.0	0.8057296329453895
chr22	100	6	1041.0	0.5763688760806917
chr22	101	12	982.0	1.2219959266802443
chr22	102	8	929.0	0.8611410118406888
chr22	103	12	874.0	1.3729977116704806
chr22	104	7	805.0	0.8695652173913043
chr22	105	3	749.0	0.4005340453938585
chr22	106	1	673.0	0.1485884101040119
chr22	107	4	611.0	0.6546644844517185
chr22	108	4	554.0	0.7220216606498195
chr22	109	2	477.0	0.41928721174004197
chr22	110	3	419.0	0.7159904534606205
chr22	111	6	364.0	1.6483516483516485
chr22	112	1	305.0	0.32786885245901637
chr22	113	5	251.0	1.9920318725099602
chr22	114	1	181.0	0.5524861878453038
chr22	115	0	126.0	0.0
chr22	116	3	74.0	4.054054054054054
chr22	117	0	25.0	0.0
chr22	118	0	0.0	nan
chr22	119	0	0.0	nan
chr22	120	0	0.0	nan
chr22	121	0	0.0	nan
chr22	122	0	0.0	nan
chr22	123	0	0.0	nan
chr22	124	0	0.0	nan
chr22	125	0	0.0	nan
chr22	126	0	0.0	nan
chr22	127	0	0.0	nan
chr22	128	0	0.0	nan
chr22	129	0	0.0	nan
chrX	-133	0	2.0	0.0
chrX	-132	0	2.0	0.0
chrX	-131	0	5.0	0.0
chrX	-130	0	9.0	0.0
chrX	-129	0	33.0	0.0
chrX	-128	0	69.0	0.0
chrX	-127	0	117.0	0.0
chrX	-126	0	158.0	0.0
chrX	-125	0	185.0	0.0
chrX	-124	3	228.0	1.3157894736842104
chrX	-123	0	277.0	0.0
chrX	-122	1	329.0	0.303951367781155
chrX	-121	0	385.0	0.0
chrX	-120	0	428.0	0.0
chrX	-119	1	489.0	0.2044989775051125
chrX	-118	2	551.0	0.3629764065335753
chrX	-117	1	600.0	0.16666666666666669
chrX	-116	2	667.0	0.29985007496251875
chrX	-115	1	731.0	0.13679890560875513
chrX	-114	0	774.0	0.0
chrX	-113	0	817.0	0.0
chrX	-112	0	861.0	0.0
chrX	-111	0	930.0	0.0
chrX	-110	2	1005.0	0.1990049751243781
chrX	-109	0	1043.0	0.0
chrX	-108	3	1074.0	0.27932960893854747
chrX	-107	1	1136.0	0.08802816901408451
chrX	-106	1	1182.0	0.08460236886632826
chrX	-105	0	1246.0	0.0
chrX	-104	0	1298.0	0.0
chrX	-103	2	1348.0	0.1483679525222552
chrX	-102	1	1401.0	0.07137758743754462
chrX	-101	1	1452.0	0.06887052341597796
chrX	-100	0	1514.0	0.0
chrX	-99	1	1554.0	0.06435006435006435
chrX	-98	5	1622.0	0.3082614056720099
chrX	-97	1	1687.0	0.05927682276229994
chrX	-96	2	1741.0	0.11487650775416428
chrX	-95	1	1790.0	0.055865921787709494
chrX	-94	0	1859.0	0.0
chrX	-93	4	1902.0	0.2103049421661409
chrX	-92	0	1960.0	0.0
chrX	-91	1	2010.0	0.04975124378109452
chrX	-90	2	2060.0	0.0970873786407767
chrX	-89	1	2113.0	0.047326076668244205
chrX	-88	0	2167.0	0.0
chrX	-87	3	2232.0	0.13440860215053765
chrX	-86	0	2283.0	0.0
chrX	-85	9	2345.0	0.3837953091684435
chrX	-84	9	2391.0	0.37641154328732745
chrX	-83	1	2442.0	0.040950040950040956
chrX	-82	2	2485.0	0.08048289738430583
chrX	-81	1	2537.0	0.039416633819471816
chrX	-80	19	2595.0	0.7321772639691715
chrX	-79	2	2655.0	0.07532956685499058
chrX	-78	1	2719.0	0.03677822728944465
chrX	-77	2	2784.0	0.07183908045977011
chrX	-76	2	2835.0	0.07054673721340389
chrX	-75	14	2902.0	0.4824259131633356
chrX	-74	1	2945.0	0.03395585738539898
chrX	-73	3	3010.0	0.09966777408637872
chrX	-72	4	3067.0	0.13042060645582002
chrX	-71	4	3112.0	0.12853470437017994
chrX	-70	2	3160.0	0.06329113924050633
chrX	-69	3	3221.0	0.09313877677739833
chrX	-68	6	3279.0	0.18298261665141813
chrX	-67	8	3344.0	0.23923444976076555
chrX	-66	3	3395.0	0.08836524300441827
chrX	-65	3	3441.0	0.08718395815170009
chrX	-64	10	3489.0	0.2866150759529951
chrX	-63	5	3558.0	0.1405283867341203
chrX	-62	15	3605.0	0.4160887656033287
chrX	-61	13	3659.0	0.3552883301448483
chrX	-60	7	3716.0	0.1883745963401507
chrX	-59	19	3761.0	0.5051847912789151
chrX	-58	1	3810.0	0.026246719160104987
chrX	-57	19	3873.0	0.4905757810482829
chrX	-56	2	3906.0	0.051203277009728626
chrX	-55	4	3960.0	0.10101010101010101
chrX	-54	3	4017.0	0.07468259895444362
chrX	-53	6	4069.0	0.14745637748832638
chrX	-52	13	4111.0	0.31622476283142786
chrX	-51	18	4163.0	0.43238049483545515
chrX	-50	14	4228.0	0.33112582781456956
chrX	-49	8	4261.0	0.18774935461159353
chrX	-48	12	4307.0	0.2786162061759926
chrX	-47	10	4355.0	0.2296211251435132
chrX	-46	27	4409.0	0.6123837604899071
chrX	-45	3	4475.0	0.0670391061452514
chrX	-44	12	4525.0	0.26519337016574585
chrX	-43	8	4576.0	0.17482517482517482
chrX	-42	7	4644.0	0.15073212747631354
chrX	-41	4	4691.0	0.08526966531656363
chrX	-40	12	4739.0	0.2532179784764718
chrX	-39	6	4796.0	0.12510425354462051
chrX	-38	12	4837.0	0.24808765763903248
chrX	-37	15	4886.0	0.30699959066721244
chrX	-36	8	4919.0	0.16263468184590363
chrX	-35	13	4975.0	0.26130653266331655
chrX	-34	13	5018.0	0.2590673575129534
chrX	-33	10	5062.0	0.19755037534571318
chrX	-32	15	5107.0	0.29371450949676914
chrX	-31	13	5151.0	0.25237817899437004
chrX	-30	15	5219.0	0.28741138149070705
chrX	-29	7	5282.0	0.13252555850056796
chrX	-28	10	5319.0	0.18800526414739613
chrX	-27	12	5360.0	0.22388059701492538
chrX	-26	15	5399.0	0.27782922763474716
chrX	-25	10	5465.0	0.18298261665141813
chrX	-24	13	5516.0	0.23567802755620013
chrX	-23	15	5543.0	0.2706115821757171
chrX	-22	11	5592.0	0.19670958512160228
chrX	-21	21	5651.0	0.3716156432489825
chrX	-20	23	5698.0	0.40365040365040367
chrX	-19	14	5758.0	0.24313997915943034
chrX	-18	15	5821.0	0.25768768252877516
chrX	-17	22	5872.0	0.3746594005449591
chrX	-16	13	5930.0	0.21922428330522764
chrX	-15	12	5978.0	0.20073603211776514
chrX	-14	30	6032.0	0.49734748010610075
chrX	-13	34	6084.0	0.5588428665351742
chrX	-12	12	6123.0	0.19598236158745713
chrX	-11	30	6182.0	0.48527984471044966
chrX	-10	27	6237.0	0.4329004329004329
chrX	-9	36	6237.0	0.5772005772005772
chrX	-8	19	6227.0	0.3051228520957122
chrX	-7	24	6237.0	0.3848003848003848
chrX	-6	31	6237.0	0.4970338303671637
chrX	-5	32	6237.0	0.5130671797338464
chrX	-4	27	6228.0	0.4335260115606936
chrX	-3	25	6222.0	0.4018000642880103
chrX	-2	47	6210.0	0.7568438003220611
chrX	-1	48	6173.0	0.777579782925644
chrX	0	89	5967.0	1.4915367856544328
chrX	1	41	5931.0	0.6912830888551678
chrX	2	38	5887.0	0.6454900628503483
chrX	3	55	5851.0	0.9400102546573235
chrX	4	56	5808.0	0.9641873278236914
chrX	5	31	5742.0	0.5398815743643329
chrX	6	40	5680.0	0.7042253521126761
chrX	7	44	5643.0	0.7797270955165692
chrX	8	47	5596.0	0.8398856325947106
chrX	9	35	5533.0	0.6325682270016266
chrX	10	52	5479.0	0.9490782989596642
chrX	11	44	5428.0	0.8106116433308769
chrX	12	49	5370.0	0.9124767225325885
chrX	13	49	5321.0	0.9208795339221951
chrX	14	45	5269.0	0.854052002277472
chrX	15	35	5211.0	0.6716561120706199
chrX	16	29	5173.0	0.5606031316450802
chrX	17	29	5112.0	0.5672926447574336
chrX	18	36	5047.0	0.7132950267485635
chrX	19	48	5002.0	0.9596161535385845
chrX	20	49	4967.0	0.9865109724179585
chrX	21	40	4901.0	0.8161599673536014
chrX	22	40	4853.0	0.8242324335462601
chrX	23	32	4806.0	0.6658343736995422
chrX	24	30	4764.0	0.6297229219143577
chrX	25	35	4710.0	0.743099787685775
chrX	26	39	4651.0	0.8385293485271984
chrX	27	28	4603.0	0.6082989354768629
chrX	28	27	4538.0	0.5949757602468048
chrX	29	34	4498.0	0.755891507336594
chrX	30	28	4428.0	0.6323396567299007
chrX	31	31	4376.0	0.7084095063985375
chrX	32	24	4314.0	0.5563282336578581
chrX	33	29	4259.0	0.680911011974642
chrX	34	28	4194.0	0.6676204101096805
chrX	35	32	4149.0	0.7712701855868884
chrX	36	29	4080.0	0.7107843137254902
chrX	37	29	4041.0	0.7176441474882455
chrX	38	22	3982.0	0.5524861878453038
chrX	39	41	3934.0	1.0421962379257754
chrX	40	32	3877.0	0.8253804488006191
chrX	41	38	3818.0	0.9952854897852279
chrX	42	27	3767.0	0.7167507300238917
chrX	43	27	3711.0	0.7275666936135812
chrX	44	20	3666.0	0.5455537370430987
chrX	45	40	3619.0	1.1052777010223818
chrX	46	31	3579.0	0.866163732886281
chrX	47	26	3523.0	0.7380073800738007
chrX	48	23	3455.0	0.6657018813314037
chrX	49	36	3390.0	1.0619469026548671
chrX	50	38	3341.0	1.1373840167614486
chrX	51	14	3290.0	0.425531914893617
chrX	52	20	3214.0	0.6222775357809583
chrX	53	24	3157.0	0.7602153943617358
chrX	54	22	3109.0	0.7076230299131554
chrX	55	25	3057.0	0.8177952240758913
chrX	56	22	3004.0	0.7323568575233023
chrX	57	27	2959.0	0.9124704291990536
chrX	58	29	2910.0	0.9965635738831614
chrX	59	21	2857.0	0.7350367518375919
chrX	60	16	2794.0	0.5726556907659269
chrX	61	22	2744.0	0.8017492711370262
chrX	62	22	2699.0	0.8151167098925528
chrX	63	29	2634.0	1.1009870918754745
chrX	64	25	2594.0	0.963762528912876
chrX	65	22	2519.0	0.8733624454148471
chrX	66	16	2477.0	0.6459426725878078
chrX	67	24	2430.0	0.9876543209876543
chrX	68	12	2392.0	0.5016722408026756
chrX	69	20	2351.0	0.8507018290089324
chrX	70	20	2294.0	0.8718395815170008
chrX	71	22	2243.0	0.980829246544806
chrX	72	15	2206.0	0.6799637352674524
chrX	73	18	2159.0	0.8337193144974525
chrX	74	22	2099.0	1.0481181515007145
chrX	75	13	2041.0	0.6369426751592357
chrX	76	14	2002.0	0.6993006993006993
chrX	77	26	1956.0	1.329243353783231
chrX	78	19	1887.0	1.00688924218336
chrX	79	17	1845.0	0.921409214092141
chrX	80	21	1800.0	1.1666666666666667
chrX	81	20	1751.0	1.1422044545973729
chrX	82	16	1695.0	0.943952802359882
chrX	83	21	1641.0	1.2797074954296161
chrX	84	20	1590.0	1.257861635220126
chrX	85	16	1546.0	1.034928848641656
chrX	86	7	1489.0	0.47011417058428473
chrX	87	9	1436.0	0.6267409470752089
chrX	88	11	1388.0	0.792507204610951
chrX	89	13	1349.0	0.9636767976278725
chrX	90	14	1310.0	1.0687022900763359
chrX	91	8	1263.0	0.6334125098970704
chrX	92	12	1222.0	0.9819967266775778
chrX	93	4	1158.0	0.3454231433506045
chrX	94	11	1113.0	0.9883198562443846
chrX	95	11	1065.0	1.0328638497652582
chrX	96	7	1029.0	0.6802721088435374
chrX	97	8	977.0	0.8188331627430911
chrX	98	2	915.0	0.2185792349726776
chrX	99	5	851.0	0.5875440658049353
chrX	100	5	810.0	0.6172839506172839
chrX	101	9	771.0	1.1673151750972763
chrX	102	2	739.0	0.2706359945872801
chrX	103	6	668.0	0.8982035928143712
chrX	104	6	633.0	0.9478672985781991
chrX	105	5	586.0	0.8532423208191127
chrX	106	4	542.0	0.7380073800738007
chrX	107	3	486.0	0.6172839506172839
chrX	108	3	422.0	0.7109004739336493
chrX	109	4	375.0	1.0666666666666667
chrX	110	5	316.0	1.5822784810126582
chrX	111	3	282.0	1.0638297872340425
chrX	112	2	235.0	0.851063829787234
chrX	113	2	178.0	1.1235955056179776
chrX	114	1	141.0	0.7092198581560284
chrX	115	0	102.0	0.0
chrX	116	0	57.0	0.0
chrX	117	0	25.0	0.0
chrX	118	0	0.0	nan
chrX	119	0	0.0	nan
chrX	120	0	0.0	nan
chrX	121	0	0.0	nan
chrX	122	0	0.0	nan
chrX	123	0	0.0	nan
chrX	124	0	0.0	nan
chrX	125	0	0.0	nan
chrX	126	0	0.0	nan
chrX	127	0	0.0	nan
chrX	128	0	0.0	nan
chrX	129	0	0.0	nan
