chr1	-140	0	0.0	nan
chr1	-139	0	5.0	0.0
chr1	-138	0	5.0	0.0
chr1	-137	0	7.0	0.0
chr1	-136	0	10.0	0.0
chr1	-135	0	14.0	0.0
chr1	-134	0	17.0	0.0
chr1	-133	0	25.0	0.0
chr1	-132	0	36.0	0.0
chr1	-131	0	49.0	0.0
chr1	-130	7	342.0	2.046783625730994
chr1	-129	2	760.0	0.2631578947368421
chr1	-128	1	1273.0	0.07855459544383347
chr1	-127	1	1904.0	0.052521008403361345
chr1	-126	12	2567.0	0.46747175691468645
chr1	-125	7	3226.0	0.21698698078115314
chr1	-124	8	3855.0	0.20752269779507135
chr1	-123	11	4589.0	0.23970363913706688
chr1	-122	15	5396.0	0.2779836916234248
chr1	-121	19	6144.0	0.30924479166666663
chr1	-120	17	6989.0	0.24323937616254113
chr1	-119	16	7701.0	0.20776522529541616
chr1	-118	16	8452.0	0.18930430667297682
chr1	-117	27	9167.0	0.2945347441911203
chr1	-116	31	10003.0	0.3099070278916325
chr1	-115	22	10854.0	0.20269025244149622
chr1	-114	12	11629.0	0.10319030011178949
chr1	-113	19	12512.0	0.1518542199488491
chr1	-112	5	13376.0	0.03738038277511962
chr1	-111	34	14209.0	0.23928496023646983
chr1	-110	35	15063.0	0.23235743211843593
chr1	-109	35	15979.0	0.21903748670129547
chr1	-108	31	16858.0	0.18388895479890854
chr1	-107	36	17761.0	0.2026912899048477
chr1	-106	31	18676.0	0.16598843435425145
chr1	-105	30	19563.0	0.15335071308081583
chr1	-104	26	20564.0	0.1264345458082085
chr1	-103	36	21490.0	0.16751977664029782
chr1	-102	31	22486.0	0.1378635595481633
chr1	-101	48	23422.0	0.20493553069763473
chr1	-100	65	24445.0	0.26590304765800776
chr1	-99	95	25357.0	0.3746499980281579
chr1	-98	31	26352.0	0.1176381299332119
chr1	-97	45	27334.0	0.1646301309724153
chr1	-96	57	28359.0	0.20099439331429178
chr1	-95	68	29433.0	0.23103319403390754
chr1	-94	52	30442.0	0.17081663491229224
chr1	-93	40	31379.0	0.1274737882023009
chr1	-92	101	32433.0	0.31141121697036966
chr1	-91	120	33429.0	0.35896975679798976
chr1	-90	43	34437.0	0.12486569677962656
chr1	-89	56	35435.0	0.1580358402709186
chr1	-88	66	36387.0	0.1813834611262264
chr1	-87	74	37335.0	0.19820543725726528
chr1	-86	76	38271.0	0.19858378406626426
chr1	-85	89	39289.0	0.2265265086920003
chr1	-84	70	40308.0	0.17366279646720253
chr1	-83	81	41424.0	0.1955388180764774
chr1	-82	91	42487.0	0.21418316190834844
chr1	-81	91	43493.0	0.2092290713448141
chr1	-80	124	44514.0	0.2785640472660287
chr1	-79	62	45511.0	0.13623080134472984
chr1	-78	178	46578.0	0.3821546652926274
chr1	-77	88	47594.0	0.18489725595663317
chr1	-76	74	48505.0	0.15256159158849603
chr1	-75	101	49538.0	0.20388388711696073
chr1	-74	97	50573.0	0.19180194965693156
chr1	-73	79	51601.0	0.153097808182012
chr1	-72	119	52629.0	0.2261110794428927
chr1	-71	71	53568.0	0.13254181600955794
chr1	-70	116	54640.0	0.21229868228404097
chr1	-69	139	55661.0	0.2497260200140134
chr1	-68	114	56687.0	0.20110430963007392
chr1	-67	116	57593.0	0.20141336620769887
chr1	-66	116	58631.0	0.19784755504767101
chr1	-65	194	59612.0	0.3254378313091324
chr1	-64	142	60629.0	0.23421135100364512
chr1	-63	149	61685.0	0.24154980951608981
chr1	-62	150	62702.0	0.23922681892124656
chr1	-61	133	63864.0	0.20825504196417388
chr1	-60	150	64927.0	0.23102869376376545
chr1	-59	166	65975.0	0.25161045850701025
chr1	-58	176	67026.0	0.2625846686360517
chr1	-57	158	68069.0	0.23211741027486815
chr1	-56	185	69077.0	0.26781707370036334
chr1	-55	153	70064.0	0.2183717743777118
chr1	-54	144	71102.0	0.20252594863716913
chr1	-53	157	72078.0	0.2178195843391881
chr1	-52	262	73172.0	0.3580604602853551
chr1	-51	148	74165.0	0.19955504618081304
chr1	-50	174	75178.0	0.23145069036154195
chr1	-49	249	76322.0	0.32624931212494435
chr1	-48	202	77361.0	0.26111348095293496
chr1	-47	177	78442.0	0.22564442518038805
chr1	-46	185	79444.0	0.2328684356276119
chr1	-45	201	80575.0	0.2494570276140242
chr1	-44	305	81679.0	0.37341299477221807
chr1	-43	211	82717.0	0.25508662064630006
chr1	-42	190	83737.0	0.22690089207877043
chr1	-41	143	84731.0	0.16876939962941545
chr1	-40	210	85789.0	0.2447866276562263
chr1	-39	209	86888.0	0.24053954516158735
chr1	-38	251	87980.0	0.2852921118436008
chr1	-37	191	89146.0	0.2142552666412402
chr1	-36	222	90163.0	0.2462207335603296
chr1	-35	264	91151.0	0.2896292964421674
chr1	-34	278	92232.0	0.3014138260039899
chr1	-33	206	93369.0	0.22062997354582356
chr1	-32	274	94492.0	0.2899716378106083
chr1	-31	234	95556.0	0.24488258194147933
chr1	-30	371	96604.0	0.3840420686514016
chr1	-29	251	97741.0	0.2568011377006579
chr1	-28	354	98842.0	0.3581473462698043
chr1	-27	353	99969.0	0.3531094639338195
chr1	-26	269	101081.0	0.2661232081202204
chr1	-25	405	102186.0	0.39633609300686984
chr1	-24	270	103280.0	0.26142525174283504
chr1	-23	400	104471.0	0.3828813737783691
chr1	-22	261	105646.0	0.2470514737898264
chr1	-21	393	106807.0	0.3679534112932673
chr1	-20	271	107872.0	0.2512236725007416
chr1	-19	349	109027.0	0.3201041943738707
chr1	-18	341	110057.0	0.3098394468320961
chr1	-17	312	111247.0	0.28045700108766974
chr1	-16	324	112307.0	0.2884949290783299
chr1	-15	397	113420.0	0.3500264503614883
chr1	-14	324	114554.0	0.2828360423904883
chr1	-13	462	115698.0	0.3993154592127781
chr1	-12	378	116782.0	0.32368001918103817
chr1	-11	360	117876.0	0.30540568054565814
chr1	-10	353	119044.0	0.2965290144820402
chr1	-9	438	118925.0	0.36829934832877864
chr1	-8	465	118890.0	0.3911178400201868
chr1	-7	426	118954.0	0.35812162684735277
chr1	-6	509	118964.0	0.42786052923573514
chr1	-5	596	118914.0	0.5012025497418302
chr1	-4	582	118909.0	0.4894499154815868
chr1	-3	542	118881.0	0.4559181029769265
chr1	-2	485	118890.0	0.40794011270922703
chr1	-1	1201	118733.0	1.01151322715673
chr1	0	1682	115589.0	1.4551557674173148
chr1	1	725	114743.0	0.6318468228998719
chr1	2	920	113850.0	0.8080808080808081
chr1	3	909	112787.0	0.8059439474407512
chr1	4	909	111884.0	0.8124486074863251
chr1	5	861	110832.0	0.7768514508445215
chr1	6	815	109838.0	0.7420018572807224
chr1	7	859	108730.0	0.7900303504092706
chr1	8	869	107728.0	0.8066612208525176
chr1	9	719	106823.0	0.6730760229538583
chr1	10	801	105810.0	0.7570172951516869
chr1	11	843	104796.0	0.8044200160311462
chr1	12	879	103834.0	0.8465435213899108
chr1	13	724	102876.0	0.7037598662467437
chr1	14	809	101847.0	0.7943287480239968
chr1	15	818	100754.0	0.8118784365881254
chr1	16	788	99767.0	0.7898403279641565
chr1	17	734	98693.0	0.7437204259673937
chr1	18	815	97648.0	0.8346305095854498
chr1	19	762	96628.0	0.7885912985884008
chr1	20	832	95610.0	0.8702018617299445
chr1	21	625	94570.0	0.6608861161044729
chr1	22	859	93503.0	0.9186871009486326
chr1	23	716	92441.0	0.7745480901331661
chr1	24	843	91348.0	0.9228445067215483
chr1	25	729	90209.0	0.8081233579798024
chr1	26	730	89131.0	0.8190191964636322
chr1	27	827	88129.0	0.938397122400118
chr1	28	675	87050.0	0.7754164273406089
chr1	29	761	85954.0	0.8853572841287201
chr1	30	688	84963.0	0.8097642503207279
chr1	31	673	83892.0	0.8022219043532162
chr1	32	712	82800.0	0.8599033816425121
chr1	33	683	81764.0	0.8353309524974315
chr1	34	727	80732.0	0.9005103304761434
chr1	35	609	79746.0	0.7636746670679406
chr1	36	657	78657.0	0.8352721308974407
chr1	37	591	77606.0	0.7615390562585367
chr1	38	636	76490.0	0.8314812393776964
chr1	39	558	75463.0	0.7394352199090946
chr1	40	572	74454.0	0.7682595965294008
chr1	41	619	73460.0	0.8426354478627825
chr1	42	582	72459.0	0.8032128514056224
chr1	43	650	71461.0	0.9095870474804439
chr1	44	602	70420.0	0.8548707753479126
chr1	45	560	69453.0	0.8063006637582251
chr1	46	522	68468.0	0.762399953262838
chr1	47	518	67441.0	0.7680787651428657
chr1	48	593	66402.0	0.8930453901990903
chr1	49	524	65391.0	0.8013335168448257
chr1	50	478	64379.0	0.7424781372807904
chr1	51	572	63384.0	0.902435945980058
chr1	52	505	62415.0	0.8091003765120564
chr1	53	470	61450.0	0.7648494711147275
chr1	54	477	60387.0	0.7899051120274231
chr1	55	550	59387.0	0.9261286140064323
chr1	56	482	58325.0	0.8264037719674239
chr1	57	505	57302.0	0.8812955917769013
chr1	58	510	56328.0	0.9054111631870473
chr1	59	443	55278.0	0.8014038134520063
chr1	60	463	54300.0	0.8526703499079189
chr1	61	413	53249.0	0.7756014197449718
chr1	62	395	52242.0	0.7560966272347919
chr1	63	419	51280.0	0.8170826833073322
chr1	64	462	50223.0	0.9198972582283018
chr1	65	402	49202.0	0.8170399577252957
chr1	66	406	48161.0	0.8430057515417039
chr1	67	408	47159.0	0.8651582942810493
chr1	68	323	46120.0	0.7003469210754554
chr1	69	355	45100.0	0.7871396895787139
chr1	70	355	44104.0	0.8049156539089424
chr1	71	371	43065.0	0.8614884476953442
chr1	72	308	42074.0	0.7320435423301802
chr1	73	292	41112.0	0.7102549134072776
chr1	74	334	40107.0	0.8327723340065325
chr1	75	292	39013.0	0.7484684592315382
chr1	76	337	38033.0	0.8860726211447953
chr1	77	326	36960.0	0.8820346320346321
chr1	78	267	35985.0	0.7419758232596915
chr1	79	296	34930.0	0.84740910392213
chr1	80	262	33942.0	0.7719050144363915
chr1	81	255	32945.0	0.7740173015632114
chr1	82	235	31914.0	0.7363539512439682
chr1	83	237	30943.0	0.7659244417154122
chr1	84	211	29900.0	0.7056856187290971
chr1	85	286	28911.0	0.9892428487426931
chr1	86	226	27991.0	0.8074023793362152
chr1	87	170	27047.0	0.6285355122564426
chr1	88	204	26053.0	0.7830192300310904
chr1	89	173	25075.0	0.6899302093718844
chr1	90	185	24099.0	0.7676667081621644
chr1	91	180	23090.0	0.7795582503248158
chr1	92	154	22167.0	0.6947263950918031
chr1	93	139	21225.0	0.6548881036513545
chr1	94	136	20214.0	0.672801028989809
chr1	95	135	19260.0	0.7009345794392523
chr1	96	120	18247.0	0.6576423521674796
chr1	97	122	17266.0	0.7065909880690374
chr1	98	114	16339.0	0.6977171185507068
chr1	99	119	15459.0	0.7697781227763763
chr1	100	94	14587.0	0.6444094056351546
chr1	101	102	13674.0	0.7459412022817025
chr1	102	73	12780.0	0.5712050078247262
chr1	103	74	11895.0	0.6221101303068516
chr1	104	78	10967.0	0.7112245828394274
chr1	105	62	10038.0	0.617652918908149
chr1	106	64	9162.0	0.6985374372407771
chr1	107	68	8297.0	0.8195733397613595
chr1	108	47	7433.0	0.6323153504641463
chr1	109	40	6607.0	0.6054184955350386
chr1	110	40	5780.0	0.6920415224913495
chr1	111	31	4954.0	0.6257569640694388
chr1	112	29	4169.0	0.6956104581434397
chr1	113	22	3381.0	0.6506950606329488
chr1	114	19	2644.0	0.7186081694402421
chr1	115	8	1946.0	0.41109969167523125
chr1	116	6	1313.0	0.456968773800457
chr1	117	3	746.0	0.40214477211796246
chr1	118	1	276.0	0.36231884057971014
chr1	119	0	0.0	nan
chr1	120	0	0.0	nan
chr1	121	0	0.0	nan
chr1	122	0	0.0	nan
chr1	123	0	0.0	nan
chr1	124	0	0.0	nan
chr1	125	0	0.0	nan
chr1	126	0	0.0	nan
chr1	127	0	0.0	nan
chr1	128	0	0.0	nan
chr1	129	0	0.0	nan
chr1	130	0	0.0	nan
chr1	131	0	0.0	nan
chr1	132	0	0.0	nan
chr1	133	0	0.0	nan
chr1	134	0	0.0	nan
chr1	135	0	0.0	nan
chr1	136	0	0.0	nan
chr1	137	0	0.0	nan
chr1	138	0	0.0	nan
chr1	139	0	0.0	nan
chr1	140	0	0.0	nan
chr1	141	0	0.0	nan
chr1	142	0	0.0	nan
chr1	143	0	0.0	nan
chr1	144	0	0.0	nan
chr1	145	0	0.0	nan
chr1	146	0	0.0	nan
chr1	147	0	0.0	nan
chr1	148	0	0.0	nan
chr1	149	0	0.0	nan
chr1	150	0	0.0	nan
chr1	151	0	0.0	nan
chr1	152	0	0.0	nan
chr1	153	0	0.0	nan
chr1	154	0	0.0	nan
chr1	155	0	0.0	nan
chr1	156	0	0.0	nan
chr1	157	0	0.0	nan
chr1	158	0	0.0	nan
chr1	159	0	0.0	nan
chr1	160	0	0.0	nan
chr1	161	0	0.0	nan
chr2	-150	0	0.0	nan
chr2	-149	0	0.0	nan
chr2	-148	0	0.0	nan
chr2	-147	0	0.0	nan
chr2	-146	0	0.0	nan
chr2	-145	0	0.0	nan
chr2	-144	0	0.0	nan
chr2	-143	0	0.0	nan
chr2	-142	0	0.0	nan
chr2	-141	0	0.0	nan
chr2	-140	0	0.0	nan
chr2	-139	0	8.0	0.0
chr2	-138	0	8.0	0.0
chr2	-137	0	8.0	0.0
chr2	-136	0	8.0	0.0
chr2	-135	0	11.0	0.0
chr2	-134	0	12.0	0.0
chr2	-133	0	19.0	0.0
chr2	-132	0	24.0	0.0
chr2	-131	0	32.0	0.0
chr2	-130	1	119.0	0.8403361344537815
chr2	-129	0	283.0	0.0
chr2	-128	1	493.0	0.2028397565922921
chr2	-127	1	734.0	0.13623978201634876
chr2	-126	0	1033.0	0.0
chr2	-125	4	1344.0	0.2976190476190476
chr2	-124	2	1659.0	0.12055455093429776
chr2	-123	3	1942.0	0.15447991761071062
chr2	-122	4	2226.0	0.17969451931716085
chr2	-121	3	2567.0	0.11686793922867161
chr2	-120	10	2886.0	0.3465003465003465
chr2	-119	5	3215.0	0.15552099533437014
chr2	-118	13	3546.0	0.36661026508742245
chr2	-117	6	3910.0	0.1534526854219949
chr2	-116	0	4231.0	0.0
chr2	-115	3	4535.0	0.0661521499448732
chr2	-114	2	4879.0	0.04099200655872105
chr2	-113	4	5219.0	0.07664303506418854
chr2	-112	10	5600.0	0.17857142857142858
chr2	-111	6	5982.0	0.10030090270812438
chr2	-110	6	6391.0	0.09388202159286496
chr2	-109	22	6726.0	0.3270889087124591
chr2	-108	26	7125.0	0.36491228070175435
chr2	-107	30	7446.0	0.40290088638195
chr2	-106	19	7853.0	0.24194575321533174
chr2	-105	12	8230.0	0.14580801944106928
chr2	-104	13	8592.0	0.15130353817504655
chr2	-103	8	8982.0	0.0890670229347584
chr2	-102	5	9356.0	0.05344164172723387
chr2	-101	17	9706.0	0.17514939212858027
chr2	-100	25	10101.0	0.2475002475002475
chr2	-99	32	10457.0	0.30601510949603133
chr2	-98	20	10798.0	0.18521948508983144
chr2	-97	22	11176.0	0.19685039370078738
chr2	-96	7	11597.0	0.060360438044321806
chr2	-95	43	11990.0	0.3586321934945788
chr2	-94	10	12428.0	0.08046346958480849
chr2	-93	21	12771.0	0.1644350481559784
chr2	-92	49	13180.0	0.37177541729893776
chr2	-91	25	13563.0	0.18432500184325
chr2	-90	26	13978.0	0.18600658177135498
chr2	-89	21	14426.0	0.1455704977124636
chr2	-88	17	14850.0	0.11447811447811448
chr2	-87	34	15334.0	0.22172949002217296
chr2	-86	21	15779.0	0.13308828189365612
chr2	-85	41	16194.0	0.253180190193899
chr2	-84	17	16642.0	0.1021511837519529
chr2	-83	29	17065.0	0.16993847055376501
chr2	-82	37	17483.0	0.21163415889721443
chr2	-81	20	17903.0	0.11171312070602693
chr2	-80	41	18376.0	0.22311710927296474
chr2	-79	65	18793.0	0.3458734635236524
chr2	-78	39	19217.0	0.20294530884113027
chr2	-77	53	19681.0	0.26929525938722626
chr2	-76	36	20111.0	0.1790065138481428
chr2	-75	81	20499.0	0.3951412264012879
chr2	-74	21	20902.0	0.10046885465505692
chr2	-73	70	21291.0	0.3287774176882251
chr2	-72	28	21715.0	0.1289431268708266
chr2	-71	42	22109.0	0.18996788638111176
chr2	-70	34	22483.0	0.15122537027976693
chr2	-69	30	22877.0	0.1311360755343795
chr2	-68	53	23286.0	0.22760456926908873
chr2	-67	34	23701.0	0.14345386270621494
chr2	-66	53	24050.0	0.2203742203742204
chr2	-65	81	24477.0	0.33092290721902196
chr2	-64	64	24926.0	0.2567600096285004
chr2	-63	53	25408.0	0.20859571788413098
chr2	-62	73	25846.0	0.282442157393794
chr2	-61	48	26293.0	0.18255809531053893
chr2	-60	80	26699.0	0.29963669051275327
chr2	-59	38	27111.0	0.14016450887093798
chr2	-58	81	27563.0	0.2938722200050793
chr2	-57	40	28021.0	0.14275008029692018
chr2	-56	82	28472.0	0.288002247822422
chr2	-55	78	28917.0	0.2697375246394854
chr2	-54	60	29326.0	0.20459660369637864
chr2	-53	68	29774.0	0.22838718344864645
chr2	-52	77	30183.0	0.25511049266143193
chr2	-51	91	30549.0	0.2978820910668107
chr2	-50	26	30923.0	0.08407981114380882
chr2	-49	87	31335.0	0.27764480612733367
chr2	-48	67	31785.0	0.21079125373603902
chr2	-47	54	32245.0	0.1674678244689099
chr2	-46	64	32667.0	0.1959163682003245
chr2	-45	62	33131.0	0.18713591500407473
chr2	-44	42	33684.0	0.12468827930174563
chr2	-43	102	34173.0	0.29848125713282414
chr2	-42	74	34619.0	0.2137554522083249
chr2	-41	72	35059.0	0.2053680937847628
chr2	-40	117	35505.0	0.32953105196451205
chr2	-39	51	35936.0	0.14191896705253784
chr2	-38	160	36330.0	0.4404073768235618
chr2	-37	102	36786.0	0.2772793997716523
chr2	-36	83	37244.0	0.2228546880034368
chr2	-35	76	37664.0	0.20178419711129994
chr2	-34	76	38104.0	0.1994541255511232
chr2	-33	87	38532.0	0.22578635938959823
chr2	-32	149	38994.0	0.38211006821562293
chr2	-31	114	39389.0	0.28942090431338696
chr2	-30	70	39836.0	0.1757204538608294
chr2	-29	152	40259.0	0.3775553292431506
chr2	-28	95	40679.0	0.2335357309668379
chr2	-27	141	41191.0	0.3423077856813382
chr2	-26	90	41654.0	0.21606568396792628
chr2	-25	113	42116.0	0.2683065818216355
chr2	-24	147	42562.0	0.3453785066491236
chr2	-23	90	42992.0	0.20934127279493858
chr2	-22	134	43476.0	0.3082160272334161
chr2	-21	90	43937.0	0.20483874638687213
chr2	-20	163	44391.0	0.3671915478362731
chr2	-19	159	44899.0	0.35412815430187755
chr2	-18	121	45346.0	0.2668372072509152
chr2	-17	95	45772.0	0.2075504675347374
chr2	-16	137	46231.0	0.2963379550518051
chr2	-15	119	46690.0	0.25487256371814093
chr2	-14	102	47132.0	0.21641347704319785
chr2	-13	177	47657.0	0.3714039910191577
chr2	-12	164	48097.0	0.3409776077510032
chr2	-11	144	48525.0	0.29675425038639874
chr2	-10	197	48930.0	0.40261598201512366
chr2	-9	143	48972.0	0.2920035938903864
chr2	-8	136	48992.0	0.2775963422599608
chr2	-7	149	49011.0	0.30401338475036216
chr2	-6	197	49005.0	0.40199979593918983
chr2	-5	227	49014.0	0.46313298241318807
chr2	-4	138	48978.0	0.2817591571726081
chr2	-3	242	48940.0	0.4944830404577033
chr2	-2	228	48910.0	0.46616233898998155
chr2	-1	551	48792.0	1.129283489096573
chr2	0	793	47430.0	1.6719375922411974
chr2	1	310	47149.0	0.6574900846253366
chr2	2	419	46784.0	0.8956053351573188
chr2	3	264	46374.0	0.5692845128735929
chr2	4	371	45953.0	0.8073466367810589
chr2	5	336	45553.0	0.7376023533027463
chr2	6	292	45153.0	0.6466901424047129
chr2	7	307	44695.0	0.68687772681508
chr2	8	327	44278.0	0.7385157414517367
chr2	9	348	43772.0	0.7950287855249932
chr2	10	360	43330.0	0.830833141010847
chr2	11	291	42879.0	0.6786538865178758
chr2	12	373	42460.0	0.8784738577484692
chr2	13	277	41988.0	0.6597122987520244
chr2	14	327	41589.0	0.7862655990766789
chr2	15	364	41176.0	0.8840101029726054
chr2	16	271	40730.0	0.6653572305425977
chr2	17	285	40297.0	0.7072486785616795
chr2	18	278	39846.0	0.6976860914520906
chr2	19	313	39406.0	0.7942952849819823
chr2	20	268	38991.0	0.6873381036649483
chr2	21	323	38564.0	0.837568716938077
chr2	22	272	38128.0	0.7133864876206463
chr2	23	304	37701.0	0.8063446592928569
chr2	24	297	37299.0	0.7962679964610312
chr2	25	213	36871.0	0.5776897832985273
chr2	26	245	36430.0	0.6725226461707384
chr2	27	259	35990.0	0.7196443456515699
chr2	28	307	35617.0	0.8619479462054637
chr2	29	255	35184.0	0.7247612551159618
chr2	30	274	34757.0	0.7883304082630836
chr2	31	284	34394.0	0.8257254172239344
chr2	32	239	33957.0	0.7038313160762141
chr2	33	255	33515.0	0.760853349246606
chr2	34	219	33060.0	0.662431941923775
chr2	35	259	32647.0	0.7933347627653383
chr2	36	264	32211.0	0.8195957902579863
chr2	37	279	31816.0	0.8769172743273825
chr2	38	242	31404.0	0.7706024710227997
chr2	39	289	31010.0	0.9319574330861012
chr2	40	220	30583.0	0.7193538894156885
chr2	41	265	30142.0	0.8791719195806516
chr2	42	228	29692.0	0.7678836050114508
chr2	43	219	29215.0	0.7496149238404929
chr2	44	226	28792.0	0.7849402611836621
chr2	45	193	28346.0	0.680872080716856
chr2	46	215	27913.0	0.7702504209508114
chr2	47	199	27522.0	0.7230579173025217
chr2	48	240	27063.0	0.8868196430550936
chr2	49	171	26630.0	0.642132932782576
chr2	50	186	26225.0	0.7092469018112488
chr2	51	212	25802.0	0.8216417331989767
chr2	52	225	25384.0	0.8863851244878663
chr2	53	192	24960.0	0.7692307692307693
chr2	54	179	24543.0	0.7293321924785071
chr2	55	169	24152.0	0.6997350115932428
chr2	56	162	23745.0	0.6822488945041061
chr2	57	185	23326.0	0.7931064048701021
chr2	58	140	22919.0	0.6108468955888128
chr2	59	172	22500.0	0.7644444444444444
chr2	60	124	22080.0	0.5615942028985508
chr2	61	194	21686.0	0.8945863690860463
chr2	62	173	21257.0	0.8138495554405607
chr2	63	151	20832.0	0.7248463901689708
chr2	64	169	20465.0	0.8258001465917421
chr2	65	152	20075.0	0.7571606475716064
chr2	66	124	19651.0	0.6310111444710192
chr2	67	128	19212.0	0.6662502602540079
chr2	68	112	18803.0	0.5956496303781311
chr2	69	132	18396.0	0.7175472928897586
chr2	70	166	17997.0	0.9223759515474802
chr2	71	117	17552.0	0.6665907019143117
chr2	72	139	17135.0	0.81120513568719
chr2	73	108	16700.0	0.6467065868263473
chr2	74	165	16286.0	1.013140120348766
chr2	75	136	15843.0	0.8584232784194913
chr2	76	122	15417.0	0.7913342414218072
chr2	77	100	15035.0	0.6651147322913202
chr2	78	107	14630.0	0.7313738892686261
chr2	79	101	14222.0	0.710167346364787
chr2	80	86	13835.0	0.6216118539934948
chr2	81	93	13391.0	0.6944963034874169
chr2	82	84	12944.0	0.6489493201483313
chr2	83	68	12542.0	0.5421782809759209
chr2	84	82	12094.0	0.6780221597486357
chr2	85	63	11662.0	0.5402160864345739
chr2	86	76	11201.0	0.6785108472457817
chr2	87	59	10811.0	0.545740449542133
chr2	88	63	10437.0	0.6036217303822937
chr2	89	68	10043.0	0.6770885193667231
chr2	90	75	9650.0	0.7772020725388601
chr2	91	54	9262.0	0.5830274238825307
chr2	92	62	8862.0	0.699616339426766
chr2	93	45	8480.0	0.5306603773584906
chr2	94	66	8125.0	0.8123076923076924
chr2	95	35	7768.0	0.4505664263645726
chr2	96	43	7392.0	0.5817099567099567
chr2	97	40	6999.0	0.5715102157451064
chr2	98	40	6631.0	0.6032272658724174
chr2	99	37	6272.0	0.5899234693877551
chr2	100	35	5909.0	0.5923168048739211
chr2	101	29	5527.0	0.5246969422833364
chr2	102	33	5169.0	0.6384213580963436
chr2	103	28	4816.0	0.5813953488372093
chr2	104	25	4418.0	0.565866908103214
chr2	105	26	4024.0	0.6461232604373758
chr2	106	26	3663.0	0.7098007098007098
chr2	107	11	3328.0	0.33052884615384615
chr2	108	24	3019.0	0.7949652202716132
chr2	109	12	2693.0	0.44559970293353135
chr2	110	10	2344.0	0.42662116040955633
chr2	111	7	1996.0	0.35070140280561124
chr2	112	12	1659.0	0.7233273056057866
chr2	113	6	1390.0	0.4316546762589928
chr2	114	3	1075.0	0.27906976744186046
chr2	115	1	774.0	0.12919896640826875
chr2	116	6	481.0	1.2474012474012475
chr2	117	5	291.0	1.718213058419244
chr2	118	0	102.0	0.0
chr2	119	0	0.0	nan
chr2	120	0	0.0	nan
chr2	121	0	0.0	nan
chr2	122	0	0.0	nan
chr2	123	0	0.0	nan
chr2	124	0	0.0	nan
chr2	125	0	0.0	nan
chr2	126	0	0.0	nan
chr2	127	0	0.0	nan
chr2	128	0	0.0	nan
chr2	129	0	0.0	nan
chr2	130	0	0.0	nan
chr2	131	0	0.0	nan
chr2	132	0	0.0	nan
chr2	133	0	0.0	nan
chr2	134	0	0.0	nan
chr2	135	0	0.0	nan
chr2	136	0	0.0	nan
chr2	137	0	0.0	nan
chr2	138	0	0.0	nan
chr2	139	0	0.0	nan
chr2	140	0	0.0	nan
chr2	141	0	0.0	nan
chr2	142	0	0.0	nan
chr2	143	0	0.0	nan
chr2	144	0	0.0	nan
chr2	145	0	0.0	nan
chr2	146	0	0.0	nan
chr2	147	0	0.0	nan
chr2	148	0	0.0	nan
chr2	149	0	0.0	nan
chr2	150	0	0.0	nan
chr2	151	0	0.0	nan
chr2	152	0	0.0	nan
chr2	153	0	0.0	nan
chr2	154	0	0.0	nan
chr2	155	0	0.0	nan
chr3	-156	0	0.0	nan
chr3	-155	0	0.0	nan
chr3	-154	0	0.0	nan
chr3	-153	0	0.0	nan
chr3	-152	0	0.0	nan
chr3	-151	0	0.0	nan
chr3	-150	0	0.0	nan
chr3	-149	0	0.0	nan
chr3	-148	0	0.0	nan
chr3	-147	0	0.0	nan
chr3	-146	0	0.0	nan
chr3	-145	0	0.0	nan
chr3	-144	0	0.0	nan
chr3	-143	0	0.0	nan
chr3	-142	0	0.0	nan
chr3	-141	0	0.0	nan
chr3	-140	0	0.0	nan
chr3	-139	0	5.0	0.0
chr3	-138	0	6.0	0.0
chr3	-137	0	7.0	0.0
chr3	-136	0	8.0	0.0
chr3	-135	0	9.0	0.0
chr3	-134	0	9.0	0.0
chr3	-133	0	11.0	0.0
chr3	-132	0	11.0	0.0
chr3	-131	0	19.0	0.0
chr3	-130	0	97.0	0.0
chr3	-129	0	232.0	0.0
chr3	-128	0	360.0	0.0
chr3	-127	1	515.0	0.1941747572815534
chr3	-126	1	688.0	0.14534883720930233
chr3	-125	2	896.0	0.2232142857142857
chr3	-124	0	1086.0	0.0
chr3	-123	3	1320.0	0.22727272727272727
chr3	-122	5	1521.0	0.3287310979618672
chr3	-121	4	1716.0	0.2331002331002331
chr3	-120	7	1914.0	0.3657262277951933
chr3	-119	2	2159.0	0.09263547938860583
chr3	-118	3	2377.0	0.12620950778291964
chr3	-117	7	2594.0	0.2698535080956052
chr3	-116	4	2797.0	0.14301036825169824
chr3	-115	6	3040.0	0.19736842105263158
chr3	-114	1	3270.0	0.03058103975535168
chr3	-113	6	3529.0	0.1700198356474922
chr3	-112	3	3785.0	0.07926023778071334
chr3	-111	6	4042.0	0.14844136566056407
chr3	-110	15	4267.0	0.3515350363252871
chr3	-109	7	4505.0	0.15538290788013318
chr3	-108	22	4742.0	0.4639392661324336
chr3	-107	7	5023.0	0.13935894883535735
chr3	-106	8	5314.0	0.1505457282649605
chr3	-105	9	5558.0	0.16192875134940626
chr3	-104	12	5827.0	0.20593787540758535
chr3	-103	17	6098.0	0.2787799278451951
chr3	-102	23	6348.0	0.36231884057971014
chr3	-101	12	6603.0	0.1817355747387551
chr3	-100	5	6906.0	0.07240081088908196
chr3	-99	13	7190.0	0.1808066759388039
chr3	-98	9	7504.0	0.1199360341151386
chr3	-97	5	7817.0	0.06396315722144046
chr3	-96	8	8113.0	0.09860717367188464
chr3	-95	33	8419.0	0.39197054281981236
chr3	-94	13	8679.0	0.14978684180205093
chr3	-93	23	9002.0	0.25549877804932236
chr3	-92	33	9307.0	0.35457182765660256
chr3	-91	7	9610.0	0.07284079084287201
chr3	-90	54	9951.0	0.5426590292432921
chr3	-89	14	10318.0	0.13568521031207598
chr3	-88	26	10619.0	0.2448441472831717
chr3	-87	39	10933.0	0.356718192627824
chr3	-86	13	11221.0	0.11585420194278584
chr3	-85	42	11504.0	0.3650904033379694
chr3	-84	16	11822.0	0.13534088986635087
chr3	-83	9	12161.0	0.07400707178685963
chr3	-82	38	12434.0	0.3056136400193019
chr3	-81	26	12761.0	0.20374578794765302
chr3	-80	25	13049.0	0.19158556211203923
chr3	-79	14	13351.0	0.10486105909669687
chr3	-78	24	13668.0	0.17559262510974538
chr3	-77	59	13980.0	0.4220314735336195
chr3	-76	10	14317.0	0.06984703499336453
chr3	-75	32	14658.0	0.21831082003001775
chr3	-74	43	14937.0	0.2878757447948048
chr3	-73	12	15244.0	0.07871949619522435
chr3	-72	31	15564.0	0.19917758930866103
chr3	-71	20	15884.0	0.12591286829513976
chr3	-70	18	16210.0	0.11104256631708821
chr3	-69	19	16502.0	0.11513755908374743
chr3	-68	23	16814.0	0.1367907695967646
chr3	-67	21	17147.0	0.12247040298594507
chr3	-66	40	17478.0	0.22885913720105275
chr3	-65	50	17796.0	0.28096201393571585
chr3	-64	53	18067.0	0.2933525211711961
chr3	-63	25	18379.0	0.1360248109255128
chr3	-62	56	18674.0	0.2998821891399807
chr3	-61	15	18955.0	0.07913479293062516
chr3	-60	53	19265.0	0.27511030365948613
chr3	-59	37	19582.0	0.18894903482790318
chr3	-58	44	19956.0	0.220485067147725
chr3	-57	34	20244.0	0.1679509978265165
chr3	-56	24	20567.0	0.11669178781543248
chr3	-55	39	20881.0	0.18677266414443755
chr3	-54	38	21198.0	0.17926219454665535
chr3	-53	70	21478.0	0.32591488965453025
chr3	-52	59	21818.0	0.270418920157668
chr3	-51	71	22169.0	0.32026703955974556
chr3	-50	52	22490.0	0.23121387283236997
chr3	-49	48	22832.0	0.21023125437981782
chr3	-48	56	23173.0	0.24166055323005223
chr3	-47	66	23516.0	0.28065997618642624
chr3	-46	67	23836.0	0.281087430776976
chr3	-45	43	24164.0	0.17795067041880483
chr3	-44	76	24429.0	0.31110565311719673
chr3	-43	39	24740.0	0.1576394502829426
chr3	-42	38	25054.0	0.15167238764269178
chr3	-41	78	25361.0	0.3075588502030677
chr3	-40	40	25674.0	0.1557996416608242
chr3	-39	179	25973.0	0.6891772225002888
chr3	-38	96	26304.0	0.36496350364963503
chr3	-37	49	26641.0	0.1839270297661499
chr3	-36	80	26931.0	0.29705543797111134
chr3	-35	51	27223.0	0.1873415861587628
chr3	-34	42	27521.0	0.15261073362159805
chr3	-33	77	27814.0	0.2768390019414683
chr3	-32	76	28151.0	0.2699726475080814
chr3	-31	64	28458.0	0.22489282451331788
chr3	-30	35	28772.0	0.12164604476574446
chr3	-29	77	29119.0	0.26443215769772316
chr3	-28	107	29445.0	0.3633893700118866
chr3	-27	93	29739.0	0.31272066982749924
chr3	-26	60	30069.0	0.19954105557218396
chr3	-25	89	30322.0	0.29351625882197746
chr3	-24	87	30683.0	0.2835446338363263
chr3	-23	77	31011.0	0.24829899068072617
chr3	-22	104	31301.0	0.3322577553432798
chr3	-21	147	31642.0	0.464572403767145
chr3	-20	85	31947.0	0.2660656712680377
chr3	-19	141	32301.0	0.4365189932200242
chr3	-18	95	32605.0	0.29136635485355006
chr3	-17	107	32954.0	0.32469502943497
chr3	-16	102	33307.0	0.3062419311255892
chr3	-15	105	33664.0	0.3119058935361217
chr3	-14	101	34012.0	0.2969540162295661
chr3	-13	176	34362.0	0.5121937023456143
chr3	-12	64	34662.0	0.18464024003231203
chr3	-11	114	35016.0	0.32556545579163815
chr3	-10	103	35345.0	0.291413212618475
chr3	-9	227	35348.0	0.6421862623062125
chr3	-8	112	35368.0	0.31667043655281607
chr3	-7	102	35370.0	0.2883799830364716
chr3	-6	166	35373.0	0.4692844825149125
chr3	-5	160	35374.0	0.4523096059252558
chr3	-4	93	35348.0	0.2630983365395496
chr3	-3	140	35328.0	0.396286231884058
chr3	-2	176	35293.0	0.49868245827784546
chr3	-1	442	35256.0	1.2536873156342183
chr3	0	626	34290.0	1.8256051326917468
chr3	1	227	34060.0	0.6664709336465062
chr3	2	265	33802.0	0.78397727945092
chr3	3	213	33488.0	0.6360487338748209
chr3	4	257	33216.0	0.773723506743738
chr3	5	240	32923.0	0.7289736658263221
chr3	6	236	32613.0	0.7236378131419986
chr3	7	235	32317.0	0.7271714577466968
chr3	8	317	32032.0	0.9896353646353646
chr3	9	229	31740.0	0.7214870825456836
chr3	10	245	31424.0	0.7796588594704684
chr3	11	182	31125.0	0.5847389558232932
chr3	12	268	30851.0	0.868691452465074
chr3	13	207	30570.0	0.677134445534838
chr3	14	226	30256.0	0.7469592808038076
chr3	15	245	29957.0	0.8178389024268118
chr3	16	251	29650.0	0.8465430016863406
chr3	17	240	29310.0	0.8188331627430911
chr3	18	264	29045.0	0.9089344121191254
chr3	19	233	28759.0	0.8101811606801349
chr3	20	279	28514.0	0.9784667181033877
chr3	21	207	28187.0	0.7343810976691383
chr3	22	202	27898.0	0.7240662413076207
chr3	23	215	27517.0	0.7813351746193263
chr3	24	243	27195.0	0.8935466078323221
chr3	25	199	26933.0	0.7388705305758735
chr3	26	251	26595.0	0.9437864260199287
chr3	27	192	26295.0	0.7301768397033657
chr3	28	189	25986.0	0.727314707919649
chr3	29	179	25670.0	0.6973120373977406
chr3	30	178	25373.0	0.701533125763607
chr3	31	198	25044.0	0.7906085289889795
chr3	32	180	24728.0	0.7279197670656745
chr3	33	175	24423.0	0.7165376898824879
chr3	34	162	24081.0	0.6727295378098916
chr3	35	191	23780.0	0.8031959629941127
chr3	36	131	23436.0	0.5589691073562041
chr3	37	210	23109.0	0.908736855770479
chr3	38	243	22806.0	1.0655090765588004
chr3	39	153	22492.0	0.6802418637737863
chr3	40	195	22193.0	0.8786554318929392
chr3	41	121	21871.0	0.5532440217639797
chr3	42	151	21601.0	0.6990417110318967
chr3	43	147	21290.0	0.6904650070455612
chr3	44	129	20974.0	0.6150472012968436
chr3	45	139	20613.0	0.6743317324018824
chr3	46	154	20290.0	0.7589945786101527
chr3	47	164	20017.0	0.8193035919468452
chr3	48	135	19713.0	0.6848272713437833
chr3	49	148	19416.0	0.7622579316028018
chr3	50	156	19103.0	0.8166256608909594
chr3	51	138	18763.0	0.7354900602249107
chr3	52	156	18426.0	0.8466297622924128
chr3	53	125	18132.0	0.6893889256562983
chr3	54	107	17808.0	0.6008535489667565
chr3	55	126	17476.0	0.7209887846189059
chr3	56	103	17170.0	0.5998835177635411
chr3	57	98	16854.0	0.5814643408093034
chr3	58	121	16541.0	0.7315156278338674
chr3	59	118	16258.0	0.7257965309386148
chr3	60	97	15973.0	0.6072747761848118
chr3	61	114	15661.0	0.7279228657173872
chr3	62	90	15350.0	0.5863192182410424
chr3	63	121	15061.0	0.8033995086647632
chr3	64	77	14774.0	0.5211858670637607
chr3	65	97	14483.0	0.6697507422495339
chr3	66	77	14170.0	0.5434015525758645
chr3	67	79	13873.0	0.5694514524616161
chr3	68	89	13572.0	0.6557618626584144
chr3	69	64	13241.0	0.4833471792160713
chr3	70	76	12943.0	0.5871899868654871
chr3	71	78	12635.0	0.6173328056984567
chr3	72	82	12317.0	0.6657465291873021
chr3	73	92	12011.0	0.7659645325118641
chr3	74	76	11721.0	0.6484088388362768
chr3	75	75	11422.0	0.6566275608474873
chr3	76	66	11127.0	0.5931517929361013
chr3	77	87	10817.0	0.8042895442359249
chr3	78	55	10502.0	0.5237097695677014
chr3	79	47	10208.0	0.460423197492163
chr3	80	50	9924.0	0.5038291011688835
chr3	81	64	9591.0	0.6672922531539985
chr3	82	42	9262.0	0.45346577413085726
chr3	83	46	8955.0	0.513679508654383
chr3	84	51	8683.0	0.5873546009443741
chr3	85	48	8420.0	0.5700712589073634
chr3	86	73	8155.0	0.8951563458001226
chr3	87	46	7850.0	0.5859872611464968
chr3	88	41	7593.0	0.5399710259449493
chr3	89	63	7283.0	0.8650281477413153
chr3	90	31	6970.0	0.44476327116212344
chr3	91	41	6711.0	0.6109372671732975
chr3	92	49	6445.0	0.7602792862684251
chr3	93	31	6182.0	0.5014558395341313
chr3	94	53	5917.0	0.895724184552983
chr3	95	27	5647.0	0.47812998052063044
chr3	96	32	5337.0	0.5995877833989133
chr3	97	24	5057.0	0.4745896776745106
chr3	98	26	4808.0	0.5407653910149751
chr3	99	22	4530.0	0.4856512141280353
chr3	100	14	4240.0	0.33018867924528306
chr3	101	32	3973.0	0.8054366977095394
chr3	102	27	3714.0	0.7269789983844911
chr3	103	30	3450.0	0.8695652173913043
chr3	104	15	3179.0	0.47184649260773825
chr3	105	23	2924.0	0.786593707250342
chr3	106	10	2683.0	0.37271710771524413
chr3	107	12	2416.0	0.49668874172185434
chr3	108	13	2190.0	0.593607305936073
chr3	109	11	1933.0	0.5690636316606311
chr3	110	8	1701.0	0.4703115814226925
chr3	111	4	1444.0	0.2770083102493075
chr3	112	6	1210.0	0.49586776859504134
chr3	113	6	957.0	0.6269592476489028
chr3	114	2	725.0	0.27586206896551724
chr3	115	4	540.0	0.7407407407407408
chr3	116	2	397.0	0.5037783375314862
chr3	117	0	229.0	0.0
chr3	118	0	82.0	0.0
chr3	119	0	0.0	nan
chr3	120	0	0.0	nan
chr3	121	0	0.0	nan
chr3	122	0	0.0	nan
chr3	123	0	0.0	nan
chr3	124	0	0.0	nan
chr3	125	0	0.0	nan
chr3	126	0	0.0	nan
chr3	127	0	0.0	nan
chr3	128	0	0.0	nan
chr3	129	0	0.0	nan
chr3	130	0	0.0	nan
chr3	131	0	0.0	nan
chr3	132	0	0.0	nan
chr3	133	0	0.0	nan
chr3	134	0	0.0	nan
chr3	135	0	0.0	nan
chr3	136	0	0.0	nan
chr3	137	0	0.0	nan
chr3	138	0	0.0	nan
chr3	139	0	0.0	nan
chr3	140	0	0.0	nan
chr3	141	0	0.0	nan
chr3	142	0	0.0	nan
chr3	143	0	0.0	nan
chr3	144	0	0.0	nan
chr3	145	0	0.0	nan
chr3	146	0	0.0	nan
chr3	147	0	0.0	nan
chr3	148	0	0.0	nan
chr3	149	0	0.0	nan
chr3	150	0	0.0	nan
chr3	151	0	0.0	nan
chr3	152	0	0.0	nan
chr3	153	0	0.0	nan
chr3	154	0	0.0	nan
chr3	155	0	0.0	nan
chr3	156	0	0.0	nan
chr3	157	0	0.0	nan
chr3	158	0	0.0	nan
chr4	-147	0	0.0	nan
chr4	-146	0	0.0	nan
chr4	-145	0	0.0	nan
chr4	-144	0	0.0	nan
chr4	-143	0	0.0	nan
chr4	-142	0	0.0	nan
chr4	-141	0	0.0	nan
chr4	-140	0	0.0	nan
chr4	-139	0	6.0	0.0
chr4	-138	0	7.0	0.0
chr4	-137	0	11.0	0.0
chr4	-136	0	12.0	0.0
chr4	-135	0	12.0	0.0
chr4	-134	0	17.0	0.0
chr4	-133	0	24.0	0.0
chr4	-132	0	31.0	0.0
chr4	-131	0	37.0	0.0
chr4	-130	1	152.0	0.6578947368421052
chr4	-129	0	315.0	0.0
chr4	-128	1	545.0	0.1834862385321101
chr4	-127	0	788.0	0.0
chr4	-126	0	1067.0	0.0
chr4	-125	11	1346.0	0.8172362555720655
chr4	-124	1	1600.0	0.0625
chr4	-123	12	1949.0	0.6157003591585428
chr4	-122	4	2241.0	0.178491744756805
chr4	-121	11	2507.0	0.4387714399680893
chr4	-120	5	2839.0	0.17611835153222966
chr4	-119	7	3177.0	0.22033364809568773
chr4	-118	20	3515.0	0.5689900426742532
chr4	-117	11	3854.0	0.2854177477944992
chr4	-116	10	4183.0	0.23906287353573988
chr4	-115	29	4512.0	0.6427304964539007
chr4	-114	9	4838.0	0.18602728400165358
chr4	-113	21	5165.0	0.4065827686350436
chr4	-112	6	5525.0	0.1085972850678733
chr4	-111	12	5868.0	0.2044989775051125
chr4	-110	14	6252.0	0.22392834293026234
chr4	-109	4	6663.0	0.060033018159987996
chr4	-108	23	7018.0	0.32772869763465373
chr4	-107	17	7397.0	0.2298229011761525
chr4	-106	18	7778.0	0.23142195937258936
chr4	-105	25	8148.0	0.3068237604320079
chr4	-104	11	8520.0	0.12910798122065728
chr4	-103	10	8870.0	0.11273957158962795
chr4	-102	46	9209.0	0.49951134759474425
chr4	-101	29	9619.0	0.30148664102297534
chr4	-100	9	9983.0	0.09015326054292297
chr4	-99	16	10362.0	0.15441034549314803
chr4	-98	15	10746.0	0.13958682300390843
chr4	-97	15	11150.0	0.13452914798206278
chr4	-96	16	11555.0	0.13846819558632628
chr4	-95	19	11977.0	0.15863738832762794
chr4	-94	44	12371.0	0.35567051976396413
chr4	-93	6	12767.0	0.04699616198010496
chr4	-92	22	13178.0	0.1669449081803005
chr4	-91	28	13615.0	0.2056555269922879
chr4	-90	23	14012.0	0.16414501855552383
chr4	-89	48	14430.0	0.33264033264033266
chr4	-88	15	14858.0	0.10095571409341768
chr4	-87	48	15295.0	0.31382804838182415
chr4	-86	30	15691.0	0.19119240328850934
chr4	-85	41	16137.0	0.2540744872033216
chr4	-84	42	16561.0	0.253607873920657
chr4	-83	99	16952.0	0.5840018876828693
chr4	-82	16	17400.0	0.09195402298850575
chr4	-81	18	17796.0	0.10114632501685772
chr4	-80	51	18215.0	0.27998902003842985
chr4	-79	37	18661.0	0.19827447618026903
chr4	-78	53	19052.0	0.2781860172160403
chr4	-77	46	19518.0	0.23567988523414285
chr4	-76	15	19934.0	0.07524831945419887
chr4	-75	54	20409.0	0.26458915184477433
chr4	-74	24	20840.0	0.11516314779270634
chr4	-73	34	21274.0	0.15981949797875342
chr4	-72	24	21725.0	0.11047180667433831
chr4	-71	41	22170.0	0.18493459630130807
chr4	-70	62	22622.0	0.2740694898771108
chr4	-69	67	23035.0	0.2908617321467332
chr4	-68	56	23509.0	0.23820664426389893
chr4	-67	20	23950.0	0.08350730688935282
chr4	-66	67	24408.0	0.27450016388069487
chr4	-65	20	24854.0	0.08046994447573831
chr4	-64	57	25262.0	0.22563534161982426
chr4	-63	33	25696.0	0.12842465753424656
chr4	-62	30	26157.0	0.11469205184080744
chr4	-61	86	26670.0	0.3224596925384327
chr4	-60	35	27067.0	0.12930875235526657
chr4	-59	72	27497.0	0.2618467469178456
chr4	-58	28	27922.0	0.10027934961678964
chr4	-57	105	28304.0	0.37097230073487847
chr4	-56	55	28696.0	0.1916643434625035
chr4	-55	60	29168.0	0.2057048820625343
chr4	-54	70	29567.0	0.23675043122399972
chr4	-53	87	29967.0	0.29031935128641506
chr4	-52	90	30427.0	0.29578992342327537
chr4	-51	83	30841.0	0.2691222722998606
chr4	-50	55	31209.0	0.17623121535454517
chr4	-49	129	31612.0	0.4080728837150449
chr4	-48	79	32058.0	0.24642834861812965
chr4	-47	59	32499.0	0.18154404750915412
chr4	-46	99	32942.0	0.30052820108068723
chr4	-45	72	33308.0	0.21616428485649095
chr4	-44	60	33731.0	0.1778779164566719
chr4	-43	93	34167.0	0.2721924664149618
chr4	-42	101	34600.0	0.29190751445086704
chr4	-41	55	35069.0	0.15683367076335225
chr4	-40	98	35462.0	0.2763521515988946
chr4	-39	68	35873.0	0.1895576059989407
chr4	-38	70	36364.0	0.19249807501924981
chr4	-37	52	36833.0	0.14117774821491597
chr4	-36	154	37240.0	0.41353383458646614
chr4	-35	101	37692.0	0.2679613711132336
chr4	-34	98	38157.0	0.2568336085121996
chr4	-33	48	38624.0	0.12427506213753108
chr4	-32	133	39097.0	0.3401795534184209
chr4	-31	100	39538.0	0.2529212403257626
chr4	-30	83	39965.0	0.20768172150631803
chr4	-29	94	40319.0	0.23314070289441702
chr4	-28	69	40761.0	0.16927945830573343
chr4	-27	89	41121.0	0.2164344252328494
chr4	-26	71	41600.0	0.17067307692307693
chr4	-25	104	42096.0	0.24705435195743064
chr4	-24	143	42599.0	0.33568863118852554
chr4	-23	124	43068.0	0.2879167827621436
chr4	-22	105	43501.0	0.24137376152272363
chr4	-21	110	43945.0	0.2503128911138924
chr4	-20	97	44391.0	0.21851276159581898
chr4	-19	127	44826.0	0.283317717396154
chr4	-18	119	45295.0	0.2627221547632189
chr4	-17	154	45765.0	0.33650169343384684
chr4	-16	94	46211.0	0.20341477137478092
chr4	-15	104	46599.0	0.22318075495182302
chr4	-14	88	47096.0	0.18685238661457448
chr4	-13	190	47538.0	0.3996802557953637
chr4	-12	156	47962.0	0.3252574955172845
chr4	-11	152	48420.0	0.31391986782321357
chr4	-10	148	48869.0	0.3028504778080174
chr4	-9	158	48896.0	0.3231348167539267
chr4	-8	180	48919.0	0.36795519123448966
chr4	-7	179	48903.0	0.36603071386213526
chr4	-6	148	48884.0	0.30275754848212094
chr4	-5	192	48884.0	0.39276654938221095
chr4	-4	153	48871.0	0.31306910028442225
chr4	-3	221	48863.0	0.4522849599901766
chr4	-2	256	48808.0	0.5245041796426815
chr4	-1	474	48789.0	0.9715304679333456
chr4	0	663	47470.0	1.3966715820518223
chr4	1	389	47130.0	0.8253766178654784
chr4	2	442	46818.0	0.944081336238199
chr4	3	375	46401.0	0.8081722376672916
chr4	4	382	46001.0	0.8304167300710855
chr4	5	332	45574.0	0.7284855400008777
chr4	6	406	45165.0	0.8989261596368869
chr4	7	317	44786.0	0.7078104764881883
chr4	8	330	44369.0	0.7437625369063986
chr4	9	339	43949.0	0.7713486086145305
chr4	10	327	43531.0	0.7511888079759251
chr4	11	326	43103.0	0.7563278658098045
chr4	12	399	42687.0	0.9347108018834773
chr4	13	311	42264.0	0.7358508423244369
chr4	14	305	41856.0	0.7286888379204893
chr4	15	286	41448.0	0.6900212314225054
chr4	16	312	41022.0	0.7605675003656575
chr4	17	322	40571.0	0.7936703556727712
chr4	18	302	40151.0	0.7521605937585614
chr4	19	244	39705.0	0.6145321747890694
chr4	20	311	39303.0	0.7912881968297586
chr4	21	300	38866.0	0.7718828796377296
chr4	22	284	38487.0	0.7379115025852885
chr4	23	290	38081.0	0.7615346235655576
chr4	24	228	37630.0	0.6058995482327929
chr4	25	267	37157.0	0.7185725435315015
chr4	26	224	36725.0	0.6099387338325392
chr4	27	217	36367.0	0.59669480573047
chr4	28	236	35941.0	0.6566317019559834
chr4	29	242	35529.0	0.6811337217484309
chr4	30	238	35116.0	0.6777537304932224
chr4	31	269	34684.0	0.7755737515857456
chr4	32	209	34238.0	0.6104328523862376
chr4	33	247	33839.0	0.7299270072992701
chr4	34	253	33400.0	0.7574850299401198
chr4	35	272	32989.0	0.824517263330201
chr4	36	185	32611.0	0.5672932446107142
chr4	37	201	32124.0	0.6257004109077325
chr4	38	205	31634.0	0.6480369222987925
chr4	39	214	31190.0	0.6861173453029817
chr4	40	217	30789.0	0.7047971678196758
chr4	41	197	30321.0	0.6497147191715313
chr4	42	271	29879.0	0.9069915325144751
chr4	43	216	29472.0	0.7328990228013029
chr4	44	183	28978.0	0.6315135620125613
chr4	45	253	28560.0	0.8858543417366946
chr4	46	209	28152.0	0.7423984086388179
chr4	47	224	27711.0	0.8083432571902854
chr4	48	211	27304.0	0.7727805449750953
chr4	49	169	26822.0	0.6300797852509133
chr4	50	180	26446.0	0.680632231717462
chr4	51	192	26038.0	0.7373838236423689
chr4	52	174	25600.0	0.6796875
chr4	53	184	25146.0	0.7317267159786844
chr4	54	166	24727.0	0.6713309337970639
chr4	55	160	24274.0	0.6591414682376205
chr4	56	169	23835.0	0.7090413257814139
chr4	57	153	23397.0	0.6539299910244903
chr4	58	188	22991.0	0.8177112783263015
chr4	59	140	22557.0	0.6206499091191204
chr4	60	162	22155.0	0.7312119160460393
chr4	61	114	21677.0	0.5259030308622041
chr4	62	131	21254.0	0.616354568551802
chr4	63	134	20857.0	0.6424701539051637
chr4	64	124	20468.0	0.6058237248387727
chr4	65	131	20027.0	0.6541169421281271
chr4	66	113	19625.0	0.575796178343949
chr4	67	111	19209.0	0.5778541308761518
chr4	68	123	18791.0	0.6545686764940664
chr4	69	146	18408.0	0.7931334202520642
chr4	70	123	17980.0	0.6840934371523916
chr4	71	113	17588.0	0.6424835114851035
chr4	72	113	17196.0	0.6571295650151198
chr4	73	98	16800.0	0.5833333333333334
chr4	74	123	16337.0	0.7528922078717023
chr4	75	121	15923.0	0.7599070526910758
chr4	76	113	15518.0	0.7281866219873695
chr4	77	108	15109.0	0.7148057449202462
chr4	78	100	14724.0	0.6791632708503124
chr4	79	121	14322.0	0.8448540706605223
chr4	80	69	13932.0	0.49526270456503013
chr4	81	63	13554.0	0.46480743691899074
chr4	82	143	13129.0	1.0891918653362784
chr4	83	74	12712.0	0.5821271239773442
chr4	84	96	12319.0	0.7792840327948697
chr4	85	69	11936.0	0.5780831099195711
chr4	86	101	11517.0	0.8769644872796736
chr4	87	57	11115.0	0.5128205128205128
chr4	88	83	10699.0	0.7757734367697916
chr4	89	81	10264.0	0.789166017147311
chr4	90	72	9889.0	0.7280817069471129
chr4	91	51	9537.0	0.53475935828877
chr4	92	46	9104.0	0.5052724077328646
chr4	93	57	8707.0	0.6546456873779718
chr4	94	69	8306.0	0.8307247772694438
chr4	95	43	7931.0	0.5421762703316102
chr4	96	38	7517.0	0.5055208194758547
chr4	97	40	7096.0	0.5636978579481398
chr4	98	32	6710.0	0.47690014903129657
chr4	99	31	6339.0	0.4890361255718567
chr4	100	41	5987.0	0.6848171037247369
chr4	101	39	5582.0	0.6986743102830526
chr4	102	28	5251.0	0.5332317653780233
chr4	103	37	4867.0	0.7602219026094102
chr4	104	28	4492.0	0.6233303650934996
chr4	105	18	4156.0	0.43310875842155916
chr4	106	26	3791.0	0.685834872065418
chr4	107	12	3434.0	0.34944670937682004
chr4	108	17	3079.0	0.5521273140630074
chr4	109	11	2741.0	0.40131338927398763
chr4	110	15	2368.0	0.6334459459459459
chr4	111	7	2024.0	0.3458498023715415
chr4	112	13	1692.0	0.7683215130023641
chr4	113	9	1395.0	0.6451612903225806
chr4	114	4	1089.0	0.3673094582185491
chr4	115	2	787.0	0.25412960609911056
chr4	116	5	535.0	0.9345794392523363
chr4	117	4	304.0	1.3157894736842104
chr4	118	0	123.0	0.0
chr4	119	0	0.0	nan
chr4	120	0	0.0	nan
chr4	121	0	0.0	nan
chr4	122	0	0.0	nan
chr4	123	0	0.0	nan
chr4	124	0	0.0	nan
chr4	125	0	0.0	nan
chr4	126	0	0.0	nan
chr4	127	0	0.0	nan
chr4	128	0	0.0	nan
chr4	129	0	0.0	nan
chr4	130	0	0.0	nan
chr4	131	0	0.0	nan
chr4	132	0	0.0	nan
chr4	133	0	0.0	nan
chr4	134	0	0.0	nan
chr4	135	0	0.0	nan
chr4	136	0	0.0	nan
chr4	137	0	0.0	nan
chr4	138	0	0.0	nan
chr4	139	0	0.0	nan
chr4	140	0	0.0	nan
chr4	141	0	0.0	nan
chr4	142	0	0.0	nan
chr4	143	0	0.0	nan
chr4	144	0	0.0	nan
chr4	145	0	0.0	nan
chr4	146	0	0.0	nan
chr4	147	0	0.0	nan
chr4	148	0	0.0	nan
chr4	149	0	0.0	nan
chr4	150	0	0.0	nan
chr4	151	0	0.0	nan
chr4	152	0	0.0	nan
chr4	153	0	0.0	nan
chr4	154	0	0.0	nan
chr4	155	0	0.0	nan
chr4	156	0	0.0	nan
chr4	157	0	0.0	nan
chr4	158	0	0.0	nan
chr5	-149	0	0.0	nan
chr5	-148	0	0.0	nan
chr5	-147	0	0.0	nan
chr5	-146	0	0.0	nan
chr5	-145	0	0.0	nan
chr5	-144	0	0.0	nan
chr5	-143	0	0.0	nan
chr5	-142	0	0.0	nan
chr5	-141	0	0.0	nan
chr5	-140	0	0.0	nan
chr5	-139	0	5.0	0.0
chr5	-138	0	5.0	0.0
chr5	-137	0	7.0	0.0
chr5	-136	0	8.0	0.0
chr5	-135	0	9.0	0.0
chr5	-134	0	17.0	0.0
chr5	-133	0	17.0	0.0
chr5	-132	0	18.0	0.0
chr5	-131	0	18.0	0.0
chr5	-130	0	54.0	0.0
chr5	-129	1	145.0	0.6896551724137931
chr5	-128	2	250.0	0.8
chr5	-127	0	357.0	0.0
chr5	-126	0	469.0	0.0
chr5	-125	0	578.0	0.0
chr5	-124	0	705.0	0.0
chr5	-123	4	854.0	0.468384074941452
chr5	-122	1	989.0	0.10111223458038424
chr5	-121	1	1145.0	0.08733624454148471
chr5	-120	5	1257.0	0.3977724741447892
chr5	-119	1	1400.0	0.07142857142857142
chr5	-118	1	1550.0	0.06451612903225806
chr5	-117	8	1688.0	0.47393364928909953
chr5	-116	3	1817.0	0.1651073197578426
chr5	-115	3	1969.0	0.15236160487557138
chr5	-114	7	2119.0	0.33034450212364325
chr5	-113	5	2282.0	0.21910604732690622
chr5	-112	3	2458.0	0.12205044751830757
chr5	-111	4	2601.0	0.15378700499807768
chr5	-110	3	2775.0	0.10810810810810811
chr5	-109	6	2950.0	0.2033898305084746
chr5	-108	6	3103.0	0.19336126329358685
chr5	-107	6	3279.0	0.18298261665141813
chr5	-106	1	3442.0	0.029052876234747237
chr5	-105	4	3608.0	0.11086474501108648
chr5	-104	13	3779.0	0.3440063508864779
chr5	-103	11	3962.0	0.27763755678950025
chr5	-102	5	4148.0	0.1205400192864031
chr5	-101	5	4322.0	0.11568718186024989
chr5	-100	2	4530.0	0.04415011037527594
chr5	-99	7	4709.0	0.1486515183690805
chr5	-98	17	4906.0	0.3465144720750102
chr5	-97	10	5090.0	0.19646365422396855
chr5	-96	8	5266.0	0.1519179642992784
chr5	-95	8	5429.0	0.14735678762202983
chr5	-94	19	5620.0	0.33807829181494664
chr5	-93	12	5814.0	0.20639834881320948
chr5	-92	7	5983.0	0.11699816145746281
chr5	-91	11	6200.0	0.1774193548387097
chr5	-90	10	6362.0	0.15718327569946558
chr5	-89	22	6549.0	0.3359291494884715
chr5	-88	9	6748.0	0.13337285121517486
chr5	-87	10	6917.0	0.14457134595923088
chr5	-86	12	7095.0	0.16913319238900634
chr5	-85	33	7304.0	0.4518072289156626
chr5	-84	16	7501.0	0.21330489268097585
chr5	-83	16	7712.0	0.2074688796680498
chr5	-82	22	7914.0	0.2779883750315896
chr5	-81	17	8096.0	0.2099802371541502
chr5	-80	43	8288.0	0.5188223938223938
chr5	-79	15	8528.0	0.17589118198874296
chr5	-78	10	8714.0	0.11475786091347258
chr5	-77	15	8911.0	0.1683312759510717
chr5	-76	21	9106.0	0.2306171754886888
chr5	-75	16	9328.0	0.17152658662092624
chr5	-74	26	9522.0	0.2730518798571729
chr5	-73	32	9735.0	0.3287108371854135
chr5	-72	14	9940.0	0.14084507042253522
chr5	-71	11	10136.0	0.1085240726124704
chr5	-70	24	10327.0	0.23240050353442432
chr5	-69	21	10524.0	0.19954389965792474
chr5	-68	12	10721.0	0.11192985728943196
chr5	-67	24	10941.0	0.21935837674801206
chr5	-66	47	11113.0	0.4229281022226221
chr5	-65	17	11317.0	0.15021648846867544
chr5	-64	22	11500.0	0.19130434782608696
chr5	-63	24	11671.0	0.20563790592065803
chr5	-62	38	11859.0	0.3204317396070495
chr5	-61	24	12039.0	0.199352105656616
chr5	-60	17	12240.0	0.1388888888888889
chr5	-59	27	12423.0	0.21733880705143688
chr5	-58	14	12620.0	0.11093502377179082
chr5	-57	22	12819.0	0.17162025118964036
chr5	-56	31	13014.0	0.23820500998924235
chr5	-55	15	13194.0	0.11368804001819009
chr5	-54	39	13396.0	0.29113168109883547
chr5	-53	29	13588.0	0.21342360906682367
chr5	-52	28	13750.0	0.20363636363636364
chr5	-51	52	13958.0	0.37254621005874766
chr5	-50	25	14164.0	0.17650381248234961
chr5	-49	17	14354.0	0.11843388602480145
chr5	-48	35	14560.0	0.2403846153846154
chr5	-47	21	14750.0	0.1423728813559322
chr5	-46	20	14928.0	0.1339764201500536
chr5	-45	30	15120.0	0.1984126984126984
chr5	-44	26	15321.0	0.16970171659813327
chr5	-43	35	15522.0	0.22548640639092898
chr5	-42	35	15763.0	0.22203895197614668
chr5	-41	26	15944.0	0.1630707476166583
chr5	-40	80	16175.0	0.4945904173106646
chr5	-39	24	16389.0	0.14643968515467692
chr5	-38	72	16610.0	0.4334738109572547
chr5	-37	30	16784.0	0.17874165872259296
chr5	-36	34	16979.0	0.2002473643913069
chr5	-35	21	17183.0	0.12221381598091137
chr5	-34	32	17359.0	0.1843424160377902
chr5	-33	33	17570.0	0.18782014797951052
chr5	-32	26	17749.0	0.1464871260352696
chr5	-31	43	17958.0	0.23944759995545162
chr5	-30	30	18135.0	0.1654259718775848
chr5	-29	46	18375.0	0.2503401360544218
chr5	-28	33	18556.0	0.17784005173528777
chr5	-27	35	18738.0	0.1867862098409649
chr5	-26	63	18939.0	0.33264691905591637
chr5	-25	41	19117.0	0.21446879740545066
chr5	-24	32	19312.0	0.16570008285004142
chr5	-23	33	19508.0	0.1691613696944843
chr5	-22	35	19698.0	0.17768301350390903
chr5	-21	37	19896.0	0.18596702854845196
chr5	-20	24	20109.0	0.11934954497985976
chr5	-19	60	20320.0	0.2952755905511811
chr5	-18	66	20515.0	0.32171581769436997
chr5	-17	48	20691.0	0.23198492098013632
chr5	-16	49	20885.0	0.2346181469954513
chr5	-15	75	21072.0	0.3559225512528474
chr5	-14	82	21283.0	0.3852840295071183
chr5	-13	44	21502.0	0.20463212724397734
chr5	-12	126	21697.0	0.5807254459141817
chr5	-11	41	21916.0	0.1870779339295492
chr5	-10	61	22145.0	0.2754572138180176
chr5	-9	41	22145.0	0.18514337322194627
chr5	-8	45	22144.0	0.20321531791907513
chr5	-7	66	22143.0	0.29806259314456035
chr5	-6	79	22155.0	0.35657865041751297
chr5	-5	56	22153.0	0.25278743285333816
chr5	-4	45	22154.0	0.2031235894195179
chr5	-3	140	22154.0	0.6319400559718336
chr5	-2	102	22121.0	0.4611003119207992
chr5	-1	181	22083.0	0.8196350133586923
chr5	0	312	21478.0	1.452649222460192
chr5	1	155	21303.0	0.7275970520583955
chr5	2	197	21187.0	0.9298154528720441
chr5	3	123	20956.0	0.5869440732964306
chr5	4	129	20764.0	0.6212675785012522
chr5	5	156	20594.0	0.757502185102457
chr5	6	163	20379.0	0.7998429756121498
chr5	7	117	20185.0	0.5796383453059203
chr5	8	144	19973.0	0.7209733139738648
chr5	9	117	19792.0	0.5911479385610348
chr5	10	143	19573.0	0.7305982731313544
chr5	11	179	19383.0	0.923489655884022
chr5	12	108	19222.0	0.5618562064301322
chr5	13	145	19020.0	0.7623554153522608
chr5	14	115	18753.0	0.6132352156988216
chr5	15	121	18570.0	0.6515885837372105
chr5	16	138	18425.0	0.7489823609226595
chr5	17	125	18222.0	0.6859839754143343
chr5	18	120	18047.0	0.6649304593561256
chr5	19	124	17859.0	0.6943277899098493
chr5	20	141	17665.0	0.7981885083498443
chr5	21	111	17457.0	0.6358480838632067
chr5	22	90	17298.0	0.5202913631633715
chr5	23	116	17111.0	0.6779264800420782
chr5	24	112	16920.0	0.6619385342789598
chr5	25	120	16720.0	0.7177033492822966
chr5	26	110	16508.0	0.6663435909861886
chr5	27	110	16281.0	0.6756341748049873
chr5	28	141	16053.0	0.8783404971033452
chr5	29	92	15859.0	0.5801122391071316
chr5	30	96	15648.0	0.6134969325153374
chr5	31	126	15430.0	0.8165910563836682
chr5	32	113	15236.0	0.7416644788658441
chr5	33	142	15066.0	0.9425195805124121
chr5	34	79	14881.0	0.5308783011894362
chr5	35	90	14665.0	0.6137061029662462
chr5	36	105	14433.0	0.727499480357514
chr5	37	128	14256.0	0.8978675645342313
chr5	38	100	14047.0	0.7118957784580338
chr5	39	134	13879.0	0.9654874270480581
chr5	40	91	13639.0	0.6672043404941711
chr5	41	83	13480.0	0.615727002967359
chr5	42	87	13287.0	0.6547753443215173
chr5	43	98	13101.0	0.7480345011831158
chr5	44	98	12920.0	0.7585139318885449
chr5	45	92	12732.0	0.7225887527489789
chr5	46	71	12528.0	0.5667305236270754
chr5	47	113	12345.0	0.9153503442689347
chr5	48	100	12192.0	0.8202099737532809
chr5	49	80	11955.0	0.6691760769552488
chr5	50	92	11686.0	0.7872668149922984
chr5	51	82	11488.0	0.7137883008356546
chr5	52	69	11316.0	0.6097560975609756
chr5	53	100	11140.0	0.8976660682226212
chr5	54	71	10938.0	0.6491131833973305
chr5	55	79	10780.0	0.7328385899814471
chr5	56	82	10587.0	0.7745348068385757
chr5	57	55	10378.0	0.5299672383888996
chr5	58	76	10194.0	0.7455365901510693
chr5	59	73	9980.0	0.7314629258517034
chr5	60	53	9804.0	0.5405956752345982
chr5	61	76	9627.0	0.7894463488106367
chr5	62	69	9438.0	0.7310870947234583
chr5	63	86	9262.0	0.9285251565536602
chr5	64	67	9075.0	0.7382920110192838
chr5	65	76	8927.0	0.8513498375714126
chr5	66	64	8753.0	0.7311778818690735
chr5	67	59	8553.0	0.6898164386764878
chr5	68	77	8364.0	0.9206121472979436
chr5	69	66	8133.0	0.8115086683880488
chr5	70	50	7951.0	0.6288517167651868
chr5	71	46	7767.0	0.5922492596884253
chr5	72	68	7576.0	0.8975712777191129
chr5	73	57	7381.0	0.7722530822381791
chr5	74	48	7185.0	0.6680584551148225
chr5	75	59	7004.0	0.8423757852655626
chr5	76	44	6806.0	0.6464883925947693
chr5	77	43	6637.0	0.6478830797046858
chr5	78	44	6456.0	0.6815365551425031
chr5	79	50	6299.0	0.7937767899666613
chr5	80	33	6119.0	0.5393038078117339
chr5	81	38	5898.0	0.6442861987114276
chr5	82	50	5711.0	0.8755034144633165
chr5	83	42	5534.0	0.7589447054571739
chr5	84	40	5339.0	0.7492039707810452
chr5	85	33	5098.0	0.6473126716359356
chr5	86	26	4910.0	0.5295315682281059
chr5	87	32	4716.0	0.6785411365564037
chr5	88	43	4562.0	0.9425690486628672
chr5	89	30	4383.0	0.6844626967830253
chr5	90	23	4210.0	0.5463182897862233
chr5	91	30	4019.0	0.7464543418760886
chr5	92	25	3843.0	0.6505334374186833
chr5	93	23	3695.0	0.6224627875507442
chr5	94	23	3513.0	0.6547110731568461
chr5	95	15	3362.0	0.446162998215348
chr5	96	13	3184.0	0.4082914572864322
chr5	97	26	3018.0	0.8614976805831678
chr5	98	9	2841.0	0.31678986272439286
chr5	99	13	2667.0	0.4874390701162355
chr5	100	13	2522.0	0.5154639175257731
chr5	101	12	2350.0	0.5106382978723404
chr5	102	12	2239.0	0.5359535506922734
chr5	103	14	2099.0	0.6669842782277274
chr5	104	12	1943.0	0.6176016469377252
chr5	105	8	1791.0	0.446677833612507
chr5	106	12	1637.0	0.7330482590103848
chr5	107	5	1496.0	0.3342245989304813
chr5	108	14	1369.0	1.0226442658875092
chr5	109	4	1196.0	0.33444816053511706
chr5	110	5	1057.0	0.47303689687795647
chr5	111	3	899.0	0.33370411568409347
chr5	112	5	752.0	0.6648936170212766
chr5	113	1	638.0	0.1567398119122257
chr5	114	5	500.0	1.0
chr5	115	2	361.0	0.554016620498615
chr5	116	0	252.0	0.0
chr5	117	1	150.0	0.6666666666666667
chr5	118	1	62.0	1.6129032258064515
chr5	119	0	0.0	nan
chr5	120	0	0.0	nan
chr5	121	0	0.0	nan
chr5	122	0	0.0	nan
chr5	123	0	0.0	nan
chr5	124	0	0.0	nan
chr5	125	0	0.0	nan
chr5	126	0	0.0	nan
chr5	127	0	0.0	nan
chr5	128	0	0.0	nan
chr5	129	0	0.0	nan
chr5	130	0	0.0	nan
chr5	131	0	0.0	nan
chr5	132	0	0.0	nan
chr5	133	0	0.0	nan
chr5	134	0	0.0	nan
chr5	135	0	0.0	nan
chr5	136	0	0.0	nan
chr5	137	0	0.0	nan
chr5	138	0	0.0	nan
chr5	139	0	0.0	nan
chr5	140	0	0.0	nan
chr5	141	0	0.0	nan
chr5	142	0	0.0	nan
chr5	143	0	0.0	nan
chr5	144	0	0.0	nan
chr5	145	0	0.0	nan
chr5	146	0	0.0	nan
chr5	147	0	0.0	nan
chr5	148	0	0.0	nan
chr5	149	0	0.0	nan
chr6	-131	0	2.0	0.0
chr6	-130	0	18.0	0.0
chr6	-129	0	45.0	0.0
chr6	-128	0	85.0	0.0
chr6	-127	0	120.0	0.0
chr6	-126	0	162.0	0.0
chr6	-125	0	215.0	0.0
chr6	-124	0	257.0	0.0
chr6	-123	2	303.0	0.6600660066006601
chr6	-122	2	361.0	0.554016620498615
chr6	-121	5	420.0	1.1904761904761905
chr6	-120	1	474.0	0.21097046413502107
chr6	-119	0	531.0	0.0
chr6	-118	1	604.0	0.16556291390728478
chr6	-117	1	656.0	0.1524390243902439
chr6	-116	3	698.0	0.42979942693409745
chr6	-115	3	758.0	0.395778364116095
chr6	-114	0	807.0	0.0
chr6	-113	3	867.0	0.34602076124567477
chr6	-112	2	927.0	0.2157497303128371
chr6	-111	2	962.0	0.2079002079002079
chr6	-110	4	1030.0	0.3883495145631068
chr6	-109	1	1106.0	0.09041591320072333
chr6	-108	2	1155.0	0.17316017316017315
chr6	-107	2	1214.0	0.16474464579901155
chr6	-106	6	1266.0	0.47393364928909953
chr6	-105	0	1307.0	0.0
chr6	-104	1	1359.0	0.07358351729212656
chr6	-103	4	1431.0	0.2795248078266946
chr6	-102	2	1486.0	0.13458950201884254
chr6	-101	1	1547.0	0.06464124111182934
chr6	-100	1	1609.0	0.06215040397762585
chr6	-99	2	1660.0	0.12048192771084339
chr6	-98	2	1713.0	0.11675423234092236
chr6	-97	6	1769.0	0.3391746749576032
chr6	-96	2	1841.0	0.10863661053775121
chr6	-95	1	1888.0	0.05296610169491525
chr6	-94	1	1979.0	0.05053057099545225
chr6	-93	3	2058.0	0.1457725947521866
chr6	-92	0	2095.0	0.0
chr6	-91	5	2155.0	0.23201856148491878
chr6	-90	1	2223.0	0.0449842555105713
chr6	-89	1	2297.0	0.043535045711798
chr6	-88	10	2360.0	0.423728813559322
chr6	-87	4	2430.0	0.1646090534979424
chr6	-86	9	2502.0	0.3597122302158274
chr6	-85	12	2570.0	0.4669260700389105
chr6	-84	16	2618.0	0.6111535523300229
chr6	-83	1	2685.0	0.037243947858472994
chr6	-82	9	2765.0	0.325497287522604
chr6	-81	3	2824.0	0.10623229461756376
chr6	-80	1	2881.0	0.03471017007983339
chr6	-79	4	2966.0	0.13486176668914363
chr6	-78	3	3039.0	0.09871668311944717
chr6	-77	2	3119.0	0.06412311638345623
chr6	-76	4	3182.0	0.1257071024512885
chr6	-75	3	3246.0	0.09242144177449169
chr6	-74	6	3309.0	0.1813236627379873
chr6	-73	6	3385.0	0.1772525849335303
chr6	-72	16	3447.0	0.4641717435451117
chr6	-71	3	3495.0	0.08583690987124463
chr6	-70	2	3552.0	0.05630630630630631
chr6	-69	8	3610.0	0.221606648199446
chr6	-68	10	3687.0	0.27122321670735017
chr6	-67	12	3748.0	0.32017075773745995
chr6	-66	14	3813.0	0.3671649619722004
chr6	-65	5	3872.0	0.1291322314049587
chr6	-64	16	3937.0	0.40640081280162554
chr6	-63	9	4030.0	0.22332506203473945
chr6	-62	6	4096.0	0.146484375
chr6	-61	6	4172.0	0.14381591562799617
chr6	-60	3	4233.0	0.07087172218284904
chr6	-59	3	4287.0	0.06997900629811056
chr6	-58	5	4368.0	0.11446886446886448
chr6	-57	5	4437.0	0.1126887536623845
chr6	-56	5	4488.0	0.11140819964349377
chr6	-55	13	4572.0	0.28433945756780404
chr6	-54	1	4671.0	0.021408691928923144
chr6	-53	30	4725.0	0.6349206349206349
chr6	-52	6	4816.0	0.12458471760797342
chr6	-51	10	4870.0	0.20533880903490762
chr6	-50	52	4936.0	1.053484602917342
chr6	-49	10	4996.0	0.20016012810248196
chr6	-48	8	5055.0	0.1582591493570722
chr6	-47	15	5127.0	0.29256875365710944
chr6	-46	5	5185.0	0.09643201542912247
chr6	-45	18	5255.0	0.3425309229305423
chr6	-44	10	5302.0	0.18860807242549982
chr6	-43	8	5389.0	0.14845054741139357
chr6	-42	5	5450.0	0.09174311926605505
chr6	-41	10	5526.0	0.18096272167933405
chr6	-40	10	5585.0	0.17905102954341987
chr6	-39	32	5660.0	0.5653710247349824
chr6	-38	11	5745.0	0.19147084421235858
chr6	-37	4	5811.0	0.06883496816382723
chr6	-36	6	5870.0	0.10221465076660989
chr6	-35	39	5949.0	0.6555723651033787
chr6	-34	8	6020.0	0.132890365448505
chr6	-33	26	6090.0	0.4269293924466338
chr6	-32	33	6167.0	0.5351062104751094
chr6	-31	5	6217.0	0.08042464211034261
chr6	-30	17	6292.0	0.270184361093452
chr6	-29	14	6356.0	0.22026431718061676
chr6	-28	5	6406.0	0.07805182641273806
chr6	-27	6	6485.0	0.09252120277563608
chr6	-26	48	6550.0	0.732824427480916
chr6	-25	10	6599.0	0.15153811183512653
chr6	-24	42	6660.0	0.6306306306306306
chr6	-23	38	6723.0	0.5652238583965492
chr6	-22	11	6798.0	0.16181229773462785
chr6	-21	13	6862.0	0.18944914019236375
chr6	-20	53	6937.0	0.7640190283984432
chr6	-19	48	6987.0	0.6869901245169601
chr6	-18	25	7055.0	0.3543586109142452
chr6	-17	10	7093.0	0.14098406880022557
chr6	-16	8	7189.0	0.11128112393935179
chr6	-15	14	7268.0	0.1926252063841497
chr6	-14	16	7375.0	0.21694915254237288
chr6	-13	12	7422.0	0.16168148746968472
chr6	-12	11	7504.0	0.14658848614072495
chr6	-11	54	7576.0	0.7127771911298838
chr6	-10	52	7635.0	0.6810740013097577
chr6	-9	54	7642.0	0.7066213033237372
chr6	-8	9	7644.0	0.11773940345368916
chr6	-7	12	7647.0	0.1569242840329541
chr6	-6	18	7646.0	0.23541721161391577
chr6	-5	57	7648.0	0.7452928870292888
chr6	-4	19	7623.0	0.24924570379115832
chr6	-3	74	7624.0	0.9706190975865687
chr6	-2	59	7651.0	0.7711410273166905
chr6	-1	62	7644.0	0.8110936682365254
chr6	0	103	7449.0	1.3827359377097597
chr6	1	64	7387.0	0.8663868958981996
chr6	2	72	7281.0	0.9888751545117428
chr6	3	40	7224.0	0.5537098560354374
chr6	4	107	7173.0	1.491705004879409
chr6	5	42	7088.0	0.5925507900677202
chr6	6	38	7036.0	0.5400795906765207
chr6	7	34	6948.0	0.48934945308002303
chr6	8	74	6875.0	1.0763636363636364
chr6	9	84	6819.0	1.2318521777386713
chr6	10	100	6745.0	1.4825796886582654
chr6	11	29	6680.0	0.43413173652694614
chr6	12	50	6590.0	0.7587253414264037
chr6	13	38	6522.0	0.5826433609322293
chr6	14	49	6451.0	0.7595721593551388
chr6	15	31	6389.0	0.4852089528877759
chr6	16	40	6306.0	0.6343165239454488
chr6	17	44	6289.0	0.6996342820798219
chr6	18	89	6235.0	1.4274258219727345
chr6	19	50	6174.0	0.8098477486232589
chr6	20	33	6104.0	0.5406290956749673
chr6	21	41	6054.0	0.677238189626693
chr6	22	88	5979.0	1.4718180297708647
chr6	23	71	5932.0	1.1968981793661497
chr6	24	29	5886.0	0.49269452939177705
chr6	25	55	5821.0	0.9448548359388421
chr6	26	37	5756.0	0.6428075052119527
chr6	27	41	5711.0	0.7179127998599194
chr6	28	39	5639.0	0.6916119879411242
chr6	29	34	5570.0	0.6104129263913823
chr6	30	35	5518.0	0.6342877854295035
chr6	31	50	5461.0	0.9155832265152902
chr6	32	56	5388.0	1.0393466963622866
chr6	33	26	5309.0	0.489734413260501
chr6	34	47	5235.0	0.8978032473734479
chr6	35	29	5178.0	0.5600617999227501
chr6	36	43	5101.0	0.8429719662811215
chr6	37	25	5033.0	0.49672163719451623
chr6	38	43	4956.0	0.867635189669088
chr6	39	32	4870.0	0.6570841889117043
chr6	40	36	4795.0	0.7507820646506778
chr6	41	26	4719.0	0.5509641873278237
chr6	42	26	4648.0	0.5593803786574871
chr6	43	35	4561.0	0.7673755755316817
chr6	44	42	4511.0	0.931057415207271
chr6	45	18	4462.0	0.4034065441506051
chr6	46	32	4376.0	0.7312614259597806
chr6	47	49	4313.0	1.1361001623000233
chr6	48	26	4260.0	0.6103286384976526
chr6	49	62	4198.0	1.4768937589328253
chr6	50	25	4133.0	0.6048874909266876
chr6	51	24	4080.0	0.5882352941176471
chr6	52	35	4011.0	0.8726003490401396
chr6	53	22	3940.0	0.5583756345177665
chr6	54	19	3886.0	0.48893463715903246
chr6	55	15	3813.0	0.3933910306845004
chr6	56	30	3777.0	0.7942811755361397
chr6	57	31	3723.0	0.83266183185603
chr6	58	31	3649.0	0.8495478213209099
chr6	59	29	3590.0	0.807799442896936
chr6	60	22	3530.0	0.623229461756374
chr6	61	26	3443.0	0.7551553877432472
chr6	62	19	3368.0	0.5641330166270784
chr6	63	37	3312.0	1.1171497584541061
chr6	64	24	3239.0	0.7409694350108058
chr6	65	35	3163.0	1.1065444198545684
chr6	66	28	3080.0	0.9090909090909091
chr6	67	21	3033.0	0.6923837784371909
chr6	68	34	2984.0	1.1394101876675604
chr6	69	14	2927.0	0.47830543218312266
chr6	70	25	2867.0	0.8719916288803629
chr6	71	24	2811.0	0.8537886872998933
chr6	72	13	2751.0	0.4725554343874954
chr6	73	19	2667.0	0.7124109486314211
chr6	74	14	2588.0	0.5409582689335394
chr6	75	18	2503.0	0.7191370355573312
chr6	76	9	2429.0	0.37052284890901604
chr6	77	13	2370.0	0.5485232067510549
chr6	78	9	2297.0	0.391815411406182
chr6	79	13	2249.0	0.5780346820809248
chr6	80	15	2185.0	0.6864988558352403
chr6	81	8	2111.0	0.37896731406916156
chr6	82	10	2042.0	0.4897159647404506
chr6	83	16	1963.0	0.815078960774325
chr6	84	15	1894.0	0.791974656810982
chr6	85	9	1821.0	0.4942339373970346
chr6	86	12	1777.0	0.6752954417557682
chr6	87	14	1707.0	0.8201523140011716
chr6	88	13	1645.0	0.7902735562310031
chr6	89	6	1589.0	0.3775959723096287
chr6	90	10	1524.0	0.6561679790026247
chr6	91	10	1459.0	0.6854009595613434
chr6	92	4	1400.0	0.2857142857142857
chr6	93	7	1341.0	0.5219985085756897
chr6	94	9	1266.0	0.7109004739336493
chr6	95	12	1200.0	1.0
chr6	96	18	1146.0	1.5706806282722512
chr6	97	4	1087.0	0.36798528058877644
chr6	98	8	1033.0	0.7744433688286544
chr6	99	3	978.0	0.3067484662576687
chr6	100	5	936.0	0.5341880341880342
chr6	101	3	890.0	0.33707865168539325
chr6	102	2	832.0	0.2403846153846154
chr6	103	3	766.0	0.39164490861618795
chr6	104	2	708.0	0.2824858757062147
chr6	105	11	659.0	1.669195751138088
chr6	106	2	596.0	0.33557046979865773
chr6	107	4	535.0	0.7476635514018692
chr6	108	1	483.0	0.2070393374741201
chr6	109	1	421.0	0.23752969121140144
chr6	110	0	370.0	0.0
chr6	111	2	314.0	0.6369426751592357
chr6	112	1	251.0	0.398406374501992
chr6	113	0	194.0	0.0
chr6	114	1	152.0	0.6578947368421052
chr6	115	1	115.0	0.8695652173913043
chr6	116	1	70.0	1.4285714285714286
chr6	117	1	34.0	2.941176470588235
chr6	118	0	8.0	0.0
chr6	119	0	0.0	nan
chr6	120	0	0.0	nan
chr6	121	0	0.0	nan
chr6	122	0	0.0	nan
chr6	123	0	0.0	nan
chr6	124	0	0.0	nan
chr6	125	0	0.0	nan
chr6	126	0	0.0	nan
chr6	127	0	0.0	nan
chr6	128	0	0.0	nan
chr6	129	0	0.0	nan
chr6	130	0	0.0	nan
chr6	131	0	0.0	nan
chr6	132	0	0.0	nan
chr7	-159	0	0.0	nan
chr7	-158	0	0.0	nan
chr7	-157	0	0.0	nan
chr7	-156	0	0.0	nan
chr7	-155	0	0.0	nan
chr7	-154	0	0.0	nan
chr7	-153	0	0.0	nan
chr7	-152	0	0.0	nan
chr7	-151	0	0.0	nan
chr7	-150	0	0.0	nan
chr7	-149	0	0.0	nan
chr7	-148	0	0.0	nan
chr7	-147	0	0.0	nan
chr7	-146	0	0.0	nan
chr7	-145	0	0.0	nan
chr7	-144	0	0.0	nan
chr7	-143	0	0.0	nan
chr7	-142	0	0.0	nan
chr7	-141	0	0.0	nan
chr7	-140	0	0.0	nan
chr7	-139	0	8.0	0.0
chr7	-138	0	9.0	0.0
chr7	-137	0	9.0	0.0
chr7	-136	0	12.0	0.0
chr7	-135	0	12.0	0.0
chr7	-134	0	13.0	0.0
chr7	-133	0	16.0	0.0
chr7	-132	0	20.0	0.0
chr7	-131	0	33.0	0.0
chr7	-130	0	144.0	0.0
chr7	-129	0	342.0	0.0
chr7	-128	4	561.0	0.7130124777183601
chr7	-127	2	843.0	0.2372479240806643
chr7	-126	5	1198.0	0.41736227045075125
chr7	-125	5	1523.0	0.3282994090610637
chr7	-124	8	1861.0	0.42987641053197206
chr7	-123	10	2199.0	0.45475216007276037
chr7	-122	5	2532.0	0.1974723538704581
chr7	-121	6	2879.0	0.20840569642236886
chr7	-120	25	3222.0	0.7759155803848541
chr7	-119	2	3546.0	0.05640157924421885
chr7	-118	29	3918.0	0.7401735579377233
chr7	-117	5	4325.0	0.11560693641618498
chr7	-116	5	4688.0	0.10665529010238908
chr7	-115	17	5042.0	0.33716779055930185
chr7	-114	12	5444.0	0.2204261572373255
chr7	-113	16	5835.0	0.27420736932305056
chr7	-112	18	6221.0	0.28934254942935217
chr7	-111	8	6599.0	0.12123048946810122
chr7	-110	13	7033.0	0.18484288354898337
chr7	-109	17	7464.0	0.22775991425509112
chr7	-108	16	7827.0	0.20442059537498403
chr7	-107	19	8250.0	0.2303030303030303
chr7	-106	17	8689.0	0.1956496719990793
chr7	-105	30	9126.0	0.3287310979618672
chr7	-104	28	9523.0	0.2940249921243306
chr7	-103	20	9958.0	0.20084354288009643
chr7	-102	19	10369.0	0.18323849937313144
chr7	-101	13	10773.0	0.1206720504966119
chr7	-100	28	11190.0	0.25022341376228774
chr7	-99	24	11603.0	0.20684305782987158
chr7	-98	16	12006.0	0.13326669998334167
chr7	-97	47	12389.0	0.37936879489870046
chr7	-96	17	12840.0	0.13239875389408098
chr7	-95	43	13321.0	0.3227985886945425
chr7	-94	9	13733.0	0.06553557125172942
chr7	-93	21	14157.0	0.14833651197287562
chr7	-92	38	14628.0	0.25977577249111294
chr7	-91	22	15111.0	0.14558930580371915
chr7	-90	51	15559.0	0.32778456198984507
chr7	-89	38	16051.0	0.2367453741199925
chr7	-88	40	16515.0	0.24220405691795338
chr7	-87	22	16951.0	0.12978585334198572
chr7	-86	30	17417.0	0.17224550726301888
chr7	-85	34	17918.0	0.18975332068311196
chr7	-84	53	18390.0	0.28820010875475804
chr7	-83	41	18843.0	0.2175874329989917
chr7	-82	27	19259.0	0.14019419492185473
chr7	-81	53	19753.0	0.2683136738723232
chr7	-80	25	20209.0	0.12370725914196644
chr7	-79	49	20659.0	0.2371847620891621
chr7	-78	21	21116.0	0.09945065353286608
chr7	-77	27	21625.0	0.12485549132947976
chr7	-76	57	22134.0	0.2575223637842234
chr7	-75	69	22560.0	0.3058510638297872
chr7	-74	35	22991.0	0.15223348266713063
chr7	-73	23	23413.0	0.09823602272241917
chr7	-72	68	23912.0	0.2843760455001673
chr7	-71	65	24416.0	0.26621887287024903
chr7	-70	56	24914.0	0.22477321987637472
chr7	-69	81	25377.0	0.31918666509043625
chr7	-68	52	25848.0	0.20117610646858555
chr7	-67	55	26359.0	0.20865738457452862
chr7	-66	71	26832.0	0.2646094215861658
chr7	-65	58	27272.0	0.21267233792901147
chr7	-64	113	27667.0	0.40842881411067333
chr7	-63	55	28157.0	0.19533330965656853
chr7	-62	96	28695.0	0.334553058024046
chr7	-61	129	29151.0	0.4425234125758979
chr7	-60	71	29594.0	0.23991349597891465
chr7	-59	84	30073.0	0.27932032055332023
chr7	-58	64	30588.0	0.20923237871060546
chr7	-57	79	31103.0	0.2539947914992123
chr7	-56	69	31574.0	0.2185342370304681
chr7	-55	96	32028.0	0.29973772948669913
chr7	-54	69	32458.0	0.2125824141968082
chr7	-53	77	32936.0	0.23378673791595822
chr7	-52	67	33435.0	0.20038881411694331
chr7	-51	94	33898.0	0.2773024957224615
chr7	-50	67	34396.0	0.1947900918711478
chr7	-49	90	34894.0	0.2579239983951396
chr7	-48	54	35364.0	0.1526976586359009
chr7	-47	109	35898.0	0.30363808568722495
chr7	-46	79	36356.0	0.21729563208273736
chr7	-45	99	36851.0	0.2686494260671352
chr7	-44	114	37305.0	0.30558906312826695
chr7	-43	76	37776.0	0.20118593816179586
chr7	-42	80	38260.0	0.20909566126502874
chr7	-41	56	38774.0	0.14442667767060402
chr7	-40	99	39226.0	0.2523836231071228
chr7	-39	84	39699.0	0.21159223154235623
chr7	-38	85	40223.0	0.21132188051612263
chr7	-37	192	40695.0	0.47180243273129374
chr7	-36	94	41138.0	0.22849919782196507
chr7	-35	143	41636.0	0.3434527812469978
chr7	-34	117	42112.0	0.277830547112462
chr7	-33	104	42551.0	0.24441258724824327
chr7	-32	138	43046.0	0.3205872787250848
chr7	-31	115	43532.0	0.2641734815767711
chr7	-30	105	44004.0	0.23861467139350967
chr7	-29	110	44541.0	0.24696347185738984
chr7	-28	150	45044.0	0.33300772577923804
chr7	-27	160	45494.0	0.3516947289752495
chr7	-26	89	45999.0	0.1934824670101524
chr7	-25	157	46408.0	0.33830374073435615
chr7	-24	158	46926.0	0.33670033670033667
chr7	-23	160	47382.0	0.3376809758980204
chr7	-22	138	47953.0	0.2877817863324505
chr7	-21	164	48399.0	0.33884997623917845
chr7	-20	154	48923.0	0.3147803691515238
chr7	-19	156	49448.0	0.31548293156447177
chr7	-18	125	49969.0	0.25015509615961895
chr7	-17	111	50490.0	0.21984551396316104
chr7	-16	157	51054.0	0.3075175304579465
chr7	-15	125	51518.0	0.24263364261034978
chr7	-14	204	52023.0	0.39213424831324606
chr7	-13	144	52478.0	0.2744007012462365
chr7	-12	130	52928.0	0.2456166868198307
chr7	-11	216	53441.0	0.4041840534421137
chr7	-10	210	53887.0	0.3897043813906879
chr7	-9	241	53855.0	0.4474979110574691
chr7	-8	188	53958.0	0.34841914081322506
chr7	-7	161	53956.0	0.2983912817851583
chr7	-6	205	53940.0	0.3800519095291064
chr7	-5	182	53945.0	0.33738066549263135
chr7	-4	271	53936.0	0.5024473450014832
chr7	-3	219	53919.0	0.4061648027596951
chr7	-2	317	53824.0	0.5889565992865636
chr7	-1	539	53659.0	1.004491324847649
chr7	0	846	52344.0	1.6162310866574967
chr7	1	405	52121.0	0.7770380460850713
chr7	2	383	51701.0	0.7407980503278466
chr7	3	421	51270.0	0.8211429685976204
chr7	4	379	50789.0	0.7462245761877572
chr7	5	355	50299.0	0.7057794389550488
chr7	6	320	49812.0	0.6424154822131214
chr7	7	352	49363.0	0.7130846990661022
chr7	8	494	48851.0	1.0112382551022496
chr7	9	422	48436.0	0.8712527871830869
chr7	10	399	47985.0	0.8315098468271335
chr7	11	289	47476.0	0.6087286207768136
chr7	12	338	46996.0	0.7192101455443017
chr7	13	341	46575.0	0.7321524422973698
chr7	14	281	46136.0	0.6090688399514479
chr7	15	356	45671.0	0.7794880777736419
chr7	16	350	45171.0	0.7748334108166743
chr7	17	309	44746.0	0.6905645197336074
chr7	18	321	44288.0	0.7248013005780347
chr7	19	326	43805.0	0.744207282273713
chr7	20	297	43297.0	0.6859597662655611
chr7	21	316	42876.0	0.7370090493516186
chr7	22	405	42341.0	0.9565196854113035
chr7	23	368	41828.0	0.8797934398010903
chr7	24	337	41339.0	0.8152108178717433
chr7	25	276	40906.0	0.674717645333203
chr7	26	346	40446.0	0.8554616031251546
chr7	27	286	39985.0	0.7152682255845942
chr7	28	313	39509.0	0.7922245564301804
chr7	29	273	39058.0	0.6989605202519331
chr7	30	295	38622.0	0.7638133706177826
chr7	31	314	38190.0	0.822204765645457
chr7	32	280	37764.0	0.7414468806270522
chr7	33	313	37305.0	0.8390296206942769
chr7	34	384	36851.0	1.0420341374725246
chr7	35	286	36390.0	0.7859302006045618
chr7	36	406	35932.0	1.129912056105978
chr7	37	234	35423.0	0.660587753719335
chr7	38	284	34921.0	0.8132642249649208
chr7	39	277	34419.0	0.8047880531102009
chr7	40	185	33860.0	0.5463673951565269
chr7	41	284	33385.0	0.8506814437621687
chr7	42	240	32973.0	0.7278682558456919
chr7	43	235	32497.0	0.7231436748007508
chr7	44	238	32047.0	0.7426592192716946
chr7	45	236	31549.0	0.7480427271862816
chr7	46	251	31043.0	0.8085558741101053
chr7	47	212	30623.0	0.6922901087417953
chr7	48	208	30204.0	0.6886505098662429
chr7	49	189	29766.0	0.6349526305180407
chr7	50	260	29330.0	0.8864643709512444
chr7	51	212	28799.0	0.7361366714122017
chr7	52	191	28264.0	0.6757712991791678
chr7	53	216	27828.0	0.7761966364812419
chr7	54	197	27368.0	0.7198187664425606
chr7	55	184	26900.0	0.6840148698884758
chr7	56	175	26463.0	0.6613006839738503
chr7	57	155	25955.0	0.5971874397996533
chr7	58	187	25430.0	0.7353519465198585
chr7	59	208	24986.0	0.8324661810613945
chr7	60	217	24526.0	0.8847753404550274
chr7	61	187	24038.0	0.7779349363507779
chr7	62	164	23592.0	0.6951508986096983
chr7	63	218	23138.0	0.9421730486645346
chr7	64	160	22643.0	0.7066201475069558
chr7	65	190	22199.0	0.8558944096580928
chr7	66	156	21725.0	0.7180667433831991
chr7	67	150	21266.0	0.705351264929935
chr7	68	196	20745.0	0.9448059773439383
chr7	69	130	20258.0	0.6417217889228947
chr7	70	177	19848.0	0.8917775090689238
chr7	71	143	19422.0	0.7362784471218206
chr7	72	131	18976.0	0.690345699831366
chr7	73	104	18572.0	0.5599827697609304
chr7	74	124	18150.0	0.6831955922865013
chr7	75	102	17717.0	0.5757182367217927
chr7	76	116	17254.0	0.6723078706386925
chr7	77	120	16783.0	0.715009235535959
chr7	78	122	16272.0	0.7497541789577188
chr7	79	95	15781.0	0.6019897344908434
chr7	80	132	15314.0	0.8619563797832049
chr7	81	99	14839.0	0.6671608598962194
chr7	82	97	14382.0	0.6744541788346544
chr7	83	118	13934.0	0.8468494330414812
chr7	84	112	13434.0	0.833705523299092
chr7	85	104	12980.0	0.8012326656394453
chr7	86	76	12523.0	0.6068833346642178
chr7	87	103	12083.0	0.8524373086154101
chr7	88	60	11616.0	0.5165289256198348
chr7	89	72	11208.0	0.6423982869379015
chr7	90	65	10767.0	0.6036964799851398
chr7	91	80	10349.0	0.7730215479756498
chr7	92	65	9948.0	0.6533976678729393
chr7	93	62	9578.0	0.6473167675923992
chr7	94	58	9144.0	0.6342957130358705
chr7	95	40	8731.0	0.4581376703699461
chr7	96	78	8325.0	0.9369369369369369
chr7	97	51	7835.0	0.6509253350350989
chr7	98	86	7407.0	1.1610638585122182
chr7	99	32	7014.0	0.4562303963501569
chr7	100	34	6603.0	0.5149174617598061
chr7	101	32	6180.0	0.517799352750809
chr7	102	37	5785.0	0.6395851339671564
chr7	103	31	5410.0	0.5730129390018485
chr7	104	33	5046.0	0.6539833531510106
chr7	105	37	4651.0	0.7955278434745217
chr7	106	29	4239.0	0.6841236140599197
chr7	107	28	3845.0	0.7282184655396619
chr7	108	23	3467.0	0.6633977502163254
chr7	109	13	3062.0	0.4245591116917048
chr7	110	12	2656.0	0.4518072289156626
chr7	111	17	2275.0	0.7472527472527473
chr7	112	18	1919.0	0.9379885356956749
chr7	113	9	1587.0	0.5671077504725899
chr7	114	6	1235.0	0.4858299595141701
chr7	115	5	926.0	0.5399568034557235
chr7	116	4	610.0	0.6557377049180327
chr7	117	4	357.0	1.1204481792717087
chr7	118	1	129.0	0.7751937984496124
chr7	119	0	0.0	nan
chr7	120	0	0.0	nan
chr7	121	0	0.0	nan
chr7	122	0	0.0	nan
chr7	123	0	0.0	nan
chr7	124	0	0.0	nan
chr7	125	0	0.0	nan
chr7	126	0	0.0	nan
chr7	127	0	0.0	nan
chr7	128	0	0.0	nan
chr7	129	0	0.0	nan
chr7	130	0	0.0	nan
chr7	131	0	0.0	nan
chr7	132	0	0.0	nan
chr7	133	0	0.0	nan
chr7	134	0	0.0	nan
chr7	135	0	0.0	nan
chr7	136	0	0.0	nan
chr7	137	0	0.0	nan
chr7	138	0	0.0	nan
chr7	139	0	0.0	nan
chr7	140	0	0.0	nan
chr7	141	0	0.0	nan
chr7	142	0	0.0	nan
chr7	143	0	0.0	nan
chr7	144	0	0.0	nan
chr7	145	0	0.0	nan
chr7	146	0	0.0	nan
chr7	147	0	0.0	nan
chr7	148	0	0.0	nan
chr7	149	0	0.0	nan
chr7	150	0	0.0	nan
chr7	151	0	0.0	nan
chr7	152	0	0.0	nan
chr7	153	0	0.0	nan
chr7	154	0	0.0	nan
chr7	155	0	0.0	nan
chr8	-143	0	0.0	nan
chr8	-142	0	0.0	nan
chr8	-141	0	0.0	nan
chr8	-140	0	0.0	nan
chr8	-139	0	5.0	0.0
chr8	-138	0	5.0	0.0
chr8	-137	1	6.0	16.666666666666664
chr8	-136	0	7.0	0.0
chr8	-135	0	10.0	0.0
chr8	-134	0	13.0	0.0
chr8	-133	0	13.0	0.0
chr8	-132	0	14.0	0.0
chr8	-131	1	19.0	5.263157894736842
chr8	-130	0	45.0	0.0
chr8	-129	0	101.0	0.0
chr8	-128	3	159.0	1.8867924528301887
chr8	-127	0	227.0	0.0
chr8	-126	2	305.0	0.6557377049180327
chr8	-125	0	380.0	0.0
chr8	-124	2	450.0	0.4444444444444444
chr8	-123	0	529.0	0.0
chr8	-122	0	597.0	0.0
chr8	-121	1	670.0	0.1492537313432836
chr8	-120	0	734.0	0.0
chr8	-119	1	810.0	0.12345679012345678
chr8	-118	1	878.0	0.11389521640091116
chr8	-117	1	937.0	0.10672358591248667
chr8	-116	1	1023.0	0.09775171065493646
chr8	-115	8	1101.0	0.7266121707538601
chr8	-114	1	1178.0	0.08488964346349745
chr8	-113	1	1265.0	0.07905138339920949
chr8	-112	2	1342.0	0.14903129657228018
chr8	-111	0	1416.0	0.0
chr8	-110	2	1489.0	0.1343183344526528
chr8	-109	0	1573.0	0.0
chr8	-108	1	1662.0	0.060168471720818295
chr8	-107	7	1722.0	0.40650406504065045
chr8	-106	3	1821.0	0.16474464579901155
chr8	-105	0	1890.0	0.0
chr8	-104	7	1975.0	0.35443037974683544
chr8	-103	7	2064.0	0.3391472868217054
chr8	-102	2	2148.0	0.0931098696461825
chr8	-101	6	2266.0	0.264783759929391
chr8	-100	10	2379.0	0.4203446826397646
chr8	-99	9	2474.0	0.3637833468067906
chr8	-98	0	2569.0	0.0
chr8	-97	20	2685.0	0.74487895716946
chr8	-96	7	2761.0	0.2535313292285404
chr8	-95	13	2858.0	0.45486354093771875
chr8	-94	9	2966.0	0.30343897505057316
chr8	-93	1	3061.0	0.03266906239790918
chr8	-92	10	3160.0	0.31645569620253167
chr8	-91	1	3279.0	0.030497102775236352
chr8	-90	18	3392.0	0.5306603773584906
chr8	-89	14	3485.0	0.40172166427546624
chr8	-88	2	3571.0	0.05600672080649678
chr8	-87	2	3669.0	0.05451076587626057
chr8	-86	17	3767.0	0.4512874966817096
chr8	-85	24	3849.0	0.6235385814497272
chr8	-84	6	3949.0	0.15193719929095975
chr8	-83	2	4059.0	0.04927322000492732
chr8	-82	3	4158.0	0.07215007215007214
chr8	-81	16	4277.0	0.3740939911152677
chr8	-80	5	4381.0	0.11412919424788862
chr8	-79	1	4492.0	0.02226179875333927
chr8	-78	43	4609.0	0.9329572575395965
chr8	-77	5	4700.0	0.10638297872340426
chr8	-76	2	4787.0	0.04177982034677251
chr8	-75	4	4889.0	0.08181632235631009
chr8	-74	5	4992.0	0.1001602564102564
chr8	-73	5	5080.0	0.09842519685039369
chr8	-72	21	5185.0	0.40501446480231434
chr8	-71	5	5270.0	0.09487666034155598
chr8	-70	8	5374.0	0.14886490509862302
chr8	-69	13	5510.0	0.23593466424682397
chr8	-68	11	5628.0	0.19545131485429992
chr8	-67	16	5731.0	0.279183388588379
chr8	-66	8	5818.0	0.13750429700928155
chr8	-65	19	5930.0	0.32040472175379425
chr8	-64	9	6025.0	0.14937759336099585
chr8	-63	16	6108.0	0.26195153896529144
chr8	-62	22	6210.0	0.35426731078904994
chr8	-61	26	6325.0	0.41106719367588934
chr8	-60	23	6422.0	0.35814388041108686
chr8	-59	15	6545.0	0.2291825821237586
chr8	-58	16	6636.0	0.24110910186859552
chr8	-57	12	6743.0	0.17796233130654013
chr8	-56	35	6853.0	0.5107252298263534
chr8	-55	6	6964.0	0.08615738081562321
chr8	-54	11	7066.0	0.15567506368525333
chr8	-53	33	7170.0	0.46025104602510464
chr8	-52	9	7268.0	0.12383048981838193
chr8	-51	31	7403.0	0.4187491557476698
chr8	-50	13	7515.0	0.17298735861610112
chr8	-49	26	7647.0	0.34000261540473387
chr8	-48	23	7732.0	0.297465080186239
chr8	-47	20	7813.0	0.2559836170485089
chr8	-46	17	7909.0	0.2149449993678088
chr8	-45	31	8020.0	0.3865336658354115
chr8	-44	16	8142.0	0.19651191353475803
chr8	-43	106	8235.0	1.2871888281724346
chr8	-42	21	8333.0	0.2520100804032161
chr8	-41	10	8454.0	0.11828720132481667
chr8	-40	27	8553.0	0.3156787092248334
chr8	-39	32	8644.0	0.37019898195279966
chr8	-38	26	8764.0	0.29666818804198997
chr8	-37	17	8894.0	0.19114009444569374
chr8	-36	10	8998.0	0.11113580795732383
chr8	-35	16	9096.0	0.1759014951627089
chr8	-34	16	9235.0	0.17325392528424471
chr8	-33	20	9327.0	0.21443122118580465
chr8	-32	15	9432.0	0.1590330788804071
chr8	-31	15	9533.0	0.1573481590265394
chr8	-30	30	9633.0	0.3114294612270321
chr8	-29	26	9745.0	0.26680348896870193
chr8	-28	59	9851.0	0.598923967109938
chr8	-27	20	9958.0	0.20084354288009643
chr8	-26	32	10071.0	0.31774401747592096
chr8	-25	24	10179.0	0.23577954612437368
chr8	-24	14	10271.0	0.1363061045662545
chr8	-23	26	10349.0	0.2512320030920862
chr8	-22	39	10461.0	0.3728133065672498
chr8	-21	21	10567.0	0.19873190120185485
chr8	-20	17	10669.0	0.15934014434342486
chr8	-19	32	10753.0	0.29759136985027435
chr8	-18	15	10859.0	0.13813426650704483
chr8	-17	74	10971.0	0.6745055145383283
chr8	-16	27	11106.0	0.24311183144246357
chr8	-15	45	11201.0	0.4017498437639496
chr8	-14	21	11320.0	0.1855123674911661
chr8	-13	41	11442.0	0.3583289634679252
chr8	-12	31	11534.0	0.26877059129530084
chr8	-11	36	11631.0	0.30951766830023214
chr8	-10	27	11748.0	0.22982635342185903
chr8	-9	25	11745.0	0.21285653469561516
chr8	-8	64	11747.0	0.5448199540308164
chr8	-7	40	11757.0	0.3402228459641065
chr8	-6	39	11752.0	0.33185840707964603
chr8	-5	28	11751.0	0.23827759339630666
chr8	-4	36	11745.0	0.30651340996168586
chr8	-3	68	11744.0	0.5790190735694822
chr8	-2	53	11734.0	0.4516788818817113
chr8	-1	59	11733.0	0.5028551947498509
chr8	0	103	11321.0	0.9098136207048847
chr8	1	84	11255.0	0.7463349622390049
chr8	2	92	11157.0	0.8245944250246482
chr8	3	57	11067.0	0.5150447275684468
chr8	4	74	10956.0	0.6754289886820007
chr8	5	76	10872.0	0.6990434142752024
chr8	6	106	10765.0	0.9846725499303297
chr8	7	84	10653.0	0.7885102787947058
chr8	8	91	10589.0	0.859382377939371
chr8	9	61	10484.0	0.5818389927508585
chr8	10	69	10382.0	0.6646118281641302
chr8	11	71	10322.0	0.6878511916295291
chr8	12	71	10247.0	0.6928857226505319
chr8	13	76	10131.0	0.7501727371434213
chr8	14	91	10030.0	0.9072781655034895
chr8	15	83	9944.0	0.8346741753821401
chr8	16	103	9811.0	1.0498420140658444
chr8	17	57	9724.0	0.5861785273549979
chr8	18	62	9622.0	0.6443566826023696
chr8	19	78	9550.0	0.8167539267015707
chr8	20	59	9439.0	0.6250662146413815
chr8	21	74	9335.0	0.7927155865024103
chr8	22	81	9239.0	0.8767182595518995
chr8	23	82	9147.0	0.8964687875806275
chr8	24	52	9045.0	0.5749032614704257
chr8	25	90	8951.0	1.0054742486872974
chr8	26	66	8858.0	0.7450891849175886
chr8	27	86	8744.0	0.9835315645013724
chr8	28	83	8665.0	0.9578765147143682
chr8	29	59	8547.0	0.6903006903006903
chr8	30	75	8448.0	0.8877840909090909
chr8	31	65	8339.0	0.7794699604269097
chr8	32	52	8243.0	0.6308382870314205
chr8	33	69	8163.0	0.8452774715178243
chr8	34	47	8044.0	0.5842864246643461
chr8	35	50	7950.0	0.628930817610063
chr8	36	51	7840.0	0.6505102040816326
chr8	37	60	7705.0	0.7787151200519143
chr8	38	52	7594.0	0.6847511193047142
chr8	39	45	7501.0	0.5999200106652446
chr8	40	55	7425.0	0.7407407407407408
chr8	41	61	7312.0	0.8342450765864333
chr8	42	125	7217.0	1.732021615629763
chr8	43	49	7124.0	0.6878158338012353
chr8	44	73	7041.0	1.0367845476494817
chr8	45	54	6935.0	0.7786589762076424
chr8	46	62	6826.0	0.9082918253735717
chr8	47	43	6710.0	0.6408345752608048
chr8	48	49	6605.0	0.7418622255866768
chr8	49	52	6494.0	0.8007391438250694
chr8	50	57	6371.0	0.894679014283472
chr8	51	41	6292.0	0.6516211061665607
chr8	52	50	6203.0	0.8060615831049491
chr8	53	15	6093.0	0.2461841457410143
chr8	54	43	5967.0	0.7206301323948383
chr8	55	72	5878.0	1.2249064307587616
chr8	56	32	5779.0	0.5537290188613947
chr8	57	43	5684.0	0.7565095003518649
chr8	58	37	5598.0	0.660950339406931
chr8	59	54	5487.0	0.9841443411700382
chr8	60	50	5386.0	0.928332714444857
chr8	61	53	5284.0	1.0030280090840271
chr8	62	44	5165.0	0.85188770571152
chr8	63	31	5050.0	0.6138613861386139
chr8	64	47	4930.0	0.9533468559837728
chr8	65	27	4831.0	0.5588904988615193
chr8	66	34	4744.0	0.7166947723440135
chr8	67	35	4641.0	0.7541478129713424
chr8	68	23	4524.0	0.5083996463306808
chr8	69	26	4410.0	0.5895691609977325
chr8	70	26	4317.0	0.6022700949733611
chr8	71	32	4226.0	0.7572172266919073
chr8	72	24	4124.0	0.5819592628516004
chr8	73	28	4025.0	0.6956521739130435
chr8	74	25	3922.0	0.6374298827129016
chr8	75	24	3829.0	0.6267955079655263
chr8	76	19	3712.0	0.5118534482758621
chr8	77	52	3611.0	1.4400443090556632
chr8	78	22	3504.0	0.6278538812785388
chr8	79	13	3410.0	0.3812316715542522
chr8	80	19	3306.0	0.5747126436781609
chr8	81	24	3203.0	0.7492975335622853
chr8	82	22	3110.0	0.707395498392283
chr8	83	20	2998.0	0.66711140760507
chr8	84	41	2885.0	1.4211438474870017
chr8	85	19	2780.0	0.6834532374100719
chr8	86	20	2680.0	0.7462686567164178
chr8	87	12	2575.0	0.46601941747572817
chr8	88	13	2469.0	0.5265289590927501
chr8	89	27	2356.0	1.1460101867572157
chr8	90	10	2256.0	0.44326241134751776
chr8	91	14	2166.0	0.6463527239150507
chr8	92	11	2044.0	0.538160469667319
chr8	93	18	1956.0	0.9202453987730062
chr8	94	15	1890.0	0.7936507936507936
chr8	95	7	1791.0	0.3908431044109436
chr8	96	18	1728.0	1.0416666666666665
chr8	97	8	1629.0	0.49109883364027007
chr8	98	10	1542.0	0.648508430609598
chr8	99	7	1455.0	0.48109965635738833
chr8	100	7	1370.0	0.5109489051094891
chr8	101	0	1275.0	0.0
chr8	102	19	1191.0	1.595298068849706
chr8	103	9	1115.0	0.8071748878923767
chr8	104	4	1024.0	0.390625
chr8	105	5	951.0	0.5257623554153523
chr8	106	1	876.0	0.1141552511415525
chr8	107	6	773.0	0.7761966364812419
chr8	108	5	691.0	0.723589001447178
chr8	109	7	635.0	1.1023622047244095
chr8	110	1	549.0	0.18214936247723132
chr8	111	4	451.0	0.8869179600886918
chr8	112	4	378.0	1.0582010582010581
chr8	113	1	311.0	0.3215434083601286
chr8	114	3	245.0	1.2244897959183674
chr8	115	1	173.0	0.5780346820809248
chr8	116	1	116.0	0.8620689655172413
chr8	117	0	71.0	0.0
chr8	118	0	17.0	0.0
chr8	119	0	0.0	nan
chr8	120	0	0.0	nan
chr8	121	0	0.0	nan
chr8	122	0	0.0	nan
chr8	123	0	0.0	nan
chr8	124	0	0.0	nan
chr8	125	0	0.0	nan
chr8	126	0	0.0	nan
chr8	127	0	0.0	nan
chr8	128	0	0.0	nan
chr8	129	0	0.0	nan
chr8	130	0	0.0	nan
chr8	131	0	0.0	nan
chr8	132	0	0.0	nan
chr8	133	0	0.0	nan
chr8	134	0	0.0	nan
chr8	135	0	0.0	nan
chr8	136	0	0.0	nan
chr8	137	0	0.0	nan
chr8	138	0	0.0	nan
chr8	139	0	0.0	nan
chr8	140	0	0.0	nan
chr8	141	0	0.0	nan
chr8	142	0	0.0	nan
chr9	-137	0	1.0	0.0
chr9	-136	0	1.0	0.0
chr9	-135	0	1.0	0.0
chr9	-134	0	1.0	0.0
chr9	-133	0	2.0	0.0
chr9	-132	0	2.0	0.0
chr9	-131	0	3.0	0.0
chr9	-130	0	34.0	0.0
chr9	-129	0	90.0	0.0
chr9	-128	0	144.0	0.0
chr9	-127	1	193.0	0.5181347150259068
chr9	-126	0	272.0	0.0
chr9	-125	0	356.0	0.0
chr9	-124	0	435.0	0.0
chr9	-123	8	510.0	1.5686274509803921
chr9	-122	1	608.0	0.1644736842105263
chr9	-121	2	708.0	0.2824858757062147
chr9	-120	0	770.0	0.0
chr9	-119	0	851.0	0.0
chr9	-118	0	958.0	0.0
chr9	-117	0	1073.0	0.0
chr9	-116	0	1166.0	0.0
chr9	-115	0	1271.0	0.0
chr9	-114	2	1363.0	0.1467351430667645
chr9	-113	1	1442.0	0.06934812760055478
chr9	-112	0	1526.0	0.0
chr9	-111	5	1619.0	0.3088326127239036
chr9	-110	4	1729.0	0.23134759976865238
chr9	-109	1	1821.0	0.054914881933003847
chr9	-108	3	1919.0	0.1563314226159458
chr9	-107	4	2008.0	0.199203187250996
chr9	-106	7	2119.0	0.33034450212364325
chr9	-105	3	2212.0	0.13562386980108498
chr9	-104	2	2318.0	0.08628127696289906
chr9	-103	8	2421.0	0.3304419661296985
chr9	-102	9	2536.0	0.3548895899053628
chr9	-101	3	2629.0	0.11411182959300115
chr9	-100	3	2748.0	0.10917030567685589
chr9	-99	5	2868.0	0.17433751743375175
chr9	-98	3	2978.0	0.10073875083948958
chr9	-97	3	3079.0	0.0974342318934719
chr9	-96	7	3170.0	0.22082018927444794
chr9	-95	18	3298.0	0.5457853244390539
chr9	-94	4	3400.0	0.1176470588235294
chr9	-93	22	3516.0	0.6257110352673493
chr9	-92	2	3639.0	0.05496015388843088
chr9	-91	12	3744.0	0.3205128205128205
chr9	-90	4	3843.0	0.10408534998698933
chr9	-89	4	3951.0	0.10124019235636549
chr9	-88	4	4044.0	0.09891196834817012
chr9	-87	5	4157.0	0.12027904738994466
chr9	-86	5	4280.0	0.11682242990654204
chr9	-85	5	4393.0	0.11381743683132256
chr9	-84	13	4516.0	0.28786536758193093
chr9	-83	9	4635.0	0.1941747572815534
chr9	-82	16	4764.0	0.33585222502099077
chr9	-81	5	4874.0	0.10258514567090685
chr9	-80	5	4983.0	0.10034115994380895
chr9	-79	21	5130.0	0.40935672514619886
chr9	-78	7	5240.0	0.13358778625954199
chr9	-77	11	5382.0	0.20438498699368265
chr9	-76	10	5479.0	0.18251505749224312
chr9	-75	9	5589.0	0.1610305958132045
chr9	-74	21	5732.0	0.366364270760642
chr9	-73	6	5833.0	0.10286302074404251
chr9	-72	5	5958.0	0.08392077878482712
chr9	-71	5	6084.0	0.0821827744904668
chr9	-70	8	6212.0	0.128783000643915
chr9	-69	10	6349.0	0.1575051189163648
chr9	-68	19	6485.0	0.29298380878951424
chr9	-67	12	6594.0	0.18198362147406735
chr9	-66	4	6706.0	0.05964807634953773
chr9	-65	8	6778.0	0.11802891708468574
chr9	-64	39	6904.0	0.5648899188876013
chr9	-63	7	7011.0	0.09984310369419483
chr9	-62	17	7130.0	0.23842917251051893
chr9	-61	12	7257.0	0.1653575857792476
chr9	-60	25	7356.0	0.33985861881457313
chr9	-59	31	7464.0	0.4153269024651661
chr9	-58	13	7609.0	0.17085030884478905
chr9	-57	13	7733.0	0.1681106944264839
chr9	-56	8	7835.0	0.1021059349074665
chr9	-55	6	7940.0	0.07556675062972291
chr9	-54	9	8075.0	0.11145510835913312
chr9	-53	11	8187.0	0.13435935018932454
chr9	-52	28	8303.0	0.33722750812959174
chr9	-51	4	8409.0	0.047568081817100726
chr9	-50	15	8520.0	0.17605633802816903
chr9	-49	23	8612.0	0.26706920575940546
chr9	-48	5	8748.0	0.057155921353452224
chr9	-47	20	8865.0	0.2256063169768754
chr9	-46	10	8951.0	0.11171936096525528
chr9	-45	32	9074.0	0.3526559400484902
chr9	-44	11	9187.0	0.1197344073146838
chr9	-43	33	9305.0	0.35464803868887695
chr9	-42	28	9416.0	0.29736618521665253
chr9	-41	18	9530.0	0.1888772298006296
chr9	-40	51	9642.0	0.5289359054138145
chr9	-39	23	9760.0	0.23565573770491804
chr9	-38	18	9865.0	0.1824632539280284
chr9	-37	23	10018.0	0.22958674386105013
chr9	-36	16	10150.0	0.15763546798029557
chr9	-35	51	10261.0	0.49702758015787935
chr9	-34	29	10394.0	0.2790071194920146
chr9	-33	23	10519.0	0.21865196311436447
chr9	-32	11	10640.0	0.10338345864661654
chr9	-31	53	10752.0	0.4929315476190476
chr9	-30	28	10873.0	0.2575186241147797
chr9	-29	42	10970.0	0.3828623518687329
chr9	-28	13	11080.0	0.11732851985559567
chr9	-27	37	11204.0	0.33023920028561227
chr9	-26	14	11315.0	0.1237295625276182
chr9	-25	11	11417.0	0.096347551896295
chr9	-24	22	11541.0	0.19062472922623688
chr9	-23	41	11668.0	0.3513884127528282
chr9	-22	22	11780.0	0.18675721561969438
chr9	-21	33	11909.0	0.27710135191871693
chr9	-20	37	12020.0	0.30782029950083195
chr9	-19	26	12137.0	0.21422097717722666
chr9	-18	23	12246.0	0.18781642985464642
chr9	-17	29	12369.0	0.23445711051823104
chr9	-16	39	12479.0	0.31252504207067877
chr9	-15	73	12612.0	0.578813828100222
chr9	-14	19	12739.0	0.14914828479472486
chr9	-13	47	12842.0	0.36598660644759384
chr9	-12	21	12957.0	0.1620745542949757
chr9	-11	26	13094.0	0.19856422789063694
chr9	-10	30	13250.0	0.22641509433962265
chr9	-9	24	13250.0	0.1811320754716981
chr9	-8	66	13248.0	0.4981884057971014
chr9	-7	40	13249.0	0.30190957808136465
chr9	-6	54	13248.0	0.4076086956521739
chr9	-5	48	13243.0	0.36245563694027033
chr9	-4	35	13243.0	0.26429056860228045
chr9	-3	33	13230.0	0.2494331065759637
chr9	-2	69	13222.0	0.5218575102102556
chr9	-1	138	13228.0	1.0432416087087995
chr9	0	191	12817.0	1.4902083170788796
chr9	1	88	12717.0	0.6919871038767005
chr9	2	75	12623.0	0.5941535292719639
chr9	3	78	12522.0	0.6229036895064686
chr9	4	89	12419.0	0.7166438521620099
chr9	5	97	12299.0	0.7886820066672087
chr9	6	101	12185.0	0.8288879770209274
chr9	7	108	12072.0	0.8946322067594433
chr9	8	61	11945.0	0.5106739221431561
chr9	9	66	11853.0	0.5568210579600101
chr9	10	93	11729.0	0.7929064711399095
chr9	11	90	11609.0	0.7752605736928245
chr9	12	91	11483.0	0.7924758338413307
chr9	13	68	11359.0	0.5986442468527159
chr9	14	104	11235.0	0.9256786826880284
chr9	15	105	11120.0	0.9442446043165468
chr9	16	116	10989.0	1.0556010556010555
chr9	17	76	10877.0	0.6987220741013147
chr9	18	75	10753.0	0.6974797730865805
chr9	19	94	10648.0	0.8827948910593538
chr9	20	87	10526.0	0.8265247957438724
chr9	21	66	10394.0	0.6349817202232058
chr9	22	83	10310.0	0.8050436469447139
chr9	23	63	10187.0	0.6184352606262884
chr9	24	64	10077.0	0.6351096556514836
chr9	25	79	9959.0	0.7932523345717442
chr9	26	94	9832.0	0.9560618388934093
chr9	27	73	9708.0	0.7519571487433044
chr9	28	85	9598.0	0.8856011669097729
chr9	29	68	9497.0	0.7160155838685901
chr9	30	96	9368.0	1.0247651579846286
chr9	31	67	9265.0	0.7231516459794928
chr9	32	42	9149.0	0.45906656465187456
chr9	33	82	9008.0	0.9103019538188277
chr9	34	93	8892.0	1.0458839406207827
chr9	35	48	8768.0	0.5474452554744526
chr9	36	67	8651.0	0.774476939082187
chr9	37	51	8543.0	0.5969799836123142
chr9	38	47	8447.0	0.5564105599621167
chr9	39	67	8358.0	0.8016271835367312
chr9	40	60	8217.0	0.7301935012778387
chr9	41	58	8085.0	0.717377860235003
chr9	42	82	7968.0	1.0291164658634537
chr9	43	59	7869.0	0.7497776083365103
chr9	44	47	7739.0	0.6073136064090967
chr9	45	50	7607.0	0.6572893387669252
chr9	46	49	7506.0	0.6528110844657607
chr9	47	34	7401.0	0.4593973787326037
chr9	48	58	7268.0	0.7980187121629059
chr9	49	41	7171.0	0.5717473155766281
chr9	50	49	7045.0	0.6955287437899219
chr9	51	59	6941.0	0.8500216107189165
chr9	52	40	6799.0	0.5883218120311811
chr9	53	42	6678.0	0.628930817610063
chr9	54	37	6575.0	0.5627376425855513
chr9	55	44	6453.0	0.6818534015186735
chr9	56	52	6334.0	0.8209662140827282
chr9	57	53	6224.0	0.8515424164524421
chr9	58	53	6083.0	0.8712806181160611
chr9	59	56	5950.0	0.9411764705882352
chr9	60	37	5851.0	0.6323705349512904
chr9	61	39	5718.0	0.6820566631689402
chr9	62	33	5604.0	0.588865096359743
chr9	63	63	5500.0	1.1454545454545455
chr9	64	44	5399.0	0.8149657343952584
chr9	65	27	5279.0	0.5114605038833112
chr9	66	39	5168.0	0.7546439628482973
chr9	67	53	5072.0	1.0449526813880126
chr9	68	52	4962.0	1.0479645304312777
chr9	69	34	4846.0	0.7016095749071399
chr9	70	25	4749.0	0.5264266161297115
chr9	71	28	4589.0	0.610154717803443
chr9	72	30	4494.0	0.6675567423230975
chr9	73	43	4409.0	0.9752778407802223
chr9	74	24	4307.0	0.5572324123519852
chr9	75	26	4196.0	0.6196377502383222
chr9	76	21	4079.0	0.5148320666830105
chr9	77	25	3960.0	0.6313131313131313
chr9	78	25	3879.0	0.6444960041247745
chr9	79	17	3764.0	0.45164718384697133
chr9	80	15	3654.0	0.41050903119868637
chr9	81	24	3572.0	0.6718924972004479
chr9	82	18	3477.0	0.5176876617773942
chr9	83	30	3363.0	0.8920606601248885
chr9	84	15	3259.0	0.46026388462718626
chr9	85	23	3162.0	0.7273877292852625
chr9	86	14	3043.0	0.46007229707525465
chr9	87	15	2938.0	0.5105513955071478
chr9	88	8	2846.0	0.28109627547434995
chr9	89	15	2710.0	0.5535055350553505
chr9	90	23	2609.0	0.8815638175546185
chr9	91	11	2502.0	0.4396482813749001
chr9	92	18	2381.0	0.7559848803023939
chr9	93	9	2280.0	0.39473684210526316
chr9	94	13	2172.0	0.5985267034990792
chr9	95	8	2070.0	0.3864734299516908
chr9	96	7	1979.0	0.35371399696816574
chr9	97	7	1902.0	0.36803364879074657
chr9	98	12	1801.0	0.6662965019433648
chr9	99	10	1699.0	0.5885815185403178
chr9	100	4	1608.0	0.24875621890547264
chr9	101	9	1489.0	0.6044325050369375
chr9	102	14	1407.0	0.9950248756218906
chr9	103	5	1308.0	0.382262996941896
chr9	104	5	1208.0	0.4139072847682119
chr9	105	8	1100.0	0.7272727272727273
chr9	106	3	1000.0	0.3
chr9	107	2	911.0	0.21953896816684962
chr9	108	1	819.0	0.1221001221001221
chr9	109	2	737.0	0.27137042062415195
chr9	110	6	630.0	0.9523809523809524
chr9	111	7	557.0	1.2567324955116697
chr9	112	6	469.0	1.279317697228145
chr9	113	4	386.0	1.0362694300518136
chr9	114	2	329.0	0.60790273556231
chr9	115	1	260.0	0.38461538461538464
chr9	116	0	175.0	0.0
chr9	117	0	96.0	0.0
chr9	118	0	38.0	0.0
chr9	119	0	0.0	nan
chr9	120	0	0.0	nan
chr9	121	0	0.0	nan
chr9	122	0	0.0	nan
chr9	123	0	0.0	nan
chr9	124	0	0.0	nan
chr9	125	0	0.0	nan
chr9	126	0	0.0	nan
chr9	127	0	0.0	nan
chr9	128	0	0.0	nan
chr9	129	0	0.0	nan
chr9	130	0	0.0	nan
chr9	131	0	0.0	nan
chr9	132	0	0.0	nan
chr9	133	0	0.0	nan
chr9	134	0	0.0	nan
chr9	135	0	0.0	nan
chr9	136	0	0.0	nan
chr9	137	0	0.0	nan
chr9	138	0	0.0	nan
chr9	139	0	0.0	nan
chr9	140	0	0.0	nan
chr9	141	0	0.0	nan
chr9	142	0	0.0	nan
chr9	143	0	0.0	nan
chr9	144	0	0.0	nan
chr9	145	0	0.0	nan
chr9	146	0	0.0	nan
chr9	147	0	0.0	nan
chr9	148	0	0.0	nan
chr9	149	0	0.0	nan
chr9	150	0	0.0	nan
chr9	151	0	0.0	nan
chr9	152	0	0.0	nan
chr9	153	0	0.0	nan
chr9	154	0	0.0	nan
chr10	-135	0	2.0	0.0
chr10	-134	0	4.0	0.0
chr10	-133	0	4.0	0.0
chr10	-132	0	4.0	0.0
chr10	-131	0	5.0	0.0
chr10	-130	0	23.0	0.0
chr10	-129	0	52.0	0.0
chr10	-128	1	93.0	1.0752688172043012
chr10	-127	0	133.0	0.0
chr10	-126	0	192.0	0.0
chr10	-125	0	262.0	0.0
chr10	-124	0	317.0	0.0
chr10	-123	0	372.0	0.0
chr10	-122	0	434.0	0.0
chr10	-121	0	528.0	0.0
chr10	-120	0	570.0	0.0
chr10	-119	1	640.0	0.15625
chr10	-118	0	700.0	0.0
chr10	-117	2	762.0	0.26246719160104987
chr10	-116	0	816.0	0.0
chr10	-115	0	882.0	0.0
chr10	-114	0	946.0	0.0
chr10	-113	5	1013.0	0.4935834155972359
chr10	-112	0	1083.0	0.0
chr10	-111	1	1157.0	0.08643042350907519
chr10	-110	3	1221.0	0.2457002457002457
chr10	-109	2	1285.0	0.1556420233463035
chr10	-108	2	1380.0	0.14492753623188406
chr10	-107	3	1449.0	0.2070393374741201
chr10	-106	2	1522.0	0.1314060446780552
chr10	-105	1	1581.0	0.06325110689437065
chr10	-104	1	1665.0	0.06006006006006006
chr10	-103	0	1769.0	0.0
chr10	-102	19	1852.0	1.0259179265658747
chr10	-101	0	1938.0	0.0
chr10	-100	12	2038.0	0.5888125613346418
chr10	-99	5	2125.0	0.2352941176470588
chr10	-98	0	2212.0	0.0
chr10	-97	1	2282.0	0.04382120946538125
chr10	-96	1	2354.0	0.04248088360237893
chr10	-95	7	2435.0	0.2874743326488706
chr10	-94	3	2520.0	0.11904761904761905
chr10	-93	0	2619.0	0.0
chr10	-92	3	2692.0	0.11144130757800891
chr10	-91	2	2777.0	0.07202016564638099
chr10	-90	1	2853.0	0.03505082369435682
chr10	-89	2	2910.0	0.06872852233676977
chr10	-88	3	2966.0	0.10114632501685772
chr10	-87	1	3028.0	0.03302509907529723
chr10	-86	5	3124.0	0.16005121638924455
chr10	-85	33	3196.0	1.032540675844806
chr10	-84	33	3287.0	1.0039549741405538
chr10	-83	3	3357.0	0.08936550491510277
chr10	-82	7	3456.0	0.20254629629629628
chr10	-81	0	3583.0	0.0
chr10	-80	1	3666.0	0.027277686852154936
chr10	-79	5	3752.0	0.13326226012793177
chr10	-78	1	3837.0	0.026062027625749284
chr10	-77	5	3930.0	0.1272264631043257
chr10	-76	6	4031.0	0.14884644008930786
chr10	-75	3	4118.0	0.07285089849441476
chr10	-74	4	4188.0	0.09551098376313276
chr10	-73	3	4274.0	0.07019185774450164
chr10	-72	14	4354.0	0.3215434083601286
chr10	-71	1	4424.0	0.022603978300180832
chr10	-70	3	4503.0	0.06662225183211193
chr10	-69	4	4583.0	0.08727907484180668
chr10	-68	8	4689.0	0.17061207080400936
chr10	-67	10	4796.0	0.2085070892410342
chr10	-66	9	4866.0	0.18495684340320592
chr10	-65	3	4948.0	0.060630557801131774
chr10	-64	5	5024.0	0.09952229299363058
chr10	-63	5	5101.0	0.09801999607920014
chr10	-62	11	5180.0	0.21235521235521237
chr10	-61	56	5241.0	1.0684983781721047
chr10	-60	16	5330.0	0.300187617260788
chr10	-59	33	5404.0	0.6106587712805329
chr10	-58	10	5466.0	0.18294914013904134
chr10	-57	16	5565.0	0.28751123090745734
chr10	-56	5	5641.0	0.08863676653075696
chr10	-55	20	5749.0	0.3478865889719951
chr10	-54	10	5811.0	0.17208742040956806
chr10	-53	7	5907.0	0.11850347045877772
chr10	-52	6	6007.0	0.09988346928583319
chr10	-51	6	6093.0	0.09847365829640572
chr10	-50	35	6182.0	0.5661598188288579
chr10	-49	3	6249.0	0.04800768122899664
chr10	-48	21	6331.0	0.3317011530563892
chr10	-47	16	6430.0	0.2488335925349922
chr10	-46	45	6497.0	0.6926273664768354
chr10	-45	17	6580.0	0.25835866261398177
chr10	-44	13	6641.0	0.19575365155850025
chr10	-43	12	6746.0	0.17788319003854136
chr10	-42	52	6818.0	0.7626870049867996
chr10	-41	20	6930.0	0.2886002886002886
chr10	-40	27	7029.0	0.3841229193341869
chr10	-39	15	7108.0	0.21102982554867755
chr10	-38	67	7176.0	0.9336677814938684
chr10	-37	11	7279.0	0.15111965929385904
chr10	-36	5	7343.0	0.0680920604657497
chr10	-35	9	7433.0	0.12108166285483654
chr10	-34	10	7557.0	0.1323276432446738
chr10	-33	26	7651.0	0.3398248594954908
chr10	-32	48	7733.0	0.6207164101900944
chr10	-31	26	7829.0	0.3320986077404522
chr10	-30	10	7941.0	0.1259287243420224
chr10	-29	10	8046.0	0.12428535918468804
chr10	-28	13	8115.0	0.16019716574245227
chr10	-27	14	8203.0	0.17066926734121662
chr10	-26	11	8292.0	0.1326579835986493
chr10	-25	20	8373.0	0.2388630120625821
chr10	-24	36	8467.0	0.4251801110192512
chr10	-23	10	8539.0	0.11710973181871415
chr10	-22	25	8621.0	0.28998956037582646
chr10	-21	12	8703.0	0.13788348845225784
chr10	-20	10	8783.0	0.1138563133325743
chr10	-19	52	8874.0	0.5859815190443994
chr10	-18	11	8985.0	0.12242626599888702
chr10	-17	11	9068.0	0.12130569033965592
chr10	-16	14	9169.0	0.15268840658741412
chr10	-15	73	9259.0	0.7884220758181228
chr10	-14	8	9369.0	0.08538798164158394
chr10	-13	59	9460.0	0.6236786469344608
chr10	-12	18	9546.0	0.18856065367693275
chr10	-11	24	9632.0	0.24916943521594684
chr10	-10	18	9726.0	0.1850709438618137
chr10	-9	24	9725.0	0.2467866323907455
chr10	-8	28	9726.0	0.28788813489615467
chr10	-7	14	9727.0	0.1439292690449265
chr10	-6	22	9727.0	0.22617456564202734
chr10	-5	23	9708.0	0.2369180057684384
chr10	-4	20	9708.0	0.20601565718994644
chr10	-3	32	9700.0	0.32989690721649484
chr10	-2	34	9701.0	0.35047933202762604
chr10	-1	161	9701.0	1.6596227193072879
chr10	0	204	9455.0	2.1575885774722368
chr10	1	41	9387.0	0.43677426227761795
chr10	2	66	9309.0	0.7089912987431518
chr10	3	68	9241.0	0.7358510983659777
chr10	4	68	9183.0	0.7404987476859414
chr10	5	38	9118.0	0.4167580609782847
chr10	6	61	9022.0	0.6761250277100421
chr10	7	56	8944.0	0.6261180679785331
chr10	8	62	8852.0	0.7004066877541798
chr10	9	66	8771.0	0.7524797628548626
chr10	10	53	8687.0	0.6101070565212386
chr10	11	52	8600.0	0.6046511627906976
chr10	12	94	8521.0	1.1031569064663773
chr10	13	51	8431.0	0.604910449531491
chr10	14	112	8352.0	1.3409961685823755
chr10	15	62	8263.0	0.7503328089071766
chr10	16	47	8178.0	0.5747126436781609
chr10	17	63	8092.0	0.7785467128027681
chr10	18	78	7990.0	0.9762202753441803
chr10	19	46	7896.0	0.5825734549138805
chr10	20	61	7841.0	0.7779619946435403
chr10	21	51	7763.0	0.6569625144918202
chr10	22	57	7696.0	0.7406444906444907
chr10	23	61	7584.0	0.804324894514768
chr10	24	66	7479.0	0.8824709185720016
chr10	25	37	7391.0	0.5006088485996483
chr10	26	38	7305.0	0.5201916495550992
chr10	27	59	7197.0	0.8197860219535918
chr10	28	54	7107.0	0.7598142676234698
chr10	29	45	7028.0	0.6402959590210586
chr10	30	52	6945.0	0.7487401007919366
chr10	31	93	6855.0	1.3566739606126914
chr10	32	68	6772.0	1.004134672179563
chr10	33	49	6680.0	0.7335329341317366
chr10	34	43	6571.0	0.654390503728504
chr10	35	58	6496.0	0.8928571428571428
chr10	36	30	6419.0	0.4673625175260944
chr10	37	80	6347.0	1.2604380022057664
chr10	38	27	6276.0	0.43021032504780116
chr10	39	54	6200.0	0.8709677419354838
chr10	40	40	6106.0	0.6550933508024894
chr10	41	70	6022.0	1.1624045167718366
chr10	42	32	5947.0	0.5380864301328401
chr10	43	39	5800.0	0.6724137931034483
chr10	44	40	5727.0	0.6984459577440195
chr10	45	75	5669.0	1.3229846533780207
chr10	46	49	5582.0	0.8778215693299892
chr10	47	42	5485.0	0.7657247037374658
chr10	48	27	5381.0	0.5017654711020256
chr10	49	76	5299.0	1.4342328741271937
chr10	50	24	5224.0	0.45941807044410415
chr10	51	38	5157.0	0.736862516967229
chr10	52	41	5060.0	0.8102766798418972
chr10	53	29	4977.0	0.5826803295157725
chr10	54	39	4900.0	0.7959183673469388
chr10	55	28	4816.0	0.5813953488372093
chr10	56	44	4743.0	0.9276829011174362
chr10	57	39	4628.0	0.8426966292134831
chr10	58	54	4552.0	1.1862917398945518
chr10	59	48	4477.0	1.0721465266919812
chr10	60	61	4383.0	1.3917408167921514
chr10	61	30	4290.0	0.6993006993006993
chr10	62	26	4208.0	0.6178707224334601
chr10	63	23	4120.0	0.558252427184466
chr10	64	27	4023.0	0.6711409395973155
chr10	65	22	3956.0	0.5561172901921132
chr10	66	50	3884.0	1.2873326467559219
chr10	67	24	3801.0	0.6314127861089187
chr10	68	20	3719.0	0.5377789728421619
chr10	69	32	3640.0	0.8791208791208791
chr10	70	24	3574.0	0.6715165081141579
chr10	71	36	3515.0	1.0241820768136558
chr10	72	14	3440.0	0.4069767441860465
chr10	73	27	3367.0	0.8019008019008018
chr10	74	17	3279.0	0.5184507471790181
chr10	75	12	3203.0	0.3746487667811427
chr10	76	13	3099.0	0.41949015811552115
chr10	77	13	3009.0	0.43203722166832836
chr10	78	12	2920.0	0.410958904109589
chr10	79	9	2823.0	0.3188097768331562
chr10	80	14	2733.0	0.5122575923893158
chr10	81	13	2638.0	0.4927975739196361
chr10	82	13	2562.0	0.507416081186573
chr10	83	41	2500.0	1.6400000000000001
chr10	84	24	2418.0	0.9925558312655087
chr10	85	16	2345.0	0.6823027718550106
chr10	86	4	2278.0	0.17559262510974538
chr10	87	10	2211.0	0.45228403437358666
chr10	88	13	2129.0	0.6106153123532174
chr10	89	7	2035.0	0.343980343980344
chr10	90	10	1968.0	0.5081300813008129
chr10	91	11	1891.0	0.5817028027498677
chr10	92	15	1792.0	0.8370535714285714
chr10	93	12	1723.0	0.6964596633778294
chr10	94	11	1646.0	0.6682867557715675
chr10	95	5	1575.0	0.31746031746031744
chr10	96	6	1480.0	0.40540540540540543
chr10	97	10	1423.0	0.7027406886858749
chr10	98	2	1343.0	0.14892032762472077
chr10	99	10	1265.0	0.7905138339920948
chr10	100	3	1189.0	0.2523128679562658
chr10	101	15	1126.0	1.3321492007104796
chr10	102	7	1045.0	0.6698564593301436
chr10	103	7	953.0	0.7345225603357817
chr10	104	7	893.0	0.7838745800671892
chr10	105	1	829.0	0.12062726176115801
chr10	106	2	760.0	0.2631578947368421
chr10	107	9	682.0	1.3196480938416422
chr10	108	3	622.0	0.482315112540193
chr10	109	9	559.0	1.6100178890876566
chr10	110	0	485.0	0.0
chr10	111	3	427.0	0.702576112412178
chr10	112	2	356.0	0.5617977528089888
chr10	113	1	297.0	0.33670033670033667
chr10	114	3	239.0	1.2552301255230125
chr10	115	3	172.0	1.744186046511628
chr10	116	1	102.0	0.9803921568627451
chr10	117	1	65.0	1.5384615384615385
chr10	118	0	22.0	0.0
chr10	119	0	0.0	nan
chr10	120	0	0.0	nan
chr10	121	0	0.0	nan
chr10	122	0	0.0	nan
chr10	123	0	0.0	nan
chr10	124	0	0.0	nan
chr10	125	0	0.0	nan
chr10	126	0	0.0	nan
chr10	127	0	0.0	nan
chr10	128	0	0.0	nan
chr10	129	0	0.0	nan
chr10	130	0	0.0	nan
chr10	131	0	0.0	nan
chr10	132	0	0.0	nan
chr10	133	0	0.0	nan
chr10	134	0	0.0	nan
chr10	135	0	0.0	nan
chr10	136	0	0.0	nan
chr10	137	0	0.0	nan
chr12	-141	0	0.0	nan
chr12	-140	0	0.0	nan
chr12	-139	0	3.0	0.0
chr12	-138	0	4.0	0.0
chr12	-137	0	5.0	0.0
chr12	-136	0	8.0	0.0
chr12	-135	0	13.0	0.0
chr12	-134	0	15.0	0.0
chr12	-133	0	16.0	0.0
chr12	-132	0	21.0	0.0
chr12	-131	0	21.0	0.0
chr12	-130	0	74.0	0.0
chr12	-129	1	189.0	0.5291005291005291
chr12	-128	0	318.0	0.0
chr12	-127	2	443.0	0.4514672686230248
chr12	-126	1	575.0	0.17391304347826086
chr12	-125	5	724.0	0.6906077348066298
chr12	-124	9	907.0	0.9922822491730982
chr12	-123	1	1059.0	0.09442870632672333
chr12	-122	4	1198.0	0.333889816360601
chr12	-121	4	1370.0	0.291970802919708
chr12	-120	2	1555.0	0.12861736334405144
chr12	-119	3	1705.0	0.17595307917888564
chr12	-118	10	1912.0	0.5230125523012552
chr12	-117	2	2104.0	0.09505703422053231
chr12	-116	4	2307.0	0.17338534893801474
chr12	-115	17	2501.0	0.6797281087564974
chr12	-114	13	2694.0	0.48255382331106156
chr12	-113	7	2892.0	0.24204702627939143
chr12	-112	6	3090.0	0.1941747572815534
chr12	-111	8	3315.0	0.24132730015082957
chr12	-110	12	3506.0	0.3422703936109527
chr12	-109	10	3737.0	0.2675943270002676
chr12	-108	20	3934.0	0.5083884087442806
chr12	-107	2	4134.0	0.04837929366231253
chr12	-106	21	4348.0	0.4829806807727691
chr12	-105	11	4551.0	0.24170511975390024
chr12	-104	9	4765.0	0.1888772298006296
chr12	-103	18	4979.0	0.3615183771841735
chr12	-102	4	5204.0	0.07686395080707148
chr12	-101	44	5471.0	0.8042405410345458
chr12	-100	4	5667.0	0.07058408328921828
chr12	-99	9	5874.0	0.15321756894790603
chr12	-98	16	6077.0	0.26328780648346223
chr12	-97	13	6273.0	0.20723736649131194
chr12	-96	22	6517.0	0.33757864047874786
chr12	-95	12	6755.0	0.1776461880088823
chr12	-94	4	6937.0	0.05766181346403344
chr12	-93	32	7151.0	0.4474898615578241
chr12	-92	25	7373.0	0.33907500339075003
chr12	-91	8	7590.0	0.10540184453227931
chr12	-90	25	7826.0	0.3194479938665985
chr12	-89	6	8084.0	0.07422068283028203
chr12	-88	31	8264.0	0.37512100677637944
chr12	-87	18	8488.0	0.2120640904806786
chr12	-86	30	8746.0	0.3430139492339355
chr12	-85	31	8983.0	0.34509629299788486
chr12	-84	7	9175.0	0.07629427792915532
chr12	-83	44	9404.0	0.46788600595491275
chr12	-82	48	9624.0	0.4987531172069825
chr12	-81	56	9835.0	0.5693950177935944
chr12	-80	64	10068.0	0.6356773937226857
chr12	-79	24	10297.0	0.23307759541614065
chr12	-78	24	10501.0	0.2285496619369584
chr12	-77	17	10738.0	0.15831626001117524
chr12	-76	40	10970.0	0.3646308113035551
chr12	-75	26	11198.0	0.2321843186283265
chr12	-74	44	11430.0	0.3849518810148731
chr12	-73	35	11656.0	0.30027453671928617
chr12	-72	30	11898.0	0.2521432173474533
chr12	-71	21	12111.0	0.1733960862026257
chr12	-70	29	12321.0	0.23537050564077594
chr12	-69	29	12570.0	0.2307080350039777
chr12	-68	19	12807.0	0.14835636761146248
chr12	-67	15	13032.0	0.11510128913443832
chr12	-66	21	13269.0	0.15826362197603439
chr12	-65	43	13497.0	0.31858931614432834
chr12	-64	32	13721.0	0.23321915312295022
chr12	-63	23	13933.0	0.16507571951482092
chr12	-62	21	14181.0	0.14808546646921938
chr12	-61	25	14422.0	0.1733462765219803
chr12	-60	30	14670.0	0.2044989775051125
chr12	-59	28	14934.0	0.18749162983795367
chr12	-58	56	15172.0	0.3691009754811495
chr12	-57	29	15429.0	0.18795774191457645
chr12	-56	49	15617.0	0.3137606454504706
chr12	-55	42	15832.0	0.2652854977261243
chr12	-54	55	16084.0	0.3419547376274559
chr12	-53	17	16324.0	0.10414114187699093
chr12	-52	19	16574.0	0.1146373838542295
chr12	-51	20	16788.0	0.11913271384322134
chr12	-50	54	17046.0	0.31678986272439286
chr12	-49	31	17358.0	0.1785920036870607
chr12	-48	55	17596.0	0.312571038872471
chr12	-47	19	17855.0	0.10641276953234388
chr12	-46	34	18107.0	0.18777268459711713
chr12	-45	28	18360.0	0.15250544662309368
chr12	-44	73	18624.0	0.39196735395189003
chr12	-43	30	18884.0	0.15886464732048294
chr12	-42	35	19144.0	0.18282490597576265
chr12	-41	94	19383.0	0.4849610483413301
chr12	-40	71	19640.0	0.3615071283095723
chr12	-39	50	19882.0	0.25148375414948193
chr12	-38	33	20136.0	0.16388557806912993
chr12	-37	37	20375.0	0.18159509202453988
chr12	-36	49	20603.0	0.2378294423142261
chr12	-35	82	20869.0	0.3929273084479371
chr12	-34	28	21098.0	0.13271400132714
chr12	-33	60	21335.0	0.2812280290602297
chr12	-32	35	21550.0	0.16241299303944315
chr12	-31	85	21758.0	0.39066090633330275
chr12	-30	64	21979.0	0.2911870421766231
chr12	-29	91	22256.0	0.40887850467289716
chr12	-28	84	22505.0	0.37325038880248834
chr12	-27	95	22809.0	0.4165022578806611
chr12	-26	45	23097.0	0.19483049746720352
chr12	-25	78	23293.0	0.33486455158202033
chr12	-24	56	23557.0	0.23772127180880417
chr12	-23	55	23813.0	0.2309662789232772
chr12	-22	67	24089.0	0.278135248453651
chr12	-21	81	24380.0	0.33223954060705496
chr12	-20	57	24622.0	0.23150028429859476
chr12	-19	83	24859.0	0.33388310068787963
chr12	-18	99	25159.0	0.3934973568106841
chr12	-17	109	25390.0	0.42930287514769594
chr12	-16	85	25661.0	0.33124196251120375
chr12	-15	131	25933.0	0.5051478810781629
chr12	-14	89	26179.0	0.3399671492417587
chr12	-13	137	26475.0	0.5174693106704438
chr12	-12	164	26715.0	0.6138873292157964
chr12	-11	116	26960.0	0.43026706231454004
chr12	-10	127	27165.0	0.46751334437695563
chr12	-9	102	27181.0	0.3752621316360693
chr12	-8	68	27207.0	0.24993567831807992
chr12	-7	87	27207.0	0.31977064725989635
chr12	-6	100	27182.0	0.36789051578250315
chr12	-5	157	27183.0	0.5775668616414671
chr12	-4	82	27162.0	0.3018923496060673
chr12	-3	163	27161.0	0.6001251794852914
chr12	-2	140	27130.0	0.5160339107998526
chr12	-1	256	27095.0	0.9448237682229194
chr12	0	412	26374.0	1.562144536285736
chr12	1	219	26176.0	0.8366442542787286
chr12	2	247	26007.0	0.9497442996116431
chr12	3	235	25778.0	0.9116300721545505
chr12	4	196	25579.0	0.7662535673794909
chr12	5	160	25336.0	0.6315124723713293
chr12	6	185	25132.0	0.7361133216616267
chr12	7	203	24907.0	0.8150319187377042
chr12	8	236	24664.0	0.9568602011028219
chr12	9	225	24461.0	0.9198315686194349
chr12	10	214	24206.0	0.8840783276873503
chr12	11	250	23965.0	1.0431879824744419
chr12	12	175	23679.0	0.739051480214536
chr12	13	200	23412.0	0.8542627712284299
chr12	14	217	23188.0	0.9358288770053476
chr12	15	239	22980.0	1.040034812880766
chr12	16	201	22710.0	0.8850726552179656
chr12	17	229	22466.0	1.0193180806552122
chr12	18	176	22216.0	0.7922218221101909
chr12	19	180	21987.0	0.8186655751125664
chr12	20	178	21753.0	0.8182779386751252
chr12	21	198	21486.0	0.9215302987992181
chr12	22	161	21288.0	0.7562946260804209
chr12	23	150	21020.0	0.7136060894386299
chr12	24	176	20807.0	0.8458691786418032
chr12	25	168	20604.0	0.8153756552125802
chr12	26	196	20347.0	0.9632869710522437
chr12	27	172	20093.0	0.8560195092818395
chr12	28	183	19845.0	0.9221466364323506
chr12	29	183	19606.0	0.9333877384474141
chr12	30	179	19413.0	0.9220625354144131
chr12	31	155	19214.0	0.8067034454043926
chr12	32	154	18978.0	0.8114659078933502
chr12	33	125	18713.0	0.6679848233848127
chr12	34	174	18497.0	0.9406930853651944
chr12	35	157	18275.0	0.8590971272229821
chr12	36	140	18070.0	0.774764803541782
chr12	37	164	17838.0	0.9193855813431999
chr12	38	188	17601.0	1.0681211294812796
chr12	39	162	17351.0	0.9336637657771886
chr12	40	156	17134.0	0.9104704097116844
chr12	41	127	16955.0	0.7490415806546741
chr12	42	124	16729.0	0.7412278079980872
chr12	43	168	16498.0	1.0183052491211055
chr12	44	128	16284.0	0.7860476541390321
chr12	45	122	16044.0	0.7604088755921217
chr12	46	119	15798.0	0.7532599063172554
chr12	47	130	15542.0	0.8364431862051216
chr12	48	150	15328.0	0.9786012526096033
chr12	49	151	15078.0	1.0014590794535083
chr12	50	103	14840.0	0.6940700808625337
chr12	51	90	14644.0	0.6145861786397159
chr12	52	94	14416.0	0.6520532741398446
chr12	53	126	14186.0	0.8881996334414212
chr12	54	123	13987.0	0.8793880031457783
chr12	55	142	13752.0	1.0325770796974987
chr12	56	127	13526.0	0.9389324264379714
chr12	57	126	13295.0	0.9477247085370439
chr12	58	112	13097.0	0.85515766969535
chr12	59	123	12870.0	0.9557109557109558
chr12	60	113	12632.0	0.8945535148828373
chr12	61	87	12398.0	0.7017260848523955
chr12	62	73	12153.0	0.6006747305192134
chr12	63	113	11921.0	0.9479070547772839
chr12	64	106	11676.0	0.9078451524494691
chr12	65	70	11399.0	0.6140889551715063
chr12	66	96	11195.0	0.8575256811076373
chr12	67	81	10955.0	0.7393884071200365
chr12	68	69	10726.0	0.643296662315868
chr12	69	94	10429.0	0.9013328219388245
chr12	70	77	10196.0	0.7551981169085916
chr12	71	91	9969.0	0.9128297722941117
chr12	72	105	9742.0	1.0778074317388626
chr12	73	90	9512.0	0.9461732548359966
chr12	74	58	9257.0	0.6265528789024523
chr12	75	97	9022.0	1.075149634227444
chr12	76	77	8794.0	0.8755969979531498
chr12	77	60	8550.0	0.7017543859649122
chr12	78	62	8306.0	0.746448350589935
chr12	79	92	8078.0	1.138895766278782
chr12	80	89	7849.0	1.1339024079500575
chr12	81	91	7615.0	1.1950098489822718
chr12	82	92	7378.0	1.24695039306045
chr12	83	63	7121.0	0.8847072040443759
chr12	84	50	6911.0	0.7234843003906816
chr12	85	90	6632.0	1.3570566948130276
chr12	86	48	6397.0	0.7503517273722058
chr12	87	45	6206.0	0.7251047373509507
chr12	88	39	5995.0	0.6505421184320267
chr12	89	46	5730.0	0.8027923211169284
chr12	90	38	5505.0	0.6902815622161671
chr12	91	43	5263.0	0.8170245107353221
chr12	92	50	5051.0	0.9899029895070284
chr12	93	40	4829.0	0.828328846552081
chr12	94	29	4619.0	0.6278415241394242
chr12	95	39	4433.0	0.8797653958944283
chr12	96	35	4215.0	0.8303677342823249
chr12	97	38	3992.0	0.9519038076152305
chr12	98	28	3782.0	0.74034902168165
chr12	99	20	3538.0	0.5652911249293386
chr12	100	49	3331.0	1.471029720804563
chr12	101	23	3099.0	0.7421748951274605
chr12	102	23	2903.0	0.7922838442990011
chr12	103	19	2708.0	0.7016248153618907
chr12	104	26	2509.0	1.0362694300518136
chr12	105	23	2303.0	0.998697351280938
chr12	106	16	2127.0	0.7522331922896097
chr12	107	11	1915.0	0.5744125326370757
chr12	108	14	1723.0	0.812536273940801
chr12	109	9	1526.0	0.5897771952817824
chr12	110	1	1331.0	0.07513148009015778
chr12	111	9	1145.0	0.7860262008733625
chr12	112	5	954.0	0.5241090146750524
chr12	113	2	761.0	0.2628120893561104
chr12	114	7	602.0	1.1627906976744187
chr12	115	3	430.0	0.6976744186046512
chr12	116	1	296.0	0.33783783783783783
chr12	117	2	166.0	1.2048192771084338
chr12	118	0	67.0	0.0
chr12	119	0	0.0	nan
chr12	120	0	0.0	nan
chr12	121	0	0.0	nan
chr12	122	0	0.0	nan
chr12	123	0	0.0	nan
chr12	124	0	0.0	nan
chr12	125	0	0.0	nan
chr12	126	0	0.0	nan
chr12	127	0	0.0	nan
chr12	128	0	0.0	nan
chr12	129	0	0.0	nan
chr12	130	0	0.0	nan
chr12	131	0	0.0	nan
chr12	132	0	0.0	nan
chr12	133	0	0.0	nan
chr12	134	0	0.0	nan
chr12	135	0	0.0	nan
chr12	136	0	0.0	nan
chr12	137	0	0.0	nan
chr12	138	0	0.0	nan
chr12	139	0	0.0	nan
chr12	140	0	0.0	nan
chr12	141	0	0.0	nan
chr13	-139	0	1.0	0.0
chr13	-138	0	1.0	0.0
chr13	-137	0	1.0	0.0
chr13	-136	0	1.0	0.0
chr13	-135	0	2.0	0.0
chr13	-134	1	7.0	14.285714285714285
chr13	-133	0	10.0	0.0
chr13	-132	0	14.0	0.0
chr13	-131	0	16.0	0.0
chr13	-130	0	31.0	0.0
chr13	-129	1	59.0	1.694915254237288
chr13	-128	0	81.0	0.0
chr13	-127	1	122.0	0.819672131147541
chr13	-126	1	164.0	0.6097560975609756
chr13	-125	1	204.0	0.49019607843137253
chr13	-124	0	244.0	0.0
chr13	-123	0	273.0	0.0
chr13	-122	0	318.0	0.0
chr13	-121	0	362.0	0.0
chr13	-120	2	398.0	0.5025125628140703
chr13	-119	4	439.0	0.9111617312072893
chr13	-118	0	469.0	0.0
chr13	-117	3	522.0	0.5747126436781609
chr13	-116	2	559.0	0.35778175313059035
chr13	-115	1	608.0	0.1644736842105263
chr13	-114	2	655.0	0.3053435114503817
chr13	-113	13	705.0	1.8439716312056738
chr13	-112	2	770.0	0.2597402597402597
chr13	-111	2	831.0	0.24067388688327318
chr13	-110	4	884.0	0.4524886877828055
chr13	-109	1	939.0	0.10649627263045794
chr13	-108	1	981.0	0.10193679918450561
chr13	-107	0	1033.0	0.0
chr13	-106	2	1078.0	0.1855287569573284
chr13	-105	1	1130.0	0.08849557522123894
chr13	-104	6	1169.0	0.5132591958939264
chr13	-103	1	1221.0	0.08190008190008191
chr13	-102	7	1287.0	0.5439005439005439
chr13	-101	4	1326.0	0.301659125188537
chr13	-100	2	1372.0	0.1457725947521866
chr13	-99	3	1420.0	0.21126760563380279
chr13	-98	4	1486.0	0.2691790040376851
chr13	-97	7	1545.0	0.45307443365695793
chr13	-96	4	1602.0	0.24968789013732834
chr13	-95	5	1667.0	0.2999400119976005
chr13	-94	0	1723.0	0.0
chr13	-93	4	1775.0	0.22535211267605634
chr13	-92	2	1839.0	0.1087547580206634
chr13	-91	7	1887.0	0.37095919448860626
chr13	-90	2	1939.0	0.1031459515214028
chr13	-89	4	2011.0	0.19890601690701143
chr13	-88	17	2070.0	0.8212560386473431
chr13	-87	5	2128.0	0.2349624060150376
chr13	-86	11	2185.0	0.5034324942791762
chr13	-85	3	2242.0	0.13380909901873325
chr13	-84	2	2287.0	0.08745080891998251
chr13	-83	4	2362.0	0.1693480101608806
chr13	-82	4	2426.0	0.16488046166529266
chr13	-81	1	2486.0	0.04022526146419952
chr13	-80	5	2543.0	0.19661816751867872
chr13	-79	13	2616.0	0.4969418960244648
chr13	-78	2	2698.0	0.07412898443291327
chr13	-77	15	2762.0	0.5430847212165097
chr13	-76	2	2817.0	0.07099751508697195
chr13	-75	2	2882.0	0.06939625260235947
chr13	-74	3	2948.0	0.10176390773405698
chr13	-73	28	3011.0	0.9299236134174693
chr13	-72	5	3088.0	0.16191709844559585
chr13	-71	4	3140.0	0.12738853503184713
chr13	-70	42	3189.0	1.317027281279398
chr13	-69	3	3259.0	0.09205277692543726
chr13	-68	4	3307.0	0.12095554883580284
chr13	-67	6	3378.0	0.17761989342806395
chr13	-66	3	3426.0	0.08756567425569177
chr13	-65	8	3480.0	0.22988505747126436
chr13	-64	8	3543.0	0.22579734688117414
chr13	-63	3	3633.0	0.08257638315441783
chr13	-62	15	3688.0	0.4067245119305857
chr13	-61	6	3752.0	0.15991471215351813
chr13	-60	15	3819.0	0.3927729772191673
chr13	-59	35	3890.0	0.8997429305912596
chr13	-58	9	3948.0	0.22796352583586624
chr13	-57	5	4008.0	0.124750499001996
chr13	-56	20	4084.0	0.4897159647404506
chr13	-55	19	4133.0	0.45971449310428264
chr13	-54	7	4198.0	0.16674606955693186
chr13	-53	7	4255.0	0.1645123384253819
chr13	-52	1	4311.0	0.023196474135931337
chr13	-51	20	4353.0	0.4594532506317482
chr13	-50	13	4408.0	0.29491833030853
chr13	-49	17	4500.0	0.37777777777777777
chr13	-48	16	4568.0	0.3502626970227671
chr13	-47	24	4636.0	0.5176876617773942
chr13	-46	19	4719.0	0.4026276753549481
chr13	-45	4	4782.0	0.0836470096194061
chr13	-44	18	4851.0	0.3710575139146568
chr13	-43	6	4915.0	0.12207527975584943
chr13	-42	38	4981.0	0.7628990162617948
chr13	-41	10	5043.0	0.198294665873488
chr13	-40	9	5094.0	0.17667844522968199
chr13	-39	11	5160.0	0.2131782945736434
chr13	-38	8	5212.0	0.15349194167306215
chr13	-37	17	5284.0	0.32172596517789553
chr13	-36	15	5347.0	0.2805311389564242
chr13	-35	37	5443.0	0.6797721844571009
chr13	-34	44	5518.0	0.7973903588256614
chr13	-33	25	5584.0	0.4477077363896848
chr13	-32	27	5643.0	0.4784688995215311
chr13	-31	10	5703.0	0.1753463089601964
chr13	-30	67	5757.0	1.1638005905853743
chr13	-29	14	5844.0	0.23956194387405885
chr13	-28	28	5911.0	0.47369311453222807
chr13	-27	41	5967.0	0.6871124518183341
chr13	-26	13	6042.0	0.21516054286660047
chr13	-25	34	6099.0	0.5574684374487621
chr13	-24	59	6149.0	0.9595056106684013
chr13	-23	23	6212.0	0.3702511268512556
chr13	-22	50	6262.0	0.7984669434685404
chr13	-21	17	6357.0	0.26742173981437783
chr13	-20	55	6428.0	0.8556316116988177
chr13	-19	65	6498.0	1.0003077870113881
chr13	-18	59	6554.0	0.9002136100091547
chr13	-17	12	6616.0	0.18137847642079807
chr13	-16	12	6688.0	0.17942583732057416
chr13	-15	15	6756.0	0.2220248667850799
chr13	-14	37	6805.0	0.5437178545187362
chr13	-13	48	6852.0	0.7005253940455342
chr13	-12	17	6902.0	0.24630541871921183
chr13	-11	47	6971.0	0.6742217759288481
chr13	-10	16	7039.0	0.2273050149168916
chr13	-9	15	7041.0	0.21303792074989347
chr13	-8	12	7040.0	0.17045454545454544
chr13	-7	19	7042.0	0.2698097131496734
chr13	-6	54	7026.0	0.7685738684884714
chr13	-5	43	7036.0	0.611142694712905
chr13	-4	39	7036.0	0.5542922114837976
chr13	-3	72	7041.0	1.0225820195994888
chr13	-2	18	7025.0	0.25622775800711745
chr13	-1	106	7023.0	1.5093264986473016
chr13	0	121	6813.0	1.7760164391604285
chr13	1	53	6767.0	0.7832126496231712
chr13	2	89	6725.0	1.3234200743494424
chr13	3	101	6646.0	1.5197111044237135
chr13	4	58	6584.0	0.8809234507897935
chr13	5	58	6517.0	0.8899800521712445
chr13	6	48	6495.0	0.7390300230946882
chr13	7	37	6442.0	0.5743557901272897
chr13	8	52	6385.0	0.8144087705559907
chr13	9	33	6362.0	0.5187048098082364
chr13	10	68	6299.0	1.0795364343546594
chr13	11	49	6244.0	0.7847533632286996
chr13	12	68	6180.0	1.1003236245954693
chr13	13	38	6109.0	0.6220330659682436
chr13	14	49	6058.0	0.8088478045559591
chr13	15	38	5997.0	0.6336501584125396
chr13	16	43	5939.0	0.7240276140764439
chr13	17	81	5882.0	1.3770826249574974
chr13	18	61	5828.0	1.0466712422786548
chr13	19	84	5762.0	1.4578271433530026
chr13	20	23	5710.0	0.4028021015761821
chr13	21	52	5657.0	0.9192151316952448
chr13	22	50	5611.0	0.8911067545891999
chr13	23	77	5554.0	1.386388188692834
chr13	24	61	5474.0	1.114358786993058
chr13	25	46	5412.0	0.8499630450849962
chr13	26	71	5380.0	1.3197026022304832
chr13	27	73	5311.0	1.3745057427979666
chr13	28	36	5266.0	0.6836308393467527
chr13	29	107	5206.0	2.0553207837111027
chr13	30	45	5147.0	0.8742957062366428
chr13	31	32	5093.0	0.6283133712939328
chr13	32	37	5024.0	0.7364649681528662
chr13	33	40	4954.0	0.8074283407347598
chr13	34	60	4902.0	1.2239902080783354
chr13	35	55	4831.0	1.1384806458290209
chr13	36	29	4789.0	0.6055543954896638
chr13	37	20	4717.0	0.42399830400678395
chr13	38	32	4669.0	0.6853715999143285
chr13	39	38	4619.0	0.8226888936999351
chr13	40	27	4562.0	0.5918456817185445
chr13	41	58	4482.0	1.2940651494868363
chr13	42	41	4417.0	0.9282318315598823
chr13	43	34	4363.0	0.7792803117121246
chr13	44	28	4303.0	0.6507088078085057
chr13	45	36	4244.0	0.8482563619227144
chr13	46	39	4160.0	0.9375
chr13	47	63	4104.0	1.5350877192982455
chr13	48	27	4038.0	0.6686478454680534
chr13	49	37	3971.0	0.9317552253840342
chr13	50	53	3908.0	1.3561924257932445
chr13	51	33	3856.0	0.8558091286307055
chr13	52	31	3794.0	0.8170795993674222
chr13	53	25	3722.0	0.6716818914562064
chr13	54	39	3617.0	1.07824163671551
chr13	55	24	3554.0	0.6752954417557682
chr13	56	23	3491.0	0.6588370094528788
chr13	57	29	3429.0	0.8457276173811608
chr13	58	42	3382.0	1.2418687167356592
chr13	59	13	3330.0	0.39039039039039036
chr13	60	13	3243.0	0.40086339808818994
chr13	61	24	3199.0	0.7502344482650828
chr13	62	21	3146.0	0.6675143038779402
chr13	63	20	3079.0	0.6495615459564794
chr13	64	21	3006.0	0.6986027944111777
chr13	65	21	2948.0	0.7123473541383989
chr13	66	32	2880.0	1.1111111111111112
chr13	67	20	2812.0	0.7112375533428165
chr13	68	27	2749.0	0.9821753364859949
chr13	69	56	2694.0	2.078693392724573
chr13	70	21	2630.0	0.7984790874524715
chr13	71	29	2568.0	1.129283489096573
chr13	72	33	2498.0	1.3210568454763811
chr13	73	17	2433.0	0.6987258528565558
chr13	74	14	2374.0	0.5897219882055602
chr13	75	17	2331.0	0.7293007293007293
chr13	76	20	2268.0	0.8818342151675485
chr13	77	20	2222.0	0.9000900090009001
chr13	78	28	2140.0	1.3084112149532712
chr13	79	23	2065.0	1.1138014527845037
chr13	80	9	2010.0	0.44776119402985076
chr13	81	11	1944.0	0.565843621399177
chr13	82	16	1870.0	0.8556149732620321
chr13	83	12	1811.0	0.6626173384870238
chr13	84	15	1748.0	0.8581235697940504
chr13	85	14	1674.0	0.8363201911589008
chr13	86	11	1619.0	0.6794317479925881
chr13	87	17	1566.0	1.0855683269476373
chr13	88	11	1515.0	0.7260726072607261
chr13	89	11	1446.0	0.7607192254495159
chr13	90	8	1376.0	0.5813953488372093
chr13	91	16	1320.0	1.2121212121212122
chr13	92	19	1248.0	1.5224358974358974
chr13	93	7	1202.0	0.5823627287853578
chr13	94	4	1123.0	0.3561887800534283
chr13	95	5	1048.0	0.4770992366412214
chr13	96	12	1009.0	1.1892963330029733
chr13	97	13	946.0	1.3742071881606766
chr13	98	3	887.0	0.3382187147688839
chr13	99	9	823.0	1.0935601458080195
chr13	100	4	764.0	0.5235602094240838
chr13	101	8	710.0	1.1267605633802817
chr13	102	1	676.0	0.14792899408284024
chr13	103	7	616.0	1.1363636363636365
chr13	104	5	578.0	0.8650519031141869
chr13	105	7	532.0	1.3157894736842104
chr13	106	0	481.0	0.0
chr13	107	2	444.0	0.45045045045045046
chr13	108	1	389.0	0.2570694087403599
chr13	109	5	351.0	1.4245014245014245
chr13	110	5	302.0	1.6556291390728477
chr13	111	1	276.0	0.36231884057971014
chr13	112	1	242.0	0.4132231404958678
chr13	113	1	199.0	0.5025125628140703
chr13	114	1	169.0	0.591715976331361
chr13	115	0	132.0	0.0
chr13	116	1	100.0	1.0
chr13	117	0	63.0	0.0
chr13	118	0	22.0	0.0
chr13	119	0	0.0	nan
chr13	120	0	0.0	nan
chr13	121	0	0.0	nan
chr13	122	0	0.0	nan
chr13	123	0	0.0	nan
chr13	124	0	0.0	nan
chr13	125	0	0.0	nan
chr13	126	0	0.0	nan
chr13	127	0	0.0	nan
chr13	128	0	0.0	nan
chr13	129	0	0.0	nan
chr13	130	0	0.0	nan
chr13	131	0	0.0	nan
chr13	132	0	0.0	nan
chr13	133	0	0.0	nan
chr13	134	0	0.0	nan
chr13	135	0	0.0	nan
chr13	136	0	0.0	nan
chr14	-132	0	2.0	0.0
chr14	-131	0	5.0	0.0
chr14	-130	0	13.0	0.0
chr14	-129	0	24.0	0.0
chr14	-128	0	46.0	0.0
chr14	-127	1	87.0	1.1494252873563218
chr14	-126	0	116.0	0.0
chr14	-125	0	154.0	0.0
chr14	-124	3	198.0	1.5151515151515151
chr14	-123	0	243.0	0.0
chr14	-122	1	285.0	0.3508771929824561
chr14	-121	0	318.0	0.0
chr14	-120	2	349.0	0.5730659025787965
chr14	-119	1	393.0	0.2544529262086514
chr14	-118	0	437.0	0.0
chr14	-117	1	469.0	0.21321961620469082
chr14	-116	0	519.0	0.0
chr14	-115	2	549.0	0.36429872495446264
chr14	-114	2	608.0	0.3289473684210526
chr14	-113	1	638.0	0.1567398119122257
chr14	-112	0	674.0	0.0
chr14	-111	2	725.0	0.27586206896551724
chr14	-110	0	776.0	0.0
chr14	-109	3	818.0	0.36674816625916873
chr14	-108	1	877.0	0.11402508551881414
chr14	-107	1	917.0	0.10905125408942204
chr14	-106	9	970.0	0.9278350515463918
chr14	-105	0	1017.0	0.0
chr14	-104	1	1091.0	0.09165902841429881
chr14	-103	0	1143.0	0.0
chr14	-102	1	1192.0	0.08389261744966443
chr14	-101	1	1235.0	0.08097165991902834
chr14	-100	9	1276.0	0.7053291536050157
chr14	-99	2	1341.0	0.14914243102162564
chr14	-98	0	1395.0	0.0
chr14	-97	15	1459.0	1.0281014393420151
chr14	-96	1	1508.0	0.0663129973474801
chr14	-95	3	1562.0	0.19206145966709345
chr14	-94	3	1609.0	0.18645121193287756
chr14	-93	14	1676.0	0.8353221957040573
chr14	-92	1	1728.0	0.057870370370370364
chr14	-91	0	1783.0	0.0
chr14	-90	4	1832.0	0.21834061135371177
chr14	-89	0	1875.0	0.0
chr14	-88	3	1925.0	0.15584415584415584
chr14	-87	6	1977.0	0.30349013657056145
chr14	-86	6	2032.0	0.2952755905511811
chr14	-85	2	2099.0	0.09528346831824679
chr14	-84	3	2149.0	0.13959981386691486
chr14	-83	2	2201.0	0.09086778736937755
chr14	-82	10	2256.0	0.44326241134751776
chr14	-81	5	2326.0	0.21496130696474636
chr14	-80	2	2379.0	0.08406893652795291
chr14	-79	3	2438.0	0.12305168170631665
chr14	-78	1	2485.0	0.04024144869215292
chr14	-77	2	2513.0	0.07958615200955034
chr14	-76	7	2555.0	0.273972602739726
chr14	-75	1	2602.0	0.03843197540353574
chr14	-74	1	2654.0	0.037678975131876416
chr14	-73	6	2706.0	0.22172949002217296
chr14	-72	4	2774.0	0.14419610670511895
chr14	-71	1	2830.0	0.0353356890459364
chr14	-70	2	2885.0	0.06932409012131716
chr14	-69	5	2941.0	0.17001020061203673
chr14	-68	25	2989.0	0.8364001338240215
chr14	-67	17	3033.0	0.5605011539729641
chr14	-66	1	3082.0	0.03244646333549643
chr14	-65	4	3155.0	0.12678288431061807
chr14	-64	2	3199.0	0.06251953735542357
chr14	-63	4	3255.0	0.1228878648233487
chr14	-62	2	3312.0	0.06038647342995169
chr14	-61	6	3353.0	0.17894422904861318
chr14	-60	5	3407.0	0.146756677428823
chr14	-59	20	3469.0	0.5765350245027385
chr14	-58	3	3522.0	0.08517887563884156
chr14	-57	2	3576.0	0.05592841163310962
chr14	-56	4	3624.0	0.11037527593818984
chr14	-55	5	3685.0	0.13568521031207598
chr14	-54	13	3757.0	0.34602076124567477
chr14	-53	11	3821.0	0.287882753205967
chr14	-52	1	3890.0	0.025706940874035987
chr14	-51	18	3949.0	0.4558115978728792
chr14	-50	2	3987.0	0.05016302984700275
chr14	-49	5	4038.0	0.12382367508667656
chr14	-48	21	4081.0	0.5145797598627788
chr14	-47	3	4137.0	0.0725163161711385
chr14	-46	3	4187.0	0.07165034631000718
chr14	-45	11	4245.0	0.2591283863368669
chr14	-44	10	4318.0	0.2315886984715146
chr14	-43	18	4369.0	0.4119935912108034
chr14	-42	10	4426.0	0.22593764121102575
chr14	-41	8	4473.0	0.1788508830762352
chr14	-40	8	4517.0	0.17710870046491034
chr14	-39	8	4573.0	0.17493986442160508
chr14	-38	28	4633.0	0.6043600259011439
chr14	-37	5	4675.0	0.10695187165775401
chr14	-36	7	4726.0	0.14811680067710536
chr14	-35	4	4791.0	0.08348987685243164
chr14	-34	10	4839.0	0.20665426741062204
chr14	-33	2	4896.0	0.04084967320261438
chr14	-32	13	4951.0	0.2625732175318118
chr14	-31	7	5016.0	0.13955342902711323
chr14	-30	15	5092.0	0.2945797329143755
chr14	-29	15	5163.0	0.2905287623474724
chr14	-28	15	5224.0	0.2871362940275651
chr14	-27	4	5281.0	0.07574323044877863
chr14	-26	10	5353.0	0.18681113394358304
chr14	-25	7	5413.0	0.12931830777757253
chr14	-24	13	5461.0	0.23805163889397546
chr14	-23	28	5530.0	0.5063291139240507
chr14	-22	6	5563.0	0.10785547366528853
chr14	-21	19	5622.0	0.33795802205620773
chr14	-20	6	5683.0	0.10557803976772831
chr14	-19	11	5755.0	0.1911381407471764
chr14	-18	11	5794.0	0.18985157059026578
chr14	-17	10	5866.0	0.17047391749062393
chr14	-16	3	5943.0	0.05047955577990913
chr14	-15	13	6021.0	0.2159109782428168
chr14	-14	15	6043.0	0.24822108224391856
chr14	-13	22	6154.0	0.35749106272343195
chr14	-12	17	6199.0	0.27423778028714313
chr14	-11	43	6258.0	0.6871204857782038
chr14	-10	37	6313.0	0.5860921907175669
chr14	-9	25	6315.0	0.395882818685669
chr14	-8	38	6314.0	0.6018371872030409
chr14	-7	10	6315.0	0.1583531274742676
chr14	-6	11	6315.0	0.17418844022169439
chr14	-5	13	6314.0	0.20589166930630345
chr14	-4	15	6308.0	0.23779327837666456
chr14	-3	20	6308.0	0.31705770450221943
chr14	-2	19	6307.0	0.30125257650229903
chr14	-1	66	6272.0	1.0522959183673468
chr14	0	90	6114.0	1.4720314033366046
chr14	1	18	6081.0	0.2960039467192896
chr14	2	34	6015.0	0.5652535328345802
chr14	3	26	5969.0	0.435583849891104
chr14	4	27	5920.0	0.4560810810810811
chr14	5	36	5861.0	0.6142296536427231
chr14	6	31	5798.0	0.5346671265953777
chr14	7	32	5748.0	0.5567153792623522
chr14	8	31	5709.0	0.5430022771063234
chr14	9	69	5647.0	1.2218877279971667
chr14	10	56	5596.0	1.0007147962830594
chr14	11	31	5549.0	0.5586592178770949
chr14	12	44	5500.0	0.8
chr14	13	40	5435.0	0.7359705611775529
chr14	14	43	5387.0	0.7982179320586598
chr14	15	24	5322.0	0.4509582863585118
chr14	16	21	5264.0	0.39893617021276595
chr14	17	22	5210.0	0.42226487523992323
chr14	18	32	5173.0	0.6185965590566402
chr14	19	49	5122.0	0.9566575556423272
chr14	20	64	5050.0	1.2673267326732673
chr14	21	39	4982.0	0.7828181453231634
chr14	22	27	4922.0	0.5485574969524584
chr14	23	27	4867.0	0.5547565235257859
chr14	24	35	4835.0	0.7238883143743536
chr14	25	19	4796.0	0.396163469557965
chr14	26	31	4757.0	0.6516712213579987
chr14	27	18	4687.0	0.3840409643695327
chr14	28	38	4630.0	0.8207343412526997
chr14	29	28	4586.0	0.6105538595726123
chr14	30	39	4540.0	0.8590308370044052
chr14	31	25	4485.0	0.5574136008918618
chr14	32	33	4431.0	0.7447528774542992
chr14	33	27	4367.0	0.6182734142431876
chr14	34	34	4309.0	0.7890461824089116
chr14	35	30	4252.0	0.7055503292568204
chr14	36	16	4200.0	0.38095238095238093
chr14	37	42	4150.0	1.0120481927710843
chr14	38	18	4098.0	0.43923865300146414
chr14	39	30	4048.0	0.7411067193675889
chr14	40	25	3994.0	0.6259389083625438
chr14	41	27	3950.0	0.6835443037974683
chr14	42	47	3885.0	1.2097812097812097
chr14	43	20	3825.0	0.522875816993464
chr14	44	41	3779.0	1.0849431066419688
chr14	45	25	3715.0	0.6729475100942126
chr14	46	16	3668.0	0.43620501635768816
chr14	47	42	3602.0	1.1660188784008885
chr14	48	14	3552.0	0.3941441441441441
chr14	49	19	3496.0	0.5434782608695652
chr14	50	25	3450.0	0.7246376811594203
chr14	51	22	3413.0	0.6445941986522121
chr14	52	26	3360.0	0.7738095238095238
chr14	53	26	3306.0	0.7864488808227466
chr14	54	19	3257.0	0.5833589192508444
chr14	55	10	3214.0	0.3111387678904792
chr14	56	21	3163.0	0.663926651912741
chr14	57	21	3104.0	0.6765463917525774
chr14	58	22	3039.0	0.723922342875946
chr14	59	16	2986.0	0.5358338914936369
chr14	60	12	2918.0	0.411240575736806
chr14	61	17	2875.0	0.591304347826087
chr14	62	20	2837.0	0.7049700387733522
chr14	63	19	2786.0	0.6819813352476669
chr14	64	13	2731.0	0.4760161113145368
chr14	65	9	2679.0	0.33594624860022393
chr14	66	27	2639.0	1.0231148162182644
chr14	67	23	2581.0	0.8911274699728787
chr14	68	20	2526.0	0.791765637371338
chr14	69	18	2473.0	0.7278608976951072
chr14	70	9	2413.0	0.3729796933278077
chr14	71	16	2352.0	0.6802721088435374
chr14	72	14	2299.0	0.6089604175728578
chr14	73	11	2224.0	0.49460431654676257
chr14	74	10	2162.0	0.46253469010175763
chr14	75	10	2101.0	0.47596382674916704
chr14	76	10	2062.0	0.4849660523763337
chr14	77	14	2012.0	0.6958250497017893
chr14	78	9	1954.0	0.46059365404298874
chr14	79	11	1910.0	0.5759162303664921
chr14	80	15	1859.0	0.8068854222700376
chr14	81	20	1807.0	1.1068068622025455
chr14	82	9	1744.0	0.5160550458715597
chr14	83	4	1691.0	0.2365464222353637
chr14	84	6	1623.0	0.36968576709796674
chr14	85	15	1570.0	0.9554140127388535
chr14	86	5	1506.0	0.33200531208499334
chr14	87	10	1462.0	0.6839945280437756
chr14	88	9	1412.0	0.6373937677053824
chr14	89	8	1370.0	0.583941605839416
chr14	90	7	1324.0	0.5287009063444109
chr14	91	7	1271.0	0.5507474429583006
chr14	92	22	1222.0	1.800327332242226
chr14	93	3	1177.0	0.2548853016142736
chr14	94	7	1121.0	0.6244424620874219
chr14	95	11	1057.0	1.0406811731315044
chr14	96	10	994.0	1.0060362173038229
chr14	97	5	932.0	0.5364806866952789
chr14	98	3	865.0	0.3468208092485549
chr14	99	11	810.0	1.3580246913580247
chr14	100	5	749.0	0.6675567423230975
chr14	101	2	699.0	0.28612303290414876
chr14	102	3	653.0	0.45941807044410415
chr14	103	2	604.0	0.33112582781456956
chr14	104	1	555.0	0.18018018018018017
chr14	105	4	521.0	0.7677543186180422
chr14	106	4	473.0	0.8456659619450317
chr14	107	0	418.0	0.0
chr14	108	0	385.0	0.0
chr14	109	0	338.0	0.0
chr14	110	0	298.0	0.0
chr14	111	1	254.0	0.39370078740157477
chr14	112	8	206.0	3.8834951456310676
chr14	113	1	157.0	0.6369426751592357
chr14	114	1	131.0	0.7633587786259541
chr14	115	0	99.0	0.0
chr14	116	0	61.0	0.0
chr14	117	0	34.0	0.0
chr14	118	0	13.0	0.0
chr14	119	0	0.0	nan
chr14	120	0	0.0	nan
chr14	121	0	0.0	nan
chr14	122	0	0.0	nan
chr14	123	0	0.0	nan
chr14	124	0	0.0	nan
chr14	125	0	0.0	nan
chr14	126	0	0.0	nan
chr14	127	0	0.0	nan
chr14	128	0	0.0	nan
chr14	129	0	0.0	nan
chr17	-153	0	0.0	nan
chr17	-152	0	0.0	nan
chr17	-151	0	0.0	nan
chr17	-150	0	0.0	nan
chr17	-149	0	0.0	nan
chr17	-148	0	0.0	nan
chr17	-147	0	0.0	nan
chr17	-146	0	0.0	nan
chr17	-145	0	0.0	nan
chr17	-144	0	0.0	nan
chr17	-143	0	0.0	nan
chr17	-142	0	0.0	nan
chr17	-141	0	0.0	nan
chr17	-140	0	0.0	nan
chr17	-139	0	8.0	0.0
chr17	-138	0	9.0	0.0
chr17	-137	0	10.0	0.0
chr17	-136	0	11.0	0.0
chr17	-135	0	11.0	0.0
chr17	-134	0	15.0	0.0
chr17	-133	0	15.0	0.0
chr17	-132	0	15.0	0.0
chr17	-131	0	22.0	0.0
chr17	-130	0	58.0	0.0
chr17	-129	0	124.0	0.0
chr17	-128	0	182.0	0.0
chr17	-127	0	262.0	0.0
chr17	-126	1	331.0	0.3021148036253776
chr17	-125	2	420.0	0.4761904761904762
chr17	-124	0	504.0	0.0
chr17	-123	0	608.0	0.0
chr17	-122	2	700.0	0.2857142857142857
chr17	-121	1	782.0	0.1278772378516624
chr17	-120	0	890.0	0.0
chr17	-119	4	987.0	0.4052684903748734
chr17	-118	2	1091.0	0.18331805682859761
chr17	-117	0	1190.0	0.0
chr17	-116	1	1304.0	0.07668711656441718
chr17	-115	4	1387.0	0.2883922134102379
chr17	-114	5	1498.0	0.33377837116154874
chr17	-113	7	1601.0	0.43722673329169265
chr17	-112	4	1695.0	0.2359882005899705
chr17	-111	5	1810.0	0.2762430939226519
chr17	-110	6	1930.0	0.31088082901554404
chr17	-109	7	2047.0	0.3419638495359062
chr17	-108	1	2153.0	0.046446818392940084
chr17	-107	3	2251.0	0.13327410039982232
chr17	-106	2	2351.0	0.08507018290089324
chr17	-105	2	2454.0	0.08149959250203749
chr17	-104	3	2559.0	0.11723329425556857
chr17	-103	5	2663.0	0.1877581674802854
chr17	-102	12	2794.0	0.4294917680744453
chr17	-101	2	2909.0	0.06875214850464077
chr17	-100	0	3019.0	0.0
chr17	-99	7	3135.0	0.22328548644338117
chr17	-98	3	3240.0	0.0925925925925926
chr17	-97	7	3364.0	0.2080856123662307
chr17	-96	3	3476.0	0.08630609896432681
chr17	-95	5	3601.0	0.13885031935573452
chr17	-94	3	3709.0	0.08088433540037746
chr17	-93	12	3823.0	0.31388961548522104
chr17	-92	19	3936.0	0.48272357723577236
chr17	-91	25	4074.0	0.6136475208640157
chr17	-90	3	4197.0	0.07147962830593281
chr17	-89	2	4310.0	0.04640371229698376
chr17	-88	14	4427.0	0.3162412468940592
chr17	-87	11	4553.0	0.24159894575005492
chr17	-86	4	4637.0	0.08626266982963122
chr17	-85	14	4763.0	0.29393239554902373
chr17	-84	8	4874.0	0.16413623307345096
chr17	-83	7	4973.0	0.1407601045646491
chr17	-82	12	5086.0	0.23594180102241447
chr17	-81	12	5189.0	0.23125843129697438
chr17	-80	1	5297.0	0.018878610534264678
chr17	-79	22	5432.0	0.40500736377025043
chr17	-78	9	5565.0	0.16172506738544476
chr17	-77	19	5684.0	0.3342716396903589
chr17	-76	32	5805.0	0.5512489233419465
chr17	-75	8	5948.0	0.13449899125756556
chr17	-74	6	6069.0	0.09886307464162135
chr17	-73	28	6188.0	0.4524886877828055
chr17	-72	8	6346.0	0.12606366214938544
chr17	-71	12	6482.0	0.18512804689910523
chr17	-70	9	6609.0	0.13617793917385385
chr17	-69	25	6744.0	0.370699881376038
chr17	-68	6	6834.0	0.08779631255487269
chr17	-67	6	6977.0	0.08599684678228464
chr17	-66	52	7085.0	0.7339449541284404
chr17	-65	8	7220.0	0.110803324099723
chr17	-64	25	7336.0	0.34078516902944384
chr17	-63	10	7452.0	0.13419216317767044
chr17	-62	8	7548.0	0.10598834128245893
chr17	-61	7	7640.0	0.09162303664921466
chr17	-60	12	7739.0	0.15505879312572685
chr17	-59	21	7902.0	0.26575550493545935
chr17	-58	32	8030.0	0.398505603985056
chr17	-57	11	8168.0	0.1346718903036239
chr17	-56	24	8261.0	0.2905217286042852
chr17	-55	61	8403.0	0.7259312150422468
chr17	-54	13	8539.0	0.15224265136432838
chr17	-53	18	8664.0	0.20775623268698062
chr17	-52	19	8802.0	0.21586003181095206
chr17	-51	17	8951.0	0.18992291364093397
chr17	-50	19	9073.0	0.209412542709137
chr17	-49	13	9216.0	0.14105902777777776
chr17	-48	13	9338.0	0.139216106232598
chr17	-47	30	9470.0	0.31678986272439286
chr17	-46	14	9591.0	0.14597018037743717
chr17	-45	23	9702.0	0.23706452277880852
chr17	-44	20	9810.0	0.20387359836901123
chr17	-43	22	9936.0	0.22141706924315618
chr17	-42	21	10076.0	0.20841603811036125
chr17	-41	29	10210.0	0.28403525954946135
chr17	-40	33	10350.0	0.3188405797101449
chr17	-39	19	10491.0	0.18110761605185396
chr17	-38	31	10625.0	0.291764705882353
chr17	-37	19	10761.0	0.17656351640182139
chr17	-36	49	10908.0	0.44921158782544923
chr17	-35	49	11038.0	0.4439210001811923
chr17	-34	38	11158.0	0.3405628248790106
chr17	-33	30	11289.0	0.26574541589157585
chr17	-32	34	11427.0	0.2975409118753829
chr17	-31	44	11582.0	0.3798998445864272
chr17	-30	26	11727.0	0.22171058241664535
chr17	-29	24	11869.0	0.20220743112309378
chr17	-28	46	11980.0	0.38397328881469117
chr17	-27	36	12126.0	0.29688273132112813
chr17	-26	55	12233.0	0.44960353143137416
chr17	-25	43	12385.0	0.3471941865159467
chr17	-24	51	12503.0	0.40790210349516115
chr17	-23	46	12656.0	0.36346396965865996
chr17	-22	31	12821.0	0.24179081194914592
chr17	-21	65	12973.0	0.5010406228320358
chr17	-20	35	13125.0	0.26666666666666666
chr17	-19	52	13282.0	0.3915073031170005
chr17	-18	28	13418.0	0.2086749142942316
chr17	-17	52	13543.0	0.3839621944916193
chr17	-16	25	13696.0	0.18253504672897197
chr17	-15	36	13828.0	0.26034133641886026
chr17	-14	46	13980.0	0.3290414878397711
chr17	-13	75	14115.0	0.5313496280552604
chr17	-12	35	14252.0	0.2455795677799607
chr17	-11	53	14372.0	0.3687726134149736
chr17	-10	39	14473.0	0.26946728390796654
chr17	-9	59	14471.0	0.40771197567548895
chr17	-8	26	14484.0	0.17950842308754486
chr17	-7	76	14508.0	0.5238489109456851
chr17	-6	48	14515.0	0.33069238718567
chr17	-5	65	14513.0	0.4478743195755529
chr17	-4	50	14469.0	0.3455663833022324
chr17	-3	70	14463.0	0.4839936389407454
chr17	-2	66	14483.0	0.45570669060277563
chr17	-1	208	14435.0	1.4409421544856253
chr17	0	327	14037.0	2.3295575977773026
chr17	1	131	13980.0	0.9370529327610874
chr17	2	146	13854.0	1.053847264327992
chr17	3	108	13749.0	0.7855116735762601
chr17	4	105	13657.0	0.768836494105587
chr17	5	95	13512.0	0.7030787448194198
chr17	6	108	13398.0	0.8060904612628751
chr17	7	82	13274.0	0.6177489829742353
chr17	8	100	13151.0	0.7603984487871644
chr17	9	79	12996.0	0.6078793474915358
chr17	10	97	12889.0	0.7525797191403523
chr17	11	57	12772.0	0.4462887566551832
chr17	12	108	12646.0	0.8540249881385418
chr17	13	79	12524.0	0.630788885340147
chr17	14	79	12397.0	0.6372509478099541
chr17	15	92	12275.0	0.7494908350305499
chr17	16	111	12137.0	0.9145587871796984
chr17	17	88	12019.0	0.7321740577419087
chr17	18	112	11883.0	0.942522931919549
chr17	19	91	11740.0	0.7751277683134583
chr17	20	115	11602.0	0.9912084123426996
chr17	21	101	11497.0	0.8784900408802296
chr17	22	86	11352.0	0.7575757575757576
chr17	23	112	11259.0	0.9947597477573498
chr17	24	104	11115.0	0.9356725146198831
chr17	25	79	10961.0	0.7207371590183378
chr17	26	98	10842.0	0.9038922707987457
chr17	27	96	10723.0	0.8952718455656067
chr17	28	83	10631.0	0.7807355846110432
chr17	29	72	10520.0	0.6844106463878328
chr17	30	103	10411.0	0.9893381999807895
chr17	31	101	10286.0	0.9819171689675287
chr17	32	81	10170.0	0.7964601769911505
chr17	33	102	10047.0	1.015228426395939
chr17	34	80	9923.0	0.8062078000604656
chr17	35	97	9812.0	0.9885854056257644
chr17	36	55	9691.0	0.5675368898978433
chr17	37	87	9577.0	0.9084264383418608
chr17	38	66	9411.0	0.7013069811922219
chr17	39	69	9293.0	0.742494350586463
chr17	40	82	9139.0	0.8972535288324762
chr17	41	100	9037.0	1.106561912138984
chr17	42	60	8921.0	0.6725703396480215
chr17	43	68	8806.0	0.7722007722007722
chr17	44	95	8707.0	1.091076145629953
chr17	45	61	8605.0	0.7088901801278327
chr17	46	53	8496.0	0.6238229755178908
chr17	47	60	8385.0	0.7155635062611807
chr17	48	55	8274.0	0.6647328982354362
chr17	49	56	8146.0	0.6874539651362632
chr17	50	69	8009.0	0.8615307778748909
chr17	51	58	7880.0	0.7360406091370558
chr17	52	53	7748.0	0.6840474961280331
chr17	53	57	7615.0	0.7485226526592251
chr17	54	95	7474.0	1.271073053251271
chr17	55	76	7367.0	1.0316275281661462
chr17	56	38	7227.0	0.5258060052580601
chr17	57	70	7083.0	0.9882818014965411
chr17	58	49	6938.0	0.7062554050158547
chr17	59	53	6818.0	0.7773540627750073
chr17	60	41	6713.0	0.6107552510055116
chr17	61	32	6605.0	0.48448145344436033
chr17	62	43	6486.0	0.6629663891458526
chr17	63	47	6358.0	0.7392261717521234
chr17	64	30	6258.0	0.4793863854266539
chr17	65	67	6136.0	1.0919165580182528
chr17	66	65	6014.0	1.0808114399733955
chr17	67	43	5909.0	0.7277035031308174
chr17	68	43	5812.0	0.7398485891259463
chr17	69	36	5680.0	0.6338028169014085
chr17	70	67	5559.0	1.2052527432991547
chr17	71	49	5415.0	0.9048938134810711
chr17	72	53	5288.0	1.002269288956127
chr17	73	37	5177.0	0.7146996329920804
chr17	74	37	5059.0	0.7313698359359557
chr17	75	53	4930.0	1.075050709939148
chr17	76	46	4800.0	0.9583333333333333
chr17	77	26	4677.0	0.5559119093435964
chr17	78	59	4563.0	1.2930089853166775
chr17	79	20	4426.0	0.4518752824220515
chr17	80	40	4301.0	0.9300162752848176
chr17	81	38	4180.0	0.9090909090909091
chr17	82	35	4059.0	0.8622813500862282
chr17	83	24	3929.0	0.6108424535505218
chr17	84	25	3797.0	0.6584145377929945
chr17	85	30	3672.0	0.8169934640522877
chr17	86	40	3545.0	1.1283497884344147
chr17	87	35	3425.0	1.0218978102189782
chr17	88	24	3305.0	0.7261724659606656
chr17	89	23	3202.0	0.7183010618363522
chr17	90	31	3069.0	1.0101010101010102
chr17	91	30	2946.0	1.0183299389002036
chr17	92	15	2807.0	0.5343783398646241
chr17	93	22	2689.0	0.8181480104127928
chr17	94	12	2579.0	0.46529662659945714
chr17	95	14	2442.0	0.5733005733005733
chr17	96	17	2322.0	0.7321274763135228
chr17	97	12	2211.0	0.5427408412483039
chr17	98	10	2079.0	0.48100048100048104
chr17	99	19	1937.0	0.980898296334538
chr17	100	18	1815.0	0.9917355371900827
chr17	101	11	1713.0	0.642148277875073
chr17	102	10	1588.0	0.6297229219143577
chr17	103	15	1471.0	1.0197144799456153
chr17	104	8	1370.0	0.583941605839416
chr17	105	2	1264.0	0.15822784810126583
chr17	106	13	1154.0	1.1265164644714039
chr17	107	5	1021.0	0.4897159647404506
chr17	108	9	936.0	0.9615384615384616
chr17	109	3	807.0	0.37174721189591076
chr17	110	4	716.0	0.5586592178770949
chr17	111	7	623.0	1.1235955056179776
chr17	112	5	500.0	1.0
chr17	113	1	407.0	0.2457002457002457
chr17	114	2	324.0	0.6172839506172839
chr17	115	0	233.0	0.0
chr17	116	2	163.0	1.2269938650306749
chr17	117	0	87.0	0.0
chr17	118	0	29.0	0.0
chr17	119	0	0.0	nan
chr17	120	0	0.0	nan
chr17	121	0	0.0	nan
chr17	122	0	0.0	nan
chr17	123	0	0.0	nan
chr17	124	0	0.0	nan
chr17	125	0	0.0	nan
chr17	126	0	0.0	nan
chr17	127	0	0.0	nan
chr17	128	0	0.0	nan
chr17	129	0	0.0	nan
chr17	130	0	0.0	nan
chr17	131	0	0.0	nan
chr17	132	0	0.0	nan
chr17	133	0	0.0	nan
chr17	134	0	0.0	nan
chr17	135	0	0.0	nan
chr17	136	0	0.0	nan
chr17	137	0	0.0	nan
chr17	138	0	0.0	nan
chr17	139	0	0.0	nan
chr17	140	0	0.0	nan
chr17	141	0	0.0	nan
chr17	142	0	0.0	nan
chr17	143	0	0.0	nan
chr17	144	0	0.0	nan
chr17	145	0	0.0	nan
chr17	146	0	0.0	nan
chr17	147	0	0.0	nan
chr17	148	0	0.0	nan
chr17	149	0	0.0	nan
chr17	150	0	0.0	nan
chr17	151	0	0.0	nan
chr17	152	0	0.0	nan
chr17	153	0	0.0	nan
chr17	154	0	0.0	nan
chr17	155	0	0.0	nan
chr17	156	0	0.0	nan
chr17	157	0	0.0	nan
chr18	-130	0	2.0	0.0
chr18	-129	0	5.0	0.0
chr18	-128	0	11.0	0.0
chr18	-127	0	16.0	0.0
chr18	-126	0	20.0	0.0
chr18	-125	0	26.0	0.0
chr18	-124	0	29.0	0.0
chr18	-123	0	30.0	0.0
chr18	-122	0	35.0	0.0
chr18	-121	0	40.0	0.0
chr18	-120	0	41.0	0.0
chr18	-119	0	45.0	0.0
chr18	-118	0	45.0	0.0
chr18	-117	0	54.0	0.0
chr18	-116	0	60.0	0.0
chr18	-115	0	66.0	0.0
chr18	-114	0	69.0	0.0
chr18	-113	0	74.0	0.0
chr18	-112	0	83.0	0.0
chr18	-111	0	89.0	0.0
chr18	-110	1	91.0	1.098901098901099
chr18	-109	0	98.0	0.0
chr18	-108	0	102.0	0.0
chr18	-107	0	105.0	0.0
chr18	-106	0	108.0	0.0
chr18	-105	0	113.0	0.0
chr18	-104	0	115.0	0.0
chr18	-103	0	118.0	0.0
chr18	-102	0	125.0	0.0
chr18	-101	0	128.0	0.0
chr18	-100	0	128.0	0.0
chr18	-99	0	136.0	0.0
chr18	-98	0	146.0	0.0
chr18	-97	0	152.0	0.0
chr18	-96	0	162.0	0.0
chr18	-95	4	166.0	2.4096385542168677
chr18	-94	0	176.0	0.0
chr18	-93	0	183.0	0.0
chr18	-92	0	185.0	0.0
chr18	-91	0	189.0	0.0
chr18	-90	0	190.0	0.0
chr18	-89	0	193.0	0.0
chr18	-88	1	194.0	0.5154639175257731
chr18	-87	0	198.0	0.0
chr18	-86	0	201.0	0.0
chr18	-85	1	204.0	0.49019607843137253
chr18	-84	0	210.0	0.0
chr18	-83	0	220.0	0.0
chr18	-82	1	225.0	0.4444444444444444
chr18	-81	0	226.0	0.0
chr18	-80	1	233.0	0.4291845493562232
chr18	-79	0	236.0	0.0
chr18	-78	0	244.0	0.0
chr18	-77	0	251.0	0.0
chr18	-76	0	254.0	0.0
chr18	-75	0	258.0	0.0
chr18	-74	1	259.0	0.3861003861003861
chr18	-73	0	267.0	0.0
chr18	-72	1	271.0	0.36900369003690037
chr18	-71	0	275.0	0.0
chr18	-70	1	276.0	0.36231884057971014
chr18	-69	0	279.0	0.0
chr18	-68	1	288.0	0.3472222222222222
chr18	-67	0	293.0	0.0
chr18	-66	0	305.0	0.0
chr18	-65	0	317.0	0.0
chr18	-64	0	322.0	0.0
chr18	-63	2	330.0	0.6060606060606061
chr18	-62	4	340.0	1.1764705882352942
chr18	-61	1	348.0	0.28735632183908044
chr18	-60	0	354.0	0.0
chr18	-59	1	355.0	0.28169014084507044
chr18	-58	1	363.0	0.27548209366391185
chr18	-57	0	367.0	0.0
chr18	-56	1	372.0	0.2688172043010753
chr18	-55	0	379.0	0.0
chr18	-54	0	385.0	0.0
chr18	-53	0	389.0	0.0
chr18	-52	0	394.0	0.0
chr18	-51	0	399.0	0.0
chr18	-50	0	402.0	0.0
chr18	-49	1	404.0	0.24752475247524752
chr18	-48	0	408.0	0.0
chr18	-47	0	411.0	0.0
chr18	-46	0	414.0	0.0
chr18	-45	1	417.0	0.2398081534772182
chr18	-44	0	421.0	0.0
chr18	-43	1	427.0	0.234192037470726
chr18	-42	0	433.0	0.0
chr18	-41	0	437.0	0.0
chr18	-40	0	445.0	0.0
chr18	-39	0	447.0	0.0
chr18	-38	1	453.0	0.22075055187637968
chr18	-37	1	459.0	0.2178649237472767
chr18	-36	0	464.0	0.0
chr18	-35	0	466.0	0.0
chr18	-34	0	470.0	0.0
chr18	-33	0	477.0	0.0
chr18	-32	2	482.0	0.4149377593360996
chr18	-31	0	489.0	0.0
chr18	-30	1	496.0	0.20161290322580644
chr18	-29	0	506.0	0.0
chr18	-28	1	511.0	0.19569471624266144
chr18	-27	1	514.0	0.19455252918287938
chr18	-26	0	523.0	0.0
chr18	-25	0	529.0	0.0
chr18	-24	1	535.0	0.1869158878504673
chr18	-23	0	538.0	0.0
chr18	-22	1	539.0	0.1855287569573284
chr18	-21	0	546.0	0.0
chr18	-20	2	552.0	0.36231884057971014
chr18	-19	0	565.0	0.0
chr18	-18	1	578.0	0.17301038062283738
chr18	-17	1	582.0	0.1718213058419244
chr18	-16	2	592.0	0.33783783783783783
chr18	-15	1	596.0	0.16778523489932887
chr18	-14	1	599.0	0.1669449081803005
chr18	-13	1	604.0	0.16556291390728478
chr18	-12	3	611.0	0.4909983633387889
chr18	-11	0	621.0	0.0
chr18	-10	2	626.0	0.3194888178913738
chr18	-9	2	626.0	0.3194888178913738
chr18	-8	0	626.0	0.0
chr18	-7	1	626.0	0.1597444089456869
chr18	-6	1	626.0	0.1597444089456869
chr18	-5	1	626.0	0.1597444089456869
chr18	-4	1	626.0	0.1597444089456869
chr18	-3	1	626.0	0.1597444089456869
chr18	-2	0	625.0	0.0
chr18	-1	2	614.0	0.32573289902280134
chr18	0	6	589.0	1.0186757215619695
chr18	1	6	592.0	1.0135135135135136
chr18	2	1	586.0	0.17064846416382254
chr18	3	0	583.0	0.0
chr18	4	1	578.0	0.17301038062283738
chr18	5	3	573.0	0.5235602094240838
chr18	6	3	572.0	0.5244755244755245
chr18	7	9	562.0	1.601423487544484
chr18	8	1	556.0	0.1798561151079137
chr18	9	7	556.0	1.2589928057553956
chr18	10	2	550.0	0.36363636363636365
chr18	11	3	550.0	0.5454545454545455
chr18	12	5	537.0	0.931098696461825
chr18	13	1	535.0	0.1869158878504673
chr18	14	0	526.0	0.0
chr18	15	1	521.0	0.19193857965451055
chr18	16	12	508.0	2.3622047244094486
chr18	17	5	498.0	1.0040160642570282
chr18	18	3	491.0	0.6109979633401221
chr18	19	1	480.0	0.20833333333333334
chr18	20	6	480.0	1.25
chr18	21	2	477.0	0.41928721174004197
chr18	22	2	471.0	0.42462845010615713
chr18	23	4	467.0	0.8565310492505354
chr18	24	6	463.0	1.2958963282937366
chr18	25	2	453.0	0.44150110375275936
chr18	26	3	450.0	0.6666666666666667
chr18	27	4	444.0	0.9009009009009009
chr18	28	10	437.0	2.2883295194508007
chr18	29	3	429.0	0.6993006993006993
chr18	30	6	420.0	1.4285714285714286
chr18	31	7	416.0	1.6826923076923077
chr18	32	2	413.0	0.48426150121065376
chr18	33	0	404.0	0.0
chr18	34	10	400.0	2.5
chr18	35	2	394.0	0.5076142131979695
chr18	36	5	391.0	1.278772378516624
chr18	37	5	389.0	1.2853470437017995
chr18	38	4	382.0	1.0471204188481675
chr18	39	1	382.0	0.2617801047120419
chr18	40	6	377.0	1.5915119363395225
chr18	41	2	370.0	0.5405405405405406
chr18	42	7	366.0	1.912568306010929
chr18	43	2	363.0	0.5509641873278237
chr18	44	3	357.0	0.8403361344537815
chr18	45	5	349.0	1.4326647564469914
chr18	46	1	348.0	0.28735632183908044
chr18	47	7	348.0	2.0114942528735633
chr18	48	2	349.0	0.5730659025787965
chr18	49	2	342.0	0.5847953216374269
chr18	50	4	340.0	1.1764705882352942
chr18	51	2	335.0	0.5970149253731344
chr18	52	2	332.0	0.6024096385542169
chr18	53	2	324.0	0.6172839506172839
chr18	54	1	318.0	0.3144654088050315
chr18	55	2	311.0	0.6430868167202572
chr18	56	3	306.0	0.9803921568627451
chr18	57	6	304.0	1.9736842105263157
chr18	58	5	301.0	1.6611295681063125
chr18	59	4	297.0	1.3468013468013467
chr18	60	0	296.0	0.0
chr18	61	1	289.0	0.34602076124567477
chr18	62	6	283.0	2.1201413427561837
chr18	63	3	267.0	1.1235955056179776
chr18	64	4	258.0	1.550387596899225
chr18	65	6	253.0	2.371541501976284
chr18	66	4	244.0	1.639344262295082
chr18	67	0	241.0	0.0
chr18	68	4	237.0	1.6877637130801686
chr18	69	1	234.0	0.4273504273504274
chr18	70	4	232.0	1.7241379310344827
chr18	71	4	228.0	1.7543859649122806
chr18	72	2	225.0	0.8888888888888888
chr18	73	2	217.0	0.9216589861751152
chr18	74	3	213.0	1.4084507042253522
chr18	75	3	203.0	1.477832512315271
chr18	76	2	198.0	1.0101010101010102
chr18	77	3	194.0	1.5463917525773196
chr18	78	4	185.0	2.1621621621621623
chr18	79	6	181.0	3.314917127071823
chr18	80	3	179.0	1.675977653631285
chr18	81	3	176.0	1.7045454545454544
chr18	82	2	176.0	1.1363636363636365
chr18	83	1	175.0	0.5714285714285714
chr18	84	2	167.0	1.1976047904191618
chr18	85	1	163.0	0.6134969325153374
chr18	86	1	159.0	0.628930817610063
chr18	87	2	154.0	1.2987012987012987
chr18	88	0	147.0	0.0
chr18	89	1	141.0	0.7092198581560284
chr18	90	2	140.0	1.4285714285714286
chr18	91	1	138.0	0.7246376811594203
chr18	92	1	133.0	0.7518796992481203
chr18	93	3	128.0	2.34375
chr18	94	3	125.0	2.4
chr18	95	1	124.0	0.8064516129032258
chr18	96	1	116.0	0.8620689655172413
chr18	97	3	113.0	2.6548672566371683
chr18	98	0	107.0	0.0
chr18	99	0	94.0	0.0
chr18	100	3	86.0	3.488372093023256
chr18	101	0	80.0	0.0
chr18	102	1	75.0	1.3333333333333335
chr18	103	0	73.0	0.0
chr18	104	3	70.0	4.285714285714286
chr18	105	0	65.0	0.0
chr18	106	0	62.0	0.0
chr18	107	0	58.0	0.0
chr18	108	0	46.0	0.0
chr18	109	1	44.0	2.272727272727273
chr18	110	0	38.0	0.0
chr18	111	0	33.0	0.0
chr18	112	0	26.0	0.0
chr18	113	0	22.0	0.0
chr18	114	0	22.0	0.0
chr18	115	0	20.0	0.0
chr18	116	0	13.0	0.0
chr18	117	0	7.0	0.0
chr18	118	0	3.0	0.0
chr18	119	0	0.0	nan
chr18	120	0	0.0	nan
chr18	121	0	0.0	nan
chr18	122	0	0.0	nan
chr18	123	0	0.0	nan
chr18	124	0	0.0	nan
chr18	125	0	0.0	nan
chr18	126	0	0.0	nan
chr18	127	0	0.0	nan
chr18	128	0	0.0	nan
chr18	129	0	0.0	nan
chr19	-130	0	5.0	0.0
chr19	-129	0	5.0	0.0
chr19	-128	0	7.0	0.0
chr19	-127	0	11.0	0.0
chr19	-126	0	17.0	0.0
chr19	-125	0	27.0	0.0
chr19	-124	1	31.0	3.225806451612903
chr19	-123	0	33.0	0.0
chr19	-122	0	37.0	0.0
chr19	-121	0	40.0	0.0
chr19	-120	1	44.0	2.272727272727273
chr19	-119	0	48.0	0.0
chr19	-118	0	57.0	0.0
chr19	-117	0	59.0	0.0
chr19	-116	1	61.0	1.639344262295082
chr19	-115	0	67.0	0.0
chr19	-114	0	71.0	0.0
chr19	-113	2	76.0	2.631578947368421
chr19	-112	0	87.0	0.0
chr19	-111	0	94.0	0.0
chr19	-110	0	112.0	0.0
chr19	-109	1	117.0	0.8547008547008548
chr19	-108	0	128.0	0.0
chr19	-107	0	131.0	0.0
chr19	-106	0	136.0	0.0
chr19	-105	1	140.0	0.7142857142857143
chr19	-104	0	143.0	0.0
chr19	-103	0	143.0	0.0
chr19	-102	0	152.0	0.0
chr19	-101	2	161.0	1.2422360248447204
chr19	-100	1	180.0	0.5555555555555556
chr19	-99	1	186.0	0.5376344086021506
chr19	-98	0	187.0	0.0
chr19	-97	1	193.0	0.5181347150259068
chr19	-96	4	202.0	1.9801980198019802
chr19	-95	0	208.0	0.0
chr19	-94	0	217.0	0.0
chr19	-93	0	223.0	0.0
chr19	-92	1	234.0	0.4273504273504274
chr19	-91	0	243.0	0.0
chr19	-90	0	246.0	0.0
chr19	-89	0	248.0	0.0
chr19	-88	0	250.0	0.0
chr19	-87	0	258.0	0.0
chr19	-86	0	265.0	0.0
chr19	-85	0	268.0	0.0
chr19	-84	0	271.0	0.0
chr19	-83	0	276.0	0.0
chr19	-82	0	280.0	0.0
chr19	-81	0	284.0	0.0
chr19	-80	2	295.0	0.6779661016949152
chr19	-79	3	301.0	0.9966777408637874
chr19	-78	2	302.0	0.6622516556291391
chr19	-77	0	309.0	0.0
chr19	-76	2	315.0	0.6349206349206349
chr19	-75	0	321.0	0.0
chr19	-74	0	327.0	0.0
chr19	-73	0	333.0	0.0
chr19	-72	0	339.0	0.0
chr19	-71	0	345.0	0.0
chr19	-70	0	349.0	0.0
chr19	-69	1	355.0	0.28169014084507044
chr19	-68	0	362.0	0.0
chr19	-67	0	369.0	0.0
chr19	-66	0	375.0	0.0
chr19	-65	3	381.0	0.7874015748031495
chr19	-64	1	382.0	0.2617801047120419
chr19	-63	0	386.0	0.0
chr19	-62	2	393.0	0.5089058524173028
chr19	-61	0	399.0	0.0
chr19	-60	1	402.0	0.24875621890547264
chr19	-59	1	410.0	0.24390243902439024
chr19	-58	4	414.0	0.966183574879227
chr19	-57	8	418.0	1.9138755980861244
chr19	-56	9	426.0	2.112676056338028
chr19	-55	1	436.0	0.22935779816513763
chr19	-54	0	445.0	0.0
chr19	-53	1	450.0	0.2222222222222222
chr19	-52	1	456.0	0.21929824561403508
chr19	-51	0	465.0	0.0
chr19	-50	0	475.0	0.0
chr19	-49	2	479.0	0.41753653444676403
chr19	-48	0	482.0	0.0
chr19	-47	3	484.0	0.6198347107438017
chr19	-46	0	494.0	0.0
chr19	-45	2	502.0	0.398406374501992
chr19	-44	0	511.0	0.0
chr19	-43	1	518.0	0.19305019305019305
chr19	-42	1	523.0	0.19120458891013384
chr19	-41	2	530.0	0.37735849056603776
chr19	-40	1	535.0	0.1869158878504673
chr19	-39	5	539.0	0.927643784786642
chr19	-38	1	542.0	0.18450184501845018
chr19	-37	1	553.0	0.18083182640144665
chr19	-36	1	565.0	0.17699115044247787
chr19	-35	3	574.0	0.5226480836236934
chr19	-34	6	575.0	1.0434782608695654
chr19	-33	7	581.0	1.2048192771084338
chr19	-32	1	591.0	0.1692047377326565
chr19	-31	2	598.0	0.33444816053511706
chr19	-30	2	606.0	0.33003300330033003
chr19	-29	1	612.0	0.16339869281045752
chr19	-28	1	626.0	0.1597444089456869
chr19	-27	2	631.0	0.31695721077654515
chr19	-26	3	641.0	0.46801872074883
chr19	-25	2	649.0	0.30816640986132515
chr19	-24	2	657.0	0.30441400304414
chr19	-23	4	661.0	0.6051437216338881
chr19	-22	1	662.0	0.1510574018126888
chr19	-21	1	672.0	0.1488095238095238
chr19	-20	5	677.0	0.7385524372230428
chr19	-19	0	682.0	0.0
chr19	-18	2	691.0	0.2894356005788712
chr19	-17	1	703.0	0.1422475106685633
chr19	-16	2	710.0	0.28169014084507044
chr19	-15	4	718.0	0.5571030640668524
chr19	-14	6	721.0	0.8321775312066574
chr19	-13	3	731.0	0.4103967168262654
chr19	-12	2	741.0	0.2699055330634278
chr19	-11	3	745.0	0.4026845637583893
chr19	-10	2	750.0	0.26666666666666666
chr19	-9	1	750.0	0.13333333333333333
chr19	-8	2	750.0	0.26666666666666666
chr19	-7	4	750.0	0.5333333333333333
chr19	-6	0	750.0	0.0
chr19	-5	1	750.0	0.13333333333333333
chr19	-4	3	750.0	0.4
chr19	-3	2	750.0	0.26666666666666666
chr19	-2	2	750.0	0.26666666666666666
chr19	-1	36	750.0	4.8
chr19	0	16	738.0	2.168021680216802
chr19	1	2	729.0	0.2743484224965706
chr19	2	5	719.0	0.6954102920723227
chr19	3	1	713.0	0.1402524544179523
chr19	4	7	705.0	0.9929078014184398
chr19	5	0	698.0	0.0
chr19	6	6	693.0	0.8658008658008658
chr19	7	3	687.0	0.43668122270742354
chr19	8	1	676.0	0.14792899408284024
chr19	9	0	659.0	0.0
chr19	10	4	655.0	0.6106870229007634
chr19	11	6	646.0	0.9287925696594427
chr19	12	3	643.0	0.46656298600311047
chr19	13	7	638.0	1.09717868338558
chr19	14	6	628.0	0.9554140127388535
chr19	15	4	626.0	0.6389776357827476
chr19	16	3	620.0	0.4838709677419355
chr19	17	4	610.0	0.6557377049180327
chr19	18	3	601.0	0.49916805324459235
chr19	19	6	591.0	1.015228426395939
chr19	20	4	585.0	0.6837606837606838
chr19	21	1	577.0	0.17331022530329288
chr19	22	3	573.0	0.5235602094240838
chr19	23	4	564.0	0.7092198581560284
chr19	24	1	558.0	0.17921146953405018
chr19	25	3	553.0	0.5424954792043399
chr19	26	3	551.0	0.5444646098003629
chr19	27	6	545.0	1.1009174311926606
chr19	28	3	540.0	0.5555555555555556
chr19	29	4	533.0	0.7504690431519699
chr19	30	1	522.0	0.19157088122605362
chr19	31	3	520.0	0.576923076923077
chr19	32	14	515.0	2.7184466019417477
chr19	33	2	508.0	0.39370078740157477
chr19	34	1	497.0	0.2012072434607646
chr19	35	2	489.0	0.408997955010225
chr19	36	1	482.0	0.2074688796680498
chr19	37	4	472.0	0.847457627118644
chr19	38	2	464.0	0.43103448275862066
chr19	39	2	462.0	0.4329004329004329
chr19	40	2	461.0	0.43383947939262474
chr19	41	3	458.0	0.6550218340611353
chr19	42	1	451.0	0.22172949002217296
chr19	43	2	446.0	0.4484304932735426
chr19	44	2	438.0	0.45662100456621
chr19	45	5	436.0	1.146788990825688
chr19	46	4	430.0	0.9302325581395349
chr19	47	1	425.0	0.2352941176470588
chr19	48	5	421.0	1.187648456057007
chr19	49	2	414.0	0.4830917874396135
chr19	50	2	405.0	0.49382716049382713
chr19	51	2	401.0	0.4987531172069825
chr19	52	1	396.0	0.25252525252525254
chr19	53	4	388.0	1.0309278350515463
chr19	54	3	383.0	0.7832898172323759
chr19	55	14	375.0	3.733333333333334
chr19	56	4	370.0	1.0810810810810811
chr19	57	1	367.0	0.2724795640326975
chr19	58	2	359.0	0.5571030640668524
chr19	59	4	355.0	1.1267605633802817
chr19	60	3	349.0	0.8595988538681949
chr19	61	7	345.0	2.0289855072463765
chr19	62	1	340.0	0.29411764705882354
chr19	63	1	334.0	0.29940119760479045
chr19	64	3	328.0	0.9146341463414633
chr19	65	4	318.0	1.257861635220126
chr19	66	1	313.0	0.3194888178913738
chr19	67	2	299.0	0.6688963210702341
chr19	68	2	291.0	0.6872852233676976
chr19	69	2	288.0	0.6944444444444444
chr19	70	1	283.0	0.35335689045936397
chr19	71	1	278.0	0.3597122302158274
chr19	72	0	274.0	0.0
chr19	73	1	268.0	0.3731343283582089
chr19	74	1	260.0	0.38461538461538464
chr19	75	3	253.0	1.185770750988142
chr19	76	2	246.0	0.8130081300813009
chr19	77	0	243.0	0.0
chr19	78	2	236.0	0.847457627118644
chr19	79	1	232.0	0.43103448275862066
chr19	80	2	231.0	0.8658008658008658
chr19	81	0	222.0	0.0
chr19	82	2	216.0	0.9259259259259258
chr19	83	1	206.0	0.48543689320388345
chr19	84	1	200.0	0.5
chr19	85	1	192.0	0.5208333333333333
chr19	86	0	186.0	0.0
chr19	87	0	182.0	0.0
chr19	88	0	175.0	0.0
chr19	89	2	171.0	1.1695906432748537
chr19	90	0	165.0	0.0
chr19	91	1	158.0	0.6329113924050633
chr19	92	0	142.0	0.0
chr19	93	1	130.0	0.7692307692307693
chr19	94	0	125.0	0.0
chr19	95	0	121.0	0.0
chr19	96	1	115.0	0.8695652173913043
chr19	97	0	106.0	0.0
chr19	98	0	100.0	0.0
chr19	99	0	95.0	0.0
chr19	100	1	92.0	1.0869565217391304
chr19	101	0	84.0	0.0
chr19	102	0	80.0	0.0
chr19	103	0	70.0	0.0
chr19	104	1	68.0	1.4705882352941175
chr19	105	1	59.0	1.694915254237288
chr19	106	0	55.0	0.0
chr19	107	0	55.0	0.0
chr19	108	0	50.0	0.0
chr19	109	0	44.0	0.0
chr19	110	1	41.0	2.4390243902439024
chr19	111	0	36.0	0.0
chr19	112	4	33.0	12.121212121212121
chr19	113	0	24.0	0.0
chr19	114	0	17.0	0.0
chr19	115	0	16.0	0.0
chr19	116	0	6.0	0.0
chr19	117	0	0.0	nan
chr19	118	0	0.0	nan
chr19	119	0	0.0	nan
chr19	120	0	0.0	nan
chr19	121	0	0.0	nan
chr19	122	0	0.0	nan
chr19	123	0	0.0	nan
chr19	124	0	0.0	nan
chr19	125	0	0.0	nan
chr19	126	0	0.0	nan
chr19	127	0	0.0	nan
chr20	-131	0	2.0	0.0
chr20	-130	0	19.0	0.0
chr20	-129	0	41.0	0.0
chr20	-128	1	74.0	1.3513513513513513
chr20	-127	0	142.0	0.0
chr20	-126	0	196.0	0.0
chr20	-125	1	255.0	0.39215686274509803
chr20	-124	0	298.0	0.0
chr20	-123	1	340.0	0.29411764705882354
chr20	-122	0	394.0	0.0
chr20	-121	0	444.0	0.0
chr20	-120	0	499.0	0.0
chr20	-119	1	553.0	0.18083182640144665
chr20	-118	5	586.0	0.8532423208191127
chr20	-117	0	623.0	0.0
chr20	-116	2	683.0	0.29282576866764276
chr20	-115	2	738.0	0.27100271002710025
chr20	-114	2	791.0	0.2528445006321113
chr20	-113	2	839.0	0.23837902264600713
chr20	-112	0	878.0	0.0
chr20	-111	4	933.0	0.4287245444801715
chr20	-110	0	976.0	0.0
chr20	-109	1	1040.0	0.09615384615384616
chr20	-108	8	1080.0	0.7407407407407408
chr20	-107	1	1131.0	0.08841732979664013
chr20	-106	0	1184.0	0.0
chr20	-105	1	1244.0	0.08038585209003216
chr20	-104	2	1309.0	0.15278838808250572
chr20	-103	16	1374.0	1.1644832605531297
chr20	-102	2	1422.0	0.14064697609001406
chr20	-101	2	1483.0	0.13486176668914363
chr20	-100	1	1552.0	0.06443298969072164
chr20	-99	4	1602.0	0.24968789013732834
chr20	-98	0	1660.0	0.0
chr20	-97	2	1716.0	0.11655011655011654
chr20	-96	12	1782.0	0.6734006734006733
chr20	-95	19	1832.0	1.037117903930131
chr20	-94	0	1897.0	0.0
chr20	-93	1	1965.0	0.05089058524173028
chr20	-92	0	2013.0	0.0
chr20	-91	2	2083.0	0.09601536245799328
chr20	-90	0	2144.0	0.0
chr20	-89	1	2213.0	0.045187528242205156
chr20	-88	13	2269.0	0.5729396209784046
chr20	-87	3	2327.0	0.12892135797163728
chr20	-86	8	2380.0	0.33613445378151263
chr20	-85	10	2450.0	0.40816326530612246
chr20	-84	3	2512.0	0.11942675159235669
chr20	-83	12	2575.0	0.46601941747572817
chr20	-82	3	2633.0	0.11393847322445878
chr20	-81	4	2702.0	0.1480384900074019
chr20	-80	2	2757.0	0.07254261878853827
chr20	-79	0	2821.0	0.0
chr20	-78	2	2884.0	0.06934812760055478
chr20	-77	2	2945.0	0.06791171477079797
chr20	-76	10	3024.0	0.3306878306878307
chr20	-75	1	3076.0	0.032509752925877766
chr20	-74	21	3132.0	0.6704980842911877
chr20	-73	3	3209.0	0.09348706762231225
chr20	-72	9	3265.0	0.27565084226646247
chr20	-71	3	3334.0	0.08998200359928014
chr20	-70	5	3404.0	0.14688601645123384
chr20	-69	2	3465.0	0.05772005772005772
chr20	-68	4	3528.0	0.11337868480725624
chr20	-67	18	3621.0	0.4971002485501243
chr20	-66	19	3691.0	0.5147656461663506
chr20	-65	19	3754.0	0.5061267980820459
chr20	-64	11	3811.0	0.2886381527158226
chr20	-63	6	3883.0	0.1545197012619109
chr20	-62	16	3948.0	0.4052684903748734
chr20	-61	7	4006.0	0.1747378931602596
chr20	-60	15	4071.0	0.36845983787767134
chr20	-59	5	4127.0	0.12115338017930699
chr20	-58	3	4201.0	0.07141156867412521
chr20	-57	4	4268.0	0.09372071227741331
chr20	-56	16	4328.0	0.36968576709796674
chr20	-55	10	4383.0	0.22815423226100845
chr20	-54	2	4449.0	0.04495392222971454
chr20	-53	1	4513.0	0.022158209616662972
chr20	-52	7	4574.0	0.1530389156099694
chr20	-51	25	4661.0	0.536365586783952
chr20	-50	14	4703.0	0.2976823304273868
chr20	-49	12	4761.0	0.2520478890989288
chr20	-48	5	4839.0	0.10332713370531102
chr20	-47	8	4894.0	0.1634654679199019
chr20	-46	5	4949.0	0.10103051121438675
chr20	-45	4	5018.0	0.07971303308090873
chr20	-44	4	5078.0	0.07877116975187082
chr20	-43	14	5147.0	0.2720031086069555
chr20	-42	19	5231.0	0.36321926973809976
chr20	-41	4	5309.0	0.07534375588623093
chr20	-40	6	5371.0	0.11171104077452988
chr20	-39	9	5433.0	0.16565433462175594
chr20	-38	4	5522.0	0.07243752263672583
chr20	-37	12	5589.0	0.2147074610842727
chr20	-36	3	5659.0	0.05301289980561937
chr20	-35	11	5733.0	0.191871620443049
chr20	-34	16	5787.0	0.2764817694833247
chr20	-33	8	5856.0	0.1366120218579235
chr20	-32	6	5936.0	0.10107816711590296
chr20	-31	10	5995.0	0.16680567139282734
chr20	-30	53	6049.0	0.8761778806414284
chr20	-29	7	6094.0	0.11486708237610765
chr20	-28	28	6163.0	0.4543241927632647
chr20	-27	11	6229.0	0.17659335366832557
chr20	-26	11	6303.0	0.17452006980802792
chr20	-25	14	6368.0	0.2198492462311558
chr20	-24	9	6451.0	0.13951325375910711
chr20	-23	7	6539.0	0.10705000764642911
chr20	-22	14	6603.0	0.2120248371952143
chr20	-21	17	6677.0	0.25460536168938147
chr20	-20	23	6752.0	0.3406398104265403
chr20	-19	39	6813.0	0.5724350506384853
chr20	-18	11	6882.0	0.15983725661145018
chr20	-17	22	6954.0	0.3163646821972965
chr20	-16	38	7041.0	0.5396960658997302
chr20	-15	15	7129.0	0.210408191892271
chr20	-14	28	7203.0	0.3887269193391642
chr20	-13	39	7279.0	0.5357878829509548
chr20	-12	14	7362.0	0.19016571583808747
chr20	-11	17	7418.0	0.22917228363440278
chr20	-10	15	7505.0	0.19986675549633579
chr20	-9	24	7509.0	0.31961646024770274
chr20	-8	35	7495.0	0.46697798532354906
chr20	-7	31	7496.0	0.41355389541088583
chr20	-6	27	7496.0	0.3601921024546425
chr20	-5	28	7493.0	0.37368210329641
chr20	-4	31	7495.0	0.4136090727151434
chr20	-3	30	7492.0	0.400427122263748
chr20	-2	106	7483.0	1.4165441667780303
chr20	-1	93	7481.0	1.2431493115893597
chr20	0	158	7295.0	2.1658670322138454
chr20	1	86	7240.0	1.1878453038674033
chr20	2	57	7144.0	0.7978723404255319
chr20	3	66	7076.0	0.9327303561334087
chr20	4	35	6991.0	0.5006436847375196
chr20	5	101	6934.0	1.456590712431497
chr20	6	58	6876.0	0.8435136707388016
chr20	7	44	6809.0	0.6462035541195477
chr20	8	43	6744.0	0.6376037959667853
chr20	9	41	6702.0	0.6117576842733513
chr20	10	46	6628.0	0.6940253470126735
chr20	11	51	6595.0	0.7733131159969674
chr20	12	64	6538.0	0.9788926277148976
chr20	13	56	6469.0	0.8656670273612613
chr20	14	58	6407.0	0.9052598720149836
chr20	15	49	6342.0	0.772626931567329
chr20	16	39	6272.0	0.6218112244897959
chr20	17	58	6226.0	0.9315772566655958
chr20	18	59	6169.0	0.9563948776138759
chr20	19	51	6102.0	0.8357915437561455
chr20	20	52	6026.0	0.86292731496847
chr20	21	72	5958.0	1.2084592145015105
chr20	22	38	5895.0	0.6446140797285835
chr20	23	54	5824.0	0.9271978021978022
chr20	24	74	5769.0	1.282717975385682
chr20	25	36	5712.0	0.6302521008403361
chr20	26	43	5628.0	0.7640369580668088
chr20	27	36	5551.0	0.6485317960727797
chr20	28	37	5490.0	0.6739526411657559
chr20	29	86	5427.0	1.5846692463607888
chr20	30	47	5361.0	0.876702107815706
chr20	31	46	5309.0	0.8664531926916557
chr20	32	46	5243.0	0.8773602899103566
chr20	33	43	5190.0	0.8285163776493256
chr20	34	38	5119.0	0.7423324868138308
chr20	35	41	5064.0	0.8096366508688783
chr20	36	51	4985.0	1.0230692076228687
chr20	37	60	4933.0	1.216298398540442
chr20	38	37	4878.0	0.7585075850758507
chr20	39	40	4808.0	0.8319467554076538
chr20	40	55	4739.0	1.1605824013504957
chr20	41	37	4673.0	0.7917825807832228
chr20	42	59	4627.0	1.2751242705856927
chr20	43	40	4552.0	0.8787346221441126
chr20	44	37	4488.0	0.8244206773618538
chr20	45	39	4427.0	0.8809577592048791
chr20	46	49	4367.0	1.1220517517746738
chr20	47	46	4318.0	1.0653080129689672
chr20	48	38	4230.0	0.8983451536643027
chr20	49	47	4185.0	1.123058542413381
chr20	50	51	4119.0	1.2381646030589948
chr20	51	30	4051.0	0.7405578869414959
chr20	52	31	3986.0	0.7777220270948318
chr20	53	27	3915.0	0.6896551724137931
chr20	54	46	3856.0	1.1929460580912863
chr20	55	31	3783.0	0.8194554586307164
chr20	56	21	3731.0	0.5628517823639775
chr20	57	18	3685.0	0.48846675712347354
chr20	58	33	3614.0	0.9131156613171001
chr20	59	36	3549.0	1.0143702451394758
chr20	60	37	3484.0	1.0619977037887485
chr20	61	32	3422.0	0.9351256575102279
chr20	62	42	3340.0	1.2574850299401197
chr20	63	27	3278.0	0.823672971323978
chr20	64	35	3217.0	1.0879701585327946
chr20	65	27	3143.0	0.8590518612790328
chr20	66	36	3072.0	1.171875
chr20	67	16	3017.0	0.5303281405369572
chr20	68	40	2959.0	1.3518080432578574
chr20	69	19	2889.0	0.6576670128071997
chr20	70	20	2832.0	0.7062146892655368
chr20	71	30	2760.0	1.0869565217391304
chr20	72	21	2701.0	0.777489818585709
chr20	73	24	2638.0	0.9097801364670205
chr20	74	21	2584.0	0.8126934984520124
chr20	75	26	2526.0	1.0292953285827395
chr20	76	38	2471.0	1.537838931606637
chr20	77	20	2411.0	0.829531314807134
chr20	78	19	2352.0	0.8078231292517007
chr20	79	17	2287.0	0.7433318758198513
chr20	80	16	2232.0	0.7168458781362007
chr20	81	19	2158.0	0.8804448563484708
chr20	82	21	2108.0	0.9962049335863378
chr20	83	15	2032.0	0.7381889763779528
chr20	84	14	1950.0	0.717948717948718
chr20	85	21	1885.0	1.1140583554376657
chr20	86	15	1814.0	0.8269018743109152
chr20	87	15	1745.0	0.8595988538681949
chr20	88	9	1679.0	0.5360333531864204
chr20	89	9	1621.0	0.5552128315854411
chr20	90	21	1562.0	1.3444302176696543
chr20	91	9	1484.0	0.6064690026954178
chr20	92	20	1409.0	1.4194464158977997
chr20	93	6	1337.0	0.44876589379207177
chr20	94	25	1282.0	1.9500780031201248
chr20	95	12	1227.0	0.9779951100244498
chr20	96	9	1185.0	0.7594936708860759
chr20	97	5	1111.0	0.45004500450045004
chr20	98	10	1059.0	0.9442870632672332
chr20	99	8	982.0	0.8146639511201629
chr20	100	6	934.0	0.6423982869379015
chr20	101	5	880.0	0.5681818181818182
chr20	102	15	838.0	1.7899761336515514
chr20	103	2	782.0	0.2557544757033248
chr20	104	4	724.0	0.5524861878453038
chr20	105	7	658.0	1.0638297872340425
chr20	106	1	602.0	0.16611295681063123
chr20	107	12	560.0	2.142857142857143
chr20	108	1	497.0	0.2012072434607646
chr20	109	1	433.0	0.23094688221709006
chr20	110	4	393.0	1.0178117048346056
chr20	111	3	333.0	0.9009009009009009
chr20	112	2	281.0	0.7117437722419928
chr20	113	1	219.0	0.45662100456621
chr20	114	0	174.0	0.0
chr20	115	1	134.0	0.7462686567164178
chr20	116	0	79.0	0.0
chr20	117	0	46.0	0.0
chr20	118	0	12.0	0.0
chr20	119	0	0.0	nan
chr20	120	0	0.0	nan
chr20	121	0	0.0	nan
chr20	122	0	0.0	nan
chr20	123	0	0.0	nan
chr20	124	0	0.0	nan
chr20	125	0	0.0	nan
chr20	126	0	0.0	nan
chr20	127	0	0.0	nan
chr20	128	0	0.0	nan
chr20	129	0	0.0	nan
chr20	130	0	0.0	nan
chr20	131	0	0.0	nan
chr21	-129	0	6.0	0.0
chr21	-128	0	9.0	0.0
chr21	-127	0	16.0	0.0
chr21	-126	0	24.0	0.0
chr21	-125	0	27.0	0.0
chr21	-124	0	30.0	0.0
chr21	-123	0	35.0	0.0
chr21	-122	0	36.0	0.0
chr21	-121	0	43.0	0.0
chr21	-120	0	46.0	0.0
chr21	-119	0	54.0	0.0
chr21	-118	0	58.0	0.0
chr21	-117	0	63.0	0.0
chr21	-116	0	69.0	0.0
chr21	-115	0	74.0	0.0
chr21	-114	0	79.0	0.0
chr21	-113	0	85.0	0.0
chr21	-112	1	86.0	1.1627906976744187
chr21	-111	0	89.0	0.0
chr21	-110	0	92.0	0.0
chr21	-109	0	95.0	0.0
chr21	-108	0	96.0	0.0
chr21	-107	0	98.0	0.0
chr21	-106	0	100.0	0.0
chr21	-105	9	106.0	8.49056603773585
chr21	-104	0	116.0	0.0
chr21	-103	0	118.0	0.0
chr21	-102	6	122.0	4.918032786885246
chr21	-101	0	125.0	0.0
chr21	-100	0	129.0	0.0
chr21	-99	0	134.0	0.0
chr21	-98	0	134.0	0.0
chr21	-97	1	138.0	0.7246376811594203
chr21	-96	1	144.0	0.6944444444444444
chr21	-95	0	147.0	0.0
chr21	-94	0	156.0	0.0
chr21	-93	3	161.0	1.8633540372670807
chr21	-92	4	163.0	2.4539877300613497
chr21	-91	1	164.0	0.6097560975609756
chr21	-90	0	168.0	0.0
chr21	-89	0	171.0	0.0
chr21	-88	0	174.0	0.0
chr21	-87	0	180.0	0.0
chr21	-86	0	182.0	0.0
chr21	-85	0	186.0	0.0
chr21	-84	0	191.0	0.0
chr21	-83	0	193.0	0.0
chr21	-82	0	195.0	0.0
chr21	-81	0	201.0	0.0
chr21	-80	0	203.0	0.0
chr21	-79	0	207.0	0.0
chr21	-78	0	211.0	0.0
chr21	-77	0	212.0	0.0
chr21	-76	0	222.0	0.0
chr21	-75	0	226.0	0.0
chr21	-74	0	227.0	0.0
chr21	-73	0	233.0	0.0
chr21	-72	15	240.0	6.25
chr21	-71	0	246.0	0.0
chr21	-70	0	248.0	0.0
chr21	-69	1	254.0	0.39370078740157477
chr21	-68	0	256.0	0.0
chr21	-67	1	263.0	0.38022813688212925
chr21	-66	0	264.0	0.0
chr21	-65	0	268.0	0.0
chr21	-64	0	270.0	0.0
chr21	-63	1	275.0	0.36363636363636365
chr21	-62	2	281.0	0.7117437722419928
chr21	-61	0	283.0	0.0
chr21	-60	1	284.0	0.35211267605633806
chr21	-59	0	287.0	0.0
chr21	-58	1	292.0	0.3424657534246575
chr21	-57	0	293.0	0.0
chr21	-56	0	300.0	0.0
chr21	-55	0	301.0	0.0
chr21	-54	0	305.0	0.0
chr21	-53	0	308.0	0.0
chr21	-52	0	310.0	0.0
chr21	-51	0	314.0	0.0
chr21	-50	0	318.0	0.0
chr21	-49	1	321.0	0.3115264797507788
chr21	-48	0	326.0	0.0
chr21	-47	0	330.0	0.0
chr21	-46	0	334.0	0.0
chr21	-45	0	337.0	0.0
chr21	-44	0	339.0	0.0
chr21	-43	0	345.0	0.0
chr21	-42	0	346.0	0.0
chr21	-41	0	349.0	0.0
chr21	-40	0	355.0	0.0
chr21	-39	0	360.0	0.0
chr21	-38	0	363.0	0.0
chr21	-37	1	366.0	0.273224043715847
chr21	-36	0	372.0	0.0
chr21	-35	0	380.0	0.0
chr21	-34	0	384.0	0.0
chr21	-33	1	390.0	0.2564102564102564
chr21	-32	1	396.0	0.25252525252525254
chr21	-31	0	400.0	0.0
chr21	-30	1	402.0	0.24875621890547264
chr21	-29	0	407.0	0.0
chr21	-28	0	409.0	0.0
chr21	-27	0	411.0	0.0
chr21	-26	1	414.0	0.24154589371980675
chr21	-25	0	422.0	0.0
chr21	-24	0	427.0	0.0
chr21	-23	2	430.0	0.46511627906976744
chr21	-22	2	432.0	0.4629629629629629
chr21	-21	0	438.0	0.0
chr21	-20	0	441.0	0.0
chr21	-19	2	443.0	0.4514672686230248
chr21	-18	0	444.0	0.0
chr21	-17	1	446.0	0.2242152466367713
chr21	-16	0	448.0	0.0
chr21	-15	2	451.0	0.4434589800443459
chr21	-14	0	453.0	0.0
chr21	-13	0	458.0	0.0
chr21	-12	0	461.0	0.0
chr21	-11	0	471.0	0.0
chr21	-10	1	476.0	0.21008403361344538
chr21	-9	2	476.0	0.42016806722689076
chr21	-8	1	476.0	0.21008403361344538
chr21	-7	1	476.0	0.21008403361344538
chr21	-6	0	476.0	0.0
chr21	-5	0	476.0	0.0
chr21	-4	0	476.0	0.0
chr21	-3	0	476.0	0.0
chr21	-2	0	476.0	0.0
chr21	-1	2	476.0	0.42016806722689076
chr21	0	2	464.0	0.43103448275862066
chr21	1	3	459.0	0.6535947712418301
chr21	2	1	456.0	0.21929824561403508
chr21	3	0	447.0	0.0
chr21	4	4	446.0	0.8968609865470852
chr21	5	2	442.0	0.4524886877828055
chr21	6	1	436.0	0.22935779816513763
chr21	7	3	431.0	0.6960556844547563
chr21	8	2	425.0	0.4705882352941176
chr21	9	1	422.0	0.23696682464454977
chr21	10	1	417.0	0.2398081534772182
chr21	11	1	411.0	0.24330900243309003
chr21	12	3	407.0	0.7371007371007371
chr21	13	0	404.0	0.0
chr21	14	1	398.0	0.25125628140703515
chr21	15	2	393.0	0.5089058524173028
chr21	16	2	386.0	0.5181347150259068
chr21	17	1	385.0	0.2597402597402597
chr21	18	6	380.0	1.5789473684210527
chr21	19	0	377.0	0.0
chr21	20	1	373.0	0.2680965147453083
chr21	21	6	372.0	1.6129032258064515
chr21	22	0	365.0	0.0
chr21	23	1	359.0	0.2785515320334262
chr21	24	2	351.0	0.5698005698005698
chr21	25	1	346.0	0.2890173410404624
chr21	26	1	348.0	0.28735632183908044
chr21	27	1	345.0	0.2898550724637681
chr21	28	1	338.0	0.2958579881656805
chr21	29	0	335.0	0.0
chr21	30	1	329.0	0.303951367781155
chr21	31	0	329.0	0.0
chr21	32	1	325.0	0.3076923076923077
chr21	33	1	319.0	0.3134796238244514
chr21	34	2	316.0	0.6329113924050633
chr21	35	1	310.0	0.3225806451612903
chr21	36	1	306.0	0.32679738562091504
chr21	37	0	304.0	0.0
chr21	38	1	301.0	0.33222591362126247
chr21	39	1	295.0	0.3389830508474576
chr21	40	0	291.0	0.0
chr21	41	4	288.0	1.3888888888888888
chr21	42	2	283.0	0.7067137809187279
chr21	43	3	280.0	1.0714285714285714
chr21	44	1	278.0	0.3597122302158274
chr21	45	4	275.0	1.4545454545454546
chr21	46	0	271.0	0.0
chr21	47	0	264.0	0.0
chr21	48	3	261.0	1.1494252873563218
chr21	49	2	257.0	0.7782101167315175
chr21	50	0	256.0	0.0
chr21	51	0	252.0	0.0
chr21	52	3	252.0	1.1904761904761905
chr21	53	3	246.0	1.2195121951219512
chr21	54	0	237.0	0.0
chr21	55	3	232.0	1.293103448275862
chr21	56	3	230.0	1.3043478260869565
chr21	57	1	223.0	0.4484304932735426
chr21	58	1	220.0	0.45454545454545453
chr21	59	0	220.0	0.0
chr21	60	2	216.0	0.9259259259259258
chr21	61	6	214.0	2.803738317757009
chr21	62	3	201.0	1.4925373134328357
chr21	63	1	198.0	0.5050505050505051
chr21	64	1	197.0	0.5076142131979695
chr21	65	4	196.0	2.0408163265306123
chr21	66	2	191.0	1.0471204188481675
chr21	67	3	185.0	1.6216216216216217
chr21	68	2	183.0	1.092896174863388
chr21	69	5	182.0	2.7472527472527473
chr21	70	0	180.0	0.0
chr21	71	8	177.0	4.519774011299435
chr21	72	1	176.0	0.5681818181818182
chr21	73	1	170.0	0.5882352941176471
chr21	74	4	166.0	2.4096385542168677
chr21	75	2	159.0	1.257861635220126
chr21	76	1	158.0	0.6329113924050633
chr21	77	2	157.0	1.2738853503184715
chr21	78	0	153.0	0.0
chr21	79	1	146.0	0.684931506849315
chr21	80	1	146.0	0.684931506849315
chr21	81	3	144.0	2.083333333333333
chr21	82	0	140.0	0.0
chr21	83	1	136.0	0.7352941176470588
chr21	84	3	129.0	2.3255813953488373
chr21	85	0	126.0	0.0
chr21	86	0	120.0	0.0
chr21	87	0	118.0	0.0
chr21	88	1	112.0	0.8928571428571428
chr21	89	1	110.0	0.9090909090909091
chr21	90	2	105.0	1.9047619047619049
chr21	91	6	102.0	5.88235294117647
chr21	92	7	96.0	7.291666666666667
chr21	93	0	92.0	0.0
chr21	94	0	86.0	0.0
chr21	95	1	80.0	1.25
chr21	96	1	73.0	1.36986301369863
chr21	97	0	67.0	0.0
chr21	98	1	64.0	1.5625
chr21	99	0	64.0	0.0
chr21	100	0	59.0	0.0
chr21	101	0	55.0	0.0
chr21	102	0	46.0	0.0
chr21	103	0	44.0	0.0
chr21	104	1	41.0	2.4390243902439024
chr21	105	0	41.0	0.0
chr21	106	0	36.0	0.0
chr21	107	0	35.0	0.0
chr21	108	0	32.0	0.0
chr21	109	0	31.0	0.0
chr21	110	1	30.0	3.3333333333333335
chr21	111	0	29.0	0.0
chr21	112	0	26.0	0.0
chr21	113	0	22.0	0.0
chr21	114	0	19.0	0.0
chr21	115	0	19.0	0.0
chr21	116	0	10.0	0.0
chr21	117	1	7.0	14.285714285714285
chr21	118	0	3.0	0.0
chr21	119	0	0.0	nan
chr21	120	0	0.0	nan
chr21	121	0	0.0	nan
chr21	122	0	0.0	nan
chr21	123	0	0.0	nan
chr21	124	0	0.0	nan
chr21	125	0	0.0	nan
chr21	126	0	0.0	nan
chr21	127	0	0.0	nan
chr21	128	0	0.0	nan
chr21	129	0	0.0	nan
chr22	-145	0	0.0	nan
chr22	-144	0	0.0	nan
chr22	-143	0	0.0	nan
chr22	-142	0	0.0	nan
chr22	-141	0	0.0	nan
chr22	-140	0	0.0	nan
chr22	-139	0	4.0	0.0
chr22	-138	0	4.0	0.0
chr22	-137	0	5.0	0.0
chr22	-136	0	6.0	0.0
chr22	-135	0	6.0	0.0
chr22	-134	0	6.0	0.0
chr22	-133	0	7.0	0.0
chr22	-132	0	7.0	0.0
chr22	-131	0	8.0	0.0
chr22	-130	0	27.0	0.0
chr22	-129	0	57.0	0.0
chr22	-128	0	91.0	0.0
chr22	-127	0	124.0	0.0
chr22	-126	0	156.0	0.0
chr22	-125	0	199.0	0.0
chr22	-124	0	251.0	0.0
chr22	-123	0	297.0	0.0
chr22	-122	0	323.0	0.0
chr22	-121	0	354.0	0.0
chr22	-120	5	386.0	1.2953367875647668
chr22	-119	0	430.0	0.0
chr22	-118	0	466.0	0.0
chr22	-117	3	516.0	0.5813953488372093
chr22	-116	2	554.0	0.36101083032490977
chr22	-115	0	594.0	0.0
chr22	-114	4	644.0	0.6211180124223602
chr22	-113	0	687.0	0.0
chr22	-112	1	745.0	0.1342281879194631
chr22	-111	0	794.0	0.0
chr22	-110	0	834.0	0.0
chr22	-109	2	877.0	0.22805017103762829
chr22	-108	0	920.0	0.0
chr22	-107	1	981.0	0.10193679918450561
chr22	-106	0	1028.0	0.0
chr22	-105	9	1081.0	0.8325624421831638
chr22	-104	4	1122.0	0.35650623885918004
chr22	-103	6	1154.0	0.5199306759098787
chr22	-102	6	1200.0	0.5
chr22	-101	2	1248.0	0.16025641025641024
chr22	-100	1	1300.0	0.07692307692307693
chr22	-99	3	1352.0	0.22189349112426035
chr22	-98	2	1404.0	0.14245014245014245
chr22	-97	2	1446.0	0.13831258644536654
chr22	-96	1	1496.0	0.06684491978609625
chr22	-95	6	1542.0	0.38910505836575876
chr22	-94	5	1600.0	0.3125
chr22	-93	2	1638.0	0.1221001221001221
chr22	-92	5	1692.0	0.29550827423167847
chr22	-91	13	1730.0	0.7514450867052023
chr22	-90	8	1798.0	0.44493882091212456
chr22	-89	3	1847.0	0.16242555495397942
chr22	-88	4	1903.0	0.21019442984760903
chr22	-87	4	1942.0	0.20597322348094746
chr22	-86	2	2016.0	0.0992063492063492
chr22	-85	5	2077.0	0.2407318247472316
chr22	-84	3	2116.0	0.14177693761814747
chr22	-83	7	2168.0	0.32287822878228783
chr22	-82	3	2215.0	0.13544018058690743
chr22	-81	3	2261.0	0.13268465280849182
chr22	-80	0	2306.0	0.0
chr22	-79	0	2361.0	0.0
chr22	-78	12	2422.0	0.495458298926507
chr22	-77	2	2465.0	0.08113590263691683
chr22	-76	3	2515.0	0.11928429423459246
chr22	-75	2	2569.0	0.07785130400934215
chr22	-74	4	2631.0	0.15203344735841884
chr22	-73	3	2680.0	0.11194029850746269
chr22	-72	24	2731.0	0.8787989747345295
chr22	-71	13	2788.0	0.4662840746054519
chr22	-70	7	2849.0	0.2457002457002457
chr22	-69	4	2904.0	0.13774104683195593
chr22	-68	6	2958.0	0.2028397565922921
chr22	-67	2	3011.0	0.06642311524410495
chr22	-66	10	3069.0	0.3258390355164549
chr22	-65	3	3129.0	0.09587727708533077
chr22	-64	8	3167.0	0.25260498894853173
chr22	-63	15	3214.0	0.4667081518357187
chr22	-62	10	3268.0	0.30599755201958384
chr22	-61	4	3319.0	0.12051822838204278
chr22	-60	4	3371.0	0.11865915158706616
chr22	-59	7	3419.0	0.20473822755191579
chr22	-58	7	3469.0	0.2017872585759585
chr22	-57	8	3496.0	0.2288329519450801
chr22	-56	8	3554.0	0.22509848058525606
chr22	-55	8	3597.0	0.22240756185710314
chr22	-54	6	3684.0	0.16286644951140067
chr22	-53	13	3748.0	0.3468516542155816
chr22	-52	12	3811.0	0.3148779847808974
chr22	-51	14	3866.0	0.3621314019658562
chr22	-50	7	3919.0	0.17861699413115592
chr22	-49	6	3980.0	0.1507537688442211
chr22	-48	8	4030.0	0.19851116625310172
chr22	-47	10	4066.0	0.24594195769798327
chr22	-46	8	4132.0	0.1936108422071636
chr22	-45	15	4186.0	0.358337314859054
chr22	-44	6	4255.0	0.1410105757931845
chr22	-43	12	4325.0	0.2774566473988439
chr22	-42	28	4393.0	0.6373776462554063
chr22	-41	13	4446.0	0.29239766081871343
chr22	-40	11	4491.0	0.2449343130705856
chr22	-39	14	4559.0	0.30708488703663084
chr22	-38	11	4637.0	0.23722234203148584
chr22	-37	11	4701.0	0.2339927674962774
chr22	-36	5	4772.0	0.10477787091366303
chr22	-35	26	4832.0	0.5380794701986755
chr22	-34	30	4878.0	0.6150061500615006
chr22	-33	18	4933.0	0.36488951956213256
chr22	-32	67	4991.0	1.342416349428972
chr22	-31	28	5020.0	0.5577689243027889
chr22	-30	16	5061.0	0.31614305473226634
chr22	-29	21	5135.0	0.4089581304771178
chr22	-28	16	5226.0	0.30616150019135097
chr22	-27	13	5295.0	0.24551463644948063
chr22	-26	6	5362.0	0.11189854531891084
chr22	-25	9	5416.0	0.16617429837518463
chr22	-24	53	5491.0	0.9652158076853032
chr22	-23	18	5544.0	0.3246753246753247
chr22	-22	22	5603.0	0.39264679635909333
chr22	-21	29	5657.0	0.5126392080608096
chr22	-20	11	5718.0	0.19237495627841902
chr22	-19	22	5789.0	0.3800310934531007
chr22	-18	27	5848.0	0.46169630642954856
chr22	-17	33	5894.0	0.5598914149983034
chr22	-16	22	5944.0	0.37012113055181695
chr22	-15	22	5990.0	0.36727879799666113
chr22	-14	22	6063.0	0.3628566716147122
chr22	-13	20	6114.0	0.32711808963035655
chr22	-12	27	6187.0	0.4363989009212865
chr22	-11	29	6233.0	0.4652655222204396
chr22	-10	15	6284.0	0.23870146403564607
chr22	-9	12	6272.0	0.1913265306122449
chr22	-8	24	6272.0	0.3826530612244898
chr22	-7	18	6283.0	0.2864873468088493
chr22	-6	17	6284.0	0.27052832590706555
chr22	-5	26	6284.0	0.4137492043284532
chr22	-4	16	6282.0	0.2546959567016874
chr22	-3	33	6281.0	0.5253940455341506
chr22	-2	37	6280.0	0.5891719745222931
chr22	-1	30	6247.0	0.4802305106451097
chr22	0	57	6139.0	0.9284899820817722
chr22	1	36	6097.0	0.5904543217976054
chr22	2	50	6050.0	0.8264462809917356
chr22	3	46	6012.0	0.7651363938789089
chr22	4	34	5947.0	0.5717168320161425
chr22	5	35	5893.0	0.5939249957576785
chr22	6	33	5859.0	0.5632360471070148
chr22	7	34	5793.0	0.5869152425340929
chr22	8	40	5753.0	0.6952894142186685
chr22	9	44	5720.0	0.7692307692307693
chr22	10	37	5663.0	0.6533639413738301
chr22	11	52	5611.0	0.9267510247727678
chr22	12	41	5541.0	0.7399386392347952
chr22	13	40	5496.0	0.727802037845706
chr22	14	41	5438.0	0.7539536594336153
chr22	15	37	5383.0	0.6873490618614155
chr22	16	80	5323.0	1.502911891790344
chr22	17	45	5256.0	0.8561643835616438
chr22	18	57	5203.0	1.095521814337882
chr22	19	48	5152.0	0.9316770186335404
chr22	20	42	5102.0	0.8232065856526851
chr22	21	40	5035.0	0.7944389275074478
chr22	22	38	4983.0	0.762592815572948
chr22	23	47	4918.0	0.955673037820252
chr22	24	34	4860.0	0.6995884773662552
chr22	25	29	4811.0	0.6027852837247973
chr22	26	39	4757.0	0.8198444397729661
chr22	27	49	4701.0	1.0423314188470538
chr22	28	57	4646.0	1.2268618166164442
chr22	29	37	4576.0	0.8085664335664335
chr22	30	55	4522.0	1.2162759840778417
chr22	31	68	4480.0	1.5178571428571428
chr22	32	65	4439.0	1.4642937598558234
chr22	33	62	4393.0	1.4113362167083996
chr22	34	41	4332.0	0.9464450600184672
chr22	35	38	4258.0	0.8924377642085486
chr22	36	48	4207.0	1.140955550273354
chr22	37	37	4154.0	0.8907077515647569
chr22	38	29	4066.0	0.7132316773241515
chr22	39	29	3998.0	0.7253626813406703
chr22	40	40	3962.0	1.0095911155981827
chr22	41	39	3914.0	0.9964230965763925
chr22	42	43	3868.0	1.1116856256463288
chr22	43	33	3801.0	0.8681925808997633
chr22	44	62	3756.0	1.650692225772098
chr22	45	42	3713.0	1.1311607864260707
chr22	46	20	3679.0	0.5436259853220984
chr22	47	30	3639.0	0.8244023083264632
chr22	48	28	3575.0	0.7832167832167832
chr22	49	24	3519.0	0.6820119352088662
chr22	50	37	3491.0	1.0598682325981095
chr22	51	37	3427.0	1.0796615115261161
chr22	52	43	3378.0	1.2729425695677916
chr22	53	26	3323.0	0.7824255191092387
chr22	54	33	3278.0	1.006711409395973
chr22	55	25	3217.0	0.777121541809139
chr22	56	43	3164.0	1.359039190897598
chr22	57	23	3152.0	0.7296954314720813
chr22	58	33	3087.0	1.0689990281827018
chr22	59	31	3037.0	1.0207441554165295
chr22	60	27	2983.0	0.9051290646999663
chr22	61	27	2919.0	0.9249743062692704
chr22	62	34	2880.0	1.1805555555555556
chr22	63	33	2830.0	1.1660777385159011
chr22	64	23	2767.0	0.8312251535959523
chr22	65	22	2708.0	0.8124076809453471
chr22	66	35	2650.0	1.3207547169811322
chr22	67	19	2610.0	0.7279693486590039
chr22	68	26	2559.0	1.016021883548261
chr22	69	22	2493.0	0.8824709185720016
chr22	70	26	2461.0	1.0564811052417715
chr22	71	37	2397.0	1.543596161869003
chr22	72	20	2357.0	0.8485362749257531
chr22	73	23	2288.0	1.0052447552447552
chr22	74	17	2226.0	0.7637017070979335
chr22	75	19	2166.0	0.8771929824561403
chr22	76	15	2102.0	0.7136060894386299
chr22	77	23	2041.0	1.1268985791278785
chr22	78	19	1977.0	0.9610520991401114
chr22	79	17	1932.0	0.8799171842650104
chr22	80	23	1874.0	1.2273212379935965
chr22	81	13	1825.0	0.7123287671232876
chr22	82	16	1759.0	0.9096077316657191
chr22	83	22	1717.0	1.28130460104834
chr22	84	12	1643.0	0.7303712720632989
chr22	85	19	1584.0	1.1994949494949494
chr22	86	17	1534.0	1.108213820078227
chr22	87	14	1480.0	0.945945945945946
chr22	88	14	1414.0	0.9900990099009901
chr22	89	14	1369.0	1.0226442658875092
chr22	90	18	1310.0	1.3740458015267176
chr22	91	22	1252.0	1.7571884984025559
chr22	92	9	1200.0	0.75
chr22	93	13	1138.0	1.1423550087873462
chr22	94	15	1089.0	1.3774104683195594
chr22	95	14	1042.0	1.3435700575815739
chr22	96	7	1005.0	0.6965174129353234
chr22	97	11	965.0	1.1398963730569949
chr22	98	12	926.0	1.2958963282937366
chr22	99	6	883.0	0.6795016987542469
chr22	100	10	839.0	1.1918951132300357
chr22	101	5	789.0	0.6337135614702154
chr22	102	9	734.0	1.226158038147139
chr22	103	12	661.0	1.8154311649016641
chr22	104	7	602.0	1.1627906976744187
chr22	105	5	542.0	0.9225092250922509
chr22	106	2	514.0	0.38910505836575876
chr22	107	4	464.0	0.8620689655172413
chr22	108	3	407.0	0.7371007371007371
chr22	109	1	353.0	0.28328611898017
chr22	110	10	306.0	3.2679738562091507
chr22	111	4	269.0	1.486988847583643
chr22	112	4	235.0	1.702127659574468
chr22	113	0	198.0	0.0
chr22	114	1	162.0	0.6172839506172839
chr22	115	1	113.0	0.8849557522123894
chr22	116	1	81.0	1.2345679012345678
chr22	117	0	48.0	0.0
chr22	118	0	19.0	0.0
chr22	119	0	0.0	nan
chr22	120	0	0.0	nan
chr22	121	0	0.0	nan
chr22	122	0	0.0	nan
chr22	123	0	0.0	nan
chr22	124	0	0.0	nan
chr22	125	0	0.0	nan
chr22	126	0	0.0	nan
chr22	127	0	0.0	nan
chr22	128	0	0.0	nan
chr22	129	0	0.0	nan
chr22	130	0	0.0	nan
chr22	131	0	0.0	nan
chr22	132	0	0.0	nan
chr22	133	0	0.0	nan
chr22	134	0	0.0	nan
chr22	135	0	0.0	nan
chr22	136	0	0.0	nan
chr22	137	0	0.0	nan
chr22	138	0	0.0	nan
chr22	139	0	0.0	nan
chr22	140	0	0.0	nan
chr22	141	0	0.0	nan
chr22	142	0	0.0	nan
chr22	143	0	0.0	nan
chr22	144	0	0.0	nan
chr22	145	0	0.0	nan
chr22	146	0	0.0	nan
chrX	-144	0	0.0	nan
chrX	-143	0	0.0	nan
chrX	-142	0	0.0	nan
chrX	-141	0	0.0	nan
chrX	-140	0	0.0	nan
chrX	-139	0	2.0	0.0
chrX	-138	0	3.0	0.0
chrX	-137	0	3.0	0.0
chrX	-136	0	6.0	0.0
chrX	-135	0	7.0	0.0
chrX	-134	0	7.0	0.0
chrX	-133	0	9.0	0.0
chrX	-132	0	10.0	0.0
chrX	-131	0	12.0	0.0
chrX	-130	0	63.0	0.0
chrX	-129	0	166.0	0.0
chrX	-128	1	292.0	0.3424657534246575
chrX	-127	1	425.0	0.2352941176470588
chrX	-126	1	588.0	0.17006802721088435
chrX	-125	1	749.0	0.13351134846461948
chrX	-124	0	918.0	0.0
chrX	-123	1	1079.0	0.09267840593141798
chrX	-122	1	1229.0	0.08136696501220504
chrX	-121	2	1404.0	0.14245014245014245
chrX	-120	5	1620.0	0.30864197530864196
chrX	-119	2	1798.0	0.11123470522803114
chrX	-118	2	1994.0	0.10030090270812438
chrX	-117	3	2189.0	0.13704888076747374
chrX	-116	6	2367.0	0.25348542458808615
chrX	-115	2	2532.0	0.07898894154818326
chrX	-114	5	2745.0	0.18214936247723132
chrX	-113	9	2921.0	0.3081136597055803
chrX	-112	5	3127.0	0.1598976654940838
chrX	-111	8	3311.0	0.24161884627000907
chrX	-110	4	3501.0	0.11425307055127107
chrX	-109	8	3760.0	0.2127659574468085
chrX	-108	11	3974.0	0.27679919476597886
chrX	-107	16	4180.0	0.3827751196172249
chrX	-106	9	4418.0	0.2037120869171571
chrX	-105	10	4633.0	0.21584286639326572
chrX	-104	8	4816.0	0.16611295681063123
chrX	-103	20	5017.0	0.39864460833167237
chrX	-102	4	5240.0	0.07633587786259542
chrX	-101	7	5473.0	0.1279006029599854
chrX	-100	6	5708.0	0.10511562718990891
chrX	-99	14	5925.0	0.2362869198312236
chrX	-98	9	6159.0	0.14612761811982464
chrX	-97	16	6381.0	0.2507443974298699
chrX	-96	10	6623.0	0.15098897780462028
chrX	-95	10	6857.0	0.14583637159107482
chrX	-94	19	7093.0	0.2678697307204286
chrX	-93	7	7335.0	0.09543285616905249
chrX	-92	12	7569.0	0.15854141894569956
chrX	-91	12	7799.0	0.15386588024105655
chrX	-90	17	8021.0	0.211943647924199
chrX	-89	22	8270.0	0.2660217654171705
chrX	-88	26	8524.0	0.3050211168465509
chrX	-87	16	8753.0	0.18279447046726838
chrX	-86	12	9028.0	0.1329198050509526
chrX	-85	17	9250.0	0.1837837837837838
chrX	-84	14	9514.0	0.1471515661130965
chrX	-83	25	9787.0	0.25544089097782774
chrX	-82	11	9991.0	0.11009908918026225
chrX	-81	27	10267.0	0.2629784747248466
chrX	-80	35	10502.0	0.3332698533612645
chrX	-79	28	10743.0	0.26063483198361725
chrX	-78	19	10961.0	0.17334184837149896
chrX	-77	20	11158.0	0.17924359204158452
chrX	-76	7	11417.0	0.06131207847946045
chrX	-75	21	11646.0	0.18031942297784648
chrX	-74	36	11869.0	0.30331114668464065
chrX	-73	31	12099.0	0.2562195222745681
chrX	-72	22	12332.0	0.17839766461239054
chrX	-71	28	12585.0	0.22248708780294
chrX	-70	36	12839.0	0.2803956694446608
chrX	-69	21	13109.0	0.1601952856815928
chrX	-68	22	13323.0	0.1651279741799895
chrX	-67	24	13588.0	0.1766264350897851
chrX	-66	11	13819.0	0.07960054996743614
chrX	-65	38	14077.0	0.26994388008808695
chrX	-64	28	14354.0	0.19506757698202593
chrX	-63	55	14606.0	0.3765575790770916
chrX	-62	14	14818.0	0.09447968686732353
chrX	-61	31	15093.0	0.2053932286490426
chrX	-60	30	15376.0	0.1951092611862643
chrX	-59	28	15604.0	0.17944116893104334
chrX	-58	14	15857.0	0.0882890836854386
chrX	-57	17	16051.0	0.1059124042115756
chrX	-56	19	16296.0	0.11659302896416299
chrX	-55	39	16545.0	0.2357207615593835
chrX	-54	34	16799.0	0.2023929995833085
chrX	-53	29	17058.0	0.17000820729276586
chrX	-52	27	17296.0	0.1561054579093432
chrX	-51	44	17525.0	0.25106990014265335
chrX	-50	49	17782.0	0.27555955460578113
chrX	-49	21	18049.0	0.1163499362845587
chrX	-48	36	18312.0	0.19659239842726078
chrX	-47	47	18561.0	0.2532191153493885
chrX	-46	37	18808.0	0.1967247979583156
chrX	-45	45	19087.0	0.23576256090532827
chrX	-44	43	19329.0	0.22246365564695536
chrX	-43	44	19596.0	0.22453561951418657
chrX	-42	33	19846.0	0.16628035876247102
chrX	-41	36	20102.0	0.17908665804397572
chrX	-40	66	20351.0	0.3243083877942116
chrX	-39	41	20612.0	0.19891325441490393
chrX	-38	31	20878.0	0.1484816553309704
chrX	-37	25	21158.0	0.11815861612628792
chrX	-36	49	21397.0	0.22900406599055942
chrX	-35	26	21663.0	0.12002031112957577
chrX	-34	41	21906.0	0.18716333424632522
chrX	-33	41	22137.0	0.18521028142928128
chrX	-32	44	22429.0	0.196174595389897
chrX	-31	42	22661.0	0.1853404527602489
chrX	-30	92	22966.0	0.4005921797439693
chrX	-29	37	23217.0	0.15936598182366368
chrX	-28	34	23459.0	0.14493371413956263
chrX	-27	32	23728.0	0.13486176668914363
chrX	-26	60	23981.0	0.25019807347483425
chrX	-25	68	24223.0	0.2807249308508442
chrX	-24	78	24507.0	0.31827641082139796
chrX	-23	37	24784.0	0.14928986442866365
chrX	-22	47	25036.0	0.1877296692762422
chrX	-21	74	25327.0	0.29217830773482845
chrX	-20	103	25628.0	0.401904167316997
chrX	-19	95	25860.0	0.36736272235112144
chrX	-18	45	26077.0	0.17256586263757334
chrX	-17	84	26396.0	0.3182300348537657
chrX	-16	66	26684.0	0.24733922950082443
chrX	-15	56	26941.0	0.20786162354775248
chrX	-14	85	27188.0	0.3126379284978667
chrX	-13	92	27469.0	0.33492300411372816
chrX	-12	49	27726.0	0.17672942364567554
chrX	-11	79	28006.0	0.2820824109119474
chrX	-10	60	28247.0	0.21241193755089038
chrX	-9	118	28248.0	0.41772868875672614
chrX	-8	109	28243.0	0.38593633820769746
chrX	-7	104	28218.0	0.3685590757672408
chrX	-6	128	28212.0	0.4537076421380973
chrX	-5	110	28215.0	0.3898635477582846
chrX	-4	77	28222.0	0.27283679399050387
chrX	-3	124	28223.0	0.43935797044963326
chrX	-2	92	28169.0	0.3266001633000816
chrX	-1	224	28148.0	0.7957936620719056
chrX	0	376	27326.0	1.3759789211739735
chrX	1	169	27129.0	0.6229496111172547
chrX	2	181	26936.0	0.671963171963172
chrX	3	185	26681.0	0.6933773096960384
chrX	4	193	26487.0	0.7286593423188734
chrX	5	219	26216.0	0.835367714372902
chrX	6	195	26021.0	0.7493947196495139
chrX	7	208	25815.0	0.8057331009103235
chrX	8	209	25570.0	0.8173640985529917
chrX	9	189	25304.0	0.7469174834018337
chrX	10	211	25028.0	0.8430557775291673
chrX	11	204	24768.0	0.8236434108527133
chrX	12	201	24539.0	0.8191042829781164
chrX	13	164	24294.0	0.6750638017617518
chrX	14	181	24067.0	0.752067145884406
chrX	15	162	23814.0	0.6802721088435374
chrX	16	172	23572.0	0.7296792805022908
chrX	17	158	23291.0	0.678373620711863
chrX	18	186	23033.0	0.8075370121130552
chrX	19	179	22756.0	0.7866057303568289
chrX	20	186	22498.0	0.826740154680416
chrX	21	153	22297.0	0.6861909673947167
chrX	22	150	22067.0	0.6797480400598178
chrX	23	187	21808.0	0.8574834922964051
chrX	24	134	21557.0	0.6216078304031173
chrX	25	178	21313.0	0.8351710223807066
chrX	26	146	21088.0	0.6923368740515934
chrX	27	149	20836.0	0.715108466116337
chrX	28	139	20614.0	0.6742990200834384
chrX	29	207	20376.0	1.0159010600706713
chrX	30	184	20111.0	0.9149221818905077
chrX	31	152	19852.0	0.7656659278662099
chrX	32	155	19543.0	0.793122857289055
chrX	33	131	19291.0	0.6790731429163859
chrX	34	105	19074.0	0.550487574709028
chrX	35	141	18835.0	0.7486063180249535
chrX	36	137	18588.0	0.7370346460081773
chrX	37	133	18346.0	0.7249536683745775
chrX	38	114	18078.0	0.6306007301692665
chrX	39	159	17821.0	0.892205824588968
chrX	40	99	17542.0	0.564359822141147
chrX	41	130	17273.0	0.7526196954784925
chrX	42	123	17027.0	0.7223820990192048
chrX	43	132	16768.0	0.7872137404580152
chrX	44	127	16551.0	0.7673252371457917
chrX	45	97	16301.0	0.5950555180663764
chrX	46	120	16073.0	0.7465936663970634
chrX	47	134	15813.0	0.8474040346550307
chrX	48	110	15609.0	0.7047216349541932
chrX	49	116	15316.0	0.7573779054583442
chrX	50	139	15065.0	0.9226684367739794
chrX	51	102	14822.0	0.6881662393739036
chrX	52	94	14642.0	0.6419887993443518
chrX	53	110	14404.0	0.7636767564565399
chrX	54	91	14169.0	0.6422471592914109
chrX	55	106	13964.0	0.7590948152391865
chrX	56	79	13724.0	0.5756339259691052
chrX	57	78	13504.0	0.57760663507109
chrX	58	92	13270.0	0.693293142426526
chrX	59	94	13018.0	0.7220771239821785
chrX	60	104	12779.0	0.8138351983723295
chrX	61	75	12535.0	0.5983246908655764
chrX	62	111	12267.0	0.904866715578381
chrX	63	89	12014.0	0.7408023972032629
chrX	64	96	11743.0	0.8175083028187005
chrX	65	78	11535.0	0.6762028608582574
chrX	66	81	11340.0	0.7142857142857143
chrX	67	79	11089.0	0.7124177112453783
chrX	68	83	10810.0	0.7678075855689177
chrX	69	109	10548.0	1.0333712552142587
chrX	70	81	10301.0	0.7863314241335793
chrX	71	50	10080.0	0.496031746031746
chrX	72	77	9879.0	0.7794311165097682
chrX	73	84	9603.0	0.8747266479225243
chrX	74	63	9351.0	0.6737247353224254
chrX	75	54	9109.0	0.592820287627621
chrX	76	48	8912.0	0.5385996409335727
chrX	77	60	8724.0	0.6877579092159559
chrX	78	71	8494.0	0.8358841535201318
chrX	79	69	8260.0	0.8353510895883777
chrX	80	49	8007.0	0.6119645310353441
chrX	81	55	7757.0	0.7090369988397577
chrX	82	54	7532.0	0.7169410515135423
chrX	83	38	7296.0	0.5208333333333333
chrX	84	51	7064.0	0.7219705549263873
chrX	85	43	6813.0	0.6311463378834581
chrX	86	38	6619.0	0.5741048496751775
chrX	87	48	6408.0	0.7490636704119851
chrX	88	39	6168.0	0.632295719844358
chrX	89	34	5921.0	0.5742273264651241
chrX	90	34	5710.0	0.5954465849387041
chrX	91	36	5496.0	0.6550218340611353
chrX	92	28	5268.0	0.5315110098709187
chrX	93	31	5032.0	0.6160572337042926
chrX	94	24	4780.0	0.502092050209205
chrX	95	22	4558.0	0.4826678367705134
chrX	96	29	4342.0	0.6678949792722249
chrX	97	35	4100.0	0.853658536585366
chrX	98	27	3868.0	0.6980351602895553
chrX	99	19	3615.0	0.5255878284923928
chrX	100	16	3398.0	0.47086521483225424
chrX	101	18	3171.0	0.5676442762535477
chrX	102	21	2926.0	0.7177033492822966
chrX	103	11	2719.0	0.40456050018389117
chrX	104	15	2509.0	0.5978477481068154
chrX	105	10	2312.0	0.43252595155709345
chrX	106	13	2120.0	0.6132075471698114
chrX	107	14	1909.0	0.7333682556312205
chrX	108	10	1702.0	0.5875440658049353
chrX	109	4	1508.0	0.2652519893899204
chrX	110	6	1308.0	0.45871559633027525
chrX	111	9	1122.0	0.8021390374331552
chrX	112	13	952.0	1.365546218487395
chrX	113	0	780.0	0.0
chrX	114	3	593.0	0.5059021922428331
chrX	115	3	447.0	0.6711409395973155
chrX	116	2	295.0	0.6779661016949152
chrX	117	2	165.0	1.2121212121212122
chrX	118	1	47.0	2.127659574468085
chrX	119	0	0.0	nan
chrX	120	0	0.0	nan
chrX	121	0	0.0	nan
chrX	122	0	0.0	nan
chrX	123	0	0.0	nan
chrX	124	0	0.0	nan
chrX	125	0	0.0	nan
chrX	126	0	0.0	nan
chrX	127	0	0.0	nan
chrX	128	0	0.0	nan
chrX	129	0	0.0	nan
chrX	130	0	0.0	nan
chrX	131	0	0.0	nan
chrX	132	0	0.0	nan
chrX	133	0	0.0	nan
chrX	134	0	0.0	nan
chrX	135	0	0.0	nan
chrX	136	0	0.0	nan
chrX	137	0	0.0	nan
chrX	138	0	0.0	nan
chrX	139	0	0.0	nan
chrX	140	0	0.0	nan
chrX	141	0	0.0	nan
chrX	142	0	0.0	nan
chrX	143	0	0.0	nan
chrX	144	0	0.0	nan
chrX	145	0	0.0	nan
chrX	146	0	0.0	nan
chrX	147	0	0.0	nan
chrX	148	0	0.0	nan
chrX	149	0	0.0	nan
