chr1	-144	0	0.0	nan
chr1	-143	0	0.0	nan
chr1	-142	0	0.0	nan
chr1	-141	0	0.0	nan
chr1	-140	0	0.0	nan
chr1	-139	0	6.0	0.0
chr1	-138	0	10.0	0.0
chr1	-137	0	11.0	0.0
chr1	-136	0	15.0	0.0
chr1	-135	0	16.0	0.0
chr1	-134	0	17.0	0.0
chr1	-133	0	21.0	0.0
chr1	-132	0	25.0	0.0
chr1	-131	0	29.0	0.0
chr1	-130	1	36.0	2.7777777777777777
chr1	-129	0	52.0	0.0
chr1	-128	1	80.0	1.25
chr1	-127	0	118.0	0.0
chr1	-126	4	943.0	0.4241781548250266
chr1	-125	11	2139.0	0.5142589995324919
chr1	-124	5	3551.0	0.14080540692762603
chr1	-123	4	5302.0	0.07544322897019992
chr1	-122	19	7150.0	0.26573426573426573
chr1	-121	16	8944.0	0.17889087656529518
chr1	-120	15	11050.0	0.13574660633484162
chr1	-119	34	13198.0	0.2576147901197151
chr1	-118	29	15370.0	0.18867924528301888
chr1	-117	32	17605.0	0.18176654359556946
chr1	-116	31	19997.0	0.1550232534880232
chr1	-115	50	22359.0	0.22362359676193033
chr1	-114	59	24830.0	0.23761578735400726
chr1	-113	53	27365.0	0.193678055910835
chr1	-112	90	29694.0	0.30309153364316027
chr1	-111	106	32202.0	0.3291721011117322
chr1	-110	105	34681.0	0.30275943600242206
chr1	-109	68	37134.0	0.1831205902946087
chr1	-108	55	39681.0	0.13860537788866206
chr1	-107	61	42112.0	0.14485182370820668
chr1	-106	63	44608.0	0.14123027259684362
chr1	-105	102	47072.0	0.21668932698844326
chr1	-104	98	49540.0	0.19781994348001616
chr1	-103	89	52159.0	0.17063210567687265
chr1	-102	124	54604.0	0.22708959050619001
chr1	-101	136	57302.0	0.23733901085476947
chr1	-100	135	59788.0	0.2257978189603265
chr1	-99	97	62320.0	0.15564826700898587
chr1	-98	146	64939.0	0.2248263755216434
chr1	-97	147	67515.0	0.2177293934681182
chr1	-96	144	69991.0	0.20574073809489793
chr1	-95	144	72511.0	0.19859055867385636
chr1	-94	120	75159.0	0.15966151758272462
chr1	-93	141	77769.0	0.18130617598271806
chr1	-92	122	80295.0	0.1519397222741142
chr1	-91	121	82845.0	0.1460558875007544
chr1	-90	165	85560.0	0.1928471248246844
chr1	-89	140	88156.0	0.15880938336585146
chr1	-88	174	90724.0	0.19179048542833207
chr1	-87	171	93286.0	0.1833072486761143
chr1	-86	137	95848.0	0.14293464652366245
chr1	-85	345	98399.0	0.3506133192410492
chr1	-84	170	101058.0	0.16822022996694969
chr1	-83	239	103493.0	0.23093349308648892
chr1	-82	250	106075.0	0.23568230025925052
chr1	-81	181	108519.0	0.16679106884508704
chr1	-80	305	110989.0	0.27480200740613936
chr1	-79	264	113685.0	0.23222060957910012
chr1	-78	156	116387.0	0.13403558816706332
chr1	-77	255	118808.0	0.21463201131236956
chr1	-76	258	121384.0	0.2125486060765834
chr1	-75	230	124030.0	0.18543900669192936
chr1	-74	299	126453.0	0.23645148790459697
chr1	-73	233	129090.0	0.18049422883259741
chr1	-72	307	131646.0	0.23320116068851313
chr1	-71	203	134116.0	0.15136150794834322
chr1	-70	174	136722.0	0.12726554614473165
chr1	-69	307	139336.0	0.220330711373945
chr1	-68	274	142021.0	0.19292921469360166
chr1	-67	388	144667.0	0.2682021469996613
chr1	-66	208	147221.0	0.14128419179329038
chr1	-65	274	149669.0	0.1830706425512297
chr1	-64	230	152277.0	0.15104053796699435
chr1	-63	191	154810.0	0.12337704282669078
chr1	-62	387	157382.0	0.2458985144425665
chr1	-61	380	159876.0	0.23768420525907577
chr1	-60	286	162488.0	0.17601299788292057
chr1	-59	377	165180.0	0.22823586390604192
chr1	-58	329	167771.0	0.1961006371780582
chr1	-57	284	170361.0	0.1667048209390647
chr1	-56	285	172934.0	0.1648027571212139
chr1	-55	355	175658.0	0.20209725717018298
chr1	-54	349	178263.0	0.1957781480172554
chr1	-53	386	181184.0	0.2130430943129636
chr1	-52	417	183710.0	0.22698818790485004
chr1	-51	446	186398.0	0.23927295357246323
chr1	-50	464	188988.0	0.2455182339619447
chr1	-49	557	191652.0	0.29063093523678335
chr1	-48	573	194338.0	0.294847122024514
chr1	-47	422	196840.0	0.21438731965047753
chr1	-46	405	199656.0	0.20284890010818607
chr1	-45	498	202241.0	0.2462408710399968
chr1	-44	533	204893.0	0.2601357781866633
chr1	-43	575	207449.0	0.27717655905788896
chr1	-42	479	210161.0	0.2279204990459695
chr1	-41	495	212704.0	0.2327177674138709
chr1	-40	622	215403.0	0.2887610664661123
chr1	-39	418	218162.0	0.19160073706695024
chr1	-38	499	220772.0	0.2260250394071712
chr1	-37	551	223480.0	0.24655450152138897
chr1	-36	504	226239.0	0.2227732619044462
chr1	-35	571	228886.0	0.24946916805746092
chr1	-34	481	231564.0	0.20771795270422
chr1	-33	735	234266.0	0.3137459127658303
chr1	-32	745	236941.0	0.31442426595650397
chr1	-31	678	239637.0	0.2829279284918439
chr1	-30	576	242430.0	0.23759435713401805
chr1	-29	647	245202.0	0.26386407941207657
chr1	-28	694	248001.0	0.2798375813000754
chr1	-27	760	250772.0	0.303064137942035
chr1	-26	626	253636.0	0.24681038969231495
chr1	-25	842	256622.0	0.3281090475485344
chr1	-24	697	259410.0	0.2686866350564743
chr1	-23	720	262301.0	0.27449380673348556
chr1	-22	714	265255.0	0.26917494486437576
chr1	-21	650	268275.0	0.24228869630043798
chr1	-20	681	271366.0	0.2509525880176588
chr1	-19	866	274393.0	0.31560571880478
chr1	-18	1009	277576.0	0.3635040493414416
chr1	-17	873	280775.0	0.3109251179770279
chr1	-16	873	283906.0	0.3074961430896142
chr1	-15	1073	286995.0	0.37387410930504017
chr1	-14	858	290294.0	0.2955624298125349
chr1	-13	1030	293690.0	0.3507099322414791
chr1	-12	941	297149.0	0.31667614563737384
chr1	-11	950	300403.0	0.3162418484502485
chr1	-10	962	303662.0	0.31679959955476816
chr1	-9	1108	303697.0	0.3648373214091677
chr1	-8	866	303628.0	0.2852174371270107
chr1	-7	1187	303779.0	0.3907445873480392
chr1	-6	797	303864.0	0.2622883921754469
chr1	-5	996	303814.0	0.3278321604666013
chr1	-4	1197	303687.0	0.3941558249118336
chr1	-3	1111	303653.0	0.36587815697523157
chr1	-2	1248	303617.0	0.4110441773681975
chr1	-1	3075	303480.0	1.013246342427837
chr1	0	3135	297729.0	1.0529709903973077
chr1	1	1358	295311.0	0.4598541876191541
chr1	2	1411	292685.0	0.4820882518748825
chr1	3	1391	290198.0	0.47932790715304724
chr1	4	1344	287694.0	0.46716302738326143
chr1	5	1177	285184.0	0.4127160008976661
chr1	6	1497	282399.0	0.5301010272699266
chr1	7	1345	279588.0	0.48106499563643645
chr1	8	1461	276988.0	0.5274596733432496
chr1	9	1207	274393.0	0.4398800260939601
chr1	10	1247	271690.0	0.45897898340019877
chr1	11	1194	269100.0	0.4437012263099219
chr1	12	1315	266298.0	0.4938076891302225
chr1	13	1294	263820.0	0.49048593738154805
chr1	14	1589	261168.0	0.6084206334619862
chr1	15	1406	258532.0	0.5438398341404546
chr1	16	1160	255841.0	0.453406608010444
chr1	17	1496	253019.0	0.5912599449053233
chr1	18	1185	250398.0	0.47324659142644915
chr1	19	1152	247726.0	0.46502991208028227
chr1	20	1207	245047.0	0.49255857039669937
chr1	21	1158	242373.0	0.4777759898998651
chr1	22	1251	239847.0	0.5215825088493915
chr1	23	1290	237311.0	0.5435904783174821
chr1	24	1237	234730.0	0.526988454820432
chr1	25	1227	232091.0	0.5286719433325722
chr1	26	1293	229480.0	0.5634477950148161
chr1	27	1261	226883.0	0.5557930739632322
chr1	28	1124	224331.0	0.5010453303377598
chr1	29	1034	221781.0	0.46622569110969836
chr1	30	1230	219147.0	0.5612670946898657
chr1	31	1271	216483.0	0.5871130758535312
chr1	32	1233	213847.0	0.5765804523795051
chr1	33	1011	211277.0	0.47851872186750094
chr1	34	1147	208617.0	0.5498113768293093
chr1	35	981	205969.0	0.476285266229384
chr1	36	1039	203279.0	0.5111201845739107
chr1	37	1021	200647.0	0.5088538577701137
chr1	38	981	198022.0	0.4953995010655382
chr1	39	1130	195520.0	0.5779459901800327
chr1	40	1063	192905.0	0.5510484435343822
chr1	41	922	190308.0	0.4844777938920066
chr1	42	1131	187719.0	0.602496284339891
chr1	43	899	185265.0	0.4852508568806845
chr1	44	1050	182689.0	0.5747472480554384
chr1	45	937	180224.0	0.5199085582386364
chr1	46	907	177561.0	0.51081036939418
chr1	47	1029	175042.0	0.5878589138606735
chr1	48	944	172589.0	0.5469641750053595
chr1	49	855	170063.0	0.5027548614337041
chr1	50	974	167370.0	0.581944195495011
chr1	51	833	164807.0	0.505439696129412
chr1	52	819	162192.0	0.5049570878958272
chr1	53	882	159498.0	0.5529849904074032
chr1	54	816	156931.0	0.5199737464235874
chr1	55	742	154366.0	0.48067579648368164
chr1	56	807	151862.0	0.5314035110824301
chr1	57	748	149198.0	0.5013472030456172
chr1	58	733	146579.0	0.500071633726523
chr1	59	736	144086.0	0.5108060463889621
chr1	60	819	141556.0	0.5785696120263359
chr1	61	791	139063.0	0.5688069436154837
chr1	62	708	136532.0	0.5185597515600738
chr1	63	738	133878.0	0.5512481513019316
chr1	64	733	131285.0	0.5583273031953384
chr1	65	688	128709.0	0.5345391542160999
chr1	66	817	126051.0	0.6481503518417148
chr1	67	654	123427.0	0.5298678571139216
chr1	68	680	120736.0	0.5632122979061754
chr1	69	620	118053.0	0.5251878393602873
chr1	70	650	115396.0	0.5632777565946827
chr1	71	682	112806.0	0.6045777706859564
chr1	72	640	110081.0	0.5813900673140687
chr1	73	677	107596.0	0.6292055466745976
chr1	74	537	105047.0	0.5111997486839225
chr1	75	635	102446.0	0.6198387443140776
chr1	76	570	99876.0	0.570707677520125
chr1	77	492	97275.0	0.5057825751734772
chr1	78	610	94690.0	0.6442074136656458
chr1	79	575	91984.0	0.6251087145590538
chr1	80	522	89272.0	0.5847298144995071
chr1	81	571	86526.0	0.6599172503062664
chr1	82	507	83916.0	0.6041756041756042
chr1	83	482	81307.0	0.5928148867871156
chr1	84	631	78633.0	0.802462070631923
chr1	85	422	75932.0	0.5557604172154033
chr1	86	431	73167.0	0.5890633755654873
chr1	87	417	70486.0	0.5916068439122663
chr1	88	438	67785.0	0.6461606550121709
chr1	89	410	65123.0	0.629577875712114
chr1	90	354	62487.0	0.5665178357098276
chr1	91	300	59755.0	0.5020500376537529
chr1	92	345	56982.0	0.6054543540065284
chr1	93	289	54370.0	0.5315431304027957
chr1	94	274	51726.0	0.529714263619843
chr1	95	320	49140.0	0.6512006512006512
chr1	96	264	46372.0	0.5693090658155784
chr1	97	270	43695.0	0.6179196704428425
chr1	98	199	40993.0	0.48544873514990367
chr1	99	244	38230.0	0.6382422181532827
chr1	100	248	35426.0	0.7000508101394456
chr1	101	212	32704.0	0.648238747553816
chr1	102	194	29875.0	0.6493723849372385
chr1	103	145	27052.0	0.5360047316279757
chr1	104	142	24291.0	0.5845786505290026
chr1	105	142	21509.0	0.6601887581942443
chr1	106	97	18811.0	0.5156557333475095
chr1	107	97	16200.0	0.5987654320987654
chr1	108	74	13627.0	0.5430395538269612
chr1	109	75	10966.0	0.6839321539303301
chr1	110	63	8589.0	0.7334963325183375
chr1	111	46	6199.0	0.7420551701887401
chr1	112	24	4087.0	0.5872277954489846
chr1	113	21	2345.0	0.8955223880597015
chr1	114	8	966.0	0.8281573498964804
chr1	115	0	0.0	nan
chr1	116	0	0.0	nan
chr1	117	0	0.0	nan
chr1	118	0	0.0	nan
chr1	119	0	0.0	nan
chr1	120	0	0.0	nan
chr1	121	0	0.0	nan
chr1	122	0	0.0	nan
chr1	123	0	0.0	nan
chr1	124	0	0.0	nan
chr1	125	0	0.0	nan
chr1	126	0	0.0	nan
chr1	127	0	0.0	nan
chr1	128	0	0.0	nan
chr1	129	0	0.0	nan
chr1	130	0	0.0	nan
chr1	131	0	0.0	nan
chr1	132	0	0.0	nan
chr1	133	0	0.0	nan
chr1	134	0	0.0	nan
chr1	135	0	0.0	nan
chr1	136	0	0.0	nan
chr1	137	0	0.0	nan
chr1	138	0	0.0	nan
chr1	139	0	0.0	nan
chr1	140	0	0.0	nan
chr1	141	0	0.0	nan
chr1	142	0	0.0	nan
chr1	143	0	0.0	nan
chr1	144	0	0.0	nan
chr1	145	0	0.0	nan
chr1	146	0	0.0	nan
chr1	147	0	0.0	nan
chr1	148	0	0.0	nan
chr1	149	0	0.0	nan
chr1	150	0	0.0	nan
chr1	151	0	0.0	nan
chr2	-142	0	0.0	nan
chr2	-141	0	0.0	nan
chr2	-140	0	0.0	nan
chr2	-139	0	3.0	0.0
chr2	-138	0	5.0	0.0
chr2	-137	0	5.0	0.0
chr2	-136	0	5.0	0.0
chr2	-135	0	6.0	0.0
chr2	-134	0	6.0	0.0
chr2	-133	0	6.0	0.0
chr2	-132	0	6.0	0.0
chr2	-131	0	8.0	0.0
chr2	-130	0	8.0	0.0
chr2	-129	0	9.0	0.0
chr2	-128	0	18.0	0.0
chr2	-127	0	28.0	0.0
chr2	-126	1	252.0	0.3968253968253968
chr2	-125	2	538.0	0.37174721189591076
chr2	-124	1	870.0	0.11494252873563218
chr2	-123	2	1272.0	0.15723270440251574
chr2	-122	4	1756.0	0.22779043280182232
chr2	-121	6	2285.0	0.26258205689277897
chr2	-120	6	2825.0	0.21238938053097348
chr2	-119	5	3365.0	0.1485884101040119
chr2	-118	12	3970.0	0.30226700251889166
chr2	-117	18	4551.0	0.3955174686882004
chr2	-116	10	5206.0	0.1920860545524395
chr2	-115	5	5788.0	0.08638562543192813
chr2	-114	13	6343.0	0.2049503389563298
chr2	-113	10	6962.0	0.14363688595231255
chr2	-112	10	7528.0	0.1328374070138151
chr2	-111	11	8223.0	0.13377112975799585
chr2	-110	12	8820.0	0.13605442176870747
chr2	-109	20	9457.0	0.2114835571534313
chr2	-108	40	10086.0	0.396589331746976
chr2	-107	17	10743.0	0.15824257656148188
chr2	-106	20	11375.0	0.1758241758241758
chr2	-105	17	12039.0	0.14120774150676968
chr2	-104	19	12723.0	0.14933584846341272
chr2	-103	16	13414.0	0.11927836588638736
chr2	-102	66	14026.0	0.4705546841579923
chr2	-101	13	14727.0	0.08827323962789435
chr2	-100	27	15361.0	0.17576980665321268
chr2	-99	13	16041.0	0.08104232903185588
chr2	-98	33	16720.0	0.19736842105263158
chr2	-97	19	17419.0	0.10907629599862219
chr2	-96	15	18074.0	0.08299214341042381
chr2	-95	35	18769.0	0.18647770259470403
chr2	-94	22	19402.0	0.11339037212658488
chr2	-93	22	20057.0	0.10968739093583288
chr2	-92	39	20772.0	0.18775274407856732
chr2	-91	42	21502.0	0.1953306669147056
chr2	-90	29	22219.0	0.13051892524416042
chr2	-89	52	22894.0	0.22713374683323143
chr2	-88	46	23649.0	0.19451139583069052
chr2	-87	51	24370.0	0.20927369716865
chr2	-86	32	25057.0	0.12770882388155005
chr2	-85	31	25772.0	0.12028558125097004
chr2	-84	38	26420.0	0.14383043149129449
chr2	-83	35	27109.0	0.12910841417979269
chr2	-82	42	27752.0	0.15134044393196885
chr2	-81	26	28456.0	0.09136913129041327
chr2	-80	27	29208.0	0.0924404272801972
chr2	-79	42	29873.0	0.14059518628862183
chr2	-78	35	30656.0	0.11417014613778706
chr2	-77	56	31301.0	0.17890802210791987
chr2	-76	70	31978.0	0.21890049408968665
chr2	-75	48	32663.0	0.14695527048954474
chr2	-74	65	33316.0	0.1951014527554328
chr2	-73	71	33999.0	0.20882967146092532
chr2	-72	52	34730.0	0.14972646127267492
chr2	-71	65	35436.0	0.18342928095721864
chr2	-70	45	36111.0	0.12461576804851707
chr2	-69	78	36803.0	0.2119392440833628
chr2	-68	72	37439.0	0.19231282886829243
chr2	-67	96	38157.0	0.25159210629766493
chr2	-66	49	38926.0	0.12587987463392075
chr2	-65	125	39579.0	0.31582404810631903
chr2	-64	85	40296.0	0.210939051022434
chr2	-63	66	40993.0	0.1610030980899178
chr2	-62	72	41667.0	0.1727986176110591
chr2	-61	56	42377.0	0.1321471552965052
chr2	-60	95	43042.0	0.2207146508061893
chr2	-59	107	43731.0	0.24467768859619035
chr2	-58	101	44508.0	0.22692549653994787
chr2	-57	104	45229.0	0.22994096707864425
chr2	-56	70	45931.0	0.1524025168187063
chr2	-55	111	46588.0	0.23825877908474286
chr2	-54	98	47300.0	0.20718816067653278
chr2	-53	130	47979.0	0.27095187477854893
chr2	-52	79	48705.0	0.16220100605687301
chr2	-51	84	49393.0	0.1700645840503715
chr2	-50	81	50109.0	0.16164760821409327
chr2	-49	100	50838.0	0.19670325347181244
chr2	-48	83	51573.0	0.16093692435964554
chr2	-47	104	52283.0	0.19891743013981603
chr2	-46	121	52999.0	0.22830619445649916
chr2	-45	146	53649.0	0.2721392756621745
chr2	-44	119	54341.0	0.2189875048306067
chr2	-43	162	55007.0	0.2945079717126911
chr2	-42	117	55707.0	0.2100274651300555
chr2	-41	101	56409.0	0.1790494424648549
chr2	-40	118	57123.0	0.20657178369483395
chr2	-39	108	57823.0	0.18677688808951456
chr2	-38	117	58506.0	0.19997948928315046
chr2	-37	122	59257.0	0.20588284928362896
chr2	-36	146	59978.0	0.2434225882823702
chr2	-35	117	60712.0	0.1927131374357623
chr2	-34	197	61458.0	0.32054411142568906
chr2	-33	185	62184.0	0.29750418113984306
chr2	-32	86	62948.0	0.13662070280231303
chr2	-31	179	63739.0	0.28083277114482497
chr2	-30	155	64526.0	0.24021324737315192
chr2	-29	185	65205.0	0.283720573575646
chr2	-28	157	65958.0	0.2380302616816762
chr2	-27	178	66696.0	0.26688257166846585
chr2	-26	137	67478.0	0.20302913542191528
chr2	-25	172	68189.0	0.2522400973764097
chr2	-24	176	68968.0	0.25519081313072733
chr2	-23	193	69724.0	0.2768056910102691
chr2	-22	157	70487.0	0.22273610736731597
chr2	-21	201	71211.0	0.28225976323882546
chr2	-20	222	72012.0	0.308281953007832
chr2	-19	166	72835.0	0.2279124047504634
chr2	-18	207	73643.0	0.28108577868908113
chr2	-17	275	74437.0	0.36943992906753365
chr2	-16	235	75234.0	0.3123587739585825
chr2	-15	238	76027.0	0.3130466807844582
chr2	-14	217	76919.0	0.2821149520924609
chr2	-13	228	77843.0	0.2928972418843056
chr2	-12	241	78743.0	0.3060589512718591
chr2	-11	233	79528.0	0.2929785735841464
chr2	-10	259	80394.0	0.32216334552329773
chr2	-9	204	80428.0	0.25364300989705074
chr2	-8	283	80445.0	0.35179315059978866
chr2	-7	285	80445.0	0.35427932127540557
chr2	-6	254	80428.0	0.3158104142835828
chr2	-5	273	80435.0	0.3394044880959781
chr2	-4	329	80478.0	0.4088073759288252
chr2	-3	365	80444.0	0.4537317885734175
chr2	-2	382	80418.0	0.47501803078912674
chr2	-1	652	80392.0	0.8110259727336054
chr2	0	685	78937.0	0.8677806351900883
chr2	1	406	78304.0	0.5184920310584389
chr2	2	462	77676.0	0.5947783099026727
chr2	3	366	77020.0	0.47520124642949885
chr2	4	395	76262.0	0.5179512732422439
chr2	5	355	75564.0	0.4698004340691334
chr2	6	347	74931.0	0.4630927119616714
chr2	7	385	74255.0	0.5184836037977241
chr2	8	258	73503.0	0.3510060813844333
chr2	9	291	72744.0	0.4000329924117453
chr2	10	340	72135.0	0.4713384626048382
chr2	11	339	71482.0	0.47424526454212246
chr2	12	363	70738.0	0.5131612428963216
chr2	13	280	70035.0	0.39980009995002497
chr2	14	312	69320.0	0.45008655510675133
chr2	15	296	68634.0	0.43127312993560046
chr2	16	330	67949.0	0.48565836141812246
chr2	17	338	67340.0	0.5019305019305019
chr2	18	314	66657.0	0.4710683049042111
chr2	19	308	65907.0	0.4673251703157479
chr2	20	334	65186.0	0.5123799588868776
chr2	21	260	64487.0	0.40318203668956537
chr2	22	340	63794.0	0.532965482647271
chr2	23	399	63155.0	0.6317789565355079
chr2	24	322	62517.0	0.5150599037061919
chr2	25	270	61802.0	0.4368790654024141
chr2	26	298	61100.0	0.4877250409165303
chr2	27	292	60351.0	0.4838362247518682
chr2	28	315	59655.0	0.5280362081971335
chr2	29	308	59000.0	0.5220338983050847
chr2	30	329	58314.0	0.5641869876873479
chr2	31	229	57578.0	0.3977213519052416
chr2	32	287	56880.0	0.5045710267229254
chr2	33	345	56184.0	0.6140538231524989
chr2	34	278	55474.0	0.5011356671593901
chr2	35	290	54761.0	0.5295739668742353
chr2	36	260	54121.0	0.48040501838473054
chr2	37	263	53371.0	0.492776976260516
chr2	38	234	52692.0	0.44409018446823045
chr2	39	206	51947.0	0.3965580303001136
chr2	40	280	51269.0	0.546138992373559
chr2	41	245	50644.0	0.4837690545770476
chr2	42	315	49936.0	0.6308074335148991
chr2	43	245	49281.0	0.4971490026582253
chr2	44	246	48500.0	0.5072164948453608
chr2	45	291	47796.0	0.6088375596284208
chr2	46	246	47117.0	0.5221045482522232
chr2	47	220	46384.0	0.4743014832700931
chr2	48	245	45702.0	0.5360815719224542
chr2	49	209	44948.0	0.4649817566966272
chr2	50	214	44276.0	0.48333182762670523
chr2	51	207	43616.0	0.4745964783565664
chr2	52	210	42893.0	0.4895903760520365
chr2	53	185	42240.0	0.4379734848484848
chr2	54	240	41551.0	0.5776034271136676
chr2	55	202	40839.0	0.49462523568157885
chr2	56	228	40124.0	0.568238460771608
chr2	57	190	39425.0	0.48192771084337355
chr2	58	205	38766.0	0.5288139090955992
chr2	59	201	37996.0	0.5290030529529424
chr2	60	200	37280.0	0.5364806866952789
chr2	61	184	36548.0	0.5034475210681842
chr2	62	165	35868.0	0.4600200736032118
chr2	63	157	35139.0	0.4467970061754745
chr2	64	190	34416.0	0.5520688052068805
chr2	65	164	33700.0	0.48664688427299707
chr2	66	222	33045.0	0.6718111665910123
chr2	67	181	32322.0	0.5599900996225481
chr2	68	196	31654.0	0.6191950464396285
chr2	69	165	30969.0	0.5327908553715005
chr2	70	143	30307.0	0.47183818919721515
chr2	71	143	29599.0	0.4831244298793878
chr2	72	160	28898.0	0.5536715343622396
chr2	73	177	28223.0	0.6271480707224604
chr2	74	152	27519.0	0.5523456520949163
chr2	75	142	26850.0	0.5288640595903166
chr2	76	143	26143.0	0.5469915464942815
chr2	77	146	25421.0	0.5743283112387396
chr2	78	155	24764.0	0.6259085769665644
chr2	79	125	24097.0	0.5187367722123086
chr2	80	125	23418.0	0.5337774361602187
chr2	81	118	22728.0	0.5191833861316438
chr2	82	95	22004.0	0.43173968369387383
chr2	83	124	21334.0	0.5812318365051092
chr2	84	81	20659.0	0.3920809332494312
chr2	85	124	19946.0	0.6216785320364985
chr2	86	132	19255.0	0.6855362243573098
chr2	87	88	18541.0	0.4746238066986678
chr2	88	133	17827.0	0.7460593481797274
chr2	89	102	17095.0	0.5966656917227259
chr2	90	103	16398.0	0.6281253811440419
chr2	91	93	15702.0	0.592281238058846
chr2	92	107	14940.0	0.7161981258366801
chr2	93	79	14200.0	0.556338028169014
chr2	94	73	13466.0	0.5421060448537056
chr2	95	70	12738.0	0.5495368189668708
chr2	96	63	12001.0	0.5249562536455296
chr2	97	57	11301.0	0.504380143350146
chr2	98	58	10600.0	0.5471698113207547
chr2	99	54	9874.0	0.5468908243872798
chr2	100	54	9223.0	0.5854927897647186
chr2	101	58	8469.0	0.6848506317156688
chr2	102	50	7767.0	0.6437491953135058
chr2	103	26	7053.0	0.36863745923720403
chr2	104	34	6366.0	0.5340873389883758
chr2	105	42	5637.0	0.7450771687067589
chr2	106	20	4887.0	0.40924902803355845
chr2	107	22	4207.0	0.5229379605419539
chr2	108	17	3584.0	0.4743303571428571
chr2	109	22	2925.0	0.7521367521367521
chr2	110	13	2278.0	0.5706760316066725
chr2	111	6	1686.0	0.3558718861209964
chr2	112	5	1129.0	0.44286979627989376
chr2	113	5	675.0	0.7407407407407408
chr2	114	1	317.0	0.31545741324921134
chr2	115	0	0.0	nan
chr2	116	0	0.0	nan
chr2	117	0	0.0	nan
chr2	118	0	0.0	nan
chr2	119	0	0.0	nan
chr2	120	0	0.0	nan
chr2	121	0	0.0	nan
chr2	122	0	0.0	nan
chr2	123	0	0.0	nan
chr2	124	0	0.0	nan
chr2	125	0	0.0	nan
chr2	126	0	0.0	nan
chr2	127	0	0.0	nan
chr2	128	0	0.0	nan
chr2	129	0	0.0	nan
chr2	130	0	0.0	nan
chr2	131	0	0.0	nan
chr2	132	0	0.0	nan
chr2	133	0	0.0	nan
chr12	-141	0	0.0	nan
chr12	-140	0	0.0	nan
chr12	-139	0	2.0	0.0
chr12	-138	0	2.0	0.0
chr12	-137	0	2.0	0.0
chr12	-136	0	2.0	0.0
chr12	-135	0	2.0	0.0
chr12	-134	0	2.0	0.0
chr12	-133	0	2.0	0.0
chr12	-132	0	3.0	0.0
chr12	-131	0	4.0	0.0
chr12	-130	0	5.0	0.0
chr12	-129	0	13.0	0.0
chr12	-128	0	23.0	0.0
chr12	-127	0	31.0	0.0
chr12	-126	0	172.0	0.0
chr12	-125	2	404.0	0.49504950495049505
chr12	-124	1	630.0	0.15873015873015872
chr12	-123	1	937.0	0.10672358591248667
chr12	-122	0	1257.0	0.0
chr12	-121	4	1577.0	0.2536461636017755
chr12	-120	10	1999.0	0.5002501250625313
chr12	-119	7	2354.0	0.29736618521665253
chr12	-118	7	2716.0	0.25773195876288657
chr12	-117	6	3088.0	0.19430051813471502
chr12	-116	6	3515.0	0.17069701280227598
chr12	-115	14	3920.0	0.35714285714285715
chr12	-114	11	4329.0	0.2541002541002541
chr12	-113	11	4761.0	0.23104389834068476
chr12	-112	20	5218.0	0.3832886163280951
chr12	-111	4	5669.0	0.07055918151349444
chr12	-110	6	6090.0	0.09852216748768472
chr12	-109	11	6512.0	0.16891891891891891
chr12	-108	11	6912.0	0.15914351851851852
chr12	-107	14	7354.0	0.19037258634756596
chr12	-106	11	7826.0	0.14055711730130335
chr12	-105	8	8286.0	0.09654839488293508
chr12	-104	13	8718.0	0.14911676990135353
chr12	-103	18	9179.0	0.19609979300577404
chr12	-102	15	9595.0	0.1563314226159458
chr12	-101	23	10013.0	0.22970138819534605
chr12	-100	18	10459.0	0.17210058322975427
chr12	-99	19	10853.0	0.17506680180595227
chr12	-98	16	11296.0	0.141643059490085
chr12	-97	24	11773.0	0.20385628132166822
chr12	-96	29	12223.0	0.23725762905996892
chr12	-95	17	12646.0	0.13442985924402975
chr12	-94	22	13123.0	0.16764459346186086
chr12	-93	30	13581.0	0.22089684117517122
chr12	-92	18	14026.0	0.12833309567945245
chr12	-91	18	14541.0	0.12378791004745203
chr12	-90	28	14984.0	0.18686599038974908
chr12	-89	26	15430.0	0.16850291639662995
chr12	-88	28	15886.0	0.17625582273700113
chr12	-87	42	16328.0	0.2572268495835375
chr12	-86	56	16834.0	0.33266009266959723
chr12	-85	51	17297.0	0.29484881771405447
chr12	-84	48	17782.0	0.2699358902260713
chr12	-83	20	18247.0	0.10960705869457993
chr12	-82	23	18729.0	0.12280420737893108
chr12	-81	28	19175.0	0.14602346805736635
chr12	-80	72	19655.0	0.3663190027982701
chr12	-79	81	20124.0	0.40250447227191416
chr12	-78	37	20569.0	0.17988234722154697
chr12	-77	21	21011.0	0.09994764647089621
chr12	-76	40	21468.0	0.1863238308179616
chr12	-75	30	21946.0	0.1366991706916978
chr12	-74	23	22405.0	0.10265565721937067
chr12	-73	36	22863.0	0.15745965096444037
chr12	-72	25	23283.0	0.10737447923377572
chr12	-71	63	23697.0	0.2658564375237372
chr12	-70	51	24170.0	0.21100537856847332
chr12	-69	47	24631.0	0.19081645081401485
chr12	-68	40	25125.0	0.15920398009950248
chr12	-67	57	25627.0	0.22242166465056387
chr12	-66	45	26032.0	0.17286416717885678
chr12	-65	87	26450.0	0.3289224952741021
chr12	-64	55	26955.0	0.20404377666481174
chr12	-63	35	27398.0	0.12774655084312722
chr12	-62	37	27883.0	0.132697342466736
chr12	-61	47	28334.0	0.16587844991882544
chr12	-60	88	28780.0	0.30576789437109103
chr12	-59	44	29265.0	0.15035024773620365
chr12	-58	86	29711.0	0.2894550839756319
chr12	-57	31	30088.0	0.10303110874767349
chr12	-56	68	30563.0	0.22249124758695155
chr12	-55	37	31081.0	0.11904378880988385
chr12	-54	82	31583.0	0.25963334705379476
chr12	-53	59	32086.0	0.18388082029545597
chr12	-52	70	32523.0	0.21523229714355993
chr12	-51	82	33027.0	0.24828170890483542
chr12	-50	52	33528.0	0.15509424958243856
chr12	-49	78	33981.0	0.22954003707954446
chr12	-48	71	34398.0	0.20640734926449214
chr12	-47	99	34898.0	0.28368387873230555
chr12	-46	63	35382.0	0.17805663896896728
chr12	-45	83	35874.0	0.23136533422534428
chr12	-44	132	36328.0	0.36335608896718785
chr12	-43	95	36776.0	0.2583206438981945
chr12	-42	97	37222.0	0.26059857073773574
chr12	-41	40	37670.0	0.10618529333687285
chr12	-40	76	38163.0	0.19914576946256846
chr12	-39	132	38645.0	0.34157070772415576
chr12	-38	121	39140.0	0.3091466530403679
chr12	-37	80	39595.0	0.20204571284253062
chr12	-36	101	40068.0	0.25207147848657285
chr12	-35	80	40529.0	0.19738952355103753
chr12	-34	82	40977.0	0.20011225809600505
chr12	-33	106	41488.0	0.2554955649826456
chr12	-32	119	42024.0	0.28317152103559873
chr12	-31	172	42506.0	0.40464875546981605
chr12	-30	89	42947.0	0.20723216988381027
chr12	-29	150	43459.0	0.34515290273591204
chr12	-28	60	43890.0	0.1367053998632946
chr12	-27	131	44462.0	0.2946336197202105
chr12	-26	124	44972.0	0.2757271190963266
chr12	-25	85	45517.0	0.18674341454841048
chr12	-24	104	46005.0	0.22606238452342137
chr12	-23	93	46484.0	0.20006884089148955
chr12	-22	80	46991.0	0.17024536613394053
chr12	-21	141	47512.0	0.2967671325138912
chr12	-20	115	48119.0	0.23899083522101455
chr12	-19	108	48633.0	0.22207143297760779
chr12	-18	134	49184.0	0.2724463240078074
chr12	-17	131	49732.0	0.2634118877181694
chr12	-16	159	50256.0	0.31638013371537727
chr12	-15	162	50840.0	0.31864673485444533
chr12	-14	116	51424.0	0.22557560672059737
chr12	-13	133	51965.0	0.25594149908592323
chr12	-12	243	52577.0	0.46217927991327007
chr12	-11	171	53180.0	0.32154945468221136
chr12	-10	171	53849.0	0.31755464354027
chr12	-9	138	53852.0	0.25625789200029714
chr12	-8	140	53831.0	0.260073192026899
chr12	-7	209	53800.0	0.3884758364312268
chr12	-6	205	53816.0	0.3809276051731827
chr12	-5	204	53809.0	0.37911873478414393
chr12	-4	200	53812.0	0.37166431279268564
chr12	-3	188	53797.0	0.34946186590330314
chr12	-2	206	53835.0	0.38265069192904244
chr12	-1	433	53786.0	0.8050422042910794
chr12	0	509	52683.0	0.966156065523983
chr12	1	250	52280.0	0.4781943381790359
chr12	2	195	51822.0	0.3762880629848327
chr12	3	260	51400.0	0.5058365758754864
chr12	4	306	50918.0	0.6009662594760202
chr12	5	269	50424.0	0.533476122481358
chr12	6	242	49980.0	0.48419367747098835
chr12	7	229	49518.0	0.46245809604588234
chr12	8	225	49111.0	0.4581458329091242
chr12	9	271	48614.0	0.5574525856749084
chr12	10	256	48103.0	0.5321913394175
chr12	11	297	47640.0	0.6234256926952142
chr12	12	239	47181.0	0.506559844005002
chr12	13	203	46741.0	0.43430820906698614
chr12	14	290	46244.0	0.6271083816278868
chr12	15	225	45728.0	0.4920398880335899
chr12	16	202	45241.0	0.4464976459406291
chr12	17	192	44763.0	0.4289256752228403
chr12	18	219	44260.0	0.4948034342521464
chr12	19	206	43776.0	0.47057748538011696
chr12	20	213	43262.0	0.4923489436456937
chr12	21	212	42801.0	0.495315530010981
chr12	22	152	42335.0	0.3590409826384788
chr12	23	223	41952.0	0.531559877955759
chr12	24	215	41478.0	0.5183470755581272
chr12	25	193	41084.0	0.46976925323727
chr12	26	214	40610.0	0.5269638020192071
chr12	27	176	40144.0	0.438421681944998
chr12	28	272	39702.0	0.6851040249861468
chr12	29	200	39283.0	0.5091260850749688
chr12	30	251	38822.0	0.6465406212972026
chr12	31	180	38316.0	0.46977763858440336
chr12	32	250	37818.0	0.6610608704849543
chr12	33	179	37346.0	0.47930166550634606
chr12	34	164	36885.0	0.4446251863901315
chr12	35	191	36430.0	0.5242931649739226
chr12	36	205	35992.0	0.5695710157812848
chr12	37	234	35533.0	0.6585427630653196
chr12	38	241	35048.0	0.6876283953435288
chr12	39	217	34556.0	0.6279661997916426
chr12	40	152	34119.0	0.4454995750168528
chr12	41	187	33662.0	0.5555225476798764
chr12	42	190	33182.0	0.5725996021939606
chr12	43	187	32743.0	0.5711144366734875
chr12	44	214	32304.0	0.6624566617137196
chr12	45	190	31812.0	0.5972588960140827
chr12	46	169	31300.0	0.5399361022364217
chr12	47	162	30844.0	0.5252237063934638
chr12	48	153	30402.0	0.5032563647128478
chr12	49	137	29915.0	0.4579642319906402
chr12	50	172	29478.0	0.58348598955153
chr12	51	176	29051.0	0.605831124574025
chr12	52	162	28602.0	0.5663939584644431
chr12	53	156	28152.0	0.5541346973572037
chr12	54	114	27730.0	0.41110710421925717
chr12	55	146	27270.0	0.5353868720205354
chr12	56	111	26818.0	0.4139011111939742
chr12	57	158	26352.0	0.5995749848208864
chr12	58	138	25901.0	0.5327979614686691
chr12	59	173	25440.0	0.6800314465408805
chr12	60	127	24998.0	0.5080406432514601
chr12	61	124	24531.0	0.5054828584240348
chr12	62	124	24118.0	0.5141388174807198
chr12	63	162	23654.0	0.6848735943180857
chr12	64	171	23187.0	0.7374822098589727
chr12	65	139	22767.0	0.610532788685378
chr12	66	137	22286.0	0.6147357085165575
chr12	67	118	21833.0	0.5404662666605597
chr12	68	118	21379.0	0.5519434959539735
chr12	69	148	20892.0	0.7084051311506797
chr12	70	136	20391.0	0.6669609141287823
chr12	71	124	19921.0	0.6224587119120526
chr12	72	102	19415.0	0.5253669842904971
chr12	73	126	18973.0	0.6641016180888631
chr12	74	95	18516.0	0.5130697774897386
chr12	75	136	18025.0	0.7545076282940361
chr12	76	94	17554.0	0.5354904864988037
chr12	77	105	17119.0	0.6133535837373678
chr12	78	137	16664.0	0.8221315410465675
chr12	79	108	16180.0	0.6674907292954265
chr12	80	81	15744.0	0.5144817073170732
chr12	81	96	15257.0	0.6292193747132464
chr12	82	71	14804.0	0.4796001080788976
chr12	83	110	14311.0	0.7686395080707148
chr12	84	95	13835.0	0.6866642573183953
chr12	85	108	13331.0	0.8101417748105919
chr12	86	102	12820.0	0.795631825273011
chr12	87	77	12347.0	0.6236332712399774
chr12	88	74	11881.0	0.6228431950172544
chr12	89	90	11369.0	0.7916263523616853
chr12	90	48	10900.0	0.44036697247706424
chr12	91	53	10430.0	0.5081495685522531
chr12	92	49	9921.0	0.49390182441286157
chr12	93	46	9437.0	0.48744304334004446
chr12	94	40	8983.0	0.4452855393521095
chr12	95	70	8512.0	0.8223684210526315
chr12	96	46	8027.0	0.5730659025787965
chr12	97	39	7548.0	0.5166931637519873
chr12	98	50	7077.0	0.7065140596297866
chr12	99	55	6629.0	0.829687735706743
chr12	100	41	6095.0	0.6726825266611977
chr12	101	41	5657.0	0.7247657769135585
chr12	102	25	5171.0	0.48346548056468774
chr12	103	22	4714.0	0.46669495120916415
chr12	104	33	4209.0	0.7840342124019958
chr12	105	18	3760.0	0.4787234042553191
chr12	106	31	3300.0	0.9393939393939393
chr12	107	21	2842.0	0.7389162561576355
chr12	108	12	2382.0	0.5037783375314862
chr12	109	11	1890.0	0.582010582010582
chr12	110	7	1455.0	0.48109965635738833
chr12	111	1	1111.0	0.09000900090009001
chr12	112	9	761.0	1.1826544021024967
chr12	113	8	443.0	1.805869074492099
chr12	114	0	201.0	0.0
chr12	115	0	0.0	nan
chr12	116	0	0.0	nan
chr12	117	0	0.0	nan
chr12	118	0	0.0	nan
chr12	119	0	0.0	nan
chr12	120	0	0.0	nan
chr12	121	0	0.0	nan
chr12	122	0	0.0	nan
chr12	123	0	0.0	nan
chr12	124	0	0.0	nan
chr12	125	0	0.0	nan
chr12	126	0	0.0	nan
chr12	127	0	0.0	nan
chr12	128	0	0.0	nan
chr12	129	0	0.0	nan
chr12	130	0	0.0	nan
chr12	131	0	0.0	nan
chr12	132	0	0.0	nan
chr12	133	0	0.0	nan
chr12	134	0	0.0	nan
chr12	135	0	0.0	nan
chr12	136	0	0.0	nan
chr12	137	0	0.0	nan
chr12	138	0	0.0	nan
chr12	139	0	0.0	nan
chr13	-135	0	1.0	0.0
chr13	-134	0	1.0	0.0
chr13	-133	0	1.0	0.0
chr13	-132	0	1.0	0.0
chr13	-131	0	2.0	0.0
chr13	-130	0	2.0	0.0
chr13	-129	0	2.0	0.0
chr13	-128	0	2.0	0.0
chr13	-127	0	3.0	0.0
chr13	-126	0	79.0	0.0
chr13	-125	0	196.0	0.0
chr13	-124	4	339.0	1.1799410029498525
chr13	-123	1	518.0	0.19305019305019305
chr13	-122	0	674.0	0.0
chr13	-121	3	860.0	0.3488372093023256
chr13	-120	3	1073.0	0.27958993476234856
chr13	-119	1	1285.0	0.07782101167315175
chr13	-118	3	1551.0	0.19342359767891684
chr13	-117	10	1789.0	0.5589714924538848
chr13	-116	5	2016.0	0.248015873015873
chr13	-115	9	2258.0	0.39858281665190437
chr13	-114	6	2493.0	0.24067388688327318
chr13	-113	24	2745.0	0.8743169398907104
chr13	-112	3	2998.0	0.10006671114076052
chr13	-111	4	3243.0	0.12334258402713535
chr13	-110	7	3488.0	0.20068807339449543
chr13	-109	2	3721.0	0.053748992206396125
chr13	-108	16	3992.0	0.4008016032064128
chr13	-107	2	4266.0	0.04688232536333802
chr13	-106	8	4537.0	0.1763279700242451
chr13	-105	10	4809.0	0.2079434393844874
chr13	-104	13	5000.0	0.26
chr13	-103	1	5267.0	0.018986140117714066
chr13	-102	9	5534.0	0.16263100831225152
chr13	-101	23	5811.0	0.3958010669420065
chr13	-100	12	6071.0	0.19766101136550815
chr13	-99	8	6336.0	0.12626262626262627
chr13	-98	13	6578.0	0.1976284584980237
chr13	-97	19	6822.0	0.27851070067428907
chr13	-96	14	7065.0	0.1981599433828733
chr13	-95	20	7323.0	0.27311211252219036
chr13	-94	23	7611.0	0.3021941926159506
chr13	-93	17	7861.0	0.21625747360386718
chr13	-92	6	8138.0	0.07372818874416319
chr13	-91	8	8382.0	0.09544261512765449
chr13	-90	26	8644.0	0.3007866728366497
chr13	-89	14	8912.0	0.1570915619389587
chr13	-88	10	9157.0	0.10920607185759529
chr13	-87	14	9429.0	0.14847809948032664
chr13	-86	12	9673.0	0.12405665253799233
chr13	-85	27	9933.0	0.2718212020537602
chr13	-84	38	10154.0	0.3742367539885759
chr13	-83	16	10419.0	0.1535656013053076
chr13	-82	11	10663.0	0.10316046140860921
chr13	-81	18	10932.0	0.1646542261251372
chr13	-80	14	11186.0	0.1251564455569462
chr13	-79	13	11456.0	0.11347765363128492
chr13	-78	34	11708.0	0.29039972668261016
chr13	-77	24	11994.0	0.2001000500250125
chr13	-76	41	12272.0	0.33409387222946546
chr13	-75	26	12561.0	0.2069898893400207
chr13	-74	44	12799.0	0.34377685756699744
chr13	-73	14	13051.0	0.10727147345031034
chr13	-72	23	13331.0	0.17253019278373716
chr13	-71	19	13585.0	0.13986013986013987
chr13	-70	28	13850.0	0.20216606498194944
chr13	-69	35	14110.0	0.24805102763997164
chr13	-68	22	14397.0	0.15280961311384317
chr13	-67	18	14640.0	0.12295081967213116
chr13	-66	43	14910.0	0.2883970489604292
chr13	-65	16	15197.0	0.10528393761926695
chr13	-64	17	15508.0	0.10962084085633221
chr13	-63	25	15747.0	0.1587603988061218
chr13	-62	39	16009.0	0.24361296770566554
chr13	-61	30	16249.0	0.1846267462613084
chr13	-60	43	16516.0	0.26035359651247275
chr13	-59	45	16812.0	0.26766595289079226
chr13	-58	35	17080.0	0.20491803278688525
chr13	-57	36	17336.0	0.2076603599446239
chr13	-56	20	17631.0	0.1134365606034825
chr13	-55	27	17936.0	0.15053523639607494
chr13	-54	29	18218.0	0.15918322538149085
chr13	-53	70	18482.0	0.3787468888648415
chr13	-52	18	18762.0	0.09593859929645027
chr13	-51	38	19022.0	0.1997686888865524
chr13	-50	91	19275.0	0.47211413748378733
chr13	-49	37	19582.0	0.18894903482790318
chr13	-48	43	19839.0	0.21674479560461718
chr13	-47	49	20084.0	0.2439753037243577
chr13	-46	85	20376.0	0.41715744012563793
chr13	-45	26	20605.0	0.12618296529968456
chr13	-44	33	20898.0	0.15790984783232845
chr13	-43	40	21243.0	0.18829732147060207
chr13	-42	70	21523.0	0.3252334711703759
chr13	-41	26	21782.0	0.11936461298319714
chr13	-40	56	22018.0	0.25433736034153875
chr13	-39	70	22287.0	0.31408444384618833
chr13	-38	73	22598.0	0.32303743694132225
chr13	-37	24	22875.0	0.10491803278688526
chr13	-36	33	23148.0	0.1425609123898393
chr13	-35	41	23408.0	0.1751537935748462
chr13	-34	97	23708.0	0.4091445925426016
chr13	-33	56	23985.0	0.23347925786950177
chr13	-32	35	24267.0	0.14422878806609798
chr13	-31	57	24583.0	0.2318675507464508
chr13	-30	63	24890.0	0.2531137002812375
chr13	-29	63	25191.0	0.2500893176134334
chr13	-28	57	25501.0	0.2235206462491667
chr13	-27	25	25833.0	0.09677544226377115
chr13	-26	40	26112.0	0.15318627450980393
chr13	-25	118	26423.0	0.446580630511297
chr13	-24	60	26723.0	0.22452568948097143
chr13	-23	106	27037.0	0.392055331582646
chr13	-22	39	27313.0	0.14278914802475012
chr13	-21	81	27668.0	0.29275697556744257
chr13	-20	61	27984.0	0.21798170383076043
chr13	-19	47	28294.0	0.16611295681063123
chr13	-18	96	28623.0	0.3353946127240331
chr13	-17	53	28982.0	0.18287212752743082
chr13	-16	50	29284.0	0.17074170195328509
chr13	-15	68	29586.0	0.22983843709862775
chr13	-14	60	29939.0	0.20040749524032198
chr13	-13	130	30268.0	0.42949649795163203
chr13	-12	65	30606.0	0.21237665817160034
chr13	-11	168	30904.0	0.5436189490033653
chr13	-10	86	31185.0	0.27577360910694243
chr13	-9	85	31199.0	0.27244462963556526
chr13	-8	117	31214.0	0.3748318062407894
chr13	-7	86	31213.0	0.27552622304808894
chr13	-6	57	31204.0	0.18266888860402514
chr13	-5	111	31205.0	0.35571222560487104
chr13	-4	98	31194.0	0.314162980060268
chr13	-3	112	31188.0	0.35911247915865074
chr13	-2	141	31197.0	0.45196653524377345
chr13	-1	210	31157.0	0.6740058413839587
chr13	0	226	30571.0	0.7392626999443918
chr13	1	136	30411.0	0.44720660287396014
chr13	2	158	30114.0	0.5246729096101481
chr13	3	136	29844.0	0.4557029888754859
chr13	4	143	29625.0	0.48270042194092827
chr13	5	104	29355.0	0.35428376767160624
chr13	6	119	29073.0	0.4093144842293537
chr13	7	160	28789.0	0.5557678279898572
chr13	8	127	28512.0	0.44542648709315374
chr13	9	92	28237.0	0.3258136487587209
chr13	10	191	27962.0	0.683069880552178
chr13	11	120	27691.0	0.43335379726264844
chr13	12	162	27431.0	0.5905727097079946
chr13	13	146	27158.0	0.5375948155239708
chr13	14	137	26937.0	0.5085941270371608
chr13	15	93	26664.0	0.3487848784878488
chr13	16	109	26400.0	0.41287878787878785
chr13	17	142	26128.0	0.5434782608695652
chr13	18	145	25856.0	0.5607982673267327
chr13	19	114	25572.0	0.44580009385265135
chr13	20	150	25289.0	0.5931432638696666
chr13	21	110	24998.0	0.44003520281622527
chr13	22	202	24727.0	0.8169207748614874
chr13	23	118	24456.0	0.48249918220477594
chr13	24	129	24167.0	0.5337857408863326
chr13	25	132	23905.0	0.5521857352018407
chr13	26	96	23676.0	0.40547389761784086
chr13	27	115	23439.0	0.490635266009642
chr13	28	109	23210.0	0.46962516156828954
chr13	29	131	22941.0	0.5710300335643608
chr13	30	96	22705.0	0.42281435807090945
chr13	31	107	22401.0	0.47765724744431054
chr13	32	130	22158.0	0.5866955501399043
chr13	33	127	21899.0	0.5799351568564775
chr13	34	93	21612.0	0.43031649083842305
chr13	35	99	21340.0	0.4639175257731959
chr13	36	81	21060.0	0.38461538461538464
chr13	37	125	20803.0	0.6008748738162765
chr13	38	115	20563.0	0.5592569177649176
chr13	39	77	20305.0	0.37921694163999015
chr13	40	83	20051.0	0.413944441673732
chr13	41	124	19844.0	0.6248740173352146
chr13	42	87	19577.0	0.44439903968943145
chr13	43	92	19319.0	0.47621512500647034
chr13	44	80	19057.0	0.41979325182347693
chr13	45	143	18813.0	0.7601126880348694
chr13	46	85	18528.0	0.45876511226252165
chr13	47	82	18248.0	0.44936431389741344
chr13	48	103	17976.0	0.5729862038273253
chr13	49	121	17696.0	0.6837703435804702
chr13	50	90	17431.0	0.5163214961849578
chr13	51	70	17191.0	0.4071898086207899
chr13	52	132	16926.0	0.7798652959943283
chr13	53	68	16680.0	0.407673860911271
chr13	54	63	16393.0	0.38431037638016224
chr13	55	66	16137.0	0.408997955010225
chr13	56	62	15861.0	0.39089590820250936
chr13	57	89	15596.0	0.5706591433700949
chr13	58	60	15345.0	0.39100684261974583
chr13	59	84	15076.0	0.5571769700185725
chr13	60	75	14772.0	0.5077173030056864
chr13	61	103	14512.0	0.7097574421168689
chr13	62	76	14235.0	0.5338953284158764
chr13	63	64	13970.0	0.4581245526127416
chr13	64	69	13691.0	0.5039807172595135
chr13	65	66	13414.0	0.4920232592813478
chr13	66	59	13123.0	0.44959231882953593
chr13	67	69	12822.0	0.5381375760411793
chr13	68	83	12556.0	0.6610385473080599
chr13	69	77	12304.0	0.625812743823147
chr13	70	72	12037.0	0.5981556866328819
chr13	71	45	11786.0	0.381808925844222
chr13	72	55	11505.0	0.47805302042590175
chr13	73	89	11210.0	0.7939339875111507
chr13	74	62	10925.0	0.5675057208237987
chr13	75	57	10607.0	0.5373809748279438
chr13	76	69	10357.0	0.6662160857391136
chr13	77	44	10096.0	0.4358161648177496
chr13	78	45	9839.0	0.45736355320662675
chr13	79	55	9556.0	0.5755546253662621
chr13	80	54	9330.0	0.5787781350482315
chr13	81	62	9055.0	0.6847045831032579
chr13	82	54	8787.0	0.6145442130419939
chr13	83	55	8482.0	0.6484319735911342
chr13	84	39	8229.0	0.47393364928909953
chr13	85	38	7965.0	0.4770872567482737
chr13	86	37	7685.0	0.4814573845152896
chr13	87	30	7407.0	0.4050222762251924
chr13	88	40	7115.0	0.5621925509486999
chr13	89	21	6830.0	0.3074670571010249
chr13	90	34	6565.0	0.5178979436405179
chr13	91	23	6289.0	0.3657179201780887
chr13	92	19	5993.0	0.3170365426330719
chr13	93	39	5689.0	0.685533485674108
chr13	94	33	5409.0	0.6100942872989462
chr13	95	39	5132.0	0.7599376461418551
chr13	96	21	4816.0	0.436046511627907
chr13	97	29	4513.0	0.6425880788832262
chr13	98	26	4186.0	0.6211180124223602
chr13	99	17	3883.0	0.4378058202420809
chr13	100	15	3567.0	0.42052144659377627
chr13	101	12	3277.0	0.366188587122368
chr13	102	19	3002.0	0.6329113924050633
chr13	103	13	2737.0	0.47497259773474604
chr13	104	13	2481.0	0.5239822652156388
chr13	105	9	2192.0	0.41058394160583944
chr13	106	8	1936.0	0.4132231404958678
chr13	107	12	1649.0	0.7277137659187386
chr13	108	4	1370.0	0.291970802919708
chr13	109	5	1121.0	0.44603033006244425
chr13	110	1	879.0	0.11376564277588168
chr13	111	1	636.0	0.15723270440251574
chr13	112	8	413.0	1.937046004842615
chr13	113	2	238.0	0.8403361344537815
chr13	114	1	109.0	0.9174311926605505
chr13	115	0	0.0	nan
chr13	116	0	0.0	nan
chr13	117	0	0.0	nan
chr13	118	0	0.0	nan
chr13	119	0	0.0	nan
chr13	120	0	0.0	nan
chr13	121	0	0.0	nan
chr13	122	0	0.0	nan
chr13	123	0	0.0	nan
chr13	124	0	0.0	nan
chr13	125	0	0.0	nan
chr13	126	0	0.0	nan
chr13	127	0	0.0	nan
chr13	128	0	0.0	nan
chr13	129	0	0.0	nan
chr13	130	0	0.0	nan
chr13	131	0	0.0	nan
chr14	-134	0	1.0	0.0
chr14	-133	0	2.0	0.0
chr14	-132	0	2.0	0.0
chr14	-131	0	2.0	0.0
chr14	-130	0	3.0	0.0
chr14	-129	0	5.0	0.0
chr14	-128	0	7.0	0.0
chr14	-127	0	12.0	0.0
chr14	-126	0	90.0	0.0
chr14	-125	2	213.0	0.9389671361502347
chr14	-124	0	373.0	0.0
chr14	-123	2	549.0	0.36429872495446264
chr14	-122	6	740.0	0.8108108108108109
chr14	-121	3	938.0	0.31982942430703626
chr14	-120	4	1170.0	0.3418803418803419
chr14	-119	1	1359.0	0.07358351729212656
chr14	-118	2	1575.0	0.12698412698412698
chr14	-117	0	1821.0	0.0
chr14	-116	3	2042.0	0.14691478942213515
chr14	-115	1	2302.0	0.043440486533449174
chr14	-114	5	2566.0	0.19485580670303976
chr14	-113	6	2814.0	0.21321961620469082
chr14	-112	8	3062.0	0.2612671456564337
chr14	-111	7	3317.0	0.21103406692794696
chr14	-110	15	3587.0	0.41817674937273486
chr14	-109	6	3825.0	0.1568627450980392
chr14	-108	1	4030.0	0.024813895781637715
chr14	-107	17	4304.0	0.39498141263940517
chr14	-106	2	4543.0	0.04402377283733216
chr14	-105	12	4831.0	0.24839577727178638
chr14	-104	11	5104.0	0.21551724137931033
chr14	-103	3	5432.0	0.05522827687776141
chr14	-102	5	5666.0	0.08824567596187786
chr14	-101	11	5923.0	0.18571669761944962
chr14	-100	5	6160.0	0.08116883116883117
chr14	-99	11	6464.0	0.17017326732673269
chr14	-98	15	6745.0	0.2223869532987398
chr14	-97	6	6991.0	0.0858246316692891
chr14	-96	11	7251.0	0.1517032133498828
chr14	-95	33	7507.0	0.4395897162648195
chr14	-94	18	7769.0	0.2316900501995109
chr14	-93	9	8046.0	0.11185682326621924
chr14	-92	22	8303.0	0.26496447067325063
chr14	-91	17	8567.0	0.19843585852690557
chr14	-90	20	8861.0	0.22570815934996052
chr14	-89	6	9116.0	0.06581834137779728
chr14	-88	28	9349.0	0.2994972724355546
chr14	-87	13	9615.0	0.13520540821632865
chr14	-86	28	9862.0	0.2839180693571284
chr14	-85	12	10136.0	0.11838989739542227
chr14	-84	9	10445.0	0.0861656294877932
chr14	-83	40	10696.0	0.3739715781600598
chr14	-82	49	10912.0	0.4490469208211144
chr14	-81	7	11203.0	0.06248326341158618
chr14	-80	16	11452.0	0.13971358714635
chr14	-79	15	11737.0	0.12780097128738177
chr14	-78	23	12014.0	0.1914433161311803
chr14	-77	12	12294.0	0.09760858955588092
chr14	-76	26	12557.0	0.20705582543601178
chr14	-75	31	12829.0	0.24164003429729522
chr14	-74	53	13081.0	0.40516780062686336
chr14	-73	14	13345.0	0.10490820532034471
chr14	-72	18	13629.0	0.13207131851199647
chr14	-71	11	13899.0	0.07914238434419742
chr14	-70	10	14170.0	0.07057163020465773
chr14	-69	48	14458.0	0.331996126711855
chr14	-68	51	14720.0	0.34646739130434784
chr14	-67	26	14988.0	0.17347211102215104
chr14	-66	42	15258.0	0.2752654345261502
chr14	-65	17	15513.0	0.10958550892799589
chr14	-64	21	15768.0	0.13318112633181126
chr14	-63	14	16060.0	0.08717310087173101
chr14	-62	21	16299.0	0.12884226026136572
chr14	-61	37	16572.0	0.22326816316678735
chr14	-60	17	16837.0	0.10096810595711825
chr14	-59	20	17123.0	0.11680196227296619
chr14	-58	56	17375.0	0.3223021582733813
chr14	-57	45	17669.0	0.25468334370932144
chr14	-56	26	17964.0	0.1447339122689824
chr14	-55	32	18210.0	0.1757276221856123
chr14	-54	37	18479.0	0.200227285026246
chr14	-53	67	18753.0	0.3572761691462699
chr14	-52	19	19044.0	0.09976895610165931
chr14	-51	39	19369.0	0.2013526769580257
chr14	-50	48	19651.0	0.2442623785049107
chr14	-49	50	19914.0	0.2510796424625891
chr14	-48	32	20148.0	0.15882469724042086
chr14	-47	85	20446.0	0.41572923799276146
chr14	-46	53	20702.0	0.2560139116993527
chr14	-45	31	20996.0	0.14764717088969329
chr14	-44	58	21278.0	0.2725820095873672
chr14	-43	93	21548.0	0.43159457954334507
chr14	-42	45	21843.0	0.20601565718994644
chr14	-41	60	22114.0	0.2713213349009677
chr14	-40	70	22354.0	0.31314306164444844
chr14	-39	62	22614.0	0.27416644556469444
chr14	-38	32	22894.0	0.13977461343583472
chr14	-37	37	23146.0	0.15985483452864427
chr14	-36	47	23391.0	0.20093198238638793
chr14	-35	19	23657.0	0.08031449465274548
chr14	-34	71	23972.0	0.2961788753545803
chr14	-33	68	24309.0	0.27973178658110165
chr14	-32	65	24617.0	0.26404517203558514
chr14	-31	45	24909.0	0.1806575936408527
chr14	-30	72	25214.0	0.2855556436900135
chr14	-29	48	25525.0	0.188050930460333
chr14	-28	53	25863.0	0.2049259559989174
chr14	-27	53	26157.0	0.2026226249187598
chr14	-26	72	26486.0	0.27184172770520276
chr14	-25	63	26767.0	0.23536444128964773
chr14	-24	112	27075.0	0.41366574330563255
chr14	-23	113	27436.0	0.4118676191864703
chr14	-22	187	27763.0	0.6735583330331737
chr14	-21	170	28111.0	0.604745473302266
chr14	-20	61	28405.0	0.21475092413307514
chr14	-19	76	28700.0	0.26480836236933797
chr14	-18	62	29015.0	0.2136825779769085
chr14	-17	58	29298.0	0.1979657314492457
chr14	-16	102	29658.0	0.3439206959336435
chr14	-15	67	30036.0	0.22306565454787586
chr14	-14	93	30363.0	0.3062938444817706
chr14	-13	97	30747.0	0.31547793280645264
chr14	-12	58	31114.0	0.18641126181140322
chr14	-11	120	31396.0	0.3822142948146261
chr14	-10	88	31765.0	0.2770344719030379
chr14	-9	108	31802.0	0.33960128293818
chr14	-8	109	31810.0	0.342659541024835
chr14	-7	90	31812.0	0.2829121086382497
chr14	-6	92	31813.0	0.28918995379247475
chr14	-5	113	31789.0	0.3554688728805562
chr14	-4	128	31777.0	0.40280706171130065
chr14	-3	125	31755.0	0.3936387970398363
chr14	-2	125	31746.0	0.3937503937503938
chr14	-1	263	31717.0	0.8292083110004098
chr14	0	328	31043.0	1.0565989111877072
chr14	1	93	30811.0	0.3018402518581026
chr14	2	188	30545.0	0.6154853494843673
chr14	3	145	30303.0	0.4785004785004785
chr14	4	164	30034.0	0.5460478124791903
chr14	5	161	29777.0	0.5406857641804077
chr14	6	149	29521.0	0.5047254496798889
chr14	7	144	29222.0	0.4927794127711998
chr14	8	146	28946.0	0.5043874801354247
chr14	9	121	28638.0	0.4225155387946085
chr14	10	161	28280.0	0.5693069306930693
chr14	11	115	28025.0	0.41034790365744866
chr14	12	172	27735.0	0.6201550387596899
chr14	13	150	27431.0	0.546826583062958
chr14	14	138	27209.0	0.5071851225697379
chr14	15	155	26867.0	0.5769159191573305
chr14	16	115	26593.0	0.4324446282856391
chr14	17	145	26365.0	0.5499715531955244
chr14	18	115	26085.0	0.4408663983132068
chr14	19	129	25835.0	0.4993226243468163
chr14	20	191	25525.0	0.7482859941234085
chr14	21	236	25243.0	0.9349126490512221
chr14	22	157	24958.0	0.6290568154499558
chr14	23	166	24662.0	0.6731003162760523
chr14	24	116	24381.0	0.47578032074156107
chr14	25	168	24133.0	0.6961422119090043
chr14	26	108	23839.0	0.4530391375477159
chr14	27	146	23562.0	0.6196417961123843
chr14	28	97	23321.0	0.41593413661506795
chr14	29	132	23065.0	0.5722956861044873
chr14	30	122	22795.0	0.5352050888352708
chr14	31	139	22536.0	0.6167909123180689
chr14	32	124	22236.0	0.5576542543622953
chr14	33	104	21953.0	0.4737393522525395
chr14	34	103	21685.0	0.47498270694028133
chr14	35	105	21423.0	0.49012743313261453
chr14	36	102	21163.0	0.48197325520956386
chr14	37	94	20936.0	0.4489873901413833
chr14	38	120	20666.0	0.5806638923836253
chr14	39	105	20370.0	0.5154639175257731
chr14	40	100	20075.0	0.49813200498132004
chr14	41	111	19772.0	0.5613999595387417
chr14	42	166	19523.0	0.8502791579163038
chr14	43	145	19272.0	0.7523868825238689
chr14	44	84	19010.0	0.4418726985796949
chr14	45	87	18742.0	0.4641980578380109
chr14	46	123	18483.0	0.6654763837039441
chr14	47	72	18212.0	0.3953437294091808
chr14	48	114	17926.0	0.6359477853397301
chr14	49	104	17669.0	0.5886015054615428
chr14	50	93	17411.0	0.5341450806961117
chr14	51	83	17133.0	0.4844452226697017
chr14	52	146	16875.0	0.8651851851851852
chr14	53	102	16629.0	0.6133862529316254
chr14	54	82	16409.0	0.49972576025351945
chr14	55	73	16148.0	0.45206836759970276
chr14	56	93	15869.0	0.5860482702123637
chr14	57	78	15572.0	0.5008990495761623
chr14	58	72	15327.0	0.46975924838520255
chr14	59	74	15062.0	0.49130261585446816
chr14	60	105	14804.0	0.7092677654687922
chr14	61	58	14537.0	0.39898190823416113
chr14	62	71	14276.0	0.49733818996917906
chr14	63	73	14015.0	0.520870495897253
chr14	64	71	13755.0	0.5161759360232643
chr14	65	103	13492.0	0.76341535724874
chr14	66	64	13197.0	0.48495870273547015
chr14	67	74	12906.0	0.573376724004339
chr14	68	98	12616.0	0.7767913760304376
chr14	69	53	12338.0	0.429567190792673
chr14	70	55	12052.0	0.45635579156986394
chr14	71	87	11784.0	0.7382892057026477
chr14	72	71	11511.0	0.6168013204760664
chr14	73	76	11252.0	0.67543547813722
chr14	74	73	10989.0	0.6643006643006643
chr14	75	64	10705.0	0.5978514712751051
chr14	76	50	10431.0	0.4793404275716614
chr14	77	53	10193.0	0.5199646816442657
chr14	78	79	9884.0	0.7992715499797652
chr14	79	46	9630.0	0.47767393561786087
chr14	80	48	9354.0	0.5131494547787042
chr14	81	73	9086.0	0.803433854281312
chr14	82	77	8845.0	0.8705483323911813
chr14	83	42	8535.0	0.492091388400703
chr14	84	47	8289.0	0.56701652792858
chr14	85	57	8004.0	0.712143928035982
chr14	86	55	7756.0	0.7091284167096441
chr14	87	46	7501.0	0.6132515664578057
chr14	88	42	7242.0	0.579950289975145
chr14	89	49	6954.0	0.7046304285303422
chr14	90	39	6697.0	0.5823503061072122
chr14	91	40	6388.0	0.6261740763932373
chr14	92	35	6077.0	0.5759420766825736
chr14	93	37	5770.0	0.6412478336221837
chr14	94	42	5498.0	0.7639141506002183
chr14	95	35	5190.0	0.674373795761079
chr14	96	31	4939.0	0.6276574205304718
chr14	97	30	4632.0	0.6476683937823834
chr14	98	23	4328.0	0.5314232902033271
chr14	99	24	4020.0	0.5970149253731344
chr14	100	20	3733.0	0.5357621216180015
chr14	101	15	3472.0	0.4320276497695853
chr14	102	18	3135.0	0.5741626794258373
chr14	103	21	2828.0	0.7425742574257426
chr14	104	15	2535.0	0.591715976331361
chr14	105	7	2264.0	0.30918727915194344
chr14	106	9	2004.0	0.4491017964071856
chr14	107	7	1724.0	0.40603248259860786
chr14	108	7	1438.0	0.48678720445062584
chr14	109	7	1149.0	0.6092254134029591
chr14	110	9	905.0	0.9944751381215469
chr14	111	2	648.0	0.30864197530864196
chr14	112	3	419.0	0.7159904534606205
chr14	113	1	234.0	0.4273504273504274
chr14	114	3	106.0	2.8301886792452833
chr14	115	0	0.0	nan
chr14	116	0	0.0	nan
chr14	117	0	0.0	nan
chr14	118	0	0.0	nan
chr14	119	0	0.0	nan
chr14	120	0	0.0	nan
chr14	121	0	0.0	nan
chr14	122	0	0.0	nan
chr14	123	0	0.0	nan
chr14	124	0	0.0	nan
chr14	125	0	0.0	nan
chr14	126	0	0.0	nan
chr14	127	0	0.0	nan
chr14	128	0	0.0	nan
chr14	129	0	0.0	nan
chr14	130	0	0.0	nan
chr14	131	0	0.0	nan
chr14	132	0	0.0	nan
chr15	-146	0	0.0	nan
chr15	-145	0	0.0	nan
chr15	-144	0	0.0	nan
chr15	-143	0	0.0	nan
chr15	-142	0	0.0	nan
chr15	-141	0	0.0	nan
chr15	-140	0	0.0	nan
chr15	-139	0	5.0	0.0
chr15	-138	0	5.0	0.0
chr15	-137	0	5.0	0.0
chr15	-136	0	7.0	0.0
chr15	-135	0	7.0	0.0
chr15	-134	0	7.0	0.0
chr15	-133	0	7.0	0.0
chr15	-132	0	7.0	0.0
chr15	-131	0	7.0	0.0
chr15	-130	0	8.0	0.0
chr15	-129	0	9.0	0.0
chr15	-128	0	10.0	0.0
chr15	-127	0	12.0	0.0
chr15	-126	0	58.0	0.0
chr15	-125	0	121.0	0.0
chr15	-124	0	187.0	0.0
chr15	-123	0	292.0	0.0
chr15	-122	3	403.0	0.7444168734491315
chr15	-121	2	548.0	0.36496350364963503
chr15	-120	2	710.0	0.28169014084507044
chr15	-119	0	846.0	0.0
chr15	-118	2	1010.0	0.19801980198019803
chr15	-117	2	1135.0	0.1762114537444934
chr15	-116	1	1279.0	0.07818608287724785
chr15	-115	3	1417.0	0.2117148906139732
chr15	-114	5	1588.0	0.3148614609571789
chr15	-113	1	1714.0	0.05834305717619603
chr15	-112	5	1844.0	0.27114967462039047
chr15	-111	2	1997.0	0.10015022533800699
chr15	-110	3	2162.0	0.13876040703052728
chr15	-109	8	2331.0	0.3432003432003432
chr15	-108	0	2468.0	0.0
chr15	-107	4	2618.0	0.15278838808250572
chr15	-106	10	2763.0	0.3619254433586681
chr15	-105	8	2950.0	0.2711864406779661
chr15	-104	20	3128.0	0.639386189258312
chr15	-103	9	3320.0	0.2710843373493976
chr15	-102	20	3475.0	0.5755395683453237
chr15	-101	6	3647.0	0.16451878256100905
chr15	-100	3	3823.0	0.07847240387130526
chr15	-99	7	4032.0	0.1736111111111111
chr15	-98	6	4196.0	0.14299332697807435
chr15	-97	1	4352.0	0.022977941176470586
chr15	-96	2	4503.0	0.04441483455474128
chr15	-95	3	4678.0	0.06412997007268063
chr15	-94	18	4847.0	0.37136373014235613
chr15	-93	12	5040.0	0.2380952380952381
chr15	-92	11	5208.0	0.21121351766513058
chr15	-91	22	5390.0	0.40816326530612246
chr15	-90	14	5557.0	0.25193449703077203
chr15	-89	5	5723.0	0.08736676568233444
chr15	-88	31	5915.0	0.5240912933220625
chr15	-87	11	6070.0	0.1812191103789127
chr15	-86	8	6268.0	0.12763241863433314
chr15	-85	14	6433.0	0.2176278563656148
chr15	-84	4	6563.0	0.060947737315252166
chr15	-83	4	6737.0	0.059373608431052396
chr15	-82	29	6907.0	0.41986390618213404
chr15	-81	16	7076.0	0.22611644997173544
chr15	-80	10	7266.0	0.13762730525736308
chr15	-79	10	7425.0	0.13468013468013468
chr15	-78	22	7592.0	0.2897787144362487
chr15	-77	25	7757.0	0.32228954492716255
chr15	-76	15	7957.0	0.18851325876586653
chr15	-75	29	8134.0	0.35652815343004673
chr15	-74	10	8299.0	0.12049644535486204
chr15	-73	13	8453.0	0.15379155329468827
chr15	-72	21	8586.0	0.2445842068483578
chr15	-71	23	8729.0	0.263489517699622
chr15	-70	9	8903.0	0.1010895203863866
chr15	-69	21	9051.0	0.23201856148491878
chr15	-68	48	9227.0	0.5202124200715292
chr15	-67	21	9378.0	0.22392834293026234
chr15	-66	7	9565.0	0.07318348144276007
chr15	-65	11	9704.0	0.1133553173948887
chr15	-64	21	9877.0	0.21261516654854712
chr15	-63	27	10048.0	0.26871019108280253
chr15	-62	39	10195.0	0.38254046101029915
chr15	-61	19	10385.0	0.182956186807896
chr15	-60	28	10554.0	0.26530225506916805
chr15	-59	102	10713.0	0.9521142537104452
chr15	-58	19	10887.0	0.17452006980802792
chr15	-57	21	11063.0	0.18982192895236372
chr15	-56	20	11207.0	0.1784598911394664
chr15	-55	40	11369.0	0.3518339343829712
chr15	-54	31	11549.0	0.2684215083557018
chr15	-53	18	11709.0	0.15372790161414296
chr15	-52	7	11871.0	0.058967231067306884
chr15	-51	36	12009.0	0.2997751686235324
chr15	-50	42	12212.0	0.3439240091713069
chr15	-49	15	12396.0	0.12100677637947724
chr15	-48	27	12563.0	0.21491681923107536
chr15	-47	59	12729.0	0.4635085238431927
chr15	-46	20	12919.0	0.15481074386562427
chr15	-45	19	13085.0	0.14520443255636226
chr15	-44	22	13265.0	0.16584998115341124
chr15	-43	51	13451.0	0.37915396624786263
chr15	-42	49	13600.0	0.3602941176470588
chr15	-41	37	13763.0	0.26883673617670567
chr15	-40	17	13929.0	0.12204752674276689
chr15	-39	15	14099.0	0.106390524150649
chr15	-38	34	14293.0	0.23787868187224517
chr15	-37	37	14475.0	0.25561312607944736
chr15	-36	17	14650.0	0.11604095563139932
chr15	-35	39	14823.0	0.26310463468933415
chr15	-34	37	15008.0	0.24653518123667378
chr15	-33	38	15170.0	0.2504943968358602
chr15	-32	24	15360.0	0.15625
chr15	-31	44	15540.0	0.2831402831402831
chr15	-30	17	15737.0	0.10802567198322426
chr15	-29	25	15913.0	0.15710425438320869
chr15	-28	28	16088.0	0.174042764793635
chr15	-27	47	16265.0	0.288964033200123
chr15	-26	36	16451.0	0.21883168196462222
chr15	-25	54	16619.0	0.3249292977916842
chr15	-24	46	16783.0	0.2740868736221176
chr15	-23	48	16983.0	0.2826355767532238
chr15	-22	55	17146.0	0.32077452467047707
chr15	-21	27	17373.0	0.15541357278535659
chr15	-20	75	17521.0	0.4280577592603162
chr15	-19	48	17737.0	0.27062073631392003
chr15	-18	48	17935.0	0.2676331195985503
chr15	-17	73	18141.0	0.402403395623174
chr15	-16	102	18314.0	0.5569509664737359
chr15	-15	96	18526.0	0.5181906509770052
chr15	-14	77	18710.0	0.4115446285408872
chr15	-13	60	18926.0	0.31702419951389627
chr15	-12	43	19098.0	0.22515446643627604
chr15	-11	46	19355.0	0.2376646861276156
chr15	-10	112	19562.0	0.572538595235661
chr15	-9	75	19560.0	0.3834355828220859
chr15	-8	46	19560.0	0.23517382413087937
chr15	-7	57	19561.0	0.2913961453913399
chr15	-6	72	19556.0	0.3681734506033954
chr15	-5	52	19553.0	0.2659438449342812
chr15	-4	63	19553.0	0.3222011967473022
chr15	-3	57	19556.0	0.29147064839435466
chr15	-2	78	19535.0	0.39928333759918094
chr15	-1	187	19489.0	0.9595156241982656
chr15	0	196	19135.0	1.0243010190749935
chr15	1	110	18998.0	0.5790083166649121
chr15	2	92	18850.0	0.4880636604774536
chr15	3	76	18690.0	0.40663456393793473
chr15	4	68	18532.0	0.3669328728685517
chr15	5	91	18363.0	0.49556172738659265
chr15	6	112	18215.0	0.6148778479275322
chr15	7	83	18030.0	0.46034387132556853
chr15	8	138	17862.0	0.7725898555592879
chr15	9	137	17691.0	0.7744050647221752
chr15	10	105	17508.0	0.5997258396161754
chr15	11	72	17312.0	0.41589648798521256
chr15	12	111	17177.0	0.646212959189614
chr15	13	97	16993.0	0.5708232801741894
chr15	14	157	16804.0	0.9343013568198049
chr15	15	106	16689.0	0.6351489004733657
chr15	16	117	16528.0	0.7078896418199419
chr15	17	83	16346.0	0.5077694848892695
chr15	18	63	16174.0	0.3895140348707803
chr15	19	83	16007.0	0.518523146123571
chr15	20	40	15814.0	0.25294043252813964
chr15	21	94	15633.0	0.6012921384251264
chr15	22	61	15467.0	0.3943880519816383
chr15	23	53	15292.0	0.3465864504315982
chr15	24	101	15136.0	0.6672832980972516
chr15	25	94	14967.0	0.6280483730874591
chr15	26	38	14774.0	0.257208609719778
chr15	27	54	14592.0	0.3700657894736842
chr15	28	39	14428.0	0.27030773495980037
chr15	29	47	14252.0	0.3297782767330901
chr15	30	72	14074.0	0.5115816399033679
chr15	31	62	13872.0	0.44694348327566324
chr15	32	73	13710.0	0.5324580598103574
chr15	33	70	13495.0	0.5187106335679882
chr15	34	70	13339.0	0.5247769697878402
chr15	35	57	13171.0	0.4327689621137347
chr15	36	101	13005.0	0.7766243752402922
chr15	37	60	12841.0	0.46725332917997037
chr15	38	65	12678.0	0.5126991639059788
chr15	39	53	12532.0	0.4229173316310246
chr15	40	62	12349.0	0.5020649445299215
chr15	41	79	12209.0	0.6470636415758867
chr15	42	65	12012.0	0.5411255411255411
chr15	43	48	11857.0	0.4048241545078856
chr15	44	63	11678.0	0.5394759376605583
chr15	45	67	11498.0	0.5827100365280918
chr15	46	64	11329.0	0.5649218818960191
chr15	47	50	11152.0	0.44835007173601144
chr15	48	40	10987.0	0.3640666241922272
chr15	49	55	10802.0	0.5091649694501018
chr15	50	52	10644.0	0.4885381435550545
chr15	51	55	10493.0	0.5241589631182694
chr15	52	60	10326.0	0.5810575246949448
chr15	53	56	10202.0	0.5489119780435209
chr15	54	46	10030.0	0.45862412761714855
chr15	55	49	9864.0	0.4967558799675588
chr15	56	37	9715.0	0.38085434894493053
chr15	57	46	9539.0	0.48223084180731735
chr15	58	90	9365.0	0.9610250934329952
chr15	59	48	9198.0	0.5218525766470972
chr15	60	48	9044.0	0.5307386112339673
chr15	61	55	8894.0	0.6183944232066562
chr15	62	45	8726.0	0.5157002062800825
chr15	63	54	8536.0	0.6326148078725398
chr15	64	30	8351.0	0.35923841456113037
chr15	65	46	8180.0	0.5623471882640587
chr15	66	47	8014.0	0.5864736710756177
chr15	67	91	7856.0	1.1583503054989817
chr15	68	20	7699.0	0.25977399662293804
chr15	69	26	7553.0	0.34423407917383825
chr15	70	55	7366.0	0.7466739071409177
chr15	71	40	7206.0	0.5550929780738274
chr15	72	27	7037.0	0.38368622992752593
chr15	73	56	6887.0	0.8131261797589662
chr15	74	44	6701.0	0.6566184151619161
chr15	75	44	6492.0	0.6777572396796057
chr15	76	42	6318.0	0.6647673314339981
chr15	77	46	6165.0	0.746147607461476
chr15	78	34	6006.0	0.5661005661005661
chr15	79	46	5848.0	0.786593707250342
chr15	80	36	5676.0	0.6342494714587738
chr15	81	41	5485.0	0.7474931631722881
chr15	82	28	5339.0	0.5244427795467316
chr15	83	35	5182.0	0.6754148977228869
chr15	84	22	4991.0	0.4407934281707073
chr15	85	38	4814.0	0.7893643539675945
chr15	86	27	4660.0	0.5793991416309012
chr15	87	24	4489.0	0.5346402316774337
chr15	88	26	4321.0	0.6017125665355242
chr15	89	31	4166.0	0.7441190590494479
chr15	90	42	3994.0	1.0515773660490735
chr15	91	26	3833.0	0.6783198539003391
chr15	92	27	3645.0	0.7407407407407408
chr15	93	30	3489.0	0.8598452278589854
chr15	94	18	3309.0	0.543970988213962
chr15	95	13	3127.0	0.4157339302846178
chr15	96	16	2945.0	0.5432937181663837
chr15	97	22	2797.0	0.7865570253843404
chr15	98	19	2632.0	0.7218844984802432
chr15	99	15	2439.0	0.6150061500615006
chr15	100	8	2243.0	0.3566651805617477
chr15	101	20	2070.0	0.966183574879227
chr15	102	11	1895.0	0.5804749340369393
chr15	103	19	1715.0	1.1078717201166182
chr15	104	8	1558.0	0.5134788189987163
chr15	105	4	1348.0	0.2967359050445104
chr15	106	5	1173.0	0.4262574595055414
chr15	107	2	1029.0	0.1943634596695821
chr15	108	7	838.0	0.8353221957040573
chr15	109	2	688.0	0.29069767441860467
chr15	110	0	523.0	0.0
chr15	111	2	392.0	0.5102040816326531
chr15	112	1	268.0	0.3731343283582089
chr15	113	1	159.0	0.628930817610063
chr15	114	1	60.0	1.6666666666666667
chr15	115	0	0.0	nan
chr15	116	0	0.0	nan
chr15	117	0	0.0	nan
chr15	118	0	0.0	nan
chr15	119	0	0.0	nan
chr15	120	0	0.0	nan
chr15	121	0	0.0	nan
chr15	122	0	0.0	nan
chr15	123	0	0.0	nan
chr15	124	0	0.0	nan
chr15	125	0	0.0	nan
chr15	126	0	0.0	nan
chr15	127	0	0.0	nan
chr15	128	0	0.0	nan
chr15	129	0	0.0	nan
chr15	130	0	0.0	nan
chr15	131	0	0.0	nan
chr15	132	0	0.0	nan
chr15	133	0	0.0	nan
chr15	134	0	0.0	nan
chr15	135	0	0.0	nan
chr15	136	0	0.0	nan
chr15	137	0	0.0	nan
chr15	138	0	0.0	nan
chr15	139	0	0.0	nan
chr15	140	0	0.0	nan
chr15	141	0	0.0	nan
chr15	142	0	0.0	nan
chr16	-129	0	5.0	0.0
chr16	-128	0	5.0	0.0
chr16	-127	0	5.0	0.0
chr16	-126	0	34.0	0.0
chr16	-125	0	76.0	0.0
chr16	-124	0	107.0	0.0
chr16	-123	4	163.0	2.4539877300613497
chr16	-122	0	201.0	0.0
chr16	-121	2	260.0	0.7692307692307693
chr16	-120	1	319.0	0.3134796238244514
chr16	-119	2	368.0	0.5434782608695652
chr16	-118	0	426.0	0.0
chr16	-117	1	474.0	0.21097046413502107
chr16	-116	0	542.0	0.0
chr16	-115	3	615.0	0.4878048780487805
chr16	-114	6	688.0	0.872093023255814
chr16	-113	2	763.0	0.2621231979030144
chr16	-112	1	830.0	0.12048192771084339
chr16	-111	2	880.0	0.22727272727272727
chr16	-110	1	946.0	0.10570824524312897
chr16	-109	0	1017.0	0.0
chr16	-108	1	1064.0	0.09398496240601503
chr16	-107	0	1140.0	0.0
chr16	-106	4	1218.0	0.3284072249589491
chr16	-105	1	1291.0	0.0774593338497289
chr16	-104	1	1374.0	0.0727802037845706
chr16	-103	10	1448.0	0.6906077348066298
chr16	-102	2	1522.0	0.1314060446780552
chr16	-101	1	1605.0	0.06230529595015576
chr16	-100	1	1677.0	0.05963029218843172
chr16	-99	3	1749.0	0.17152658662092624
chr16	-98	2	1823.0	0.10970927043335163
chr16	-97	1	1895.0	0.05277044854881266
chr16	-96	0	1974.0	0.0
chr16	-95	0	2040.0	0.0
chr16	-94	2	2098.0	0.09532888465204957
chr16	-93	8	2175.0	0.367816091954023
chr16	-92	7	2263.0	0.30932390631904555
chr16	-91	0	2346.0	0.0
chr16	-90	4	2416.0	0.16556291390728478
chr16	-89	0	2481.0	0.0
chr16	-88	5	2554.0	0.19577133907595928
chr16	-87	3	2620.0	0.11450381679389314
chr16	-86	2	2694.0	0.07423904974016332
chr16	-85	3	2765.0	0.108499095840868
chr16	-84	14	2835.0	0.49382716049382713
chr16	-83	3	2901.0	0.1034126163391934
chr16	-82	2	2973.0	0.06727211570803902
chr16	-81	3	3057.0	0.09813542688910697
chr16	-80	5	3111.0	0.16072002571520413
chr16	-79	3	3206.0	0.09357454772301933
chr16	-78	29	3293.0	0.8806559368357121
chr16	-77	4	3397.0	0.11775095672652341
chr16	-76	14	3467.0	0.4038073262186328
chr16	-75	8	3539.0	0.22605255721955356
chr16	-74	24	3611.0	0.6646358349487677
chr16	-73	14	3685.0	0.37991858887381275
chr16	-72	24	3782.0	0.6345848757271285
chr16	-71	4	3856.0	0.1037344398340249
chr16	-70	2	3945.0	0.050697084917617236
chr16	-69	16	4006.0	0.399400898652022
chr16	-68	5	4076.0	0.12266928361138371
chr16	-67	18	4168.0	0.43186180422264875
chr16	-66	40	4267.0	0.9374267635340988
chr16	-65	4	4351.0	0.09193288899103653
chr16	-64	22	4418.0	0.49796287913082843
chr16	-63	40	4513.0	0.8863283846665189
chr16	-62	13	4581.0	0.2837808338790657
chr16	-61	4	4637.0	0.08626266982963122
chr16	-60	7	4751.0	0.14733740265207323
chr16	-59	7	4816.0	0.14534883720930233
chr16	-58	8	4888.0	0.16366612111292964
chr16	-57	4	4958.0	0.08067769261799113
chr16	-56	8	5022.0	0.15929908403026682
chr16	-55	8	5089.0	0.15720180782078993
chr16	-54	5	5155.0	0.09699321047526674
chr16	-53	12	5224.0	0.22970903522205208
chr16	-52	5	5310.0	0.09416195856873823
chr16	-51	10	5415.0	0.18467220683287164
chr16	-50	6	5494.0	0.10921004732435385
chr16	-49	5	5573.0	0.0897182845863987
chr16	-48	31	5663.0	0.5474130319618578
chr16	-47	11	5732.0	0.19190509420795532
chr16	-46	23	5809.0	0.39593733861249786
chr16	-45	5	5890.0	0.08488964346349745
chr16	-44	17	5952.0	0.2856182795698925
chr16	-43	9	6022.0	0.14945200929923613
chr16	-42	11	6093.0	0.18053504021007713
chr16	-41	7	6166.0	0.11352578657152124
chr16	-40	20	6246.0	0.3202049311559398
chr16	-39	27	6276.0	0.43021032504780116
chr16	-38	17	6361.0	0.2672535764816853
chr16	-37	20	6443.0	0.31041440322830977
chr16	-36	8	6521.0	0.12268057046465265
chr16	-35	16	6613.0	0.2419476788144564
chr16	-34	13	6708.0	0.1937984496124031
chr16	-33	9	6781.0	0.13272378705205723
chr16	-32	13	6869.0	0.1892560780317368
chr16	-31	32	6944.0	0.4608294930875576
chr16	-30	42	7026.0	0.5977796754910333
chr16	-29	10	7100.0	0.14084507042253522
chr16	-28	38	7190.0	0.5285118219749653
chr16	-27	111	7269.0	1.5270326042096576
chr16	-26	16	7349.0	0.21771669614913594
chr16	-25	9	7440.0	0.12096774193548387
chr16	-24	12	7494.0	0.16012810248198558
chr16	-23	53	7576.0	0.6995776135163675
chr16	-22	52	7680.0	0.6770833333333334
chr16	-21	10	7771.0	0.12868356710848022
chr16	-20	23	7830.0	0.2937420178799489
chr16	-19	18	7919.0	0.22730142694784694
chr16	-18	35	8012.0	0.43684473290064907
chr16	-17	22	8115.0	0.2711028958718423
chr16	-16	28	8209.0	0.3410890486051894
chr16	-15	23	8296.0	0.27724204435872707
chr16	-14	22	8414.0	0.2614689802709769
chr16	-13	37	8535.0	0.43350908025776214
chr16	-12	26	8630.0	0.3012746234067208
chr16	-11	29	8732.0	0.33211177278973886
chr16	-10	44	8826.0	0.49852707908452304
chr16	-9	16	8825.0	0.1813031161473088
chr16	-8	11	8825.0	0.12464589235127478
chr16	-7	39	8825.0	0.4419263456090652
chr16	-6	32	8824.0	0.3626473254759746
chr16	-5	23	8825.0	0.26062322946175637
chr16	-4	70	8825.0	0.7932011331444759
chr16	-3	26	8825.0	0.29461756373937675
chr16	-2	35	8813.0	0.3971405877680699
chr16	-1	54	8801.0	0.6135666401545279
chr16	0	60	8604.0	0.697350069735007
chr16	1	32	8560.0	0.3738317757009346
chr16	2	36	8492.0	0.4239284032030146
chr16	3	79	8424.0	0.9377967711301045
chr16	4	37	8357.0	0.44274261098480316
chr16	5	43	8296.0	0.5183220829315333
chr16	6	62	8231.0	0.7532499088810594
chr16	7	30	8162.0	0.3675569713305562
chr16	8	34	8100.0	0.41975308641975306
chr16	9	54	8025.0	0.6728971962616822
chr16	10	32	7929.0	0.4035817883717997
chr16	11	47	7846.0	0.599031353555952
chr16	12	47	7773.0	0.6046571465328702
chr16	13	25	7699.0	0.32471749577867254
chr16	14	27	7626.0	0.35405192761605037
chr16	15	47	7555.0	0.6221045665122436
chr16	16	30	7461.0	0.4020908725371934
chr16	17	44	7384.0	0.5958829902491874
chr16	18	29	7282.0	0.3982422411425433
chr16	19	30	7210.0	0.4160887656033287
chr16	20	32	7159.0	0.44698980304511804
chr16	21	68	7086.0	0.9596387242449902
chr16	22	62	7017.0	0.8835684765569332
chr16	23	30	6943.0	0.4320898746939364
chr16	24	33	6862.0	0.4809093558729233
chr16	25	24	6793.0	0.3533048726630355
chr16	26	114	6709.0	1.699210016395886
chr16	27	57	6640.0	0.8584337349397589
chr16	28	27	6578.0	0.41045910611128
chr16	29	41	6510.0	0.6298003072196621
chr16	30	67	6457.0	1.03763357596407
chr16	31	40	6361.0	0.6288319446627889
chr16	32	22	6276.0	0.3505417463352454
chr16	33	21	6180.0	0.33980582524271846
chr16	34	34	6097.0	0.5576513039199607
chr16	35	32	6043.0	0.5295383087870263
chr16	36	45	5963.0	0.7546536978031192
chr16	37	38	5865.0	0.6479113384484229
chr16	38	29	5806.0	0.4994832931450224
chr16	39	38	5743.0	0.6616750827093854
chr16	40	26	5671.0	0.45847293246341037
chr16	41	21	5596.0	0.3752680486061472
chr16	42	33	5522.0	0.5976095617529881
chr16	43	37	5463.0	0.6772835438403808
chr16	44	29	5361.0	0.5409438537586272
chr16	45	36	5280.0	0.6818181818181818
chr16	46	15	5201.0	0.28840607575466254
chr16	47	55	5112.0	1.0758998435054772
chr16	48	23	5025.0	0.4577114427860697
chr16	49	21	4952.0	0.42407108239095315
chr16	50	21	4890.0	0.4294478527607362
chr16	51	17	4805.0	0.3537981269510926
chr16	52	13	4711.0	0.27594990447887924
chr16	53	19	4634.0	0.4100129477772983
chr16	54	22	4564.0	0.48203330411919365
chr16	55	15	4485.0	0.33444816053511706
chr16	56	19	4421.0	0.4297670210359647
chr16	57	23	4325.0	0.5317919075144508
chr16	58	15	4223.0	0.3551977267345489
chr16	59	26	4142.0	0.6277160791887977
chr16	60	26	4067.0	0.6392918613228424
chr16	61	35	4002.0	0.8745627186406797
chr16	62	32	3905.0	0.8194622279129321
chr16	63	28	3842.0	0.7287870900572618
chr16	64	13	3773.0	0.34455340577789556
chr16	65	37	3684.0	1.004343105320304
chr16	66	38	3614.0	1.0514665190924184
chr16	67	22	3546.0	0.6204173716864072
chr16	68	19	3461.0	0.5489742848887604
chr16	69	16	3378.0	0.4736530491415038
chr16	70	12	3294.0	0.36429872495446264
chr16	71	34	3235.0	1.0510046367851622
chr16	72	23	3164.0	0.7269279393173199
chr16	73	33	3079.0	1.0717765508281911
chr16	74	17	3006.0	0.5655355954757153
chr16	75	47	2932.0	1.6030013642564802
chr16	76	17	2824.0	0.6019830028328611
chr16	77	25	2756.0	0.9071117561683599
chr16	78	12	2699.0	0.444609114486847
chr16	79	16	2622.0	0.6102212051868803
chr16	80	12	2562.0	0.468384074941452
chr16	81	8	2476.0	0.32310177705977383
chr16	82	9	2400.0	0.375
chr16	83	24	2323.0	1.0331467929401636
chr16	84	12	2249.0	0.5335704757670076
chr16	85	11	2169.0	0.5071461502996772
chr16	86	19	2111.0	0.9000473709142587
chr16	87	6	2035.0	0.29484029484029484
chr16	88	6	1975.0	0.3037974683544304
chr16	89	12	1894.0	0.6335797254487857
chr16	90	12	1802.0	0.6659267480577136
chr16	91	19	1735.0	1.095100864553314
chr16	92	10	1668.0	0.5995203836930456
chr16	93	12	1609.0	0.7458048477315102
chr16	94	14	1528.0	0.9162303664921465
chr16	95	9	1471.0	0.6118286879673691
chr16	96	6	1408.0	0.4261363636363636
chr16	97	4	1323.0	0.30234315948601664
chr16	98	15	1245.0	1.2048192771084338
chr16	99	3	1172.0	0.25597269624573377
chr16	100	6	1098.0	0.546448087431694
chr16	101	11	1049.0	1.0486177311725453
chr16	102	6	967.0	0.6204756980351602
chr16	103	3	858.0	0.34965034965034963
chr16	104	3	772.0	0.38860103626943004
chr16	105	6	687.0	0.8733624454148471
chr16	106	3	604.0	0.49668874172185434
chr16	107	3	532.0	0.5639097744360901
chr16	108	2	466.0	0.4291845493562232
chr16	109	0	357.0	0.0
chr16	110	0	283.0	0.0
chr16	111	0	222.0	0.0
chr16	112	3	139.0	2.158273381294964
chr16	113	1	77.0	1.2987012987012987
chr16	114	0	29.0	0.0
chr16	115	0	0.0	nan
chr16	116	0	0.0	nan
chr16	117	0	0.0	nan
chr16	118	0	0.0	nan
chr16	119	0	0.0	nan
chr16	120	0	0.0	nan
chr16	121	0	0.0	nan
chr16	122	0	0.0	nan
chr16	123	0	0.0	nan
chr16	124	0	0.0	nan
chr16	125	0	0.0	nan
chr16	126	0	0.0	nan
chr16	127	0	0.0	nan
chr16	128	0	0.0	nan
chr16	129	0	0.0	nan
chr16	130	0	0.0	nan
chr16	131	0	0.0	nan
chr16	132	0	0.0	nan
chr16	133	0	0.0	nan
chr16	134	0	0.0	nan
chr16	135	0	0.0	nan
chr16	136	0	0.0	nan
chr16	137	0	0.0	nan
chr16	138	0	0.0	nan
chr16	139	0	0.0	nan
chr16	140	0	0.0	nan
chr17	-132	0	1.0	0.0
chr17	-131	0	1.0	0.0
chr17	-130	0	2.0	0.0
chr17	-129	0	4.0	0.0
chr17	-128	0	6.0	0.0
chr17	-127	0	8.0	0.0
chr17	-126	0	34.0	0.0
chr17	-125	0	74.0	0.0
chr17	-124	7	107.0	6.5420560747663545
chr17	-123	6	164.0	3.6585365853658534
chr17	-122	0	210.0	0.0
chr17	-121	1	267.0	0.37453183520599254
chr17	-120	3	329.0	0.911854103343465
chr17	-119	1	396.0	0.25252525252525254
chr17	-118	8	468.0	1.7094017094017095
chr17	-117	7	533.0	1.3133208255159476
chr17	-116	1	597.0	0.16750418760469013
chr17	-115	1	651.0	0.15360983102918588
chr17	-114	1	713.0	0.1402524544179523
chr17	-113	10	778.0	1.2853470437017995
chr17	-112	2	849.0	0.23557126030624262
chr17	-111	10	916.0	1.0917030567685588
chr17	-110	0	991.0	0.0
chr17	-109	4	1066.0	0.37523452157598497
chr17	-108	4	1136.0	0.35211267605633806
chr17	-107	2	1207.0	0.16570008285004142
chr17	-106	1	1278.0	0.0782472613458529
chr17	-105	0	1356.0	0.0
chr17	-104	1	1443.0	0.0693000693000693
chr17	-103	4	1528.0	0.2617801047120419
chr17	-102	4	1613.0	0.24798512089274644
chr17	-101	1	1700.0	0.0588235294117647
chr17	-100	9	1780.0	0.5056179775280899
chr17	-99	0	1869.0	0.0
chr17	-98	4	1939.0	0.2062919030428056
chr17	-97	5	2007.0	0.2491280518186348
chr17	-96	19	2087.0	0.9103977000479155
chr17	-95	4	2169.0	0.18441678192715535
chr17	-94	5	2251.0	0.2221235006663705
chr17	-93	11	2323.0	0.4735256134309083
chr17	-92	13	2393.0	0.5432511491851233
chr17	-91	8	2474.0	0.32336297493936944
chr17	-90	3	2529.0	0.11862396204033215
chr17	-89	12	2611.0	0.4595940252776714
chr17	-88	17	2687.0	0.6326758466691477
chr17	-87	0	2775.0	0.0
chr17	-86	4	2849.0	0.1404001404001404
chr17	-85	6	2936.0	0.20435967302452315
chr17	-84	2	3008.0	0.06648936170212766
chr17	-83	3	3094.0	0.09696186166774402
chr17	-82	6	3174.0	0.1890359168241966
chr17	-81	12	3265.0	0.3675344563552833
chr17	-80	22	3339.0	0.6588799041629231
chr17	-79	7	3411.0	0.20521841102316035
chr17	-78	4	3512.0	0.11389521640091116
chr17	-77	7	3595.0	0.19471488178025034
chr17	-76	4	3675.0	0.10884353741496598
chr17	-75	26	3752.0	0.6929637526652452
chr17	-74	3	3822.0	0.07849293563579278
chr17	-73	5	3892.0	0.12846865364850976
chr17	-72	0	3966.0	0.0
chr17	-71	6	4033.0	0.14877262583684603
chr17	-70	27	4133.0	0.6532784902008226
chr17	-69	10	4203.0	0.23792529145848204
chr17	-68	6	4275.0	0.14035087719298245
chr17	-67	18	4347.0	0.4140786749482402
chr17	-66	1	4441.0	0.02251745102454402
chr17	-65	19	4502.0	0.42203465126610396
chr17	-64	22	4602.0	0.47805302042590175
chr17	-63	14	4671.0	0.299721687004924
chr17	-62	24	4740.0	0.5063291139240507
chr17	-61	17	4816.0	0.35299003322259137
chr17	-60	8	4877.0	0.16403526758253026
chr17	-59	6	4943.0	0.1213837750354036
chr17	-58	4	5031.0	0.0795070562512423
chr17	-57	23	5118.0	0.4493942946463462
chr17	-56	8	5180.0	0.15444015444015444
chr17	-55	3	5253.0	0.05711022272986865
chr17	-54	5	5341.0	0.09361542782250515
chr17	-53	3	5435.0	0.05519779208831647
chr17	-52	20	5495.0	0.3639672429481347
chr17	-51	5	5572.0	0.08973438621679827
chr17	-50	16	5657.0	0.28283542513699844
chr17	-49	8	5737.0	0.13944570332926615
chr17	-48	21	5806.0	0.36169479848432656
chr17	-47	5	5864.0	0.08526603001364257
chr17	-46	10	5954.0	0.16795431642593214
chr17	-45	14	6032.0	0.23209549071618035
chr17	-44	16	6118.0	0.2615233736515201
chr17	-43	21	6190.0	0.3392568659127625
chr17	-42	5	6268.0	0.0797702616464582
chr17	-41	6	6346.0	0.09454774661203907
chr17	-40	40	6440.0	0.6211180124223602
chr17	-39	11	6499.0	0.1692568087398061
chr17	-38	11	6578.0	0.16722408026755853
chr17	-37	16	6652.0	0.24052916416115455
chr17	-36	19	6727.0	0.28244388286011596
chr17	-35	9	6811.0	0.13213918660989576
chr17	-34	26	6898.0	0.37692084662220937
chr17	-33	16	6988.0	0.22896393817973668
chr17	-32	18	7097.0	0.2536282936452022
chr17	-31	18	7168.0	0.25111607142857145
chr17	-30	12	7275.0	0.16494845360824742
chr17	-29	17	7358.0	0.23104104376189183
chr17	-28	12	7424.0	0.16163793103448276
chr17	-27	38	7525.0	0.5049833887043189
chr17	-26	12	7591.0	0.15808193913845345
chr17	-25	20	7683.0	0.2603149811271639
chr17	-24	18	7759.0	0.23198865833225932
chr17	-23	19	7840.0	0.2423469387755102
chr17	-22	19	7906.0	0.24032380470528714
chr17	-21	10	8000.0	0.125
chr17	-20	25	8117.0	0.307995564863866
chr17	-19	11	8208.0	0.1340155945419103
chr17	-18	12	8304.0	0.1445086705202312
chr17	-17	16	8394.0	0.19061234214915415
chr17	-16	15	8533.0	0.1757881167233095
chr17	-15	57	8634.0	0.660180681028492
chr17	-14	19	8734.0	0.21754064575223264
chr17	-13	57	8837.0	0.6450152766776056
chr17	-12	16	8971.0	0.17835246906699365
chr17	-11	43	9048.0	0.47524314765694076
chr17	-10	37	9137.0	0.40494691912006126
chr17	-9	37	9138.0	0.4049026045086452
chr17	-8	29	9138.0	0.3173560954256949
chr17	-7	26	9097.0	0.2858085082994394
chr17	-6	41	9139.0	0.4486267644162381
chr17	-5	28	9139.0	0.30637925374767483
chr17	-4	25	9139.0	0.2735529051318525
chr17	-3	37	9139.0	0.4048582995951417
chr17	-2	30	9139.0	0.328263486158223
chr17	-1	35	9121.0	0.38372985418265537
chr17	0	44	8927.0	0.4928867480676599
chr17	1	35	8871.0	0.3945440198399279
chr17	2	52	8803.0	0.5907077132795637
chr17	3	34	8733.0	0.38932783694034123
chr17	4	42	8667.0	0.4845967462789893
chr17	5	51	8573.0	0.5948909366616121
chr17	6	48	8467.0	0.566906814692335
chr17	7	37	8428.0	0.4390128144280968
chr17	8	40	8342.0	0.4795013186286262
chr17	9	79	8252.0	0.9573436742607853
chr17	10	49	8161.0	0.600416615610832
chr17	11	37	8108.0	0.4563394178589048
chr17	12	58	8028.0	0.7224713502740409
chr17	13	50	7959.0	0.6282196255811031
chr17	14	44	7892.0	0.5575266092245312
chr17	15	31	7818.0	0.39652084932207726
chr17	16	31	7708.0	0.4021795537104307
chr17	17	18	7628.0	0.23597273203985317
chr17	18	28	7532.0	0.37174721189591076
chr17	19	36	7441.0	0.4838059400618196
chr17	20	37	7365.0	0.5023761031907672
chr17	21	43	7278.0	0.590821654300632
chr17	22	28	7195.0	0.3891591382904795
chr17	23	31	7107.0	0.43618967215421417
chr17	24	33	7006.0	0.4710248358549814
chr17	25	35	6946.0	0.5038871292830406
chr17	26	62	6860.0	0.9037900874635568
chr17	27	34	6784.0	0.5011792452830188
chr17	28	45	6699.0	0.6717420510523959
chr17	29	25	6602.0	0.37867312935474096
chr17	30	33	6536.0	0.5048959608323134
chr17	31	30	6464.0	0.4641089108910891
chr17	32	42	6373.0	0.6590302840106701
chr17	33	39	6304.0	0.6186548223350254
chr17	34	36	6233.0	0.5775709931012354
chr17	35	31	6156.0	0.5035737491877843
chr17	36	28	6100.0	0.45901639344262296
chr17	37	31	6024.0	0.5146082337317397
chr17	38	44	5941.0	0.74061605790271
chr17	39	42	5868.0	0.7157464212678937
chr17	40	19	5776.0	0.3289473684210526
chr17	41	23	5690.0	0.40421792618629176
chr17	42	49	5608.0	0.8737517831669045
chr17	43	33	5509.0	0.5990197858050463
chr17	44	42	5429.0	0.7736231350156566
chr17	45	27	5353.0	0.5043900616476742
chr17	46	30	5278.0	0.5683971201212581
chr17	47	36	5195.0	0.6929740134744947
chr17	48	21	5118.0	0.4103165298944901
chr17	49	33	5040.0	0.6547619047619048
chr17	50	23	4976.0	0.4622186495176849
chr17	51	28	4905.0	0.5708460754332314
chr17	52	17	4836.0	0.3515301902398677
chr17	53	22	4759.0	0.4622819920151292
chr17	54	26	4675.0	0.5561497326203209
chr17	55	24	4589.0	0.5229897581172369
chr17	56	29	4525.0	0.6408839779005524
chr17	57	17	4425.0	0.384180790960452
chr17	58	17	4336.0	0.3920664206642066
chr17	59	17	4253.0	0.3997178462261932
chr17	60	28	4189.0	0.668417283361184
chr17	61	33	4101.0	0.8046817849305048
chr17	62	23	4015.0	0.572851805728518
chr17	63	22	3950.0	0.5569620253164557
chr17	64	23	3885.0	0.5920205920205921
chr17	65	17	3810.0	0.4461942257217848
chr17	66	41	3751.0	1.0930418555051986
chr17	67	14	3667.0	0.3817834742296155
chr17	68	20	3601.0	0.5554012774229381
chr17	69	20	3535.0	0.5657708628005658
chr17	70	6	3473.0	0.17276130146847107
chr17	71	20	3388.0	0.5903187721369539
chr17	72	14	3309.0	0.423088546388637
chr17	73	20	3230.0	0.6191950464396285
chr17	74	28	3142.0	0.8911521323997454
chr17	75	24	3065.0	0.7830342577487764
chr17	76	19	2989.0	0.6356641017062563
chr17	77	19	2903.0	0.6544953496383052
chr17	78	21	2828.0	0.7425742574257426
chr17	79	29	2745.0	1.0564663023679417
chr17	80	31	2655.0	1.167608286252354
chr17	81	18	2570.0	0.7003891050583658
chr17	82	14	2495.0	0.561122244488978
chr17	83	13	2416.0	0.5380794701986755
chr17	84	27	2346.0	1.1508951406649617
chr17	85	13	2273.0	0.5719313682358117
chr17	86	10	2193.0	0.45599635202918376
chr17	87	10	2095.0	0.47732696897374705
chr17	88	23	2013.0	1.1425732737208147
chr17	89	9	1945.0	0.46272493573264784
chr17	90	15	1861.0	0.8060182697474476
chr17	91	20	1788.0	1.1185682326621924
chr17	92	30	1708.0	1.756440281030445
chr17	93	8	1620.0	0.49382716049382713
chr17	94	11	1561.0	0.7046764894298526
chr17	95	12	1471.0	0.8157715839564922
chr17	96	17	1391.0	1.2221423436376708
chr17	97	7	1306.0	0.5359877488514548
chr17	98	7	1231.0	0.5686433793663688
chr17	99	9	1146.0	0.7853403141361256
chr17	100	6	1065.0	0.5633802816901409
chr17	101	6	983.0	0.6103763987792472
chr17	102	6	887.0	0.6764374295377678
chr17	103	5	819.0	0.6105006105006106
chr17	104	1	730.0	0.136986301369863
chr17	105	7	650.0	1.0769230769230769
chr17	106	7	563.0	1.2433392539964476
chr17	107	4	484.0	0.8264462809917356
chr17	108	4	395.0	1.0126582278481013
chr17	109	2	308.0	0.6493506493506493
chr17	110	6	250.0	2.4
chr17	111	0	184.0	0.0
chr17	112	4	121.0	3.3057851239669422
chr17	113	1	62.0	1.6129032258064515
chr17	114	0	28.0	0.0
chr17	115	0	0.0	nan
chr17	116	0	0.0	nan
chr17	117	0	0.0	nan
chr17	118	0	0.0	nan
chr17	119	0	0.0	nan
chr17	120	0	0.0	nan
chr17	121	0	0.0	nan
chr17	122	0	0.0	nan
chr17	123	0	0.0	nan
chr17	124	0	0.0	nan
chr17	125	0	0.0	nan
chr18	-133	0	1.0	0.0
chr18	-132	0	1.0	0.0
chr18	-131	0	1.0	0.0
chr18	-130	0	1.0	0.0
chr18	-129	0	1.0	0.0
chr18	-128	0	1.0	0.0
chr18	-127	0	2.0	0.0
chr18	-126	0	12.0	0.0
chr18	-125	0	28.0	0.0
chr18	-124	0	42.0	0.0
chr18	-123	0	54.0	0.0
chr18	-122	0	84.0	0.0
chr18	-121	0	118.0	0.0
chr18	-120	0	158.0	0.0
chr18	-119	1	202.0	0.49504950495049505
chr18	-118	0	241.0	0.0
chr18	-117	1	284.0	0.35211267605633806
chr18	-116	1	326.0	0.3067484662576687
chr18	-115	0	377.0	0.0
chr18	-114	1	432.0	0.23148148148148145
chr18	-113	1	465.0	0.21505376344086022
chr18	-112	2	501.0	0.39920159680638717
chr18	-111	0	537.0	0.0
chr18	-110	1	573.0	0.17452006980802792
chr18	-109	0	635.0	0.0
chr18	-108	0	672.0	0.0
chr18	-107	0	701.0	0.0
chr18	-106	1	728.0	0.13736263736263737
chr18	-105	1	771.0	0.12970168612191957
chr18	-104	4	819.0	0.4884004884004884
chr18	-103	9	861.0	1.0452961672473868
chr18	-102	9	912.0	0.9868421052631579
chr18	-101	1	954.0	0.10482180293501049
chr18	-100	11	992.0	1.1088709677419355
chr18	-99	0	1042.0	0.0
chr18	-98	2	1088.0	0.1838235294117647
chr18	-97	0	1140.0	0.0
chr18	-96	16	1185.0	1.350210970464135
chr18	-95	3	1236.0	0.24271844660194172
chr18	-94	0	1269.0	0.0
chr18	-93	0	1323.0	0.0
chr18	-92	1	1372.0	0.0728862973760933
chr18	-91	3	1414.0	0.21216407355021216
chr18	-90	3	1463.0	0.2050580997949419
chr18	-89	2	1529.0	0.13080444735120994
chr18	-88	5	1573.0	0.3178639542275906
chr18	-87	8	1608.0	0.4975124378109453
chr18	-86	1	1652.0	0.06053268765133172
chr18	-85	5	1703.0	0.2935995302407516
chr18	-84	1	1748.0	0.057208237986270026
chr18	-83	1	1801.0	0.055524708495280406
chr18	-82	0	1851.0	0.0
chr18	-81	0	1897.0	0.0
chr18	-80	1	1930.0	0.05181347150259067
chr18	-79	0	1976.0	0.0
chr18	-78	1	2022.0	0.04945598417408506
chr18	-77	13	2064.0	0.6298449612403101
chr18	-76	0	2110.0	0.0
chr18	-75	5	2153.0	0.23223409196470043
chr18	-74	5	2209.0	0.22634676324128564
chr18	-73	14	2268.0	0.6172839506172839
chr18	-72	1	2313.0	0.043233895373973194
chr18	-71	7	2371.0	0.2952340784479123
chr18	-70	2	2435.0	0.08213552361396304
chr18	-69	3	2465.0	0.12170385395537525
chr18	-68	16	2509.0	0.6377042646472698
chr18	-67	2	2558.0	0.07818608287724785
chr18	-66	2	2604.0	0.07680491551459294
chr18	-65	17	2656.0	0.6400602409638554
chr18	-64	3	2700.0	0.1111111111111111
chr18	-63	3	2744.0	0.10932944606413994
chr18	-62	9	2790.0	0.3225806451612903
chr18	-61	9	2839.0	0.3170130327580134
chr18	-60	4	2894.0	0.138217000691085
chr18	-59	0	2943.0	0.0
chr18	-58	26	3002.0	0.866089273817455
chr18	-57	2	3047.0	0.06563833278634722
chr18	-56	4	3098.0	0.12911555842479017
chr18	-55	1	3137.0	0.0318775900541919
chr18	-54	4	3184.0	0.12562814070351758
chr18	-53	2	3232.0	0.06188118811881188
chr18	-52	4	3285.0	0.12176560121765602
chr18	-51	6	3337.0	0.17980221756068324
chr18	-50	14	3368.0	0.4156769596199525
chr18	-49	4	3405.0	0.11747430249632893
chr18	-48	66	3449.0	1.9135981443896781
chr18	-47	1	3496.0	0.028604118993135013
chr18	-46	37	3549.0	1.0425471963933504
chr18	-45	13	3600.0	0.3611111111111111
chr18	-44	3	3633.0	0.08257638315441783
chr18	-43	3	3668.0	0.08178844056706652
chr18	-42	1	3722.0	0.026867275658248254
chr18	-41	2	3763.0	0.05314908317831517
chr18	-40	18	3803.0	0.473310544307126
chr18	-39	5	3847.0	0.12997140629061607
chr18	-38	26	3878.0	0.6704486848891181
chr18	-37	2	3933.0	0.05085176709890668
chr18	-36	8	3998.0	0.2001000500250125
chr18	-35	5	4053.0	0.1233654083395016
chr18	-34	40	4085.0	0.9791921664626682
chr18	-33	7	4118.0	0.1699854298203011
chr18	-32	3	4167.0	0.07199424046076314
chr18	-31	16	4228.0	0.3784295175023652
chr18	-30	6	4264.0	0.14071294559099437
chr18	-29	7	4306.0	0.1625638643752903
chr18	-28	3	4357.0	0.06885471654808355
chr18	-27	5	4397.0	0.11371389583807141
chr18	-26	6	4449.0	0.13486176668914363
chr18	-25	3	4494.0	0.06675567423230974
chr18	-24	7	4539.0	0.15421899096717337
chr18	-23	5	4592.0	0.10888501742160278
chr18	-22	33	4620.0	0.7142857142857143
chr18	-21	39	4691.0	0.8313792368364954
chr18	-20	9	4735.0	0.1900739176346357
chr18	-19	5	4806.0	0.10403662089055349
chr18	-18	4	4851.0	0.08245722531436817
chr18	-17	40	4924.0	0.8123476848090982
chr18	-16	27	4960.0	0.5443548387096774
chr18	-15	6	5012.0	0.11971268954509177
chr18	-14	12	5071.0	0.23663971603234074
chr18	-13	7	5130.0	0.13645224171539963
chr18	-12	6	5177.0	0.11589723778249951
chr18	-11	9	5247.0	0.17152658662092624
chr18	-10	10	5302.0	0.18860807242549982
chr18	-9	8	5302.0	0.15088645794039984
chr18	-8	3	5303.0	0.056571751838581937
chr18	-7	12	5303.0	0.22628700735432775
chr18	-6	9	5303.0	0.16971525551574582
chr18	-5	16	5303.0	0.3017160098057703
chr18	-4	4	5283.0	0.07571455612341473
chr18	-3	9	5303.0	0.16971525551574582
chr18	-2	51	5302.0	0.961901169370049
chr18	-1	22	5277.0	0.4169035436801213
chr18	0	34	5164.0	0.6584043377226956
chr18	1	34	5170.0	0.6576402321083172
chr18	2	15	5132.0	0.2922837100545596
chr18	3	12	5078.0	0.23631350925561243
chr18	4	14	5064.0	0.2764612954186414
chr18	5	16	5010.0	0.3193612774451098
chr18	6	20	4972.0	0.4022526146419952
chr18	7	21	4912.0	0.42752442996742673
chr18	8	15	4873.0	0.3078185922429715
chr18	9	13	4819.0	0.26976551151691225
chr18	10	13	4780.0	0.2719665271966527
chr18	11	17	4730.0	0.3594080338266385
chr18	12	26	4686.0	0.5548442168160478
chr18	13	22	4627.0	0.4754700669980549
chr18	14	23	4576.0	0.5026223776223776
chr18	15	29	4533.0	0.6397529230090447
chr18	16	25	4485.0	0.5574136008918618
chr18	17	10	4442.0	0.22512381809995496
chr18	18	7	4403.0	0.1589825119236884
chr18	19	11	4375.0	0.2514285714285714
chr18	20	33	4335.0	0.7612456747404844
chr18	21	39	4285.0	0.9101516919486581
chr18	22	23	4238.0	0.5427088249174139
chr18	23	16	4182.0	0.38259206121472983
chr18	24	18	4135.0	0.4353083434099154
chr18	25	9	4091.0	0.21999511121975068
chr18	26	6	4054.0	0.1480019733596448
chr18	27	18	4002.0	0.4497751124437781
chr18	28	12	3956.0	0.3033367037411527
chr18	29	13	3903.0	0.3330771201639764
chr18	30	31	3846.0	0.8060322412896516
chr18	31	11	3801.0	0.2893975269665877
chr18	32	14	3746.0	0.37373198077949815
chr18	33	47	3713.0	1.2658227848101267
chr18	34	19	3670.0	0.5177111716621253
chr18	35	14	3622.0	0.3865267807840972
chr18	36	15	3578.0	0.41922861934041367
chr18	37	37	3538.0	1.0457885811192764
chr18	38	15	3495.0	0.4291845493562232
chr18	39	20	3443.0	0.5808887598024978
chr18	40	13	3401.0	0.38224051749485444
chr18	41	20	3365.0	0.5943536404160475
chr18	42	14	3316.0	0.4221954161640531
chr18	43	14	3256.0	0.42997542997543
chr18	44	19	3197.0	0.59430716296528
chr18	45	31	3150.0	0.9841269841269842
chr18	46	8	3091.0	0.2588159171789065
chr18	47	53	3044.0	1.7411300919842312
chr18	48	12	3006.0	0.39920159680638717
chr18	49	30	2965.0	1.0118043844856661
chr18	50	8	2915.0	0.27444253859348194
chr18	51	18	2869.0	0.6273963053328686
chr18	52	13	2815.0	0.4618117229129663
chr18	53	7	2758.0	0.25380710659898476
chr18	54	13	2702.0	0.4811250925240563
chr18	55	7	2658.0	0.26335590669676445
chr18	56	9	2625.0	0.34285714285714286
chr18	57	22	2565.0	0.8576998050682261
chr18	58	17	2527.0	0.6727344677483181
chr18	59	12	2479.0	0.4840661557079467
chr18	60	18	2425.0	0.7422680412371134
chr18	61	12	2382.0	0.5037783375314862
chr18	62	14	2326.0	0.6018916595012898
chr18	63	11	2272.0	0.48415492957746475
chr18	64	16	2231.0	0.7171671896010758
chr18	65	4	2190.0	0.182648401826484
chr18	66	4	2146.0	0.1863932898415657
chr18	67	28	2096.0	1.3358778625954197
chr18	68	5	2044.0	0.2446183953033268
chr18	69	13	1991.0	0.6529382219989954
chr18	70	15	1953.0	0.7680491551459293
chr18	71	7	1907.0	0.36706869428421607
chr18	72	19	1870.0	1.0160427807486632
chr18	73	4	1816.0	0.22026431718061676
chr18	74	6	1767.0	0.3395585738539898
chr18	75	3	1733.0	0.17311021350259664
chr18	76	15	1683.0	0.8912655971479502
chr18	77	12	1637.0	0.7330482590103848
chr18	78	3	1596.0	0.18796992481203006
chr18	79	7	1555.0	0.45016077170418006
chr18	80	6	1515.0	0.39603960396039606
chr18	81	6	1476.0	0.40650406504065045
chr18	82	2	1426.0	0.1402524544179523
chr18	83	2	1378.0	0.14513788098693758
chr18	84	4	1327.0	0.30143180105501133
chr18	85	11	1299.0	0.8468052347959968
chr18	86	15	1258.0	1.192368839427663
chr18	87	9	1216.0	0.7401315789473684
chr18	88	5	1174.0	0.42589437819420783
chr18	89	8	1106.0	0.7233273056057866
chr18	90	4	1058.0	0.3780718336483932
chr18	91	2	1025.0	0.1951219512195122
chr18	92	6	996.0	0.6024096385542169
chr18	93	4	950.0	0.42105263157894735
chr18	94	4	888.0	0.45045045045045046
chr18	95	4	849.0	0.47114252061248524
chr18	96	6	812.0	0.7389162561576355
chr18	97	4	762.0	0.5249343832020997
chr18	98	2	725.0	0.27586206896551724
chr18	99	7	667.0	1.0494752623688157
chr18	100	2	620.0	0.3225806451612903
chr18	101	9	570.0	1.5789473684210527
chr18	102	10	521.0	1.9193857965451053
chr18	103	0	464.0	0.0
chr18	104	0	424.0	0.0
chr18	105	1	388.0	0.25773195876288657
chr18	106	1	345.0	0.2898550724637681
chr18	107	2	289.0	0.6920415224913495
chr18	108	2	233.0	0.8583690987124464
chr18	109	0	197.0	0.0
chr18	110	0	157.0	0.0
chr18	111	2	106.0	1.8867924528301887
chr18	112	0	64.0	0.0
chr18	113	0	42.0	0.0
chr18	114	0	15.0	0.0
chr18	115	0	0.0	nan
chr18	116	0	0.0	nan
chr18	117	0	0.0	nan
chr18	118	0	0.0	nan
chr18	119	0	0.0	nan
chr18	120	0	0.0	nan
chr18	121	0	0.0	nan
chr18	122	0	0.0	nan
chr18	123	0	0.0	nan
chr18	124	0	0.0	nan
chr18	125	0	0.0	nan
chr18	126	0	0.0	nan
chr18	127	0	0.0	nan
chr18	128	0	0.0	nan
chr18	129	0	0.0	nan
chr18	130	0	0.0	nan
chr18	131	0	0.0	nan
chr18	132	0	0.0	nan
chr18	133	0	0.0	nan
chr19	-127	0	1.0	0.0
chr19	-126	0	14.0	0.0
chr19	-125	0	43.0	0.0
chr19	-124	0	60.0	0.0
chr19	-123	2	81.0	2.4691358024691357
chr19	-122	3	107.0	2.803738317757009
chr19	-121	0	131.0	0.0
chr19	-120	0	176.0	0.0
chr19	-119	1	220.0	0.45454545454545453
chr19	-118	0	256.0	0.0
chr19	-117	0	292.0	0.0
chr19	-116	0	333.0	0.0
chr19	-115	0	368.0	0.0
chr19	-114	0	411.0	0.0
chr19	-113	3	449.0	0.6681514476614699
chr19	-112	4	482.0	0.8298755186721992
chr19	-111	1	525.0	0.19047619047619047
chr19	-110	0	570.0	0.0
chr19	-109	0	604.0	0.0
chr19	-108	0	655.0	0.0
chr19	-107	2	701.0	0.28530670470756064
chr19	-106	4	750.0	0.5333333333333333
chr19	-105	1	790.0	0.12658227848101267
chr19	-104	1	814.0	0.12285012285012285
chr19	-103	1	864.0	0.11574074074074073
chr19	-102	0	902.0	0.0
chr19	-101	12	934.0	1.284796573875803
chr19	-100	2	984.0	0.20325203252032523
chr19	-99	0	1015.0	0.0
chr19	-98	0	1055.0	0.0
chr19	-97	0	1089.0	0.0
chr19	-96	10	1141.0	0.8764241893076249
chr19	-95	2	1201.0	0.16652789342214822
chr19	-94	3	1239.0	0.24213075060532688
chr19	-93	3	1282.0	0.234009360374415
chr19	-92	3	1330.0	0.2255639097744361
chr19	-91	3	1355.0	0.22140221402214022
chr19	-90	1	1401.0	0.07137758743754462
chr19	-89	0	1433.0	0.0
chr19	-88	3	1456.0	0.20604395604395606
chr19	-87	0	1484.0	0.0
chr19	-86	6	1528.0	0.3926701570680628
chr19	-85	6	1561.0	0.38436899423446513
chr19	-84	3	1604.0	0.18703241895261846
chr19	-83	1	1646.0	0.060753341433778855
chr19	-82	1	1691.0	0.05913660555884093
chr19	-81	1	1715.0	0.05830903790087463
chr19	-80	7	1769.0	0.395703787450537
chr19	-79	9	1816.0	0.4955947136563877
chr19	-78	4	1867.0	0.21424745581146223
chr19	-77	0	1894.0	0.0
chr19	-76	7	1935.0	0.3617571059431524
chr19	-75	2	1960.0	0.10204081632653061
chr19	-74	5	2024.0	0.24703557312252966
chr19	-73	4	2052.0	0.1949317738791423
chr19	-72	6	2094.0	0.28653295128939826
chr19	-71	5	2139.0	0.23375409069658717
chr19	-70	38	2168.0	1.7527675276752765
chr19	-69	2	2195.0	0.09111617312072894
chr19	-68	0	2233.0	0.0
chr19	-67	6	2268.0	0.26455026455026454
chr19	-66	2	2306.0	0.08673026886383348
chr19	-65	1	2356.0	0.042444821731748725
chr19	-64	2	2397.0	0.08343763037129745
chr19	-63	1	2438.0	0.04101722723543889
chr19	-62	4	2470.0	0.16194331983805668
chr19	-61	21	2508.0	0.8373205741626795
chr19	-60	4	2554.0	0.15661707126076743
chr19	-59	7	2599.0	0.2693343593689881
chr19	-58	6	2650.0	0.22641509433962265
chr19	-57	8	2686.0	0.29784065524944153
chr19	-56	1	2723.0	0.03672420124862284
chr19	-55	2	2750.0	0.07272727272727272
chr19	-54	3	2797.0	0.10725777618877369
chr19	-53	8	2823.0	0.28338646829613884
chr19	-52	8	2857.0	0.280014000700035
chr19	-51	5	2884.0	0.17337031900138697
chr19	-50	4	2931.0	0.1364721937905152
chr19	-49	10	2972.0	0.3364737550471063
chr19	-48	4	3010.0	0.132890365448505
chr19	-47	30	3052.0	0.9829619921363041
chr19	-46	11	3102.0	0.3546099290780142
chr19	-45	3	3150.0	0.09523809523809523
chr19	-44	15	3213.0	0.4668534080298786
chr19	-43	5	3256.0	0.15356265356265356
chr19	-42	15	3299.0	0.45468323734464994
chr19	-41	4	3339.0	0.11979634621144056
chr19	-40	8	3382.0	0.2365464222353637
chr19	-39	2	3423.0	0.05842827928717499
chr19	-38	36	3466.0	1.03866128101558
chr19	-37	5	3506.0	0.1426126640045636
chr19	-36	8	3555.0	0.2250351617440225
chr19	-35	7	3616.0	0.19358407079646017
chr19	-34	9	3660.0	0.24590163934426232
chr19	-33	7	3694.0	0.18949648077964265
chr19	-32	7	3734.0	0.18746652383502946
chr19	-31	33	3803.0	0.8677359978963977
chr19	-30	12	3852.0	0.3115264797507788
chr19	-29	9	3896.0	0.23100616016427106
chr19	-28	13	3941.0	0.3298655163664045
chr19	-27	8	4001.0	0.1999500124968758
chr19	-26	15	4044.0	0.370919881305638
chr19	-25	15	4090.0	0.36674816625916873
chr19	-24	7	4134.0	0.16932752781809385
chr19	-23	11	4179.0	0.2632208662359416
chr19	-22	17	4233.0	0.4016064257028112
chr19	-21	11	4294.0	0.25617140195621796
chr19	-20	10	4362.0	0.22925263640531865
chr19	-19	27	4408.0	0.6125226860254084
chr19	-18	9	4459.0	0.2018389773491814
chr19	-17	20	4517.0	0.44277175116227585
chr19	-16	63	4563.0	1.3806706114398422
chr19	-15	4	4617.0	0.08663634394628547
chr19	-14	17	4671.0	0.3639477627916934
chr19	-13	12	4741.0	0.2531111579835478
chr19	-12	15	4793.0	0.31295639474233256
chr19	-11	10	4855.0	0.20597322348094746
chr19	-10	14	4910.0	0.28513238289205706
chr19	-9	16	4909.0	0.3259319617029945
chr19	-8	37	4909.0	0.7537176614381749
chr19	-7	19	4911.0	0.3868865811443698
chr19	-6	12	4911.0	0.2443494196701283
chr19	-5	27	4912.0	0.5496742671009772
chr19	-4	16	4913.0	0.3256665988194586
chr19	-3	15	4907.0	0.30568575504381496
chr19	-2	25	4898.0	0.5104124132298897
chr19	-1	49	4898.0	1.000408329930584
chr19	0	90	4779.0	1.8832391713747645
chr19	1	19	4750.0	0.4
chr19	2	15	4728.0	0.31725888324873097
chr19	3	30	4693.0	0.6392499467291711
chr19	4	35	4666.0	0.7501071581654523
chr19	5	24	4609.0	0.5207203297895422
chr19	6	16	4554.0	0.3513394817742644
chr19	7	51	4523.0	1.127570196772054
chr19	8	18	4481.0	0.4016960499888418
chr19	9	21	4439.0	0.47307952241495826
chr19	10	15	4385.0	0.34207525655644244
chr19	11	22	4352.0	0.5055147058823529
chr19	12	15	4298.0	0.3489995346672871
chr19	13	14	4234.0	0.33065658951346244
chr19	14	21	4195.0	0.500595947556615
chr19	15	59	4149.0	1.4220294046758255
chr19	16	15	4104.0	0.36549707602339176
chr19	17	22	4054.0	0.5426739023186976
chr19	18	43	4019.0	1.0699178900223936
chr19	19	12	3978.0	0.301659125188537
chr19	20	16	3921.0	0.408059168579444
chr19	21	53	3882.0	1.3652756311179803
chr19	22	15	3840.0	0.390625
chr19	23	20	3795.0	0.5270092226613966
chr19	24	16	3750.0	0.4266666666666667
chr19	25	10	3708.0	0.2696871628910464
chr19	26	13	3684.0	0.3528773072747014
chr19	27	15	3649.0	0.4110715264456015
chr19	28	16	3593.0	0.44531032563317563
chr19	29	23	3543.0	0.6491673722833756
chr19	30	39	3481.0	1.120367710428038
chr19	31	15	3432.0	0.4370629370629371
chr19	32	17	3402.0	0.4997060552616108
chr19	33	16	3374.0	0.4742145820983995
chr19	34	23	3336.0	0.6894484412470023
chr19	35	20	3304.0	0.6053268765133172
chr19	36	12	3282.0	0.3656307129798903
chr19	37	62	3243.0	1.9118100524205983
chr19	38	19	3199.0	0.5939356048765239
chr19	39	17	3151.0	0.5395112662646779
chr19	40	18	3107.0	0.5793369810106211
chr19	41	29	3066.0	0.9458577951728636
chr19	42	12	3028.0	0.3963011889035667
chr19	43	18	2986.0	0.6028131279303416
chr19	44	18	2945.0	0.6112054329371817
chr19	45	26	2900.0	0.8965517241379309
chr19	46	40	2859.0	1.3990905911157747
chr19	47	12	2828.0	0.4243281471004243
chr19	48	16	2786.0	0.574300071787509
chr19	49	13	2755.0	0.47186932849364793
chr19	50	18	2721.0	0.6615214994487321
chr19	51	23	2660.0	0.8646616541353384
chr19	52	17	2619.0	0.6491027109583811
chr19	53	21	2593.0	0.8098727342846125
chr19	54	13	2556.0	0.5086071987480438
chr19	55	13	2517.0	0.5164878823996821
chr19	56	16	2478.0	0.645682001614205
chr19	57	18	2443.0	0.7367990176013098
chr19	58	19	2393.0	0.7939824488090262
chr19	59	8	2359.0	0.3391267486222976
chr19	60	53	2327.0	2.2776106574989257
chr19	61	13	2290.0	0.5676855895196506
chr19	62	5	2249.0	0.22232103156958646
chr19	63	9	2216.0	0.4061371841155234
chr19	64	17	2177.0	0.7808911345888837
chr19	65	11	2136.0	0.5149812734082396
chr19	66	12	2091.0	0.5738880918220948
chr19	67	11	2037.0	0.5400098183603338
chr19	68	13	1991.0	0.6529382219989954
chr19	69	47	1964.0	2.3930753564154785
chr19	70	18	1933.0	0.9311950336264873
chr19	71	16	1885.0	0.8488063660477453
chr19	72	12	1852.0	0.6479481641468683
chr19	73	19	1814.0	1.0474090407938257
chr19	74	18	1776.0	1.0135135135135136
chr19	75	15	1725.0	0.8695652173913043
chr19	76	11	1696.0	0.6485849056603774
chr19	77	14	1659.0	0.8438818565400843
chr19	78	12	1626.0	0.7380073800738007
chr19	79	12	1572.0	0.7633587786259541
chr19	80	11	1521.0	0.7232084155161078
chr19	81	7	1492.0	0.4691689008042895
chr19	82	13	1453.0	0.8947006194081212
chr19	83	5	1414.0	0.3536067892503536
chr19	84	16	1372.0	1.1661807580174928
chr19	85	11	1322.0	0.8320726172465961
chr19	86	11	1274.0	0.8634222919937204
chr19	87	5	1224.0	0.40849673202614384
chr19	88	7	1191.0	0.5877413937867338
chr19	89	10	1139.0	0.877963125548727
chr19	90	5	1104.0	0.4528985507246377
chr19	91	6	1054.0	0.5692599620493358
chr19	92	6	999.0	0.6006006006006006
chr19	93	9	951.0	0.9463722397476341
chr19	94	5	903.0	0.5537098560354374
chr19	95	7	860.0	0.813953488372093
chr19	96	1	829.0	0.12062726176115801
chr19	97	5	785.0	0.6369426751592357
chr19	98	2	732.0	0.273224043715847
chr19	99	2	673.0	0.2971768202080238
chr19	100	11	626.0	1.7571884984025559
chr19	101	6	581.0	1.0327022375215147
chr19	102	5	518.0	0.9652509652509652
chr19	103	4	482.0	0.8298755186721992
chr19	104	4	421.0	0.9501187648456058
chr19	105	3	380.0	0.7894736842105263
chr19	106	3	341.0	0.8797653958944283
chr19	107	5	307.0	1.6286644951140066
chr19	108	1	262.0	0.38167938931297707
chr19	109	2	217.0	0.9216589861751152
chr19	110	1	172.0	0.5813953488372093
chr19	111	1	119.0	0.8403361344537815
chr19	112	0	70.0	0.0
chr19	113	0	36.0	0.0
chr19	114	0	15.0	0.0
chr19	115	0	0.0	nan
chr19	116	0	0.0	nan
chr19	117	0	0.0	nan
chr19	118	0	0.0	nan
chr19	119	0	0.0	nan
chr19	120	0	0.0	nan
chr19	121	0	0.0	nan
chr19	122	0	0.0	nan
chr19	123	0	0.0	nan
chr19	124	0	0.0	nan
chr19	125	0	0.0	nan
chr20	-141	0	0.0	nan
chr20	-140	0	0.0	nan
chr20	-139	0	1.0	0.0
chr20	-138	0	1.0	0.0
chr20	-137	0	1.0	0.0
chr20	-136	0	1.0	0.0
chr20	-135	0	2.0	0.0
chr20	-134	0	3.0	0.0
chr20	-133	0	3.0	0.0
chr20	-132	0	3.0	0.0
chr20	-131	0	3.0	0.0
chr20	-130	0	3.0	0.0
chr20	-129	0	4.0	0.0
chr20	-128	0	4.0	0.0
chr20	-127	0	5.0	0.0
chr20	-126	0	27.0	0.0
chr20	-125	0	61.0	0.0
chr20	-124	0	111.0	0.0
chr20	-123	2	153.0	1.3071895424836601
chr20	-122	0	209.0	0.0
chr20	-121	1	262.0	0.38167938931297707
chr20	-120	1	305.0	0.32786885245901637
chr20	-119	1	370.0	0.2702702702702703
chr20	-118	1	452.0	0.22123893805309736
chr20	-117	1	538.0	0.18587360594795538
chr20	-116	0	607.0	0.0
chr20	-115	4	689.0	0.5805515239477503
chr20	-114	3	771.0	0.38910505836575876
chr20	-113	1	842.0	0.11876484560570072
chr20	-112	2	933.0	0.21436227224008575
chr20	-111	9	1029.0	0.8746355685131195
chr20	-110	1	1111.0	0.09000900090009001
chr20	-109	0	1191.0	0.0
chr20	-108	2	1292.0	0.15479876160990713
chr20	-107	0	1376.0	0.0
chr20	-106	3	1454.0	0.20632737276478677
chr20	-105	0	1557.0	0.0
chr20	-104	1	1625.0	0.06153846153846154
chr20	-103	4	1704.0	0.2347417840375587
chr20	-102	0	1819.0	0.0
chr20	-101	3	1885.0	0.15915119363395225
chr20	-100	1	1955.0	0.051150895140664954
chr20	-99	15	2037.0	0.7363770250368188
chr20	-98	6	2111.0	0.28422548555187116
chr20	-97	1	2188.0	0.04570383912248629
chr20	-96	12	2275.0	0.5274725274725275
chr20	-95	0	2348.0	0.0
chr20	-94	13	2415.0	0.5383022774327122
chr20	-93	3	2503.0	0.11985617259288853
chr20	-92	5	2586.0	0.19334880123743234
chr20	-91	3	2676.0	0.11210762331838565
chr20	-90	3	2769.0	0.10834236186348861
chr20	-89	9	2852.0	0.3155680224403927
chr20	-88	3	2934.0	0.10224948875255625
chr20	-87	9	3017.0	0.2983095790520385
chr20	-86	8	3102.0	0.2578981302385558
chr20	-85	4	3199.0	0.12503907471084713
chr20	-84	14	3272.0	0.4278728606356968
chr20	-83	7	3357.0	0.20851951146857312
chr20	-82	14	3438.0	0.4072134962187318
chr20	-81	24	3509.0	0.6839555428897122
chr20	-80	16	3584.0	0.4464285714285714
chr20	-79	23	3659.0	0.6285870456408855
chr20	-78	5	3745.0	0.13351134846461948
chr20	-77	7	3824.0	0.18305439330543932
chr20	-76	4	3914.0	0.1021972406745018
chr20	-75	20	4004.0	0.4995004995004995
chr20	-74	13	4083.0	0.31839333823169236
chr20	-73	12	4201.0	0.28564627469650083
chr20	-72	4	4289.0	0.09326183259501049
chr20	-71	9	4361.0	0.20637468470534281
chr20	-70	10	4443.0	0.22507314877335136
chr20	-69	6	4542.0	0.13210039630118892
chr20	-68	7	4629.0	0.1512205659969756
chr20	-67	26	4696.0	0.5536626916524702
chr20	-66	6	4758.0	0.12610340479192939
chr20	-65	8	4816.0	0.16611295681063123
chr20	-64	24	4897.0	0.49009597712885444
chr20	-63	7	4965.0	0.14098690835850958
chr20	-62	3	5023.0	0.05972526378658173
chr20	-61	16	5099.0	0.31378701706216905
chr20	-60	26	5183.0	0.5016399768473857
chr20	-59	17	5265.0	0.3228869895536562
chr20	-58	31	5338.0	0.5807418508804796
chr20	-57	7	5417.0	0.12922281705741184
chr20	-56	23	5502.0	0.41802980734278444
chr20	-55	10	5587.0	0.17898693395382137
chr20	-54	24	5657.0	0.42425313770549766
chr20	-53	8	5744.0	0.1392757660167131
chr20	-52	16	5829.0	0.27448962086121115
chr20	-51	8	5899.0	0.13561620613663333
chr20	-50	56	5975.0	0.9372384937238495
chr20	-49	33	6041.0	0.5462671743088893
chr20	-48	23	6138.0	0.3747148908439231
chr20	-47	9	6223.0	0.14462477904547646
chr20	-46	14	6299.0	0.2222575011906652
chr20	-45	35	6394.0	0.5473881764153895
chr20	-44	10	6483.0	0.1542495758136665
chr20	-43	26	6584.0	0.39489671931956255
chr20	-42	8	6676.0	0.11983223487118035
chr20	-41	30	6757.0	0.44398401657540326
chr20	-40	70	6831.0	1.0247401551749378
chr20	-39	5	6916.0	0.07229612492770388
chr20	-38	29	7011.0	0.4136357153045215
chr20	-37	16	7103.0	0.22525693368999014
chr20	-36	24	7175.0	0.3344947735191638
chr20	-35	11	7251.0	0.1517032133498828
chr20	-34	10	7332.0	0.13638843426077468
chr20	-33	36	7468.0	0.48205677557579
chr20	-32	28	7578.0	0.36949063077329114
chr20	-31	35	7706.0	0.4541915390604724
chr20	-30	14	7804.0	0.17939518195797027
chr20	-29	19	7880.0	0.24111675126903556
chr20	-28	16	7984.0	0.2004008016032064
chr20	-27	15	8090.0	0.1854140914709518
chr20	-26	12	8189.0	0.1465380388325803
chr20	-25	54	8302.0	0.6504456757407854
chr20	-24	16	8403.0	0.19040818755206473
chr20	-23	106	8498.0	1.247352318192516
chr20	-22	13	8585.0	0.151426907396622
chr20	-21	25	8682.0	0.28795208477309375
chr20	-20	62	8768.0	0.7071167883211679
chr20	-19	20	8845.0	0.22611644997173544
chr20	-18	13	8948.0	0.14528386231560125
chr20	-17	47	9043.0	0.519739024659958
chr20	-16	37	9154.0	0.4041948874808827
chr20	-15	19	9245.0	0.2055164954029205
chr20	-14	58	9324.0	0.6220506220506221
chr20	-13	33	9419.0	0.350355664083236
chr20	-12	34	9493.0	0.3581586432107869
chr20	-11	50	9660.0	0.5175983436853002
chr20	-10	22	9734.0	0.22601191699198686
chr20	-9	32	9743.0	0.32844093195114443
chr20	-8	95	9725.0	0.9768637532133676
chr20	-7	71	9744.0	0.7286535303776683
chr20	-6	29	9744.0	0.2976190476190476
chr20	-5	21	9744.0	0.21551724137931033
chr20	-4	35	9740.0	0.3593429158110883
chr20	-3	64	9726.0	0.6580300226197819
chr20	-2	42	9725.0	0.4318766066838046
chr20	-1	173	9721.0	1.7796522991461783
chr20	0	174	9551.0	1.8217987645272746
chr20	1	28	9483.0	0.2952652114309818
chr20	2	82	9422.0	0.8703035448949268
chr20	3	37	9362.0	0.3952146977141637
chr20	4	48	9288.0	0.516795865633075
chr20	5	45	9209.0	0.4886524052557281
chr20	6	95	9122.0	1.0414382810787108
chr20	7	108	9030.0	1.196013289036545
chr20	8	44	8948.0	0.49172999552972735
chr20	9	32	8844.0	0.3618272274988693
chr20	10	64	8769.0	0.7298437678184513
chr20	11	61	8661.0	0.7043066620482623
chr20	12	33	8588.0	0.38425710293432697
chr20	13	85	8504.0	0.9995296331138288
chr20	14	25	8416.0	0.2970532319391635
chr20	15	56	8320.0	0.6730769230769231
chr20	16	69	8231.0	0.8382942534321468
chr20	17	36	8137.0	0.4424234976035394
chr20	18	32	8054.0	0.3973181028060591
chr20	19	69	7965.0	0.8662900188323917
chr20	20	22	7857.0	0.28000509100165455
chr20	21	50	7763.0	0.6440808965606081
chr20	22	112	7680.0	1.4583333333333333
chr20	23	41	7570.0	0.5416116248348745
chr20	24	62	7489.0	0.8278808919748964
chr20	25	48	7386.0	0.6498781478472786
chr20	26	41	7288.0	0.5625686059275522
chr20	27	37	7229.0	0.5118273620141098
chr20	28	47	7154.0	0.6569751188146492
chr20	29	45	7084.0	0.6352343308865048
chr20	30	64	6996.0	0.9148084619782733
chr20	31	67	6919.0	0.9683480271715567
chr20	32	87	6785.0	1.2822402358142961
chr20	33	44	6684.0	0.6582884500299222
chr20	34	31	6611.0	0.4689154439570413
chr20	35	34	6524.0	0.5211526670754139
chr20	36	30	6469.0	0.4637501932292472
chr20	37	43	6381.0	0.6738755680927754
chr20	38	37	6283.0	0.5888906573293013
chr20	39	70	6208.0	1.1275773195876289
chr20	40	54	6119.0	0.8824971400555647
chr20	41	20	6021.0	0.33217073575817974
chr20	42	51	5938.0	0.8588750421017177
chr20	43	20	5866.0	0.34094783498124787
chr20	44	37	5771.0	0.6411367180731242
chr20	45	39	5674.0	0.6873457878040183
chr20	46	30	5611.0	0.5346640527535198
chr20	47	63	5526.0	1.1400651465798046
chr20	48	49	5456.0	0.8980938416422288
chr20	49	63	5372.0	1.172747580044676
chr20	50	26	5288.0	0.49167927382753407
chr20	51	29	5218.0	0.5557684936757379
chr20	52	15	5142.0	0.29171528588098017
chr20	53	21	5052.0	0.4156769596199525
chr20	54	31	4959.0	0.6251260334744909
chr20	55	30	4872.0	0.6157635467980296
chr20	56	15	4797.0	0.31269543464665417
chr20	57	25	4721.0	0.5295488244016098
chr20	58	30	4641.0	0.6464124111182934
chr20	59	23	4581.0	0.5020737830168085
chr20	60	22	4505.0	0.48834628190899
chr20	61	29	4412.0	0.657298277425204
chr20	62	29	4356.0	0.6657483930211203
chr20	63	41	4262.0	0.961989676208353
chr20	64	40	4188.0	0.9551098376313276
chr20	65	18	4128.0	0.436046511627907
chr20	66	31	4026.0	0.7699950322901143
chr20	67	22	3963.0	0.5551349987383295
chr20	68	27	3869.0	0.6978547428276041
chr20	69	22	3786.0	0.5810882197569995
chr20	70	28	3691.0	0.7586020048767272
chr20	71	19	3629.0	0.5235602094240838
chr20	72	41	3550.0	1.1549295774647887
chr20	73	23	3472.0	0.6624423963133641
chr20	74	38	3392.0	1.1202830188679245
chr20	75	14	3324.0	0.421179302045728
chr20	76	19	3234.0	0.5875077303648732
chr20	77	24	3155.0	0.7606973058637084
chr20	78	34	3074.0	1.1060507482108002
chr20	79	26	2992.0	0.8689839572192514
chr20	80	20	2903.0	0.6889424733034791
chr20	81	21	2832.0	0.7415254237288136
chr20	82	8	2754.0	0.29048656499636893
chr20	83	23	2665.0	0.8630393996247656
chr20	84	20	2575.0	0.7766990291262136
chr20	85	11	2465.0	0.4462474645030426
chr20	86	21	2375.0	0.8842105263157894
chr20	87	18	2287.0	0.7870572802798426
chr20	88	15	2193.0	0.6839945280437756
chr20	89	11	2099.0	0.5240590757503573
chr20	90	13	2020.0	0.6435643564356436
chr20	91	12	1916.0	0.6263048016701461
chr20	92	16	1809.0	0.8844665561083471
chr20	93	24	1721.0	1.3945380592678676
chr20	94	9	1632.0	0.5514705882352942
chr20	95	9	1522.0	0.5913272010512484
chr20	96	5	1433.0	0.34891835310537334
chr20	97	5	1334.0	0.3748125937031484
chr20	98	13	1241.0	1.04754230459307
chr20	99	3	1157.0	0.25929127052722556
chr20	100	7	1073.0	0.65237651444548
chr20	101	9	998.0	0.9018036072144289
chr20	102	4	923.0	0.43336944745395445
chr20	103	5	828.0	0.6038647342995169
chr20	104	7	757.0	0.9247027741083224
chr20	105	3	675.0	0.4444444444444444
chr20	106	0	585.0	0.0
chr20	107	0	506.0	0.0
chr20	108	2	426.0	0.4694835680751174
chr20	109	1	353.0	0.28328611898017
chr20	110	5	264.0	1.893939393939394
chr20	111	0	203.0	0.0
chr20	112	1	145.0	0.6896551724137931
chr20	113	1	72.0	1.3888888888888888
chr20	114	0	26.0	0.0
chr20	115	0	0.0	nan
chr20	116	0	0.0	nan
chr20	117	0	0.0	nan
chr20	118	0	0.0	nan
chr20	119	0	0.0	nan
chr20	120	0	0.0	nan
chr20	121	0	0.0	nan
chr20	122	0	0.0	nan
chr20	123	0	0.0	nan
chr20	124	0	0.0	nan
chr20	125	0	0.0	nan
chr20	126	0	0.0	nan
chr20	127	0	0.0	nan
chr20	128	0	0.0	nan
chr20	129	0	0.0	nan
chr20	130	0	0.0	nan
chr20	131	0	0.0	nan
chr20	132	0	0.0	nan
chr20	133	0	0.0	nan
chr20	134	0	0.0	nan
chr20	135	0	0.0	nan
chr20	136	0	0.0	nan
chr21	-136	0	1.0	0.0
chr21	-135	0	1.0	0.0
chr21	-134	0	1.0	0.0
chr21	-133	0	1.0	0.0
chr21	-132	0	3.0	0.0
chr21	-131	0	6.0	0.0
chr21	-130	0	6.0	0.0
chr21	-129	0	6.0	0.0
chr21	-128	0	6.0	0.0
chr21	-127	0	6.0	0.0
chr21	-126	0	12.0	0.0
chr21	-125	1	22.0	4.545454545454546
chr21	-124	0	44.0	0.0
chr21	-123	0	52.0	0.0
chr21	-122	1	67.0	1.4925373134328357
chr21	-121	1	78.0	1.282051282051282
chr21	-120	0	99.0	0.0
chr21	-119	0	127.0	0.0
chr21	-118	7	143.0	4.895104895104895
chr21	-117	0	164.0	0.0
chr21	-116	0	185.0	0.0
chr21	-115	2	210.0	0.9523809523809524
chr21	-114	2	234.0	0.8547008547008548
chr21	-113	0	250.0	0.0
chr21	-112	0	278.0	0.0
chr21	-111	1	300.0	0.33333333333333337
chr21	-110	0	322.0	0.0
chr21	-109	0	336.0	0.0
chr21	-108	5	354.0	1.4124293785310735
chr21	-107	0	372.0	0.0
chr21	-106	1	396.0	0.25252525252525254
chr21	-105	2	421.0	0.4750593824228029
chr21	-104	1	439.0	0.22779043280182232
chr21	-103	0	468.0	0.0
chr21	-102	3	494.0	0.6072874493927125
chr21	-101	0	522.0	0.0
chr21	-100	1	542.0	0.18450184501845018
chr21	-99	2	566.0	0.35335689045936397
chr21	-98	0	583.0	0.0
chr21	-97	6	599.0	1.001669449081803
chr21	-96	1	625.0	0.16
chr21	-95	5	659.0	0.7587253414264037
chr21	-94	0	699.0	0.0
chr21	-93	1	724.0	0.13812154696132595
chr21	-92	4	739.0	0.5412719891745602
chr21	-91	0	766.0	0.0
chr21	-90	2	792.0	0.25252525252525254
chr21	-89	2	819.0	0.2442002442002442
chr21	-88	0	837.0	0.0
chr21	-87	6	862.0	0.6960556844547563
chr21	-86	1	881.0	0.11350737797956867
chr21	-85	0	903.0	0.0
chr21	-84	1	927.0	0.10787486515641855
chr21	-83	3	960.0	0.3125
chr21	-82	2	994.0	0.2012072434607646
chr21	-81	3	1035.0	0.2898550724637681
chr21	-80	3	1078.0	0.27829313543599254
chr21	-79	5	1126.0	0.4440497335701598
chr21	-78	0	1164.0	0.0
chr21	-77	3	1199.0	0.25020850708924103
chr21	-76	5	1212.0	0.4125412541254125
chr21	-75	0	1243.0	0.0
chr21	-74	12	1280.0	0.9375
chr21	-73	1	1304.0	0.07668711656441718
chr21	-72	2	1338.0	0.14947683109118087
chr21	-71	1	1367.0	0.0731528895391368
chr21	-70	2	1402.0	0.14265335235378032
chr21	-69	2	1420.0	0.14084507042253522
chr21	-68	0	1448.0	0.0
chr21	-67	21	1466.0	1.4324693042291952
chr21	-66	3	1501.0	0.19986675549633579
chr21	-65	16	1522.0	1.0512483574244416
chr21	-64	7	1547.0	0.4524886877828055
chr21	-63	0	1570.0	0.0
chr21	-62	2	1589.0	0.12586532410320958
chr21	-61	1	1615.0	0.061919504643962855
chr21	-60	1	1669.0	0.05991611743559017
chr21	-59	1	1692.0	0.0591016548463357
chr21	-58	1	1721.0	0.058105752469494475
chr21	-57	3	1745.0	0.17191977077363896
chr21	-56	3	1772.0	0.16930022573363432
chr21	-55	1	1801.0	0.055524708495280406
chr21	-54	1	1829.0	0.054674685620557675
chr21	-53	8	1857.0	0.4308023694130318
chr21	-52	3	1882.0	0.1594048884165781
chr21	-51	2	1917.0	0.10432968179447052
chr21	-50	27	1939.0	1.3924703455389376
chr21	-49	4	1966.0	0.20345879959308238
chr21	-48	3	1988.0	0.15090543259557343
chr21	-47	4	2025.0	0.19753086419753088
chr21	-46	4	2044.0	0.19569471624266144
chr21	-45	4	2076.0	0.1926782273603083
chr21	-44	11	2131.0	0.5161895823557016
chr21	-43	5	2151.0	0.23245002324500233
chr21	-42	2	2187.0	0.09144947416552354
chr21	-41	0	2201.0	0.0
chr21	-40	13	2227.0	0.5837449483610238
chr21	-39	2	2253.0	0.08877052818464269
chr21	-38	4	2277.0	0.1756697408871322
chr21	-37	5	2310.0	0.21645021645021645
chr21	-36	3	2343.0	0.12804097311139565
chr21	-35	5	2365.0	0.21141649048625794
chr21	-34	18	2409.0	0.7471980074719801
chr21	-33	3	2432.0	0.12335526315789473
chr21	-32	13	2470.0	0.5263157894736842
chr21	-31	14	2493.0	0.5615724027276374
chr21	-30	3	2520.0	0.11904761904761905
chr21	-29	5	2555.0	0.19569471624266144
chr21	-28	4	2580.0	0.15503875968992248
chr21	-27	5	2609.0	0.19164430816404754
chr21	-26	12	2633.0	0.45575389289783513
chr21	-25	14	2654.0	0.5275056518462697
chr21	-24	2	2686.0	0.07446016381236038
chr21	-23	25	2709.0	0.9228497600590625
chr21	-22	12	2727.0	0.44004400440044
chr21	-21	8	2762.0	0.2896451846488052
chr21	-20	3	2798.0	0.10721944245889921
chr21	-19	3	2838.0	0.10570824524312897
chr21	-18	9	2857.0	0.3150157507875394
chr21	-17	6	2884.0	0.20804438280166435
chr21	-16	5	2904.0	0.17217630853994492
chr21	-15	5	2919.0	0.17129153819801302
chr21	-14	13	2937.0	0.44262853251617296
chr21	-13	16	3003.0	0.5328005328005327
chr21	-12	4	3027.0	0.13214403700033034
chr21	-11	1	3064.0	0.03263707571801567
chr21	-10	7	3102.0	0.2256608639587363
chr21	-9	7	3102.0	0.2256608639587363
chr21	-8	11	3102.0	0.3546099290780142
chr21	-7	8	3102.0	0.2578981302385558
chr21	-6	6	3102.0	0.19342359767891684
chr21	-5	3	3102.0	0.09671179883945842
chr21	-4	13	3102.0	0.4190844616376531
chr21	-3	6	3102.0	0.19342359767891684
chr21	-2	5	3102.0	0.16118633139909735
chr21	-1	5	3102.0	0.16118633139909735
chr21	0	16	3041.0	0.5261427162117724
chr21	1	12	3025.0	0.39669421487603307
chr21	2	12	3002.0	0.39973351099267157
chr21	3	22	2985.0	0.7370184254606365
chr21	4	10	2961.0	0.33772374197906113
chr21	5	11	2932.0	0.3751705320600273
chr21	6	13	2916.0	0.4458161865569273
chr21	7	10	2887.0	0.3463803255975061
chr21	8	17	2866.0	0.5931612002791348
chr21	9	11	2847.0	0.3863716192483316
chr21	10	13	2809.0	0.4627981488074048
chr21	11	11	2787.0	0.3946896304269824
chr21	12	37	2768.0	1.3367052023121389
chr21	13	12	2726.0	0.4402054292002935
chr21	14	16	2714.0	0.5895357406042742
chr21	15	14	2701.0	0.518326545723806
chr21	16	8	2682.0	0.2982848620432513
chr21	17	12	2657.0	0.45163718479488146
chr21	18	12	2637.0	0.4550625711035267
chr21	19	8	2610.0	0.30651340996168586
chr21	20	10	2582.0	0.3872966692486445
chr21	21	17	2552.0	0.6661442006269592
chr21	22	27	2520.0	1.0714285714285714
chr21	23	10	2492.0	0.40128410914927765
chr21	24	14	2462.0	0.5686433793663688
chr21	25	11	2443.0	0.4502660663119116
chr21	26	13	2419.0	0.5374121537825548
chr21	27	8	2398.0	0.3336113427856547
chr21	28	5	2382.0	0.20990764063811923
chr21	29	7	2354.0	0.29736618521665253
chr21	30	26	2323.0	1.1192423590185105
chr21	31	13	2295.0	0.5664488017429194
chr21	32	10	2260.0	0.4424778761061947
chr21	33	34	2238.0	1.519213583556747
chr21	34	7	2214.0	0.31616982836495033
chr21	35	18	2183.0	0.8245533669262484
chr21	36	6	2148.0	0.27932960893854747
chr21	37	12	2125.0	0.5647058823529412
chr21	38	13	2094.0	0.620821394460363
chr21	39	17	2073.0	0.8200675349734683
chr21	40	15	2036.0	0.7367387033398821
chr21	41	8	2006.0	0.3988035892323031
chr21	42	8	1977.0	0.4046535154274153
chr21	43	17	1929.0	0.8812856402280975
chr21	44	7	1883.0	0.37174721189591076
chr21	45	5	1846.0	0.27085590465872156
chr21	46	6	1821.0	0.3294892915980231
chr21	47	9	1785.0	0.5042016806722689
chr21	48	7	1762.0	0.39727582292849034
chr21	49	22	1749.0	1.257861635220126
chr21	50	4	1716.0	0.2331002331002331
chr21	51	8	1681.0	0.4759071980963712
chr21	52	1	1651.0	0.06056935190793458
chr21	53	4	1621.0	0.24676125848241826
chr21	54	5	1596.0	0.3132832080200501
chr21	55	9	1564.0	0.5754475703324808
chr21	56	7	1548.0	0.45219638242894056
chr21	57	3	1529.0	0.1962066710268149
chr21	58	5	1490.0	0.33557046979865773
chr21	59	4	1462.0	0.27359781121751026
chr21	60	6	1441.0	0.4163775156141568
chr21	61	6	1424.0	0.42134831460674155
chr21	62	4	1395.0	0.2867383512544803
chr21	63	6	1359.0	0.44150110375275936
chr21	64	14	1330.0	1.0526315789473684
chr21	65	8	1306.0	0.6125574272588056
chr21	66	21	1272.0	1.650943396226415
chr21	67	5	1245.0	0.4016064257028112
chr21	68	1	1217.0	0.08216926869350863
chr21	69	6	1183.0	0.5071851225697379
chr21	70	7	1168.0	0.5993150684931506
chr21	71	9	1135.0	0.7929515418502203
chr21	72	3	1102.0	0.27223230490018147
chr21	73	14	1084.0	1.2915129151291513
chr21	74	2	1054.0	0.18975332068311196
chr21	75	9	1035.0	0.8695652173913043
chr21	76	7	1008.0	0.6944444444444444
chr21	77	3	980.0	0.30612244897959184
chr21	78	18	958.0	1.8789144050104383
chr21	79	4	926.0	0.4319654427645789
chr21	80	8	900.0	0.8888888888888888
chr21	81	4	869.0	0.46029919447640966
chr21	82	5	831.0	0.601684717208183
chr21	83	4	800.0	0.5
chr21	84	1	778.0	0.12853470437017994
chr21	85	5	750.0	0.6666666666666667
chr21	86	6	723.0	0.8298755186721992
chr21	87	5	699.0	0.7153075822603719
chr21	88	4	664.0	0.6024096385542169
chr21	89	1	631.0	0.15847860538827258
chr21	90	5	593.0	0.8431703204047217
chr21	91	4	562.0	0.7117437722419928
chr21	92	1	534.0	0.18726591760299627
chr21	93	2	518.0	0.3861003861003861
chr21	94	0	500.0	0.0
chr21	95	1	469.0	0.21321961620469082
chr21	96	3	435.0	0.6896551724137931
chr21	97	2	407.0	0.4914004914004914
chr21	98	4	386.0	1.0362694300518136
chr21	99	2	367.0	0.544959128065395
chr21	100	0	343.0	0.0
chr21	101	3	313.0	0.9584664536741214
chr21	102	0	291.0	0.0
chr21	103	0	267.0	0.0
chr21	104	1	238.0	0.42016806722689076
chr21	105	0	214.0	0.0
chr21	106	0	186.0	0.0
chr21	107	4	166.0	2.4096385542168677
chr21	108	1	144.0	0.6944444444444444
chr21	109	0	121.0	0.0
chr21	110	0	102.0	0.0
chr21	111	0	83.0	0.0
chr21	112	0	53.0	0.0
chr21	113	0	30.0	0.0
chr21	114	0	15.0	0.0
chr21	115	0	0.0	nan
chr21	116	0	0.0	nan
chr21	117	0	0.0	nan
chr21	118	0	0.0	nan
chr21	119	0	0.0	nan
chr21	120	0	0.0	nan
chr21	121	0	0.0	nan
chr21	122	0	0.0	nan
chr21	123	0	0.0	nan
chr21	124	0	0.0	nan
chr21	125	0	0.0	nan
chr21	126	0	0.0	nan
chr21	127	0	0.0	nan
chr21	128	0	0.0	nan
chr22	-126	0	12.0	0.0
chr22	-125	0	20.0	0.0
chr22	-124	0	32.0	0.0
chr22	-123	0	41.0	0.0
chr22	-122	0	52.0	0.0
chr22	-121	1	71.0	1.4084507042253522
chr22	-120	0	88.0	0.0
chr22	-119	0	104.0	0.0
chr22	-118	0	114.0	0.0
chr22	-117	1	124.0	0.8064516129032258
chr22	-116	0	136.0	0.0
chr22	-115	1	142.0	0.7042253521126761
chr22	-114	0	154.0	0.0
chr22	-113	0	176.0	0.0
chr22	-112	0	192.0	0.0
chr22	-111	0	213.0	0.0
chr22	-110	0	222.0	0.0
chr22	-109	1	238.0	0.42016806722689076
chr22	-108	0	261.0	0.0
chr22	-107	0	269.0	0.0
chr22	-106	5	283.0	1.76678445229682
chr22	-105	0	299.0	0.0
chr22	-104	0	311.0	0.0
chr22	-103	4	332.0	1.2048192771084338
chr22	-102	0	351.0	0.0
chr22	-101	1	369.0	0.27100271002710025
chr22	-100	1	386.0	0.2590673575129534
chr22	-99	1	400.0	0.25
chr22	-98	2	412.0	0.48543689320388345
chr22	-97	0	437.0	0.0
chr22	-96	2	446.0	0.4484304932735426
chr22	-95	1	465.0	0.21505376344086022
chr22	-94	1	488.0	0.20491803278688525
chr22	-93	2	507.0	0.39447731755424065
chr22	-92	1	529.0	0.1890359168241966
chr22	-91	1	547.0	0.18281535648994515
chr22	-90	4	571.0	0.7005253940455342
chr22	-89	0	588.0	0.0
chr22	-88	0	608.0	0.0
chr22	-87	0	631.0	0.0
chr22	-86	2	647.0	0.3091190108191654
chr22	-85	1	663.0	0.1508295625942685
chr22	-84	0	670.0	0.0
chr22	-83	5	689.0	0.7256894049346879
chr22	-82	0	699.0	0.0
chr22	-81	1	721.0	0.13869625520110956
chr22	-80	1	746.0	0.13404825737265416
chr22	-79	0	763.0	0.0
chr22	-78	2	791.0	0.2528445006321113
chr22	-77	0	798.0	0.0
chr22	-76	1	823.0	0.12150668286755771
chr22	-75	0	841.0	0.0
chr22	-74	2	850.0	0.2352941176470588
chr22	-73	1	867.0	0.11534025374855825
chr22	-72	1	883.0	0.11325028312570783
chr22	-71	0	905.0	0.0
chr22	-70	0	926.0	0.0
chr22	-69	7	935.0	0.7486631016042781
chr22	-68	19	931.0	2.0408163265306123
chr22	-67	4	969.0	0.41279669762641896
chr22	-66	1	983.0	0.10172939979654119
chr22	-65	2	1002.0	0.19960079840319359
chr22	-64	1	1021.0	0.0979431929480901
chr22	-63	7	1051.0	0.6660323501427212
chr22	-62	17	1070.0	1.588785046728972
chr22	-61	12	1084.0	1.107011070110701
chr22	-60	1	1099.0	0.09099181073703368
chr22	-59	13	1118.0	1.1627906976744187
chr22	-58	2	1137.0	0.1759014951627089
chr22	-57	1	1145.0	0.08733624454148471
chr22	-56	2	1161.0	0.17226528854435832
chr22	-55	1	1185.0	0.08438818565400844
chr22	-54	5	1204.0	0.41528239202657813
chr22	-53	0	1222.0	0.0
chr22	-52	0	1237.0	0.0
chr22	-51	1	1246.0	0.08025682182985554
chr22	-50	0	1262.0	0.0
chr22	-49	6	1277.0	0.4698512137823023
chr22	-48	0	1301.0	0.0
chr22	-47	0	1312.0	0.0
chr22	-46	3	1324.0	0.22658610271903326
chr22	-45	6	1344.0	0.4464285714285714
chr22	-44	5	1353.0	0.36954915003695493
chr22	-43	3	1374.0	0.21834061135371177
chr22	-42	2	1388.0	0.1440922190201729
chr22	-41	2	1404.0	0.14245014245014245
chr22	-40	4	1414.0	0.2828854314002829
chr22	-39	12	1430.0	0.8391608391608392
chr22	-38	6	1451.0	0.41350792556857335
chr22	-37	2	1467.0	0.136332651670075
chr22	-36	5	1491.0	0.335345405767941
chr22	-35	3	1503.0	0.19960079840319359
chr22	-34	4	1524.0	0.26246719160104987
chr22	-33	2	1536.0	0.13020833333333331
chr22	-32	8	1561.0	0.5124919923126201
chr22	-31	16	1575.0	1.0158730158730158
chr22	-30	3	1598.0	0.18773466833541927
chr22	-29	20	1613.0	1.2399256044637323
chr22	-28	2	1630.0	0.1226993865030675
chr22	-27	3	1650.0	0.18181818181818182
chr22	-26	2	1665.0	0.12012012012012012
chr22	-25	10	1681.0	0.594883997620464
chr22	-24	10	1701.0	0.5878894767783657
chr22	-23	11	1718.0	0.6402793946449359
chr22	-22	2	1749.0	0.11435105774728416
chr22	-21	2	1770.0	0.11299435028248588
chr22	-20	7	1784.0	0.3923766816143498
chr22	-19	5	1779.0	0.2810567734682406
chr22	-18	13	1830.0	0.7103825136612022
chr22	-17	25	1850.0	1.3513513513513513
chr22	-16	9	1872.0	0.4807692307692308
chr22	-15	4	1895.0	0.21108179419525064
chr22	-14	4	1926.0	0.20768431983385255
chr22	-13	2	1944.0	0.102880658436214
chr22	-12	7	1968.0	0.35569105691056907
chr22	-11	11	1993.0	0.5519317611640743
chr22	-10	5	2013.0	0.24838549428713363
chr22	-9	4	2013.0	0.19870839542970692
chr22	-8	9	2013.0	0.44709388971684055
chr22	-7	2	2013.0	0.09935419771485346
chr22	-6	7	2013.0	0.34773969200198707
chr22	-5	6	2013.0	0.29806259314456035
chr22	-4	12	2013.0	0.5961251862891207
chr22	-3	5	2013.0	0.24838549428713363
chr22	-2	8	2013.0	0.39741679085941384
chr22	-1	11	2013.0	0.546448087431694
chr22	0	8	1964.0	0.40733197556008144
chr22	1	2	1948.0	0.10266940451745381
chr22	2	10	1934.0	0.5170630816959669
chr22	3	18	1917.0	0.9389671361502347
chr22	4	11	1902.0	0.5783385909568874
chr22	5	4	1890.0	0.21164021164021166
chr22	6	7	1882.0	0.37194473963868224
chr22	7	6	1870.0	0.32085561497326204
chr22	8	6	1858.0	0.32292787944025836
chr22	9	6	1835.0	0.32697547683923706
chr22	10	6	1822.0	0.3293084522502744
chr22	11	9	1804.0	0.4988913525498891
chr22	12	9	1785.0	0.5042016806722689
chr22	13	6	1755.0	0.3418803418803419
chr22	14	10	1736.0	0.5760368663594471
chr22	15	10	1722.0	0.5807200929152149
chr22	16	21	1709.0	1.2287887653598597
chr22	17	9	1679.0	0.5360333531864204
chr22	18	13	1639.0	0.7931665649786455
chr22	19	7	1640.0	0.426829268292683
chr22	20	8	1627.0	0.4917025199754148
chr22	21	14	1617.0	0.8658008658008658
chr22	22	8	1571.0	0.5092297899427116
chr22	23	13	1553.0	0.8370895041854475
chr22	24	21	1545.0	1.3592233009708738
chr22	25	9	1522.0	0.5913272010512484
chr22	26	5	1500.0	0.33333333333333337
chr22	27	11	1490.0	0.738255033557047
chr22	28	13	1465.0	0.8873720136518772
chr22	29	4	1446.0	0.2766251728907331
chr22	30	16	1431.0	1.1180992313067784
chr22	31	3	1414.0	0.21216407355021216
chr22	32	6	1385.0	0.4332129963898917
chr22	33	3	1371.0	0.2188183807439825
chr22	34	6	1355.0	0.44280442804428044
chr22	35	3	1338.0	0.2242152466367713
chr22	36	7	1327.0	0.5275056518462697
chr22	37	4	1306.0	0.3062787136294028
chr22	38	19	1283.0	1.4809041309431021
chr22	39	5	1276.0	0.3918495297805642
chr22	40	4	1265.0	0.31620553359683795
chr22	41	3	1251.0	0.2398081534772182
chr22	42	6	1232.0	0.487012987012987
chr22	43	16	1213.0	1.3190436933223413
chr22	44	15	1189.0	1.2615643397813288
chr22	45	10	1171.0	0.8539709649871904
chr22	46	5	1141.0	0.43821209465381245
chr22	47	9	1126.0	0.7992895204262878
chr22	48	20	1098.0	1.8214936247723135
chr22	49	4	1082.0	0.36968576709796674
chr22	50	4	1066.0	0.37523452157598497
chr22	51	10	1068.0	0.9363295880149813
chr22	52	5	1044.0	0.4789272030651341
chr22	53	18	1035.0	1.7391304347826086
chr22	54	8	1015.0	0.7881773399014778
chr22	55	6	994.0	0.6036217303822937
chr22	56	4	979.0	0.40858018386108275
chr22	57	5	963.0	0.5192107995846313
chr22	58	19	954.0	1.9916142557651992
chr22	59	6	944.0	0.6355932203389831
chr22	60	6	920.0	0.6521739130434783
chr22	61	20	900.0	2.2222222222222223
chr22	62	21	881.0	2.383654937570942
chr22	63	0	861.0	0.0
chr22	64	5	847.0	0.5903187721369539
chr22	65	9	832.0	1.0817307692307692
chr22	66	1	818.0	0.12224938875305623
chr22	67	11	764.0	1.4397905759162304
chr22	68	11	773.0	1.423027166882277
chr22	69	4	743.0	0.5383580080753702
chr22	70	7	724.0	0.9668508287292817
chr22	71	1	699.0	0.14306151645207438
chr22	72	4	682.0	0.5865102639296188
chr22	73	5	685.0	0.7299270072992701
chr22	74	5	676.0	0.7396449704142012
chr22	75	8	660.0	1.2121212121212122
chr22	76	8	645.0	1.2403100775193798
chr22	77	5	624.0	0.8012820512820512
chr22	78	1	612.0	0.16339869281045752
chr22	79	2	600.0	0.33333333333333337
chr22	80	7	580.0	1.206896551724138
chr22	81	5	565.0	0.8849557522123894
chr22	82	10	544.0	1.8382352941176472
chr22	83	4	519.0	0.7707129094412332
chr22	84	2	507.0	0.39447731755424065
chr22	85	13	495.0	2.6262626262626263
chr22	86	1	479.0	0.20876826722338201
chr22	87	3	458.0	0.6550218340611353
chr22	88	2	445.0	0.44943820224719105
chr22	89	3	421.0	0.7125890736342043
chr22	90	7	411.0	1.70316301703163
chr22	91	4	395.0	1.0126582278481013
chr22	92	4	377.0	1.0610079575596816
chr22	93	3	361.0	0.8310249307479225
chr22	94	2	343.0	0.5830903790087464
chr22	95	9	318.0	2.8301886792452833
chr22	96	2	308.0	0.6493506493506493
chr22	97	6	289.0	2.0761245674740483
chr22	98	1	271.0	0.36900369003690037
chr22	99	1	252.0	0.3968253968253968
chr22	100	0	236.0	0.0
chr22	101	2	213.0	0.9389671361502347
chr22	102	2	200.0	1.0
chr22	103	3	180.0	1.6666666666666667
chr22	104	0	168.0	0.0
chr22	105	1	142.0	0.7042253521126761
chr22	106	2	118.0	1.694915254237288
chr22	107	0	105.0	0.0
chr22	108	1	86.0	1.1627906976744187
chr22	109	0	70.0	0.0
chr22	110	0	52.0	0.0
chr22	111	0	39.0	0.0
chr22	112	0	24.0	0.0
chr22	113	1	13.0	7.6923076923076925
chr22	114	0	6.0	0.0
chr22	115	0	0.0	nan
chr22	116	0	0.0	nan
chr22	117	0	0.0	nan
chr22	118	0	0.0	nan
chr22	119	0	0.0	nan
chr22	120	0	0.0	nan
chr22	121	0	0.0	nan
chr22	122	0	0.0	nan
chr22	123	0	0.0	nan
chr22	124	0	0.0	nan
chr22	125	0	0.0	nan
chr22	126	0	0.0	nan
chr22	127	0	0.0	nan
chr22	128	0	0.0	nan
chr22	129	0	0.0	nan
chr22	130	0	0.0	nan
chrX	-140	0	0.0	nan
chrX	-139	0	3.0	0.0
chrX	-138	0	3.0	0.0
chrX	-137	0	3.0	0.0
chrX	-136	2	3.0	66.66666666666666
chrX	-135	0	3.0	0.0
chrX	-134	0	4.0	0.0
chrX	-133	0	4.0	0.0
chrX	-132	0	4.0	0.0
chrX	-131	0	4.0	0.0
chrX	-130	0	4.0	0.0
chrX	-129	0	4.0	0.0
chrX	-128	0	6.0	0.0
chrX	-127	0	12.0	0.0
chrX	-126	0	63.0	0.0
chrX	-125	0	132.0	0.0
chrX	-124	1	217.0	0.4608294930875576
chrX	-123	0	324.0	0.0
chrX	-122	2	443.0	0.4514672686230248
chrX	-121	1	565.0	0.17699115044247787
chrX	-120	0	659.0	0.0
chrX	-119	2	750.0	0.26666666666666666
chrX	-118	0	862.0	0.0
chrX	-117	0	995.0	0.0
chrX	-116	1	1109.0	0.09017132551848511
chrX	-115	3	1233.0	0.24330900243309003
chrX	-114	0	1370.0	0.0
chrX	-113	2	1510.0	0.13245033112582782
chrX	-112	4	1641.0	0.2437538086532602
chrX	-111	3	1766.0	0.16987542468856173
chrX	-110	4	1905.0	0.2099737532808399
chrX	-109	1	2043.0	0.048947626040137054
chrX	-108	1	2159.0	0.04631773969430292
chrX	-107	1	2301.0	0.0434593654932638
chrX	-106	1	2426.0	0.041220115416323165
chrX	-105	3	2561.0	0.11714174150722373
chrX	-104	8	2697.0	0.29662588060808304
chrX	-103	2	2858.0	0.06997900629811056
chrX	-102	3	3000.0	0.1
chrX	-101	0	3137.0	0.0
chrX	-100	6	3265.0	0.18376722817764166
chrX	-99	1	3394.0	0.02946375957572186
chrX	-98	3	3543.0	0.0846740050804403
chrX	-97	9	3672.0	0.24509803921568626
chrX	-96	2	3840.0	0.052083333333333336
chrX	-95	5	3966.0	0.12607160867372666
chrX	-94	2	4138.0	0.04833252779120348
chrX	-93	7	4295.0	0.1629802095459837
chrX	-92	2	4444.0	0.045004500450045004
chrX	-91	3	4603.0	0.0651748859439496
chrX	-90	1	4741.0	0.02109259649862898
chrX	-89	7	4876.0	0.1435602953240361
chrX	-88	5	5009.0	0.09982032341784787
chrX	-87	5	5133.0	0.09740892265731542
chrX	-86	15	5284.0	0.2838758516275549
chrX	-85	5	5412.0	0.09238728750923873
chrX	-84	8	5563.0	0.14380729822038468
chrX	-83	10	5696.0	0.17556179775280897
chrX	-82	5	5826.0	0.08582217645039478
chrX	-81	7	5981.0	0.11703728473499415
chrX	-80	14	6103.0	0.22939537932164508
chrX	-79	6	6261.0	0.09583133684714902
chrX	-78	19	6422.0	0.2958579881656805
chrX	-77	3	6568.0	0.045676004872107184
chrX	-76	12	6686.0	0.17947950942267424
chrX	-75	22	6854.0	0.32098044937262915
chrX	-74	10	6994.0	0.14297969688304263
chrX	-73	17	7107.0	0.23920078795553681
chrX	-72	6	7240.0	0.08287292817679558
chrX	-71	5	7385.0	0.06770480704129993
chrX	-70	8	7526.0	0.10629816635663034
chrX	-69	28	7687.0	0.3642513334200599
chrX	-68	26	7870.0	0.3303684879288437
chrX	-67	10	7993.0	0.12510947078693857
chrX	-66	13	8118.0	0.1601379650160138
chrX	-65	13	8268.0	0.15723270440251574
chrX	-64	32	8429.0	0.37964171313323053
chrX	-63	17	8580.0	0.19813519813519814
chrX	-62	19	8727.0	0.21771513693136244
chrX	-61	3	8860.0	0.03386004514672686
chrX	-60	8	9005.0	0.08883953359244864
chrX	-59	13	9163.0	0.1418749317908982
chrX	-58	18	9292.0	0.19371502367628068
chrX	-57	17	9443.0	0.18002753362278937
chrX	-56	13	9600.0	0.13541666666666669
chrX	-55	21	9741.0	0.21558361564521095
chrX	-54	14	9882.0	0.14167172637117992
chrX	-53	11	9991.0	0.11009908918026225
chrX	-52	17	10154.0	0.16742170573173135
chrX	-51	12	10309.0	0.11640314288485788
chrX	-50	27	10427.0	0.25894312841661077
chrX	-49	45	10561.0	0.42609601363507243
chrX	-48	15	10711.0	0.14004294650359445
chrX	-47	8	10867.0	0.07361737370019325
chrX	-46	14	10984.0	0.12745812090313183
chrX	-45	27	11130.0	0.24258760107816713
chrX	-44	18	11267.0	0.15975858702405255
chrX	-43	26	11403.0	0.228010172761554
chrX	-42	31	11549.0	0.2684215083557018
chrX	-41	25	11718.0	0.2133469875405359
chrX	-40	33	11868.0	0.2780586450960566
chrX	-39	47	12023.0	0.39091740830075694
chrX	-38	15	12191.0	0.1230415880567632
chrX	-37	20	12328.0	0.16223231667748217
chrX	-36	16	12465.0	0.12835940633774567
chrX	-35	27	12609.0	0.21413276231263384
chrX	-34	17	12777.0	0.13305157705251625
chrX	-33	52	12919.0	0.4025079340506231
chrX	-32	18	13065.0	0.1377726750861079
chrX	-31	46	13214.0	0.3481156349326472
chrX	-30	23	13386.0	0.1718213058419244
chrX	-29	17	13526.0	0.12568386810587018
chrX	-28	24	13690.0	0.17531044558071585
chrX	-27	20	13849.0	0.14441475918838903
chrX	-26	58	14035.0	0.4132525828286427
chrX	-25	35	14193.0	0.24660043683505953
chrX	-24	43	14363.0	0.299380352294089
chrX	-23	26	14483.0	0.17952081751018437
chrX	-22	30	14643.0	0.2048760499897562
chrX	-21	78	14785.0	0.5275617179573893
chrX	-20	55	14922.0	0.36858329982576066
chrX	-19	31	15106.0	0.20521647027671122
chrX	-18	29	15278.0	0.18981542086660558
chrX	-17	44	15432.0	0.2851218247796786
chrX	-16	35	15571.0	0.22477682872005653
chrX	-15	31	15759.0	0.1967129894028809
chrX	-14	57	15957.0	0.35721000188005264
chrX	-13	68	16155.0	0.42092231507273287
chrX	-12	47	16330.0	0.2878138395590937
chrX	-11	34	16529.0	0.2056990743541654
chrX	-10	58	16738.0	0.34651690763532084
chrX	-9	41	16740.0	0.24492234169653523
chrX	-8	44	16740.0	0.2628434886499403
chrX	-7	47	16740.0	0.28076463560334525
chrX	-6	71	16740.0	0.42413381123058547
chrX	-5	48	16741.0	0.2867212233438862
chrX	-4	91	16764.0	0.542829873538535
chrX	-3	57	16766.0	0.33997375641178573
chrX	-2	40	16735.0	0.23902001792650132
chrX	-1	123	16720.0	0.7356459330143541
chrX	0	169	16366.0	1.0326286203103996
chrX	1	42	16216.0	0.2590034533793784
chrX	2	70	16098.0	0.43483662566778486
chrX	3	114	15949.0	0.7147783560097811
chrX	4	67	15786.0	0.4244267072089193
chrX	5	88	15628.0	0.5630918863578193
chrX	6	73	15510.0	0.4706640876853642
chrX	7	64	15359.0	0.4166937951689563
chrX	8	60	15229.0	0.39398515989231075
chrX	9	61	15093.0	0.4041608692771484
chrX	10	58	14952.0	0.3879079721776351
chrX	11	53	14784.0	0.358495670995671
chrX	12	67	14651.0	0.4573066684867927
chrX	13	61	14502.0	0.4206316370155841
chrX	14	57	14386.0	0.39621854580842486
chrX	15	49	14228.0	0.34439134101771157
chrX	16	66	14096.0	0.4682179341657208
chrX	17	48	13940.0	0.3443328550932568
chrX	18	44	13823.0	0.31831006293858066
chrX	19	80	13668.0	0.585308750365818
chrX	20	93	13534.0	0.6871582680656125
chrX	21	41	13387.0	0.30626727422125943
chrX	22	53	13226.0	0.4007258430364434
chrX	23	41	13097.0	0.31304878979919065
chrX	24	60	12975.0	0.46242774566473993
chrX	25	97	12804.0	0.7575757575757576
chrX	26	38	12664.0	0.30006317119393555
chrX	27	59	12518.0	0.47132129733184214
chrX	28	49	12374.0	0.3959915952804267
chrX	29	43	12231.0	0.35156569372904917
chrX	30	50	12065.0	0.4144218814753419
chrX	31	42	11916.0	0.35246727089627394
chrX	32	54	11752.0	0.4594962559564329
chrX	33	46	11616.0	0.3960055096418733
chrX	34	54	11450.0	0.4716157205240175
chrX	35	38	11317.0	0.3357780330476275
chrX	36	37	11172.0	0.33118510562119585
chrX	37	45	11057.0	0.4069820023514516
chrX	38	90	10910.0	0.8249312557286892
chrX	39	39	10788.0	0.3615127919911012
chrX	40	57	10680.0	0.5337078651685393
chrX	41	46	10529.0	0.4368885934086808
chrX	42	40	10368.0	0.38580246913580246
chrX	43	49	10256.0	0.47776911076443057
chrX	44	31	10092.0	0.3071739992072929
chrX	45	37	9937.0	0.3723457784039449
chrX	46	34	9793.0	0.34718676605738796
chrX	47	42	9664.0	0.4346026490066225
chrX	48	49	9514.0	0.5150304813958377
chrX	49	44	9359.0	0.47013569825836093
chrX	50	42	9217.0	0.4556797222523598
chrX	51	39	9089.0	0.4290901089228738
chrX	52	29	8938.0	0.3244573730140971
chrX	53	41	8812.0	0.4652746255106673
chrX	54	54	8645.0	0.6246385193753615
chrX	55	41	8474.0	0.4838329006372434
chrX	56	32	8339.0	0.38373905744094017
chrX	57	47	8197.0	0.5733805050628278
chrX	58	31	8054.0	0.38490191209336977
chrX	59	37	7925.0	0.4668769716088328
chrX	60	32	7782.0	0.41120534566949374
chrX	61	64	7636.0	0.8381351492928235
chrX	62	41	7496.0	0.5469583778014941
chrX	63	56	7338.0	0.7631507222676479
chrX	64	39	7192.0	0.5422691879866518
chrX	65	22	7062.0	0.3115264797507788
chrX	66	38	6911.0	0.5498480682969179
chrX	67	38	6779.0	0.5605546540787727
chrX	68	39	6619.0	0.5892128720350506
chrX	69	29	6487.0	0.447047942037922
chrX	70	33	6353.0	0.5194396348181961
chrX	71	26	6216.0	0.41827541827541825
chrX	72	23	6080.0	0.3782894736842105
chrX	73	29	5910.0	0.4906937394247039
chrX	74	27	5761.0	0.4686686339177226
chrX	75	28	5612.0	0.4989308624376337
chrX	76	24	5478.0	0.43811610076670315
chrX	77	36	5311.0	0.6778384485031067
chrX	78	15	5193.0	0.28885037550548814
chrX	79	19	5052.0	0.3760886777513856
chrX	80	29	4911.0	0.5905110975361434
chrX	81	14	4753.0	0.29455081001472755
chrX	82	19	4611.0	0.41205812188245505
chrX	83	20	4468.0	0.4476275738585497
chrX	84	28	4290.0	0.6526806526806527
chrX	85	25	4131.0	0.6051803437424352
chrX	86	24	3969.0	0.6046863189720333
chrX	87	21	3837.0	0.547302580140735
chrX	88	19	3690.0	0.5149051490514905
chrX	89	22	3547.0	0.6202424584155625
chrX	90	13	3402.0	0.3821281599059377
chrX	91	21	3235.0	0.6491499227202473
chrX	92	21	3084.0	0.6809338521400778
chrX	93	14	2945.0	0.4753820033955857
chrX	94	12	2786.0	0.4307250538406317
chrX	95	12	2626.0	0.456968773800457
chrX	96	11	2486.0	0.4424778761061947
chrX	97	10	2352.0	0.4251700680272109
chrX	98	11	2214.0	0.49683830171635046
chrX	99	16	2085.0	0.7673860911270983
chrX	100	8	1931.0	0.4142931123770067
chrX	101	7	1812.0	0.3863134657836645
chrX	102	8	1676.0	0.47732696897374705
chrX	103	7	1516.0	0.46174142480211083
chrX	104	7	1344.0	0.5208333333333333
chrX	105	6	1201.0	0.4995836802664446
chrX	106	4	1047.0	0.38204393505253104
chrX	107	4	883.0	0.4530011325028313
chrX	108	3	779.0	0.38510911424903727
chrX	109	1	614.0	0.16286644951140067
chrX	110	2	477.0	0.41928721174004197
chrX	111	2	351.0	0.5698005698005698
chrX	112	0	227.0	0.0
chrX	113	0	120.0	0.0
chrX	114	1	61.0	1.639344262295082
chrX	115	0	0.0	nan
chrX	116	0	0.0	nan
chrX	117	0	0.0	nan
chrX	118	0	0.0	nan
chrX	119	0	0.0	nan
chrX	120	0	0.0	nan
chrX	121	0	0.0	nan
chrX	122	0	0.0	nan
chrX	123	0	0.0	nan
chrX	124	0	0.0	nan
chrX	125	0	0.0	nan
chrX	126	0	0.0	nan
chrX	127	0	0.0	nan
chrX	128	0	0.0	nan
chrX	129	0	0.0	nan
chrX	130	0	0.0	nan
chrX	131	0	0.0	nan
chrX	132	0	0.0	nan
chrX	133	0	0.0	nan
chrX	134	0	0.0	nan
chrX	135	0	0.0	nan
chrX	136	0	0.0	nan
chrX	137	0	0.0	nan
chrX	138	0	0.0	nan
chrX	139	0	0.0	nan
chrX	140	0	0.0	nan
chrX	141	0	0.0	nan
chrX	142	0	0.0	nan
chrX	143	0	0.0	nan
chrX	144	0	0.0	nan
chrX	145	0	0.0	nan
chrX	146	0	0.0	nan
chrX	147	0	0.0	nan
chrX	148	0	0.0	nan
