chr1	-149	0	0.0	nan
chr1	-148	0	0.0	nan
chr1	-147	0	0.0	nan
chr1	-146	0	0.0	nan
chr1	-145	0	0.0	nan
chr1	-144	0	0.0	nan
chr1	-143	0	0.0	nan
chr1	-142	0	0.0	nan
chr1	-141	0	0.0	nan
chr1	-140	0	0.0	nan
chr1	-139	0	10.0	0.0
chr1	-138	0	11.0	0.0
chr1	-137	0	16.0	0.0
chr1	-136	0	21.0	0.0
chr1	-135	0	28.0	0.0
chr1	-134	0	46.0	0.0
chr1	-133	1	624.0	0.16025641025641024
chr1	-132	1	1464.0	0.06830601092896176
chr1	-131	1	2402.0	0.041631973355537054
chr1	-130	7	3399.0	0.20594292438952633
chr1	-129	6	4454.0	0.13471037269869782
chr1	-128	8	5497.0	0.14553392759687103
chr1	-127	11	6586.0	0.16702095353780747
chr1	-126	12	7690.0	0.15604681404421328
chr1	-125	15	8787.0	0.1707067258449983
chr1	-124	14	9859.0	0.1420022314636373
chr1	-123	10	10861.0	0.09207255317189945
chr1	-122	26	11848.0	0.21944632005401754
chr1	-121	11	12792.0	0.0859912445278299
chr1	-120	23	13793.0	0.16675125063437976
chr1	-119	35	14835.0	0.23592854735422988
chr1	-118	30	15829.0	0.18952555436224652
chr1	-117	37	16889.0	0.219077506069039
chr1	-116	33	17900.0	0.18435754189944134
chr1	-115	43	18963.0	0.22675736961451248
chr1	-114	54	19955.0	0.2706088699574042
chr1	-113	80	20979.0	0.381333714667048
chr1	-112	33	21983.0	0.1501159987262885
chr1	-111	60	23008.0	0.260778859527121
chr1	-110	63	24034.0	0.26212865107764
chr1	-109	70	24992.0	0.280089628681178
chr1	-108	61	25984.0	0.23475985221674878
chr1	-107	44	26989.0	0.16302938234095374
chr1	-106	79	28001.0	0.28213278097210814
chr1	-105	56	29035.0	0.19287067332529706
chr1	-104	85	30028.0	0.283069135473558
chr1	-103	73	31020.0	0.2353320438426821
chr1	-102	61	31992.0	0.19067266816704176
chr1	-101	76	32953.0	0.23063150547749825
chr1	-100	91	34015.0	0.2675290313097163
chr1	-99	82	34957.0	0.23457390508338816
chr1	-98	115	35967.0	0.31973753718686576
chr1	-97	76	36942.0	0.20572789778571815
chr1	-96	83	37984.0	0.2185130581297388
chr1	-95	98	39031.0	0.25108247290615154
chr1	-94	63	40016.0	0.15743702518992403
chr1	-93	82	41065.0	0.19968342871058078
chr1	-92	71	42075.0	0.1687462863933452
chr1	-91	91	43044.0	0.2114115788495493
chr1	-90	131	43992.0	0.29778141480269144
chr1	-89	81	45069.0	0.1797244225520868
chr1	-88	100	46044.0	0.21718356354791069
chr1	-87	106	47020.0	0.22543598468736706
chr1	-86	134	48035.0	0.2789632559591964
chr1	-85	141	49071.0	0.2873387540502537
chr1	-84	109	50153.0	0.21733495503758496
chr1	-83	124	51138.0	0.2424811294927451
chr1	-82	175	52164.0	0.33548040794417605
chr1	-81	117	53198.0	0.2199330801909846
chr1	-80	97	54226.0	0.17888097960388005
chr1	-79	96	55296.0	0.1736111111111111
chr1	-78	154	56283.0	0.2736172556544605
chr1	-77	190	57248.0	0.33188932364449414
chr1	-76	131	58318.0	0.22463047429610067
chr1	-75	129	59282.0	0.21760399446712325
chr1	-74	176	60358.0	0.2915934921634249
chr1	-73	219	61325.0	0.35711373827965753
chr1	-72	169	62329.0	0.2711418440854177
chr1	-71	189	63308.0	0.29854046881910656
chr1	-70	157	64303.0	0.24415657123306847
chr1	-69	208	65340.0	0.31833486378940923
chr1	-68	163	66404.0	0.24546714053370278
chr1	-67	194	67399.0	0.28783809848810815
chr1	-66	162	68352.0	0.23700842696629215
chr1	-65	127	69322.0	0.18320302357116067
chr1	-64	134	70348.0	0.19048160573150624
chr1	-63	161	71350.0	0.22564821303433777
chr1	-62	248	72389.0	0.342593487960878
chr1	-61	284	73352.0	0.38717417384665725
chr1	-60	146	74312.0	0.19646894175906984
chr1	-59	128	75353.0	0.1698671585736467
chr1	-58	224	76369.0	0.29331273160575627
chr1	-57	220	77346.0	0.2844361699376826
chr1	-56	234	78392.0	0.2984998469231554
chr1	-55	178	79467.0	0.2239923490253816
chr1	-54	219	80539.0	0.27191795279305675
chr1	-53	249	81631.0	0.30503117688133186
chr1	-52	265	82752.0	0.3202339520494973
chr1	-51	261	83791.0	0.31148930076022485
chr1	-50	256	84836.0	0.30175868734971
chr1	-49	189	85859.0	0.22012834996913544
chr1	-48	223	86864.0	0.2567231534352551
chr1	-47	218	87907.0	0.24798935238376918
chr1	-46	236	88917.0	0.26541606217033864
chr1	-45	310	89976.0	0.34453632079665686
chr1	-44	159	91055.0	0.17461973532480368
chr1	-43	266	92108.0	0.2887914187692709
chr1	-42	180	93133.0	0.1932719873728968
chr1	-41	241	94157.0	0.2559554786155039
chr1	-40	197	95259.0	0.2068046063888976
chr1	-39	305	96229.0	0.3169522701056854
chr1	-38	328	97242.0	0.33730281154233765
chr1	-37	283	98334.0	0.2877946590192609
chr1	-36	287	99345.0	0.28889224419950676
chr1	-35	253	100426.0	0.25192679186664807
chr1	-34	271	101404.0	0.2672478403218808
chr1	-33	198	102434.0	0.19329519495480016
chr1	-32	268	103489.0	0.2589647208882104
chr1	-31	296	104574.0	0.28305314896628225
chr1	-30	288	105667.0	0.27255434525443134
chr1	-29	366	106711.0	0.3429824479200832
chr1	-28	254	107838.0	0.23553849292457207
chr1	-27	217	108953.0	0.1991684487806669
chr1	-26	294	110110.0	0.2670057215511761
chr1	-25	300	111145.0	0.2699176751090917
chr1	-24	273	112341.0	0.24301012097097233
chr1	-23	252	113468.0	0.22208904713223113
chr1	-22	310	114645.0	0.2703999302193728
chr1	-21	275	115826.0	0.23742510317199939
chr1	-20	417	117013.0	0.356370659670293
chr1	-19	283	118235.0	0.23935382923838117
chr1	-18	320	119482.0	0.26782276828308865
chr1	-17	263	120727.0	0.2178468776661393
chr1	-16	321	121931.0	0.2632636491130229
chr1	-15	356	123253.0	0.2888367828774959
chr1	-14	349	124528.0	0.2802582551715277
chr1	-13	284	125830.0	0.22570134308193593
chr1	-12	325	127098.0	0.25570819367731984
chr1	-11	417	128417.0	0.3247233621716751
chr1	-10	423	129792.0	0.3259060650887574
chr1	-9	491	129805.0	0.37825969723816494
chr1	-8	487	129826.0	0.375117464914578
chr1	-7	504	129840.0	0.38817005545286504
chr1	-6	513	129867.0	0.39501951997043133
chr1	-5	615	129853.0	0.473612469484725
chr1	-4	639	129817.0	0.49223137185422555
chr1	-3	550	129808.0	0.4237026993713792
chr1	-2	416	129806.0	0.3204782521609171
chr1	-1	1268	129725.0	0.9774523029485451
chr1	0	885	127448.0	0.6944008536815015
chr1	1	326	126515.0	0.2576769553017429
chr1	2	395	125492.0	0.31476110030918303
chr1	3	502	124424.0	0.4034591397158105
chr1	4	386	123353.0	0.3129230744286722
chr1	5	379	122307.0	0.3098759678513903
chr1	6	366	121197.0	0.301987672962202
chr1	7	433	120091.0	0.3605599087358753
chr1	8	501	119015.0	0.4209553417636433
chr1	9	380	118059.0	0.32187296182417263
chr1	10	379	117071.0	0.3237351692562633
chr1	11	366	116103.0	0.31523733236867263
chr1	12	309	115089.0	0.26848786591246776
chr1	13	427	114046.0	0.3744103256580678
chr1	14	319	113028.0	0.2822309516226068
chr1	15	383	111968.0	0.3420620177193484
chr1	16	278	110918.0	0.25063560468093543
chr1	17	355	109904.0	0.32300917164070464
chr1	18	368	108947.0	0.33777892002533344
chr1	19	393	107894.0	0.3642463899753462
chr1	20	342	106823.0	0.32015577169710646
chr1	21	286	105788.0	0.27035202480432563
chr1	22	263	104754.0	0.25106439849552287
chr1	23	302	103776.0	0.2910114091890225
chr1	24	350	102811.0	0.34043049868204767
chr1	25	305	101847.0	0.29946881105972684
chr1	26	331	100846.0	0.32822323146183285
chr1	27	280	99783.0	0.2806089213593498
chr1	28	399	98742.0	0.4040833687792429
chr1	29	290	97774.0	0.29660236872788265
chr1	30	351	96824.0	0.36251342642320084
chr1	31	304	95859.0	0.317132454959889
chr1	32	267	94843.0	0.28151787691237096
chr1	33	265	93809.0	0.28248888699378527
chr1	34	326	92823.0	0.35120605884317463
chr1	35	403	91764.0	0.4391700448977813
chr1	36	326	90810.0	0.3589913005175641
chr1	37	337	89744.0	0.37551256908539843
chr1	38	319	88749.0	0.3594406697540254
chr1	39	223	87779.0	0.2540470955467709
chr1	40	242	86794.0	0.27882111666705073
chr1	41	230	85762.0	0.2681840442153868
chr1	42	255	84790.0	0.3007430121476589
chr1	43	284	83773.0	0.33901137598032777
chr1	44	315	82722.0	0.3807935011242475
chr1	45	297	81735.0	0.3633694255826757
chr1	46	290	80749.0	0.3591375744591264
chr1	47	224	79690.0	0.28108922073033
chr1	48	228	78664.0	0.2898403335706295
chr1	49	281	77669.0	0.3617917058285802
chr1	50	203	76665.0	0.26478836496445574
chr1	51	220	75605.0	0.2909860458964354
chr1	52	275	74492.0	0.3691671588895452
chr1	53	286	73546.0	0.3888722704157942
chr1	54	222	72495.0	0.30622801572522246
chr1	55	272	71502.0	0.3804089396100808
chr1	56	199	70475.0	0.28236963462220643
chr1	57	224	69522.0	0.3222001668536578
chr1	58	154	68483.0	0.22487332622694683
chr1	59	162	67511.0	0.23996089526151293
chr1	60	276	66530.0	0.41485044340898847
chr1	61	223	65549.0	0.3402035118766114
chr1	62	194	64537.0	0.30060275500875466
chr1	63	191	63478.0	0.3008916474999212
chr1	64	165	62456.0	0.2641859869348021
chr1	65	214	61444.0	0.3482846168869214
chr1	66	201	60445.0	0.33253370832988666
chr1	67	140	59498.0	0.23530202695888935
chr1	68	202	58472.0	0.3454644958270625
chr1	69	165	57447.0	0.28722126481800614
chr1	70	180	56448.0	0.31887755102040816
chr1	71	185	55494.0	0.3333693732655783
chr1	72	252	54451.0	0.4628014177884704
chr1	73	153	53430.0	0.2863559797866367
chr1	74	163	52480.0	0.31059451219512196
chr1	75	166	51463.0	0.32256184054563475
chr1	76	200	50374.0	0.39703021399928534
chr1	77	168	49311.0	0.3406947739855205
chr1	78	108	48244.0	0.22386203465715945
chr1	79	136	47129.0	0.2885696704788983
chr1	80	161	46074.0	0.34943786083257367
chr1	81	186	45038.0	0.41298459078999955
chr1	82	123	43956.0	0.2798252798252798
chr1	83	144	42978.0	0.3350551444925311
chr1	84	153	41972.0	0.36452873344134185
chr1	85	136	40867.0	0.3327868451317689
chr1	86	116	39844.0	0.2911354281698625
chr1	87	112	38823.0	0.2884887824227906
chr1	88	119	37761.0	0.31513995921718174
chr1	89	121	36690.0	0.32979013355137643
chr1	90	103	35671.0	0.2887499649575285
chr1	91	92	34630.0	0.26566560785446147
chr1	92	85	33576.0	0.25315701691684533
chr1	93	93	32580.0	0.285451197053407
chr1	94	89	31596.0	0.2816812254715787
chr1	95	91	30526.0	0.2981065321365393
chr1	96	86	29519.0	0.2913377824452048
chr1	97	106	28461.0	0.37243947858473
chr1	98	108	27460.0	0.3932993445010925
chr1	99	76	26415.0	0.287715313268976
chr1	100	74	25330.0	0.2921437031188314
chr1	101	81	24229.0	0.3343101242312931
chr1	102	71	23146.0	0.3067484662576687
chr1	103	75	22043.0	0.3402440684117407
chr1	104	68	20940.0	0.3247373447946514
chr1	105	78	19893.0	0.39209772281707134
chr1	106	73	18781.0	0.38869069804589745
chr1	107	74	17603.0	0.4203828892802363
chr1	108	61	16451.0	0.3707981277733876
chr1	109	56	15304.0	0.36591740721380034
chr1	110	49	14086.0	0.3478631265085901
chr1	111	34	12925.0	0.26305609284332687
chr1	112	53	11753.0	0.45094869395048076
chr1	113	42	10536.0	0.3986332574031891
chr1	114	46	9285.0	0.49542272482498656
chr1	115	31	7974.0	0.3887634813142714
chr1	116	23	6739.0	0.3412969283276451
chr1	117	20	5462.0	0.36616623947272064
chr1	118	16	4172.0	0.38350910834132307
chr1	119	7	2937.0	0.2383384405856316
chr1	120	4	1842.0	0.21715526601520088
chr1	121	5	788.0	0.6345177664974619
chr1	122	0	0.0	nan
chr1	123	0	0.0	nan
chr1	124	0	0.0	nan
chr1	125	0	0.0	nan
chr1	126	0	0.0	nan
chr1	127	0	0.0	nan
chr1	128	0	0.0	nan
chr1	129	0	0.0	nan
chr1	130	0	0.0	nan
chr1	131	0	0.0	nan
chr1	132	0	0.0	nan
chr1	133	0	0.0	nan
chr1	134	0	0.0	nan
chr1	135	0	0.0	nan
chr1	136	0	0.0	nan
chr1	137	0	0.0	nan
chr1	138	0	0.0	nan
chr1	139	0	0.0	nan
chr1	140	0	0.0	nan
chr2	-136	0	1.0	0.0
chr2	-135	0	1.0	0.0
chr2	-134	0	3.0	0.0
chr2	-133	1	169.0	0.591715976331361
chr2	-132	0	370.0	0.0
chr2	-131	4	624.0	0.641025641025641
chr2	-130	1	891.0	0.11223344556677892
chr2	-129	1	1140.0	0.08771929824561403
chr2	-128	0	1437.0	0.0
chr2	-127	1	1709.0	0.058513750731421885
chr2	-126	3	1971.0	0.15220700152207
chr2	-125	5	2241.0	0.22311468094600626
chr2	-124	5	2524.0	0.19809825673534073
chr2	-123	3	2822.0	0.10630758327427356
chr2	-122	9	3091.0	0.29116790682626986
chr2	-121	9	3350.0	0.26865671641791045
chr2	-120	8	3608.0	0.22172949002217296
chr2	-119	8	3870.0	0.20671834625322996
chr2	-118	17	4115.0	0.4131227217496963
chr2	-117	11	4356.0	0.25252525252525254
chr2	-116	12	4617.0	0.2599090318388564
chr2	-115	11	4884.0	0.22522522522522523
chr2	-114	13	5169.0	0.2514993228864384
chr2	-113	6	5425.0	0.11059907834101382
chr2	-112	8	5691.0	0.14057283429977158
chr2	-111	6	5973.0	0.10045203415369162
chr2	-110	10	6244.0	0.1601537475976938
chr2	-109	5	6497.0	0.07695859627520393
chr2	-108	12	6748.0	0.17783046828689983
chr2	-107	10	7008.0	0.14269406392694062
chr2	-106	21	7306.0	0.28743498494388176
chr2	-105	29	7577.0	0.38273723109410057
chr2	-104	19	7874.0	0.2413004826009652
chr2	-103	25	8136.0	0.3072763028515241
chr2	-102	25	8377.0	0.29843619434164975
chr2	-101	18	8632.0	0.20852641334569047
chr2	-100	21	8882.0	0.23643323575771222
chr2	-99	7	9140.0	0.07658643326039387
chr2	-98	32	9386.0	0.34093330492222457
chr2	-97	17	9646.0	0.1762388554841385
chr2	-96	27	9911.0	0.2724245787508829
chr2	-95	21	10224.0	0.20539906103286387
chr2	-94	18	10493.0	0.17154293338416088
chr2	-93	16	10741.0	0.14896192160878877
chr2	-92	21	10990.0	0.1910828025477707
chr2	-91	28	11244.0	0.24902170046246885
chr2	-90	27	11500.0	0.23478260869565218
chr2	-89	34	11760.0	0.2891156462585034
chr2	-88	18	12033.0	0.14958863126402394
chr2	-87	30	12287.0	0.2441604948319362
chr2	-86	18	12543.0	0.1435063381966037
chr2	-85	36	12805.0	0.28114017961733695
chr2	-84	35	13080.0	0.2675840978593272
chr2	-83	40	13337.0	0.29991752268126265
chr2	-82	37	13597.0	0.27211884974626754
chr2	-81	54	13855.0	0.38975099242150846
chr2	-80	36	14119.0	0.25497556484170264
chr2	-79	39	14422.0	0.2704201913742893
chr2	-78	45	14689.0	0.30635169174211996
chr2	-77	41	14959.0	0.27408249214519687
chr2	-76	45	15206.0	0.2959358148099434
chr2	-75	28	15489.0	0.18077345212731616
chr2	-74	24	15749.0	0.15239062797637945
chr2	-73	18	16015.0	0.11239463003434282
chr2	-72	43	16303.0	0.26375513709133286
chr2	-71	43	16554.0	0.2597559502235109
chr2	-70	60	16844.0	0.35620992638328186
chr2	-69	56	17147.0	0.3265877412958535
chr2	-68	60	17386.0	0.34510525710341655
chr2	-67	41	17630.0	0.23255813953488372
chr2	-66	33	17923.0	0.1841209618925403
chr2	-65	43	18196.0	0.23631567377445595
chr2	-64	26	18450.0	0.14092140921409213
chr2	-63	58	18710.0	0.30999465526456443
chr2	-62	51	18949.0	0.26914349042165814
chr2	-61	28	19234.0	0.14557554330872413
chr2	-60	48	19488.0	0.24630541871921183
chr2	-59	39	19761.0	0.1973584332776681
chr2	-58	66	20050.0	0.32917705735660846
chr2	-57	32	20307.0	0.15758112965972326
chr2	-56	43	20593.0	0.20880881853056862
chr2	-55	43	20866.0	0.20607687146554204
chr2	-54	75	21125.0	0.35502958579881655
chr2	-53	54	21397.0	0.25237182782633083
chr2	-52	36	21694.0	0.16594450078362682
chr2	-51	77	21945.0	0.3508771929824561
chr2	-50	56	22222.0	0.25200252002520024
chr2	-49	43	22502.0	0.19109412496666964
chr2	-48	50	22779.0	0.21950041705079243
chr2	-47	68	23033.0	0.29522858507359007
chr2	-46	63	23267.0	0.2707697597455624
chr2	-45	81	23541.0	0.3440805403338856
chr2	-44	72	23801.0	0.3025082979706735
chr2	-43	66	24066.0	0.2742458239840439
chr2	-42	34	24327.0	0.1397624039133473
chr2	-41	70	24596.0	0.2845991218084241
chr2	-40	89	24881.0	0.35770266468389533
chr2	-39	94	25180.0	0.3733121525019857
chr2	-38	95	25422.0	0.37369207772795215
chr2	-37	87	25705.0	0.3384555533942813
chr2	-36	119	25989.0	0.4578860287044519
chr2	-35	89	26268.0	0.3388152885640323
chr2	-34	76	26526.0	0.2865113473573098
chr2	-33	78	26803.0	0.2910122001268515
chr2	-32	62	27084.0	0.22891744203219613
chr2	-31	77	27345.0	0.2815871274456025
chr2	-30	46	27600.0	0.16666666666666669
chr2	-29	51	27872.0	0.1829793340987371
chr2	-28	106	28134.0	0.3767683230255207
chr2	-27	74	28401.0	0.26055420583782263
chr2	-26	58	28693.0	0.2021398947478479
chr2	-25	54	28984.0	0.1863096881037814
chr2	-24	103	29274.0	0.351848056295689
chr2	-23	57	29540.0	0.1929587000677048
chr2	-22	61	29819.0	0.20456755759750497
chr2	-21	129	30121.0	0.4282726337107002
chr2	-20	77	30395.0	0.25333113999012996
chr2	-19	109	30703.0	0.3550141679966127
chr2	-18	66	30978.0	0.21305442572147976
chr2	-17	59	31270.0	0.18867924528301888
chr2	-16	99	31565.0	0.3136385236812926
chr2	-15	81	31837.0	0.25442095674843734
chr2	-14	86	32140.0	0.26757934038581205
chr2	-13	119	32450.0	0.3667180277349769
chr2	-12	52	32785.0	0.15860912002440142
chr2	-11	118	33157.0	0.3558826190547999
chr2	-10	125	33427.0	0.37394920274029975
chr2	-9	115	33458.0	0.34371450774104845
chr2	-8	86	33473.0	0.2569234905744929
chr2	-7	133	33457.0	0.39752518157635175
chr2	-6	130	33446.0	0.38868624050708606
chr2	-5	168	33445.0	0.5023172372551952
chr2	-4	98	33448.0	0.29299210715139923
chr2	-3	135	33450.0	0.40358744394618834
chr2	-2	197	33445.0	0.5890267603528181
chr2	-1	269	33438.0	0.804473951791375
chr2	0	139	32895.0	0.4225566195470436
chr2	1	168	32616.0	0.515084621044886
chr2	2	70	32341.0	0.21644352370056583
chr2	3	113	32075.0	0.35229929851909586
chr2	4	173	31786.0	0.5442647706537469
chr2	5	72	31511.0	0.22849163784075402
chr2	6	93	31243.0	0.2976666773357232
chr2	7	96	30963.0	0.31004747601976557
chr2	8	94	30679.0	0.306398513641253
chr2	9	83	30340.0	0.27356624917600525
chr2	10	112	30120.0	0.37184594953519257
chr2	11	50	29856.0	0.167470525187567
chr2	12	128	29614.0	0.4322280002701425
chr2	13	100	29366.0	0.340529864469114
chr2	14	87	29092.0	0.29905128557679084
chr2	15	118	28862.0	0.40884207608620327
chr2	16	64	28600.0	0.22377622377622378
chr2	17	47	28348.0	0.1657965288556512
chr2	18	91	28077.0	0.3241087010720518
chr2	19	88	27801.0	0.31653537642530843
chr2	20	122	27547.0	0.44287944240752164
chr2	21	55	27277.0	0.20163507717124318
chr2	22	55	26993.0	0.2037565294706035
chr2	23	121	26746.0	0.4524040978090182
chr2	24	68	26477.0	0.2568266797597915
chr2	25	49	26216.0	0.18690875801037535
chr2	26	86	25894.0	0.33212327180041706
chr2	27	73	25624.0	0.2848891664064939
chr2	28	70	25353.0	0.2761014475604465
chr2	29	39	25117.0	0.15527332085838277
chr2	30	84	24866.0	0.33781066516528596
chr2	31	66	24607.0	0.2682163611980331
chr2	32	55	24354.0	0.22583559168925021
chr2	33	74	24087.0	0.30721966205837176
chr2	34	75	23829.0	0.31474254060178775
chr2	35	116	23565.0	0.4922554636112879
chr2	36	112	23281.0	0.48107899145225724
chr2	37	83	23010.0	0.3607127335940895
chr2	38	79	22742.0	0.34737490106411045
chr2	39	102	22491.0	0.45351473922902497
chr2	40	70	22254.0	0.3145501932236901
chr2	41	41	21967.0	0.18664360176628578
chr2	42	72	21704.0	0.3317360855141909
chr2	43	70	21438.0	0.32652299654818545
chr2	44	86	21189.0	0.40587097078672896
chr2	45	53	20933.0	0.2531887450437109
chr2	46	86	20682.0	0.41582052025916255
chr2	47	68	20434.0	0.33277870216306155
chr2	48	47	20140.0	0.2333664349553128
chr2	49	67	19882.0	0.3369882305603058
chr2	50	52	19616.0	0.26508972267536707
chr2	51	39	19362.0	0.2014254725751472
chr2	52	55	19092.0	0.2880787764508695
chr2	53	80	18816.0	0.4251700680272109
chr2	54	51	18558.0	0.2748140963465891
chr2	55	39	18282.0	0.2133245815556285
chr2	56	39	18023.0	0.21639016811851522
chr2	57	64	17725.0	0.3610719322990127
chr2	58	26	17484.0	0.14870738961336077
chr2	59	29	17193.0	0.16867329727214564
chr2	60	41	16910.0	0.2424600827912478
chr2	61	60	16654.0	0.36027380809415155
chr2	62	48	16374.0	0.29314767314034446
chr2	63	36	16103.0	0.22356082717506057
chr2	64	50	15847.0	0.3155171325802991
chr2	65	43	15583.0	0.27594173137393313
chr2	66	39	15290.0	0.2550686723348594
chr2	67	48	15022.0	0.31953135401411265
chr2	68	59	14752.0	0.3999457700650759
chr2	69	41	14512.0	0.28252480705622934
chr2	70	52	14254.0	0.3648098779290024
chr2	71	31	13979.0	0.22176121324844408
chr2	72	35	13729.0	0.25493480952727804
chr2	73	29	13449.0	0.21562941482638115
chr2	74	37	13176.0	0.2808136004857317
chr2	75	45	12918.0	0.34835113794705064
chr2	76	49	12652.0	0.387290546949099
chr2	77	35	12352.0	0.28335492227979275
chr2	78	43	12084.0	0.35584243627937767
chr2	79	35	11795.0	0.2967359050445104
chr2	80	54	11537.0	0.46805928750975123
chr2	81	19	11281.0	0.1684247850367875
chr2	82	19	10993.0	0.17283726007459294
chr2	83	29	10728.0	0.2703206562266965
chr2	84	30	10462.0	0.28675205505639456
chr2	85	22	10208.0	0.21551724137931033
chr2	86	15	9943.0	0.15085990143819772
chr2	87	22	9666.0	0.2276019035795572
chr2	88	15	9416.0	0.159303313508921
chr2	89	32	9162.0	0.34926871862038855
chr2	90	21	8902.0	0.2359020444843855
chr2	91	26	8637.0	0.30103045038786613
chr2	92	25	8332.0	0.30004800768122897
chr2	93	13	8060.0	0.16129032258064516
chr2	94	28	7804.0	0.35879036391594055
chr2	95	18	7545.0	0.2385685884691849
chr2	96	21	7245.0	0.2898550724637681
chr2	97	21	6967.0	0.30142098464188316
chr2	98	14	6720.0	0.20833333333333334
chr2	99	17	6448.0	0.26364764267990076
chr2	100	19	6150.0	0.3089430894308943
chr2	101	13	5871.0	0.22142735479475387
chr2	102	13	5626.0	0.23107003199431211
chr2	103	24	5358.0	0.4479283314669653
chr2	104	21	5084.0	0.4130605822187254
chr2	105	20	4818.0	0.4151100041511001
chr2	106	11	4538.0	0.24239753195240193
chr2	107	1	4239.0	0.02359046945034206
chr2	108	8	3961.0	0.20196919969704621
chr2	109	11	3682.0	0.29875067897881585
chr2	110	10	3416.0	0.29274004683840754
chr2	111	4	3107.0	0.1287415513356936
chr2	112	10	2817.0	0.3549875754348598
chr2	113	7	2535.0	0.27613412228796846
chr2	114	4	2262.0	0.17683465959328026
chr2	115	3	1948.0	0.1540041067761807
chr2	116	6	1641.0	0.3656307129798903
chr2	117	1	1309.0	0.07639419404125286
chr2	118	3	1025.0	0.2926829268292683
chr2	119	3	707.0	0.4243281471004243
chr2	120	1	412.0	0.24271844660194172
chr2	121	1	163.0	0.6134969325153374
chr2	122	0	0.0	nan
chr2	123	0	0.0	nan
chr2	124	0	0.0	nan
chr2	125	0	0.0	nan
chr2	126	0	0.0	nan
chr2	127	0	0.0	nan
chr2	128	0	0.0	nan
chr2	129	0	0.0	nan
chr2	130	0	0.0	nan
chr2	131	0	0.0	nan
chr2	132	0	0.0	nan
chr2	133	0	0.0	nan
chr2	134	0	0.0	nan
chr2	135	0	0.0	nan
chr2	136	0	0.0	nan
chr2	137	0	0.0	nan
chr3	-144	0	0.0	nan
chr3	-143	0	0.0	nan
chr3	-142	0	0.0	nan
chr3	-141	0	0.0	nan
chr3	-140	0	0.0	nan
chr3	-139	0	2.0	0.0
chr3	-138	0	2.0	0.0
chr3	-137	0	2.0	0.0
chr3	-136	0	2.0	0.0
chr3	-135	0	3.0	0.0
chr3	-134	0	4.0	0.0
chr3	-133	0	136.0	0.0
chr3	-132	4	330.0	1.2121212121212122
chr3	-131	1	505.0	0.19801980198019803
chr3	-130	0	713.0	0.0
chr3	-129	2	902.0	0.22172949002217296
chr3	-128	0	1115.0	0.0
chr3	-127	2	1324.0	0.1510574018126888
chr3	-126	3	1523.0	0.1969796454366382
chr3	-125	2	1748.0	0.11441647597254005
chr3	-124	2	1984.0	0.10080645161290322
chr3	-123	0	2196.0	0.0
chr3	-122	8	2408.0	0.33222591362126247
chr3	-121	5	2622.0	0.19069412662090007
chr3	-120	6	2832.0	0.211864406779661
chr3	-119	15	3042.0	0.4930966469428008
chr3	-118	5	3243.0	0.1541782300339192
chr3	-117	2	3467.0	0.05768676088837611
chr3	-116	5	3699.0	0.13517166801838335
chr3	-115	12	3898.0	0.3078501795792714
chr3	-114	9	4097.0	0.2196729314132292
chr3	-113	17	4300.0	0.3953488372093023
chr3	-112	14	4499.0	0.31118026228050677
chr3	-111	12	4693.0	0.25569997869166844
chr3	-110	7	4913.0	0.14247913698351314
chr3	-109	10	5125.0	0.1951219512195122
chr3	-108	8	5330.0	0.150093808630394
chr3	-107	17	5541.0	0.3068038260241834
chr3	-106	10	5754.0	0.1737921445950643
chr3	-105	7	5949.0	0.1176668347621449
chr3	-104	11	6147.0	0.17894908085244834
chr3	-103	23	6358.0	0.36174897766593267
chr3	-102	12	6591.0	0.18206645425580337
chr3	-101	10	6790.0	0.14727540500736377
chr3	-100	11	6974.0	0.15772870662460567
chr3	-99	3	7201.0	0.04166088043327316
chr3	-98	8	7388.0	0.10828370330265295
chr3	-97	20	7577.0	0.2639567110993797
chr3	-96	16	7772.0	0.2058672156459084
chr3	-95	15	7953.0	0.18860807242549982
chr3	-94	26	8186.0	0.3176154409968239
chr3	-93	33	8396.0	0.39304430681276803
chr3	-92	25	8583.0	0.29127344751252476
chr3	-91	23	8808.0	0.26112624886466845
chr3	-90	30	9001.0	0.33329630041106545
chr3	-89	14	9218.0	0.15187676285528315
chr3	-88	23	9414.0	0.24431697471850436
chr3	-87	19	9621.0	0.19748466895333125
chr3	-86	18	9851.0	0.18272256623693026
chr3	-85	13	10064.0	0.12917329093799682
chr3	-84	8	10281.0	0.07781344227215252
chr3	-83	13	10487.0	0.12396300181176695
chr3	-82	28	10714.0	0.2613403024080642
chr3	-81	27	10917.0	0.24732069249793898
chr3	-80	22	11136.0	0.19755747126436785
chr3	-79	16	11340.0	0.14109347442680778
chr3	-78	25	11555.0	0.21635655560363476
chr3	-77	39	11763.0	0.33154807447079826
chr3	-76	38	11966.0	0.3175664382416848
chr3	-75	50	12187.0	0.41027324197915815
chr3	-74	25	12389.0	0.20179191218015982
chr3	-73	46	12594.0	0.365253295219946
chr3	-72	32	12803.0	0.24994141997969227
chr3	-71	35	13010.0	0.2690238278247502
chr3	-70	35	13234.0	0.2644703037630346
chr3	-69	19	13456.0	0.14120095124851367
chr3	-68	12	13674.0	0.08775778850372971
chr3	-67	44	13904.0	0.31645569620253167
chr3	-66	35	14096.0	0.24829738933030646
chr3	-65	53	14285.0	0.3710185509275464
chr3	-64	26	14521.0	0.17905102954341987
chr3	-63	38	14748.0	0.25766205587198265
chr3	-62	39	14955.0	0.2607823470411234
chr3	-61	35	15152.0	0.23099260823653645
chr3	-60	36	15330.0	0.23483365949119372
chr3	-59	50	15542.0	0.32170891777120064
chr3	-58	74	15775.0	0.46909667194928684
chr3	-57	31	15989.0	0.19388329476515104
chr3	-56	28	16190.0	0.17294626312538602
chr3	-55	41	16393.0	0.2501067528823278
chr3	-54	53	16624.0	0.31881616939364776
chr3	-53	53	16840.0	0.3147268408551069
chr3	-52	54	17047.0	0.3167712794040007
chr3	-51	69	17288.0	0.39912077741786206
chr3	-50	77	17504.0	0.43989945155393056
chr3	-49	23	17716.0	0.12982614585685257
chr3	-48	71	17938.0	0.3958077823614673
chr3	-47	27	18140.0	0.14884233737596472
chr3	-46	41	18357.0	0.22334804161900096
chr3	-45	44	18575.0	0.23687752355316286
chr3	-44	42	18798.0	0.22342802425789976
chr3	-43	25	19043.0	0.13128183584519246
chr3	-42	19	19242.0	0.09874233447666562
chr3	-41	17	19451.0	0.08739910544445016
chr3	-40	32	19670.0	0.1626842907981698
chr3	-39	52	19864.0	0.2617801047120419
chr3	-38	99	20081.0	0.4930033364872267
chr3	-37	54	20307.0	0.26591815630078297
chr3	-36	70	20534.0	0.3408980227914678
chr3	-35	47	20755.0	0.22645145748012527
chr3	-34	47	20956.0	0.2242794426417255
chr3	-33	39	21166.0	0.1842577718983275
chr3	-32	83	21386.0	0.3881043673431217
chr3	-31	58	21602.0	0.2684936579946301
chr3	-30	48	21816.0	0.22002200220022
chr3	-29	36	22029.0	0.16342094511779928
chr3	-28	60	22230.0	0.2699055330634278
chr3	-27	57	22470.0	0.253671562082777
chr3	-26	46	22733.0	0.20234900804997144
chr3	-25	65	22955.0	0.2831627096493139
chr3	-24	68	23173.0	0.29344495749363486
chr3	-23	30	23392.0	0.12824897400820792
chr3	-22	45	23646.0	0.19030702867292568
chr3	-21	66	23869.0	0.2765092798190121
chr3	-20	60	24108.0	0.24888003982080636
chr3	-19	73	24338.0	0.2999424767852741
chr3	-18	64	24591.0	0.26025781790085806
chr3	-17	44	24799.0	0.1774265091334328
chr3	-16	67	25059.0	0.2673690091384333
chr3	-15	34	25329.0	0.13423348730703938
chr3	-14	43	25564.0	0.16820528868721638
chr3	-13	128	25826.0	0.49562456439247266
chr3	-12	66	26103.0	0.2528445006321113
chr3	-11	57	26363.0	0.21621211546485603
chr3	-10	64	26606.0	0.2405472449823348
chr3	-9	74	26608.0	0.27811184606133493
chr3	-8	97	26606.0	0.3645794181763512
chr3	-7	91	26597.0	0.34214385081024173
chr3	-6	150	26593.0	0.5640582108073553
chr3	-5	74	26608.0	0.27811184606133493
chr3	-4	105	26607.0	0.3946329913180742
chr3	-3	90	26607.0	0.33825684970120645
chr3	-2	118	26608.0	0.4434756464221287
chr3	-1	156	26602.0	0.5864220735283062
chr3	0	72	26134.0	0.27550317593938933
chr3	1	96	25939.0	0.37009907860750224
chr3	2	56	25714.0	0.21778019755775063
chr3	3	101	25500.0	0.396078431372549
chr3	4	55	25297.0	0.21741708502984544
chr3	5	105	25087.0	0.4185434687288237
chr3	6	41	24881.0	0.1647843736184237
chr3	7	82	24649.0	0.33267069657998294
chr3	8	37	24440.0	0.1513911620294599
chr3	9	63	24222.0	0.26009412930393855
chr3	10	52	24013.0	0.21654936909174197
chr3	11	42	23807.0	0.17641870038224053
chr3	12	87	23588.0	0.36883160929286074
chr3	13	50	23381.0	0.21384885163166673
chr3	14	39	23187.0	0.16819769698537976
chr3	15	94	22954.0	0.409514681536987
chr3	16	87	22737.0	0.38263623169283545
chr3	17	58	22526.0	0.25748024505016426
chr3	18	72	22334.0	0.32237843646458314
chr3	19	60	22130.0	0.27112516945323095
chr3	20	48	21941.0	0.21876851556446833
chr3	21	39	21740.0	0.17939282428702852
chr3	22	37	21526.0	0.1718851621295178
chr3	23	64	21323.0	0.30014538291985177
chr3	24	82	21099.0	0.3886440115645291
chr3	25	51	20910.0	0.24390243902439024
chr3	26	38	20687.0	0.18369024024749844
chr3	27	52	20485.0	0.2538442762997315
chr3	28	65	20282.0	0.3204812148703284
chr3	29	50	20075.0	0.24906600249066002
chr3	30	57	19854.0	0.28709579933514656
chr3	31	81	19655.0	0.4121088781480539
chr3	32	47	19455.0	0.24158314058082755
chr3	33	48	19248.0	0.24937655860349126
chr3	34	41	19055.0	0.21516662293361322
chr3	35	60	18870.0	0.3179650238473768
chr3	36	58	18656.0	0.3108919382504288
chr3	37	93	18465.0	0.503655564581641
chr3	38	52	18243.0	0.28504083758153814
chr3	39	29	18052.0	0.16064701972080656
chr3	40	30	17844.0	0.16812373907195696
chr3	41	36	17629.0	0.20420897384990638
chr3	42	31	17428.0	0.1778746844158825
chr3	43	48	17212.0	0.27887520334650245
chr3	44	61	16996.0	0.35890797834784655
chr3	45	54	16792.0	0.3215817055740829
chr3	46	42	16575.0	0.25339366515837103
chr3	47	70	16359.0	0.42789901583226364
chr3	48	45	16143.0	0.27875859505668094
chr3	49	87	15933.0	0.546036527960836
chr3	50	56	15706.0	0.35655163631733094
chr3	51	68	15476.0	0.43939002326182475
chr3	52	50	15284.0	0.327139492279508
chr3	53	50	15074.0	0.33169696165583124
chr3	54	48	14881.0	0.322558967811303
chr3	55	28	14675.0	0.19080068143100512
chr3	56	30	14454.0	0.20755500207555005
chr3	57	74	14245.0	0.5194805194805194
chr3	58	39	14038.0	0.2778173528992734
chr3	59	36	13836.0	0.26019080659150046
chr3	60	35	13626.0	0.2568618816967562
chr3	61	34	13415.0	0.25344763324636604
chr3	62	42	13194.0	0.3183265120509322
chr3	63	15	12979.0	0.11557130749672549
chr3	64	43	12764.0	0.33688498903165154
chr3	65	32	12526.0	0.25546862525946035
chr3	66	39	12323.0	0.3164813762882415
chr3	67	24	12135.0	0.1977750309023486
chr3	68	28	11903.0	0.23523481475258337
chr3	69	47	11679.0	0.4024317150440962
chr3	70	37	11468.0	0.3226369026857342
chr3	71	35	11282.0	0.3102286828576494
chr3	72	31	11079.0	0.2798086469898005
chr3	73	31	10872.0	0.28513612950699047
chr3	74	44	10662.0	0.4126805477396361
chr3	75	32	10449.0	0.306249401856637
chr3	76	48	10242.0	0.46865846514352666
chr3	77	18	10037.0	0.17933645511607055
chr3	78	27	9797.0	0.27559456976625496
chr3	79	33	9591.0	0.3440725680325305
chr3	80	29	9349.0	0.31019360359396725
chr3	81	30	9150.0	0.32786885245901637
chr3	82	12	8920.0	0.13452914798206278
chr3	83	10	8684.0	0.11515430677107323
chr3	84	11	8496.0	0.12947269303201508
chr3	85	11	8277.0	0.13289839313761026
chr3	86	16	8086.0	0.19787286668315607
chr3	87	13	7858.0	0.16543649783659964
chr3	88	20	7610.0	0.2628120893561104
chr3	89	33	7386.0	0.4467912266450041
chr3	90	19	7179.0	0.26466081626967547
chr3	91	23	6960.0	0.33045977011494254
chr3	92	26	6750.0	0.3851851851851852
chr3	93	31	6540.0	0.4740061162079511
chr3	94	16	6324.0	0.2530044275774826
chr3	95	14	6097.0	0.2296211251435132
chr3	96	17	5892.0	0.28852681602172436
chr3	97	12	5677.0	0.21137924960366392
chr3	98	11	5456.0	0.20161290322580644
chr3	99	12	5256.0	0.228310502283105
chr3	100	16	5046.0	0.3170828378913991
chr3	101	9	4816.0	0.18687707641196014
chr3	102	15	4617.0	0.3248862897985705
chr3	103	12	4403.0	0.27254144901203725
chr3	104	10	4174.0	0.23957834211787254
chr3	105	7	3933.0	0.17798118484617342
chr3	106	9	3701.0	0.2431775195893002
chr3	107	14	3463.0	0.40427375108287616
chr3	108	12	3242.0	0.3701418877236274
chr3	109	9	3021.0	0.29791459781529295
chr3	110	5	2764.0	0.1808972503617945
chr3	111	13	2545.0	0.5108055009823183
chr3	112	14	2313.0	0.6052745352356248
chr3	113	7	2081.0	0.3363767419509851
chr3	114	5	1806.0	0.2768549280177187
chr3	115	3	1576.0	0.1903553299492386
chr3	116	3	1308.0	0.22935779816513763
chr3	117	1	1062.0	0.09416195856873823
chr3	118	4	841.0	0.47562425683709864
chr3	119	2	589.0	0.3395585738539898
chr3	120	3	353.0	0.84985835694051
chr3	121	0	136.0	0.0
chr3	122	0	0.0	nan
chr3	123	0	0.0	nan
chr3	124	0	0.0	nan
chr3	125	0	0.0	nan
chr3	126	0	0.0	nan
chr3	127	0	0.0	nan
chr3	128	0	0.0	nan
chr3	129	0	0.0	nan
chr3	130	0	0.0	nan
chr3	131	0	0.0	nan
chr3	132	0	0.0	nan
chr3	133	0	0.0	nan
chr3	134	0	0.0	nan
chr3	135	0	0.0	nan
chr3	136	0	0.0	nan
chr3	137	0	0.0	nan
chr4	-158	0	0.0	nan
chr4	-157	0	0.0	nan
chr4	-156	0	0.0	nan
chr4	-155	0	0.0	nan
chr4	-154	0	0.0	nan
chr4	-153	0	0.0	nan
chr4	-152	0	0.0	nan
chr4	-151	0	0.0	nan
chr4	-150	0	0.0	nan
chr4	-149	0	0.0	nan
chr4	-148	0	0.0	nan
chr4	-147	0	0.0	nan
chr4	-146	0	0.0	nan
chr4	-145	0	0.0	nan
chr4	-144	0	0.0	nan
chr4	-143	0	0.0	nan
chr4	-142	0	0.0	nan
chr4	-141	0	0.0	nan
chr4	-140	0	0.0	nan
chr4	-139	0	7.0	0.0
chr4	-138	0	8.0	0.0
chr4	-137	0	11.0	0.0
chr4	-136	0	11.0	0.0
chr4	-135	0	12.0	0.0
chr4	-134	1	17.0	5.88235294117647
chr4	-133	1	240.0	0.4166666666666667
chr4	-132	1	560.0	0.17857142857142858
chr4	-131	3	964.0	0.3112033195020747
chr4	-130	3	1366.0	0.21961932650073207
chr4	-129	3	1812.0	0.16556291390728478
chr4	-128	11	2218.0	0.49594229035166815
chr4	-127	1	2645.0	0.03780718336483932
chr4	-126	1	3064.0	0.03263707571801567
chr4	-125	7	3541.0	0.1976842699802316
chr4	-124	15	3962.0	0.37859666834931854
chr4	-123	6	4416.0	0.1358695652173913
chr4	-122	11	4847.0	0.22694450175366207
chr4	-121	5	5302.0	0.09430403621274991
chr4	-120	5	5740.0	0.08710801393728224
chr4	-119	15	6167.0	0.2432300956705043
chr4	-118	7	6630.0	0.10558069381598793
chr4	-117	5	7061.0	0.0708114997875655
chr4	-116	19	7495.0	0.25350233488992663
chr4	-115	19	7943.0	0.23920433085735868
chr4	-114	19	8370.0	0.22700119474313024
chr4	-113	12	8814.0	0.13614703880190604
chr4	-112	28	9308.0	0.30081650193382037
chr4	-111	21	9736.0	0.21569433032046012
chr4	-110	15	10169.0	0.1475071295112597
chr4	-109	31	10619.0	0.29192956022224315
chr4	-108	25	11069.0	0.22585599421808653
chr4	-107	34	11445.0	0.29707295762341634
chr4	-106	29	11890.0	0.24390243902439024
chr4	-105	35	12317.0	0.28416010392140945
chr4	-104	39	12731.0	0.306338857905899
chr4	-103	33	13166.0	0.2506456023089777
chr4	-102	25	13592.0	0.18393172454384932
chr4	-101	46	14005.0	0.3284541235273117
chr4	-100	46	14409.0	0.31924491637171215
chr4	-99	56	14837.0	0.3774347913998787
chr4	-98	46	15266.0	0.30132320188654527
chr4	-97	32	15680.0	0.20408163265306123
chr4	-96	32	16092.0	0.19885657469550086
chr4	-95	43	16509.0	0.2604639893391483
chr4	-94	39	16916.0	0.23055095767320882
chr4	-93	35	17366.0	0.20154324542208915
chr4	-92	22	17816.0	0.12348450830713965
chr4	-91	67	18244.0	0.3672440254330191
chr4	-90	66	18631.0	0.354248295851001
chr4	-89	54	19031.0	0.2837475697546109
chr4	-88	105	19450.0	0.5398457583547558
chr4	-87	58	19889.0	0.2916184825783096
chr4	-86	63	20266.0	0.3108654889963485
chr4	-85	33	20692.0	0.15948192538179007
chr4	-84	78	21132.0	0.3691084611016468
chr4	-83	43	21518.0	0.19983269820615296
chr4	-82	94	21938.0	0.42848026255811833
chr4	-81	74	22365.0	0.33087413369103513
chr4	-80	55	22802.0	0.24120691167441455
chr4	-79	89	23223.0	0.38324075270206265
chr4	-78	75	23620.0	0.31752751905165116
chr4	-77	50	24022.0	0.20814253600865873
chr4	-76	81	24431.0	0.3315459866562973
chr4	-75	23	24846.0	0.0925702326330194
chr4	-74	77	25259.0	0.3048418385525951
chr4	-73	71	25703.0	0.276232346418706
chr4	-72	89	26091.0	0.3411137940285922
chr4	-71	45	26507.0	0.16976647677971857
chr4	-70	60	26948.0	0.2226510316164465
chr4	-69	75	27382.0	0.2739025637279965
chr4	-68	89	27788.0	0.320282136173888
chr4	-67	101	28212.0	0.35800368637459234
chr4	-66	70	28639.0	0.24442194210691714
chr4	-65	72	29086.0	0.24754177267413877
chr4	-64	73	29506.0	0.24740730698840913
chr4	-63	72	29929.0	0.240569347455645
chr4	-62	98	30345.0	0.32295271049596314
chr4	-61	75	30776.0	0.2436963867949051
chr4	-60	67	31164.0	0.2149916570401746
chr4	-59	76	31567.0	0.24075775335001742
chr4	-58	81	32014.0	0.25301430624101956
chr4	-57	68	32427.0	0.20970179171677922
chr4	-56	95	32807.0	0.2895723473648916
chr4	-55	66	33232.0	0.19860375541646608
chr4	-54	92	33673.0	0.27321592967659547
chr4	-53	82	34042.0	0.24087891428235708
chr4	-52	118	34469.0	0.3423365923003278
chr4	-51	107	34916.0	0.30644976515064726
chr4	-50	91	35325.0	0.25760792639773533
chr4	-49	94	35772.0	0.2627753550262775
chr4	-48	114	36203.0	0.3148910311300168
chr4	-47	110	36632.0	0.3002839047827036
chr4	-46	83	37058.0	0.22397323115116843
chr4	-45	145	37476.0	0.38691429181342724
chr4	-44	92	37895.0	0.24277609183269558
chr4	-43	69	38330.0	0.18001565353509003
chr4	-42	86	38806.0	0.22161521414214297
chr4	-41	175	39236.0	0.44601896217759207
chr4	-40	75	39676.0	0.18903115233390463
chr4	-39	112	40122.0	0.27914859677982157
chr4	-38	125	40531.0	0.3084059115245121
chr4	-37	85	41026.0	0.20718568712523766
chr4	-36	106	41437.0	0.2558100248570119
chr4	-35	93	41861.0	0.2221638279066434
chr4	-34	118	42329.0	0.27876869285832406
chr4	-33	93	42778.0	0.21740146804432184
chr4	-32	167	43219.0	0.38640412781415584
chr4	-31	136	43667.0	0.31144800421370833
chr4	-30	98	44140.0	0.222020842772995
chr4	-29	66	44546.0	0.14816145108427245
chr4	-28	171	44981.0	0.3801605122162691
chr4	-27	108	45439.0	0.23768128700015406
chr4	-26	91	45932.0	0.19811895846033267
chr4	-25	135	46393.0	0.29099217554372425
chr4	-24	108	46817.0	0.23068543477796527
chr4	-23	166	47271.0	0.35116667724397627
chr4	-22	106	47696.0	0.2222408587722241
chr4	-21	194	48175.0	0.4026984950700571
chr4	-20	158	48647.0	0.3247887845088083
chr4	-19	148	49141.0	0.3011741722797664
chr4	-18	203	49631.0	0.40901855695029316
chr4	-17	128	50088.0	0.25555023159239737
chr4	-16	170	50600.0	0.3359683794466403
chr4	-15	157	51036.0	0.30762598949760955
chr4	-14	84	51472.0	0.1631955237799192
chr4	-13	141	51978.0	0.2712686136442341
chr4	-12	126	52526.0	0.23988120169059135
chr4	-11	144	53097.0	0.27120176281145825
chr4	-10	161	53650.0	0.3000931966449208
chr4	-9	102	53647.0	0.1901317874252055
chr4	-8	163	53632.0	0.303923031026253
chr4	-7	180	53617.0	0.3357144189342932
chr4	-6	211	53633.0	0.3934145022653963
chr4	-5	210	53648.0	0.3914405010438413
chr4	-4	254	53646.0	0.47347425716735636
chr4	-3	246	53607.0	0.45889529352509933
chr4	-2	206	53593.0	0.3843785569010878
chr4	-1	341	53598.0	0.6362177693197507
chr4	0	221	52717.0	0.41921960657852303
chr4	1	152	52261.0	0.290847859780716
chr4	2	184	51862.0	0.35478770583471525
chr4	3	212	51479.0	0.41181841139105263
chr4	4	186	51076.0	0.3641632077688151
chr4	5	110	50607.0	0.21736123461181261
chr4	6	126	50167.0	0.2511611218530109
chr4	7	198	49708.0	0.3983262251549047
chr4	8	113	49264.0	0.22937642091588176
chr4	9	136	48843.0	0.27844317507114635
chr4	10	136	48415.0	0.2809046783021791
chr4	11	144	47955.0	0.30028151391929936
chr4	12	122	47543.0	0.25660980585995835
chr4	13	95	47081.0	0.20177991121683908
chr4	14	155	46647.0	0.3322828906467726
chr4	15	154	46215.0	0.33322514335172565
chr4	16	155	45779.0	0.3385831931671727
chr4	17	215	45354.0	0.47404859549323103
chr4	18	122	44893.0	0.27175728955516454
chr4	19	118	44457.0	0.2654250174325753
chr4	20	245	43969.0	0.5572107621278628
chr4	21	124	43524.0	0.2849002849002849
chr4	22	188	43116.0	0.4360330271824845
chr4	23	111	42687.0	0.2600323283435238
chr4	24	131	42252.0	0.310044494935151
chr4	25	120	41850.0	0.2867383512544803
chr4	26	92	41435.0	0.22203451188608664
chr4	27	161	41026.0	0.3924340662019207
chr4	28	95	40604.0	0.23396709683774997
chr4	29	92	40148.0	0.2291521370927568
chr4	30	157	39748.0	0.39498842709067117
chr4	31	176	39300.0	0.4478371501272264
chr4	32	84	38858.0	0.2161717020948067
chr4	33	100	38468.0	0.2599563273370074
chr4	34	96	38025.0	0.25246548323471396
chr4	35	99	37593.0	0.26334689968877184
chr4	36	77	37198.0	0.20700037636432067
chr4	37	118	36776.0	0.32086143136828366
chr4	38	103	36341.0	0.2834264329545142
chr4	39	107	35898.0	0.298066744665441
chr4	40	160	35478.0	0.4509837082135408
chr4	41	104	35062.0	0.2966174205692773
chr4	42	83	34646.0	0.23956589505281997
chr4	43	121	34250.0	0.3532846715328467
chr4	44	131	33863.0	0.386852907302956
chr4	45	117	33412.0	0.35017359032682865
chr4	46	89	33012.0	0.26959893372107113
chr4	47	111	32610.0	0.3403863845446182
chr4	48	82	32191.0	0.2547295828026467
chr4	49	96	31792.0	0.3019627579265224
chr4	50	72	31359.0	0.22959915813642018
chr4	51	94	30912.0	0.30408902691511386
chr4	52	66	30471.0	0.21659938958353844
chr4	53	74	30080.0	0.24601063829787234
chr4	54	51	29700.0	0.1717171717171717
chr4	55	82	29276.0	0.28009290886733157
chr4	56	71	28884.0	0.24581082952499653
chr4	57	68	28452.0	0.2389990158864052
chr4	58	91	28022.0	0.3247448433373778
chr4	59	63	27565.0	0.22855069834935604
chr4	60	62	27157.0	0.22830209522406744
chr4	61	80	26780.0	0.2987303958177745
chr4	62	53	26336.0	0.20124544349939244
chr4	63	71	25910.0	0.2740254727904284
chr4	64	68	25488.0	0.2667922159447583
chr4	65	54	25031.0	0.21573249171027925
chr4	66	85	24636.0	0.3450235427829193
chr4	67	70	24198.0	0.28928010579386726
chr4	68	65	23780.0	0.27333894028595457
chr4	69	72	23347.0	0.3083907996744764
chr4	70	41	22919.0	0.17889087656529518
chr4	71	70	22521.0	0.31082101150037744
chr4	72	71	22125.0	0.3209039548022599
chr4	73	80	21719.0	0.3683410838436392
chr4	74	41	21288.0	0.19259676813228108
chr4	75	80	20879.0	0.3831601130322333
chr4	76	46	20495.0	0.2244449865820932
chr4	77	46	20053.0	0.22939211090609885
chr4	78	78	19630.0	0.3973509933774834
chr4	79	59	19232.0	0.3067803660565724
chr4	80	64	18805.0	0.3403350172826376
chr4	81	88	18391.0	0.4784949159915176
chr4	82	56	17965.0	0.31171722794322293
chr4	83	76	17515.0	0.4339137881815587
chr4	84	47	17083.0	0.2751273195574548
chr4	85	46	16661.0	0.27609387191645157
chr4	86	50	16227.0	0.3081284279287607
chr4	87	96	15806.0	0.6073642920409971
chr4	88	49	15367.0	0.31886510054011846
chr4	89	56	14924.0	0.37523452157598497
chr4	90	67	14486.0	0.4625155322380229
chr4	91	50	14036.0	0.35622684525505843
chr4	92	36	13609.0	0.264530825189213
chr4	93	46	13154.0	0.3497035122396229
chr4	94	34	12733.0	0.26702269692923897
chr4	95	40	12264.0	0.32615786040443573
chr4	96	23	11826.0	0.19448672416708945
chr4	97	44	11400.0	0.3859649122807018
chr4	98	56	10970.0	0.5104831358249773
chr4	99	40	10491.0	0.38127919168811364
chr4	100	52	10046.0	0.5176189528170416
chr4	101	31	9617.0	0.32234584589788917
chr4	102	25	9167.0	0.2727173557325188
chr4	103	40	8720.0	0.45871559633027525
chr4	104	24	8289.0	0.2895403546869345
chr4	105	22	7826.0	0.2811142346026067
chr4	106	28	7323.0	0.3823569575310665
chr4	107	21	6908.0	0.3039953676896352
chr4	108	28	6467.0	0.43296737281583425
chr4	109	23	5967.0	0.3854533266297972
chr4	110	15	5543.0	0.2706115821757171
chr4	111	17	5053.0	0.33643380170195925
chr4	112	8	4590.0	0.17429193899782133
chr4	113	16	4122.0	0.38816108685104317
chr4	114	12	3672.0	0.32679738562091504
chr4	115	18	3186.0	0.5649717514124294
chr4	116	7	2646.0	0.26455026455026454
chr4	117	3	2198.0	0.13648771610555052
chr4	118	7	1714.0	0.40840140023337224
chr4	119	7	1181.0	0.5927180355630821
chr4	120	1	658.0	0.1519756838905775
chr4	121	0	275.0	0.0
chr4	122	0	0.0	nan
chr4	123	0	0.0	nan
chr4	124	0	0.0	nan
chr4	125	0	0.0	nan
chr4	126	0	0.0	nan
chr4	127	0	0.0	nan
chr4	128	0	0.0	nan
chr4	129	0	0.0	nan
chr4	130	0	0.0	nan
chr4	131	0	0.0	nan
chr4	132	0	0.0	nan
chr4	133	0	0.0	nan
chr4	134	0	0.0	nan
chr4	135	0	0.0	nan
chr4	136	0	0.0	nan
chr4	137	0	0.0	nan
chr4	138	0	0.0	nan
chr4	139	0	0.0	nan
chr4	140	0	0.0	nan
chr4	141	0	0.0	nan
chr4	142	0	0.0	nan
chr4	143	0	0.0	nan
chr4	144	0	0.0	nan
chr4	145	0	0.0	nan
chr4	146	0	0.0	nan
chr4	147	0	0.0	nan
chr4	148	0	0.0	nan
chr4	149	0	0.0	nan
chr4	150	0	0.0	nan
chr4	151	0	0.0	nan
chr4	152	0	0.0	nan
chr4	153	0	0.0	nan
chr4	154	0	0.0	nan
chr4	155	0	0.0	nan
chr4	156	0	0.0	nan
chr4	157	0	0.0	nan
chr6	-141	0	0.0	nan
chr6	-140	0	0.0	nan
chr6	-139	0	2.0	0.0
chr6	-138	0	3.0	0.0
chr6	-137	0	4.0	0.0
chr6	-136	0	5.0	0.0
chr6	-135	0	6.0	0.0
chr6	-134	0	9.0	0.0
chr6	-133	1	283.0	0.35335689045936397
chr6	-132	0	672.0	0.0
chr6	-131	0	1122.0	0.0
chr6	-130	3	1570.0	0.1910828025477707
chr6	-129	2	2101.0	0.09519276534983341
chr6	-128	2	2584.0	0.07739938080495357
chr6	-127	2	3039.0	0.06581112207963145
chr6	-126	5	3574.0	0.13989927252378287
chr6	-125	14	4065.0	0.34440344403444034
chr6	-124	7	4535.0	0.1543550165380375
chr6	-123	7	4954.0	0.14129995962858297
chr6	-122	11	5440.0	0.2022058823529412
chr6	-121	17	5935.0	0.2864363942712721
chr6	-120	18	6410.0	0.28081123244929795
chr6	-119	8	6924.0	0.11554015020219525
chr6	-118	23	7393.0	0.3111050994183687
chr6	-117	16	7848.0	0.20387359836901123
chr6	-116	19	8342.0	0.22776312634859744
chr6	-115	28	8809.0	0.3178567374276309
chr6	-114	27	9320.0	0.2896995708154506
chr6	-113	15	9776.0	0.1534369885433715
chr6	-112	21	10261.0	0.2046584153591268
chr6	-111	21	10749.0	0.19536701088473346
chr6	-110	25	11225.0	0.22271714922048996
chr6	-109	22	11715.0	0.18779342723004694
chr6	-108	18	12209.0	0.14743222213121468
chr6	-107	32	12706.0	0.25184951991185267
chr6	-106	36	13211.0	0.27250018923624253
chr6	-105	32	13728.0	0.2331002331002331
chr6	-104	29	14200.0	0.20422535211267606
chr6	-103	24	14658.0	0.1637331150225133
chr6	-102	72	15143.0	0.4754672125734663
chr6	-101	26	15592.0	0.16675218060543867
chr6	-100	31	16037.0	0.19330298684292574
chr6	-99	42	16475.0	0.2549317147192716
chr6	-98	41	16926.0	0.2422308873921777
chr6	-97	33	17423.0	0.18940480973425933
chr6	-96	38	17888.0	0.21243291592128802
chr6	-95	65	18426.0	0.3527624009551721
chr6	-94	46	18897.0	0.24342488225644285
chr6	-93	54	19364.0	0.2788680024788267
chr6	-92	57	19862.0	0.2869801631255664
chr6	-91	61	20334.0	0.2999901642569096
chr6	-90	37	20834.0	0.17759431698185657
chr6	-89	43	21314.0	0.20174533170685935
chr6	-88	31	21762.0	0.14245014245014245
chr6	-87	63	22205.0	0.28371988290925465
chr6	-86	63	22671.0	0.277888050813815
chr6	-85	51	23195.0	0.21987497305453763
chr6	-84	94	23659.0	0.397311805232681
chr6	-83	34	24160.0	0.14072847682119205
chr6	-82	57	24637.0	0.2313593375816861
chr6	-81	66	25114.0	0.26280162459186107
chr6	-80	57	25585.0	0.22278678913425837
chr6	-79	63	26100.0	0.2413793103448276
chr6	-78	67	26566.0	0.252202062787021
chr6	-77	59	27043.0	0.21817106090300634
chr6	-76	73	27538.0	0.2650882417023749
chr6	-75	78	28000.0	0.2785714285714286
chr6	-74	83	28468.0	0.29155543065898554
chr6	-73	53	28947.0	0.18309323936850105
chr6	-72	50	29438.0	0.16984849514233305
chr6	-71	75	29949.0	0.25042572373034155
chr6	-70	56	30452.0	0.1838959674241429
chr6	-69	67	30964.0	0.21638031262110838
chr6	-68	119	31471.0	0.3781258936798958
chr6	-67	59	31960.0	0.18460575719649563
chr6	-66	87	32462.0	0.26800566816585547
chr6	-65	99	32977.0	0.3002092367407587
chr6	-64	91	33475.0	0.27184466019417475
chr6	-63	108	33925.0	0.318349299926308
chr6	-62	119	34401.0	0.3459201767390483
chr6	-61	62	34923.0	0.17753343069037597
chr6	-60	91	35395.0	0.2570984602344964
chr6	-59	95	35870.0	0.2648452746027321
chr6	-58	56	36322.0	0.15417653212928803
chr6	-57	82	36834.0	0.2226204050605419
chr6	-56	114	37333.0	0.30535986928454717
chr6	-55	104	37814.0	0.2750304120167134
chr6	-54	54	38288.0	0.14103635603844547
chr6	-53	69	38766.0	0.1779910230614456
chr6	-52	127	39269.0	0.32341032366497746
chr6	-51	81	39741.0	0.20381973276968368
chr6	-50	107	40183.0	0.26628176094368267
chr6	-49	119	40683.0	0.2925054691148637
chr6	-48	116	41160.0	0.28182701652089404
chr6	-47	89	41645.0	0.2137111297874895
chr6	-46	107	42135.0	0.2539456508840631
chr6	-45	143	42606.0	0.33563347885274375
chr6	-44	93	43070.0	0.21592755978639425
chr6	-43	155	43546.0	0.3559454370091398
chr6	-42	159	44065.0	0.36083059117213206
chr6	-41	177	44562.0	0.39719940756698535
chr6	-40	134	45015.0	0.29767855159391315
chr6	-39	98	45493.0	0.21541775657793505
chr6	-38	91	45995.0	0.1978475921295793
chr6	-37	111	46474.0	0.2388432241683522
chr6	-36	156	46964.0	0.3321693211821821
chr6	-35	113	47479.0	0.23799995787611364
chr6	-34	115	47982.0	0.23967321078737858
chr6	-33	126	48472.0	0.25994388512955935
chr6	-32	148	48941.0	0.3024049365562616
chr6	-31	107	49418.0	0.21652029624833055
chr6	-30	123	49930.0	0.2463448828359704
chr6	-29	167	50454.0	0.3309945693106592
chr6	-28	174	50959.0	0.34145097038795896
chr6	-27	131	51456.0	0.2545864427860697
chr6	-26	91	51978.0	0.17507406979876103
chr6	-25	150	52473.0	0.28586130009719285
chr6	-24	132	52962.0	0.2492353007816925
chr6	-23	110	53511.0	0.20556521089121865
chr6	-22	185	54025.0	0.34243405830633966
chr6	-21	128	54491.0	0.23490117634104712
chr6	-20	120	55018.0	0.21811043658439055
chr6	-19	121	55532.0	0.21789238637182165
chr6	-18	142	56091.0	0.2531600435007399
chr6	-17	150	56646.0	0.26480245736680436
chr6	-16	227	57162.0	0.3971169658164515
chr6	-15	248	57758.0	0.42937774853699917
chr6	-14	140	58395.0	0.2397465536432914
chr6	-13	142	58989.0	0.240722846632423
chr6	-12	174	59563.0	0.2921276631465843
chr6	-11	201	60185.0	0.33397025837002575
chr6	-10	190	60775.0	0.3126285479226656
chr6	-9	205	60761.0	0.33738746893566596
chr6	-8	209	60793.0	0.3437895810372905
chr6	-7	270	60804.0	0.4440497335701598
chr6	-6	179	60796.0	0.29442726495164157
chr6	-5	337	60783.0	0.554431337709557
chr6	-4	241	60814.0	0.39629032788502644
chr6	-3	221	60817.0	0.3633852376802539
chr6	-2	206	60794.0	0.3388492285422903
chr6	-1	554	60773.0	0.9115890280223126
chr6	0	335	59808.0	0.5601257356875334
chr6	1	136	59301.0	0.22933845972243302
chr6	2	195	58831.0	0.33145790484608456
chr6	3	150	58314.0	0.25722810988784856
chr6	4	210	57791.0	0.36337838071672063
chr6	5	110	57302.0	0.1919653764266518
chr6	6	162	56833.0	0.285045660091848
chr6	7	218	56335.0	0.3869707996804828
chr6	8	163	55865.0	0.2917748142844357
chr6	9	153	55413.0	0.2761084943966217
chr6	10	123	54997.0	0.22364856264887176
chr6	11	141	54469.0	0.25886283941324423
chr6	12	97	54002.0	0.1796229769267805
chr6	13	110	53517.0	0.20554216417213222
chr6	14	189	53009.0	0.3565432285083665
chr6	15	160	52532.0	0.30457625828066703
chr6	16	132	52063.0	0.2535389816184238
chr6	17	123	51590.0	0.23841829811979068
chr6	18	114	51032.0	0.22338924596331713
chr6	19	109	50553.0	0.2156152948390798
chr6	20	172	50046.0	0.34368381089397754
chr6	21	162	49596.0	0.3266392451004113
chr6	22	105	49128.0	0.21372740595994139
chr6	23	150	48632.0	0.3084388879749959
chr6	24	114	48136.0	0.2368289845437926
chr6	25	108	47669.0	0.22656233610942123
chr6	26	107	47167.0	0.22685352046982002
chr6	27	172	46673.0	0.36852141495082813
chr6	28	148	46186.0	0.32044342441432466
chr6	29	157	45733.0	0.34329696280585137
chr6	30	106	45244.0	0.2342852090884979
chr6	31	168	44811.0	0.3749079467095133
chr6	32	144	44349.0	0.32469728742474463
chr6	33	125	43916.0	0.2846343018489844
chr6	34	107	43441.0	0.24631108860293272
chr6	35	129	42950.0	0.30034924330616997
chr6	36	137	42464.0	0.32262622456669177
chr6	37	106	41943.0	0.2527239348639821
chr6	38	102	41481.0	0.24589571128950605
chr6	39	121	40980.0	0.29526598340653976
chr6	40	164	40513.0	0.40480833312763803
chr6	41	151	40045.0	0.37707578973654643
chr6	42	137	39564.0	0.3462743908603781
chr6	43	89	39121.0	0.2274992970527338
chr6	44	121	38655.0	0.3130254818264131
chr6	45	94	38163.0	0.24631187275633465
chr6	46	106	37673.0	0.2813686194356701
chr6	47	89	37188.0	0.239324513283855
chr6	48	107	36709.0	0.29148165300062656
chr6	49	95	36218.0	0.26230051355679496
chr6	50	107	35739.0	0.29939282016844343
chr6	51	86	35257.0	0.24392319255750633
chr6	52	77	34798.0	0.2212770848899362
chr6	53	86	34303.0	0.25070693525347637
chr6	54	100	33833.0	0.2955694144769899
chr6	55	107	33327.0	0.32106100159030215
chr6	56	71	32853.0	0.21611420570419748
chr6	57	100	32365.0	0.3089757454039858
chr6	58	96	31895.0	0.30098761561373255
chr6	59	87	31384.0	0.27721131786897785
chr6	60	71	30890.0	0.229847847199741
chr6	61	88	30394.0	0.28953082845298417
chr6	62	87	29865.0	0.2913108990457057
chr6	63	66	29359.0	0.22480329711502436
chr6	64	106	28880.0	0.3670360110803324
chr6	65	77	28361.0	0.2714995945135926
chr6	66	45	27861.0	0.16151609777107784
chr6	67	88	27372.0	0.3214964196989625
chr6	68	55	26905.0	0.20442296970823265
chr6	69	56	26448.0	0.21173623714458562
chr6	70	67	25977.0	0.2579204681064018
chr6	71	45	25455.0	0.1767825574543312
chr6	72	37	24993.0	0.1480414516064498
chr6	73	70	24534.0	0.28531833374093096
chr6	74	68	24061.0	0.2826150201571007
chr6	75	93	23562.0	0.3947033358798065
chr6	76	64	23058.0	0.2775609332986382
chr6	77	64	22593.0	0.2832735803124862
chr6	78	73	22098.0	0.3303466377047697
chr6	79	59	21608.0	0.27304701962236205
chr6	80	59	21126.0	0.2792767206286093
chr6	81	48	20680.0	0.23210831721470018
chr6	82	44	20209.0	0.21772477608986096
chr6	83	83	19741.0	0.4204447596373031
chr6	84	48	19261.0	0.24920824463942684
chr6	85	73	18756.0	0.3892087865216464
chr6	86	41	18277.0	0.2243256551950539
chr6	87	38	17817.0	0.21327945220856484
chr6	88	40	17317.0	0.23098689149390772
chr6	89	41	16824.0	0.24369947693770802
chr6	90	57	16334.0	0.3489653483531285
chr6	91	47	15855.0	0.2964364553768527
chr6	92	54	15388.0	0.3509227969846634
chr6	93	39	14920.0	0.2613941018766756
chr6	94	54	14385.0	0.3753910323253389
chr6	95	30	13889.0	0.2159982720138239
chr6	96	31	13405.0	0.23125699365908245
chr6	97	44	12887.0	0.341429347404361
chr6	98	46	12405.0	0.3708182184602983
chr6	99	26	11941.0	0.2177372079390336
chr6	100	33	11444.0	0.2883607130373995
chr6	101	36	10963.0	0.32837726899571285
chr6	102	20	10468.0	0.19105846388995032
chr6	103	30	9939.0	0.3018412315122246
chr6	104	22	9458.0	0.2326073165574117
chr6	105	32	8954.0	0.35738217556399376
chr6	106	13	8407.0	0.15463304389199478
chr6	107	27	7906.0	0.34151277510751327
chr6	108	17	7419.0	0.22914139371883005
chr6	109	27	6838.0	0.39485229599298044
chr6	110	19	6338.0	0.29977911012937836
chr6	111	13	5824.0	0.2232142857142857
chr6	112	8	5321.0	0.15034767900770532
chr6	113	12	4770.0	0.25157232704402516
chr6	114	10	4246.0	0.23551577955723035
chr6	115	11	3727.0	0.29514354708881135
chr6	116	15	3172.0	0.47288776796973514
chr6	117	11	2549.0	0.43154178109062374
chr6	118	3	1951.0	0.1537672988211174
chr6	119	4	1392.0	0.28735632183908044
chr6	120	0	864.0	0.0
chr6	121	5	376.0	1.3297872340425532
chr6	122	0	0.0	nan
chr6	123	0	0.0	nan
chr6	124	0	0.0	nan
chr6	125	0	0.0	nan
chr6	126	0	0.0	nan
chr6	127	0	0.0	nan
chr6	128	0	0.0	nan
chr6	129	0	0.0	nan
chr6	130	0	0.0	nan
chr6	131	0	0.0	nan
chr6	132	0	0.0	nan
chr6	133	0	0.0	nan
chr6	134	0	0.0	nan
chr6	135	0	0.0	nan
chr6	136	0	0.0	nan
chr6	137	0	0.0	nan
chr6	138	0	0.0	nan
chr6	139	0	0.0	nan
chr6	140	0	0.0	nan
chr6	141	0	0.0	nan
chr6	142	0	0.0	nan
chr6	143	0	0.0	nan
chr7	-133	0	29.0	0.0
chr7	-132	0	56.0	0.0
chr7	-131	0	99.0	0.0
chr7	-130	0	134.0	0.0
chr7	-129	0	181.0	0.0
chr7	-128	0	232.0	0.0
chr7	-127	0	276.0	0.0
chr7	-126	0	328.0	0.0
chr7	-125	0	373.0	0.0
chr7	-124	0	412.0	0.0
chr7	-123	0	460.0	0.0
chr7	-122	2	504.0	0.3968253968253968
chr7	-121	1	543.0	0.1841620626151013
chr7	-120	0	586.0	0.0
chr7	-119	0	641.0	0.0
chr7	-118	3	686.0	0.43731778425655976
chr7	-117	0	735.0	0.0
chr7	-116	1	774.0	0.12919896640826875
chr7	-115	1	826.0	0.12106537530266344
chr7	-114	1	873.0	0.11454753722794961
chr7	-113	2	914.0	0.2188183807439825
chr7	-112	1	950.0	0.10526315789473684
chr7	-111	0	1001.0	0.0
chr7	-110	6	1055.0	0.5687203791469194
chr7	-109	8	1086.0	0.7366482504604052
chr7	-108	0	1131.0	0.0
chr7	-107	3	1183.0	0.25359256128486896
chr7	-106	7	1234.0	0.5672609400324149
chr7	-105	2	1283.0	0.1558846453624318
chr7	-104	0	1317.0	0.0
chr7	-103	2	1343.0	0.14892032762472077
chr7	-102	4	1393.0	0.2871500358937545
chr7	-101	1	1448.0	0.06906077348066297
chr7	-100	2	1492.0	0.13404825737265416
chr7	-99	11	1543.0	0.712896953985742
chr7	-98	0	1589.0	0.0
chr7	-97	3	1626.0	0.18450184501845018
chr7	-96	0	1666.0	0.0
chr7	-95	2	1709.0	0.11702750146284377
chr7	-94	2	1751.0	0.1142204454597373
chr7	-93	4	1795.0	0.22284122562674097
chr7	-92	0	1841.0	0.0
chr7	-91	4	1880.0	0.2127659574468085
chr7	-90	7	1914.0	0.3657262277951933
chr7	-89	3	1949.0	0.1539250897896357
chr7	-88	8	2014.0	0.3972194637537239
chr7	-87	3	2053.0	0.14612761811982464
chr7	-86	0	2094.0	0.0
chr7	-85	8	2147.0	0.37261294829995345
chr7	-84	1	2187.0	0.04572473708276177
chr7	-83	4	2232.0	0.17921146953405018
chr7	-82	5	2283.0	0.2190100744634253
chr7	-81	3	2324.0	0.12908777969018934
chr7	-80	4	2358.0	0.16963528413910092
chr7	-79	5	2401.0	0.20824656393169513
chr7	-78	3	2457.0	0.1221001221001221
chr7	-77	4	2498.0	0.16012810248198558
chr7	-76	1	2537.0	0.039416633819471816
chr7	-75	5	2574.0	0.19425019425019424
chr7	-74	5	2621.0	0.19076688286913393
chr7	-73	3	2660.0	0.11278195488721805
chr7	-72	5	2711.0	0.18443378827001106
chr7	-71	1	2758.0	0.03625815808556925
chr7	-70	7	2800.0	0.25
chr7	-69	4	2840.0	0.14084507042253522
chr7	-68	6	2881.0	0.20826102047900036
chr7	-67	8	2918.0	0.2741603838245374
chr7	-66	31	2956.0	1.0487144790257106
chr7	-65	18	3006.0	0.5988023952095809
chr7	-64	14	3066.0	0.45662100456621
chr7	-63	3	3123.0	0.09606147934678194
chr7	-62	4	3167.0	0.12630249447426586
chr7	-61	28	3212.0	0.8717310087173101
chr7	-60	32	3256.0	0.9828009828009828
chr7	-59	1	3284.0	0.03045066991473812
chr7	-58	17	3338.0	0.5092869982025165
chr7	-57	11	3375.0	0.3259259259259259
chr7	-56	6	3428.0	0.1750291715285881
chr7	-55	12	3472.0	0.3456221198156682
chr7	-54	7	3508.0	0.19954389965792474
chr7	-53	7	3557.0	0.1967950520101209
chr7	-52	3	3592.0	0.08351893095768374
chr7	-51	7	3643.0	0.19214932747735383
chr7	-50	5	3689.0	0.13553808620222282
chr7	-49	7	3739.0	0.18721583311045736
chr7	-48	4	3792.0	0.10548523206751054
chr7	-47	5	3840.0	0.13020833333333331
chr7	-46	5	3892.0	0.12846865364850976
chr7	-45	7	3937.0	0.17780035560071122
chr7	-44	2	3976.0	0.05030181086519115
chr7	-43	16	4037.0	0.3963339113202873
chr7	-42	12	4087.0	0.2936138977244923
chr7	-41	3	4124.0	0.07274490785645005
chr7	-40	7	4166.0	0.16802688430148824
chr7	-39	8	4208.0	0.19011406844106463
chr7	-38	15	4252.0	0.3527751646284102
chr7	-37	3	4306.0	0.06967022758941013
chr7	-36	4	4344.0	0.09208103130755065
chr7	-35	18	4383.0	0.41067761806981523
chr7	-34	12	4423.0	0.27130906624463036
chr7	-33	29	4476.0	0.6478999106344951
chr7	-32	12	4520.0	0.2654867256637168
chr7	-31	5	4560.0	0.10964912280701754
chr7	-30	17	4615.0	0.3683640303358613
chr7	-29	8	4664.0	0.17152658662092624
chr7	-28	15	4713.0	0.31826861871419476
chr7	-27	13	4769.0	0.2725938351855735
chr7	-26	8	4821.0	0.16594067620825553
chr7	-25	9	4887.0	0.1841620626151013
chr7	-24	24	4922.0	0.48760666395774077
chr7	-23	36	4968.0	0.7246376811594203
chr7	-22	11	5013.0	0.21942948334330742
chr7	-21	6	5066.0	0.11843663639952626
chr7	-20	12	5124.0	0.234192037470726
chr7	-19	14	5176.0	0.2704791344667697
chr7	-18	30	5227.0	0.5739429883298259
chr7	-17	23	5270.0	0.43643263757115747
chr7	-16	6	5320.0	0.11278195488721805
chr7	-15	6	5354.0	0.11206574523720583
chr7	-14	11	5426.0	0.2027276078142278
chr7	-13	7	5488.0	0.12755102040816327
chr7	-12	36	5547.0	0.6489994591671173
chr7	-11	9	5611.0	0.16039921582605596
chr7	-10	15	5662.0	0.26492405510420347
chr7	-9	18	5661.0	0.3179650238473768
chr7	-8	14	5661.0	0.24730612965907084
chr7	-7	28	5661.0	0.4946122593181417
chr7	-6	13	5662.0	0.2296008477569763
chr7	-5	8	5661.0	0.1413177883766119
chr7	-4	39	5661.0	0.688924218335983
chr7	-3	20	5662.0	0.35323207347227126
chr7	-2	9	5662.0	0.15895443306252208
chr7	-1	58	5662.0	1.0243730130695867
chr7	0	23	5565.0	0.4132973944294699
chr7	1	12	5516.0	0.21754894851341552
chr7	2	6	5480.0	0.10948905109489052
chr7	3	21	5435.0	0.38638454461821525
chr7	4	12	5380.0	0.22304832713754646
chr7	5	8	5331.0	0.15006565372350403
chr7	6	30	5289.0	0.5672149744753261
chr7	7	10	5253.0	0.19036740909956215
chr7	8	6	5199.0	0.1154068090017311
chr7	9	11	5157.0	0.21330230754314522
chr7	10	5	5112.0	0.09780907668231612
chr7	11	30	5064.0	0.5924170616113744
chr7	12	6	5026.0	0.11937922801432552
chr7	13	10	4975.0	0.20100502512562815
chr7	14	6	4915.0	0.12207527975584943
chr7	15	10	4880.0	0.20491803278688525
chr7	16	23	4839.0	0.4753048150444307
chr7	17	12	4791.0	0.25046963055729493
chr7	18	7	4744.0	0.1475548060708263
chr7	19	8	4696.0	0.17035775127768313
chr7	20	5	4665.0	0.10718113612004287
chr7	21	6	4616.0	0.12998266897746968
chr7	22	22	4565.0	0.48192771084337355
chr7	23	25	4529.0	0.5519982336056525
chr7	24	6	4472.0	0.13416815742397137
chr7	25	11	4422.0	0.24875621890547264
chr7	26	8	4387.0	0.18235696375655347
chr7	27	13	4345.0	0.2991944764096663
chr7	28	5	4305.0	0.11614401858304298
chr7	29	26	4268.0	0.6091846298031866
chr7	30	9	4209.0	0.21382751247327159
chr7	31	16	4164.0	0.38424591738712777
chr7	32	10	4120.0	0.24271844660194172
chr7	33	6	4070.0	0.14742014742014742
chr7	34	10	4026.0	0.24838549428713363
chr7	35	10	3994.0	0.25037556334501754
chr7	36	7	3957.0	0.17690169320192065
chr7	37	11	3916.0	0.2808988764044944
chr7	38	2	3872.0	0.05165289256198347
chr7	39	8	3827.0	0.20904102430101906
chr7	40	3	3785.0	0.07926023778071334
chr7	41	22	3747.0	0.5871363757672805
chr7	42	7	3704.0	0.18898488120950324
chr7	43	4	3664.0	0.10917030567685589
chr7	44	7	3607.0	0.19406709176601053
chr7	45	4	3565.0	0.11220196353436186
chr7	46	8	3509.0	0.2279851809632374
chr7	47	4	3463.0	0.11550678602367889
chr7	48	5	3423.0	0.1460706982179375
chr7	49	6	3385.0	0.1772525849335303
chr7	50	3	3331.0	0.09006304413089163
chr7	51	6	3300.0	0.18181818181818182
chr7	52	9	3262.0	0.27590435315757206
chr7	53	4	3204.0	0.12484394506866417
chr7	54	6	3152.0	0.1903553299492386
chr7	55	6	3111.0	0.19286403085824494
chr7	56	9	3080.0	0.2922077922077922
chr7	57	13	3039.0	0.42777229351760443
chr7	58	6	2967.0	0.20222446916076847
chr7	59	18	2948.0	0.6105834464043419
chr7	60	25	2902.0	0.861474844934528
chr7	61	2	2849.0	0.0702000702000702
chr7	62	6	2816.0	0.2130681818181818
chr7	63	11	2778.0	0.3959683225341973
chr7	64	16	2740.0	0.583941605839416
chr7	65	15	2697.0	0.5561735261401557
chr7	66	4	2655.0	0.15065913370998116
chr7	67	1	2602.0	0.03843197540353574
chr7	68	1	2545.0	0.03929273084479371
chr7	69	0	2492.0	0.0
chr7	70	3	2443.0	0.12279983626688497
chr7	71	2	2396.0	0.08347245409015025
chr7	72	2	2360.0	0.0847457627118644
chr7	73	1	2321.0	0.043084877208099955
chr7	74	1	2280.0	0.043859649122807015
chr7	75	3	2233.0	0.13434841021047916
chr7	76	3	2194.0	0.13673655423883319
chr7	77	1	2155.0	0.04640371229698376
chr7	78	4	2113.0	0.18930430667297682
chr7	79	4	2061.0	0.19408054342552158
chr7	80	5	2032.0	0.24606299212598426
chr7	81	3	1986.0	0.1510574018126888
chr7	82	2	1932.0	0.10351966873706005
chr7	83	3	1875.0	0.16
chr7	84	1	1819.0	0.054975261132490384
chr7	85	3	1776.0	0.16891891891891891
chr7	86	9	1725.0	0.5217391304347827
chr7	87	9	1678.0	0.5363528009535161
chr7	88	4	1635.0	0.24464831804281345
chr7	89	1	1584.0	0.06313131313131314
chr7	90	2	1538.0	0.13003901170351106
chr7	91	4	1497.0	0.26720106880427524
chr7	92	1	1454.0	0.0687757909215956
chr7	93	0	1406.0	0.0
chr7	94	3	1370.0	0.21897810218978103
chr7	95	6	1316.0	0.4559270516717325
chr7	96	2	1286.0	0.15552099533437014
chr7	97	6	1240.0	0.4838709677419355
chr7	98	2	1199.0	0.16680567139282734
chr7	99	3	1146.0	0.2617801047120419
chr7	100	1	1105.0	0.09049773755656108
chr7	101	4	1061.0	0.3770028275212064
chr7	102	1	1007.0	0.09930486593843098
chr7	103	2	945.0	0.21164021164021166
chr7	104	7	888.0	0.7882882882882882
chr7	105	2	835.0	0.23952095808383234
chr7	106	6	786.0	0.7633587786259541
chr7	107	0	733.0	0.0
chr7	108	8	695.0	1.1510791366906474
chr7	109	2	650.0	0.3076923076923077
chr7	110	2	599.0	0.333889816360601
chr7	111	4	544.0	0.7352941176470588
chr7	112	2	492.0	0.40650406504065045
chr7	113	1	438.0	0.228310502283105
chr7	114	2	386.0	0.5181347150259068
chr7	115	2	334.0	0.5988023952095809
chr7	116	0	286.0	0.0
chr7	117	0	236.0	0.0
chr7	118	1	177.0	0.5649717514124294
chr7	119	0	122.0	0.0
chr7	120	0	75.0	0.0
chr7	121	0	31.0	0.0
chr7	122	0	0.0	nan
chr7	123	0	0.0	nan
chr7	124	0	0.0	nan
chr7	125	0	0.0	nan
chr7	126	0	0.0	nan
chr7	127	0	0.0	nan
chr7	128	0	0.0	nan
chr7	129	0	0.0	nan
chr7	130	0	0.0	nan
chr7	131	0	0.0	nan
chr7	132	0	0.0	nan
chr7	133	0	0.0	nan
chr7	134	0	0.0	nan
chr7	135	0	0.0	nan
chr8	-141	0	0.0	nan
chr8	-140	0	0.0	nan
chr8	-139	0	1.0	0.0
chr8	-138	0	1.0	0.0
chr8	-137	0	1.0	0.0
chr8	-136	0	1.0	0.0
chr8	-135	0	1.0	0.0
chr8	-134	0	1.0	0.0
chr8	-133	0	23.0	0.0
chr8	-132	0	62.0	0.0
chr8	-131	0	102.0	0.0
chr8	-130	0	136.0	0.0
chr8	-129	2	174.0	1.1494252873563218
chr8	-128	1	219.0	0.45662100456621
chr8	-127	0	271.0	0.0
chr8	-126	1	318.0	0.3144654088050315
chr8	-125	0	360.0	0.0
chr8	-124	0	403.0	0.0
chr8	-123	0	446.0	0.0
chr8	-122	3	487.0	0.6160164271047228
chr8	-121	0	535.0	0.0
chr8	-120	1	572.0	0.17482517482517482
chr8	-119	1	606.0	0.16501650165016502
chr8	-118	0	651.0	0.0
chr8	-117	3	684.0	0.43859649122807015
chr8	-116	1	733.0	0.1364256480218281
chr8	-115	0	778.0	0.0
chr8	-114	4	816.0	0.49019607843137253
chr8	-113	8	847.0	0.9445100354191263
chr8	-112	2	889.0	0.22497187851518563
chr8	-111	2	932.0	0.2145922746781116
chr8	-110	3	971.0	0.30895983522142123
chr8	-109	4	1004.0	0.398406374501992
chr8	-108	4	1055.0	0.37914691943127965
chr8	-107	2	1104.0	0.18115942028985507
chr8	-106	2	1140.0	0.17543859649122806
chr8	-105	4	1170.0	0.3418803418803419
chr8	-104	3	1214.0	0.2471169686985173
chr8	-103	5	1259.0	0.3971405877680699
chr8	-102	3	1305.0	0.22988505747126436
chr8	-101	2	1353.0	0.14781966001478197
chr8	-100	0	1393.0	0.0
chr8	-99	2	1438.0	0.13908205841446453
chr8	-98	4	1486.0	0.2691790040376851
chr8	-97	1	1530.0	0.065359477124183
chr8	-96	7	1559.0	0.4490057729313663
chr8	-95	4	1597.0	0.25046963055729493
chr8	-94	3	1639.0	0.18303843807199513
chr8	-93	5	1682.0	0.2972651605231867
chr8	-92	3	1737.0	0.17271157167530224
chr8	-91	5	1776.0	0.28153153153153154
chr8	-90	2	1815.0	0.11019283746556473
chr8	-89	0	1859.0	0.0
chr8	-88	2	1902.0	0.10515247108307045
chr8	-87	3	1961.0	0.1529831718510964
chr8	-86	0	2000.0	0.0
chr8	-85	2	2037.0	0.09818360333824251
chr8	-84	6	2076.0	0.2890173410404624
chr8	-83	2	2113.0	0.09465215333648841
chr8	-82	3	2151.0	0.1394700139470014
chr8	-81	0	2197.0	0.0
chr8	-80	12	2242.0	0.535236396074933
chr8	-79	5	2276.0	0.21968365553602814
chr8	-78	9	2315.0	0.38876889848812096
chr8	-77	3	2349.0	0.1277139208173691
chr8	-76	6	2396.0	0.25041736227045075
chr8	-75	5	2435.0	0.20533880903490762
chr8	-74	13	2488.0	0.522508038585209
chr8	-73	0	2523.0	0.0
chr8	-72	5	2569.0	0.1946282600233554
chr8	-71	3	2611.0	0.11489850631941785
chr8	-70	2	2655.0	0.07532956685499058
chr8	-69	2	2695.0	0.07421150278293136
chr8	-68	5	2730.0	0.18315018315018314
chr8	-67	5	2777.0	0.18005041411595246
chr8	-66	2	2819.0	0.0709471443774388
chr8	-65	5	2858.0	0.17494751574527642
chr8	-64	2	2913.0	0.06865774116031582
chr8	-63	3	2963.0	0.10124873439082012
chr8	-62	2	3004.0	0.06657789613848203
chr8	-61	7	3036.0	0.230566534914361
chr8	-60	1	3088.0	0.032383419689119175
chr8	-59	2	3139.0	0.06371455877668047
chr8	-58	5	3187.0	0.15688735487919672
chr8	-57	16	3225.0	0.496124031007752
chr8	-56	6	3270.0	0.1834862385321101
chr8	-55	4	3314.0	0.12070006035003018
chr8	-54	6	3359.0	0.17862459065197975
chr8	-53	5	3412.0	0.14654161781946073
chr8	-52	5	3460.0	0.1445086705202312
chr8	-51	6	3498.0	0.17152658662092624
chr8	-50	6	3550.0	0.16901408450704225
chr8	-49	3	3598.0	0.08337965536409116
chr8	-48	12	3641.0	0.32957978577313923
chr8	-47	2	3681.0	0.05433306166802499
chr8	-46	17	3714.0	0.45772751750134627
chr8	-45	3	3762.0	0.07974481658692185
chr8	-44	0	3811.0	0.0
chr8	-43	5	3856.0	0.1296680497925311
chr8	-42	6	3895.0	0.1540436456996149
chr8	-41	9	3934.0	0.22877478393492628
chr8	-40	10	3978.0	0.2513826043237808
chr8	-39	21	4022.0	0.522128294380905
chr8	-38	21	4062.0	0.51698670605613
chr8	-37	32	4125.0	0.7757575757575758
chr8	-36	10	4165.0	0.24009603841536614
chr8	-35	20	4215.0	0.4744958481613286
chr8	-34	9	4259.0	0.2113172106128199
chr8	-33	6	4295.0	0.13969732246798602
chr8	-32	35	4331.0	0.8081274532440544
chr8	-31	3	4367.0	0.06869704602702084
chr8	-30	6	4403.0	0.13627072450601863
chr8	-29	3	4453.0	0.06737031214911296
chr8	-28	15	4491.0	0.33400133600534404
chr8	-27	14	4521.0	0.30966600309666004
chr8	-26	11	4581.0	0.24012224405151714
chr8	-25	9	4629.0	0.19442644199611148
chr8	-24	9	4665.0	0.19292604501607716
chr8	-23	12	4722.0	0.25412960609911056
chr8	-22	2	4775.0	0.0418848167539267
chr8	-21	2	4825.0	0.04145077720207254
chr8	-20	17	4868.0	0.3492193919474117
chr8	-19	9	4927.0	0.18266693728435154
chr8	-18	5	4975.0	0.10050251256281408
chr8	-17	13	5006.0	0.2596883739512585
chr8	-16	10	5060.0	0.1976284584980237
chr8	-15	20	5109.0	0.39146604032100213
chr8	-14	19	5162.0	0.36807438977140644
chr8	-13	7	5218.0	0.13415101571483326
chr8	-12	8	5269.0	0.15183146707155057
chr8	-11	12	5329.0	0.2251829611559392
chr8	-10	26	5384.0	0.48291233283803864
chr8	-9	11	5383.0	0.20434701839123168
chr8	-8	5	5384.0	0.09286775631500742
chr8	-7	24	5384.0	0.44576523031203563
chr8	-6	12	5382.0	0.2229654403567447
chr8	-5	25	5382.0	0.4645113340765515
chr8	-4	7	5383.0	0.13003901170351106
chr8	-3	17	5385.0	0.31569173630454966
chr8	-2	32	5385.0	0.5942432683379758
chr8	-1	43	5380.0	0.7992565055762082
chr8	0	18	5288.0	0.340393343419062
chr8	1	17	5257.0	0.323378352672627
chr8	2	5	5223.0	0.09573042312847023
chr8	3	8	5181.0	0.15441034549314803
chr8	4	21	5126.0	0.40967616074912216
chr8	5	1	5080.0	0.01968503937007874
chr8	6	23	5034.0	0.45689312673818033
chr8	7	19	4997.0	0.38022813688212925
chr8	8	3	4953.0	0.06056935190793458
chr8	9	27	4910.0	0.5498981670061099
chr8	10	10	4869.0	0.20538098172109262
chr8	11	8	4827.0	0.16573441060700228
chr8	12	13	4789.0	0.27145541866778033
chr8	13	20	4742.0	0.42176296921130324
chr8	14	21	4705.0	0.4463336875664187
chr8	15	7	4670.0	0.14989293361884368
chr8	16	13	4628.0	0.2808988764044944
chr8	17	6	4580.0	0.13100436681222707
chr8	18	4	4535.0	0.08820286659316429
chr8	19	5	4509.0	0.11088933244621868
chr8	20	7	4470.0	0.15659955257270694
chr8	21	5	4425.0	0.11299435028248588
chr8	22	8	4380.0	0.182648401826484
chr8	23	2	4345.0	0.04602991944764096
chr8	24	7	4291.0	0.1631321370309951
chr8	25	8	4254.0	0.18805829807240243
chr8	26	3	4217.0	0.07114062129475932
chr8	27	10	4181.0	0.2391772303276728
chr8	28	5	4133.0	0.12097749818533754
chr8	29	3	4079.0	0.07354743809757293
chr8	30	8	4043.0	0.19787286668315607
chr8	31	21	3996.0	0.5255255255255256
chr8	32	6	3957.0	0.1516300227445034
chr8	33	7	3911.0	0.17898235745333674
chr8	34	18	3870.0	0.46511627906976744
chr8	35	11	3828.0	0.28735632183908044
chr8	36	33	3800.0	0.8684210526315789
chr8	37	11	3756.0	0.2928647497337593
chr8	38	15	3709.0	0.4044216770018873
chr8	39	11	3668.0	0.2998909487459106
chr8	40	11	3615.0	0.3042876901798064
chr8	41	11	3574.0	0.30777839955232233
chr8	42	6	3529.0	0.1700198356474922
chr8	43	5	3491.0	0.14322543683758235
chr8	44	8	3445.0	0.23222060957910012
chr8	45	15	3401.0	0.4410467509556013
chr8	46	6	3354.0	0.17889087656529518
chr8	47	4	3317.0	0.12059089538739826
chr8	48	6	3276.0	0.18315018315018314
chr8	49	7	3243.0	0.21584952204748692
chr8	50	2	3199.0	0.06251953735542357
chr8	51	5	3155.0	0.15847860538827258
chr8	52	3	3113.0	0.09637006103437198
chr8	53	8	3076.0	0.26007802340702213
chr8	54	2	3037.0	0.0658544616397761
chr8	55	4	2995.0	0.1335559265442404
chr8	56	16	2956.0	0.5412719891745602
chr8	57	9	2907.0	0.30959752321981426
chr8	58	2	2856.0	0.0700280112044818
chr8	59	6	2815.0	0.21314387211367672
chr8	60	4	2776.0	0.1440922190201729
chr8	61	6	2734.0	0.21945866861741037
chr8	62	8	2692.0	0.2971768202080238
chr8	63	6	2652.0	0.22624434389140274
chr8	64	9	2621.0	0.3433803891644411
chr8	65	4	2574.0	0.1554001554001554
chr8	66	3	2531.0	0.1185302252074279
chr8	67	5	2481.0	0.2015316404675534
chr8	68	6	2436.0	0.24630541871921183
chr8	69	6	2390.0	0.2510460251046025
chr8	70	6	2351.0	0.25521054870267973
chr8	71	2	2309.0	0.08661758336942399
chr8	72	5	2258.0	0.22143489813994688
chr8	73	15	2196.0	0.6830601092896175
chr8	74	15	2160.0	0.6944444444444444
chr8	75	5	2120.0	0.2358490566037736
chr8	76	2	2072.0	0.09652509652509653
chr8	77	16	2026.0	0.7897334649555774
chr8	78	2	1984.0	0.10080645161290322
chr8	79	11	1934.0	0.5687693898655636
chr8	80	11	1885.0	0.583554376657825
chr8	81	15	1841.0	0.8147745790331342
chr8	82	6	1795.0	0.3342618384401114
chr8	83	4	1759.0	0.22740193291642977
chr8	84	6	1715.0	0.3498542274052478
chr8	85	3	1668.0	0.1798561151079137
chr8	86	8	1626.0	0.4920049200492005
chr8	87	4	1579.0	0.253324889170361
chr8	88	5	1529.0	0.3270111183780248
chr8	89	1	1487.0	0.06724949562878278
chr8	90	5	1448.0	0.3453038674033149
chr8	91	1	1413.0	0.07077140835102619
chr8	92	7	1368.0	0.5116959064327485
chr8	93	3	1321.0	0.22710068130204392
chr8	94	0	1272.0	0.0
chr8	95	5	1217.0	0.4108463434675432
chr8	96	4	1176.0	0.3401360544217687
chr8	97	3	1135.0	0.2643171806167401
chr8	98	1	1094.0	0.09140767824497258
chr8	99	1	1059.0	0.09442870632672333
chr8	100	1	1016.0	0.09842519685039369
chr8	101	5	982.0	0.5091649694501018
chr8	102	3	948.0	0.31645569620253167
chr8	103	0	901.0	0.0
chr8	104	3	859.0	0.3492433061699651
chr8	105	2	817.0	0.24479804161566704
chr8	106	2	763.0	0.2621231979030144
chr8	107	0	712.0	0.0
chr8	108	4	663.0	0.603318250377074
chr8	109	3	615.0	0.4878048780487805
chr8	110	2	572.0	0.34965034965034963
chr8	111	2	517.0	0.3868471953578337
chr8	112	2	473.0	0.42283298097251587
chr8	113	2	419.0	0.47732696897374705
chr8	114	1	370.0	0.2702702702702703
chr8	115	3	333.0	0.9009009009009009
chr8	116	1	275.0	0.36363636363636365
chr8	117	0	233.0	0.0
chr8	118	0	187.0	0.0
chr8	119	0	130.0	0.0
chr8	120	0	73.0	0.0
chr8	121	1	39.0	2.564102564102564
chr8	122	0	0.0	nan
chr8	123	0	0.0	nan
chr8	124	0	0.0	nan
chr8	125	0	0.0	nan
chr8	126	0	0.0	nan
chr8	127	0	0.0	nan
chr8	128	0	0.0	nan
chr8	129	0	0.0	nan
chr8	130	0	0.0	nan
chr8	131	0	0.0	nan
chr8	132	0	0.0	nan
chr8	133	0	0.0	nan
chr8	134	0	0.0	nan
chr8	135	0	0.0	nan
chr8	136	0	0.0	nan
chr8	137	0	0.0	nan
chr8	138	0	0.0	nan
chr8	139	0	0.0	nan
chr8	140	0	0.0	nan
chr8	141	0	0.0	nan
chr9	-135	0	2.0	0.0
chr9	-134	0	2.0	0.0
chr9	-133	0	15.0	0.0
chr9	-132	0	28.0	0.0
chr9	-131	0	40.0	0.0
chr9	-130	0	54.0	0.0
chr9	-129	0	66.0	0.0
chr9	-128	0	78.0	0.0
chr9	-127	0	88.0	0.0
chr9	-126	0	109.0	0.0
chr9	-125	0	123.0	0.0
chr9	-124	0	151.0	0.0
chr9	-123	0	164.0	0.0
chr9	-122	0	180.0	0.0
chr9	-121	0	200.0	0.0
chr9	-120	0	216.0	0.0
chr9	-119	0	231.0	0.0
chr9	-118	0	250.0	0.0
chr9	-117	0	270.0	0.0
chr9	-116	0	278.0	0.0
chr9	-115	1	293.0	0.3412969283276451
chr9	-114	1	315.0	0.31746031746031744
chr9	-113	0	332.0	0.0
chr9	-112	0	356.0	0.0
chr9	-111	0	378.0	0.0
chr9	-110	0	390.0	0.0
chr9	-109	0	411.0	0.0
chr9	-108	1	417.0	0.2398081534772182
chr9	-107	3	435.0	0.6896551724137931
chr9	-106	0	454.0	0.0
chr9	-105	2	468.0	0.4273504273504274
chr9	-104	3	486.0	0.6172839506172839
chr9	-103	2	506.0	0.3952569169960474
chr9	-102	0	521.0	0.0
chr9	-101	1	533.0	0.18761726078799248
chr9	-100	1	552.0	0.18115942028985507
chr9	-99	7	564.0	1.2411347517730498
chr9	-98	2	584.0	0.3424657534246575
chr9	-97	4	603.0	0.6633499170812603
chr9	-96	0	620.0	0.0
chr9	-95	1	639.0	0.1564945226917058
chr9	-94	1	653.0	0.1531393568147014
chr9	-93	1	667.0	0.14992503748125938
chr9	-92	1	684.0	0.14619883040935672
chr9	-91	0	700.0	0.0
chr9	-90	0	719.0	0.0
chr9	-89	1	730.0	0.136986301369863
chr9	-88	0	749.0	0.0
chr9	-87	3	766.0	0.39164490861618795
chr9	-86	0	781.0	0.0
chr9	-85	0	798.0	0.0
chr9	-84	8	812.0	0.9852216748768473
chr9	-83	2	821.0	0.24360535931790497
chr9	-82	3	828.0	0.36231884057971014
chr9	-81	2	852.0	0.2347417840375587
chr9	-80	1	874.0	0.11441647597254005
chr9	-79	1	887.0	0.11273957158962795
chr9	-78	1	900.0	0.1111111111111111
chr9	-77	12	924.0	1.2987012987012987
chr9	-76	0	944.0	0.0
chr9	-75	0	954.0	0.0
chr9	-74	4	971.0	0.4119464469618949
chr9	-73	2	985.0	0.20304568527918782
chr9	-72	1	1000.0	0.1
chr9	-71	1	1019.0	0.09813542688910697
chr9	-70	3	1029.0	0.2915451895043732
chr9	-69	4	1051.0	0.3805899143672693
chr9	-68	11	1064.0	1.0338345864661653
chr9	-67	5	1084.0	0.46125461254612543
chr9	-66	0	1099.0	0.0
chr9	-65	0	1112.0	0.0
chr9	-64	1	1127.0	0.08873114463176575
chr9	-63	5	1141.0	0.43821209465381245
chr9	-62	6	1155.0	0.5194805194805194
chr9	-61	3	1173.0	0.2557544757033248
chr9	-60	2	1193.0	0.16764459346186086
chr9	-59	1	1212.0	0.08250825082508251
chr9	-58	3	1226.0	0.24469820554649263
chr9	-57	0	1243.0	0.0
chr9	-56	6	1257.0	0.47732696897374705
chr9	-55	3	1279.0	0.23455824863174357
chr9	-54	0	1288.0	0.0
chr9	-53	3	1300.0	0.23076923076923078
chr9	-52	4	1315.0	0.3041825095057034
chr9	-51	13	1328.0	0.9789156626506025
chr9	-50	5	1338.0	0.37369207772795215
chr9	-49	1	1357.0	0.07369196757553427
chr9	-48	1	1372.0	0.0728862973760933
chr9	-47	1	1384.0	0.0722543352601156
chr9	-46	7	1402.0	0.4992867332382311
chr9	-45	2	1410.0	0.14184397163120568
chr9	-44	1	1426.0	0.07012622720897616
chr9	-43	7	1441.0	0.4857737682165163
chr9	-42	1	1461.0	0.06844626967830253
chr9	-41	3	1477.0	0.2031144211238998
chr9	-40	4	1490.0	0.2684563758389262
chr9	-39	2	1505.0	0.132890365448505
chr9	-38	5	1524.0	0.32808398950131235
chr9	-37	0	1545.0	0.0
chr9	-36	1	1559.0	0.06414368184733803
chr9	-35	11	1584.0	0.6944444444444444
chr9	-34	1	1600.0	0.0625
chr9	-33	2	1616.0	0.12376237623762376
chr9	-32	1	1634.0	0.06119951040391676
chr9	-31	1	1663.0	0.06013229104028864
chr9	-30	1	1687.0	0.05927682276229994
chr9	-29	7	1704.0	0.41079812206572774
chr9	-28	3	1722.0	0.17421602787456447
chr9	-27	0	1735.0	0.0
chr9	-26	0	1753.0	0.0
chr9	-25	12	1770.0	0.6779661016949152
chr9	-24	2	1788.0	0.11185682326621924
chr9	-23	1	1810.0	0.05524861878453039
chr9	-22	8	1823.0	0.4388370817334065
chr9	-21	18	1844.0	0.9761388286334056
chr9	-20	3	1866.0	0.1607717041800643
chr9	-19	1	1883.0	0.05310674455655868
chr9	-18	3	1900.0	0.15789473684210525
chr9	-17	2	1919.0	0.10422094841063052
chr9	-16	1	1945.0	0.051413881748071974
chr9	-15	4	1962.0	0.20387359836901123
chr9	-14	17	1987.0	0.8555611474584801
chr9	-13	4	2004.0	0.19960079840319359
chr9	-12	9	2018.0	0.44598612487611494
chr9	-11	1	2045.0	0.04889975550122249
chr9	-10	3	2071.0	0.14485755673587639
chr9	-9	3	2071.0	0.14485755673587639
chr9	-8	3	2071.0	0.14485755673587639
chr9	-7	15	2071.0	0.724287783679382
chr9	-6	5	2049.0	0.2440214738897023
chr9	-5	8	2049.0	0.3904343582235237
chr9	-4	10	2049.0	0.4880429477794046
chr9	-3	15	2049.0	0.7320644216691069
chr9	-2	8	2049.0	0.3904343582235237
chr9	-1	5	2049.0	0.2440214738897023
chr9	0	5	2029.0	0.2464268112370626
chr9	1	1	2017.0	0.04957858205255329
chr9	2	26	1998.0	1.3013013013013013
chr9	3	4	1985.0	0.20151133501259444
chr9	4	1	1973.0	0.05068423720223011
chr9	5	2	1959.0	0.10209290454313426
chr9	6	6	1948.0	0.3080082135523614
chr9	7	3	1940.0	0.15463917525773196
chr9	8	4	1915.0	0.20887728459530025
chr9	9	1	1896.0	0.05274261603375527
chr9	10	8	1878.0	0.42598509052183176
chr9	11	0	1859.0	0.0
chr9	12	2	1843.0	0.10851871947911015
chr9	13	24	1827.0	1.3136288998357963
chr9	14	3	1808.0	0.16592920353982302
chr9	15	3	1793.0	0.16731734523145567
chr9	16	2	1781.0	0.11229646266142618
chr9	17	3	1762.0	0.170261066969353
chr9	18	3	1737.0	0.17271157167530224
chr9	19	4	1725.0	0.2318840579710145
chr9	20	17	1698.0	1.0011778563015312
chr9	21	5	1684.0	0.29691211401425177
chr9	22	2	1667.0	0.11997600479904018
chr9	23	3	1649.0	0.18192844147968465
chr9	24	15	1634.0	0.9179926560587516
chr9	25	3	1620.0	0.1851851851851852
chr9	26	2	1599.0	0.12507817385866166
chr9	27	2	1592.0	0.12562814070351758
chr9	28	3	1571.0	0.19096117122851686
chr9	29	3	1554.0	0.19305019305019305
chr9	30	3	1540.0	0.19480519480519481
chr9	31	2	1520.0	0.13157894736842105
chr9	32	3	1505.0	0.19933554817275745
chr9	33	1	1492.0	0.06702412868632708
chr9	34	12	1473.0	0.8146639511201629
chr9	35	1	1452.0	0.06887052341597796
chr9	36	0	1438.0	0.0
chr9	37	1	1419.0	0.07047216349541931
chr9	38	0	1405.0	0.0
chr9	39	2	1392.0	0.14367816091954022
chr9	40	5	1375.0	0.36363636363636365
chr9	41	2	1362.0	0.14684287812041116
chr9	42	1	1341.0	0.07457121551081282
chr9	43	5	1323.0	0.3779289493575208
chr9	44	3	1311.0	0.2288329519450801
chr9	45	10	1296.0	0.7716049382716049
chr9	46	2	1279.0	0.1563721657544957
chr9	47	1	1262.0	0.07923930269413629
chr9	48	0	1244.0	0.0
chr9	49	0	1235.0	0.0
chr9	50	9	1222.0	0.7364975450081833
chr9	51	3	1203.0	0.24937655860349126
chr9	52	6	1186.0	0.5059021922428331
chr9	53	1	1173.0	0.08525149190110827
chr9	54	1	1163.0	0.08598452278589853
chr9	55	7	1137.0	0.6156552330694811
chr9	56	2	1121.0	0.17841213202497772
chr9	57	1	1108.0	0.09025270758122744
chr9	58	6	1088.0	0.5514705882352942
chr9	59	2	1077.0	0.18570102135561745
chr9	60	1	1051.0	0.09514747859181732
chr9	61	1	1038.0	0.09633911368015415
chr9	62	5	1027.0	0.4868549172346641
chr9	63	2	1006.0	0.19880715705765406
chr9	64	1	994.0	0.1006036217303823
chr9	65	4	976.0	0.4098360655737705
chr9	66	8	957.0	0.8359456635318705
chr9	67	17	947.0	1.7951425554382259
chr9	68	2	934.0	0.21413276231263384
chr9	69	3	912.0	0.3289473684210526
chr9	70	2	898.0	0.22271714922048996
chr9	71	2	876.0	0.228310502283105
chr9	72	1	860.0	0.11627906976744186
chr9	73	6	843.0	0.7117437722419928
chr9	74	1	830.0	0.12048192771084339
chr9	75	0	814.0	0.0
chr9	76	5	799.0	0.6257822277847309
chr9	77	1	783.0	0.1277139208173691
chr9	78	6	771.0	0.7782101167315175
chr9	79	7	760.0	0.9210526315789472
chr9	80	1	738.0	0.13550135501355012
chr9	81	0	724.0	0.0
chr9	82	1	724.0	0.13812154696132595
chr9	83	13	705.0	1.8439716312056738
chr9	84	3	693.0	0.4329004329004329
chr9	85	2	678.0	0.2949852507374631
chr9	86	1	659.0	0.15174506828528073
chr9	87	1	652.0	0.15337423312883436
chr9	88	0	636.0	0.0
chr9	89	2	613.0	0.3262642740619902
chr9	90	0	601.0	0.0
chr9	91	0	582.0	0.0
chr9	92	2	568.0	0.35211267605633806
chr9	93	0	554.0	0.0
chr9	94	0	533.0	0.0
chr9	95	1	515.0	0.1941747572815534
chr9	96	6	495.0	1.2121212121212122
chr9	97	1	477.0	0.20964360587002098
chr9	98	4	456.0	0.8771929824561403
chr9	99	1	436.0	0.22935779816513763
chr9	100	1	416.0	0.2403846153846154
chr9	101	1	393.0	0.2544529262086514
chr9	102	1	367.0	0.2724795640326975
chr9	103	0	353.0	0.0
chr9	104	0	339.0	0.0
chr9	105	1	324.0	0.30864197530864196
chr9	106	1	305.0	0.32786885245901637
chr9	107	2	291.0	0.6872852233676976
chr9	108	0	268.0	0.0
chr9	109	0	249.0	0.0
chr9	110	1	234.0	0.4273504273504274
chr9	111	0	215.0	0.0
chr9	112	0	190.0	0.0
chr9	113	1	171.0	0.5847953216374269
chr9	114	0	155.0	0.0
chr9	115	0	131.0	0.0
chr9	116	0	108.0	0.0
chr9	117	0	96.0	0.0
chr9	118	0	67.0	0.0
chr9	119	0	46.0	0.0
chr9	120	0	30.0	0.0
chr9	121	0	15.0	0.0
chr9	122	0	0.0	nan
chr9	123	0	0.0	nan
chr9	124	0	0.0	nan
chr9	125	0	0.0	nan
chr9	126	0	0.0	nan
chr9	127	0	0.0	nan
chr9	128	0	0.0	nan
chr9	129	0	0.0	nan
chr9	130	0	0.0	nan
chr9	131	0	0.0	nan
chr9	132	0	0.0	nan
chr9	133	0	0.0	nan
chr9	134	0	0.0	nan
chr10	-146	0	0.0	nan
chr10	-145	0	0.0	nan
chr10	-144	0	0.0	nan
chr10	-143	0	0.0	nan
chr10	-142	0	0.0	nan
chr10	-141	0	0.0	nan
chr10	-140	0	0.0	nan
chr10	-139	0	5.0	0.0
chr10	-138	0	7.0	0.0
chr10	-137	0	10.0	0.0
chr10	-136	0	12.0	0.0
chr10	-135	0	15.0	0.0
chr10	-134	0	23.0	0.0
chr10	-133	0	323.0	0.0
chr10	-132	0	786.0	0.0
chr10	-131	3	1252.0	0.23961661341853036
chr10	-130	1	1766.0	0.05662514156285391
chr10	-129	4	2284.0	0.17513134851138354
chr10	-128	4	2821.0	0.14179369018078697
chr10	-127	11	3362.0	0.3271861986912552
chr10	-126	6	3899.0	0.15388561169530648
chr10	-125	10	4428.0	0.22583559168925021
chr10	-124	5	4946.0	0.10109179134654267
chr10	-123	9	5447.0	0.1652285661832201
chr10	-122	10	5971.0	0.16747613465081226
chr10	-121	9	6530.0	0.13782542113323124
chr10	-120	6	7028.0	0.08537279453614115
chr10	-119	9	7519.0	0.11969676818725894
chr10	-118	19	8057.0	0.23581978403872408
chr10	-117	13	8541.0	0.15220700152207
chr10	-116	35	9036.0	0.3873395307658256
chr10	-115	23	9581.0	0.24005844901367288
chr10	-114	20	10122.0	0.19758940920766646
chr10	-113	26	10644.0	0.24426907177752724
chr10	-112	19	11192.0	0.1697641172265904
chr10	-111	25	11752.0	0.21272974812797824
chr10	-110	39	12253.0	0.3182893985146495
chr10	-109	20	12806.0	0.15617679212868968
chr10	-108	28	13304.0	0.21046301864101025
chr10	-107	13	13832.0	0.09398496240601503
chr10	-106	28	14362.0	0.1949589193705612
chr10	-105	29	14872.0	0.19499731038192578
chr10	-104	33	15391.0	0.21441101942693783
chr10	-103	21	15883.0	0.13221683561040104
chr10	-102	45	16425.0	0.273972602739726
chr10	-101	66	16957.0	0.3892197912366574
chr10	-100	31	17476.0	0.1773861295490959
chr10	-99	28	17968.0	0.1558325912733749
chr10	-98	40	18466.0	0.21661431820643343
chr10	-97	50	18953.0	0.2638104785522081
chr10	-96	42	19495.0	0.21543985637342908
chr10	-95	39	19990.0	0.1950975487743872
chr10	-94	43	20539.0	0.2093578070986903
chr10	-93	42	21041.0	0.19961028468228698
chr10	-92	32	21505.0	0.1488026040455708
chr10	-91	60	21965.0	0.27316184839517416
chr10	-90	75	22500.0	0.33333333333333337
chr10	-89	48	23016.0	0.20855057351407716
chr10	-88	78	23529.0	0.33150580135152363
chr10	-87	28	24007.0	0.11663264881076353
chr10	-86	56	24474.0	0.22881425185911577
chr10	-85	71	24992.0	0.2840909090909091
chr10	-84	83	25492.0	0.32559234269574766
chr10	-83	72	25991.0	0.2770189681043438
chr10	-82	64	26524.0	0.24129090634896697
chr10	-81	87	27093.0	0.3211161554645111
chr10	-80	63	27613.0	0.22815340600441822
chr10	-79	73	28194.0	0.2589203376604951
chr10	-78	72	28698.0	0.2508885636629731
chr10	-77	59	29229.0	0.2018543227616408
chr10	-76	50	29719.0	0.16824253844342005
chr10	-75	57	30242.0	0.18847959791019112
chr10	-74	52	30772.0	0.1689847913687768
chr10	-73	68	31302.0	0.21723851511085557
chr10	-72	63	31806.0	0.19807583474816073
chr10	-71	80	32290.0	0.24775472282440383
chr10	-70	90	32823.0	0.2741979709350151
chr10	-69	93	33340.0	0.27894421115776846
chr10	-68	93	33875.0	0.2745387453874539
chr10	-67	76	34405.0	0.22089812527248945
chr10	-66	83	34888.0	0.23790415042421464
chr10	-65	102	35375.0	0.28833922261484096
chr10	-64	65	35939.0	0.1808620161941067
chr10	-63	89	36420.0	0.24437122460186708
chr10	-62	106	36909.0	0.28719282559809256
chr10	-61	105	37451.0	0.28036634535793437
chr10	-60	80	37959.0	0.2107537079480492
chr10	-59	72	38509.0	0.1869692799085928
chr10	-58	88	39044.0	0.22538674316156132
chr10	-57	88	39552.0	0.22249190938511326
chr10	-56	98	40107.0	0.2443463734510185
chr10	-55	102	40618.0	0.25112019301787386
chr10	-54	130	41165.0	0.31580225920077737
chr10	-53	125	41680.0	0.29990403071017274
chr10	-52	97	42202.0	0.22984692668593906
chr10	-51	177	42703.0	0.414490785190736
chr10	-50	118	43203.0	0.27312918084392285
chr10	-49	77	43714.0	0.17614494212380472
chr10	-48	91	44272.0	0.20554752439465124
chr10	-47	87	44773.0	0.19431353717642327
chr10	-46	89	45314.0	0.19640729134483823
chr10	-45	132	45790.0	0.2882725485913955
chr10	-44	106	46359.0	0.22865031601199334
chr10	-43	121	46841.0	0.2583207019491471
chr10	-42	158	47378.0	0.333488116847482
chr10	-41	107	47911.0	0.22333075911586067
chr10	-40	126	48430.0	0.2601693165393351
chr10	-39	130	48946.0	0.26559882319290645
chr10	-38	157	49497.0	0.3171909408651029
chr10	-37	117	50033.0	0.23384566186317032
chr10	-36	125	50614.0	0.24696724226498595
chr10	-35	125	51188.0	0.24419785887317338
chr10	-34	109	51745.0	0.2106483718233646
chr10	-33	167	52238.0	0.31969064665569125
chr10	-32	132	52742.0	0.2502749232111031
chr10	-31	124	53330.0	0.2325145321582599
chr10	-30	148	53900.0	0.274582560296846
chr10	-29	105	54451.0	0.1928339240785293
chr10	-28	143	54960.0	0.2601892285298399
chr10	-27	114	55516.0	0.2053462064990273
chr10	-26	172	56058.0	0.30682507403046844
chr10	-25	172	56606.0	0.3038547150478748
chr10	-24	111	57134.0	0.19428011341757973
chr10	-23	132	57714.0	0.22871400353467095
chr10	-22	174	58304.0	0.2984357848518112
chr10	-21	109	58951.0	0.18489932316669777
chr10	-20	184	59481.0	0.3093424791109766
chr10	-19	134	60068.0	0.22308050875674235
chr10	-18	152	60707.0	0.2503829871349268
chr10	-17	170	61327.0	0.2772025372185171
chr10	-16	166	61968.0	0.2678801962303124
chr10	-15	175	62577.0	0.2796554644677757
chr10	-14	123	63219.0	0.19456176149575286
chr10	-13	184	63931.0	0.2878102954748088
chr10	-12	244	64617.0	0.3776096073788632
chr10	-11	178	65336.0	0.27243785967919676
chr10	-10	207	66037.0	0.3134606357042264
chr10	-9	191	66027.0	0.2892755993760128
chr10	-8	220	66009.0	0.33328788498538076
chr10	-7	274	66010.0	0.4150886229359188
chr10	-6	211	66026.0	0.3195710780601581
chr10	-5	290	66026.0	0.439220912973677
chr10	-4	196	66025.0	0.29685725104127225
chr10	-3	177	66032.0	0.26805185364671674
chr10	-2	227	65945.0	0.3442262491470165
chr10	-1	616	65924.0	0.9344093198228263
chr10	0	341	64741.0	0.5267141378724456
chr10	1	215	64286.0	0.33444295803129764
chr10	2	158	63818.0	0.24757905293177473
chr10	3	165	63286.0	0.2607211705590494
chr10	4	173	62729.0	0.27578950724545265
chr10	5	114	62248.0	0.18313841408559312
chr10	6	200	61677.0	0.32426998719133554
chr10	7	203	61101.0	0.3322367882686045
chr10	8	188	60598.0	0.3102412620878577
chr10	9	175	60116.0	0.2911038658593386
chr10	10	150	59603.0	0.25166518463835713
chr10	11	178	59042.0	0.301480302157786
chr10	12	152	58546.0	0.2596249103269224
chr10	13	172	58082.0	0.2961330532695155
chr10	14	185	57531.0	0.3215657645443326
chr10	15	159	57033.0	0.2787859660196728
chr10	16	116	56507.0	0.20528430106004567
chr10	17	146	55980.0	0.26080743122543765
chr10	18	163	55454.0	0.2939373174162369
chr10	19	174	54918.0	0.31683601005134926
chr10	20	146	54397.0	0.26839715425483024
chr10	21	214	53871.0	0.39724527111061614
chr10	22	155	53340.0	0.2905886764154481
chr10	23	129	52757.0	0.24451731523778836
chr10	24	162	52250.0	0.31004784688995213
chr10	25	168	51731.0	0.3247569155825327
chr10	26	90	51244.0	0.17563031769573023
chr10	27	138	50706.0	0.27215714116672585
chr10	28	133	50203.0	0.2649244069079537
chr10	29	146	49677.0	0.2938985848581839
chr10	30	127	49149.0	0.2583979328165375
chr10	31	191	48587.0	0.3931092679111696
chr10	32	125	48100.0	0.2598752598752599
chr10	33	114	47641.0	0.23928968745408366
chr10	34	131	47106.0	0.2780962085509277
chr10	35	152	46617.0	0.32606130810648476
chr10	36	109	46082.0	0.23653487261837597
chr10	37	140	45584.0	0.3071253071253071
chr10	38	143	45059.0	0.3173616813511174
chr10	39	115	44565.0	0.25805003926848424
chr10	40	131	44098.0	0.29706562655902763
chr10	41	154	43609.0	0.3531381136921278
chr10	42	124	43102.0	0.2876896663727901
chr10	43	134	42597.0	0.31457614385989624
chr10	44	117	42113.0	0.2778239498492152
chr10	45	160	41606.0	0.384559919242417
chr10	46	103	41119.0	0.2504924730659792
chr10	47	113	40598.0	0.27833883442534113
chr10	48	115	40083.0	0.28690467280393184
chr10	49	103	39569.0	0.26030478404811846
chr10	50	137	39031.0	0.35100304885859956
chr10	51	103	38478.0	0.26768543063568795
chr10	52	118	37931.0	0.31109119190108353
chr10	53	125	37365.0	0.3345376689415228
chr10	54	76	36856.0	0.20620794443238552
chr10	55	101	36335.0	0.27796890050915096
chr10	56	77	35861.0	0.2147179387077884
chr10	57	83	35341.0	0.23485470133838884
chr10	58	97	34797.0	0.2787596631893554
chr10	59	99	34284.0	0.2887644382219111
chr10	60	97	33769.0	0.2872456987177589
chr10	61	77	33272.0	0.23142582351526808
chr10	62	124	32782.0	0.37825636019766945
chr10	63	85	32277.0	0.26334541624066676
chr10	64	97	31711.0	0.30588754690801295
chr10	65	94	31191.0	0.301368984643006
chr10	66	94	30696.0	0.3062288246025541
chr10	67	96	30211.0	0.3177650524643342
chr10	68	91	29686.0	0.3065418042174763
chr10	69	93	29172.0	0.3187988482106129
chr10	70	87	28649.0	0.30367552096059197
chr10	71	98	28145.0	0.3481968378042281
chr10	72	61	27621.0	0.2208464574055972
chr10	73	71	27028.0	0.26269054314044693
chr10	74	74	26506.0	0.2791820719837018
chr10	75	48	26018.0	0.18448766238757783
chr10	76	95	25467.0	0.3730317665999136
chr10	77	79	24934.0	0.31683644822330953
chr10	78	94	24427.0	0.38482007614524916
chr10	79	58	23959.0	0.24208022037647647
chr10	80	78	23440.0	0.33276450511945393
chr10	81	69	22911.0	0.30116537907555324
chr10	82	67	22387.0	0.29928083262607763
chr10	83	77	21885.0	0.35183915924148956
chr10	84	60	21340.0	0.28116213683223995
chr10	85	77	20807.0	0.3700677656557889
chr10	86	53	20276.0	0.26139277964095486
chr10	87	60	19784.0	0.303275374039628
chr10	88	67	19254.0	0.34797964059416225
chr10	89	64	18738.0	0.34155192656633576
chr10	90	63	18199.0	0.34617286664102426
chr10	91	51	17638.0	0.28914842952715725
chr10	92	46	17155.0	0.26814339842611484
chr10	93	61	16596.0	0.3675584478187515
chr10	94	50	16046.0	0.311604138102954
chr10	95	57	15516.0	0.36736272235112144
chr10	96	38	14958.0	0.25404465837678836
chr10	97	42	14427.0	0.2911208151382824
chr10	98	44	13844.0	0.31782721756717713
chr10	99	28	13348.0	0.2097692538207971
chr10	100	53	12797.0	0.4141595686489021
chr10	101	48	12234.0	0.392349190779794
chr10	102	28	11656.0	0.24021962937542896
chr10	103	33	11105.0	0.29716343989194055
chr10	104	32	10590.0	0.3021718602455146
chr10	105	42	10085.0	0.4164600892414477
chr10	106	31	9511.0	0.3259383871306908
chr10	107	40	8928.0	0.4480286738351254
chr10	108	31	8345.0	0.3714799281006591
chr10	109	32	7768.0	0.4119464469618949
chr10	110	19	7217.0	0.263267285575724
chr10	111	28	6579.0	0.4255965952272382
chr10	112	19	6012.0	0.3160345974717232
chr10	113	15	5391.0	0.27824151363383415
chr10	114	16	4736.0	0.33783783783783783
chr10	115	17	4117.0	0.41292203060480936
chr10	116	10	3473.0	0.28793550244745175
chr10	117	6	2856.0	0.21008403361344538
chr10	118	8	2206.0	0.3626473254759746
chr10	119	7	1532.0	0.45691906005221933
chr10	120	4	943.0	0.4241781548250266
chr10	121	1	397.0	0.2518891687657431
chr10	122	0	0.0	nan
chr10	123	0	0.0	nan
chr10	124	0	0.0	nan
chr10	125	0	0.0	nan
chr10	126	0	0.0	nan
chr10	127	0	0.0	nan
chr10	128	0	0.0	nan
chr10	129	0	0.0	nan
chr10	130	0	0.0	nan
chr10	131	0	0.0	nan
chr10	132	0	0.0	nan
chr10	133	0	0.0	nan
chr10	134	0	0.0	nan
chr10	135	0	0.0	nan
chr10	136	0	0.0	nan
chr10	137	0	0.0	nan
chr10	138	0	0.0	nan
chr10	139	0	0.0	nan
chr10	140	0	0.0	nan
chr10	141	0	0.0	nan
chr10	142	0	0.0	nan
chr10	143	0	0.0	nan
chr10	144	0	0.0	nan
chr10	145	0	0.0	nan
chr10	146	0	0.0	nan
chr10	147	0	0.0	nan
chr10	148	0	0.0	nan
chr10	149	0	0.0	nan
chr10	150	0	0.0	nan
chr10	151	0	0.0	nan
chr10	152	0	0.0	nan
chr10	153	0	0.0	nan
chr10	154	0	0.0	nan
chr11	-135	0	1.0	0.0
chr11	-134	0	1.0	0.0
chr11	-133	0	14.0	0.0
chr11	-132	1	35.0	2.857142857142857
chr11	-131	0	65.0	0.0
chr11	-130	0	96.0	0.0
chr11	-129	0	132.0	0.0
chr11	-128	1	167.0	0.5988023952095809
chr11	-127	1	197.0	0.5076142131979695
chr11	-126	0	222.0	0.0
chr11	-125	1	254.0	0.39370078740157477
chr11	-124	2	297.0	0.6734006734006733
chr11	-123	0	320.0	0.0
chr11	-122	1	363.0	0.27548209366391185
chr11	-121	2	389.0	0.5141388174807198
chr11	-120	2	429.0	0.4662004662004662
chr11	-119	1	460.0	0.21739130434782608
chr11	-118	2	495.0	0.40404040404040403
chr11	-117	1	526.0	0.19011406844106463
chr11	-116	1	558.0	0.17921146953405018
chr11	-115	1	597.0	0.16750418760469013
chr11	-114	0	627.0	0.0
chr11	-113	1	657.0	0.15220700152207
chr11	-112	0	689.0	0.0
chr11	-111	1	727.0	0.1375515818431912
chr11	-110	2	777.0	0.2574002574002574
chr11	-109	1	825.0	0.12121212121212122
chr11	-108	2	859.0	0.23282887077997672
chr11	-107	1	889.0	0.11248593925759282
chr11	-106	2	921.0	0.21715526601520088
chr11	-105	1	971.0	0.10298661174047373
chr11	-104	1	1012.0	0.09881422924901186
chr11	-103	0	1049.0	0.0
chr11	-102	8	1089.0	0.7346189164370982
chr11	-101	2	1117.0	0.17905102954341987
chr11	-100	2	1157.0	0.17286084701815038
chr11	-99	3	1181.0	0.2540220152413209
chr11	-98	22	1219.0	1.8047579983593112
chr11	-97	2	1255.0	0.1593625498007968
chr11	-96	4	1300.0	0.3076923076923077
chr11	-95	5	1333.0	0.3750937734433608
chr11	-94	17	1358.0	1.251840942562592
chr11	-93	1	1375.0	0.07272727272727272
chr11	-92	3	1410.0	0.2127659574468085
chr11	-91	4	1441.0	0.2775850104094379
chr11	-90	1	1477.0	0.06770480704129993
chr11	-89	2	1505.0	0.132890365448505
chr11	-88	2	1544.0	0.1295336787564767
chr11	-87	1	1578.0	0.06337135614702154
chr11	-86	2	1605.0	0.12461059190031153
chr11	-85	5	1639.0	0.3050640634533252
chr11	-84	6	1678.0	0.3575685339690107
chr11	-83	0	1727.0	0.0
chr11	-82	0	1768.0	0.0
chr11	-81	2	1794.0	0.11148272017837235
chr11	-80	1	1819.0	0.054975261132490384
chr11	-79	1	1843.0	0.05425935973955508
chr11	-78	14	1874.0	0.7470651013874066
chr11	-77	1	1911.0	0.052328623757195186
chr11	-76	5	1964.0	0.2545824847250509
chr11	-75	1	2000.0	0.05
chr11	-74	2	2042.0	0.0979431929480901
chr11	-73	3	2086.0	0.14381591562799617
chr11	-72	9	2125.0	0.4235294117647058
chr11	-71	6	2162.0	0.27752081406105455
chr11	-70	2	2199.0	0.09095043201455207
chr11	-69	2	2226.0	0.08984725965858043
chr11	-68	9	2258.0	0.39858281665190437
chr11	-67	25	2301.0	1.086484137331595
chr11	-66	3	2333.0	0.12858979854264896
chr11	-65	10	2364.0	0.4230118443316413
chr11	-64	23	2400.0	0.9583333333333333
chr11	-63	19	2432.0	0.78125
chr11	-62	12	2464.0	0.487012987012987
chr11	-61	6	2496.0	0.2403846153846154
chr11	-60	13	2532.0	0.5134281200631912
chr11	-59	10	2563.0	0.39016777214202103
chr11	-58	2	2594.0	0.07710100231303006
chr11	-57	6	2620.0	0.22900763358778628
chr11	-56	7	2634.0	0.26575550493545935
chr11	-55	10	2671.0	0.3743916136278547
chr11	-54	4	2707.0	0.1477650535648319
chr11	-53	8	2743.0	0.2916514764855997
chr11	-52	23	2796.0	0.8226037195994278
chr11	-51	42	2829.0	1.4846235418875928
chr11	-50	2	2859.0	0.06995452955578874
chr11	-49	19	2885.0	0.658578856152513
chr11	-48	7	2923.0	0.23947998631542936
chr11	-47	9	2950.0	0.3050847457627119
chr11	-46	10	2995.0	0.333889816360601
chr11	-45	20	3025.0	0.6611570247933884
chr11	-44	11	3052.0	0.36041939711664484
chr11	-43	3	3081.0	0.09737098344693282
chr11	-42	12	3113.0	0.38548024413748794
chr11	-41	5	3154.0	0.15852885225110971
chr11	-40	3	3196.0	0.09386733416770963
chr11	-39	5	3231.0	0.1547508511296812
chr11	-38	2	3269.0	0.0611807892321811
chr11	-37	4	3303.0	0.12110202845897669
chr11	-36	15	3346.0	0.4482964734010759
chr11	-35	7	3375.0	0.2074074074074074
chr11	-34	3	3405.0	0.0881057268722467
chr11	-33	29	3438.0	0.8435136707388016
chr11	-32	13	3473.0	0.3743161531816873
chr11	-31	27	3502.0	0.7709880068532268
chr11	-30	6	3529.0	0.1700198356474922
chr11	-29	7	3571.0	0.19602352282273874
chr11	-28	4	3620.0	0.11049723756906078
chr11	-27	9	3653.0	0.24637284423761294
chr11	-26	2	3683.0	0.054303556882975834
chr11	-25	14	3724.0	0.37593984962406013
chr11	-24	1	3767.0	0.026546323334218212
chr11	-23	19	3813.0	0.4982953055337005
chr11	-22	4	3863.0	0.1035464664768315
chr11	-21	6	3903.0	0.15372790161414296
chr11	-20	10	3946.0	0.25342118601115055
chr11	-19	10	3983.0	0.25106703489831783
chr11	-18	12	4014.0	0.29895366218236175
chr11	-17	9	4055.0	0.22194821208384713
chr11	-16	6	4095.0	0.14652014652014653
chr11	-15	3	4137.0	0.0725163161711385
chr11	-14	7	4163.0	0.16814797021378813
chr11	-13	9	4207.0	0.21392916567625386
chr11	-12	12	4247.0	0.2825523899222981
chr11	-11	7	4293.0	0.1630561378989052
chr11	-10	8	4331.0	0.1847148464557839
chr11	-9	7	4330.0	0.16166281755196305
chr11	-8	9	4331.0	0.20780420226275687
chr11	-7	10	4331.0	0.23089355806972986
chr11	-6	40	4330.0	0.9237875288683602
chr11	-5	34	4331.0	0.7850380974370815
chr11	-4	11	4331.0	0.2539829138767028
chr11	-3	13	4330.0	0.30023094688221713
chr11	-2	27	4331.0	0.6234126067882706
chr11	-1	50	4329.0	1.1550011550011552
chr11	0	20	4265.0	0.4689331770222743
chr11	1	15	4230.0	0.3546099290780142
chr11	2	15	4201.0	0.35705784337062607
chr11	3	5	4161.0	0.1201634222542658
chr11	4	21	4131.0	0.5083514887436456
chr11	5	30	4100.0	0.7317073170731708
chr11	6	6	4065.0	0.14760147601476015
chr11	7	14	4035.0	0.3469640644361834
chr11	8	6	3993.0	0.15026296018031557
chr11	9	7	3960.0	0.17676767676767677
chr11	10	9	3928.0	0.22912423625254583
chr11	11	5	3904.0	0.12807377049180327
chr11	12	11	3868.0	0.2843846949327818
chr11	13	10	3825.0	0.261437908496732
chr11	14	5	3798.0	0.13164823591363875
chr11	15	9	3774.0	0.23847376788553257
chr11	16	6	3735.0	0.1606425702811245
chr11	17	6	3693.0	0.16246953696181965
chr11	18	4	3662.0	0.10922992900054614
chr11	19	9	3629.0	0.2480022044640397
chr11	20	10	3583.0	0.27909572983533354
chr11	21	11	3551.0	0.30977189524077725
chr11	22	11	3507.0	0.3136583974907328
chr11	23	8	3462.0	0.2310803004043905
chr11	24	11	3432.0	0.3205128205128205
chr11	25	4	3396.0	0.11778563015312131
chr11	26	6	3363.0	0.17841213202497772
chr11	27	3	3317.0	0.09044317154054868
chr11	28	2	3276.0	0.06105006105006105
chr11	29	7	3246.0	0.21565003080714723
chr11	30	34	3208.0	1.059850374064838
chr11	31	15	3183.0	0.47125353440150797
chr11	32	18	3136.0	0.5739795918367347
chr11	33	4	3109.0	0.1286587327114828
chr11	34	5	3077.0	0.16249593760155995
chr11	35	18	3042.0	0.591715976331361
chr11	36	5	3004.0	0.16644474034620504
chr11	37	5	2979.0	0.16784155756965424
chr11	38	4	2953.0	0.13545546901456146
chr11	39	7	2923.0	0.23947998631542936
chr11	40	5	2891.0	0.17295053614666206
chr11	41	10	2856.0	0.350140056022409
chr11	42	3	2828.0	0.10608203677510608
chr11	43	3	2792.0	0.10744985673352436
chr11	44	19	2750.0	0.6909090909090909
chr11	45	10	2723.0	0.3672420124862284
chr11	46	13	2695.0	0.48237476808905383
chr11	47	15	2647.0	0.5666792595391008
chr11	48	18	2613.0	0.6888633754305395
chr11	49	4	2577.0	0.15521924718665114
chr11	50	24	2538.0	0.9456264775413712
chr11	51	18	2509.0	0.7174172977281785
chr11	52	10	2465.0	0.4056795131845842
chr11	53	6	2436.0	0.24630541871921183
chr11	54	7	2396.0	0.2921535893155259
chr11	55	3	2360.0	0.1271186440677966
chr11	56	3	2327.0	0.12892135797163728
chr11	57	9	2291.0	0.39284155390659103
chr11	58	13	2248.0	0.5782918149466192
chr11	59	9	2203.0	0.40853381752156154
chr11	60	7	2167.0	0.3230272265805261
chr11	61	9	2134.0	0.4217432052483599
chr11	62	7	2098.0	0.3336510962821735
chr11	63	28	2068.0	1.3539651837524178
chr11	64	12	2036.0	0.5893909626719057
chr11	65	2	1996.0	0.1002004008016032
chr11	66	26	1969.0	1.3204672422549517
chr11	67	10	1934.0	0.5170630816959669
chr11	68	8	1896.0	0.42194092827004215
chr11	69	0	1859.0	0.0
chr11	70	10	1827.0	0.5473453749315819
chr11	71	3	1799.0	0.16675931072818231
chr11	72	4	1769.0	0.22611644997173544
chr11	73	3	1737.0	0.17271157167530224
chr11	74	9	1709.0	0.5266237565827969
chr11	75	2	1678.0	0.11918951132300357
chr11	76	2	1641.0	0.1218769043266301
chr11	77	13	1601.0	0.8119925046845722
chr11	78	6	1571.0	0.3819223424570337
chr11	79	2	1546.0	0.129366106080207
chr11	80	4	1513.0	0.2643754130865829
chr11	81	7	1474.0	0.47489823609226595
chr11	82	4	1446.0	0.2766251728907331
chr11	83	3	1416.0	0.211864406779661
chr11	84	3	1382.0	0.21707670043415342
chr11	85	4	1358.0	0.29455081001472755
chr11	86	2	1314.0	0.15220700152207
chr11	87	0	1282.0	0.0
chr11	88	2	1249.0	0.16012810248198558
chr11	89	7	1222.0	0.5728314238952537
chr11	90	3	1185.0	0.25316455696202533
chr11	91	2	1151.0	0.1737619461337967
chr11	92	1	1105.0	0.09049773755656108
chr11	93	9	1076.0	0.8364312267657992
chr11	94	5	1030.0	0.48543689320388345
chr11	95	4	996.0	0.4016064257028112
chr11	96	4	956.0	0.41841004184100417
chr11	97	17	924.0	1.83982683982684
chr11	98	4	895.0	0.44692737430167595
chr11	99	3	870.0	0.3448275862068966
chr11	100	3	834.0	0.3597122302158274
chr11	101	7	805.0	0.8695652173913043
chr11	102	0	768.0	0.0
chr11	103	4	721.0	0.5547850208044383
chr11	104	2	682.0	0.2932551319648094
chr11	105	1	645.0	0.15503875968992248
chr11	106	0	612.0	0.0
chr11	107	1	575.0	0.17391304347826086
chr11	108	0	524.0	0.0
chr11	109	1	485.0	0.2061855670103093
chr11	110	2	432.0	0.4629629629629629
chr11	111	3	398.0	0.7537688442211055
chr11	112	2	358.0	0.5586592178770949
chr11	113	0	320.0	0.0
chr11	114	0	279.0	0.0
chr11	115	0	239.0	0.0
chr11	116	0	202.0	0.0
chr11	117	1	168.0	0.5952380952380952
chr11	118	0	133.0	0.0
chr11	119	0	88.0	0.0
chr11	120	1	51.0	1.9607843137254901
chr11	121	0	20.0	0.0
chr11	122	0	0.0	nan
chr11	123	0	0.0	nan
chr11	124	0	0.0	nan
chr11	125	0	0.0	nan
chr11	126	0	0.0	nan
chr11	127	0	0.0	nan
chr11	128	0	0.0	nan
chr11	129	0	0.0	nan
chr11	130	0	0.0	nan
chr11	131	0	0.0	nan
chr11	132	0	0.0	nan
chr11	133	0	0.0	nan
chr11	134	0	0.0	nan
chr12	-135	0	1.0	0.0
chr12	-134	0	1.0	0.0
chr12	-133	0	19.0	0.0
chr12	-132	0	46.0	0.0
chr12	-131	2	78.0	2.564102564102564
chr12	-130	1	116.0	0.8620689655172413
chr12	-129	0	142.0	0.0
chr12	-128	0	177.0	0.0
chr12	-127	1	207.0	0.4830917874396135
chr12	-126	0	236.0	0.0
chr12	-125	0	269.0	0.0
chr12	-124	0	296.0	0.0
chr12	-123	0	326.0	0.0
chr12	-122	5	368.0	1.358695652173913
chr12	-121	0	407.0	0.0
chr12	-120	0	447.0	0.0
chr12	-119	3	473.0	0.6342494714587738
chr12	-118	0	507.0	0.0
chr12	-117	0	541.0	0.0
chr12	-116	1	570.0	0.17543859649122806
chr12	-115	2	599.0	0.333889816360601
chr12	-114	0	630.0	0.0
chr12	-113	3	662.0	0.4531722054380665
chr12	-112	4	686.0	0.5830903790087464
chr12	-111	1	713.0	0.1402524544179523
chr12	-110	4	738.0	0.5420054200542005
chr12	-109	0	775.0	0.0
chr12	-108	1	807.0	0.12391573729863693
chr12	-107	0	840.0	0.0
chr12	-106	3	868.0	0.3456221198156682
chr12	-105	3	901.0	0.3329633740288568
chr12	-104	1	926.0	0.10799136069114472
chr12	-103	0	953.0	0.0
chr12	-102	0	984.0	0.0
chr12	-101	3	1015.0	0.2955665024630542
chr12	-100	4	1050.0	0.38095238095238093
chr12	-99	0	1086.0	0.0
chr12	-98	1	1118.0	0.08944543828264759
chr12	-97	0	1155.0	0.0
chr12	-96	0	1186.0	0.0
chr12	-95	9	1223.0	0.7358953393295176
chr12	-94	4	1248.0	0.3205128205128205
chr12	-93	2	1278.0	0.1564945226917058
chr12	-92	1	1320.0	0.07575757575757576
chr12	-91	2	1343.0	0.14892032762472077
chr12	-90	1	1372.0	0.0728862973760933
chr12	-89	0	1395.0	0.0
chr12	-88	1	1420.0	0.07042253521126761
chr12	-87	0	1446.0	0.0
chr12	-86	11	1470.0	0.7482993197278911
chr12	-85	0	1496.0	0.0
chr12	-84	8	1520.0	0.5263157894736842
chr12	-83	1	1541.0	0.06489292667099286
chr12	-82	1	1574.0	0.06353240152477764
chr12	-81	4	1604.0	0.24937655860349126
chr12	-80	0	1635.0	0.0
chr12	-79	10	1669.0	0.5991611743559018
chr12	-78	7	1692.0	0.41371158392434987
chr12	-77	6	1724.0	0.34802784222737815
chr12	-76	2	1753.0	0.11409013120365087
chr12	-75	2	1788.0	0.11185682326621924
chr12	-74	3	1818.0	0.16501650165016502
chr12	-73	0	1848.0	0.0
chr12	-72	6	1873.0	0.32034169781099836
chr12	-71	7	1900.0	0.3684210526315789
chr12	-70	8	1936.0	0.4132231404958678
chr12	-69	2	1971.0	0.10147133434804667
chr12	-68	13	1997.0	0.6509764646970456
chr12	-67	5	2028.0	0.2465483234714004
chr12	-66	4	2065.0	0.1937046004842615
chr12	-65	1	2097.0	0.04768717215069146
chr12	-64	0	2128.0	0.0
chr12	-63	0	2151.0	0.0
chr12	-62	3	2187.0	0.1371742112482853
chr12	-61	1	2227.0	0.044903457566232596
chr12	-60	0	2257.0	0.0
chr12	-59	2	2291.0	0.08729812309035355
chr12	-58	2	2324.0	0.08605851979345956
chr12	-57	1	2352.0	0.04251700680272109
chr12	-56	1	2399.0	0.041684035014589414
chr12	-55	1	2427.0	0.04120313143798929
chr12	-54	6	2452.0	0.24469820554649263
chr12	-53	6	2482.0	0.24174053182917005
chr12	-52	2	2512.0	0.07961783439490447
chr12	-51	4	2545.0	0.15717092337917485
chr12	-50	2	2578.0	0.07757951900698215
chr12	-49	7	2610.0	0.2681992337164751
chr12	-48	9	2635.0	0.3415559772296015
chr12	-47	4	2663.0	0.1502065339842283
chr12	-46	13	2694.0	0.48255382331106156
chr12	-45	6	2716.0	0.22091310751104565
chr12	-44	7	2753.0	0.25426807119505995
chr12	-43	4	2774.0	0.14419610670511895
chr12	-42	7	2801.0	0.24991074616208497
chr12	-41	1	2838.0	0.035236081747709654
chr12	-40	4	2865.0	0.13961605584642234
chr12	-39	6	2904.0	0.2066115702479339
chr12	-38	26	2937.0	0.8852570650323459
chr12	-37	5	2971.0	0.1682935038707506
chr12	-36	7	3002.0	0.2331778814123917
chr12	-35	28	3044.0	0.9198423127463863
chr12	-34	1	3084.0	0.03242542153047989
chr12	-33	33	3114.0	1.0597302504816954
chr12	-32	4	3149.0	0.12702445220704986
chr12	-31	10	3171.0	0.315357931251971
chr12	-30	14	3192.0	0.43859649122807015
chr12	-29	7	3228.0	0.21685254027261464
chr12	-28	5	3266.0	0.15309246785058175
chr12	-27	2	3296.0	0.06067961165048543
chr12	-26	1	3317.0	0.030147723846849564
chr12	-25	23	3349.0	0.686772170797253
chr12	-24	3	3375.0	0.08888888888888889
chr12	-23	6	3404.0	0.17626321974148063
chr12	-22	12	3429.0	0.3499562554680665
chr12	-21	10	3458.0	0.2891844997108155
chr12	-20	3	3484.0	0.08610792192881744
chr12	-19	5	3520.0	0.14204545454545456
chr12	-18	2	3564.0	0.05611672278338946
chr12	-17	5	3591.0	0.1392369813422445
chr12	-16	17	3619.0	0.46974302293451226
chr12	-15	3	3645.0	0.0823045267489712
chr12	-14	7	3679.0	0.19026909486273444
chr12	-13	4	3714.0	0.10770059235325795
chr12	-12	7	3748.0	0.18676627534685164
chr12	-11	4	3777.0	0.10590415673815197
chr12	-10	8	3811.0	0.20991865652059827
chr12	-9	6	3811.0	0.1574389923904487
chr12	-8	8	3811.0	0.20991865652059827
chr12	-7	6	3811.0	0.1574389923904487
chr12	-6	4	3811.0	0.10495932826029913
chr12	-5	28	3811.0	0.7347152978220939
chr12	-4	19	3811.0	0.49855680923642093
chr12	-3	16	3811.0	0.41983731304119654
chr12	-2	5	3811.0	0.13119916032537393
chr12	-1	13	3811.0	0.3411178168459722
chr12	0	4	3740.0	0.10695187165775401
chr12	1	8	3701.0	0.21615779519048905
chr12	2	4	3670.0	0.10899182561307902
chr12	3	22	3637.0	0.6048941435248831
chr12	4	27	3606.0	0.7487520798668885
chr12	5	2	3577.0	0.05591277606933184
chr12	6	4	3550.0	0.11267605633802817
chr12	7	4	3513.0	0.1138627953316254
chr12	8	2	3483.0	0.057421762848119444
chr12	9	6	3452.0	0.17381228273464658
chr12	10	5	3413.0	0.1464986815118664
chr12	11	2	3373.0	0.059294396679513785
chr12	12	6	3338.0	0.17974835230677053
chr12	13	4	3305.0	0.1210287443267776
chr12	14	18	3276.0	0.5494505494505495
chr12	15	15	3236.0	0.46353522867737945
chr12	16	7	3213.0	0.2178649237472767
chr12	17	14	3190.0	0.438871473354232
chr12	18	6	3157.0	0.19005384859043395
chr12	19	3	3126.0	0.09596928982725528
chr12	20	5	3101.0	0.16123831022250887
chr12	21	20	3069.0	0.6516780710329098
chr12	22	5	3043.0	0.1643115346697338
chr12	23	4	3009.0	0.13293452974410103
chr12	24	21	2974.0	0.7061197041022192
chr12	25	2	2945.0	0.06791171477079797
chr12	26	8	2917.0	0.2742543709290367
chr12	27	1	2882.0	0.03469812630117974
chr12	28	7	2859.0	0.24484085344526058
chr12	29	12	2832.0	0.423728813559322
chr12	30	12	2798.0	0.42887776983559683
chr12	31	5	2764.0	0.1808972503617945
chr12	32	25	2724.0	0.9177679882525698
chr12	33	4	2694.0	0.14847809948032664
chr12	34	18	2661.0	0.6764374295377678
chr12	35	9	2626.0	0.3427265803503427
chr12	36	4	2595.0	0.15414258188824664
chr12	37	14	2562.0	0.546448087431694
chr12	38	5	2540.0	0.19685039370078738
chr12	39	3	2508.0	0.11961722488038277
chr12	40	5	2479.0	0.20169423154497781
chr12	41	5	2445.0	0.2044989775051125
chr12	42	7	2419.0	0.28937577511368334
chr12	43	10	2396.0	0.41736227045075125
chr12	44	4	2371.0	0.1687051876845213
chr12	45	14	2351.0	0.5954912803062526
chr12	46	1	2319.0	0.043122035360069
chr12	47	2	2292.0	0.08726003490401396
chr12	48	4	2265.0	0.17660044150110377
chr12	49	3	2241.0	0.13386880856760375
chr12	50	4	2204.0	0.18148820326678766
chr12	51	4	2178.0	0.18365472910927455
chr12	52	2	2147.0	0.09315323707498836
chr12	53	1	2119.0	0.04719207173194903
chr12	54	6	2093.0	0.2866698518872432
chr12	55	2	2057.0	0.09722897423432182
chr12	56	7	2029.0	0.34499753573188763
chr12	57	3	1998.0	0.15015015015015015
chr12	58	3	1969.0	0.15236160487557138
chr12	59	4	1934.0	0.2068252326783868
chr12	60	4	1912.0	0.20920502092050208
chr12	61	4	1882.0	0.21253985122210414
chr12	62	2	1853.0	0.10793308148947653
chr12	63	1	1816.0	0.05506607929515419
chr12	64	1	1787.0	0.05595970900951316
chr12	65	0	1751.0	0.0
chr12	66	4	1717.0	0.23296447291788003
chr12	67	12	1689.0	0.7104795737122558
chr12	68	3	1656.0	0.18115942028985507
chr12	69	16	1621.0	0.987045033929673
chr12	70	3	1592.0	0.18844221105527637
chr12	71	4	1554.0	0.2574002574002574
chr12	72	3	1523.0	0.1969796454366382
chr12	73	3	1485.0	0.20202020202020202
chr12	74	3	1451.0	0.20675396278428668
chr12	75	1	1416.0	0.07062146892655367
chr12	76	1	1380.0	0.07246376811594203
chr12	77	2	1354.0	0.14771048744460857
chr12	78	4	1333.0	0.30007501875468867
chr12	79	1	1303.0	0.07674597083653108
chr12	80	3	1270.0	0.23622047244094488
chr12	81	1	1243.0	0.08045052292839903
chr12	82	3	1211.0	0.2477291494632535
chr12	83	2	1178.0	0.1697792869269949
chr12	84	2	1149.0	0.17406440382941687
chr12	85	4	1119.0	0.3574620196604111
chr12	86	3	1095.0	0.273972602739726
chr12	87	3	1072.0	0.2798507462686567
chr12	88	2	1037.0	0.19286403085824494
chr12	89	1	1010.0	0.09900990099009901
chr12	90	2	977.0	0.2047082906857728
chr12	91	1	944.0	0.1059322033898305
chr12	92	3	917.0	0.3271537622682661
chr12	93	3	872.0	0.34403669724770647
chr12	94	7	835.0	0.8383233532934131
chr12	95	6	804.0	0.7462686567164178
chr12	96	0	775.0	0.0
chr12	97	2	739.0	0.2706359945872801
chr12	98	2	702.0	0.2849002849002849
chr12	99	2	666.0	0.3003003003003003
chr12	100	2	641.0	0.31201248049922
chr12	101	0	615.0	0.0
chr12	102	1	582.0	0.1718213058419244
chr12	103	0	546.0	0.0
chr12	104	4	517.0	0.7736943907156674
chr12	105	5	490.0	1.0204081632653061
chr12	106	0	468.0	0.0
chr12	107	2	441.0	0.45351473922902497
chr12	108	2	416.0	0.4807692307692308
chr12	109	4	385.0	1.0389610389610389
chr12	110	0	353.0	0.0
chr12	111	3	326.0	0.9202453987730062
chr12	112	1	295.0	0.3389830508474576
chr12	113	1	254.0	0.39370078740157477
chr12	114	2	214.0	0.9345794392523363
chr12	115	0	190.0	0.0
chr12	116	0	167.0	0.0
chr12	117	0	131.0	0.0
chr12	118	0	101.0	0.0
chr12	119	0	72.0	0.0
chr12	120	0	42.0	0.0
chr12	121	0	21.0	0.0
chr12	122	0	0.0	nan
chr12	123	0	0.0	nan
chr12	124	0	0.0	nan
chr12	125	0	0.0	nan
chr12	126	0	0.0	nan
chr12	127	0	0.0	nan
chr12	128	0	0.0	nan
chr12	129	0	0.0	nan
chr12	130	0	0.0	nan
chr12	131	0	0.0	nan
chr12	132	0	0.0	nan
chr13	-133	0	13.0	0.0
chr13	-132	0	32.0	0.0
chr13	-131	0	56.0	0.0
chr13	-130	0	86.0	0.0
chr13	-129	0	116.0	0.0
chr13	-128	0	150.0	0.0
chr13	-127	1	174.0	0.5747126436781609
chr13	-126	1	203.0	0.49261083743842365
chr13	-125	0	235.0	0.0
chr13	-124	0	269.0	0.0
chr13	-123	1	293.0	0.3412969283276451
chr13	-122	0	330.0	0.0
chr13	-121	1	358.0	0.27932960893854747
chr13	-120	1	389.0	0.2570694087403599
chr13	-119	0	419.0	0.0
chr13	-118	1	447.0	0.22371364653243847
chr13	-117	0	489.0	0.0
chr13	-116	4	514.0	0.7782101167315175
chr13	-115	0	544.0	0.0
chr13	-114	1	570.0	0.17543859649122806
chr13	-113	7	607.0	1.1532125205930808
chr13	-112	1	638.0	0.1567398119122257
chr13	-111	2	670.0	0.2985074626865672
chr13	-110	0	710.0	0.0
chr13	-109	2	739.0	0.2706359945872801
chr13	-108	14	773.0	1.8111254851228977
chr13	-107	1	802.0	0.12468827930174563
chr13	-106	1	829.0	0.12062726176115801
chr13	-105	1	855.0	0.11695906432748539
chr13	-104	0	890.0	0.0
chr13	-103	0	912.0	0.0
chr13	-102	5	938.0	0.5330490405117271
chr13	-101	3	973.0	0.3083247687564234
chr13	-100	0	1006.0	0.0
chr13	-99	3	1034.0	0.2901353965183753
chr13	-98	1	1062.0	0.09416195856873823
chr13	-97	2	1091.0	0.18331805682859761
chr13	-96	5	1118.0	0.4472271914132379
chr13	-95	2	1149.0	0.17406440382941687
chr13	-94	1	1176.0	0.08503401360544217
chr13	-93	2	1206.0	0.16583747927031509
chr13	-92	2	1248.0	0.16025641025641024
chr13	-91	2	1281.0	0.156128024980484
chr13	-90	4	1313.0	0.30464584920030463
chr13	-89	2	1342.0	0.14903129657228018
chr13	-88	5	1367.0	0.36576444769568395
chr13	-87	2	1395.0	0.14336917562724014
chr13	-86	1	1417.0	0.07057163020465773
chr13	-85	1	1446.0	0.06915629322268327
chr13	-84	1	1479.0	0.0676132521974307
chr13	-83	3	1510.0	0.1986754966887417
chr13	-82	0	1528.0	0.0
chr13	-81	2	1553.0	0.128783000643915
chr13	-80	1	1584.0	0.06313131313131314
chr13	-79	2	1603.0	0.12476606363069245
chr13	-78	1	1648.0	0.06067961165048543
chr13	-77	2	1671.0	0.11968880909634949
chr13	-76	8	1700.0	0.4705882352941176
chr13	-75	2	1724.0	0.11600928074245939
chr13	-74	1	1753.0	0.057045065601825436
chr13	-73	2	1794.0	0.11148272017837235
chr13	-72	2	1813.0	0.11031439602868175
chr13	-71	4	1847.0	0.2165674066053059
chr13	-70	11	1868.0	0.588865096359743
chr13	-69	6	1886.0	0.3181336161187699
chr13	-68	6	1911.0	0.3139717425431711
chr13	-67	4	1930.0	0.20725388601036268
chr13	-66	2	1961.0	0.10198878123406425
chr13	-65	14	1992.0	0.7028112449799196
chr13	-64	1	2019.0	0.04952947003467063
chr13	-63	2	2049.0	0.09760858955588092
chr13	-62	5	2077.0	0.2407318247472316
chr13	-61	7	2104.0	0.3326996197718631
chr13	-60	5	2141.0	0.2335357309668379
chr13	-59	1	2174.0	0.045998160073597055
chr13	-58	3	2207.0	0.1359311282283643
chr13	-57	2	2227.0	0.08980691513246519
chr13	-56	7	2252.0	0.3108348134991119
chr13	-55	1	2278.0	0.043898156277436345
chr13	-54	13	2299.0	0.5654632448890822
chr13	-53	12	2330.0	0.5150214592274678
chr13	-52	2	2356.0	0.08488964346349745
chr13	-51	3	2381.0	0.125997480050399
chr13	-50	3	2413.0	0.12432656444260257
chr13	-49	3	2436.0	0.12315270935960591
chr13	-48	1	2459.0	0.040666937779585195
chr13	-47	6	2484.0	0.24154589371980675
chr13	-46	6	2510.0	0.2390438247011952
chr13	-45	4	2546.0	0.15710919088766695
chr13	-44	2	2577.0	0.07760962359332557
chr13	-43	7	2603.0	0.2689204763734153
chr13	-42	4	2636.0	0.15174506828528073
chr13	-41	9	2662.0	0.33809166040571
chr13	-40	2	2699.0	0.07410151908114117
chr13	-39	2	2731.0	0.07323324789454412
chr13	-38	4	2768.0	0.1445086705202312
chr13	-37	29	2807.0	1.0331314570716068
chr13	-36	6	2834.0	0.2117148906139732
chr13	-35	7	2856.0	0.24509803921568626
chr13	-34	5	2895.0	0.17271157167530224
chr13	-33	3	2921.0	0.10270455323519344
chr13	-32	8	2941.0	0.27201632097925876
chr13	-31	10	2962.0	0.337609723160027
chr13	-30	4	2990.0	0.13377926421404682
chr13	-29	7	3021.0	0.23171135385633895
chr13	-28	4	3056.0	0.13089005235602094
chr13	-27	7	3088.0	0.22668393782383417
chr13	-26	10	3124.0	0.3201024327784891
chr13	-25	6	3151.0	0.1904157410345922
chr13	-24	25	3171.0	0.7883948281299276
chr13	-23	3	3198.0	0.09380863039399624
chr13	-22	6	3229.0	0.18581604211830288
chr13	-21	12	3260.0	0.36809815950920244
chr13	-20	8	3289.0	0.2432350258437215
chr13	-19	13	3325.0	0.3909774436090226
chr13	-18	5	3350.0	0.1492537313432836
chr13	-17	12	3391.0	0.3538779121203185
chr13	-16	15	3426.0	0.43782837127845886
chr13	-15	8	3455.0	0.23154848046309695
chr13	-14	10	3487.0	0.28677946659019216
chr13	-13	6	3520.0	0.17045454545454544
chr13	-12	7	3558.0	0.19673974142776843
chr13	-11	2	3599.0	0.05557099194220616
chr13	-10	7	3623.0	0.19321004692243998
chr13	-9	13	3623.0	0.3588186585702457
chr13	-8	5	3611.0	0.13846579894765992
chr13	-7	13	3633.0	0.35783099366914395
chr13	-6	20	3633.0	0.5505092210294523
chr13	-5	6	3633.0	0.16515276630883566
chr13	-4	3	3618.0	0.08291873963515754
chr13	-3	11	3633.0	0.30278007156619874
chr13	-2	7	3633.0	0.1926782273603083
chr13	-1	57	3631.0	1.569815477829799
chr13	0	40	3583.0	1.1163829193413342
chr13	1	8	3552.0	0.22522522522522523
chr13	2	7	3520.0	0.19886363636363635
chr13	3	13	3489.0	0.3725995987388937
chr13	4	2	3466.0	0.05770340450086555
chr13	5	23	3434.0	0.6697728596389051
chr13	6	13	3399.0	0.38246543100912034
chr13	7	13	3345.0	0.38863976083707025
chr13	8	9	3328.0	0.2704326923076923
chr13	9	7	3303.0	0.2119285498032092
chr13	10	2	3278.0	0.06101281269066504
chr13	11	8	3247.0	0.24638127502309826
chr13	12	12	3219.0	0.3727865796831314
chr13	13	1	3188.0	0.031367628607277286
chr13	14	12	3158.0	0.37998733375554145
chr13	15	10	3127.0	0.3197953309881676
chr13	16	13	3096.0	0.4198966408268734
chr13	17	2	3068.0	0.0651890482398957
chr13	18	12	3028.0	0.3963011889035667
chr13	19	10	2992.0	0.3342245989304813
chr13	20	12	2967.0	0.40444893832153694
chr13	21	3	2932.0	0.10231923601637108
chr13	22	7	2906.0	0.24088093599449414
chr13	23	20	2870.0	0.6968641114982579
chr13	24	18	2833.0	0.6353688669255206
chr13	25	3	2807.0	0.10687566797292483
chr13	26	4	2776.0	0.1440922190201729
chr13	27	7	2749.0	0.25463805020007274
chr13	28	6	2719.0	0.2206693637366679
chr13	29	7	2693.0	0.25993316004455996
chr13	30	5	2655.0	0.18832391713747645
chr13	31	14	2626.0	0.5331302361005331
chr13	32	6	2592.0	0.23148148148148145
chr13	33	3	2571.0	0.11668611435239205
chr13	34	12	2538.0	0.4728132387706856
chr13	35	4	2510.0	0.1593625498007968
chr13	36	24	2481.0	0.9673518742442563
chr13	37	9	2459.0	0.36600244001626675
chr13	38	4	2430.0	0.1646090534979424
chr13	39	9	2391.0	0.37641154328732745
chr13	40	10	2351.0	0.4253509145044662
chr13	41	2	2320.0	0.08620689655172414
chr13	42	7	2290.0	0.3056768558951965
chr13	43	3	2264.0	0.13250883392226148
chr13	44	13	2239.0	0.5806163465832961
chr13	45	5	2214.0	0.22583559168925021
chr13	46	3	2186.0	0.1372369624885636
chr13	47	7	2156.0	0.3246753246753247
chr13	48	5	2133.0	0.23441162681669012
chr13	49	5	2105.0	0.23752969121140144
chr13	50	6	2083.0	0.28804608737397985
chr13	51	2	2055.0	0.09732360097323602
chr13	52	2	2023.0	0.09886307464162135
chr13	53	10	1984.0	0.5040322580645161
chr13	54	1	1956.0	0.051124744376278126
chr13	55	5	1932.0	0.2587991718426501
chr13	56	4	1901.0	0.21041557075223566
chr13	57	4	1877.0	0.21310602024507191
chr13	58	0	1853.0	0.0
chr13	59	3	1819.0	0.16492578339747113
chr13	60	9	1800.0	0.5
chr13	61	2	1767.0	0.11318619128466327
chr13	62	10	1745.0	0.5730659025787965
chr13	63	5	1719.0	0.29086678301337987
chr13	64	7	1696.0	0.41273584905660377
chr13	65	5	1664.0	0.3004807692307693
chr13	66	5	1640.0	0.3048780487804878
chr13	67	5	1610.0	0.3105590062111801
chr13	68	6	1576.0	0.3807106598984772
chr13	69	8	1544.0	0.5181347150259068
chr13	70	7	1525.0	0.45901639344262296
chr13	71	0	1490.0	0.0
chr13	72	2	1457.0	0.13726835964310227
chr13	73	4	1430.0	0.27972027972027974
chr13	74	1	1409.0	0.07097232079488999
chr13	75	4	1375.0	0.2909090909090909
chr13	76	2	1352.0	0.14792899408284024
chr13	77	4	1329.0	0.3009781790820165
chr13	78	1	1302.0	0.07680491551459294
chr13	79	1	1273.0	0.07855459544383347
chr13	80	2	1253.0	0.1596169193934557
chr13	81	1	1224.0	0.08169934640522876
chr13	82	2	1198.0	0.1669449081803005
chr13	83	4	1169.0	0.3421727972626176
chr13	84	2	1141.0	0.175284837861525
chr13	85	1	1115.0	0.08968609865470852
chr13	86	0	1092.0	0.0
chr13	87	3	1059.0	0.28328611898017
chr13	88	2	1025.0	0.1951219512195122
chr13	89	3	998.0	0.30060120240480964
chr13	90	2	965.0	0.20725388601036268
chr13	91	2	931.0	0.21482277121374865
chr13	92	2	902.0	0.22172949002217296
chr13	93	2	869.0	0.23014959723820483
chr13	94	2	838.0	0.23866348448687352
chr13	95	7	798.0	0.8771929824561403
chr13	96	2	771.0	0.25940337224383914
chr13	97	0	740.0	0.0
chr13	98	2	714.0	0.2801120448179272
chr13	99	1	692.0	0.1445086705202312
chr13	100	3	671.0	0.44709388971684055
chr13	101	4	638.0	0.6269592476489028
chr13	102	2	615.0	0.3252032520325203
chr13	103	2	585.0	0.3418803418803419
chr13	104	1	540.0	0.1851851851851852
chr13	105	1	515.0	0.1941747572815534
chr13	106	1	485.0	0.2061855670103093
chr13	107	5	461.0	1.0845986984815619
chr13	108	4	439.0	0.9111617312072893
chr13	109	1	409.0	0.24449877750611246
chr13	110	2	378.0	0.5291005291005291
chr13	111	3	355.0	0.8450704225352111
chr13	112	4	316.0	1.2658227848101267
chr13	113	1	276.0	0.36231884057971014
chr13	114	1	239.0	0.41841004184100417
chr13	115	2	207.0	0.966183574879227
chr13	116	0	175.0	0.0
chr13	117	0	143.0	0.0
chr13	118	0	108.0	0.0
chr13	119	0	75.0	0.0
chr13	120	0	43.0	0.0
chr13	121	0	21.0	0.0
chr13	122	0	0.0	nan
chr13	123	0	0.0	nan
chr13	124	0	0.0	nan
chr13	125	0	0.0	nan
chr13	126	0	0.0	nan
chr13	127	0	0.0	nan
chr13	128	0	0.0	nan
chr13	129	0	0.0	nan
chr13	130	0	0.0	nan
chr13	131	0	0.0	nan
chr13	132	0	0.0	nan
chr13	133	0	0.0	nan
chr14	-138	0	1.0	0.0
chr14	-137	0	1.0	0.0
chr14	-136	0	1.0	0.0
chr14	-135	0	1.0	0.0
chr14	-134	0	1.0	0.0
chr14	-133	0	4.0	0.0
chr14	-132	0	6.0	0.0
chr14	-131	0	17.0	0.0
chr14	-130	0	24.0	0.0
chr14	-129	0	33.0	0.0
chr14	-128	0	43.0	0.0
chr14	-127	0	51.0	0.0
chr14	-126	1	59.0	1.694915254237288
chr14	-125	0	73.0	0.0
chr14	-124	0	87.0	0.0
chr14	-123	1	98.0	1.0204081632653061
chr14	-122	0	106.0	0.0
chr14	-121	0	119.0	0.0
chr14	-120	1	129.0	0.7751937984496124
chr14	-119	0	135.0	0.0
chr14	-118	0	142.0	0.0
chr14	-117	2	153.0	1.3071895424836601
chr14	-116	1	163.0	0.6134969325153374
chr14	-115	0	168.0	0.0
chr14	-114	0	175.0	0.0
chr14	-113	0	186.0	0.0
chr14	-112	1	194.0	0.5154639175257731
chr14	-111	1	202.0	0.49504950495049505
chr14	-110	0	207.0	0.0
chr14	-109	0	214.0	0.0
chr14	-108	1	227.0	0.4405286343612335
chr14	-107	1	236.0	0.423728813559322
chr14	-106	0	240.0	0.0
chr14	-105	1	251.0	0.398406374501992
chr14	-104	0	266.0	0.0
chr14	-103	3	282.0	1.0638297872340425
chr14	-102	1	293.0	0.3412969283276451
chr14	-101	1	306.0	0.32679738562091504
chr14	-100	0	318.0	0.0
chr14	-99	0	324.0	0.0
chr14	-98	0	335.0	0.0
chr14	-97	2	350.0	0.5714285714285714
chr14	-96	2	358.0	0.5586592178770949
chr14	-95	1	373.0	0.2680965147453083
chr14	-94	5	382.0	1.3089005235602094
chr14	-93	0	395.0	0.0
chr14	-92	0	402.0	0.0
chr14	-91	1	415.0	0.24096385542168677
chr14	-90	4	421.0	0.9501187648456058
chr14	-89	0	428.0	0.0
chr14	-88	1	438.0	0.228310502283105
chr14	-87	0	444.0	0.0
chr14	-86	4	451.0	0.8869179600886918
chr14	-85	1	458.0	0.21834061135371177
chr14	-84	1	472.0	0.211864406779661
chr14	-83	0	482.0	0.0
chr14	-82	0	485.0	0.0
chr14	-81	3	494.0	0.6072874493927125
chr14	-80	3	503.0	0.5964214711729622
chr14	-79	0	516.0	0.0
chr14	-78	1	521.0	0.19193857965451055
chr14	-77	1	534.0	0.18726591760299627
chr14	-76	1	548.0	0.18248175182481752
chr14	-75	1	558.0	0.17921146953405018
chr14	-74	5	571.0	0.8756567425569177
chr14	-73	5	577.0	0.8665511265164645
chr14	-72	10	585.0	1.7094017094017095
chr14	-71	3	593.0	0.5059021922428331
chr14	-70	0	601.0	0.0
chr14	-69	1	609.0	0.16420361247947454
chr14	-68	1	616.0	0.16233766233766234
chr14	-67	1	624.0	0.16025641025641024
chr14	-66	1	632.0	0.15822784810126583
chr14	-65	2	645.0	0.31007751937984496
chr14	-64	9	655.0	1.3740458015267176
chr14	-63	0	671.0	0.0
chr14	-62	1	683.0	0.14641288433382138
chr14	-61	3	693.0	0.4329004329004329
chr14	-60	2	706.0	0.28328611898017
chr14	-59	0	717.0	0.0
chr14	-58	0	731.0	0.0
chr14	-57	2	741.0	0.2699055330634278
chr14	-56	0	744.0	0.0
chr14	-55	6	756.0	0.7936507936507936
chr14	-54	2	763.0	0.2621231979030144
chr14	-53	1	772.0	0.1295336787564767
chr14	-52	1	775.0	0.12903225806451613
chr14	-51	2	784.0	0.25510204081632654
chr14	-50	3	795.0	0.37735849056603776
chr14	-49	1	809.0	0.12360939431396785
chr14	-48	1	815.0	0.1226993865030675
chr14	-47	3	825.0	0.36363636363636365
chr14	-46	3	831.0	0.36101083032490977
chr14	-45	1	841.0	0.11890606420927466
chr14	-44	0	850.0	0.0
chr14	-43	4	859.0	0.46565774155995343
chr14	-42	1	866.0	0.11547344110854503
chr14	-41	2	876.0	0.228310502283105
chr14	-40	2	887.0	0.2254791431792559
chr14	-39	0	901.0	0.0
chr14	-38	3	914.0	0.3282275711159737
chr14	-37	0	918.0	0.0
chr14	-36	9	925.0	0.9729729729729729
chr14	-35	1	937.0	0.10672358591248667
chr14	-34	0	950.0	0.0
chr14	-33	2	960.0	0.20833333333333334
chr14	-32	1	968.0	0.10330578512396695
chr14	-31	1	976.0	0.10245901639344263
chr14	-30	10	982.0	1.0183299389002036
chr14	-29	3	990.0	0.30303030303030304
chr14	-28	5	1002.0	0.499001996007984
chr14	-27	1	1011.0	0.09891196834817012
chr14	-26	3	1026.0	0.29239766081871343
chr14	-25	1	1036.0	0.09652509652509653
chr14	-24	1	1044.0	0.09578544061302681
chr14	-23	2	1051.0	0.19029495718363465
chr14	-22	3	1064.0	0.28195488721804507
chr14	-21	4	1072.0	0.3731343283582089
chr14	-20	3	1086.0	0.2762430939226519
chr14	-19	3	1094.0	0.2742230347349177
chr14	-18	3	1105.0	0.27149321266968324
chr14	-17	2	1121.0	0.17841213202497772
chr14	-16	2	1133.0	0.176522506619594
chr14	-15	12	1140.0	1.0526315789473684
chr14	-14	4	1149.0	0.34812880765883375
chr14	-13	5	1164.0	0.429553264604811
chr14	-12	6	1177.0	0.5097706032285472
chr14	-11	4	1194.0	0.33500837520938026
chr14	-10	1	1204.0	0.08305647840531562
chr14	-9	0	1204.0	0.0
chr14	-8	3	1204.0	0.24916943521594684
chr14	-7	4	1207.0	0.33140016570008285
chr14	-6	6	1207.0	0.4971002485501243
chr14	-5	1	1207.0	0.08285004142502071
chr14	-4	2	1207.0	0.16570008285004142
chr14	-3	6	1207.0	0.4971002485501243
chr14	-2	2	1195.0	0.16736401673640167
chr14	-1	8	1207.0	0.6628003314001657
chr14	0	0	1189.0	0.0
chr14	1	3	1175.0	0.2553191489361702
chr14	2	1	1172.0	0.08532423208191127
chr14	3	4	1165.0	0.34334763948497854
chr14	4	1	1156.0	0.08650519031141869
chr14	5	1	1142.0	0.08756567425569177
chr14	6	5	1129.0	0.44286979627989376
chr14	7	1	1118.0	0.08944543828264759
chr14	8	4	1109.0	0.36068530207394045
chr14	9	2	1100.0	0.18181818181818182
chr14	10	3	1092.0	0.27472527472527475
chr14	11	1	1082.0	0.09242144177449169
chr14	12	4	1075.0	0.37209302325581395
chr14	13	4	1066.0	0.37523452157598497
chr14	14	8	1057.0	0.7568590350047304
chr14	15	1	1047.0	0.09551098376313276
chr14	16	0	1034.0	0.0
chr14	17	0	1026.0	0.0
chr14	18	1	1019.0	0.09813542688910697
chr14	19	4	1014.0	0.39447731755424065
chr14	20	2	999.0	0.20020020020020018
chr14	21	4	993.0	0.4028197381671702
chr14	22	1	989.0	0.10111223458038424
chr14	23	2	977.0	0.2047082906857728
chr14	24	3	965.0	0.31088082901554404
chr14	25	0	960.0	0.0
chr14	26	4	948.0	0.42194092827004215
chr14	27	1	937.0	0.10672358591248667
chr14	28	2	923.0	0.21668472372697722
chr14	29	8	912.0	0.8771929824561403
chr14	30	1	904.0	0.11061946902654868
chr14	31	0	890.0	0.0
chr14	32	1	882.0	0.11337868480725624
chr14	33	1	870.0	0.11494252873563218
chr14	34	1	859.0	0.11641443538998836
chr14	35	3	846.0	0.3546099290780142
chr14	36	4	841.0	0.47562425683709864
chr14	37	2	824.0	0.24271844660194172
chr14	38	0	814.0	0.0
chr14	39	7	807.0	0.8674101610904585
chr14	40	2	797.0	0.2509410288582183
chr14	41	0	786.0	0.0
chr14	42	4	778.0	0.5141388174807198
chr14	43	3	769.0	0.3901170351105332
chr14	44	1	749.0	0.13351134846461948
chr14	45	2	754.0	0.2652519893899204
chr14	46	1	745.0	0.1342281879194631
chr14	47	1	737.0	0.13568521031207598
chr14	48	0	727.0	0.0
chr14	49	3	718.0	0.4178272980501393
chr14	50	3	711.0	0.42194092827004215
chr14	51	0	705.0	0.0
chr14	52	3	697.0	0.430416068866571
chr14	53	1	685.0	0.145985401459854
chr14	54	12	679.0	1.7673048600883652
chr14	55	1	665.0	0.15037593984962408
chr14	56	0	649.0	0.0
chr14	57	0	639.0	0.0
chr14	58	4	627.0	0.6379585326953748
chr14	59	3	624.0	0.4807692307692308
chr14	60	0	616.0	0.0
chr14	61	0	608.0	0.0
chr14	62	0	598.0	0.0
chr14	63	2	588.0	0.3401360544217687
chr14	64	1	585.0	0.17094017094017094
chr14	65	3	571.0	0.5253940455341506
chr14	66	0	560.0	0.0
chr14	67	1	555.0	0.18018018018018017
chr14	68	1	539.0	0.1855287569573284
chr14	69	0	521.0	0.0
chr14	70	3	513.0	0.5847953216374269
chr14	71	10	504.0	1.984126984126984
chr14	72	2	491.0	0.40733197556008144
chr14	73	1	479.0	0.20876826722338201
chr14	74	4	466.0	0.8583690987124464
chr14	75	2	455.0	0.43956043956043955
chr14	76	2	453.0	0.44150110375275936
chr14	77	0	447.0	0.0
chr14	78	0	438.0	0.0
chr14	79	0	430.0	0.0
chr14	80	1	418.0	0.23923444976076555
chr14	81	1	406.0	0.24630541871921183
chr14	82	0	394.0	0.0
chr14	83	0	385.0	0.0
chr14	84	0	380.0	0.0
chr14	85	1	374.0	0.267379679144385
chr14	86	0	368.0	0.0
chr14	87	2	357.0	0.5602240896358543
chr14	88	0	348.0	0.0
chr14	89	2	339.0	0.5899705014749262
chr14	90	1	333.0	0.3003003003003003
chr14	91	0	318.0	0.0
chr14	92	1	308.0	0.3246753246753247
chr14	93	1	298.0	0.33557046979865773
chr14	94	0	286.0	0.0
chr14	95	1	279.0	0.35842293906810035
chr14	96	2	268.0	0.7462686567164178
chr14	97	0	256.0	0.0
chr14	98	0	248.0	0.0
chr14	99	2	238.0	0.8403361344537815
chr14	100	0	230.0	0.0
chr14	101	0	221.0	0.0
chr14	102	5	210.0	2.380952380952381
chr14	103	1	204.0	0.49019607843137253
chr14	104	5	194.0	2.5773195876288657
chr14	105	1	177.0	0.5649717514124294
chr14	106	1	164.0	0.6097560975609756
chr14	107	1	157.0	0.6369426751592357
chr14	108	0	151.0	0.0
chr14	109	0	140.0	0.0
chr14	110	0	129.0	0.0
chr14	111	0	119.0	0.0
chr14	112	1	107.0	0.9345794392523363
chr14	113	0	97.0	0.0
chr14	114	0	90.0	0.0
chr14	115	0	71.0	0.0
chr14	116	3	63.0	4.761904761904762
chr14	117	0	56.0	0.0
chr14	118	1	43.0	2.3255813953488373
chr14	119	0	31.0	0.0
chr14	120	0	19.0	0.0
chr14	121	0	4.0	0.0
chr14	122	0	0.0	nan
chr14	123	0	0.0	nan
chr14	124	0	0.0	nan
chr14	125	0	0.0	nan
chr14	126	0	0.0	nan
chr14	127	0	0.0	nan
chr14	128	0	0.0	nan
chr14	129	0	0.0	nan
chr14	130	0	0.0	nan
chr14	131	0	0.0	nan
chr14	132	0	0.0	nan
chrX	-133	0	3.0	0.0
chrX	-132	0	8.0	0.0
chrX	-131	0	11.0	0.0
chrX	-130	0	16.0	0.0
chrX	-129	0	23.0	0.0
chrX	-128	0	31.0	0.0
chrX	-127	0	36.0	0.0
chrX	-126	0	44.0	0.0
chrX	-125	0	50.0	0.0
chrX	-124	0	58.0	0.0
chrX	-123	0	65.0	0.0
chrX	-122	0	71.0	0.0
chrX	-121	0	83.0	0.0
chrX	-120	0	94.0	0.0
chrX	-119	0	100.0	0.0
chrX	-118	1	105.0	0.9523809523809524
chrX	-117	1	108.0	0.9259259259259258
chrX	-116	0	113.0	0.0
chrX	-115	1	118.0	0.847457627118644
chrX	-114	0	125.0	0.0
chrX	-113	0	131.0	0.0
chrX	-112	0	144.0	0.0
chrX	-111	1	146.0	0.684931506849315
chrX	-110	0	150.0	0.0
chrX	-109	0	154.0	0.0
chrX	-108	0	160.0	0.0
chrX	-107	0	167.0	0.0
chrX	-106	1	175.0	0.5714285714285714
chrX	-105	0	180.0	0.0
chrX	-104	0	183.0	0.0
chrX	-103	1	191.0	0.5235602094240838
chrX	-102	0	194.0	0.0
chrX	-101	0	200.0	0.0
chrX	-100	0	203.0	0.0
chrX	-99	3	207.0	1.4492753623188406
chrX	-98	1	213.0	0.4694835680751174
chrX	-97	1	213.0	0.4694835680751174
chrX	-96	0	221.0	0.0
chrX	-95	0	226.0	0.0
chrX	-94	0	229.0	0.0
chrX	-93	0	240.0	0.0
chrX	-92	0	245.0	0.0
chrX	-91	1	254.0	0.39370078740157477
chrX	-90	0	259.0	0.0
chrX	-89	1	263.0	0.38022813688212925
chrX	-88	1	265.0	0.37735849056603776
chrX	-87	0	275.0	0.0
chrX	-86	1	278.0	0.3597122302158274
chrX	-85	0	289.0	0.0
chrX	-84	2	292.0	0.684931506849315
chrX	-83	0	296.0	0.0
chrX	-82	1	303.0	0.33003300330033003
chrX	-81	0	308.0	0.0
chrX	-80	0	315.0	0.0
chrX	-79	0	320.0	0.0
chrX	-78	0	332.0	0.0
chrX	-77	0	338.0	0.0
chrX	-76	0	339.0	0.0
chrX	-75	3	345.0	0.8695652173913043
chrX	-74	1	348.0	0.28735632183908044
chrX	-73	0	354.0	0.0
chrX	-72	0	362.0	0.0
chrX	-71	0	370.0	0.0
chrX	-70	0	372.0	0.0
chrX	-69	0	378.0	0.0
chrX	-68	0	388.0	0.0
chrX	-67	0	394.0	0.0
chrX	-66	0	397.0	0.0
chrX	-65	0	400.0	0.0
chrX	-64	0	404.0	0.0
chrX	-63	0	407.0	0.0
chrX	-62	0	409.0	0.0
chrX	-61	0	414.0	0.0
chrX	-60	0	420.0	0.0
chrX	-59	0	422.0	0.0
chrX	-58	1	428.0	0.23364485981308408
chrX	-57	0	436.0	0.0
chrX	-56	0	446.0	0.0
chrX	-55	0	451.0	0.0
chrX	-54	0	454.0	0.0
chrX	-53	0	459.0	0.0
chrX	-52	2	468.0	0.4273504273504274
chrX	-51	0	476.0	0.0
chrX	-50	0	484.0	0.0
chrX	-49	1	494.0	0.20242914979757085
chrX	-48	0	497.0	0.0
chrX	-47	1	504.0	0.1984126984126984
chrX	-46	1	508.0	0.19685039370078738
chrX	-45	2	512.0	0.390625
chrX	-44	0	515.0	0.0
chrX	-43	2	523.0	0.3824091778202677
chrX	-42	3	528.0	0.5681818181818182
chrX	-41	0	531.0	0.0
chrX	-40	0	539.0	0.0
chrX	-39	0	545.0	0.0
chrX	-38	1	553.0	0.18083182640144665
chrX	-37	0	556.0	0.0
chrX	-36	0	556.0	0.0
chrX	-35	3	571.0	0.5253940455341506
chrX	-34	0	575.0	0.0
chrX	-33	0	582.0	0.0
chrX	-32	0	588.0	0.0
chrX	-31	0	591.0	0.0
chrX	-30	1	597.0	0.16750418760469013
chrX	-29	0	605.0	0.0
chrX	-28	0	613.0	0.0
chrX	-27	1	618.0	0.16181229773462785
chrX	-26	2	622.0	0.3215434083601286
chrX	-25	1	627.0	0.1594896331738437
chrX	-24	0	636.0	0.0
chrX	-23	1	641.0	0.15600624024961
chrX	-22	0	649.0	0.0
chrX	-21	0	652.0	0.0
chrX	-20	0	661.0	0.0
chrX	-19	0	672.0	0.0
chrX	-18	0	674.0	0.0
chrX	-17	0	681.0	0.0
chrX	-16	2	686.0	0.2915451895043732
chrX	-15	2	691.0	0.2894356005788712
chrX	-14	1	700.0	0.14285714285714285
chrX	-13	1	712.0	0.1404494382022472
chrX	-12	0	722.0	0.0
chrX	-11	0	726.0	0.0
chrX	-10	0	738.0	0.0
chrX	-9	3	738.0	0.40650406504065045
chrX	-8	1	738.0	0.13550135501355012
chrX	-7	3	738.0	0.40650406504065045
chrX	-6	2	737.0	0.27137042062415195
chrX	-5	1	738.0	0.13550135501355012
chrX	-4	3	738.0	0.40650406504065045
chrX	-3	3	738.0	0.40650406504065045
chrX	-2	4	738.0	0.5420054200542005
chrX	-1	4	738.0	0.5420054200542005
chrX	0	1	729.0	0.1371742112482853
chrX	1	1	724.0	0.13812154696132595
chrX	2	0	719.0	0.0
chrX	3	0	712.0	0.0
chrX	4	0	706.0	0.0
chrX	5	0	701.0	0.0
chrX	6	0	694.0	0.0
chrX	7	0	686.0	0.0
chrX	8	0	678.0	0.0
chrX	9	0	672.0	0.0
chrX	10	1	663.0	0.1508295625942685
chrX	11	0	650.0	0.0
chrX	12	0	640.0	0.0
chrX	13	1	636.0	0.15723270440251574
chrX	14	1	632.0	0.15822784810126583
chrX	15	1	627.0	0.1594896331738437
chrX	16	0	622.0	0.0
chrX	17	2	616.0	0.3246753246753247
chrX	18	0	611.0	0.0
chrX	19	0	604.0	0.0
chrX	20	0	593.0	0.0
chrX	21	1	591.0	0.1692047377326565
chrX	22	0	586.0	0.0
chrX	23	0	581.0	0.0
chrX	24	0	577.0	0.0
chrX	25	1	565.0	0.17699115044247787
chrX	26	0	559.0	0.0
chrX	27	0	557.0	0.0
chrX	28	1	554.0	0.18050541516245489
chrX	29	0	544.0	0.0
chrX	30	1	542.0	0.18450184501845018
chrX	31	2	533.0	0.37523452157598497
chrX	32	2	532.0	0.37593984962406013
chrX	33	1	530.0	0.18867924528301888
chrX	34	0	524.0	0.0
chrX	35	0	520.0	0.0
chrX	36	0	513.0	0.0
chrX	37	0	508.0	0.0
chrX	38	1	504.0	0.1984126984126984
chrX	39	0	496.0	0.0
chrX	40	2	489.0	0.408997955010225
chrX	41	0	483.0	0.0
chrX	42	2	478.0	0.41841004184100417
chrX	43	0	472.0	0.0
chrX	44	0	469.0	0.0
chrX	45	2	459.0	0.4357298474945534
chrX	46	0	454.0	0.0
chrX	47	2	447.0	0.44742729306487694
chrX	48	0	444.0	0.0
chrX	49	1	440.0	0.22727272727272727
chrX	50	0	432.0	0.0
chrX	51	2	427.0	0.468384074941452
chrX	52	1	422.0	0.23696682464454977
chrX	53	1	414.0	0.24154589371980675
chrX	54	1	405.0	0.24691358024691357
chrX	55	0	399.0	0.0
chrX	56	0	399.0	0.0
chrX	57	1	392.0	0.25510204081632654
chrX	58	0	389.0	0.0
chrX	59	0	381.0	0.0
chrX	60	0	375.0	0.0
chrX	61	2	367.0	0.544959128065395
chrX	62	0	362.0	0.0
chrX	63	0	357.0	0.0
chrX	64	1	349.0	0.28653295128939826
chrX	65	1	343.0	0.2915451895043732
chrX	66	0	341.0	0.0
chrX	67	0	338.0	0.0
chrX	68	1	333.0	0.3003003003003003
chrX	69	0	331.0	0.0
chrX	70	0	327.0	0.0
chrX	71	1	321.0	0.3115264797507788
chrX	72	0	316.0	0.0
chrX	73	0	313.0	0.0
chrX	74	0	307.0	0.0
chrX	75	0	300.0	0.0
chrX	76	0	288.0	0.0
chrX	77	0	285.0	0.0
chrX	78	0	281.0	0.0
chrX	79	1	276.0	0.36231884057971014
chrX	80	1	268.0	0.3731343283582089
chrX	81	0	260.0	0.0
chrX	82	1	252.0	0.3968253968253968
chrX	83	0	244.0	0.0
chrX	84	0	241.0	0.0
chrX	85	0	233.0	0.0
chrX	86	1	228.0	0.43859649122807015
chrX	87	0	224.0	0.0
chrX	88	0	221.0	0.0
chrX	89	1	215.0	0.46511627906976744
chrX	90	0	207.0	0.0
chrX	91	0	205.0	0.0
chrX	92	2	197.0	1.015228426395939
chrX	93	1	192.0	0.5208333333333333
chrX	94	2	184.0	1.0869565217391304
chrX	95	0	180.0	0.0
chrX	96	4	171.0	2.3391812865497075
chrX	97	0	164.0	0.0
chrX	98	1	160.0	0.625
chrX	99	1	153.0	0.6535947712418301
chrX	100	0	146.0	0.0
chrX	101	0	142.0	0.0
chrX	102	1	138.0	0.7246376811594203
chrX	103	0	130.0	0.0
chrX	104	1	123.0	0.8130081300813009
chrX	105	0	118.0	0.0
chrX	106	0	115.0	0.0
chrX	107	0	110.0	0.0
chrX	108	0	102.0	0.0
chrX	109	1	95.0	1.0526315789473684
chrX	110	0	86.0	0.0
chrX	111	0	79.0	0.0
chrX	112	0	74.0	0.0
chrX	113	0	66.0	0.0
chrX	114	0	63.0	0.0
chrX	115	2	56.0	3.571428571428571
chrX	116	0	50.0	0.0
chrX	117	0	41.0	0.0
chrX	118	0	36.0	0.0
chrX	119	0	24.0	0.0
chrX	120	0	16.0	0.0
chrX	121	1	8.0	12.5
chrX	122	0	0.0	nan
chrX	123	0	0.0	nan
chrX	124	0	0.0	nan
chrX	125	0	0.0	nan
chrX	126	0	0.0	nan
chrX	127	0	0.0	nan
chrX	128	0	0.0	nan
chrX	129	0	0.0	nan
chrX	130	0	0.0	nan
chrX	131	0	0.0	nan
chrX	132	0	0.0	nan
