chr1	-158	0	0.0	nan
chr1	-157	0	0.0	nan
chr1	-156	0	0.0	nan
chr1	-155	0	0.0	nan
chr1	-154	0	0.0	nan
chr1	-153	0	0.0	nan
chr1	-152	0	0.0	nan
chr1	-151	0	0.0	nan
chr1	-150	0	0.0	nan
chr1	-149	0	0.0	nan
chr1	-148	0	0.0	nan
chr1	-147	0	0.0	nan
chr1	-146	0	0.0	nan
chr1	-145	0	0.0	nan
chr1	-144	0	0.0	nan
chr1	-143	0	0.0	nan
chr1	-142	0	0.0	nan
chr1	-141	0	0.0	nan
chr1	-140	0	0.0	nan
chr1	-139	0	6.0	0.0
chr1	-138	0	7.0	0.0
chr1	-137	0	8.0	0.0
chr1	-136	0	8.0	0.0
chr1	-135	0	8.0	0.0
chr1	-134	0	12.0	0.0
chr1	-133	1	15.0	6.666666666666667
chr1	-132	0	21.0	0.0
chr1	-131	0	29.0	0.0
chr1	-130	0	46.0	0.0
chr1	-129	1	649.0	0.15408320493066258
chr1	-128	4	1488.0	0.2688172043010753
chr1	-127	4	2397.0	0.1668752607425949
chr1	-126	3	3342.0	0.08976660682226212
chr1	-125	2	4359.0	0.045882083046570314
chr1	-124	4	5413.0	0.07389617587289858
chr1	-123	16	6468.0	0.24737167594310452
chr1	-122	16	7609.0	0.21027730319358653
chr1	-121	21	8813.0	0.23828435266084197
chr1	-120	12	9934.0	0.12079726192872962
chr1	-119	23	11086.0	0.2074688796680498
chr1	-118	13	12271.0	0.10594083611767582
chr1	-117	23	13371.0	0.17201406027970984
chr1	-116	30	14599.0	0.20549352695390094
chr1	-115	27	15732.0	0.17162471395881007
chr1	-114	25	16872.0	0.14817449027975343
chr1	-113	22	18017.0	0.12210689903979575
chr1	-112	45	19190.0	0.23449713392391872
chr1	-111	37	20344.0	0.1818718049547778
chr1	-110	37	21518.0	0.17194906589831768
chr1	-109	76	22711.0	0.33463960195499975
chr1	-108	51	23887.0	0.21350525390379707
chr1	-107	53	25049.0	0.21158529282606092
chr1	-106	45	26212.0	0.17167709446055243
chr1	-105	49	27459.0	0.1784478677300703
chr1	-104	62	28581.0	0.21692732934466954
chr1	-103	59	29718.0	0.19853287569823003
chr1	-102	65	30909.0	0.2102947361609887
chr1	-101	62	32132.0	0.19295406448400348
chr1	-100	66	33258.0	0.19844849359552588
chr1	-99	99	34418.0	0.2876401882735778
chr1	-98	89	35549.0	0.250358659877915
chr1	-97	84	36729.0	0.22870211549456831
chr1	-96	90	37858.0	0.2377304664800042
chr1	-95	126	39068.0	0.3225145899457356
chr1	-94	109	40214.0	0.2710498831252797
chr1	-93	132	41389.0	0.3189253183212931
chr1	-92	68	42560.0	0.15977443609022557
chr1	-91	134	43736.0	0.30638375708798243
chr1	-90	120	44938.0	0.2670345809782367
chr1	-89	116	46184.0	0.2511692360990819
chr1	-88	108	47425.0	0.22772799156562995
chr1	-87	98	48599.0	0.20165023971686658
chr1	-86	118	49791.0	0.23699062079492278
chr1	-85	171	50953.0	0.3356033992110376
chr1	-84	88	52144.0	0.16876342436330163
chr1	-83	145	53401.0	0.27153049568360144
chr1	-82	174	54622.0	0.3185529640071766
chr1	-81	116	55843.0	0.20772522966173024
chr1	-80	197	57040.0	0.34537166900420757
chr1	-79	159	58226.0	0.27307388451894343
chr1	-78	154	59463.0	0.25898457864554425
chr1	-77	171	60697.0	0.2817272682340149
chr1	-76	143	61839.0	0.23124565403709632
chr1	-75	150	63041.0	0.23794038800145936
chr1	-74	159	64312.0	0.2472322428162707
chr1	-73	145	65470.0	0.22147548495494118
chr1	-72	122	66710.0	0.18288112726727626
chr1	-71	155	67889.0	0.22831386528008954
chr1	-70	203	69101.0	0.2937728831710105
chr1	-69	260	70281.0	0.369943512471365
chr1	-68	167	71438.0	0.23376914247319353
chr1	-67	186	72660.0	0.25598678777869527
chr1	-66	183	73907.0	0.24760848092873475
chr1	-65	182	75087.0	0.24238549948726146
chr1	-64	193	76290.0	0.25298204220736664
chr1	-63	234	77524.0	0.3018420102161911
chr1	-62	226	78701.0	0.28716280606345534
chr1	-61	203	79928.0	0.25397858072265034
chr1	-60	279	81134.0	0.343875563881973
chr1	-59	229	82275.0	0.2783348526283804
chr1	-58	264	83476.0	0.3162585653361445
chr1	-57	182	84724.0	0.2148151645342524
chr1	-56	277	85923.0	0.32238166730677464
chr1	-55	201	87049.0	0.23090443313536052
chr1	-54	256	88274.0	0.29000611731653714
chr1	-53	237	89503.0	0.2647955934437952
chr1	-52	223	90727.0	0.2457923220210081
chr1	-51	227	91900.0	0.2470076169749728
chr1	-50	208	92988.0	0.22368477653030497
chr1	-49	187	94257.0	0.19839375324909558
chr1	-48	261	95399.0	0.27358777345674484
chr1	-47	286	96564.0	0.2961766289714593
chr1	-46	300	97762.0	0.3068676991059921
chr1	-45	317	98904.0	0.3205128205128205
chr1	-44	242	100025.0	0.2419395151212197
chr1	-43	350	101216.0	0.34579513120455263
chr1	-42	321	102392.0	0.3135010547699039
chr1	-41	354	103574.0	0.3417846177612142
chr1	-40	351	104801.0	0.33492046831614203
chr1	-39	285	106015.0	0.26882988256378815
chr1	-38	322	107243.0	0.30025269714573444
chr1	-37	312	108499.0	0.2875602540115577
chr1	-36	414	109727.0	0.3773000264292289
chr1	-35	369	110914.0	0.3326901924013199
chr1	-34	397	112174.0	0.3539144543298804
chr1	-33	363	113421.0	0.3200465522257783
chr1	-32	399	114581.0	0.3482252729510128
chr1	-31	381	115751.0	0.3291548237164258
chr1	-30	371	116982.0	0.3171428082952933
chr1	-29	376	118168.0	0.3181910500304651
chr1	-28	345	119376.0	0.2890028146361078
chr1	-27	322	120546.0	0.26711794667595773
chr1	-26	328	121663.0	0.2695971659419873
chr1	-25	384	122779.0	0.31275706757670285
chr1	-24	404	123926.0	0.32600100059713055
chr1	-23	402	125021.0	0.3215459802753137
chr1	-22	444	126177.0	0.3518866354406905
chr1	-21	346	127357.0	0.27167725370415446
chr1	-20	449	128459.0	0.3495278649218817
chr1	-19	403	129537.0	0.3111080231902854
chr1	-18	418	130675.0	0.3198775588291563
chr1	-17	434	131760.0	0.3293867638129933
chr1	-16	409	132856.0	0.30785211055578976
chr1	-15	364	133970.0	0.2717026199895499
chr1	-14	462	135079.0	0.34202207597035805
chr1	-13	526	136060.0	0.38659414963986477
chr1	-12	573	137123.0	0.4178730045287808
chr1	-11	542	138113.0	0.392432283709716
chr1	-10	600	139189.0	0.43106854708346204
chr1	-9	573	139198.0	0.41164384545754973
chr1	-8	666	139188.0	0.4784895249590482
chr1	-7	598	139195.0	0.42961313265562695
chr1	-6	618	139171.0	0.4440580293308232
chr1	-5	761	139098.0	0.5470962918230312
chr1	-4	805	138933.0	0.5794159774855506
chr1	-3	833	138729.0	0.6004512394668743
chr1	-2	1148	138518.0	0.8287731558353427
chr1	-1	2143	138072.0	1.5520887652818818
chr1	0	9783	130237.0	7.511690226279782
chr1	1	1902	129286.0	1.4711569698188514
chr1	2	2123	128127.0	1.6569497451747093
chr1	3	2524	126969.0	1.987886807015886
chr1	4	2141	125817.0	1.7016778336790737
chr1	5	2386	124837.0	1.9112923251920506
chr1	6	2703	123634.0	2.186291796754938
chr1	7	1893	122402.0	1.5465433571346874
chr1	8	1966	121299.0	1.620788299985985
chr1	9	1707	120165.0	1.420546748221196
chr1	10	2041	119051.0	1.7143913112867595
chr1	11	2099	117859.0	1.780941633646985
chr1	12	1962	116621.0	1.6823728145016763
chr1	13	1809	115477.0	1.5665457190609386
chr1	14	1676	114351.0	1.4656627401596838
chr1	15	1634	113210.0	1.443335394399788
chr1	16	1715	112016.0	1.5310312812455362
chr1	17	1565	110828.0	1.4120980257696611
chr1	18	1522	109692.0	1.3875214236225066
chr1	19	1412	108489.0	1.3015144392519056
chr1	20	1530	107369.0	1.4249923162179028
chr1	21	1563	106217.0	1.4715158590432793
chr1	22	1494	105109.0	1.4213816133727843
chr1	23	1511	103912.0	1.4541150204018785
chr1	24	1390	102810.0	1.35200855947865
chr1	25	1159	101696.0	1.1396711768407803
chr1	26	1170	100547.0	1.1636349170039881
chr1	27	1225	99389.0	1.232530762961696
chr1	28	1325	98304.0	1.3478597005208335
chr1	29	1471	97236.0	1.5128141840470608
chr1	30	1258	96117.0	1.3088215404142867
chr1	31	1224	95021.0	1.2881363067111482
chr1	32	1272	93866.0	1.355123260818614
chr1	33	1229	92737.0	1.3252531352103258
chr1	34	1289	91618.0	1.4069287694557837
chr1	35	1142	90471.0	1.2622829414950647
chr1	36	1133	89352.0	1.2680186229743038
chr1	37	1295	88175.0	1.46867025800964
chr1	38	1190	87019.0	1.3675174387202793
chr1	39	1228	85860.0	1.430235266713254
chr1	40	1223	84654.0	1.444704325844024
chr1	41	1114	83553.0	1.3332854595286823
chr1	42	993	82372.0	1.2055067255863643
chr1	43	1073	81283.0	1.3200792293591526
chr1	44	1032	80136.0	1.287810721772986
chr1	45	1119	78949.0	1.4173707076720414
chr1	46	1028	77771.0	1.3218294737112806
chr1	47	919	76631.0	1.199253565789302
chr1	48	979	75465.0	1.2972901344994368
chr1	49	948	74352.0	1.2750161394448032
chr1	50	1031	73177.0	1.4089126364841413
chr1	51	878	72045.0	1.2186827677146228
chr1	52	846	70929.0	1.1927420378124605
chr1	53	932	69800.0	1.335243553008596
chr1	54	805	68677.0	1.172153705024972
chr1	55	924	67548.0	1.3679161485166105
chr1	56	931	66388.0	1.4023618726275833
chr1	57	987	65285.0	1.511832733399709
chr1	58	778	64167.0	1.2124612339676157
chr1	59	803	63132.0	1.271938161312805
chr1	60	714	61997.0	1.151668629127216
chr1	61	798	60819.0	1.3120899718837862
chr1	62	857	59705.0	1.4353906707980906
chr1	63	759	58629.0	1.2945811799621347
chr1	64	813	57485.0	1.4142819866052014
chr1	65	685	56288.0	1.2169556566230815
chr1	66	660	55143.0	1.196888090963495
chr1	67	674	54076.0	1.2463939640505954
chr1	68	736	52961.0	1.3897018560827779
chr1	69	672	51849.0	1.2960712839206157
chr1	70	707	50705.0	1.394339808697367
chr1	71	689	49563.0	1.3901499102152814
chr1	72	612	48464.0	1.2627930009904258
chr1	73	609	47416.0	1.284376581744559
chr1	74	554	46279.0	1.1970872317897967
chr1	75	596	45183.0	1.3190801850253413
chr1	76	561	44106.0	1.271935791048837
chr1	77	549	42991.0	1.277011467516457
chr1	78	537	41877.0	1.282326814241708
chr1	79	531	40778.0	1.3021727402030507
chr1	80	469	39776.0	1.1791029766693484
chr1	81	493	38673.0	1.274791197993432
chr1	82	457	37606.0	1.2152316119768123
chr1	83	371	36525.0	1.0157426420260096
chr1	84	445	35464.0	1.2547935935032708
chr1	85	454	34319.0	1.3228823683673767
chr1	86	409	33225.0	1.2310007524454478
chr1	87	380	32087.0	1.1842802381026585
chr1	88	384	30979.0	1.239549372155331
chr1	89	413	29804.0	1.3857200375788485
chr1	90	347	28662.0	1.2106622008233898
chr1	91	311	27475.0	1.1319381255686989
chr1	92	337	26340.0	1.2794229309035687
chr1	93	327	25269.0	1.2940757449839726
chr1	94	302	24071.0	1.2546217440073117
chr1	95	268	22957.0	1.1673999215925426
chr1	96	289	21871.0	1.3213844817338027
chr1	97	264	20796.0	1.269474899019042
chr1	98	263	19643.0	1.3388993534592477
chr1	99	245	18553.0	1.3205411523742792
chr1	100	223	17442.0	1.2785231051484922
chr1	101	183	16338.0	1.1200881380829968
chr1	102	193	15253.0	1.265324854127057
chr1	103	163	14182.0	1.1493442391764208
chr1	104	150	13081.0	1.1467013225288587
chr1	105	123	12013.0	1.023890784982935
chr1	106	148	10966.0	1.3496261170891848
chr1	107	101	9838.0	1.0266314291522667
chr1	108	95	8844.0	1.074174581637268
chr1	109	82	7776.0	1.0545267489711936
chr1	110	88	6810.0	1.2922173274596183
chr1	111	74	5794.0	1.277183293061788
chr1	112	54	4762.0	1.133977320453591
chr1	113	30	3777.0	0.7942811755361397
chr1	114	30	2907.0	1.0319917440660475
chr1	115	19	2039.0	0.9318293281020108
chr1	116	9	1252.0	0.7188498402555911
chr1	117	7	535.0	1.3084112149532712
chr1	118	0	0.0	nan
chr1	119	0	0.0	nan
chr1	120	0	0.0	nan
chr1	121	0	0.0	nan
chr1	122	0	0.0	nan
chr1	123	0	0.0	nan
chr1	124	0	0.0	nan
chr1	125	0	0.0	nan
chr1	126	0	0.0	nan
chr1	127	0	0.0	nan
chr1	128	0	0.0	nan
chr1	129	0	0.0	nan
chr1	130	0	0.0	nan
chr1	131	0	0.0	nan
chr1	132	0	0.0	nan
chr1	133	0	0.0	nan
chr1	134	0	0.0	nan
chr1	135	0	0.0	nan
chr1	136	0	0.0	nan
chr1	137	0	0.0	nan
chr1	138	0	0.0	nan
chr1	139	0	0.0	nan
chr1	140	0	0.0	nan
chr1	141	0	0.0	nan
chr1	142	0	0.0	nan
chr1	143	0	0.0	nan
chr1	144	0	0.0	nan
chr1	145	0	0.0	nan
chr1	146	0	0.0	nan
chr1	147	0	0.0	nan
chr1	148	0	0.0	nan
chr1	149	0	0.0	nan
chr1	150	0	0.0	nan
chr1	151	0	0.0	nan
chr1	152	0	0.0	nan
chr1	153	0	0.0	nan
chr1	154	0	0.0	nan
chr1	155	0	0.0	nan
chr1	156	0	0.0	nan
chr1	157	0	0.0	nan
chr1	158	0	0.0	nan
chr1	159	0	0.0	nan
chr1	160	0	0.0	nan
chr1	161	0	0.0	nan
chr1	162	0	0.0	nan
chr1	163	0	0.0	nan
chr1	164	0	0.0	nan
chr1	165	0	0.0	nan
chr2	-152	0	0.0	nan
chr2	-151	0	0.0	nan
chr2	-150	0	0.0	nan
chr2	-149	0	0.0	nan
chr2	-148	0	0.0	nan
chr2	-147	0	0.0	nan
chr2	-146	0	0.0	nan
chr2	-145	0	0.0	nan
chr2	-144	0	0.0	nan
chr2	-143	0	0.0	nan
chr2	-142	0	0.0	nan
chr2	-141	0	0.0	nan
chr2	-140	0	0.0	nan
chr2	-139	0	2.0	0.0
chr2	-138	0	2.0	0.0
chr2	-137	0	3.0	0.0
chr2	-136	0	3.0	0.0
chr2	-135	0	3.0	0.0
chr2	-134	0	3.0	0.0
chr2	-133	0	3.0	0.0
chr2	-132	0	3.0	0.0
chr2	-131	0	7.0	0.0
chr2	-130	0	14.0	0.0
chr2	-129	0	157.0	0.0
chr2	-128	0	353.0	0.0
chr2	-127	4	566.0	0.7067137809187279
chr2	-126	0	801.0	0.0
chr2	-125	1	1078.0	0.0927643784786642
chr2	-124	3	1365.0	0.21978021978021978
chr2	-123	3	1648.0	0.1820388349514563
chr2	-122	5	1931.0	0.25893319523562924
chr2	-121	1	2223.0	0.0449842555105713
chr2	-120	2	2526.0	0.0791765637371338
chr2	-119	14	2797.0	0.5005362888809438
chr2	-118	15	3093.0	0.4849660523763337
chr2	-117	8	3411.0	0.23453532688361184
chr2	-116	5	3697.0	0.1352447930754666
chr2	-115	7	4059.0	0.17245627001724562
chr2	-114	8	4355.0	0.18369690011481057
chr2	-113	9	4648.0	0.193631669535284
chr2	-112	9	4932.0	0.18248175182481752
chr2	-111	18	5240.0	0.3435114503816794
chr2	-110	16	5545.0	0.2885482416591524
chr2	-109	6	5856.0	0.10245901639344263
chr2	-108	11	6136.0	0.17926988265971316
chr2	-107	21	6445.0	0.32583397982932505
chr2	-106	21	6759.0	0.3106968486462494
chr2	-105	11	7033.0	0.15640551684913975
chr2	-104	15	7318.0	0.2049740366220279
chr2	-103	15	7639.0	0.19636078020683337
chr2	-102	15	7934.0	0.1890597428787497
chr2	-101	14	8241.0	0.16988229583788375
chr2	-100	18	8586.0	0.20964360587002098
chr2	-99	15	8917.0	0.168218010541662
chr2	-98	57	9238.0	0.6170166702749512
chr2	-97	23	9554.0	0.24073686414067408
chr2	-96	25	9879.0	0.25306205081485983
chr2	-95	22	10175.0	0.21621621621621623
chr2	-94	25	10486.0	0.2384131222582491
chr2	-93	37	10784.0	0.3431008902077151
chr2	-92	18	11111.0	0.16200162001620017
chr2	-91	29	11428.0	0.2537626881344067
chr2	-90	61	11745.0	0.519369944657301
chr2	-89	23	12087.0	0.19028708529825433
chr2	-88	17	12393.0	0.1371742112482853
chr2	-87	26	12723.0	0.20435431894993322
chr2	-86	23	13007.0	0.17682786192050434
chr2	-85	24	13318.0	0.18020723832407268
chr2	-84	38	13646.0	0.2784698812838927
chr2	-83	46	13951.0	0.329725467708408
chr2	-82	33	14286.0	0.23099538009239817
chr2	-81	49	14589.0	0.3358694907121804
chr2	-80	50	14888.0	0.3358409457281032
chr2	-79	37	15206.0	0.24332500328817572
chr2	-78	36	15536.0	0.23171987641606592
chr2	-77	55	15846.0	0.3470907484538685
chr2	-76	40	16182.0	0.2471882338400692
chr2	-75	51	16485.0	0.3093721565059145
chr2	-74	38	16802.0	0.22616355195810026
chr2	-73	41	17111.0	0.23961194553211385
chr2	-72	39	17438.0	0.22364950108957452
chr2	-71	50	17730.0	0.2820078962210942
chr2	-70	40	18058.0	0.22150847269908075
chr2	-69	63	18371.0	0.3429317946763921
chr2	-68	35	18682.0	0.18734610855368805
chr2	-67	57	18977.0	0.3003635980397323
chr2	-66	85	19255.0	0.4414437808361465
chr2	-65	55	19521.0	0.2817478612775985
chr2	-64	49	19823.0	0.24718761035161177
chr2	-63	47	20157.0	0.23316961849481568
chr2	-62	38	20484.0	0.18551064245264595
chr2	-61	47	20796.0	0.2260050009617234
chr2	-60	74	21080.0	0.35104364326375714
chr2	-59	62	21393.0	0.28981442527929696
chr2	-58	61	21692.0	0.28120966254840496
chr2	-57	59	22002.0	0.26815744023270616
chr2	-56	69	22296.0	0.3094725511302476
chr2	-55	40	22612.0	0.1768972227136034
chr2	-54	33	22951.0	0.1437845845496928
chr2	-53	52	23230.0	0.2238484718037021
chr2	-52	60	23547.0	0.25480952987641736
chr2	-51	56	23842.0	0.23487962419260128
chr2	-50	63	24158.0	0.26078317741534895
chr2	-49	76	24458.0	0.31073677324392834
chr2	-48	93	24760.0	0.37560581583198704
chr2	-47	94	25093.0	0.3746064639540908
chr2	-46	87	25392.0	0.34262759924385633
chr2	-45	74	25717.0	0.2877474044406424
chr2	-44	76	26016.0	0.2921279212792128
chr2	-43	56	26307.0	0.2128710989470483
chr2	-42	83	26625.0	0.3117370892018779
chr2	-41	69	26955.0	0.25598219254312743
chr2	-40	112	27270.0	0.4107077374404107
chr2	-39	90	27614.0	0.3259216339537916
chr2	-38	99	27914.0	0.3546607437128323
chr2	-37	67	28233.0	0.23731094818120638
chr2	-36	70	28514.0	0.2454934418180543
chr2	-35	111	28823.0	0.38510911424903727
chr2	-34	46	29148.0	0.1578152874982846
chr2	-33	118	29472.0	0.4003800217155266
chr2	-32	52	29781.0	0.17460797152546925
chr2	-31	99	30097.0	0.32893643884772567
chr2	-30	107	30421.0	0.3517307123368726
chr2	-29	75	30730.0	0.24406117800195248
chr2	-28	136	31023.0	0.43838442445927217
chr2	-27	53	31290.0	0.1693831895174177
chr2	-26	97	31563.0	0.30732186420809177
chr2	-25	110	31839.0	0.34548823769590753
chr2	-24	116	32134.0	0.3609883612373187
chr2	-23	136	32433.0	0.41932599512841856
chr2	-22	112	32736.0	0.3421309872922776
chr2	-21	116	33040.0	0.35108958837772397
chr2	-20	97	33328.0	0.29104656745079216
chr2	-19	125	33591.0	0.3721234854574142
chr2	-18	183	33879.0	0.5401576197644559
chr2	-17	118	34170.0	0.3453321627158326
chr2	-16	81	34452.0	0.23510971786833856
chr2	-15	72	34748.0	0.2072061701392886
chr2	-14	172	35001.0	0.49141453101339966
chr2	-13	124	35253.0	0.35174311406121467
chr2	-12	58	35544.0	0.16317803286067972
chr2	-11	109	35809.0	0.3043927504258706
chr2	-10	169	36078.0	0.4684295138311437
chr2	-9	128	36077.0	0.35479668486847576
chr2	-8	153	36079.0	0.4240694032539704
chr2	-7	176	36075.0	0.4878724878724878
chr2	-6	150	36077.0	0.415777365080245
chr2	-5	285	36076.0	0.7899988912296263
chr2	-4	198	35998.0	0.5500305572531807
chr2	-3	225	35955.0	0.6257822277847309
chr2	-2	259	35874.0	0.7219713441489658
chr2	-1	686	35819.0	1.915184678522572
chr2	0	2586	33736.0	7.665401944510315
chr2	1	454	33439.0	1.357696103352373
chr2	2	614	33203.0	1.8492304912206727
chr2	3	613	32907.0	1.8628255386391952
chr2	4	614	32633.0	1.8815309655869825
chr2	5	662	32328.0	2.0477604553328383
chr2	6	658	32025.0	2.0546448087431695
chr2	7	512	31726.0	1.6138183193595157
chr2	8	540	31421.0	1.7185958435441264
chr2	9	495	31150.0	1.5890850722311396
chr2	10	493	30822.0	1.5995068457595223
chr2	11	455	30485.0	1.4925373134328357
chr2	12	526	30201.0	1.7416641833051885
chr2	13	543	29891.0	1.816600314475929
chr2	14	427	29589.0	1.4431038561627632
chr2	15	358	29292.0	1.2221767035368019
chr2	16	487	28992.0	1.6797737306843266
chr2	17	468	28712.0	1.6299804959598774
chr2	18	386	28422.0	1.358102878052213
chr2	19	436	28119.0	1.5505530068636866
chr2	20	418	27821.0	1.5024621688652458
chr2	21	378	27521.0	1.3734966025943824
chr2	22	468	27220.0	1.7193240264511387
chr2	23	369	26920.0	1.3707280832095097
chr2	24	398	26632.0	1.4944427756082908
chr2	25	341	26343.0	1.2944615267813082
chr2	26	294	26065.0	1.1279493573757913
chr2	27	388	25769.0	1.5056851255384376
chr2	28	347	25478.0	1.361959337467619
chr2	29	380	25162.0	1.5102138144821557
chr2	30	295	24839.0	1.187648456057007
chr2	31	274	24554.0	1.1159077950639407
chr2	32	367	24243.0	1.5138390463226499
chr2	33	305	23984.0	1.2716811207471648
chr2	34	345	23660.0	1.4581572273879966
chr2	35	310	23359.0	1.327111605805043
chr2	36	325	23042.0	1.4104678413332177
chr2	37	368	22735.0	1.6186496591159005
chr2	38	327	22431.0	1.4578039320583123
chr2	39	383	22136.0	1.7302132273220094
chr2	40	323	21849.0	1.4783285276214013
chr2	41	292	21545.0	1.3553028544906012
chr2	42	284	21253.0	1.3362819366677647
chr2	43	273	20946.0	1.3033514752219995
chr2	44	298	20627.0	1.4447083919135115
chr2	45	318	20307.0	1.5659624759934998
chr2	46	243	20012.0	1.2142714371377175
chr2	47	319	19719.0	1.6177290937674325
chr2	48	244	19429.0	1.2558546502650676
chr2	49	294	19136.0	1.536371237458194
chr2	50	295	18830.0	1.5666489644184811
chr2	51	222	18533.0	1.1978632709221388
chr2	52	235	18216.0	1.290074659639877
chr2	53	227	17946.0	1.264905828596902
chr2	54	251	17666.0	1.4208083323899015
chr2	55	207	17371.0	1.1916412411490416
chr2	56	242	17078.0	1.4170277550064412
chr2	57	250	16810.0	1.48720999405116
chr2	58	246	16488.0	1.4919941775836971
chr2	59	230	16164.0	1.422915120019797
chr2	60	181	15895.0	1.138722868826675
chr2	61	204	15624.0	1.30568356374808
chr2	62	218	15344.0	1.4207507820646508
chr2	63	178	15087.0	1.1798236892689071
chr2	64	200	14811.0	1.3503477145364933
chr2	65	225	14517.0	1.5499070055796653
chr2	66	176	14229.0	1.2369105348232483
chr2	67	189	13963.0	1.3535773114660172
chr2	68	203	13706.0	1.481103166496425
chr2	69	162	13439.0	1.2054468338418036
chr2	70	153	13150.0	1.1634980988593158
chr2	71	165	12844.0	1.2846465275615073
chr2	72	155	12561.0	1.2339781864501234
chr2	73	162	12251.0	1.3223410333850298
chr2	74	128	11957.0	1.070502634440077
chr2	75	145	11679.0	1.241544652795616
chr2	76	175	11388.0	1.5367053038285914
chr2	77	131	11104.0	1.1797550432276658
chr2	78	148	10799.0	1.37049726826558
chr2	79	133	10551.0	1.260544024263103
chr2	80	130	10278.0	1.2648375170266588
chr2	81	148	9964.0	1.4853472501003613
chr2	82	121	9683.0	1.2496127233295466
chr2	83	139	9391.0	1.4801405601107442
chr2	84	116	9081.0	1.2773923576698603
chr2	85	97	8789.0	1.1036522926385255
chr2	86	92	8499.0	1.0824802917990353
chr2	87	68	8192.0	0.830078125
chr2	88	97	7879.0	1.2311207005965223
chr2	89	117	7597.0	1.5400816111623008
chr2	90	62	7321.0	0.846878841688294
chr2	91	89	7026.0	1.2667235980643323
chr2	92	85	6753.0	1.258699837109433
chr2	93	99	6465.0	1.531322505800464
chr2	94	61	6169.0	0.9888150429567191
chr2	95	57	5876.0	0.9700476514635807
chr2	96	75	5583.0	1.3433637829124128
chr2	97	77	5288.0	1.4561270801815431
chr2	98	50	4972.0	1.005631536604988
chr2	99	60	4694.0	1.278227524499361
chr2	100	48	4430.0	1.0835214446952595
chr2	101	57	4158.0	1.3708513708513708
chr2	102	30	3887.0	0.7718034473887316
chr2	103	48	3600.0	1.3333333333333335
chr2	104	35	3319.0	1.0545344983428744
chr2	105	34	3038.0	1.119157340355497
chr2	106	34	2777.0	1.2243428159884768
chr2	107	35	2505.0	1.3972055888223553
chr2	108	23	2228.0	1.0323159784560145
chr2	109	17	1970.0	0.8629441624365483
chr2	110	22	1721.0	1.2783265543288787
chr2	111	20	1463.0	1.367053998632946
chr2	112	7	1204.0	0.5813953488372093
chr2	113	5	974.0	0.5133470225872689
chr2	114	10	744.0	1.3440860215053763
chr2	115	3	517.0	0.5802707930367506
chr2	116	1	313.0	0.3194888178913738
chr2	117	0	119.0	0.0
chr2	118	0	0.0	nan
chr2	119	0	0.0	nan
chr2	120	0	0.0	nan
chr2	121	0	0.0	nan
chr2	122	0	0.0	nan
chr2	123	0	0.0	nan
chr2	124	0	0.0	nan
chr2	125	0	0.0	nan
chr2	126	0	0.0	nan
chr2	127	0	0.0	nan
chr2	128	0	0.0	nan
chr2	129	0	0.0	nan
chr2	130	0	0.0	nan
chr2	131	0	0.0	nan
chr2	132	0	0.0	nan
chr2	133	0	0.0	nan
chr2	134	0	0.0	nan
chr2	135	0	0.0	nan
chr2	136	0	0.0	nan
chr2	137	0	0.0	nan
chr2	138	0	0.0	nan
chr2	139	0	0.0	nan
chr2	140	0	0.0	nan
chr2	141	0	0.0	nan
chr12	-150	0	0.0	nan
chr12	-149	0	0.0	nan
chr12	-148	0	0.0	nan
chr12	-147	0	0.0	nan
chr12	-146	0	0.0	nan
chr12	-145	0	0.0	nan
chr12	-144	0	0.0	nan
chr12	-143	0	0.0	nan
chr12	-142	0	0.0	nan
chr12	-141	0	0.0	nan
chr12	-140	0	0.0	nan
chr12	-139	0	1.0	0.0
chr12	-138	0	1.0	0.0
chr12	-137	0	1.0	0.0
chr12	-136	0	1.0	0.0
chr12	-135	0	1.0	0.0
chr12	-134	0	1.0	0.0
chr12	-133	0	1.0	0.0
chr12	-132	0	1.0	0.0
chr12	-131	0	1.0	0.0
chr12	-130	0	3.0	0.0
chr12	-129	0	78.0	0.0
chr12	-128	0	192.0	0.0
chr12	-127	0	311.0	0.0
chr12	-126	1	461.0	0.21691973969631237
chr12	-125	1	612.0	0.16339869281045752
chr12	-124	0	764.0	0.0
chr12	-123	1	900.0	0.1111111111111111
chr12	-122	4	1059.0	0.3777148253068933
chr12	-121	1	1206.0	0.08291873963515754
chr12	-120	2	1372.0	0.1457725947521866
chr12	-119	5	1535.0	0.32573289902280134
chr12	-118	0	1693.0	0.0
chr12	-117	1	1833.0	0.05455537370430987
chr12	-116	1	1992.0	0.0502008032128514
chr12	-115	4	2154.0	0.18570102135561745
chr12	-114	5	2292.0	0.2181500872600349
chr12	-113	5	2452.0	0.20391517128874387
chr12	-112	6	2577.0	0.23282887077997672
chr12	-111	6	2749.0	0.21826118588577662
chr12	-110	2	2885.0	0.06932409012131716
chr12	-109	8	3028.0	0.26420079260237783
chr12	-108	3	3182.0	0.09428032683846638
chr12	-107	10	3330.0	0.3003003003003003
chr12	-106	11	3480.0	0.3160919540229885
chr12	-105	14	3626.0	0.3861003861003861
chr12	-104	11	3773.0	0.2915451895043732
chr12	-103	16	3945.0	0.4055766793409379
chr12	-102	1	4114.0	0.024307243558580455
chr12	-101	5	4268.0	0.11715089034676662
chr12	-100	9	4418.0	0.2037120869171571
chr12	-99	7	4555.0	0.15367727771679474
chr12	-98	5	4722.0	0.10588733587462938
chr12	-97	6	4886.0	0.12279983626688497
chr12	-96	10	5056.0	0.19778481012658228
chr12	-95	9	5220.0	0.1724137931034483
chr12	-94	16	5372.0	0.29784065524944153
chr12	-93	17	5526.0	0.3076366268548679
chr12	-92	13	5694.0	0.228310502283105
chr12	-91	13	5867.0	0.2215783194136697
chr12	-90	13	6034.0	0.2154458070931389
chr12	-89	14	6169.0	0.22694115739990273
chr12	-88	5	6345.0	0.07880220646178093
chr12	-87	17	6496.0	0.26169950738916253
chr12	-86	32	6643.0	0.4817100707511667
chr12	-85	17	6790.0	0.2503681885125184
chr12	-84	20	6944.0	0.28801843317972353
chr12	-83	26	7111.0	0.3656307129798903
chr12	-82	15	7263.0	0.20652622883106153
chr12	-81	35	7449.0	0.469861726406229
chr12	-80	28	7603.0	0.3682756806523741
chr12	-79	12	7758.0	0.15467904098994587
chr12	-78	23	7944.0	0.2895266868076536
chr12	-77	29	8093.0	0.3583343630297788
chr12	-76	17	8251.0	0.20603563204460068
chr12	-75	16	8418.0	0.19006889997624138
chr12	-74	17	8571.0	0.19834325049585813
chr12	-73	25	8744.0	0.2859103385178408
chr12	-72	18	8895.0	0.2023608768971332
chr12	-71	14	9055.0	0.15461071231363888
chr12	-70	35	9236.0	0.37895192724122995
chr12	-69	11	9405.0	0.11695906432748539
chr12	-68	20	9572.0	0.20894274968658588
chr12	-67	25	9726.0	0.2570429775858524
chr12	-66	23	9892.0	0.2325111200970481
chr12	-65	26	10050.0	0.25870646766169153
chr12	-64	20	10175.0	0.19656019656019655
chr12	-63	14	10341.0	0.13538342520065758
chr12	-62	25	10515.0	0.23775558725630053
chr12	-61	20	10663.0	0.18756447528838038
chr12	-60	9	10860.0	0.08287292817679558
chr12	-59	42	11023.0	0.3810215004989567
chr12	-58	17	11193.0	0.15188063968551774
chr12	-57	21	11372.0	0.1846640872317974
chr12	-56	23	11540.0	0.19930675909878684
chr12	-55	18	11689.0	0.15399093164513647
chr12	-54	47	11890.0	0.3952901597981497
chr12	-53	42	12047.0	0.3486345148169669
chr12	-52	44	12209.0	0.360389876320747
chr12	-51	45	12369.0	0.36381275770070337
chr12	-50	33	12530.0	0.2633679169992019
chr12	-49	32	12685.0	0.25226645644461965
chr12	-48	36	12835.0	0.28048305414881186
chr12	-47	41	13013.0	0.3150695458387766
chr12	-46	47	13164.0	0.35703433606806445
chr12	-45	44	13328.0	0.33013205282112845
chr12	-44	37	13507.0	0.2739320352409862
chr12	-43	26	13670.0	0.19019751280175565
chr12	-42	34	13821.0	0.24600246002460024
chr12	-41	45	13974.0	0.32202662086732503
chr12	-40	28	14129.0	0.19817396843371787
chr12	-39	32	14292.0	0.22390148334732718
chr12	-38	13	14467.0	0.08985968065251952
chr12	-37	26	14613.0	0.17792376650927255
chr12	-36	42	14771.0	0.2843409383250965
chr12	-35	21	14949.0	0.14047762392133253
chr12	-34	49	15135.0	0.32375289065080937
chr12	-33	37	15298.0	0.24186168126552493
chr12	-32	30	15435.0	0.1943634596695821
chr12	-31	25	15579.0	0.1604724308363823
chr12	-30	21	15732.0	0.13348588863463007
chr12	-29	54	15898.0	0.33966536671279407
chr12	-28	78	16050.0	0.48598130841121495
chr12	-27	38	16215.0	0.23435090965155722
chr12	-26	30	16362.0	0.18335166850018336
chr12	-25	65	16516.0	0.393557762170017
chr12	-24	88	16659.0	0.5282429917762171
chr12	-23	70	16816.0	0.4162702188392008
chr12	-22	48	16984.0	0.2826189354686764
chr12	-21	44	17131.0	0.2568443173194793
chr12	-20	63	17274.0	0.3647099687391455
chr12	-19	84	17445.0	0.4815133276010318
chr12	-18	55	17570.0	0.3130335799658509
chr12	-17	53	17721.0	0.2990801873483438
chr12	-16	49	17879.0	0.27406454499692373
chr12	-15	78	18030.0	0.4326123128119801
chr12	-14	85	18185.0	0.4674182018146824
chr12	-13	50	18325.0	0.2728512960436562
chr12	-12	64	18477.0	0.3463765762840288
chr12	-11	55	18625.0	0.29530201342281875
chr12	-10	65	18754.0	0.34659272688493126
chr12	-9	65	18753.0	0.346611208873247
chr12	-8	96	18755.0	0.5118635030658492
chr12	-7	63	18755.0	0.3359104238869635
chr12	-6	94	18755.0	0.5011996800853106
chr12	-5	95	18755.0	0.5065315915755798
chr12	-4	104	18733.0	0.5551700208188758
chr12	-3	144	18712.0	0.7695596408721677
chr12	-2	158	18687.0	0.8455075721089528
chr12	-1	284	18650.0	1.5227882037533513
chr12	0	1405	17676.0	7.948630911971034
chr12	1	280	17517.0	1.5984472226979505
chr12	2	383	17346.0	2.208001844805719
chr12	3	374	17199.0	2.174545031687889
chr12	4	298	17029.0	1.7499559574842913
chr12	5	400	16880.0	2.3696682464454977
chr12	6	416	16724.0	2.4874431954077973
chr12	7	207	16554.0	1.2504530627038781
chr12	8	236	16399.0	1.4391121409842063
chr12	9	286	16223.0	1.7629291746286135
chr12	10	250	16078.0	1.554919766140067
chr12	11	246	15914.0	1.5458087218801055
chr12	12	345	15773.0	2.187282064287073
chr12	13	239	15636.0	1.5285239191609108
chr12	14	297	15470.0	1.9198448610213317
chr12	15	221	15313.0	1.4432181806308366
chr12	16	202	15171.0	1.3314877068090436
chr12	17	241	15029.0	1.6035664382194423
chr12	18	269	14884.0	1.8073098629400697
chr12	19	218	14713.0	1.4816828654931014
chr12	20	225	14559.0	1.5454358128992376
chr12	21	193	14395.0	1.340743313650573
chr12	22	243	14257.0	1.7044258960510625
chr12	23	235	14095.0	1.6672578928698119
chr12	24	214	13945.0	1.5346002151308713
chr12	25	165	13790.0	1.1965192168237855
chr12	26	151	13623.0	1.108419584526169
chr12	27	209	13475.0	1.5510204081632653
chr12	28	209	13344.0	1.5662470023980815
chr12	29	236	13220.0	1.7851739788199699
chr12	30	179	13081.0	1.3683969115511045
chr12	31	132	12904.0	1.022938623682579
chr12	32	155	12741.0	1.2165450121654502
chr12	33	195	12583.0	1.5497099260907574
chr12	34	172	12433.0	1.3834151049625996
chr12	35	168	12266.0	1.3696396543290397
chr12	36	140	12140.0	1.1532125205930808
chr12	37	139	11988.0	1.1594928261594928
chr12	38	142	11829.0	1.2004395975991207
chr12	39	154	11684.0	1.3180417665183157
chr12	40	198	11521.0	1.7186008159013975
chr12	41	165	11375.0	1.4505494505494507
chr12	42	151	11242.0	1.3431773705746308
chr12	43	155	11084.0	1.398412125586431
chr12	44	136	10916.0	1.245877610846464
chr12	45	183	10778.0	1.6979031360178138
chr12	46	129	10620.0	1.2146892655367232
chr12	47	165	10449.0	1.5790984783232844
chr12	48	119	10305.0	1.1547792333818534
chr12	49	169	10143.0	1.6661737158631569
chr12	50	133	9991.0	1.3311980782704433
chr12	51	140	9833.0	1.4237770771890572
chr12	52	120	9674.0	1.2404382881951623
chr12	53	157	9539.0	1.6458748296467134
chr12	54	114	9389.0	1.2141868143572265
chr12	55	77	9246.0	0.8327925589444084
chr12	56	106	9097.0	1.165219303066945
chr12	57	135	8938.0	1.5104050123070039
chr12	58	113	8787.0	1.2859906680323205
chr12	59	102	8614.0	1.1841188762479684
chr12	60	99	8459.0	1.1703511053315996
chr12	61	109	8310.0	1.3116726835138388
chr12	62	101	8161.0	1.2375934321774293
chr12	63	105	8017.0	1.3097168516901583
chr12	64	119	7864.0	1.5132248219735502
chr12	65	119	7721.0	1.5412511332728922
chr12	66	107	7552.0	1.4168432203389831
chr12	67	101	7404.0	1.3641274986493788
chr12	68	92	7250.0	1.2689655172413792
chr12	69	89	7090.0	1.2552891396332861
chr12	70	93	6935.0	1.3410237923576063
chr12	71	92	6779.0	1.357132320401239
chr12	72	89	6625.0	1.3433962264150943
chr12	73	68	6451.0	1.0541001395132537
chr12	74	72	6307.0	1.1415887109560807
chr12	75	81	6184.0	1.3098318240620956
chr12	76	80	6026.0	1.3275804845668768
chr12	77	84	5872.0	1.430517711171662
chr12	78	56	5715.0	0.9798775153105862
chr12	79	72	5564.0	1.2940330697340043
chr12	80	61	5405.0	1.1285846438482885
chr12	81	65	5236.0	1.241405653170359
chr12	82	66	5097.0	1.2948793407886992
chr12	83	82	4945.0	1.6582406471183013
chr12	84	63	4785.0	1.316614420062696
chr12	85	73	4631.0	1.5763334053120275
chr12	86	53	4482.0	1.1825078090138332
chr12	87	36	4322.0	0.8329477093937991
chr12	88	49	4177.0	1.1730907349772564
chr12	89	74	4017.0	1.8421707742096092
chr12	90	61	3871.0	1.575820201498321
chr12	91	35	3720.0	0.9408602150537635
chr12	92	45	3575.0	1.2587412587412588
chr12	93	42	3398.0	1.2360211889346673
chr12	94	41	3238.0	1.266213712168005
chr12	95	30	3085.0	0.9724473257698543
chr12	96	31	2950.0	1.0508474576271187
chr12	97	39	2827.0	1.3795542978422357
chr12	98	32	2676.0	1.195814648729447
chr12	99	34	2525.0	1.3465346534653466
chr12	100	38	2386.0	1.5926236378876781
chr12	101	31	2261.0	1.3710747456877488
chr12	102	21	2124.0	0.9887005649717515
chr12	103	26	1971.0	1.3191273465246067
chr12	104	31	1855.0	1.6711590296495957
chr12	105	29	1698.0	1.707891637220259
chr12	106	27	1547.0	1.7453135100193924
chr12	107	22	1402.0	1.5691868758915835
chr12	108	12	1259.0	0.9531374106433679
chr12	109	7	1110.0	0.6306306306306306
chr12	110	10	966.0	1.0351966873706004
chr12	111	7	826.0	0.847457627118644
chr12	112	4	682.0	0.5865102639296188
chr12	113	5	546.0	0.9157509157509158
chr12	114	6	407.0	1.4742014742014742
chr12	115	2	277.0	0.7220216606498195
chr12	116	3	149.0	2.013422818791946
chr12	117	2	67.0	2.9850746268656714
chr12	118	0	0.0	nan
chr12	119	0	0.0	nan
chr12	120	0	0.0	nan
chr12	121	0	0.0	nan
chr12	122	0	0.0	nan
chr12	123	0	0.0	nan
chr12	124	0	0.0	nan
chr12	125	0	0.0	nan
chr12	126	0	0.0	nan
chr12	127	0	0.0	nan
chr12	128	0	0.0	nan
chr12	129	0	0.0	nan
chr12	130	0	0.0	nan
chr12	131	0	0.0	nan
chr12	132	0	0.0	nan
chr12	133	0	0.0	nan
chr12	134	0	0.0	nan
chr12	135	0	0.0	nan
chr12	136	0	0.0	nan
chr12	137	0	0.0	nan
chr12	138	0	0.0	nan
chr12	139	0	0.0	nan
chr12	140	0	0.0	nan
chr12	141	0	0.0	nan
chr12	142	0	0.0	nan
chr12	143	0	0.0	nan
chr13	-130	0	3.0	0.0
chr13	-129	0	36.0	0.0
chr13	-128	0	77.0	0.0
chr13	-127	0	126.0	0.0
chr13	-126	0	187.0	0.0
chr13	-125	0	244.0	0.0
chr13	-124	0	297.0	0.0
chr13	-123	1	361.0	0.2770083102493075
chr13	-122	0	426.0	0.0
chr13	-121	0	481.0	0.0
chr13	-120	3	541.0	0.5545286506469501
chr13	-119	1	607.0	0.16474464579901155
chr13	-118	0	682.0	0.0
chr13	-117	3	752.0	0.39893617021276595
chr13	-116	4	812.0	0.49261083743842365
chr13	-115	2	880.0	0.22727272727272727
chr13	-114	3	957.0	0.3134796238244514
chr13	-113	4	1038.0	0.3853564547206166
chr13	-112	3	1109.0	0.2705139765554554
chr13	-111	2	1187.0	0.16849199663016007
chr13	-110	2	1236.0	0.16181229773462785
chr13	-109	3	1296.0	0.23148148148148145
chr13	-108	2	1357.0	0.14738393515106854
chr13	-107	10	1426.0	0.7012622720897616
chr13	-106	3	1490.0	0.20134228187919465
chr13	-105	7	1552.0	0.4510309278350515
chr13	-104	1	1611.0	0.06207324643078833
chr13	-103	2	1671.0	0.11968880909634949
chr13	-102	14	1732.0	0.8083140877598153
chr13	-101	3	1796.0	0.16703786191536749
chr13	-100	6	1853.0	0.32379924446842956
chr13	-99	2	1916.0	0.10438413361169101
chr13	-98	13	1979.0	0.6568974229408793
chr13	-97	4	2047.0	0.19540791402051783
chr13	-96	2	2129.0	0.09394081728511039
chr13	-95	4	2188.0	0.18281535648994515
chr13	-94	3	2253.0	0.13315579227696406
chr13	-93	2	2328.0	0.0859106529209622
chr13	-92	5	2393.0	0.20894274968658588
chr13	-91	3	2473.0	0.1213101496158512
chr13	-90	4	2547.0	0.15704750687082844
chr13	-89	12	2627.0	0.4567948229920061
chr13	-88	5	2693.0	0.18566654288897141
chr13	-87	3	2765.0	0.108499095840868
chr13	-86	1	2829.0	0.03534817956875221
chr13	-85	4	2888.0	0.13850415512465375
chr13	-84	17	2969.0	0.5725833614011452
chr13	-83	7	3039.0	0.23033892727871008
chr13	-82	2	3109.0	0.0643293663557414
chr13	-81	3	3181.0	0.09430996541967936
chr13	-80	12	3244.0	0.36991368680641185
chr13	-79	11	3316.0	0.33172496984318456
chr13	-78	3	3371.0	0.08899436369029962
chr13	-77	6	3434.0	0.17472335468841002
chr13	-76	2	3509.0	0.05699629524080935
chr13	-75	7	3582.0	0.1954215522054718
chr13	-74	11	3648.0	0.3015350877192982
chr13	-73	7	3701.0	0.18913807079167794
chr13	-72	10	3763.0	0.26574541589157585
chr13	-71	1	3828.0	0.026123301985370953
chr13	-70	11	3896.0	0.28234086242299794
chr13	-69	4	3972.0	0.10070493454179255
chr13	-68	12	4023.0	0.2982848620432513
chr13	-67	7	4099.0	0.17077335935594046
chr13	-66	3	4174.0	0.07187350263536176
chr13	-65	5	4244.0	0.11781338360037699
chr13	-64	4	4318.0	0.09263547938860583
chr13	-63	3	4404.0	0.06811989100817438
chr13	-62	11	4469.0	0.24614007607965988
chr13	-61	13	4534.0	0.2867225408028231
chr13	-60	5	4593.0	0.10886131069018071
chr13	-59	7	4659.0	0.15024683408456752
chr13	-58	5	4737.0	0.10555203715431707
chr13	-57	4	4803.0	0.08328128253175099
chr13	-56	13	4860.0	0.2674897119341564
chr13	-55	34	4928.0	0.689935064935065
chr13	-54	9	4994.0	0.1802162595114137
chr13	-53	23	5061.0	0.45445564117763293
chr13	-52	14	5135.0	0.2726387536514119
chr13	-51	26	5196.0	0.5003849114703618
chr13	-50	9	5262.0	0.17103762827822122
chr13	-49	11	5331.0	0.20634027386981804
chr13	-48	22	5397.0	0.4076338706688902
chr13	-47	12	5468.0	0.21945866861741037
chr13	-46	24	5535.0	0.43360433604336046
chr13	-45	23	5608.0	0.41012838801711843
chr13	-44	21	5671.0	0.3703050608358314
chr13	-43	9	5760.0	0.15625
chr13	-42	17	5831.0	0.2915451895043732
chr13	-41	35	5892.0	0.5940257976917854
chr13	-40	11	5952.0	0.18481182795698925
chr13	-39	9	6023.0	0.14942719574962643
chr13	-38	13	6072.0	0.21409749670619235
chr13	-37	24	6157.0	0.389800227383466
chr13	-36	11	6241.0	0.17625380547989103
chr13	-35	9	6306.0	0.142721217887726
chr13	-34	8	6366.0	0.12566760917373546
chr13	-33	32	6436.0	0.4972032318210068
chr13	-32	6	6501.0	0.09229349330872173
chr13	-31	23	6547.0	0.3513059416526653
chr13	-30	12	6615.0	0.18140589569160998
chr13	-29	29	6681.0	0.43406675647358184
chr13	-28	48	6747.0	0.7114273010226767
chr13	-27	13	6808.0	0.190951821386604
chr13	-26	29	6883.0	0.42132790934185677
chr13	-25	28	6948.0	0.40299366724237184
chr13	-24	8	7015.0	0.11404133998574484
chr13	-23	37	7084.0	0.5223037831733484
chr13	-22	19	7142.0	0.2660319238308597
chr13	-21	17	7197.0	0.23620953174933998
chr13	-20	32	7277.0	0.4397416517795795
chr13	-19	19	7346.0	0.2586441600871222
chr13	-18	14	7409.0	0.18895937373464705
chr13	-17	13	7465.0	0.174146014735432
chr13	-16	51	7530.0	0.6772908366533864
chr13	-15	19	7592.0	0.25026343519494204
chr13	-14	41	7651.0	0.5358776630505816
chr13	-13	35	7717.0	0.4535441233640016
chr13	-12	25	7775.0	0.3215434083601286
chr13	-11	14	7847.0	0.17841213202497772
chr13	-10	18	7905.0	0.22770398481973433
chr13	-9	42	7906.0	0.5312420946116874
chr13	-8	20	7904.0	0.25303643724696356
chr13	-7	24	7906.0	0.30356691120667845
chr13	-6	49	7905.0	0.6198608475648324
chr13	-5	45	7898.0	0.569764497341099
chr13	-4	46	7897.0	0.5824996834240851
chr13	-3	32	7881.0	0.40603984265956095
chr13	-2	30	7875.0	0.38095238095238093
chr13	-1	132	7840.0	1.683673469387755
chr13	0	542	7358.0	7.366132101114434
chr13	1	93	7305.0	1.273100616016427
chr13	2	122	7239.0	1.685315651333057
chr13	3	149	7184.0	2.074053452115813
chr13	4	148	7118.0	2.07923574037651
chr13	5	143	7053.0	2.0275060258046222
chr13	6	126	6984.0	1.804123711340206
chr13	7	96	6915.0	1.3882863340563991
chr13	8	80	6866.0	1.1651616661811826
chr13	9	79	6798.0	1.1621065019123273
chr13	10	83	6722.0	1.2347515620351086
chr13	11	101	6659.0	1.5167442558942783
chr13	12	129	6602.0	1.9539533474704633
chr13	13	132	6537.0	2.0192748967416243
chr13	14	75	6455.0	1.1618900077459333
chr13	15	103	6392.0	1.6113892365456821
chr13	16	85	6320.0	1.3449367088607596
chr13	17	97	6241.0	1.5542381028681302
chr13	18	80	6182.0	1.2940795858945324
chr13	19	86	6118.0	1.4056881333769204
chr13	20	105	6058.0	1.7332452954770552
chr13	21	93	5990.0	1.5525876460767947
chr13	22	112	5931.0	1.8883830719946044
chr13	23	75	5869.0	1.2779008348952121
chr13	24	79	5810.0	1.359724612736661
chr13	25	60	5751.0	1.0432968179447053
chr13	26	87	5692.0	1.528460997891778
chr13	27	98	5631.0	1.7403658320014208
chr13	28	82	5568.0	1.4727011494252873
chr13	29	78	5498.0	1.4186977082575483
chr13	30	63	5429.0	1.160434702523485
chr13	31	89	5365.0	1.6589002795899348
chr13	32	65	5298.0	1.226878067195168
chr13	33	84	5235.0	1.6045845272206303
chr13	34	55	5166.0	1.064653503677894
chr13	35	70	5098.0	1.3730874852883483
chr13	36	54	5035.0	1.0724925521350546
chr13	37	73	4948.0	1.475343573160873
chr13	38	60	4893.0	1.226241569589209
chr13	39	65	4820.0	1.3485477178423237
chr13	40	80	4774.0	1.6757436112274822
chr13	41	52	4700.0	1.1063829787234043
chr13	42	61	4644.0	1.313522825150732
chr13	43	74	4567.0	1.6203196846945478
chr13	44	77	4488.0	1.715686274509804
chr13	45	82	4439.0	1.8472628970488851
chr13	46	51	4379.0	1.1646494633477964
chr13	47	66	4324.0	1.5263644773358003
chr13	48	49	4258.0	1.150775011742602
chr13	49	61	4195.0	1.4541120381406436
chr13	50	55	4129.0	1.332041656575442
chr13	51	56	4057.0	1.3803302933201873
chr13	52	57	3987.0	1.4296463506395787
chr13	53	50	3921.0	1.2751849018107626
chr13	54	69	3875.0	1.7806451612903225
chr13	55	46	3823.0	1.2032435260266805
chr13	56	60	3771.0	1.591089896579157
chr13	57	61	3704.0	1.6468682505399568
chr13	58	44	3638.0	1.2094557449147882
chr13	59	43	3581.0	1.2007819044959507
chr13	60	53	3509.0	1.5104018238814476
chr13	61	55	3448.0	1.5951276102088168
chr13	62	57	3387.0	1.6829052258635961
chr13	63	34	3323.0	1.0231718326813122
chr13	64	61	3245.0	1.8798151001540833
chr13	65	37	3173.0	1.1660888748818152
chr13	66	29	3107.0	0.9333762471837787
chr13	67	45	3051.0	1.4749262536873156
chr13	68	45	2995.0	1.5025041736227045
chr13	69	26	2931.0	0.8870692596383487
chr13	70	32	2848.0	1.1235955056179776
chr13	71	40	2799.0	1.429081814933905
chr13	72	28	2739.0	1.022270901788974
chr13	73	38	2688.0	1.4136904761904763
chr13	74	35	2624.0	1.333841463414634
chr13	75	40	2557.0	1.5643332029722332
chr13	76	30	2471.0	1.2140833670578712
chr13	77	36	2415.0	1.4906832298136645
chr13	78	44	2349.0	1.8731375053214132
chr13	79	34	2286.0	1.4873140857392826
chr13	80	41	2216.0	1.8501805054151623
chr13	81	18	2160.0	0.8333333333333334
chr13	82	16	2091.0	0.7651841224294597
chr13	83	32	2021.0	1.5833745670460169
chr13	84	23	1963.0	1.1716760061130922
chr13	85	15	1881.0	0.7974481658692184
chr13	86	31	1812.0	1.7108167770419427
chr13	87	23	1753.0	1.3120365088419852
chr13	88	33	1698.0	1.9434628975265018
chr13	89	18	1636.0	1.1002444987775062
chr13	90	19	1578.0	1.2040557667934093
chr13	91	24	1526.0	1.5727391874180863
chr13	92	12	1464.0	0.819672131147541
chr13	93	12	1411.0	0.8504606661941885
chr13	94	22	1357.0	1.6212232866617537
chr13	95	10	1300.0	0.7692307692307693
chr13	96	7	1241.0	0.5640612409347301
chr13	97	21	1190.0	1.7647058823529411
chr13	98	12	1126.0	1.0657193605683837
chr13	99	18	1059.0	1.69971671388102
chr13	100	10	1005.0	0.9950248756218906
chr13	101	7	956.0	0.7322175732217573
chr13	102	6	885.0	0.6779661016949152
chr13	103	16	818.0	1.9559902200488997
chr13	104	8	761.0	1.0512483574244416
chr13	105	6	700.0	0.8571428571428572
chr13	106	5	649.0	0.7704160246533128
chr13	107	9	599.0	1.5025041736227045
chr13	108	6	526.0	1.1406844106463878
chr13	109	6	459.0	1.3071895424836601
chr13	110	1	396.0	0.25252525252525254
chr13	111	3	340.0	0.8823529411764706
chr13	112	3	280.0	1.0714285714285714
chr13	113	0	215.0	0.0
chr13	114	1	156.0	0.641025641025641
chr13	115	1	108.0	0.9259259259259258
chr13	116	0	73.0	0.0
chr13	117	0	31.0	0.0
chr13	118	0	0.0	nan
chr13	119	0	0.0	nan
chr13	120	0	0.0	nan
chr13	121	0	0.0	nan
chr13	122	0	0.0	nan
chr13	123	0	0.0	nan
chr13	124	0	0.0	nan
chr13	125	0	0.0	nan
chr13	126	0	0.0	nan
chr13	127	0	0.0	nan
chr13	128	0	0.0	nan
chr13	129	0	0.0	nan
chr13	130	0	0.0	nan
chr13	131	0	0.0	nan
chr13	132	0	0.0	nan
chr13	133	0	0.0	nan
chr13	134	0	0.0	nan
chr13	135	0	0.0	nan
chr13	136	0	0.0	nan
chr14	-144	0	0.0	nan
chr14	-143	0	0.0	nan
chr14	-142	0	0.0	nan
chr14	-141	0	0.0	nan
chr14	-140	0	0.0	nan
chr14	-139	0	2.0	0.0
chr14	-138	0	2.0	0.0
chr14	-137	0	2.0	0.0
chr14	-136	0	2.0	0.0
chr14	-135	0	2.0	0.0
chr14	-134	0	2.0	0.0
chr14	-133	0	2.0	0.0
chr14	-132	0	2.0	0.0
chr14	-131	0	2.0	0.0
chr14	-130	0	3.0	0.0
chr14	-129	0	46.0	0.0
chr14	-128	0	95.0	0.0
chr14	-127	0	150.0	0.0
chr14	-126	1	215.0	0.46511627906976744
chr14	-125	0	283.0	0.0
chr14	-124	1	361.0	0.2770083102493075
chr14	-123	1	442.0	0.22624434389140274
chr14	-122	0	530.0	0.0
chr14	-121	3	599.0	0.5008347245409015
chr14	-120	3	675.0	0.4444444444444444
chr14	-119	0	755.0	0.0
chr14	-118	2	838.0	0.23866348448687352
chr14	-117	0	920.0	0.0
chr14	-116	3	989.0	0.3033367037411527
chr14	-115	2	1070.0	0.1869158878504673
chr14	-114	0	1147.0	0.0
chr14	-113	3	1213.0	0.24732069249793898
chr14	-112	6	1283.0	0.46765393608729544
chr14	-111	3	1357.0	0.2210759027266028
chr14	-110	4	1432.0	0.27932960893854747
chr14	-109	7	1505.0	0.46511627906976744
chr14	-108	4	1592.0	0.25125628140703515
chr14	-107	4	1674.0	0.23894862604540024
chr14	-106	3	1756.0	0.17084282460136674
chr14	-105	4	1842.0	0.21715526601520088
chr14	-104	0	1930.0	0.0
chr14	-103	3	2022.0	0.1483679525222552
chr14	-102	7	2102.0	0.3330161750713606
chr14	-101	9	2192.0	0.41058394160583944
chr14	-100	8	2274.0	0.3518029903254178
chr14	-99	6	2357.0	0.2545608824777259
chr14	-98	1	2458.0	0.04068348250610252
chr14	-97	10	2528.0	0.39556962025316456
chr14	-96	3	2602.0	0.11529592621060722
chr14	-95	11	2686.0	0.4095309009679821
chr14	-94	7	2794.0	0.25053686471009307
chr14	-93	6	2882.0	0.2081887578070784
chr14	-92	5	2975.0	0.16806722689075632
chr14	-91	5	3055.0	0.16366612111292964
chr14	-90	11	3146.0	0.34965034965034963
chr14	-89	9	3221.0	0.279416330332195
chr14	-88	7	3313.0	0.21128886205855718
chr14	-87	5	3408.0	0.14671361502347416
chr14	-86	12	3478.0	0.3450258769407705
chr14	-85	14	3564.0	0.3928170594837262
chr14	-84	5	3651.0	0.13694878115584772
chr14	-83	10	3742.0	0.26723677177979693
chr14	-82	3	3815.0	0.07863695937090433
chr14	-81	6	3895.0	0.1540436456996149
chr14	-80	19	3993.0	0.4758327072376659
chr14	-79	7	4080.0	0.1715686274509804
chr14	-78	4	4162.0	0.09610764055742432
chr14	-77	7	4257.0	0.1644350481559784
chr14	-76	14	4347.0	0.322061191626409
chr14	-75	9	4446.0	0.20242914979757085
chr14	-74	13	4511.0	0.2881844380403458
chr14	-73	9	4585.0	0.19629225736095968
chr14	-72	12	4672.0	0.2568493150684931
chr14	-71	20	4767.0	0.4195510803440319
chr14	-70	10	4860.0	0.205761316872428
chr14	-69	21	4944.0	0.42475728155339804
chr14	-68	16	5036.0	0.3177124702144559
chr14	-67	28	5119.0	0.5469818323891384
chr14	-66	8	5212.0	0.15349194167306215
chr14	-65	18	5321.0	0.338282277767337
chr14	-64	12	5398.0	0.2223045572434235
chr14	-63	13	5487.0	0.2369236376890833
chr14	-62	12	5570.0	0.21543985637342908
chr14	-61	17	5657.0	0.3005126392080608
chr14	-60	19	5747.0	0.33060727336001394
chr14	-59	16	5837.0	0.27411341442521847
chr14	-58	36	5912.0	0.6089309878213802
chr14	-57	22	6001.0	0.36660556573904346
chr14	-56	30	6098.0	0.49196457855034437
chr14	-55	16	6188.0	0.25856496444731736
chr14	-54	28	6270.0	0.44657097288676234
chr14	-53	22	6343.0	0.3468390351568658
chr14	-52	22	6434.0	0.3419334783960211
chr14	-51	14	6524.0	0.2145922746781116
chr14	-50	10	6606.0	0.15137753557372086
chr14	-49	20	6692.0	0.2988643156007173
chr14	-48	11	6778.0	0.1622897609914429
chr14	-47	18	6858.0	0.26246719160104987
chr14	-46	23	6944.0	0.33122119815668205
chr14	-45	15	7031.0	0.2133409187882236
chr14	-44	18	7114.0	0.2530222097272983
chr14	-43	29	7198.0	0.40288969158099475
chr14	-42	28	7284.0	0.3844041735310269
chr14	-41	20	7372.0	0.27129679869777534
chr14	-40	13	7460.0	0.17426273458445038
chr14	-39	30	7548.0	0.39745627980922094
chr14	-38	20	7632.0	0.2620545073375262
chr14	-37	11	7716.0	0.1425609123898393
chr14	-36	19	7816.0	0.24309109518935515
chr14	-35	15	7906.0	0.18972931950417404
chr14	-34	23	7995.0	0.2876797998749218
chr14	-33	29	8088.0	0.35855588526211674
chr14	-32	28	8180.0	0.3422982885085574
chr14	-31	17	8274.0	0.20546289581822577
chr14	-30	23	8373.0	0.27469246387196944
chr14	-29	21	8463.0	0.24813895781637718
chr14	-28	16	8536.0	0.18744142455482662
chr14	-27	32	8632.0	0.3707136237256719
chr14	-26	31	8695.0	0.35652673950546293
chr14	-25	18	8783.0	0.20494136399863372
chr14	-24	32	8865.0	0.36097010716300054
chr14	-23	34	8962.0	0.3793796027672395
chr14	-22	27	9033.0	0.29890401859847227
chr14	-21	38	9113.0	0.41698672226489636
chr14	-20	37	9189.0	0.4026553487865927
chr14	-19	21	9271.0	0.22651278179268686
chr14	-18	27	9345.0	0.28892455858747995
chr14	-17	41	9432.0	0.4346904156064461
chr14	-16	57	9522.0	0.5986137366099559
chr14	-15	46	9584.0	0.4799666110183639
chr14	-14	28	9668.0	0.2896152254861398
chr14	-13	66	9747.0	0.6771314250538628
chr14	-12	25	9817.0	0.2546602831822349
chr14	-11	15	9911.0	0.15134698819493492
chr14	-10	33	9987.0	0.33042955842595373
chr14	-9	57	9988.0	0.5706848217861433
chr14	-8	51	9988.0	0.5106127352823387
chr14	-7	32	9988.0	0.32038446135362436
chr14	-6	33	9989.0	0.3303633997397137
chr14	-5	54	9988.0	0.5406487785342411
chr14	-4	34	9967.0	0.3411257148590348
chr14	-3	49	9952.0	0.492363344051447
chr14	-2	62	9943.0	0.6235542592778839
chr14	-1	141	9926.0	1.4205117872254684
chr14	0	636	9373.0	6.785447562146592
chr14	1	131	9302.0	1.4082992904751668
chr14	2	141	9227.0	1.528123983960117
chr14	3	171	9139.0	1.8711018711018712
chr14	4	115	9075.0	1.2672176308539946
chr14	5	185	8997.0	2.0562409692119594
chr14	6	180	8901.0	2.0222446916076846
chr14	7	129	8822.0	1.4622534572659263
chr14	8	150	8738.0	1.7166399633783476
chr14	9	117	8656.0	1.3516635859519408
chr14	10	130	8559.0	1.518869026755462
chr14	11	88	8476.0	1.0382255781028786
chr14	12	143	8406.0	1.7011658339281466
chr14	13	127	8327.0	1.5251591209319082
chr14	14	116	8248.0	1.4064015518913677
chr14	15	155	8185.0	1.8937080024434942
chr14	16	134	8112.0	1.6518737672583828
chr14	17	114	8032.0	1.4193227091633465
chr14	18	121	7952.0	1.5216297786720323
chr14	19	111	7877.0	1.4091659261140028
chr14	20	124	7797.0	1.5903552648454535
chr14	21	97	7713.0	1.2576170102424478
chr14	22	108	7624.0	1.4165792235047219
chr14	23	131	7544.0	1.7364793213149523
chr14	24	111	7459.0	1.4881351387585466
chr14	25	75	7378.0	1.016535646516671
chr14	26	85	7306.0	1.16342732001095
chr14	27	81	7222.0	1.1215729714760454
chr14	28	92	7141.0	1.2883349670914437
chr14	29	111	7069.0	1.5702362427500351
chr14	30	83	6962.0	1.1921861534041942
chr14	31	87	6874.0	1.2656386383473959
chr14	32	94	6783.0	1.3858174848886924
chr14	33	65	6711.0	0.9685590821040084
chr14	34	88	6622.0	1.3289036544850499
chr14	35	79	6546.0	1.206843874121601
chr14	36	77	6444.0	1.1949099937926753
chr14	37	103	6366.0	1.6179704681118443
chr14	38	95	6291.0	1.5100937847718963
chr14	39	52	6223.0	0.8356098344849751
chr14	40	94	6139.0	1.5311940055383613
chr14	41	58	6054.0	0.9580442682523951
chr14	42	88	5984.0	1.4705882352941175
chr14	43	87	5903.0	1.4738268676943926
chr14	44	66	5806.0	1.1367550809507405
chr14	45	51	5734.0	0.88943146145797
chr14	46	78	5649.0	1.3807753584705258
chr14	47	68	5575.0	1.2197309417040358
chr14	48	70	5490.0	1.2750455373406193
chr14	49	48	5408.0	0.8875739644970414
chr14	50	45	5313.0	0.846979107848673
chr14	51	71	5235.0	1.3562559694364853
chr14	52	77	5154.0	1.4939852541715173
chr14	53	72	5063.0	1.4220817697017578
chr14	54	58	4989.0	1.1625576267789137
chr14	55	62	4915.0	1.261444557477111
chr14	56	61	4834.0	1.261894911046752
chr14	57	67	4737.0	1.4143972978678487
chr14	58	49	4662.0	1.0510510510510511
chr14	59	50	4584.0	1.0907504363001745
chr14	60	69	4497.0	1.534356237491661
chr14	61	51	4415.0	1.1551528878822197
chr14	62	61	4324.0	1.4107308048103608
chr14	63	43	4242.0	1.0136727958510137
chr14	64	65	4171.0	1.5583792855430352
chr14	65	41	4091.0	1.0021999511121975
chr14	66	51	4018.0	1.2692882030861126
chr14	67	58	3934.0	1.4743263853584139
chr14	68	47	3852.0	1.2201453790238836
chr14	69	41	3758.0	1.091005854177754
chr14	70	43	3676.0	1.1697497279651796
chr14	71	61	3595.0	1.6968011126564673
chr14	72	37	3509.0	1.054431461954973
chr14	73	53	3439.0	1.5411456818842686
chr14	74	41	3370.0	1.2166172106824924
chr14	75	45	3303.0	1.3623978201634876
chr14	76	39	3233.0	1.2063099288586452
chr14	77	46	3151.0	1.4598540145985401
chr14	78	45	3082.0	1.4600908500973393
chr14	79	64	2995.0	2.1368948247078463
chr14	80	39	2906.0	1.3420509291121816
chr14	81	18	2830.0	0.6360424028268552
chr14	82	54	2742.0	1.9693654266958425
chr14	83	30	2665.0	1.125703564727955
chr14	84	46	2592.0	1.7746913580246912
chr14	85	30	2523.0	1.1890606420927468
chr14	86	36	2444.0	1.4729950900163666
chr14	87	27	2353.0	1.1474713132171697
chr14	88	29	2265.0	1.2803532008830023
chr14	89	31	2185.0	1.4187643020594967
chr14	90	33	2107.0	1.5662078785002371
chr14	91	22	2034.0	1.0816125860373649
chr14	92	27	1942.0	1.3903192584963955
chr14	93	19	1855.0	1.0242587601078168
chr14	94	23	1765.0	1.3031161473087818
chr14	95	18	1684.0	1.0688836104513064
chr14	96	26	1601.0	1.6239850093691444
chr14	97	17	1504.0	1.1303191489361704
chr14	98	14	1422.0	0.9845288326300985
chr14	99	17	1349.0	1.2601927353595257
chr14	100	16	1269.0	1.260835303388495
chr14	101	7	1182.0	0.5922165820642978
chr14	102	17	1104.0	1.5398550724637683
chr14	103	11	1024.0	1.07421875
chr14	104	5	950.0	0.5263157894736842
chr14	105	10	862.0	1.160092807424594
chr14	106	7	800.0	0.8750000000000001
chr14	107	5	719.0	0.6954102920723227
chr14	108	9	656.0	1.3719512195121952
chr14	109	9	575.0	1.565217391304348
chr14	110	6	503.0	1.1928429423459244
chr14	111	4	412.0	0.9708737864077669
chr14	112	3	352.0	0.8522727272727272
chr14	113	3	297.0	1.0101010101010102
chr14	114	3	231.0	1.2987012987012987
chr14	115	1	158.0	0.6329113924050633
chr14	116	1	101.0	0.9900990099009901
chr14	117	1	43.0	2.3255813953488373
chr14	118	0	0.0	nan
chr14	119	0	0.0	nan
chr14	120	0	0.0	nan
chr14	121	0	0.0	nan
chr14	122	0	0.0	nan
chr14	123	0	0.0	nan
chr14	124	0	0.0	nan
chr14	125	0	0.0	nan
chr14	126	0	0.0	nan
chr14	127	0	0.0	nan
chr14	128	0	0.0	nan
chr14	129	0	0.0	nan
chr14	130	0	0.0	nan
chr14	131	0	0.0	nan
chr14	132	0	0.0	nan
chr14	133	0	0.0	nan
chr14	134	0	0.0	nan
chr14	135	0	0.0	nan
chr14	136	0	0.0	nan
chr14	137	0	0.0	nan
chr14	138	0	0.0	nan
chr14	139	0	0.0	nan
chr14	140	0	0.0	nan
chr15	-137	0	1.0	0.0
chr15	-136	0	2.0	0.0
chr15	-135	0	2.0	0.0
chr15	-134	0	2.0	0.0
chr15	-133	0	2.0	0.0
chr15	-132	0	2.0	0.0
chr15	-131	0	2.0	0.0
chr15	-130	0	7.0	0.0
chr15	-129	0	56.0	0.0
chr15	-128	0	135.0	0.0
chr15	-127	0	234.0	0.0
chr15	-126	0	333.0	0.0
chr15	-125	0	409.0	0.0
chr15	-124	1	532.0	0.18796992481203006
chr15	-123	3	655.0	0.45801526717557256
chr15	-122	3	785.0	0.3821656050955414
chr15	-121	5	903.0	0.5537098560354374
chr15	-120	3	1034.0	0.2901353965183753
chr15	-119	4	1157.0	0.34572169403630076
chr15	-118	3	1281.0	0.234192037470726
chr15	-117	1	1389.0	0.07199424046076314
chr15	-116	1	1522.0	0.0657030223390276
chr15	-115	3	1639.0	0.18303843807199513
chr15	-114	3	1756.0	0.17084282460136674
chr15	-113	4	1862.0	0.21482277121374865
chr15	-112	2	1987.0	0.10065425264217413
chr15	-111	7	2109.0	0.33191085822664773
chr15	-110	2	2218.0	0.09017132551848511
chr15	-109	2	2357.0	0.0848536274925753
chr15	-108	4	2480.0	0.16129032258064516
chr15	-107	5	2589.0	0.19312475859405176
chr15	-106	1	2712.0	0.03687315634218289
chr15	-105	6	2835.0	0.21164021164021166
chr15	-104	5	2964.0	0.16869095816464239
chr15	-103	2	3106.0	0.0643915003219575
chr15	-102	5	3233.0	0.1546551190844417
chr15	-101	7	3369.0	0.20777678836449986
chr15	-100	11	3491.0	0.3150959610426812
chr15	-99	2	3623.0	0.05520287054926856
chr15	-98	2	3760.0	0.05319148936170213
chr15	-97	3	3898.0	0.07696254489481785
chr15	-96	8	4018.0	0.1991040318566451
chr15	-95	10	4143.0	0.24137098720733766
chr15	-94	6	4291.0	0.13982754602656725
chr15	-93	14	4423.0	0.31652724395206877
chr15	-92	14	4554.0	0.30742204655248134
chr15	-91	17	4677.0	0.36348086380158223
chr15	-90	10	4806.0	0.20807324178110698
chr15	-89	5	4954.0	0.10092854259184497
chr15	-88	28	5108.0	0.548159749412686
chr15	-87	13	5238.0	0.24818633066055745
chr15	-86	19	5398.0	0.35198221563542054
chr15	-85	9	5536.0	0.16257225433526012
chr15	-84	7	5668.0	0.12350035285815103
chr15	-83	7	5778.0	0.12114918656974732
chr15	-82	27	5900.0	0.4576271186440678
chr15	-81	17	6022.0	0.282298239787446
chr15	-80	16	6154.0	0.25999350016249595
chr15	-79	17	6283.0	0.27057138309724654
chr15	-78	25	6397.0	0.39080819133969047
chr15	-77	9	6557.0	0.13725789232880892
chr15	-76	7	6684.0	0.10472770795930579
chr15	-75	5	6809.0	0.0734322220590395
chr15	-74	25	6932.0	0.36064627813040967
chr15	-73	12	7041.0	0.17043033659991477
chr15	-72	12	7176.0	0.16722408026755853
chr15	-71	19	7303.0	0.2601670546350815
chr15	-70	20	7427.0	0.26928773394371885
chr15	-69	40	7550.0	0.5298013245033113
chr15	-68	18	7670.0	0.2346805736636245
chr15	-67	22	7792.0	0.28234086242299794
chr15	-66	12	7917.0	0.15157256536566882
chr15	-65	16	8043.0	0.19893074723361928
chr15	-64	21	8175.0	0.25688073394495414
chr15	-63	31	8285.0	0.37417018708509353
chr15	-62	23	8428.0	0.2728998576174656
chr15	-61	29	8533.0	0.33985702566506504
chr15	-60	25	8669.0	0.28838389664321146
chr15	-59	25	8789.0	0.2844464671748777
chr15	-58	29	8918.0	0.3251850190625701
chr15	-57	15	9026.0	0.1661865721249723
chr15	-56	26	9153.0	0.28405987108052005
chr15	-55	15	9281.0	0.1616205150307079
chr15	-54	23	9403.0	0.24460278634478358
chr15	-53	37	9522.0	0.3885738290275152
chr15	-52	34	9647.0	0.35244117342178916
chr15	-51	31	9761.0	0.3175904108185637
chr15	-50	19	9885.0	0.19221041982802226
chr15	-49	17	10000.0	0.16999999999999998
chr15	-48	46	10119.0	0.45459037454293905
chr15	-47	25	10250.0	0.24390243902439024
chr15	-46	18	10345.0	0.17399710004833252
chr15	-45	39	10471.0	0.3724572629166269
chr15	-44	27	10612.0	0.2544289483603468
chr15	-43	19	10753.0	0.17669487584860039
chr15	-42	23	10863.0	0.21172788364171963
chr15	-41	29	10979.0	0.2641406321158576
chr15	-40	17	11106.0	0.15307041238969926
chr15	-39	36	11230.0	0.32056990204808544
chr15	-38	47	11344.0	0.4143159379407616
chr15	-37	39	11457.0	0.34040324692327834
chr15	-36	23	11602.0	0.19824168246853993
chr15	-35	36	11746.0	0.3064873148305806
chr15	-34	29	11878.0	0.24414884660717293
chr15	-33	32	12044.0	0.2656924609764198
chr15	-32	30	12165.0	0.2466091245376079
chr15	-31	53	12274.0	0.43180707185921463
chr15	-30	38	12388.0	0.3067484662576687
chr15	-29	20	12499.0	0.1600128010240819
chr15	-28	19	12615.0	0.15061434799841458
chr15	-27	60	12743.0	0.4708467393863298
chr15	-26	47	12869.0	0.36521874271505167
chr15	-25	29	12982.0	0.2233862270836543
chr15	-24	66	13071.0	0.5049345880192793
chr15	-23	23	13191.0	0.17436130695170948
chr15	-22	65	13312.0	0.48828125
chr15	-21	60	13426.0	0.4468940861015939
chr15	-20	46	13542.0	0.33968394624132325
chr15	-19	48	13663.0	0.3513137671082486
chr15	-18	31	13778.0	0.22499637102627376
chr15	-17	64	13900.0	0.46043165467625896
chr15	-16	47	14006.0	0.33557046979865773
chr15	-15	58	14148.0	0.4099519366694939
chr15	-14	31	14249.0	0.21755912695627763
chr15	-13	47	14356.0	0.3273892449150181
chr15	-12	41	14450.0	0.2837370242214533
chr15	-11	51	14553.0	0.35044320758606473
chr15	-10	58	14654.0	0.39579636959192027
chr15	-9	52	14644.0	0.3550942365473914
chr15	-8	43	14645.0	0.29361556845339704
chr15	-7	58	14654.0	0.39579636959192027
chr15	-6	52	14654.0	0.3548519175651699
chr15	-5	81	14649.0	0.5529387671513414
chr15	-4	97	14637.0	0.662704106032657
chr15	-3	78	14581.0	0.534942733694534
chr15	-2	106	14587.0	0.7266744361417701
chr15	-1	208	14558.0	1.4287676878692128
chr15	0	947	13762.0	6.881267257666036
chr15	1	167	13624.0	1.225778038755138
chr15	2	231	13478.0	1.7139041400801307
chr15	3	281	13395.0	2.097797685703621
chr15	4	204	13277.0	1.5364916773367476
chr15	5	234	13129.0	1.7823139614593648
chr15	6	257	13004.0	1.9763149800061521
chr15	7	178	12876.0	1.382416899658279
chr15	8	163	12731.0	1.2803393291964495
chr15	9	182	12620.0	1.4421553090332806
chr15	10	187	12519.0	1.4937295311127088
chr15	11	212	12402.0	1.7094017094017095
chr15	12	161	12282.0	1.3108614232209739
chr15	13	151	12181.0	1.2396354979065758
chr15	14	175	12047.0	1.4526438117373621
chr15	15	193	11934.0	1.617228087816323
chr15	16	167	11825.0	1.412262156448203
chr15	17	187	11691.0	1.5995209990591053
chr15	18	131	11564.0	1.1328260117606366
chr15	19	141	11436.0	1.2329485834207765
chr15	20	160	11316.0	1.4139271827500883
chr15	21	165	11182.0	1.4755857628331248
chr15	22	121	11060.0	1.0940325497287522
chr15	23	146	10956.0	1.3326031398320555
chr15	24	134	10847.0	1.2353646169447774
chr15	25	136	10714.0	1.2693671831248834
chr15	26	153	10567.0	1.4479038516135139
chr15	27	107	10424.0	1.0264773599386032
chr15	28	94	10309.0	0.9118246192647202
chr15	29	200	10170.0	1.966568338249754
chr15	30	130	10049.0	1.29366106080207
chr15	31	106	9930.0	1.0674723061430011
chr15	32	141	9805.0	1.4380418154003058
chr15	33	125	9668.0	1.29292511377741
chr15	34	137	9539.0	1.4362092462522278
chr15	35	119	9413.0	1.2642090725592268
chr15	36	93	9302.0	0.9997849924747367
chr15	37	115	9182.0	1.2524504465258113
chr15	38	132	9047.0	1.4590471979661765
chr15	39	116	8911.0	1.3017618673549547
chr15	40	128	8768.0	1.4598540145985401
chr15	41	114	8651.0	1.3177667321696915
chr15	42	98	8510.0	1.1515863689776733
chr15	43	101	8381.0	1.2051067891659706
chr15	44	84	8245.0	1.018799272286234
chr15	45	90	8129.0	1.1071472505843278
chr15	46	77	8016.0	0.9605788423153693
chr15	47	88	7904.0	1.1133603238866396
chr15	48	116	7797.0	1.4877516993715532
chr15	49	56	7676.0	0.7295466388744137
chr15	50	102	7568.0	1.3477801268498943
chr15	51	93	7440.0	1.25
chr15	52	97	7312.0	1.3265864332603938
chr15	53	91	7202.0	1.263537906137184
chr15	54	72	7078.0	1.0172365074879908
chr15	55	87	6954.0	1.2510785159620361
chr15	56	80	6835.0	1.1704462326261889
chr15	57	80	6727.0	1.1892374015162777
chr15	58	69	6605.0	1.0446631339894021
chr15	59	89	6492.0	1.3709180529882932
chr15	60	89	6372.0	1.396735718769617
chr15	61	95	6243.0	1.521704308825885
chr15	62	70	6117.0	1.1443518064410658
chr15	63	69	6006.0	1.1488511488511488
chr15	64	84	5890.0	1.4261460101867571
chr15	65	74	5799.0	1.2760820831177788
chr15	66	58	5688.0	1.0196905766526019
chr15	67	76	5571.0	1.3642075031412673
chr15	68	76	5467.0	1.39015913663801
chr15	69	76	5347.0	1.421357770712549
chr15	70	62	5220.0	1.1877394636015326
chr15	71	47	5112.0	0.9194053208137716
chr15	72	47	4995.0	0.9409409409409409
chr15	73	59	4878.0	1.209512095120951
chr15	74	54	4769.0	1.132312853847767
chr15	75	65	4656.0	1.3960481099656359
chr15	76	57	4539.0	1.255783212161269
chr15	77	59	4427.0	1.3327309690535352
chr15	78	63	4308.0	1.4623955431754874
chr15	79	48	4209.0	1.1404133998574484
chr15	80	49	4081.0	1.2006861063464835
chr15	81	44	3982.0	1.1049723756906076
chr15	82	54	3878.0	1.3924703455389376
chr15	83	44	3764.0	1.1689691817215728
chr15	84	39	3631.0	1.0740842743045993
chr15	85	33	3490.0	0.9455587392550143
chr15	86	32	3383.0	0.9459060005911913
chr15	87	49	3276.0	1.4957264957264957
chr15	88	33	3142.0	1.050286441756843
chr15	89	34	3032.0	1.121372031662269
chr15	90	36	2916.0	1.2345679012345678
chr15	91	33	2806.0	1.1760513186029937
chr15	92	30	2689.0	1.1156563778356265
chr15	93	39	2571.0	1.5169194865810969
chr15	94	25	2458.0	1.017087062652563
chr15	95	32	2323.0	1.3775290572535515
chr15	96	20	2218.0	0.9017132551848512
chr15	97	13	2116.0	0.6143667296786389
chr15	98	20	2001.0	0.9995002498750625
chr15	99	18	1898.0	0.9483667017913594
chr15	100	17	1786.0	0.9518477043673013
chr15	101	17	1663.0	1.0222489476849068
chr15	102	19	1553.0	1.2234385061171926
chr15	103	20	1465.0	1.3651877133105803
chr15	104	13	1350.0	0.962962962962963
chr15	105	14	1240.0	1.129032258064516
chr15	106	6	1126.0	0.5328596802841918
chr15	107	8	1001.0	0.7992007992007992
chr15	108	11	890.0	1.2359550561797752
chr15	109	10	777.0	1.287001287001287
chr15	110	10	666.0	1.5015015015015014
chr15	111	3	559.0	0.5366726296958855
chr15	112	4	459.0	0.8714596949891068
chr15	113	1	355.0	0.28169014084507044
chr15	114	3	266.0	1.1278195488721803
chr15	115	1	182.0	0.5494505494505495
chr15	116	0	127.0	0.0
chr15	117	1	53.0	1.8867924528301887
chr15	118	0	0.0	nan
chr15	119	0	0.0	nan
chr15	120	0	0.0	nan
chr15	121	0	0.0	nan
chr15	122	0	0.0	nan
chr15	123	0	0.0	nan
chr15	124	0	0.0	nan
chr15	125	0	0.0	nan
chr15	126	0	0.0	nan
chr15	127	0	0.0	nan
chr15	128	0	0.0	nan
chr15	129	0	0.0	nan
chr15	130	0	0.0	nan
chr16	-129	0	18.0	0.0
chr16	-128	0	36.0	0.0
chr16	-127	0	62.0	0.0
chr16	-126	0	81.0	0.0
chr16	-125	0	115.0	0.0
chr16	-124	0	139.0	0.0
chr16	-123	0	159.0	0.0
chr16	-122	0	183.0	0.0
chr16	-121	0	209.0	0.0
chr16	-120	0	238.0	0.0
chr16	-119	0	262.0	0.0
chr16	-118	0	290.0	0.0
chr16	-117	0	326.0	0.0
chr16	-116	0	349.0	0.0
chr16	-115	0	373.0	0.0
chr16	-114	1	406.0	0.24630541871921183
chr16	-113	0	431.0	0.0
chr16	-112	0	461.0	0.0
chr16	-111	0	493.0	0.0
chr16	-110	5	517.0	0.9671179883945842
chr16	-109	2	547.0	0.3656307129798903
chr16	-108	1	564.0	0.1773049645390071
chr16	-107	5	597.0	0.8375209380234505
chr16	-106	1	630.0	0.15873015873015872
chr16	-105	0	655.0	0.0
chr16	-104	2	685.0	0.291970802919708
chr16	-103	3	715.0	0.4195804195804196
chr16	-102	1	743.0	0.13458950201884254
chr16	-101	3	761.0	0.39421813403416556
chr16	-100	3	785.0	0.3821656050955414
chr16	-99	1	817.0	0.12239902080783352
chr16	-98	1	850.0	0.1176470588235294
chr16	-97	7	879.0	0.7963594994311717
chr16	-96	6	905.0	0.6629834254143646
chr16	-95	3	932.0	0.3218884120171674
chr16	-94	0	955.0	0.0
chr16	-93	0	982.0	0.0
chr16	-92	0	1008.0	0.0
chr16	-91	1	1039.0	0.0962463907603465
chr16	-90	8	1066.0	0.7504690431519699
chr16	-89	3	1088.0	0.2757352941176471
chr16	-88	1	1126.0	0.08880994671403197
chr16	-87	5	1154.0	0.43327556325823224
chr16	-86	2	1187.0	0.16849199663016007
chr16	-85	9	1203.0	0.7481296758104738
chr16	-84	1	1230.0	0.08130081300813008
chr16	-83	3	1253.0	0.23942537909018355
chr16	-82	1	1282.0	0.078003120124805
chr16	-81	0	1306.0	0.0
chr16	-80	6	1333.0	0.45011252813203295
chr16	-79	1	1363.0	0.07336757153338225
chr16	-78	1	1390.0	0.07194244604316546
chr16	-77	9	1414.0	0.6364922206506365
chr16	-76	1	1456.0	0.06868131868131869
chr16	-75	1	1484.0	0.06738544474393532
chr16	-74	1	1509.0	0.06626905235255136
chr16	-73	5	1544.0	0.3238341968911917
chr16	-72	4	1574.0	0.25412960609911056
chr16	-71	11	1599.0	0.6879299562226392
chr16	-70	5	1624.0	0.3078817733990148
chr16	-69	8	1652.0	0.48426150121065376
chr16	-68	2	1680.0	0.11904761904761905
chr16	-67	2	1696.0	0.1179245283018868
chr16	-66	3	1729.0	0.1735106998264893
chr16	-65	4	1751.0	0.2284408909194746
chr16	-64	1	1770.0	0.05649717514124294
chr16	-63	3	1801.0	0.1665741254858412
chr16	-62	1	1827.0	0.05473453749315819
chr16	-61	4	1858.0	0.2152852529601722
chr16	-60	5	1882.0	0.2656748140276302
chr16	-59	17	1909.0	0.8905185961236249
chr16	-58	4	1934.0	0.2068252326783868
chr16	-57	9	1962.0	0.45871559633027525
chr16	-56	10	1983.0	0.5042864346949066
chr16	-55	5	2004.0	0.249500998003992
chr16	-54	6	2037.0	0.29455081001472755
chr16	-53	2	2067.0	0.09675858732462506
chr16	-52	5	2088.0	0.23946360153256704
chr16	-51	11	2116.0	0.5198487712665406
chr16	-50	1	2145.0	0.046620046620046623
chr16	-49	3	2175.0	0.13793103448275862
chr16	-48	3	2200.0	0.13636363636363638
chr16	-47	5	2230.0	0.2242152466367713
chr16	-46	5	2261.0	0.22114108801415305
chr16	-45	6	2293.0	0.26166593981683384
chr16	-44	2	2320.0	0.08620689655172414
chr16	-43	5	2352.0	0.21258503401360546
chr16	-42	5	2387.0	0.20946795140343527
chr16	-41	4	2401.0	0.16659725114535612
chr16	-40	9	2426.0	0.3709810387469085
chr16	-39	7	2457.0	0.2849002849002849
chr16	-38	7	2473.0	0.28305701577031944
chr16	-37	6	2500.0	0.24
chr16	-36	20	2532.0	0.7898894154818324
chr16	-35	18	2567.0	0.7012076353720296
chr16	-34	11	2598.0	0.4234026173979984
chr16	-33	2	2620.0	0.07633587786259542
chr16	-32	15	2648.0	0.5664652567975831
chr16	-31	14	2674.0	0.5235602094240838
chr16	-30	4	2699.0	0.14820303816228234
chr16	-29	4	2733.0	0.14635931211123307
chr16	-28	6	2761.0	0.21731256791017745
chr16	-27	9	2792.0	0.3223495702005731
chr16	-26	22	2814.0	0.7818052594171997
chr16	-25	7	2837.0	0.24673951357067325
chr16	-24	8	2866.0	0.2791346824842987
chr16	-23	11	2901.0	0.3791795932437091
chr16	-22	11	2920.0	0.3767123287671233
chr16	-21	24	2940.0	0.8163265306122449
chr16	-20	2	2968.0	0.06738544474393532
chr16	-19	21	2988.0	0.7028112449799196
chr16	-18	13	3008.0	0.4321808510638298
chr16	-17	8	3040.0	0.2631578947368421
chr16	-16	8	3069.0	0.2606712284131639
chr16	-15	8	3096.0	0.2583979328165375
chr16	-14	10	3117.0	0.3208213025344883
chr16	-13	16	3148.0	0.5082592121982211
chr16	-12	11	3178.0	0.34612964128382634
chr16	-11	10	3201.0	0.3124023742580444
chr16	-10	15	3230.0	0.46439628482972134
chr16	-9	5	3231.0	0.1547508511296812
chr16	-8	16	3231.0	0.49520272361497986
chr16	-7	22	3231.0	0.6809037449705974
chr16	-6	8	3231.0	0.24760136180748993
chr16	-5	33	3231.0	1.021355617455896
chr16	-4	21	3225.0	0.6511627906976745
chr16	-3	23	3214.0	0.7156191661481021
chr16	-2	8	3212.0	0.24906600249066002
chr16	-1	72	3199.0	2.2507033447952485
chr16	0	174	3012.0	5.776892430278884
chr16	1	36	2981.0	1.207648440120765
chr16	2	46	2954.0	1.5572105619498984
chr16	3	48	2919.0	1.644398766700925
chr16	4	47	2897.0	1.6223679668622715
chr16	5	64	2875.0	2.226086956521739
chr16	6	55	2842.0	1.935256861365236
chr16	7	29	2809.0	1.0323958704165184
chr16	8	38	2782.0	1.3659237958303379
chr16	9	53	2757.0	1.922379397896264
chr16	10	52	2721.0	1.9110621095185594
chr16	11	19	2696.0	0.7047477744807121
chr16	12	49	2681.0	1.8276762402088773
chr16	13	40	2649.0	1.5100037750094375
chr16	14	30	2620.0	1.1450381679389312
chr16	15	18	2591.0	0.6947124662292551
chr16	16	29	2563.0	1.1314865392118612
chr16	17	38	2536.0	1.498422712933754
chr16	18	32	2504.0	1.2779552715654952
chr16	19	24	2478.0	0.9685230024213075
chr16	20	36	2451.0	1.4687882496940026
chr16	21	35	2427.0	1.442109600329625
chr16	22	39	2401.0	1.624323198667222
chr16	23	15	2369.0	0.6331785563528914
chr16	24	35	2337.0	1.4976465554129226
chr16	25	36	2315.0	1.5550755939524838
chr16	26	15	2292.0	0.6544502617801047
chr16	27	33	2272.0	1.4524647887323943
chr16	28	34	2252.0	1.5097690941385435
chr16	29	20	2226.0	0.8984725965858041
chr16	30	29	2201.0	1.3175829168559745
chr16	31	33	2170.0	1.5207373271889402
chr16	32	17	2143.0	0.7932804479701353
chr16	33	26	2113.0	1.2304779933743493
chr16	34	46	2085.0	2.2062350119904077
chr16	35	31	2064.0	1.501937984496124
chr16	36	14	2043.0	0.6852667645619187
chr16	37	39	2011.0	1.9393336648433617
chr16	38	23	1982.0	1.160443995963673
chr16	39	26	1957.0	1.3285641287685233
chr16	40	29	1927.0	1.5049299429164504
chr16	41	22	1906.0	1.154249737670514
chr16	42	15	1877.0	0.7991475759190196
chr16	43	26	1851.0	1.4046461372231227
chr16	44	13	1821.0	0.7138934651290499
chr16	45	25	1799.0	1.3896609227348526
chr16	46	19	1773.0	1.071630005640158
chr16	47	12	1748.0	0.6864988558352403
chr16	48	20	1721.0	1.1621150493898895
chr16	49	16	1695.0	0.943952802359882
chr16	50	32	1663.0	1.9242333132892364
chr16	51	29	1637.0	1.77153329260843
chr16	52	19	1616.0	1.1757425742574257
chr16	53	14	1593.0	0.8788449466415568
chr16	54	20	1563.0	1.2795905310300704
chr16	55	20	1538.0	1.3003901170351104
chr16	56	18	1517.0	1.186552406064601
chr16	57	15	1495.0	1.0033444816053512
chr16	58	20	1465.0	1.3651877133105803
chr16	59	14	1449.0	0.966183574879227
chr16	60	14	1431.0	0.9783368273934312
chr16	61	16	1406.0	1.1379800853485065
chr16	62	14	1383.0	1.0122921185827911
chr16	63	13	1364.0	0.9530791788856305
chr16	64	16	1343.0	1.1913626209977661
chr16	65	12	1318.0	0.9104704097116844
chr16	66	11	1292.0	0.8513931888544891
chr16	67	9	1262.0	0.7131537242472267
chr16	68	12	1237.0	0.9700889248181084
chr16	69	13	1207.0	1.0770505385252693
chr16	70	8	1180.0	0.6779661016949152
chr16	71	10	1153.0	0.8673026886383347
chr16	72	7	1128.0	0.6205673758865249
chr16	73	10	1107.0	0.9033423667570009
chr16	74	11	1080.0	1.0185185185185186
chr16	75	14	1049.0	1.334604385128694
chr16	76	7	1022.0	0.684931506849315
chr16	77	7	997.0	0.7021063189568706
chr16	78	14	973.0	1.4388489208633095
chr16	79	17	943.0	1.8027571580063628
chr16	80	9	921.0	0.9771986970684038
chr16	81	8	885.0	0.903954802259887
chr16	82	11	859.0	1.2805587892898718
chr16	83	15	837.0	1.7921146953405016
chr16	84	19	808.0	2.3514851485148514
chr16	85	6	780.0	0.7692307692307693
chr16	86	2	759.0	0.2635046113306983
chr16	87	8	740.0	1.0810810810810811
chr16	88	6	708.0	0.847457627118644
chr16	89	11	681.0	1.6152716593245229
chr16	90	8	661.0	1.2102874432677762
chr16	91	7	635.0	1.1023622047244095
chr16	92	9	603.0	1.4925373134328357
chr16	93	3	576.0	0.5208333333333333
chr16	94	3	555.0	0.5405405405405406
chr16	95	8	532.0	1.5037593984962405
chr16	96	13	504.0	2.579365079365079
chr16	97	7	483.0	1.4492753623188406
chr16	98	6	453.0	1.3245033112582782
chr16	99	1	416.0	0.2403846153846154
chr16	100	6	391.0	1.5345268542199488
chr16	101	3	369.0	0.8130081300813009
chr16	102	8	340.0	2.3529411764705883
chr16	103	5	320.0	1.5625
chr16	104	3	296.0	1.0135135135135136
chr16	105	2	271.0	0.7380073800738007
chr16	106	0	253.0	0.0
chr16	107	3	230.0	1.3043478260869565
chr16	108	2	212.0	0.9433962264150944
chr16	109	3	194.0	1.5463917525773196
chr16	110	0	178.0	0.0
chr16	111	0	155.0	0.0
chr16	112	1	122.0	0.819672131147541
chr16	113	2	101.0	1.9801980198019802
chr16	114	1	74.0	1.3513513513513513
chr16	115	0	54.0	0.0
chr16	116	1	32.0	3.125
chr16	117	0	13.0	0.0
chr16	118	0	0.0	nan
chr16	119	0	0.0	nan
chr16	120	0	0.0	nan
chr16	121	0	0.0	nan
chr16	122	0	0.0	nan
chr16	123	0	0.0	nan
chr16	124	0	0.0	nan
chr16	125	0	0.0	nan
chr16	126	0	0.0	nan
chr16	127	0	0.0	nan
chr16	128	0	0.0	nan
chr16	129	0	0.0	nan
chr16	130	0	0.0	nan
chr16	131	0	0.0	nan
chr17	-135	0	1.0	0.0
chr17	-134	0	1.0	0.0
chr17	-133	0	1.0	0.0
chr17	-132	0	1.0	0.0
chr17	-131	0	1.0	0.0
chr17	-130	0	2.0	0.0
chr17	-129	0	31.0	0.0
chr17	-128	0	78.0	0.0
chr17	-127	0	118.0	0.0
chr17	-126	0	169.0	0.0
chr17	-125	0	222.0	0.0
chr17	-124	0	269.0	0.0
chr17	-123	0	315.0	0.0
chr17	-122	0	377.0	0.0
chr17	-121	0	431.0	0.0
chr17	-120	0	505.0	0.0
chr17	-119	0	568.0	0.0
chr17	-118	0	619.0	0.0
chr17	-117	1	683.0	0.14641288433382138
chr17	-116	2	745.0	0.2684563758389262
chr17	-115	0	805.0	0.0
chr17	-114	1	861.0	0.11614401858304298
chr17	-113	5	921.0	0.5428881650380022
chr17	-112	5	981.0	0.509683995922528
chr17	-111	4	1042.0	0.3838771593090211
chr17	-110	2	1117.0	0.17905102954341987
chr17	-109	1	1189.0	0.08410428931875526
chr17	-108	2	1247.0	0.16038492381716118
chr17	-107	1	1308.0	0.0764525993883792
chr17	-106	2	1364.0	0.1466275659824047
chr17	-105	1	1422.0	0.07032348804500703
chr17	-104	1	1471.0	0.06798096532970768
chr17	-103	1	1511.0	0.06618133686300463
chr17	-102	4	1573.0	0.25429116338207247
chr17	-101	11	1634.0	0.6731946144430845
chr17	-100	0	1683.0	0.0
chr17	-99	4	1750.0	0.2285714285714286
chr17	-98	8	1815.0	0.4407713498622589
chr17	-97	9	1893.0	0.4754358161648178
chr17	-96	2	1958.0	0.10214504596527069
chr17	-95	3	2028.0	0.14792899408284024
chr17	-94	1	2079.0	0.0481000481000481
chr17	-93	3	2144.0	0.13992537313432835
chr17	-92	3	2209.0	0.1358080579447714
chr17	-91	4	2280.0	0.17543859649122806
chr17	-90	8	2337.0	0.3423192126658109
chr17	-89	23	2398.0	0.9591326105087573
chr17	-88	7	2464.0	0.2840909090909091
chr17	-87	6	2528.0	0.23734177215189875
chr17	-86	4	2592.0	0.15432098765432098
chr17	-85	5	2655.0	0.18832391713747645
chr17	-84	0	2706.0	0.0
chr17	-83	6	2772.0	0.21645021645021645
chr17	-82	5	2827.0	0.17686593562079944
chr17	-81	6	2882.0	0.2081887578070784
chr17	-80	6	2930.0	0.20477815699658702
chr17	-79	4	2991.0	0.13373453694416582
chr17	-78	8	3049.0	0.26238110856018365
chr17	-77	4	3118.0	0.12828736369467605
chr17	-76	5	3182.0	0.15713387806411064
chr17	-75	13	3230.0	0.4024767801857585
chr17	-74	8	3302.0	0.24227740763173833
chr17	-73	11	3376.0	0.32582938388625593
chr17	-72	4	3430.0	0.11661807580174927
chr17	-71	6	3507.0	0.1710863986313088
chr17	-70	13	3565.0	0.364656381486676
chr17	-69	5	3623.0	0.1380071763731714
chr17	-68	2	3687.0	0.054244643341470035
chr17	-67	5	3735.0	0.13386880856760375
chr17	-66	20	3792.0	0.5274261603375527
chr17	-65	4	3860.0	0.10362694300518134
chr17	-64	19	3908.0	0.4861821903787103
chr17	-63	10	3970.0	0.2518891687657431
chr17	-62	7	4030.0	0.17369727047146402
chr17	-61	13	4084.0	0.31831537708129287
chr17	-60	18	4149.0	0.43383947939262474
chr17	-59	7	4218.0	0.16595542911332387
chr17	-58	11	4271.0	0.25755092484195735
chr17	-57	7	4327.0	0.16177490177952392
chr17	-56	17	4402.0	0.38618809631985457
chr17	-55	10	4463.0	0.2240645305848084
chr17	-54	6	4532.0	0.1323918799646955
chr17	-53	8	4588.0	0.17436791630340018
chr17	-52	9	4653.0	0.19342359767891684
chr17	-51	7	4719.0	0.14833651197287562
chr17	-50	31	4778.0	0.648807032231059
chr17	-49	23	4853.0	0.47393364928909953
chr17	-48	13	4909.0	0.26481971888368305
chr17	-47	17	4974.0	0.3417772416566144
chr17	-46	13	5042.0	0.25783419278064257
chr17	-45	17	5111.0	0.33261592643318333
chr17	-44	9	5180.0	0.17374517374517373
chr17	-43	19	5229.0	0.3633581946834959
chr17	-42	23	5303.0	0.43371676409579485
chr17	-41	7	5365.0	0.130475302889096
chr17	-40	7	5420.0	0.12915129151291513
chr17	-39	20	5477.0	0.36516341062625524
chr17	-38	21	5541.0	0.3789929615592853
chr17	-37	10	5606.0	0.17838030681412773
chr17	-36	14	5677.0	0.2466091245376079
chr17	-35	34	5743.0	0.5920250740031343
chr17	-34	16	5814.0	0.27519779841761266
chr17	-33	13	5883.0	0.2209756926738059
chr17	-32	21	5949.0	0.3530005042864347
chr17	-31	12	5995.0	0.2001668056713928
chr17	-30	38	6047.0	0.6284107822060526
chr17	-29	26	6106.0	0.4258106780216181
chr17	-28	12	6166.0	0.19461563412260785
chr17	-27	22	6225.0	0.3534136546184739
chr17	-26	17	6280.0	0.27070063694267515
chr17	-25	30	6331.0	0.47385879008055604
chr17	-24	29	6396.0	0.4534083802376485
chr17	-23	32	6453.0	0.49589338292267165
chr17	-22	17	6504.0	0.2613776137761378
chr17	-21	25	6579.0	0.37999696002431976
chr17	-20	8	6650.0	0.12030075187969924
chr17	-19	30	6708.0	0.4472271914132379
chr17	-18	7	6767.0	0.10344318013890941
chr17	-17	32	6830.0	0.4685212298682284
chr17	-16	64	6884.0	0.9296920395119116
chr17	-15	34	6944.0	0.4896313364055299
chr17	-14	32	7010.0	0.456490727532097
chr17	-13	44	7070.0	0.6223479490806223
chr17	-12	15	7135.0	0.21023125437981782
chr17	-11	52	7193.0	0.7229250660364243
chr17	-10	24	7248.0	0.33112582781456956
chr17	-9	18	7248.0	0.24834437086092717
chr17	-8	21	7247.0	0.2897750793431765
chr17	-7	23	7248.0	0.3173289183222958
chr17	-6	32	7247.0	0.4415620256657927
chr17	-5	37	7247.0	0.5105560921760729
chr17	-4	26	7229.0	0.3596624706045096
chr17	-3	76	7232.0	1.0508849557522124
chr17	-2	42	7226.0	0.5812344312205923
chr17	-1	93	7220.0	1.2880886426592797
chr17	0	455	6868.0	6.624927198602213
chr17	1	77	6830.0	1.1273792093704245
chr17	2	84	6774.0	1.2400354295837024
chr17	3	139	6709.0	2.0718437919212995
chr17	4	107	6653.0	1.6082970088681796
chr17	5	110	6605.0	1.6654049962149888
chr17	6	136	6531.0	2.0823763589036903
chr17	7	72	6482.0	1.1107682813946311
chr17	8	98	6397.0	1.5319681100515867
chr17	9	112	6338.0	1.7671189649731776
chr17	10	95	6281.0	1.5124980098710397
chr17	11	93	6221.0	1.4949365053849863
chr17	12	65	6147.0	1.0574263868553766
chr17	13	126	6080.0	2.0723684210526314
chr17	14	76	6027.0	1.2609922017587523
chr17	15	94	5972.0	1.5740120562625586
chr17	16	88	5913.0	1.4882462371046845
chr17	17	54	5854.0	0.9224461906388793
chr17	18	56	5781.0	0.9686905379692095
chr17	19	91	5715.0	1.5923009623797026
chr17	20	59	5664.0	1.0416666666666665
chr17	21	58	5595.0	1.036639857015192
chr17	22	76	5549.0	1.3696161470535233
chr17	23	63	5502.0	1.1450381679389312
chr17	24	81	5450.0	1.4862385321100917
chr17	25	76	5393.0	1.4092341924717227
chr17	26	68	5324.0	1.2772351615326822
chr17	27	66	5263.0	1.2540376211286337
chr17	28	60	5199.0	1.154068090017311
chr17	29	74	5138.0	1.44024912417283
chr17	30	48	5079.0	0.9450679267572357
chr17	31	75	5016.0	1.4952153110047848
chr17	32	56	4945.0	1.1324570273003034
chr17	33	59	4883.0	1.208273602293672
chr17	34	59	4835.0	1.220268872802482
chr17	35	78	4775.0	1.6335078534031413
chr17	36	44	4709.0	0.9343809726056487
chr17	37	48	4645.0	1.0333692142088267
chr17	38	54	4571.0	1.1813607525705534
chr17	39	63	4522.0	1.393188854489164
chr17	40	51	4463.0	1.1427291059825229
chr17	41	66	4407.0	1.4976174268209665
chr17	42	60	4355.0	1.377726750861079
chr17	43	52	4295.0	1.210710128055879
chr17	44	58	4238.0	1.368570080226522
chr17	45	35	4180.0	0.8373205741626795
chr17	46	46	4124.0	1.1154219204655673
chr17	47	68	4075.0	1.6687116564417177
chr17	48	42	4016.0	1.045816733067729
chr17	49	63	3962.0	1.5901060070671376
chr17	50	59	3893.0	1.5155407141022348
chr17	51	44	3828.0	1.1494252873563218
chr17	52	36	3773.0	0.9541478929234031
chr17	53	45	3717.0	1.2106537530266344
chr17	54	37	3653.0	1.0128661374212975
chr17	55	57	3601.0	1.5828936406553733
chr17	56	56	3541.0	1.5814741598418527
chr17	57	66	3474.0	1.8998272884283247
chr17	58	29	3426.0	0.8464681844716871
chr17	59	35	3371.0	1.038267576386829
chr17	60	56	3315.0	1.689291101055807
chr17	61	36	3261.0	1.1039558417663293
chr17	62	35	3207.0	1.091362644215778
chr17	63	23	3149.0	0.7303906001905367
chr17	64	51	3099.0	1.6456921587608906
chr17	65	37	3041.0	1.2167050312397236
chr17	66	37	2976.0	1.243279569892473
chr17	67	38	2915.0	1.3036020583190395
chr17	68	46	2854.0	1.6117729502452698
chr17	69	25	2802.0	0.8922198429693077
chr17	70	26	2750.0	0.9454545454545455
chr17	71	39	2699.0	1.4449796220822526
chr17	72	50	2640.0	1.893939393939394
chr17	73	28	2577.0	1.086534730306558
chr17	74	26	2524.0	1.0301109350237718
chr17	75	32	2467.0	1.2971220105391164
chr17	76	22	2399.0	0.9170487703209671
chr17	77	31	2329.0	1.3310433662516101
chr17	78	30	2258.0	1.328609388839681
chr17	79	20	2189.0	0.9136592051164915
chr17	80	16	2125.0	0.7529411764705882
chr17	81	36	2069.0	1.7399710004833253
chr17	82	17	2006.0	0.847457627118644
chr17	83	9	1951.0	0.4613018964633521
chr17	84	22	1877.0	1.1720831113478956
chr17	85	19	1815.0	1.046831955922865
chr17	86	13	1753.0	0.7415858528237307
chr17	87	24	1704.0	1.4084507042253522
chr17	88	17	1654.0	1.0278113663845223
chr17	89	14	1598.0	0.8760951188986232
chr17	90	15	1544.0	0.9715025906735751
chr17	91	30	1484.0	2.0215633423180592
chr17	92	12	1406.0	0.8534850640113799
chr17	93	20	1345.0	1.486988847583643
chr17	94	11	1282.0	0.858034321372855
chr17	95	16	1225.0	1.306122448979592
chr17	96	13	1166.0	1.1149228130360207
chr17	97	14	1118.0	1.2522361359570662
chr17	98	13	1064.0	1.2218045112781954
chr17	99	12	1012.0	1.185770750988142
chr17	100	17	951.0	1.7875920084121977
chr17	101	10	908.0	1.1013215859030838
chr17	102	6	848.0	0.7075471698113208
chr17	103	2	793.0	0.25220680958385877
chr17	104	9	741.0	1.214574898785425
chr17	105	10	685.0	1.4598540145985401
chr17	106	5	627.0	0.7974481658692184
chr17	107	5	564.0	0.8865248226950355
chr17	108	3	495.0	0.6060606060606061
chr17	109	8	431.0	1.8561484918793503
chr17	110	4	369.0	1.084010840108401
chr17	111	3	315.0	0.9523809523809524
chr17	112	3	263.0	1.1406844106463878
chr17	113	0	200.0	0.0
chr17	114	5	151.0	3.3112582781456954
chr17	115	0	102.0	0.0
chr17	116	1	62.0	1.6129032258064515
chr17	117	0	22.0	0.0
chr17	118	0	0.0	nan
chr17	119	0	0.0	nan
chr17	120	0	0.0	nan
chr17	121	0	0.0	nan
chr17	122	0	0.0	nan
chr17	123	0	0.0	nan
chr17	124	0	0.0	nan
chr17	125	0	0.0	nan
chr17	126	0	0.0	nan
chr17	127	0	0.0	nan
chr17	128	0	0.0	nan
chr18	-129	0	8.0	0.0
chr18	-128	0	23.0	0.0
chr18	-127	0	39.0	0.0
chr18	-126	0	50.0	0.0
chr18	-125	0	64.0	0.0
chr18	-124	0	74.0	0.0
chr18	-123	1	98.0	1.0204081632653061
chr18	-122	0	113.0	0.0
chr18	-121	0	128.0	0.0
chr18	-120	0	147.0	0.0
chr18	-119	0	163.0	0.0
chr18	-118	0	180.0	0.0
chr18	-117	0	197.0	0.0
chr18	-116	0	209.0	0.0
chr18	-115	0	227.0	0.0
chr18	-114	0	239.0	0.0
chr18	-113	0	253.0	0.0
chr18	-112	0	273.0	0.0
chr18	-111	0	291.0	0.0
chr18	-110	1	309.0	0.3236245954692557
chr18	-109	1	324.0	0.30864197530864196
chr18	-108	1	340.0	0.29411764705882354
chr18	-107	0	359.0	0.0
chr18	-106	2	384.0	0.5208333333333333
chr18	-105	0	407.0	0.0
chr18	-104	1	427.0	0.234192037470726
chr18	-103	0	438.0	0.0
chr18	-102	0	447.0	0.0
chr18	-101	1	464.0	0.21551724137931033
chr18	-100	7	474.0	1.4767932489451476
chr18	-99	0	485.0	0.0
chr18	-98	2	512.0	0.390625
chr18	-97	0	525.0	0.0
chr18	-96	1	549.0	0.18214936247723132
chr18	-95	0	576.0	0.0
chr18	-94	0	606.0	0.0
chr18	-93	1	627.0	0.1594896331738437
chr18	-92	0	647.0	0.0
chr18	-91	0	662.0	0.0
chr18	-90	2	685.0	0.291970802919708
chr18	-89	1	705.0	0.14184397163120568
chr18	-88	1	719.0	0.13908205841446453
chr18	-87	1	734.0	0.13623978201634876
chr18	-86	1	747.0	0.13386880856760375
chr18	-85	3	769.0	0.3901170351105332
chr18	-84	1	787.0	0.12706480304955528
chr18	-83	3	802.0	0.3740648379052369
chr18	-82	11	815.0	1.3496932515337423
chr18	-81	1	840.0	0.11904761904761905
chr18	-80	0	848.0	0.0
chr18	-79	0	865.0	0.0
chr18	-78	0	882.0	0.0
chr18	-77	1	895.0	0.11173184357541899
chr18	-76	4	914.0	0.437636761487965
chr18	-75	2	934.0	0.21413276231263384
chr18	-74	0	947.0	0.0
chr18	-73	3	968.0	0.30991735537190085
chr18	-72	0	980.0	0.0
chr18	-71	13	1004.0	1.294820717131474
chr18	-70	1	1021.0	0.0979431929480901
chr18	-69	2	1031.0	0.19398642095053348
chr18	-68	11	1041.0	1.0566762728146013
chr18	-67	7	1049.0	0.667302192564347
chr18	-66	1	1066.0	0.09380863039399624
chr18	-65	3	1084.0	0.27675276752767525
chr18	-64	0	1098.0	0.0
chr18	-63	7	1115.0	0.6278026905829596
chr18	-62	1	1127.0	0.08873114463176575
chr18	-61	2	1142.0	0.17513134851138354
chr18	-60	2	1155.0	0.17316017316017315
chr18	-59	0	1168.0	0.0
chr18	-58	0	1187.0	0.0
chr18	-57	1	1203.0	0.0831255195344971
chr18	-56	4	1224.0	0.32679738562091504
chr18	-55	3	1236.0	0.24271844660194172
chr18	-54	5	1250.0	0.4
chr18	-53	3	1261.0	0.23790642347343377
chr18	-52	1	1269.0	0.07880220646178093
chr18	-51	4	1285.0	0.311284046692607
chr18	-50	6	1308.0	0.45871559633027525
chr18	-49	4	1314.0	0.30441400304414
chr18	-48	0	1326.0	0.0
chr18	-47	6	1344.0	0.4464285714285714
chr18	-46	13	1361.0	0.9551800146950772
chr18	-45	2	1376.0	0.14534883720930233
chr18	-44	1	1386.0	0.07215007215007214
chr18	-43	10	1401.0	0.7137758743754461
chr18	-42	1	1420.0	0.07042253521126761
chr18	-41	4	1439.0	0.27797081306462823
chr18	-40	3	1452.0	0.2066115702479339
chr18	-39	2	1463.0	0.1367053998632946
chr18	-38	3	1476.0	0.20325203252032523
chr18	-37	6	1489.0	0.4029550033579583
chr18	-36	4	1508.0	0.2652519893899204
chr18	-35	15	1529.0	0.9810333551340745
chr18	-34	7	1549.0	0.4519044544867657
chr18	-33	0	1564.0	0.0
chr18	-32	7	1580.0	0.44303797468354433
chr18	-31	0	1593.0	0.0
chr18	-30	13	1613.0	0.805951642901426
chr18	-29	0	1621.0	0.0
chr18	-28	9	1635.0	0.5504587155963303
chr18	-27	5	1647.0	0.3035822707953855
chr18	-26	2	1670.0	0.11976047904191617
chr18	-25	8	1688.0	0.47393364928909953
chr18	-24	6	1704.0	0.35211267605633806
chr18	-23	2	1716.0	0.11655011655011654
chr18	-22	3	1736.0	0.1728110599078341
chr18	-21	5	1753.0	0.2852253280091272
chr18	-20	17	1775.0	0.9577464788732395
chr18	-19	1	1784.0	0.05605381165919283
chr18	-18	3	1802.0	0.1664816870144284
chr18	-17	7	1815.0	0.3856749311294766
chr18	-16	3	1836.0	0.16339869281045752
chr18	-15	6	1855.0	0.3234501347708895
chr18	-14	5	1881.0	0.2658160552897395
chr18	-13	5	1897.0	0.2635740643120717
chr18	-12	10	1911.0	0.5232862375719518
chr18	-11	1	1929.0	0.05184033177812338
chr18	-10	0	1951.0	0.0
chr18	-9	3	1951.0	0.1537672988211174
chr18	-8	19	1951.0	0.9738595592004101
chr18	-7	16	1951.0	0.8200922603792926
chr18	-6	7	1952.0	0.35860655737704916
chr18	-5	29	1952.0	1.485655737704918
chr18	-4	27	1950.0	1.3846153846153846
chr18	-3	12	1950.0	0.6153846153846154
chr18	-2	28	1949.0	1.4366341713699333
chr18	-1	41	1940.0	2.11340206185567
chr18	0	151	1842.0	8.197611292073832
chr18	1	53	1823.0	2.907295666483818
chr18	2	29	1811.0	1.601325234676974
chr18	3	65	1798.0	3.6151279199110125
chr18	4	47	1775.0	2.647887323943662
chr18	5	38	1757.0	2.1627774615822424
chr18	6	52	1739.0	2.9902242668200114
chr18	7	29	1723.0	1.6831108531630876
chr18	8	21	1707.0	1.2302284710017575
chr18	9	53	1685.0	3.1454005934718103
chr18	10	19	1670.0	1.1377245508982037
chr18	11	30	1650.0	1.8181818181818181
chr18	12	16	1633.0	0.9797917942437232
chr18	13	29	1610.0	1.8012422360248446
chr18	14	39	1600.0	2.4375
chr18	15	15	1581.0	0.9487666034155597
chr18	16	11	1571.0	0.7001909611712286
chr18	17	43	1542.0	2.7885862516212714
chr18	18	26	1531.0	1.6982364467668192
chr18	19	29	1522.0	1.9053876478318004
chr18	20	29	1504.0	1.928191489361702
chr18	21	14	1478.0	0.9472259810554804
chr18	22	9	1459.0	0.616860863605209
chr18	23	32	1444.0	2.21606648199446
chr18	24	18	1427.0	1.261387526278907
chr18	25	34	1418.0	2.3977433004231314
chr18	26	22	1399.0	1.5725518227305217
chr18	27	14	1385.0	1.0108303249097472
chr18	28	24	1369.0	1.7531044558071585
chr18	29	25	1345.0	1.858736059479554
chr18	30	17	1330.0	1.2781954887218046
chr18	31	12	1308.0	0.9174311926605505
chr18	32	14	1280.0	1.09375
chr18	33	16	1260.0	1.2698412698412698
chr18	34	15	1241.0	1.20870265914585
chr18	35	13	1225.0	1.0612244897959184
chr18	36	26	1212.0	2.145214521452145
chr18	37	14	1200.0	1.1666666666666667
chr18	38	18	1177.0	1.5293118096856415
chr18	39	17	1158.0	1.468048359240069
chr18	40	18	1147.0	1.5693112467306016
chr18	41	11	1138.0	0.9666080843585236
chr18	42	19	1119.0	1.6979445933869526
chr18	43	15	1098.0	1.366120218579235
chr18	44	17	1082.0	1.5711645101663587
chr18	45	31	1061.0	2.9217719132893496
chr18	46	34	1048.0	3.2442748091603053
chr18	47	10	1028.0	0.9727626459143969
chr18	48	12	1016.0	1.1811023622047243
chr18	49	8	1002.0	0.7984031936127743
chr18	50	15	986.0	1.5212981744421907
chr18	51	15	972.0	1.5432098765432098
chr18	52	10	953.0	1.049317943336831
chr18	53	16	937.0	1.7075773745997866
chr18	54	14	918.0	1.5250544662309369
chr18	55	20	906.0	2.207505518763797
chr18	56	5	888.0	0.5630630630630631
chr18	57	13	869.0	1.4959723820483315
chr18	58	12	856.0	1.4018691588785046
chr18	59	19	851.0	2.2326674500587544
chr18	60	7	840.0	0.8333333333333334
chr18	61	11	829.0	1.3268998793727382
chr18	62	18	811.0	2.219482120838471
chr18	63	15	802.0	1.8703241895261846
chr18	64	10	788.0	1.2690355329949239
chr18	65	9	772.0	1.16580310880829
chr18	66	12	751.0	1.5978695073235687
chr18	67	24	742.0	3.234501347708895
chr18	68	8	733.0	1.0914051841746248
chr18	69	14	720.0	1.9444444444444444
chr18	70	9	702.0	1.282051282051282
chr18	71	9	683.0	1.3177159590043925
chr18	72	9	671.0	1.3412816691505216
chr18	73	4	658.0	0.60790273556231
chr18	74	6	646.0	0.9287925696594427
chr18	75	8	638.0	1.2539184952978055
chr18	76	4	622.0	0.6430868167202572
chr18	77	15	609.0	2.4630541871921183
chr18	78	8	592.0	1.3513513513513513
chr18	79	8	584.0	1.36986301369863
chr18	80	9	567.0	1.5873015873015872
chr18	81	12	544.0	2.2058823529411766
chr18	82	9	533.0	1.6885553470919326
chr18	83	15	516.0	2.9069767441860463
chr18	84	3	504.0	0.5952380952380952
chr18	85	4	494.0	0.8097165991902834
chr18	86	4	480.0	0.8333333333333334
chr18	87	5	465.0	1.0752688172043012
chr18	88	5	454.0	1.1013215859030838
chr18	89	5	442.0	1.1312217194570136
chr18	90	5	434.0	1.1520737327188941
chr18	91	2	412.0	0.48543689320388345
chr18	92	10	394.0	2.5380710659898478
chr18	93	3	376.0	0.7978723404255319
chr18	94	4	363.0	1.1019283746556474
chr18	95	4	347.0	1.1527377521613833
chr18	96	6	328.0	1.8292682926829267
chr18	97	2	318.0	0.628930817610063
chr18	98	7	304.0	2.302631578947368
chr18	99	9	289.0	3.1141868512110724
chr18	100	3	272.0	1.1029411764705883
chr18	101	4	267.0	1.4981273408239701
chr18	102	2	248.0	0.8064516129032258
chr18	103	3	231.0	1.2987012987012987
chr18	104	1	215.0	0.46511627906976744
chr18	105	8	204.0	3.9215686274509802
chr18	106	2	182.0	1.098901098901099
chr18	107	5	161.0	3.1055900621118013
chr18	108	2	147.0	1.3605442176870748
chr18	109	1	136.0	0.7352941176470588
chr18	110	1	121.0	0.8264462809917356
chr18	111	0	111.0	0.0
chr18	112	1	90.0	1.1111111111111112
chr18	113	1	72.0	1.3888888888888888
chr18	114	1	53.0	1.8867924528301887
chr18	115	4	38.0	10.526315789473683
chr18	116	0	23.0	0.0
chr18	117	0	10.0	0.0
chr18	118	0	0.0	nan
chr18	119	0	0.0	nan
chr18	120	0	0.0	nan
chr18	121	0	0.0	nan
chr18	122	0	0.0	nan
chr18	123	0	0.0	nan
chr18	124	0	0.0	nan
chr18	125	0	0.0	nan
chr18	126	0	0.0	nan
chr18	127	0	0.0	nan
chr18	128	0	0.0	nan
chr19	-131	0	1.0	0.0
chr19	-130	0	1.0	0.0
chr19	-129	0	21.0	0.0
chr19	-128	0	48.0	0.0
chr19	-127	0	79.0	0.0
chr19	-126	0	115.0	0.0
chr19	-125	0	149.0	0.0
chr19	-124	0	180.0	0.0
chr19	-123	0	223.0	0.0
chr19	-122	2	272.0	0.7352941176470588
chr19	-121	0	312.0	0.0
chr19	-120	0	351.0	0.0
chr19	-119	2	385.0	0.5194805194805194
chr19	-118	1	431.0	0.23201856148491878
chr19	-117	1	481.0	0.2079002079002079
chr19	-116	0	527.0	0.0
chr19	-115	5	570.0	0.8771929824561403
chr19	-114	3	609.0	0.49261083743842365
chr19	-113	1	650.0	0.15384615384615385
chr19	-112	3	710.0	0.42253521126760557
chr19	-111	0	744.0	0.0
chr19	-110	2	784.0	0.25510204081632654
chr19	-109	0	824.0	0.0
chr19	-108	1	859.0	0.11641443538998836
chr19	-107	6	911.0	0.6586169045005488
chr19	-106	1	962.0	0.10395010395010396
chr19	-105	4	1009.0	0.39643211100099107
chr19	-104	1	1056.0	0.0946969696969697
chr19	-103	3	1094.0	0.2742230347349177
chr19	-102	0	1142.0	0.0
chr19	-101	14	1182.0	1.1844331641285957
chr19	-100	1	1230.0	0.08130081300813008
chr19	-99	2	1262.0	0.15847860538827258
chr19	-98	3	1307.0	0.22953328232593728
chr19	-97	1	1347.0	0.07423904974016332
chr19	-96	6	1404.0	0.4273504273504274
chr19	-95	3	1459.0	0.205620287868403
chr19	-94	14	1511.0	0.9265387160820648
chr19	-93	2	1566.0	0.1277139208173691
chr19	-92	0	1614.0	0.0
chr19	-91	3	1665.0	0.18018018018018017
chr19	-90	1	1709.0	0.058513750731421885
chr19	-89	3	1761.0	0.17035775127768313
chr19	-88	5	1815.0	0.27548209366391185
chr19	-87	2	1863.0	0.10735373054213634
chr19	-86	7	1908.0	0.3668763102725367
chr19	-85	4	1956.0	0.2044989775051125
chr19	-84	14	2004.0	0.6986027944111777
chr19	-83	5	2063.0	0.24236548715462916
chr19	-82	25	2118.0	1.1803588290840417
chr19	-81	2	2155.0	0.09280742459396751
chr19	-80	3	2198.0	0.13648771610555052
chr19	-79	3	2250.0	0.13333333333333333
chr19	-78	9	2306.0	0.39028620988725066
chr19	-77	2	2351.0	0.08507018290089324
chr19	-76	1	2397.0	0.041718815185648725
chr19	-75	2	2443.0	0.08186655751125665
chr19	-74	5	2496.0	0.2003205128205128
chr19	-73	6	2536.0	0.23659305993690852
chr19	-72	1	2583.0	0.03871467286101432
chr19	-71	16	2632.0	0.60790273556231
chr19	-70	8	2673.0	0.29928918817807704
chr19	-69	11	2717.0	0.4048582995951417
chr19	-68	14	2760.0	0.5072463768115941
chr19	-67	15	2809.0	0.533997864008544
chr19	-66	10	2849.0	0.35100035100035104
chr19	-65	3	2902.0	0.10337698139214334
chr19	-64	16	2957.0	0.5410889414947582
chr19	-63	6	3007.0	0.19953441968739608
chr19	-62	13	3055.0	0.425531914893617
chr19	-61	8	3102.0	0.2578981302385558
chr19	-60	5	3143.0	0.1590836780146357
chr19	-59	3	3202.0	0.09369144284821987
chr19	-58	9	3251.0	0.27683789603199016
chr19	-57	8	3304.0	0.24213075060532688
chr19	-56	12	3348.0	0.35842293906810035
chr19	-55	7	3398.0	0.20600353148911124
chr19	-54	4	3448.0	0.11600928074245939
chr19	-53	15	3496.0	0.4290617848970252
chr19	-52	7	3541.0	0.1976842699802316
chr19	-51	6	3580.0	0.16759776536312848
chr19	-50	19	3638.0	0.5222649807586587
chr19	-49	11	3699.0	0.2973776696404434
chr19	-48	5	3756.0	0.13312034078807242
chr19	-47	13	3811.0	0.3411178168459722
chr19	-46	18	3864.0	0.4658385093167702
chr19	-45	16	3917.0	0.40847587439366867
chr19	-44	5	3960.0	0.12626262626262627
chr19	-43	7	4019.0	0.17417267977108733
chr19	-42	18	4077.0	0.44150110375275936
chr19	-41	26	4132.0	0.6292352371732818
chr19	-40	12	4180.0	0.28708133971291866
chr19	-39	15	4231.0	0.3545261167572678
chr19	-38	18	4264.0	0.42213883677298314
chr19	-37	15	4324.0	0.3469010175763182
chr19	-36	21	4372.0	0.48032936870997256
chr19	-35	10	4413.0	0.22660321776569228
chr19	-34	28	4461.0	0.6276619592019727
chr19	-33	18	4515.0	0.3986710963455149
chr19	-32	15	4570.0	0.3282275711159737
chr19	-31	14	4616.0	0.30329289428076256
chr19	-30	27	4670.0	0.5781584582441114
chr19	-29	13	4716.0	0.275657336726039
chr19	-28	28	4758.0	0.5884825556956704
chr19	-27	16	4800.0	0.33333333333333337
chr19	-26	52	4842.0	1.07393638992152
chr19	-25	32	4881.0	0.6556033599672199
chr19	-24	13	4918.0	0.2643350955673038
chr19	-23	17	4955.0	0.343087790110999
chr19	-22	32	5005.0	0.6393606393606394
chr19	-21	18	5040.0	0.35714285714285715
chr19	-20	34	5086.0	0.6685017695635077
chr19	-19	14	5142.0	0.2722676001555815
chr19	-18	34	5183.0	0.6559907389542736
chr19	-17	11	5218.0	0.21080873898045227
chr19	-16	15	5261.0	0.28511689792815054
chr19	-15	20	5300.0	0.37735849056603776
chr19	-14	23	5338.0	0.43087298613713004
chr19	-13	57	5367.0	1.0620458356623812
chr19	-12	62	5415.0	1.1449676823638042
chr19	-11	20	5466.0	0.3658982802780827
chr19	-10	30	5509.0	0.5445634416409512
chr19	-9	54	5509.0	0.9802141949537121
chr19	-8	40	5508.0	0.7262164124909223
chr19	-7	40	5504.0	0.7267441860465116
chr19	-6	38	5503.0	0.6905324368526258
chr19	-5	48	5504.0	0.872093023255814
chr19	-4	30	5507.0	0.5447612130016343
chr19	-3	30	5506.0	0.5448601525608427
chr19	-2	39	5500.0	0.7090909090909091
chr19	-1	87	5490.0	1.5846994535519126
chr19	0	368	5191.0	7.089192833750722
chr19	1	82	5153.0	1.5913060353192314
chr19	2	56	5104.0	1.09717868338558
chr19	3	134	5060.0	2.6482213438735176
chr19	4	69	5014.0	1.3761467889908259
chr19	5	74	4964.0	1.4907332796132151
chr19	6	116	4918.0	2.3586823912159414
chr19	7	73	4885.0	1.4943705220061412
chr19	8	81	4854.0	1.6687268232385661
chr19	9	95	4811.0	1.974641446684681
chr19	10	66	4755.0	1.38801261829653
chr19	11	49	4719.0	1.0383555838101293
chr19	12	93	4672.0	1.990582191780822
chr19	13	86	4628.0	1.8582541054451167
chr19	14	76	4597.0	1.6532521209484445
chr19	15	50	4547.0	1.0996261271167804
chr19	16	64	4494.0	1.4241210502892745
chr19	17	58	4452.0	1.302785265049416
chr19	18	67	4417.0	1.5168666515734663
chr19	19	97	4374.0	2.217649748513946
chr19	20	47	4320.0	1.087962962962963
chr19	21	37	4263.0	0.8679333802486512
chr19	22	54	4220.0	1.2796208530805688
chr19	23	56	4169.0	1.3432477812425043
chr19	24	38	4124.0	0.921435499515034
chr19	25	60	4075.0	1.4723926380368098
chr19	26	52	4034.0	1.2890431333663859
chr19	27	55	3992.0	1.377755511022044
chr19	28	43	3959.0	1.0861328618337964
chr19	29	44	3923.0	1.1215906194239103
chr19	30	47	3874.0	1.2132163138874548
chr19	31	42	3837.0	1.09460516028147
chr19	32	55	3782.0	1.4542570068746696
chr19	33	54	3731.0	1.4473331546502277
chr19	34	30	3671.0	0.8172160174339418
chr19	35	37	3611.0	1.0246469122126833
chr19	36	48	3573.0	1.343408900083963
chr19	37	47	3526.0	1.3329551900170165
chr19	38	36	3486.0	1.0327022375215147
chr19	39	49	3445.0	1.4223512336719883
chr19	40	51	3397.0	1.5013246982631734
chr19	41	58	3352.0	1.7303102625298328
chr19	42	28	3305.0	0.8472012102874432
chr19	43	49	3266.0	1.5003061849357011
chr19	44	49	3225.0	1.5193798449612403
chr19	45	46	3163.0	1.4543155232374327
chr19	46	42	3118.0	1.3470173187940988
chr19	47	37	3082.0	1.200519143413368
chr19	48	43	3031.0	1.418673705047839
chr19	49	45	2979.0	1.5105740181268883
chr19	50	27	2942.0	0.9177430319510537
chr19	51	58	2904.0	1.997245179063361
chr19	52	40	2852.0	1.402524544179523
chr19	53	44	2803.0	1.569746699964324
chr19	54	23	2762.0	0.832729905865315
chr19	55	37	2716.0	1.362297496318115
chr19	56	31	2673.0	1.1597456041900485
chr19	57	32	2624.0	1.2195121951219512
chr19	58	40	2586.0	1.5467904098994587
chr19	59	36	2543.0	1.4156508061344868
chr19	60	26	2493.0	1.0429201764941836
chr19	61	31	2456.0	1.2622149837133552
chr19	62	25	2406.0	1.0390689941812137
chr19	63	34	2363.0	1.4388489208633095
chr19	64	24	2326.0	1.0318142734307825
chr19	65	26	2282.0	1.1393514460999123
chr19	66	27	2240.0	1.205357142857143
chr19	67	35	2189.0	1.5989036089538604
chr19	68	25	2144.0	1.166044776119403
chr19	69	32	2096.0	1.5267175572519083
chr19	70	31	2060.0	1.5048543689320388
chr19	71	29	2025.0	1.432098765432099
chr19	72	42	1982.0	2.119071644803229
chr19	73	23	1939.0	1.186178442496132
chr19	74	15	1886.0	0.7953340402969247
chr19	75	17	1837.0	0.9254218835057159
chr19	76	30	1787.0	1.6787912702853944
chr19	77	27	1732.0	1.558891454965358
chr19	78	23	1670.0	1.377245508982036
chr19	79	33	1626.0	2.029520295202952
chr19	80	17	1578.0	1.0773130544993663
chr19	81	45	1530.0	2.941176470588235
chr19	82	15	1479.0	1.0141987829614605
chr19	83	13	1429.0	0.9097270818754375
chr19	84	19	1372.0	1.3848396501457727
chr19	85	13	1326.0	0.9803921568627451
chr19	86	11	1272.0	0.8647798742138365
chr19	87	13	1225.0	1.0612244897959184
chr19	88	16	1171.0	1.3663535439795047
chr19	89	16	1129.0	1.41718334809566
chr19	90	14	1080.0	1.2962962962962963
chr19	91	8	1043.0	0.7670182166826461
chr19	92	8	994.0	0.8048289738430584
chr19	93	22	961.0	2.2892819979188346
chr19	94	10	915.0	1.092896174863388
chr19	95	7	868.0	0.8064516129032258
chr19	96	13	822.0	1.5815085158150852
chr19	97	9	771.0	1.1673151750972763
chr19	98	14	725.0	1.9310344827586208
chr19	99	11	687.0	1.6011644832605532
chr19	100	13	645.0	2.0155038759689923
chr19	101	9	598.0	1.5050167224080269
chr19	102	13	570.0	2.280701754385965
chr19	103	5	537.0	0.931098696461825
chr19	104	3	503.0	0.5964214711729622
chr19	105	5	462.0	1.0822510822510822
chr19	106	3	418.0	0.7177033492822966
chr19	107	4	373.0	1.0723860589812333
chr19	108	2	336.0	0.5952380952380952
chr19	109	2	285.0	0.7017543859649122
chr19	110	2	244.0	0.819672131147541
chr19	111	3	206.0	1.4563106796116505
chr19	112	2	176.0	1.1363636363636365
chr19	113	1	143.0	0.6993006993006993
chr19	114	0	112.0	0.0
chr19	115	1	76.0	1.3157894736842104
chr19	116	0	49.0	0.0
chr19	117	0	21.0	0.0
chr19	118	0	0.0	nan
chr19	119	0	0.0	nan
chr19	120	0	0.0	nan
chr19	121	0	0.0	nan
chr19	122	0	0.0	nan
chr19	123	0	0.0	nan
chr19	124	0	0.0	nan
chr19	125	0	0.0	nan
chr19	126	0	0.0	nan
chr19	127	0	0.0	nan
chr19	128	0	0.0	nan
chr19	129	0	0.0	nan
chr19	130	0	0.0	nan
chr20	-138	0	1.0	0.0
chr20	-137	0	1.0	0.0
chr20	-136	0	1.0	0.0
chr20	-135	0	1.0	0.0
chr20	-134	0	1.0	0.0
chr20	-133	0	1.0	0.0
chr20	-132	0	1.0	0.0
chr20	-131	0	1.0	0.0
chr20	-130	0	1.0	0.0
chr20	-129	0	5.0	0.0
chr20	-128	0	28.0	0.0
chr20	-127	0	46.0	0.0
chr20	-126	0	73.0	0.0
chr20	-125	1	94.0	1.0638297872340425
chr20	-124	0	125.0	0.0
chr20	-123	0	152.0	0.0
chr20	-122	1	181.0	0.5524861878453038
chr20	-121	0	211.0	0.0
chr20	-120	1	244.0	0.4098360655737705
chr20	-119	0	275.0	0.0
chr20	-118	0	308.0	0.0
chr20	-117	0	346.0	0.0
chr20	-116	1	376.0	0.26595744680851063
chr20	-115	2	412.0	0.48543689320388345
chr20	-114	0	452.0	0.0
chr20	-113	2	477.0	0.41928721174004197
chr20	-112	0	498.0	0.0
chr20	-111	3	520.0	0.576923076923077
chr20	-110	2	549.0	0.36429872495446264
chr20	-109	4	582.0	0.6872852233676976
chr20	-108	0	605.0	0.0
chr20	-107	1	638.0	0.1567398119122257
chr20	-106	1	681.0	0.14684287812041116
chr20	-105	1	717.0	0.1394700139470014
chr20	-104	2	741.0	0.2699055330634278
chr20	-103	1	776.0	0.12886597938144329
chr20	-102	0	811.0	0.0
chr20	-101	0	846.0	0.0
chr20	-100	1	876.0	0.1141552511415525
chr20	-99	1	908.0	0.11013215859030838
chr20	-98	2	949.0	0.21074815595363539
chr20	-97	2	984.0	0.20325203252032523
chr20	-96	0	1020.0	0.0
chr20	-95	3	1048.0	0.2862595419847328
chr20	-94	4	1087.0	0.36798528058877644
chr20	-93	1	1125.0	0.08888888888888889
chr20	-92	5	1153.0	0.43365134431916735
chr20	-91	4	1180.0	0.3389830508474576
chr20	-90	6	1212.0	0.49504950495049505
chr20	-89	5	1238.0	0.40387722132471726
chr20	-88	4	1270.0	0.31496062992125984
chr20	-87	2	1308.0	0.1529051987767584
chr20	-86	1	1331.0	0.07513148009015778
chr20	-85	2	1361.0	0.1469507714915503
chr20	-84	9	1391.0	0.6470165348670022
chr20	-83	2	1416.0	0.14124293785310735
chr20	-82	4	1443.0	0.2772002772002772
chr20	-81	1	1475.0	0.06779661016949153
chr20	-80	5	1510.0	0.33112582781456956
chr20	-79	5	1545.0	0.3236245954692557
chr20	-78	3	1574.0	0.1905972045743329
chr20	-77	3	1604.0	0.18703241895261846
chr20	-76	3	1637.0	0.1832620647525962
chr20	-75	14	1657.0	0.8449004224502112
chr20	-74	5	1683.0	0.29708853238265004
chr20	-73	3	1724.0	0.17401392111368907
chr20	-72	5	1748.0	0.2860411899313501
chr20	-71	5	1781.0	0.2807411566535654
chr20	-70	8	1814.0	0.4410143329658214
chr20	-69	1	1843.0	0.05425935973955508
chr20	-68	1	1866.0	0.05359056806002144
chr20	-67	4	1890.0	0.21164021164021166
chr20	-66	8	1916.0	0.41753653444676403
chr20	-65	7	1951.0	0.35879036391594055
chr20	-64	4	1987.0	0.20130850528434827
chr20	-63	3	2017.0	0.1487357461576599
chr20	-62	2	2046.0	0.09775171065493646
chr20	-61	3	2078.0	0.14436958614051973
chr20	-60	8	2101.0	0.38077106139933364
chr20	-59	3	2134.0	0.14058106841611998
chr20	-58	12	2164.0	0.5545286506469501
chr20	-57	5	2198.0	0.22747952684258416
chr20	-56	6	2224.0	0.2697841726618705
chr20	-55	2	2255.0	0.08869179600886917
chr20	-54	1	2284.0	0.043782837127845885
chr20	-53	3	2320.0	0.12931034482758622
chr20	-52	4	2362.0	0.1693480101608806
chr20	-51	4	2405.0	0.16632016632016633
chr20	-50	3	2440.0	0.12295081967213116
chr20	-49	4	2468.0	0.1620745542949757
chr20	-48	8	2491.0	0.3211561621838619
chr20	-47	30	2515.0	1.1928429423459244
chr20	-46	15	2557.0	0.5866249511145875
chr20	-45	5	2585.0	0.19342359767891684
chr20	-44	4	2611.0	0.15319800842589046
chr20	-43	16	2649.0	0.604001510003775
chr20	-42	4	2679.0	0.14930944382232175
chr20	-41	6	2713.0	0.22115739034279397
chr20	-40	6	2740.0	0.21897810218978103
chr20	-39	1	2782.0	0.03594536304816679
chr20	-38	6	2806.0	0.21382751247327159
chr20	-37	3	2839.0	0.10567101091933778
chr20	-36	27	2869.0	0.9410944579993028
chr20	-35	6	2895.0	0.20725388601036268
chr20	-34	8	2936.0	0.2724795640326975
chr20	-33	12	2963.0	0.4049949375632805
chr20	-32	8	2983.0	0.2681863895407308
chr20	-31	3	3022.0	0.09927200529450694
chr20	-30	9	3070.0	0.2931596091205212
chr20	-29	25	3093.0	0.8082767539605561
chr20	-28	17	3130.0	0.5431309904153354
chr20	-27	10	3166.0	0.3158559696778269
chr20	-26	21	3190.0	0.658307210031348
chr20	-25	8	3227.0	0.2479082739386427
chr20	-24	2	3246.0	0.06161429451632779
chr20	-23	6	3276.0	0.18315018315018314
chr20	-22	17	3309.0	0.5137503777576307
chr20	-21	6	3335.0	0.17991004497751123
chr20	-20	16	3369.0	0.4749183734045711
chr20	-19	24	3409.0	0.7040187738339688
chr20	-18	7	3442.0	0.20337013364323067
chr20	-17	9	3472.0	0.25921658986175117
chr20	-16	22	3499.0	0.6287510717347814
chr20	-15	22	3524.0	0.6242905788876276
chr20	-14	14	3551.0	0.3942551393973529
chr20	-13	19	3578.0	0.5310229178311906
chr20	-12	24	3597.0	0.6672226855713094
chr20	-11	38	3624.0	1.0485651214128036
chr20	-10	8	3656.0	0.2188183807439825
chr20	-9	21	3655.0	0.5745554035567715
chr20	-8	31	3656.0	0.8479212253829322
chr20	-7	11	3656.0	0.30087527352297594
chr20	-6	13	3656.0	0.35557986870897157
chr20	-5	14	3655.0	0.38303693570451436
chr20	-4	19	3636.0	0.5225522552255226
chr20	-3	25	3654.0	0.6841817186644773
chr20	-2	42	3645.0	1.1522633744855968
chr20	-1	44	3641.0	1.2084592145015105
chr20	0	242	3461.0	6.992198786477896
chr20	1	39	3419.0	1.1406844106463878
chr20	2	36	3395.0	1.0603829160530192
chr20	3	75	3373.0	2.223539875481767
chr20	4	47	3345.0	1.4050822122571
chr20	5	47	3307.0	1.4212276988206833
chr20	6	73	3270.0	2.232415902140673
chr20	7	69	3237.0	2.131603336422614
chr20	8	45	3203.0	1.4049328754292851
chr20	9	21	3173.0	0.6618342262842736
chr20	10	68	3147.0	2.1607880521131233
chr20	11	49	3110.0	1.5755627009646302
chr20	12	46	3081.0	1.4930217461863031
chr20	13	41	3050.0	1.3442622950819672
chr20	14	47	3016.0	1.5583554376657824
chr20	15	43	2988.0	1.4390896921017404
chr20	16	47	2962.0	1.5867656988521268
chr20	17	41	2935.0	1.3969335604770017
chr20	18	56	2906.0	1.9270474879559532
chr20	19	49	2872.0	1.7061281337047354
chr20	20	36	2845.0	1.265377855887522
chr20	21	46	2805.0	1.6399286987522281
chr20	22	30	2768.0	1.083815028901734
chr20	23	49	2734.0	1.7922457937088514
chr20	24	25	2707.0	0.9235315847801995
chr20	25	29	2673.0	1.0849233071455293
chr20	26	36	2635.0	1.366223908918406
chr20	27	52	2606.0	1.9953952417498082
chr20	28	36	2578.0	1.3964313421256789
chr20	29	28	2554.0	1.096319498825372
chr20	30	32	2514.0	1.2728719172633254
chr20	31	40	2479.0	1.6135538523598225
chr20	32	18	2443.0	0.7367990176013098
chr20	33	34	2417.0	1.406702523789822
chr20	34	21	2380.0	0.8823529411764706
chr20	35	36	2348.0	1.5332197614991483
chr20	36	31	2318.0	1.3373597929249352
chr20	37	32	2287.0	1.3992129427197202
chr20	38	28	2253.0	1.2427873945849977
chr20	39	22	2229.0	0.986989681471512
chr20	40	22	2193.0	1.0031919744642042
chr20	41	41	2172.0	1.8876611418047882
chr20	42	28	2153.0	1.3005109150023224
chr20	43	14	2125.0	0.6588235294117647
chr20	44	27	2102.0	1.2844909609895336
chr20	45	30	2076.0	1.4450867052023122
chr20	46	37	2044.0	1.8101761252446182
chr20	47	9	2004.0	0.4491017964071856
chr20	48	29	1974.0	1.4690982776089159
chr20	49	24	1946.0	1.2332990750256936
chr20	50	37	1919.0	1.9280875455966648
chr20	51	24	1885.0	1.273209549071618
chr20	52	11	1854.0	0.593311758360302
chr20	53	17	1830.0	0.9289617486338797
chr20	54	32	1808.0	1.7699115044247788
chr20	55	31	1784.0	1.7376681614349778
chr20	56	27	1749.0	1.5437392795883362
chr20	57	33	1725.0	1.9130434782608694
chr20	58	21	1701.0	1.2345679012345678
chr20	59	21	1673.0	1.2552301255230125
chr20	60	13	1651.0	0.7874015748031495
chr20	61	13	1627.0	0.7990165949600493
chr20	62	25	1599.0	1.5634771732332706
chr20	63	21	1569.0	1.338432122370937
chr20	64	18	1537.0	1.1711125569290826
chr20	65	28	1516.0	1.8469656992084433
chr20	66	12	1483.0	0.8091706001348618
chr20	67	15	1453.0	1.032346868547832
chr20	68	23	1428.0	1.610644257703081
chr20	69	25	1400.0	1.7857142857142856
chr20	70	15	1372.0	1.0932944606413995
chr20	71	8	1339.0	0.597460791635549
chr20	72	11	1324.0	0.8308157099697886
chr20	73	10	1280.0	0.78125
chr20	74	14	1258.0	1.1128775834658187
chr20	75	9	1225.0	0.7346938775510203
chr20	76	9	1195.0	0.7531380753138075
chr20	77	12	1155.0	1.0389610389610389
chr20	78	20	1126.0	1.7761989342806392
chr20	79	6	1093.0	0.5489478499542544
chr20	80	9	1067.0	0.8434864104967198
chr20	81	12	1040.0	1.153846153846154
chr20	82	14	1003.0	1.3958125623130608
chr20	83	18	978.0	1.8404907975460123
chr20	84	12	948.0	1.2658227848101267
chr20	85	6	920.0	0.6521739130434783
chr20	86	6	885.0	0.6779661016949152
chr20	87	12	851.0	1.410105757931845
chr20	88	11	813.0	1.3530135301353015
chr20	89	7	783.0	0.8939974457215836
chr20	90	10	760.0	1.3157894736842104
chr20	91	19	726.0	2.6170798898071626
chr20	92	6	691.0	0.8683068017366137
chr20	93	5	656.0	0.7621951219512195
chr20	94	7	627.0	1.1164274322169059
chr20	95	5	605.0	0.8264462809917356
chr20	96	10	580.0	1.7241379310344827
chr20	97	2	548.0	0.36496350364963503
chr20	98	13	512.0	2.5390625
chr20	99	9	488.0	1.8442622950819672
chr20	100	10	452.0	2.2123893805309733
chr20	101	1	426.0	0.2347417840375587
chr20	102	4	397.0	1.0075566750629723
chr20	103	4	362.0	1.1049723756906076
chr20	104	5	337.0	1.483679525222552
chr20	105	6	304.0	1.9736842105263157
chr20	106	2	272.0	0.7352941176470588
chr20	107	5	247.0	2.0242914979757085
chr20	108	5	212.0	2.358490566037736
chr20	109	3	185.0	1.6216216216216217
chr20	110	3	155.0	1.935483870967742
chr20	111	2	128.0	1.5625
chr20	112	1	110.0	0.9090909090909091
chr20	113	0	86.0	0.0
chr20	114	1	68.0	1.4705882352941175
chr20	115	0	51.0	0.0
chr20	116	0	34.0	0.0
chr20	117	0	17.0	0.0
chr20	118	0	0.0	nan
chr20	119	0	0.0	nan
chr20	120	0	0.0	nan
chr20	121	0	0.0	nan
chr20	122	0	0.0	nan
chr20	123	0	0.0	nan
chr20	124	0	0.0	nan
chr20	125	0	0.0	nan
chr20	126	0	0.0	nan
chr20	127	0	0.0	nan
chr20	128	0	0.0	nan
chr20	129	0	0.0	nan
chr21	-138	0	1.0	0.0
chr21	-137	0	2.0	0.0
chr21	-136	0	2.0	0.0
chr21	-135	0	2.0	0.0
chr21	-134	0	2.0	0.0
chr21	-133	0	2.0	0.0
chr21	-132	0	3.0	0.0
chr21	-131	0	4.0	0.0
chr21	-130	0	5.0	0.0
chr21	-129	0	19.0	0.0
chr21	-128	0	26.0	0.0
chr21	-127	0	38.0	0.0
chr21	-126	1	60.0	1.6666666666666667
chr21	-125	0	80.0	0.0
chr21	-124	0	98.0	0.0
chr21	-123	0	116.0	0.0
chr21	-122	1	138.0	0.7246376811594203
chr21	-121	0	155.0	0.0
chr21	-120	0	178.0	0.0
chr21	-119	0	208.0	0.0
chr21	-118	0	240.0	0.0
chr21	-117	1	261.0	0.38314176245210724
chr21	-116	0	276.0	0.0
chr21	-115	1	293.0	0.3412969283276451
chr21	-114	0	320.0	0.0
chr21	-113	0	342.0	0.0
chr21	-112	1	361.0	0.2770083102493075
chr21	-111	0	382.0	0.0
chr21	-110	4	412.0	0.9708737864077669
chr21	-109	1	436.0	0.22935779816513763
chr21	-108	2	459.0	0.4357298474945534
chr21	-107	2	482.0	0.4149377593360996
chr21	-106	0	505.0	0.0
chr21	-105	1	530.0	0.18867924528301888
chr21	-104	3	559.0	0.5366726296958855
chr21	-103	6	590.0	1.0169491525423728
chr21	-102	0	617.0	0.0
chr21	-101	1	642.0	0.1557632398753894
chr21	-100	4	663.0	0.603318250377074
chr21	-99	1	685.0	0.145985401459854
chr21	-98	2	715.0	0.27972027972027974
chr21	-97	2	737.0	0.27137042062415195
chr21	-96	1	771.0	0.12970168612191957
chr21	-95	3	795.0	0.37735849056603776
chr21	-94	7	823.0	0.850546780072904
chr21	-93	4	848.0	0.4716981132075472
chr21	-92	3	876.0	0.3424657534246575
chr21	-91	2	907.0	0.2205071664829107
chr21	-90	4	933.0	0.4287245444801715
chr21	-89	1	959.0	0.10427528675703858
chr21	-88	3	986.0	0.3042596348884381
chr21	-87	11	1015.0	1.083743842364532
chr21	-86	0	1042.0	0.0
chr21	-85	0	1063.0	0.0
chr21	-84	1	1089.0	0.09182736455463728
chr21	-83	1	1107.0	0.09033423667570009
chr21	-82	4	1128.0	0.3546099290780142
chr21	-81	3	1148.0	0.2613240418118467
chr21	-80	9	1170.0	0.7692307692307693
chr21	-79	4	1198.0	0.333889816360601
chr21	-78	10	1228.0	0.8143322475570033
chr21	-77	8	1265.0	0.6324110671936759
chr21	-76	2	1280.0	0.15625
chr21	-75	3	1307.0	0.22953328232593728
chr21	-74	9	1335.0	0.6741573033707865
chr21	-73	1	1361.0	0.07347538574577515
chr21	-72	1	1383.0	0.07230657989877079
chr21	-71	0	1406.0	0.0
chr21	-70	1	1439.0	0.06949270326615706
chr21	-69	4	1466.0	0.2728512960436562
chr21	-68	8	1497.0	0.5344021376085505
chr21	-67	4	1518.0	0.2635046113306983
chr21	-66	2	1546.0	0.129366106080207
chr21	-65	2	1577.0	0.12682308180088775
chr21	-64	10	1599.0	0.6253908692933083
chr21	-63	3	1627.0	0.18438844499078058
chr21	-62	5	1662.0	0.3008423586040915
chr21	-61	4	1678.0	0.23837902264600713
chr21	-60	8	1698.0	0.47114252061248524
chr21	-59	2	1719.0	0.11634671320535195
chr21	-58	6	1732.0	0.3464203233256351
chr21	-57	1	1756.0	0.05694760820045558
chr21	-56	3	1779.0	0.16863406408094433
chr21	-55	19	1807.0	1.0514665190924184
chr21	-54	3	1837.0	0.16330974414806748
chr21	-53	12	1872.0	0.641025641025641
chr21	-52	5	1891.0	0.26441036488630354
chr21	-51	7	1927.0	0.3632589517384536
chr21	-50	17	1951.0	0.8713480266529985
chr21	-49	12	1971.0	0.60882800608828
chr21	-48	2	1996.0	0.1002004008016032
chr21	-47	25	2022.0	1.2363996043521266
chr21	-46	4	2034.0	0.19665683382497542
chr21	-45	2	2065.0	0.09685230024213075
chr21	-44	3	2091.0	0.1434720229555237
chr21	-43	17	2113.0	0.8045433033601515
chr21	-42	3	2138.0	0.1403180542563143
chr21	-41	6	2170.0	0.2764976958525346
chr21	-40	3	2170.0	0.1382488479262673
chr21	-39	3	2215.0	0.13544018058690743
chr21	-38	32	2230.0	1.4349775784753362
chr21	-37	9	2259.0	0.398406374501992
chr21	-36	6	2275.0	0.26373626373626374
chr21	-35	17	2299.0	0.7394519356241844
chr21	-34	9	2321.0	0.3877638948728996
chr21	-33	4	2348.0	0.17035775127768313
chr21	-32	49	2373.0	2.0648967551622417
chr21	-31	14	2402.0	0.5828476269775187
chr21	-30	11	2428.0	0.4530477759472817
chr21	-29	2	2457.0	0.0814000814000814
chr21	-28	3	2481.0	0.12091898428053204
chr21	-27	4	2499.0	0.1600640256102441
chr21	-26	9	2519.0	0.3572846367606193
chr21	-25	4	2536.0	0.15772870662460567
chr21	-24	10	2565.0	0.3898635477582846
chr21	-23	6	2585.0	0.23210831721470018
chr21	-22	10	2611.0	0.38299502106472616
chr21	-21	7	2627.0	0.26646364674533685
chr21	-20	5	2647.0	0.18889308651303363
chr21	-19	5	2674.0	0.1869857890800299
chr21	-18	34	2696.0	1.261127596439169
chr21	-17	7	2716.0	0.25773195876288657
chr21	-16	48	2748.0	1.7467248908296942
chr21	-15	8	2792.0	0.28653295128939826
chr21	-14	9	2814.0	0.31982942430703626
chr21	-13	8	2834.0	0.2822865208186309
chr21	-12	20	2861.0	0.6990562740300594
chr21	-11	13	2886.0	0.45045045045045046
chr21	-10	7	2916.0	0.24005486968449932
chr21	-9	11	2916.0	0.3772290809327846
chr21	-8	7	2916.0	0.24005486968449932
chr21	-7	9	2916.0	0.30864197530864196
chr21	-6	5	2915.0	0.17152658662092624
chr21	-5	30	2915.0	1.0291595197255576
chr21	-4	27	2905.0	0.9294320137693631
chr21	-3	18	2899.0	0.6209037599172128
chr21	-2	41	2893.0	1.417213964742482
chr21	-1	78	2878.0	2.7102154273801253
chr21	0	195	2743.0	7.109004739336493
chr21	1	46	2724.0	1.6886930983847284
chr21	2	39	2702.0	1.4433752775721687
chr21	3	61	2689.0	2.268501301599107
chr21	4	38	2670.0	1.4232209737827715
chr21	5	42	2647.0	1.5867019267094824
chr21	6	54	2625.0	2.057142857142857
chr21	7	33	2600.0	1.2692307692307692
chr21	8	34	2576.0	1.3198757763975155
chr21	9	20	2552.0	0.7836990595611284
chr21	10	57	2526.0	2.2565320665083135
chr21	11	61	2510.0	2.4302788844621515
chr21	12	36	2495.0	1.4428857715430863
chr21	13	17	2469.0	0.688537869582827
chr21	14	30	2443.0	1.2279983626688498
chr21	15	64	2406.0	2.660016625103907
chr21	16	30	2383.0	1.258917331095258
chr21	17	45	2360.0	1.9067796610169492
chr21	18	27	2334.0	1.1568123393316194
chr21	19	33	2313.0	1.4267185473411155
chr21	20	33	2288.0	1.4423076923076923
chr21	21	37	2268.0	1.6313932980599646
chr21	22	14	2242.0	0.6244424620874219
chr21	23	29	2219.0	1.3068949977467328
chr21	24	22	2199.0	1.0004547521600726
chr21	25	29	2169.0	1.3370216689718764
chr21	26	16	2140.0	0.7476635514018692
chr21	27	34	2131.0	1.5954950727358048
chr21	28	18	2103.0	0.8559201141226819
chr21	29	28	2082.0	1.344860710854947
chr21	30	25	2055.0	1.2165450121654502
chr21	31	48	2035.0	2.3587223587223587
chr21	32	28	2003.0	1.3979031452820767
chr21	33	28	1976.0	1.417004048582996
chr21	34	28	1948.0	1.4373716632443532
chr21	35	20	1925.0	1.0389610389610389
chr21	36	15	1899.0	0.7898894154818324
chr21	37	43	1864.0	2.3068669527897
chr21	38	23	1841.0	1.249321021184139
chr21	39	21	1811.0	1.1595803423522915
chr21	40	39	1794.0	2.1739130434782608
chr21	41	29	1769.0	1.639344262295082
chr21	42	39	1738.0	2.243958573072497
chr21	43	26	1717.0	1.5142690739662201
chr21	44	21	1694.0	1.2396694214876034
chr21	45	28	1677.0	1.6696481812760882
chr21	46	30	1663.0	1.8039687312086592
chr21	47	27	1645.0	1.6413373860182372
chr21	48	37	1630.0	2.2699386503067487
chr21	49	18	1599.0	1.125703564727955
chr21	50	16	1573.0	1.0171646535282899
chr21	51	32	1543.0	2.0738820479585223
chr21	52	14	1522.0	0.9198423127463863
chr21	53	20	1504.0	1.3297872340425532
chr21	54	21	1472.0	1.4266304347826086
chr21	55	9	1447.0	0.6219765031098825
chr21	56	21	1429.0	1.4695591322603219
chr21	57	20	1400.0	1.4285714285714286
chr21	58	24	1368.0	1.7543859649122806
chr21	59	18	1344.0	1.3392857142857142
chr21	60	20	1312.0	1.524390243902439
chr21	61	12	1287.0	0.9324009324009324
chr21	62	13	1274.0	1.0204081632653061
chr21	63	21	1246.0	1.6853932584269662
chr21	64	15	1220.0	1.2295081967213115
chr21	65	9	1196.0	0.7525083612040134
chr21	66	14	1170.0	1.1965811965811968
chr21	67	19	1154.0	1.6464471403812824
chr21	68	17	1125.0	1.511111111111111
chr21	69	12	1112.0	1.079136690647482
chr21	70	9	1090.0	0.8256880733944955
chr21	71	11	1062.0	1.0357815442561207
chr21	72	16	1039.0	1.539942252165544
chr21	73	17	1018.0	1.6699410609037328
chr21	74	6	988.0	0.6072874493927125
chr21	75	12	954.0	1.257861635220126
chr21	76	23	936.0	2.4572649572649574
chr21	77	21	917.0	2.2900763358778624
chr21	78	12	885.0	1.3559322033898304
chr21	79	15	861.0	1.7421602787456445
chr21	80	9	836.0	1.076555023923445
chr21	81	6	814.0	0.7371007371007371
chr21	82	13	793.0	1.639344262295082
chr21	83	9	769.0	1.1703511053315996
chr21	84	7	747.0	0.9370816599732262
chr21	85	6	729.0	0.823045267489712
chr21	86	18	705.0	2.553191489361702
chr21	87	7	681.0	1.0279001468428781
chr21	88	7	652.0	1.0736196319018405
chr21	89	11	635.0	1.7322834645669292
chr21	90	4	613.0	0.6525285481239804
chr21	91	11	594.0	1.8518518518518516
chr21	92	3	580.0	0.5172413793103449
chr21	93	3	557.0	0.5385996409335727
chr21	94	12	531.0	2.2598870056497176
chr21	95	3	504.0	0.5952380952380952
chr21	96	7	481.0	1.4553014553014554
chr21	97	6	453.0	1.3245033112582782
chr21	98	5	436.0	1.146788990825688
chr21	99	6	406.0	1.477832512315271
chr21	100	4	382.0	1.0471204188481675
chr21	101	5	359.0	1.392757660167131
chr21	102	4	338.0	1.183431952662722
chr21	103	5	318.0	1.5723270440251573
chr21	104	4	302.0	1.3245033112582782
chr21	105	3	281.0	1.0676156583629894
chr21	106	3	253.0	1.185770750988142
chr21	107	3	238.0	1.2605042016806722
chr21	108	3	206.0	1.4563106796116505
chr21	109	4	183.0	2.185792349726776
chr21	110	6	159.0	3.7735849056603774
chr21	111	2	141.0	1.4184397163120568
chr21	112	0	115.0	0.0
chr21	113	1	88.0	1.1363636363636365
chr21	114	0	69.0	0.0
chr21	115	0	53.0	0.0
chr21	116	1	32.0	3.125
chr21	117	0	18.0	0.0
chr21	118	0	0.0	nan
chr21	119	0	0.0	nan
chr21	120	0	0.0	nan
chr21	121	0	0.0	nan
chr21	122	0	0.0	nan
chr21	123	0	0.0	nan
chr21	124	0	0.0	nan
chr21	125	0	0.0	nan
chr21	126	0	0.0	nan
chr21	127	0	0.0	nan
chr21	128	0	0.0	nan
chr21	129	0	0.0	nan
chr21	130	0	0.0	nan
chr21	131	0	0.0	nan
chr21	132	0	0.0	nan
chr21	133	0	0.0	nan
chr21	134	0	0.0	nan
chr21	135	0	0.0	nan
chr21	136	0	0.0	nan
chr21	137	0	0.0	nan
chr22	-130	0	1.0	0.0
chr22	-129	0	36.0	0.0
chr22	-128	0	65.0	0.0
chr22	-127	0	97.0	0.0
chr22	-126	0	142.0	0.0
chr22	-125	0	188.0	0.0
chr22	-124	0	219.0	0.0
chr22	-123	0	266.0	0.0
chr22	-122	0	318.0	0.0
chr22	-121	1	360.0	0.2777777777777778
chr22	-120	2	423.0	0.4728132387706856
chr22	-119	0	478.0	0.0
chr22	-118	1	522.0	0.19157088122605362
chr22	-117	4	570.0	0.7017543859649122
chr22	-116	1	625.0	0.16
chr22	-115	1	668.0	0.14970059880239522
chr22	-114	0	717.0	0.0
chr22	-113	2	763.0	0.2621231979030144
chr22	-112	1	819.0	0.1221001221001221
chr22	-111	2	863.0	0.2317497103128621
chr22	-110	1	917.0	0.10905125408942204
chr22	-109	2	963.0	0.20768431983385255
chr22	-108	3	997.0	0.3009027081243731
chr22	-107	3	1052.0	0.28517110266159695
chr22	-106	1	1115.0	0.08968609865470852
chr22	-105	1	1157.0	0.08643042350907519
chr22	-104	3	1198.0	0.25041736227045075
chr22	-103	5	1245.0	0.4016064257028112
chr22	-102	3	1287.0	0.2331002331002331
chr22	-101	1	1336.0	0.07485029940119761
chr22	-100	3	1392.0	0.21551724137931033
chr22	-99	1	1437.0	0.06958942240779402
chr22	-98	2	1487.0	0.13449899125756556
chr22	-97	4	1534.0	0.2607561929595828
chr22	-96	6	1582.0	0.37926675094816686
chr22	-95	2	1632.0	0.12254901960784313
chr22	-94	8	1686.0	0.4744958481613286
chr22	-93	2	1733.0	0.1154068090017311
chr22	-92	3	1783.0	0.16825574873808188
chr22	-91	1	1827.0	0.05473453749315819
chr22	-90	0	1872.0	0.0
chr22	-89	7	1929.0	0.36288232244686364
chr22	-88	8	1968.0	0.40650406504065045
chr22	-87	14	2019.0	0.6934125804853888
chr22	-86	2	2061.0	0.09704027171276079
chr22	-85	1	2119.0	0.04719207173194903
chr22	-84	2	2161.0	0.09254974548819991
chr22	-83	18	2210.0	0.8144796380090499
chr22	-82	12	2251.0	0.5330964015992893
chr22	-81	2	2300.0	0.08695652173913043
chr22	-80	2	2347.0	0.08521516829995739
chr22	-79	5	2397.0	0.20859407592824364
chr22	-78	7	2440.0	0.28688524590163933
chr22	-77	7	2471.0	0.28328611898017
chr22	-76	7	2528.0	0.27689873417721517
chr22	-75	6	2585.0	0.23210831721470018
chr22	-74	2	2651.0	0.07544322897019992
chr22	-73	9	2712.0	0.33185840707964603
chr22	-72	5	2754.0	0.18155410312273057
chr22	-71	13	2805.0	0.4634581105169341
chr22	-70	9	2855.0	0.31523642732049034
chr22	-69	19	2914.0	0.6520247083047358
chr22	-68	17	2969.0	0.5725833614011452
chr22	-67	26	3018.0	0.8614976805831678
chr22	-66	5	3078.0	0.16244314489928524
chr22	-65	6	3129.0	0.19175455417066153
chr22	-64	7	3182.0	0.21998742928975487
chr22	-63	8	3235.0	0.2472952086553323
chr22	-62	23	3291.0	0.6988757216651473
chr22	-61	6	3340.0	0.17964071856287425
chr22	-60	10	3383.0	0.29559562518474725
chr22	-59	3	3435.0	0.08733624454148471
chr22	-58	12	3480.0	0.3448275862068966
chr22	-57	14	3531.0	0.3964882469555367
chr22	-56	22	3568.0	0.6165919282511211
chr22	-55	4	3623.0	0.11040574109853712
chr22	-54	11	3674.0	0.29940119760479045
chr22	-53	10	3730.0	0.2680965147453083
chr22	-52	5	3779.0	0.13231013495633767
chr22	-51	24	3829.0	0.6267955079655263
chr22	-50	10	3873.0	0.2581977794990963
chr22	-49	15	3910.0	0.3836317135549872
chr22	-48	35	3973.0	0.8809463881198086
chr22	-47	7	4015.0	0.17434620174346202
chr22	-46	11	4064.0	0.2706692913385827
chr22	-45	16	4108.0	0.3894839337877313
chr22	-44	5	4158.0	0.12025012025012026
chr22	-43	12	4203.0	0.28551034975017847
chr22	-42	7	4250.0	0.16470588235294117
chr22	-41	36	4294.0	0.8383791336748951
chr22	-40	30	4336.0	0.6918819188191881
chr22	-39	11	4384.0	0.2509124087591241
chr22	-38	11	4445.0	0.24746906636670418
chr22	-37	18	4490.0	0.40089086859688194
chr22	-36	22	4551.0	0.4834102395078005
chr22	-35	10	4595.0	0.2176278563656148
chr22	-34	29	4649.0	0.6237900623790062
chr22	-33	19	4708.0	0.4035683942225999
chr22	-32	46	4774.0	0.9635525764558024
chr22	-31	9	4834.0	0.18618121638394705
chr22	-30	36	4880.0	0.7377049180327869
chr22	-29	12	4924.0	0.2437043054427295
chr22	-28	48	4983.0	0.963275135460566
chr22	-27	19	5045.0	0.37661050545094155
chr22	-26	8	5080.0	0.15748031496062992
chr22	-25	18	5137.0	0.35039906560249173
chr22	-24	16	5179.0	0.30893994979725814
chr22	-23	35	5235.0	0.6685768863419294
chr22	-22	23	5277.0	0.43585370475649043
chr22	-21	8	5314.0	0.1505457282649605
chr22	-20	23	5354.0	0.4295853567426224
chr22	-19	9	5397.0	0.16675931072818231
chr22	-18	20	5441.0	0.3675794890645102
chr22	-17	24	5480.0	0.43795620437956206
chr22	-16	33	5523.0	0.5975013579576317
chr22	-15	33	5568.0	0.5926724137931034
chr22	-14	25	5620.0	0.4448398576512456
chr22	-13	32	5665.0	0.5648720211827007
chr22	-12	31	5708.0	0.5430974071478627
chr22	-11	25	5751.0	0.4347070074769605
chr22	-10	23	5798.0	0.39668851328044147
chr22	-9	42	5802.0	0.7238883143743536
chr22	-8	40	5799.0	0.6897740989825831
chr22	-7	20	5803.0	0.34464931931759435
chr22	-6	17	5792.0	0.2935082872928177
chr22	-5	45	5802.0	0.7755946225439504
chr22	-4	38	5799.0	0.655285394033454
chr22	-3	36	5793.0	0.6214396685655101
chr22	-2	32	5785.0	0.5531547104580812
chr22	-1	95	5780.0	1.6435986159169549
chr22	0	388	5473.0	7.0893477069249045
chr22	1	68	5440.0	1.25
chr22	2	93	5384.0	1.7273402674591383
chr22	3	91	5340.0	1.7041198501872659
chr22	4	85	5307.0	1.6016581872997926
chr22	5	91	5253.0	1.7323434228060157
chr22	6	98	5206.0	1.8824433346139071
chr22	7	91	5155.0	1.7652764306498547
chr22	8	98	5100.0	1.9215686274509802
chr22	9	60	5046.0	1.1890606420927468
chr22	10	54	4991.0	1.081947505509918
chr22	11	91	4936.0	1.8435980551053486
chr22	12	82	4879.0	1.680672268907563
chr22	13	70	4846.0	1.4444903012794057
chr22	14	54	4812.0	1.1221945137157108
chr22	15	76	4772.0	1.5926236378876781
chr22	16	74	4725.0	1.566137566137566
chr22	17	74	4676.0	1.5825491873396065
chr22	18	43	4632.0	0.9283246977547497
chr22	19	76	4564.0	1.6652059596844873
chr22	20	43	4521.0	0.9511170095111701
chr22	21	47	4474.0	1.0505140813589628
chr22	22	74	4423.0	1.6730725751752205
chr22	23	52	4372.0	1.1893870082342177
chr22	24	49	4330.0	1.1316397228637414
chr22	25	66	4279.0	1.5424164524421593
chr22	26	45	4236.0	1.0623229461756374
chr22	27	65	4186.0	1.5527950310559007
chr22	28	42	4134.0	1.0159651669085632
chr22	29	61	4083.0	1.493999510164095
chr22	30	41	4036.0	1.0158572844400395
chr22	31	34	3995.0	0.851063829787234
chr22	32	66	3944.0	1.6734279918864097
chr22	33	51	3904.0	1.3063524590163935
chr22	34	60	3861.0	1.554001554001554
chr22	35	48	3811.0	1.2595119391235896
chr22	36	34	3757.0	0.904977375565611
chr22	37	58	3713.0	1.5620791812550499
chr22	38	54	3667.0	1.4725934005999455
chr22	39	52	3615.0	1.438450899031812
chr22	40	48	3574.0	1.3430330162283157
chr22	41	37	3533.0	1.0472686102462496
chr22	42	41	3486.0	1.176133103843947
chr22	43	49	3444.0	1.4227642276422763
chr22	44	40	3396.0	1.1778563015312131
chr22	45	44	3348.0	1.3142174432497014
chr22	46	33	3308.0	0.9975816203143895
chr22	47	46	3262.0	1.4101778050275904
chr22	48	36	3218.0	1.1187072715972655
chr22	49	39	3168.0	1.231060606060606
chr22	50	42	3131.0	1.3414244650271478
chr22	51	26	3070.0	0.8469055374592834
chr22	52	28	3031.0	0.9237875288683602
chr22	53	37	2981.0	1.2411942301241194
chr22	54	32	2920.0	1.095890410958904
chr22	55	35	2871.0	1.2190874259839777
chr22	56	40	2821.0	1.4179369018078696
chr22	57	34	2772.0	1.2265512265512266
chr22	58	25	2711.0	0.9221689413500553
chr22	59	37	2668.0	1.3868065967016492
chr22	60	30	2624.0	1.1432926829268293
chr22	61	33	2577.0	1.2805587892898718
chr22	62	25	2523.0	0.9908838684106223
chr22	63	35	2469.0	1.4175779667881734
chr22	64	25	2408.0	1.0382059800664452
chr22	65	31	2361.0	1.3130029648454045
chr22	66	28	2317.0	1.2084592145015105
chr22	67	19	2280.0	0.8333333333333334
chr22	68	39	2244.0	1.7379679144385027
chr22	69	18	2207.0	0.8155867693701857
chr22	70	17	2142.0	0.7936507936507936
chr22	71	26	2104.0	1.2357414448669202
chr22	72	26	2067.0	1.257861635220126
chr22	73	23	2002.0	1.1488511488511488
chr22	74	18	1956.0	0.9202453987730062
chr22	75	31	1907.0	1.6255899318300997
chr22	76	11	1866.0	0.5894962486602359
chr22	77	21	1820.0	1.153846153846154
chr22	78	12	1771.0	0.6775832862789385
chr22	79	26	1728.0	1.5046296296296295
chr22	80	11	1678.0	0.6555423122765197
chr22	81	25	1628.0	1.5356265356265357
chr22	82	23	1586.0	1.450189155107188
chr22	83	17	1544.0	1.1010362694300517
chr22	84	16	1492.0	1.0723860589812333
chr22	85	16	1453.0	1.1011699931176875
chr22	86	18	1411.0	1.2756909992912826
chr22	87	22	1371.0	1.604668125455872
chr22	88	14	1324.0	1.0574018126888218
chr22	89	12	1280.0	0.9375
chr22	90	20	1237.0	1.6168148746968474
chr22	91	5	1185.0	0.42194092827004215
chr22	92	12	1133.0	1.059135039717564
chr22	93	15	1084.0	1.3837638376383763
chr22	94	11	1030.0	1.0679611650485437
chr22	95	17	971.0	1.7507723995880538
chr22	96	9	915.0	0.9836065573770493
chr22	97	7	866.0	0.8083140877598153
chr22	98	8	823.0	0.9720534629404617
chr22	99	6	766.0	0.7832898172323759
chr22	100	8	723.0	1.1065006915629323
chr22	101	4	667.0	0.5997001499250375
chr22	102	5	623.0	0.8025682182985553
chr22	103	9	575.0	1.565217391304348
chr22	104	3	546.0	0.5494505494505495
chr22	105	4	503.0	0.7952286282306162
chr22	106	3	459.0	0.6535947712418301
chr22	107	4	419.0	0.9546539379474941
chr22	108	8	372.0	2.1505376344086025
chr22	109	6	330.0	1.8181818181818181
chr22	110	4	290.0	1.3793103448275863
chr22	111	1	250.0	0.4
chr22	112	5	210.0	2.380952380952381
chr22	113	1	166.0	0.6024096385542169
chr22	114	2	129.0	1.550387596899225
chr22	115	1	93.0	1.0752688172043012
chr22	116	1	64.0	1.5625
chr22	117	1	29.0	3.4482758620689653
chr22	118	0	0.0	nan
chr22	119	0	0.0	nan
chr22	120	0	0.0	nan
chr22	121	0	0.0	nan
chr22	122	0	0.0	nan
chr22	123	0	0.0	nan
chr22	124	0	0.0	nan
chr22	125	0	0.0	nan
chr22	126	0	0.0	nan
chr22	127	0	0.0	nan
chr22	128	0	0.0	nan
chrX	-131	0	1.0	0.0
chrX	-130	0	2.0	0.0
chrX	-129	0	23.0	0.0
chrX	-128	0	54.0	0.0
chrX	-127	0	89.0	0.0
chrX	-126	0	125.0	0.0
chrX	-125	0	162.0	0.0
chrX	-124	1	205.0	0.4878048780487805
chrX	-123	0	251.0	0.0
chrX	-122	0	291.0	0.0
chrX	-121	0	342.0	0.0
chrX	-120	0	392.0	0.0
chrX	-119	0	445.0	0.0
chrX	-118	2	490.0	0.40816326530612246
chrX	-117	1	533.0	0.18761726078799248
chrX	-116	0	583.0	0.0
chrX	-115	6	636.0	0.9433962264150944
chrX	-114	0	696.0	0.0
chrX	-113	1	730.0	0.136986301369863
chrX	-112	0	780.0	0.0
chrX	-111	2	837.0	0.23894862604540024
chrX	-110	0	871.0	0.0
chrX	-109	0	908.0	0.0
chrX	-108	3	946.0	0.3171247357293869
chrX	-107	2	993.0	0.2014098690835851
chrX	-106	3	1029.0	0.2915451895043732
chrX	-105	1	1075.0	0.09302325581395349
chrX	-104	2	1118.0	0.17889087656529518
chrX	-103	0	1172.0	0.0
chrX	-102	2	1227.0	0.16299918500407498
chrX	-101	1	1262.0	0.07923930269413629
chrX	-100	3	1322.0	0.22692889561270801
chrX	-99	1	1360.0	0.07352941176470588
chrX	-98	2	1408.0	0.14204545454545456
chrX	-97	3	1444.0	0.20775623268698062
chrX	-96	3	1493.0	0.20093770931011384
chrX	-95	3	1545.0	0.1941747572815534
chrX	-94	1	1595.0	0.06269592476489029
chrX	-93	1	1631.0	0.06131207847946045
chrX	-92	7	1665.0	0.42042042042042044
chrX	-91	0	1724.0	0.0
chrX	-90	9	1764.0	0.5102040816326531
chrX	-89	4	1815.0	0.22038567493112945
chrX	-88	0	1863.0	0.0
chrX	-87	3	1904.0	0.15756302521008403
chrX	-86	3	1956.0	0.15337423312883436
chrX	-85	3	2008.0	0.14940239043824702
chrX	-84	2	2062.0	0.09699321047526674
chrX	-83	4	2104.0	0.19011406844106463
chrX	-82	3	2162.0	0.13876040703052728
chrX	-81	2	2208.0	0.09057971014492754
chrX	-80	10	2241.0	0.4462293618920125
chrX	-79	7	2278.0	0.30728709394205445
chrX	-78	2	2314.0	0.08643042350907519
chrX	-77	3	2364.0	0.12690355329949238
chrX	-76	4	2413.0	0.16576875259013676
chrX	-75	2	2464.0	0.08116883116883117
chrX	-74	3	2504.0	0.11980830670926518
chrX	-73	6	2553.0	0.23501762632197415
chrX	-72	2	2605.0	0.07677543186180423
chrX	-71	4	2654.0	0.15071590052750566
chrX	-70	3	2695.0	0.11131725417439704
chrX	-69	1	2742.0	0.03646973012399708
chrX	-68	2	2798.0	0.07147962830593281
chrX	-67	5	2839.0	0.17611835153222966
chrX	-66	8	2886.0	0.2772002772002772
chrX	-65	8	2941.0	0.27201632097925876
chrX	-64	9	2982.0	0.30181086519114686
chrX	-63	6	3028.0	0.19815059445178335
chrX	-62	5	3082.0	0.16223231667748217
chrX	-61	14	3138.0	0.44614404079031234
chrX	-60	11	3176.0	0.34634760705289674
chrX	-59	2	3212.0	0.062266500622665005
chrX	-58	4	3263.0	0.12258657676984369
chrX	-57	9	3315.0	0.27149321266968324
chrX	-56	3	3359.0	0.08931229532598987
chrX	-55	6	3398.0	0.17657445556209533
chrX	-54	4	3444.0	0.11614401858304298
chrX	-53	6	3488.0	0.17201834862385323
chrX	-52	3	3544.0	0.08465011286681716
chrX	-51	12	3585.0	0.33472803347280333
chrX	-50	7	3621.0	0.19331676332504832
chrX	-49	3	3659.0	0.08198961464881116
chrX	-48	2	3707.0	0.05395198273536552
chrX	-47	7	3752.0	0.18656716417910446
chrX	-46	16	3808.0	0.42016806722689076
chrX	-45	9	3858.0	0.23328149300155523
chrX	-44	7	3893.0	0.17980991523246853
chrX	-43	5	3930.0	0.1272264631043257
chrX	-42	8	3988.0	0.20060180541624875
chrX	-41	11	4022.0	0.27349577324714075
chrX	-40	7	4071.0	0.17194792434291328
chrX	-39	6	4122.0	0.1455604075691412
chrX	-38	6	4165.0	0.14405762304921968
chrX	-37	2	4208.0	0.04752851711026616
chrX	-36	10	4243.0	0.23568230025925052
chrX	-35	10	4297.0	0.23272050267628577
chrX	-34	11	4340.0	0.2534562211981567
chrX	-33	8	4379.0	0.18269011189769355
chrX	-32	8	4444.0	0.18001800180018002
chrX	-31	6	4480.0	0.13392857142857142
chrX	-30	17	4523.0	0.3758567322573513
chrX	-29	2	4560.0	0.043859649122807015
chrX	-28	11	4597.0	0.23928649118990647
chrX	-27	3	4659.0	0.0643915003219575
chrX	-26	8	4710.0	0.16985138004246286
chrX	-25	5	4752.0	0.10521885521885521
chrX	-24	3	4792.0	0.06260434056761269
chrX	-23	49	4845.0	1.0113519091847265
chrX	-22	14	4890.0	0.28629856850715746
chrX	-21	9	4937.0	0.18229694146242656
chrX	-20	19	4972.0	0.3821399839098954
chrX	-19	9	5009.0	0.17967658215212617
chrX	-18	24	5044.0	0.47581284694686754
chrX	-17	30	5092.0	0.589159465828751
chrX	-16	25	5140.0	0.48638132295719844
chrX	-15	14	5178.0	0.27037466203167243
chrX	-14	11	5212.0	0.2110514198004605
chrX	-13	29	5251.0	0.5522757569986669
chrX	-12	9	5304.0	0.16968325791855204
chrX	-11	19	5357.0	0.3546761246966586
chrX	-10	17	5405.0	0.31452358926919516
chrX	-9	12	5404.0	0.22205773501110287
chrX	-8	22	5404.0	0.4071058475203553
chrX	-7	21	5403.0	0.3886729594669628
chrX	-6	29	5404.0	0.536639526276832
chrX	-5	24	5404.0	0.44411547002220575
chrX	-4	33	5400.0	0.6111111111111112
chrX	-3	20	5375.0	0.37209302325581395
chrX	-2	58	5360.0	1.082089552238806
chrX	-1	86	5326.0	1.6147202403304546
chrX	0	444	4979.0	8.91745330387628
chrX	1	79	4943.0	1.598219704632814
chrX	2	119	4893.0	2.432045779685265
chrX	3	99	4852.0	2.040395713107997
chrX	4	94	4800.0	1.9583333333333335
chrX	5	114	4758.0	2.3959646910466583
chrX	6	98	4703.0	2.0837763129917075
chrX	7	82	4649.0	1.7638201763820176
chrX	8	61	4603.0	1.3252226808603085
chrX	9	70	4553.0	1.5374478365912585
chrX	10	68	4505.0	1.509433962264151
chrX	11	93	4466.0	2.082400358262427
chrX	12	102	4400.0	2.3181818181818183
chrX	13	85	4354.0	1.9522278364722094
chrX	14	65	4302.0	1.5109251510925152
chrX	15	80	4265.0	1.875732708089097
chrX	16	91	4229.0	2.151808938283282
chrX	17	75	4181.0	1.793829227457546
chrX	18	41	4153.0	0.9872381411028173
chrX	19	76	4123.0	1.8433179723502304
chrX	20	68	4081.0	1.666258270031855
chrX	21	61	4048.0	1.506916996047431
chrX	22	81	3998.0	2.0260130065032516
chrX	23	60	3947.0	1.5201418799087916
chrX	24	35	3908.0	0.8955987717502559
chrX	25	45	3851.0	1.1685276551545054
chrX	26	58	3809.0	1.522709372538724
chrX	27	71	3781.0	1.8778101031473156
chrX	28	55	3730.0	1.4745308310991956
chrX	29	54	3703.0	1.4582770726438024
chrX	30	44	3645.0	1.207133058984911
chrX	31	50	3606.0	1.386577925679423
chrX	32	43	3563.0	1.2068481616615212
chrX	33	64	3515.0	1.8207681365576105
chrX	34	41	3469.0	1.181896800230614
chrX	35	41	3431.0	1.1949868842902944
chrX	36	34	3396.0	1.0011778563015312
chrX	37	42	3349.0	1.2541057031949836
chrX	38	49	3301.0	1.4843986670705847
chrX	39	38	3243.0	1.171754548257786
chrX	40	52	3210.0	1.61993769470405
chrX	41	44	3173.0	1.3867002836432398
chrX	42	49	3117.0	1.5720243824189926
chrX	43	40	3082.0	1.2978585334198574
chrX	44	28	3036.0	0.922266139657444
chrX	45	42	2987.0	1.4060930699698695
chrX	46	40	2944.0	1.358695652173913
chrX	47	28	2904.0	0.9641873278236914
chrX	48	57	2872.0	1.9846796657381613
chrX	49	37	2838.0	1.3037350246652573
chrX	50	41	2793.0	1.4679556032939491
chrX	51	27	2743.0	0.984323733138899
chrX	52	31	2701.0	1.1477230655312847
chrX	53	35	2662.0	1.314800901577761
chrX	54	40	2626.0	1.5232292460015233
chrX	55	40	2588.0	1.545595054095827
chrX	56	32	2539.0	1.260338716029933
chrX	57	61	2497.0	2.4429315178213855
chrX	58	31	2463.0	1.2586276898091757
chrX	59	29	2423.0	1.1968633924886503
chrX	60	22	2376.0	0.9259259259259258
chrX	61	47	2334.0	2.0137103684661524
chrX	62	40	2280.0	1.7543859649122806
chrX	63	27	2236.0	1.2075134168157424
chrX	64	39	2196.0	1.7759562841530054
chrX	65	19	2151.0	0.8833100883310088
chrX	66	23	2116.0	1.0869565217391304
chrX	67	35	2067.0	1.6932752781809386
chrX	68	31	2030.0	1.5270935960591134
chrX	69	32	1989.0	1.608848667672197
chrX	70	25	1948.0	1.2833675564681724
chrX	71	25	1899.0	1.3164823591363874
chrX	72	28	1854.0	1.5102481121898599
chrX	73	27	1816.0	1.486784140969163
chrX	74	29	1770.0	1.6384180790960452
chrX	75	24	1723.0	1.3929193267556588
chrX	76	25	1680.0	1.488095238095238
chrX	77	27	1639.0	1.647345942647956
chrX	78	22	1608.0	1.3681592039800996
chrX	79	20	1575.0	1.2698412698412698
chrX	80	18	1522.0	1.1826544021024967
chrX	81	11	1486.0	0.7402422611036339
chrX	82	21	1452.0	1.4462809917355373
chrX	83	14	1410.0	0.9929078014184398
chrX	84	10	1372.0	0.7288629737609329
chrX	85	19	1328.0	1.430722891566265
chrX	86	21	1284.0	1.6355140186915886
chrX	87	12	1243.0	0.9654062751407884
chrX	88	13	1195.0	1.0878661087866108
chrX	89	11	1154.0	0.9532062391681109
chrX	90	13	1104.0	1.177536231884058
chrX	91	13	1065.0	1.2206572769953052
chrX	92	4	1027.0	0.3894839337877313
chrX	93	14	974.0	1.4373716632443532
chrX	94	9	930.0	0.967741935483871
chrX	95	7	892.0	0.7847533632286996
chrX	96	6	847.0	0.7083825265643447
chrX	97	13	809.0	1.6069221260815822
chrX	98	5	776.0	0.6443298969072164
chrX	99	10	735.0	1.3605442176870748
chrX	100	7	693.0	1.0101010101010102
chrX	101	7	648.0	1.0802469135802468
chrX	102	3	602.0	0.4983388704318937
chrX	103	3	562.0	0.5338078291814947
chrX	104	7	527.0	1.3282732447817838
chrX	105	5	486.0	1.02880658436214
chrX	106	6	451.0	1.3303769401330376
chrX	107	7	406.0	1.7241379310344827
chrX	108	3	370.0	0.8108108108108109
chrX	109	2	329.0	0.60790273556231
chrX	110	2	285.0	0.7017543859649122
chrX	111	2	239.0	0.8368200836820083
chrX	112	1	198.0	0.5050505050505051
chrX	113	1	166.0	0.6024096385542169
chrX	114	1	134.0	0.7462686567164178
chrX	115	2	95.0	2.1052631578947367
chrX	116	0	64.0	0.0
chrX	117	1	29.0	3.4482758620689653
chrX	118	0	0.0	nan
chrX	119	0	0.0	nan
chrX	120	0	0.0	nan
chrX	121	0	0.0	nan
chrX	122	0	0.0	nan
chrX	123	0	0.0	nan
chrX	124	0	0.0	nan
chrX	125	0	0.0	nan
chrX	126	0	0.0	nan
chrX	127	0	0.0	nan
chrX	128	0	0.0	nan
chrX	129	0	0.0	nan
chrX	130	0	0.0	nan
chrX	131	0	0.0	nan
