chr1	-136	0	1.0	0.0
chr1	-135	0	2.0	0.0
chr1	-134	0	3.0	0.0
chr1	-133	0	6.0	0.0
chr1	-132	0	10.0	0.0
chr1	-131	0	12.0	0.0
chr1	-130	0	22.0	0.0
chr1	-129	0	46.0	0.0
chr1	-128	0	78.0	0.0
chr1	-127	0	122.0	0.0
chr1	-126	0	168.0	0.0
chr1	-125	1	214.0	0.46728971962616817
chr1	-124	1	261.0	0.38314176245210724
chr1	-123	0	311.0	0.0
chr1	-122	0	355.0	0.0
chr1	-121	0	419.0	0.0
chr1	-120	1	470.0	0.2127659574468085
chr1	-119	0	521.0	0.0
chr1	-118	0	573.0	0.0
chr1	-117	0	622.0	0.0
chr1	-116	0	683.0	0.0
chr1	-115	2	732.0	0.273224043715847
chr1	-114	1	790.0	0.12658227848101267
chr1	-113	2	846.0	0.2364066193853428
chr1	-112	0	900.0	0.0
chr1	-111	1	976.0	0.10245901639344263
chr1	-110	3	1027.0	0.2921129503407984
chr1	-109	5	1085.0	0.4608294930875576
chr1	-108	6	1156.0	0.5190311418685121
chr1	-107	7	1208.0	0.5794701986754967
chr1	-106	0	1269.0	0.0
chr1	-105	2	1318.0	0.15174506828528073
chr1	-104	2	1363.0	0.1467351430667645
chr1	-103	0	1432.0	0.0
chr1	-102	4	1486.0	0.2691790040376851
chr1	-101	6	1554.0	0.3861003861003861
chr1	-100	0	1605.0	0.0
chr1	-99	3	1654.0	0.18137847642079807
chr1	-98	23	1713.0	1.3426736719206072
chr1	-97	1	1788.0	0.05592841163310962
chr1	-96	1	1838.0	0.0544069640914037
chr1	-95	1	1900.0	0.05263157894736842
chr1	-94	8	1952.0	0.4098360655737705
chr1	-93	9	2008.0	0.4482071713147411
chr1	-92	4	2080.0	0.19230769230769232
chr1	-91	3	2141.0	0.14012143858010276
chr1	-90	2	2181.0	0.09170105456212746
chr1	-89	3	2241.0	0.13386880856760375
chr1	-88	14	2315.0	0.6047516198704104
chr1	-87	5	2393.0	0.20894274968658588
chr1	-86	3	2451.0	0.12239902080783352
chr1	-85	2	2509.0	0.07971303308090873
chr1	-84	3	2558.0	0.11727912431587179
chr1	-83	5	2622.0	0.19069412662090007
chr1	-82	17	2687.0	0.6326758466691477
chr1	-81	3	2744.0	0.10932944606413994
chr1	-80	2	2812.0	0.07112375533428165
chr1	-79	8	2867.0	0.2790373212417161
chr1	-78	5	2917.0	0.17140898183064793
chr1	-77	2	2974.0	0.06724949562878278
chr1	-76	10	3028.0	0.33025099075297226
chr1	-75	6	3083.0	0.19461563412260785
chr1	-74	16	3143.0	0.5090677696468342
chr1	-73	7	3206.0	0.21834061135371177
chr1	-72	2	3271.0	0.06114338122898196
chr1	-71	6	3340.0	0.17964071856287425
chr1	-70	20	3393.0	0.5894488653109342
chr1	-69	16	3462.0	0.462160600808781
chr1	-68	2	3528.0	0.05668934240362812
chr1	-67	6	3597.0	0.16680567139282734
chr1	-66	8	3643.0	0.21959923140269008
chr1	-65	7	3712.0	0.18857758620689655
chr1	-64	4	3766.0	0.10621348911311736
chr1	-63	6	3829.0	0.15669887699138157
chr1	-62	6	3892.0	0.1541623843782117
chr1	-61	4	3961.0	0.10098459984852311
chr1	-60	19	4006.0	0.47428856714927614
chr1	-59	7	4054.0	0.1726689689195856
chr1	-58	7	4110.0	0.17031630170316303
chr1	-57	4	4166.0	0.09601536245799328
chr1	-56	11	4228.0	0.2601702932828761
chr1	-55	2	4277.0	0.04676174888940846
chr1	-54	6	4345.0	0.1380897583429229
chr1	-53	4	4410.0	0.09070294784580499
chr1	-52	6	4476.0	0.13404825737265416
chr1	-51	10	4529.0	0.22079929344226099
chr1	-50	6	4567.0	0.13137727173199037
chr1	-49	15	4636.0	0.32355478861087145
chr1	-48	22	4696.0	0.46848381601362865
chr1	-47	2	4755.0	0.042060988433228176
chr1	-46	1	4822.0	0.020738282870178346
chr1	-45	30	4890.0	0.6134969325153374
chr1	-44	8	4945.0	0.16177957532861476
chr1	-43	9	5001.0	0.1799640071985603
chr1	-42	16	5048.0	0.31695721077654515
chr1	-41	16	5119.0	0.3125610470795077
chr1	-40	19	5162.0	0.36807438977140644
chr1	-39	30	5239.0	0.5726283641916396
chr1	-38	11	5289.0	0.20797882397428627
chr1	-37	35	5354.0	0.6537168472170339
chr1	-36	5	5400.0	0.0925925925925926
chr1	-35	17	5454.0	0.3116978364503117
chr1	-34	36	5520.0	0.6521739130434783
chr1	-33	16	5577.0	0.2868925945849023
chr1	-32	38	5629.0	0.6750755018653403
chr1	-31	24	5694.0	0.42149631190727077
chr1	-30	16	5757.0	0.2779225290950148
chr1	-29	22	5815.0	0.3783319002579536
chr1	-28	15	5875.0	0.2553191489361702
chr1	-27	26	5936.0	0.43800539083557954
chr1	-26	28	5983.0	0.46799264582985123
chr1	-25	7	6039.0	0.11591323066732903
chr1	-24	5	6089.0	0.08211528986697322
chr1	-23	19	6138.0	0.3095470837406321
chr1	-22	8	6186.0	0.12932428063368898
chr1	-21	27	6251.0	0.43193089105743077
chr1	-20	24	6299.0	0.38101285918399747
chr1	-19	18	6362.0	0.282929896259038
chr1	-18	9	6417.0	0.1402524544179523
chr1	-17	10	6466.0	0.1546551190844417
chr1	-16	24	6513.0	0.36849378166743435
chr1	-15	6	6555.0	0.09153318077803205
chr1	-14	14	6606.0	0.2119285498032092
chr1	-13	14	6658.0	0.21027335536197056
chr1	-12	15	6726.0	0.22301516503122212
chr1	-11	19	6761.0	0.2810235172311788
chr1	-10	7	6805.0	0.10286554004408524
chr1	-9	57	6804.0	0.8377425044091711
chr1	-8	5	6801.0	0.07351860020585207
chr1	-7	26	6800.0	0.3823529411764706
chr1	-6	21	6770.0	0.310192023633678
chr1	-5	25	6748.0	0.3704801422643746
chr1	-4	73	6734.0	1.0840510840510842
chr1	-3	28	6699.0	0.41797283176593525
chr1	-2	89	6664.0	1.3355342136854742
chr1	-1	328	6564.0	4.996953077391835
chr1	0	381	5390.0	7.0686456400742115
chr1	1	110	5581.0	1.9709729439168606
chr1	2	76	5556.0	1.3678905687544995
chr1	3	151	5533.0	2.7290800650641605
chr1	4	105	5509.0	1.9059720457433291
chr1	5	108	5477.0	1.9718824173817782
chr1	6	134	5448.0	2.459618208516887
chr1	7	81	5405.0	1.4986123959296949
chr1	8	107	5376.0	1.990327380952381
chr1	9	110	5329.0	2.0641771439294425
chr1	10	109	5278.0	2.0651762031072374
chr1	11	131	5218.0	2.5105404369490225
chr1	12	100	5151.0	1.941370607649
chr1	13	75	5094.0	1.4723203769140165
chr1	14	92	5037.0	1.82648401826484
chr1	15	112	4982.0	2.2480931352870335
chr1	16	99	4919.0	2.0126041878430576
chr1	17	82	4871.0	1.6834325600492712
chr1	18	87	4818.0	1.805728518057285
chr1	19	73	4741.0	1.5397595443999157
chr1	20	101	4695.0	2.1512247071352504
chr1	21	97	4641.0	2.0900667959491486
chr1	22	91	4594.0	1.9808445798868086
chr1	23	82	4559.0	1.7986400526431234
chr1	24	82	4517.0	1.815364179765331
chr1	25	84	4459.0	1.8838304552590266
chr1	26	83	4408.0	1.882940108892922
chr1	27	64	4363.0	1.4668805867522348
chr1	28	66	4335.0	1.5224913494809689
chr1	29	102	4276.0	2.385406922357343
chr1	30	89	4220.0	2.109004739336493
chr1	31	111	4171.0	2.6612323183888753
chr1	32	69	4125.0	1.6727272727272726
chr1	33	96	4073.0	2.356985023324331
chr1	34	67	4001.0	1.6745813546613346
chr1	35	59	3948.0	1.4944275582573454
chr1	36	97	3895.0	2.490372272143774
chr1	37	67	3842.0	1.743883394065591
chr1	38	64	3792.0	1.6877637130801686
chr1	39	78	3727.0	2.092836061175208
chr1	40	60	3677.0	1.6317650258362797
chr1	41	77	3629.0	2.121796638192339
chr1	42	48	3579.0	1.341156747694887
chr1	43	73	3534.0	2.065647990945105
chr1	44	64	3475.0	1.8417266187050358
chr1	45	72	3423.0	2.1034180543382996
chr1	46	52	3367.0	1.5444015444015444
chr1	47	81	3315.0	2.4434389140271495
chr1	48	82	3266.0	2.510716472749541
chr1	49	56	3218.0	1.740211311373524
chr1	50	30	3171.0	0.9460737937559129
chr1	51	69	3130.0	2.2044728434504792
chr1	52	52	3084.0	1.6861219195849546
chr1	53	50	3026.0	1.6523463317911435
chr1	54	70	2975.0	2.3529411764705883
chr1	55	51	2926.0	1.7429938482570062
chr1	56	42	2873.0	1.461886529759833
chr1	57	62	2825.0	2.1946902654867255
chr1	58	37	2779.0	1.331414177761785
chr1	59	59	2715.0	2.1731123388581954
chr1	60	46	2679.0	1.7170586039567004
chr1	61	38	2622.0	1.4492753623188406
chr1	62	42	2555.0	1.643835616438356
chr1	63	41	2501.0	1.639344262295082
chr1	64	34	2461.0	1.3815522145469321
chr1	65	30	2409.0	1.2453300124533
chr1	66	34	2366.0	1.4370245139475908
chr1	67	50	2316.0	2.158894645941278
chr1	68	46	2268.0	2.0282186948853616
chr1	69	30	2229.0	1.3458950201884252
chr1	70	37	2180.0	1.6972477064220184
chr1	71	24	2125.0	1.1294117647058823
chr1	72	38	2077.0	1.82956186807896
chr1	73	31	2031.0	1.5263417035942886
chr1	74	25	1980.0	1.2626262626262625
chr1	75	33	1929.0	1.7107309486780715
chr1	76	27	1885.0	1.4323607427055705
chr1	77	35	1829.0	1.913613996719519
chr1	78	26	1780.0	1.4606741573033708
chr1	79	29	1726.0	1.6801853997682505
chr1	80	20	1674.0	1.1947431302270013
chr1	81	39	1626.0	2.3985239852398523
chr1	82	25	1579.0	1.5832805573147564
chr1	83	20	1531.0	1.3063357282821686
chr1	84	33	1495.0	2.2073578595317724
chr1	85	20	1453.0	1.3764624913971095
chr1	86	10	1397.0	0.7158196134574087
chr1	87	24	1348.0	1.7804154302670623
chr1	88	15	1292.0	1.1609907120743035
chr1	89	24	1252.0	1.9169329073482428
chr1	90	18	1205.0	1.4937759336099585
chr1	91	21	1158.0	1.8134715025906734
chr1	92	18	1121.0	1.6057091882247994
chr1	93	30	1076.0	2.7881040892193307
chr1	94	19	1026.0	1.8518518518518516
chr1	95	14	955.0	1.4659685863874345
chr1	96	13	903.0	1.4396456256921373
chr1	97	25	848.0	2.94811320754717
chr1	98	16	803.0	1.9925280199252802
chr1	99	9	765.0	1.1764705882352942
chr1	100	22	724.0	3.0386740331491713
chr1	101	4	673.0	0.5943536404160475
chr1	102	5	623.0	0.8025682182985553
chr1	103	6	576.0	1.0416666666666665
chr1	104	6	530.0	1.1320754716981132
chr1	105	11	482.0	2.2821576763485476
chr1	106	14	443.0	3.160270880361174
chr1	107	4	388.0	1.0309278350515463
chr1	108	7	348.0	2.0114942528735633
chr1	109	5	299.0	1.6722408026755853
chr1	110	3	267.0	1.1235955056179776
chr1	111	3	213.0	1.4084507042253522
chr1	112	1	171.0	0.5847953216374269
chr1	113	1	130.0	0.7692307692307693
chr1	114	0	81.0	0.0
chr1	115	1	37.0	2.7027027027027026
chr1	116	0	14.0	0.0
chr1	117	0	0.0	nan
chr1	118	0	0.0	nan
chr1	119	0	0.0	nan
chr1	120	0	0.0	nan
chr1	121	0	0.0	nan
chr1	122	0	0.0	nan
chr1	123	0	0.0	nan
chr1	124	0	0.0	nan
chr1	125	0	0.0	nan
chr1	126	0	0.0	nan
chr1	127	0	0.0	nan
chr1	128	0	0.0	nan
chr1	129	0	0.0	nan
chr1	130	0	0.0	nan
chr1	131	0	0.0	nan
chr1	132	0	0.0	nan
chr1	133	0	0.0	nan
chr1	134	0	0.0	nan
chr1	135	0	0.0	nan
chr1	136	0	0.0	nan
chr1	137	0	0.0	nan
chr1	138	0	0.0	nan
chr1	139	0	0.0	nan
chr1	140	0	0.0	nan
chr1	141	0	0.0	nan
chr1	142	0	0.0	nan
chr1	143	0	0.0	nan
chr1	144	0	0.0	nan
chr1	145	0	0.0	nan
chr1	146	0	0.0	nan
chr1	147	0	0.0	nan
chr1	148	0	0.0	nan
chr1	149	0	0.0	nan
chr1	150	0	0.0	nan
chr1	151	0	0.0	nan
chr1	152	0	0.0	nan
chr1	153	0	0.0	nan
chr1	154	0	0.0	nan
chr1	155	0	0.0	nan
chr1	156	0	0.0	nan
chr1	157	0	0.0	nan
chr1	158	0	0.0	nan
chr1	159	0	0.0	nan
chr1	160	0	0.0	nan
chr1	161	0	0.0	nan
chr1	162	0	0.0	nan
chr1	163	0	0.0	nan
chr1	164	0	0.0	nan
chr2	-132	0	2.0	0.0
chr2	-131	0	4.0	0.0
chr2	-130	0	11.0	0.0
chr2	-129	0	24.0	0.0
chr2	-128	0	57.0	0.0
chr2	-127	0	90.0	0.0
chr2	-126	1	132.0	0.7575757575757576
chr2	-125	0	178.0	0.0
chr2	-124	0	214.0	0.0
chr2	-123	1	237.0	0.42194092827004215
chr2	-122	2	274.0	0.7299270072992701
chr2	-121	0	324.0	0.0
chr2	-120	3	376.0	0.7978723404255319
chr2	-119	0	428.0	0.0
chr2	-118	1	464.0	0.21551724137931033
chr2	-117	2	506.0	0.3952569169960474
chr2	-116	2	556.0	0.3597122302158274
chr2	-115	0	594.0	0.0
chr2	-114	1	644.0	0.15527950310559005
chr2	-113	2	671.0	0.29806259314456035
chr2	-112	0	719.0	0.0
chr2	-111	1	772.0	0.1295336787564767
chr2	-110	0	828.0	0.0
chr2	-109	5	860.0	0.5813953488372093
chr2	-108	0	890.0	0.0
chr2	-107	1	930.0	0.10752688172043011
chr2	-106	4	966.0	0.4140786749482402
chr2	-105	4	1004.0	0.398406374501992
chr2	-104	0	1055.0	0.0
chr2	-103	1	1099.0	0.09099181073703368
chr2	-102	1	1135.0	0.0881057268722467
chr2	-101	2	1167.0	0.17137960582690662
chr2	-100	3	1211.0	0.2477291494632535
chr2	-99	1	1249.0	0.08006405124099279
chr2	-98	4	1299.0	0.30792917628945343
chr2	-97	4	1331.0	0.30052592036063114
chr2	-96	12	1388.0	0.8645533141210375
chr2	-95	8	1435.0	0.5574912891986062
chr2	-94	1	1487.0	0.06724949562878278
chr2	-93	5	1543.0	0.32404406999351915
chr2	-92	7	1586.0	0.4413619167717529
chr2	-91	1	1632.0	0.061274509803921566
chr2	-90	1	1679.0	0.05955926146515784
chr2	-89	2	1721.0	0.11621150493898895
chr2	-88	3	1758.0	0.17064846416382254
chr2	-87	1	1811.0	0.05521811154058532
chr2	-86	2	1863.0	0.10735373054213634
chr2	-85	2	1903.0	0.10509721492380451
chr2	-84	6	1951.0	0.3075345976422348
chr2	-83	11	1986.0	0.5538771399798591
chr2	-82	3	2027.0	0.1480019733596448
chr2	-81	13	2080.0	0.625
chr2	-80	0	2123.0	0.0
chr2	-79	9	2163.0	0.4160887656033287
chr2	-78	2	2210.0	0.09049773755656108
chr2	-77	0	2260.0	0.0
chr2	-76	3	2304.0	0.13020833333333331
chr2	-75	2	2354.0	0.08496176720475786
chr2	-74	1	2384.0	0.04194630872483222
chr2	-73	9	2425.0	0.3711340206185567
chr2	-72	1	2471.0	0.04046944556859571
chr2	-71	1	2513.0	0.03979307600477517
chr2	-70	4	2549.0	0.1569242840329541
chr2	-69	4	2595.0	0.15414258188824664
chr2	-68	1	2639.0	0.037893141341417205
chr2	-67	7	2678.0	0.2613890963405527
chr2	-66	1	2716.0	0.036818851251840944
chr2	-65	2	2768.0	0.0722543352601156
chr2	-64	4	2814.0	0.14214641080312723
chr2	-63	1	2868.0	0.03486750348675035
chr2	-62	7	2910.0	0.24054982817869416
chr2	-61	6	2982.0	0.2012072434607646
chr2	-60	0	3013.0	0.0
chr2	-59	3	3062.0	0.09797517962116264
chr2	-58	2	3108.0	0.06435006435006435
chr2	-57	9	3165.0	0.2843601895734597
chr2	-56	2	3205.0	0.062402496099843996
chr2	-55	5	3243.0	0.1541782300339192
chr2	-54	13	3287.0	0.39549741405536964
chr2	-53	4	3324.0	0.12033694344163659
chr2	-52	2	3385.0	0.059084194977843424
chr2	-51	3	3432.0	0.08741258741258741
chr2	-50	20	3466.0	0.5770340450086555
chr2	-49	1	3510.0	0.028490028490028487
chr2	-48	7	3545.0	0.19746121297602257
chr2	-47	3	3585.0	0.08368200836820083
chr2	-46	9	3632.0	0.24779735682819384
chr2	-45	5	3674.0	0.1360914534567229
chr2	-44	6	3721.0	0.16124697661918838
chr2	-43	7	3756.0	0.1863684771033014
chr2	-42	3	3798.0	0.07898894154818326
chr2	-41	1	3839.0	0.026048450117218028
chr2	-40	1	3879.0	0.025779840164990978
chr2	-39	7	3924.0	0.1783893985728848
chr2	-38	4	3966.0	0.10085728693898136
chr2	-37	16	4004.0	0.3996003996003996
chr2	-36	21	4036.0	0.5203171456888008
chr2	-35	3	4075.0	0.0736196319018405
chr2	-34	7	4127.0	0.1696147322510298
chr2	-33	6	4188.0	0.14326647564469913
chr2	-32	5	4243.0	0.11784115012962526
chr2	-31	20	4286.0	0.4666355576294913
chr2	-30	26	4336.0	0.5996309963099631
chr2	-29	9	4387.0	0.20515158422612262
chr2	-28	9	4422.0	0.20352781546811397
chr2	-27	11	4469.0	0.24614007607965988
chr2	-26	3	4510.0	0.06651884700665188
chr2	-25	3	4546.0	0.06599208095028597
chr2	-24	12	4584.0	0.2617801047120419
chr2	-23	5	4625.0	0.10810810810810811
chr2	-22	8	4667.0	0.17141632740518534
chr2	-21	6	4717.0	0.1271994912020352
chr2	-20	9	4755.0	0.1892744479495268
chr2	-19	19	4784.0	0.3971571906354515
chr2	-18	21	4817.0	0.43595598920489936
chr2	-17	29	4866.0	0.5959720509658858
chr2	-16	12	4900.0	0.24489795918367346
chr2	-15	5	4930.0	0.10141987829614604
chr2	-14	12	4972.0	0.2413515687851971
chr2	-13	9	5016.0	0.17942583732057416
chr2	-12	6	5057.0	0.11864741941862765
chr2	-11	18	5095.0	0.35328753680078506
chr2	-10	9	5118.0	0.1758499413833529
chr2	-9	21	5119.0	0.4102363742918539
chr2	-8	14	5119.0	0.2734909161945692
chr2	-7	20	5116.0	0.3909304143862392
chr2	-6	4	5111.0	0.0782625709254549
chr2	-5	38	5108.0	0.7439310884886452
chr2	-4	36	5085.0	0.7079646017699115
chr2	-3	25	5074.0	0.4927079227433977
chr2	-2	72	5059.0	1.4232061672267247
chr2	-1	263	4963.0	5.299214184968768
chr2	0	524	4481.0	11.693818344119617
chr2	1	106	4626.0	2.291396454820579
chr2	2	114	4611.0	2.47234873129473
chr2	3	117	4576.0	2.556818181818182
chr2	4	92	4574.0	2.0113686051595976
chr2	5	98	4537.0	2.1600176327970027
chr2	6	109	4489.0	2.428157718868345
chr2	7	85	4442.0	1.9135524538496171
chr2	8	119	4402.0	2.7033166742389825
chr2	9	73	4356.0	1.6758494031221305
chr2	10	73	4271.0	1.70920159213299
chr2	11	253	4152.0	6.09344894026975
chr2	12	101	4097.0	2.465218452526239
chr2	13	76	4035.0	1.8835192069392812
chr2	14	87	3984.0	2.183734939759036
chr2	15	97	3907.0	2.4827233171231122
chr2	16	90	3848.0	2.338877338877339
chr2	17	72	3783.0	1.9032513877874702
chr2	18	93	3722.0	2.4986566362170874
chr2	19	74	3663.0	2.0202020202020203
chr2	20	101	3603.0	2.8032195392728285
chr2	21	85	3551.0	2.3936919177696425
chr2	22	51	3495.0	1.4592274678111588
chr2	23	95	3409.0	2.7867409797594602
chr2	24	57	3373.0	1.689890305366143
chr2	25	57	3341.0	1.706076025142173
chr2	26	53	3311.0	1.60072485653881
chr2	27	62	3266.0	1.8983466013472137
chr2	28	62	3223.0	1.923673596028545
chr2	29	61	3186.0	1.9146264908976771
chr2	30	75	3134.0	2.393107849393746
chr2	31	67	3098.0	2.1626856036152353
chr2	32	78	3065.0	2.5448613376835234
chr2	33	46	3006.0	1.5302727877578177
chr2	34	70	2967.0	2.3592854735422986
chr2	35	72	2934.0	2.4539877300613497
chr2	36	46	2909.0	1.581299415606738
chr2	37	57	2855.0	1.9964973730297721
chr2	38	52	2802.0	1.8558172733761598
chr2	39	62	2766.0	2.2415039768618943
chr2	40	49	2726.0	1.797505502567865
chr2	41	58	2677.0	2.1666044079193125
chr2	42	44	2643.0	1.6647748770336739
chr2	43	51	2610.0	1.9540229885057472
chr2	44	57	2578.0	2.2110162916989915
chr2	45	53	2542.0	2.084972462627852
chr2	46	51	2497.0	2.042450941129355
chr2	47	36	2454.0	1.466992665036675
chr2	48	28	2413.0	1.1603812681309573
chr2	49	55	2380.0	2.3109243697478994
chr2	50	46	2343.0	1.9632949210414
chr2	51	35	2305.0	1.5184381778741864
chr2	52	37	2273.0	1.627804663440387
chr2	53	34	2233.0	1.522615315718764
chr2	54	53	2204.0	2.4047186932849365
chr2	55	44	2159.0	2.0379805465493286
chr2	56	47	2121.0	2.215935879302216
chr2	57	24	2093.0	1.1466794075489728
chr2	58	44	2058.0	2.1379980563654035
chr2	59	43	2018.0	2.130822596630327
chr2	60	48	1981.0	2.4230186774356386
chr2	61	42	1945.0	2.159383033419023
chr2	62	48	1911.0	2.511773940345369
chr2	63	40	1869.0	2.140181915462814
chr2	64	44	1825.0	2.410958904109589
chr2	65	27	1780.0	1.5168539325842696
chr2	66	32	1734.0	1.845444059976932
chr2	67	33	1708.0	1.9320843091334896
chr2	68	31	1665.0	1.8618618618618619
chr2	69	35	1627.0	2.15119852489244
chr2	70	33	1589.0	2.076777847702958
chr2	71	27	1555.0	1.7363344051446947
chr2	72	29	1526.0	1.9003931847968545
chr2	73	30	1485.0	2.0202020202020203
chr2	74	24	1443.0	1.6632016632016633
chr2	75	41	1406.0	2.9160739687055477
chr2	76	25	1371.0	1.8234865061998542
chr2	77	23	1337.0	1.7202692595362752
chr2	78	33	1310.0	2.519083969465649
chr2	79	28	1280.0	2.1875
chr2	80	27	1250.0	2.16
chr2	81	28	1205.0	2.323651452282158
chr2	82	16	1175.0	1.3617021276595744
chr2	83	15	1139.0	1.3169446883230904
chr2	84	16	1106.0	1.4466546112115732
chr2	85	24	1072.0	2.2388059701492535
chr2	86	23	1033.0	2.2265246853823815
chr2	87	10	996.0	1.0040160642570282
chr2	88	18	970.0	1.8556701030927836
chr2	89	20	938.0	2.1321961620469083
chr2	90	17	911.0	1.8660812294182216
chr2	91	24	871.0	2.755453501722158
chr2	92	8	834.0	0.9592326139088728
chr2	93	26	789.0	3.2953105196451205
chr2	94	12	742.0	1.6172506738544474
chr2	95	14	703.0	1.991465149359886
chr2	96	4	659.0	0.6069802731411229
chr2	97	9	622.0	1.4469453376205788
chr2	98	7	579.0	1.2089810017271159
chr2	99	6	551.0	1.0889292196007259
chr2	100	5	511.0	0.9784735812133072
chr2	101	7	481.0	1.4553014553014554
chr2	102	10	454.0	2.2026431718061676
chr2	103	8	417.0	1.9184652278177456
chr2	104	11	376.0	2.925531914893617
chr2	105	7	332.0	2.108433734939759
chr2	106	4	304.0	1.3157894736842104
chr2	107	8	273.0	2.93040293040293
chr2	108	4	245.0	1.6326530612244898
chr2	109	5	211.0	2.3696682464454977
chr2	110	0	178.0	0.0
chr2	111	2	144.0	1.3888888888888888
chr2	112	0	114.0	0.0
chr2	113	1	85.0	1.1764705882352942
chr2	114	1	57.0	1.7543859649122806
chr2	115	0	34.0	0.0
chr2	116	0	12.0	0.0
chr2	117	0	0.0	nan
chr2	118	0	0.0	nan
chr2	119	0	0.0	nan
chr2	120	0	0.0	nan
chr2	121	0	0.0	nan
chr2	122	0	0.0	nan
chr2	123	0	0.0	nan
chr2	124	0	0.0	nan
chr2	125	0	0.0	nan
chr2	126	0	0.0	nan
chr2	127	0	0.0	nan
chr2	128	0	0.0	nan
chr2	129	0	0.0	nan
chr2	130	0	0.0	nan
chr2	131	0	0.0	nan
chr2	132	0	0.0	nan
chr2	133	0	0.0	nan
chr3	-133	0	1.0	0.0
chr3	-132	0	1.0	0.0
chr3	-131	0	4.0	0.0
chr3	-130	0	9.0	0.0
chr3	-129	0	24.0	0.0
chr3	-128	0	43.0	0.0
chr3	-127	0	81.0	0.0
chr3	-126	1	109.0	0.9174311926605505
chr3	-125	1	139.0	0.7194244604316548
chr3	-124	0	174.0	0.0
chr3	-123	0	209.0	0.0
chr3	-122	0	249.0	0.0
chr3	-121	1	270.0	0.3703703703703704
chr3	-120	0	301.0	0.0
chr3	-119	0	341.0	0.0
chr3	-118	0	371.0	0.0
chr3	-117	0	401.0	0.0
chr3	-116	1	430.0	0.23255813953488372
chr3	-115	0	480.0	0.0
chr3	-114	0	521.0	0.0
chr3	-113	0	557.0	0.0
chr3	-112	2	588.0	0.3401360544217687
chr3	-111	1	622.0	0.1607717041800643
chr3	-110	1	675.0	0.14814814814814814
chr3	-109	1	709.0	0.14104372355430184
chr3	-108	3	741.0	0.4048582995951417
chr3	-107	1	790.0	0.12658227848101267
chr3	-106	0	830.0	0.0
chr3	-105	2	865.0	0.23121387283236997
chr3	-104	1	895.0	0.11173184357541899
chr3	-103	0	932.0	0.0
chr3	-102	2	970.0	0.2061855670103093
chr3	-101	1	999.0	0.10010010010010009
chr3	-100	1	1034.0	0.09671179883945842
chr3	-99	0	1074.0	0.0
chr3	-98	1	1112.0	0.08992805755395684
chr3	-97	7	1149.0	0.6092254134029591
chr3	-96	9	1183.0	0.760777683854607
chr3	-95	0	1217.0	0.0
chr3	-94	2	1259.0	0.15885623510722796
chr3	-93	3	1302.0	0.2304147465437788
chr3	-92	0	1339.0	0.0
chr3	-91	1	1375.0	0.07272727272727272
chr3	-90	0	1409.0	0.0
chr3	-89	2	1446.0	0.13831258644536654
chr3	-88	0	1477.0	0.0
chr3	-87	1	1510.0	0.06622516556291391
chr3	-86	9	1553.0	0.5795235028976174
chr3	-85	0	1582.0	0.0
chr3	-84	1	1630.0	0.06134969325153375
chr3	-83	7	1664.0	0.4206730769230769
chr3	-82	0	1688.0	0.0
chr3	-81	12	1721.0	0.6972690296339338
chr3	-80	1	1754.0	0.05701254275940707
chr3	-79	1	1789.0	0.05589714924538849
chr3	-78	0	1825.0	0.0
chr3	-77	8	1860.0	0.43010752688172044
chr3	-76	0	1899.0	0.0
chr3	-75	2	1927.0	0.10378827192527244
chr3	-74	2	1954.0	0.1023541453428864
chr3	-73	8	1989.0	0.40221216691804923
chr3	-72	4	2036.0	0.19646365422396855
chr3	-71	5	2078.0	0.2406159769008662
chr3	-70	3	2114.0	0.14191106906338694
chr3	-69	6	2145.0	0.27972027972027974
chr3	-68	7	2175.0	0.3218390804597701
chr3	-67	11	2209.0	0.49796287913082843
chr3	-66	10	2247.0	0.4450378282153983
chr3	-65	3	2277.0	0.13175230566534915
chr3	-64	14	2316.0	0.6044905008635579
chr3	-63	1	2347.0	0.04260758414997869
chr3	-62	4	2382.0	0.16792611251049538
chr3	-61	1	2414.0	0.041425020712510356
chr3	-60	6	2462.0	0.2437043054427295
chr3	-59	6	2507.0	0.23932987634623054
chr3	-58	0	2541.0	0.0
chr3	-57	4	2570.0	0.1556420233463035
chr3	-56	6	2599.0	0.2308580223162755
chr3	-55	3	2637.0	0.11376564277588168
chr3	-54	7	2686.0	0.2606105733432614
chr3	-53	4	2725.0	0.14678899082568808
chr3	-52	4	2766.0	0.14461315979754158
chr3	-51	12	2793.0	0.4296455424274973
chr3	-50	9	2826.0	0.3184713375796179
chr3	-49	8	2865.0	0.2792321116928447
chr3	-48	6	2906.0	0.20646937370956642
chr3	-47	3	2948.0	0.10176390773405698
chr3	-46	0	2987.0	0.0
chr3	-45	4	3024.0	0.13227513227513227
chr3	-44	10	3063.0	0.326477309826967
chr3	-43	7	3108.0	0.22522522522522523
chr3	-42	22	3148.0	0.6988564167725541
chr3	-41	2	3179.0	0.06291286568103177
chr3	-40	1	3217.0	0.031084861672365557
chr3	-39	5	3254.0	0.15365703749231713
chr3	-38	10	3279.0	0.3049710277523635
chr3	-37	11	3309.0	0.3324267150196434
chr3	-36	9	3355.0	0.26825633383010433
chr3	-35	14	3391.0	0.41285756414037156
chr3	-34	5	3429.0	0.1458151064450277
chr3	-33	5	3459.0	0.14455044810638912
chr3	-32	3	3494.0	0.08586147681740126
chr3	-31	6	3522.0	0.17035775127768313
chr3	-30	2	3554.0	0.056274620146314014
chr3	-29	18	3581.0	0.502652890254119
chr3	-28	3	3611.0	0.08307947936859596
chr3	-27	4	3661.0	0.10925976509150505
chr3	-26	18	3692.0	0.4875406283856988
chr3	-25	6	3720.0	0.16129032258064516
chr3	-24	13	3756.0	0.34611288604898827
chr3	-23	6	3780.0	0.15873015873015872
chr3	-22	6	3815.0	0.15727391874180865
chr3	-21	4	3858.0	0.10368066355624676
chr3	-20	7	3898.0	0.17957927142124167
chr3	-19	7	3936.0	0.17784552845528454
chr3	-18	5	3962.0	0.12619888944977284
chr3	-17	36	3988.0	0.9027081243731194
chr3	-16	5	4018.0	0.12444001991040318
chr3	-15	7	4043.0	0.17313875834776157
chr3	-14	7	4068.0	0.1720747295968535
chr3	-13	4	4106.0	0.0974184120798831
chr3	-12	13	4136.0	0.3143133462282398
chr3	-11	7	4168.0	0.16794625719769674
chr3	-10	5	4175.0	0.11976047904191617
chr3	-9	27	4187.0	0.6448531167900645
chr3	-8	17	4185.0	0.4062126642771804
chr3	-7	7	4186.0	0.16722408026755853
chr3	-6	9	4186.0	0.21500238891543239
chr3	-5	10	4184.0	0.23900573613766732
chr3	-4	47	4169.0	1.1273686735428161
chr3	-3	45	4139.0	1.087219135056777
chr3	-2	57	4128.0	1.380813953488372
chr3	-1	214	4103.0	5.215695832317816
chr3	0	262	3294.0	7.953855494839102
chr3	1	73	3375.0	2.162962962962963
chr3	2	61	3368.0	1.811163895486936
chr3	3	105	3370.0	3.115727002967359
chr3	4	82	3344.0	2.452153110047847
chr3	5	77	3316.0	2.3220747889022917
chr3	6	80	3279.0	2.439768222018908
chr3	7	67	3237.0	2.069817732468335
chr3	8	66	3219.0	2.050326188257223
chr3	9	61	3187.0	1.9140257295262004
chr3	10	85	3158.0	2.6915769474350855
chr3	11	72	3118.0	2.3091725465041693
chr3	12	36	3069.0	1.1730205278592376
chr3	13	59	3029.0	1.9478375701551667
chr3	14	65	2988.0	2.175368139223561
chr3	15	45	2955.0	1.5228426395939088
chr3	16	67	2906.0	2.3055746730901583
chr3	17	90	2870.0	3.1358885017421603
chr3	18	45	2828.0	1.5912305516265914
chr3	19	59	2772.0	2.1284271284271283
chr3	20	55	2745.0	2.0036429872495445
chr3	21	52	2713.0	1.9166973829708809
chr3	22	37	2688.0	1.3764880952380951
chr3	23	48	2665.0	1.801125703564728
chr3	24	60	2637.0	2.2753128555176336
chr3	25	58	2603.0	2.228198232808298
chr3	26	52	2579.0	2.016285381930981
chr3	27	57	2538.0	2.2458628841607564
chr3	28	43	2503.0	1.7179384738314023
chr3	29	42	2468.0	1.7017828200972445
chr3	30	61	2429.0	2.5113215314944424
chr3	31	35	2409.0	1.45288501452885
chr3	32	48	2382.0	2.0151133501259446
chr3	33	46	2349.0	1.9582801191996593
chr3	34	44	2301.0	1.912212081703607
chr3	35	31	2272.0	1.3644366197183098
chr3	36	39	2244.0	1.7379679144385027
chr3	37	33	2212.0	1.4918625678119348
chr3	38	39	2183.0	1.7865322950068714
chr3	39	45	2157.0	2.086230876216968
chr3	40	48	2121.0	2.263083451202263
chr3	41	41	2094.0	1.9579751671442218
chr3	42	33	2072.0	1.5926640926640927
chr3	43	54	2047.0	2.638006839276991
chr3	44	28	2017.0	1.3882002974714922
chr3	45	29	1996.0	1.4529058116232465
chr3	46	46	1963.0	2.3433520122261844
chr3	47	27	1935.0	1.3953488372093024
chr3	48	27	1900.0	1.4210526315789473
chr3	49	32	1874.0	1.7075773745997866
chr3	50	33	1849.0	1.7847485127095726
chr3	51	39	1822.0	2.140504939626784
chr3	52	30	1794.0	1.6722408026755853
chr3	53	28	1766.0	1.5855039637599093
chr3	54	33	1740.0	1.896551724137931
chr3	55	23	1706.0	1.3481828839390386
chr3	56	36	1680.0	2.142857142857143
chr3	57	29	1651.0	1.756511205330103
chr3	58	40	1623.0	2.4645717806531113
chr3	59	19	1605.0	1.1838006230529596
chr3	60	40	1579.0	2.53324889170361
chr3	61	28	1555.0	1.8006430868167203
chr3	62	28	1526.0	1.834862385321101
chr3	63	26	1492.0	1.742627345844504
chr3	64	28	1472.0	1.9021739130434785
chr3	65	41	1429.0	2.8691392582225332
chr3	66	34	1403.0	2.4233784746970777
chr3	67	21	1365.0	1.5384615384615385
chr3	68	22	1342.0	1.639344262295082
chr3	69	17	1311.0	1.2967200610221206
chr3	70	15	1283.0	1.1691348402182384
chr3	71	20	1244.0	1.607717041800643
chr3	72	32	1209.0	2.6468155500413566
chr3	73	17	1185.0	1.4345991561181435
chr3	74	23	1155.0	1.9913419913419914
chr3	75	13	1120.0	1.1607142857142858
chr3	76	18	1084.0	1.6605166051660518
chr3	77	30	1057.0	2.838221381267739
chr3	78	12	1027.0	1.1684518013631937
chr3	79	18	993.0	1.812688821752266
chr3	80	29	971.0	2.9866117404737382
chr3	81	18	952.0	1.8907563025210083
chr3	82	17	924.0	1.83982683982684
chr3	83	11	902.0	1.2195121951219512
chr3	84	17	874.0	1.9450800915331807
chr3	85	10	847.0	1.1806375442739079
chr3	86	9	812.0	1.1083743842364533
chr3	87	16	785.0	2.038216560509554
chr3	88	15	758.0	1.978891820580475
chr3	89	9	719.0	1.2517385257301807
chr3	90	10	692.0	1.4450867052023122
chr3	91	13	665.0	1.954887218045113
chr3	92	2	639.0	0.3129890453834116
chr3	93	9	610.0	1.4754098360655739
chr3	94	12	584.0	2.054794520547945
chr3	95	13	549.0	2.3679417122040074
chr3	96	10	524.0	1.9083969465648856
chr3	97	5	495.0	1.0101010101010102
chr3	98	13	469.0	2.771855010660981
chr3	99	5	437.0	1.1441647597254003
chr3	100	7	410.0	1.707317073170732
chr3	101	12	386.0	3.1088082901554404
chr3	102	5	357.0	1.400560224089636
chr3	103	3	333.0	0.9009009009009009
chr3	104	4	312.0	1.282051282051282
chr3	105	4	283.0	1.4134275618374559
chr3	106	3	251.0	1.1952191235059761
chr3	107	5	217.0	2.3041474654377883
chr3	108	4	190.0	2.1052631578947367
chr3	109	2	168.0	1.1904761904761905
chr3	110	3	142.0	2.112676056338028
chr3	111	2	123.0	1.6260162601626018
chr3	112	1	108.0	0.9259259259259258
chr3	113	1	75.0	1.3333333333333335
chr3	114	0	42.0	0.0
chr3	115	0	25.0	0.0
chr3	116	0	5.0	0.0
chr3	117	0	0.0	nan
chr3	118	0	0.0	nan
chr3	119	0	0.0	nan
chr3	120	0	0.0	nan
chr3	121	0	0.0	nan
chr3	122	0	0.0	nan
chr3	123	0	0.0	nan
chr3	124	0	0.0	nan
chr3	125	0	0.0	nan
chr3	126	0	0.0	nan
chr3	127	0	0.0	nan
chr3	128	0	0.0	nan
chr3	129	0	0.0	nan
chr3	130	0	0.0	nan
chr3	131	0	0.0	nan
chr4	-136	0	2.0	0.0
chr4	-135	0	3.0	0.0
chr4	-134	0	4.0	0.0
chr4	-133	0	6.0	0.0
chr4	-132	0	10.0	0.0
chr4	-131	0	13.0	0.0
chr4	-130	0	23.0	0.0
chr4	-129	1	40.0	2.5
chr4	-128	0	59.0	0.0
chr4	-127	0	82.0	0.0
chr4	-126	0	96.0	0.0
chr4	-125	0	128.0	0.0
chr4	-124	1	150.0	0.6666666666666667
chr4	-123	0	174.0	0.0
chr4	-122	2	203.0	0.9852216748768473
chr4	-121	0	226.0	0.0
chr4	-120	2	250.0	0.8
chr4	-119	0	274.0	0.0
chr4	-118	0	300.0	0.0
chr4	-117	0	325.0	0.0
chr4	-116	0	354.0	0.0
chr4	-115	1	376.0	0.26595744680851063
chr4	-114	0	403.0	0.0
chr4	-113	0	437.0	0.0
chr4	-112	1	466.0	0.2145922746781116
chr4	-111	1	495.0	0.20202020202020202
chr4	-110	0	519.0	0.0
chr4	-109	2	546.0	0.3663003663003663
chr4	-108	2	573.0	0.34904013961605584
chr4	-107	3	593.0	0.5059021922428331
chr4	-106	5	616.0	0.8116883116883116
chr4	-105	6	644.0	0.9316770186335404
chr4	-104	1	670.0	0.1492537313432836
chr4	-103	0	695.0	0.0
chr4	-102	1	721.0	0.13869625520110956
chr4	-101	1	756.0	0.13227513227513227
chr4	-100	2	777.0	0.2574002574002574
chr4	-99	1	799.0	0.1251564455569462
chr4	-98	4	831.0	0.48134777376654636
chr4	-97	0	854.0	0.0
chr4	-96	5	883.0	0.5662514156285391
chr4	-95	0	912.0	0.0
chr4	-94	1	936.0	0.10683760683760685
chr4	-93	3	958.0	0.31315240083507306
chr4	-92	1	983.0	0.10172939979654119
chr4	-91	1	1012.0	0.09881422924901186
chr4	-90	2	1047.0	0.19102196752626552
chr4	-89	2	1080.0	0.1851851851851852
chr4	-88	2	1110.0	0.18018018018018017
chr4	-87	2	1144.0	0.17482517482517482
chr4	-86	1	1170.0	0.08547008547008547
chr4	-85	1	1193.0	0.08382229673093043
chr4	-84	0	1222.0	0.0
chr4	-83	2	1245.0	0.1606425702811245
chr4	-82	4	1281.0	0.312256049960968
chr4	-81	7	1310.0	0.5343511450381679
chr4	-80	4	1346.0	0.2971768202080238
chr4	-79	2	1372.0	0.1457725947521866
chr4	-78	2	1410.0	0.14184397163120568
chr4	-77	4	1429.0	0.27991602519244224
chr4	-76	1	1461.0	0.06844626967830253
chr4	-75	3	1479.0	0.2028397565922921
chr4	-74	6	1508.0	0.3978779840848806
chr4	-73	2	1537.0	0.13012361743656475
chr4	-72	0	1567.0	0.0
chr4	-71	5	1594.0	0.3136762860727729
chr4	-70	3	1618.0	0.1854140914709518
chr4	-69	1	1648.0	0.06067961165048543
chr4	-68	4	1676.0	0.23866348448687352
chr4	-67	1	1705.0	0.05865102639296188
chr4	-66	1	1735.0	0.05763688760806917
chr4	-65	2	1762.0	0.11350737797956867
chr4	-64	8	1789.0	0.4471771939631079
chr4	-63	1	1817.0	0.0550357732526142
chr4	-62	1	1847.0	0.05414185165132648
chr4	-61	4	1882.0	0.21253985122210414
chr4	-60	4	1919.0	0.20844189682126105
chr4	-59	11	1957.0	0.5620848237097598
chr4	-58	10	1982.0	0.5045408678102926
chr4	-57	2	2012.0	0.09940357852882703
chr4	-56	13	2040.0	0.6372549019607843
chr4	-55	9	2074.0	0.43394406943105107
chr4	-54	11	2099.0	0.5240590757503573
chr4	-53	1	2134.0	0.046860356138706656
chr4	-52	13	2158.0	0.6024096385542169
chr4	-51	7	2193.0	0.31919744642042863
chr4	-50	11	2236.0	0.4919499105545617
chr4	-49	7	2261.0	0.30959752321981426
chr4	-48	16	2292.0	0.6980802792321117
chr4	-47	4	2321.0	0.17233950883239982
chr4	-46	21	2351.0	0.8932369204593791
chr4	-45	2	2378.0	0.08410428931875526
chr4	-44	2	2405.0	0.08316008316008316
chr4	-43	2	2435.0	0.08213552361396304
chr4	-42	4	2462.0	0.16246953696181965
chr4	-41	9	2485.0	0.3621730382293763
chr4	-40	4	2513.0	0.15917230401910068
chr4	-39	2	2538.0	0.07880220646178093
chr4	-38	4	2567.0	0.15582391897156214
chr4	-37	2	2596.0	0.07704160246533129
chr4	-36	0	2620.0	0.0
chr4	-35	16	2645.0	0.6049149338374291
chr4	-34	21	2673.0	0.7856341189674524
chr4	-33	4	2697.0	0.14831294030404152
chr4	-32	6	2729.0	0.21986075485525836
chr4	-31	4	2759.0	0.14498006524102935
chr4	-30	3	2773.0	0.10818608005769925
chr4	-29	11	2802.0	0.39257673090649536
chr4	-28	11	2825.0	0.3893805309734513
chr4	-27	3	2854.0	0.10511562718990891
chr4	-26	5	2877.0	0.1737921445950643
chr4	-25	8	2895.0	0.2763385146804836
chr4	-24	4	2927.0	0.1366586949094636
chr4	-23	4	2953.0	0.13545546901456146
chr4	-22	3	2976.0	0.10080645161290322
chr4	-21	8	2992.0	0.267379679144385
chr4	-20	7	3018.0	0.23194168323392977
chr4	-19	10	3054.0	0.3274394237066143
chr4	-18	12	3076.0	0.3901170351105332
chr4	-17	4	3106.0	0.128783000643915
chr4	-16	7	3119.0	0.22443090734209684
chr4	-15	1	3146.0	0.03178639542275906
chr4	-14	8	3162.0	0.2530044275774826
chr4	-13	3	3184.0	0.09422110552763818
chr4	-12	4	3204.0	0.12484394506866417
chr4	-11	29	3225.0	0.8992248062015503
chr4	-10	19	3239.0	0.5866008027168879
chr4	-9	13	3239.0	0.4013584439641865
chr4	-8	11	3239.0	0.33961099104661935
chr4	-7	33	3241.0	1.0182042579450787
chr4	-6	37	3220.0	1.1490683229813665
chr4	-5	21	3220.0	0.6521739130434783
chr4	-4	14	3212.0	0.43586550435865506
chr4	-3	23	3203.0	0.7180768029971901
chr4	-2	79	3179.0	2.485058194400755
chr4	-1	105	3135.0	3.349282296650718
chr4	0	209	2668.0	7.833583208395802
chr4	1	64	2741.0	2.334914264866837
chr4	2	61	2735.0	2.230347349177331
chr4	3	59	2726.0	2.1643433602347764
chr4	4	55	2712.0	2.028023598820059
chr4	5	55	2685.0	2.0484171322160147
chr4	6	71	2664.0	2.665165165165165
chr4	7	42	2646.0	1.5873015873015872
chr4	8	25	2623.0	0.9531071292413268
chr4	9	53	2593.0	2.0439645198611647
chr4	10	48	2575.0	1.8640776699029127
chr4	11	62	2548.0	2.4332810047095763
chr4	12	29	2512.0	1.1544585987261147
chr4	13	38	2488.0	1.527331189710611
chr4	14	36	2463.0	1.46163215590743
chr4	15	56	2443.0	2.292263610315186
chr4	16	43	2415.0	1.7805383022774328
chr4	17	46	2393.0	1.9222732971165901
chr4	18	36	2367.0	1.520912547528517
chr4	19	52	2345.0	2.2174840085287846
chr4	20	36	2321.0	1.5510555794915983
chr4	21	41	2296.0	1.7857142857142856
chr4	22	33	2268.0	1.455026455026455
chr4	23	22	2243.0	0.980829246544806
chr4	24	59	2223.0	2.654071075123707
chr4	25	15	2195.0	0.683371298405467
chr4	26	44	2175.0	2.022988505747126
chr4	27	38	2141.0	1.7748715553479684
chr4	28	46	2113.0	2.1769995267392335
chr4	29	36	2089.0	1.723312589755864
chr4	30	40	2079.0	1.9240019240019242
chr4	31	47	2056.0	2.2859922178988326
chr4	32	40	2033.0	1.9675356615838662
chr4	33	45	2011.0	2.2376926902038785
chr4	34	45	1991.0	2.260170768458061
chr4	35	40	1963.0	2.0376974019358127
chr4	36	32	1933.0	1.6554578375581996
chr4	37	20	1906.0	1.049317943336831
chr4	38	33	1879.0	1.7562533262373603
chr4	39	32	1849.0	1.7306652244456464
chr4	40	29	1818.0	1.5951595159515952
chr4	41	21	1802.0	1.1653718091009988
chr4	42	26	1788.0	1.45413870246085
chr4	43	31	1765.0	1.7563739376770537
chr4	44	22	1745.0	1.2607449856733524
chr4	45	36	1715.0	2.099125364431487
chr4	46	29	1678.0	1.7282479141835518
chr4	47	21	1651.0	1.2719563900666264
chr4	48	35	1634.0	2.141982864137087
chr4	49	27	1605.0	1.6822429906542056
chr4	50	20	1587.0	1.260239445494644
chr4	51	31	1558.0	1.989730423620026
chr4	52	23	1535.0	1.498371335504886
chr4	53	32	1509.0	2.1206096752816435
chr4	54	46	1485.0	3.0976430976430978
chr4	55	38	1462.0	2.5991792065663475
chr4	56	23	1441.0	1.5961138098542678
chr4	57	24	1415.0	1.6961130742049468
chr4	58	33	1397.0	2.3622047244094486
chr4	59	27	1364.0	1.9794721407624634
chr4	60	23	1341.0	1.715137956748695
chr4	61	18	1312.0	1.3719512195121952
chr4	62	16	1282.0	1.24804992199688
chr4	63	21	1265.0	1.6600790513833994
chr4	64	28	1236.0	2.26537216828479
chr4	65	15	1211.0	1.2386457473162675
chr4	66	11	1179.0	0.9329940627650551
chr4	67	19	1149.0	1.6536118363794605
chr4	68	24	1119.0	2.1447721179624666
chr4	69	15	1090.0	1.3761467889908259
chr4	70	19	1070.0	1.7757009345794394
chr4	71	17	1045.0	1.6267942583732056
chr4	72	19	1012.0	1.8774703557312251
chr4	73	17	987.0	1.7223910840932117
chr4	74	12	958.0	1.2526096033402923
chr4	75	10	941.0	1.0626992561105209
chr4	76	17	907.0	1.8743109151047408
chr4	77	13	870.0	1.4942528735632183
chr4	78	10	855.0	1.1695906432748537
chr4	79	16	830.0	1.9277108433734942
chr4	80	14	807.0	1.734820322180917
chr4	81	14	787.0	1.7789072426937738
chr4	82	4	761.0	0.5256241787122208
chr4	83	19	728.0	2.60989010989011
chr4	84	18	697.0	2.582496413199426
chr4	85	8	676.0	1.183431952662722
chr4	86	16	655.0	2.4427480916030535
chr4	87	11	630.0	1.746031746031746
chr4	88	9	612.0	1.4705882352941175
chr4	89	5	592.0	0.8445945945945946
chr4	90	4	567.0	0.7054673721340388
chr4	91	9	538.0	1.6728624535315983
chr4	92	10	514.0	1.9455252918287937
chr4	93	10	491.0	2.0366598778004072
chr4	94	7	468.0	1.4957264957264957
chr4	95	6	445.0	1.348314606741573
chr4	96	3	422.0	0.7109004739336493
chr4	97	9	401.0	2.2443890274314215
chr4	98	3	378.0	0.7936507936507936
chr4	99	7	354.0	1.977401129943503
chr4	100	7	337.0	2.0771513353115725
chr4	101	9	311.0	2.8938906752411575
chr4	102	6	284.0	2.112676056338028
chr4	103	6	265.0	2.2641509433962264
chr4	104	0	245.0	0.0
chr4	105	4	228.0	1.7543859649122806
chr4	106	1	210.0	0.4761904761904762
chr4	107	1	188.0	0.5319148936170213
chr4	108	3	160.0	1.875
chr4	109	0	135.0	0.0
chr4	110	5	112.0	4.464285714285714
chr4	111	1	92.0	1.0869565217391304
chr4	112	0	73.0	0.0
chr4	113	0	52.0	0.0
chr4	114	1	35.0	2.857142857142857
chr4	115	1	19.0	5.263157894736842
chr4	116	1	6.0	16.666666666666664
chr4	117	0	0.0	nan
chr4	118	0	0.0	nan
chr4	119	0	0.0	nan
chr4	120	0	0.0	nan
chr4	121	0	0.0	nan
chr4	122	0	0.0	nan
chr4	123	0	0.0	nan
chr4	124	0	0.0	nan
chr4	125	0	0.0	nan
chr4	126	0	0.0	nan
chr4	127	0	0.0	nan
chr4	128	0	0.0	nan
chr4	129	0	0.0	nan
chr4	130	0	0.0	nan
chr4	131	0	0.0	nan
chr4	132	0	0.0	nan
chr4	133	0	0.0	nan
chr4	134	0	0.0	nan
chr5	-136	0	1.0	0.0
chr5	-135	0	1.0	0.0
chr5	-134	0	1.0	0.0
chr5	-133	0	1.0	0.0
chr5	-132	0	1.0	0.0
chr5	-131	0	3.0	0.0
chr5	-130	0	6.0	0.0
chr5	-129	0	14.0	0.0
chr5	-128	0	29.0	0.0
chr5	-127	0	45.0	0.0
chr5	-126	0	67.0	0.0
chr5	-125	1	91.0	1.098901098901099
chr5	-124	0	115.0	0.0
chr5	-123	2	138.0	1.4492753623188406
chr5	-122	0	158.0	0.0
chr5	-121	0	176.0	0.0
chr5	-120	0	198.0	0.0
chr5	-119	1	229.0	0.43668122270742354
chr5	-118	0	252.0	0.0
chr5	-117	0	286.0	0.0
chr5	-116	0	312.0	0.0
chr5	-115	0	340.0	0.0
chr5	-114	0	371.0	0.0
chr5	-113	1	398.0	0.25125628140703515
chr5	-112	1	418.0	0.23923444976076555
chr5	-111	0	439.0	0.0
chr5	-110	0	461.0	0.0
chr5	-109	0	483.0	0.0
chr5	-108	0	511.0	0.0
chr5	-107	2	529.0	0.3780718336483932
chr5	-106	2	550.0	0.36363636363636365
chr5	-105	0	573.0	0.0
chr5	-104	1	593.0	0.16863406408094433
chr5	-103	1	622.0	0.1607717041800643
chr5	-102	3	645.0	0.46511627906976744
chr5	-101	1	677.0	0.14771048744460857
chr5	-100	0	704.0	0.0
chr5	-99	7	728.0	0.9615384615384616
chr5	-98	1	747.0	0.13386880856760375
chr5	-97	0	772.0	0.0
chr5	-96	3	798.0	0.37593984962406013
chr5	-95	0	817.0	0.0
chr5	-94	1	836.0	0.11961722488038277
chr5	-93	0	860.0	0.0
chr5	-92	0	886.0	0.0
chr5	-91	2	910.0	0.21978021978021978
chr5	-90	0	934.0	0.0
chr5	-89	1	959.0	0.10427528675703858
chr5	-88	1	983.0	0.10172939979654119
chr5	-87	3	996.0	0.30120481927710846
chr5	-86	5	1018.0	0.4911591355599214
chr5	-85	4	1040.0	0.38461538461538464
chr5	-84	1	1077.0	0.09285051067780872
chr5	-83	1	1103.0	0.09066183136899365
chr5	-82	0	1138.0	0.0
chr5	-81	2	1163.0	0.17196904557179707
chr5	-80	4	1191.0	0.33585222502099077
chr5	-79	3	1217.0	0.24650780608052586
chr5	-78	2	1239.0	0.16142050040355124
chr5	-77	8	1259.0	0.6354249404289118
chr5	-76	2	1284.0	0.1557632398753894
chr5	-75	2	1312.0	0.1524390243902439
chr5	-74	1	1343.0	0.07446016381236038
chr5	-73	3	1355.0	0.22140221402214022
chr5	-72	0	1383.0	0.0
chr5	-71	1	1409.0	0.07097232079488999
chr5	-70	19	1440.0	1.3194444444444444
chr5	-69	2	1474.0	0.13568521031207598
chr5	-68	2	1496.0	0.1336898395721925
chr5	-67	1	1518.0	0.06587615283267458
chr5	-66	2	1544.0	0.1295336787564767
chr5	-65	1	1571.0	0.06365372374283895
chr5	-64	7	1599.0	0.4377736085053158
chr5	-63	5	1628.0	0.3071253071253071
chr5	-62	8	1656.0	0.4830917874396135
chr5	-61	6	1685.0	0.35608308605341243
chr5	-60	5	1714.0	0.29171528588098017
chr5	-59	11	1748.0	0.6292906178489702
chr5	-58	8	1776.0	0.45045045045045046
chr5	-57	8	1816.0	0.4405286343612335
chr5	-56	2	1849.0	0.1081665765278529
chr5	-55	5	1876.0	0.26652452025586354
chr5	-54	10	1902.0	0.5257623554153523
chr5	-53	7	1933.0	0.3621314019658562
chr5	-52	5	1956.0	0.2556237218813906
chr5	-51	4	1987.0	0.20130850528434827
chr5	-50	9	2016.0	0.4464285714285714
chr5	-49	5	2041.0	0.2449779519843214
chr5	-48	4	2079.0	0.1924001924001924
chr5	-47	3	2109.0	0.1422475106685633
chr5	-46	4	2134.0	0.18744142455482662
chr5	-45	13	2162.0	0.6012950971322849
chr5	-44	1	2183.0	0.04580852038479157
chr5	-43	3	2213.0	0.13556258472661548
chr5	-42	0	2237.0	0.0
chr5	-41	11	2258.0	0.48715677590788303
chr5	-40	7	2284.0	0.3064798598949212
chr5	-39	2	2321.0	0.08616975441619991
chr5	-38	4	2351.0	0.1701403658017865
chr5	-37	6	2382.0	0.2518891687657431
chr5	-36	14	2417.0	0.5792304509722797
chr5	-35	4	2446.0	0.1635322976287817
chr5	-34	3	2471.0	0.12140833670578711
chr5	-33	4	2505.0	0.1596806387225549
chr5	-32	2	2529.0	0.07908264136022143
chr5	-31	5	2566.0	0.19485580670303976
chr5	-30	2	2590.0	0.07722007722007722
chr5	-29	4	2617.0	0.15284677111196027
chr5	-28	2	2641.0	0.07572889057175312
chr5	-27	2	2668.0	0.07496251874062969
chr5	-26	16	2688.0	0.5952380952380952
chr5	-25	17	2713.0	0.6266126059712496
chr5	-24	19	2731.0	0.6957158549981692
chr5	-23	9	2762.0	0.3258508327299059
chr5	-22	34	2789.0	1.219074937253496
chr5	-21	13	2808.0	0.4629629629629629
chr5	-20	7	2827.0	0.24761230986911922
chr5	-19	8	2845.0	0.281195079086116
chr5	-18	1	2866.0	0.034891835310537335
chr5	-17	6	2890.0	0.20761245674740486
chr5	-16	14	2908.0	0.48143053645116923
chr5	-15	1	2928.0	0.03415300546448088
chr5	-14	5	2951.0	0.16943409013893596
chr5	-13	6	2980.0	0.20134228187919465
chr5	-12	18	3002.0	0.5996002664890073
chr5	-11	27	3021.0	0.893743793445879
chr5	-10	5	3045.0	0.16420361247947454
chr5	-9	10	3044.0	0.328515111695138
chr5	-8	12	3039.0	0.3948667324777887
chr5	-7	16	3025.0	0.5289256198347108
chr5	-6	26	3025.0	0.859504132231405
chr5	-5	14	3026.0	0.4626569729015202
chr5	-4	24	3013.0	0.7965482907401261
chr5	-3	13	2994.0	0.43420173680694724
chr5	-2	17	2991.0	0.5683717820127048
chr5	-1	129	2872.0	4.491643454038997
chr5	0	261	2429.0	10.745162618361466
chr5	1	30	2557.0	1.173249902229175
chr5	2	53	2537.0	2.0890815924320063
chr5	3	74	2539.0	2.91453328081922
chr5	4	63	2519.0	2.500992457324335
chr5	5	55	2495.0	2.2044088176352705
chr5	6	80	2458.0	3.254678600488202
chr5	7	24	2451.0	0.9791921664626682
chr5	8	70	2428.0	2.883031301482702
chr5	9	62	2406.0	2.57689110556941
chr5	10	62	2376.0	2.6094276094276094
chr5	11	69	2363.0	2.920016927634363
chr5	12	47	2331.0	2.016302016302016
chr5	13	50	2306.0	2.168256721595837
chr5	14	49	2276.0	2.1528998242530757
chr5	15	32	2248.0	1.4234875444839856
chr5	16	55	2227.0	2.469690166142793
chr5	17	36	2199.0	1.6371077762619373
chr5	18	54	2183.0	2.4736601007787447
chr5	19	52	2161.0	2.406293382693198
chr5	20	56	2146.0	2.60950605778192
chr5	21	63	2123.0	2.967498822421102
chr5	22	64	2100.0	3.0476190476190474
chr5	23	51	2076.0	2.4566473988439306
chr5	24	52	2052.0	2.53411306042885
chr5	25	53	2033.0	2.6069847515986226
chr5	26	46	2000.0	2.3
chr5	27	39	1978.0	1.9716885743174923
chr5	28	32	1950.0	1.641025641025641
chr5	29	43	1937.0	2.219927723283428
chr5	30	34	1916.0	1.7745302713987474
chr5	31	31	1897.0	1.6341591987348445
chr5	32	55	1873.0	2.936465563267485
chr5	33	28	1852.0	1.511879049676026
chr5	34	46	1832.0	2.5109170305676853
chr5	35	35	1809.0	1.9347705914870093
chr5	36	24	1788.0	1.342281879194631
chr5	37	29	1770.0	1.6384180790960452
chr5	38	47	1742.0	2.69804822043628
chr5	39	30	1727.0	1.7371163867979156
chr5	40	35	1712.0	2.0443925233644857
chr5	41	38	1690.0	2.2485207100591715
chr5	42	39	1672.0	2.3325358851674642
chr5	43	28	1645.0	1.702127659574468
chr5	44	29	1624.0	1.7857142857142856
chr5	45	28	1602.0	1.7478152309612984
chr5	46	34	1583.0	2.147820593809223
chr5	47	29	1564.0	1.854219948849105
chr5	48	37	1537.0	2.4072869225764477
chr5	49	51	1520.0	3.3552631578947367
chr5	50	28	1495.0	1.8729096989966554
chr5	51	40	1478.0	2.706359945872801
chr5	52	36	1451.0	2.4810475534114405
chr5	53	29	1427.0	2.0322354590049057
chr5	54	18	1401.0	1.284796573875803
chr5	55	22	1373.0	1.602330662782229
chr5	56	22	1350.0	1.6296296296296295
chr5	57	24	1329.0	1.805869074492099
chr5	58	30	1310.0	2.2900763358778624
chr5	59	30	1287.0	2.331002331002331
chr5	60	21	1262.0	1.664025356576862
chr5	61	32	1237.0	2.5869037995149555
chr5	62	33	1222.0	2.7004909983633385
chr5	63	24	1200.0	2.0
chr5	64	32	1173.0	2.7280477408354646
chr5	65	19	1147.0	1.6564952048823016
chr5	66	24	1118.0	2.146690518783542
chr5	67	22	1088.0	2.0220588235294117
chr5	68	18	1046.0	1.7208413001912046
chr5	69	26	1020.0	2.549019607843137
chr5	70	16	998.0	1.6032064128256511
chr5	71	18	974.0	1.8480492813141685
chr5	72	16	946.0	1.6913319238900635
chr5	73	21	934.0	2.2483940042826553
chr5	74	14	913.0	1.5334063526834611
chr5	75	16	889.0	1.799775028121485
chr5	76	26	857.0	3.0338389731621938
chr5	77	14	839.0	1.66865315852205
chr5	78	12	817.0	1.4687882496940026
chr5	79	21	789.0	2.6615969581749046
chr5	80	23	770.0	2.987012987012987
chr5	81	18	744.0	2.4193548387096775
chr5	82	10	721.0	1.3869625520110958
chr5	83	18	704.0	2.556818181818182
chr5	84	13	689.0	1.8867924528301887
chr5	85	14	667.0	2.0989505247376314
chr5	86	12	649.0	1.848998459167951
chr5	87	16	624.0	2.564102564102564
chr5	88	10	595.0	1.680672268907563
chr5	89	8	570.0	1.4035087719298245
chr5	90	10	545.0	1.834862385321101
chr5	91	12	518.0	2.3166023166023164
chr5	92	13	488.0	2.663934426229508
chr5	93	7	470.0	1.4893617021276597
chr5	94	8	446.0	1.7937219730941705
chr5	95	17	427.0	3.9812646370023423
chr5	96	7	408.0	1.715686274509804
chr5	97	6	386.0	1.5544041450777202
chr5	98	11	360.0	3.0555555555555554
chr5	99	6	333.0	1.8018018018018018
chr5	100	10	318.0	3.1446540880503147
chr5	101	9	306.0	2.941176470588235
chr5	102	10	291.0	3.436426116838488
chr5	103	2	271.0	0.7380073800738007
chr5	104	3	246.0	1.2195121951219512
chr5	105	10	230.0	4.3478260869565215
chr5	106	4	213.0	1.8779342723004695
chr5	107	7	189.0	3.7037037037037033
chr5	108	4	174.0	2.2988505747126435
chr5	109	1	153.0	0.6535947712418301
chr5	110	2	133.0	1.5037593984962405
chr5	111	5	118.0	4.23728813559322
chr5	112	1	88.0	1.1363636363636365
chr5	113	4	65.0	6.153846153846154
chr5	114	0	49.0	0.0
chr5	115	1	27.0	3.7037037037037033
chr5	116	0	9.0	0.0
chr5	117	0	0.0	nan
chr5	118	0	0.0	nan
chr5	119	0	0.0	nan
chr5	120	0	0.0	nan
chr5	121	0	0.0	nan
chr5	122	0	0.0	nan
chr5	123	0	0.0	nan
chr5	124	0	0.0	nan
chr5	125	0	0.0	nan
chr5	126	0	0.0	nan
chr5	127	0	0.0	nan
chr5	128	0	0.0	nan
chr5	129	0	0.0	nan
chr5	130	0	0.0	nan
chr5	131	0	0.0	nan
chr5	132	0	0.0	nan
chr6	-132	0	1.0	0.0
chr6	-131	0	3.0	0.0
chr6	-130	0	14.0	0.0
chr6	-129	0	29.0	0.0
chr6	-128	0	39.0	0.0
chr6	-127	0	57.0	0.0
chr6	-126	0	80.0	0.0
chr6	-125	1	108.0	0.9259259259259258
chr6	-124	0	138.0	0.0
chr6	-123	0	164.0	0.0
chr6	-122	0	184.0	0.0
chr6	-121	0	218.0	0.0
chr6	-120	1	246.0	0.40650406504065045
chr6	-119	1	277.0	0.36101083032490977
chr6	-118	4	307.0	1.3029315960912053
chr6	-117	0	340.0	0.0
chr6	-116	4	362.0	1.1049723756906076
chr6	-115	0	390.0	0.0
chr6	-114	2	419.0	0.47732696897374705
chr6	-113	1	446.0	0.2242152466367713
chr6	-112	7	475.0	1.4736842105263157
chr6	-111	1	506.0	0.1976284584980237
chr6	-110	0	538.0	0.0
chr6	-109	0	569.0	0.0
chr6	-108	1	600.0	0.16666666666666669
chr6	-107	0	617.0	0.0
chr6	-106	0	639.0	0.0
chr6	-105	0	670.0	0.0
chr6	-104	1	705.0	0.14184397163120568
chr6	-103	0	731.0	0.0
chr6	-102	2	758.0	0.2638522427440633
chr6	-101	0	790.0	0.0
chr6	-100	1	816.0	0.12254901960784313
chr6	-99	0	847.0	0.0
chr6	-98	1	878.0	0.11389521640091116
chr6	-97	4	907.0	0.4410143329658214
chr6	-96	2	934.0	0.21413276231263384
chr6	-95	2	968.0	0.2066115702479339
chr6	-94	0	1011.0	0.0
chr6	-93	0	1037.0	0.0
chr6	-92	0	1057.0	0.0
chr6	-91	3	1101.0	0.2724795640326975
chr6	-90	0	1130.0	0.0
chr6	-89	1	1165.0	0.08583690987124463
chr6	-88	1	1204.0	0.08305647840531562
chr6	-87	0	1244.0	0.0
chr6	-86	3	1273.0	0.2356637863315004
chr6	-85	3	1303.0	0.23023791250959325
chr6	-84	1	1328.0	0.07530120481927711
chr6	-83	3	1356.0	0.22123893805309736
chr6	-82	0	1389.0	0.0
chr6	-81	3	1422.0	0.21097046413502107
chr6	-80	2	1446.0	0.13831258644536654
chr6	-79	1	1473.0	0.0678886625933469
chr6	-78	4	1513.0	0.2643754130865829
chr6	-77	4	1537.0	0.2602472348731295
chr6	-76	2	1569.0	0.12746972594008923
chr6	-75	0	1598.0	0.0
chr6	-74	2	1624.0	0.12315270935960591
chr6	-73	5	1656.0	0.30193236714975846
chr6	-72	0	1682.0	0.0
chr6	-71	2	1703.0	0.11743981209630064
chr6	-70	1	1733.0	0.05770340450086555
chr6	-69	21	1753.0	1.1979463776383343
chr6	-68	2	1783.0	0.11217049915872125
chr6	-67	5	1815.0	0.27548209366391185
chr6	-66	3	1840.0	0.16304347826086957
chr6	-65	0	1872.0	0.0
chr6	-64	2	1905.0	0.10498687664041995
chr6	-63	6	1934.0	0.3102378490175801
chr6	-62	5	1970.0	0.25380710659898476
chr6	-61	3	1999.0	0.1500750375187594
chr6	-60	4	2025.0	0.19753086419753088
chr6	-59	12	2061.0	0.5822416302765648
chr6	-58	2	2098.0	0.09532888465204957
chr6	-57	46	2126.0	2.1636876763875823
chr6	-56	8	2153.0	0.3715745471435207
chr6	-55	3	2183.0	0.1374255611543747
chr6	-54	6	2205.0	0.27210884353741494
chr6	-53	0	2238.0	0.0
chr6	-52	2	2269.0	0.08814455707360071
chr6	-51	8	2296.0	0.34843205574912894
chr6	-50	10	2323.0	0.4304778303917348
chr6	-49	2	2354.0	0.08496176720475786
chr6	-48	6	2371.0	0.25305778152678193
chr6	-47	1	2400.0	0.04166666666666667
chr6	-46	18	2423.0	0.7428807263722659
chr6	-45	2	2442.0	0.08190008190008191
chr6	-44	6	2471.0	0.24281667341157423
chr6	-43	7	2505.0	0.27944111776447106
chr6	-42	5	2540.0	0.19685039370078738
chr6	-41	4	2568.0	0.1557632398753894
chr6	-40	2	2592.0	0.07716049382716049
chr6	-39	8	2638.0	0.3032600454890068
chr6	-38	3	2663.0	0.11265490048817123
chr6	-37	19	2700.0	0.7037037037037037
chr6	-36	3	2730.0	0.10989010989010989
chr6	-35	4	2767.0	0.14456089627755692
chr6	-34	17	2792.0	0.6088825214899714
chr6	-33	5	2817.0	0.1774937877174299
chr6	-32	0	2845.0	0.0
chr6	-31	4	2875.0	0.1391304347826087
chr6	-30	24	2897.0	0.8284432171211599
chr6	-29	3	2927.0	0.10249402118209772
chr6	-28	45	2958.0	1.5212981744421907
chr6	-27	7	2982.0	0.2347417840375587
chr6	-26	11	3011.0	0.3653271338425772
chr6	-25	5	3037.0	0.16463615409944024
chr6	-24	12	3059.0	0.3922850604772802
chr6	-23	1	3089.0	0.03237293622531564
chr6	-22	4	3107.0	0.1287415513356936
chr6	-21	5	3120.0	0.16025641025641024
chr6	-20	17	3149.0	0.539853921879962
chr6	-19	30	3180.0	0.9433962264150944
chr6	-18	3	3199.0	0.09377930603313535
chr6	-17	7	3226.0	0.21698698078115314
chr6	-16	10	3249.0	0.3077870113881194
chr6	-15	38	3270.0	1.162079510703364
chr6	-14	11	3298.0	0.3335354760460885
chr6	-13	14	3308.0	0.42321644498186217
chr6	-12	32	3323.0	0.9629852542882937
chr6	-11	27	3346.0	0.8069336521219366
chr6	-10	4	3366.0	0.11883541295306002
chr6	-9	10	3364.0	0.2972651605231867
chr6	-8	18	3364.0	0.535077288941736
chr6	-7	29	3364.0	0.8620689655172413
chr6	-6	12	3361.0	0.3570365962511157
chr6	-5	13	3349.0	0.38817557479844733
chr6	-4	28	3342.0	0.8378216636744463
chr6	-3	5	3343.0	0.14956625785222855
chr6	-2	16	3325.0	0.48120300751879697
chr6	-1	120	3237.0	3.707136237256719
chr6	0	228	2711.0	8.410180745112504
chr6	1	45	2816.0	1.5980113636363635
chr6	2	47	2828.0	1.6619519094766622
chr6	3	110	2807.0	3.918774492340577
chr6	4	65	2798.0	2.3230879199428163
chr6	5	68	2782.0	2.4442846872753416
chr6	6	67	2749.0	2.4372499090578392
chr6	7	56	2718.0	2.060338484179544
chr6	8	74	2696.0	2.744807121661721
chr6	9	53	2659.0	1.9932305377961639
chr6	10	100	2628.0	3.8051750380517504
chr6	11	65	2600.0	2.5
chr6	12	61	2571.0	2.3726176584986387
chr6	13	35	2551.0	1.3720109760878088
chr6	14	87	2514.0	3.4606205250596656
chr6	15	53	2484.0	2.13365539452496
chr6	16	37	2459.0	1.5046766978446524
chr6	17	58	2424.0	2.392739273927393
chr6	18	52	2403.0	2.1639617145235124
chr6	19	56	2383.0	2.3499790180444817
chr6	20	41	2351.0	1.7439387494683114
chr6	21	43	2329.0	1.8462859596393302
chr6	22	34	2311.0	1.4712245781047164
chr6	23	68	2274.0	2.990325417766051
chr6	24	34	2248.0	1.5124555160142348
chr6	25	39	2224.0	1.753597122302158
chr6	26	43	2195.0	1.958997722095672
chr6	27	60	2170.0	2.7649769585253456
chr6	28	16	2138.0	0.7483629560336763
chr6	29	58	2115.0	2.7423167848699763
chr6	30	39	2087.0	1.8687110685194057
chr6	31	35	2066.0	1.6940948693126814
chr6	32	48	2033.0	2.3610427939006393
chr6	33	40	2000.0	2.0
chr6	34	36	1979.0	1.8191005558362812
chr6	35	37	1955.0	1.8925831202046037
chr6	36	58	1925.0	3.012987012987013
chr6	37	36	1893.0	1.9017432646592711
chr6	38	33	1861.0	1.7732401934443847
chr6	39	31	1827.0	1.6967706622879035
chr6	40	27	1792.0	1.5066964285714286
chr6	41	28	1771.0	1.5810276679841897
chr6	42	37	1747.0	2.117916428162564
chr6	43	38	1717.0	2.21316249271986
chr6	44	26	1691.0	1.537551744529864
chr6	45	43	1672.0	2.5717703349282295
chr6	46	27	1651.0	1.6353725015142337
chr6	47	37	1627.0	2.2741241548862936
chr6	48	31	1603.0	1.9338739862757333
chr6	49	30	1579.0	1.8999366687777075
chr6	50	21	1550.0	1.3548387096774193
chr6	51	20	1526.0	1.310615989515072
chr6	52	30	1499.0	2.0013342228152102
chr6	53	28	1477.0	1.8957345971563981
chr6	54	38	1454.0	2.613480055020633
chr6	55	32	1431.0	2.2361984626135567
chr6	56	55	1407.0	3.9090262970859984
chr6	57	25	1388.0	1.8011527377521614
chr6	58	41	1370.0	2.9927007299270074
chr6	59	23	1334.0	1.7241379310344827
chr6	60	16	1312.0	1.2195121951219512
chr6	61	36	1283.0	2.8059236165237724
chr6	62	27	1256.0	2.1496815286624202
chr6	63	19	1233.0	1.5409570154095702
chr6	64	18	1203.0	1.4962593516209477
chr6	65	15	1181.0	1.2701100762066047
chr6	66	22	1150.0	1.9130434782608694
chr6	67	23	1136.0	2.024647887323944
chr6	68	31	1106.0	2.802893309222423
chr6	69	18	1070.0	1.6822429906542056
chr6	70	14	1048.0	1.3358778625954197
chr6	71	27	1023.0	2.6392961876832843
chr6	72	13	991.0	1.3118062563067607
chr6	73	10	971.0	1.0298661174047374
chr6	74	20	949.0	2.107481559536354
chr6	75	19	924.0	2.0562770562770565
chr6	76	16	909.0	1.76017601760176
chr6	77	15	887.0	1.6910935738444193
chr6	78	25	868.0	2.880184331797235
chr6	79	7	845.0	0.8284023668639053
chr6	80	20	816.0	2.450980392156863
chr6	81	16	799.0	2.002503128911139
chr6	82	11	775.0	1.4193548387096775
chr6	83	8	745.0	1.0738255033557047
chr6	84	14	722.0	1.9390581717451523
chr6	85	13	689.0	1.8867924528301887
chr6	86	15	668.0	2.245508982035928
chr6	87	10	640.0	1.5625
chr6	88	17	609.0	2.7914614121510675
chr6	89	3	587.0	0.5110732538330494
chr6	90	15	567.0	2.6455026455026456
chr6	91	3	540.0	0.5555555555555556
chr6	92	8	508.0	1.574803149606299
chr6	93	6	490.0	1.2244897959183674
chr6	94	17	465.0	3.655913978494624
chr6	95	9	455.0	1.9780219780219779
chr6	96	9	431.0	2.088167053364269
chr6	97	4	408.0	0.9803921568627451
chr6	98	7	380.0	1.8421052631578945
chr6	99	6	358.0	1.675977653631285
chr6	100	8	335.0	2.3880597014925375
chr6	101	7	310.0	2.258064516129032
chr6	102	3	285.0	1.0526315789473684
chr6	103	4	265.0	1.509433962264151
chr6	104	1	242.0	0.4132231404958678
chr6	105	3	222.0	1.3513513513513513
chr6	106	2	205.0	0.975609756097561
chr6	107	1	185.0	0.5405405405405406
chr6	108	2	160.0	1.25
chr6	109	2	137.0	1.4598540145985401
chr6	110	2	122.0	1.639344262295082
chr6	111	3	89.0	3.3707865168539324
chr6	112	0	67.0	0.0
chr6	113	0	50.0	0.0
chr6	114	0	31.0	0.0
chr6	115	0	18.0	0.0
chr6	116	1	7.0	14.285714285714285
chr6	117	0	0.0	nan
chr6	118	0	0.0	nan
chr6	119	0	0.0	nan
chr6	120	0	0.0	nan
chr6	121	0	0.0	nan
chr6	122	0	0.0	nan
chr6	123	0	0.0	nan
chr6	124	0	0.0	nan
chr6	125	0	0.0	nan
chr6	126	0	0.0	nan
chr6	127	0	0.0	nan
chr6	128	0	0.0	nan
chr6	129	0	0.0	nan
chr6	130	0	0.0	nan
chr7	-135	0	2.0	0.0
chr7	-134	0	2.0	0.0
chr7	-133	0	2.0	0.0
chr7	-132	0	2.0	0.0
chr7	-131	0	4.0	0.0
chr7	-130	0	7.0	0.0
chr7	-129	0	18.0	0.0
chr7	-128	0	42.0	0.0
chr7	-127	0	77.0	0.0
chr7	-126	0	103.0	0.0
chr7	-125	0	130.0	0.0
chr7	-124	0	166.0	0.0
chr7	-123	1	191.0	0.5235602094240838
chr7	-122	0	228.0	0.0
chr7	-121	0	261.0	0.0
chr7	-120	1	299.0	0.33444816053511706
chr7	-119	1	335.0	0.2985074626865672
chr7	-118	2	369.0	0.5420054200542005
chr7	-117	0	406.0	0.0
chr7	-116	1	443.0	0.2257336343115124
chr7	-115	3	480.0	0.625
chr7	-114	0	522.0	0.0
chr7	-113	0	557.0	0.0
chr7	-112	0	585.0	0.0
chr7	-111	1	625.0	0.16
chr7	-110	8	657.0	1.21765601217656
chr7	-109	1	691.0	0.1447178002894356
chr7	-108	0	721.0	0.0
chr7	-107	2	760.0	0.2631578947368421
chr7	-106	0	799.0	0.0
chr7	-105	5	833.0	0.6002400960384154
chr7	-104	0	874.0	0.0
chr7	-103	0	921.0	0.0
chr7	-102	1	956.0	0.10460251046025104
chr7	-101	5	994.0	0.5030181086519114
chr7	-100	11	1034.0	1.0638297872340425
chr7	-99	7	1069.0	0.6548175865294669
chr7	-98	2	1102.0	0.18148820326678766
chr7	-97	6	1130.0	0.5309734513274336
chr7	-96	2	1162.0	0.17211703958691912
chr7	-95	1	1199.0	0.08340283569641367
chr7	-94	1	1232.0	0.08116883116883117
chr7	-93	2	1264.0	0.15822784810126583
chr7	-92	3	1291.0	0.23237800154918667
chr7	-91	6	1329.0	0.4514672686230248
chr7	-90	17	1360.0	1.25
chr7	-89	1	1391.0	0.07189072609633358
chr7	-88	3	1433.0	0.20935101186322402
chr7	-87	6	1448.0	0.4143646408839779
chr7	-86	3	1488.0	0.20161290322580644
chr7	-85	4	1534.0	0.2607561929595828
chr7	-84	4	1573.0	0.25429116338207247
chr7	-83	18	1613.0	1.115933044017359
chr7	-82	3	1644.0	0.18248175182481752
chr7	-81	1	1683.0	0.05941770647653001
chr7	-80	1	1720.0	0.05813953488372093
chr7	-79	11	1748.0	0.6292906178489702
chr7	-78	2	1781.0	0.11229646266142618
chr7	-77	1	1811.0	0.05521811154058532
chr7	-76	2	1855.0	0.1078167115902965
chr7	-75	2	1895.0	0.10554089709762532
chr7	-74	4	1940.0	0.2061855670103093
chr7	-73	5	1979.0	0.25265285497726125
chr7	-72	1	2017.0	0.04957858205255329
chr7	-71	3	2060.0	0.14563106796116504
chr7	-70	6	2119.0	0.28315243039169424
chr7	-69	3	2155.0	0.13921113689095127
chr7	-68	20	2190.0	0.91324200913242
chr7	-67	2	2227.0	0.08980691513246519
chr7	-66	3	2279.0	0.13163668275559456
chr7	-65	11	2317.0	0.4747518342684506
chr7	-64	12	2362.0	0.5080440304826418
chr7	-63	11	2391.0	0.4600585529067336
chr7	-62	5	2422.0	0.20644095788604458
chr7	-61	0	2462.0	0.0
chr7	-60	5	2495.0	0.2004008016032064
chr7	-59	3	2534.0	0.11838989739542227
chr7	-58	4	2575.0	0.15533980582524273
chr7	-57	27	2625.0	1.0285714285714285
chr7	-56	4	2661.0	0.1503194287861706
chr7	-55	4	2689.0	0.14875418371141688
chr7	-54	7	2727.0	0.2566923359002567
chr7	-53	9	2766.0	0.32537960954446854
chr7	-52	6	2808.0	0.2136752136752137
chr7	-51	20	2833.0	0.7059654076950229
chr7	-50	14	2871.0	0.48763497039359105
chr7	-49	5	2903.0	0.17223561832586978
chr7	-48	14	2934.0	0.47716428084526247
chr7	-47	0	2976.0	0.0
chr7	-46	6	3013.0	0.19913707268503153
chr7	-45	5	3046.0	0.16414970453053185
chr7	-44	2	3085.0	0.06482982171799027
chr7	-43	7	3113.0	0.22486347574686796
chr7	-42	6	3152.0	0.1903553299492386
chr7	-41	17	3198.0	0.5315822388993121
chr7	-40	5	3229.0	0.1548467017652524
chr7	-39	40	3277.0	1.2206286237412267
chr7	-38	5	3321.0	0.15055706112616682
chr7	-37	47	3361.0	1.39839333531687
chr7	-36	12	3396.0	0.35335689045936397
chr7	-35	4	3435.0	0.11644832605531297
chr7	-34	7	3475.0	0.2014388489208633
chr7	-33	9	3523.0	0.2554640931024695
chr7	-32	6	3570.0	0.16806722689075632
chr7	-31	29	3594.0	0.806900389538119
chr7	-30	7	3628.0	0.19294377067254684
chr7	-29	11	3667.0	0.29997272975184075
chr7	-28	9	3708.0	0.24271844660194172
chr7	-27	2	3746.0	0.05339028296849973
chr7	-26	5	3781.0	0.13224014810896587
chr7	-25	3	3816.0	0.07861635220125787
chr7	-24	23	3856.0	0.5964730290456431
chr7	-23	21	3886.0	0.5404014410705096
chr7	-22	9	3922.0	0.22947475777664456
chr7	-21	13	3960.0	0.3282828282828283
chr7	-20	16	4000.0	0.4
chr7	-19	27	4029.0	0.6701414743112435
chr7	-18	6	4071.0	0.14738393515106854
chr7	-17	6	4113.0	0.14587892049598833
chr7	-16	13	4147.0	0.3134796238244514
chr7	-15	34	4170.0	0.815347721822542
chr7	-14	12	4190.0	0.2863961813842482
chr7	-13	8	4213.0	0.18988844054118206
chr7	-12	19	4238.0	0.4483246814535158
chr7	-11	23	4269.0	0.5387678613258374
chr7	-10	18	4297.0	0.4188969048173144
chr7	-9	11	4304.0	0.2555762081784387
chr7	-8	15	4303.0	0.348594004183128
chr7	-7	20	4288.0	0.46641791044776115
chr7	-6	22	4289.0	0.5129400792725577
chr7	-5	12	4289.0	0.2797854977850315
chr7	-4	30	4277.0	0.701426233341127
chr7	-3	59	4251.0	1.3879087273582686
chr7	-2	38	4217.0	0.9011145364002845
chr7	-1	165	4202.0	3.926701570680628
chr7	0	270	3540.0	7.627118644067797
chr7	1	57	3629.0	1.5706806282722512
chr7	2	94	3618.0	2.59812050856827
chr7	3	96	3593.0	2.671861953799054
chr7	4	75	3566.0	2.1031968592260237
chr7	5	65	3545.0	1.8335684062059237
chr7	6	103	3522.0	2.9244747302668936
chr7	7	45	3485.0	1.291248206599713
chr7	8	72	3448.0	2.088167053364269
chr7	9	57	3402.0	1.6754850088183422
chr7	10	68	3363.0	2.0220041629497474
chr7	11	63	3336.0	1.8884892086330936
chr7	12	58	3296.0	1.7597087378640777
chr7	13	77	3250.0	2.3692307692307693
chr7	14	84	3239.0	2.5933930225378203
chr7	15	54	3216.0	1.6791044776119404
chr7	16	47	3178.0	1.4789175582127123
chr7	17	57	3149.0	1.8100984439504604
chr7	18	98	3107.0	3.154168007724493
chr7	19	64	3075.0	2.08130081300813
chr7	20	55	3033.0	1.8133860863831188
chr7	21	74	3000.0	2.466666666666667
chr7	22	55	2971.0	1.8512285425782564
chr7	23	68	2945.0	2.3089983022071308
chr7	24	64	2893.0	2.2122364327687523
chr7	25	61	2873.0	2.123216150365472
chr7	26	57	2839.0	2.0077492074674184
chr7	27	55	2803.0	1.962183374955405
chr7	28	34	2774.0	1.225666906993511
chr7	29	64	2758.0	2.320522117476432
chr7	30	90	2722.0	3.306392358559882
chr7	31	43	2688.0	1.599702380952381
chr7	32	81	2663.0	3.0416823131806234
chr7	33	40	2633.0	1.519179642992784
chr7	34	51	2606.0	1.9570222563315427
chr7	35	46	2580.0	1.7829457364341086
chr7	36	96	2543.0	3.7750688163586315
chr7	37	40	2511.0	1.592990840302668
chr7	38	76	2484.0	3.059581320450886
chr7	39	35	2454.0	1.426242868785656
chr7	40	50	2430.0	2.05761316872428
chr7	41	32	2388.0	1.340033500837521
chr7	42	66	2361.0	2.7954256670902162
chr7	43	62	2336.0	2.654109589041096
chr7	44	44	2300.0	1.9130434782608694
chr7	45	50	2267.0	2.205558006175562
chr7	46	48	2246.0	2.13713268032057
chr7	47	52	2215.0	2.347629796839729
chr7	48	37	2179.0	1.698026617714548
chr7	49	44	2147.0	2.0493712156497437
chr7	50	45	2121.0	2.1216407355021216
chr7	51	49	2073.0	2.363724071394115
chr7	52	49	2034.0	2.4090462143559486
chr7	53	39	1992.0	1.957831325301205
chr7	54	31	1955.0	1.5856777493606138
chr7	55	43	1921.0	2.2384174908901615
chr7	56	55	1876.0	2.931769722814499
chr7	57	31	1839.0	1.6856987493202826
chr7	58	27	1813.0	1.4892443463872034
chr7	59	28	1782.0	1.5712682379349048
chr7	60	36	1756.0	2.050113895216401
chr7	61	36	1727.0	2.0845396641574987
chr7	62	39	1694.0	2.3022432113341202
chr7	63	28	1646.0	1.701093560145808
chr7	64	33	1610.0	2.049689440993789
chr7	65	17	1588.0	1.070528967254408
chr7	66	22	1545.0	1.423948220064725
chr7	67	36	1518.0	2.371541501976284
chr7	68	31	1485.0	2.087542087542088
chr7	69	25	1455.0	1.718213058419244
chr7	70	19	1417.0	1.340860973888497
chr7	71	39	1386.0	2.813852813852814
chr7	72	32	1359.0	2.35467255334805
chr7	73	19	1326.0	1.4328808446455505
chr7	74	21	1301.0	1.6141429669485012
chr7	75	22	1276.0	1.7241379310344827
chr7	76	30	1254.0	2.3923444976076556
chr7	77	21	1223.0	1.7170891251022076
chr7	78	27	1188.0	2.272727272727273
chr7	79	19	1162.0	1.6351118760757317
chr7	80	19	1137.0	1.6710642040457344
chr7	81	25	1093.0	2.2872827081427265
chr7	82	37	1059.0	3.493862134088763
chr7	83	17	1033.0	1.6456921587608906
chr7	84	15	1000.0	1.5
chr7	85	21	953.0	2.2035676810073452
chr7	86	7	916.0	0.7641921397379913
chr7	87	16	892.0	1.7937219730941705
chr7	88	19	860.0	2.2093023255813953
chr7	89	12	829.0	1.4475271411338964
chr7	90	23	796.0	2.8894472361809047
chr7	91	21	761.0	2.759526938239159
chr7	92	13	727.0	1.7881705639614855
chr7	93	10	692.0	1.4450867052023122
chr7	94	13	660.0	1.9696969696969695
chr7	95	15	627.0	2.3923444976076556
chr7	96	21	594.0	3.535353535353535
chr7	97	11	559.0	1.9677996422182469
chr7	98	12	527.0	2.2770398481973433
chr7	99	14	496.0	2.82258064516129
chr7	100	3	475.0	0.631578947368421
chr7	101	11	439.0	2.5056947608200453
chr7	102	8	404.0	1.9801980198019802
chr7	103	5	369.0	1.3550135501355014
chr7	104	10	341.0	2.932551319648094
chr7	105	4	306.0	1.3071895424836601
chr7	106	4	272.0	1.4705882352941175
chr7	107	3	245.0	1.2244897959183674
chr7	108	4	209.0	1.9138755980861244
chr7	109	4	173.0	2.312138728323699
chr7	110	2	146.0	1.36986301369863
chr7	111	0	127.0	0.0
chr7	112	0	100.0	0.0
chr7	113	1	80.0	1.25
chr7	114	0	57.0	0.0
chr7	115	1	32.0	3.125
chr7	116	1	13.0	7.6923076923076925
chr7	117	0	0.0	nan
chr7	118	0	0.0	nan
chr7	119	0	0.0	nan
chr7	120	0	0.0	nan
chr7	121	0	0.0	nan
chr7	122	0	0.0	nan
chr7	123	0	0.0	nan
chr7	124	0	0.0	nan
chr7	125	0	0.0	nan
chr7	126	0	0.0	nan
chr7	127	0	0.0	nan
chr7	128	0	0.0	nan
chr7	129	0	0.0	nan
chr7	130	0	0.0	nan
chr7	131	0	0.0	nan
chr8	-134	0	1.0	0.0
chr8	-133	0	2.0	0.0
chr8	-132	0	2.0	0.0
chr8	-131	0	3.0	0.0
chr8	-130	0	4.0	0.0
chr8	-129	0	9.0	0.0
chr8	-128	0	21.0	0.0
chr8	-127	0	43.0	0.0
chr8	-126	0	61.0	0.0
chr8	-125	0	79.0	0.0
chr8	-124	2	98.0	2.0408163265306123
chr8	-123	0	121.0	0.0
chr8	-122	0	141.0	0.0
chr8	-121	2	169.0	1.183431952662722
chr8	-120	0	184.0	0.0
chr8	-119	0	213.0	0.0
chr8	-118	1	231.0	0.4329004329004329
chr8	-117	0	250.0	0.0
chr8	-116	0	277.0	0.0
chr8	-115	0	292.0	0.0
chr8	-114	0	309.0	0.0
chr8	-113	1	331.0	0.3021148036253776
chr8	-112	0	355.0	0.0
chr8	-111	0	378.0	0.0
chr8	-110	0	403.0	0.0
chr8	-109	0	432.0	0.0
chr8	-108	0	451.0	0.0
chr8	-107	1	470.0	0.2127659574468085
chr8	-106	0	493.0	0.0
chr8	-105	2	516.0	0.3875968992248062
chr8	-104	1	535.0	0.1869158878504673
chr8	-103	0	559.0	0.0
chr8	-102	1	581.0	0.17211703958691912
chr8	-101	0	603.0	0.0
chr8	-100	2	624.0	0.3205128205128205
chr8	-99	0	646.0	0.0
chr8	-98	1	663.0	0.1508295625942685
chr8	-97	0	691.0	0.0
chr8	-96	1	719.0	0.13908205841446453
chr8	-95	1	745.0	0.1342281879194631
chr8	-94	0	768.0	0.0
chr8	-93	2	790.0	0.25316455696202533
chr8	-92	0	804.0	0.0
chr8	-91	0	823.0	0.0
chr8	-90	1	845.0	0.1183431952662722
chr8	-89	2	868.0	0.2304147465437788
chr8	-88	0	895.0	0.0
chr8	-87	7	919.0	0.7616974972796519
chr8	-86	1	940.0	0.10638297872340426
chr8	-85	0	960.0	0.0
chr8	-84	0	990.0	0.0
chr8	-83	5	1016.0	0.4921259842519685
chr8	-82	1	1039.0	0.0962463907603465
chr8	-81	0	1064.0	0.0
chr8	-80	1	1093.0	0.09149130832570906
chr8	-79	0	1124.0	0.0
chr8	-78	0	1149.0	0.0
chr8	-77	0	1167.0	0.0
chr8	-76	1	1186.0	0.08431703204047217
chr8	-75	4	1217.0	0.3286770747740345
chr8	-74	0	1245.0	0.0
chr8	-73	0	1261.0	0.0
chr8	-72	0	1293.0	0.0
chr8	-71	1	1313.0	0.07616146230007616
chr8	-70	2	1342.0	0.14903129657228018
chr8	-69	3	1370.0	0.21897810218978103
chr8	-68	7	1397.0	0.5010737294201861
chr8	-67	0	1424.0	0.0
chr8	-66	5	1452.0	0.34435261707988984
chr8	-65	2	1471.0	0.13596193065941536
chr8	-64	0	1497.0	0.0
chr8	-63	15	1512.0	0.992063492063492
chr8	-62	0	1531.0	0.0
chr8	-61	5	1551.0	0.3223726627981947
chr8	-60	5	1577.0	0.31705770450221943
chr8	-59	0	1589.0	0.0
chr8	-58	4	1616.0	0.24752475247524752
chr8	-57	0	1636.0	0.0
chr8	-56	3	1661.0	0.1806140878988561
chr8	-55	4	1687.0	0.23710729104919975
chr8	-54	16	1712.0	0.9345794392523363
chr8	-53	0	1729.0	0.0
chr8	-52	1	1754.0	0.05701254275940707
chr8	-51	1	1770.0	0.05649717514124294
chr8	-50	1	1795.0	0.05571030640668524
chr8	-49	0	1821.0	0.0
chr8	-48	10	1853.0	0.5396654074473827
chr8	-47	0	1879.0	0.0
chr8	-46	2	1909.0	0.10476689366160294
chr8	-45	2	1935.0	0.10335917312661498
chr8	-44	4	1960.0	0.20408163265306123
chr8	-43	1	1990.0	0.05025125628140704
chr8	-42	2	2016.0	0.0992063492063492
chr8	-41	8	2037.0	0.39273441335297005
chr8	-40	7	2051.0	0.3412969283276451
chr8	-39	25	2073.0	1.20598166907863
chr8	-38	0	2091.0	0.0
chr8	-37	4	2108.0	0.18975332068311196
chr8	-36	2	2136.0	0.09363295880149813
chr8	-35	1	2158.0	0.04633920296570899
chr8	-34	1	2182.0	0.045829514207149404
chr8	-33	0	2208.0	0.0
chr8	-32	0	2234.0	0.0
chr8	-31	9	2255.0	0.3991130820399113
chr8	-30	6	2273.0	0.2639683238011439
chr8	-29	17	2291.0	0.7420340462680053
chr8	-28	2	2315.0	0.08639308855291576
chr8	-27	8	2337.0	0.3423192126658109
chr8	-26	2	2356.0	0.08488964346349745
chr8	-25	5	2372.0	0.21079258010118043
chr8	-24	7	2392.0	0.2926421404682274
chr8	-23	10	2404.0	0.4159733777038269
chr8	-22	10	2423.0	0.41271151465125877
chr8	-21	4	2445.0	0.16359918200409
chr8	-20	1	2485.0	0.04024144869215292
chr8	-19	3	2499.0	0.12004801920768307
chr8	-18	3	2520.0	0.11904761904761905
chr8	-17	14	2539.0	0.5513981882630957
chr8	-16	4	2556.0	0.1564945226917058
chr8	-15	5	2573.0	0.194325689856199
chr8	-14	11	2594.0	0.4240555127216654
chr8	-13	4	2608.0	0.15337423312883436
chr8	-12	1	2617.0	0.03821169277799007
chr8	-11	30	2634.0	1.1389521640091116
chr8	-10	11	2649.0	0.41525103812759534
chr8	-9	12	2649.0	0.4530011325028313
chr8	-8	11	2649.0	0.41525103812759534
chr8	-7	11	2649.0	0.41525103812759534
chr8	-6	1	2644.0	0.037821482602118005
chr8	-5	14	2640.0	0.5303030303030304
chr8	-4	21	2630.0	0.7984790874524715
chr8	-3	32	2610.0	1.2260536398467434
chr8	-2	26	2605.0	0.998080614203455
chr8	-1	109	2569.0	4.242896068509148
chr8	0	230	2119.0	10.854176498348277
chr8	1	46	2173.0	2.1168890934192364
chr8	2	54	2147.0	2.5151374010246856
chr8	3	72	2205.0	3.2653061224489797
chr8	4	66	2201.0	2.9986369831894595
chr8	5	63	2182.0	2.8872593950504126
chr8	6	37	2161.0	1.7121702915316985
chr8	7	39	2124.0	1.8361581920903955
chr8	8	79	2104.0	3.754752851711027
chr8	9	33	2083.0	1.584253480556889
chr8	10	73	2058.0	3.5471331389698735
chr8	11	50	2031.0	2.461841457410143
chr8	12	32	2011.0	1.5912481352560914
chr8	13	55	1993.0	2.7596588058203713
chr8	14	36	1975.0	1.8227848101265824
chr8	15	33	1954.0	1.6888433981576252
chr8	16	35	1933.0	1.8106570098292811
chr8	17	44	1904.0	2.3109243697478994
chr8	18	40	1886.0	2.1208907741251326
chr8	19	41	1860.0	2.204301075268817
chr8	20	21	1833.0	1.1456628477905073
chr8	21	30	1817.0	1.6510731975784259
chr8	22	50	1793.0	2.788622420524261
chr8	23	41	1787.0	2.294348069390039
chr8	24	34	1762.0	1.9296254256526675
chr8	25	50	1746.0	2.86368843069874
chr8	26	23	1730.0	1.3294797687861273
chr8	27	41	1709.0	2.399063779988297
chr8	28	50	1685.0	2.967359050445104
chr8	29	35	1665.0	2.1021021021021022
chr8	30	46	1635.0	2.8134556574923546
chr8	31	37	1617.0	2.2881880024737167
chr8	32	36	1588.0	2.2670025188916876
chr8	33	36	1564.0	2.3017902813299234
chr8	34	35	1552.0	2.2551546391752577
chr8	35	31	1541.0	2.011680726800779
chr8	36	33	1518.0	2.1739130434782608
chr8	37	27	1498.0	1.8024032042723632
chr8	38	41	1477.0	2.775897088693297
chr8	39	34	1459.0	2.3303632625085675
chr8	40	35	1430.0	2.4475524475524475
chr8	41	38	1414.0	2.6874115983026874
chr8	42	43	1390.0	3.093525179856115
chr8	43	32	1368.0	2.3391812865497075
chr8	44	33	1351.0	2.4426350851221317
chr8	45	25	1337.0	1.8698578908002992
chr8	46	22	1313.0	1.6755521706016754
chr8	47	41	1287.0	3.1857031857031854
chr8	48	22	1268.0	1.7350157728706623
chr8	49	35	1245.0	2.8112449799196786
chr8	50	27	1228.0	2.198697068403909
chr8	51	26	1212.0	2.145214521452145
chr8	52	19	1184.0	1.6047297297297296
chr8	53	48	1160.0	4.137931034482759
chr8	54	24	1145.0	2.096069868995633
chr8	55	20	1118.0	1.7889087656529516
chr8	56	16	1101.0	1.4532243415077202
chr8	57	22	1076.0	2.0446096654275094
chr8	58	25	1053.0	2.3741690408357075
chr8	59	35	1039.0	3.368623676612127
chr8	60	19	1021.0	1.860920666013712
chr8	61	22	1000.0	2.1999999999999997
chr8	62	28	987.0	2.8368794326241136
chr8	63	20	973.0	2.055498458376156
chr8	64	15	961.0	1.5608740894901143
chr8	65	23	938.0	2.4520255863539444
chr8	66	11	919.0	1.1969532100108813
chr8	67	32	899.0	3.5595105672969964
chr8	68	24	885.0	2.711864406779661
chr8	69	11	861.0	1.2775842044134729
chr8	70	13	845.0	1.5384615384615385
chr8	71	10	820.0	1.2195121951219512
chr8	72	17	801.0	2.1223470661672907
chr8	73	19	775.0	2.4516129032258065
chr8	74	14	757.0	1.8494055482166447
chr8	75	13	745.0	1.74496644295302
chr8	76	11	720.0	1.5277777777777777
chr8	77	15	702.0	2.1367521367521367
chr8	78	17	678.0	2.5073746312684366
chr8	79	11	658.0	1.6717325227963524
chr8	80	10	642.0	1.557632398753894
chr8	81	11	620.0	1.7741935483870968
chr8	82	15	596.0	2.5167785234899327
chr8	83	6	584.0	1.0273972602739725
chr8	84	11	559.0	1.9677996422182469
chr8	85	7	542.0	1.2915129151291513
chr8	86	17	528.0	3.2196969696969697
chr8	87	8	509.0	1.5717092337917484
chr8	88	7	493.0	1.4198782961460445
chr8	89	6	475.0	1.263157894736842
chr8	90	14	459.0	3.0501089324618738
chr8	91	10	439.0	2.277904328018223
chr8	92	7	418.0	1.674641148325359
chr8	93	11	388.0	2.8350515463917527
chr8	94	4	378.0	1.0582010582010581
chr8	95	8	364.0	2.197802197802198
chr8	96	6	350.0	1.7142857142857144
chr8	97	6	337.0	1.7804154302670623
chr8	98	7	318.0	2.20125786163522
chr8	99	8	296.0	2.7027027027027026
chr8	100	4	277.0	1.444043321299639
chr8	101	6	259.0	2.3166023166023164
chr8	102	4	247.0	1.6194331983805668
chr8	103	3	221.0	1.3574660633484164
chr8	104	6	205.0	2.9268292682926833
chr8	105	3	182.0	1.6483516483516485
chr8	106	2	160.0	1.25
chr8	107	4	146.0	2.73972602739726
chr8	108	2	132.0	1.5151515151515151
chr8	109	1	105.0	0.9523809523809524
chr8	110	2	90.0	2.2222222222222223
chr8	111	1	74.0	1.3513513513513513
chr8	112	0	58.0	0.0
chr8	113	0	41.0	0.0
chr8	114	0	34.0	0.0
chr8	115	1	21.0	4.761904761904762
chr8	116	1	8.0	12.5
chr8	117	0	0.0	nan
chr8	118	0	0.0	nan
chr8	119	0	0.0	nan
chr8	120	0	0.0	nan
chr8	121	0	0.0	nan
chr8	122	0	0.0	nan
chr8	123	0	0.0	nan
chr8	124	0	0.0	nan
chr8	125	0	0.0	nan
chr8	126	0	0.0	nan
chr8	127	0	0.0	nan
chr8	128	0	0.0	nan
chr8	129	0	0.0	nan
chr8	130	0	0.0	nan
chr8	131	0	0.0	nan
chr8	132	0	0.0	nan
chr8	133	0	0.0	nan
chr8	134	0	0.0	nan
chr8	135	0	0.0	nan
chr9	-133	0	2.0	0.0
chr9	-132	0	3.0	0.0
chr9	-131	0	5.0	0.0
chr9	-130	0	8.0	0.0
chr9	-129	0	12.0	0.0
chr9	-128	0	26.0	0.0
chr9	-127	0	38.0	0.0
chr9	-126	0	60.0	0.0
chr9	-125	0	82.0	0.0
chr9	-124	0	109.0	0.0
chr9	-123	0	126.0	0.0
chr9	-122	1	145.0	0.6896551724137931
chr9	-121	1	160.0	0.625
chr9	-120	0	175.0	0.0
chr9	-119	0	203.0	0.0
chr9	-118	0	222.0	0.0
chr9	-117	1	253.0	0.3952569169960474
chr9	-116	0	274.0	0.0
chr9	-115	0	289.0	0.0
chr9	-114	0	310.0	0.0
chr9	-113	5	334.0	1.4970059880239521
chr9	-112	0	359.0	0.0
chr9	-111	0	382.0	0.0
chr9	-110	2	406.0	0.49261083743842365
chr9	-109	0	422.0	0.0
chr9	-108	1	439.0	0.22779043280182232
chr9	-107	1	457.0	0.2188183807439825
chr9	-106	0	471.0	0.0
chr9	-105	2	495.0	0.40404040404040403
chr9	-104	0	517.0	0.0
chr9	-103	0	544.0	0.0
chr9	-102	0	563.0	0.0
chr9	-101	2	591.0	0.338409475465313
chr9	-100	0	606.0	0.0
chr9	-99	2	618.0	0.3236245954692557
chr9	-98	7	640.0	1.09375
chr9	-97	2	668.0	0.29940119760479045
chr9	-96	3	695.0	0.4316546762589928
chr9	-95	0	710.0	0.0
chr9	-94	1	736.0	0.1358695652173913
chr9	-93	2	767.0	0.2607561929595828
chr9	-92	3	785.0	0.3821656050955414
chr9	-91	1	808.0	0.12376237623762376
chr9	-90	1	826.0	0.12106537530266344
chr9	-89	9	843.0	1.0676156583629894
chr9	-88	0	873.0	0.0
chr9	-87	1	888.0	0.11261261261261261
chr9	-86	1	909.0	0.11001100110011
chr9	-85	1	930.0	0.10752688172043011
chr9	-84	1	948.0	0.10548523206751054
chr9	-83	0	972.0	0.0
chr9	-82	2	990.0	0.20202020202020202
chr9	-81	3	1018.0	0.29469548133595286
chr9	-80	8	1047.0	0.7640878701050621
chr9	-79	3	1078.0	0.27829313543599254
chr9	-78	2	1087.0	0.18399264029438822
chr9	-77	7	1126.0	0.6216696269982238
chr9	-76	3	1157.0	0.25929127052722556
chr9	-75	4	1182.0	0.338409475465313
chr9	-74	8	1207.0	0.6628003314001657
chr9	-73	3	1227.0	0.24449877750611246
chr9	-72	1	1247.0	0.08019246190858059
chr9	-71	4	1266.0	0.315955766192733
chr9	-70	5	1291.0	0.3872966692486445
chr9	-69	18	1320.0	1.3636363636363635
chr9	-68	3	1338.0	0.2242152466367713
chr9	-67	3	1371.0	0.2188183807439825
chr9	-66	6	1396.0	0.42979942693409745
chr9	-65	0	1422.0	0.0
chr9	-64	1	1441.0	0.06939625260235947
chr9	-63	8	1479.0	0.5409060175794456
chr9	-62	4	1496.0	0.267379679144385
chr9	-61	13	1515.0	0.8580858085808581
chr9	-60	6	1537.0	0.3903708523096942
chr9	-59	1	1566.0	0.06385696040868455
chr9	-58	7	1593.0	0.4394224733207784
chr9	-57	20	1613.0	1.2399256044637323
chr9	-56	12	1638.0	0.7326007326007326
chr9	-55	4	1658.0	0.24125452352231602
chr9	-54	16	1681.0	0.9518143961927424
chr9	-53	7	1701.0	0.411522633744856
chr9	-52	3	1724.0	0.17401392111368907
chr9	-51	0	1747.0	0.0
chr9	-50	2	1769.0	0.11305822498586772
chr9	-49	3	1794.0	0.16722408026755853
chr9	-48	3	1815.0	0.1652892561983471
chr9	-47	4	1843.0	0.2170374389582203
chr9	-46	2	1865.0	0.10723860589812334
chr9	-45	7	1896.0	0.3691983122362869
chr9	-44	4	1911.0	0.20931449502878074
chr9	-43	3	1928.0	0.15560165975103735
chr9	-42	8	1947.0	0.4108885464817668
chr9	-41	10	1978.0	0.5055611729019212
chr9	-40	1	1999.0	0.05002501250625312
chr9	-39	2	2015.0	0.09925558312655086
chr9	-38	7	2039.0	0.34330554193231977
chr9	-37	3	2067.0	0.14513788098693758
chr9	-36	11	2086.0	0.5273250239693192
chr9	-35	4	2108.0	0.18975332068311196
chr9	-34	21	2128.0	0.9868421052631579
chr9	-33	6	2149.0	0.2791996277338297
chr9	-32	3	2175.0	0.13793103448275862
chr9	-31	3	2191.0	0.13692377909630307
chr9	-30	22	2206.0	0.9972801450589301
chr9	-29	2	2233.0	0.08956560680698611
chr9	-28	10	2246.0	0.44523597506678536
chr9	-27	7	2267.0	0.30877812086457873
chr9	-26	2	2292.0	0.08726003490401396
chr9	-25	4	2316.0	0.17271157167530224
chr9	-24	4	2336.0	0.17123287671232876
chr9	-23	2	2356.0	0.08488964346349745
chr9	-22	0	2383.0	0.0
chr9	-21	19	2407.0	0.7893643539675945
chr9	-20	6	2426.0	0.24732069249793898
chr9	-19	9	2447.0	0.36779730281977935
chr9	-18	17	2462.0	0.6904955320877335
chr9	-17	2	2487.0	0.08041817450743868
chr9	-16	5	2506.0	0.19952114924181963
chr9	-15	15	2520.0	0.5952380952380952
chr9	-14	29	2542.0	1.1408339889850512
chr9	-13	3	2558.0	0.11727912431587179
chr9	-12	6	2577.0	0.23282887077997672
chr9	-11	7	2589.0	0.27037466203167243
chr9	-10	19	2603.0	0.7299270072992701
chr9	-9	6	2593.0	0.23139220979560357
chr9	-8	7	2598.0	0.26943802925327176
chr9	-7	12	2603.0	0.46100653092585475
chr9	-6	10	2603.0	0.384172109104879
chr9	-5	7	2592.0	0.2700617283950617
chr9	-4	7	2591.0	0.2701659590891548
chr9	-3	20	2581.0	0.7748934521503293
chr9	-2	30	2539.0	1.1815675462780622
chr9	-1	122	2469.0	4.941271769947347
chr9	0	177	2177.0	8.130454754248968
chr9	1	55	2196.0	2.504553734061931
chr9	2	28	2207.0	1.2686905301314002
chr9	3	58	2213.0	2.6208766380478985
chr9	4	38	2196.0	1.7304189435336976
chr9	5	41	2200.0	1.8636363636363635
chr9	6	47	2183.0	2.153000458085204
chr9	7	30	2159.0	1.3895321908290876
chr9	8	44	2132.0	2.0637898686679175
chr9	9	44	2123.0	2.072538860103627
chr9	10	58	2085.0	2.7817745803357314
chr9	11	33	2064.0	1.5988372093023258
chr9	12	34	2034.0	1.671583087512291
chr9	13	34	2013.0	1.689021361152509
chr9	14	39	1987.0	1.9627579265223956
chr9	15	29	1958.0	1.481103166496425
chr9	16	40	1934.0	2.0682523267838677
chr9	17	50	1923.0	2.6001040041601664
chr9	18	53	1906.0	2.7806925498426023
chr9	19	21	1887.0	1.1128775834658187
chr9	20	39	1872.0	2.083333333333333
chr9	21	46	1860.0	2.4731182795698925
chr9	22	34	1835.0	1.8528610354223434
chr9	23	30	1812.0	1.6556291390728477
chr9	24	51	1795.0	2.841225626740947
chr9	25	31	1773.0	1.7484489565707841
chr9	26	31	1753.0	1.7683970336565886
chr9	27	44	1738.0	2.5316455696202533
chr9	28	40	1719.0	2.326934264107039
chr9	29	55	1702.0	3.231492361927144
chr9	30	42	1679.0	2.501488981536629
chr9	31	22	1656.0	1.328502415458937
chr9	32	40	1636.0	2.444987775061125
chr9	33	38	1614.0	2.3543990086741013
chr9	34	41	1584.0	2.5883838383838382
chr9	35	31	1567.0	1.9783024888321634
chr9	36	36	1548.0	2.3255813953488373
chr9	37	29	1527.0	1.899148657498363
chr9	38	24	1519.0	1.5799868334430547
chr9	39	15	1498.0	1.0013351134846462
chr9	40	40	1486.0	2.6917900403768504
chr9	41	34	1464.0	2.3224043715846996
chr9	42	19	1445.0	1.314878892733564
chr9	43	26	1422.0	1.8284106891701828
chr9	44	21	1405.0	1.4946619217081851
chr9	45	24	1380.0	1.7391304347826086
chr9	46	25	1350.0	1.8518518518518516
chr9	47	25	1327.0	1.8839487565938209
chr9	48	24	1303.0	1.841903300076746
chr9	49	33	1290.0	2.558139534883721
chr9	50	29	1270.0	2.283464566929134
chr9	51	19	1244.0	1.527331189710611
chr9	52	14	1224.0	1.1437908496732025
chr9	53	34	1207.0	2.8169014084507045
chr9	54	38	1186.0	3.204047217537943
chr9	55	29	1164.0	2.491408934707904
chr9	56	33	1144.0	2.8846153846153846
chr9	57	16	1126.0	1.4209591474245116
chr9	58	26	1106.0	2.3508137432188065
chr9	59	30	1085.0	2.7649769585253456
chr9	60	20	1058.0	1.890359168241966
chr9	61	17	1031.0	1.6488845780795343
chr9	62	26	1008.0	2.579365079365079
chr9	63	15	991.0	1.513622603430878
chr9	64	19	961.0	1.9771071800208115
chr9	65	9	945.0	0.9523809523809524
chr9	66	18	921.0	1.9543973941368076
chr9	67	14	896.0	1.5625
chr9	68	15	875.0	1.7142857142857144
chr9	69	17	857.0	1.9836639439906651
chr9	70	9	849.0	1.0600706713780919
chr9	71	18	831.0	2.166064981949458
chr9	72	17	811.0	2.096177558569667
chr9	73	7	787.0	0.8894536213468869
chr9	74	13	771.0	1.6861219195849546
chr9	75	10	754.0	1.3262599469496021
chr9	76	9	733.0	1.227830832196453
chr9	77	20	714.0	2.801120448179272
chr9	78	17	696.0	2.442528735632184
chr9	79	17	669.0	2.5411061285500747
chr9	80	17	646.0	2.631578947368421
chr9	81	10	623.0	1.6051364365971106
chr9	82	17	600.0	2.833333333333333
chr9	83	12	590.0	2.0338983050847457
chr9	84	8	570.0	1.4035087719298245
chr9	85	6	551.0	1.0889292196007259
chr9	86	13	529.0	2.4574669187145557
chr9	87	10	511.0	1.9569471624266144
chr9	88	13	493.0	2.636916835699797
chr9	89	4	472.0	0.847457627118644
chr9	90	3	454.0	0.6607929515418502
chr9	91	7	440.0	1.5909090909090908
chr9	92	4	426.0	0.9389671361502347
chr9	93	8	413.0	1.937046004842615
chr9	94	7	391.0	1.7902813299232736
chr9	95	8	367.0	2.17983651226158
chr9	96	8	346.0	2.312138728323699
chr9	97	6	330.0	1.8181818181818181
chr9	98	3	310.0	0.967741935483871
chr9	99	3	291.0	1.0309278350515463
chr9	100	5	274.0	1.824817518248175
chr9	101	3	253.0	1.185770750988142
chr9	102	1	235.0	0.425531914893617
chr9	103	3	214.0	1.4018691588785046
chr9	104	8	197.0	4.060913705583756
chr9	105	3	180.0	1.6666666666666667
chr9	106	0	165.0	0.0
chr9	107	4	143.0	2.797202797202797
chr9	108	2	125.0	1.6
chr9	109	2	114.0	1.7543859649122806
chr9	110	0	83.0	0.0
chr9	111	1	65.0	1.5384615384615385
chr9	112	2	47.0	4.25531914893617
chr9	113	0	31.0	0.0
chr9	114	0	19.0	0.0
chr9	115	1	10.0	10.0
chr9	116	0	5.0	0.0
chr9	117	0	0.0	nan
chr9	118	0	0.0	nan
chr9	119	0	0.0	nan
chr9	120	0	0.0	nan
chr9	121	0	0.0	nan
chr9	122	0	0.0	nan
chr9	123	0	0.0	nan
chr9	124	0	0.0	nan
chr9	125	0	0.0	nan
chr9	126	0	0.0	nan
chr9	127	0	0.0	nan
chr9	128	0	0.0	nan
chr9	129	0	0.0	nan
chr9	130	0	0.0	nan
chr9	131	0	0.0	nan
chr10	-141	0	0.0	nan
chr10	-140	0	0.0	nan
chr10	-139	0	1.0	0.0
chr10	-138	0	1.0	0.0
chr10	-137	0	1.0	0.0
chr10	-136	0	1.0	0.0
chr10	-135	0	1.0	0.0
chr10	-134	0	1.0	0.0
chr10	-133	0	3.0	0.0
chr10	-132	0	5.0	0.0
chr10	-131	0	7.0	0.0
chr10	-130	0	11.0	0.0
chr10	-129	0	18.0	0.0
chr10	-128	0	39.0	0.0
chr10	-127	0	61.0	0.0
chr10	-126	1	85.0	1.1764705882352942
chr10	-125	0	109.0	0.0
chr10	-124	0	137.0	0.0
chr10	-123	0	167.0	0.0
chr10	-122	0	194.0	0.0
chr10	-121	0	208.0	0.0
chr10	-120	0	239.0	0.0
chr10	-119	0	270.0	0.0
chr10	-118	0	301.0	0.0
chr10	-117	0	336.0	0.0
chr10	-116	0	371.0	0.0
chr10	-115	0	391.0	0.0
chr10	-114	0	415.0	0.0
chr10	-113	0	441.0	0.0
chr10	-112	0	473.0	0.0
chr10	-111	0	501.0	0.0
chr10	-110	0	536.0	0.0
chr10	-109	1	561.0	0.17825311942959002
chr10	-108	1	586.0	0.17064846416382254
chr10	-107	0	624.0	0.0
chr10	-106	2	649.0	0.30816640986132515
chr10	-105	0	677.0	0.0
chr10	-104	1	699.0	0.14306151645207438
chr10	-103	1	734.0	0.13623978201634876
chr10	-102	0	762.0	0.0
chr10	-101	1	797.0	0.12547051442910914
chr10	-100	5	813.0	0.6150061500615006
chr10	-99	3	846.0	0.3546099290780142
chr10	-98	3	868.0	0.3456221198156682
chr10	-97	1	901.0	0.11098779134295228
chr10	-96	3	932.0	0.3218884120171674
chr10	-95	2	961.0	0.20811654526534862
chr10	-94	2	990.0	0.20202020202020202
chr10	-93	1	1018.0	0.09823182711198428
chr10	-92	9	1047.0	0.8595988538681949
chr10	-91	2	1079.0	0.18535681186283595
chr10	-90	0	1101.0	0.0
chr10	-89	6	1132.0	0.5300353356890459
chr10	-88	1	1161.0	0.08613264427217916
chr10	-87	3	1193.0	0.2514668901927913
chr10	-86	5	1226.0	0.40783034257748774
chr10	-85	1	1253.0	0.07980845969672785
chr10	-84	5	1278.0	0.39123630672926446
chr10	-83	2	1307.0	0.1530221882172915
chr10	-82	2	1338.0	0.14947683109118087
chr10	-81	2	1371.0	0.14587892049598833
chr10	-80	4	1408.0	0.2840909090909091
chr10	-79	3	1427.0	0.21023125437981782
chr10	-78	3	1452.0	0.2066115702479339
chr10	-77	1	1484.0	0.06738544474393532
chr10	-76	7	1506.0	0.46480743691899074
chr10	-75	1	1534.0	0.0651890482398957
chr10	-74	8	1574.0	0.5082592121982211
chr10	-73	12	1609.0	0.7458048477315102
chr10	-72	6	1640.0	0.3658536585365854
chr10	-71	1	1668.0	0.05995203836930455
chr10	-70	6	1695.0	0.35398230088495575
chr10	-69	4	1730.0	0.23121387283236997
chr10	-68	1	1754.0	0.05701254275940707
chr10	-67	4	1783.0	0.2243409983174425
chr10	-66	2	1811.0	0.11043622308117064
chr10	-65	5	1837.0	0.2721829069134458
chr10	-64	0	1869.0	0.0
chr10	-63	4	1901.0	0.21041557075223566
chr10	-62	1	1934.0	0.0517063081695967
chr10	-61	4	1958.0	0.20429009193054137
chr10	-60	1	1991.0	0.05022601707684581
chr10	-59	2	2018.0	0.09910802775024777
chr10	-58	1	2053.0	0.04870920603994155
chr10	-57	11	2072.0	0.5308880308880308
chr10	-56	4	2105.0	0.19002375296912113
chr10	-55	16	2122.0	0.7540056550424128
chr10	-54	3	2151.0	0.1394700139470014
chr10	-53	17	2182.0	0.7791017415215399
chr10	-52	5	2205.0	0.22675736961451248
chr10	-51	10	2229.0	0.44863167339614174
chr10	-50	5	2266.0	0.22065313327449249
chr10	-49	8	2289.0	0.34949759720401924
chr10	-48	1	2309.0	0.043308791684711995
chr10	-47	2	2341.0	0.08543357539513029
chr10	-46	7	2361.0	0.29648454044896233
chr10	-45	2	2388.0	0.08375209380234507
chr10	-44	1	2408.0	0.04152823920265781
chr10	-43	13	2435.0	0.5338809034907598
chr10	-42	2	2471.0	0.08093889113719142
chr10	-41	4	2498.0	0.16012810248198558
chr10	-40	12	2519.0	0.4763795156808257
chr10	-39	5	2543.0	0.19661816751867872
chr10	-38	2	2562.0	0.078064012490242
chr10	-37	4	2597.0	0.15402387370042356
chr10	-36	7	2625.0	0.26666666666666666
chr10	-35	4	2646.0	0.15117157974300832
chr10	-34	12	2680.0	0.44776119402985076
chr10	-33	2	2707.0	0.07388252678241596
chr10	-32	23	2744.0	0.8381924198250729
chr10	-31	11	2774.0	0.3965392934390771
chr10	-30	6	2805.0	0.21390374331550802
chr10	-29	4	2831.0	0.1412928293889085
chr10	-28	5	2868.0	0.17433751743375175
chr10	-27	8	2889.0	0.27691242644513675
chr10	-26	7	2914.0	0.24021962937542896
chr10	-25	14	2944.0	0.4755434782608696
chr10	-24	1	2969.0	0.033681374200067365
chr10	-23	23	2992.0	0.768716577540107
chr10	-22	5	3028.0	0.16512549537648613
chr10	-21	6	3054.0	0.19646365422396855
chr10	-20	2	3073.0	0.06508298080052066
chr10	-19	6	3098.0	0.19367333763718528
chr10	-18	8	3128.0	0.2557544757033248
chr10	-17	2	3154.0	0.06341154090044387
chr10	-16	17	3170.0	0.5362776025236593
chr10	-15	2	3199.0	0.06251953735542357
chr10	-14	11	3223.0	0.3412969283276451
chr10	-13	14	3241.0	0.4319654427645789
chr10	-12	4	3270.0	0.12232415902140673
chr10	-11	6	3284.0	0.18270401948842874
chr10	-10	12	3299.0	0.3637465898757199
chr10	-9	3	3299.0	0.09093664746892997
chr10	-8	7	3283.0	0.21321961620469082
chr10	-7	8	3276.0	0.2442002442002442
chr10	-6	23	3273.0	0.7027192178429575
chr10	-5	8	3258.0	0.24554941682013504
chr10	-4	18	3254.0	0.5531653349723417
chr10	-3	9	3247.0	0.2771789344009855
chr10	-2	15	3236.0	0.46353522867737945
chr10	-1	78	3159.0	2.4691358024691357
chr10	0	179	2649.0	6.757266893167232
chr10	1	34	2743.0	1.2395187750637988
chr10	2	65	2749.0	2.364496180429247
chr10	3	92	2721.0	3.381109886071297
chr10	4	54	2719.0	1.986024273630011
chr10	5	39	2698.0	1.445515196441809
chr10	6	62	2667.0	2.324709411323585
chr10	7	62	2644.0	2.344931921331316
chr10	8	72	2618.0	2.750190985485103
chr10	9	62	2589.0	2.394747006566242
chr10	10	50	2570.0	1.9455252918287937
chr10	11	45	2533.0	1.7765495459928937
chr10	12	55	2514.0	2.1877486077963404
chr10	13	46	2491.0	1.846647932557206
chr10	14	45	2469.0	1.8226002430133657
chr10	15	51	2440.0	2.0901639344262297
chr10	16	46	2415.0	1.9047619047619049
chr10	17	42	2382.0	1.7632241813602016
chr10	18	58	2361.0	2.456586192291402
chr10	19	37	2335.0	1.5845824411134906
chr10	20	54	2303.0	2.3447676943117672
chr10	21	80	2279.0	3.5103115401491887
chr10	22	51	2254.0	2.2626441881100265
chr10	23	38	2229.0	1.7048003589053389
chr10	24	41	2198.0	1.8653321201091901
chr10	25	50	2174.0	2.2999080036798527
chr10	26	37	2149.0	1.72173103769195
chr10	27	54	2128.0	2.537593984962406
chr10	28	35	2104.0	1.6634980988593155
chr10	29	65	2077.0	3.1295137217140105
chr10	30	36	2055.0	1.7518248175182483
chr10	31	67	2022.0	3.3135509396636995
chr10	32	32	1998.0	1.6016016016016015
chr10	33	46	1968.0	2.33739837398374
chr10	34	39	1941.0	2.009273570324575
chr10	35	44	1918.0	2.2940563086548487
chr10	36	52	1894.0	2.7455121436114043
chr10	37	33	1878.0	1.7571884984025559
chr10	38	31	1848.0	1.6774891774891776
chr10	39	63	1823.0	3.4558420186505763
chr10	40	24	1791.0	1.340033500837521
chr10	41	43	1770.0	2.4293785310734464
chr10	42	64	1746.0	3.6655211912943875
chr10	43	36	1724.0	2.088167053364269
chr10	44	32	1692.0	1.8912529550827424
chr10	45	47	1666.0	2.8211284513805523
chr10	46	50	1643.0	3.0432136335970785
chr10	47	43	1611.0	2.6691495965238983
chr10	48	34	1589.0	2.1397105097545626
chr10	49	29	1564.0	1.854219948849105
chr10	50	33	1538.0	2.1456436931079326
chr10	51	44	1510.0	2.913907284768212
chr10	52	53	1479.0	3.583502366463827
chr10	53	40	1459.0	2.7416038382453736
chr10	54	44	1432.0	3.072625698324022
chr10	55	55	1399.0	3.931379556826305
chr10	56	40	1382.0	2.894356005788712
chr10	57	26	1354.0	1.9202363367799113
chr10	58	46	1323.0	3.4769463340891913
chr10	59	12	1300.0	0.9230769230769231
chr10	60	49	1277.0	3.837118245888802
chr10	61	35	1259.0	2.779984114376489
chr10	62	37	1223.0	3.025347506132461
chr10	63	18	1207.0	1.4913007456503728
chr10	64	24	1182.0	2.030456852791878
chr10	65	19	1156.0	1.6435986159169549
chr10	66	32	1132.0	2.8268551236749118
chr10	67	19	1102.0	1.7241379310344827
chr10	68	28	1083.0	2.585410895660203
chr10	69	29	1059.0	2.7384324834749765
chr10	70	16	1039.0	1.539942252165544
chr10	71	20	1017.0	1.966568338249754
chr10	72	29	996.0	2.9116465863453818
chr10	73	26	969.0	2.683178534571723
chr10	74	21	944.0	2.2245762711864407
chr10	75	25	918.0	2.7233115468409586
chr10	76	20	894.0	2.237136465324385
chr10	77	18	868.0	2.0737327188940093
chr10	78	18	847.0	2.125147579693034
chr10	79	13	831.0	1.5643802647412757
chr10	80	13	809.0	1.6069221260815822
chr10	81	14	790.0	1.7721518987341773
chr10	82	17	767.0	2.216427640156454
chr10	83	21	741.0	2.834008097165992
chr10	84	26	723.0	3.5961272475795294
chr10	85	14	702.0	1.9943019943019942
chr10	86	18	676.0	2.6627218934911245
chr10	87	19	654.0	2.90519877675841
chr10	88	20	637.0	3.139717425431711
chr10	89	9	614.0	1.4657980456026058
chr10	90	10	590.0	1.694915254237288
chr10	91	21	567.0	3.7037037037037033
chr10	92	13	546.0	2.380952380952381
chr10	93	21	517.0	4.061895551257253
chr10	94	7	489.0	1.4314928425357873
chr10	95	16	457.0	3.50109409190372
chr10	96	13	439.0	2.9612756264236904
chr10	97	12	414.0	2.898550724637681
chr10	98	5	390.0	1.282051282051282
chr10	99	10	359.0	2.785515320334262
chr10	100	12	339.0	3.5398230088495577
chr10	101	8	320.0	2.5
chr10	102	6	297.0	2.0202020202020203
chr10	103	4	272.0	1.4705882352941175
chr10	104	7	248.0	2.82258064516129
chr10	105	7	226.0	3.0973451327433628
chr10	106	6	202.0	2.9702970297029703
chr10	107	7	184.0	3.804347826086957
chr10	108	3	162.0	1.8518518518518516
chr10	109	3	136.0	2.2058823529411766
chr10	110	2	119.0	1.680672268907563
chr10	111	0	92.0	0.0
chr10	112	1	67.0	1.4925373134328357
chr10	113	3	45.0	6.666666666666667
chr10	114	3	35.0	8.571428571428571
chr10	115	0	14.0	0.0
chr10	116	1	7.0	14.285714285714285
chr10	117	0	0.0	nan
chr10	118	0	0.0	nan
chr10	119	0	0.0	nan
chr10	120	0	0.0	nan
chr10	121	0	0.0	nan
chr10	122	0	0.0	nan
chr10	123	0	0.0	nan
chr10	124	0	0.0	nan
chr10	125	0	0.0	nan
chr10	126	0	0.0	nan
chr10	127	0	0.0	nan
chr10	128	0	0.0	nan
chr10	129	0	0.0	nan
chr10	130	0	0.0	nan
chr10	131	0	0.0	nan
chr10	132	0	0.0	nan
chr10	133	0	0.0	nan
chr11	-135	0	1.0	0.0
chr11	-134	0	1.0	0.0
chr11	-133	0	1.0	0.0
chr11	-132	0	1.0	0.0
chr11	-131	0	3.0	0.0
chr11	-130	0	7.0	0.0
chr11	-129	0	23.0	0.0
chr11	-128	0	35.0	0.0
chr11	-127	0	53.0	0.0
chr11	-126	0	70.0	0.0
chr11	-125	0	95.0	0.0
chr11	-124	0	112.0	0.0
chr11	-123	0	133.0	0.0
chr11	-122	3	158.0	1.89873417721519
chr11	-121	0	186.0	0.0
chr11	-120	0	213.0	0.0
chr11	-119	0	221.0	0.0
chr11	-118	0	245.0	0.0
chr11	-117	4	270.0	1.4814814814814816
chr11	-116	0	303.0	0.0
chr11	-115	1	326.0	0.3067484662576687
chr11	-114	0	350.0	0.0
chr11	-113	0	376.0	0.0
chr11	-112	0	398.0	0.0
chr11	-111	1	420.0	0.2380952380952381
chr11	-110	3	445.0	0.6741573033707865
chr11	-109	2	471.0	0.42462845010615713
chr11	-108	0	495.0	0.0
chr11	-107	2	512.0	0.390625
chr11	-106	0	531.0	0.0
chr11	-105	5	553.0	0.9041591320072333
chr11	-104	1	576.0	0.1736111111111111
chr11	-103	0	592.0	0.0
chr11	-102	0	610.0	0.0
chr11	-101	1	621.0	0.1610305958132045
chr11	-100	0	641.0	0.0
chr11	-99	3	661.0	0.45385779122541603
chr11	-98	5	688.0	0.7267441860465116
chr11	-97	1	717.0	0.1394700139470014
chr11	-96	7	747.0	0.9370816599732262
chr11	-95	1	775.0	0.12903225806451613
chr11	-94	0	808.0	0.0
chr11	-93	3	835.0	0.3592814371257485
chr11	-92	3	857.0	0.3500583430571762
chr11	-91	1	877.0	0.11402508551881414
chr11	-90	6	908.0	0.6607929515418502
chr11	-89	1	934.0	0.10706638115631692
chr11	-88	4	955.0	0.41884816753926707
chr11	-87	2	985.0	0.20304568527918782
chr11	-86	2	1004.0	0.199203187250996
chr11	-85	3	1032.0	0.29069767441860467
chr11	-84	8	1062.0	0.7532956685499058
chr11	-83	3	1088.0	0.2757352941176471
chr11	-82	2	1109.0	0.18034265103697023
chr11	-81	2	1136.0	0.17605633802816903
chr11	-80	2	1161.0	0.17226528854435832
chr11	-79	1	1186.0	0.08431703204047217
chr11	-78	9	1208.0	0.7450331125827815
chr11	-77	8	1233.0	0.6488240064882401
chr11	-76	3	1258.0	0.23847376788553257
chr11	-75	1	1288.0	0.07763975155279502
chr11	-74	2	1311.0	0.15255530129672007
chr11	-73	16	1340.0	1.1940298507462688
chr11	-72	9	1368.0	0.6578947368421052
chr11	-71	15	1386.0	1.0822510822510822
chr11	-70	3	1416.0	0.211864406779661
chr11	-69	3	1438.0	0.2086230876216968
chr11	-68	1	1465.0	0.06825938566552901
chr11	-67	2	1496.0	0.1336898395721925
chr11	-66	4	1515.0	0.264026402640264
chr11	-65	2	1544.0	0.1295336787564767
chr11	-64	2	1579.0	0.1266624445851805
chr11	-63	4	1612.0	0.24813895781637718
chr11	-62	11	1638.0	0.6715506715506716
chr11	-61	7	1660.0	0.42168674698795183
chr11	-60	5	1685.0	0.2967359050445104
chr11	-59	3	1710.0	0.17543859649122806
chr11	-58	2	1742.0	0.1148105625717566
chr11	-57	7	1762.0	0.39727582292849034
chr11	-56	3	1782.0	0.16835016835016833
chr11	-55	6	1815.0	0.3305785123966942
chr11	-54	8	1839.0	0.4350190320826536
chr11	-53	0	1867.0	0.0
chr11	-52	9	1894.0	0.4751847940865892
chr11	-51	5	1921.0	0.2602811035918792
chr11	-50	0	1951.0	0.0
chr11	-49	5	1981.0	0.2523977788995457
chr11	-48	5	2005.0	0.24937655860349126
chr11	-47	5	2038.0	0.24533856722276742
chr11	-46	4	2065.0	0.1937046004842615
chr11	-45	2	2097.0	0.09537434430138292
chr11	-44	2	2125.0	0.09411764705882353
chr11	-43	1	2154.0	0.04642525533890436
chr11	-42	13	2179.0	0.5966039467645708
chr11	-41	6	2200.0	0.27272727272727276
chr11	-40	6	2234.0	0.26857654431512984
chr11	-39	6	2258.0	0.2657218777679362
chr11	-38	3	2279.0	0.13163668275559456
chr11	-37	0	2296.0	0.0
chr11	-36	15	2327.0	0.6446067898581865
chr11	-35	0	2351.0	0.0
chr11	-34	3	2381.0	0.125997480050399
chr11	-33	12	2394.0	0.5012531328320802
chr11	-32	3	2415.0	0.12422360248447205
chr11	-31	2	2454.0	0.08149959250203749
chr11	-30	6	2473.0	0.2426202992317024
chr11	-29	13	2503.0	0.519376747902517
chr11	-28	5	2531.0	0.19755037534571318
chr11	-27	8	2561.0	0.31237797735259665
chr11	-26	4	2582.0	0.1549186676994578
chr11	-25	17	2602.0	0.6533435818601077
chr11	-24	20	2627.0	0.7613247049866768
chr11	-23	13	2657.0	0.48927361686112153
chr11	-22	4	2673.0	0.14964459408903852
chr11	-21	4	2696.0	0.1483679525222552
chr11	-20	6	2724.0	0.22026431718061676
chr11	-19	13	2747.0	0.4732435384055333
chr11	-18	23	2778.0	0.827933765298776
chr11	-17	14	2787.0	0.5023322569070686
chr11	-16	4	2826.0	0.14154281670205238
chr11	-15	14	2846.0	0.4919184820801124
chr11	-14	10	2847.0	0.3512469265893923
chr11	-13	8	2881.0	0.2776813606386671
chr11	-12	27	2902.0	0.9303928325292902
chr11	-11	5	2927.0	0.17082336863682954
chr11	-10	17	2944.0	0.577445652173913
chr11	-9	8	2943.0	0.27183146449201495
chr11	-8	12	2941.0	0.40802448146888814
chr11	-7	30	2940.0	1.0204081632653061
chr11	-6	19	2942.0	0.645819170632223
chr11	-5	6	2933.0	0.20456870098874871
chr11	-4	17	2933.0	0.5796113194681214
chr11	-3	50	2908.0	1.71939477303989
chr11	-2	42	2870.0	1.4634146341463417
chr11	-1	155	2829.0	5.4789678331565925
chr11	0	185	2399.0	7.7115464776990414
chr11	1	46	2497.0	1.84221065278334
chr11	2	81	2486.0	3.258246178600161
chr11	3	53	2473.0	2.1431459765467045
chr11	4	45	2460.0	1.8292682926829267
chr11	5	80	2447.0	3.2693093583980386
chr11	6	45	2418.0	1.8610421836228286
chr11	7	25	2393.0	1.0447137484329294
chr11	8	57	2369.0	2.406078514140988
chr11	9	66	2355.0	2.802547770700637
chr11	10	47	2328.0	2.0189003436426116
chr11	11	57	2290.0	2.489082969432314
chr11	12	34	2265.0	1.5011037527593818
chr11	13	43	2247.0	1.9136626613262129
chr11	14	43	2216.0	1.9404332129963902
chr11	15	49	2188.0	2.2394881170018284
chr11	16	44	2173.0	2.024850437183617
chr11	17	63	2157.0	2.920723226703755
chr11	18	46	2127.0	2.1626704278326283
chr11	19	45	2108.0	2.1347248576850095
chr11	20	46	2096.0	2.1946564885496183
chr11	21	38	2077.0	1.82956186807896
chr11	22	30	2056.0	1.4591439688715953
chr11	23	44	2042.0	2.1547502448579823
chr11	24	41	2016.0	2.0337301587301586
chr11	25	51	2008.0	2.539840637450199
chr11	26	34	1996.0	1.7034068136272544
chr11	27	43	1970.0	2.182741116751269
chr11	28	44	1945.0	2.2622107969151672
chr11	29	41	1911.0	2.1454735740450026
chr11	30	38	1896.0	2.0042194092827006
chr11	31	33	1874.0	1.7609391675560297
chr11	32	25	1848.0	1.3528138528138527
chr11	33	48	1821.0	2.6359143327841847
chr11	34	37	1790.0	2.067039106145251
chr11	35	45	1764.0	2.5510204081632653
chr11	36	53	1747.0	3.033772180881511
chr11	37	23	1728.0	1.3310185185185186
chr11	38	31	1704.0	1.8192488262910798
chr11	39	26	1683.0	1.5448603683897801
chr11	40	29	1658.0	1.7490952955367913
chr11	41	43	1641.0	2.6203534430225472
chr11	42	26	1612.0	1.6129032258064515
chr11	43	27	1592.0	1.6959798994974875
chr11	44	23	1570.0	1.4649681528662422
chr11	45	36	1544.0	2.33160621761658
chr11	46	34	1517.0	2.2412656558998023
chr11	47	22	1503.0	1.4637391882900865
chr11	48	31	1482.0	2.0917678812415654
chr11	49	29	1450.0	2.0
chr11	50	36	1432.0	2.5139664804469275
chr11	51	25	1411.0	1.771793054571226
chr11	52	23	1391.0	1.6534867002156721
chr11	53	30	1366.0	2.1961932650073206
chr11	54	25	1342.0	1.8628912071535022
chr11	55	23	1313.0	1.7517136329017517
chr11	56	23	1299.0	1.770592763664357
chr11	57	35	1277.0	2.74079874706343
chr11	58	37	1252.0	2.9552715654952078
chr11	59	18	1221.0	1.4742014742014742
chr11	60	43	1202.0	3.577371048252912
chr11	61	36	1175.0	3.0638297872340425
chr11	62	23	1153.0	1.99479618386817
chr11	63	17	1131.0	1.5030946065428823
chr11	64	17	1110.0	1.5315315315315314
chr11	65	18	1092.0	1.6483516483516485
chr11	66	21	1074.0	1.9553072625698324
chr11	67	30	1049.0	2.8598665395614873
chr11	68	15	1028.0	1.4591439688715953
chr11	69	12	1017.0	1.1799410029498525
chr11	70	20	989.0	2.0222446916076846
chr11	71	25	979.0	2.5536261491317673
chr11	72	28	951.0	2.9442691903259726
chr11	73	28	929.0	3.013993541442411
chr11	74	17	905.0	1.8784530386740332
chr11	75	15	881.0	1.70261066969353
chr11	76	19	858.0	2.2144522144522143
chr11	77	18	828.0	2.1739130434782608
chr11	78	13	804.0	1.616915422885572
chr11	79	12	784.0	1.530612244897959
chr11	80	14	758.0	1.8469656992084433
chr11	81	14	733.0	1.9099590723055935
chr11	82	19	706.0	2.6912181303116145
chr11	83	14	679.0	2.0618556701030926
chr11	84	13	659.0	1.9726858877086493
chr11	85	20	640.0	3.125
chr11	86	12	622.0	1.929260450160772
chr11	87	6	596.0	1.006711409395973
chr11	88	15	580.0	2.586206896551724
chr11	89	11	556.0	1.9784172661870503
chr11	90	8	532.0	1.5037593984962405
chr11	91	12	516.0	2.3255813953488373
chr11	92	12	497.0	2.414486921529175
chr11	93	5	478.0	1.0460251046025104
chr11	94	12	458.0	2.6200873362445414
chr11	95	10	440.0	2.272727272727273
chr11	96	12	405.0	2.9629629629629632
chr11	97	3	384.0	0.78125
chr11	98	5	356.0	1.4044943820224718
chr11	99	3	339.0	0.8849557522123894
chr11	100	4	316.0	1.2658227848101267
chr11	101	6	293.0	2.04778156996587
chr11	102	5	275.0	1.8181818181818181
chr11	103	5	256.0	1.953125
chr11	104	4	233.0	1.7167381974248928
chr11	105	3	216.0	1.3888888888888888
chr11	106	3	197.0	1.5228426395939088
chr11	107	3	178.0	1.6853932584269662
chr11	108	0	154.0	0.0
chr11	109	5	135.0	3.7037037037037033
chr11	110	1	116.0	0.8620689655172413
chr11	111	4	92.0	4.3478260869565215
chr11	112	0	80.0	0.0
chr11	113	0	63.0	0.0
chr11	114	2	47.0	4.25531914893617
chr11	115	0	28.0	0.0
chr11	116	0	10.0	0.0
chr11	117	0	0.0	nan
chr11	118	0	0.0	nan
chr11	119	0	0.0	nan
chr11	120	0	0.0	nan
chr11	121	0	0.0	nan
chr11	122	0	0.0	nan
chr11	123	0	0.0	nan
chr11	124	0	0.0	nan
chr11	125	0	0.0	nan
chr11	126	0	0.0	nan
chr11	127	0	0.0	nan
chr11	128	0	0.0	nan
chr11	129	0	0.0	nan
chr11	130	0	0.0	nan
chr11	131	0	0.0	nan
chr11	132	0	0.0	nan
chr11	133	0	0.0	nan
chr11	134	0	0.0	nan
chr11	135	0	0.0	nan
chr11	136	0	0.0	nan
chr11	137	0	0.0	nan
chr11	138	0	0.0	nan
chr11	139	0	0.0	nan
chr11	140	0	0.0	nan
chr11	141	0	0.0	nan
chr12	-133	0	1.0	0.0
chr12	-132	0	1.0	0.0
chr12	-131	0	2.0	0.0
chr12	-130	0	3.0	0.0
chr12	-129	0	8.0	0.0
chr12	-128	0	22.0	0.0
chr12	-127	1	42.0	2.380952380952381
chr12	-126	0	73.0	0.0
chr12	-125	1	91.0	1.098901098901099
chr12	-124	0	104.0	0.0
chr12	-123	0	119.0	0.0
chr12	-122	0	145.0	0.0
chr12	-121	0	175.0	0.0
chr12	-120	0	203.0	0.0
chr12	-119	0	224.0	0.0
chr12	-118	0	250.0	0.0
chr12	-117	0	274.0	0.0
chr12	-116	0	294.0	0.0
chr12	-115	0	321.0	0.0
chr12	-114	2	341.0	0.5865102639296188
chr12	-113	3	379.0	0.79155672823219
chr12	-112	1	401.0	0.24937655860349126
chr12	-111	0	418.0	0.0
chr12	-110	2	437.0	0.4576659038901602
chr12	-109	1	456.0	0.21929824561403508
chr12	-108	0	483.0	0.0
chr12	-107	1	510.0	0.19607843137254902
chr12	-106	0	535.0	0.0
chr12	-105	1	556.0	0.1798561151079137
chr12	-104	2	590.0	0.3389830508474576
chr12	-103	2	624.0	0.3205128205128205
chr12	-102	0	645.0	0.0
chr12	-101	0	683.0	0.0
chr12	-100	2	712.0	0.2808988764044944
chr12	-99	0	735.0	0.0
chr12	-98	1	759.0	0.13175230566534915
chr12	-97	0	789.0	0.0
chr12	-96	2	824.0	0.24271844660194172
chr12	-95	0	851.0	0.0
chr12	-94	0	880.0	0.0
chr12	-93	0	895.0	0.0
chr12	-92	6	924.0	0.6493506493506493
chr12	-91	5	951.0	0.5257623554153523
chr12	-90	5	968.0	0.5165289256198348
chr12	-89	7	1000.0	0.7000000000000001
chr12	-88	1	1028.0	0.09727626459143969
chr12	-87	5	1063.0	0.4703668861712135
chr12	-86	0	1097.0	0.0
chr12	-85	4	1118.0	0.35778175313059035
chr12	-84	4	1139.0	0.35118525021949076
chr12	-83	4	1161.0	0.34453057708871665
chr12	-82	4	1185.0	0.33755274261603374
chr12	-81	0	1209.0	0.0
chr12	-80	5	1238.0	0.40387722132471726
chr12	-79	1	1275.0	0.0784313725490196
chr12	-78	4	1312.0	0.3048780487804878
chr12	-77	0	1340.0	0.0
chr12	-76	5	1370.0	0.36496350364963503
chr12	-75	8	1398.0	0.5722460658082975
chr12	-74	1	1432.0	0.06983240223463687
chr12	-73	11	1461.0	0.7529089664613279
chr12	-72	7	1482.0	0.47233468286099867
chr12	-71	4	1506.0	0.2656042496679947
chr12	-70	7	1524.0	0.45931758530183725
chr12	-69	6	1548.0	0.3875968992248062
chr12	-68	8	1575.0	0.5079365079365079
chr12	-67	2	1605.0	0.12461059190031153
chr12	-66	1	1627.0	0.06146281499692685
chr12	-65	2	1654.0	0.12091898428053204
chr12	-64	8	1690.0	0.4733727810650888
chr12	-63	2	1722.0	0.11614401858304298
chr12	-62	3	1747.0	0.17172295363480253
chr12	-61	1	1786.0	0.055991041433370664
chr12	-60	3	1814.0	0.16538037486218302
chr12	-59	3	1842.0	0.16286644951140067
chr12	-58	2	1871.0	0.10689470871191875
chr12	-57	2	1902.0	0.10515247108307045
chr12	-56	4	1925.0	0.2077922077922078
chr12	-55	1	1950.0	0.05128205128205128
chr12	-54	14	1978.0	0.7077856420626896
chr12	-53	1	2001.0	0.04997501249375312
chr12	-52	6	2030.0	0.2955665024630542
chr12	-51	2	2045.0	0.09779951100244498
chr12	-50	2	2078.0	0.0962463907603465
chr12	-49	1	2120.0	0.04716981132075472
chr12	-48	3	2147.0	0.13972985561248255
chr12	-47	5	2169.0	0.23052097740894423
chr12	-46	2	2193.0	0.09119927040583675
chr12	-45	7	2226.0	0.3144654088050315
chr12	-44	0	2247.0	0.0
chr12	-43	1	2278.0	0.043898156277436345
chr12	-42	23	2307.0	0.9969657563935848
chr12	-41	6	2341.0	0.25630072618539085
chr12	-40	4	2376.0	0.16835016835016833
chr12	-39	4	2397.0	0.1668752607425949
chr12	-38	8	2425.0	0.32989690721649484
chr12	-37	23	2457.0	0.9361009361009361
chr12	-36	4	2480.0	0.16129032258064516
chr12	-35	18	2512.0	0.7165605095541402
chr12	-34	9	2548.0	0.35321821036106754
chr12	-33	14	2569.0	0.544959128065395
chr12	-32	3	2592.0	0.11574074074074073
chr12	-31	7	2615.0	0.26768642447418733
chr12	-30	5	2653.0	0.18846588767433095
chr12	-29	6	2683.0	0.22363026462914648
chr12	-28	5	2716.0	0.1840942562592047
chr12	-27	5	2732.0	0.18301610541727673
chr12	-26	10	2755.0	0.3629764065335753
chr12	-25	5	2774.0	0.1802451333813987
chr12	-24	4	2808.0	0.14245014245014245
chr12	-23	4	2839.0	0.14089468122578372
chr12	-22	4	2870.0	0.13937282229965156
chr12	-21	15	2900.0	0.5172413793103449
chr12	-20	10	2917.0	0.34281796366129585
chr12	-19	11	2939.0	0.374276964954066
chr12	-18	7	2972.0	0.23553162853297444
chr12	-17	34	2986.0	1.1386470194239784
chr12	-16	4	3015.0	0.13266998341625208
chr12	-15	6	3046.0	0.1969796454366382
chr12	-14	4	3060.0	0.130718954248366
chr12	-13	5	3089.0	0.16186468112657817
chr12	-12	16	3109.0	0.5146349308459311
chr12	-11	6	3122.0	0.19218449711723257
chr12	-10	18	3139.0	0.5734310289901242
chr12	-9	11	3144.0	0.34987277353689566
chr12	-8	6	3144.0	0.19083969465648853
chr12	-7	10	3149.0	0.31756113051762463
chr12	-6	9	3148.0	0.28589580686149935
chr12	-5	3	3141.0	0.09551098376313276
chr12	-4	11	3141.0	0.35020694046482015
chr12	-3	26	3104.0	0.8376288659793815
chr12	-2	42	3088.0	1.3601036269430051
chr12	-1	130	3046.0	4.267892317793828
chr12	0	186	2428.0	7.660626029654035
chr12	1	63	2586.0	2.436194895591647
chr12	2	46	2588.0	1.777434312210201
chr12	3	78	2602.0	2.997694081475788
chr12	4	45	2579.0	1.7448623497479645
chr12	5	57	2556.0	2.2300469483568075
chr12	6	45	2506.0	1.7956903431763767
chr12	7	27	2482.0	1.087832393231265
chr12	8	44	2466.0	1.7842660178426604
chr12	9	63	2446.0	2.5756336876533115
chr12	10	50	2416.0	2.06953642384106
chr12	11	67	2393.0	2.7998328458002506
chr12	12	53	2368.0	2.238175675675676
chr12	13	49	2351.0	2.0842194810718846
chr12	14	40	2325.0	1.7204301075268817
chr12	15	54	2306.0	2.3417172593235036
chr12	16	63	2285.0	2.7571115973741795
chr12	17	41	2263.0	1.8117543084401235
chr12	18	58	2241.0	2.5881302989736725
chr12	19	34	2206.0	1.5412511332728922
chr12	20	40	2179.0	1.8357044515832952
chr12	21	57	2149.0	2.652396463471382
chr12	22	53	2126.0	2.4929444967074317
chr12	23	48	2107.0	2.2781205505457995
chr12	24	46	2079.0	2.2126022126022127
chr12	25	37	2063.0	1.793504604944256
chr12	26	24	2030.0	1.1822660098522169
chr12	27	27	2008.0	1.344621513944223
chr12	28	40	1993.0	2.007024586051179
chr12	29	46	1966.0	2.3397761953204474
chr12	30	37	1951.0	1.8964633521271141
chr12	31	47	1921.0	2.4466423737636647
chr12	32	34	1893.0	1.7960908610670894
chr12	33	49	1870.0	2.620320855614973
chr12	34	57	1857.0	3.0694668820678515
chr12	35	37	1836.0	2.0152505446623095
chr12	36	45	1814.0	2.4807056229327453
chr12	37	31	1796.0	1.7260579064587973
chr12	38	27	1763.0	1.5314804310833807
chr12	39	38	1736.0	2.1889400921658986
chr12	40	42	1710.0	2.456140350877193
chr12	41	42	1701.0	2.4691358024691357
chr12	42	27	1673.0	1.6138673042438731
chr12	43	16	1650.0	0.9696969696969697
chr12	44	28	1627.0	1.7209588199139523
chr12	45	39	1607.0	2.4268823895457374
chr12	46	26	1587.0	1.638311279143037
chr12	47	20	1558.0	1.2836970474967908
chr12	48	25	1528.0	1.6361256544502618
chr12	49	34	1493.0	2.277294038847957
chr12	50	34	1468.0	2.316076294277929
chr12	51	19	1453.0	1.307639366827254
chr12	52	30	1433.0	2.09351011863224
chr12	53	36	1406.0	2.5604551920341394
chr12	54	30	1391.0	2.156721782890007
chr12	55	12	1376.0	0.872093023255814
chr12	56	29	1353.0	2.1433850702143387
chr12	57	26	1335.0	1.947565543071161
chr12	58	18	1304.0	1.3803680981595092
chr12	59	34	1287.0	2.641802641802642
chr12	60	19	1263.0	1.5043547110055424
chr12	61	23	1237.0	1.8593371059013744
chr12	62	14	1207.0	1.15990057995029
chr12	63	19	1181.0	1.6088060965283657
chr12	64	25	1147.0	2.1795989537925022
chr12	65	27	1123.0	2.404274265360641
chr12	66	11	1094.0	1.0054844606946984
chr12	67	30	1073.0	2.7958993476234855
chr12	68	20	1056.0	1.893939393939394
chr12	69	18	1037.0	1.7357762777242043
chr12	70	23	1010.0	2.277227722772277
chr12	71	23	992.0	2.318548387096774
chr12	72	22	976.0	2.2540983606557377
chr12	73	14	956.0	1.4644351464435146
chr12	74	15	933.0	1.607717041800643
chr12	75	17	911.0	1.8660812294182216
chr12	76	15	886.0	1.6930022573363432
chr12	77	12	862.0	1.3921113689095126
chr12	78	10	845.0	1.183431952662722
chr12	79	22	823.0	2.67314702308627
chr12	80	20	803.0	2.4906600249066
chr12	81	15	783.0	1.9157088122605364
chr12	82	14	759.0	1.844532279314888
chr12	83	14	729.0	1.9204389574759946
chr12	84	6	705.0	0.851063829787234
chr12	85	10	680.0	1.4705882352941175
chr12	86	14	652.0	2.147239263803681
chr12	87	8	621.0	1.288244766505636
chr12	88	11	599.0	1.8363939899833055
chr12	89	4	582.0	0.6872852233676976
chr12	90	16	551.0	2.9038112522686026
chr12	91	7	531.0	1.3182674199623352
chr12	92	3	510.0	0.5882352941176471
chr12	93	6	482.0	1.2448132780082988
chr12	94	10	469.0	2.1321961620469083
chr12	95	6	445.0	1.348314606741573
chr12	96	7	428.0	1.6355140186915886
chr12	97	10	398.0	2.512562814070352
chr12	98	4	378.0	1.0582010582010581
chr12	99	5	362.0	1.3812154696132597
chr12	100	6	343.0	1.749271137026239
chr12	101	5	325.0	1.5384615384615385
chr12	102	2	305.0	0.6557377049180327
chr12	103	5	283.0	1.76678445229682
chr12	104	5	260.0	1.9230769230769231
chr12	105	5	234.0	2.1367521367521367
chr12	106	5	202.0	2.4752475247524752
chr12	107	4	177.0	2.2598870056497176
chr12	108	4	157.0	2.547770700636943
chr12	109	0	145.0	0.0
chr12	110	5	125.0	4.0
chr12	111	1	103.0	0.9708737864077669
chr12	112	0	78.0	0.0
chr12	113	4	58.0	6.896551724137931
chr12	114	0	41.0	0.0
chr12	115	1	26.0	3.8461538461538463
chr12	116	0	11.0	0.0
chr12	117	0	0.0	nan
chr12	118	0	0.0	nan
chr12	119	0	0.0	nan
chr12	120	0	0.0	nan
chr12	121	0	0.0	nan
chr12	122	0	0.0	nan
chr12	123	0	0.0	nan
chr12	124	0	0.0	nan
chr12	125	0	0.0	nan
chr12	126	0	0.0	nan
chr12	127	0	0.0	nan
chr12	128	0	0.0	nan
chr12	129	0	0.0	nan
chr12	130	0	0.0	nan
chr12	131	0	0.0	nan
chr12	132	0	0.0	nan
chr12	133	0	0.0	nan
chr12	134	0	0.0	nan
chr13	-131	0	1.0	0.0
chr13	-130	0	3.0	0.0
chr13	-129	0	7.0	0.0
chr13	-128	0	11.0	0.0
chr13	-127	0	19.0	0.0
chr13	-126	0	24.0	0.0
chr13	-125	1	29.0	3.4482758620689653
chr13	-124	0	39.0	0.0
chr13	-123	1	55.0	1.8181818181818181
chr13	-122	0	63.0	0.0
chr13	-121	0	70.0	0.0
chr13	-120	0	78.0	0.0
chr13	-119	0	86.0	0.0
chr13	-118	0	95.0	0.0
chr13	-117	0	105.0	0.0
chr13	-116	0	108.0	0.0
chr13	-115	0	121.0	0.0
chr13	-114	1	129.0	0.7751937984496124
chr13	-113	0	136.0	0.0
chr13	-112	0	148.0	0.0
chr13	-111	1	156.0	0.641025641025641
chr13	-110	0	175.0	0.0
chr13	-109	0	183.0	0.0
chr13	-108	0	191.0	0.0
chr13	-107	0	199.0	0.0
chr13	-106	0	209.0	0.0
chr13	-105	0	215.0	0.0
chr13	-104	0	221.0	0.0
chr13	-103	1	232.0	0.43103448275862066
chr13	-102	0	246.0	0.0
chr13	-101	0	255.0	0.0
chr13	-100	0	271.0	0.0
chr13	-99	0	278.0	0.0
chr13	-98	0	291.0	0.0
chr13	-97	0	301.0	0.0
chr13	-96	0	308.0	0.0
chr13	-95	0	320.0	0.0
chr13	-94	0	328.0	0.0
chr13	-93	0	338.0	0.0
chr13	-92	1	344.0	0.29069767441860467
chr13	-91	0	355.0	0.0
chr13	-90	0	364.0	0.0
chr13	-89	1	379.0	0.2638522427440633
chr13	-88	0	386.0	0.0
chr13	-87	1	395.0	0.25316455696202533
chr13	-86	0	405.0	0.0
chr13	-85	3	413.0	0.7263922518159807
chr13	-84	1	418.0	0.23923444976076555
chr13	-83	0	429.0	0.0
chr13	-82	0	438.0	0.0
chr13	-81	1	451.0	0.22172949002217296
chr13	-80	0	458.0	0.0
chr13	-79	0	473.0	0.0
chr13	-78	0	478.0	0.0
chr13	-77	1	491.0	0.20366598778004072
chr13	-76	0	501.0	0.0
chr13	-75	1	512.0	0.1953125
chr13	-74	0	519.0	0.0
chr13	-73	0	531.0	0.0
chr13	-72	3	537.0	0.5586592178770949
chr13	-71	0	545.0	0.0
chr13	-70	0	554.0	0.0
chr13	-69	0	568.0	0.0
chr13	-68	3	578.0	0.5190311418685121
chr13	-67	0	585.0	0.0
chr13	-66	1	598.0	0.16722408026755853
chr13	-65	3	611.0	0.4909983633387889
chr13	-64	0	624.0	0.0
chr13	-63	1	635.0	0.15748031496062992
chr13	-62	0	645.0	0.0
chr13	-61	0	652.0	0.0
chr13	-60	1	659.0	0.15174506828528073
chr13	-59	1	670.0	0.1492537313432836
chr13	-58	2	678.0	0.2949852507374631
chr13	-57	0	687.0	0.0
chr13	-56	1	694.0	0.1440922190201729
chr13	-55	1	698.0	0.14326647564469913
chr13	-54	2	704.0	0.2840909090909091
chr13	-53	2	712.0	0.2808988764044944
chr13	-52	0	717.0	0.0
chr13	-51	15	727.0	2.063273727647868
chr13	-50	1	731.0	0.13679890560875513
chr13	-49	0	738.0	0.0
chr13	-48	5	755.0	0.6622516556291391
chr13	-47	1	764.0	0.13089005235602094
chr13	-46	0	780.0	0.0
chr13	-45	0	794.0	0.0
chr13	-44	0	801.0	0.0
chr13	-43	6	811.0	0.7398273736128237
chr13	-42	0	821.0	0.0
chr13	-41	2	828.0	0.24154589371980675
chr13	-40	0	838.0	0.0
chr13	-39	15	850.0	1.7647058823529411
chr13	-38	0	858.0	0.0
chr13	-37	0	871.0	0.0
chr13	-36	1	883.0	0.11325028312570783
chr13	-35	1	895.0	0.11173184357541899
chr13	-34	0	905.0	0.0
chr13	-33	3	918.0	0.32679738562091504
chr13	-32	2	927.0	0.2157497303128371
chr13	-31	2	936.0	0.2136752136752137
chr13	-30	9	947.0	0.9503695881731784
chr13	-29	6	957.0	0.6269592476489028
chr13	-28	1	970.0	0.10309278350515465
chr13	-27	5	975.0	0.5128205128205128
chr13	-26	7	987.0	0.7092198581560284
chr13	-25	3	992.0	0.3024193548387097
chr13	-24	0	1007.0	0.0
chr13	-23	3	1013.0	0.29615004935834155
chr13	-22	0	1023.0	0.0
chr13	-21	4	1038.0	0.3853564547206166
chr13	-20	8	1049.0	0.7626310772163966
chr13	-19	1	1063.0	0.09407337723424271
chr13	-18	2	1067.0	0.18744142455482662
chr13	-17	2	1072.0	0.18656716417910446
chr13	-16	1	1080.0	0.0925925925925926
chr13	-15	2	1082.0	0.18484288354898337
chr13	-14	1	1090.0	0.09174311926605505
chr13	-13	7	1099.0	0.6369426751592357
chr13	-12	4	1111.0	0.36003600360036003
chr13	-11	3	1117.0	0.26857654431512984
chr13	-10	4	1125.0	0.35555555555555557
chr13	-9	2	1125.0	0.17777777777777778
chr13	-8	9	1124.0	0.800711743772242
chr13	-7	2	1125.0	0.17777777777777778
chr13	-6	10	1125.0	0.8888888888888888
chr13	-5	3	1125.0	0.26666666666666666
chr13	-4	5	1125.0	0.4444444444444444
chr13	-3	3	1125.0	0.26666666666666666
chr13	-2	4	1108.0	0.36101083032490977
chr13	-1	40	1079.0	3.707136237256719
chr13	0	80	922.0	8.676789587852495
chr13	1	15	927.0	1.6181229773462782
chr13	2	30	938.0	3.1982942430703627
chr13	3	21	933.0	2.2508038585209005
chr13	4	15	932.0	1.6094420600858368
chr13	5	22	929.0	2.3681377825618943
chr13	6	12	919.0	1.3057671381936888
chr13	7	30	907.0	3.307607497243661
chr13	8	19	897.0	2.118171683389075
chr13	9	16	887.0	1.8038331454340473
chr13	10	19	882.0	2.1541950113378685
chr13	11	17	875.0	1.9428571428571426
chr13	12	24	865.0	2.7745664739884393
chr13	13	10	857.0	1.1668611435239207
chr13	14	16	847.0	1.8890200708382525
chr13	15	29	838.0	3.4606205250596656
chr13	16	13	833.0	1.56062424969988
chr13	17	23	823.0	2.7946537059538272
chr13	18	26	812.0	3.201970443349754
chr13	19	17	804.0	2.1144278606965177
chr13	20	21	797.0	2.6348808030112925
chr13	21	13	786.0	1.653944020356234
chr13	22	13	778.0	1.6709511568123392
chr13	23	24	775.0	3.096774193548387
chr13	24	20	763.0	2.621231979030144
chr13	25	19	743.0	2.557200538358008
chr13	26	15	737.0	2.03527815468114
chr13	27	16	728.0	2.197802197802198
chr13	28	16	720.0	2.2222222222222223
chr13	29	18	715.0	2.5174825174825175
chr13	30	11	710.0	1.5492957746478873
chr13	31	13	696.0	1.8678160919540232
chr13	32	13	684.0	1.9005847953216373
chr13	33	24	679.0	3.5346097201767304
chr13	34	9	673.0	1.337295690936107
chr13	35	10	668.0	1.4970059880239521
chr13	36	14	660.0	2.1212121212121215
chr13	37	30	649.0	4.622496147919876
chr13	38	15	640.0	2.34375
chr13	39	15	627.0	2.3923444976076556
chr13	40	16	623.0	2.568218298555377
chr13	41	13	608.0	2.138157894736842
chr13	42	22	597.0	3.6850921273031827
chr13	43	21	594.0	3.535353535353535
chr13	44	5	586.0	0.8532423208191127
chr13	45	14	582.0	2.405498281786942
chr13	46	5	565.0	0.8849557522123894
chr13	47	22	560.0	3.9285714285714284
chr13	48	12	555.0	2.1621621621621623
chr13	49	8	541.0	1.478743068391867
chr13	50	10	532.0	1.8796992481203008
chr13	51	12	527.0	2.2770398481973433
chr13	52	9	522.0	1.7241379310344827
chr13	53	10	510.0	1.9607843137254901
chr13	54	7	505.0	1.3861386138613863
chr13	55	12	502.0	2.3904382470119523
chr13	56	6	497.0	1.2072434607645874
chr13	57	18	480.0	3.75
chr13	58	14	470.0	2.9787234042553195
chr13	59	14	464.0	3.0172413793103448
chr13	60	14	459.0	3.0501089324618738
chr13	61	9	447.0	2.013422818791946
chr13	62	9	433.0	2.0785219399538106
chr13	63	14	422.0	3.3175355450236967
chr13	64	8	414.0	1.932367149758454
chr13	65	13	409.0	3.1784841075794623
chr13	66	12	401.0	2.9925187032418954
chr13	67	19	395.0	4.810126582278481
chr13	68	5	392.0	1.2755102040816326
chr13	69	7	387.0	1.8087855297157622
chr13	70	23	383.0	6.005221932114883
chr13	71	7	376.0	1.8617021276595744
chr13	72	7	372.0	1.881720430107527
chr13	73	14	363.0	3.8567493112947657
chr13	74	3	355.0	0.8450704225352111
chr13	75	10	349.0	2.865329512893983
chr13	76	6	343.0	1.749271137026239
chr13	77	5	335.0	1.4925373134328357
chr13	78	9	325.0	2.769230769230769
chr13	79	10	318.0	3.1446540880503147
chr13	80	7	305.0	2.2950819672131146
chr13	81	6	291.0	2.0618556701030926
chr13	82	5	280.0	1.7857142857142856
chr13	83	6	274.0	2.18978102189781
chr13	84	8	264.0	3.0303030303030303
chr13	85	2	257.0	0.7782101167315175
chr13	86	0	245.0	0.0
chr13	87	4	236.0	1.694915254237288
chr13	88	4	227.0	1.762114537444934
chr13	89	6	221.0	2.7149321266968327
chr13	90	6	214.0	2.803738317757009
chr13	91	5	206.0	2.4271844660194173
chr13	92	4	192.0	2.083333333333333
chr13	93	1	183.0	0.546448087431694
chr13	94	5	171.0	2.923976608187134
chr13	95	5	166.0	3.0120481927710845
chr13	96	0	156.0	0.0
chr13	97	4	149.0	2.684563758389262
chr13	98	2	139.0	1.4388489208633095
chr13	99	1	135.0	0.7407407407407408
chr13	100	5	129.0	3.875968992248062
chr13	101	2	122.0	1.639344262295082
chr13	102	1	115.0	0.8695652173913043
chr13	103	3	103.0	2.912621359223301
chr13	104	0	97.0	0.0
chr13	105	1	85.0	1.1764705882352942
chr13	106	3	78.0	3.8461538461538463
chr13	107	1	64.0	1.5625
chr13	108	2	57.0	3.508771929824561
chr13	109	0	51.0	0.0
chr13	110	0	49.0	0.0
chr13	111	0	43.0	0.0
chr13	112	0	33.0	0.0
chr13	113	0	24.0	0.0
chr13	114	0	18.0	0.0
chr13	115	0	12.0	0.0
chr13	116	0	2.0	0.0
chr13	117	0	0.0	nan
chr13	118	0	0.0	nan
chr13	119	0	0.0	nan
chr13	120	0	0.0	nan
chr13	121	0	0.0	nan
chr13	122	0	0.0	nan
chr13	123	0	0.0	nan
chr13	124	0	0.0	nan
chr13	125	0	0.0	nan
chr13	126	0	0.0	nan
chr13	127	0	0.0	nan
chr13	128	0	0.0	nan
chr13	129	0	0.0	nan
chr14	-130	0	1.0	0.0
chr14	-129	0	4.0	0.0
chr14	-128	0	6.0	0.0
chr14	-127	0	14.0	0.0
chr14	-126	0	20.0	0.0
chr14	-125	0	28.0	0.0
chr14	-124	0	42.0	0.0
chr14	-123	0	48.0	0.0
chr14	-122	0	54.0	0.0
chr14	-121	0	58.0	0.0
chr14	-120	0	62.0	0.0
chr14	-119	0	67.0	0.0
chr14	-118	0	71.0	0.0
chr14	-117	1	86.0	1.1627906976744187
chr14	-116	0	97.0	0.0
chr14	-115	0	99.0	0.0
chr14	-114	0	107.0	0.0
chr14	-113	0	117.0	0.0
chr14	-112	3	127.0	2.3622047244094486
chr14	-111	0	131.0	0.0
chr14	-110	0	139.0	0.0
chr14	-109	0	150.0	0.0
chr14	-108	0	154.0	0.0
chr14	-107	0	160.0	0.0
chr14	-106	0	163.0	0.0
chr14	-105	0	167.0	0.0
chr14	-104	0	177.0	0.0
chr14	-103	5	187.0	2.6737967914438503
chr14	-102	1	196.0	0.5102040816326531
chr14	-101	0	205.0	0.0
chr14	-100	0	213.0	0.0
chr14	-99	0	222.0	0.0
chr14	-98	0	225.0	0.0
chr14	-97	0	229.0	0.0
chr14	-96	1	239.0	0.41841004184100417
chr14	-95	0	245.0	0.0
chr14	-94	1	255.0	0.39215686274509803
chr14	-93	1	266.0	0.37593984962406013
chr14	-92	5	278.0	1.7985611510791366
chr14	-91	4	282.0	1.4184397163120568
chr14	-90	1	283.0	0.35335689045936397
chr14	-89	2	290.0	0.6896551724137931
chr14	-88	0	298.0	0.0
chr14	-87	1	307.0	0.32573289902280134
chr14	-86	0	314.0	0.0
chr14	-85	0	322.0	0.0
chr14	-84	12	328.0	3.6585365853658534
chr14	-83	0	339.0	0.0
chr14	-82	0	347.0	0.0
chr14	-81	0	357.0	0.0
chr14	-80	1	360.0	0.2777777777777778
chr14	-79	0	369.0	0.0
chr14	-78	0	377.0	0.0
chr14	-77	2	384.0	0.5208333333333333
chr14	-76	0	393.0	0.0
chr14	-75	2	399.0	0.5012531328320802
chr14	-74	1	414.0	0.24154589371980675
chr14	-73	1	421.0	0.23752969121140144
chr14	-72	1	430.0	0.23255813953488372
chr14	-71	0	439.0	0.0
chr14	-70	1	448.0	0.2232142857142857
chr14	-69	0	451.0	0.0
chr14	-68	0	457.0	0.0
chr14	-67	1	462.0	0.21645021645021645
chr14	-66	1	474.0	0.21097046413502107
chr14	-65	2	481.0	0.4158004158004158
chr14	-64	1	495.0	0.20202020202020202
chr14	-63	6	500.0	1.2
chr14	-62	0	510.0	0.0
chr14	-61	0	520.0	0.0
chr14	-60	3	529.0	0.5671077504725899
chr14	-59	0	537.0	0.0
chr14	-58	1	545.0	0.1834862385321101
chr14	-57	0	558.0	0.0
chr14	-56	0	570.0	0.0
chr14	-55	2	577.0	0.34662045060658575
chr14	-54	3	585.0	0.5128205128205128
chr14	-53	0	589.0	0.0
chr14	-52	1	595.0	0.16806722689075632
chr14	-51	2	602.0	0.33222591362126247
chr14	-50	2	615.0	0.3252032520325203
chr14	-49	1	623.0	0.16051364365971107
chr14	-48	0	629.0	0.0
chr14	-47	2	632.0	0.31645569620253167
chr14	-46	0	638.0	0.0
chr14	-45	1	650.0	0.15384615384615385
chr14	-44	2	662.0	0.3021148036253776
chr14	-43	4	666.0	0.6006006006006006
chr14	-42	1	680.0	0.14705882352941177
chr14	-41	3	688.0	0.436046511627907
chr14	-40	1	693.0	0.1443001443001443
chr14	-39	7	704.0	0.9943181818181818
chr14	-38	0	714.0	0.0
chr14	-37	0	720.0	0.0
chr14	-36	0	731.0	0.0
chr14	-35	2	745.0	0.2684563758389262
chr14	-34	2	750.0	0.26666666666666666
chr14	-33	9	767.0	1.1734028683181226
chr14	-32	1	774.0	0.12919896640826875
chr14	-31	0	788.0	0.0
chr14	-30	0	795.0	0.0
chr14	-29	0	803.0	0.0
chr14	-28	4	808.0	0.49504950495049505
chr14	-27	1	817.0	0.12239902080783352
chr14	-26	1	820.0	0.12195121951219512
chr14	-25	1	827.0	0.12091898428053204
chr14	-24	2	835.0	0.23952095808383234
chr14	-23	7	840.0	0.8333333333333334
chr14	-22	4	844.0	0.47393364928909953
chr14	-21	0	849.0	0.0
chr14	-20	2	857.0	0.2333722287047841
chr14	-19	1	868.0	0.1152073732718894
chr14	-18	0	875.0	0.0
chr14	-17	1	881.0	0.11350737797956867
chr14	-16	2	891.0	0.22446689113355783
chr14	-15	2	903.0	0.22148394241417496
chr14	-14	1	913.0	0.10952902519167579
chr14	-13	5	916.0	0.5458515283842794
chr14	-12	4	924.0	0.4329004329004329
chr14	-11	8	927.0	0.8629989212513484
chr14	-10	5	936.0	0.5341880341880342
chr14	-9	2	936.0	0.2136752136752137
chr14	-8	8	936.0	0.8547008547008548
chr14	-7	5	935.0	0.53475935828877
chr14	-6	5	935.0	0.53475935828877
chr14	-5	3	935.0	0.32085561497326204
chr14	-4	7	934.0	0.7494646680942184
chr14	-3	3	934.0	0.32119914346895073
chr14	-2	3	934.0	0.32119914346895073
chr14	-1	39	923.0	4.225352112676056
chr14	0	44	732.0	6.0109289617486334
chr14	1	15	751.0	1.9973368841544608
chr14	2	16	751.0	2.130492676431425
chr14	3	25	743.0	3.3647375504710633
chr14	4	11	745.0	1.476510067114094
chr14	5	14	738.0	1.8970189701897018
chr14	6	30	721.0	4.160887656033287
chr14	7	29	707.0	4.101838755304102
chr14	8	6	703.0	0.8534850640113799
chr14	9	13	699.0	1.859799713876967
chr14	10	11	693.0	1.5873015873015872
chr14	11	19	687.0	2.7656477438136826
chr14	12	12	680.0	1.7647058823529411
chr14	13	20	673.0	2.9717682020802374
chr14	14	13	668.0	1.9461077844311379
chr14	15	12	665.0	1.8045112781954888
chr14	16	6	656.0	0.9146341463414633
chr14	17	8	651.0	1.228878648233487
chr14	18	15	640.0	2.34375
chr14	19	11	635.0	1.7322834645669292
chr14	20	17	629.0	2.7027027027027026
chr14	21	11	626.0	1.7571884984025559
chr14	22	9	616.0	1.461038961038961
chr14	23	9	606.0	1.4851485148514851
chr14	24	7	594.0	1.1784511784511784
chr14	25	16	589.0	2.7164685908319184
chr14	26	9	582.0	1.5463917525773196
chr14	27	10	572.0	1.7482517482517483
chr14	28	9	567.0	1.5873015873015872
chr14	29	11	563.0	1.9538188277087036
chr14	30	10	559.0	1.7889087656529516
chr14	31	13	549.0	2.3679417122040074
chr14	32	21	547.0	3.8391224862888484
chr14	33	7	539.0	1.2987012987012987
chr14	34	10	531.0	1.8832391713747645
chr14	35	8	527.0	1.5180265654648957
chr14	36	8	525.0	1.5238095238095237
chr14	37	5	520.0	0.9615384615384616
chr14	38	15	511.0	2.935420743639922
chr14	39	7	504.0	1.3888888888888888
chr14	40	13	497.0	2.61569416498994
chr14	41	6	493.0	1.2170385395537524
chr14	42	8	488.0	1.639344262295082
chr14	43	9	481.0	1.8711018711018712
chr14	44	6	471.0	1.2738853503184715
chr14	45	14	465.0	3.010752688172043
chr14	46	8	458.0	1.7467248908296942
chr14	47	8	450.0	1.7777777777777777
chr14	48	2	444.0	0.45045045045045046
chr14	49	10	439.0	2.277904328018223
chr14	50	8	429.0	1.8648018648018647
chr14	51	6	422.0	1.4218009478672986
chr14	52	5	416.0	1.201923076923077
chr14	53	8	410.0	1.951219512195122
chr14	54	7	403.0	1.7369727047146404
chr14	55	3	396.0	0.7575757575757576
chr14	56	3	390.0	0.7692307692307693
chr14	57	7	388.0	1.804123711340206
chr14	58	4	386.0	1.0362694300518136
chr14	59	7	380.0	1.8421052631578945
chr14	60	7	373.0	1.876675603217158
chr14	61	5	363.0	1.3774104683195594
chr14	62	1	358.0	0.27932960893854747
chr14	63	6	349.0	1.7191977077363898
chr14	64	5	337.0	1.483679525222552
chr14	65	8	326.0	2.4539877300613497
chr14	66	4	322.0	1.2422360248447204
chr14	67	4	318.0	1.257861635220126
chr14	68	3	308.0	0.974025974025974
chr14	69	5	299.0	1.6722408026755853
chr14	70	2	293.0	0.6825938566552902
chr14	71	2	286.0	0.6993006993006993
chr14	72	5	281.0	1.7793594306049825
chr14	73	9	272.0	3.308823529411765
chr14	74	3	268.0	1.1194029850746268
chr14	75	6	260.0	2.307692307692308
chr14	76	5	254.0	1.968503937007874
chr14	77	8	250.0	3.2
chr14	78	8	242.0	3.3057851239669422
chr14	79	6	238.0	2.5210084033613445
chr14	80	3	231.0	1.2987012987012987
chr14	81	3	227.0	1.3215859030837005
chr14	82	1	218.0	0.45871559633027525
chr14	83	8	212.0	3.7735849056603774
chr14	84	3	206.0	1.4563106796116505
chr14	85	1	198.0	0.5050505050505051
chr14	86	4	193.0	2.072538860103627
chr14	87	3	185.0	1.6216216216216217
chr14	88	2	181.0	1.1049723756906076
chr14	89	6	174.0	3.4482758620689653
chr14	90	7	167.0	4.191616766467066
chr14	91	3	154.0	1.948051948051948
chr14	92	2	143.0	1.3986013986013985
chr14	93	0	137.0	0.0
chr14	94	4	130.0	3.076923076923077
chr14	95	2	122.0	1.639344262295082
chr14	96	1	112.0	0.8928571428571428
chr14	97	1	110.0	0.9090909090909091
chr14	98	2	108.0	1.8518518518518516
chr14	99	1	100.0	1.0
chr14	100	1	93.0	1.0752688172043012
chr14	101	2	90.0	2.2222222222222223
chr14	102	2	82.0	2.4390243902439024
chr14	103	1	78.0	1.282051282051282
chr14	104	1	73.0	1.36986301369863
chr14	105	0	71.0	0.0
chr14	106	0	64.0	0.0
chr14	107	1	59.0	1.694915254237288
chr14	108	1	54.0	1.8518518518518516
chr14	109	1	43.0	2.3255813953488373
chr14	110	0	35.0	0.0
chr14	111	0	30.0	0.0
chr14	112	1	24.0	4.166666666666666
chr14	113	0	16.0	0.0
chr14	114	0	13.0	0.0
chr14	115	0	5.0	0.0
chr14	116	0	3.0	0.0
chr14	117	0	0.0	nan
chr14	118	0	0.0	nan
chr14	119	0	0.0	nan
chr14	120	0	0.0	nan
chr14	121	0	0.0	nan
chr14	122	0	0.0	nan
chr14	123	0	0.0	nan
chr14	124	0	0.0	nan
chr14	125	0	0.0	nan
chr14	126	0	0.0	nan
chr14	127	0	0.0	nan
chr14	128	0	0.0	nan
chr14	129	0	0.0	nan
chr14	130	0	0.0	nan
chr14	131	0	0.0	nan
chr14	132	0	0.0	nan
chr15	-135	0	1.0	0.0
chr15	-134	0	1.0	0.0
chr15	-133	0	1.0	0.0
chr15	-132	0	2.0	0.0
chr15	-131	0	4.0	0.0
chr15	-130	0	7.0	0.0
chr15	-129	0	15.0	0.0
chr15	-128	0	24.0	0.0
chr15	-127	0	35.0	0.0
chr15	-126	0	48.0	0.0
chr15	-125	0	63.0	0.0
chr15	-124	0	77.0	0.0
chr15	-123	0	96.0	0.0
chr15	-122	0	116.0	0.0
chr15	-121	0	135.0	0.0
chr15	-120	0	148.0	0.0
chr15	-119	4	174.0	2.2988505747126435
chr15	-118	1	193.0	0.5181347150259068
chr15	-117	1	214.0	0.46728971962616817
chr15	-116	1	234.0	0.4273504273504274
chr15	-115	1	255.0	0.39215686274509803
chr15	-114	0	270.0	0.0
chr15	-113	0	290.0	0.0
chr15	-112	1	311.0	0.3215434083601286
chr15	-111	0	334.0	0.0
chr15	-110	0	358.0	0.0
chr15	-109	0	371.0	0.0
chr15	-108	1	390.0	0.2564102564102564
chr15	-107	0	416.0	0.0
chr15	-106	0	430.0	0.0
chr15	-105	0	454.0	0.0
chr15	-104	1	476.0	0.21008403361344538
chr15	-103	0	492.0	0.0
chr15	-102	1	504.0	0.1984126984126984
chr15	-101	0	524.0	0.0
chr15	-100	0	538.0	0.0
chr15	-99	0	553.0	0.0
chr15	-98	0	583.0	0.0
chr15	-97	3	600.0	0.5
chr15	-96	1	625.0	0.16
chr15	-95	1	647.0	0.1545595054095827
chr15	-94	1	661.0	0.15128593040847202
chr15	-93	3	682.0	0.43988269794721413
chr15	-92	2	699.0	0.28612303290414876
chr15	-91	0	719.0	0.0
chr15	-90	1	734.0	0.13623978201634876
chr15	-89	4	766.0	0.5221932114882507
chr15	-88	1	792.0	0.12626262626262627
chr15	-87	1	815.0	0.1226993865030675
chr15	-86	2	836.0	0.23923444976076555
chr15	-85	4	848.0	0.4716981132075472
chr15	-84	0	869.0	0.0
chr15	-83	2	895.0	0.22346368715083798
chr15	-82	1	914.0	0.10940919037199125
chr15	-81	0	930.0	0.0
chr15	-80	4	947.0	0.42238648363252373
chr15	-79	1	968.0	0.10330578512396695
chr15	-78	5	985.0	0.5076142131979695
chr15	-77	0	1001.0	0.0
chr15	-76	0	1019.0	0.0
chr15	-75	0	1037.0	0.0
chr15	-74	5	1053.0	0.4748338081671415
chr15	-73	3	1072.0	0.2798507462686567
chr15	-72	3	1094.0	0.2742230347349177
chr15	-71	2	1111.0	0.18001800180018002
chr15	-70	2	1131.0	0.17683465959328026
chr15	-69	0	1143.0	0.0
chr15	-68	2	1162.0	0.17211703958691912
chr15	-67	7	1179.0	0.5937234944868532
chr15	-66	2	1198.0	0.1669449081803005
chr15	-65	3	1218.0	0.24630541871921183
chr15	-64	2	1245.0	0.1606425702811245
chr15	-63	1	1261.0	0.07930214115781126
chr15	-62	3	1287.0	0.2331002331002331
chr15	-61	0	1310.0	0.0
chr15	-60	6	1332.0	0.45045045045045046
chr15	-59	0	1357.0	0.0
chr15	-58	2	1372.0	0.1457725947521866
chr15	-57	2	1393.0	0.14357501794687724
chr15	-56	0	1418.0	0.0
chr15	-55	1	1439.0	0.06949270326615706
chr15	-54	2	1462.0	0.13679890560875513
chr15	-53	16	1485.0	1.0774410774410774
chr15	-52	2	1509.0	0.13253810470510272
chr15	-51	5	1530.0	0.32679738562091504
chr15	-50	1	1555.0	0.06430868167202572
chr15	-49	2	1588.0	0.12594458438287154
chr15	-48	4	1603.0	0.2495321272613849
chr15	-47	6	1624.0	0.3694581280788177
chr15	-46	11	1645.0	0.668693009118541
chr15	-45	5	1665.0	0.3003003003003003
chr15	-44	3	1685.0	0.17804154302670622
chr15	-43	1	1712.0	0.05841121495327102
chr15	-42	2	1732.0	0.11547344110854503
chr15	-41	5	1748.0	0.2860411899313501
chr15	-40	2	1762.0	0.11350737797956867
chr15	-39	1	1784.0	0.05605381165919283
chr15	-38	5	1807.0	0.2767017155506364
chr15	-37	5	1827.0	0.27367268746579093
chr15	-36	1	1849.0	0.05408328826392645
chr15	-35	1	1868.0	0.05353319057815846
chr15	-34	3	1883.0	0.15932023366967604
chr15	-33	1	1907.0	0.05243838489774515
chr15	-32	6	1923.0	0.31201248049922
chr15	-31	12	1940.0	0.6185567010309279
chr15	-30	5	1963.0	0.2547121752419766
chr15	-29	11	1984.0	0.5544354838709677
chr15	-28	3	2005.0	0.14962593516209477
chr15	-27	6	2022.0	0.2967359050445104
chr15	-26	7	2044.0	0.3424657534246575
chr15	-25	8	2066.0	0.3872216844143272
chr15	-24	6	2077.0	0.2888781896966779
chr15	-23	2	2087.0	0.09583133684714902
chr15	-22	2	2102.0	0.09514747859181732
chr15	-21	6	2124.0	0.2824858757062147
chr15	-20	4	2142.0	0.18674136321195145
chr15	-19	3	2157.0	0.13908205841446453
chr15	-18	11	2182.0	0.5041246562786434
chr15	-17	5	2207.0	0.22655188038060714
chr15	-16	8	2236.0	0.35778175313059035
chr15	-15	3	2251.0	0.13327410039982232
chr15	-14	7	2261.0	0.30959752321981426
chr15	-13	6	2282.0	0.26292725679228746
chr15	-12	6	2295.0	0.261437908496732
chr15	-11	4	2305.0	0.1735357917570499
chr15	-10	4	2323.0	0.17219113215669393
chr15	-9	11	2324.0	0.47332185886402756
chr15	-8	7	2324.0	0.30120481927710846
chr15	-7	22	2324.0	0.9466437177280551
chr15	-6	25	2301.0	1.086484137331595
chr15	-5	13	2308.0	0.5632582322357019
chr15	-4	24	2309.0	1.0394110004330879
chr15	-3	14	2291.0	0.6110868616324749
chr15	-2	53	2284.0	2.3204903677758315
chr15	-1	154	2243.0	6.865804725813643
chr15	0	173	1913.0	9.043387349712493
chr15	1	64	1981.0	3.2306915699141845
chr15	2	27	2001.0	1.3493253373313343
chr15	3	68	1987.0	3.4222445898339204
chr15	4	44	1962.0	2.2426095820591234
chr15	5	67	1940.0	3.4536082474226806
chr15	6	52	1923.0	2.704108164326573
chr15	7	41	1908.0	2.148846960167715
chr15	8	67	1881.0	3.5619351408825093
chr15	9	34	1863.0	1.8250134192163179
chr15	10	40	1849.0	2.1633315305570577
chr15	11	61	1830.0	3.3333333333333335
chr15	12	32	1815.0	1.7630853994490356
chr15	13	44	1796.0	2.4498886414253898
chr15	14	31	1783.0	1.7386427369601793
chr15	15	40	1763.0	2.2688598979013044
chr15	16	23	1744.0	1.3188073394495414
chr15	17	45	1728.0	2.604166666666667
chr15	18	34	1706.0	1.992966002344666
chr15	19	35	1685.0	2.0771513353115725
chr15	20	14	1666.0	0.8403361344537815
chr15	21	31	1651.0	1.877649909145972
chr15	22	42	1627.0	2.581438229870928
chr15	23	35	1603.0	2.1834061135371177
chr15	24	37	1598.0	2.3153942428035044
chr15	25	29	1581.0	1.8342820999367486
chr15	26	45	1566.0	2.8735632183908044
chr15	27	35	1548.0	2.260981912144703
chr15	28	30	1537.0	1.951854261548471
chr15	29	41	1506.0	2.7224435590969454
chr15	30	34	1487.0	2.2864828513786146
chr15	31	30	1469.0	2.042205582028591
chr15	32	21	1449.0	1.4492753623188406
chr15	33	23	1435.0	1.6027874564459932
chr15	34	26	1419.0	1.8322762508809023
chr15	35	17	1408.0	1.2073863636363635
chr15	36	21	1395.0	1.5053763440860215
chr15	37	31	1375.0	2.2545454545454544
chr15	38	26	1356.0	1.9174041297935103
chr15	39	24	1328.0	1.8072289156626504
chr15	40	25	1315.0	1.9011406844106464
chr15	41	49	1300.0	3.769230769230769
chr15	42	15	1280.0	1.171875
chr15	43	28	1262.0	2.218700475435816
chr15	44	34	1241.0	2.73972602739726
chr15	45	15	1221.0	1.2285012285012284
chr15	46	28	1206.0	2.321724709784411
chr15	47	34	1191.0	2.8547439126784218
chr15	48	20	1178.0	1.697792869269949
chr15	49	16	1162.0	1.376936316695353
chr15	50	14	1149.0	1.2184508268059182
chr15	51	12	1132.0	1.0600706713780919
chr15	52	33	1117.0	2.954341987466428
chr15	53	25	1100.0	2.272727272727273
chr15	54	17	1085.0	1.566820276497696
chr15	55	25	1075.0	2.3255813953488373
chr15	56	18	1058.0	1.7013232514177694
chr15	57	15	1047.0	1.4326647564469914
chr15	58	20	1036.0	1.9305019305019304
chr15	59	19	1020.0	1.8627450980392157
chr15	60	19	1003.0	1.8943170488534395
chr15	61	32	984.0	3.2520325203252036
chr15	62	10	964.0	1.0373443983402488
chr15	63	23	945.0	2.433862433862434
chr15	64	22	928.0	2.3706896551724137
chr15	65	18	910.0	1.9780219780219779
chr15	66	22	893.0	2.463605823068309
chr15	67	17	874.0	1.9450800915331807
chr15	68	9	847.0	1.062573789846517
chr15	69	15	831.0	1.8050541516245486
chr15	70	7	815.0	0.8588957055214724
chr15	71	13	795.0	1.6352201257861636
chr15	72	24	773.0	3.1047865459249677
chr15	73	16	760.0	2.1052631578947367
chr15	74	9	737.0	1.2211668928086838
chr15	75	6	718.0	0.8356545961002786
chr15	76	10	693.0	1.443001443001443
chr15	77	12	672.0	1.7857142857142856
chr15	78	12	646.0	1.8575851393188854
chr15	79	12	637.0	1.8838304552590266
chr15	80	9	620.0	1.4516129032258065
chr15	81	8	605.0	1.322314049586777
chr15	82	4	590.0	0.6779661016949152
chr15	83	17	573.0	2.966841186736475
chr15	84	9	553.0	1.62748643761302
chr15	85	7	529.0	1.3232514177693762
chr15	86	10	511.0	1.9569471624266144
chr15	87	8	500.0	1.6
chr15	88	12	474.0	2.5316455696202533
chr15	89	5	464.0	1.0775862068965518
chr15	90	7	444.0	1.5765765765765765
chr15	91	11	423.0	2.6004728132387704
chr15	92	7	404.0	1.7326732673267329
chr15	93	2	386.0	0.5181347150259068
chr15	94	6	367.0	1.6348773841961852
chr15	95	1	352.0	0.2840909090909091
chr15	96	9	338.0	2.6627218934911245
chr15	97	4	317.0	1.2618296529968454
chr15	98	2	301.0	0.6644518272425249
chr15	99	3	276.0	1.0869565217391304
chr15	100	1	266.0	0.37593984962406013
chr15	101	8	249.0	3.2128514056224895
chr15	102	4	233.0	1.7167381974248928
chr15	103	6	215.0	2.7906976744186047
chr15	104	1	202.0	0.49504950495049505
chr15	105	3	188.0	1.5957446808510638
chr15	106	1	169.0	0.591715976331361
chr15	107	2	158.0	1.2658227848101267
chr15	108	1	137.0	0.7299270072992701
chr15	109	1	113.0	0.8849557522123894
chr15	110	4	90.0	4.444444444444445
chr15	111	0	69.0	0.0
chr15	112	0	58.0	0.0
chr15	113	0	42.0	0.0
chr15	114	0	22.0	0.0
chr15	115	1	15.0	6.666666666666667
chr15	116	0	9.0	0.0
chr15	117	0	0.0	nan
chr15	118	0	0.0	nan
chr15	119	0	0.0	nan
chr15	120	0	0.0	nan
chr15	121	0	0.0	nan
chr15	122	0	0.0	nan
chr15	123	0	0.0	nan
chr15	124	0	0.0	nan
chr15	125	0	0.0	nan
chr15	126	0	0.0	nan
chr15	127	0	0.0	nan
chr15	128	0	0.0	nan
chr15	129	0	0.0	nan
chr15	130	0	0.0	nan
chr15	131	0	0.0	nan
chr16	-131	0	2.0	0.0
chr16	-130	0	5.0	0.0
chr16	-129	0	11.0	0.0
chr16	-128	0	18.0	0.0
chr16	-127	0	31.0	0.0
chr16	-126	0	46.0	0.0
chr16	-125	0	63.0	0.0
chr16	-124	0	71.0	0.0
chr16	-123	0	78.0	0.0
chr16	-122	0	94.0	0.0
chr16	-121	0	105.0	0.0
chr16	-120	0	126.0	0.0
chr16	-119	0	140.0	0.0
chr16	-118	0	163.0	0.0
chr16	-117	1	181.0	0.5524861878453038
chr16	-116	0	213.0	0.0
chr16	-115	1	228.0	0.43859649122807015
chr16	-114	0	245.0	0.0
chr16	-113	0	260.0	0.0
chr16	-112	0	277.0	0.0
chr16	-111	1	295.0	0.3389830508474576
chr16	-110	1	313.0	0.3194888178913738
chr16	-109	1	336.0	0.2976190476190476
chr16	-108	0	352.0	0.0
chr16	-107	0	370.0	0.0
chr16	-106	0	387.0	0.0
chr16	-105	0	405.0	0.0
chr16	-104	0	428.0	0.0
chr16	-103	2	452.0	0.4424778761061947
chr16	-102	0	463.0	0.0
chr16	-101	1	482.0	0.2074688796680498
chr16	-100	2	491.0	0.40733197556008144
chr16	-99	0	504.0	0.0
chr16	-98	1	526.0	0.19011406844106463
chr16	-97	0	542.0	0.0
chr16	-96	1	555.0	0.18018018018018017
chr16	-95	8	575.0	1.391304347826087
chr16	-94	3	598.0	0.5016722408026756
chr16	-93	0	616.0	0.0
chr16	-92	7	632.0	1.1075949367088607
chr16	-91	5	656.0	0.7621951219512195
chr16	-90	1	666.0	0.15015015015015015
chr16	-89	7	677.0	1.03397341211226
chr16	-88	1	705.0	0.14184397163120568
chr16	-87	2	726.0	0.27548209366391185
chr16	-86	2	742.0	0.2695417789757413
chr16	-85	1	759.0	0.13175230566534915
chr16	-84	1	776.0	0.12886597938144329
chr16	-83	1	788.0	0.12690355329949238
chr16	-82	1	807.0	0.12391573729863693
chr16	-81	4	826.0	0.48426150121065376
chr16	-80	2	845.0	0.2366863905325444
chr16	-79	0	865.0	0.0
chr16	-78	12	890.0	1.348314606741573
chr16	-77	2	907.0	0.2205071664829107
chr16	-76	1	932.0	0.1072961373390558
chr16	-75	1	948.0	0.10548523206751054
chr16	-74	3	970.0	0.30927835051546393
chr16	-73	6	983.0	0.6103763987792472
chr16	-72	8	1000.0	0.8
chr16	-71	0	1014.0	0.0
chr16	-70	6	1022.0	0.5870841487279843
chr16	-69	0	1045.0	0.0
chr16	-68	1	1064.0	0.09398496240601503
chr16	-67	6	1077.0	0.5571030640668524
chr16	-66	4	1097.0	0.3646308113035551
chr16	-65	2	1118.0	0.17889087656529518
chr16	-64	10	1137.0	0.8795074758135445
chr16	-63	0	1158.0	0.0
chr16	-62	7	1177.0	0.5947323704333051
chr16	-61	2	1203.0	0.1662510390689942
chr16	-60	2	1227.0	0.16299918500407498
chr16	-59	2	1246.0	0.16051364365971107
chr16	-58	4	1268.0	0.31545741324921134
chr16	-57	6	1277.0	0.4698512137823023
chr16	-56	2	1295.0	0.15444015444015444
chr16	-55	5	1312.0	0.38109756097560976
chr16	-54	2	1333.0	0.15003750937734434
chr16	-53	14	1351.0	1.0362694300518136
chr16	-52	21	1367.0	1.5362106803218727
chr16	-51	2	1384.0	0.1445086705202312
chr16	-50	0	1403.0	0.0
chr16	-49	8	1419.0	0.5637773079633545
chr16	-48	4	1441.0	0.2775850104094379
chr16	-47	4	1459.0	0.2741603838245374
chr16	-46	3	1484.0	0.20215633423180593
chr16	-45	8	1498.0	0.5340453938584779
chr16	-44	7	1512.0	0.4629629629629629
chr16	-43	2	1536.0	0.13020833333333331
chr16	-42	7	1550.0	0.4516129032258065
chr16	-41	5	1566.0	0.31928480204342274
chr16	-40	2	1591.0	0.1257071024512885
chr16	-39	3	1606.0	0.18679950186799502
chr16	-38	9	1621.0	0.5552128315854411
chr16	-37	0	1632.0	0.0
chr16	-36	3	1648.0	0.1820388349514563
chr16	-35	22	1667.0	1.3197360527894422
chr16	-34	2	1687.0	0.11855364552459988
chr16	-33	7	1700.0	0.411764705882353
chr16	-32	6	1719.0	0.34904013961605584
chr16	-31	4	1740.0	0.22988505747126436
chr16	-30	5	1753.0	0.2852253280091272
chr16	-29	23	1770.0	1.2994350282485876
chr16	-28	5	1785.0	0.2801120448179272
chr16	-27	10	1801.0	0.5552470849528041
chr16	-26	18	1835.0	0.9809264305177112
chr16	-25	10	1850.0	0.5405405405405406
chr16	-24	0	1859.0	0.0
chr16	-23	4	1872.0	0.2136752136752137
chr16	-22	2	1887.0	0.10598834128245893
chr16	-21	3	1905.0	0.15748031496062992
chr16	-20	7	1922.0	0.36420395421436
chr16	-19	2	1941.0	0.10303967027305513
chr16	-18	7	1961.0	0.35696073431922487
chr16	-17	9	1972.0	0.4563894523326572
chr16	-16	12	1985.0	0.6045340050377833
chr16	-15	15	1998.0	0.7507507507507507
chr16	-14	2	2008.0	0.099601593625498
chr16	-13	1	2025.0	0.04938271604938272
chr16	-12	12	2030.0	0.5911330049261084
chr16	-11	2	2045.0	0.09779951100244498
chr16	-10	7	2058.0	0.3401360544217687
chr16	-9	2	2059.0	0.09713453132588634
chr16	-8	2	2062.0	0.09699321047526674
chr16	-7	13	2061.0	0.6307617661329452
chr16	-6	5	2062.0	0.24248302618816686
chr16	-5	12	2057.0	0.583373845405931
chr16	-4	27	2046.0	1.3196480938416422
chr16	-3	9	2047.0	0.4396678065461651
chr16	-2	22	2028.0	1.0848126232741617
chr16	-1	142	1992.0	7.128514056224899
chr16	0	139	1636.0	8.49633251833741
chr16	1	42	1685.0	2.492581602373887
chr16	2	38	1685.0	2.2551928783382786
chr16	3	48	1685.0	2.8486646884272995
chr16	4	28	1675.0	1.671641791044776
chr16	5	40	1664.0	2.403846153846154
chr16	6	31	1649.0	1.879927228623408
chr16	7	29	1630.0	1.7791411042944787
chr16	8	41	1602.0	2.5593008739076155
chr16	9	24	1587.0	1.5122873345935728
chr16	10	57	1571.0	3.6282622533418207
chr16	11	43	1542.0	2.7885862516212714
chr16	12	20	1531.0	1.3063357282821686
chr16	13	38	1511.0	2.514890800794176
chr16	14	32	1487.0	2.151983860121049
chr16	15	39	1469.0	2.6548672566371683
chr16	16	24	1457.0	1.6472203157172274
chr16	17	21	1441.0	1.457321304649549
chr16	18	31	1418.0	2.1861777150916786
chr16	19	24	1404.0	1.7094017094017095
chr16	20	41	1390.0	2.9496402877697845
chr16	21	28	1376.0	2.0348837209302326
chr16	22	25	1360.0	1.8382352941176472
chr16	23	26	1346.0	1.9316493313521546
chr16	24	37	1339.0	2.7632561613144135
chr16	25	52	1321.0	3.936411809235428
chr16	26	34	1310.0	2.595419847328244
chr16	27	24	1295.0	1.8532818532818531
chr16	28	30	1282.0	2.3400936037441498
chr16	29	34	1261.0	2.696272799365583
chr16	30	15	1247.0	1.202886928628709
chr16	31	21	1230.0	1.707317073170732
chr16	32	35	1214.0	2.883031301482702
chr16	33	24	1197.0	2.0050125313283207
chr16	34	31	1178.0	2.631578947368421
chr16	35	30	1163.0	2.5795356835769563
chr16	36	20	1153.0	1.7346053772766694
chr16	37	25	1136.0	2.2007042253521125
chr16	38	30	1120.0	2.6785714285714284
chr16	39	19	1103.0	1.7225747960108795
chr16	40	15	1090.0	1.3761467889908259
chr16	41	21	1079.0	1.9462465245597778
chr16	42	14	1066.0	1.3133208255159476
chr16	43	18	1044.0	1.7241379310344827
chr16	44	15	1032.0	1.4534883720930232
chr16	45	15	1014.0	1.4792899408284024
chr16	46	20	999.0	2.002002002002002
chr16	47	28	986.0	2.839756592292089
chr16	48	25	973.0	2.5693730729701953
chr16	49	20	957.0	2.089864158829676
chr16	50	28	940.0	2.9787234042553195
chr16	51	42	927.0	4.53074433656958
chr16	52	28	910.0	3.076923076923077
chr16	53	22	893.0	2.463605823068309
chr16	54	19	876.0	2.1689497716894977
chr16	55	16	867.0	1.845444059976932
chr16	56	20	861.0	2.3228803716608595
chr16	57	28	847.0	3.3057851239669422
chr16	58	15	824.0	1.820388349514563
chr16	59	21	806.0	2.6054590570719602
chr16	60	12	794.0	1.5113350125944585
chr16	61	10	781.0	1.2804097311139564
chr16	62	21	765.0	2.7450980392156863
chr16	63	23	748.0	3.074866310160428
chr16	64	25	730.0	3.4246575342465753
chr16	65	18	710.0	2.535211267605634
chr16	66	19	693.0	2.7417027417027415
chr16	67	19	683.0	2.781844802342606
chr16	68	13	669.0	1.9431988041853512
chr16	69	21	653.0	3.215926493108729
chr16	70	10	643.0	1.5552099533437014
chr16	71	8	626.0	1.2779552715654952
chr16	72	16	612.0	2.6143790849673203
chr16	73	17	598.0	2.842809364548495
chr16	74	4	580.0	0.6896551724137931
chr16	75	11	568.0	1.936619718309859
chr16	76	9	548.0	1.6423357664233578
chr16	77	14	530.0	2.6415094339622645
chr16	78	12	512.0	2.34375
chr16	79	4	493.0	0.8113590263691683
chr16	80	11	478.0	2.301255230125523
chr16	81	5	471.0	1.0615711252653928
chr16	82	17	455.0	3.7362637362637363
chr16	83	11	439.0	2.5056947608200453
chr16	84	4	423.0	0.9456264775413712
chr16	85	7	407.0	1.71990171990172
chr16	86	9	395.0	2.278481012658228
chr16	87	14	377.0	3.7135278514588856
chr16	88	7	359.0	1.9498607242339834
chr16	89	11	351.0	3.133903133903134
chr16	90	9	340.0	2.6470588235294117
chr16	91	8	327.0	2.4464831804281344
chr16	92	6	313.0	1.9169329073482428
chr16	93	3	294.0	1.0204081632653061
chr16	94	13	285.0	4.56140350877193
chr16	95	7	271.0	2.5830258302583027
chr16	96	4	252.0	1.5873015873015872
chr16	97	4	243.0	1.646090534979424
chr16	98	8	231.0	3.463203463203463
chr16	99	4	216.0	1.8518518518518516
chr16	100	1	198.0	0.5050505050505051
chr16	101	3	183.0	1.639344262295082
chr16	102	5	173.0	2.8901734104046244
chr16	103	4	162.0	2.4691358024691357
chr16	104	3	150.0	2.0
chr16	105	3	134.0	2.2388059701492535
chr16	106	2	121.0	1.6528925619834711
chr16	107	0	110.0	0.0
chr16	108	2	93.0	2.1505376344086025
chr16	109	0	79.0	0.0
chr16	110	1	66.0	1.5151515151515151
chr16	111	1	55.0	1.8181818181818181
chr16	112	2	41.0	4.878048780487805
chr16	113	1	30.0	3.3333333333333335
chr16	114	0	17.0	0.0
chr16	115	0	12.0	0.0
chr16	116	1	3.0	33.33333333333333
chr16	117	0	0.0	nan
chr16	118	0	0.0	nan
chr16	119	0	0.0	nan
chr16	120	0	0.0	nan
chr16	121	0	0.0	nan
chr16	122	0	0.0	nan
chr16	123	0	0.0	nan
chr16	124	0	0.0	nan
chr16	125	0	0.0	nan
chr16	126	0	0.0	nan
chr16	127	0	0.0	nan
chr16	128	0	0.0	nan
chr16	129	0	0.0	nan
chr17	-132	0	1.0	0.0
chr17	-131	0	1.0	0.0
chr17	-130	0	6.0	0.0
chr17	-129	0	14.0	0.0
chr17	-128	0	24.0	0.0
chr17	-127	0	46.0	0.0
chr17	-126	0	74.0	0.0
chr17	-125	1	91.0	1.098901098901099
chr17	-124	0	110.0	0.0
chr17	-123	1	134.0	0.7462686567164178
chr17	-122	0	162.0	0.0
chr17	-121	1	192.0	0.5208333333333333
chr17	-120	0	228.0	0.0
chr17	-119	0	260.0	0.0
chr17	-118	0	279.0	0.0
chr17	-117	0	308.0	0.0
chr17	-116	0	334.0	0.0
chr17	-115	0	355.0	0.0
chr17	-114	0	383.0	0.0
chr17	-113	1	417.0	0.2398081534772182
chr17	-112	0	443.0	0.0
chr17	-111	0	476.0	0.0
chr17	-110	0	510.0	0.0
chr17	-109	0	530.0	0.0
chr17	-108	1	560.0	0.17857142857142858
chr17	-107	0	581.0	0.0
chr17	-106	1	600.0	0.16666666666666669
chr17	-105	1	628.0	0.15923566878980894
chr17	-104	0	650.0	0.0
chr17	-103	4	677.0	0.5908419497784343
chr17	-102	0	703.0	0.0
chr17	-101	0	742.0	0.0
chr17	-100	0	771.0	0.0
chr17	-99	0	803.0	0.0
chr17	-98	0	825.0	0.0
chr17	-97	4	851.0	0.4700352526439483
chr17	-96	3	878.0	0.3416856492027335
chr17	-95	7	901.0	0.776914539400666
chr17	-94	2	920.0	0.21739130434782608
chr17	-93	11	952.0	1.1554621848739497
chr17	-92	2	988.0	0.20242914979757085
chr17	-91	3	1014.0	0.2958579881656805
chr17	-90	1	1050.0	0.09523809523809523
chr17	-89	0	1077.0	0.0
chr17	-88	7	1108.0	0.631768953068592
chr17	-87	1	1134.0	0.08818342151675485
chr17	-86	2	1164.0	0.1718213058419244
chr17	-85	4	1194.0	0.33500837520938026
chr17	-84	3	1218.0	0.24630541871921183
chr17	-83	7	1236.0	0.5663430420711975
chr17	-82	1	1250.0	0.08
chr17	-81	0	1280.0	0.0
chr17	-80	2	1316.0	0.1519756838905775
chr17	-79	1	1344.0	0.0744047619047619
chr17	-78	1	1378.0	0.07256894049346879
chr17	-77	5	1403.0	0.3563791874554526
chr17	-76	9	1437.0	0.6263048016701461
chr17	-75	2	1460.0	0.136986301369863
chr17	-74	3	1490.0	0.20134228187919465
chr17	-73	1	1510.0	0.06622516556291391
chr17	-72	2	1545.0	0.12944983818770225
chr17	-71	0	1572.0	0.0
chr17	-70	4	1609.0	0.2486016159105034
chr17	-69	5	1637.0	0.3054367745876604
chr17	-68	2	1664.0	0.1201923076923077
chr17	-67	2	1693.0	0.11813349084465447
chr17	-66	1	1724.0	0.058004640371229696
chr17	-65	11	1752.0	0.6278538812785388
chr17	-64	3	1780.0	0.16853932584269662
chr17	-63	5	1808.0	0.27654867256637167
chr17	-62	1	1839.0	0.0543773790103317
chr17	-61	4	1863.0	0.2147074610842727
chr17	-60	15	1886.0	0.7953340402969247
chr17	-59	0	1911.0	0.0
chr17	-58	1	1943.0	0.0514668039114771
chr17	-57	2	1970.0	0.10152284263959391
chr17	-56	0	2001.0	0.0
chr17	-55	4	2027.0	0.19733596447952642
chr17	-54	2	2061.0	0.09704027171276079
chr17	-53	0	2094.0	0.0
chr17	-52	6	2127.0	0.2820874471086037
chr17	-51	3	2156.0	0.13914656771799627
chr17	-50	15	2183.0	0.6871278057718736
chr17	-49	5	2207.0	0.22655188038060714
chr17	-48	3	2231.0	0.1344688480502017
chr17	-47	7	2250.0	0.3111111111111111
chr17	-46	0	2274.0	0.0
chr17	-45	1	2300.0	0.043478260869565216
chr17	-44	5	2331.0	0.21450021450021448
chr17	-43	4	2353.0	0.16999575010624735
chr17	-42	10	2382.0	0.41981528127623846
chr17	-41	13	2413.0	0.5387484459179445
chr17	-40	6	2443.0	0.24559967253376994
chr17	-39	4	2466.0	0.16220600162206003
chr17	-38	4	2489.0	0.16070711128967458
chr17	-37	7	2510.0	0.27888446215139445
chr17	-36	5	2552.0	0.1959247648902821
chr17	-35	5	2577.0	0.19402405898331393
chr17	-34	12	2603.0	0.46100653092585475
chr17	-33	13	2623.0	0.49561570720548986
chr17	-32	5	2640.0	0.1893939393939394
chr17	-31	2	2666.0	0.07501875468867217
chr17	-30	2	2694.0	0.07423904974016332
chr17	-29	4	2715.0	0.14732965009208102
chr17	-28	9	2739.0	0.32858707557502737
chr17	-27	19	2753.0	0.6901561932437341
chr17	-26	20	2780.0	0.7194244604316548
chr17	-25	8	2810.0	0.2846975088967972
chr17	-24	3	2829.0	0.10604453870625664
chr17	-23	13	2852.0	0.45582047685834504
chr17	-22	9	2873.0	0.3132613992342499
chr17	-21	4	2891.0	0.13836042891732964
chr17	-20	2	2917.0	0.06856359273225918
chr17	-19	3	2940.0	0.10204081632653061
chr17	-18	7	2975.0	0.2352941176470588
chr17	-17	4	3006.0	0.1330671989354624
chr17	-16	8	3029.0	0.2641135688345989
chr17	-15	15	3058.0	0.49051667756703726
chr17	-14	15	3080.0	0.487012987012987
chr17	-13	19	3101.0	0.6127055788455337
chr17	-12	14	3131.0	0.4471414883423826
chr17	-11	11	3159.0	0.3482114593225704
chr17	-10	5	3185.0	0.15698587127158556
chr17	-9	27	3185.0	0.847723704866562
chr17	-8	11	3190.0	0.3448275862068966
chr17	-7	10	3191.0	0.31338138514572234
chr17	-6	32	3191.0	1.0028204324663115
chr17	-5	24	3185.0	0.7535321821036106
chr17	-4	14	3166.0	0.4421983575489577
chr17	-3	46	3166.0	1.4529374605180037
chr17	-2	38	3155.0	1.2044374009508716
chr17	-1	188	3079.0	6.105878531990906
chr17	0	226	2543.0	8.887141171844279
chr17	1	85	2635.0	3.225806451612903
chr17	2	53	2642.0	2.0060560181680542
chr17	3	82	2607.0	3.145377828922133
chr17	4	76	2610.0	2.9118773946360155
chr17	5	88	2584.0	3.4055727554179565
chr17	6	82	2555.0	3.209393346379648
chr17	7	52	2526.0	2.058590657165479
chr17	8	73	2496.0	2.9246794871794872
chr17	9	46	2480.0	1.8548387096774193
chr17	10	72	2467.0	2.9185245237130117
chr17	11	81	2443.0	3.315595579205895
chr17	12	51	2413.0	2.113551595524244
chr17	13	61	2386.0	2.556580050293378
chr17	14	56	2354.0	2.3789294817332203
chr17	15	47	2317.0	2.0284851100561068
chr17	16	53	2305.0	2.299349240780911
chr17	17	57	2286.0	2.493438320209974
chr17	18	43	2262.0	1.900972590627763
chr17	19	37	2244.0	1.6488413547237075
chr17	20	71	2222.0	3.1953195319531953
chr17	21	38	2205.0	1.7233560090702946
chr17	22	28	2177.0	1.2861736334405145
chr17	23	51	2144.0	2.378731343283582
chr17	24	37	2116.0	1.7485822306238186
chr17	25	49	2093.0	2.341137123745819
chr17	26	52	2065.0	2.5181598062953996
chr17	27	49	2041.0	2.4007839294463498
chr17	28	45	2023.0	2.2244191794364805
chr17	29	40	1996.0	2.004008016032064
chr17	30	43	1966.0	2.187182095625636
chr17	31	37	1951.0	1.8964633521271141
chr17	32	40	1932.0	2.070393374741201
chr17	33	35	1914.0	1.8286311389759664
chr17	34	47	1880.0	2.5
chr17	35	36	1853.0	1.9427954668105774
chr17	36	43	1819.0	2.3639362286970864
chr17	37	41	1797.0	2.2815804117974405
chr17	38	42	1771.0	2.371541501976284
chr17	39	28	1750.0	1.6
chr17	40	35	1725.0	2.0289855072463765
chr17	41	47	1700.0	2.764705882352941
chr17	42	43	1677.0	2.564102564102564
chr17	43	28	1659.0	1.6877637130801686
chr17	44	37	1637.0	2.2602321319486864
chr17	45	27	1615.0	1.671826625386997
chr17	46	42	1605.0	2.6168224299065423
chr17	47	44	1575.0	2.7936507936507935
chr17	48	38	1549.0	2.4531956100710137
chr17	49	42	1522.0	2.759526938239159
chr17	50	37	1496.0	2.473262032085562
chr17	51	27	1472.0	1.8342391304347827
chr17	52	20	1454.0	1.3755158184319118
chr17	53	22	1424.0	1.544943820224719
chr17	54	37	1396.0	2.650429799426934
chr17	55	19	1374.0	1.3828238719068413
chr17	56	30	1347.0	2.2271714922048997
chr17	57	40	1325.0	3.018867924528302
chr17	58	13	1303.0	0.9976976208749041
chr17	59	26	1274.0	2.0408163265306123
chr17	60	22	1248.0	1.7628205128205128
chr17	61	28	1216.0	2.302631578947368
chr17	62	17	1201.0	1.4154870940882598
chr17	63	19	1185.0	1.6033755274261603
chr17	64	29	1159.0	2.5021570319240722
chr17	65	16	1133.0	1.412180052956752
chr17	66	21	1108.0	1.895306859205776
chr17	67	14	1089.0	1.285583103764922
chr17	68	28	1069.0	2.6192703461178675
chr17	69	24	1040.0	2.307692307692308
chr17	70	14	1019.0	1.3738959764474974
chr17	71	26	992.0	2.620967741935484
chr17	72	21	966.0	2.1739130434782608
chr17	73	14	947.0	1.478352692713833
chr17	74	10	913.0	1.095290251916758
chr17	75	26	892.0	2.914798206278027
chr17	76	21	866.0	2.424942263279446
chr17	77	10	842.0	1.187648456057007
chr17	78	16	822.0	1.9464720194647203
chr17	79	18	797.0	2.258469259723965
chr17	80	15	774.0	1.937984496124031
chr17	81	12	753.0	1.593625498007968
chr17	82	29	732.0	3.9617486338797816
chr17	83	10	708.0	1.4124293785310735
chr17	84	10	688.0	1.4534883720930232
chr17	85	11	665.0	1.6541353383458646
chr17	86	13	640.0	2.03125
chr17	87	18	622.0	2.8938906752411575
chr17	88	9	599.0	1.5025041736227045
chr17	89	5	575.0	0.8695652173913043
chr17	90	10	559.0	1.7889087656529516
chr17	91	11	532.0	2.0676691729323307
chr17	92	8	515.0	1.5533980582524272
chr17	93	9	504.0	1.7857142857142856
chr17	94	3	483.0	0.6211180124223602
chr17	95	10	465.0	2.1505376344086025
chr17	96	4	441.0	0.9070294784580499
chr17	97	9	418.0	2.15311004784689
chr17	98	6	407.0	1.4742014742014742
chr17	99	5	391.0	1.278772378516624
chr17	100	4	368.0	1.0869565217391304
chr17	101	5	347.0	1.440922190201729
chr17	102	8	331.0	2.416918429003021
chr17	103	7	316.0	2.2151898734177213
chr17	104	3	295.0	1.0169491525423728
chr17	105	5	278.0	1.7985611510791366
chr17	106	6	249.0	2.4096385542168677
chr17	107	2	229.0	0.8733624454148471
chr17	108	5	196.0	2.5510204081632653
chr17	109	5	176.0	2.840909090909091
chr17	110	3	155.0	1.935483870967742
chr17	111	2	130.0	1.5384615384615385
chr17	112	2	110.0	1.8181818181818181
chr17	113	1	87.0	1.1494252873563218
chr17	114	2	54.0	3.7037037037037033
chr17	115	0	31.0	0.0
chr17	116	0	11.0	0.0
chr17	117	0	0.0	nan
chr17	118	0	0.0	nan
chr17	119	0	0.0	nan
chr17	120	0	0.0	nan
chr17	121	0	0.0	nan
chr17	122	0	0.0	nan
chr17	123	0	0.0	nan
chr17	124	0	0.0	nan
chr17	125	0	0.0	nan
chr17	126	0	0.0	nan
chr17	127	0	0.0	nan
chr17	128	0	0.0	nan
chr17	129	0	0.0	nan
chr17	130	0	0.0	nan
chr17	131	0	0.0	nan
chr17	132	0	0.0	nan
chr17	133	0	0.0	nan
chr17	134	0	0.0	nan
chr17	135	0	0.0	nan
chr17	136	0	0.0	nan
chr17	137	0	0.0	nan
chr18	-133	0	1.0	0.0
chr18	-132	0	1.0	0.0
chr18	-131	0	2.0	0.0
chr18	-130	0	3.0	0.0
chr18	-129	0	9.0	0.0
chr18	-128	0	16.0	0.0
chr18	-127	0	28.0	0.0
chr18	-126	1	40.0	2.5
chr18	-125	0	49.0	0.0
chr18	-124	0	62.0	0.0
chr18	-123	0	73.0	0.0
chr18	-122	0	88.0	0.0
chr18	-121	0	101.0	0.0
chr18	-120	2	118.0	1.694915254237288
chr18	-119	0	129.0	0.0
chr18	-118	0	148.0	0.0
chr18	-117	2	170.0	1.1764705882352942
chr18	-116	2	188.0	1.0638297872340425
chr18	-115	0	194.0	0.0
chr18	-114	0	202.0	0.0
chr18	-113	0	212.0	0.0
chr18	-112	2	229.0	0.8733624454148471
chr18	-111	0	242.0	0.0
chr18	-110	0	258.0	0.0
chr18	-109	0	273.0	0.0
chr18	-108	2	285.0	0.7017543859649122
chr18	-107	0	295.0	0.0
chr18	-106	2	312.0	0.641025641025641
chr18	-105	0	325.0	0.0
chr18	-104	2	339.0	0.5899705014749262
chr18	-103	0	352.0	0.0
chr18	-102	0	366.0	0.0
chr18	-101	0	380.0	0.0
chr18	-100	0	391.0	0.0
chr18	-99	0	405.0	0.0
chr18	-98	0	416.0	0.0
chr18	-97	0	438.0	0.0
chr18	-96	3	454.0	0.6607929515418502
chr18	-95	0	470.0	0.0
chr18	-94	1	487.0	0.20533880903490762
chr18	-93	0	501.0	0.0
chr18	-92	0	514.0	0.0
chr18	-91	0	523.0	0.0
chr18	-90	1	532.0	0.18796992481203006
chr18	-89	2	545.0	0.3669724770642202
chr18	-88	1	560.0	0.17857142857142858
chr18	-87	2	577.0	0.34662045060658575
chr18	-86	1	591.0	0.1692047377326565
chr18	-85	1	604.0	0.16556291390728478
chr18	-84	3	614.0	0.4885993485342019
chr18	-83	2	629.0	0.3179650238473768
chr18	-82	0	647.0	0.0
chr18	-81	1	667.0	0.14992503748125938
chr18	-80	1	680.0	0.14705882352941177
chr18	-79	2	695.0	0.28776978417266186
chr18	-78	1	714.0	0.1400560224089636
chr18	-77	2	730.0	0.273972602739726
chr18	-76	2	740.0	0.2702702702702703
chr18	-75	1	758.0	0.13192612137203166
chr18	-74	0	765.0	0.0
chr18	-73	0	774.0	0.0
chr18	-72	1	789.0	0.12674271229404308
chr18	-71	10	815.0	1.2269938650306749
chr18	-70	2	826.0	0.24213075060532688
chr18	-69	1	841.0	0.11890606420927466
chr18	-68	1	852.0	0.11737089201877934
chr18	-67	5	861.0	0.5807200929152149
chr18	-66	0	875.0	0.0
chr18	-65	0	889.0	0.0
chr18	-64	0	899.0	0.0
chr18	-63	1	910.0	0.10989010989010989
chr18	-62	0	928.0	0.0
chr18	-61	1	943.0	0.10604453870625664
chr18	-60	0	957.0	0.0
chr18	-59	1	968.0	0.10330578512396695
chr18	-58	0	985.0	0.0
chr18	-57	1	998.0	0.1002004008016032
chr18	-56	0	1007.0	0.0
chr18	-55	0	1021.0	0.0
chr18	-54	2	1033.0	0.1936108422071636
chr18	-53	0	1041.0	0.0
chr18	-52	5	1055.0	0.47393364928909953
chr18	-51	1	1065.0	0.09389671361502347
chr18	-50	0	1081.0	0.0
chr18	-49	0	1096.0	0.0
chr18	-48	0	1114.0	0.0
chr18	-47	9	1124.0	0.800711743772242
chr18	-46	9	1138.0	0.7908611599297013
chr18	-45	2	1153.0	0.17346053772766695
chr18	-44	1	1166.0	0.08576329331046312
chr18	-43	0	1187.0	0.0
chr18	-42	2	1196.0	0.16722408026755853
chr18	-41	0	1209.0	0.0
chr18	-40	7	1226.0	0.5709624796084829
chr18	-39	0	1237.0	0.0
chr18	-38	1	1255.0	0.0796812749003984
chr18	-37	0	1276.0	0.0
chr18	-36	11	1290.0	0.8527131782945736
chr18	-35	0	1303.0	0.0
chr18	-34	1	1312.0	0.07621951219512195
chr18	-33	10	1334.0	0.7496251874062968
chr18	-32	3	1354.0	0.22156573116691286
chr18	-31	8	1366.0	0.5856515373352855
chr18	-30	3	1377.0	0.2178649237472767
chr18	-29	4	1387.0	0.2883922134102379
chr18	-28	3	1406.0	0.21337126600284498
chr18	-27	1	1416.0	0.07062146892655367
chr18	-26	13	1428.0	0.9103641456582634
chr18	-25	4	1446.0	0.2766251728907331
chr18	-24	20	1459.0	1.3708019191226868
chr18	-23	2	1474.0	0.13568521031207598
chr18	-22	4	1488.0	0.2688172043010753
chr18	-21	6	1502.0	0.3994673768308922
chr18	-20	9	1510.0	0.5960264900662252
chr18	-19	7	1523.0	0.4596191726854892
chr18	-18	0	1539.0	0.0
chr18	-17	2	1553.0	0.128783000643915
chr18	-16	17	1565.0	1.0862619808306708
chr18	-15	3	1573.0	0.19071837253655435
chr18	-14	3	1588.0	0.1889168765743073
chr18	-13	1	1604.0	0.062344139650872814
chr18	-12	1	1616.0	0.06188118811881188
chr18	-11	29	1626.0	1.7835178351783518
chr18	-10	8	1629.0	0.49109883364027007
chr18	-9	5	1629.0	0.3069367710251688
chr18	-8	3	1640.0	0.1829268292682927
chr18	-7	19	1640.0	1.1585365853658536
chr18	-6	8	1639.0	0.4881025015253203
chr18	-5	4	1639.0	0.24405125076266015
chr18	-4	26	1637.0	1.588271227855834
chr18	-3	2	1638.0	0.1221001221001221
chr18	-2	4	1633.0	0.2449479485609308
chr18	-1	54	1619.0	3.3353922174181596
chr18	0	107	1337.0	8.00299177262528
chr18	1	19	1385.0	1.371841155234657
chr18	2	43	1379.0	3.118201595358956
chr18	3	28	1374.0	2.037845705967977
chr18	4	23	1361.0	1.6899338721528288
chr18	5	47	1347.0	3.4892353377876764
chr18	6	50	1322.0	3.7821482602118004
chr18	7	32	1311.0	2.440884820747521
chr18	8	31	1290.0	2.4031007751937983
chr18	9	25	1263.0	1.979414093428345
chr18	10	52	1245.0	4.176706827309237
chr18	11	29	1227.0	2.363488182559087
chr18	12	26	1220.0	2.1311475409836063
chr18	13	24	1214.0	1.9769357495881383
chr18	14	17	1201.0	1.4154870940882598
chr18	15	21	1191.0	1.7632241813602016
chr18	16	19	1184.0	1.6047297297297296
chr18	17	26	1171.0	2.220324508966695
chr18	18	35	1156.0	3.027681660899654
chr18	19	21	1148.0	1.8292682926829267
chr18	20	29	1136.0	2.552816901408451
chr18	21	16	1119.0	1.4298480786416443
chr18	22	23	1108.0	2.0758122743682312
chr18	23	44	1096.0	4.014598540145985
chr18	24	30	1089.0	2.7548209366391188
chr18	25	35	1082.0	3.234750462107209
chr18	26	23	1067.0	2.1555763823805063
chr18	27	15	1057.0	1.4191106906338695
chr18	28	18	1048.0	1.717557251908397
chr18	29	23	1033.0	2.2265246853823815
chr18	30	20	1015.0	1.9704433497536946
chr18	31	21	996.0	2.108433734939759
chr18	32	24	986.0	2.434077079107505
chr18	33	19	967.0	1.9648397104446742
chr18	34	25	957.0	2.612330198537095
chr18	35	19	947.0	2.0063357972544877
chr18	36	20	940.0	2.127659574468085
chr18	37	20	930.0	2.1505376344086025
chr18	38	9	918.0	0.9803921568627451
chr18	39	21	905.0	2.3204419889502765
chr18	40	18	890.0	2.0224719101123596
chr18	41	20	881.0	2.2701475595913734
chr18	42	14	874.0	1.6018306636155606
chr18	43	18	862.0	2.088167053364269
chr18	44	14	845.0	1.6568047337278107
chr18	45	17	833.0	2.0408163265306123
chr18	46	23	820.0	2.804878048780488
chr18	47	21	801.0	2.6217228464419478
chr18	48	6	783.0	0.7662835249042145
chr18	49	10	774.0	1.2919896640826873
chr18	50	20	763.0	2.621231979030144
chr18	51	12	750.0	1.6
chr18	52	22	739.0	2.9769959404600814
chr18	53	14	734.0	1.9073569482288828
chr18	54	13	718.0	1.8105849582172702
chr18	55	6	696.0	0.8620689655172413
chr18	56	8	678.0	1.1799410029498525
chr18	57	16	673.0	2.37741456166419
chr18	58	13	661.0	1.9667170953101363
chr18	59	10	651.0	1.5360983102918586
chr18	60	11	643.0	1.7107309486780715
chr18	61	17	635.0	2.677165354330709
chr18	62	15	626.0	2.3961661341853033
chr18	63	15	621.0	2.4154589371980677
chr18	64	7	605.0	1.1570247933884297
chr18	65	8	588.0	1.3605442176870748
chr18	66	17	577.0	2.946273830155979
chr18	67	6	563.0	1.0657193605683837
chr18	68	10	549.0	1.8214936247723135
chr18	69	11	542.0	2.029520295202952
chr18	70	17	528.0	3.2196969696969697
chr18	71	11	518.0	2.1235521235521233
chr18	72	13	506.0	2.5691699604743086
chr18	73	12	500.0	2.4
chr18	74	4	484.0	0.8264462809917356
chr18	75	8	475.0	1.6842105263157894
chr18	76	6	464.0	1.293103448275862
chr18	77	15	451.0	3.325942350332594
chr18	78	10	436.0	2.293577981651376
chr18	79	5	424.0	1.179245283018868
chr18	80	3	417.0	0.7194244604316548
chr18	81	5	408.0	1.2254901960784315
chr18	82	11	393.0	2.7989821882951653
chr18	83	7	380.0	1.8421052631578945
chr18	84	7	369.0	1.8970189701897018
chr18	85	3	361.0	0.8310249307479225
chr18	86	7	349.0	2.005730659025788
chr18	87	6	334.0	1.7964071856287425
chr18	88	6	324.0	1.8518518518518516
chr18	89	7	307.0	2.2801302931596092
chr18	90	6	289.0	2.0761245674740483
chr18	91	4	280.0	1.4285714285714286
chr18	92	8	274.0	2.9197080291970803
chr18	93	8	265.0	3.018867924528302
chr18	94	4	252.0	1.5873015873015872
chr18	95	1	238.0	0.42016806722689076
chr18	96	1	229.0	0.43668122270742354
chr18	97	3	218.0	1.3761467889908259
chr18	98	5	213.0	2.3474178403755865
chr18	99	0	196.0	0.0
chr18	100	1	188.0	0.5319148936170213
chr18	101	2	174.0	1.1494252873563218
chr18	102	0	166.0	0.0
chr18	103	2	156.0	1.282051282051282
chr18	104	1	137.0	0.7299270072992701
chr18	105	1	128.0	0.78125
chr18	106	2	117.0	1.7094017094017095
chr18	107	1	106.0	0.9433962264150944
chr18	108	0	95.0	0.0
chr18	109	1	83.0	1.2048192771084338
chr18	110	2	69.0	2.898550724637681
chr18	111	0	58.0	0.0
chr18	112	1	51.0	1.9607843137254901
chr18	113	0	36.0	0.0
chr18	114	2	28.0	7.142857142857142
chr18	115	1	16.0	6.25
chr18	116	0	6.0	0.0
chr18	117	0	0.0	nan
chr18	118	0	0.0	nan
chr18	119	0	0.0	nan
chr18	120	0	0.0	nan
chr18	121	0	0.0	nan
chr18	122	0	0.0	nan
chr18	123	0	0.0	nan
chr18	124	0	0.0	nan
chr18	125	0	0.0	nan
chr18	126	0	0.0	nan
chr18	127	0	0.0	nan
chr18	128	0	0.0	nan
chr18	129	0	0.0	nan
chr18	130	0	0.0	nan
chr19	-135	0	1.0	0.0
chr19	-134	0	1.0	0.0
chr19	-133	0	2.0	0.0
chr19	-132	0	4.0	0.0
chr19	-131	0	9.0	0.0
chr19	-130	0	13.0	0.0
chr19	-129	0	22.0	0.0
chr19	-128	0	36.0	0.0
chr19	-127	0	57.0	0.0
chr19	-126	0	79.0	0.0
chr19	-125	1	111.0	0.9009009009009009
chr19	-124	0	145.0	0.0
chr19	-123	0	182.0	0.0
chr19	-122	0	211.0	0.0
chr19	-121	0	245.0	0.0
chr19	-120	2	275.0	0.7272727272727273
chr19	-119	0	306.0	0.0
chr19	-118	0	341.0	0.0
chr19	-117	2	379.0	0.5277044854881267
chr19	-116	0	406.0	0.0
chr19	-115	2	443.0	0.4514672686230248
chr19	-114	2	481.0	0.4158004158004158
chr19	-113	0	512.0	0.0
chr19	-112	6	547.0	1.0968921389396709
chr19	-111	2	577.0	0.34662045060658575
chr19	-110	10	610.0	1.639344262295082
chr19	-109	7	639.0	1.0954616588419406
chr19	-108	3	669.0	0.4484304932735426
chr19	-107	1	700.0	0.14285714285714285
chr19	-106	0	738.0	0.0
chr19	-105	2	767.0	0.2607561929595828
chr19	-104	5	805.0	0.6211180124223602
chr19	-103	1	840.0	0.11904761904761905
chr19	-102	0	874.0	0.0
chr19	-101	2	912.0	0.21929824561403508
chr19	-100	3	951.0	0.31545741324921134
chr19	-99	3	981.0	0.3058103975535168
chr19	-98	3	1012.0	0.2964426877470355
chr19	-97	4	1045.0	0.3827751196172249
chr19	-96	7	1077.0	0.6499535747446611
chr19	-95	2	1114.0	0.17953321364452424
chr19	-94	0	1145.0	0.0
chr19	-93	3	1174.0	0.2555366269165247
chr19	-92	1	1212.0	0.08250825082508251
chr19	-91	2	1239.0	0.16142050040355124
chr19	-90	3	1276.0	0.23510971786833856
chr19	-89	2	1305.0	0.15325670498084293
chr19	-88	0	1342.0	0.0
chr19	-87	1	1367.0	0.0731528895391368
chr19	-86	1	1406.0	0.07112375533428165
chr19	-85	2	1449.0	0.13802622498274672
chr19	-84	2	1479.0	0.1352265043948614
chr19	-83	4	1510.0	0.26490066225165565
chr19	-82	0	1546.0	0.0
chr19	-81	15	1559.0	0.9621552277100706
chr19	-80	2	1587.0	0.1260239445494644
chr19	-79	5	1634.0	0.30599755201958384
chr19	-78	2	1661.0	0.12040939193257075
chr19	-77	3	1683.0	0.17825311942959002
chr19	-76	1	1721.0	0.058105752469494475
chr19	-75	10	1745.0	0.5730659025787965
chr19	-74	2	1784.0	0.11210762331838565
chr19	-73	10	1799.0	0.5558643690939411
chr19	-72	4	1840.0	0.21739130434782608
chr19	-71	2	1888.0	0.1059322033898305
chr19	-70	3	1920.0	0.15625
chr19	-69	5	1955.0	0.2557544757033248
chr19	-68	4	1997.0	0.20030045067601399
chr19	-67	6	2019.0	0.2971768202080238
chr19	-66	14	2072.0	0.6756756756756757
chr19	-65	6	2106.0	0.2849002849002849
chr19	-64	28	2134.0	1.3120899718837862
chr19	-63	1	2162.0	0.04625346901017577
chr19	-62	19	2197.0	0.864815657715066
chr19	-61	1	2225.0	0.0449438202247191
chr19	-60	7	2266.0	0.3089143865842895
chr19	-59	4	2306.0	0.17346053772766695
chr19	-58	2	2331.0	0.0858000858000858
chr19	-57	5	2363.0	0.21159542953872196
chr19	-56	37	2380.0	1.5546218487394958
chr19	-55	4	2418.0	0.1654259718775848
chr19	-54	5	2456.0	0.20358306188925082
chr19	-53	14	2506.0	0.5586592178770949
chr19	-52	7	2538.0	0.27580772261623326
chr19	-51	8	2577.0	0.3104384943733023
chr19	-50	3	2608.0	0.11503067484662577
chr19	-49	3	2640.0	0.11363636363636363
chr19	-48	7	2667.0	0.26246719160104987
chr19	-47	19	2706.0	0.7021433850702143
chr19	-46	6	2744.0	0.21865889212827988
chr19	-45	8	2776.0	0.2881844380403458
chr19	-44	10	2805.0	0.35650623885918004
chr19	-43	2	2844.0	0.07032348804500703
chr19	-42	19	2878.0	0.660180681028492
chr19	-41	19	2918.0	0.6511309115832763
chr19	-40	9	2942.0	0.30591434398368456
chr19	-39	10	2979.0	0.3356831151393085
chr19	-38	16	3005.0	0.5324459234608985
chr19	-37	12	3034.0	0.3955174686882004
chr19	-36	6	3062.0	0.1959503592423253
chr19	-35	8	3087.0	0.25915127955944284
chr19	-34	8	3117.0	0.25665704202759065
chr19	-33	8	3147.0	0.2542103590721322
chr19	-32	5	3179.0	0.15728216420257943
chr19	-31	19	3199.0	0.5939356048765239
chr19	-30	12	3219.0	0.3727865796831314
chr19	-29	15	3275.0	0.45801526717557256
chr19	-28	5	3300.0	0.15151515151515152
chr19	-27	5	3334.0	0.14997000599880025
chr19	-26	12	3368.0	0.35629453681710216
chr19	-25	32	3392.0	0.9433962264150944
chr19	-24	4	3418.0	0.11702750146284377
chr19	-23	23	3456.0	0.6655092592592593
chr19	-22	17	3493.0	0.4866876610363584
chr19	-21	6	3526.0	0.17016449234259784
chr19	-20	20	3558.0	0.5621135469364812
chr19	-19	10	3592.0	0.27839643652561247
chr19	-18	26	3615.0	0.719225449515906
chr19	-17	17	3633.0	0.4679328378750344
chr19	-16	8	3664.0	0.21834061135371177
chr19	-15	11	3687.0	0.29834553837808514
chr19	-14	32	3714.0	0.8616047388260636
chr19	-13	17	3746.0	0.4538174052322477
chr19	-12	9	3766.0	0.2389803505045141
chr19	-11	6	3808.0	0.15756302521008403
chr19	-10	8	3843.0	0.20817069997397866
chr19	-9	15	3840.0	0.390625
chr19	-8	25	3841.0	0.6508721687060661
chr19	-7	31	3838.0	0.8077123501823866
chr19	-6	13	3837.0	0.3388063591347407
chr19	-5	22	3842.0	0.5726184279021342
chr19	-4	26	3836.0	0.6777893639207508
chr19	-3	28	3808.0	0.7352941176470588
chr19	-2	13	3788.0	0.34318901795142553
chr19	-1	121	3745.0	3.2309746328437914
chr19	0	279	3185.0	8.759811616954474
chr19	1	72	3308.0	2.176541717049577
chr19	2	56	3289.0	1.7026451809060503
chr19	3	89	3270.0	2.7217125382262997
chr19	4	76	3253.0	2.33630494927759
chr19	5	103	3224.0	3.1947890818858564
chr19	6	94	3186.0	2.9504080351537976
chr19	7	50	3168.0	1.5782828282828283
chr19	8	88	3137.0	2.8052279247688876
chr19	9	59	3104.0	1.9007731958762886
chr19	10	64	3068.0	2.0860495436766624
chr19	11	56	3039.0	1.8427114182296807
chr19	12	79	3007.0	2.627203192550715
chr19	13	66	2970.0	2.2222222222222223
chr19	14	93	2947.0	3.155751611808619
chr19	15	85	2917.0	2.9139526911210147
chr19	16	51	2886.0	1.7671517671517671
chr19	17	70	2857.0	2.4501225061253065
chr19	18	62	2825.0	2.1946902654867255
chr19	19	46	2803.0	1.641098822689975
chr19	20	44	2775.0	1.5855855855855856
chr19	21	61	2739.0	2.227090178897408
chr19	22	56	2713.0	2.0641356431994105
chr19	23	69	2683.0	2.5717480432351847
chr19	24	75	2658.0	2.8216704288939054
chr19	25	46	2621.0	1.755055322396032
chr19	26	46	2593.0	1.774006941766294
chr19	27	54	2559.0	2.1101992966002343
chr19	28	74	2523.0	2.933016250495442
chr19	29	53	2479.0	2.1379588543767647
chr19	30	47	2454.0	1.915240423797881
chr19	31	59	2432.0	2.4259868421052633
chr19	32	49	2393.0	2.047638946928542
chr19	33	71	2358.0	3.0110262934690413
chr19	34	48	2325.0	2.064516129032258
chr19	35	56	2304.0	2.430555555555556
chr19	36	62	2273.0	2.727672679278487
chr19	37	46	2248.0	2.0462633451957295
chr19	38	32	2223.0	1.4394961763382816
chr19	39	63	2191.0	2.8753993610223643
chr19	40	81	2157.0	3.7552155771905427
chr19	41	59	2126.0	2.7751646284101597
chr19	42	51	2093.0	2.436693741041567
chr19	43	51	2074.0	2.459016393442623
chr19	44	48	2053.0	2.338041889917194
chr19	45	54	2025.0	2.666666666666667
chr19	46	69	1995.0	3.4586466165413534
chr19	47	47	1960.0	2.3979591836734695
chr19	48	61	1930.0	3.160621761658031
chr19	49	36	1908.0	1.8867924528301887
chr19	50	36	1884.0	1.910828025477707
chr19	51	49	1856.0	2.6400862068965516
chr19	52	63	1828.0	3.446389496717724
chr19	53	31	1794.0	1.7279821627647716
chr19	54	42	1767.0	2.3769100169779285
chr19	55	48	1734.0	2.768166089965398
chr19	56	26	1709.0	1.5213575190169688
chr19	57	39	1682.0	2.318668252080856
chr19	58	42	1646.0	2.551640340218712
chr19	59	49	1607.0	3.0491599253266957
chr19	60	35	1581.0	2.213788741302973
chr19	61	31	1551.0	1.9987105093488073
chr19	62	22	1525.0	1.4426229508196722
chr19	63	54	1502.0	3.5952063914780292
chr19	64	44	1467.0	2.99931833674165
chr19	65	31	1440.0	2.1527777777777777
chr19	66	25	1409.0	1.7743080198722498
chr19	67	21	1367.0	1.5362106803218727
chr19	68	32	1338.0	2.391629297458894
chr19	69	23	1317.0	1.7463933181473046
chr19	70	26	1283.0	2.0265003897116136
chr19	71	36	1259.0	2.8594122319301034
chr19	72	30	1224.0	2.450980392156863
chr19	73	20	1198.0	1.669449081803005
chr19	74	33	1162.0	2.8399311531841653
chr19	75	16	1137.0	1.4072119613016711
chr19	76	26	1107.0	2.3486901535682025
chr19	77	21	1073.0	1.95712954333644
chr19	78	19	1043.0	1.821668264621285
chr19	79	38	1011.0	3.758654797230465
chr19	80	32	979.0	3.268641470888662
chr19	81	21	950.0	2.2105263157894735
chr19	82	23	915.0	2.5136612021857925
chr19	83	21	882.0	2.380952380952381
chr19	84	30	850.0	3.5294117647058822
chr19	85	25	827.0	3.0229746070133015
chr19	86	19	795.0	2.3899371069182394
chr19	87	18	762.0	2.3622047244094486
chr19	88	15	740.0	2.027027027027027
chr19	89	24	719.0	3.3379694019471486
chr19	90	10	690.0	1.4492753623188406
chr19	91	16	663.0	2.413273001508296
chr19	92	12	641.0	1.87207488299532
chr19	93	21	607.0	3.459637561779242
chr19	94	16	582.0	2.7491408934707904
chr19	95	18	554.0	3.2490974729241873
chr19	96	12	537.0	2.2346368715083798
chr19	97	8	512.0	1.5625
chr19	98	8	487.0	1.642710472279261
chr19	99	14	460.0	3.0434782608695654
chr19	100	12	433.0	2.771362586605081
chr19	101	7	405.0	1.728395061728395
chr19	102	3	377.0	0.7957559681697612
chr19	103	10	354.0	2.824858757062147
chr19	104	4	321.0	1.2461059190031152
chr19	105	3	288.0	1.0416666666666665
chr19	106	4	254.0	1.574803149606299
chr19	107	6	225.0	2.666666666666667
chr19	108	6	200.0	3.0
chr19	109	13	181.0	7.18232044198895
chr19	110	4	152.0	2.631578947368421
chr19	111	2	127.0	1.574803149606299
chr19	112	3	105.0	2.857142857142857
chr19	113	1	88.0	1.1363636363636365
chr19	114	0	61.0	0.0
chr19	115	0	37.0	0.0
chr19	116	1	13.0	7.6923076923076925
chr19	117	0	0.0	nan
chr19	118	0	0.0	nan
chr19	119	0	0.0	nan
chr19	120	0	0.0	nan
chr19	121	0	0.0	nan
chr19	122	0	0.0	nan
chr19	123	0	0.0	nan
chr19	124	0	0.0	nan
chr19	125	0	0.0	nan
chr19	126	0	0.0	nan
chr19	127	0	0.0	nan
chr19	128	0	0.0	nan
chr19	129	0	0.0	nan
chr19	130	0	0.0	nan
chr19	131	0	0.0	nan
chr19	132	0	0.0	nan
chr19	133	0	0.0	nan
chr20	-131	0	1.0	0.0
chr20	-130	0	2.0	0.0
chr20	-129	0	5.0	0.0
chr20	-128	0	15.0	0.0
chr20	-127	0	29.0	0.0
chr20	-126	0	44.0	0.0
chr20	-125	0	54.0	0.0
chr20	-124	0	67.0	0.0
chr20	-123	0	83.0	0.0
chr20	-122	0	96.0	0.0
chr20	-121	0	109.0	0.0
chr20	-120	0	124.0	0.0
chr20	-119	0	135.0	0.0
chr20	-118	1	141.0	0.7092198581560284
chr20	-117	0	159.0	0.0
chr20	-116	1	172.0	0.5813953488372093
chr20	-115	1	184.0	0.5434782608695652
chr20	-114	0	201.0	0.0
chr20	-113	0	215.0	0.0
chr20	-112	1	226.0	0.4424778761061947
chr20	-111	1	239.0	0.41841004184100417
chr20	-110	0	249.0	0.0
chr20	-109	0	267.0	0.0
chr20	-108	3	279.0	1.0752688172043012
chr20	-107	0	289.0	0.0
chr20	-106	0	298.0	0.0
chr20	-105	0	303.0	0.0
chr20	-104	1	321.0	0.3115264797507788
chr20	-103	6	335.0	1.791044776119403
chr20	-102	11	351.0	3.133903133903134
chr20	-101	1	364.0	0.27472527472527475
chr20	-100	0	378.0	0.0
chr20	-99	0	397.0	0.0
chr20	-98	2	413.0	0.48426150121065376
chr20	-97	0	425.0	0.0
chr20	-96	0	439.0	0.0
chr20	-95	0	449.0	0.0
chr20	-94	0	458.0	0.0
chr20	-93	0	476.0	0.0
chr20	-92	3	497.0	0.6036217303822937
chr20	-91	1	512.0	0.1953125
chr20	-90	0	534.0	0.0
chr20	-89	0	548.0	0.0
chr20	-88	2	558.0	0.35842293906810035
chr20	-87	0	571.0	0.0
chr20	-86	0	583.0	0.0
chr20	-85	0	593.0	0.0
chr20	-84	1	608.0	0.1644736842105263
chr20	-83	1	616.0	0.16233766233766234
chr20	-82	1	641.0	0.15600624024961
chr20	-81	1	652.0	0.15337423312883436
chr20	-80	4	668.0	0.5988023952095809
chr20	-79	1	679.0	0.14727540500736377
chr20	-78	1	695.0	0.14388489208633093
chr20	-77	1	712.0	0.1404494382022472
chr20	-76	3	726.0	0.4132231404958678
chr20	-75	0	737.0	0.0
chr20	-74	3	748.0	0.4010695187165776
chr20	-73	0	767.0	0.0
chr20	-72	1	780.0	0.1282051282051282
chr20	-71	1	793.0	0.12610340479192939
chr20	-70	2	807.0	0.24783147459727387
chr20	-69	1	817.0	0.12239902080783352
chr20	-68	0	835.0	0.0
chr20	-67	0	853.0	0.0
chr20	-66	0	865.0	0.0
chr20	-65	2	881.0	0.22701475595913734
chr20	-64	0	898.0	0.0
chr20	-63	1	909.0	0.11001100110011
chr20	-62	1	922.0	0.10845986984815618
chr20	-61	7	930.0	0.7526881720430108
chr20	-60	1	943.0	0.10604453870625664
chr20	-59	3	954.0	0.3144654088050315
chr20	-58	4	965.0	0.41450777202072536
chr20	-57	2	984.0	0.20325203252032523
chr20	-56	2	1003.0	0.19940179461615154
chr20	-55	1	1029.0	0.09718172983479105
chr20	-54	1	1043.0	0.09587727708533077
chr20	-53	0	1056.0	0.0
chr20	-52	0	1072.0	0.0
chr20	-51	1	1088.0	0.09191176470588235
chr20	-50	7	1099.0	0.6369426751592357
chr20	-49	0	1112.0	0.0
chr20	-48	1	1127.0	0.08873114463176575
chr20	-47	2	1140.0	0.17543859649122806
chr20	-46	11	1155.0	0.9523809523809524
chr20	-45	1	1172.0	0.08532423208191127
chr20	-44	9	1184.0	0.7601351351351352
chr20	-43	0	1198.0	0.0
chr20	-42	7	1216.0	0.575657894736842
chr20	-41	1	1229.0	0.08136696501220504
chr20	-40	0	1249.0	0.0
chr20	-39	1	1258.0	0.0794912559618442
chr20	-38	2	1272.0	0.15723270440251574
chr20	-37	1	1288.0	0.07763975155279502
chr20	-36	1	1296.0	0.07716049382716049
chr20	-35	0	1316.0	0.0
chr20	-34	0	1338.0	0.0
chr20	-33	0	1357.0	0.0
chr20	-32	2	1368.0	0.14619883040935672
chr20	-31	13	1374.0	0.9461426491994178
chr20	-30	2	1388.0	0.1440922190201729
chr20	-29	2	1399.0	0.14295925661186562
chr20	-28	2	1413.0	0.14154281670205238
chr20	-27	2	1432.0	0.13966480446927373
chr20	-26	2	1445.0	0.13840830449826988
chr20	-25	16	1455.0	1.0996563573883162
chr20	-24	2	1469.0	0.13614703880190604
chr20	-23	3	1479.0	0.2028397565922921
chr20	-22	2	1498.0	0.13351134846461948
chr20	-21	0	1517.0	0.0
chr20	-20	4	1531.0	0.2612671456564337
chr20	-19	1	1544.0	0.06476683937823835
chr20	-18	4	1557.0	0.2569043031470777
chr20	-17	3	1565.0	0.19169329073482427
chr20	-16	2	1574.0	0.12706480304955528
chr20	-15	1	1587.0	0.0630119722747322
chr20	-14	8	1592.0	0.5025125628140703
chr20	-13	15	1605.0	0.9345794392523363
chr20	-12	3	1611.0	0.186219739292365
chr20	-11	3	1629.0	0.1841620626151013
chr20	-10	5	1638.0	0.3052503052503053
chr20	-9	3	1638.0	0.18315018315018314
chr20	-8	6	1637.0	0.3665241295051924
chr20	-7	5	1637.0	0.3054367745876604
chr20	-6	6	1619.0	0.3705991352686844
chr20	-5	8	1618.0	0.4944375772558714
chr20	-4	4	1613.0	0.24798512089274644
chr20	-3	7	1606.0	0.43586550435865506
chr20	-2	47	1605.0	2.9283489096573208
chr20	-1	85	1569.0	5.417463352453792
chr20	0	100	1393.0	7.178750897343862
chr20	1	40	1429.0	2.7991602519244227
chr20	2	19	1428.0	1.330532212885154
chr20	3	24	1415.0	1.6961130742049468
chr20	4	22	1407.0	1.5636105188343994
chr20	5	24	1396.0	1.7191977077363898
chr20	6	28	1373.0	2.0393299344501092
chr20	7	32	1358.0	2.3564064801178204
chr20	8	17	1350.0	1.2592592592592593
chr20	9	13	1324.0	0.9818731117824773
chr20	10	29	1304.0	2.223926380368098
chr20	11	32	1287.0	2.4864024864024863
chr20	12	41	1272.0	3.2232704402515724
chr20	13	30	1259.0	2.3828435266084194
chr20	14	23	1236.0	1.8608414239482203
chr20	15	13	1226.0	1.0603588907014683
chr20	16	18	1219.0	1.4766201804757997
chr20	17	25	1205.0	2.0746887966804977
chr20	18	18	1197.0	1.5037593984962405
chr20	19	31	1190.0	2.6050420168067228
chr20	20	23	1183.0	1.944209636517329
chr20	21	19	1169.0	1.6253207869974338
chr20	22	32	1159.0	2.76100086281277
chr20	23	32	1143.0	2.799650043744532
chr20	24	38	1127.0	3.3717834960070983
chr20	25	23	1114.0	2.064631956912029
chr20	26	22	1110.0	1.981981981981982
chr20	27	25	1089.0	2.295684113865932
chr20	28	12	1077.0	1.1142061281337048
chr20	29	12	1068.0	1.1235955056179776
chr20	30	29	1055.0	2.748815165876777
chr20	31	27	1046.0	2.581261950286807
chr20	32	12	1038.0	1.1560693641618496
chr20	33	12	1023.0	1.1730205278592376
chr20	34	21	1011.0	2.0771513353115725
chr20	35	16	996.0	1.6064257028112447
chr20	36	10	976.0	1.0245901639344261
chr20	37	12	965.0	1.2435233160621761
chr20	38	17	953.0	1.7838405036726128
chr20	39	10	941.0	1.0626992561105209
chr20	40	14	933.0	1.5005359056806002
chr20	41	17	921.0	1.8458197611292075
chr20	42	16	910.0	1.7582417582417582
chr20	43	19	903.0	2.104097452934662
chr20	44	29	889.0	3.262092238470191
chr20	45	20	873.0	2.290950744558992
chr20	46	14	856.0	1.6355140186915886
chr20	47	24	845.0	2.8402366863905324
chr20	48	16	836.0	1.9138755980861244
chr20	49	32	818.0	3.9119804400977993
chr20	50	10	812.0	1.2315270935960592
chr20	51	14	803.0	1.7434620174346203
chr20	52	18	791.0	2.275600505689001
chr20	53	13	771.0	1.6861219195849546
chr20	54	15	762.0	1.968503937007874
chr20	55	20	750.0	2.666666666666667
chr20	56	15	737.0	2.03527815468114
chr20	57	14	729.0	1.9204389574759946
chr20	58	10	714.0	1.400560224089636
chr20	59	11	701.0	1.5691868758915835
chr20	60	22	687.0	3.2023289665211063
chr20	61	16	673.0	2.37741456166419
chr20	62	17	656.0	2.591463414634146
chr20	63	11	642.0	1.7133956386292832
chr20	64	7	637.0	1.098901098901099
chr20	65	10	629.0	1.5898251192368837
chr20	66	9	622.0	1.4469453376205788
chr20	67	11	609.0	1.8062397372742198
chr20	68	7	599.0	1.1686143572621035
chr20	69	8	581.0	1.376936316695353
chr20	70	24	565.0	4.2477876106194685
chr20	71	6	539.0	1.1131725417439702
chr20	72	5	526.0	0.9505703422053232
chr20	73	21	513.0	4.093567251461988
chr20	74	6	503.0	1.1928429423459244
chr20	75	5	491.0	1.0183299389002036
chr20	76	4	485.0	0.8247422680412372
chr20	77	6	476.0	1.2605042016806722
chr20	78	13	467.0	2.7837259100642395
chr20	79	16	452.0	3.5398230088495577
chr20	80	6	438.0	1.36986301369863
chr20	81	4	421.0	0.9501187648456058
chr20	82	9	402.0	2.2388059701492535
chr20	83	5	393.0	1.2722646310432568
chr20	84	4	379.0	1.0554089709762533
chr20	85	10	365.0	2.73972602739726
chr20	86	4	345.0	1.1594202898550725
chr20	87	5	330.0	1.5151515151515151
chr20	88	4	323.0	1.238390092879257
chr20	89	8	314.0	2.547770700636943
chr20	90	1	297.0	0.33670033670033667
chr20	91	6	283.0	2.1201413427561837
chr20	92	4	273.0	1.465201465201465
chr20	93	4	254.0	1.574803149606299
chr20	94	8	237.0	3.375527426160337
chr20	95	4	232.0	1.7241379310344827
chr20	96	5	220.0	2.272727272727273
chr20	97	3	208.0	1.4423076923076923
chr20	98	4	194.0	2.0618556701030926
chr20	99	2	181.0	1.1049723756906076
chr20	100	2	170.0	1.1764705882352942
chr20	101	6	161.0	3.7267080745341614
chr20	102	1	146.0	0.684931506849315
chr20	103	1	135.0	0.7407407407407408
chr20	104	1	125.0	0.8
chr20	105	2	110.0	1.8181818181818181
chr20	106	2	101.0	1.9801980198019802
chr20	107	0	89.0	0.0
chr20	108	0	77.0	0.0
chr20	109	1	65.0	1.5384615384615385
chr20	110	1	57.0	1.7543859649122806
chr20	111	2	50.0	4.0
chr20	112	0	38.0	0.0
chr20	113	2	30.0	6.666666666666667
chr20	114	0	23.0	0.0
chr20	115	1	18.0	5.555555555555555
chr20	116	0	4.0	0.0
chr20	117	0	0.0	nan
chr20	118	0	0.0	nan
chr20	119	0	0.0	nan
chr20	120	0	0.0	nan
chr20	121	0	0.0	nan
chr20	122	0	0.0	nan
chr20	123	0	0.0	nan
chr20	124	0	0.0	nan
chr20	125	0	0.0	nan
chr20	126	0	0.0	nan
chr20	127	0	0.0	nan
chr20	128	0	0.0	nan
chr20	129	0	0.0	nan
chr20	130	0	0.0	nan
chr20	131	0	0.0	nan
chr20	132	0	0.0	nan
chr20	133	0	0.0	nan
chr20	134	0	0.0	nan
chr20	135	0	0.0	nan
chr21	-131	0	1.0	0.0
chr21	-130	0	1.0	0.0
chr21	-129	0	4.0	0.0
chr21	-128	0	6.0	0.0
chr21	-127	0	10.0	0.0
chr21	-126	0	18.0	0.0
chr21	-125	0	22.0	0.0
chr21	-124	0	25.0	0.0
chr21	-123	0	31.0	0.0
chr21	-122	0	37.0	0.0
chr21	-121	0	40.0	0.0
chr21	-120	1	49.0	2.0408163265306123
chr21	-119	0	55.0	0.0
chr21	-118	1	59.0	1.694915254237288
chr21	-117	0	66.0	0.0
chr21	-116	0	74.0	0.0
chr21	-115	0	78.0	0.0
chr21	-114	0	90.0	0.0
chr21	-113	0	97.0	0.0
chr21	-112	1	107.0	0.9345794392523363
chr21	-111	0	118.0	0.0
chr21	-110	0	124.0	0.0
chr21	-109	0	130.0	0.0
chr21	-108	0	138.0	0.0
chr21	-107	0	153.0	0.0
chr21	-106	0	160.0	0.0
chr21	-105	0	170.0	0.0
chr21	-104	0	179.0	0.0
chr21	-103	0	185.0	0.0
chr21	-102	2	192.0	1.0416666666666665
chr21	-101	0	200.0	0.0
chr21	-100	0	207.0	0.0
chr21	-99	0	214.0	0.0
chr21	-98	0	217.0	0.0
chr21	-97	0	231.0	0.0
chr21	-96	9	243.0	3.7037037037037033
chr21	-95	0	258.0	0.0
chr21	-94	0	269.0	0.0
chr21	-93	0	282.0	0.0
chr21	-92	0	292.0	0.0
chr21	-91	0	299.0	0.0
chr21	-90	0	307.0	0.0
chr21	-89	1	313.0	0.3194888178913738
chr21	-88	0	322.0	0.0
chr21	-87	3	332.0	0.9036144578313252
chr21	-86	1	345.0	0.2898550724637681
chr21	-85	0	349.0	0.0
chr21	-84	0	358.0	0.0
chr21	-83	0	363.0	0.0
chr21	-82	0	376.0	0.0
chr21	-81	0	385.0	0.0
chr21	-80	0	396.0	0.0
chr21	-79	2	400.0	0.5
chr21	-78	0	408.0	0.0
chr21	-77	0	412.0	0.0
chr21	-76	0	425.0	0.0
chr21	-75	2	430.0	0.46511627906976744
chr21	-74	0	434.0	0.0
chr21	-73	0	443.0	0.0
chr21	-72	0	452.0	0.0
chr21	-71	0	462.0	0.0
chr21	-70	0	469.0	0.0
chr21	-69	0	479.0	0.0
chr21	-68	0	492.0	0.0
chr21	-67	1	504.0	0.1984126984126984
chr21	-66	0	509.0	0.0
chr21	-65	1	518.0	0.19305019305019305
chr21	-64	1	530.0	0.18867924528301888
chr21	-63	0	538.0	0.0
chr21	-62	1	546.0	0.18315018315018314
chr21	-61	0	556.0	0.0
chr21	-60	1	563.0	0.17761989342806395
chr21	-59	3	577.0	0.5199306759098787
chr21	-58	2	581.0	0.34423407917383825
chr21	-57	1	590.0	0.1694915254237288
chr21	-56	1	601.0	0.16638935108153077
chr21	-55	0	612.0	0.0
chr21	-54	1	622.0	0.1607717041800643
chr21	-53	0	635.0	0.0
chr21	-52	1	640.0	0.15625
chr21	-51	0	647.0	0.0
chr21	-50	1	656.0	0.1524390243902439
chr21	-49	0	664.0	0.0
chr21	-48	2	671.0	0.29806259314456035
chr21	-47	0	678.0	0.0
chr21	-46	0	688.0	0.0
chr21	-45	3	693.0	0.4329004329004329
chr21	-44	2	701.0	0.28530670470756064
chr21	-43	0	706.0	0.0
chr21	-42	2	710.0	0.28169014084507044
chr21	-41	2	714.0	0.2801120448179272
chr21	-40	0	724.0	0.0
chr21	-39	0	735.0	0.0
chr21	-38	3	745.0	0.4026845637583893
chr21	-37	0	753.0	0.0
chr21	-36	2	763.0	0.2621231979030144
chr21	-35	15	771.0	1.9455252918287937
chr21	-34	0	776.0	0.0
chr21	-33	17	781.0	2.176696542893726
chr21	-32	1	787.0	0.12706480304955528
chr21	-31	17	791.0	2.1491782553729455
chr21	-30	1	799.0	0.1251564455569462
chr21	-29	15	814.0	1.8427518427518428
chr21	-28	0	828.0	0.0
chr21	-27	0	836.0	0.0
chr21	-26	1	843.0	0.11862396204033215
chr21	-25	1	847.0	0.11806375442739078
chr21	-24	0	853.0	0.0
chr21	-23	0	859.0	0.0
chr21	-22	0	862.0	0.0
chr21	-21	15	872.0	1.7201834862385321
chr21	-20	1	878.0	0.11389521640091116
chr21	-19	0	883.0	0.0
chr21	-18	1	891.0	0.11223344556677892
chr21	-17	1	895.0	0.11173184357541899
chr21	-16	0	899.0	0.0
chr21	-15	0	903.0	0.0
chr21	-14	8	908.0	0.881057268722467
chr21	-13	0	913.0	0.0
chr21	-12	0	918.0	0.0
chr21	-11	0	924.0	0.0
chr21	-10	3	927.0	0.3236245954692557
chr21	-9	0	927.0	0.0
chr21	-8	17	926.0	1.8358531317494602
chr21	-7	3	907.0	0.33076074972436603
chr21	-6	1	907.0	0.11025358324145534
chr21	-5	11	907.0	1.2127894156560088
chr21	-4	3	906.0	0.33112582781456956
chr21	-3	20	906.0	2.207505518763797
chr21	-2	5	858.0	0.5827505827505828
chr21	-1	62	843.0	7.354685646500593
chr21	0	40	670.0	5.970149253731343
chr21	1	10	708.0	1.4124293785310735
chr21	2	28	744.0	3.763440860215054
chr21	3	17	749.0	2.2696929238985315
chr21	4	16	748.0	2.13903743315508
chr21	5	6	743.0	0.8075370121130552
chr21	6	55	733.0	7.503410641200546
chr21	7	17	738.0	2.303523035230352
chr21	8	18	732.0	2.459016393442623
chr21	9	7	726.0	0.9641873278236914
chr21	10	30	718.0	4.178272980501393
chr21	11	31	714.0	4.341736694677871
chr21	12	13	706.0	1.8413597733711047
chr21	13	20	699.0	2.8612303290414878
chr21	14	7	691.0	1.0130246020260492
chr21	15	14	683.0	2.049780380673499
chr21	16	17	670.0	2.5373134328358207
chr21	17	6	665.0	0.9022556390977444
chr21	18	16	658.0	2.43161094224924
chr21	19	17	651.0	2.61136712749616
chr21	20	29	643.0	4.5101088646967336
chr21	21	7	638.0	1.09717868338558
chr21	22	5	633.0	0.7898894154818324
chr21	23	18	629.0	2.8616852146263914
chr21	24	24	621.0	3.864734299516908
chr21	25	7	615.0	1.1382113821138211
chr21	26	5	612.0	0.8169934640522877
chr21	27	17	606.0	2.8052805280528053
chr21	28	28	594.0	4.713804713804714
chr21	29	13	585.0	2.2222222222222223
chr21	30	23	577.0	3.9861351819757362
chr21	31	16	571.0	2.8021015761821366
chr21	32	19	560.0	3.392857142857143
chr21	33	10	551.0	1.8148820326678767
chr21	34	14	542.0	2.5830258302583027
chr21	35	13	539.0	2.411873840445269
chr21	36	10	528.0	1.893939393939394
chr21	37	18	525.0	3.428571428571429
chr21	38	13	518.0	2.5096525096525095
chr21	39	20	512.0	3.90625
chr21	40	3	505.0	0.594059405940594
chr21	41	5	495.0	1.0101010101010102
chr21	42	23	489.0	4.703476482617587
chr21	43	8	477.0	1.6771488469601679
chr21	44	12	472.0	2.5423728813559325
chr21	45	11	463.0	2.375809935205184
chr21	46	6	458.0	1.3100436681222707
chr21	47	11	453.0	2.4282560706401766
chr21	48	6	450.0	1.3333333333333335
chr21	49	8	439.0	1.8223234624145785
chr21	50	2	432.0	0.4629629629629629
chr21	51	3	424.0	0.7075471698113208
chr21	52	9	419.0	2.1479713603818613
chr21	53	15	411.0	3.64963503649635
chr21	54	12	402.0	2.9850746268656714
chr21	55	3	398.0	0.7537688442211055
chr21	56	9	388.0	2.3195876288659796
chr21	57	7	380.0	1.8421052631578945
chr21	58	5	369.0	1.3550135501355014
chr21	59	5	362.0	1.3812154696132597
chr21	60	4	348.0	1.1494252873563218
chr21	61	16	342.0	4.678362573099415
chr21	62	9	337.0	2.6706231454005933
chr21	63	7	332.0	2.108433734939759
chr21	64	8	322.0	2.484472049689441
chr21	65	6	312.0	1.9230769230769231
chr21	66	7	306.0	2.287581699346405
chr21	67	3	297.0	1.0101010101010102
chr21	68	5	285.0	1.7543859649122806
chr21	69	3	279.0	1.0752688172043012
chr21	70	4	271.0	1.4760147601476015
chr21	71	5	263.0	1.9011406844106464
chr21	72	3	253.0	1.185770750988142
chr21	73	4	249.0	1.6064257028112447
chr21	74	7	243.0	2.880658436213992
chr21	75	2	234.0	0.8547008547008548
chr21	76	7	230.0	3.0434782608695654
chr21	77	9	227.0	3.9647577092511015
chr21	78	9	218.0	4.128440366972478
chr21	79	2	213.0	0.9389671361502347
chr21	80	1	210.0	0.4761904761904762
chr21	81	5	203.0	2.4630541871921183
chr21	82	1	199.0	0.5025125628140703
chr21	83	2	193.0	1.0362694300518136
chr21	84	2	184.0	1.0869565217391304
chr21	85	5	178.0	2.8089887640449436
chr21	86	0	168.0	0.0
chr21	87	1	160.0	0.625
chr21	88	2	155.0	1.2903225806451613
chr21	89	6	149.0	4.026845637583892
chr21	90	2	145.0	1.3793103448275863
chr21	91	2	131.0	1.5267175572519083
chr21	92	1	123.0	0.8130081300813009
chr21	93	2	119.0	1.680672268907563
chr21	94	1	107.0	0.9345794392523363
chr21	95	3	103.0	2.912621359223301
chr21	96	1	99.0	1.0101010101010102
chr21	97	0	97.0	0.0
chr21	98	1	90.0	1.1111111111111112
chr21	99	0	78.0	0.0
chr21	100	2	72.0	2.7777777777777777
chr21	101	2	64.0	3.125
chr21	102	1	60.0	1.6666666666666667
chr21	103	0	56.0	0.0
chr21	104	0	52.0	0.0
chr21	105	0	48.0	0.0
chr21	106	1	40.0	2.5
chr21	107	1	34.0	2.941176470588235
chr21	108	0	26.0	0.0
chr21	109	0	19.0	0.0
chr21	110	0	18.0	0.0
chr21	111	0	16.0	0.0
chr21	112	1	14.0	7.142857142857142
chr21	113	0	11.0	0.0
chr21	114	0	8.0	0.0
chr21	115	0	3.0	0.0
chr21	116	0	1.0	0.0
chr21	117	0	0.0	nan
chr21	118	0	0.0	nan
chr21	119	0	0.0	nan
chr21	120	0	0.0	nan
chr21	121	0	0.0	nan
chr21	122	0	0.0	nan
chr21	123	0	0.0	nan
chr21	124	0	0.0	nan
chr21	125	0	0.0	nan
chr21	126	0	0.0	nan
chr21	127	0	0.0	nan
chr21	128	0	0.0	nan
chr21	129	0	0.0	nan
chr21	130	0	0.0	nan
chr22	-131	0	1.0	0.0
chr22	-130	0	2.0	0.0
chr22	-129	0	3.0	0.0
chr22	-128	0	5.0	0.0
chr22	-127	0	18.0	0.0
chr22	-126	0	26.0	0.0
chr22	-125	0	35.0	0.0
chr22	-124	0	48.0	0.0
chr22	-123	0	58.0	0.0
chr22	-122	2	74.0	2.7027027027027026
chr22	-121	0	87.0	0.0
chr22	-120	0	100.0	0.0
chr22	-119	0	116.0	0.0
chr22	-118	0	137.0	0.0
chr22	-117	0	156.0	0.0
chr22	-116	0	174.0	0.0
chr22	-115	0	181.0	0.0
chr22	-114	0	191.0	0.0
chr22	-113	0	199.0	0.0
chr22	-112	0	212.0	0.0
chr22	-111	0	229.0	0.0
chr22	-110	0	241.0	0.0
chr22	-109	0	257.0	0.0
chr22	-108	0	265.0	0.0
chr22	-107	0	277.0	0.0
chr22	-106	0	283.0	0.0
chr22	-105	0	296.0	0.0
chr22	-104	1	310.0	0.3225806451612903
chr22	-103	1	323.0	0.30959752321981426
chr22	-102	1	338.0	0.2958579881656805
chr22	-101	1	349.0	0.28653295128939826
chr22	-100	0	357.0	0.0
chr22	-99	10	370.0	2.7027027027027026
chr22	-98	3	386.0	0.7772020725388601
chr22	-97	1	395.0	0.25316455696202533
chr22	-96	0	405.0	0.0
chr22	-95	0	421.0	0.0
chr22	-94	3	433.0	0.6928406466512702
chr22	-93	2	451.0	0.4434589800443459
chr22	-92	2	458.0	0.43668122270742354
chr22	-91	3	470.0	0.6382978723404255
chr22	-90	0	490.0	0.0
chr22	-89	0	509.0	0.0
chr22	-88	14	519.0	2.697495183044316
chr22	-87	2	533.0	0.37523452157598497
chr22	-86	17	551.0	3.0852994555353903
chr22	-85	0	561.0	0.0
chr22	-84	1	575.0	0.17391304347826086
chr22	-83	0	591.0	0.0
chr22	-82	0	602.0	0.0
chr22	-81	1	616.0	0.16233766233766234
chr22	-80	3	624.0	0.4807692307692308
chr22	-79	9	633.0	1.4218009478672986
chr22	-78	3	649.0	0.46224961479198773
chr22	-77	1	657.0	0.15220700152207
chr22	-76	1	674.0	0.1483679525222552
chr22	-75	1	696.0	0.14367816091954022
chr22	-74	0	704.0	0.0
chr22	-73	0	717.0	0.0
chr22	-72	3	727.0	0.41265474552957354
chr22	-71	1	735.0	0.13605442176870747
chr22	-70	0	742.0	0.0
chr22	-69	1	752.0	0.13297872340425532
chr22	-68	1	761.0	0.1314060446780552
chr22	-67	1	773.0	0.129366106080207
chr22	-66	4	785.0	0.5095541401273885
chr22	-65	5	798.0	0.6265664160401002
chr22	-64	1	808.0	0.12376237623762376
chr22	-63	0	825.0	0.0
chr22	-62	1	836.0	0.11961722488038277
chr22	-61	7	848.0	0.8254716981132075
chr22	-60	0	864.0	0.0
chr22	-59	2	885.0	0.22598870056497175
chr22	-58	0	894.0	0.0
chr22	-57	0	912.0	0.0
chr22	-56	10	930.0	1.0752688172043012
chr22	-55	1	947.0	0.10559662090813093
chr22	-54	1	961.0	0.10405827263267431
chr22	-53	1	979.0	0.10214504596527069
chr22	-52	0	995.0	0.0
chr22	-51	1	1011.0	0.09891196834817012
chr22	-50	2	1019.0	0.19627085377821393
chr22	-49	2	1037.0	0.19286403085824494
chr22	-48	1	1047.0	0.09551098376313276
chr22	-47	14	1070.0	1.3084112149532712
chr22	-46	14	1079.0	1.2974976830398517
chr22	-45	7	1091.0	0.6416131989000917
chr22	-44	9	1098.0	0.819672131147541
chr22	-43	1	1114.0	0.08976660682226212
chr22	-42	2	1127.0	0.1774622892635315
chr22	-41	3	1137.0	0.2638522427440633
chr22	-40	16	1152.0	1.3888888888888888
chr22	-39	1	1166.0	0.08576329331046312
chr22	-38	1	1181.0	0.0846740050804403
chr22	-37	9	1203.0	0.7481296758104738
chr22	-36	19	1215.0	1.5637860082304527
chr22	-35	3	1227.0	0.24449877750611246
chr22	-34	1	1233.0	0.08110300081103002
chr22	-33	5	1246.0	0.40128410914927765
chr22	-32	3	1258.0	0.23847376788553257
chr22	-31	1	1269.0	0.07880220646178093
chr22	-30	4	1282.0	0.31201248049922
chr22	-29	3	1297.0	0.2313030069390902
chr22	-28	1	1311.0	0.07627765064836003
chr22	-27	5	1325.0	0.37735849056603776
chr22	-26	2	1338.0	0.14947683109118087
chr22	-25	10	1350.0	0.7407407407407408
chr22	-24	1	1369.0	0.07304601899196494
chr22	-23	0	1377.0	0.0
chr22	-22	2	1387.0	0.14419610670511895
chr22	-21	10	1401.0	0.7137758743754461
chr22	-20	3	1414.0	0.21216407355021216
chr22	-19	6	1424.0	0.42134831460674155
chr22	-18	16	1437.0	1.1134307585247043
chr22	-17	1	1445.0	0.06920415224913494
chr22	-16	4	1461.0	0.2737850787132101
chr22	-15	4	1469.0	0.2722940776038121
chr22	-14	22	1488.0	1.478494623655914
chr22	-13	2	1500.0	0.13333333333333333
chr22	-12	4	1510.0	0.26490066225165565
chr22	-11	11	1519.0	0.7241606319947334
chr22	-10	0	1527.0	0.0
chr22	-9	22	1526.0	1.4416775884665793
chr22	-8	5	1527.0	0.3274394237066143
chr22	-7	2	1527.0	0.13097576948264572
chr22	-6	2	1527.0	0.13097576948264572
chr22	-5	4	1526.0	0.2621231979030144
chr22	-4	1	1526.0	0.0655307994757536
chr22	-3	15	1527.0	0.9823182711198428
chr22	-2	7	1524.0	0.45931758530183725
chr22	-1	68	1519.0	4.476629361421988
chr22	0	118	1237.0	9.539207760711399
chr22	1	28	1270.0	2.204724409448819
chr22	2	26	1269.0	2.048857368006304
chr22	3	46	1255.0	3.6653386454183265
chr22	4	40	1248.0	3.205128205128205
chr22	5	39	1237.0	3.1527890056588523
chr22	6	51	1230.0	4.146341463414634
chr22	7	38	1204.0	3.1561461794019934
chr22	8	49	1196.0	4.096989966555184
chr22	9	51	1186.0	4.3001686340640815
chr22	10	36	1167.0	3.0848329048843186
chr22	11	31	1148.0	2.7003484320557494
chr22	12	27	1143.0	2.3622047244094486
chr22	13	60	1136.0	5.28169014084507
chr22	14	34	1127.0	3.0168589174800355
chr22	15	45	1116.0	4.032258064516129
chr22	16	24	1094.0	2.1937842778793417
chr22	17	48	1082.0	4.436229205175601
chr22	18	26	1070.0	2.4299065420560746
chr22	19	32	1060.0	3.018867924528302
chr22	20	45	1053.0	4.273504273504273
chr22	21	15	1047.0	1.4326647564469914
chr22	22	21	1036.0	2.027027027027027
chr22	23	30	1023.0	2.932551319648094
chr22	24	33	1011.0	3.2640949554896146
chr22	25	31	1007.0	3.0784508440913605
chr22	26	28	998.0	2.80561122244489
chr22	27	38	983.0	3.8657171922685656
chr22	28	28	966.0	2.898550724637681
chr22	29	25	959.0	2.6068821689259645
chr22	30	26	948.0	2.7426160337552745
chr22	31	26	930.0	2.795698924731183
chr22	32	34	924.0	3.67965367965368
chr22	33	32	917.0	3.4896401308615053
chr22	34	12	907.0	1.3230429988974641
chr22	35	47	893.0	5.263157894736842
chr22	36	28	883.0	3.1710079275198186
chr22	37	13	866.0	1.5011547344110854
chr22	38	17	854.0	1.9906323185011712
chr22	39	27	840.0	3.214285714285714
chr22	40	21	831.0	2.527075812274368
chr22	41	21	823.0	2.551640340218712
chr22	42	18	814.0	2.211302211302211
chr22	43	16	800.0	2.0
chr22	44	19	786.0	2.4173027989821882
chr22	45	37	777.0	4.761904761904762
chr22	46	33	766.0	4.308093994778068
chr22	47	11	759.0	1.4492753623188406
chr22	48	16	750.0	2.1333333333333333
chr22	49	17	739.0	2.3004059539918806
chr22	50	18	731.0	2.462380300957592
chr22	51	16	713.0	2.244039270687237
chr22	52	11	706.0	1.5580736543909348
chr22	53	10	695.0	1.4388489208633095
chr22	54	21	685.0	3.065693430656934
chr22	55	22	679.0	3.2400589101620034
chr22	56	11	669.0	1.6442451420029895
chr22	57	22	655.0	3.3587786259541987
chr22	58	21	647.0	3.2457496136012365
chr22	59	18	644.0	2.7950310559006213
chr22	60	21	634.0	3.3123028391167195
chr22	61	16	632.0	2.5316455696202533
chr22	62	11	614.0	1.7915309446254073
chr22	63	12	603.0	1.9900497512437811
chr22	64	19	595.0	3.1932773109243695
chr22	65	17	581.0	2.9259896729776247
chr22	66	9	564.0	1.5957446808510638
chr22	67	15	556.0	2.697841726618705
chr22	68	12	544.0	2.2058823529411766
chr22	69	13	532.0	2.443609022556391
chr22	70	11	522.0	2.10727969348659
chr22	71	10	505.0	1.9801980198019802
chr22	72	13	488.0	2.663934426229508
chr22	73	6	478.0	1.2552301255230125
chr22	74	9	461.0	1.9522776572668112
chr22	75	8	439.0	1.8223234624145785
chr22	76	5	431.0	1.160092807424594
chr22	77	9	424.0	2.1226415094339623
chr22	78	8	412.0	1.9417475728155338
chr22	79	6	397.0	1.5113350125944585
chr22	80	6	387.0	1.550387596899225
chr22	81	5	382.0	1.3089005235602094
chr22	82	11	367.0	2.997275204359673
chr22	83	8	356.0	2.247191011235955
chr22	84	11	349.0	3.151862464183381
chr22	85	8	338.0	2.366863905325444
chr22	86	4	326.0	1.2269938650306749
chr22	87	8	306.0	2.6143790849673203
chr22	88	9	293.0	3.0716723549488054
chr22	89	5	281.0	1.7793594306049825
chr22	90	8	270.0	2.9629629629629632
chr22	91	5	263.0	1.9011406844106464
chr22	92	3	252.0	1.1904761904761905
chr22	93	9	248.0	3.6290322580645165
chr22	94	8	236.0	3.389830508474576
chr22	95	6	230.0	2.608695652173913
chr22	96	8	220.0	3.6363636363636362
chr22	97	9	209.0	4.30622009569378
chr22	98	7	198.0	3.535353535353535
chr22	99	3	189.0	1.5873015873015872
chr22	100	3	176.0	1.7045454545454544
chr22	101	3	165.0	1.8181818181818181
chr22	102	9	154.0	5.844155844155844
chr22	103	5	137.0	3.64963503649635
chr22	104	3	127.0	2.3622047244094486
chr22	105	4	116.0	3.4482758620689653
chr22	106	0	104.0	0.0
chr22	107	1	95.0	1.0526315789473684
chr22	108	0	83.0	0.0
chr22	109	4	75.0	5.333333333333334
chr22	110	3	61.0	4.918032786885246
chr22	111	0	47.0	0.0
chr22	112	3	37.0	8.108108108108109
chr22	113	0	24.0	0.0
chr22	114	0	16.0	0.0
chr22	115	1	11.0	9.090909090909092
chr22	116	0	7.0	0.0
chr22	117	0	0.0	nan
chr22	118	0	0.0	nan
chr22	119	0	0.0	nan
chr22	120	0	0.0	nan
chr22	121	0	0.0	nan
chr22	122	0	0.0	nan
chr22	123	0	0.0	nan
chr22	124	0	0.0	nan
chr22	125	0	0.0	nan
chr22	126	0	0.0	nan
chr22	127	0	0.0	nan
chr22	128	0	0.0	nan
chr22	129	0	0.0	nan
chr22	130	0	0.0	nan
chr22	131	0	0.0	nan
chr22	132	0	0.0	nan
chr22	133	0	0.0	nan
chr22	134	0	0.0	nan
chr22	135	0	0.0	nan
chrX	-130	0	2.0	0.0
chrX	-129	0	12.0	0.0
chrX	-128	0	18.0	0.0
chrX	-127	0	23.0	0.0
chrX	-126	0	38.0	0.0
chrX	-125	0	47.0	0.0
chrX	-124	0	69.0	0.0
chrX	-123	0	85.0	0.0
chrX	-122	0	102.0	0.0
chrX	-121	0	120.0	0.0
chrX	-120	0	147.0	0.0
chrX	-119	0	162.0	0.0
chrX	-118	0	174.0	0.0
chrX	-117	0	190.0	0.0
chrX	-116	0	206.0	0.0
chrX	-115	0	227.0	0.0
chrX	-114	0	251.0	0.0
chrX	-113	0	270.0	0.0
chrX	-112	0	292.0	0.0
chrX	-111	1	317.0	0.31545741324921134
chrX	-110	1	332.0	0.30120481927710846
chrX	-109	1	352.0	0.2840909090909091
chrX	-108	1	373.0	0.2680965147453083
chrX	-107	0	387.0	0.0
chrX	-106	5	402.0	1.2437810945273633
chrX	-105	0	421.0	0.0
chrX	-104	0	436.0	0.0
chrX	-103	1	456.0	0.21929824561403508
chrX	-102	0	479.0	0.0
chrX	-101	0	492.0	0.0
chrX	-100	1	514.0	0.19455252918287938
chrX	-99	0	531.0	0.0
chrX	-98	0	549.0	0.0
chrX	-97	4	564.0	0.7092198581560284
chrX	-96	0	581.0	0.0
chrX	-95	1	602.0	0.16611295681063123
chrX	-94	1	628.0	0.15923566878980894
chrX	-93	0	642.0	0.0
chrX	-92	0	666.0	0.0
chrX	-91	0	679.0	0.0
chrX	-90	1	690.0	0.14492753623188406
chrX	-89	0	706.0	0.0
chrX	-88	2	722.0	0.2770083102493075
chrX	-87	0	745.0	0.0
chrX	-86	3	759.0	0.3952569169960474
chrX	-85	0	784.0	0.0
chrX	-84	6	801.0	0.7490636704119851
chrX	-83	2	817.0	0.24479804161566704
chrX	-82	0	842.0	0.0
chrX	-81	0	859.0	0.0
chrX	-80	3	885.0	0.3389830508474576
chrX	-79	0	908.0	0.0
chrX	-78	10	932.0	1.0729613733905579
chrX	-77	2	954.0	0.20964360587002098
chrX	-76	0	972.0	0.0
chrX	-75	2	995.0	0.20100502512562815
chrX	-74	3	1015.0	0.2955665024630542
chrX	-73	7	1038.0	0.674373795761079
chrX	-72	3	1053.0	0.2849002849002849
chrX	-71	1	1078.0	0.0927643784786642
chrX	-70	1	1093.0	0.09149130832570906
chrX	-69	0	1114.0	0.0
chrX	-68	2	1141.0	0.175284837861525
chrX	-67	1	1158.0	0.08635578583765112
chrX	-66	2	1179.0	0.16963528413910092
chrX	-65	6	1203.0	0.4987531172069825
chrX	-64	1	1223.0	0.08176614881439084
chrX	-63	11	1242.0	0.8856682769726247
chrX	-62	1	1250.0	0.08
chrX	-61	1	1269.0	0.07880220646178093
chrX	-60	2	1291.0	0.1549186676994578
chrX	-59	1	1312.0	0.07621951219512195
chrX	-58	2	1326.0	0.1508295625942685
chrX	-57	3	1346.0	0.22288261515601782
chrX	-56	0	1363.0	0.0
chrX	-55	2	1376.0	0.14534883720930233
chrX	-54	2	1391.0	0.14378145219266716
chrX	-53	5	1402.0	0.3566333808844508
chrX	-52	2	1426.0	0.1402524544179523
chrX	-51	3	1449.0	0.2070393374741201
chrX	-50	2	1466.0	0.1364256480218281
chrX	-49	1	1480.0	0.06756756756756757
chrX	-48	2	1497.0	0.13360053440213762
chrX	-47	8	1517.0	0.5273566249176005
chrX	-46	5	1533.0	0.32615786040443573
chrX	-45	5	1550.0	0.3225806451612903
chrX	-44	1	1567.0	0.06381620931716657
chrX	-43	0	1593.0	0.0
chrX	-42	13	1613.0	0.805951642901426
chrX	-41	1	1633.0	0.0612369871402327
chrX	-40	11	1660.0	0.6626506024096386
chrX	-39	1	1676.0	0.05966587112171838
chrX	-38	8	1699.0	0.47086521483225424
chrX	-37	11	1714.0	0.6417736289381564
chrX	-36	2	1719.0	0.11634671320535195
chrX	-35	0	1735.0	0.0
chrX	-34	3	1752.0	0.17123287671232876
chrX	-33	2	1773.0	0.1128031584884377
chrX	-32	12	1805.0	0.6648199445983379
chrX	-31	13	1825.0	0.7123287671232876
chrX	-30	3	1855.0	0.16172506738544476
chrX	-29	1	1874.0	0.05336179295624333
chrX	-28	13	1890.0	0.6878306878306878
chrX	-27	5	1908.0	0.2620545073375262
chrX	-26	2	1928.0	0.1037344398340249
chrX	-25	2	1938.0	0.10319917440660474
chrX	-24	3	1961.0	0.1529831718510964
chrX	-23	4	1984.0	0.20161290322580644
chrX	-22	10	1995.0	0.5012531328320802
chrX	-21	4	2016.0	0.1984126984126984
chrX	-20	5	2037.0	0.24545900834560627
chrX	-19	4	2051.0	0.19502681618722573
chrX	-18	3	2065.0	0.14527845036319612
chrX	-17	5	2074.0	0.2410800385728062
chrX	-16	3	2095.0	0.1431980906921241
chrX	-15	3	2108.0	0.14231499051233396
chrX	-14	2	2123.0	0.09420631182289213
chrX	-13	6	2146.0	0.27958993476234856
chrX	-12	3	2157.0	0.13908205841446453
chrX	-11	2	2156.0	0.0927643784786642
chrX	-10	2	2166.0	0.09233610341643582
chrX	-9	4	2166.0	0.18467220683287164
chrX	-8	5	2177.0	0.22967386311437757
chrX	-7	10	2178.0	0.4591368227731864
chrX	-6	2	2175.0	0.09195402298850575
chrX	-5	6	2171.0	0.2763703362505758
chrX	-4	5	2179.0	0.2294630564479119
chrX	-3	12	2178.0	0.5509641873278237
chrX	-2	8	2175.0	0.367816091954023
chrX	-1	98	2142.0	4.57516339869281
chrX	0	177	1767.0	10.0169779286927
chrX	1	27	1812.0	1.490066225165563
chrX	2	44	1790.0	2.4581005586592175
chrX	3	65	1788.0	3.6353467561521255
chrX	4	41	1768.0	2.319004524886878
chrX	5	47	1755.0	2.678062678062678
chrX	6	32	1735.0	1.8443804034582134
chrX	7	39	1715.0	2.2740524781341107
chrX	8	51	1697.0	3.00530347672363
chrX	9	48	1682.0	2.853745541022592
chrX	10	40	1665.0	2.4024024024024024
chrX	11	52	1651.0	3.149606299212598
chrX	12	33	1637.0	2.0158827122785583
chrX	13	32	1610.0	1.9875776397515528
chrX	14	24	1588.0	1.5113350125944585
chrX	15	52	1568.0	3.316326530612245
chrX	16	21	1555.0	1.35048231511254
chrX	17	45	1536.0	2.9296875
chrX	18	52	1514.0	3.4346103038309117
chrX	19	43	1498.0	2.8704939919893193
chrX	20	23	1483.0	1.5509103169251517
chrX	21	36	1463.0	2.460697197539303
chrX	22	42	1450.0	2.896551724137931
chrX	23	24	1433.0	1.6748080949057922
chrX	24	39	1420.0	2.746478873239437
chrX	25	5	1399.0	0.35739814152966404
chrX	26	20	1387.0	1.4419610670511895
chrX	27	28	1370.0	2.0437956204379564
chrX	28	29	1354.0	2.1418020679468244
chrX	29	29	1347.0	2.1529324424647367
chrX	30	27	1334.0	2.0239880059970012
chrX	31	30	1321.0	2.2710068130204393
chrX	32	22	1303.0	1.688411358403684
chrX	33	30	1285.0	2.3346303501945527
chrX	34	29	1270.0	2.283464566929134
chrX	35	16	1254.0	1.2759170653907497
chrX	36	26	1246.0	2.086677367576244
chrX	37	32	1234.0	2.593192868719611
chrX	38	24	1215.0	1.9753086419753085
chrX	39	25	1201.0	2.0815986677768525
chrX	40	21	1187.0	1.7691659646166806
chrX	41	31	1174.0	2.6405451448040886
chrX	42	22	1151.0	1.9113814074717639
chrX	43	22	1135.0	1.9383259911894273
chrX	44	25	1118.0	2.23613595706619
chrX	45	34	1098.0	3.096539162112933
chrX	46	22	1083.0	2.0313942751615883
chrX	47	21	1069.0	1.9644527595884003
chrX	48	18	1048.0	1.717557251908397
chrX	49	23	1038.0	2.2157996146435455
chrX	50	18	1013.0	1.7769002961500493
chrX	51	19	1000.0	1.9
chrX	52	17	981.0	1.7329255861365953
chrX	53	21	957.0	2.19435736677116
chrX	54	13	940.0	1.3829787234042552
chrX	55	21	929.0	2.2604951560818085
chrX	56	27	914.0	2.954048140043764
chrX	57	19	894.0	2.1252796420581657
chrX	58	13	876.0	1.4840182648401825
chrX	59	16	851.0	1.8801410105757932
chrX	60	15	839.0	1.7878426698450536
chrX	61	11	822.0	1.338199513381995
chrX	62	21	808.0	2.599009900990099
chrX	63	12	791.0	1.5170670037926675
chrX	64	31	776.0	3.994845360824742
chrX	65	23	768.0	2.994791666666667
chrX	66	16	746.0	2.1447721179624666
chrX	67	19	736.0	2.5815217391304346
chrX	68	23	715.0	3.2167832167832167
chrX	69	7	700.0	1.0
chrX	70	14	678.0	2.0648967551622417
chrX	71	8	663.0	1.206636500754148
chrX	72	20	658.0	3.0395136778115504
chrX	73	16	648.0	2.4691358024691357
chrX	74	5	636.0	0.7861635220125787
chrX	75	15	617.0	2.4311183144246353
chrX	76	8	595.0	1.3445378151260505
chrX	77	10	579.0	1.7271157167530224
chrX	78	12	564.0	2.127659574468085
chrX	79	22	549.0	4.007285974499089
chrX	80	5	531.0	0.9416195856873822
chrX	81	6	516.0	1.1627906976744187
chrX	82	6	507.0	1.183431952662722
chrX	83	8	495.0	1.6161616161616161
chrX	84	11	473.0	2.3255813953488373
chrX	85	7	455.0	1.5384615384615385
chrX	86	5	440.0	1.1363636363636365
chrX	87	13	422.0	3.080568720379147
chrX	88	6	409.0	1.466992665036675
chrX	89	14	390.0	3.5897435897435894
chrX	90	6	378.0	1.5873015873015872
chrX	91	6	364.0	1.6483516483516485
chrX	92	6	349.0	1.7191977077363898
chrX	93	6	340.0	1.7647058823529411
chrX	94	4	320.0	1.25
chrX	95	3	303.0	0.9900990099009901
chrX	96	12	281.0	4.270462633451958
chrX	97	2	259.0	0.7722007722007722
chrX	98	9	247.0	3.643724696356275
chrX	99	3	230.0	1.3043478260869565
chrX	100	6	216.0	2.7777777777777777
chrX	101	1	197.0	0.5076142131979695
chrX	102	3	185.0	1.6216216216216217
chrX	103	2	172.0	1.1627906976744187
chrX	104	4	153.0	2.6143790849673203
chrX	105	2	142.0	1.4084507042253522
chrX	106	4	119.0	3.361344537815126
chrX	107	1	113.0	0.8849557522123894
chrX	108	1	99.0	1.0101010101010102
chrX	109	0	90.0	0.0
chrX	110	0	81.0	0.0
chrX	111	1	62.0	1.6129032258064515
chrX	112	0	42.0	0.0
chrX	113	0	33.0	0.0
chrX	114	1	23.0	4.3478260869565215
chrX	115	0	17.0	0.0
chrX	116	0	5.0	0.0
chrX	117	0	0.0	nan
chrX	118	0	0.0	nan
chrX	119	0	0.0	nan
chrX	120	0	0.0	nan
chrX	121	0	0.0	nan
chrX	122	0	0.0	nan
chrX	123	0	0.0	nan
chrX	124	0	0.0	nan
chrX	125	0	0.0	nan
chrX	126	0	0.0	nan
chrX	127	0	0.0	nan
chrX	128	0	0.0	nan
chrX	129	0	0.0	nan
chrX	130	0	0.0	nan
