chr1	-153	0	0.0	nan
chr1	-152	0	0.0	nan
chr1	-151	0	0.0	nan
chr1	-150	0	0.0	nan
chr1	-149	0	0.0	nan
chr1	-148	0	0.0	nan
chr1	-147	0	0.0	nan
chr1	-146	0	0.0	nan
chr1	-145	0	0.0	nan
chr1	-144	0	0.0	nan
chr1	-143	0	0.0	nan
chr1	-142	0	0.0	nan
chr1	-141	0	0.0	nan
chr1	-140	0	0.0	nan
chr1	-139	0	8.0	0.0
chr1	-138	0	9.0	0.0
chr1	-137	0	12.0	0.0
chr1	-136	0	19.0	0.0
chr1	-135	0	25.0	0.0
chr1	-134	1	41.0	2.4390243902439024
chr1	-133	0	860.0	0.0
chr1	-132	2	1824.0	0.10964912280701754
chr1	-131	1	2868.0	0.03486750348675035
chr1	-130	2	3951.0	0.05062009617818274
chr1	-129	11	5072.0	0.2168769716088328
chr1	-128	14	6159.0	0.22730962818639389
chr1	-127	8	7261.0	0.11017766147913512
chr1	-126	14	8328.0	0.16810758885686838
chr1	-125	16	9444.0	0.16941973739940702
chr1	-124	24	10541.0	0.22768238307560953
chr1	-123	17	11666.0	0.1457226127207269
chr1	-122	21	12760.0	0.164576802507837
chr1	-121	35	13783.0	0.25393600812595224
chr1	-120	29	14907.0	0.19453947809753808
chr1	-119	21	16028.0	0.13102071375093585
chr1	-118	39	17181.0	0.22699493626680634
chr1	-117	43	18241.0	0.23573269009374487
chr1	-116	49	19359.0	0.25311224753344697
chr1	-115	39	20508.0	0.1901696898771211
chr1	-114	41	21641.0	0.18945520077630423
chr1	-113	41	22777.0	0.18000614655134564
chr1	-112	43	23822.0	0.18050541516245489
chr1	-111	45	24959.0	0.18029568492327416
chr1	-110	61	26051.0	0.2341560784614794
chr1	-109	46	27191.0	0.16917362362546431
chr1	-108	60	28268.0	0.21225413895570966
chr1	-107	79	29344.0	0.26922028353326066
chr1	-106	66	30477.0	0.2165567477113889
chr1	-105	99	31611.0	0.3131821201480497
chr1	-104	45	32721.0	0.13752635921885026
chr1	-103	67	33776.0	0.19836570345807672
chr1	-102	64	34847.0	0.1836599994260625
chr1	-101	100	35938.0	0.2782569981635038
chr1	-100	86	37049.0	0.23212502361737158
chr1	-99	75	38163.0	0.19652543039069256
chr1	-98	109	39234.0	0.27782025793954224
chr1	-97	73	40349.0	0.18092146025923816
chr1	-96	81	41426.0	0.19552937768551154
chr1	-95	83	42523.0	0.19518848623098087
chr1	-94	121	43603.0	0.2775038414787973
chr1	-93	105	44646.0	0.23518344308560676
chr1	-92	110	45767.0	0.24034784888675248
chr1	-91	93	46887.0	0.19834922259901466
chr1	-90	120	48005.0	0.24997396104572442
chr1	-89	103	49080.0	0.20986145069274653
chr1	-88	99	50250.0	0.19701492537313434
chr1	-87	91	51371.0	0.1771427459072239
chr1	-86	103	52488.0	0.19623532998018595
chr1	-85	124	53623.0	0.23124405572235796
chr1	-84	119	54741.0	0.21738733307758354
chr1	-83	150	55913.0	0.2682739255629281
chr1	-82	124	57017.0	0.21747899749197608
chr1	-81	125	58085.0	0.21520185934406472
chr1	-80	157	59172.0	0.26532819576826877
chr1	-79	145	60297.0	0.2404763089374264
chr1	-78	128	61423.0	0.2083909936017453
chr1	-77	160	62541.0	0.2558321740937945
chr1	-76	152	63688.0	0.23866348448687352
chr1	-75	166	64815.0	0.2561135539612744
chr1	-74	164	65885.0	0.24891857023601732
chr1	-73	153	67058.0	0.2281606967103105
chr1	-72	161	68147.0	0.23625398036597353
chr1	-71	133	69287.0	0.19195520083132478
chr1	-70	177	70396.0	0.25143474061026194
chr1	-69	220	71477.0	0.307791317486744
chr1	-68	168	72577.0	0.23147829202088818
chr1	-67	148	73705.0	0.20080048843362053
chr1	-66	170	74831.0	0.22717857572396466
chr1	-65	163	75977.0	0.2145386103689274
chr1	-64	224	77075.0	0.29062601362309437
chr1	-63	186	78140.0	0.23803429741489635
chr1	-62	226	79295.0	0.28501166530046035
chr1	-61	197	80391.0	0.24505230685026932
chr1	-60	226	81537.0	0.2771747795479353
chr1	-59	188	82690.0	0.2273551820050792
chr1	-58	180	83778.0	0.21485354150254243
chr1	-57	249	84915.0	0.29323441088146973
chr1	-56	230	86050.0	0.2672864613596746
chr1	-55	198	87110.0	0.22729881758695902
chr1	-54	184	88223.0	0.20856239302676172
chr1	-53	199	89357.0	0.22270219456785703
chr1	-52	156	90464.0	0.17244428723027946
chr1	-51	304	91533.0	0.3321206559382955
chr1	-50	214	92596.0	0.23111149509698042
chr1	-49	220	93734.0	0.23470672328077327
chr1	-48	289	94845.0	0.30470768095313405
chr1	-47	214	95954.0	0.22302353210913564
chr1	-46	296	97059.0	0.304969142480347
chr1	-45	253	98177.0	0.25769783146765535
chr1	-44	233	99279.0	0.23469213025916863
chr1	-43	437	100413.0	0.4352026132074532
chr1	-42	210	101610.0	0.20667257159728372
chr1	-41	222	102696.0	0.21617200280439355
chr1	-40	267	103842.0	0.25712139596694983
chr1	-39	219	104910.0	0.2087503574492422
chr1	-38	289	106050.0	0.2725129655822725
chr1	-37	343	107156.0	0.32009406846093547
chr1	-36	295	108252.0	0.2725122861471382
chr1	-35	309	109329.0	0.2826331531432648
chr1	-34	309	110480.0	0.2796886314265025
chr1	-33	267	111615.0	0.2392151592527886
chr1	-32	254	112684.0	0.2254091086578396
chr1	-31	351	113806.0	0.3084195912342056
chr1	-30	310	114921.0	0.26975052427319635
chr1	-29	422	116062.0	0.3635987661766987
chr1	-28	337	117124.0	0.28772924421980123
chr1	-27	336	118238.0	0.28417260102505115
chr1	-26	390	119300.0	0.3269069572506287
chr1	-25	364	120422.0	0.30227034927172775
chr1	-24	363	121561.0	0.2986155099086056
chr1	-23	334	122566.0	0.2725062415351729
chr1	-22	418	123658.0	0.33802908020508177
chr1	-21	413	124703.0	0.3311869000745772
chr1	-20	365	125851.0	0.2900255063527505
chr1	-19	332	126893.0	0.2616377577959383
chr1	-18	452	127941.0	0.3532878436154165
chr1	-17	426	129001.0	0.3302299982170681
chr1	-16	393	130065.0	0.30215661400069194
chr1	-15	448	131252.0	0.3413281321427483
chr1	-14	460	132318.0	0.3476473344518508
chr1	-13	441	133350.0	0.3307086614173228
chr1	-12	436	134410.0	0.324380626441485
chr1	-11	596	135425.0	0.4400959940926712
chr1	-10	542	136376.0	0.3974306329559453
chr1	-9	517	136417.0	0.3789850238606625
chr1	-8	580	136451.0	0.42506101091234216
chr1	-7	561	136431.0	0.4111968687468391
chr1	-6	559	136428.0	0.4097399360835019
chr1	-5	637	136439.0	0.4668753069137123
chr1	-4	634	136430.0	0.4647071758410907
chr1	-3	622	136444.0	0.45586467708363876
chr1	-2	931	136395.0	0.6825763407749551
chr1	-1	2506	135964.0	1.8431349474860994
chr1	0	4762	131899.0	3.6103382133298965
chr1	1	1378	131286.0	1.0496168669926726
chr1	2	905	130253.0	0.6948016552401864
chr1	3	1241	129106.0	0.9612256595355754
chr1	4	1193	127996.0	0.9320603768867777
chr1	5	1248	126902.0	0.983436037257096
chr1	6	1464	125630.0	1.1653267531640532
chr1	7	1044	124503.0	0.8385340112286451
chr1	8	1292	123355.0	1.0473835677516112
chr1	9	1175	122262.0	0.9610508579934893
chr1	10	1328	121138.0	1.0962703693308458
chr1	11	1133	120016.0	0.9440407945607252
chr1	12	1059	118820.0	0.8912640969533748
chr1	13	1115	117722.0	0.9471466675727562
chr1	14	1032	116562.0	0.8853657281103618
chr1	15	967	115399.0	0.8379622007123113
chr1	16	1105	114268.0	0.9670248888577729
chr1	17	916	113144.0	0.8095877819415965
chr1	18	966	111996.0	0.8625308046715954
chr1	19	895	110883.0	0.8071570935129821
chr1	20	926	109845.0	0.8430060539851609
chr1	21	871	108707.0	0.8012363509249634
chr1	22	974	107621.0	0.9050278291411527
chr1	23	950	106498.0	0.8920355311836843
chr1	24	848	105435.0	0.8042870014701001
chr1	25	840	104310.0	0.805291918320391
chr1	26	839	103213.0	0.8128820981853061
chr1	27	831	102075.0	0.8141072740631888
chr1	28	817	101030.0	0.8086706918737009
chr1	29	777	99970.0	0.7772331699509853
chr1	30	795	98902.0	0.803826009585246
chr1	31	688	97835.0	0.7032248172944243
chr1	32	860	96708.0	0.8892749307192787
chr1	33	806	95607.0	0.8430345058416225
chr1	34	731	94499.0	0.773553159292691
chr1	35	774	93406.0	0.8286405584223712
chr1	36	782	92345.0	0.8468244084682441
chr1	37	726	91270.0	0.7954420948833132
chr1	38	665	90237.0	0.736948258474905
chr1	39	643	89168.0	0.7211107123631796
chr1	40	699	88074.0	0.7936507936507936
chr1	41	699	86918.0	0.804206263374675
chr1	42	727	85827.0	0.8470527922448647
chr1	43	638	84797.0	0.7523851079637252
chr1	44	637	83710.0	0.7609604587265559
chr1	45	742	82539.0	0.8989689722434243
chr1	46	645	81445.0	0.7919454846829148
chr1	47	667	80328.0	0.8303455831092521
chr1	48	649	79231.0	0.8191238277946763
chr1	49	604	78083.0	0.7735358528745053
chr1	50	642	76978.0	0.8340045207721686
chr1	51	538	75938.0	0.7084727014143117
chr1	52	617	74836.0	0.8244695066545513
chr1	53	538	73801.0	0.7289874120946871
chr1	54	526	72674.0	0.7237801689737733
chr1	55	569	71587.0	0.7948370514199505
chr1	56	563	70448.0	0.7991710197592551
chr1	57	525	69344.0	0.757095062298108
chr1	58	525	68298.0	0.7686901519810243
chr1	59	556	67199.0	0.8273932647807258
chr1	60	464	66057.0	0.702423664411039
chr1	61	511	64961.0	0.7866258216468343
chr1	62	454	63865.0	0.7108745009003367
chr1	63	515	62851.0	0.8193982593753482
chr1	64	498	61758.0	0.8063732633828816
chr1	65	392	60620.0	0.6466512702078522
chr1	66	403	59533.0	0.6769354811617087
chr1	67	416	58418.0	0.7121092813858743
chr1	68	480	57340.0	0.8371119637251482
chr1	69	404	56283.0	0.7178011122363769
chr1	70	388	55212.0	0.7027457799029196
chr1	71	415	54144.0	0.766474586288416
chr1	72	359	53058.0	0.676618040634777
chr1	73	398	51939.0	0.7662835249042145
chr1	74	414	50860.0	0.81399921352733
chr1	75	394	49794.0	0.791259991163594
chr1	76	337	48732.0	0.6915373881638348
chr1	77	373	47652.0	0.7827583312347854
chr1	78	335	46568.0	0.7193781137261639
chr1	79	328	45470.0	0.721354739388608
chr1	80	334	44393.0	0.752370869281193
chr1	81	334	43387.0	0.7698158434554129
chr1	82	332	42330.0	0.7843137254901961
chr1	83	284	41240.0	0.6886517943743938
chr1	84	344	40181.0	0.8561260297155373
chr1	85	336	39116.0	0.8589835361488906
chr1	86	247	38036.0	0.649384793353665
chr1	87	252	36935.0	0.6822796805198321
chr1	88	246	35850.0	0.6861924686192469
chr1	89	286	34729.0	0.8235192490425869
chr1	90	282	33613.0	0.8389611162347901
chr1	91	223	32576.0	0.6845530451866404
chr1	92	225	31467.0	0.7150347983601869
chr1	93	247	30399.0	0.8125267278528898
chr1	94	237	29289.0	0.8091775069138585
chr1	95	207	28224.0	0.7334183673469388
chr1	96	196	27156.0	0.7217557814111062
chr1	97	152	26135.0	0.5815955615075569
chr1	98	200	25056.0	0.7982120051085568
chr1	99	190	23933.0	0.7938829231604896
chr1	100	191	22941.0	0.8325705069526176
chr1	101	179	21841.0	0.8195595439769242
chr1	102	128	20780.0	0.6159769008662175
chr1	103	168	19646.0	0.8551359055278427
chr1	104	141	18582.0	0.7587988375847595
chr1	105	121	17503.0	0.6913100611323773
chr1	106	117	16447.0	0.71137593482094
chr1	107	132	15365.0	0.8590953465668728
chr1	108	95	14267.0	0.6658722927034415
chr1	109	109	13286.0	0.8204124642480807
chr1	110	100	12213.0	0.8187996397281585
chr1	111	84	11146.0	0.7536335905257491
chr1	112	97	10061.0	0.9641188748633336
chr1	113	57	9034.0	0.630949745406243
chr1	114	57	7994.0	0.7130347760820616
chr1	115	39	6930.0	0.5627705627705628
chr1	116	44	5879.0	0.7484266031638034
chr1	117	31	4793.0	0.6467765491341539
chr1	118	28	3726.0	0.7514761137949544
chr1	119	16	2706.0	0.5912786400591279
chr1	120	14	1670.0	0.8383233532934131
chr1	121	2	760.0	0.2631578947368421
chr1	122	0	0.0	nan
chr1	123	0	0.0	nan
chr1	124	0	0.0	nan
chr1	125	0	0.0	nan
chr1	126	0	0.0	nan
chr1	127	0	0.0	nan
chr1	128	0	0.0	nan
chr1	129	0	0.0	nan
chr1	130	0	0.0	nan
chr1	131	0	0.0	nan
chr1	132	0	0.0	nan
chr1	133	0	0.0	nan
chr1	134	0	0.0	nan
chr1	135	0	0.0	nan
chr1	136	0	0.0	nan
chr1	137	0	0.0	nan
chr1	138	0	0.0	nan
chr1	139	0	0.0	nan
chr1	140	0	0.0	nan
chr1	141	0	0.0	nan
chr1	142	0	0.0	nan
chr1	143	0	0.0	nan
chr1	144	0	0.0	nan
chr1	145	0	0.0	nan
chr1	146	0	0.0	nan
chr1	147	0	0.0	nan
chr1	148	0	0.0	nan
chr1	149	0	0.0	nan
chr2	-143	0	0.0	nan
chr2	-142	0	0.0	nan
chr2	-141	0	0.0	nan
chr2	-140	0	0.0	nan
chr2	-139	0	4.0	0.0
chr2	-138	0	4.0	0.0
chr2	-137	0	7.0	0.0
chr2	-136	0	10.0	0.0
chr2	-135	0	14.0	0.0
chr2	-134	0	20.0	0.0
chr2	-133	0	311.0	0.0
chr2	-132	0	650.0	0.0
chr2	-131	0	1019.0	0.0
chr2	-130	1	1417.0	0.07057163020465773
chr2	-129	1	1834.0	0.05452562704471102
chr2	-128	0	2194.0	0.0
chr2	-127	1	2612.0	0.03828483920367535
chr2	-126	2	3021.0	0.066203243958954
chr2	-125	2	3404.0	0.05875440658049354
chr2	-124	11	3790.0	0.29023746701846964
chr2	-123	6	4165.0	0.14405762304921968
chr2	-122	11	4524.0	0.2431476569407604
chr2	-121	9	4931.0	0.18251875887243968
chr2	-120	18	5329.0	0.3377744417339088
chr2	-119	10	5771.0	0.17328019407381737
chr2	-118	8	6141.0	0.13027194268034523
chr2	-117	20	6545.0	0.30557677616501144
chr2	-116	15	6941.0	0.21610718916582625
chr2	-115	17	7353.0	0.23119815041479666
chr2	-114	30	7732.0	0.38799793067770305
chr2	-113	7	8135.0	0.08604794099569761
chr2	-112	11	8535.0	0.12888107791446982
chr2	-111	26	8911.0	0.2917742116485243
chr2	-110	15	9339.0	0.16061676839061997
chr2	-109	12	9742.0	0.12317799219872716
chr2	-108	11	10082.0	0.10910533624280898
chr2	-107	10	10483.0	0.09539254030334827
chr2	-106	23	10897.0	0.21106726622006056
chr2	-105	14	11305.0	0.12383900928792571
chr2	-104	20	11744.0	0.17029972752043596
chr2	-103	21	12148.0	0.17286796180441225
chr2	-102	22	12556.0	0.1752150366358713
chr2	-101	18	12948.0	0.13901760889712697
chr2	-100	16	13276.0	0.12051822838204278
chr2	-99	16	13660.0	0.1171303074670571
chr2	-98	24	14025.0	0.1711229946524064
chr2	-97	22	14440.0	0.15235457063711913
chr2	-96	34	14852.0	0.22892539725289526
chr2	-95	23	15261.0	0.15071096258436537
chr2	-94	42	15633.0	0.26866244482824797
chr2	-93	41	16035.0	0.2556906766448394
chr2	-92	30	16446.0	0.18241517694272164
chr2	-91	29	16867.0	0.17193336100077072
chr2	-90	68	17257.0	0.39404299704467755
chr2	-89	31	17669.0	0.17544852566642144
chr2	-88	32	18047.0	0.1773147891616335
chr2	-87	37	18466.0	0.20036824434095094
chr2	-86	39	18893.0	0.20642566029746467
chr2	-85	26	19302.0	0.1347010672469174
chr2	-84	55	19681.0	0.2794573446471216
chr2	-83	40	20104.0	0.19896538002387587
chr2	-82	19	20534.0	0.09252946332911269
chr2	-81	45	20915.0	0.2151565861821659
chr2	-80	41	21297.0	0.19251537775273514
chr2	-79	43	21658.0	0.19854095484347586
chr2	-78	43	22069.0	0.19484344555711633
chr2	-77	31	22482.0	0.13788808824837648
chr2	-76	30	22904.0	0.1309814879497031
chr2	-75	37	23278.0	0.15894836326144857
chr2	-74	54	23675.0	0.22808870116156282
chr2	-73	69	24099.0	0.28631893439561806
chr2	-72	52	24505.0	0.21220159151193632
chr2	-71	48	24907.0	0.19271690689364437
chr2	-70	55	25318.0	0.21723674855833797
chr2	-69	46	25729.0	0.17878658323292781
chr2	-68	61	26128.0	0.2334660134721372
chr2	-67	87	26499.0	0.32831427601041546
chr2	-66	96	26911.0	0.35673144810672214
chr2	-65	72	27337.0	0.2633793027764568
chr2	-64	81	27735.0	0.2920497566252028
chr2	-63	62	28128.0	0.22042093287827075
chr2	-62	57	28510.0	0.19992984917572781
chr2	-61	64	28908.0	0.22139200221392
chr2	-60	108	29308.0	0.3685000682407534
chr2	-59	105	29732.0	0.35315484999327323
chr2	-58	87	30142.0	0.2886338000132705
chr2	-57	76	30528.0	0.2489517819706499
chr2	-56	68	30909.0	0.22000064706072667
chr2	-55	92	31304.0	0.2938921543572707
chr2	-54	59	31691.0	0.18617273042819726
chr2	-53	86	32099.0	0.2679211190379763
chr2	-52	79	32485.0	0.24318916422964446
chr2	-51	125	32895.0	0.37999696002431976
chr2	-50	88	33266.0	0.2645343594060001
chr2	-49	95	33643.0	0.28237672026870375
chr2	-48	61	34046.0	0.17916935910239087
chr2	-47	107	34435.0	0.3107303615507478
chr2	-46	102	34819.0	0.2929435078549068
chr2	-45	68	35244.0	0.19294064237884462
chr2	-44	80	35649.0	0.22441022188560691
chr2	-43	118	36039.0	0.3274230694525375
chr2	-42	134	36433.0	0.3677984245052562
chr2	-41	99	36813.0	0.2689267378371771
chr2	-40	78	37227.0	0.20952534450801838
chr2	-39	132	37653.0	0.35056967572305
chr2	-38	87	38055.0	0.22861647615293654
chr2	-37	91	38438.0	0.23674488787137726
chr2	-36	125	38855.0	0.32170891777120064
chr2	-35	157	39240.0	0.4001019367991845
chr2	-34	114	39630.0	0.28766086298258897
chr2	-33	68	40012.0	0.16994901529541137
chr2	-32	84	40371.0	0.2080701493646429
chr2	-31	110	40732.0	0.2700579397034273
chr2	-30	90	41124.0	0.21885030639042896
chr2	-29	83	41518.0	0.1999132906209355
chr2	-28	132	41943.0	0.3147128245476003
chr2	-27	150	42367.0	0.35404914202091253
chr2	-26	143	42763.0	0.33440123471225125
chr2	-25	107	43137.0	0.24804692027725617
chr2	-24	116	43567.0	0.26625657033993616
chr2	-23	119	43936.0	0.27084850691915513
chr2	-22	99	44369.0	0.2231287610719196
chr2	-21	119	44738.0	0.2659931154723054
chr2	-20	140	45116.0	0.3103111978012235
chr2	-19	232	45542.0	0.5094198761582714
chr2	-18	108	45943.0	0.23507389591450276
chr2	-17	132	46323.0	0.2849556375882391
chr2	-16	131	46701.0	0.28050791203614484
chr2	-15	157	47117.0	0.3332130653479636
chr2	-14	126	47486.0	0.2653413637703744
chr2	-13	213	47921.0	0.4444815425387617
chr2	-12	199	48325.0	0.4117951370926022
chr2	-11	177	48669.0	0.36368119336744126
chr2	-10	150	49099.0	0.30550520377197093
chr2	-9	195	49118.0	0.39700313530681214
chr2	-8	184	49116.0	0.3746233406629204
chr2	-7	176	49091.0	0.35851785459656554
chr2	-6	213	49091.0	0.4338880853924344
chr2	-5	158	49092.0	0.321844699747413
chr2	-4	251	49088.0	0.5113265971316819
chr2	-3	212	49067.0	0.43206228218558296
chr2	-2	235	49058.0	0.47902482775490235
chr2	-1	833	48958.0	1.7014583929082072
chr2	0	1826	47579.0	3.837827613022552
chr2	1	341	47285.0	0.7211589298932007
chr2	2	373	46894.0	0.7954109267710155
chr2	3	513	46499.0	1.1032495322480054
chr2	4	387	46128.0	0.8389698231009366
chr2	5	500	45698.0	1.0941397872992253
chr2	6	489	45237.0	1.080973539359374
chr2	7	346	44837.0	0.771684100185115
chr2	8	469	44425.0	1.0557118739448508
chr2	9	395	44020.0	0.8973194002726034
chr2	10	431	43658.0	0.9872188373264923
chr2	11	381	43198.0	0.8819852770961619
chr2	12	495	42791.0	1.1567853053212123
chr2	13	313	42329.0	0.7394457700394529
chr2	14	320	41948.0	0.7628492419185658
chr2	15	311	41571.0	0.7481176781891222
chr2	16	292	41152.0	0.7095645412130638
chr2	17	313	40734.0	0.7683998625227083
chr2	18	431	40335.0	1.0685508863270112
chr2	19	307	39916.0	0.7691151417977753
chr2	20	309	39505.0	0.782179470953044
chr2	21	326	39136.0	0.8329926410466068
chr2	22	309	38683.0	0.798800506682522
chr2	23	302	38312.0	0.7882647734391313
chr2	24	280	37948.0	0.7378517971961632
chr2	25	293	37542.0	0.7804592190080444
chr2	26	347	37126.0	0.9346549587889889
chr2	27	321	36704.0	0.8745640802092416
chr2	28	287	36270.0	0.7912875654811139
chr2	29	314	35907.0	0.8744812989110758
chr2	30	313	35533.0	0.880871302732671
chr2	31	281	35167.0	0.7990445588193477
chr2	32	260	34815.0	0.7468045382737326
chr2	33	329	34439.0	0.9553122912976566
chr2	34	311	34114.0	0.9116491762912586
chr2	35	286	33711.0	0.8483877666043724
chr2	36	236	33298.0	0.7087512763529341
chr2	37	291	32897.0	0.8845791409551024
chr2	38	280	32513.0	0.8611939839448836
chr2	39	244	32093.0	0.7602904060075406
chr2	40	252	31703.0	0.7948774563921396
chr2	41	307	31286.0	0.9812695774467812
chr2	42	293	30916.0	0.9477293310906973
chr2	43	257	30524.0	0.8419604245839339
chr2	44	234	30141.0	0.7763511495968947
chr2	45	278	29722.0	0.9353340959558577
chr2	46	233	29304.0	0.7951132951132952
chr2	47	209	28914.0	0.7228332295773674
chr2	48	240	28522.0	0.8414557183928195
chr2	49	235	28098.0	0.8363584596768453
chr2	50	238	27707.0	0.8589887032157939
chr2	51	251	27354.0	0.9175988886451707
chr2	52	236	26966.0	0.8751761477416005
chr2	53	175	26603.0	0.6578205465548997
chr2	54	210	26195.0	0.8016797098682955
chr2	55	228	25774.0	0.884612400093117
chr2	56	168	25400.0	0.6614173228346456
chr2	57	239	25032.0	0.9547778843080856
chr2	58	194	24626.0	0.7877852676033461
chr2	59	216	24209.0	0.8922301623363212
chr2	60	170	23823.0	0.7135961046047937
chr2	61	206	23433.0	0.879102120940554
chr2	62	221	23045.0	0.9589932740290735
chr2	63	220	22674.0	0.9702743230131428
chr2	64	175	22273.0	0.7857046648408387
chr2	65	163	21875.0	0.7451428571428571
chr2	66	183	21500.0	0.8511627906976744
chr2	67	154	21062.0	0.7311746272908556
chr2	68	125	20661.0	0.605004598034945
chr2	69	122	20299.0	0.6010148283166659
chr2	70	174	19932.0	0.872968091511138
chr2	71	152	19536.0	0.778050778050778
chr2	72	148	19151.0	0.7728055976189233
chr2	73	131	18726.0	0.6995621061625548
chr2	74	125	18362.0	0.6807537305304433
chr2	75	125	17971.0	0.6955650770686105
chr2	76	105	17574.0	0.597473540457494
chr2	77	135	17182.0	0.7857059713653823
chr2	78	100	16816.0	0.5946717411988582
chr2	79	122	16453.0	0.7415061083085152
chr2	80	108	16065.0	0.6722689075630253
chr2	81	91	15673.0	0.5806163465832961
chr2	82	122	15292.0	0.7978027726916035
chr2	83	97	14907.0	0.6507010129469377
chr2	84	106	14526.0	0.7297260085364174
chr2	85	96	14145.0	0.6786850477200423
chr2	86	122	13749.0	0.8873372608917012
chr2	87	84	13360.0	0.6287425149700598
chr2	88	87	12974.0	0.670571913056883
chr2	89	104	12605.0	0.8250694168980564
chr2	90	85	12203.0	0.6965500286814718
chr2	91	107	11837.0	0.9039452563994256
chr2	92	88	11437.0	0.7694325434991693
chr2	93	83	11017.0	0.7533811382409005
chr2	94	68	10625.0	0.64
chr2	95	73	10280.0	0.7101167315175098
chr2	96	69	9886.0	0.6979567064535708
chr2	97	54	9521.0	0.5671673143577355
chr2	98	78	9136.0	0.8537653239929947
chr2	99	56	8768.0	0.6386861313868614
chr2	100	61	8417.0	0.7247237733159083
chr2	101	45	8050.0	0.5590062111801243
chr2	102	67	7659.0	0.8747878313095705
chr2	103	51	7239.0	0.7045171985080813
chr2	104	46	6851.0	0.67143482703255
chr2	105	42	6449.0	0.6512637618235385
chr2	106	34	6077.0	0.5594865887773572
chr2	107	38	5707.0	0.6658489574207114
chr2	108	28	5300.0	0.5283018867924528
chr2	109	38	4939.0	0.7693865154889653
chr2	110	38	4493.0	0.8457600712219007
chr2	111	29	4142.0	0.7001448575567359
chr2	112	21	3777.0	0.5559968228752978
chr2	113	24	3350.0	0.7164179104477612
chr2	114	13	2965.0	0.4384485666104553
chr2	115	16	2583.0	0.6194347657762291
chr2	116	11	2201.0	0.49977283053157656
chr2	117	14	1800.0	0.7777777777777778
chr2	118	7	1430.0	0.48951048951048953
chr2	119	8	1020.0	0.7843137254901961
chr2	120	3	657.0	0.45662100456621
chr2	121	4	321.0	1.2461059190031152
chr2	122	0	0.0	nan
chr2	123	0	0.0	nan
chr2	124	0	0.0	nan
chr2	125	0	0.0	nan
chr2	126	0	0.0	nan
chr2	127	0	0.0	nan
chr2	128	0	0.0	nan
chr2	129	0	0.0	nan
chr2	130	0	0.0	nan
chr2	131	0	0.0	nan
chr2	132	0	0.0	nan
chr2	133	0	0.0	nan
chr2	134	0	0.0	nan
chr2	135	0	0.0	nan
chr2	136	0	0.0	nan
chr2	137	0	0.0	nan
chr2	138	0	0.0	nan
chr2	139	0	0.0	nan
chr2	140	0	0.0	nan
chr2	141	0	0.0	nan
chr2	142	0	0.0	nan
chr2	143	0	0.0	nan
chr2	144	0	0.0	nan
chr13	-143	0	0.0	nan
chr13	-142	0	0.0	nan
chr13	-141	0	0.0	nan
chr13	-140	0	0.0	nan
chr13	-139	0	2.0	0.0
chr13	-138	0	3.0	0.0
chr13	-137	4	7.0	57.14285714285714
chr13	-136	0	10.0	0.0
chr13	-135	0	12.0	0.0
chr13	-134	0	14.0	0.0
chr13	-133	2	155.0	1.2903225806451613
chr13	-132	0	299.0	0.0
chr13	-131	0	462.0	0.0
chr13	-130	2	645.0	0.31007751937984496
chr13	-129	1	780.0	0.1282051282051282
chr13	-128	4	954.0	0.41928721174004197
chr13	-127	4	1131.0	0.3536693191865605
chr13	-126	2	1309.0	0.15278838808250572
chr13	-125	2	1481.0	0.1350438892640108
chr13	-124	2	1616.0	0.12376237623762376
chr13	-123	5	1782.0	0.28058361391694725
chr13	-122	2	1950.0	0.10256410256410256
chr13	-121	5	2107.0	0.23730422401518747
chr13	-120	12	2266.0	0.529567519858782
chr13	-119	6	2438.0	0.2461033634126333
chr13	-118	8	2622.0	0.30511060259344014
chr13	-117	9	2805.0	0.32085561497326204
chr13	-116	9	2962.0	0.3038487508440243
chr13	-115	14	3127.0	0.4477134633834346
chr13	-114	1	3281.0	0.030478512648582746
chr13	-113	12	3463.0	0.34652035807103665
chr13	-112	4	3628.0	0.11025358324145534
chr13	-111	21	3793.0	0.5536514632217242
chr13	-110	9	3971.0	0.22664316293125158
chr13	-109	14	4154.0	0.33702455464612424
chr13	-108	5	4341.0	0.11518083390923751
chr13	-107	11	4513.0	0.2437403057832927
chr13	-106	13	4709.0	0.276067105542578
chr13	-105	22	4871.0	0.45165263806199957
chr13	-104	11	5043.0	0.21812413246083678
chr13	-103	11	5205.0	0.21133525456292027
chr13	-102	3	5355.0	0.05602240896358543
chr13	-101	7	5509.0	0.12706480304955528
chr13	-100	12	5676.0	0.21141649048625794
chr13	-99	13	5835.0	0.22279348757497855
chr13	-98	18	5999.0	0.30005000833472245
chr13	-97	28	6164.0	0.45425048669695006
chr13	-96	15	6326.0	0.23711666139740753
chr13	-95	15	6485.0	0.2313030069390902
chr13	-94	21	6639.0	0.3163126976954361
chr13	-93	11	6811.0	0.1615034503009837
chr13	-92	9	7006.0	0.1284613188695404
chr13	-91	12	7165.0	0.1674808094905792
chr13	-90	15	7338.0	0.2044153720359771
chr13	-89	16	7516.0	0.21287919105907396
chr13	-88	15	7703.0	0.19472932623653122
chr13	-87	17	7868.0	0.21606507371631925
chr13	-86	15	8043.0	0.18649757553151808
chr13	-85	52	8215.0	0.6329884357881923
chr13	-84	23	8364.0	0.274988043998087
chr13	-83	26	8531.0	0.30477083577540737
chr13	-82	22	8685.0	0.2533103051237766
chr13	-81	23	8849.0	0.25991637473160806
chr13	-80	31	9034.0	0.34314810715076377
chr13	-79	77	9174.0	0.8393285371702638
chr13	-78	55	9342.0	0.5887390280453865
chr13	-77	14	9553.0	0.14655082173139328
chr13	-76	24	9723.0	0.24683739586547362
chr13	-75	38	9899.0	0.3838771593090211
chr13	-74	20	10076.0	0.19849146486701072
chr13	-73	40	10247.0	0.3903581536059334
chr13	-72	23	10447.0	0.22015889729108834
chr13	-71	20	10588.0	0.18889308651303363
chr13	-70	29	10787.0	0.26884212477982755
chr13	-69	19	10951.0	0.17350013697379235
chr13	-68	40	11130.0	0.3593890386343217
chr13	-67	37	11340.0	0.326278659611993
chr13	-66	23	11513.0	0.1997741683314514
chr13	-65	50	11699.0	0.4273869561500983
chr13	-64	20	11875.0	0.16842105263157894
chr13	-63	46	12060.0	0.38142620232172475
chr13	-62	14	12240.0	0.11437908496732027
chr13	-61	22	12393.0	0.177519567497781
chr13	-60	26	12545.0	0.20725388601036268
chr13	-59	16	12721.0	0.12577627545004325
chr13	-58	25	12911.0	0.19363333591511114
chr13	-57	27	13087.0	0.2063116069381829
chr13	-56	36	13268.0	0.27132951462164606
chr13	-55	15	13464.0	0.11140819964349377
chr13	-54	17	13649.0	0.1245512491757638
chr13	-53	45	13831.0	0.32535608415877376
chr13	-52	46	13996.0	0.32866533295227207
chr13	-51	42	14152.0	0.2967778405879028
chr13	-50	41	14328.0	0.2861529871580123
chr13	-49	65	14498.0	0.4483377017519658
chr13	-48	23	14679.0	0.15668642278084338
chr13	-47	24	14844.0	0.16168148746968472
chr13	-46	27	15002.0	0.17997600319957338
chr13	-45	42	15162.0	0.2770083102493075
chr13	-44	96	15302.0	0.6273689713762907
chr13	-43	49	15512.0	0.315884476534296
chr13	-42	33	15687.0	0.21036527060623444
chr13	-41	28	15867.0	0.17646688094787924
chr13	-40	32	16043.0	0.19946394065947765
chr13	-39	74	16236.0	0.4557772850455778
chr13	-38	44	16404.0	0.2682272616435016
chr13	-37	20	16574.0	0.12067093037287316
chr13	-36	39	16736.0	0.23303059273422563
chr13	-35	58	16913.0	0.3429314728315497
chr13	-34	121	17118.0	0.7068582778361958
chr13	-33	42	17271.0	0.2431822129581379
chr13	-32	32	17439.0	0.18349676013532887
chr13	-31	39	17626.0	0.2212640417564961
chr13	-30	58	17799.0	0.32586100342715885
chr13	-29	47	17981.0	0.2613870196318336
chr13	-28	36	18157.0	0.19827063942281214
chr13	-27	44	18348.0	0.2398081534772182
chr13	-26	32	18491.0	0.17305716294413498
chr13	-25	89	18664.0	0.4768538362623232
chr13	-24	57	18802.0	0.30315923837889586
chr13	-23	36	18952.0	0.18995356690586745
chr13	-22	37	19127.0	0.19344382286819678
chr13	-21	43	19295.0	0.222855662088624
chr13	-20	37	19445.0	0.19028027770635123
chr13	-19	48	19616.0	0.24469820554649263
chr13	-18	146	19793.0	0.7376345172535744
chr13	-17	58	19944.0	0.2908142799839551
chr13	-16	44	20104.0	0.21886191802626345
chr13	-15	97	20275.0	0.47842170160295927
chr13	-14	41	20416.0	0.2008228840125392
chr13	-13	50	20572.0	0.24304880419988334
chr13	-12	43	20744.0	0.20728885460856153
chr13	-11	73	20903.0	0.3492321676314405
chr13	-10	84	21027.0	0.39948637466114995
chr13	-9	70	21021.0	0.333000333000333
chr13	-8	99	21025.0	0.47086801426872765
chr13	-7	69	21026.0	0.3281651288880434
chr13	-6	142	21033.0	0.6751295583131269
chr13	-5	101	21048.0	0.4798555682250095
chr13	-4	105	21052.0	0.4987649629488885
chr13	-3	102	21054.0	0.4844685095468795
chr13	-2	98	21073.0	0.4650500640630191
chr13	-1	243	21032.0	1.1553822746291365
chr13	0	611	20432.0	2.990407204385278
chr13	1	162	20309.0	0.7976759072332463
chr13	2	176	20131.0	0.8742735085191992
chr13	3	181	20002.0	0.9049095090490952
chr13	4	149	19818.0	0.751841760016147
chr13	5	250	19616.0	1.2744698205546494
chr13	6	236	19430.0	1.2146165723108595
chr13	7	159	19249.0	0.8260169359447244
chr13	8	165	19100.0	0.8638743455497382
chr13	9	137	18941.0	0.7232986642732696
chr13	10	189	18775.0	1.0066577896138482
chr13	11	107	18615.0	0.574805264571582
chr13	12	127	18444.0	0.688570808935155
chr13	13	119	18271.0	0.6513053472716327
chr13	14	207	18060.0	1.1461794019933556
chr13	15	97	17912.0	0.5415364001786511
chr13	16	118	17739.0	0.6652009696149727
chr13	17	169	17580.0	0.9613196814562002
chr13	18	154	17416.0	0.8842443729903537
chr13	19	100	17233.0	0.5802820170602913
chr13	20	121	17070.0	0.7088459285295841
chr13	21	130	16900.0	0.7692307692307693
chr13	22	136	16716.0	0.8135917683656377
chr13	23	160	16535.0	0.9676443906864227
chr13	24	163	16343.0	0.997368904117971
chr13	25	116	16178.0	0.7170231178143157
chr13	26	123	15980.0	0.769712140175219
chr13	27	161	15816.0	1.0179564997470916
chr13	28	117	15657.0	0.7472695918758382
chr13	29	134	15481.0	0.8655771590982495
chr13	30	130	15333.0	0.8478445183590947
chr13	31	105	15162.0	0.6925207756232686
chr13	32	105	14995.0	0.7002334111370457
chr13	33	200	14858.0	1.3460761879122358
chr13	34	144	14715.0	0.9785932721712538
chr13	35	84	14535.0	0.5779153766769866
chr13	36	94	14370.0	0.6541405706332637
chr13	37	109	14217.0	0.766687768164873
chr13	38	101	14064.0	0.7181456200227531
chr13	39	106	13879.0	0.7637437855753296
chr13	40	109	13712.0	0.7949241540256711
chr13	41	103	13537.0	0.7608775947403412
chr13	42	101	13375.0	0.7551401869158879
chr13	43	121	13185.0	0.9177095183921122
chr13	44	87	13007.0	0.6688706081340817
chr13	45	85	12850.0	0.6614785992217899
chr13	46	81	12685.0	0.6385494678754434
chr13	47	108	12527.0	0.8621377823900375
chr13	48	116	12394.0	0.935936743585606
chr13	49	92	12221.0	0.752802552982571
chr13	50	64	12068.0	0.5303281405369572
chr13	51	114	11913.0	0.9569377990430622
chr13	52	70	11736.0	0.5964553510565781
chr13	53	74	11593.0	0.6383162253083757
chr13	54	101	11420.0	0.8844133099824869
chr13	55	102	11220.0	0.9090909090909091
chr13	56	92	11040.0	0.8333333333333334
chr13	57	65	10866.0	0.5981962083563409
chr13	58	81	10686.0	0.7580011229646266
chr13	59	74	10521.0	0.7033551943731584
chr13	60	67	10330.0	0.648596321393998
chr13	61	68	10185.0	0.667648502700049
chr13	62	104	10000.0	1.04
chr13	63	59	9821.0	0.6007534874249058
chr13	64	75	9648.0	0.777363184079602
chr13	65	59	9454.0	0.6240744658345674
chr13	66	73	9288.0	0.7859603789836349
chr13	67	75	9089.0	0.8251732863901419
chr13	68	57	8917.0	0.6392284400583156
chr13	69	62	8732.0	0.7100320659642693
chr13	70	75	8556.0	0.876577840112202
chr13	71	68	8427.0	0.8069301056129109
chr13	72	92	8274.0	1.111916847957457
chr13	73	54	8090.0	0.6674907292954265
chr13	74	97	7905.0	1.2270714737507906
chr13	75	76	7725.0	0.9838187702265373
chr13	76	37	7545.0	0.49039098740888004
chr13	77	89	7363.0	1.2087464348770882
chr13	78	73	7184.0	1.0161469933184855
chr13	79	61	7017.0	0.8693173720963374
chr13	80	48	6838.0	0.7019596373208541
chr13	81	51	6678.0	0.7637017070979335
chr13	82	65	6509.0	0.9986172991242894
chr13	83	59	6334.0	0.9314808967477108
chr13	84	51	6154.0	0.8287292817679558
chr13	85	29	6000.0	0.48333333333333334
chr13	86	31	5842.0	0.5306401917151661
chr13	87	32	5683.0	0.5630828787612177
chr13	88	30	5534.0	0.5421033610408384
chr13	89	40	5334.0	0.7499062617172854
chr13	90	33	5177.0	0.6374348078037473
chr13	91	38	5002.0	0.7596961215513794
chr13	92	34	4833.0	0.7034967928822677
chr13	93	19	4660.0	0.40772532188841204
chr13	94	36	4489.0	0.8019603475161505
chr13	95	26	4337.0	0.5994927369149181
chr13	96	57	4187.0	1.3613565798901361
chr13	97	32	3998.0	0.80040020010005
chr13	98	25	3800.0	0.6578947368421052
chr13	99	28	3651.0	0.7669131744727472
chr13	100	25	3469.0	0.7206687806284232
chr13	101	20	3300.0	0.6060606060606061
chr13	102	18	3136.0	0.5739795918367347
chr13	103	19	2972.0	0.639300134589502
chr13	104	23	2801.0	0.8211353088182792
chr13	105	22	2632.0	0.8358662613981762
chr13	106	17	2488.0	0.6832797427652734
chr13	107	16	2328.0	0.6872852233676976
chr13	108	12	2168.0	0.5535055350553505
chr13	109	13	2009.0	0.6470881035340966
chr13	110	18	1842.0	0.9771986970684038
chr13	111	13	1669.0	0.7789095266626722
chr13	112	13	1526.0	0.8519003931847969
chr13	113	9	1343.0	0.6701414743112435
chr13	114	2	1183.0	0.16906170752324598
chr13	115	9	1032.0	0.872093023255814
chr13	116	6	863.0	0.6952491309385863
chr13	117	8	716.0	1.1173184357541899
chr13	118	2	571.0	0.3502626970227671
chr13	119	3	411.0	0.7299270072992701
chr13	120	3	264.0	1.1363636363636365
chr13	121	0	105.0	0.0
chr13	122	0	0.0	nan
chr13	123	0	0.0	nan
chr13	124	0	0.0	nan
chr13	125	0	0.0	nan
chr13	126	0	0.0	nan
chr13	127	0	0.0	nan
chr13	128	0	0.0	nan
chr13	129	0	0.0	nan
chr13	130	0	0.0	nan
chr13	131	0	0.0	nan
chr13	132	0	0.0	nan
chr13	133	0	0.0	nan
chr13	134	0	0.0	nan
chr13	135	0	0.0	nan
chr13	136	0	0.0	nan
chr13	137	0	0.0	nan
chr13	138	0	0.0	nan
chr13	139	0	0.0	nan
chr14	-140	0	0.0	nan
chr14	-139	0	3.0	0.0
chr14	-138	0	3.0	0.0
chr14	-137	0	4.0	0.0
chr14	-136	0	7.0	0.0
chr14	-135	0	8.0	0.0
chr14	-134	0	15.0	0.0
chr14	-133	0	161.0	0.0
chr14	-132	0	362.0	0.0
chr14	-131	1	560.0	0.17857142857142858
chr14	-130	1	806.0	0.12406947890818859
chr14	-129	0	1007.0	0.0
chr14	-128	0	1220.0	0.0
chr14	-127	0	1400.0	0.0
chr14	-126	2	1590.0	0.12578616352201258
chr14	-125	1	1777.0	0.056274620146314014
chr14	-124	5	1942.0	0.25746652935118436
chr14	-123	4	2151.0	0.18596001859600186
chr14	-122	1	2366.0	0.042265426880811495
chr14	-121	6	2590.0	0.23166023166023164
chr14	-120	4	2788.0	0.1434720229555237
chr14	-119	1	2992.0	0.03342245989304812
chr14	-118	2	3223.0	0.06205398696866273
chr14	-117	1	3430.0	0.029154518950437316
chr14	-116	4	3623.0	0.11040574109853712
chr14	-115	3	3835.0	0.07822685788787484
chr14	-114	5	4034.0	0.12394645513138325
chr14	-113	7	4263.0	0.16420361247947454
chr14	-112	5	4472.0	0.11180679785330948
chr14	-111	14	4715.0	0.29692470837751855
chr14	-110	3	4935.0	0.060790273556231005
chr14	-109	5	5159.0	0.09691800736576855
chr14	-108	10	5366.0	0.18635855385762207
chr14	-107	7	5609.0	0.12479942948832234
chr14	-106	9	5824.0	0.15453296703296704
chr14	-105	18	6044.0	0.29781601588352086
chr14	-104	6	6257.0	0.0958926002876778
chr14	-103	4	6453.0	0.06198667286533396
chr14	-102	10	6672.0	0.1498800959232614
chr14	-101	24	6875.0	0.3490909090909091
chr14	-100	9	7101.0	0.12674271229404308
chr14	-99	32	7332.0	0.436442989634479
chr14	-98	14	7532.0	0.18587360594795538
chr14	-97	6	7735.0	0.07756948933419522
chr14	-96	21	7950.0	0.2641509433962264
chr14	-95	36	8159.0	0.4412305429586959
chr14	-94	25	8373.0	0.2985787650782276
chr14	-93	25	8615.0	0.2901915264074289
chr14	-92	23	8818.0	0.2608301202086641
chr14	-91	22	9045.0	0.24322830292979547
chr14	-90	13	9245.0	0.14061654948620875
chr14	-89	19	9475.0	0.20052770448548812
chr14	-88	26	9669.0	0.2689006101975385
chr14	-87	37	9885.0	0.3743045017703591
chr14	-86	26	10116.0	0.2570185844207196
chr14	-85	30	10317.0	0.2907822041291073
chr14	-84	37	10538.0	0.3511102676029607
chr14	-83	14	10749.0	0.13024467392315564
chr14	-82	12	10949.0	0.10959905014156544
chr14	-81	29	11168.0	0.2596704871060172
chr14	-80	28	11370.0	0.24626209322779247
chr14	-79	54	11557.0	0.4672492861469239
chr14	-78	21	11779.0	0.17828338568639102
chr14	-77	9	12026.0	0.07483785132213537
chr14	-76	21	12240.0	0.1715686274509804
chr14	-75	15	12455.0	0.12043356081894822
chr14	-74	35	12679.0	0.2760470068617399
chr14	-73	26	12865.0	0.20209871745044697
chr14	-72	22	13062.0	0.1684274996172102
chr14	-71	34	13268.0	0.25625565269822126
chr14	-70	15	13473.0	0.111333778668448
chr14	-69	25	13688.0	0.1826417299824664
chr14	-68	26	13914.0	0.18686215322696564
chr14	-67	21	14144.0	0.14847285067873303
chr14	-66	43	14353.0	0.2995889361109176
chr14	-65	39	14584.0	0.26741634668129455
chr14	-64	17	14780.0	0.11502029769959404
chr14	-63	30	15021.0	0.19972039145196727
chr14	-62	45	15219.0	0.29568302779420463
chr14	-61	55	15430.0	0.356448476992871
chr14	-60	35	15644.0	0.22372794681667094
chr14	-59	51	15845.0	0.3218680971915431
chr14	-58	27	16065.0	0.16806722689075632
chr14	-57	30	16259.0	0.18451319269327757
chr14	-56	62	16481.0	0.3761907651234755
chr14	-55	31	16712.0	0.1854954523695548
chr14	-54	57	16919.0	0.33689934393285653
chr14	-53	37	17147.0	0.21578118621333178
chr14	-52	53	17371.0	0.3051062115019285
chr14	-51	28	17587.0	0.15920850628304997
chr14	-50	33	17789.0	0.18550789813929958
chr14	-49	47	17990.0	0.26125625347415227
chr14	-48	20	18183.0	0.1099928504647198
chr14	-47	101	18439.0	0.5477520472910679
chr14	-46	86	18640.0	0.4613733905579399
chr14	-45	39	18861.0	0.20677588675043743
chr14	-44	30	19070.0	0.15731515469323545
chr14	-43	26	19232.0	0.13519134775374378
chr14	-42	81	19446.0	0.41653810552298676
chr14	-41	42	19619.0	0.21407818951016871
chr14	-40	63	19842.0	0.3175083156939824
chr14	-39	43	20053.0	0.2144317558470054
chr14	-38	49	20220.0	0.2423343224530168
chr14	-37	36	20432.0	0.17619420516836334
chr14	-36	43	20641.0	0.20832324015309334
chr14	-35	86	20836.0	0.4127471683624496
chr14	-34	66	21049.0	0.31355408808019386
chr14	-33	29	21238.0	0.13654769752330728
chr14	-32	37	21442.0	0.17255852998787427
chr14	-31	57	21644.0	0.2633524302347071
chr14	-30	27	21867.0	0.12347372753464124
chr14	-29	125	22071.0	0.5663540392370078
chr14	-28	72	22262.0	0.3234210762734705
chr14	-27	66	22444.0	0.29406522901443594
chr14	-26	52	22626.0	0.22982409617254485
chr14	-25	68	22825.0	0.2979189485213582
chr14	-24	68	23031.0	0.2952542225695801
chr14	-23	33	23260.0	0.1418744625967326
chr14	-22	60	23464.0	0.2557108762359359
chr14	-21	55	23683.0	0.23223409196470043
chr14	-20	101	23871.0	0.42310753634116716
chr14	-19	87	24093.0	0.3611007346532188
chr14	-18	91	24286.0	0.3747014741003047
chr14	-17	95	24517.0	0.38748623404168536
chr14	-16	76	24698.0	0.307717224066726
chr14	-15	61	24901.0	0.2449700815228304
chr14	-14	155	25095.0	0.617652918908149
chr14	-13	80	25265.0	0.3166435780724322
chr14	-12	149	25456.0	0.585323695788812
chr14	-11	96	25626.0	0.3746195270428471
chr14	-10	125	25814.0	0.48423336174169057
chr14	-9	81	25810.0	0.3138318481208834
chr14	-8	89	25813.0	0.34478751016929454
chr14	-7	148	25811.0	0.5733989384371004
chr14	-6	134	25834.0	0.518696291708601
chr14	-5	89	25812.0	0.3448008678134201
chr14	-4	89	25768.0	0.34538963054951877
chr14	-3	132	25799.0	0.5116477382844297
chr14	-2	162	25798.0	0.6279556554771687
chr14	-1	418	25773.0	1.621852326077678
chr14	0	857	25091.0	3.4155673349009605
chr14	1	219	24936.0	0.8782483156881618
chr14	2	172	24704.0	0.6962435233160621
chr14	3	196	24484.0	0.8005227903937265
chr14	4	177	24321.0	0.7277661280374985
chr14	5	248	24145.0	1.0271277697245806
chr14	6	276	23910.0	1.1543287327478042
chr14	7	163	23702.0	0.687705678845667
chr14	8	190	23551.0	0.8067597978854402
chr14	9	252	23339.0	1.0797377779682078
chr14	10	222	23111.0	0.9605815412574098
chr14	11	227	22880.0	0.9921328671328672
chr14	12	153	22636.0	0.6759144725216469
chr14	13	287	22437.0	1.2791371395462852
chr14	14	168	22191.0	0.75706367446262
chr14	15	144	21991.0	0.6548133327270247
chr14	16	182	21810.0	0.83447959651536
chr14	17	156	21566.0	0.7233608457757582
chr14	18	157	21400.0	0.7336448598130841
chr14	19	208	21168.0	0.9826152683295541
chr14	20	152	20959.0	0.7252254401450451
chr14	21	146	20727.0	0.7043952332706132
chr14	22	136	20513.0	0.6629941988007605
chr14	23	152	20270.0	0.7498766650222003
chr14	24	161	20040.0	0.8033932135728543
chr14	25	164	19821.0	0.8274052772312194
chr14	26	191	19588.0	0.9750867878292833
chr14	27	135	19389.0	0.69627108154108
chr14	28	191	19171.0	0.9962964894893329
chr14	29	118	18977.0	0.6218053433103231
chr14	30	114	18752.0	0.6079351535836177
chr14	31	143	18554.0	0.7707232941683734
chr14	32	124	18318.0	0.6769297958292391
chr14	33	180	18097.0	0.9946399955793778
chr14	34	170	17885.0	0.9505171931786414
chr14	35	102	17678.0	0.576988347098088
chr14	36	143	17472.0	0.818452380952381
chr14	37	127	17275.0	0.7351664254703328
chr14	38	123	17043.0	0.7217039253652526
chr14	39	136	16821.0	0.8085131680637299
chr14	40	125	16627.0	0.7517892584350755
chr14	41	139	16386.0	0.8482851214451361
chr14	42	116	16179.0	0.7169787996785957
chr14	43	95	15971.0	0.5948281259783358
chr14	44	142	15774.0	0.900215544567009
chr14	45	146	15558.0	0.9384239619488366
chr14	46	147	15317.0	0.9597179604361168
chr14	47	106	15124.0	0.7008727849775191
chr14	48	109	14907.0	0.7312001073321258
chr14	49	109	14705.0	0.7412444746684801
chr14	50	92	14506.0	0.6342203226251206
chr14	51	104	14289.0	0.7278325985023444
chr14	52	96	14089.0	0.6813826389381787
chr14	53	131	13897.0	0.9426494926962653
chr14	54	86	13692.0	0.6281040023371312
chr14	55	81	13459.0	0.601827773237239
chr14	56	96	13252.0	0.724418955629339
chr14	57	82	13033.0	0.6291721015882759
chr14	58	106	12827.0	0.8263818507835036
chr14	59	136	12634.0	1.0764603451005224
chr14	60	118	12448.0	0.9479434447300771
chr14	61	84	12254.0	0.6854904520972743
chr14	62	121	12041.0	1.0048999252553774
chr14	63	95	11819.0	0.803790506811067
chr14	64	82	11609.0	0.7063485226979068
chr14	65	104	11394.0	0.9127611023345621
chr14	66	64	11199.0	0.571479596392535
chr14	67	64	10976.0	0.5830903790087464
chr14	68	86	10760.0	0.7992565055762082
chr14	69	52	10544.0	0.4931714719271623
chr14	70	61	10331.0	0.5904559093988965
chr14	71	77	10113.0	0.7613962226836745
chr14	72	61	9911.0	0.6154777519927354
chr14	73	86	9713.0	0.885411304437352
chr14	74	77	9499.0	0.8106116433308769
chr14	75	69	9296.0	0.7422547332185886
chr14	76	51	9073.0	0.5621073514824204
chr14	77	61	8838.0	0.6902014030323602
chr14	78	87	8628.0	1.0083449235048678
chr14	79	69	8412.0	0.8202567760342369
chr14	80	51	8194.0	0.6224066390041494
chr14	81	37	7976.0	0.4638916750250752
chr14	82	45	7784.0	0.5781089414182939
chr14	83	71	7593.0	0.9350717766363756
chr14	84	44	7397.0	0.59483574422063
chr14	85	65	7166.0	0.9070611219648339
chr14	86	58	6969.0	0.832257138757354
chr14	87	59	6752.0	0.8738151658767772
chr14	88	33	6557.0	0.503278938538966
chr14	89	41	6382.0	0.6424318395487307
chr14	90	55	6190.0	0.8885298869143781
chr14	91	50	6008.0	0.8322237017310253
chr14	92	46	5805.0	0.7924203273040482
chr14	93	41	5600.0	0.7321428571428572
chr14	94	57	5422.0	1.051272593139063
chr14	95	48	5209.0	0.921482050297562
chr14	96	28	5024.0	0.5573248407643312
chr14	97	56	4834.0	1.1584609019445593
chr14	98	39	4614.0	0.8452535760728219
chr14	99	23	4429.0	0.5193045834274103
chr14	100	32	4227.0	0.7570380884788266
chr14	101	30	4001.0	0.7498125468632842
chr14	102	19	3808.0	0.4989495798319327
chr14	103	15	3620.0	0.4143646408839779
chr14	104	21	3434.0	0.611531741409435
chr14	105	16	3251.0	0.492156259612427
chr14	106	12	3083.0	0.3892312682452157
chr14	107	23	2866.0	0.8025122121423587
chr14	108	17	2670.0	0.6367041198501873
chr14	109	12	2447.0	0.4903964037597058
chr14	110	17	2267.0	0.7498897220996913
chr14	111	12	2056.0	0.5836575875486382
chr14	112	13	1856.0	0.7004310344827587
chr14	113	8	1644.0	0.48661800486618007
chr14	114	17	1441.0	1.179736294240111
chr14	115	8	1225.0	0.653061224489796
chr14	116	4	1022.0	0.3913894324853229
chr14	117	4	830.0	0.48192771084337355
chr14	118	1	637.0	0.15698587127158556
chr14	119	5	458.0	1.0917030567685588
chr14	120	1	291.0	0.3436426116838488
chr14	121	2	137.0	1.4598540145985401
chr14	122	0	0.0	nan
chr14	123	0	0.0	nan
chr14	124	0	0.0	nan
chr14	125	0	0.0	nan
chr14	126	0	0.0	nan
chr14	127	0	0.0	nan
chr14	128	0	0.0	nan
chr14	129	0	0.0	nan
chr14	130	0	0.0	nan
chr14	131	0	0.0	nan
chr14	132	0	0.0	nan
chr14	133	0	0.0	nan
chr14	134	0	0.0	nan
chr14	135	0	0.0	nan
chr14	136	0	0.0	nan
chr14	137	0	0.0	nan
chr14	138	0	0.0	nan
chr14	139	0	0.0	nan
chr14	140	0	0.0	nan
chr14	141	0	0.0	nan
chr15	-149	0	0.0	nan
chr15	-148	0	0.0	nan
chr15	-147	0	0.0	nan
chr15	-146	0	0.0	nan
chr15	-145	0	0.0	nan
chr15	-144	0	0.0	nan
chr15	-143	0	0.0	nan
chr15	-142	0	0.0	nan
chr15	-141	0	0.0	nan
chr15	-140	0	0.0	nan
chr15	-139	0	3.0	0.0
chr15	-138	0	4.0	0.0
chr15	-137	0	4.0	0.0
chr15	-136	0	5.0	0.0
chr15	-135	0	6.0	0.0
chr15	-134	1	14.0	7.142857142857142
chr15	-133	0	161.0	0.0
chr15	-132	0	335.0	0.0
chr15	-131	0	527.0	0.0
chr15	-130	3	686.0	0.43731778425655976
chr15	-129	1	865.0	0.11560693641618498
chr15	-128	0	1028.0	0.0
chr15	-127	1	1237.0	0.08084074373484236
chr15	-126	5	1437.0	0.3479471120389701
chr15	-125	7	1644.0	0.4257907542579075
chr15	-124	0	1827.0	0.0
chr15	-123	3	2026.0	0.14807502467917077
chr15	-122	4	2224.0	0.1798561151079137
chr15	-121	4	2428.0	0.16474464579901155
chr15	-120	13	2608.0	0.49846625766871167
chr15	-119	8	2795.0	0.28622540250447226
chr15	-118	9	2980.0	0.30201342281879195
chr15	-117	5	3155.0	0.15847860538827258
chr15	-116	2	3350.0	0.05970149253731343
chr15	-115	11	3540.0	0.3107344632768362
chr15	-114	7	3721.0	0.18812147272238647
chr15	-113	6	3902.0	0.1537672988211174
chr15	-112	7	4110.0	0.17031630170316303
chr15	-111	12	4329.0	0.2772002772002772
chr15	-110	10	4520.0	0.22123893805309736
chr15	-109	4	4710.0	0.08492569002123143
chr15	-108	6	4893.0	0.1226241569589209
chr15	-107	10	5068.0	0.1973164956590371
chr15	-106	12	5248.0	0.22865853658536583
chr15	-105	13	5429.0	0.2394547798857985
chr15	-104	15	5628.0	0.26652452025586354
chr15	-103	17	5810.0	0.29259896729776247
chr15	-102	10	5997.0	0.16675004168751043
chr15	-101	15	6217.0	0.24127392633102782
chr15	-100	16	6439.0	0.24848578971890045
chr15	-99	18	6645.0	0.27088036117381487
chr15	-98	12	6835.0	0.1755669348939283
chr15	-97	16	7026.0	0.2277255906632508
chr15	-96	7	7229.0	0.09683220362429104
chr15	-95	20	7411.0	0.2698691134799622
chr15	-94	20	7577.0	0.2639567110993797
chr15	-93	28	7763.0	0.36068530207394045
chr15	-92	26	7985.0	0.3256105197244834
chr15	-91	15	8176.0	0.1834637964774951
chr15	-90	25	8364.0	0.29890004782400764
chr15	-89	45	8544.0	0.526685393258427
chr15	-88	19	8713.0	0.21806496040399403
chr15	-87	16	8911.0	0.1795533610144765
chr15	-86	34	9094.0	0.3738728832197053
chr15	-85	24	9299.0	0.2580922679858049
chr15	-84	18	9480.0	0.18987341772151897
chr15	-83	28	9665.0	0.28970512157268496
chr15	-82	34	9853.0	0.3450725667309449
chr15	-81	5	10063.0	0.04968697207592169
chr15	-80	14	10264.0	0.13639906469212784
chr15	-79	16	10461.0	0.15294904884810248
chr15	-78	36	10643.0	0.3382504932819694
chr15	-77	22	10845.0	0.20285846011987094
chr15	-76	12	11057.0	0.10852853396038709
chr15	-75	13	11231.0	0.11575104621137922
chr15	-74	30	11398.0	0.26320407088962977
chr15	-73	36	11582.0	0.31082714557071317
chr15	-72	14	11784.0	0.11880515953835709
chr15	-71	53	12011.0	0.4412621763383565
chr15	-70	29	12230.0	0.23712183156173344
chr15	-69	22	12428.0	0.1770196330865787
chr15	-68	39	12649.0	0.3083247687564234
chr15	-67	42	12854.0	0.32674653804263265
chr15	-66	39	13055.0	0.2987361164304864
chr15	-65	36	13245.0	0.2718006795016987
chr15	-64	35	13461.0	0.26001040041601664
chr15	-63	23	13666.0	0.16830089272647444
chr15	-62	29	13877.0	0.20897888592635297
chr15	-61	36	14080.0	0.2556818181818182
chr15	-60	26	14271.0	0.18218765328288136
chr15	-59	30	14466.0	0.2073828287017835
chr15	-58	41	14657.0	0.279729821928089
chr15	-57	42	14847.0	0.2828854314002829
chr15	-56	47	15058.0	0.3121264444149289
chr15	-55	28	15257.0	0.18352231762469687
chr15	-54	40	15452.0	0.2588661661920787
chr15	-53	31	15627.0	0.19837460805016957
chr15	-52	51	15811.0	0.32256024286888874
chr15	-51	39	15997.0	0.24379571169594297
chr15	-50	43	16185.0	0.26567809700339823
chr15	-49	41	16392.0	0.25012201073694484
chr15	-48	35	16575.0	0.21116138763197587
chr15	-47	23	16781.0	0.13705976997795127
chr15	-46	52	16961.0	0.30658569659807794
chr15	-45	31	17152.0	0.18073694029850745
chr15	-44	24	17354.0	0.13829664630632707
chr15	-43	28	17538.0	0.15965332421028622
chr15	-42	22	17724.0	0.12412547957571654
chr15	-41	51	17923.0	0.2845505774702896
chr15	-40	64	18112.0	0.35335689045936397
chr15	-39	74	18295.0	0.40448209893413506
chr15	-38	65	18483.0	0.3516745117134664
chr15	-37	40	18658.0	0.2143852502947797
chr15	-36	66	18838.0	0.350355664083236
chr15	-35	57	18998.0	0.3000315822718181
chr15	-34	57	19184.0	0.29712260216847375
chr15	-33	27	19385.0	0.13928295073510447
chr15	-32	55	19567.0	0.28108550109878877
chr15	-31	45	19737.0	0.22799817601459188
chr15	-30	26	19941.0	0.13038463467228323
chr15	-29	71	20135.0	0.3526198162403774
chr15	-28	45	20299.0	0.22168579732991775
chr15	-27	47	20510.0	0.22915650901999024
chr15	-26	67	20681.0	0.3239688603065616
chr15	-25	62	20879.0	0.29694908759998084
chr15	-24	65	21064.0	0.3085833649829092
chr15	-23	66	21264.0	0.31038374717832956
chr15	-22	61	21462.0	0.2842232783524369
chr15	-21	89	21638.0	0.4113134300767169
chr15	-20	67	21851.0	0.30662212255732
chr15	-19	53	22062.0	0.24023207324811893
chr15	-18	58	22222.0	0.26100261002610026
chr15	-17	42	22377.0	0.18769272020378067
chr15	-16	50	22573.0	0.22150356620741596
chr15	-15	90	22758.0	0.3954653308726601
chr15	-14	79	22949.0	0.34424157915377573
chr15	-13	52	23102.0	0.22508873690589556
chr15	-12	64	23285.0	0.27485505690358597
chr15	-11	62	23460.0	0.26427962489343565
chr15	-10	59	23627.0	0.24971430989969104
chr15	-9	80	23626.0	0.3386100059256751
chr15	-8	150	23624.0	0.6349475110057569
chr15	-7	67	23628.0	0.2835618757406467
chr15	-6	83	23621.0	0.3513822446128445
chr15	-5	99	23626.0	0.41902988233302296
chr15	-4	152	23628.0	0.643304553919079
chr15	-3	93	23627.0	0.3936174715368011
chr15	-2	99	23625.0	0.41904761904761906
chr15	-1	428	23591.0	1.8142511974905684
chr15	0	937	22867.0	4.097607906590283
chr15	1	171	22708.0	0.7530385767130526
chr15	2	173	22543.0	0.7674222596814976
chr15	3	292	22346.0	1.306721560905755
chr15	4	211	22176.0	0.9514790764790764
chr15	5	274	21972.0	1.247041689422902
chr15	6	254	21692.0	1.1709385948736861
chr15	7	259	21494.0	1.2049874383548898
chr15	8	228	21302.0	1.0703220354896255
chr15	9	196	21108.0	0.9285578927420882
chr15	10	219	20903.0	1.0476965028943215
chr15	11	161	20685.0	0.7783417935702199
chr15	12	208	20476.0	1.0158234030084001
chr15	13	180	20305.0	0.8864811622753016
chr15	14	197	20115.0	0.9793686303753417
chr15	15	166	19925.0	0.8331242158092849
chr15	16	176	19728.0	0.8921330089213302
chr15	17	178	19537.0	0.9110917745815631
chr15	18	213	19357.0	1.1003771245544247
chr15	19	192	19154.0	1.0024015871358463
chr15	20	209	18935.0	1.1037760760496436
chr15	21	143	18720.0	0.7638888888888888
chr15	22	199	18515.0	1.074804212800432
chr15	23	163	18333.0	0.889107074674085
chr15	24	199	18146.0	1.096660421029428
chr15	25	154	17967.0	0.8571269549730062
chr15	26	175	17798.0	0.9832565456792899
chr15	27	177	17601.0	1.0056246804158855
chr15	28	171	17431.0	0.9810108427514199
chr15	29	114	17258.0	0.6605632170587554
chr15	30	164	17059.0	0.9613693651444984
chr15	31	120	16841.0	0.7125467608811829
chr15	32	138	16631.0	0.8297757200408875
chr15	33	165	16413.0	1.0053006762931822
chr15	34	147	16225.0	0.9060092449922958
chr15	35	186	16053.0	1.1586619323490936
chr15	36	148	15861.0	0.9331063615156674
chr15	37	171	15679.0	1.0906307800242363
chr15	38	172	15509.0	1.1090334644400024
chr15	39	153	15321.0	0.9986293322890151
chr15	40	137	15115.0	0.9063843863711545
chr15	41	83	14917.0	0.5564121472145873
chr15	42	135	14750.0	0.9152542372881356
chr15	43	123	14568.0	0.8443163097199341
chr15	44	110	14397.0	0.7640480655692159
chr15	45	185	14225.0	1.3005272407732864
chr15	46	100	14036.0	0.7124536905101169
chr15	47	115	13846.0	0.8305647840531563
chr15	48	112	13668.0	0.8194322505121452
chr15	49	120	13477.0	0.890405876678786
chr15	50	118	13299.0	0.8872847582525002
chr15	51	132	13087.0	1.0086345228088944
chr15	52	104	12888.0	0.8069522036002483
chr15	53	117	12705.0	0.9208972845336483
chr15	54	109	12519.0	0.8706765716111511
chr15	55	92	12318.0	0.7468744926124371
chr15	56	104	12130.0	0.8573784006595219
chr15	57	117	11964.0	0.9779338014042127
chr15	58	100	11798.0	0.8476012883539583
chr15	59	112	11607.0	0.9649349530455759
chr15	60	87	11405.0	0.7628233231039018
chr15	61	95	11202.0	0.8480628459203714
chr15	62	77	10982.0	0.7011473319978146
chr15	63	91	10793.0	0.8431390716204948
chr15	64	87	10588.0	0.8216849263316962
chr15	65	107	10393.0	1.029539112864428
chr15	66	94	10192.0	0.9222919937205651
chr15	67	98	10010.0	0.9790209790209791
chr15	68	62	9797.0	0.6328467898336225
chr15	69	75	9594.0	0.7817385866166353
chr15	70	84	9396.0	0.8939974457215836
chr15	71	84	9189.0	0.9141364675155077
chr15	72	57	8991.0	0.6339673006339673
chr15	73	83	8815.0	0.9415768576290414
chr15	74	64	8636.0	0.7410838351088467
chr15	75	53	8433.0	0.6284833392624214
chr15	76	68	8240.0	0.825242718446602
chr15	77	83	8071.0	1.0283731879568827
chr15	78	75	7885.0	0.9511731135066582
chr15	79	53	7682.0	0.6899244988284301
chr15	80	62	7508.0	0.8257858284496538
chr15	81	72	7341.0	0.9807928075194116
chr15	82	60	7151.0	0.8390434904209201
chr15	83	52	6966.0	0.7464829170255527
chr15	84	43	6800.0	0.6323529411764706
chr15	85	70	6594.0	1.0615711252653928
chr15	86	54	6410.0	0.8424336973478939
chr15	87	55	6222.0	0.8839601414336226
chr15	88	58	6032.0	0.9615384615384616
chr15	89	50	5866.0	0.8523695874531197
chr15	90	29	5687.0	0.5099349393353262
chr15	91	38	5494.0	0.691663633054241
chr15	92	34	5320.0	0.6390977443609023
chr15	93	53	5135.0	1.0321324245374879
chr15	94	41	4967.0	0.8254479565129856
chr15	95	26	4784.0	0.5434782608695652
chr15	96	25	4598.0	0.5437146585471945
chr15	97	32	4423.0	0.7234908433190143
chr15	98	33	4244.0	0.7775683317624882
chr15	99	47	4068.0	1.1553588987217307
chr15	100	28	3891.0	0.719609354921614
chr15	101	19	3687.0	0.5153241117439653
chr15	102	31	3519.0	0.8809320829781188
chr15	103	24	3336.0	0.7194244604316548
chr15	104	37	3169.0	1.167560744714421
chr15	105	27	2980.0	0.9060402684563759
chr15	106	12	2801.0	0.4284184219921457
chr15	107	18	2597.0	0.693107431651906
chr15	108	17	2419.0	0.7027697395618024
chr15	109	23	2234.0	1.0295434198746642
chr15	110	27	2053.0	1.3151485630784217
chr15	111	14	1873.0	0.7474639615589963
chr15	112	11	1678.0	0.6555423122765197
chr15	113	8	1485.0	0.5387205387205387
chr15	114	8	1329.0	0.601956358164033
chr15	115	8	1163.0	0.6878761822871883
chr15	116	1	967.0	0.1034126163391934
chr15	117	8	792.0	1.0101010101010102
chr15	118	2	594.0	0.33670033670033667
chr15	119	1	432.0	0.23148148148148145
chr15	120	2	284.0	0.7042253521126761
chr15	121	1	129.0	0.7751937984496124
chr15	122	0	0.0	nan
chr15	123	0	0.0	nan
chr15	124	0	0.0	nan
chr15	125	0	0.0	nan
chr15	126	0	0.0	nan
chr15	127	0	0.0	nan
chr15	128	0	0.0	nan
chr15	129	0	0.0	nan
chr15	130	0	0.0	nan
chr15	131	0	0.0	nan
chr15	132	0	0.0	nan
chr15	133	0	0.0	nan
chr15	134	0	0.0	nan
chr15	135	0	0.0	nan
chr15	136	0	0.0	nan
chr15	137	0	0.0	nan
chr15	138	0	0.0	nan
chr15	139	0	0.0	nan
chr15	140	0	0.0	nan
chr15	141	0	0.0	nan
chr15	142	0	0.0	nan
chr15	143	0	0.0	nan
chr15	144	0	0.0	nan
chr15	145	0	0.0	nan
chr15	146	0	0.0	nan
chr15	147	0	0.0	nan
chr15	148	0	0.0	nan
chr15	149	0	0.0	nan
chr16	-138	0	1.0	0.0
chr16	-137	0	1.0	0.0
chr16	-136	1	2.0	50.0
chr16	-135	0	3.0	0.0
chr16	-134	0	7.0	0.0
chr16	-133	0	171.0	0.0
chr16	-132	0	368.0	0.0
chr16	-131	0	581.0	0.0
chr16	-130	1	809.0	0.12360939431396785
chr16	-129	0	1034.0	0.0
chr16	-128	0	1262.0	0.0
chr16	-127	3	1503.0	0.19960079840319359
chr16	-126	0	1726.0	0.0
chr16	-125	0	1967.0	0.0
chr16	-124	0	2200.0	0.0
chr16	-123	8	2425.0	0.32989690721649484
chr16	-122	2	2639.0	0.07578628268283441
chr16	-121	0	2883.0	0.0
chr16	-120	6	3113.0	0.19274012206874397
chr16	-119	3	3331.0	0.09006304413089163
chr16	-118	15	3540.0	0.423728813559322
chr16	-117	7	3773.0	0.1855287569573284
chr16	-116	8	4015.0	0.199252801992528
chr16	-115	7	4226.0	0.1656412683388547
chr16	-114	16	4420.0	0.36199095022624433
chr16	-113	23	4627.0	0.49708234277069374
chr16	-112	12	4847.0	0.24757582009490406
chr16	-111	7	5075.0	0.13793103448275862
chr16	-110	16	5293.0	0.3022860381636123
chr16	-109	9	5515.0	0.1631912964641886
chr16	-108	10	5726.0	0.17464198393293748
chr16	-107	6	5933.0	0.10112927692566998
chr16	-106	11	6131.0	0.17941608220518676
chr16	-105	14	6361.0	0.22009118063197614
chr16	-104	9	6568.0	0.13702801461632155
chr16	-103	23	6777.0	0.33938320790910437
chr16	-102	17	7042.0	0.24140869071286566
chr16	-101	31	7262.0	0.42687964748003304
chr16	-100	10	7477.0	0.13374348000534975
chr16	-99	24	7688.0	0.31217481789802287
chr16	-98	23	7927.0	0.29014759682099156
chr16	-97	14	8162.0	0.17152658662092624
chr16	-96	19	8411.0	0.22589466175246703
chr16	-95	18	8597.0	0.20937536349889496
chr16	-94	31	8794.0	0.3525130770980214
chr16	-93	14	9022.0	0.15517623586787851
chr16	-92	12	9227.0	0.1300531050178823
chr16	-91	22	9453.0	0.23273035015339044
chr16	-90	31	9678.0	0.3203141144864642
chr16	-89	28	9913.0	0.2824573791990316
chr16	-88	33	10127.0	0.3258615582107238
chr16	-87	33	10342.0	0.31908721717269384
chr16	-86	35	10559.0	0.33147078321810775
chr16	-85	32	10783.0	0.2967634239080033
chr16	-84	52	11005.0	0.47251249432076325
chr16	-83	17	11229.0	0.15139371270816634
chr16	-82	21	11405.0	0.1841297676457694
chr16	-81	38	11644.0	0.32634833390587425
chr16	-80	14	11883.0	0.11781536648994362
chr16	-79	27	12104.0	0.22306675479180438
chr16	-78	41	12320.0	0.33279220779220775
chr16	-77	40	12556.0	0.31857279388340237
chr16	-76	44	12772.0	0.3445036016285625
chr16	-75	19	12973.0	0.14645802821244122
chr16	-74	22	13183.0	0.16688158992642038
chr16	-73	32	13385.0	0.2390735898393724
chr16	-72	32	13622.0	0.23491410952870356
chr16	-71	33	13852.0	0.23823274617383772
chr16	-70	60	14090.0	0.42583392476933996
chr16	-69	51	14327.0	0.35597124310741957
chr16	-68	69	14562.0	0.4738360115368768
chr16	-67	45	14804.0	0.30397189948662523
chr16	-66	70	15015.0	0.4662004662004662
chr16	-65	38	15288.0	0.24856096284667714
chr16	-64	79	15485.0	0.5101711333548595
chr16	-63	42	15713.0	0.26729459683064977
chr16	-62	37	15938.0	0.2321495796210315
chr16	-61	25	16147.0	0.15482752214033565
chr16	-60	38	16354.0	0.23235905588846764
chr16	-59	71	16594.0	0.4278654935518862
chr16	-58	47	16833.0	0.2792134497712826
chr16	-57	18	17057.0	0.10552852201442223
chr16	-56	89	17286.0	0.5148675228508619
chr16	-55	47	17535.0	0.26803535785571714
chr16	-54	57	17764.0	0.3208736770997523
chr16	-53	47	17979.0	0.2614160965570944
chr16	-52	37	18197.0	0.20333021926691214
chr16	-51	51	18410.0	0.2770233568712656
chr16	-50	86	18608.0	0.4621668099742046
chr16	-49	35	18819.0	0.18598225197938253
chr16	-48	58	19068.0	0.3041745332494231
chr16	-47	59	19285.0	0.30593725693544205
chr16	-46	35	19540.0	0.17911975435005117
chr16	-45	51	19772.0	0.25794052195023265
chr16	-44	65	20003.0	0.3249512573114033
chr16	-43	77	20227.0	0.38067929005784346
chr16	-42	61	20458.0	0.2981718643073614
chr16	-41	84	20680.0	0.40618955512572535
chr16	-40	94	20904.0	0.4496747034060467
chr16	-39	108	21114.0	0.5115089514066496
chr16	-38	140	21347.0	0.6558298589965803
chr16	-37	82	21580.0	0.37998146431881374
chr16	-36	80	21835.0	0.36638424547744447
chr16	-35	88	22098.0	0.39822608380848945
chr16	-34	54	22316.0	0.2419788492561391
chr16	-33	88	22544.0	0.39034776437189495
chr16	-32	69	22772.0	0.3030036887405586
chr16	-31	88	22971.0	0.3830917243480911
chr16	-30	115	23241.0	0.49481519728066775
chr16	-29	76	23481.0	0.32366594267705806
chr16	-28	56	23703.0	0.23625701388009954
chr16	-27	100	23959.0	0.41737969030426986
chr16	-26	60	24153.0	0.24841634579555336
chr16	-25	95	24381.0	0.3896476764693819
chr16	-24	65	24610.0	0.2641202763104429
chr16	-23	65	24814.0	0.2619488998146208
chr16	-22	125	25037.0	0.4992610935814994
chr16	-21	94	25259.0	0.3721445821291421
chr16	-20	81	25455.0	0.3182086034177961
chr16	-19	112	25687.0	0.43601821933273643
chr16	-18	75	25925.0	0.28929604628736744
chr16	-17	69	26145.0	0.263912794033276
chr16	-16	138	26331.0	0.5240970718924461
chr16	-15	134	26523.0	0.5052218828940919
chr16	-14	119	26761.0	0.4446769552707298
chr16	-13	64	26943.0	0.2375385072189437
chr16	-12	119	27226.0	0.4370822008374348
chr16	-11	88	27387.0	0.32132033446525726
chr16	-10	83	27604.0	0.3006810607158383
chr16	-9	131	27601.0	0.47462048476504476
chr16	-8	140	27601.0	0.5072279989855439
chr16	-7	139	27611.0	0.5034225489841005
chr16	-6	140	27609.0	0.5070810243036691
chr16	-5	100	27620.0	0.3620564808110065
chr16	-4	115	27584.0	0.4169083526682134
chr16	-3	114	27599.0	0.41305844414652704
chr16	-2	142	27575.0	0.514959202175884
chr16	-1	546	27500.0	1.9854545454545454
chr16	0	1103	26734.0	4.125832273509388
chr16	1	259	26593.0	0.9739405106607002
chr16	2	155	26365.0	0.5879006258296985
chr16	3	233	26150.0	0.8910133843212237
chr16	4	191	25930.0	0.7365985345160047
chr16	5	246	25677.0	0.9580558476457531
chr16	6	313	25399.0	1.2323319815740779
chr16	7	217	25142.0	0.863097605600191
chr16	8	243	24919.0	0.975159516834544
chr16	9	218	24689.0	0.8829843250030379
chr16	10	258	24453.0	1.0550852656115814
chr16	11	260	24228.0	1.0731385174178636
chr16	12	238	23946.0	0.9939029483003424
chr16	13	237	23721.0	0.9991147084861516
chr16	14	262	23511.0	1.114371996086938
chr16	15	260	23276.0	1.1170304175975254
chr16	16	214	23043.0	0.9286985201579655
chr16	17	160	22829.0	0.7008629374917867
chr16	18	283	22633.0	1.250386603631865
chr16	19	163	22432.0	0.7266405135520685
chr16	20	195	22192.0	0.8786950252343186
chr16	21	208	21967.0	0.9468748577411572
chr16	22	186	21750.0	0.8551724137931035
chr16	23	203	21546.0	0.9421702404158544
chr16	24	238	21328.0	1.1159039759939986
chr16	25	178	21122.0	0.8427232269671433
chr16	26	207	20924.0	0.9892945899445612
chr16	27	171	20690.0	0.8264862252295795
chr16	28	179	20496.0	0.8733411397345823
chr16	29	178	20262.0	0.8784917579705852
chr16	30	192	20015.0	0.9592805395953036
chr16	31	148	19794.0	0.7477013236334242
chr16	32	182	19586.0	0.9292351679771265
chr16	33	148	19375.0	0.7638709677419354
chr16	34	229	19108.0	1.1984509106133556
chr16	35	147	18883.0	0.7784779960811312
chr16	36	146	18657.0	0.7825481052687998
chr16	37	203	18463.0	1.0994962898770513
chr16	38	203	18262.0	1.1115978534662139
chr16	39	173	18043.0	0.9588205952446933
chr16	40	193	17833.0	1.0822632198732687
chr16	41	136	17606.0	0.7724639327501989
chr16	42	182	17383.0	1.0469999424725307
chr16	43	140	17184.0	0.8147113594040969
chr16	44	149	16968.0	0.8781235266383781
chr16	45	128	16753.0	0.7640422610875665
chr16	46	158	16535.0	0.9555488358028423
chr16	47	137	16319.0	0.8395122250137875
chr16	48	128	16108.0	0.7946362056121182
chr16	49	149	15896.0	0.9373427277302466
chr16	50	110	15694.0	0.700904804383841
chr16	51	121	15484.0	0.781451821234823
chr16	52	121	15248.0	0.7935466946484785
chr16	53	150	15019.0	0.9987349357480524
chr16	54	125	14810.0	0.8440243079000675
chr16	55	142	14576.0	0.9742041712403952
chr16	56	119	14377.0	0.8277109271753496
chr16	57	113	14191.0	0.7962793319709675
chr16	58	147	13991.0	1.050675434207705
chr16	59	115	13787.0	0.8341190977007326
chr16	60	119	13531.0	0.8794619762027935
chr16	61	111	13296.0	0.8348375451263539
chr16	62	112	13077.0	0.8564655502026459
chr16	63	149	12841.0	1.160345767463593
chr16	64	134	12614.0	1.062311717139686
chr16	65	127	12380.0	1.0258481421647818
chr16	66	105	12180.0	0.8620689655172413
chr16	67	134	11929.0	1.1233129348646156
chr16	68	107	11727.0	0.912424319945425
chr16	69	114	11515.0	0.9900130264871906
chr16	70	78	11302.0	0.6901433374623961
chr16	71	72	11093.0	0.6490579644821058
chr16	72	84	10879.0	0.7721297913411159
chr16	73	80	10638.0	0.7520210565895845
chr16	74	79	10430.0	0.7574304889741131
chr16	75	100	10208.0	0.9796238244514107
chr16	76	91	9977.0	0.9120978249974941
chr16	77	59	9752.0	0.6050041017227236
chr16	78	70	9546.0	0.7332914309658495
chr16	79	62	9330.0	0.6645230439442658
chr16	80	70	9120.0	0.7675438596491228
chr16	81	70	8893.0	0.7871359496232991
chr16	82	85	8692.0	0.9779107225034513
chr16	83	88	8480.0	1.0377358490566038
chr16	84	64	8245.0	0.7762280169799879
chr16	85	71	8030.0	0.8841843088418431
chr16	86	70	7810.0	0.8962868117797695
chr16	87	55	7575.0	0.7260726072607261
chr16	88	63	7362.0	0.8557457212713936
chr16	89	84	7138.0	1.1768002241524236
chr16	90	60	6908.0	0.8685581933989578
chr16	91	64	6698.0	0.955509107196178
chr16	92	35	6481.0	0.540040117265854
chr16	93	59	6279.0	0.9396400700748526
chr16	94	41	6042.0	0.6785832505792784
chr16	95	47	5790.0	0.8117443868739206
chr16	96	36	5555.0	0.6480648064806481
chr16	97	42	5305.0	0.7917059377945336
chr16	98	28	5108.0	0.548159749412686
chr16	99	35	4890.0	0.7157464212678937
chr16	100	41	4663.0	0.8792622775037529
chr16	101	32	4450.0	0.7191011235955056
chr16	102	28	4211.0	0.6649251959154595
chr16	103	22	3982.0	0.5524861878453038
chr16	104	18	3754.0	0.47948854555141185
chr16	105	27	3509.0	0.7694499857509262
chr16	106	23	3307.0	0.6954944058058663
chr16	107	24	3080.0	0.7792207792207793
chr16	108	20	2869.0	0.6971070059254095
chr16	109	25	2673.0	0.9352787130564909
chr16	110	17	2448.0	0.6944444444444444
chr16	111	6	2235.0	0.2684563758389262
chr16	112	35	2021.0	1.7318159327065807
chr16	113	6	1793.0	0.33463469046291133
chr16	114	8	1562.0	0.5121638924455826
chr16	115	11	1359.0	0.8094186902133923
chr16	116	12	1171.0	1.0247651579846286
chr16	117	5	972.0	0.51440329218107
chr16	118	3	753.0	0.398406374501992
chr16	119	4	527.0	0.7590132827324478
chr16	120	1	324.0	0.30864197530864196
chr16	121	0	149.0	0.0
chr16	122	0	0.0	nan
chr16	123	0	0.0	nan
chr16	124	0	0.0	nan
chr16	125	0	0.0	nan
chr16	126	0	0.0	nan
chr16	127	0	0.0	nan
chr16	128	0	0.0	nan
chr16	129	0	0.0	nan
chr16	130	0	0.0	nan
chr16	131	0	0.0	nan
chr16	132	0	0.0	nan
chr16	133	0	0.0	nan
chr16	134	0	0.0	nan
chr16	135	0	0.0	nan
chr16	136	0	0.0	nan
chr16	137	0	0.0	nan
chr16	138	0	0.0	nan
chr16	139	0	0.0	nan
chr16	140	0	0.0	nan
chr16	141	0	0.0	nan
chr16	142	0	0.0	nan
chr17	-137	0	1.0	0.0
chr17	-136	0	1.0	0.0
chr17	-135	0	1.0	0.0
chr17	-134	0	2.0	0.0
chr17	-133	0	28.0	0.0
chr17	-132	0	68.0	0.0
chr17	-131	0	105.0	0.0
chr17	-130	0	146.0	0.0
chr17	-129	0	203.0	0.0
chr17	-128	0	243.0	0.0
chr17	-127	1	278.0	0.3597122302158274
chr17	-126	0	315.0	0.0
chr17	-125	2	361.0	0.554016620498615
chr17	-124	0	415.0	0.0
chr17	-123	1	461.0	0.21691973969631237
chr17	-122	0	495.0	0.0
chr17	-121	0	541.0	0.0
chr17	-120	0	584.0	0.0
chr17	-119	0	627.0	0.0
chr17	-118	0	670.0	0.0
chr17	-117	6	708.0	0.847457627118644
chr17	-116	2	751.0	0.2663115845539281
chr17	-115	1	807.0	0.12391573729863693
chr17	-114	0	848.0	0.0
chr17	-113	2	885.0	0.22598870056497175
chr17	-112	0	933.0	0.0
chr17	-111	1	969.0	0.10319917440660474
chr17	-110	3	1008.0	0.2976190476190476
chr17	-109	1	1057.0	0.0946073793755913
chr17	-108	2	1093.0	0.18298261665141813
chr17	-107	0	1141.0	0.0
chr17	-106	1	1182.0	0.08460236886632826
chr17	-105	0	1226.0	0.0
chr17	-104	1	1268.0	0.07886435331230283
chr17	-103	0	1315.0	0.0
chr17	-102	7	1354.0	0.51698670605613
chr17	-101	1	1391.0	0.07189072609633358
chr17	-100	1	1440.0	0.06944444444444445
chr17	-99	4	1473.0	0.2715546503733876
chr17	-98	1	1521.0	0.06574621959237344
chr17	-97	0	1575.0	0.0
chr17	-96	5	1626.0	0.3075030750307503
chr17	-95	2	1671.0	0.11968880909634949
chr17	-94	3	1715.0	0.1749271137026239
chr17	-93	18	1765.0	1.019830028328612
chr17	-92	3	1804.0	0.1662971175166297
chr17	-91	2	1846.0	0.10834236186348861
chr17	-90	6	1889.0	0.31762837480148226
chr17	-89	3	1923.0	0.15600624024961
chr17	-88	13	1967.0	0.6609049313675649
chr17	-87	4	2012.0	0.19880715705765406
chr17	-86	11	2052.0	0.5360623781676412
chr17	-85	2	2099.0	0.09528346831824679
chr17	-84	5	2138.0	0.23386342376052385
chr17	-83	4	2180.0	0.1834862385321101
chr17	-82	4	2228.0	0.17953321364452424
chr17	-81	13	2271.0	0.5724350506384853
chr17	-80	10	2305.0	0.43383947939262474
chr17	-79	4	2352.0	0.17006802721088435
chr17	-78	6	2403.0	0.24968789013732834
chr17	-77	6	2448.0	0.24509803921568626
chr17	-76	0	2498.0	0.0
chr17	-75	6	2540.0	0.23622047244094488
chr17	-74	3	2588.0	0.11591962905718702
chr17	-73	4	2644.0	0.15128593040847202
chr17	-72	9	2692.0	0.3343239227340267
chr17	-71	2	2758.0	0.0725163161711385
chr17	-70	9	2802.0	0.32119914346895073
chr17	-69	4	2848.0	0.1404494382022472
chr17	-68	10	2893.0	0.3456619426201175
chr17	-67	3	2948.0	0.10176390773405698
chr17	-66	7	2995.0	0.23372287145242068
chr17	-65	6	3039.0	0.19743336623889435
chr17	-64	16	3082.0	0.5191434133679429
chr17	-63	8	3126.0	0.2559181062060141
chr17	-62	6	3162.0	0.18975332068311196
chr17	-61	0	3200.0	0.0
chr17	-60	4	3249.0	0.12311480455524776
chr17	-59	3	3300.0	0.09090909090909091
chr17	-58	3	3355.0	0.08941877794336811
chr17	-57	8	3402.0	0.23515579071134626
chr17	-56	24	3432.0	0.6993006993006993
chr17	-55	11	3498.0	0.3144654088050315
chr17	-54	17	3538.0	0.4804974561899378
chr17	-53	25	3601.0	0.6942515967786725
chr17	-52	10	3648.0	0.2741228070175438
chr17	-51	6	3697.0	0.1622937516905599
chr17	-50	39	3753.0	1.0391686650679457
chr17	-49	7	3791.0	0.1846478501714587
chr17	-48	8	3841.0	0.2082790939859412
chr17	-47	2	3893.0	0.05137426149499101
chr17	-46	12	3937.0	0.3048006096012192
chr17	-45	6	3994.0	0.15022533800701052
chr17	-44	5	4049.0	0.12348728081007657
chr17	-43	24	4102.0	0.5850804485616773
chr17	-42	20	4147.0	0.48227634434530986
chr17	-41	2	4193.0	0.04769854519437157
chr17	-40	9	4234.0	0.21256495040151155
chr17	-39	14	4279.0	0.3271792474877308
chr17	-38	9	4325.0	0.20809248554913293
chr17	-37	15	4376.0	0.34277879341864714
chr17	-36	6	4412.0	0.1359927470534905
chr17	-35	12	4459.0	0.26911863646557527
chr17	-34	9	4507.0	0.19968937208786333
chr17	-33	9	4545.0	0.19801980198019803
chr17	-32	13	4590.0	0.2832244008714597
chr17	-31	24	4647.0	0.5164622336991607
chr17	-30	9	4682.0	0.19222554463904315
chr17	-29	11	4730.0	0.23255813953488372
chr17	-28	8	4770.0	0.16771488469601675
chr17	-27	13	4815.0	0.2699896157840083
chr17	-26	17	4861.0	0.3497222793663855
chr17	-25	14	4916.0	0.2847843775427177
chr17	-24	19	4959.0	0.38314176245210724
chr17	-23	9	5005.0	0.1798201798201798
chr17	-22	34	5051.0	0.6731340328647792
chr17	-21	24	5099.0	0.47068052559325363
chr17	-20	14	5146.0	0.2720559657986786
chr17	-19	11	5187.0	0.21206863312126467
chr17	-18	9	5240.0	0.1717557251908397
chr17	-17	15	5298.0	0.28312570781426954
chr17	-16	25	5336.0	0.46851574212893554
chr17	-15	13	5370.0	0.24208566108007448
chr17	-14	67	5413.0	1.2377609458710512
chr17	-13	12	5447.0	0.22030475491096016
chr17	-12	18	5488.0	0.32798833819241985
chr17	-11	11	5547.0	0.19830539030106364
chr17	-10	17	5582.0	0.3045503403797922
chr17	-9	26	5580.0	0.46594982078853053
chr17	-8	31	5581.0	0.5554560114674789
chr17	-7	13	5582.0	0.23289143676101753
chr17	-6	32	5582.0	0.573271228950197
chr17	-5	29	5580.0	0.5197132616487455
chr17	-4	20	5582.0	0.35829451809387314
chr17	-3	17	5582.0	0.3045503403797922
chr17	-2	18	5568.0	0.3232758620689655
chr17	-1	122	5568.0	2.1910919540229887
chr17	0	245	5420.0	4.520295202952029
chr17	1	38	5375.0	0.7069767441860465
chr17	2	26	5345.0	0.4864359214218896
chr17	3	46	5294.0	0.8689081979599547
chr17	4	54	5258.0	1.0270064663370102
chr17	5	58	5222.0	1.1106855610877058
chr17	6	89	5166.0	1.7228029423151374
chr17	7	58	5105.0	1.1361410381978454
chr17	8	55	5066.0	1.0856691669956573
chr17	9	43	5021.0	0.8564031069508066
chr17	10	47	4982.0	0.9433962264150944
chr17	11	51	4932.0	1.0340632603406326
chr17	12	48	4887.0	0.9821976672805401
chr17	13	69	4835.0	1.4270941054808686
chr17	14	34	4791.0	0.709663953245669
chr17	15	49	4747.0	1.0322308826627344
chr17	16	35	4712.0	0.7427843803056027
chr17	17	50	4659.0	1.073191672032625
chr17	18	37	4613.0	0.8020810752221981
chr17	19	69	4562.0	1.5124945199473916
chr17	20	63	4525.0	1.3922651933701657
chr17	21	50	4483.0	1.1153245594467989
chr17	22	34	4457.0	0.7628449629795826
chr17	23	30	4411.0	0.6801178871004308
chr17	24	50	4376.0	1.1425959780621573
chr17	25	40	4322.0	0.9254974548819991
chr17	26	39	4281.0	0.9110021023125439
chr17	27	34	4239.0	0.8020759613116302
chr17	28	27	4200.0	0.6428571428571428
chr17	29	42	4157.0	1.0103439980755353
chr17	30	65	4115.0	1.5795868772782502
chr17	31	28	4079.0	0.6864427555773475
chr17	32	31	4025.0	0.7701863354037267
chr17	33	26	3995.0	0.6508135168961202
chr17	34	20	3945.0	0.5069708491761723
chr17	35	39	3891.0	1.002313030069391
chr17	36	39	3845.0	1.0143042912873863
chr17	37	47	3790.0	1.2401055408970976
chr17	38	39	3744.0	1.0416666666666665
chr17	39	36	3690.0	0.975609756097561
chr17	40	25	3653.0	0.6843690117711471
chr17	41	34	3617.0	0.9400055294442908
chr17	42	28	3568.0	0.7847533632286996
chr17	43	46	3535.0	1.3012729844413014
chr17	44	47	3496.0	1.3443935926773456
chr17	45	24	3454.0	0.6948465547191662
chr17	46	30	3411.0	0.8795074758135445
chr17	47	23	3367.0	0.6831006831006831
chr17	48	25	3318.0	0.7534659433393611
chr17	49	39	3284.0	1.1875761266747868
chr17	50	31	3233.0	0.9588617383235385
chr17	51	32	3184.0	1.0050251256281406
chr17	52	21	3136.0	0.6696428571428571
chr17	53	38	3100.0	1.2258064516129032
chr17	54	25	3054.0	0.8185985592665358
chr17	55	47	2984.0	1.5750670241286864
chr17	56	26	2947.0	0.8822531387852053
chr17	57	26	2903.0	0.8956252152945229
chr17	58	22	2855.0	0.7705779334500876
chr17	59	16	2795.0	0.5724508050089445
chr17	60	19	2759.0	0.6886553098948894
chr17	61	22	2699.0	0.8151167098925528
chr17	62	23	2658.0	0.8653122648607976
chr17	63	26	2608.0	0.9969325153374233
chr17	64	8	2563.0	0.3121342177136169
chr17	65	19	2511.0	0.7566706491437674
chr17	66	15	2472.0	0.6067961165048543
chr17	67	19	2430.0	0.7818930041152263
chr17	68	23	2385.0	0.9643605870020965
chr17	69	32	2338.0	1.3686911890504705
chr17	70	23	2305.0	0.9978308026030369
chr17	71	14	2263.0	0.6186478126380911
chr17	72	30	2212.0	1.3562386980108498
chr17	73	15	2166.0	0.6925207756232686
chr17	74	13	2119.0	0.6134969325153374
chr17	75	18	2074.0	0.8678881388621021
chr17	76	12	2030.0	0.5911330049261084
chr17	77	24	1981.0	1.2115093387178193
chr17	78	9	1939.0	0.46415678184631254
chr17	79	20	1878.0	1.0649627263045793
chr17	80	18	1836.0	0.9803921568627451
chr17	81	14	1782.0	0.7856341189674524
chr17	82	20	1730.0	1.1560693641618496
chr17	83	17	1698.0	1.0011778563015312
chr17	84	14	1640.0	0.853658536585366
chr17	85	19	1602.0	1.1860174781523096
chr17	86	16	1553.0	1.03026400515132
chr17	87	9	1501.0	0.5996002664890073
chr17	88	9	1446.0	0.6224066390041494
chr17	89	20	1399.0	1.4295925661186561
chr17	90	12	1353.0	0.8869179600886918
chr17	91	11	1309.0	0.8403361344537815
chr17	92	27	1275.0	2.1176470588235294
chr17	93	4	1228.0	0.32573289902280134
chr17	94	14	1185.0	1.1814345991561181
chr17	95	11	1141.0	0.9640666082383873
chr17	96	9	1104.0	0.8152173913043478
chr17	97	6	1071.0	0.5602240896358543
chr17	98	6	1019.0	0.5888125613346418
chr17	99	8	977.0	0.8188331627430911
chr17	100	8	935.0	0.8556149732620321
chr17	101	15	890.0	1.6853932584269662
chr17	102	6	853.0	0.7033997655334115
chr17	103	8	803.0	0.9962640099626401
chr17	104	9	762.0	1.1811023622047243
chr17	105	7	725.0	0.9655172413793104
chr17	106	11	670.0	1.6417910447761193
chr17	107	7	628.0	1.1146496815286624
chr17	108	9	593.0	1.5177065767284992
chr17	109	4	537.0	0.74487895716946
chr17	110	2	491.0	0.40733197556008144
chr17	111	5	447.0	1.1185682326621924
chr17	112	1	407.0	0.2457002457002457
chr17	113	3	368.0	0.8152173913043478
chr17	114	2	308.0	0.6493506493506493
chr17	115	1	256.0	0.390625
chr17	116	5	223.0	2.242152466367713
chr17	117	2	190.0	1.0526315789473684
chr17	118	1	150.0	0.6666666666666667
chr17	119	1	108.0	0.9259259259259258
chr17	120	0	63.0	0.0
chr17	121	0	23.0	0.0
chr17	122	0	0.0	nan
chr17	123	0	0.0	nan
chr17	124	0	0.0	nan
chr17	125	0	0.0	nan
chr17	126	0	0.0	nan
chr17	127	0	0.0	nan
chr17	128	0	0.0	nan
chr17	129	0	0.0	nan
chr17	130	0	0.0	nan
chr17	131	0	0.0	nan
chr17	132	0	0.0	nan
chr17	133	0	0.0	nan
chr17	134	0	0.0	nan
chr17	135	0	0.0	nan
chr17	136	0	0.0	nan
chr18	-137	0	1.0	0.0
chr18	-136	0	2.0	0.0
chr18	-135	0	2.0	0.0
chr18	-134	0	3.0	0.0
chr18	-133	0	24.0	0.0
chr18	-132	0	61.0	0.0
chr18	-131	0	103.0	0.0
chr18	-130	0	133.0	0.0
chr18	-129	0	175.0	0.0
chr18	-128	0	209.0	0.0
chr18	-127	1	250.0	0.4
chr18	-126	0	296.0	0.0
chr18	-125	1	338.0	0.2958579881656805
chr18	-124	0	373.0	0.0
chr18	-123	0	413.0	0.0
chr18	-122	0	462.0	0.0
chr18	-121	0	500.0	0.0
chr18	-120	1	541.0	0.18484288354898337
chr18	-119	0	575.0	0.0
chr18	-118	2	609.0	0.3284072249589491
chr18	-117	0	634.0	0.0
chr18	-116	0	666.0	0.0
chr18	-115	0	698.0	0.0
chr18	-114	7	731.0	0.957592339261286
chr18	-113	0	770.0	0.0
chr18	-112	0	805.0	0.0
chr18	-111	0	843.0	0.0
chr18	-110	1	872.0	0.11467889908256881
chr18	-109	3	918.0	0.32679738562091504
chr18	-108	2	950.0	0.21052631578947367
chr18	-107	0	989.0	0.0
chr18	-106	3	1037.0	0.28929604628736744
chr18	-105	1	1086.0	0.09208103130755065
chr18	-104	2	1120.0	0.17857142857142858
chr18	-103	1	1148.0	0.08710801393728224
chr18	-102	9	1184.0	0.7601351351351352
chr18	-101	0	1226.0	0.0
chr18	-100	2	1261.0	0.1586042823156225
chr18	-99	0	1291.0	0.0
chr18	-98	1	1327.0	0.07535795026375283
chr18	-97	0	1356.0	0.0
chr18	-96	1	1390.0	0.07194244604316546
chr18	-95	0	1427.0	0.0
chr18	-94	13	1456.0	0.8928571428571428
chr18	-93	3	1487.0	0.20174848688634836
chr18	-92	2	1537.0	0.13012361743656475
chr18	-91	7	1575.0	0.4444444444444444
chr18	-90	6	1632.0	0.3676470588235294
chr18	-89	2	1662.0	0.12033694344163659
chr18	-88	0	1701.0	0.0
chr18	-87	8	1744.0	0.45871559633027525
chr18	-86	1	1775.0	0.056338028169014086
chr18	-85	3	1810.0	0.16574585635359115
chr18	-84	1	1842.0	0.05428881650380022
chr18	-83	3	1887.0	0.1589825119236884
chr18	-82	11	1925.0	0.5714285714285714
chr18	-81	3	1964.0	0.15274949083503053
chr18	-80	21	2001.0	1.0494752623688157
chr18	-79	1	2029.0	0.04928536224741252
chr18	-78	1	2067.0	0.04837929366231253
chr18	-77	3	2110.0	0.14218009478672985
chr18	-76	4	2138.0	0.18709073900841908
chr18	-75	0	2169.0	0.0
chr18	-74	3	2198.0	0.13648771610555052
chr18	-73	2	2233.0	0.08956560680698611
chr18	-72	3	2270.0	0.13215859030837004
chr18	-71	4	2301.0	0.1738374619730552
chr18	-70	8	2318.0	0.3451251078515962
chr18	-69	7	2352.0	0.2976190476190476
chr18	-68	18	2402.0	0.7493755203996669
chr18	-67	12	2441.0	0.4916018025399427
chr18	-66	4	2475.0	0.1616161616161616
chr18	-65	7	2514.0	0.27844073190135243
chr18	-64	3	2550.0	0.1176470588235294
chr18	-63	9	2577.0	0.3492433061699651
chr18	-62	5	2623.0	0.19062142584826536
chr18	-61	26	2669.0	0.9741476208317721
chr18	-60	2	2716.0	0.07363770250368189
chr18	-59	3	2755.0	0.10889292196007261
chr18	-58	39	2780.0	1.4028776978417266
chr18	-57	3	2826.0	0.10615711252653928
chr18	-56	5	2867.0	0.17439832577607256
chr18	-55	6	2898.0	0.2070393374741201
chr18	-54	2	2932.0	0.06821282401091405
chr18	-53	2	2971.0	0.06731740154830024
chr18	-52	12	3015.0	0.3980099502487562
chr18	-51	14	3060.0	0.4575163398692811
chr18	-50	8	3095.0	0.25848142164781907
chr18	-49	14	3133.0	0.4468560485157995
chr18	-48	23	3169.0	0.7257810034711265
chr18	-47	6	3200.0	0.1875
chr18	-46	6	3232.0	0.18564356435643564
chr18	-45	7	3265.0	0.21439509954058195
chr18	-44	1	3300.0	0.030303030303030304
chr18	-43	9	3332.0	0.27010804321728693
chr18	-42	4	3367.0	0.11880011880011879
chr18	-41	5	3405.0	0.14684287812041116
chr18	-40	4	3439.0	0.11631288165164291
chr18	-39	3	3476.0	0.08630609896432681
chr18	-38	48	3512.0	1.366742596810934
chr18	-37	6	3557.0	0.16868147315153217
chr18	-36	27	3584.0	0.7533482142857143
chr18	-35	7	3623.0	0.19321004692243998
chr18	-34	2	3649.0	0.054809536859413546
chr18	-33	1	3684.0	0.02714440825190011
chr18	-32	3	3730.0	0.08042895442359249
chr18	-31	13	3763.0	0.34546904065904865
chr18	-30	14	3795.0	0.3689064558629776
chr18	-29	3	3828.0	0.07836990595611285
chr18	-28	3	3860.0	0.07772020725388601
chr18	-27	23	3885.0	0.5920205920205921
chr18	-26	8	3914.0	0.2043944813490036
chr18	-25	11	3956.0	0.2780586450960566
chr18	-24	34	3989.0	0.8523439458510905
chr18	-23	5	4023.0	0.12428535918468804
chr18	-22	7	4051.0	0.17279684028634903
chr18	-21	2	4088.0	0.04892367906066536
chr18	-20	1	4117.0	0.024289531212047608
chr18	-19	4	4150.0	0.09638554216867469
chr18	-18	10	4186.0	0.23889154323936934
chr18	-17	7	4226.0	0.1656412683388547
chr18	-16	5	4265.0	0.11723329425556857
chr18	-15	14	4305.0	0.3252032520325203
chr18	-14	8	4339.0	0.18437427978796958
chr18	-13	14	4377.0	0.3198537811286269
chr18	-12	10	4411.0	0.22670596236681026
chr18	-11	22	4447.0	0.49471553856532496
chr18	-10	17	4487.0	0.37887229774905284
chr18	-9	8	4487.0	0.17829284599955428
chr18	-8	21	4487.0	0.46801872074883
chr18	-7	26	4487.0	0.5794517494985514
chr18	-6	12	4486.0	0.26749888542131073
chr18	-5	41	4486.0	0.9139545251894784
chr18	-4	18	4485.0	0.4013377926421404
chr18	-3	45	4487.0	1.0028972587474927
chr18	-2	31	4486.0	0.6910387873383861
chr18	-1	72	4439.0	1.6219869339941426
chr18	0	158	4304.0	3.671003717472119
chr18	1	17	4284.0	0.3968253968253968
chr18	2	57	4277.0	1.3327098433481412
chr18	3	25	4241.0	0.5894836123555766
chr18	4	39	4209.0	0.9265858873841768
chr18	5	48	4170.0	1.1510791366906474
chr18	6	65	4114.0	1.5799708313077296
chr18	7	37	4067.0	0.9097614949594296
chr18	8	47	4035.0	1.1648079306071872
chr18	9	40	3989.0	1.0027575833542242
chr18	10	49	3946.0	1.2417638114546377
chr18	11	26	3902.0	0.6663249615581752
chr18	12	56	3853.0	1.4534129249935115
chr18	13	44	3820.0	1.1518324607329842
chr18	14	16	3785.0	0.42272126816380445
chr18	15	46	3759.0	1.223729715349827
chr18	16	26	3731.0	0.6968641114982579
chr18	17	34	3698.0	0.9194159004867496
chr18	18	35	3663.0	0.9555009555009555
chr18	19	36	3625.0	0.9931034482758622
chr18	20	28	3590.0	0.7799442896935933
chr18	21	25	3546.0	0.7050197405527355
chr18	22	24	3520.0	0.6818181818181818
chr18	23	41	3479.0	1.178499568841621
chr18	24	15	3444.0	0.4355400696864111
chr18	25	19	3397.0	0.5593170444509862
chr18	26	26	3352.0	0.7756563245823389
chr18	27	13	3308.0	0.3929866989117291
chr18	28	36	3273.0	1.0999083409715857
chr18	29	48	3247.0	1.4782876501385895
chr18	30	43	3208.0	1.3403990024937655
chr18	31	33	3165.0	1.042654028436019
chr18	32	18	3131.0	0.5748961992973491
chr18	33	24	3105.0	0.7729468599033816
chr18	34	9	3071.0	0.29306414848583523
chr18	35	36	3039.0	1.1846001974333662
chr18	36	22	3004.0	0.7323568575233023
chr18	37	51	2960.0	1.722972972972973
chr18	38	23	2929.0	0.7852509388869922
chr18	39	20	2893.0	0.691323885240235
chr18	40	22	2849.0	0.7722007722007722
chr18	41	24	2810.0	0.8540925266903915
chr18	42	24	2761.0	0.8692502716407098
chr18	43	14	2736.0	0.5116959064327485
chr18	44	20	2696.0	0.741839762611276
chr18	45	17	2655.0	0.64030131826742
chr18	46	28	2619.0	1.069110347460863
chr18	47	19	2582.0	0.7358636715724245
chr18	48	20	2555.0	0.7827788649706457
chr18	49	25	2516.0	0.9936406995230525
chr18	50	21	2478.0	0.847457627118644
chr18	51	10	2442.0	0.4095004095004095
chr18	52	37	2409.0	1.5359070153590701
chr18	53	11	2377.0	0.4627681952040387
chr18	54	21	2341.0	0.897052541648868
chr18	55	15	2305.0	0.6507592190889371
chr18	56	12	2275.0	0.5274725274725275
chr18	57	41	2244.0	1.8270944741532977
chr18	58	26	2208.0	1.177536231884058
chr18	59	10	2172.0	0.46040515653775327
chr18	60	19	2146.0	0.8853681267474371
chr18	61	16	2118.0	0.7554296506137866
chr18	62	18	2095.0	0.8591885441527447
chr18	63	14	2058.0	0.6802721088435374
chr18	64	13	2014.0	0.6454816285998014
chr18	65	13	1977.0	0.6575619625695498
chr18	66	23	1945.0	1.1825192802056554
chr18	67	13	1912.0	0.6799163179916319
chr18	68	12	1874.0	0.6403415154749199
chr18	69	25	1846.0	1.3542795232936078
chr18	70	7	1798.0	0.389321468298109
chr18	71	21	1755.0	1.1965811965811968
chr18	72	15	1712.0	0.8761682242990654
chr18	73	7	1675.0	0.417910447761194
chr18	74	19	1652.0	1.1501210653753027
chr18	75	15	1606.0	0.933997509339975
chr18	76	6	1567.0	0.3828972559029994
chr18	77	15	1531.0	0.9797517962116263
chr18	78	13	1502.0	0.8655126498002662
chr18	79	19	1466.0	1.296043656207367
chr18	80	7	1422.0	0.49226441631504925
chr18	81	22	1379.0	1.5953589557650472
chr18	82	10	1340.0	0.7462686567164178
chr18	83	7	1304.0	0.5368098159509203
chr18	84	3	1267.0	0.23677979479084454
chr18	85	7	1231.0	0.5686433793663688
chr18	86	8	1201.0	0.6661115736885929
chr18	87	7	1172.0	0.5972696245733788
chr18	88	5	1144.0	0.4370629370629371
chr18	89	10	1105.0	0.904977375565611
chr18	90	7	1059.0	0.6610009442870632
chr18	91	5	1032.0	0.4844961240310077
chr18	92	10	1002.0	0.998003992015968
chr18	93	11	966.0	1.1387163561076603
chr18	94	5	937.0	0.5336179295624333
chr18	95	4	895.0	0.44692737430167595
chr18	96	6	865.0	0.6936416184971098
chr18	97	2	829.0	0.24125452352231602
chr18	98	3	804.0	0.3731343283582089
chr18	99	8	769.0	1.0403120936280885
chr18	100	2	737.0	0.27137042062415195
chr18	101	4	706.0	0.56657223796034
chr18	102	5	669.0	0.7473841554559043
chr18	103	4	640.0	0.625
chr18	104	3	607.0	0.4942339373970346
chr18	105	2	583.0	0.34305317324185247
chr18	106	4	552.0	0.7246376811594203
chr18	107	2	514.0	0.38910505836575876
chr18	108	6	486.0	1.2345679012345678
chr18	109	3	455.0	0.6593406593406593
chr18	110	3	426.0	0.7042253521126761
chr18	111	2	387.0	0.516795865633075
chr18	112	2	356.0	0.5617977528089888
chr18	113	4	322.0	1.2422360248447204
chr18	114	6	286.0	2.097902097902098
chr18	115	1	251.0	0.398406374501992
chr18	116	1	207.0	0.4830917874396135
chr18	117	3	173.0	1.7341040462427744
chr18	118	1	139.0	0.7194244604316548
chr18	119	1	103.0	0.9708737864077669
chr18	120	0	72.0	0.0
chr18	121	1	32.0	3.125
chr18	122	0	0.0	nan
chr18	123	0	0.0	nan
chr18	124	0	0.0	nan
chr18	125	0	0.0	nan
chr18	126	0	0.0	nan
chr18	127	0	0.0	nan
chr18	128	0	0.0	nan
chr18	129	0	0.0	nan
chr18	130	0	0.0	nan
chr18	131	0	0.0	nan
chr18	132	0	0.0	nan
chr18	133	0	0.0	nan
chr19	-133	0	28.0	0.0
chr19	-132	0	65.0	0.0
chr19	-131	0	106.0	0.0
chr19	-130	0	137.0	0.0
chr19	-129	0	186.0	0.0
chr19	-128	0	232.0	0.0
chr19	-127	0	282.0	0.0
chr19	-126	0	335.0	0.0
chr19	-125	0	381.0	0.0
chr19	-124	6	413.0	1.4527845036319613
chr19	-123	1	452.0	0.22123893805309736
chr19	-122	5	499.0	1.002004008016032
chr19	-121	1	539.0	0.1855287569573284
chr19	-120	2	576.0	0.3472222222222222
chr19	-119	2	615.0	0.3252032520325203
chr19	-118	0	679.0	0.0
chr19	-117	0	717.0	0.0
chr19	-116	0	761.0	0.0
chr19	-115	1	803.0	0.12453300124533001
chr19	-114	1	848.0	0.1179245283018868
chr19	-113	7	890.0	0.7865168539325843
chr19	-112	2	930.0	0.21505376344086022
chr19	-111	2	968.0	0.2066115702479339
chr19	-110	4	1014.0	0.39447731755424065
chr19	-109	3	1051.0	0.285442435775452
chr19	-108	0	1090.0	0.0
chr19	-107	2	1129.0	0.1771479185119575
chr19	-106	3	1167.0	0.2570694087403599
chr19	-105	2	1216.0	0.1644736842105263
chr19	-104	1	1259.0	0.07942811755361398
chr19	-103	4	1296.0	0.30864197530864196
chr19	-102	3	1349.0	0.2223869532987398
chr19	-101	3	1391.0	0.2156721782890007
chr19	-100	4	1431.0	0.2795248078266946
chr19	-99	2	1482.0	0.1349527665317139
chr19	-98	3	1522.0	0.19710906701708278
chr19	-97	4	1567.0	0.2552648372686663
chr19	-96	1	1622.0	0.06165228113440197
chr19	-95	13	1672.0	0.777511961722488
chr19	-94	2	1713.0	0.11675423234092236
chr19	-93	11	1761.0	0.6246450880181714
chr19	-92	5	1808.0	0.27654867256637167
chr19	-91	5	1846.0	0.27085590465872156
chr19	-90	0	1896.0	0.0
chr19	-89	10	1936.0	0.5165289256198348
chr19	-88	2	1987.0	0.10065425264217413
chr19	-87	8	2036.0	0.3929273084479371
chr19	-86	3	2082.0	0.1440922190201729
chr19	-85	5	2120.0	0.2358490566037736
chr19	-84	3	2167.0	0.1384402399630826
chr19	-83	2	2209.0	0.09053870529651425
chr19	-82	6	2258.0	0.2657218777679362
chr19	-81	3	2297.0	0.13060513713539398
chr19	-80	6	2340.0	0.2564102564102564
chr19	-79	15	2380.0	0.6302521008403361
chr19	-78	9	2431.0	0.3702180172768408
chr19	-77	5	2475.0	0.20202020202020202
chr19	-76	27	2520.0	1.0714285714285714
chr19	-75	9	2555.0	0.35225048923679064
chr19	-74	4	2593.0	0.15426147319706904
chr19	-73	6	2632.0	0.22796352583586624
chr19	-72	5	2675.0	0.1869158878504673
chr19	-71	7	2720.0	0.25735294117647056
chr19	-70	5	2763.0	0.18096272167933405
chr19	-69	2	2803.0	0.07135212272565108
chr19	-68	5	2838.0	0.1761804087385483
chr19	-67	2	2889.0	0.06922810661128419
chr19	-66	5	2949.0	0.169548999660902
chr19	-65	6	2999.0	0.20006668889629878
chr19	-64	9	3038.0	0.29624753127057274
chr19	-63	9	3100.0	0.2903225806451613
chr19	-62	9	3152.0	0.28553299492385786
chr19	-61	7	3196.0	0.2190237797246558
chr19	-60	8	3251.0	0.2460781298062135
chr19	-59	16	3299.0	0.48499545316762654
chr19	-58	11	3352.0	0.32816229116945106
chr19	-57	9	3403.0	0.2644725242433147
chr19	-56	11	3457.0	0.3181949667341626
chr19	-55	13	3505.0	0.37089871611982883
chr19	-54	10	3545.0	0.2820874471086037
chr19	-53	7	3603.0	0.19428254232583958
chr19	-52	4	3649.0	0.10961907371882709
chr19	-51	3	3697.0	0.08114687584527995
chr19	-50	11	3762.0	0.29239766081871343
chr19	-49	18	3815.0	0.471821756225426
chr19	-48	41	3855.0	1.0635538261997406
chr19	-47	11	3906.0	0.2816180235535074
chr19	-46	6	3960.0	0.15151515151515152
chr19	-45	13	4007.0	0.32443224357374595
chr19	-44	13	4050.0	0.32098765432098764
chr19	-43	9	4110.0	0.21897810218978103
chr19	-42	20	4168.0	0.47984644913627633
chr19	-41	12	4210.0	0.2850356294536817
chr19	-40	33	4256.0	0.775375939849624
chr19	-39	14	4307.0	0.325052240538658
chr19	-38	12	4365.0	0.27491408934707906
chr19	-37	15	4415.0	0.33975084937712347
chr19	-36	6	4466.0	0.13434841021047916
chr19	-35	49	4517.0	1.0847907903475758
chr19	-34	20	4563.0	0.43830813061582297
chr19	-33	6	4613.0	0.13006720138738348
chr19	-32	14	4646.0	0.30133448127421436
chr19	-31	29	4692.0	0.618073316283035
chr19	-30	12	4742.0	0.25305778152678193
chr19	-29	17	4793.0	0.3546839140413103
chr19	-28	14	4840.0	0.2892561983471074
chr19	-27	16	4893.0	0.32699775189045577
chr19	-26	11	4940.0	0.22267206477732793
chr19	-25	25	4982.0	0.5018065034122842
chr19	-24	15	5040.0	0.2976190476190476
chr19	-23	41	5077.0	0.8075635217648218
chr19	-22	12	5116.0	0.23455824863174357
chr19	-21	12	5157.0	0.2326934264107039
chr19	-20	13	5207.0	0.24966391396197427
chr19	-19	17	5258.0	0.32331685051350323
chr19	-18	17	5307.0	0.3203316374599586
chr19	-17	16	5350.0	0.29906542056074764
chr19	-16	34	5387.0	0.6311490625580101
chr19	-15	17	5431.0	0.3130178604308599
chr19	-14	16	5482.0	0.2918642831083546
chr19	-13	23	5534.0	0.41561257679797614
chr19	-12	15	5590.0	0.26833631484794274
chr19	-11	18	5634.0	0.3194888178913738
chr19	-10	30	5675.0	0.5286343612334802
chr19	-9	7	5674.0	0.12336975678533663
chr19	-8	29	5674.0	0.5111032781106803
chr19	-7	14	5674.0	0.24673951357067325
chr19	-6	38	5674.0	0.6697215368346845
chr19	-5	28	5674.0	0.4934790271413465
chr19	-4	26	5675.0	0.4581497797356828
chr19	-3	29	5675.0	0.5110132158590308
chr19	-2	34	5674.0	0.5992245329573492
chr19	-1	163	5673.0	2.873259298431165
chr19	0	221	5504.0	4.015261627906977
chr19	1	63	5455.0	1.154903758020165
chr19	2	57	5421.0	1.0514665190924184
chr19	3	67	5371.0	1.2474399553155837
chr19	4	50	5328.0	0.9384384384384384
chr19	5	28	5275.0	0.5308056872037914
chr19	6	56	5228.0	1.0711553175210407
chr19	7	47	5185.0	0.9064609450337512
chr19	8	33	5142.0	0.6417736289381564
chr19	9	37	5104.0	0.7249216300940439
chr19	10	52	5054.0	1.0288880094974278
chr19	11	57	5008.0	1.1381789137380192
chr19	12	32	4958.0	0.645421540943929
chr19	13	84	4924.0	1.7059301380991063
chr19	14	34	4867.0	0.6985822888843229
chr19	15	59	4832.0	1.221026490066225
chr19	16	52	4789.0	1.0858216746711213
chr19	17	60	4731.0	1.2682308180088777
chr19	18	51	4683.0	1.0890454836643177
chr19	19	51	4646.0	1.0977184674989238
chr19	20	30	4611.0	0.6506180871828237
chr19	21	35	4574.0	0.765194578049847
chr19	22	52	4528.0	1.1484098939929328
chr19	23	48	4486.0	1.069995541685243
chr19	24	52	4445.0	1.1698537682789651
chr19	25	27	4401.0	0.6134969325153374
chr19	26	32	4368.0	0.7326007326007326
chr19	27	31	4315.0	0.7184241019698725
chr19	28	34	4280.0	0.794392523364486
chr19	29	37	4245.0	0.8716136631330978
chr19	30	48	4195.0	1.1442193087008343
chr19	31	51	4153.0	1.2280279316156995
chr19	32	37	4110.0	0.9002433090024331
chr19	33	44	4065.0	1.082410824108241
chr19	34	53	4019.0	1.3187360039810898
chr19	35	18	3971.0	0.45328632586250317
chr19	36	46	3916.0	1.1746680286006128
chr19	37	35	3869.0	0.9046265184802273
chr19	38	17	3817.0	0.4453759496987163
chr19	39	51	3774.0	1.3513513513513513
chr19	40	30	3731.0	0.8040739748056821
chr19	41	35	3690.0	0.9485094850948509
chr19	42	30	3640.0	0.8241758241758242
chr19	43	38	3607.0	1.0535070695869144
chr19	44	16	3558.0	0.44969083754918493
chr19	45	36	3511.0	1.0253489034463115
chr19	46	30	3465.0	0.8658008658008658
chr19	47	50	3427.0	1.4590020426028596
chr19	48	21	3385.0	0.620384047267356
chr19	49	28	3352.0	0.8353221957040573
chr19	50	38	3308.0	1.1487303506650544
chr19	51	23	3264.0	0.7046568627450981
chr19	52	29	3223.0	0.8997828110456096
chr19	53	21	3184.0	0.6595477386934673
chr19	54	18	3138.0	0.5736137667304015
chr19	55	25	3089.0	0.809323405632891
chr19	56	39	3043.0	1.2816299704239238
chr19	57	23	3016.0	0.7625994694960212
chr19	58	41	2978.0	1.3767629281396911
chr19	59	28	2938.0	0.9530292716133424
chr19	60	20	2893.0	0.691323885240235
chr19	61	31	2841.0	1.0911650827173531
chr19	62	18	2796.0	0.6437768240343348
chr19	63	18	2752.0	0.6540697674418605
chr19	64	21	2724.0	0.7709251101321586
chr19	65	28	2657.0	1.0538200978547234
chr19	66	19	2609.0	0.7282483710233806
chr19	67	13	2559.0	0.5080109417741305
chr19	68	21	2508.0	0.8373205741626795
chr19	69	24	2455.0	0.9775967413441956
chr19	70	15	2401.0	0.6247396917950854
chr19	71	17	2358.0	0.720949957591179
chr19	72	17	2307.0	0.7368877329865626
chr19	73	19	2265.0	0.8388520971302429
chr19	74	20	2211.0	0.9045680687471733
chr19	75	33	2155.0	1.531322505800464
chr19	76	21	2105.0	0.9976247030878859
chr19	77	22	2051.0	1.0726474890297415
chr19	78	37	2025.0	1.8271604938271606
chr19	79	22	1970.0	1.116751269035533
chr19	80	12	1920.0	0.625
chr19	81	7	1877.0	0.37293553542887586
chr19	82	19	1817.0	1.0456796917996698
chr19	83	12	1769.0	0.6783493499152063
chr19	84	12	1728.0	0.6944444444444444
chr19	85	8	1677.0	0.4770423375074538
chr19	86	13	1630.0	0.7975460122699387
chr19	87	16	1578.0	1.0139416983523446
chr19	88	18	1535.0	1.1726384364820848
chr19	89	14	1478.0	0.9472259810554804
chr19	90	11	1419.0	0.7751937984496124
chr19	91	20	1383.0	1.4461315979754157
chr19	92	23	1330.0	1.7293233082706767
chr19	93	16	1289.0	1.2412723041117144
chr19	94	13	1233.0	1.05433901054339
chr19	95	7	1187.0	0.5897219882055602
chr19	96	6	1139.0	0.5267778753292361
chr19	97	15	1094.0	1.3711151736745886
chr19	98	7	1057.0	0.6622516556291391
chr19	99	13	1005.0	1.2935323383084576
chr19	100	2	968.0	0.2066115702479339
chr19	101	9	927.0	0.9708737864077669
chr19	102	5	878.0	0.5694760820045558
chr19	103	7	817.0	0.8567931456548347
chr19	104	7	777.0	0.9009009009009009
chr19	105	4	726.0	0.5509641873278237
chr19	106	3	687.0	0.43668122270742354
chr19	107	6	642.0	0.9345794392523363
chr19	108	4	588.0	0.6802721088435374
chr19	109	1	553.0	0.18083182640144665
chr19	110	5	505.0	0.9900990099009901
chr19	111	5	464.0	1.0775862068965518
chr19	112	5	420.0	1.1904761904761905
chr19	113	2	379.0	0.5277044854881267
chr19	114	2	334.0	0.5988023952095809
chr19	115	2	289.0	0.6920415224913495
chr19	116	0	251.0	0.0
chr19	117	0	203.0	0.0
chr19	118	1	160.0	0.625
chr19	119	0	105.0	0.0
chr19	120	1	65.0	1.5384615384615385
chr19	121	0	27.0	0.0
chr19	122	0	0.0	nan
chr19	123	0	0.0	nan
chr19	124	0	0.0	nan
chr19	125	0	0.0	nan
chr19	126	0	0.0	nan
chr19	127	0	0.0	nan
chr19	128	0	0.0	nan
chr19	129	0	0.0	nan
chr19	130	0	0.0	nan
chr19	131	0	0.0	nan
chr19	132	0	0.0	nan
chr19	133	0	0.0	nan
chr20	-133	0	13.0	0.0
chr20	-132	0	33.0	0.0
chr20	-131	0	61.0	0.0
chr20	-130	0	95.0	0.0
chr20	-129	0	118.0	0.0
chr20	-128	0	134.0	0.0
chr20	-127	0	153.0	0.0
chr20	-126	0	171.0	0.0
chr20	-125	0	190.0	0.0
chr20	-124	0	210.0	0.0
chr20	-123	1	234.0	0.4273504273504274
chr20	-122	0	257.0	0.0
chr20	-121	1	282.0	0.3546099290780142
chr20	-120	0	301.0	0.0
chr20	-119	0	321.0	0.0
chr20	-118	0	339.0	0.0
chr20	-117	0	364.0	0.0
chr20	-116	0	382.0	0.0
chr20	-115	1	407.0	0.2457002457002457
chr20	-114	0	435.0	0.0
chr20	-113	0	456.0	0.0
chr20	-112	7	483.0	1.4492753623188406
chr20	-111	1	507.0	0.19723865877712032
chr20	-110	1	532.0	0.18796992481203006
chr20	-109	2	566.0	0.35335689045936397
chr20	-108	4	595.0	0.6722689075630253
chr20	-107	2	618.0	0.3236245954692557
chr20	-106	0	636.0	0.0
chr20	-105	2	657.0	0.30441400304414
chr20	-104	0	674.0	0.0
chr20	-103	4	706.0	0.56657223796034
chr20	-102	0	726.0	0.0
chr20	-101	0	745.0	0.0
chr20	-100	2	764.0	0.2617801047120419
chr20	-99	0	793.0	0.0
chr20	-98	1	819.0	0.1221001221001221
chr20	-97	4	848.0	0.4716981132075472
chr20	-96	0	883.0	0.0
chr20	-95	0	901.0	0.0
chr20	-94	2	916.0	0.21834061135371177
chr20	-93	3	938.0	0.31982942430703626
chr20	-92	4	969.0	0.41279669762641896
chr20	-91	1	981.0	0.10193679918450561
chr20	-90	4	1001.0	0.3996003996003996
chr20	-89	3	1030.0	0.2912621359223301
chr20	-88	7	1066.0	0.6566604127579738
chr20	-87	1	1083.0	0.09233610341643582
chr20	-86	3	1110.0	0.2702702702702703
chr20	-85	1	1145.0	0.08733624454148471
chr20	-84	0	1166.0	0.0
chr20	-83	5	1195.0	0.41841004184100417
chr20	-82	2	1221.0	0.16380016380016382
chr20	-81	4	1244.0	0.3215434083601286
chr20	-80	0	1269.0	0.0
chr20	-79	2	1297.0	0.15420200462606012
chr20	-78	2	1319.0	0.1516300227445034
chr20	-77	3	1347.0	0.22271714922048996
chr20	-76	0	1374.0	0.0
chr20	-75	3	1410.0	0.2127659574468085
chr20	-74	1	1432.0	0.06983240223463687
chr20	-73	4	1448.0	0.2762430939226519
chr20	-72	1	1477.0	0.06770480704129993
chr20	-71	2	1500.0	0.13333333333333333
chr20	-70	0	1524.0	0.0
chr20	-69	2	1545.0	0.12944983818770225
chr20	-68	2	1571.0	0.1273074474856779
chr20	-67	20	1599.0	1.2507817385866167
chr20	-66	3	1625.0	0.1846153846153846
chr20	-65	4	1655.0	0.2416918429003021
chr20	-64	2	1682.0	0.11890606420927466
chr20	-63	2	1704.0	0.11737089201877934
chr20	-62	3	1726.0	0.17381228273464658
chr20	-61	4	1744.0	0.22935779816513763
chr20	-60	2	1768.0	0.11312217194570137
chr20	-59	7	1795.0	0.38997214484679665
chr20	-58	1	1832.0	0.05458515283842794
chr20	-57	20	1855.0	1.078167115902965
chr20	-56	1	1876.0	0.053304904051172705
chr20	-55	5	1901.0	0.2630194634402946
chr20	-54	2	1920.0	0.10416666666666667
chr20	-53	4	1943.0	0.2058672156459084
chr20	-52	4	1967.0	0.20335536349771224
chr20	-51	9	1988.0	0.45271629778672035
chr20	-50	23	2020.0	1.1386138613861385
chr20	-49	1	2043.0	0.048947626040137054
chr20	-48	3	2072.0	0.14478764478764478
chr20	-47	14	2091.0	0.6695361071257772
chr20	-46	4	2111.0	0.18948365703458078
chr20	-45	17	2144.0	0.792910447761194
chr20	-44	8	2174.0	0.36798528058877644
chr20	-43	9	2200.0	0.4090909090909091
chr20	-42	13	2220.0	0.5855855855855856
chr20	-41	30	2249.0	1.333926189417519
chr20	-40	5	2275.0	0.21978021978021978
chr20	-39	4	2297.0	0.174140182847192
chr20	-38	2	2332.0	0.08576329331046312
chr20	-37	5	2363.0	0.21159542953872196
chr20	-36	3	2385.0	0.12578616352201258
chr20	-35	4	2416.0	0.16556291390728478
chr20	-34	6	2442.0	0.2457002457002457
chr20	-33	3	2462.0	0.12185215272136475
chr20	-32	2	2484.0	0.08051529790660225
chr20	-31	3	2502.0	0.1199040767386091
chr20	-30	9	2520.0	0.35714285714285715
chr20	-29	8	2546.0	0.3142183817753339
chr20	-28	2	2570.0	0.07782101167315175
chr20	-27	11	2589.0	0.4248744689069139
chr20	-26	9	2604.0	0.3456221198156682
chr20	-25	5	2632.0	0.1899696048632219
chr20	-24	5	2654.0	0.18839487565938207
chr20	-23	4	2679.0	0.14930944382232175
chr20	-22	3	2700.0	0.1111111111111111
chr20	-21	3	2727.0	0.11001100110011
chr20	-20	1	2746.0	0.03641660597232338
chr20	-19	11	2765.0	0.3978300180831827
chr20	-18	3	2790.0	0.10752688172043011
chr20	-17	21	2816.0	0.7457386363636364
chr20	-16	3	2836.0	0.10578279266572638
chr20	-15	23	2859.0	0.8044770898915705
chr20	-14	51	2891.0	1.7640954686959531
chr20	-13	14	2909.0	0.48126503953248534
chr20	-12	15	2929.0	0.5121201775349948
chr20	-11	6	2968.0	0.20215633423180593
chr20	-10	5	2984.0	0.1675603217158177
chr20	-9	12	2984.0	0.40214477211796246
chr20	-8	20	2983.0	0.670465973851827
chr20	-7	11	2978.0	0.36937541974479515
chr20	-6	34	2979.0	1.141322591473649
chr20	-5	21	2979.0	0.7049345417925479
chr20	-4	29	2978.0	0.9738079247817327
chr20	-3	7	2979.0	0.23497818059751593
chr20	-2	44	2978.0	1.4775016789791806
chr20	-1	55	2985.0	1.8425460636515913
chr20	0	81	2892.0	2.8008298755186725
chr20	1	37	2862.0	1.2928022361984626
chr20	2	18	2828.0	0.6364922206506365
chr20	3	25	2805.0	0.8912655971479502
chr20	4	31	2788.0	1.1119081779053086
chr20	5	63	2768.0	2.2760115606936413
chr20	6	28	2753.0	1.0170722847802398
chr20	7	55	2736.0	2.010233918128655
chr20	8	23	2717.0	0.8465218991534782
chr20	9	29	2694.0	1.0764662212323683
chr20	10	45	2672.0	1.6841317365269461
chr20	11	19	2646.0	0.7180650037792895
chr20	12	23	2622.0	0.8771929824561403
chr20	13	74	2606.0	2.83960092095165
chr20	14	27	2586.0	1.0440835266821344
chr20	15	22	2562.0	0.858704137392662
chr20	16	19	2544.0	0.7468553459119497
chr20	17	28	2513.0	1.1142061281337048
chr20	18	25	2480.0	1.0080645161290323
chr20	19	23	2456.0	0.9364820846905538
chr20	20	11	2430.0	0.45267489711934156
chr20	21	39	2410.0	1.6182572614107886
chr20	22	24	2385.0	1.0062893081761006
chr20	23	9	2354.0	0.3823279524214104
chr20	24	30	2327.0	1.289213579716373
chr20	25	34	2305.0	1.475054229934924
chr20	26	12	2289.0	0.5242463958060288
chr20	27	13	2264.0	0.5742049469964664
chr20	28	17	2229.0	0.762673844773441
chr20	29	23	2203.0	1.0440308669995462
chr20	30	11	2198.0	0.5004549590536852
chr20	31	28	2178.0	1.285583103764922
chr20	32	13	2156.0	0.6029684601113172
chr20	33	9	2133.0	0.42194092827004215
chr20	34	11	2103.0	0.5230622919638611
chr20	35	14	2071.0	0.6760019314340898
chr20	36	16	2050.0	0.7804878048780488
chr20	37	17	2034.0	0.8357915437561455
chr20	38	10	2015.0	0.49627791563275436
chr20	39	17	1994.0	0.8525576730190572
chr20	40	44	1964.0	2.240325865580448
chr20	41	16	1953.0	0.819252432155658
chr20	42	6	1923.0	0.31201248049922
chr20	43	8	1899.0	0.421274354923644
chr20	44	9	1866.0	0.482315112540193
chr20	45	7	1851.0	0.37817396002160997
chr20	46	17	1823.0	0.9325287986834888
chr20	47	17	1791.0	0.9491903964265772
chr20	48	9	1770.0	0.5084745762711864
chr20	49	31	1744.0	1.7775229357798166
chr20	50	16	1720.0	0.9302325581395349
chr20	51	26	1695.0	1.5339233038348081
chr20	52	7	1674.0	0.4181600955794504
chr20	53	9	1644.0	0.5474452554744526
chr20	54	14	1621.0	0.863664404688464
chr20	55	14	1599.0	0.8755472170106317
chr20	56	18	1572.0	1.1450381679389312
chr20	57	19	1543.0	1.2313674659753726
chr20	58	11	1524.0	0.7217847769028871
chr20	59	7	1507.0	0.46449900464499
chr20	60	8	1473.0	0.5431093007467752
chr20	61	11	1454.0	0.7565337001375516
chr20	62	15	1425.0	1.0526315789473684
chr20	63	8	1408.0	0.5681818181818182
chr20	64	20	1385.0	1.444043321299639
chr20	65	2	1355.0	0.14760147601476015
chr20	66	13	1326.0	0.9803921568627451
chr20	67	10	1297.0	0.7710100231303008
chr20	68	5	1269.0	0.3940110323089046
chr20	69	4	1251.0	0.31974420463629094
chr20	70	10	1233.0	0.8110300081103
chr20	71	7	1218.0	0.5747126436781609
chr20	72	4	1196.0	0.33444816053511706
chr20	73	9	1164.0	0.7731958762886598
chr20	74	8	1131.0	0.707338638373121
chr20	75	8	1107.0	0.7226738934056007
chr20	76	8	1086.0	0.7366482504604052
chr20	77	13	1068.0	1.2172284644194757
chr20	78	4	1049.0	0.3813155386081983
chr20	79	6	1024.0	0.5859375
chr20	80	4	995.0	0.4020100502512563
chr20	81	5	971.0	0.5149330587023687
chr20	82	12	940.0	1.276595744680851
chr20	83	5	917.0	0.5452562704471101
chr20	84	11	888.0	1.2387387387387387
chr20	85	5	865.0	0.5780346820809248
chr20	86	6	844.0	0.7109004739336493
chr20	87	10	813.0	1.2300123001230012
chr20	88	3	793.0	0.37831021437578816
chr20	89	9	763.0	1.1795543905635648
chr20	90	4	740.0	0.5405405405405406
chr20	91	5	714.0	0.700280112044818
chr20	92	10	692.0	1.4450867052023122
chr20	93	4	667.0	0.5997001499250375
chr20	94	2	630.0	0.31746031746031744
chr20	95	11	605.0	1.8181818181818181
chr20	96	5	583.0	0.8576329331046313
chr20	97	5	550.0	0.9090909090909091
chr20	98	4	528.0	0.7575757575757576
chr20	99	1	510.0	0.19607843137254902
chr20	100	2	488.0	0.4098360655737705
chr20	101	1	468.0	0.2136752136752137
chr20	102	7	445.0	1.5730337078651686
chr20	103	0	417.0	0.0
chr20	104	3	401.0	0.7481296758104738
chr20	105	2	384.0	0.5208333333333333
chr20	106	3	370.0	0.8108108108108109
chr20	107	2	342.0	0.5847953216374269
chr20	108	4	319.0	1.2539184952978055
chr20	109	2	291.0	0.6872852233676976
chr20	110	2	273.0	0.7326007326007326
chr20	111	2	249.0	0.8032128514056224
chr20	112	1	231.0	0.4329004329004329
chr20	113	2	206.0	0.9708737864077669
chr20	114	0	182.0	0.0
chr20	115	0	161.0	0.0
chr20	116	1	137.0	0.7299270072992701
chr20	117	1	115.0	0.8695652173913043
chr20	118	0	86.0	0.0
chr20	119	0	68.0	0.0
chr20	120	0	44.0	0.0
chr20	121	0	11.0	0.0
chr20	122	0	0.0	nan
chr20	123	0	0.0	nan
chr20	124	0	0.0	nan
chr20	125	0	0.0	nan
chr20	126	0	0.0	nan
chr20	127	0	0.0	nan
chr20	128	0	0.0	nan
chr20	129	0	0.0	nan
chr20	130	0	0.0	nan
chr20	131	0	0.0	nan
chr20	132	0	0.0	nan
chr20	133	0	0.0	nan
chr20	134	0	0.0	nan
chr21	-146	0	0.0	nan
chr21	-145	0	0.0	nan
chr21	-144	0	0.0	nan
chr21	-143	0	0.0	nan
chr21	-142	0	0.0	nan
chr21	-141	0	0.0	nan
chr21	-140	0	0.0	nan
chr21	-139	0	2.0	0.0
chr21	-138	0	2.0	0.0
chr21	-137	0	2.0	0.0
chr21	-136	0	2.0	0.0
chr21	-135	0	2.0	0.0
chr21	-134	0	4.0	0.0
chr21	-133	0	26.0	0.0
chr21	-132	0	48.0	0.0
chr21	-131	0	75.0	0.0
chr21	-130	0	102.0	0.0
chr21	-129	0	123.0	0.0
chr21	-128	1	142.0	0.7042253521126761
chr21	-127	0	169.0	0.0
chr21	-126	1	191.0	0.5235602094240838
chr21	-125	0	213.0	0.0
chr21	-124	2	236.0	0.847457627118644
chr21	-123	0	266.0	0.0
chr21	-122	0	297.0	0.0
chr21	-121	0	318.0	0.0
chr21	-120	0	342.0	0.0
chr21	-119	2	362.0	0.5524861878453038
chr21	-118	2	384.0	0.5208333333333333
chr21	-117	0	408.0	0.0
chr21	-116	0	432.0	0.0
chr21	-115	1	456.0	0.21929824561403508
chr21	-114	0	484.0	0.0
chr21	-113	1	501.0	0.19960079840319359
chr21	-112	0	524.0	0.0
chr21	-111	2	551.0	0.3629764065335753
chr21	-110	0	575.0	0.0
chr21	-109	0	599.0	0.0
chr21	-108	1	619.0	0.16155088852988692
chr21	-107	1	645.0	0.15503875968992248
chr21	-106	2	675.0	0.2962962962962963
chr21	-105	1	709.0	0.14104372355430184
chr21	-104	0	740.0	0.0
chr21	-103	3	760.0	0.39473684210526316
chr21	-102	1	790.0	0.12658227848101267
chr21	-101	3	813.0	0.36900369003690037
chr21	-100	4	838.0	0.47732696897374705
chr21	-99	2	864.0	0.23148148148148145
chr21	-98	0	887.0	0.0
chr21	-97	7	909.0	0.77007700770077
chr21	-96	0	925.0	0.0
chr21	-95	1	951.0	0.10515247108307045
chr21	-94	1	977.0	0.1023541453428864
chr21	-93	0	1010.0	0.0
chr21	-92	1	1039.0	0.0962463907603465
chr21	-91	1	1064.0	0.09398496240601503
chr21	-90	0	1081.0	0.0
chr21	-89	3	1108.0	0.2707581227436823
chr21	-88	3	1135.0	0.2643171806167401
chr21	-87	0	1159.0	0.0
chr21	-86	1	1181.0	0.0846740050804403
chr21	-85	3	1210.0	0.24793388429752067
chr21	-84	7	1240.0	0.564516129032258
chr21	-83	3	1266.0	0.23696682464454977
chr21	-82	3	1295.0	0.23166023166023164
chr21	-81	14	1320.0	1.0606060606060608
chr21	-80	1	1351.0	0.07401924500370095
chr21	-79	4	1383.0	0.28922631959508316
chr21	-78	1	1405.0	0.0711743772241993
chr21	-77	3	1432.0	0.20949720670391062
chr21	-76	1	1463.0	0.0683526999316473
chr21	-75	5	1491.0	0.335345405767941
chr21	-74	9	1516.0	0.5936675461741424
chr21	-73	0	1532.0	0.0
chr21	-72	4	1557.0	0.2569043031470777
chr21	-71	4	1592.0	0.25125628140703515
chr21	-70	5	1619.0	0.3088326127239036
chr21	-69	2	1639.0	0.12202562538133008
chr21	-68	1	1669.0	0.05991611743559017
chr21	-67	0	1689.0	0.0
chr21	-66	5	1721.0	0.2905287623474724
chr21	-65	1	1746.0	0.057273768613974804
chr21	-64	5	1767.0	0.2829654782116582
chr21	-63	4	1790.0	0.22346368715083798
chr21	-62	0	1816.0	0.0
chr21	-61	25	1841.0	1.3579576317218904
chr21	-60	2	1876.0	0.10660980810234541
chr21	-59	3	1907.0	0.15731515469323545
chr21	-58	3	1930.0	0.15544041450777202
chr21	-57	29	1963.0	1.477330616403464
chr21	-56	4	1980.0	0.20202020202020202
chr21	-55	3	2004.0	0.14970059880239522
chr21	-54	6	2034.0	0.2949852507374631
chr21	-53	2	2063.0	0.09694619486185167
chr21	-52	13	2086.0	0.6232023010546501
chr21	-51	1	2111.0	0.047370914258645196
chr21	-50	4	2142.0	0.18674136321195145
chr21	-49	2	2169.0	0.09220839096357768
chr21	-48	5	2189.0	0.22841480127912286
chr21	-47	4	2209.0	0.1810774105930285
chr21	-46	3	2238.0	0.13404825737265416
chr21	-45	5	2260.0	0.22123893805309736
chr21	-44	3	2280.0	0.13157894736842105
chr21	-43	6	2312.0	0.25951557093425603
chr21	-42	23	2339.0	0.9833262077811031
chr21	-41	24	2363.0	1.0156580617858655
chr21	-40	5	2383.0	0.20981955518254303
chr21	-39	9	2407.0	0.3739094308267553
chr21	-38	5	2434.0	0.2054231717337716
chr21	-37	5	2459.0	0.20333468889792597
chr21	-36	2	2478.0	0.08071025020177562
chr21	-35	2	2504.0	0.07987220447284345
chr21	-34	22	2531.0	0.869221651521138
chr21	-33	14	2557.0	0.5475166210402815
chr21	-32	24	2578.0	0.9309542280837859
chr21	-31	5	2608.0	0.19171779141104295
chr21	-30	3	2631.0	0.11402508551881414
chr21	-29	4	2650.0	0.1509433962264151
chr21	-28	4	2674.0	0.14958863126402394
chr21	-27	6	2698.0	0.2223869532987398
chr21	-26	9	2696.0	0.33382789317507416
chr21	-25	5	2719.0	0.18389113644722324
chr21	-24	10	2775.0	0.36036036036036034
chr21	-23	2	2805.0	0.07130124777183601
chr21	-22	4	2828.0	0.14144271570014144
chr21	-21	7	2859.0	0.24484085344526058
chr21	-20	9	2881.0	0.31239153071850057
chr21	-19	5	2908.0	0.17193947730398898
chr21	-18	10	2932.0	0.34106412005457026
chr21	-17	3	2955.0	0.10152284263959391
chr21	-16	10	2963.0	0.3374957813027337
chr21	-15	13	2996.0	0.43391188251001334
chr21	-14	10	3041.0	0.3288391976323578
chr21	-13	8	3058.0	0.2616088947024199
chr21	-12	11	3076.0	0.3576072821846554
chr21	-11	12	3087.0	0.3887269193391642
chr21	-10	6	3123.0	0.19212295869356388
chr21	-9	9	3122.0	0.2882767456758488
chr21	-8	64	3123.0	2.0493115593980145
chr21	-7	17	3123.0	0.5443483829650976
chr21	-6	7	3123.0	0.22414345180915787
chr21	-5	47	3122.0	1.5054452274183217
chr21	-4	22	3123.0	0.7044508485430675
chr21	-3	16	3123.0	0.5123278898495036
chr21	-2	9	3123.0	0.2881844380403458
chr21	-1	82	3112.0	2.634961439588689
chr21	0	116	3046.0	3.808273145108339
chr21	1	9	3021.0	0.29791459781529295
chr21	2	10	3000.0	0.33333333333333337
chr21	3	33	2977.0	1.1084984884111522
chr21	4	49	2959.0	1.6559648529908753
chr21	5	24	2929.0	0.8193922840559917
chr21	6	41	2896.0	1.4157458563535912
chr21	7	62	2876.0	2.1557719054242
chr21	8	14	2859.0	0.48968170689052115
chr21	9	15	2826.0	0.5307855626326964
chr21	10	10	2796.0	0.35765379113018597
chr21	11	14	2767.0	0.5059631369714492
chr21	12	26	2744.0	0.9475218658892128
chr21	13	13	2718.0	0.4782928623988227
chr21	14	26	2696.0	0.9643916913946587
chr21	15	11	2674.0	0.4113687359760658
chr21	16	26	2640.0	0.9848484848484848
chr21	17	19	2615.0	0.7265774378585086
chr21	18	27	2588.0	1.0432766615146831
chr21	19	7	2576.0	0.2717391304347826
chr21	20	29	2543.0	1.1403853716083368
chr21	21	15	2523.0	0.5945303210463734
chr21	22	8	2496.0	0.3205128205128205
chr21	23	7	2476.0	0.28271405492730206
chr21	24	19	2438.0	0.7793273174733388
chr21	25	20	2412.0	0.8291873963515755
chr21	26	9	2399.0	0.3751563151313047
chr21	27	13	2367.0	0.5492184199408534
chr21	28	17	2334.0	0.7283633247643531
chr21	29	20	2314.0	0.864304235090752
chr21	30	23	2284.0	1.0070052539404553
chr21	31	28	2264.0	1.2367491166077738
chr21	32	29	2234.0	1.2981199641897943
chr21	33	38	2211.0	1.7186793306196293
chr21	34	23	2189.0	1.0507080858839652
chr21	35	11	2170.0	0.5069124423963134
chr21	36	17	2146.0	0.7921714818266543
chr21	37	17	2123.0	0.8007536504945831
chr21	38	34	2098.0	1.6205910390848426
chr21	39	13	2063.0	0.6301502666020359
chr21	40	20	2036.0	0.9823182711198428
chr21	41	58	2010.0	2.8855721393034823
chr21	42	12	1991.0	0.6027122049221497
chr21	43	11	1957.0	0.5620848237097598
chr21	44	8	1931.0	0.4142931123770067
chr21	45	11	1911.0	0.5756148613291471
chr21	46	12	1888.0	0.6355932203389831
chr21	47	7	1861.0	0.37614185921547555
chr21	48	17	1829.0	0.9294696555494806
chr21	49	6	1799.0	0.33351862145636463
chr21	50	17	1773.0	0.9588268471517203
chr21	51	17	1746.0	0.9736540664375716
chr21	52	18	1716.0	1.048951048951049
chr21	53	12	1689.0	0.7104795737122558
chr21	54	8	1664.0	0.4807692307692308
chr21	55	5	1639.0	0.3050640634533252
chr21	56	21	1608.0	1.3059701492537312
chr21	57	9	1578.0	0.5703422053231939
chr21	58	11	1554.0	0.7078507078507079
chr21	59	9	1539.0	0.5847953216374269
chr21	60	29	1518.0	1.9104084321475625
chr21	61	9	1485.0	0.6060606060606061
chr21	62	8	1464.0	0.546448087431694
chr21	63	13	1442.0	0.9015256588072121
chr21	64	10	1412.0	0.708215297450425
chr21	65	3	1392.0	0.21551724137931033
chr21	66	16	1363.0	1.173881144534116
chr21	67	11	1339.0	0.8215085884988798
chr21	68	7	1317.0	0.5315110098709187
chr21	69	9	1297.0	0.6939090208172706
chr21	70	5	1271.0	0.3933910306845004
chr21	71	10	1246.0	0.8025682182985553
chr21	72	11	1213.0	0.9068425391591096
chr21	73	20	1187.0	1.6849199663016006
chr21	74	5	1157.0	0.432152117545376
chr21	75	6	1130.0	0.5309734513274336
chr21	76	16	1111.0	1.4401440144014401
chr21	77	8	1087.0	0.7359705611775529
chr21	78	5	1056.0	0.4734848484848485
chr21	79	7	1022.0	0.684931506849315
chr21	80	13	998.0	1.3026052104208417
chr21	81	15	978.0	1.5337423312883436
chr21	82	1	951.0	0.10515247108307045
chr21	83	14	922.0	1.5184381778741864
chr21	84	1	907.0	0.11025358324145534
chr21	85	6	880.0	0.6818181818181818
chr21	86	8	856.0	0.9345794392523363
chr21	87	4	836.0	0.4784688995215311
chr21	88	5	810.0	0.6172839506172839
chr21	89	0	780.0	0.0
chr21	90	1	759.0	0.13175230566534915
chr21	91	6	737.0	0.8141112618724559
chr21	92	7	716.0	0.9776536312849162
chr21	93	7	684.0	1.023391812865497
chr21	94	9	664.0	1.355421686746988
chr21	95	2	643.0	0.3110419906687403
chr21	96	10	626.0	1.5974440894568689
chr21	97	10	601.0	1.6638935108153077
chr21	98	3	575.0	0.5217391304347827
chr21	99	7	548.0	1.2773722627737227
chr21	100	3	525.0	0.5714285714285714
chr21	101	3	501.0	0.5988023952095809
chr21	102	3	475.0	0.631578947368421
chr21	103	8	455.0	1.7582417582417582
chr21	104	4	431.0	0.9280742459396751
chr21	105	1	408.0	0.24509803921568626
chr21	106	2	378.0	0.5291005291005291
chr21	107	3	355.0	0.8450704225352111
chr21	108	1	334.0	0.29940119760479045
chr21	109	1	305.0	0.32786885245901637
chr21	110	2	277.0	0.7220216606498195
chr21	111	1	246.0	0.40650406504065045
chr21	112	3	223.0	1.345291479820628
chr21	113	0	200.0	0.0
chr21	114	0	176.0	0.0
chr21	115	4	151.0	2.6490066225165565
chr21	116	0	128.0	0.0
chr21	117	0	97.0	0.0
chr21	118	0	71.0	0.0
chr21	119	0	56.0	0.0
chr21	120	1	42.0	2.380952380952381
chr21	121	0	30.0	0.0
chr21	122	0	0.0	nan
chr21	123	0	0.0	nan
chr21	124	0	0.0	nan
chr21	125	0	0.0	nan
chr21	126	0	0.0	nan
chr21	127	0	0.0	nan
chr21	128	0	0.0	nan
chr21	129	0	0.0	nan
chr21	130	0	0.0	nan
chr21	131	0	0.0	nan
chr21	132	0	0.0	nan
chr21	133	0	0.0	nan
chr21	134	0	0.0	nan
chr21	135	0	0.0	nan
chr21	136	0	0.0	nan
chr21	137	0	0.0	nan
chr22	-134	0	1.0	0.0
chr22	-133	0	29.0	0.0
chr22	-132	0	54.0	0.0
chr22	-131	0	66.0	0.0
chr22	-130	0	94.0	0.0
chr22	-129	1	121.0	0.8264462809917356
chr22	-128	0	143.0	0.0
chr22	-127	1	167.0	0.5988023952095809
chr22	-126	0	195.0	0.0
chr22	-125	0	228.0	0.0
chr22	-124	0	256.0	0.0
chr22	-123	0	283.0	0.0
chr22	-122	0	301.0	0.0
chr22	-121	0	313.0	0.0
chr22	-120	1	346.0	0.2890173410404624
chr22	-119	0	376.0	0.0
chr22	-118	0	399.0	0.0
chr22	-117	0	422.0	0.0
chr22	-116	1	455.0	0.21978021978021978
chr22	-115	0	484.0	0.0
chr22	-114	0	515.0	0.0
chr22	-113	1	537.0	0.186219739292365
chr22	-112	8	559.0	1.4311270125223614
chr22	-111	5	574.0	0.8710801393728222
chr22	-110	1	594.0	0.16835016835016833
chr22	-109	2	621.0	0.322061191626409
chr22	-108	0	652.0	0.0
chr22	-107	0	690.0	0.0
chr22	-106	2	717.0	0.2789400278940028
chr22	-105	1	755.0	0.13245033112582782
chr22	-104	1	790.0	0.12658227848101267
chr22	-103	2	812.0	0.24630541871921183
chr22	-102	5	851.0	0.5875440658049353
chr22	-101	0	877.0	0.0
chr22	-100	4	897.0	0.4459308807134894
chr22	-99	1	927.0	0.10787486515641855
chr22	-98	0	954.0	0.0
chr22	-97	2	979.0	0.20429009193054137
chr22	-96	1	1009.0	0.09910802775024777
chr22	-95	2	1041.0	0.19212295869356388
chr22	-94	1	1069.0	0.09354536950420954
chr22	-93	0	1093.0	0.0
chr22	-92	1	1128.0	0.08865248226950355
chr22	-91	5	1155.0	0.4329004329004329
chr22	-90	9	1186.0	0.7588532883642496
chr22	-89	1	1212.0	0.08250825082508251
chr22	-88	4	1243.0	0.32180209171359614
chr22	-87	5	1284.0	0.3894080996884735
chr22	-86	8	1308.0	0.6116207951070336
chr22	-85	3	1339.0	0.22404779686333084
chr22	-84	2	1372.0	0.1457725947521866
chr22	-83	1	1394.0	0.07173601147776185
chr22	-82	7	1422.0	0.49226441631504925
chr22	-81	2	1440.0	0.1388888888888889
chr22	-80	0	1472.0	0.0
chr22	-79	10	1512.0	0.6613756613756614
chr22	-78	1	1544.0	0.06476683937823835
chr22	-77	7	1567.0	0.4467134652201659
chr22	-76	3	1591.0	0.18856065367693275
chr22	-75	0	1621.0	0.0
chr22	-74	2	1645.0	0.12158054711246201
chr22	-73	2	1677.0	0.11926058437686345
chr22	-72	11	1718.0	0.6402793946449359
chr22	-71	7	1758.0	0.39817974971558584
chr22	-70	6	1787.0	0.33575825405707893
chr22	-69	1	1810.0	0.05524861878453039
chr22	-68	13	1832.0	0.7096069868995634
chr22	-67	2	1860.0	0.10752688172043011
chr22	-66	3	1886.0	0.15906680805938495
chr22	-65	11	1911.0	0.5756148613291471
chr22	-64	6	1941.0	0.3091190108191654
chr22	-63	2	1974.0	0.10131712259371835
chr22	-62	2	2010.0	0.09950248756218905
chr22	-61	3	2045.0	0.1466992665036675
chr22	-60	4	2069.0	0.1933301111648139
chr22	-59	6	2094.0	0.28653295128939826
chr22	-58	3	2116.0	0.14177693761814747
chr22	-57	4	2151.0	0.18596001859600186
chr22	-56	10	2180.0	0.45871559633027525
chr22	-55	3	2209.0	0.1358080579447714
chr22	-54	2	2231.0	0.08964589870013448
chr22	-53	4	2255.0	0.17738359201773835
chr22	-52	14	2278.0	0.6145741878841089
chr22	-51	5	2302.0	0.2172024326672459
chr22	-50	3	2326.0	0.1289767841788478
chr22	-49	16	2354.0	0.6796941376380629
chr22	-48	6	2381.0	0.251994960100798
chr22	-47	30	2402.0	1.2489592006661114
chr22	-46	3	2420.0	0.12396694214876033
chr22	-45	5	2448.0	0.20424836601307192
chr22	-44	5	2481.0	0.2015316404675534
chr22	-43	5	2517.0	0.1986491855383393
chr22	-42	0	2544.0	0.0
chr22	-41	7	2572.0	0.27216174183514774
chr22	-40	4	2606.0	0.15349194167306215
chr22	-39	6	2635.0	0.22770398481973433
chr22	-38	5	2664.0	0.18768768768768768
chr22	-37	2	2685.0	0.07448789571694599
chr22	-36	6	2702.0	0.22205773501110287
chr22	-35	6	2723.0	0.22034520749173708
chr22	-34	14	2752.0	0.5087209302325582
chr22	-33	8	2785.0	0.2872531418312388
chr22	-32	2	2818.0	0.07097232079488999
chr22	-31	31	2849.0	1.088101088101088
chr22	-30	3	2879.0	0.10420284821118443
chr22	-29	7	2902.0	0.2412129565816678
chr22	-28	6	2928.0	0.20491803278688525
chr22	-27	10	2951.0	0.3388681802778719
chr22	-26	7	2976.0	0.23521505376344087
chr22	-25	19	2995.0	0.6343906510851419
chr22	-24	4	3022.0	0.13236267372600927
chr22	-23	12	3054.0	0.3929273084479371
chr22	-22	10	3089.0	0.32372936225315635
chr22	-21	5	3114.0	0.16056518946692355
chr22	-20	17	3142.0	0.5410566518141311
chr22	-19	8	3162.0	0.2530044275774826
chr22	-18	13	3187.0	0.4079071226859115
chr22	-17	7	3216.0	0.21766169154228857
chr22	-16	25	3235.0	0.7727975270479135
chr22	-15	12	3262.0	0.3678724708767627
chr22	-14	9	3284.0	0.2740560292326431
chr22	-13	11	3314.0	0.331925165962583
chr22	-12	13	3326.0	0.39085989176187613
chr22	-11	6	3346.0	0.17931858936043038
chr22	-10	3	3367.0	0.0891000891000891
chr22	-9	16	3366.0	0.4753416518122401
chr22	-8	25	3366.0	0.7427213309566251
chr22	-7	9	3367.0	0.2673002673002673
chr22	-6	38	3366.0	1.1289364230540702
chr22	-5	9	3363.0	0.2676181980374665
chr22	-4	22	3362.0	0.6543723973825104
chr22	-3	3	3367.0	0.0891000891000891
chr22	-2	44	3366.0	1.3071895424836601
chr22	-1	71	3347.0	2.1213026590976996
chr22	0	130	3253.0	3.996311097448509
chr22	1	74	3258.0	2.271332105586249
chr22	2	25	3229.0	0.774233508826262
chr22	3	43	3193.0	1.3466958972752896
chr22	4	22	3170.0	0.694006309148265
chr22	5	39	3153.0	1.236917221693625
chr22	6	33	3109.0	1.061434544869733
chr22	7	27	3086.0	0.8749189889825016
chr22	8	42	3058.0	1.3734466971877044
chr22	9	35	3027.0	1.1562603237528906
chr22	10	32	3007.0	1.0641835716661123
chr22	11	62	2989.0	2.074272331883573
chr22	12	24	2958.0	0.8113590263691683
chr22	13	21	2933.0	0.7159904534606205
chr22	14	32	2904.0	1.1019283746556474
chr22	15	28	2871.0	0.9752699407871821
chr22	16	21	2848.0	0.7373595505617977
chr22	17	24	2821.0	0.8507621410847217
chr22	18	19	2797.0	0.6792992491955666
chr22	19	22	2770.0	0.7942238267148014
chr22	20	19	2746.0	0.6919155134741442
chr22	21	21	2734.0	0.7681053401609363
chr22	22	35	2690.0	1.3011152416356877
chr22	23	28	2661.0	1.0522360015031942
chr22	24	25	2633.0	0.94948727687049
chr22	25	44	2602.0	1.6910069177555727
chr22	26	19	2568.0	0.7398753894080997
chr22	27	22	2536.0	0.8675078864353312
chr22	28	28	2502.0	1.1191047162270185
chr22	29	19	2476.0	0.7673667205169629
chr22	30	33	2439.0	1.3530135301353015
chr22	31	29	2416.0	1.2003311258278146
chr22	32	22	2396.0	0.9181969949916527
chr22	33	22	2366.0	0.9298393913778529
chr22	34	28	2338.0	1.1976047904191618
chr22	35	20	2304.0	0.8680555555555556
chr22	36	16	2274.0	0.7036059806508356
chr22	37	13	2249.0	0.5780346820809248
chr22	38	13	2222.0	0.585058505850585
chr22	39	16	2196.0	0.7285974499089253
chr22	40	18	2163.0	0.8321775312066574
chr22	41	18	2137.0	0.8423022929340197
chr22	42	14	2107.0	0.6644518272425249
chr22	43	11	2076.0	0.5298651252408477
chr22	44	16	2043.0	0.7831620166421929
chr22	45	15	2008.0	0.7470119521912351
chr22	46	28	1991.0	1.4063284781516825
chr22	47	13	1963.0	0.6622516556291391
chr22	48	20	1933.0	1.0346611484738748
chr22	49	31	1912.0	1.6213389121338913
chr22	50	22	1882.0	1.1689691817215728
chr22	51	22	1859.0	1.183431952662722
chr22	52	13	1824.0	0.712719298245614
chr22	53	12	1792.0	0.6696428571428571
chr22	54	17	1766.0	0.9626274065685164
chr22	55	25	1736.0	1.4400921658986174
chr22	56	10	1709.0	0.5851375073142189
chr22	57	14	1685.0	0.830860534124629
chr22	58	12	1656.0	0.7246376811594203
chr22	59	4	1626.0	0.24600246002460024
chr22	60	13	1589.0	0.8181246066708621
chr22	61	7	1554.0	0.45045045045045046
chr22	62	23	1526.0	1.507208387942333
chr22	63	6	1508.0	0.3978779840848806
chr22	64	11	1484.0	0.7412398921832885
chr22	65	19	1453.0	1.307639366827254
chr22	66	4	1437.0	0.2783576896311761
chr22	67	16	1410.0	1.1347517730496455
chr22	68	21	1377.0	1.5250544662309369
chr22	69	4	1347.0	0.2969561989606533
chr22	70	18	1310.0	1.3740458015267176
chr22	71	17	1289.0	1.3188518231186968
chr22	72	17	1259.0	1.3502779984114377
chr22	73	12	1231.0	0.974817221770918
chr22	74	3	1210.0	0.24793388429752067
chr22	75	7	1181.0	0.5927180355630821
chr22	76	15	1147.0	1.3077593722755012
chr22	77	13	1120.0	1.1607142857142858
chr22	78	8	1103.0	0.7252946509519492
chr22	79	9	1075.0	0.8372093023255814
chr22	80	10	1055.0	0.9478672985781991
chr22	81	15	1032.0	1.4534883720930232
chr22	82	4	1005.0	0.3980099502487562
chr22	83	5	979.0	0.5107252298263534
chr22	84	9	953.0	0.944386149003148
chr22	85	8	928.0	0.8620689655172413
chr22	86	4	905.0	0.44198895027624313
chr22	87	2	882.0	0.22675736961451248
chr22	88	9	849.0	1.0600706713780919
chr22	89	15	823.0	1.8226002430133657
chr22	90	7	790.0	0.8860759493670887
chr22	91	5	766.0	0.6527415143603132
chr22	92	5	734.0	0.6811989100817438
chr22	93	3	699.0	0.4291845493562232
chr22	94	8	672.0	1.1904761904761905
chr22	95	2	649.0	0.30816640986132515
chr22	96	2	636.0	0.3144654088050315
chr22	97	4	610.0	0.6557377049180327
chr22	98	2	583.0	0.34305317324185247
chr22	99	2	545.0	0.3669724770642202
chr22	100	5	514.0	0.9727626459143969
chr22	101	5	486.0	1.02880658436214
chr22	102	2	461.0	0.43383947939262474
chr22	103	3	435.0	0.6896551724137931
chr22	104	0	407.0	0.0
chr22	105	3	383.0	0.7832898172323759
chr22	106	3	364.0	0.8241758241758242
chr22	107	2	342.0	0.5847953216374269
chr22	108	5	318.0	1.5723270440251573
chr22	109	8	287.0	2.7874564459930316
chr22	110	4	261.0	1.532567049808429
chr22	111	4	234.0	1.7094017094017095
chr22	112	2	211.0	0.9478672985781991
chr22	113	1	192.0	0.5208333333333333
chr22	114	3	169.0	1.7751479289940828
chr22	115	1	138.0	0.7246376811594203
chr22	116	2	118.0	1.694915254237288
chr22	117	0	93.0	0.0
chr22	118	0	64.0	0.0
chr22	119	0	42.0	0.0
chr22	120	1	33.0	3.0303030303030303
chr22	121	0	15.0	0.0
chr22	122	0	0.0	nan
chr22	123	0	0.0	nan
chr22	124	0	0.0	nan
chr22	125	0	0.0	nan
chr22	126	0	0.0	nan
chr22	127	0	0.0	nan
chr22	128	0	0.0	nan
chr22	129	0	0.0	nan
chr22	130	0	0.0	nan
chr22	131	0	0.0	nan
chr22	132	0	0.0	nan
chr22	133	0	0.0	nan
chrX	-136	0	1.0	0.0
chrX	-135	0	2.0	0.0
chrX	-134	0	2.0	0.0
chrX	-133	0	38.0	0.0
chrX	-132	0	97.0	0.0
chrX	-131	0	148.0	0.0
chrX	-130	2	190.0	1.0526315789473684
chrX	-129	1	238.0	0.42016806722689076
chrX	-128	2	273.0	0.7326007326007326
chrX	-127	0	325.0	0.0
chrX	-126	0	387.0	0.0
chrX	-125	0	431.0	0.0
chrX	-124	0	477.0	0.0
chrX	-123	0	532.0	0.0
chrX	-122	1	597.0	0.16750418760469013
chrX	-121	2	650.0	0.3076923076923077
chrX	-120	1	698.0	0.14326647564469913
chrX	-119	0	745.0	0.0
chrX	-118	0	803.0	0.0
chrX	-117	0	871.0	0.0
chrX	-116	1	921.0	0.10857763300760044
chrX	-115	0	962.0	0.0
chrX	-114	0	1008.0	0.0
chrX	-113	6	1048.0	0.5725190839694656
chrX	-112	0	1106.0	0.0
chrX	-111	3	1144.0	0.26223776223776224
chrX	-110	2	1189.0	0.16820857863751051
chrX	-109	2	1246.0	0.16051364365971107
chrX	-108	4	1294.0	0.3091190108191654
chrX	-107	4	1350.0	0.2962962962962963
chrX	-106	4	1391.0	0.28756290438533433
chrX	-105	0	1435.0	0.0
chrX	-104	6	1495.0	0.4013377926421404
chrX	-103	1	1533.0	0.06523157208088715
chrX	-102	0	1568.0	0.0
chrX	-101	2	1618.0	0.12360939431396785
chrX	-100	3	1659.0	0.18083182640144665
chrX	-99	1	1711.0	0.058445353594389245
chrX	-98	6	1770.0	0.3389830508474576
chrX	-97	2	1821.0	0.10982976386600769
chrX	-96	4	1868.0	0.21413276231263384
chrX	-95	2	1916.0	0.10438413361169101
chrX	-94	1	1968.0	0.05081300813008131
chrX	-93	5	2021.0	0.24740227610094012
chrX	-92	1	2061.0	0.048520135856380396
chrX	-91	6	2124.0	0.2824858757062147
chrX	-90	3	2187.0	0.1371742112482853
chrX	-89	4	2230.0	0.17937219730941703
chrX	-88	6	2268.0	0.26455026455026454
chrX	-87	4	2323.0	0.17219113215669393
chrX	-86	4	2375.0	0.16842105263157894
chrX	-85	3	2416.0	0.12417218543046359
chrX	-84	3	2466.0	0.12165450121654502
chrX	-83	11	2518.0	0.4368546465448769
chrX	-82	22	2565.0	0.8576998050682261
chrX	-81	2	2613.0	0.07654037504783774
chrX	-80	1	2675.0	0.037383177570093455
chrX	-79	3	2718.0	0.11037527593818984
chrX	-78	11	2762.0	0.39826212889210716
chrX	-77	7	2804.0	0.24964336661911554
chrX	-76	5	2850.0	0.17543859649122806
chrX	-75	4	2910.0	0.13745704467353953
chrX	-74	17	2965.0	0.5733558178752108
chrX	-73	5	3020.0	0.16556291390728478
chrX	-72	5	3076.0	0.1625487646293888
chrX	-71	2	3133.0	0.06383657835939993
chrX	-70	19	3188.0	0.5959849435382686
chrX	-69	3	3241.0	0.09256402344955261
chrX	-68	4	3293.0	0.12146978439113272
chrX	-67	12	3351.0	0.35810205908683973
chrX	-66	5	3395.0	0.14727540500736377
chrX	-65	8	3442.0	0.2324230098779779
chrX	-64	7	3489.0	0.20063055316709658
chrX	-63	13	3534.0	0.36785512167515566
chrX	-62	10	3585.0	0.2789400278940028
chrX	-61	11	3637.0	0.30244707176244157
chrX	-60	5	3699.0	0.13517166801838335
chrX	-59	16	3744.0	0.4273504273504274
chrX	-58	16	3789.0	0.422275006598047
chrX	-57	15	3841.0	0.3905233012236397
chrX	-56	3	3889.0	0.07714065312419646
chrX	-55	6	3945.0	0.1520912547528517
chrX	-54	7	3997.0	0.17513134851138354
chrX	-53	7	4062.0	0.17232890201870998
chrX	-52	4	4120.0	0.0970873786407767
chrX	-51	3	4175.0	0.0718562874251497
chrX	-50	7	4226.0	0.1656412683388547
chrX	-49	6	4275.0	0.14035087719298245
chrX	-48	18	4321.0	0.41657023837074747
chrX	-47	9	4369.0	0.2059967956054017
chrX	-46	12	4428.0	0.27100271002710025
chrX	-45	7	4477.0	0.15635470180924727
chrX	-44	10	4522.0	0.22114108801415305
chrX	-43	5	4569.0	0.1094331363536879
chrX	-42	7	4632.0	0.15112262521588948
chrX	-41	12	4681.0	0.2563554795983764
chrX	-40	6	4740.0	0.12658227848101267
chrX	-39	8	4791.0	0.1669797537048633
chrX	-38	11	4846.0	0.2269913330581923
chrX	-37	6	4900.0	0.12244897959183673
chrX	-36	6	4949.0	0.1212366134572641
chrX	-35	17	5005.0	0.33966033966033965
chrX	-34	7	5057.0	0.13842198932173225
chrX	-33	13	5112.0	0.2543035993740219
chrX	-32	10	5156.0	0.1939487975174554
chrX	-31	17	5203.0	0.32673457620603497
chrX	-30	24	5259.0	0.4563605248146035
chrX	-29	5	5309.0	0.09417969485778867
chrX	-28	37	5371.0	0.6888847514429343
chrX	-27	4	5421.0	0.07378712414683637
chrX	-26	7	5474.0	0.1278772378516624
chrX	-25	10	5530.0	0.18083182640144665
chrX	-24	16	5573.0	0.2870985106764759
chrX	-23	26	5629.0	0.4618937644341801
chrX	-22	11	5686.0	0.19345761519521631
chrX	-21	10	5743.0	0.17412502176562772
chrX	-20	21	5787.0	0.36288232244686364
chrX	-19	12	5837.0	0.2055850608189138
chrX	-18	7	5873.0	0.11918951132300357
chrX	-17	10	5931.0	0.16860563142808968
chrX	-16	11	5980.0	0.18394648829431437
chrX	-15	6	6028.0	0.09953550099535502
chrX	-14	13	6071.0	0.21413276231263384
chrX	-13	8	6126.0	0.1305909239307868
chrX	-12	6	6170.0	0.0972447325769854
chrX	-11	20	6215.0	0.32180209171359614
chrX	-10	19	6268.0	0.30312699425654116
chrX	-9	26	6270.0	0.4146730462519936
chrX	-8	19	6270.0	0.30303030303030304
chrX	-7	41	6268.0	0.6541161455009573
chrX	-6	17	6269.0	0.2711756260966662
chrX	-5	15	6270.0	0.23923444976076555
chrX	-4	36	6270.0	0.5741626794258373
chrX	-3	17	6270.0	0.2711323763955343
chrX	-2	17	6270.0	0.2711323763955343
chrX	-1	105	6255.0	1.6786570743405276
chrX	0	230	6057.0	3.797259369324748
chrX	1	30	6010.0	0.49916805324459235
chrX	2	32	5970.0	0.5360134003350084
chrX	3	54	5921.0	0.9120081067387267
chrX	4	56	5880.0	0.9523809523809524
chrX	5	65	5822.0	1.1164548265200962
chrX	6	77	5753.0	1.338432122370937
chrX	7	49	5707.0	0.8585947082530225
chrX	8	70	5659.0	1.2369676621311185
chrX	9	47	5601.0	0.8391358685948938
chrX	10	45	5535.0	0.8130081300813009
chrX	11	37	5470.0	0.676416819012797
chrX	12	59	5426.0	1.0873571691854036
chrX	13	56	5384.0	1.040118870728083
chrX	14	34	5319.0	0.6392178981011468
chrX	15	40	5264.0	0.7598784194528876
chrX	16	44	5200.0	0.8461538461538461
chrX	17	35	5159.0	0.6784260515603799
chrX	18	58	5113.0	1.1343633874437709
chrX	19	49	5072.0	0.9660883280757099
chrX	20	40	5019.0	0.7969715082685794
chrX	21	31	4978.0	0.622740056247489
chrX	22	51	4928.0	1.0349025974025974
chrX	23	33	4870.0	0.6776180698151951
chrX	24	39	4821.0	0.8089607965152459
chrX	25	43	4767.0	0.9020348227396686
chrX	26	25	4723.0	0.5293245818335803
chrX	27	53	4685.0	1.1312700106723588
chrX	28	36	4627.0	0.7780419278149989
chrX	29	44	4581.0	0.9604889762060685
chrX	30	43	4546.0	0.9458864936207656
chrX	31	24	4496.0	0.5338078291814947
chrX	32	42	4445.0	0.9448818897637795
chrX	33	23	4399.0	0.5228461013866789
chrX	34	27	4346.0	0.6212609295904279
chrX	35	37	4296.0	0.861266294227188
chrX	36	39	4253.0	0.9169997648718552
chrX	37	25	4206.0	0.5943889681407513
chrX	38	38	4156.0	0.9143407122232916
chrX	39	28	4100.0	0.6829268292682927
chrX	40	25	4056.0	0.616370808678501
chrX	41	40	3995.0	1.0012515644555695
chrX	42	23	3935.0	0.5844980940279543
chrX	43	39	3894.0	1.0015408320493067
chrX	44	28	3857.0	0.7259528130671506
chrX	45	40	3801.0	1.0523546435148645
chrX	46	24	3749.0	0.6401707121899174
chrX	47	40	3709.0	1.0784578053383662
chrX	48	28	3665.0	0.7639836289222374
chrX	49	29	3613.0	0.8026570716855799
chrX	50	18	3570.0	0.5042016806722689
chrX	51	18	3521.0	0.511218403862539
chrX	52	28	3460.0	0.8092485549132947
chrX	53	31	3412.0	0.9085580304806564
chrX	54	27	3372.0	0.800711743772242
chrX	55	29	3330.0	0.8708708708708709
chrX	56	30	3282.0	0.9140767824497258
chrX	57	29	3228.0	0.8983890954151178
chrX	58	28	3175.0	0.8818897637795275
chrX	59	29	3120.0	0.9294871794871795
chrX	60	18	3055.0	0.5891980360065466
chrX	61	23	3000.0	0.7666666666666666
chrX	62	29	2946.0	0.9843856076035303
chrX	63	15	2893.0	0.5184929139301764
chrX	64	29	2855.0	1.0157618213660247
chrX	65	23	2802.0	0.820842255531763
chrX	66	17	2758.0	0.6163886874546773
chrX	67	20	2707.0	0.7388252678241596
chrX	68	15	2662.0	0.5634861006761833
chrX	69	26	2613.0	0.9950248756218906
chrX	70	19	2560.0	0.7421875
chrX	71	15	2520.0	0.5952380952380952
chrX	72	18	2461.0	0.731409995936611
chrX	73	32	2410.0	1.3278008298755186
chrX	74	20	2371.0	0.8435259384226065
chrX	75	13	2320.0	0.5603448275862069
chrX	76	19	2277.0	0.834431269213878
chrX	77	14	2225.0	0.6292134831460674
chrX	78	19	2174.0	0.8739650413983441
chrX	79	6	2101.0	0.28557829604950025
chrX	80	15	2051.0	0.7313505607020965
chrX	81	20	1998.0	1.001001001001001
chrX	82	15	1952.0	0.7684426229508197
chrX	83	11	1907.0	0.5768222338751966
chrX	84	23	1855.0	1.2398921832884098
chrX	85	16	1807.0	0.8854454897620365
chrX	86	19	1759.0	1.0801591813530413
chrX	87	8	1718.0	0.46565774155995343
chrX	88	13	1664.0	0.78125
chrX	89	15	1611.0	0.931098696461825
chrX	90	6	1562.0	0.3841229193341869
chrX	91	8	1515.0	0.528052805280528
chrX	92	8	1463.0	0.5468215994531784
chrX	93	8	1411.0	0.5669737774627923
chrX	94	13	1356.0	0.9587020648967551
chrX	95	10	1313.0	0.7616146230007617
chrX	96	6	1259.0	0.47656870532168394
chrX	97	9	1211.0	0.7431874483897605
chrX	98	4	1175.0	0.3404255319148936
chrX	99	9	1112.0	0.8093525179856115
chrX	100	14	1061.0	1.3195098963242224
chrX	101	4	1017.0	0.39331366764995085
chrX	102	5	963.0	0.5192107995846313
chrX	103	5	922.0	0.5422993492407809
chrX	104	5	868.0	0.5760368663594471
chrX	105	7	812.0	0.8620689655172413
chrX	106	3	759.0	0.3952569169960474
chrX	107	3	713.0	0.42075736325385693
chrX	108	4	661.0	0.6051437216338881
chrX	109	2	613.0	0.3262642740619902
chrX	110	1	553.0	0.18083182640144665
chrX	111	3	491.0	0.6109979633401221
chrX	112	3	443.0	0.6772009029345373
chrX	113	1	399.0	0.2506265664160401
chrX	114	2	373.0	0.5361930294906166
chrX	115	3	314.0	0.9554140127388535
chrX	116	1	269.0	0.37174721189591076
chrX	117	1	212.0	0.4716981132075472
chrX	118	1	171.0	0.5847953216374269
chrX	119	1	124.0	0.8064516129032258
chrX	120	0	81.0	0.0
chrX	121	0	44.0	0.0
chrX	122	0	0.0	nan
chrX	123	0	0.0	nan
chrX	124	0	0.0	nan
chrX	125	0	0.0	nan
chrX	126	0	0.0	nan
chrX	127	0	0.0	nan
chrX	128	0	0.0	nan
chrX	129	0	0.0	nan
chrX	130	0	0.0	nan
chrX	131	0	0.0	nan
chrX	132	0	0.0	nan
