chr1	-143	0	0.0	nan
chr1	-142	0	0.0	nan
chr1	-141	0	0.0	nan
chr1	-140	0	0.0	nan
chr1	-139	0	5.0	0.0
chr1	-138	0	5.0	0.0
chr1	-137	0	5.0	0.0
chr1	-136	0	6.0	0.0
chr1	-135	0	6.0	0.0
chr1	-134	0	6.0	0.0
chr1	-133	0	7.0	0.0
chr1	-132	0	7.0	0.0
chr1	-131	0	8.0	0.0
chr1	-130	0	9.0	0.0
chr1	-129	0	14.0	0.0
chr1	-128	0	16.0	0.0
chr1	-127	0	16.0	0.0
chr1	-126	0	17.0	0.0
chr1	-125	0	20.0	0.0
chr1	-124	0	21.0	0.0
chr1	-123	0	25.0	0.0
chr1	-122	0	36.0	0.0
chr1	-121	0	46.0	0.0
chr1	-120	0	1119.0	0.0
chr1	-119	4	2130.0	0.18779342723004694
chr1	-118	3	3159.0	0.0949667616334283
chr1	-117	5	4155.0	0.12033694344163659
chr1	-116	4	5193.0	0.0770267668014635
chr1	-115	12	6260.0	0.19169329073482427
chr1	-114	17	7284.0	0.23338824821526635
chr1	-113	10	8314.0	0.12027904738994466
chr1	-112	21	9408.0	0.2232142857142857
chr1	-111	35	10497.0	0.33342859864723257
chr1	-110	17	11544.0	0.14726264726264726
chr1	-109	15	12581.0	0.11922740640648596
chr1	-108	21	13554.0	0.15493581230633025
chr1	-107	33	14573.0	0.22644616757016403
chr1	-106	26	15584.0	0.1668377823408624
chr1	-105	30	16640.0	0.18028846153846154
chr1	-104	35	17653.0	0.1982665835835269
chr1	-103	39	18788.0	0.2075793059399617
chr1	-102	47	19863.0	0.23662085284196746
chr1	-101	34	20914.0	0.16257052691976667
chr1	-100	39	21913.0	0.1779765436042532
chr1	-99	38	22958.0	0.16551964456834217
chr1	-98	80	23939.0	0.3341827143990977
chr1	-97	44	25020.0	0.17585931254996
chr1	-96	71	26083.0	0.27220795153931676
chr1	-95	59	27064.0	0.2180017735737511
chr1	-94	59	28170.0	0.20944266950656729
chr1	-93	58	29211.0	0.19855533874225464
chr1	-92	57	30278.0	0.18825549904220887
chr1	-91	55	31354.0	0.17541621483702238
chr1	-90	76	32446.0	0.2342353448807249
chr1	-89	84	33541.0	0.2504397602933723
chr1	-88	71	34593.0	0.20524383545804065
chr1	-87	85	35661.0	0.23835562659487958
chr1	-86	99	36627.0	0.27029240724056025
chr1	-85	64	37668.0	0.16990549007114794
chr1	-84	119	38692.0	0.30755711775043937
chr1	-83	91	39728.0	0.22905759162303663
chr1	-82	129	40755.0	0.3165255796834744
chr1	-81	123	41810.0	0.2941879933030375
chr1	-80	78	42851.0	0.18202609040629156
chr1	-79	100	43918.0	0.22769707181565646
chr1	-78	119	44985.0	0.26453262198510613
chr1	-77	79	46077.0	0.17145213447056015
chr1	-76	153	47067.0	0.3250685193447639
chr1	-75	99	48076.0	0.2059239537399118
chr1	-74	85	49137.0	0.1729857337647801
chr1	-73	98	50162.0	0.19536701088473346
chr1	-72	156	51207.0	0.30464584920030463
chr1	-71	128	52238.0	0.24503235192771547
chr1	-70	149	53324.0	0.27942389918235694
chr1	-69	130	54410.0	0.23892666789193162
chr1	-68	142	55492.0	0.25589274129604267
chr1	-67	184	56528.0	0.32550240588734786
chr1	-66	180	57609.0	0.3124511795032026
chr1	-65	168	58618.0	0.2866013852400287
chr1	-64	169	59697.0	0.2830963029968005
chr1	-63	138	60786.0	0.22702595992498276
chr1	-62	193	61865.0	0.3119696112503031
chr1	-61	155	62955.0	0.2462076086093241
chr1	-60	170	63999.0	0.26562915045547586
chr1	-59	214	64950.0	0.32948421862971516
chr1	-58	126	65972.0	0.19099011701934154
chr1	-57	213	67013.0	0.3178487756107024
chr1	-56	238	68054.0	0.3497222793663855
chr1	-55	145	69156.0	0.2096708890045694
chr1	-54	163	70265.0	0.2319789368818046
chr1	-53	196	71372.0	0.2746174970576697
chr1	-52	233	72392.0	0.3218587689247431
chr1	-51	172	73467.0	0.23411871996951014
chr1	-50	277	74516.0	0.3717322454238016
chr1	-49	153	75579.0	0.20243718493232246
chr1	-48	180	76644.0	0.23485204321277595
chr1	-47	221	77693.0	0.28445291081564616
chr1	-46	158	78710.0	0.20073688222589253
chr1	-45	179	79754.0	0.22444015347192614
chr1	-44	178	80802.0	0.22029157694116483
chr1	-43	298	81841.0	0.36412067301230433
chr1	-42	268	82991.0	0.32292658240050126
chr1	-41	253	84078.0	0.30091105877875307
chr1	-40	199	85091.0	0.23386727150932532
chr1	-39	238	86134.0	0.276313650823136
chr1	-38	247	87164.0	0.2833738699463081
chr1	-37	303	88203.0	0.34352573041733275
chr1	-36	174	89246.0	0.19496672119758868
chr1	-35	247	90265.0	0.2736387304049188
chr1	-34	221	91289.0	0.24208831294022282
chr1	-33	336	92327.0	0.36392387925525577
chr1	-32	298	93345.0	0.3192458085596443
chr1	-31	299	94434.0	0.3166232501005994
chr1	-30	278	95465.0	0.29120620122558005
chr1	-29	264	96512.0	0.27354111405835546
chr1	-28	264	97564.0	0.27059161166003853
chr1	-27	217	98603.0	0.22007443992576292
chr1	-26	272	99675.0	0.27288688236769504
chr1	-25	284	100715.0	0.28198381571761905
chr1	-24	233	101733.0	0.22903089459664025
chr1	-23	248	102763.0	0.24133199692496327
chr1	-22	307	103824.0	0.2956927107412544
chr1	-21	336	104802.0	0.3206045686151028
chr1	-20	240	105820.0	0.22680022680022677
chr1	-19	344	106805.0	0.3220822995178128
chr1	-18	263	107834.0	0.24389339169464175
chr1	-17	316	108879.0	0.2902304392949972
chr1	-16	337	109912.0	0.30660892350243835
chr1	-15	325	110978.0	0.2928508353006902
chr1	-14	457	111994.0	0.40805757451292035
chr1	-13	320	113093.0	0.282952967911365
chr1	-12	403	114172.0	0.3529762113302736
chr1	-11	358	115224.0	0.3106991598972436
chr1	-10	271	116282.0	0.23305412703599868
chr1	-9	265	116277.0	0.22790405669220912
chr1	-8	267	116267.0	0.22964383703028374
chr1	-7	284	116304.0	0.24418764616866143
chr1	-6	349	116306.0	0.3000705036713497
chr1	-5	346	116300.0	0.2975064488392089
chr1	-4	279	116305.0	0.23988650530931602
chr1	-3	304	116278.0	0.2614424052701285
chr1	-2	307	116288.0	0.2639997248211337
chr1	-1	326	116291.0	0.28033123801497967
chr1	0	322	114129.0	0.2821368801969701
chr1	1	293	113093.0	0.2590788112438435
chr1	2	281	112091.0	0.2506891721904524
chr1	3	267	111080.0	0.24036730284479657
chr1	4	348	110010.0	0.3163348786473957
chr1	5	335	108967.0	0.3074325254434829
chr1	6	281	107922.0	0.2603732325197828
chr1	7	272	106808.0	0.2546625720919781
chr1	8	270	105723.0	0.25538435345194516
chr1	9	262	104669.0	0.2503128911138924
chr1	10	278	103645.0	0.26822326209657965
chr1	11	393	102664.0	0.3828021507052131
chr1	12	314	101640.0	0.3089334907516726
chr1	13	374	100558.0	0.37192466039499594
chr1	14	324	99556.0	0.3254449756920728
chr1	15	331	98530.0	0.335938292905714
chr1	16	285	97411.0	0.2925747605506565
chr1	17	262	96303.0	0.2720579836557532
chr1	18	345	95233.0	0.3622693814119055
chr1	19	248	94253.0	0.26312159825151454
chr1	20	307	93226.0	0.3293072747945852
chr1	21	324	92243.0	0.351246165020652
chr1	22	246	91142.0	0.2699084944372518
chr1	23	228	90054.0	0.2531814244786461
chr1	24	288	89096.0	0.3232468348747419
chr1	25	320	87987.0	0.3636900905815632
chr1	26	207	86906.0	0.23818838745311025
chr1	27	241	85874.0	0.2806437338426066
chr1	28	280	84786.0	0.3302432005283891
chr1	29	206	83747.0	0.24597896044037398
chr1	30	282	82693.0	0.34102040075943546
chr1	31	234	81601.0	0.2867611916520631
chr1	32	306	80559.0	0.37984582728186794
chr1	33	186	79590.0	0.23369770071617035
chr1	34	250	78572.0	0.3181795041490607
chr1	35	227	77533.0	0.29277855880721754
chr1	36	289	76491.0	0.37782222745159566
chr1	37	236	75459.0	0.31275262062842074
chr1	38	232	74397.0	0.31184053120421523
chr1	39	184	73345.0	0.2508691799031972
chr1	40	243	72299.0	0.33610423380682997
chr1	41	239	71235.0	0.33550923001333616
chr1	42	293	70108.0	0.417926627489017
chr1	43	220	69120.0	0.31828703703703703
chr1	44	181	68114.0	0.26573098041518634
chr1	45	176	67015.0	0.26262776990226067
chr1	46	170	66016.0	0.2575133301017935
chr1	47	192	64984.0	0.29545734334605445
chr1	48	141	63963.0	0.22043994184137702
chr1	49	230	62870.0	0.3658342611738508
chr1	50	236	61796.0	0.3819017412130235
chr1	51	194	60709.0	0.31955723204137776
chr1	52	198	59674.0	0.3318027951871837
chr1	53	171	58593.0	0.29184373559981563
chr1	54	130	57546.0	0.2259062315365099
chr1	55	207	56504.0	0.3663457454339516
chr1	56	170	55406.0	0.3068259755261163
chr1	57	151	54332.0	0.2779209305749834
chr1	58	228	53251.0	0.428160973502845
chr1	59	168	52231.0	0.32164806341061825
chr1	60	148	51250.0	0.288780487804878
chr1	61	183	50235.0	0.36428784711854284
chr1	62	137	49193.0	0.2784949078120871
chr1	63	192	48147.0	0.39877874010841796
chr1	64	144	47040.0	0.30612244897959184
chr1	65	172	45940.0	0.37440139312146276
chr1	66	177	44846.0	0.3946840297908398
chr1	67	142	43821.0	0.3240455489377239
chr1	68	120	42750.0	0.2807017543859649
chr1	69	155	41685.0	0.3718363919875255
chr1	70	108	40646.0	0.2657088028342272
chr1	71	137	39581.0	0.34612566635506936
chr1	72	118	38523.0	0.30631051579575835
chr1	73	99	37461.0	0.26427484583967326
chr1	74	144	36452.0	0.39504005267200704
chr1	75	154	35391.0	0.43513887711565086
chr1	76	90	34353.0	0.2619858527639507
chr1	77	120	33251.0	0.360891401762353
chr1	78	89	32161.0	0.27673268866017847
chr1	79	79	31139.0	0.2537011464722695
chr1	80	94	30104.0	0.31225086367260163
chr1	81	111	29082.0	0.38167938931297707
chr1	82	98	28036.0	0.34955057782850624
chr1	83	88	27007.0	0.3258414485133484
chr1	84	83	25992.0	0.3193290243151739
chr1	85	93	24968.0	0.3724767702659404
chr1	86	80	23919.0	0.33446214306618166
chr1	87	67	22880.0	0.2928321678321678
chr1	88	52	21805.0	0.238477413437285
chr1	89	70	20754.0	0.337284378914908
chr1	90	57	19697.0	0.28938417017819973
chr1	91	53	18658.0	0.2840604566405831
chr1	92	57	17589.0	0.3240661777247143
chr1	93	50	16549.0	0.30213305939935947
chr1	94	50	15507.0	0.3224350293415877
chr1	95	57	14462.0	0.39413635735029734
chr1	96	56	13458.0	0.4161093773220389
chr1	97	49	12412.0	0.39477924589107316
chr1	98	29	11430.0	0.2537182852143482
chr1	99	35	10396.0	0.3366679492112351
chr1	100	29	9393.0	0.3087405514745023
chr1	101	24	8377.0	0.2864987465679838
chr1	102	23	7353.0	0.31279749762001907
chr1	103	18	6325.0	0.2845849802371541
chr1	104	19	5259.0	0.3612854154782278
chr1	105	11	4216.0	0.26091081593927895
chr1	106	13	3175.0	0.40944881889763785
chr1	107	7	2108.0	0.33206831119544594
chr1	108	3	1069.0	0.2806361085126286
chr1	109	0	0.0	nan
chr1	110	0	0.0	nan
chr1	111	0	0.0	nan
chr1	112	0	0.0	nan
chr1	113	0	0.0	nan
chr1	114	0	0.0	nan
chr1	115	0	0.0	nan
chr1	116	0	0.0	nan
chr1	117	0	0.0	nan
chr1	118	0	0.0	nan
chr1	119	0	0.0	nan
chr1	120	0	0.0	nan
chr1	121	0	0.0	nan
chr1	122	0	0.0	nan
chr1	123	0	0.0	nan
chr1	124	0	0.0	nan
chr1	125	0	0.0	nan
chr1	126	0	0.0	nan
chr1	127	0	0.0	nan
chr1	128	0	0.0	nan
chr1	129	0	0.0	nan
chr1	130	0	0.0	nan
chr1	131	0	0.0	nan
chr1	132	0	0.0	nan
chr1	133	0	0.0	nan
chr1	134	0	0.0	nan
chr1	135	0	0.0	nan
chr1	136	0	0.0	nan
chr1	137	0	0.0	nan
chr1	138	0	0.0	nan
chr1	139	0	0.0	nan
chr1	140	0	0.0	nan
chr1	141	0	0.0	nan
chr2	-135	0	1.0	0.0
chr2	-134	0	1.0	0.0
chr2	-133	0	1.0	0.0
chr2	-132	0	1.0	0.0
chr2	-131	0	1.0	0.0
chr2	-130	0	1.0	0.0
chr2	-129	0	1.0	0.0
chr2	-128	0	1.0	0.0
chr2	-127	0	1.0	0.0
chr2	-126	0	1.0	0.0
chr2	-125	0	1.0	0.0
chr2	-124	0	2.0	0.0
chr2	-123	0	3.0	0.0
chr2	-122	0	3.0	0.0
chr2	-121	0	7.0	0.0
chr2	-120	5	269.0	1.858736059479554
chr2	-119	0	514.0	0.0
chr2	-118	0	779.0	0.0
chr2	-117	2	1037.0	0.19286403085824494
chr2	-116	2	1283.0	0.1558846453624318
chr2	-115	0	1562.0	0.0
chr2	-114	4	1828.0	0.2188183807439825
chr2	-113	3	2101.0	0.14278914802475012
chr2	-112	9	2363.0	0.3808717731696995
chr2	-111	3	2637.0	0.11376564277588168
chr2	-110	1	2902.0	0.03445899379738111
chr2	-109	4	3132.0	0.1277139208173691
chr2	-108	3	3400.0	0.08823529411764706
chr2	-107	11	3667.0	0.29997272975184075
chr2	-106	13	3914.0	0.3321410321921308
chr2	-105	1	4172.0	0.023969319271332692
chr2	-104	8	4436.0	0.18034265103697023
chr2	-103	10	4677.0	0.21381227282446014
chr2	-102	10	4951.0	0.20197939810139365
chr2	-101	13	5194.0	0.25028879476318827
chr2	-100	8	5446.0	0.14689680499449137
chr2	-99	15	5703.0	0.2630194634402946
chr2	-98	18	5974.0	0.3013056578506863
chr2	-97	20	6238.0	0.3206155819172812
chr2	-96	14	6499.0	0.21541775657793505
chr2	-95	9	6792.0	0.13250883392226148
chr2	-94	9	7047.0	0.1277139208173691
chr2	-93	21	7326.0	0.28665028665028663
chr2	-92	15	7602.0	0.1973164956590371
chr2	-91	15	7835.0	0.1914486279514997
chr2	-90	26	8085.0	0.32158317872603587
chr2	-89	8	8314.0	0.09622323791195574
chr2	-88	16	8608.0	0.18587360594795538
chr2	-87	10	8861.0	0.11285407967498026
chr2	-86	17	9120.0	0.18640350877192982
chr2	-85	28	9381.0	0.29847564225562306
chr2	-84	27	9648.0	0.2798507462686567
chr2	-83	17	9886.0	0.17196034796682175
chr2	-82	34	10149.0	0.33500837520938026
chr2	-81	11	10399.0	0.10577940186556399
chr2	-80	10	10640.0	0.09398496240601503
chr2	-79	22	10908.0	0.20168683535020168
chr2	-78	25	11182.0	0.2235736004292613
chr2	-77	21	11477.0	0.18297464494205803
chr2	-76	35	11747.0	0.2979484123606027
chr2	-75	17	12010.0	0.14154870940882597
chr2	-74	22	12280.0	0.1791530944625407
chr2	-73	24	12549.0	0.19125029882859193
chr2	-72	21	12801.0	0.1640496836184673
chr2	-71	34	13074.0	0.2600581306409668
chr2	-70	22	13349.0	0.16480635253577047
chr2	-69	44	13603.0	0.3234580607218996
chr2	-68	45	13893.0	0.32390412437918376
chr2	-67	20	14154.0	0.14130281192595734
chr2	-66	24	14400.0	0.16666666666666669
chr2	-65	37	14645.0	0.25264595425059744
chr2	-64	39	14900.0	0.26174496644295303
chr2	-63	25	15176.0	0.1647337901950448
chr2	-62	51	15398.0	0.331211845694246
chr2	-61	47	15628.0	0.3007422574865626
chr2	-60	46	15858.0	0.2900744103922311
chr2	-59	30	16128.0	0.18601190476190474
chr2	-58	37	16398.0	0.225637272838151
chr2	-57	58	16665.0	0.34803480348034804
chr2	-56	57	16911.0	0.33705871917686714
chr2	-55	46	17188.0	0.26762857807772866
chr2	-54	28	17447.0	0.16048604344586462
chr2	-53	35	17732.0	0.19738326189939095
chr2	-52	29	17998.0	0.1611290143349261
chr2	-51	34	18262.0	0.18617895082685357
chr2	-50	31	18555.0	0.16707087038534088
chr2	-49	74	18857.0	0.39242721535769204
chr2	-48	55	19123.0	0.28761177639491714
chr2	-47	51	19362.0	0.26340254105980787
chr2	-46	66	19643.0	0.3359975563814081
chr2	-45	53	19901.0	0.26631827546354453
chr2	-44	30	20168.0	0.14875049583498612
chr2	-43	34	20430.0	0.16642192853646598
chr2	-42	37	20718.0	0.1785886668597355
chr2	-41	49	21017.0	0.23314459723081318
chr2	-40	30	21263.0	0.14109015661007385
chr2	-39	62	21552.0	0.2876763177431329
chr2	-38	34	21844.0	0.15564914850759934
chr2	-37	44	22104.0	0.19905899384726747
chr2	-36	42	22348.0	0.18793628065151244
chr2	-35	39	22623.0	0.17239092958493568
chr2	-34	47	22876.0	0.20545549921314915
chr2	-33	50	23156.0	0.2159267576438072
chr2	-32	56	23448.0	0.2388263391334016
chr2	-31	52	23706.0	0.21935375010545852
chr2	-30	50	23941.0	0.20884674825612964
chr2	-29	49	24192.0	0.20254629629629628
chr2	-28	41	24448.0	0.16770287958115185
chr2	-27	83	24704.0	0.33597797927461137
chr2	-26	32	24950.0	0.1282565130260521
chr2	-25	72	25198.0	0.2857369632510517
chr2	-24	45	25460.0	0.1767478397486253
chr2	-23	74	25719.0	0.28772502818927637
chr2	-22	64	25996.0	0.24619172180335436
chr2	-21	71	26265.0	0.27032172092137824
chr2	-20	52	26544.0	0.19590114526823388
chr2	-19	49	26777.0	0.18299286701273482
chr2	-18	44	27048.0	0.1626737651582372
chr2	-17	72	27324.0	0.2635046113306983
chr2	-16	97	27564.0	0.3519082861703671
chr2	-15	49	27800.0	0.17625899280575538
chr2	-14	84	28080.0	0.2991452991452992
chr2	-13	54	28328.0	0.19062411748093758
chr2	-12	90	28583.0	0.314872476646958
chr2	-11	50	28820.0	0.17349063150589866
chr2	-10	74	29060.0	0.25464556090846524
chr2	-9	49	29073.0	0.16854125821208682
chr2	-8	73	29087.0	0.2509712242582597
chr2	-7	56	29086.0	0.19253248985766347
chr2	-6	72	29086.0	0.24754177267413877
chr2	-5	61	29084.0	0.20973731261174527
chr2	-4	124	29079.0	0.4264245675573438
chr2	-3	59	29079.0	0.20289556037002648
chr2	-2	86	29085.0	0.29568506102802133
chr2	-1	53	29074.0	0.18229345807250463
chr2	0	83	28560.0	0.29061624649859946
chr2	1	86	28305.0	0.3038332450097156
chr2	2	60	28034.0	0.21402582578297782
chr2	3	130	27787.0	0.4678446755677115
chr2	4	44	27521.0	0.1598779114131027
chr2	5	71	27252.0	0.260531337149567
chr2	6	79	26980.0	0.2928094885100074
chr2	7	84	26718.0	0.3143947900291938
chr2	8	47	26433.0	0.1778080429765823
chr2	9	41	26156.0	0.15675179691084262
chr2	10	50	25930.0	0.19282684149633628
chr2	11	69	25665.0	0.26884862653419056
chr2	12	69	25392.0	0.2717391304347826
chr2	13	71	25150.0	0.2823061630218688
chr2	14	46	24869.0	0.1849692388113716
chr2	15	79	24634.0	0.32069497442559064
chr2	16	70	24388.0	0.28702640642939153
chr2	17	44	24116.0	0.18245148449162382
chr2	18	58	23861.0	0.24307447298939694
chr2	19	52	23613.0	0.22021767670351078
chr2	20	55	23356.0	0.2354855283438945
chr2	21	62	23088.0	0.2685377685377685
chr2	22	98	22822.0	0.4294102182104987
chr2	23	51	22564.0	0.22602375465343028
chr2	24	83	22273.0	0.3726484981816549
chr2	25	43	22013.0	0.1953391177940308
chr2	26	71	21743.0	0.32654187554615277
chr2	27	50	21469.0	0.2328939400996786
chr2	28	72	21229.0	0.33915869800744264
chr2	29	40	20984.0	0.19062142584826536
chr2	30	68	20761.0	0.32753720919030876
chr2	31	32	20469.0	0.15633396844008013
chr2	32	47	20213.0	0.2325236234106763
chr2	33	48	19951.0	0.24058944413813846
chr2	34	43	19687.0	0.21841824554274394
chr2	35	45	19418.0	0.23174374291894118
chr2	36	49	19183.0	0.2554344992962519
chr2	37	32	18925.0	0.1690885072655218
chr2	38	69	18677.0	0.36943834662954433
chr2	39	35	18434.0	0.18986655093848323
chr2	40	54	18168.0	0.297225891677675
chr2	41	45	17890.0	0.2515371716042482
chr2	42	57	17600.0	0.32386363636363635
chr2	43	43	17320.0	0.24826789838337185
chr2	44	65	17050.0	0.3812316715542522
chr2	45	51	16763.0	0.30424148422120145
chr2	46	75	16498.0	0.4546005576433507
chr2	47	47	16249.0	0.28924856914271646
chr2	48	61	15994.0	0.3813930223833938
chr2	49	31	15718.0	0.1972261101921364
chr2	50	22	15457.0	0.1423303357702012
chr2	51	48	15172.0	0.3163722646981281
chr2	52	38	14909.0	0.25487960292440803
chr2	53	23	14664.0	0.1568466993998909
chr2	54	33	14414.0	0.2289440821423616
chr2	55	47	14157.0	0.33199124108215017
chr2	56	52	13893.0	0.3742892103937234
chr2	57	29	13672.0	0.21211234640140433
chr2	58	34	13437.0	0.25303267098310633
chr2	59	25	13189.0	0.18955189931003108
chr2	60	24	12936.0	0.1855287569573284
chr2	61	42	12671.0	0.33146555125877986
chr2	62	41	12404.0	0.3305385359561432
chr2	63	33	12152.0	0.271560236998025
chr2	64	22	11874.0	0.18527876031665824
chr2	65	45	11616.0	0.38739669421487605
chr2	66	32	11331.0	0.2824110846350719
chr2	67	37	11068.0	0.3342970726418504
chr2	68	48	10805.0	0.44423877834335956
chr2	69	31	10508.0	0.29501332318233725
chr2	70	28	10211.0	0.27421408285182647
chr2	71	26	9933.0	0.2617537501258432
chr2	72	26	9693.0	0.2682348086247808
chr2	73	20	9412.0	0.21249468763280915
chr2	74	18	9164.0	0.19642077695329552
chr2	75	40	8902.0	0.4493372275893057
chr2	76	19	8643.0	0.21983107717227812
chr2	77	20	8355.0	0.23937761819269898
chr2	78	21	8060.0	0.26054590570719605
chr2	79	17	7810.0	0.21766965428937263
chr2	80	15	7525.0	0.19933554817275745
chr2	81	26	7233.0	0.35946356974975807
chr2	82	14	6967.0	0.20094732309458876
chr2	83	19	6726.0	0.2824858757062147
chr2	84	13	6446.0	0.20167545764815392
chr2	85	13	6192.0	0.2099483204134367
chr2	86	16	5919.0	0.2703159317452272
chr2	87	15	5625.0	0.26666666666666666
chr2	88	11	5369.0	0.20487986589681506
chr2	89	12	5126.0	0.23410066328521262
chr2	90	10	4876.0	0.20508613617719443
chr2	91	11	4620.0	0.2380952380952381
chr2	92	10	4364.0	0.229147571035747
chr2	93	3	4103.0	0.073117231294175
chr2	94	13	3865.0	0.33635187580853815
chr2	95	13	3602.0	0.36091060521932256
chr2	96	9	3351.0	0.26857654431512984
chr2	97	14	3074.0	0.4554326610279766
chr2	98	7	2805.0	0.24955436720142604
chr2	99	11	2523.0	0.43598890210067376
chr2	100	9	2266.0	0.39717563989408644
chr2	101	5	2018.0	0.2477700693756194
chr2	102	3	1745.0	0.17191977077363896
chr2	103	5	1510.0	0.33112582781456956
chr2	104	3	1250.0	0.24
chr2	105	4	988.0	0.4048582995951417
chr2	106	4	733.0	0.5457025920873124
chr2	107	1	482.0	0.2074688796680498
chr2	108	0	244.0	0.0
chr2	109	0	0.0	nan
chr2	110	0	0.0	nan
chr2	111	0	0.0	nan
chr2	112	0	0.0	nan
chr2	113	0	0.0	nan
chr2	114	0	0.0	nan
chr2	115	0	0.0	nan
chr2	116	0	0.0	nan
chr2	117	0	0.0	nan
chr2	118	0	0.0	nan
chr2	119	0	0.0	nan
chr2	120	0	0.0	nan
chr2	121	0	0.0	nan
chr2	122	0	0.0	nan
chr2	123	0	0.0	nan
chr2	124	0	0.0	nan
chr2	125	0	0.0	nan
chr2	126	0	0.0	nan
chr2	127	0	0.0	nan
chr2	128	0	0.0	nan
chr2	129	0	0.0	nan
chr4	-161	0	0.0	nan
chr4	-160	0	0.0	nan
chr4	-159	0	0.0	nan
chr4	-158	0	0.0	nan
chr4	-157	0	0.0	nan
chr4	-156	0	0.0	nan
chr4	-155	0	0.0	nan
chr4	-154	0	0.0	nan
chr4	-153	0	0.0	nan
chr4	-152	0	0.0	nan
chr4	-151	0	0.0	nan
chr4	-150	0	0.0	nan
chr4	-149	0	0.0	nan
chr4	-148	0	0.0	nan
chr4	-147	0	0.0	nan
chr4	-146	0	0.0	nan
chr4	-145	0	0.0	nan
chr4	-144	0	0.0	nan
chr4	-143	0	0.0	nan
chr4	-142	0	0.0	nan
chr4	-141	0	0.0	nan
chr4	-140	0	0.0	nan
chr4	-139	0	2.0	0.0
chr4	-138	0	2.0	0.0
chr4	-137	0	2.0	0.0
chr4	-136	0	2.0	0.0
chr4	-135	0	2.0	0.0
chr4	-134	0	2.0	0.0
chr4	-133	0	3.0	0.0
chr4	-132	0	3.0	0.0
chr4	-131	0	3.0	0.0
chr4	-130	0	3.0	0.0
chr4	-129	0	3.0	0.0
chr4	-128	0	4.0	0.0
chr4	-127	0	4.0	0.0
chr4	-126	0	5.0	0.0
chr4	-125	0	5.0	0.0
chr4	-124	0	7.0	0.0
chr4	-123	0	8.0	0.0
chr4	-122	0	11.0	0.0
chr4	-121	0	16.0	0.0
chr4	-120	0	323.0	0.0
chr4	-119	1	655.0	0.15267175572519084
chr4	-118	1	971.0	0.10298661174047373
chr4	-117	2	1301.0	0.15372790161414296
chr4	-116	0	1624.0	0.0
chr4	-115	1	1931.0	0.05178663904712584
chr4	-114	10	2251.0	0.444247001332741
chr4	-113	7	2552.0	0.274294670846395
chr4	-112	7	2825.0	0.24778761061946902
chr4	-111	7	3137.0	0.22314313037934333
chr4	-110	6	3445.0	0.1741654571843251
chr4	-109	5	3747.0	0.13344008540165467
chr4	-108	12	4059.0	0.29563932002956395
chr4	-107	14	4376.0	0.31992687385740404
chr4	-106	16	4706.0	0.3399915002124947
chr4	-105	9	5021.0	0.17924716191993628
chr4	-104	5	5336.0	0.0937031484257871
chr4	-103	15	5648.0	0.26558073654390935
chr4	-102	8	5947.0	0.13452160753321002
chr4	-101	21	6239.0	0.3365924026286264
chr4	-100	11	6512.0	0.16891891891891891
chr4	-99	16	6803.0	0.235190357195355
chr4	-98	19	7093.0	0.2678697307204286
chr4	-97	12	7394.0	0.1622937516905599
chr4	-96	19	7692.0	0.2470098803952158
chr4	-95	18	8007.0	0.22480329711502436
chr4	-94	22	8306.0	0.2648687695641705
chr4	-93	7	8611.0	0.08129137150156776
chr4	-92	12	8920.0	0.13452914798206278
chr4	-91	12	9238.0	0.12989824637367395
chr4	-90	23	9561.0	0.24056061081476834
chr4	-89	23	9871.0	0.23300577449093304
chr4	-88	26	10196.0	0.2550019615535504
chr4	-87	17	10516.0	0.16165842525675161
chr4	-86	36	10839.0	0.3321339606974813
chr4	-85	44	11148.0	0.3946896304269824
chr4	-84	23	11473.0	0.200470670269328
chr4	-83	17	11777.0	0.14434915513288613
chr4	-82	21	12090.0	0.17369727047146402
chr4	-81	35	12374.0	0.2828511394860191
chr4	-80	34	12662.0	0.2685199810456484
chr4	-79	29	12966.0	0.22366188492981645
chr4	-78	22	13296.0	0.16546329723225028
chr4	-77	44	13611.0	0.32326794504444933
chr4	-76	44	13898.0	0.31659231544107064
chr4	-75	40	14224.0	0.281214848143982
chr4	-74	29	14542.0	0.19942236281116765
chr4	-73	34	14856.0	0.22886375875067314
chr4	-72	41	15164.0	0.270377209179636
chr4	-71	26	15491.0	0.16783939061390485
chr4	-70	48	15775.0	0.30427892234548337
chr4	-69	23	16088.0	0.14296369965191447
chr4	-68	36	16428.0	0.2191380569758948
chr4	-67	39	16720.0	0.23325358851674644
chr4	-66	28	17039.0	0.16432889254064204
chr4	-65	53	17372.0	0.30508864839972366
chr4	-64	30	17712.0	0.16937669376693767
chr4	-63	52	18032.0	0.2883762200532387
chr4	-62	69	18368.0	0.3756533101045296
chr4	-61	55	18685.0	0.29435375970029437
chr4	-60	30	18962.0	0.15821115916042613
chr4	-59	51	19277.0	0.2645639881724335
chr4	-58	32	19571.0	0.16350723008533033
chr4	-57	43	19883.0	0.21626515113413466
chr4	-56	46	20204.0	0.2276776875866165
chr4	-55	47	20522.0	0.2290225124256895
chr4	-54	50	20844.0	0.2398771828823642
chr4	-53	52	21180.0	0.24551463644948063
chr4	-52	43	21477.0	0.2002141826139591
chr4	-51	42	21784.0	0.1928020565552699
chr4	-50	50	22089.0	0.2263570102766083
chr4	-49	46	22433.0	0.2050550528239647
chr4	-48	61	22746.0	0.2681790204871186
chr4	-47	53	23035.0	0.23008465378771434
chr4	-46	59	23339.0	0.2527957496036677
chr4	-45	45	23625.0	0.19047619047619047
chr4	-44	55	23942.0	0.2297218277503968
chr4	-43	41	24259.0	0.1690094397955398
chr4	-42	81	24539.0	0.33008680060312157
chr4	-41	75	24863.0	0.30165305876201587
chr4	-40	81	25206.0	0.3213520590335634
chr4	-39	51	25524.0	0.1998119417019276
chr4	-38	60	25835.0	0.23224308109154249
chr4	-37	83	26117.0	0.31780066623272196
chr4	-36	74	26455.0	0.27972027972027974
chr4	-35	79	26776.0	0.2950403346280251
chr4	-34	64	27105.0	0.23611879726987642
chr4	-33	58	27394.0	0.2117251952982405
chr4	-32	72	27706.0	0.25987150797661157
chr4	-31	88	27971.0	0.3146115619749026
chr4	-30	39	28289.0	0.1378627735162077
chr4	-29	83	28606.0	0.2901489198070335
chr4	-28	99	28906.0	0.3424894485573929
chr4	-27	61	29203.0	0.20888264904290657
chr4	-26	61	29515.0	0.20667457225139757
chr4	-25	63	29825.0	0.21123218776194466
chr4	-24	66	30125.0	0.21908713692946058
chr4	-23	80	30427.0	0.2629243763762448
chr4	-22	85	30741.0	0.27650369213753623
chr4	-21	90	31068.0	0.28968713789107764
chr4	-20	120	31385.0	0.3823482555360841
chr4	-19	84	31682.0	0.26513477684489617
chr4	-18	70	31969.0	0.21896211955331726
chr4	-17	131	32303.0	0.40553508962015916
chr4	-16	57	32624.0	0.17471799901912702
chr4	-15	67	32934.0	0.2034371773850732
chr4	-14	115	33241.0	0.34595830450347465
chr4	-13	80	33529.0	0.2385994213964031
chr4	-12	82	33850.0	0.24224519940915806
chr4	-11	140	34179.0	0.4096082389771497
chr4	-10	152	34508.0	0.4404775704184537
chr4	-9	78	34512.0	0.22600834492350488
chr4	-8	145	34525.0	0.4199855177407676
chr4	-7	84	34519.0	0.2433442451982966
chr4	-6	111	34521.0	0.3215434083601286
chr4	-5	121	34502.0	0.35070430699669586
chr4	-4	165	34507.0	0.4781638508128785
chr4	-3	76	34514.0	0.22020049834849628
chr4	-2	80	34522.0	0.23173628410868433
chr4	-1	59	34511.0	0.17095998377328966
chr4	0	75	33850.0	0.22156573116691286
chr4	1	88	33543.0	0.262349819634499
chr4	2	82	33202.0	0.24697307391121018
chr4	3	186	32871.0	0.5658483161449301
chr4	4	91	32561.0	0.27947544608580815
chr4	5	105	32263.0	0.32545020611846387
chr4	6	67	31957.0	0.20965672622586604
chr4	7	98	31693.0	0.3092165462404947
chr4	8	74	31372.0	0.235879127884738
chr4	9	123	31061.0	0.39599497762467406
chr4	10	136	30762.0	0.4421038944151876
chr4	11	78	30439.0	0.2562502053286902
chr4	12	65	30118.0	0.21581778338535096
chr4	13	119	29789.0	0.39947631676122053
chr4	14	59	29475.0	0.20016963528413909
chr4	15	43	29169.0	0.1474167780863245
chr4	16	95	28855.0	0.329232368740253
chr4	17	67	28563.0	0.23456919791338443
chr4	18	85	28276.0	0.3006082897156599
chr4	19	108	28001.0	0.3857005106960466
chr4	20	85	27697.0	0.306892443224898
chr4	21	78	27408.0	0.28458844133099825
chr4	22	69	27107.0	0.25454679603054564
chr4	23	68	26792.0	0.25380710659898476
chr4	24	60	26483.0	0.2265604349960352
chr4	25	62	26188.0	0.23674965633114403
chr4	26	53	25877.0	0.20481508675657922
chr4	27	74	25580.0	0.28928850664581707
chr4	28	94	25262.0	0.372100387934447
chr4	29	38	24943.0	0.15234735196247445
chr4	30	99	24629.0	0.40196516301920504
chr4	31	68	24304.0	0.27978933508887427
chr4	32	61	23978.0	0.2543998665443323
chr4	33	74	23663.0	0.3127245066137007
chr4	34	87	23349.0	0.37260696389567005
chr4	35	48	23021.0	0.20850527778984407
chr4	36	75	22716.0	0.3301637612255679
chr4	37	48	22410.0	0.214190093708166
chr4	38	60	22120.0	0.27124773960216997
chr4	39	78	21825.0	0.35738831615120276
chr4	40	74	21515.0	0.343946084127353
chr4	41	49	21186.0	0.23128481072406307
chr4	42	45	20870.0	0.21562050790608528
chr4	43	57	20587.0	0.2768737552824598
chr4	44	48	20264.0	0.23687327279905251
chr4	45	61	19937.0	0.30596378592566587
chr4	46	54	19622.0	0.27520130465803694
chr4	47	59	19326.0	0.30528821277036117
chr4	48	52	18996.0	0.27374184038745
chr4	49	53	18715.0	0.28319529788939357
chr4	50	46	18401.0	0.24998641378185968
chr4	51	44	18059.0	0.24364582756520292
chr4	52	45	17770.0	0.25323579065841306
chr4	53	60	17437.0	0.34409588805413777
chr4	54	54	17119.0	0.31543898592207487
chr4	55	42	16777.0	0.25034273111998573
chr4	56	59	16453.0	0.35859721631313435
chr4	57	33	16112.0	0.20481628599801388
chr4	58	48	15800.0	0.3037974683544304
chr4	59	45	15523.0	0.28989241770276364
chr4	60	46	15208.0	0.30247238295633877
chr4	61	60	14921.0	0.4021178205214128
chr4	62	59	14611.0	0.4038053521319554
chr4	63	41	14288.0	0.2869540873460246
chr4	64	26	13974.0	0.18605982539001
chr4	65	42	13644.0	0.30782761653474056
chr4	66	47	13320.0	0.35285285285285284
chr4	67	40	13019.0	0.307243259850987
chr4	68	27	12715.0	0.212347620920173
chr4	69	43	12417.0	0.3462994282032697
chr4	70	30	12063.0	0.2486943546381497
chr4	71	43	11749.0	0.36598859477402335
chr4	72	30	11452.0	0.2619629758994062
chr4	73	34	11150.0	0.30493273542600896
chr4	74	26	10865.0	0.23930050621260932
chr4	75	36	10543.0	0.34145878782130323
chr4	76	42	10233.0	0.4104368220463207
chr4	77	34	9946.0	0.34184596822843355
chr4	78	26	9619.0	0.27029836781370203
chr4	79	26	9285.0	0.28002154011847064
chr4	80	27	8968.0	0.3010704727921499
chr4	81	31	8658.0	0.35805035805035806
chr4	82	11	8374.0	0.13135896823501314
chr4	83	37	8039.0	0.46025625077745985
chr4	84	28	7715.0	0.36292935839274143
chr4	85	24	7394.0	0.3245875033811198
chr4	86	22	7097.0	0.30999013667746933
chr4	87	35	6794.0	0.5151604356785399
chr4	88	17	6530.0	0.26033690658499237
chr4	89	12	6222.0	0.19286403085824494
chr4	90	10	5901.0	0.1694628029147602
chr4	91	11	5599.0	0.19646365422396855
chr4	92	6	5291.0	0.11340011340011338
chr4	93	18	4988.0	0.36086607858861264
chr4	94	16	4674.0	0.3423192126658109
chr4	95	14	4360.0	0.3211009174311927
chr4	96	9	4077.0	0.22075055187637968
chr4	97	5	3761.0	0.1329433661260303
chr4	98	9	3432.0	0.26223776223776224
chr4	99	14	3124.0	0.44814340588988477
chr4	100	7	2828.0	0.24752475247524752
chr4	101	10	2544.0	0.39308176100628933
chr4	102	4	2203.0	0.18157058556513844
chr4	103	3	1881.0	0.1594896331738437
chr4	104	2	1560.0	0.1282051282051282
chr4	105	5	1254.0	0.3987240829346092
chr4	106	3	964.0	0.3112033195020747
chr4	107	4	644.0	0.6211180124223602
chr4	108	3	336.0	0.8928571428571428
chr4	109	0	0.0	nan
chr4	110	0	0.0	nan
chr4	111	0	0.0	nan
chr4	112	0	0.0	nan
chr4	113	0	0.0	nan
chr4	114	0	0.0	nan
chr4	115	0	0.0	nan
chr4	116	0	0.0	nan
chr4	117	0	0.0	nan
chr4	118	0	0.0	nan
chr4	119	0	0.0	nan
chr4	120	0	0.0	nan
chr4	121	0	0.0	nan
chr4	122	0	0.0	nan
chr4	123	0	0.0	nan
chr4	124	0	0.0	nan
chr4	125	0	0.0	nan
chr4	126	0	0.0	nan
chr4	127	0	0.0	nan
chr4	128	0	0.0	nan
chr4	129	0	0.0	nan
chr4	130	0	0.0	nan
chr4	131	0	0.0	nan
chr4	132	0	0.0	nan
chr4	133	0	0.0	nan
chr4	134	0	0.0	nan
chr4	135	0	0.0	nan
chr4	136	0	0.0	nan
chr4	137	0	0.0	nan
chr4	138	0	0.0	nan
chr4	139	0	0.0	nan
chr4	140	0	0.0	nan
chr4	141	0	0.0	nan
chr4	142	0	0.0	nan
chr4	143	0	0.0	nan
chr4	144	0	0.0	nan
chr4	145	0	0.0	nan
chr4	146	0	0.0	nan
chr4	147	0	0.0	nan
chr5	-119	0	3.0	0.0
chr5	-118	0	3.0	0.0
chr5	-117	0	3.0	0.0
chr5	-116	0	5.0	0.0
chr5	-115	0	5.0	0.0
chr5	-114	0	5.0	0.0
chr5	-113	0	5.0	0.0
chr5	-112	0	5.0	0.0
chr5	-111	0	6.0	0.0
chr5	-110	0	8.0	0.0
chr5	-109	0	8.0	0.0
chr5	-108	0	8.0	0.0
chr5	-107	0	9.0	0.0
chr5	-106	0	9.0	0.0
chr5	-105	0	10.0	0.0
chr5	-104	0	10.0	0.0
chr5	-103	0	11.0	0.0
chr5	-102	0	12.0	0.0
chr5	-101	0	13.0	0.0
chr5	-100	0	13.0	0.0
chr5	-99	0	13.0	0.0
chr5	-98	0	13.0	0.0
chr5	-97	0	13.0	0.0
chr5	-96	0	15.0	0.0
chr5	-95	0	15.0	0.0
chr5	-94	0	16.0	0.0
chr5	-93	0	16.0	0.0
chr5	-92	0	17.0	0.0
chr5	-91	0	17.0	0.0
chr5	-90	0	18.0	0.0
chr5	-89	0	18.0	0.0
chr5	-88	0	18.0	0.0
chr5	-87	0	19.0	0.0
chr5	-86	0	19.0	0.0
chr5	-85	0	19.0	0.0
chr5	-84	0	19.0	0.0
chr5	-83	0	19.0	0.0
chr5	-82	0	19.0	0.0
chr5	-81	0	19.0	0.0
chr5	-80	1	19.0	5.263157894736842
chr5	-79	0	19.0	0.0
chr5	-78	0	19.0	0.0
chr5	-77	0	19.0	0.0
chr5	-76	0	19.0	0.0
chr5	-75	0	19.0	0.0
chr5	-74	0	19.0	0.0
chr5	-73	0	19.0	0.0
chr5	-72	0	19.0	0.0
chr5	-71	0	19.0	0.0
chr5	-70	0	20.0	0.0
chr5	-69	0	20.0	0.0
chr5	-68	0	20.0	0.0
chr5	-67	0	20.0	0.0
chr5	-66	0	21.0	0.0
chr5	-65	0	23.0	0.0
chr5	-64	0	24.0	0.0
chr5	-63	0	24.0	0.0
chr5	-62	0	24.0	0.0
chr5	-61	0	24.0	0.0
chr5	-60	0	25.0	0.0
chr5	-59	0	25.0	0.0
chr5	-58	0	25.0	0.0
chr5	-57	0	25.0	0.0
chr5	-56	0	25.0	0.0
chr5	-55	0	25.0	0.0
chr5	-54	0	25.0	0.0
chr5	-53	0	25.0	0.0
chr5	-52	0	25.0	0.0
chr5	-51	0	25.0	0.0
chr5	-50	0	26.0	0.0
chr5	-49	0	26.0	0.0
chr5	-48	0	26.0	0.0
chr5	-47	0	26.0	0.0
chr5	-46	0	27.0	0.0
chr5	-45	0	27.0	0.0
chr5	-44	0	27.0	0.0
chr5	-43	0	27.0	0.0
chr5	-42	0	27.0	0.0
chr5	-41	0	28.0	0.0
chr5	-40	0	28.0	0.0
chr5	-39	0	29.0	0.0
chr5	-38	0	29.0	0.0
chr5	-37	0	31.0	0.0
chr5	-36	0	32.0	0.0
chr5	-35	0	32.0	0.0
chr5	-34	0	33.0	0.0
chr5	-33	0	34.0	0.0
chr5	-32	0	35.0	0.0
chr5	-31	0	36.0	0.0
chr5	-30	0	36.0	0.0
chr5	-29	0	37.0	0.0
chr5	-28	0	37.0	0.0
chr5	-27	1	38.0	2.631578947368421
chr5	-26	0	38.0	0.0
chr5	-25	0	38.0	0.0
chr5	-24	0	39.0	0.0
chr5	-23	0	39.0	0.0
chr5	-22	0	39.0	0.0
chr5	-21	0	39.0	0.0
chr5	-20	0	39.0	0.0
chr5	-19	0	39.0	0.0
chr5	-18	0	40.0	0.0
chr5	-17	0	41.0	0.0
chr5	-16	0	41.0	0.0
chr5	-15	0	41.0	0.0
chr5	-14	0	42.0	0.0
chr5	-13	0	42.0	0.0
chr5	-12	0	44.0	0.0
chr5	-11	0	44.0	0.0
chr5	-10	0	45.0	0.0
chr5	-9	0	45.0	0.0
chr5	-8	0	45.0	0.0
chr5	-7	0	45.0	0.0
chr5	-6	0	45.0	0.0
chr5	-5	0	45.0	0.0
chr5	-4	0	45.0	0.0
chr5	-3	0	45.0	0.0
chr5	-2	0	45.0	0.0
chr5	-1	0	45.0	0.0
chr5	0	0	42.0	0.0
chr5	1	0	42.0	0.0
chr5	2	0	42.0	0.0
chr5	3	0	40.0	0.0
chr5	4	0	40.0	0.0
chr5	5	0	40.0	0.0
chr5	6	2	40.0	5.0
chr5	7	0	40.0	0.0
chr5	8	0	39.0	0.0
chr5	9	0	37.0	0.0
chr5	10	0	37.0	0.0
chr5	11	0	37.0	0.0
chr5	12	0	36.0	0.0
chr5	13	0	36.0	0.0
chr5	14	0	35.0	0.0
chr5	15	0	35.0	0.0
chr5	16	0	34.0	0.0
chr5	17	0	33.0	0.0
chr5	18	0	32.0	0.0
chr5	19	0	32.0	0.0
chr5	20	0	32.0	0.0
chr5	21	0	32.0	0.0
chr5	22	0	32.0	0.0
chr5	23	0	30.0	0.0
chr5	24	1	30.0	3.3333333333333335
chr5	25	0	29.0	0.0
chr5	26	0	29.0	0.0
chr5	27	0	28.0	0.0
chr5	28	0	28.0	0.0
chr5	29	0	27.0	0.0
chr5	30	0	27.0	0.0
chr5	31	0	27.0	0.0
chr5	32	0	26.0	0.0
chr5	33	0	26.0	0.0
chr5	34	0	26.0	0.0
chr5	35	0	26.0	0.0
chr5	36	0	26.0	0.0
chr5	37	0	26.0	0.0
chr5	38	0	26.0	0.0
chr5	39	0	26.0	0.0
chr5	40	0	26.0	0.0
chr5	41	1	26.0	3.8461538461538463
chr5	42	0	26.0	0.0
chr5	43	0	26.0	0.0
chr5	44	0	26.0	0.0
chr5	45	0	26.0	0.0
chr5	46	0	26.0	0.0
chr5	47	0	26.0	0.0
chr5	48	1	26.0	3.8461538461538463
chr5	49	0	25.0	0.0
chr5	50	0	25.0	0.0
chr5	51	0	25.0	0.0
chr5	52	0	25.0	0.0
chr5	53	0	24.0	0.0
chr5	54	0	22.0	0.0
chr5	55	0	21.0	0.0
chr5	56	0	21.0	0.0
chr5	57	0	21.0	0.0
chr5	58	0	21.0	0.0
chr5	59	0	20.0	0.0
chr5	60	0	20.0	0.0
chr5	61	0	20.0	0.0
chr5	62	0	20.0	0.0
chr5	63	1	20.0	5.0
chr5	64	1	20.0	5.0
chr5	65	0	20.0	0.0
chr5	66	0	20.0	0.0
chr5	67	0	20.0	0.0
chr5	68	0	20.0	0.0
chr5	69	0	19.0	0.0
chr5	70	0	19.0	0.0
chr5	71	0	19.0	0.0
chr5	72	0	19.0	0.0
chr5	73	0	18.0	0.0
chr5	74	1	18.0	5.555555555555555
chr5	75	0	18.0	0.0
chr5	76	0	18.0	0.0
chr5	77	0	18.0	0.0
chr5	78	0	17.0	0.0
chr5	79	0	17.0	0.0
chr5	80	0	16.0	0.0
chr5	81	0	16.0	0.0
chr5	82	0	14.0	0.0
chr5	83	0	13.0	0.0
chr5	84	0	13.0	0.0
chr5	85	0	12.0	0.0
chr5	86	0	11.0	0.0
chr5	87	0	10.0	0.0
chr5	88	0	9.0	0.0
chr5	89	0	9.0	0.0
chr5	90	0	8.0	0.0
chr5	91	0	8.0	0.0
chr5	92	0	7.0	0.0
chr5	93	0	7.0	0.0
chr5	94	0	7.0	0.0
chr5	95	0	6.0	0.0
chr5	96	0	6.0	0.0
chr5	97	0	6.0	0.0
chr5	98	0	6.0	0.0
chr5	99	0	6.0	0.0
chr5	100	0	6.0	0.0
chr5	101	0	5.0	0.0
chr5	102	0	4.0	0.0
chr5	103	0	4.0	0.0
chr5	104	0	4.0	0.0
chr5	105	0	3.0	0.0
chr5	106	0	3.0	0.0
chr5	107	0	1.0	0.0
chr5	108	0	1.0	0.0
chr5	109	0	0.0	nan
chr5	110	0	0.0	nan
chr5	111	0	0.0	nan
chr5	112	0	0.0	nan
chr5	113	0	0.0	nan
chr5	114	0	0.0	nan
chr5	115	0	0.0	nan
chr5	116	0	0.0	nan
chr5	117	0	0.0	nan
chr5	118	0	0.0	nan
chr5	119	0	0.0	nan
chr6	-125	0	1.0	0.0
chr6	-124	0	2.0	0.0
chr6	-123	0	5.0	0.0
chr6	-122	0	6.0	0.0
chr6	-121	0	7.0	0.0
chr6	-120	0	156.0	0.0
chr6	-119	0	282.0	0.0
chr6	-118	0	419.0	0.0
chr6	-117	0	572.0	0.0
chr6	-116	3	703.0	0.42674253200568996
chr6	-115	0	851.0	0.0
chr6	-114	0	1004.0	0.0
chr6	-113	4	1166.0	0.34305317324185247
chr6	-112	1	1321.0	0.0757002271006813
chr6	-111	3	1469.0	0.2042205582028591
chr6	-110	5	1578.0	0.3168567807351077
chr6	-109	0	1727.0	0.0
chr6	-108	4	1871.0	0.2137894174238375
chr6	-107	1	2029.0	0.04928536224741252
chr6	-106	3	2177.0	0.13780431786862654
chr6	-105	0	2311.0	0.0
chr6	-104	0	2453.0	0.0
chr6	-103	16	2608.0	0.6134969325153374
chr6	-102	19	2728.0	0.6964809384164222
chr6	-101	6	2877.0	0.20855057351407716
chr6	-100	5	2992.0	0.16711229946524064
chr6	-99	3	3123.0	0.09606147934678194
chr6	-98	5	3257.0	0.15351550506601166
chr6	-97	1	3407.0	0.0293513354857646
chr6	-96	4	3557.0	0.11245431543435479
chr6	-95	9	3702.0	0.24311183144246357
chr6	-94	23	3864.0	0.5952380952380952
chr6	-93	8	4009.0	0.1995510102269893
chr6	-92	7	4159.0	0.1683096898292859
chr6	-91	9	4318.0	0.20842982862436313
chr6	-90	10	4447.0	0.22487069934787499
chr6	-89	10	4627.0	0.2161227577263886
chr6	-88	16	4757.0	0.33634643682993487
chr6	-87	30	4908.0	0.6112469437652812
chr6	-86	11	5062.0	0.2173054128802845
chr6	-85	12	5216.0	0.23006134969325154
chr6	-84	15	5355.0	0.2801120448179272
chr6	-83	13	5500.0	0.2363636363636364
chr6	-82	14	5651.0	0.2477437621659883
chr6	-81	29	5806.0	0.4994832931450224
chr6	-80	15	5947.0	0.2522280141247688
chr6	-79	8	6097.0	0.13121207151057895
chr6	-78	21	6231.0	0.33702455464612424
chr6	-77	7	6381.0	0.10970067387556809
chr6	-76	27	6515.0	0.41442824251726784
chr6	-75	8	6656.0	0.1201923076923077
chr6	-74	8	6810.0	0.11747430249632893
chr6	-73	20	6966.0	0.2871088142405972
chr6	-72	11	7119.0	0.15451608371962353
chr6	-71	28	7240.0	0.3867403314917127
chr6	-70	23	7373.0	0.31194900311949003
chr6	-69	20	7536.0	0.2653927813163482
chr6	-68	8	7672.0	0.10427528675703858
chr6	-67	23	7835.0	0.29355456285896614
chr6	-66	28	7991.0	0.3503941934676511
chr6	-65	39	8124.0	0.48005908419497784
chr6	-64	26	8270.0	0.3143893591293833
chr6	-63	11	8426.0	0.13054830287206268
chr6	-62	18	8558.0	0.21032951624211263
chr6	-61	19	8705.0	0.21826536473291214
chr6	-60	40	8864.0	0.45126353790613716
chr6	-59	17	9016.0	0.18855368234250222
chr6	-58	19	9160.0	0.20742358078602618
chr6	-57	28	9314.0	0.3006227184882972
chr6	-56	13	9460.0	0.13742071881606766
chr6	-55	19	9615.0	0.19760790431617264
chr6	-54	31	9745.0	0.3181118522319138
chr6	-53	49	9883.0	0.49580087018111907
chr6	-52	13	10045.0	0.1294176207068193
chr6	-51	35	10201.0	0.34310361729242234
chr6	-50	19	10345.0	0.18366360560657322
chr6	-49	43	10476.0	0.4104620084001527
chr6	-48	29	10626.0	0.27291549030679463
chr6	-47	23	10779.0	0.21337786436589667
chr6	-46	51	10927.0	0.46673377871327903
chr6	-45	24	11074.0	0.2167238576846668
chr6	-44	67	11233.0	0.5964568681563251
chr6	-43	43	11385.0	0.3776899429073342
chr6	-42	29	11559.0	0.2508867549095942
chr6	-41	45	11717.0	0.3840573525646497
chr6	-40	59	11868.0	0.49713515335355574
chr6	-39	37	11988.0	0.30864197530864196
chr6	-38	33	12144.0	0.2717391304347826
chr6	-37	31	12303.0	0.25197106396813784
chr6	-36	23	12462.0	0.1845610656395442
chr6	-35	21	12607.0	0.1665741254858412
chr6	-34	77	12751.0	0.6038742059446318
chr6	-33	42	12856.0	0.3266957062850031
chr6	-32	32	12984.0	0.24645717806531117
chr6	-31	44	13167.0	0.3341687552213868
chr6	-30	54	13316.0	0.40552718534094323
chr6	-29	25	13458.0	0.18576311487591024
chr6	-28	55	13603.0	0.4043225759023745
chr6	-27	29	13734.0	0.21115479831076162
chr6	-26	50	13867.0	0.36056825557077954
chr6	-25	63	13993.0	0.4502251125562781
chr6	-24	32	14134.0	0.2264044148860903
chr6	-23	26	14283.0	0.18203458657144858
chr6	-22	46	14431.0	0.31875822881297206
chr6	-21	39	14573.0	0.2676181980374665
chr6	-20	42	14722.0	0.28528732509169946
chr6	-19	72	14850.0	0.48484848484848486
chr6	-18	42	14986.0	0.28026157747230745
chr6	-17	27	15129.0	0.1784651992861392
chr6	-16	39	15301.0	0.2548853016142736
chr6	-15	59	15435.0	0.38224813735017815
chr6	-14	59	15592.0	0.3783991790661878
chr6	-13	58	15740.0	0.3684879288437103
chr6	-12	62	15899.0	0.3899616328070948
chr6	-11	14	16019.0	0.08739621699232161
chr6	-10	55	16136.0	0.3408527516113039
chr6	-9	54	16157.0	0.33422046171937864
chr6	-8	85	16175.0	0.5255023183925811
chr6	-7	72	16180.0	0.4449938195302843
chr6	-6	86	16182.0	0.5314547027561488
chr6	-5	64	16181.0	0.3955256164637538
chr6	-4	64	16183.0	0.39547673484520796
chr6	-3	39	16183.0	0.24099363529629858
chr6	-2	84	16172.0	0.5194162750432847
chr6	-1	65	16181.0	0.40170570422099994
chr6	0	46	15900.0	0.2893081761006289
chr6	1	88	15759.0	0.558411066692049
chr6	2	47	15609.0	0.3011083349349734
chr6	3	68	15480.0	0.43927648578811374
chr6	4	80	15331.0	0.5218185376035483
chr6	5	96	15174.0	0.6326611308817714
chr6	6	62	15014.0	0.4129479152790729
chr6	7	76	14856.0	0.5115778136779752
chr6	8	55	14690.0	0.37440435670524164
chr6	9	59	14570.0	0.40494166094715167
chr6	10	19	14428.0	0.1316883836983643
chr6	11	54	14299.0	0.3776487866284356
chr6	12	63	14134.0	0.44573369180699024
chr6	13	50	13993.0	0.35732151790180805
chr6	14	35	13859.0	0.25254347355509055
chr6	15	44	13718.0	0.32074646449919814
chr6	16	19	13561.0	0.14010766167686747
chr6	17	27	13441.0	0.20087791086972695
chr6	18	65	13289.0	0.489126345097449
chr6	19	37	13177.0	0.28079228959550734
chr6	20	46	13044.0	0.3526525605642441
chr6	21	62	12910.0	0.4802478698683191
chr6	22	21	12758.0	0.16460260228876
chr6	23	50	12612.0	0.39644782746590546
chr6	24	82	12465.0	0.6578419574809466
chr6	25	46	12312.0	0.37361923326835605
chr6	26	27	12149.0	0.22224051362252037
chr6	27	56	12006.0	0.46643344994169583
chr6	28	21	11847.0	0.17726006583945303
chr6	29	63	11715.0	0.5377720870678617
chr6	30	38	11530.0	0.3295750216825672
chr6	31	26	11380.0	0.22847100175746923
chr6	32	48	11235.0	0.4272363150867824
chr6	33	84	11091.0	0.7573708412226129
chr6	34	32	10943.0	0.2924243808827561
chr6	35	10	10803.0	0.09256687957048967
chr6	36	23	10652.0	0.2159218926023282
chr6	37	17	10509.0	0.16176610524312496
chr6	38	42	10352.0	0.40571870170015456
chr6	39	44	10209.0	0.4309922617298462
chr6	40	40	10062.0	0.39753528125621146
chr6	41	41	9928.0	0.4129734085414988
chr6	42	37	9760.0	0.3790983606557377
chr6	43	57	9627.0	0.5920847616079775
chr6	44	12	9484.0	0.12652889076339097
chr6	45	41	9325.0	0.43967828418230565
chr6	46	32	9168.0	0.34904013961605584
chr6	47	18	9025.0	0.1994459833795014
chr6	48	29	8902.0	0.3257694900022467
chr6	49	12	8767.0	0.13687692483175543
chr6	50	37	8607.0	0.4298826536540025
chr6	51	7	8471.0	0.08263487191594852
chr6	52	30	8312.0	0.3609239653512993
chr6	53	19	8161.0	0.23281460605317975
chr6	54	10	8028.0	0.1245640259093174
chr6	55	13	7883.0	0.16491183559558545
chr6	56	24	7727.0	0.3105991976187395
chr6	57	11	7597.0	0.14479399763064368
chr6	58	14	7448.0	0.18796992481203006
chr6	59	34	7293.0	0.4662004662004662
chr6	60	11	7141.0	0.1540400504131074
chr6	61	21	6998.0	0.30008573878250927
chr6	62	16	6846.0	0.23371311714869997
chr6	63	25	6701.0	0.3730786449783614
chr6	64	37	6547.0	0.565144340919505
chr6	65	16	6417.0	0.24933769674302633
chr6	66	15	6276.0	0.23900573613766732
chr6	67	10	6111.0	0.16363933889707086
chr6	68	22	5958.0	0.36925142665323935
chr6	69	27	5809.0	0.46479600619728006
chr6	70	25	5681.0	0.44006336912515404
chr6	71	19	5532.0	0.34345625451916123
chr6	72	19	5373.0	0.35361995160990134
chr6	73	7	5222.0	0.13404825737265416
chr6	74	11	5078.0	0.21662071681764475
chr6	75	18	4918.0	0.36600244001626675
chr6	76	7	4765.0	0.14690451206715635
chr6	77	14	4600.0	0.30434782608695654
chr6	78	7	4445.0	0.15748031496062992
chr6	79	17	4290.0	0.3962703962703963
chr6	80	13	4176.0	0.3113026819923371
chr6	81	14	4024.0	0.34791252485089463
chr6	82	20	3864.0	0.5175983436853002
chr6	83	7	3704.0	0.18898488120950324
chr6	84	10	3560.0	0.2808988764044944
chr6	85	7	3416.0	0.20491803278688525
chr6	86	26	3284.0	0.7917174177831912
chr6	87	9	3159.0	0.2849002849002849
chr6	88	10	2999.0	0.33344448149383127
chr6	89	6	2853.0	0.2103049421661409
chr6	90	12	2711.0	0.4426410918480265
chr6	91	10	2567.0	0.38955979742890534
chr6	92	9	2435.0	0.36960985626283366
chr6	93	8	2305.0	0.3470715835140998
chr6	94	14	2171.0	0.6448641179180101
chr6	95	4	2033.0	0.1967535661583866
chr6	96	3	1885.0	0.15915119363395225
chr6	97	7	1737.0	0.40299366724237184
chr6	98	4	1597.0	0.25046963055729493
chr6	99	4	1449.0	0.27605244996549344
chr6	100	4	1320.0	0.30303030303030304
chr6	101	3	1185.0	0.25316455696202533
chr6	102	13	1047.0	1.241642788920726
chr6	103	1	875.0	0.1142857142857143
chr6	104	1	738.0	0.13550135501355012
chr6	105	1	583.0	0.17152658662092624
chr6	106	0	423.0	0.0
chr6	107	0	269.0	0.0
chr6	108	0	134.0	0.0
chr6	109	0	0.0	nan
chr6	110	0	0.0	nan
chr6	111	0	0.0	nan
chr6	112	0	0.0	nan
chr6	113	0	0.0	nan
chr6	114	0	0.0	nan
chr6	115	0	0.0	nan
chr6	116	0	0.0	nan
chr6	117	0	0.0	nan
chr6	118	0	0.0	nan
chr6	119	0	0.0	nan
chr6	120	0	0.0	nan
chr6	121	0	0.0	nan
chr6	122	0	0.0	nan
chr6	123	0	0.0	nan
chr6	124	0	0.0	nan
chr6	125	0	0.0	nan
chr6	126	0	0.0	nan
chr7	-133	0	1.0	0.0
chr7	-132	0	1.0	0.0
chr7	-131	0	1.0	0.0
chr7	-130	0	2.0	0.0
chr7	-129	0	3.0	0.0
chr7	-128	0	3.0	0.0
chr7	-127	0	3.0	0.0
chr7	-126	0	3.0	0.0
chr7	-125	0	3.0	0.0
chr7	-124	0	3.0	0.0
chr7	-123	0	6.0	0.0
chr7	-122	0	9.0	0.0
chr7	-121	0	11.0	0.0
chr7	-120	0	308.0	0.0
chr7	-119	1	556.0	0.1798561151079137
chr7	-118	1	847.0	0.11806375442739078
chr7	-117	2	1135.0	0.1762114537444934
chr7	-116	0	1392.0	0.0
chr7	-115	0	1656.0	0.0
chr7	-114	1	1926.0	0.05192107995846314
chr7	-113	0	2179.0	0.0
chr7	-112	9	2446.0	0.3679476696647588
chr7	-111	7	2739.0	0.2555677254472435
chr7	-110	7	3006.0	0.2328675981370592
chr7	-109	2	3287.0	0.0608457560085184
chr7	-108	5	3536.0	0.1414027149321267
chr7	-107	8	3827.0	0.20904102430101906
chr7	-106	25	4140.0	0.6038647342995169
chr7	-105	1	4431.0	0.022568269013766643
chr7	-104	13	4737.0	0.2744352966012244
chr7	-103	7	5046.0	0.13872374157748713
chr7	-102	12	5302.0	0.2263296869105998
chr7	-101	14	5627.0	0.2488004265150169
chr7	-100	17	5922.0	0.28706518068220194
chr7	-99	6	6197.0	0.09682104243989027
chr7	-98	25	6476.0	0.38604076590487957
chr7	-97	12	6767.0	0.17733116595241613
chr7	-96	18	7064.0	0.2548131370328426
chr7	-95	10	7345.0	0.13614703880190604
chr7	-94	7	7652.0	0.09147935180345008
chr7	-93	16	7942.0	0.2014605892722236
chr7	-92	14	8202.0	0.17069007559131918
chr7	-91	48	8475.0	0.5663716814159292
chr7	-90	11	8767.0	0.12547051442910914
chr7	-89	23	9035.0	0.2545655783065855
chr7	-88	9	9312.0	0.09664948453608248
chr7	-87	22	9622.0	0.22864269382664726
chr7	-86	15	9924.0	0.15114873035066506
chr7	-85	32	10187.0	0.3141258466673211
chr7	-84	45	10500.0	0.4285714285714286
chr7	-83	28	10751.0	0.26044088921960745
chr7	-82	41	11036.0	0.3715114171801377
chr7	-81	39	11328.0	0.3442796610169491
chr7	-80	48	11592.0	0.4140786749482402
chr7	-79	29	11883.0	0.24404611630059747
chr7	-78	17	12183.0	0.13953870146926045
chr7	-77	17	12477.0	0.1362507012903743
chr7	-76	31	12744.0	0.24325172630257375
chr7	-75	46	13025.0	0.3531669865642994
chr7	-74	25	13310.0	0.18782870022539444
chr7	-73	28	13593.0	0.20598837637019052
chr7	-72	47	13874.0	0.33876315410119645
chr7	-71	21	14180.0	0.14809590973201692
chr7	-70	53	14501.0	0.3654920350320668
chr7	-69	46	14777.0	0.3112945794139541
chr7	-68	26	15059.0	0.17265422670828076
chr7	-67	41	15332.0	0.26741455778763373
chr7	-66	52	15637.0	0.33254460574278955
chr7	-65	33	15906.0	0.2074688796680498
chr7	-64	38	16190.0	0.23471278567016676
chr7	-63	33	16485.0	0.20018198362147407
chr7	-62	61	16788.0	0.36335477722182513
chr7	-61	49	17052.0	0.28735632183908044
chr7	-60	59	17368.0	0.33970520497466605
chr7	-59	25	17674.0	0.14145071856965033
chr7	-58	42	17949.0	0.23399632291492561
chr7	-57	39	18226.0	0.21398002853067047
chr7	-56	53	18539.0	0.2858838125033713
chr7	-55	38	18795.0	0.20218143123171056
chr7	-54	39	19091.0	0.20428474150123097
chr7	-53	88	19405.0	0.4534913682040711
chr7	-52	72	19676.0	0.3659280341532832
chr7	-51	115	19909.0	0.5776282083479833
chr7	-50	25	20211.0	0.12369501756469249
chr7	-49	69	20484.0	0.3368482718219098
chr7	-48	40	20771.0	0.19257618795435943
chr7	-47	64	21040.0	0.3041825095057034
chr7	-46	32	21297.0	0.1502559045875006
chr7	-45	32	21588.0	0.14823049842505095
chr7	-44	66	21879.0	0.301659125188537
chr7	-43	51	22153.0	0.2302171263485758
chr7	-42	69	22433.0	0.30758257923594706
chr7	-41	39	22712.0	0.17171539274392392
chr7	-40	83	22974.0	0.3612779663967964
chr7	-39	57	23264.0	0.24501375515818433
chr7	-38	43	23547.0	0.18261349641143246
chr7	-37	31	23835.0	0.13006083490664988
chr7	-36	77	24144.0	0.3189198144466534
chr7	-35	81	24414.0	0.33177684934873436
chr7	-34	100	24703.0	0.4048091324940291
chr7	-33	98	25006.0	0.39190594257378225
chr7	-32	144	25286.0	0.5694850905639484
chr7	-31	54	25564.0	0.2112345485839462
chr7	-30	117	25852.0	0.45257620300170204
chr7	-29	69	26102.0	0.26434755957397904
chr7	-28	36	26383.0	0.13645150286169125
chr7	-27	73	26678.0	0.2736337056750881
chr7	-26	46	26954.0	0.170661126363434
chr7	-25	120	27257.0	0.4402538797373152
chr7	-24	49	27524.0	0.1780264496439471
chr7	-23	79	27782.0	0.28435677776977897
chr7	-22	116	28069.0	0.41326730556842073
chr7	-21	54	28306.0	0.19077227442944958
chr7	-20	54	28603.0	0.18879138551900151
chr7	-19	121	28892.0	0.4188010521943791
chr7	-18	59	29180.0	0.2021932830705963
chr7	-17	90	29432.0	0.3057896167436804
chr7	-16	119	29728.0	0.4002960172228202
chr7	-15	122	30046.0	0.4060440657658257
chr7	-14	163	30328.0	0.5374571353204959
chr7	-13	110	30591.0	0.35958288385472853
chr7	-12	156	30897.0	0.5049033886785125
chr7	-11	101	31198.0	0.3237387011987948
chr7	-10	42	31469.0	0.13346467952588262
chr7	-9	110	31464.0	0.3496058988049835
chr7	-8	72	31471.0	0.22878205331892856
chr7	-7	57	31473.0	0.18110761605185396
chr7	-6	63	31473.0	0.20017157563625965
chr7	-5	64	31438.0	0.2035752910490489
chr7	-4	63	31436.0	0.20040717648555795
chr7	-3	52	31437.0	0.16541018545026562
chr7	-2	74	31459.0	0.2352268031405957
chr7	-1	147	31425.0	0.4677804295942721
chr7	0	89	30881.0	0.28820310223114537
chr7	1	70	30600.0	0.22875816993464054
chr7	2	61	30282.0	0.20143979922065913
chr7	3	90	30023.0	0.299770176198248
chr7	4	48	29761.0	0.16128490306105306
chr7	5	70	29526.0	0.2370791844476055
chr7	6	68	29272.0	0.23230390817163157
chr7	7	88	29006.0	0.303385506446942
chr7	8	112	28706.0	0.39016233540026474
chr7	9	66	28442.0	0.23205119189930382
chr7	10	90	28164.0	0.31955688112484026
chr7	11	156	27907.0	0.558999534167055
chr7	12	88	27614.0	0.3186789309770406
chr7	13	142	27300.0	0.5201465201465202
chr7	14	124	27003.0	0.4592082361219124
chr7	15	60	26695.0	0.22476119123431357
chr7	16	104	26379.0	0.3942530042837105
chr7	17	49	26120.0	0.1875957120980092
chr7	18	127	25768.0	0.49285936044706613
chr7	19	66	25472.0	0.25910804020100503
chr7	20	53	25186.0	0.21043436829984913
chr7	21	101	24944.0	0.4049069916613214
chr7	22	86	24657.0	0.348785334793365
chr7	23	64	24367.0	0.26265030574137155
chr7	24	127	24086.0	0.5272772564975504
chr7	25	41	23772.0	0.1724718155813562
chr7	26	98	23483.0	0.4173231699527318
chr7	27	82	23197.0	0.3534939862913308
chr7	28	51	22923.0	0.22248396806700696
chr7	29	69	22657.0	0.3045416427594121
chr7	30	48	22391.0	0.2143718458309142
chr7	31	133	22117.0	0.6013473798435592
chr7	32	81	21810.0	0.3713892709766162
chr7	33	92	21507.0	0.42776770353838284
chr7	34	59	21238.0	0.2778039363405217
chr7	35	74	20931.0	0.3535425923271702
chr7	36	31	20679.0	0.14991053726002226
chr7	37	55	20391.0	0.2697268402726693
chr7	38	57	20104.0	0.28352566653402306
chr7	39	64	19808.0	0.32310177705977383
chr7	40	51	19549.0	0.2608829096117449
chr7	41	82	19248.0	0.4260182876142976
chr7	42	35	18953.0	0.18466733498654567
chr7	43	48	18686.0	0.2568768061650433
chr7	44	38	18402.0	0.20649929355504837
chr7	45	33	18122.0	0.1820991060589339
chr7	46	33	17839.0	0.184987947754919
chr7	47	41	17554.0	0.2335649994303293
chr7	48	28	17242.0	0.16239415381046282
chr7	49	29	16909.0	0.17150629842095927
chr7	50	126	16633.0	0.7575302110262732
chr7	51	51	16366.0	0.3116216546498839
chr7	52	58	16093.0	0.36040514509414034
chr7	53	35	15782.0	0.22177163857559243
chr7	54	27	15514.0	0.1740363542606678
chr7	55	72	15241.0	0.472409946853881
chr7	56	47	14949.0	0.314402301157268
chr7	57	44	14648.0	0.3003823047515019
chr7	58	41	14385.0	0.2850191171359055
chr7	59	82	14062.0	0.5831318446878111
chr7	60	41	13756.0	0.298051759232335
chr7	61	54	13482.0	0.4005340453938585
chr7	62	29	13203.0	0.21964704991289857
chr7	63	22	12885.0	0.17074117190531626
chr7	64	25	12613.0	0.19820819789106475
chr7	65	37	12316.0	0.3004222150048717
chr7	66	38	12014.0	0.3162976527384718
chr7	67	34	11746.0	0.28946024178443724
chr7	68	52	11501.0	0.45213459699156594
chr7	69	37	11196.0	0.3304751697034655
chr7	70	28	10937.0	0.25601170339215507
chr7	71	28	10651.0	0.262886113979908
chr7	72	23	10384.0	0.22149460708782742
chr7	73	27	10136.0	0.2663772691397001
chr7	74	56	9851.0	0.5684702060704496
chr7	75	33	9558.0	0.34526051475204017
chr7	76	16	9285.0	0.1723209477652127
chr7	77	22	9005.0	0.24430871737923376
chr7	78	21	8722.0	0.2407704654895666
chr7	79	70	8438.0	0.8295804693055226
chr7	80	18	8181.0	0.22002200220022
chr7	81	42	7893.0	0.5321170657544659
chr7	82	9	7610.0	0.11826544021024966
chr7	83	50	7300.0	0.684931506849315
chr7	84	43	7025.0	0.6120996441281138
chr7	85	15	6733.0	0.2227833061042626
chr7	86	21	6442.0	0.3259857187208941
chr7	87	11	6167.0	0.17836873682503648
chr7	88	15	5887.0	0.2547987090198743
chr7	89	12	5598.0	0.21436227224008575
chr7	90	36	5332.0	0.6751687921980495
chr7	91	13	5050.0	0.25742574257425743
chr7	92	10	4773.0	0.20951183741881418
chr7	93	7	4497.0	0.155659328441183
chr7	94	12	4198.0	0.28585040495474034
chr7	95	18	3937.0	0.4572009144018288
chr7	96	8	3668.0	0.21810250817884408
chr7	97	14	3380.0	0.41420118343195267
chr7	98	8	3119.0	0.25649246553382493
chr7	99	6	2832.0	0.211864406779661
chr7	100	1	2548.0	0.03924646781789639
chr7	101	15	2283.0	0.657030223390276
chr7	102	5	2026.0	0.24679170779861795
chr7	103	11	1732.0	0.6351039260969976
chr7	104	1	1415.0	0.0706713780918728
chr7	105	5	1130.0	0.4424778761061947
chr7	106	3	874.0	0.34324942791762014
chr7	107	2	575.0	0.34782608695652173
chr7	108	2	273.0	0.7326007326007326
chr7	109	0	0.0	nan
chr7	110	0	0.0	nan
chr7	111	0	0.0	nan
chr7	112	0	0.0	nan
chr7	113	0	0.0	nan
chr7	114	0	0.0	nan
chr7	115	0	0.0	nan
chr7	116	0	0.0	nan
chr7	117	0	0.0	nan
chr7	118	0	0.0	nan
chr7	119	0	0.0	nan
chr7	120	0	0.0	nan
chr7	121	0	0.0	nan
chr7	122	0	0.0	nan
chr7	123	0	0.0	nan
chr7	124	0	0.0	nan
chr7	125	0	0.0	nan
chr7	126	0	0.0	nan
chr7	127	0	0.0	nan
chr7	128	0	0.0	nan
chr7	129	0	0.0	nan
chr7	130	0	0.0	nan
chr10	-128	0	2.0	0.0
chr10	-127	0	2.0	0.0
chr10	-126	0	3.0	0.0
chr10	-125	0	3.0	0.0
chr10	-124	0	3.0	0.0
chr10	-123	0	4.0	0.0
chr10	-122	0	4.0	0.0
chr10	-121	0	10.0	0.0
chr10	-120	0	134.0	0.0
chr10	-119	1	288.0	0.3472222222222222
chr10	-118	0	436.0	0.0
chr10	-117	0	584.0	0.0
chr10	-116	2	757.0	0.26420079260237783
chr10	-115	4	915.0	0.4371584699453552
chr10	-114	1	1079.0	0.09267840593141798
chr10	-113	2	1246.0	0.16051364365971107
chr10	-112	4	1401.0	0.28551034975017847
chr10	-111	2	1546.0	0.129366106080207
chr10	-110	2	1712.0	0.11682242990654204
chr10	-109	3	1854.0	0.16181229773462785
chr10	-108	3	2011.0	0.14917951268025859
chr10	-107	3	2150.0	0.13953488372093023
chr10	-106	6	2285.0	0.26258205689277897
chr10	-105	3	2443.0	0.12279983626688497
chr10	-104	6	2572.0	0.23328149300155523
chr10	-103	3	2750.0	0.1090909090909091
chr10	-102	7	2891.0	0.24213075060532688
chr10	-101	1	3044.0	0.0328515111695138
chr10	-100	2	3164.0	0.06321112515802782
chr10	-99	6	3323.0	0.18055973517905505
chr10	-98	5	3505.0	0.14265335235378032
chr10	-97	6	3654.0	0.16420361247947454
chr10	-96	9	3824.0	0.23535564853556487
chr10	-95	5	3977.0	0.1257229067136032
chr10	-94	14	4126.0	0.3393116820164809
chr10	-93	9	4284.0	0.21008403361344538
chr10	-92	9	4428.0	0.20325203252032523
chr10	-91	7	4579.0	0.15287180607119458
chr10	-90	3	4736.0	0.0633445945945946
chr10	-89	5	4897.0	0.10210332856851133
chr10	-88	13	5067.0	0.25656206828498124
chr10	-87	4	5223.0	0.07658433850277618
chr10	-86	10	5379.0	0.18590816136828406
chr10	-85	6	5559.0	0.10793308148947653
chr10	-84	19	5692.0	0.3338018271257906
chr10	-83	31	5854.0	0.5295524427741715
chr10	-82	10	5974.0	0.16739203213927017
chr10	-81	6	6151.0	0.09754511461550967
chr10	-80	15	6308.0	0.23779327837666456
chr10	-79	5	6471.0	0.07726781023025807
chr10	-78	6	6626.0	0.09055236945366738
chr10	-77	21	6786.0	0.3094606542882405
chr10	-76	14	6936.0	0.20184544405997693
chr10	-75	17	7083.0	0.24001129464916
chr10	-74	10	7235.0	0.138217000691085
chr10	-73	8	7380.0	0.10840108401084012
chr10	-72	25	7546.0	0.33130135170951497
chr10	-71	25	7706.0	0.32442252790033743
chr10	-70	12	7859.0	0.15269118208423463
chr10	-69	10	8018.0	0.1247193813918683
chr10	-68	15	8178.0	0.18341892883345562
chr10	-67	25	8337.0	0.29986805805445604
chr10	-66	14	8493.0	0.16484163428705992
chr10	-65	19	8658.0	0.21945021945021945
chr10	-64	14	8839.0	0.15838895802692612
chr10	-63	7	8986.0	0.07789895392833296
chr10	-62	22	9166.0	0.24001745581496836
chr10	-61	12	9304.0	0.1289767841788478
chr10	-60	7	9471.0	0.07390983000739099
chr10	-59	56	9636.0	0.5811540058115401
chr10	-58	17	9802.0	0.1734339930626403
chr10	-57	17	9953.0	0.1708027730332563
chr10	-56	36	10124.0	0.3555906756222837
chr10	-55	34	10293.0	0.3303215777713009
chr10	-54	23	10458.0	0.21992732836106332
chr10	-53	37	10628.0	0.34813699661272113
chr10	-52	34	10766.0	0.31580902842281255
chr10	-51	18	10899.0	0.16515276630883566
chr10	-50	30	11053.0	0.27141952411110104
chr10	-49	30	11203.0	0.26778541462108363
chr10	-48	39	11348.0	0.34367289390200917
chr10	-47	56	11510.0	0.48653344917463076
chr10	-46	20	11662.0	0.17149717029669012
chr10	-45	28	11810.0	0.23708721422523285
chr10	-44	38	11990.0	0.316930775646372
chr10	-43	21	12136.0	0.17303889255108768
chr10	-42	25	12312.0	0.20305393112410655
chr10	-41	40	12469.0	0.3207955730210923
chr10	-40	22	12634.0	0.17413329111920214
chr10	-39	43	12785.0	0.3363316386390301
chr10	-38	25	12931.0	0.1933338488902637
chr10	-37	38	13091.0	0.29027576197387517
chr10	-36	24	13210.0	0.1816805450416351
chr10	-35	24	13375.0	0.17943925233644858
chr10	-34	17	13530.0	0.12564671101256467
chr10	-33	43	13695.0	0.3139832055494706
chr10	-32	30	13861.0	0.21643460067816175
chr10	-31	40	14043.0	0.28483942177597377
chr10	-30	28	14201.0	0.19716921343567356
chr10	-29	29	14366.0	0.20186551580119727
chr10	-28	32	14522.0	0.22035532295827023
chr10	-27	29	14687.0	0.19745353033294752
chr10	-26	67	14839.0	0.45151290518228987
chr10	-25	41	15009.0	0.2731694316743287
chr10	-24	33	15153.0	0.21777865769154622
chr10	-23	29	15352.0	0.18890046899426785
chr10	-22	14	15502.0	0.09031092762224228
chr10	-21	32	15661.0	0.20432922546452975
chr10	-20	43	15813.0	0.2719281603743755
chr10	-19	58	15977.0	0.3630218439006071
chr10	-18	65	16130.0	0.402975821450713
chr10	-17	53	16283.0	0.32549284529877787
chr10	-16	94	16438.0	0.5718457233240054
chr10	-15	44	16620.0	0.2647412755716005
chr10	-14	44	16753.0	0.2626395272488509
chr10	-13	26	16933.0	0.1535463296521585
chr10	-12	55	17076.0	0.32208948231435935
chr10	-11	63	17219.0	0.3658749056275045
chr10	-10	44	17398.0	0.2529026324864927
chr10	-9	90	17396.0	0.5173603127155668
chr10	-8	61	17397.0	0.3506351669828131
chr10	-7	60	17371.0	0.34540325830407
chr10	-6	85	17338.0	0.49025262429345945
chr10	-5	52	17365.0	0.29945292254534983
chr10	-4	51	17390.0	0.293271995399655
chr10	-3	49	17396.0	0.28167394803403084
chr10	-2	33	17391.0	0.18975332068311196
chr10	-1	44	17384.0	0.25310630464795214
chr10	0	57	17088.0	0.33356741573033705
chr10	1	34	16948.0	0.2006136417276375
chr10	2	52	16811.0	0.3093212777348165
chr10	3	59	16630.0	0.354780517137703
chr10	4	66	16469.0	0.40075292974679705
chr10	5	93	16281.0	0.5712179841533075
chr10	6	37	16143.0	0.22920151149104875
chr10	7	53	15990.0	0.3314571607254534
chr10	8	77	15846.0	0.4859270478354159
chr10	9	32	15680.0	0.20408163265306123
chr10	10	64	15522.0	0.41231800025769877
chr10	11	49	15372.0	0.31876138433515483
chr10	12	27	15242.0	0.1771421073349954
chr10	13	47	15098.0	0.3112995098688568
chr10	14	37	14948.0	0.24752475247524752
chr10	15	42	14817.0	0.28345818991698724
chr10	16	55	14643.0	0.3756060916478864
chr10	17	51	14503.0	0.35165138247259187
chr10	18	45	14349.0	0.3136107045787163
chr10	19	58	14226.0	0.4077042035709265
chr10	20	50	14067.0	0.3554418141750196
chr10	21	23	13886.0	0.16563445196600893
chr10	22	39	13737.0	0.2839047827036471
chr10	23	34	13552.0	0.25088547815820544
chr10	24	53	13412.0	0.3951685058156874
chr10	25	61	13262.0	0.4599607902277183
chr10	26	13	13104.0	0.0992063492063492
chr10	27	29	12960.0	0.22376543209876543
chr10	28	22	12809.0	0.17175423530330236
chr10	29	22	12652.0	0.1738855516914322
chr10	30	34	12490.0	0.2722177742193755
chr10	31	33	12318.0	0.2679006332196785
chr10	32	43	12162.0	0.3535602696924848
chr10	33	27	12009.0	0.22483137646764928
chr10	34	36	11828.0	0.3043625295908015
chr10	35	41	11681.0	0.3509973461176269
chr10	36	40	11536.0	0.34674063800277394
chr10	37	31	11415.0	0.2715724923346474
chr10	38	39	11237.0	0.3470677227017887
chr10	39	17	11078.0	0.15345730276223146
chr10	40	40	10916.0	0.36643459142543056
chr10	41	31	10759.0	0.28813086718096476
chr10	42	16	10596.0	0.15100037750094375
chr10	43	32	10450.0	0.3062200956937799
chr10	44	22	10301.0	0.21357149791282398
chr10	45	18	10153.0	0.1772875012311632
chr10	46	51	10009.0	0.5095414127285443
chr10	47	40	9844.0	0.4063388866314506
chr10	48	29	9680.0	0.29958677685950413
chr10	49	38	9529.0	0.3987826634484206
chr10	50	36	9369.0	0.38424591738712777
chr10	51	29	9209.0	0.3149093278314692
chr10	52	34	9039.0	0.37614780396061515
chr10	53	26	8882.0	0.2927268633190723
chr10	54	36	8717.0	0.4129861190776643
chr10	55	25	8541.0	0.29270577215782695
chr10	56	22	8386.0	0.26234199856904367
chr10	57	32	8214.0	0.38957876795714635
chr10	58	51	8076.0	0.6315007429420505
chr10	59	13	7909.0	0.16436970539891263
chr10	60	22	7743.0	0.2841275991217874
chr10	61	12	7574.0	0.15843675732770002
chr10	62	13	7425.0	0.1750841750841751
chr10	63	19	7257.0	0.26181617748380875
chr10	64	21	7081.0	0.2965682813161983
chr10	65	20	6917.0	0.28914269191846176
chr10	66	19	6749.0	0.2815231886205364
chr10	67	24	6622.0	0.3624282694050136
chr10	68	10	6488.0	0.15413070283600494
chr10	69	15	6336.0	0.23674242424242425
chr10	70	33	6185.0	0.5335489086499595
chr10	71	19	6039.0	0.3146216260970359
chr10	72	14	5877.0	0.23821677726731327
chr10	73	11	5725.0	0.19213973799126638
chr10	74	6	5574.0	0.1076426264800861
chr10	75	9	5397.0	0.16675931072818231
chr10	76	13	5242.0	0.24799694772987407
chr10	77	19	5076.0	0.37431048069345946
chr10	78	15	4919.0	0.3049400284610693
chr10	79	11	4753.0	0.23143277929728595
chr10	80	8	4602.0	0.1738374619730552
chr10	81	18	4457.0	0.4038590980480144
chr10	82	13	4298.0	0.3024662633783155
chr10	83	12	4172.0	0.28763183125599234
chr10	84	10	4010.0	0.24937655860349126
chr10	85	11	3854.0	0.2854177477944992
chr10	86	12	3691.0	0.3251151449471688
chr10	87	10	3526.0	0.28360748723766305
chr10	88	10	3341.0	0.299311583358276
chr10	89	5	3184.0	0.157035175879397
chr10	90	5	3014.0	0.16589250165892502
chr10	91	2	2860.0	0.06993006993006994
chr10	92	11	2700.0	0.4074074074074074
chr10	93	7	2549.0	0.2746174970576697
chr10	94	5	2377.0	0.2103491796381994
chr10	95	1	2219.0	0.04506534474988734
chr10	96	5	2034.0	0.24582104228121926
chr10	97	1	1884.0	0.05307855626326964
chr10	98	1	1728.0	0.057870370370370364
chr10	99	0	1576.0	0.0
chr10	100	0	1413.0	0.0
chr10	101	0	1261.0	0.0
chr10	102	2	1111.0	0.18001800180018002
chr10	103	5	953.0	0.5246589716684155
chr10	104	2	772.0	0.2590673575129534
chr10	105	2	624.0	0.3205128205128205
chr10	106	1	459.0	0.2178649237472767
chr10	107	2	304.0	0.6578947368421052
chr10	108	0	158.0	0.0
chr10	109	0	0.0	nan
chr10	110	0	0.0	nan
chr10	111	0	0.0	nan
chr10	112	0	0.0	nan
chr10	113	0	0.0	nan
chr10	114	0	0.0	nan
chr10	115	0	0.0	nan
chr10	116	0	0.0	nan
chr10	117	0	0.0	nan
chr10	118	0	0.0	nan
chr10	119	0	0.0	nan
chr10	120	0	0.0	nan
chr10	121	0	0.0	nan
chr10	122	0	0.0	nan
chr10	123	0	0.0	nan
chr10	124	0	0.0	nan
chr10	125	0	0.0	nan
chr10	126	0	0.0	nan
chr10	127	0	0.0	nan
chr11	-140	0	0.0	nan
chr11	-139	0	1.0	0.0
chr11	-138	0	2.0	0.0
chr11	-137	0	2.0	0.0
chr11	-136	0	2.0	0.0
chr11	-135	0	4.0	0.0
chr11	-134	0	4.0	0.0
chr11	-133	0	4.0	0.0
chr11	-132	0	4.0	0.0
chr11	-131	0	5.0	0.0
chr11	-130	0	5.0	0.0
chr11	-129	0	5.0	0.0
chr11	-128	0	5.0	0.0
chr11	-127	0	5.0	0.0
chr11	-126	0	5.0	0.0
chr11	-125	0	7.0	0.0
chr11	-124	0	11.0	0.0
chr11	-123	0	12.0	0.0
chr11	-122	0	15.0	0.0
chr11	-121	2	19.0	10.526315789473683
chr11	-120	0	303.0	0.0
chr11	-119	0	566.0	0.0
chr11	-118	0	864.0	0.0
chr11	-117	2	1151.0	0.1737619461337967
chr11	-116	5	1449.0	0.3450655624568668
chr11	-115	5	1733.0	0.28851702250432776
chr11	-114	3	2030.0	0.1477832512315271
chr11	-113	3	2314.0	0.12964563526361278
chr11	-112	8	2596.0	0.30816640986132515
chr11	-111	2	2854.0	0.0700770847932726
chr11	-110	5	3113.0	0.16061676839061997
chr11	-109	4	3369.0	0.11872959335114278
chr11	-108	6	3647.0	0.16451878256100905
chr11	-107	7	3905.0	0.1792573623559539
chr11	-106	21	4211.0	0.49869389693659466
chr11	-105	6	4505.0	0.1331853496115427
chr11	-104	10	4827.0	0.20716801325875284
chr11	-103	6	5096.0	0.11773940345368916
chr11	-102	6	5347.0	0.11221245558256966
chr11	-101	8	5628.0	0.14214641080312723
chr11	-100	3	5925.0	0.05063291139240507
chr11	-99	9	6217.0	0.1447643557986167
chr11	-98	21	6502.0	0.32297754537065515
chr11	-97	13	6791.0	0.1914298336032985
chr11	-96	9	7079.0	0.12713660121486087
chr11	-95	13	7350.0	0.17687074829931973
chr11	-94	26	7621.0	0.3411625770896208
chr11	-93	26	7890.0	0.32953105196451205
chr11	-92	11	8184.0	0.13440860215053765
chr11	-91	17	8459.0	0.20096938172360798
chr11	-90	28	8750.0	0.32
chr11	-89	20	9047.0	0.22106775726760253
chr11	-88	16	9332.0	0.17145306472353192
chr11	-87	15	9592.0	0.15638031693077564
chr11	-86	13	9879.0	0.1315922664237271
chr11	-85	34	10170.0	0.33431661750245817
chr11	-84	33	10470.0	0.3151862464183381
chr11	-83	24	10731.0	0.22365110427732737
chr11	-82	12	10991.0	0.10918023837685378
chr11	-81	16	11276.0	0.1418942887548776
chr11	-80	32	11537.0	0.2773684666724452
chr11	-79	22	11835.0	0.18588931136459655
chr11	-78	26	12115.0	0.21460998761865455
chr11	-77	14	12392.0	0.11297611362169142
chr11	-76	30	12685.0	0.2364998029168309
chr11	-75	13	12955.0	0.10034735623311462
chr11	-74	16	13207.0	0.12114787612629666
chr11	-73	47	13481.0	0.3486388250129812
chr11	-72	9	13772.0	0.06534998547778101
chr11	-71	19	14077.0	0.13497194004404348
chr11	-70	28	14365.0	0.19491820396797774
chr11	-69	18	14662.0	0.12276633474287274
chr11	-68	31	14928.0	0.20766345123258306
chr11	-67	67	15238.0	0.43969024806405044
chr11	-66	24	15486.0	0.15497869043006587
chr11	-65	34	15763.0	0.21569498191968536
chr11	-64	35	16048.0	0.21809571286141574
chr11	-63	18	16331.0	0.11021982732227054
chr11	-62	34	16593.0	0.20490568311938767
chr11	-61	20	16874.0	0.11852554225435581
chr11	-60	48	17168.0	0.27958993476234856
chr11	-59	36	17422.0	0.2066352887154173
chr11	-58	51	17718.0	0.28784287165594313
chr11	-57	71	17992.0	0.394619831036016
chr11	-56	44	18263.0	0.24092427312051692
chr11	-55	38	18532.0	0.2050507230736024
chr11	-54	53	18806.0	0.28182494948420717
chr11	-53	54	19088.0	0.2829002514668902
chr11	-52	73	19352.0	0.37722199255890865
chr11	-51	27	19651.0	0.13739758790901227
chr11	-50	68	19943.0	0.34097176954319813
chr11	-49	41	20219.0	0.20277956377664574
chr11	-48	36	20517.0	0.1754642491592338
chr11	-47	47	20773.0	0.22625523516102633
chr11	-46	53	21011.0	0.2522488220455951
chr11	-45	82	21286.0	0.3852297284600207
chr11	-44	36	21545.0	0.16709213274541657
chr11	-43	40	21832.0	0.18321729571271528
chr11	-42	43	22114.0	0.19444695667902687
chr11	-41	41	22387.0	0.1831420020547639
chr11	-40	45	22669.0	0.19850897701707176
chr11	-39	60	22941.0	0.26154047338825687
chr11	-38	77	23216.0	0.3316678152997932
chr11	-37	37	23511.0	0.15737314448555995
chr11	-36	77	23818.0	0.3232849105718364
chr11	-35	52	24088.0	0.2158751245433411
chr11	-34	89	24370.0	0.3652031185884284
chr11	-33	63	24638.0	0.2557025732608166
chr11	-32	53	24931.0	0.21258673940074607
chr11	-31	51	25216.0	0.202252538071066
chr11	-30	75	25512.0	0.2939793038570085
chr11	-29	42	25777.0	0.16293595065368352
chr11	-28	112	26063.0	0.42972796684955683
chr11	-27	47	26316.0	0.1785985712114303
chr11	-26	39	26610.0	0.14656144306651636
chr11	-25	40	26930.0	0.14853323431117713
chr11	-24	48	27199.0	0.1764770763631016
chr11	-23	51	27494.0	0.18549501709463884
chr11	-22	79	27738.0	0.284807844833802
chr11	-21	69	28043.0	0.2460507078415291
chr11	-20	97	28333.0	0.34235696890551653
chr11	-19	55	28622.0	0.1921598770176787
chr11	-18	81	28880.0	0.2804709141274238
chr11	-17	96	29187.0	0.32891355740569433
chr11	-16	88	29474.0	0.2985682296261111
chr11	-15	116	29761.0	0.3897718490642116
chr11	-14	70	30056.0	0.23289858929997337
chr11	-13	115	30342.0	0.379012589809505
chr11	-12	81	30611.0	0.2646107608376074
chr11	-11	65	30909.0	0.2102947361609887
chr11	-10	88	31201.0	0.28204224223582575
chr11	-9	58	31201.0	0.18589147783724883
chr11	-8	34	31202.0	0.10896737388628934
chr11	-7	102	31199.0	0.3269335555626783
chr11	-6	109	31195.0	0.34941497034781216
chr11	-5	75	31195.0	0.2404231447347331
chr11	-4	107	31193.0	0.3430256788382009
chr11	-3	55	31196.0	0.1763046544428773
chr11	-2	43	31203.0	0.13780726212223182
chr11	-1	40	31208.0	0.12817226352217378
chr11	0	60	30631.0	0.19587999085893376
chr11	1	59	30334.0	0.19450121975341203
chr11	2	53	30043.0	0.1764138068768099
chr11	3	87	29747.0	0.29246646720677716
chr11	4	57	29463.0	0.19346298747581714
chr11	5	104	29165.0	0.3565918052460141
chr11	6	68	28883.0	0.23543260741612712
chr11	7	45	28603.0	0.15732615459916793
chr11	8	53	28340.0	0.187014820042343
chr11	9	71	28084.0	0.2528129896026207
chr11	10	79	27830.0	0.2838663312971613
chr11	11	64	27550.0	0.23230490018148822
chr11	12	107	27291.0	0.392070646000513
chr11	13	45	26985.0	0.16675931072818231
chr11	14	85	26689.0	0.3184832702611563
chr11	15	73	26372.0	0.2768087365387532
chr11	16	96	26097.0	0.36785837452580755
chr11	17	81	25841.0	0.31345536163461163
chr11	18	54	25566.0	0.21121802393804273
chr11	19	101	25247.0	0.40004753039965146
chr11	20	67	24956.0	0.268472511620452
chr11	21	61	24662.0	0.24734409212553726
chr11	22	55	24380.0	0.2255947497949139
chr11	23	62	24102.0	0.2572400630653058
chr11	24	49	23828.0	0.2056404230317274
chr11	25	46	23551.0	0.19532079317226445
chr11	26	56	23281.0	0.24053949572612862
chr11	27	105	22990.0	0.4567203131796433
chr11	28	38	22711.0	0.16731980097749988
chr11	29	78	22423.0	0.34785711100209604
chr11	30	36	22118.0	0.1627633601591464
chr11	31	45	21830.0	0.2061383417315621
chr11	32	48	21568.0	0.22255192878338279
chr11	33	82	21293.0	0.38510308552106326
chr11	34	58	21011.0	0.2760458807291419
chr11	35	67	20710.0	0.3235152100434573
chr11	36	26	20440.0	0.12720156555772996
chr11	37	62	20180.0	0.3072348860257681
chr11	38	51	19897.0	0.25632004824847965
chr11	39	44	19634.0	0.22410104920036672
chr11	40	34	19340.0	0.17580144777662876
chr11	41	47	19062.0	0.24656384429755535
chr11	42	34	18781.0	0.1810340237474043
chr11	43	43	18496.0	0.2324826989619377
chr11	44	60	18227.0	0.3291819827728096
chr11	45	44	17962.0	0.2449615855695357
chr11	46	51	17687.0	0.2883473737773506
chr11	47	43	17399.0	0.24714064026668198
chr11	48	29	17094.0	0.16965016965016966
chr11	49	65	16803.0	0.386835684104029
chr11	50	37	16494.0	0.224323996604826
chr11	51	50	16225.0	0.30816640986132515
chr11	52	51	15925.0	0.3202511773940345
chr11	53	45	15679.0	0.287008100006378
chr11	54	53	15400.0	0.34415584415584416
chr11	55	36	15116.0	0.23815824292140775
chr11	56	71	14830.0	0.4787592717464598
chr11	57	45	14574.0	0.3087690407575134
chr11	58	35	14299.0	0.24477236170361563
chr11	59	59	14006.0	0.4212480365557618
chr11	60	37	13756.0	0.2689735388194242
chr11	61	38	13458.0	0.28235993461138353
chr11	62	36	13169.0	0.27336927633077684
chr11	63	27	12903.0	0.20925366193908393
chr11	64	29	12637.0	0.22948484608688774
chr11	65	36	12364.0	0.29116790682626986
chr11	66	50	12081.0	0.41387302375631163
chr11	67	30	11812.0	0.25397900440230275
chr11	68	19	11512.0	0.165045170257123
chr11	69	22	11228.0	0.19593872461702885
chr11	70	24	10953.0	0.21911804984935634
chr11	71	15	10652.0	0.14081862561021405
chr11	72	45	10398.0	0.4327755337564916
chr11	73	27	10160.0	0.26574803149606296
chr11	74	22	9892.0	0.22240194096239382
chr11	75	26	9631.0	0.26996158239019835
chr11	76	32	9343.0	0.3425024082200578
chr11	77	26	9060.0	0.2869757174392936
chr11	78	22	8787.0	0.2503698645726642
chr11	79	38	8503.0	0.4469010937316241
chr11	80	16	8231.0	0.19438707325962823
chr11	81	18	7960.0	0.22613065326633164
chr11	82	21	7663.0	0.2740441080516769
chr11	83	30	7365.0	0.40733197556008144
chr11	84	32	7095.0	0.4510218463706836
chr11	85	18	6808.0	0.26439482961222094
chr11	86	15	6534.0	0.2295684113865932
chr11	87	5	6242.0	0.08010253123998719
chr11	88	10	5957.0	0.16786973308712438
chr11	89	22	5671.0	0.3879386351613472
chr11	90	17	5409.0	0.31429099648733594
chr11	91	16	5125.0	0.3121951219512195
chr11	92	14	4872.0	0.28735632183908044
chr11	93	13	4572.0	0.28433945756780404
chr11	94	8	4257.0	0.18792576932111815
chr11	95	13	3990.0	0.3258145363408521
chr11	96	5	3682.0	0.13579576317218903
chr11	97	12	3415.0	0.3513909224011713
chr11	98	7	3136.0	0.2232142857142857
chr11	99	10	2847.0	0.3512469265893923
chr11	100	8	2578.0	0.3103180760279286
chr11	101	14	2321.0	0.6031882809133994
chr11	102	9	2018.0	0.44598612487611494
chr11	103	8	1727.0	0.4632310364794441
chr11	104	2	1443.0	0.1386001386001386
chr11	105	7	1147.0	0.6102877070619006
chr11	106	3	862.0	0.34802784222737815
chr11	107	3	588.0	0.5102040816326531
chr11	108	1	289.0	0.34602076124567477
chr11	109	0	0.0	nan
chr11	110	0	0.0	nan
chr11	111	0	0.0	nan
chr11	112	0	0.0	nan
chr11	113	0	0.0	nan
chr11	114	0	0.0	nan
chr11	115	0	0.0	nan
chr11	116	0	0.0	nan
chr11	117	0	0.0	nan
chr11	118	0	0.0	nan
chr11	119	0	0.0	nan
chr11	120	0	0.0	nan
chr11	121	0	0.0	nan
chr11	122	0	0.0	nan
chr11	123	0	0.0	nan
chr11	124	0	0.0	nan
chr11	125	0	0.0	nan
chr11	126	0	0.0	nan
chr11	127	0	0.0	nan
chr11	128	0	0.0	nan
chr11	129	0	0.0	nan
chr11	130	0	0.0	nan
chr11	131	0	0.0	nan
chr11	132	0	0.0	nan
chr11	133	0	0.0	nan
chr11	134	0	0.0	nan
chr11	135	0	0.0	nan
chr12	-128	0	3.0	0.0
chr12	-127	0	3.0	0.0
chr12	-126	0	3.0	0.0
chr12	-125	0	3.0	0.0
chr12	-124	0	3.0	0.0
chr12	-123	0	3.0	0.0
chr12	-122	0	7.0	0.0
chr12	-121	0	16.0	0.0
chr12	-120	2	341.0	0.5865102639296188
chr12	-119	0	681.0	0.0
chr12	-118	1	1041.0	0.09606147934678194
chr12	-117	0	1387.0	0.0
chr12	-116	2	1722.0	0.11614401858304298
chr12	-115	1	2045.0	0.04889975550122249
chr12	-114	5	2380.0	0.21008403361344538
chr12	-113	6	2703.0	0.22197558268590456
chr12	-112	6	3039.0	0.19743336623889435
chr12	-111	4	3382.0	0.11827321111768185
chr12	-110	2	3727.0	0.053662463107056614
chr12	-109	5	4063.0	0.12306177701206006
chr12	-108	23	4396.0	0.5232029117379436
chr12	-107	13	4721.0	0.2753653886888371
chr12	-106	9	5087.0	0.17692156477295065
chr12	-105	11	5411.0	0.2032895952688967
chr12	-104	18	5777.0	0.31158040505452655
chr12	-103	6	6113.0	0.09815148045149681
chr12	-102	18	6465.0	0.27842227378190254
chr12	-101	19	6813.0	0.278878614413621
chr12	-100	16	7138.0	0.22415242364808072
chr12	-99	21	7490.0	0.2803738317757009
chr12	-98	12	7835.0	0.15315890236119975
chr12	-97	22	8190.0	0.2686202686202686
chr12	-96	14	8531.0	0.16410737310983473
chr12	-95	13	8879.0	0.14641288433382138
chr12	-94	24	9201.0	0.26084121291164003
chr12	-93	13	9557.0	0.1360259495657633
chr12	-92	21	9933.0	0.21141649048625794
chr12	-91	18	10302.0	0.17472335468841002
chr12	-90	33	10649.0	0.30988825241806744
chr12	-89	32	10984.0	0.29133284777858703
chr12	-88	35	11319.0	0.30921459492888065
chr12	-87	30	11680.0	0.2568493150684931
chr12	-86	8	12027.0	0.06651700340899643
chr12	-85	22	12367.0	0.17789277917037274
chr12	-84	19	12713.0	0.149453315503815
chr12	-83	27	13062.0	0.20670647680293983
chr12	-82	33	13408.0	0.2461217183770883
chr12	-81	30	13763.0	0.21797573203516676
chr12	-80	28	14101.0	0.19856747748386638
chr12	-79	44	14431.0	0.3048991753863211
chr12	-78	51	14775.0	0.34517766497461927
chr12	-77	52	15122.0	0.34386985848432744
chr12	-76	15	15465.0	0.09699321047526674
chr12	-75	52	15796.0	0.32919726513041275
chr12	-74	32	16128.0	0.1984126984126984
chr12	-73	41	16441.0	0.24937655860349126
chr12	-72	29	16760.0	0.1730310262529833
chr12	-71	69	17125.0	0.4029197080291971
chr12	-70	35	17437.0	0.20072260136491368
chr12	-69	70	17755.0	0.3942551393973529
chr12	-68	29	18083.0	0.1603716197533595
chr12	-67	50	18438.0	0.27117908666883606
chr12	-66	48	18774.0	0.2556727388942154
chr12	-65	52	19129.0	0.27183856971091014
chr12	-64	37	19475.0	0.18998716302952504
chr12	-63	32	19829.0	0.16137979726662968
chr12	-62	42	20174.0	0.2081887578070784
chr12	-61	78	20542.0	0.3797098627202804
chr12	-60	33	20879.0	0.15805354662579624
chr12	-59	53	21242.0	0.2495056962621222
chr12	-58	49	21591.0	0.226946412857209
chr12	-57	82	21949.0	0.37359332999225475
chr12	-56	68	22273.0	0.30530238405244015
chr12	-55	44	22592.0	0.19475920679886685
chr12	-54	33	22928.0	0.14392882065596652
chr12	-53	61	23280.0	0.26202749140893467
chr12	-52	51	23587.0	0.21622079959299614
chr12	-51	59	23924.0	0.24661427854873766
chr12	-50	69	24254.0	0.28448915642780576
chr12	-49	39	24626.0	0.15836920328108503
chr12	-48	91	24963.0	0.3645395184873613
chr12	-47	42	25337.0	0.16576548131191537
chr12	-46	46	25667.0	0.17921845170841938
chr12	-45	35	25996.0	0.13463609786120942
chr12	-44	51	26330.0	0.19369540448157996
chr12	-43	77	26671.0	0.28870308574856585
chr12	-42	108	27002.0	0.3999703725649952
chr12	-41	62	27322.0	0.2269233584657053
chr12	-40	96	27638.0	0.3473478544033577
chr12	-39	54	27943.0	0.19325054575385606
chr12	-38	106	28246.0	0.37527437513276213
chr12	-37	96	28565.0	0.3360756170138281
chr12	-36	90	28887.0	0.31155883269290685
chr12	-35	71	29242.0	0.24280144996922234
chr12	-34	71	29600.0	0.23986486486486486
chr12	-33	103	29945.0	0.3439639338787778
chr12	-32	105	30277.0	0.3467978993955808
chr12	-31	66	30608.0	0.21562990067956092
chr12	-30	100	30991.0	0.32267432480397534
chr12	-29	64	31329.0	0.20428357113217785
chr12	-28	91	31667.0	0.2873653961537247
chr12	-27	56	31996.0	0.17502187773471684
chr12	-26	99	32315.0	0.3063592758780752
chr12	-25	75	32661.0	0.22963167080003677
chr12	-24	122	32982.0	0.3698987326420472
chr12	-23	47	33301.0	0.14113690279571184
chr12	-22	96	33655.0	0.2852473629475561
chr12	-21	84	33972.0	0.24726245143058992
chr12	-20	125	34323.0	0.3641872796666958
chr12	-19	99	34619.0	0.2859701320084347
chr12	-18	86	34965.0	0.245960245960246
chr12	-17	110	35290.0	0.3117030320204024
chr12	-16	96	35615.0	0.2695493471851748
chr12	-15	222	35965.0	0.6172667871541777
chr12	-14	43	36291.0	0.11848667713758232
chr12	-13	68	36641.0	0.1855844545727464
chr12	-12	147	36988.0	0.39742619227857684
chr12	-11	77	37336.0	0.2062352689093636
chr12	-10	74	37659.0	0.19650017260150293
chr12	-9	58	37657.0	0.15402182861088246
chr12	-8	80	37671.0	0.2123649491651403
chr12	-7	109	37668.0	0.2893702877774238
chr12	-6	101	37680.0	0.2680467091295117
chr12	-5	120	37647.0	0.3187504980476532
chr12	-4	74	37634.0	0.19663070627623955
chr12	-3	66	37650.0	0.1752988047808765
chr12	-2	88	37664.0	0.23364485981308408
chr12	-1	136	37665.0	0.36107792380193815
chr12	0	128	36973.0	0.34619857734022125
chr12	1	84	36614.0	0.22942044026874964
chr12	2	92	36262.0	0.2537091169819646
chr12	3	95	35892.0	0.26468293770199486
chr12	4	127	35602.0	0.3567215324981743
chr12	5	116	35289.0	0.3287143302445521
chr12	6	137	34946.0	0.3920334229954787
chr12	7	87	34612.0	0.2513579105512539
chr12	8	67	34257.0	0.19558046530636072
chr12	9	65	33906.0	0.19170648262844334
chr12	10	108	33583.0	0.3215912813030402
chr12	11	168	33263.0	0.5050656886029522
chr12	12	54	32951.0	0.16387970016084488
chr12	13	83	32580.0	0.2547575199508901
chr12	14	177	32257.0	0.548718107697554
chr12	15	99	31888.0	0.31046161565479174
chr12	16	119	31534.0	0.37737045728420116
chr12	17	61	31186.0	0.1956005900083371
chr12	18	108	30833.0	0.3502740570168326
chr12	19	101	30510.0	0.33103900360537525
chr12	20	70	30160.0	0.23209549071618035
chr12	21	79	29809.0	0.2650206313529471
chr12	22	77	29440.0	0.26154891304347827
chr12	23	124	29095.0	0.42619006702182505
chr12	24	85	28764.0	0.29550827423167847
chr12	25	115	28439.0	0.404374274763529
chr12	26	49	28078.0	0.17451385426312416
chr12	27	79	27702.0	0.28517796548985636
chr12	28	81	27325.0	0.29643183897529735
chr12	29	79	26973.0	0.29288547807066323
chr12	30	56	26642.0	0.21019442984760903
chr12	31	70	26304.0	0.2661192214111922
chr12	32	115	25930.0	0.4435017354415735
chr12	33	88	25584.0	0.3439649781113196
chr12	34	62	25239.0	0.24565157098141766
chr12	35	66	24891.0	0.26515608051102807
chr12	36	90	24558.0	0.3664793549963352
chr12	37	83	24210.0	0.34283353985956216
chr12	38	53	23860.0	0.22212908633696565
chr12	39	95	23519.0	0.4039287384667715
chr12	40	86	23179.0	0.37102549721730876
chr12	41	148	22844.0	0.6478725267028541
chr12	42	99	22497.0	0.44005867448993197
chr12	43	51	22167.0	0.23007172824468805
chr12	44	49	21834.0	0.22442062837775947
chr12	45	67	21498.0	0.3116568983161224
chr12	46	35	21185.0	0.16521123436393675
chr12	47	89	20847.0	0.4269199405190195
chr12	48	45	20491.0	0.21960860865745938
chr12	49	83	20185.0	0.41119643299479813
chr12	50	49	19867.0	0.2466401570443449
chr12	51	53	19527.0	0.2714190607876274
chr12	52	53	19187.0	0.2762286965132642
chr12	53	48	18854.0	0.2545878858597645
chr12	54	49	18497.0	0.26490782289019843
chr12	55	70	18154.0	0.3855899526275201
chr12	56	51	17797.0	0.2865651514300163
chr12	57	67	17449.0	0.3839761590922116
chr12	58	42	17081.0	0.24588724313564778
chr12	59	44	16740.0	0.2628434886499403
chr12	60	74	16378.0	0.45182561973378926
chr12	61	43	16038.0	0.268113231076194
chr12	62	42	15684.0	0.26778882938026016
chr12	63	51	15360.0	0.33203125
chr12	64	34	15043.0	0.2260187462607193
chr12	65	54	14707.0	0.367172094920786
chr12	66	40	14354.0	0.2786679671171799
chr12	67	32	14045.0	0.2278390886436454
chr12	68	53	13712.0	0.3865227537922987
chr12	69	27	13377.0	0.2018389773491814
chr12	70	55	13008.0	0.42281672816728166
chr12	71	29	12655.0	0.22915843540102726
chr12	72	33	12301.0	0.26827087228680596
chr12	73	36	11971.0	0.30072675632779217
chr12	74	35	11648.0	0.3004807692307693
chr12	75	20	11315.0	0.17675651789659744
chr12	76	38	10962.0	0.3466520707900018
chr12	77	34	10639.0	0.31957890779208575
chr12	78	32	10318.0	0.3101376235704594
chr12	79	27	10004.0	0.2698920431827269
chr12	80	43	9706.0	0.4430249330311148
chr12	81	31	9401.0	0.3297521540261674
chr12	82	30	9077.0	0.3305056736807315
chr12	83	18	8743.0	0.20587898890541004
chr12	84	31	8386.0	0.3696637252563797
chr12	85	19	8032.0	0.23655378486055778
chr12	86	29	7689.0	0.377162179737287
chr12	87	19	7368.0	0.25787187839305103
chr12	88	21	7036.0	0.29846503695281407
chr12	89	28	6657.0	0.4206098843322818
chr12	90	20	6326.0	0.3161555485298767
chr12	91	18	5991.0	0.30045067601402103
chr12	92	17	5663.0	0.300194243333922
chr12	93	11	5346.0	0.205761316872428
chr12	94	8	5004.0	0.15987210231814547
chr12	95	11	4664.0	0.2358490566037736
chr12	96	21	4349.0	0.4828696252011957
chr12	97	13	4010.0	0.3241895261845386
chr12	98	12	3694.0	0.32485110990795885
chr12	99	8	3345.0	0.2391629297458894
chr12	100	13	3045.0	0.4269293924466338
chr12	101	8	2701.0	0.2961865975564606
chr12	102	4	2383.0	0.1678556441460344
chr12	103	10	2058.0	0.4859086491739553
chr12	104	9	1712.0	0.5257009345794392
chr12	105	5	1387.0	0.3604902667627974
chr12	106	1	1037.0	0.09643201542912247
chr12	107	2	679.0	0.29455081001472755
chr12	108	1	324.0	0.30864197530864196
chr12	109	0	0.0	nan
chr12	110	0	0.0	nan
chr12	111	0	0.0	nan
chr12	112	0	0.0	nan
chr12	113	0	0.0	nan
chr12	114	0	0.0	nan
chr12	115	0	0.0	nan
chr12	116	0	0.0	nan
chr12	117	0	0.0	nan
chr12	118	0	0.0	nan
chr12	119	0	0.0	nan
chr12	120	0	0.0	nan
chr12	121	0	0.0	nan
chr12	122	0	0.0	nan
chr12	123	0	0.0	nan
chr12	124	0	0.0	nan
chr12	125	0	0.0	nan
chr12	126	0	0.0	nan
chr13	-120	0	93.0	0.0
chr13	-119	0	200.0	0.0
chr13	-118	0	295.0	0.0
chr13	-117	0	408.0	0.0
chr13	-116	2	511.0	0.3913894324853229
chr13	-115	2	633.0	0.315955766192733
chr13	-114	3	738.0	0.40650406504065045
chr13	-113	0	858.0	0.0
chr13	-112	1	967.0	0.1034126163391934
chr13	-111	0	1066.0	0.0
chr13	-110	1	1156.0	0.08650519031141869
chr13	-109	5	1266.0	0.3949447077409162
chr13	-108	3	1381.0	0.2172338884866039
chr13	-107	2	1468.0	0.13623978201634876
chr13	-106	1	1576.0	0.06345177664974619
chr13	-105	7	1692.0	0.41371158392434987
chr13	-104	1	1796.0	0.05567928730512249
chr13	-103	5	1909.0	0.26191723415400736
chr13	-102	2	2030.0	0.09852216748768472
chr13	-101	1	2130.0	0.046948356807511735
chr13	-100	10	2219.0	0.45065344749887337
chr13	-99	2	2329.0	0.08587376556462001
chr13	-98	2	2421.0	0.08261049153242463
chr13	-97	1	2521.0	0.039666798889329634
chr13	-96	2	2640.0	0.07575757575757576
chr13	-95	5	2730.0	0.18315018315018314
chr13	-94	11	2833.0	0.3882809742322626
chr13	-93	9	2942.0	0.30591434398368456
chr13	-92	1	3048.0	0.03280839895013123
chr13	-91	4	3176.0	0.12594458438287154
chr13	-90	13	3294.0	0.3946569520340012
chr13	-89	13	3410.0	0.3812316715542522
chr13	-88	11	3532.0	0.3114382785956965
chr13	-87	7	3648.0	0.1918859649122807
chr13	-86	11	3744.0	0.2938034188034188
chr13	-85	9	3845.0	0.23407022106631986
chr13	-84	9	3954.0	0.2276176024279211
chr13	-83	9	4066.0	0.22134776192818495
chr13	-82	6	4175.0	0.1437125748502994
chr13	-81	7	4292.0	0.16309412861137
chr13	-80	7	4391.0	0.15941698929628786
chr13	-79	12	4494.0	0.26702269692923897
chr13	-78	12	4595.0	0.2611534276387377
chr13	-77	21	4721.0	0.44482101249735223
chr13	-76	7	4817.0	0.14531866306829977
chr13	-75	6	4931.0	0.12167917258162643
chr13	-74	9	5047.0	0.17832375668714087
chr13	-73	26	5147.0	0.5051486302700603
chr13	-72	21	5248.0	0.40015243902439024
chr13	-71	12	5345.0	0.22450888681010292
chr13	-70	5	5453.0	0.09169264624977076
chr13	-69	10	5584.0	0.17908309455587393
chr13	-68	14	5716.0	0.244926522043387
chr13	-67	7	5809.0	0.12050266827336892
chr13	-66	9	5914.0	0.15218126479540076
chr13	-65	7	6025.0	0.11618257261410789
chr13	-64	11	6141.0	0.17912392118547468
chr13	-63	15	6230.0	0.2407704654895666
chr13	-62	22	6328.0	0.347661188369153
chr13	-61	23	6430.0	0.35769828926905134
chr13	-60	18	6548.0	0.2748930971288943
chr13	-59	16	6667.0	0.23998800059997
chr13	-58	9	6755.0	0.1332346410066617
chr13	-57	12	6850.0	0.1751824817518248
chr13	-56	8	6962.0	0.11490950876185005
chr13	-55	15	7068.0	0.21222410865874364
chr13	-54	30	7175.0	0.4181184668989547
chr13	-53	21	7285.0	0.2882635552505148
chr13	-52	8	7397.0	0.10815195349466
chr13	-51	20	7516.0	0.2660989888238425
chr13	-50	15	7622.0	0.19679874048806087
chr13	-49	24	7732.0	0.3103983445421624
chr13	-48	27	7836.0	0.3445635528330781
chr13	-47	17	7937.0	0.21418672042333378
chr13	-46	17	8022.0	0.21191722762403392
chr13	-45	6	8109.0	0.07399186089530152
chr13	-44	16	8221.0	0.1946235251185987
chr13	-43	35	8316.0	0.42087542087542085
chr13	-42	22	8424.0	0.26115859449192785
chr13	-41	13	8543.0	0.15217136837176634
chr13	-40	20	8663.0	0.23086690522913542
chr13	-39	49	8774.0	0.558468201504445
chr13	-38	22	8865.0	0.24816694867456288
chr13	-37	69	8974.0	0.7688878983730778
chr13	-36	44	9092.0	0.4839419269687638
chr13	-35	11	9198.0	0.11959121548162643
chr13	-34	28	9304.0	0.3009458297506449
chr13	-33	15	9421.0	0.1592187665852882
chr13	-32	19	9533.0	0.19930766810028322
chr13	-31	14	9643.0	0.1451830343254174
chr13	-30	19	9729.0	0.19529242470963099
chr13	-29	27	9832.0	0.274613506916192
chr13	-28	20	9935.0	0.20130850528434827
chr13	-27	14	10030.0	0.1395812562313061
chr13	-26	12	10128.0	0.11848341232227488
chr13	-25	38	10227.0	0.371565463967928
chr13	-24	35	10309.0	0.33950916674750214
chr13	-23	16	10400.0	0.15384615384615385
chr13	-22	33	10498.0	0.3143455896361212
chr13	-21	46	10609.0	0.43359411820152705
chr13	-20	21	10706.0	0.1961516906407622
chr13	-19	21	10817.0	0.19413885550522325
chr13	-18	27	10938.0	0.24684585847504115
chr13	-17	9	11045.0	0.08148483476686283
chr13	-16	42	11163.0	0.37624294544477294
chr13	-15	19	11277.0	0.16848452602642547
chr13	-14	10	11390.0	0.08779631255487269
chr13	-13	19	11498.0	0.1652461297616977
chr13	-12	38	11606.0	0.3274168533517146
chr13	-11	28	11702.0	0.2392753375491369
chr13	-10	30	11804.0	0.25415113520840393
chr13	-9	19	11805.0	0.1609487505294367
chr13	-8	32	11805.0	0.2710715798390512
chr13	-7	46	11806.0	0.38963239031001184
chr13	-6	25	11805.0	0.21177467174925876
chr13	-5	12	11780.0	0.10186757215619693
chr13	-4	36	11792.0	0.30529172320217096
chr13	-3	20	11792.0	0.16960651289009498
chr13	-2	28	11805.0	0.23718763235916984
chr13	-1	43	11803.0	0.3643141574176057
chr13	0	62	11603.0	0.5343445660605015
chr13	1	34	11509.0	0.29542097488921715
chr13	2	39	11389.0	0.34243568355430676
chr13	3	19	11287.0	0.16833525294586693
chr13	4	24	11153.0	0.21518873845602082
chr13	5	12	11066.0	0.10844026748599313
chr13	6	27	10946.0	0.24666544856568612
chr13	7	17	10838.0	0.1568555083963831
chr13	8	15	10738.0	0.13969081765691935
chr13	9	33	10649.0	0.30988825241806744
chr13	10	13	10537.0	0.12337477460377716
chr13	11	37	10419.0	0.35512045301852385
chr13	12	11	10322.0	0.10656849447781439
chr13	13	15	10220.0	0.14677103718199608
chr13	14	19	10105.0	0.1880257298367145
chr13	15	46	9999.0	0.46004600460046
chr13	16	17	9886.0	0.17196034796682175
chr13	17	27	9764.0	0.2765260139287178
chr13	18	21	9663.0	0.21732381248059607
chr13	19	15	9573.0	0.15669069257286117
chr13	20	52	9462.0	0.549566687803847
chr13	21	39	9357.0	0.41680025649246555
chr13	22	14	9267.0	0.1510737023848063
chr13	23	40	9148.0	0.4372540445999125
chr13	24	27	9054.0	0.2982107355864811
chr13	25	14	8950.0	0.1564245810055866
chr13	26	36	8856.0	0.40650406504065045
chr13	27	18	8749.0	0.20573779860555494
chr13	28	17	8624.0	0.19712430426716143
chr13	29	10	8507.0	0.11755025273304338
chr13	30	21	8391.0	0.2502681444404719
chr13	31	16	8268.0	0.1935171746492501
chr13	32	21	8156.0	0.2574791564492398
chr13	33	25	8060.0	0.3101736972704715
chr13	34	13	7959.0	0.1633371026510868
chr13	35	36	7849.0	0.4586571537775513
chr13	36	69	7738.0	0.8917032825019384
chr13	37	22	7623.0	0.2886002886002886
chr13	38	24	7505.0	0.31978680879413723
chr13	39	22	7412.0	0.2968159740960604
chr13	40	9	7308.0	0.12315270935960591
chr13	41	37	7205.0	0.5135322692574601
chr13	42	61	7076.0	0.8620689655172413
chr13	43	16	6985.0	0.2290622763063708
chr13	44	9	6872.0	0.1309662398137369
chr13	45	18	6755.0	0.2664692820133234
chr13	46	13	6655.0	0.19534184823441023
chr13	47	22	6549.0	0.3359291494884715
chr13	48	18	6453.0	0.2789400278940028
chr13	49	18	6342.0	0.28382213812677387
chr13	50	21	6214.0	0.3379465722561957
chr13	51	16	6081.0	0.2631146193060352
chr13	52	13	5989.0	0.21706461846718986
chr13	53	18	5887.0	0.30575845082384917
chr13	54	9	5776.0	0.15581717451523547
chr13	55	36	5658.0	0.6362672322375398
chr13	56	7	5568.0	0.1257183908045977
chr13	57	16	5474.0	0.2922908293752283
chr13	58	18	5370.0	0.33519553072625696
chr13	59	22	5254.0	0.41872858774267224
chr13	60	10	5133.0	0.19481784531463084
chr13	61	23	5047.0	0.45571626708936
chr13	62	16	4948.0	0.32336297493936944
chr13	63	10	4835.0	0.2068252326783868
chr13	64	8	4735.0	0.1689545934530095
chr13	65	9	4627.0	0.19451048195374973
chr13	66	13	4516.0	0.28786536758193093
chr13	67	25	4395.0	0.5688282138794084
chr13	68	7	4281.0	0.1635131978509694
chr13	69	8	4175.0	0.19161676646706588
chr13	70	10	4066.0	0.24594195769798327
chr13	71	16	3960.0	0.40404040404040403
chr13	72	21	3864.0	0.5434782608695652
chr13	73	5	3779.0	0.13231013495633767
chr13	74	16	3693.0	0.4332520985648524
chr13	75	12	3580.0	0.33519553072625696
chr13	76	18	3476.0	0.5178365937859608
chr13	77	11	3378.0	0.3256364712847839
chr13	78	6	3258.0	0.1841620626151013
chr13	79	8	3135.0	0.2551834130781499
chr13	80	16	3024.0	0.5291005291005291
chr13	81	5	2932.0	0.17053206002728513
chr13	82	11	2825.0	0.3893805309734513
chr13	83	6	2709.0	0.22148394241417496
chr13	84	5	2601.0	0.1922337562475971
chr13	85	13	2496.0	0.5208333333333333
chr13	86	7	2377.0	0.2944888514934792
chr13	87	9	2264.0	0.3975265017667844
chr13	88	6	2153.0	0.27868091035764053
chr13	89	6	2070.0	0.2898550724637681
chr13	90	4	1967.0	0.20335536349771224
chr13	91	4	1863.0	0.2147074610842727
chr13	92	4	1768.0	0.22624434389140274
chr13	93	9	1671.0	0.5385996409335727
chr13	94	6	1572.0	0.38167938931297707
chr13	95	3	1489.0	0.20147750167897915
chr13	96	1	1399.0	0.07147962830593281
chr13	97	2	1294.0	0.1545595054095827
chr13	98	6	1190.0	0.5042016806722689
chr13	99	2	1096.0	0.18248175182481752
chr13	100	6	983.0	0.6103763987792472
chr13	101	2	862.0	0.23201856148491878
chr13	102	3	757.0	0.3963011889035667
chr13	103	3	638.0	0.4702194357366771
chr13	104	3	524.0	0.5725190839694656
chr13	105	1	410.0	0.24390243902439024
chr13	106	1	303.0	0.33003300330033003
chr13	107	0	198.0	0.0
chr13	108	0	101.0	0.0
chr13	109	0	0.0	nan
chr13	110	0	0.0	nan
chr13	111	0	0.0	nan
chr13	112	0	0.0	nan
chr13	113	0	0.0	nan
chr13	114	0	0.0	nan
chr13	115	0	0.0	nan
chr13	116	0	0.0	nan
chr13	117	0	0.0	nan
chr13	118	0	0.0	nan
chr13	119	0	0.0	nan
chr13	120	0	0.0	nan
chr13	121	0	0.0	nan
chr14	-138	0	1.0	0.0
chr14	-137	0	1.0	0.0
chr14	-136	0	2.0	0.0
chr14	-135	0	3.0	0.0
chr14	-134	0	3.0	0.0
chr14	-133	0	4.0	0.0
chr14	-132	0	4.0	0.0
chr14	-131	0	4.0	0.0
chr14	-130	0	4.0	0.0
chr14	-129	0	4.0	0.0
chr14	-128	0	4.0	0.0
chr14	-127	0	4.0	0.0
chr14	-126	0	4.0	0.0
chr14	-125	0	4.0	0.0
chr14	-124	0	5.0	0.0
chr14	-123	0	6.0	0.0
chr14	-122	0	6.0	0.0
chr14	-121	0	7.0	0.0
chr14	-120	0	83.0	0.0
chr14	-119	1	151.0	0.6622516556291391
chr14	-118	0	227.0	0.0
chr14	-117	0	294.0	0.0
chr14	-116	1	357.0	0.2801120448179272
chr14	-115	0	408.0	0.0
chr14	-114	1	472.0	0.211864406779661
chr14	-113	3	534.0	0.5617977528089888
chr14	-112	1	602.0	0.16611295681063123
chr14	-111	1	658.0	0.1519756838905775
chr14	-110	0	732.0	0.0
chr14	-109	0	802.0	0.0
chr14	-108	1	886.0	0.1128668171557562
chr14	-107	0	957.0	0.0
chr14	-106	2	1013.0	0.19743336623889435
chr14	-105	0	1083.0	0.0
chr14	-104	3	1149.0	0.26109660574412535
chr14	-103	2	1204.0	0.16611295681063123
chr14	-102	4	1255.0	0.3187250996015936
chr14	-101	0	1313.0	0.0
chr14	-100	1	1362.0	0.07342143906020558
chr14	-99	3	1421.0	0.211118930330753
chr14	-98	4	1489.0	0.2686366689053056
chr14	-97	1	1561.0	0.06406149903907751
chr14	-96	0	1632.0	0.0
chr14	-95	5	1697.0	0.29463759575721865
chr14	-94	6	1751.0	0.34266133637921187
chr14	-93	8	1820.0	0.43956043956043955
chr14	-92	4	1882.0	0.21253985122210414
chr14	-91	3	1941.0	0.1545595054095827
chr14	-90	6	1997.0	0.30045067601402103
chr14	-89	0	2066.0	0.0
chr14	-88	27	2129.0	1.2682010333489901
chr14	-87	2	2187.0	0.09144947416552354
chr14	-86	1	2237.0	0.044702726866338846
chr14	-85	0	2295.0	0.0
chr14	-84	4	2359.0	0.1695633743111488
chr14	-83	3	2433.0	0.12330456226880394
chr14	-82	4	2505.0	0.1596806387225549
chr14	-81	6	2558.0	0.23455824863174357
chr14	-80	0	2611.0	0.0
chr14	-79	7	2689.0	0.26031982149497956
chr14	-78	7	2750.0	0.2545454545454546
chr14	-77	5	2828.0	0.1768033946251768
chr14	-76	10	2898.0	0.3450655624568668
chr14	-75	2	2964.0	0.06747638326585695
chr14	-74	2	3027.0	0.06607201850016517
chr14	-73	15	3100.0	0.4838709677419355
chr14	-72	8	3182.0	0.251414204902577
chr14	-71	3	3263.0	0.09193993257738277
chr14	-70	14	3332.0	0.42016806722689076
chr14	-69	7	3389.0	0.20655060489820007
chr14	-68	5	3450.0	0.14492753623188406
chr14	-67	2	3507.0	0.05702879954376961
chr14	-66	10	3589.0	0.27862914460852606
chr14	-65	9	3652.0	0.24644030668127057
chr14	-64	8	3720.0	0.21505376344086022
chr14	-63	5	3771.0	0.13259082471492972
chr14	-62	7	3831.0	0.18271991647089533
chr14	-61	17	3886.0	0.4374678332475553
chr14	-60	12	3943.0	0.3043367993913264
chr14	-59	5	3997.0	0.12509382036527394
chr14	-58	5	4081.0	0.12251899044351876
chr14	-57	11	4135.0	0.2660217654171705
chr14	-56	6	4202.0	0.14278914802475012
chr14	-55	10	4265.0	0.23446658851113714
chr14	-54	7	4335.0	0.16147635524798157
chr14	-53	16	4398.0	0.36380172805820826
chr14	-52	18	4479.0	0.4018754186202277
chr14	-51	1	4545.0	0.022002200220022
chr14	-50	6	4608.0	0.13020833333333331
chr14	-49	11	4678.0	0.235143223599829
chr14	-48	16	4758.0	0.33627574611181166
chr14	-47	9	4818.0	0.18679950186799502
chr14	-46	3	4887.0	0.06138735420503376
chr14	-45	17	4959.0	0.34281105061504336
chr14	-44	7	5031.0	0.139137348439674
chr14	-43	6	5089.0	0.11790135586559244
chr14	-42	15	5163.0	0.2905287623474724
chr14	-41	4	5224.0	0.0765696784073507
chr14	-40	13	5300.0	0.24528301886792453
chr14	-39	5	5373.0	0.09305788200260562
chr14	-38	2	5436.0	0.03679175864606328
chr14	-37	20	5509.0	0.3630422944273008
chr14	-36	6	5565.0	0.1078167115902965
chr14	-35	8	5628.0	0.14214641080312723
chr14	-34	5	5699.0	0.08773469029654325
chr14	-33	14	5756.0	0.2432244614315497
chr14	-32	12	5806.0	0.20668274199104375
chr14	-31	7	5885.0	0.11894647408666101
chr14	-30	6	5952.0	0.10080645161290322
chr14	-29	4	6014.0	0.06651147322913202
chr14	-28	32	6077.0	0.5265756129669245
chr14	-27	7	6138.0	0.11404366243075921
chr14	-26	23	6201.0	0.3709079180777294
chr14	-25	10	6267.0	0.15956598053295037
chr14	-24	7	6341.0	0.11039268254218577
chr14	-23	14	6429.0	0.21776326022709597
chr14	-22	13	6503.0	0.1999077348915885
chr14	-21	11	6562.0	0.16763181956720513
chr14	-20	13	6629.0	0.19610801025795746
chr14	-19	37	6686.0	0.5533951540532456
chr14	-18	14	6745.0	0.20756115641215717
chr14	-17	8	6807.0	0.11752607609813426
chr14	-16	12	6888.0	0.17421602787456447
chr14	-15	12	6956.0	0.17251293847038526
chr14	-14	10	7019.0	0.14247043738424275
chr14	-13	7	7082.0	0.0988421349901158
chr14	-12	14	7157.0	0.19561268687997763
chr14	-11	25	7236.0	0.3454947484798231
chr14	-10	10	7281.0	0.1373437714599643
chr14	-9	25	7281.0	0.34335942864991076
chr14	-8	10	7281.0	0.1373437714599643
chr14	-7	7	7281.0	0.096140640021975
chr14	-6	14	7280.0	0.19230769230769232
chr14	-5	23	7281.0	0.31589067435791784
chr14	-4	14	7280.0	0.19230769230769232
chr14	-3	29	7278.0	0.3984611156911239
chr14	-2	18	7281.0	0.2472187886279357
chr14	-1	20	7283.0	0.2746121103940684
chr14	0	14	7130.0	0.19635343618513326
chr14	1	10	7054.0	0.14176353841791892
chr14	2	15	6987.0	0.21468441391155002
chr14	3	25	6923.0	0.36111512350137226
chr14	4	30	6873.0	0.4364906154517678
chr14	5	13	6807.0	0.1909798736594682
chr14	6	8	6745.0	0.11860637509266124
chr14	7	6	6679.0	0.08983380745620602
chr14	8	20	6620.0	0.3021148036253776
chr14	9	14	6549.0	0.2137730951290273
chr14	10	31	6476.0	0.4786905497220506
chr14	11	6	6379.0	0.09405862987929142
chr14	12	12	6311.0	0.19014419267944857
chr14	13	15	6256.0	0.23976982097186703
chr14	14	12	6185.0	0.19401778496362165
chr14	15	16	6128.0	0.26109660574412535
chr14	16	6	6074.0	0.09878169245966416
chr14	17	34	6021.0	0.5646902507889056
chr14	18	40	5966.0	0.670465973851827
chr14	19	16	5918.0	0.27036160865157144
chr14	20	10	5857.0	0.17073587160662457
chr14	21	11	5790.0	0.18998272884283246
chr14	22	13	5717.0	0.2273919888053175
chr14	23	6	5643.0	0.10632642211589581
chr14	24	4	5582.0	0.07165890361877462
chr14	25	19	5527.0	0.3437669621856342
chr14	26	5	5457.0	0.0916254352208173
chr14	27	27	5397.0	0.500277932184547
chr14	28	8	5338.0	0.14986886474334957
chr14	29	9	5282.0	0.17039000378644453
chr14	30	9	5210.0	0.1727447216890595
chr14	31	27	5131.0	0.5262132137984799
chr14	32	19	5080.0	0.37401574803149606
chr14	33	6	5031.0	0.11926058437686345
chr14	34	2	4974.0	0.04020908725371934
chr14	35	22	4907.0	0.44833910739759525
chr14	36	13	4843.0	0.26842865992153625
chr14	37	8	4772.0	0.16764459346186086
chr14	38	6	4717.0	0.1271994912020352
chr14	39	14	4659.0	0.30049366816913503
chr14	40	9	4584.0	0.1963350785340314
chr14	41	17	4520.0	0.37610619469026546
chr14	42	4	4445.0	0.08998875140607424
chr14	43	15	4378.0	0.3426222019186843
chr14	44	10	4313.0	0.2318571759795966
chr14	45	5	4250.0	0.1176470588235294
chr14	46	10	4176.0	0.23946360153256704
chr14	47	14	4094.0	0.3419638495359062
chr14	48	12	4015.0	0.29887920298879206
chr14	49	9	3944.0	0.2281947261663286
chr14	50	13	3889.0	0.3342761635381846
chr14	51	25	3828.0	0.6530825496342737
chr14	52	14	3773.0	0.3710575139146568
chr14	53	10	3691.0	0.270929287455974
chr14	54	9	3624.0	0.24834437086092717
chr14	55	10	3555.0	0.2812939521800281
chr14	56	7	3505.0	0.19971469329529246
chr14	57	9	3446.0	0.261172373766686
chr14	58	4	3395.0	0.11782032400589101
chr14	59	6	3338.0	0.17974835230677053
chr14	60	12	3283.0	0.36551934206518427
chr14	61	8	3200.0	0.25
chr14	62	6	3145.0	0.19077901430842606
chr14	63	4	3078.0	0.1299545159194282
chr14	64	4	3014.0	0.13271400132714
chr14	65	4	2945.0	0.13582342954159593
chr14	66	2	2882.0	0.06939625260235947
chr14	67	6	2797.0	0.21451555237754738
chr14	68	7	2731.0	0.25631636763090443
chr14	69	17	2669.0	0.6369426751592357
chr14	70	6	2600.0	0.23076923076923078
chr14	71	6	2521.0	0.2380007933359778
chr14	72	8	2460.0	0.3252032520325203
chr14	73	5	2391.0	0.20911752404851527
chr14	74	2	2318.0	0.08628127696289906
chr14	75	9	2247.0	0.4005340453938585
chr14	76	10	2187.0	0.4572473708276178
chr14	77	13	2114.0	0.6149479659413435
chr14	78	13	2050.0	0.6341463414634146
chr14	79	3	1977.0	0.15174506828528073
chr14	80	11	1905.0	0.5774278215223096
chr14	81	3	1843.0	0.16277807921866522
chr14	82	5	1770.0	0.2824858757062147
chr14	83	5	1703.0	0.2935995302407516
chr14	84	4	1640.0	0.24390243902439024
chr14	85	5	1569.0	0.3186743148502231
chr14	86	3	1509.0	0.19880715705765406
chr14	87	15	1462.0	1.0259917920656634
chr14	88	2	1394.0	0.1434720229555237
chr14	89	5	1329.0	0.3762227238525207
chr14	90	3	1267.0	0.23677979479084454
chr14	91	5	1204.0	0.41528239202657813
chr14	92	3	1142.0	0.2626970227670753
chr14	93	3	1080.0	0.2777777777777778
chr14	94	4	1013.0	0.3948667324777887
chr14	95	1	938.0	0.10660980810234541
chr14	96	2	850.0	0.2352941176470588
chr14	97	4	777.0	0.5148005148005148
chr14	98	4	717.0	0.5578800557880056
chr14	99	0	651.0	0.0
chr14	100	4	592.0	0.6756756756756757
chr14	101	0	534.0	0.0
chr14	102	1	474.0	0.21097046413502107
chr14	103	1	393.0	0.2544529262086514
chr14	104	1	317.0	0.31545741324921134
chr14	105	0	254.0	0.0
chr14	106	1	189.0	0.5291005291005291
chr14	107	1	115.0	0.8695652173913043
chr14	108	0	44.0	0.0
chr14	109	0	0.0	nan
chr14	110	0	0.0	nan
chr14	111	0	0.0	nan
chr14	112	0	0.0	nan
chr14	113	0	0.0	nan
chr14	114	0	0.0	nan
chr14	115	0	0.0	nan
chr14	116	0	0.0	nan
chr14	117	0	0.0	nan
chr14	118	0	0.0	nan
chr14	119	0	0.0	nan
chr14	120	0	0.0	nan
chr14	121	0	0.0	nan
chr14	122	0	0.0	nan
chr14	123	0	0.0	nan
chr14	124	0	0.0	nan
chr14	125	0	0.0	nan
chr14	126	0	0.0	nan
chr14	127	0	0.0	nan
chr14	128	0	0.0	nan
chr14	129	0	0.0	nan
chr14	130	0	0.0	nan
chr14	131	0	0.0	nan
chr14	132	0	0.0	nan
chr14	133	0	0.0	nan
chr14	134	0	0.0	nan
chr14	135	0	0.0	nan
chr15	-120	0	24.0	0.0
chr15	-119	0	48.0	0.0
chr15	-118	0	69.0	0.0
chr15	-117	0	89.0	0.0
chr15	-116	0	117.0	0.0
chr15	-115	0	139.0	0.0
chr15	-114	0	160.0	0.0
chr15	-113	0	192.0	0.0
chr15	-112	1	218.0	0.45871559633027525
chr15	-111	0	238.0	0.0
chr15	-110	0	262.0	0.0
chr15	-109	0	288.0	0.0
chr15	-108	0	305.0	0.0
chr15	-107	1	322.0	0.3105590062111801
chr15	-106	2	345.0	0.5797101449275363
chr15	-105	0	371.0	0.0
chr15	-104	2	384.0	0.5208333333333333
chr15	-103	7	421.0	1.66270783847981
chr15	-102	4	452.0	0.8849557522123894
chr15	-101	1	472.0	0.211864406779661
chr15	-100	0	491.0	0.0
chr15	-99	0	516.0	0.0
chr15	-98	3	535.0	0.5607476635514018
chr15	-97	6	566.0	1.0600706713780919
chr15	-96	1	592.0	0.16891891891891891
chr15	-95	0	608.0	0.0
chr15	-94	0	632.0	0.0
chr15	-93	0	663.0	0.0
chr15	-92	2	684.0	0.29239766081871343
chr15	-91	3	714.0	0.42016806722689076
chr15	-90	0	742.0	0.0
chr15	-89	3	760.0	0.39473684210526316
chr15	-88	0	798.0	0.0
chr15	-87	1	819.0	0.1221001221001221
chr15	-86	2	844.0	0.23696682464454977
chr15	-85	2	870.0	0.22988505747126436
chr15	-84	0	891.0	0.0
chr15	-83	6	912.0	0.6578947368421052
chr15	-82	1	940.0	0.10638297872340426
chr15	-81	2	972.0	0.205761316872428
chr15	-80	1	993.0	0.10070493454179255
chr15	-79	0	1008.0	0.0
chr15	-78	0	1034.0	0.0
chr15	-77	2	1055.0	0.18957345971563982
chr15	-76	2	1075.0	0.18604651162790697
chr15	-75	5	1108.0	0.45126353790613716
chr15	-74	7	1143.0	0.6124234470691163
chr15	-73	1	1166.0	0.08576329331046312
chr15	-72	1	1190.0	0.08403361344537816
chr15	-71	4	1221.0	0.32760032760032765
chr15	-70	4	1244.0	0.3215434083601286
chr15	-69	1	1264.0	0.07911392405063292
chr15	-68	9	1280.0	0.703125
chr15	-67	8	1303.0	0.6139677666922486
chr15	-66	2	1328.0	0.15060240963855423
chr15	-65	2	1345.0	0.14869888475836432
chr15	-64	4	1377.0	0.29048656499636893
chr15	-63	5	1397.0	0.35790980672870437
chr15	-62	1	1420.0	0.07042253521126761
chr15	-61	6	1447.0	0.414651002073255
chr15	-60	5	1477.0	0.3385240352064997
chr15	-59	4	1499.0	0.26684456304202797
chr15	-58	12	1526.0	0.7863695937090431
chr15	-57	2	1545.0	0.12944983818770225
chr15	-56	1	1567.0	0.06381620931716657
chr15	-55	5	1591.0	0.3142677561282213
chr15	-54	7	1616.0	0.4331683168316832
chr15	-53	11	1638.0	0.6715506715506716
chr15	-52	4	1666.0	0.24009603841536614
chr15	-51	23	1687.0	1.3633669235328987
chr15	-50	3	1718.0	0.17462165308498254
chr15	-49	1	1740.0	0.05747126436781609
chr15	-48	12	1762.0	0.681044267877412
chr15	-47	13	1785.0	0.7282913165266106
chr15	-46	8	1806.0	0.4429678848283499
chr15	-45	2	1831.0	0.10922992900054614
chr15	-44	5	1864.0	0.26824034334763946
chr15	-43	3	1891.0	0.15864621893178213
chr15	-42	4	1908.0	0.20964360587002098
chr15	-41	4	1927.0	0.2075765438505449
chr15	-40	1	1951.0	0.05125576627370579
chr15	-39	2	1983.0	0.10085728693898136
chr15	-38	4	2000.0	0.2
chr15	-37	5	2024.0	0.24703557312252966
chr15	-36	4	2040.0	0.19607843137254902
chr15	-35	1	2067.0	0.04837929366231253
chr15	-34	3	2092.0	0.14340344168260039
chr15	-33	4	2113.0	0.18930430667297682
chr15	-32	3	2134.0	0.14058106841611998
chr15	-31	14	2156.0	0.6493506493506493
chr15	-30	3	2177.0	0.13780431786862654
chr15	-29	2	2200.0	0.09090909090909091
chr15	-28	3	2228.0	0.13464991023339318
chr15	-27	2	2241.0	0.0892458723784025
chr15	-26	8	2266.0	0.353045013239188
chr15	-25	7	2301.0	0.3042155584528466
chr15	-24	17	2329.0	0.7299270072992701
chr15	-23	1	2362.0	0.04233700254022015
chr15	-22	23	2390.0	0.9623430962343096
chr15	-21	5	2405.0	0.2079002079002079
chr15	-20	3	2432.0	0.12335526315789473
chr15	-19	5	2453.0	0.20383204239706482
chr15	-18	2	2472.0	0.08090614886731393
chr15	-17	2	2491.0	0.08028904054596547
chr15	-16	5	2520.0	0.1984126984126984
chr15	-15	3	2543.0	0.11797090051120723
chr15	-14	4	2573.0	0.1554605518849592
chr15	-13	5	2599.0	0.19238168526356292
chr15	-12	6	2622.0	0.2288329519450801
chr15	-11	17	2657.0	0.6398193451260821
chr15	-10	3	2680.0	0.11194029850746269
chr15	-9	5	2680.0	0.18656716417910446
chr15	-8	3	2679.0	0.11198208286674133
chr15	-7	4	2680.0	0.1492537313432836
chr15	-6	2	2680.0	0.0746268656716418
chr15	-5	13	2680.0	0.4850746268656716
chr15	-4	5	2679.0	0.1866368047779022
chr15	-3	4	2680.0	0.1492537313432836
chr15	-2	10	2680.0	0.3731343283582089
chr15	-1	0	2680.0	0.0
chr15	0	9	2632.0	0.34194528875379937
chr15	1	22	2611.0	0.8425890463423975
chr15	2	11	2591.0	0.42454650714010034
chr15	3	10	2562.0	0.39032006245121
chr15	4	27	2541.0	1.062573789846517
chr15	5	7	2518.0	0.2779984114376489
chr15	6	4	2486.0	0.16090104585679807
chr15	7	7	2461.0	0.28443722064201543
chr15	8	3	2441.0	0.12290045063498567
chr15	9	7	2417.0	0.2896152254861398
chr15	10	18	2391.0	0.7528230865746549
chr15	11	8	2373.0	0.337126000842815
chr15	12	2	2356.0	0.08488964346349745
chr15	13	5	2333.0	0.21431633090441493
chr15	14	6	2306.0	0.26019080659150046
chr15	15	2	2293.0	0.08722197993894462
chr15	16	2	2257.0	0.08861320336730173
chr15	17	4	2227.0	0.17961383026493039
chr15	18	3	2204.0	0.13611615245009073
chr15	19	3	2186.0	0.1372369624885636
chr15	20	1	2163.0	0.04623208506703652
chr15	21	22	2144.0	1.0261194029850746
chr15	22	2	2113.0	0.09465215333648841
chr15	23	14	2086.0	0.6711409395973155
chr15	24	3	2069.0	0.14499758337361043
chr15	25	7	2038.0	0.34347399411187435
chr15	26	9	2007.0	0.4484304932735426
chr15	27	1	1995.0	0.05012531328320802
chr15	28	7	1965.0	0.356234096692112
chr15	29	2	1936.0	0.10330578512396695
chr15	30	16	1919.0	0.8337675872850442
chr15	31	6	1881.0	0.3189792663476874
chr15	32	1	1860.0	0.053763440860215055
chr15	33	2	1834.0	0.10905125408942204
chr15	34	2	1808.0	0.11061946902654868
chr15	35	9	1788.0	0.5033557046979865
chr15	36	3	1767.0	0.1697792869269949
chr15	37	6	1739.0	0.3450258769407705
chr15	38	6	1707.0	0.35149384885764495
chr15	39	3	1686.0	0.1779359430604982
chr15	40	0	1671.0	0.0
chr15	41	4	1645.0	0.24316109422492402
chr15	42	2	1624.0	0.12315270935960591
chr15	43	2	1604.0	0.12468827930174563
chr15	44	10	1571.0	0.6365372374283895
chr15	45	1	1535.0	0.06514657980456026
chr15	46	20	1514.0	1.321003963011889
chr15	47	5	1490.0	0.33557046979865773
chr15	48	3	1459.0	0.205620287868403
chr15	49	6	1436.0	0.4178272980501393
chr15	50	17	1416.0	1.2005649717514124
chr15	51	3	1400.0	0.2142857142857143
chr15	52	4	1377.0	0.29048656499636893
chr15	53	4	1352.0	0.2958579881656805
chr15	54	1	1333.0	0.07501875468867217
chr15	55	1	1303.0	0.07674597083653108
chr15	56	7	1283.0	0.5455962587685114
chr15	57	17	1260.0	1.3492063492063493
chr15	58	1	1233.0	0.08110300081103002
chr15	59	3	1203.0	0.24937655860349126
chr15	60	0	1181.0	0.0
chr15	61	2	1153.0	0.17346053772766695
chr15	62	1	1134.0	0.08818342151675485
chr15	63	3	1112.0	0.2697841726618705
chr15	64	1	1088.0	0.09191176470588235
chr15	65	5	1063.0	0.4703668861712135
chr15	66	9	1040.0	0.8653846153846154
chr15	67	12	1011.0	1.1869436201780417
chr15	68	1	991.0	0.10090817356205853
chr15	69	2	960.0	0.20833333333333334
chr15	70	2	938.0	0.21321961620469082
chr15	71	3	916.0	0.32751091703056767
chr15	72	1	892.0	0.11210762331838565
chr15	73	8	871.0	0.9184845005740528
chr15	74	4	845.0	0.4733727810650888
chr15	75	2	813.0	0.24600246002460024
chr15	76	4	786.0	0.5089058524173028
chr15	77	2	769.0	0.26007802340702213
chr15	78	3	750.0	0.4
chr15	79	0	726.0	0.0
chr15	80	2	694.0	0.2881844380403458
chr15	81	3	677.0	0.4431314623338257
chr15	82	2	653.0	0.3062787136294028
chr15	83	1	637.0	0.15698587127158556
chr15	84	2	609.0	0.3284072249589491
chr15	85	2	585.0	0.3418803418803419
chr15	86	3	564.0	0.5319148936170213
chr15	87	2	543.0	0.3683241252302026
chr15	88	7	521.0	1.3435700575815739
chr15	89	3	501.0	0.5988023952095809
chr15	90	1	478.0	0.20920502092050208
chr15	91	1	450.0	0.2222222222222222
chr15	92	1	426.0	0.2347417840375587
chr15	93	0	400.0	0.0
chr15	94	0	377.0	0.0
chr15	95	2	349.0	0.5730659025787965
chr15	96	5	318.0	1.5723270440251573
chr15	97	0	290.0	0.0
chr15	98	0	274.0	0.0
chr15	99	0	248.0	0.0
chr15	100	0	226.0	0.0
chr15	101	1	207.0	0.4830917874396135
chr15	102	0	189.0	0.0
chr15	103	0	160.0	0.0
chr15	104	0	137.0	0.0
chr15	105	1	107.0	0.9345794392523363
chr15	106	1	81.0	1.2345679012345678
chr15	107	1	58.0	1.7241379310344827
chr15	108	0	23.0	0.0
chr15	109	0	0.0	nan
chr15	110	0	0.0	nan
chr15	111	0	0.0	nan
chr15	112	0	0.0	nan
chr15	113	0	0.0	nan
chr15	114	0	0.0	nan
chr15	115	0	0.0	nan
chr15	116	0	0.0	nan
chr15	117	0	0.0	nan
chr15	118	0	0.0	nan
chr15	119	0	0.0	nan
chr15	120	0	0.0	nan
chr16	-129	0	1.0	0.0
chr16	-128	0	1.0	0.0
chr16	-127	0	1.0	0.0
chr16	-126	0	2.0	0.0
chr16	-125	0	2.0	0.0
chr16	-124	0	2.0	0.0
chr16	-123	0	5.0	0.0
chr16	-122	0	5.0	0.0
chr16	-121	0	5.0	0.0
chr16	-120	0	62.0	0.0
chr16	-119	0	111.0	0.0
chr16	-118	0	151.0	0.0
chr16	-117	0	206.0	0.0
chr16	-116	0	249.0	0.0
chr16	-115	2	298.0	0.6711409395973155
chr16	-114	0	342.0	0.0
chr16	-113	2	390.0	0.5128205128205128
chr16	-112	1	431.0	0.23201856148491878
chr16	-111	0	480.0	0.0
chr16	-110	3	535.0	0.5607476635514018
chr16	-109	0	598.0	0.0
chr16	-108	1	656.0	0.1524390243902439
chr16	-107	0	700.0	0.0
chr16	-106	7	763.0	0.9174311926605505
chr16	-105	2	812.0	0.24630541871921183
chr16	-104	0	861.0	0.0
chr16	-103	1	904.0	0.11061946902654868
chr16	-102	1	951.0	0.10515247108307045
chr16	-101	1	1014.0	0.09861932938856016
chr16	-100	0	1061.0	0.0
chr16	-99	2	1116.0	0.17921146953405018
chr16	-98	8	1170.0	0.6837606837606838
chr16	-97	9	1223.0	0.7358953393295176
chr16	-96	6	1282.0	0.46801872074883
chr16	-95	0	1337.0	0.0
chr16	-94	0	1388.0	0.0
chr16	-93	0	1443.0	0.0
chr16	-92	10	1489.0	0.6715916722632639
chr16	-91	6	1540.0	0.38961038961038963
chr16	-90	2	1581.0	0.1265022137887413
chr16	-89	0	1630.0	0.0
chr16	-88	1	1693.0	0.05906674542232723
chr16	-87	4	1739.0	0.23001725129384704
chr16	-86	5	1785.0	0.2801120448179272
chr16	-85	12	1835.0	0.6539509536784741
chr16	-84	11	1882.0	0.5844845908607864
chr16	-83	1	1932.0	0.051759834368530024
chr16	-82	3	1990.0	0.1507537688442211
chr16	-81	1	2038.0	0.04906771344455348
chr16	-80	7	2090.0	0.3349282296650718
chr16	-79	11	2128.0	0.5169172932330827
chr16	-78	7	2182.0	0.32080659945004586
chr16	-77	3	2229.0	0.13458950201884254
chr16	-76	2	2278.0	0.08779631255487269
chr16	-75	2	2340.0	0.08547008547008547
chr16	-74	2	2396.0	0.08347245409015025
chr16	-73	3	2434.0	0.12325390304026293
chr16	-72	6	2482.0	0.24174053182917005
chr16	-71	3	2535.0	0.1183431952662722
chr16	-70	4	2593.0	0.15426147319706904
chr16	-69	2	2642.0	0.0757002271006813
chr16	-68	4	2687.0	0.14886490509862302
chr16	-67	7	2745.0	0.2550091074681239
chr16	-66	1	2790.0	0.035842293906810034
chr16	-65	1	2839.0	0.03522367030644593
chr16	-64	6	2881.0	0.20826102047900036
chr16	-63	7	2930.0	0.2389078498293515
chr16	-62	3	2980.0	0.10067114093959732
chr16	-61	14	3023.0	0.46311610982467744
chr16	-60	7	3071.0	0.22793878215564964
chr16	-59	8	3117.0	0.25665704202759065
chr16	-58	16	3187.0	0.5020395356134295
chr16	-57	3	3234.0	0.0927643784786642
chr16	-56	16	3278.0	0.4881025015253203
chr16	-55	1	3336.0	0.029976019184652276
chr16	-54	11	3397.0	0.32381513099793935
chr16	-53	8	3459.0	0.23128071697022262
chr16	-52	17	3513.0	0.48391688015940787
chr16	-51	2	3559.0	0.0561955605507165
chr16	-50	7	3633.0	0.1926782273603083
chr16	-49	6	3690.0	0.16260162601626016
chr16	-48	8	3748.0	0.21344717182497333
chr16	-47	6	3801.0	0.15785319652722968
chr16	-46	21	3854.0	0.5448884276076803
chr16	-45	8	3907.0	0.2047606859482979
chr16	-44	5	3971.0	0.12591286829513976
chr16	-43	6	4017.0	0.14936519790888725
chr16	-42	14	4073.0	0.3437269825681316
chr16	-41	4	4133.0	0.09678199854827002
chr16	-40	29	4179.0	0.6939459200765733
chr16	-39	8	4237.0	0.18881283927307055
chr16	-38	7	4291.0	0.1631321370309951
chr16	-37	9	4349.0	0.20694412508622673
chr16	-36	8	4400.0	0.18181818181818182
chr16	-35	12	4454.0	0.26942074539739563
chr16	-34	3	4513.0	0.06647462884998892
chr16	-33	10	4568.0	0.21891418563922943
chr16	-32	4	4640.0	0.08620689655172414
chr16	-31	6	4688.0	0.12798634812286688
chr16	-30	11	4732.0	0.23245984784446322
chr16	-29	7	4780.0	0.14644351464435146
chr16	-28	6	4814.0	0.12463647694225177
chr16	-27	22	4867.0	0.4520238339839737
chr16	-26	12	4913.0	0.24424994911459394
chr16	-25	8	4962.0	0.16122531237404272
chr16	-24	3	5010.0	0.059880239520958084
chr16	-23	5	5059.0	0.09883376161296697
chr16	-22	13	5127.0	0.25355958650282817
chr16	-21	3	5170.0	0.058027079303675046
chr16	-20	22	5252.0	0.41888804265041885
chr16	-19	10	5301.0	0.18864365214110546
chr16	-18	6	5354.0	0.11206574523720583
chr16	-17	27	5397.0	0.500277932184547
chr16	-16	41	5450.0	0.7522935779816514
chr16	-15	5	5486.0	0.09114108640174991
chr16	-14	29	5529.0	0.5245071441490324
chr16	-13	14	5608.0	0.24964336661911554
chr16	-12	4	5633.0	0.07101011894194922
chr16	-11	14	5688.0	0.24613220815752462
chr16	-10	21	5741.0	0.36578993206758403
chr16	-9	26	5741.0	0.45288277303605645
chr16	-8	8	5767.0	0.1387203051846714
chr16	-7	9	5769.0	0.15600624024961
chr16	-6	14	5770.0	0.24263431542461003
chr16	-5	13	5769.0	0.22534234702721442
chr16	-4	26	5769.0	0.45068469405442885
chr16	-3	11	5770.0	0.19064124783362218
chr16	-2	10	5769.0	0.17334026694401108
chr16	-1	24	5768.0	0.4160887656033287
chr16	0	20	5657.0	0.353544281421248
chr16	1	7	5617.0	0.1246216841730461
chr16	2	6	5562.0	0.10787486515641855
chr16	3	31	5517.0	0.5618995831067609
chr16	4	15	5470.0	0.2742230347349177
chr16	5	12	5425.0	0.22119815668202764
chr16	6	10	5378.0	0.1859427296392711
chr16	7	12	5338.0	0.22480329711502436
chr16	8	20	5258.0	0.3803727653100038
chr16	9	47	5204.0	0.90315142198309
chr16	10	9	5141.0	0.17506321727290408
chr16	11	3	5082.0	0.05903187721369539
chr16	12	5	5066.0	0.09869719699960522
chr16	13	64	4967.0	1.2885041272397826
chr16	14	8	4917.0	0.16270083384177345
chr16	15	27	4895.0	0.5515832482124617
chr16	16	32	4852.0	0.6595218466611706
chr16	17	6	4805.0	0.12486992715920915
chr16	18	9	4742.0	0.18979333614508645
chr16	19	15	4706.0	0.3187420314492138
chr16	20	11	4625.0	0.23783783783783785
chr16	21	15	4572.0	0.32808398950131235
chr16	22	4	4519.0	0.08851515822084532
chr16	23	7	4458.0	0.15702108568864961
chr16	24	11	4404.0	0.24977293369663942
chr16	25	20	4351.0	0.45966444495518266
chr16	26	11	4299.0	0.2558734589439404
chr16	27	8	4255.0	0.18801410105757932
chr16	28	5	4227.0	0.11828720132481667
chr16	29	3	4186.0	0.0716674629718108
chr16	30	9	4138.0	0.21749637506041566
chr16	31	6	4076.0	0.14720314033366044
chr16	32	8	4018.0	0.1991040318566451
chr16	33	5	3973.0	0.12584948401711551
chr16	34	5	3922.0	0.12748597654258031
chr16	35	11	3877.0	0.2837245292752128
chr16	36	10	3827.0	0.2613012803762738
chr16	37	12	3770.0	0.3183023872679045
chr16	38	11	3722.0	0.2955400322407308
chr16	39	24	3670.0	0.6539509536784741
chr16	40	4	3627.0	0.11028398125172319
chr16	41	13	3572.0	0.3639417693169093
chr16	42	7	3525.0	0.19858156028368795
chr16	43	8	3476.0	0.23014959723820483
chr16	44	8	3421.0	0.233849751534639
chr16	45	9	3366.0	0.267379679144385
chr16	46	2	3329.0	0.06007810153199159
chr16	47	9	3281.0	0.27430661383724475
chr16	48	10	3238.0	0.3088326127239036
chr16	49	8	3180.0	0.25157232704402516
chr16	50	7	3131.0	0.2235707441711913
chr16	51	8	3086.0	0.2592352559948153
chr16	52	20	3027.0	0.6607201850016519
chr16	53	17	2983.0	0.5698960777740529
chr16	54	5	2934.0	0.17041581458759372
chr16	55	9	2891.0	0.3113109650639917
chr16	56	7	2836.0	0.2468265162200282
chr16	57	1	2785.0	0.03590664272890485
chr16	58	11	2739.0	0.4016064257028112
chr16	59	4	2690.0	0.14869888475836432
chr16	60	19	2643.0	0.7188800605372683
chr16	61	6	2581.0	0.2324680356450988
chr16	62	3	2533.0	0.11843663639952626
chr16	63	6	2492.0	0.2407704654895666
chr16	64	9	2436.0	0.3694581280788177
chr16	65	11	2373.0	0.4635482511588706
chr16	66	6	2313.0	0.25940337224383914
chr16	67	1	2258.0	0.04428697962798937
chr16	68	3	2212.0	0.13562386980108498
chr16	69	4	2138.0	0.18709073900841908
chr16	70	8	2081.0	0.3844305622296973
chr16	71	1	2016.0	0.0496031746031746
chr16	72	5	1963.0	0.2547121752419766
chr16	73	5	1909.0	0.26191723415400736
chr16	74	9	1857.0	0.48465266558966075
chr16	75	5	1790.0	0.27932960893854747
chr16	76	6	1745.0	0.3438395415472779
chr16	77	2	1688.0	0.11848341232227488
chr16	78	12	1629.0	0.7366482504604052
chr16	79	5	1586.0	0.31525851197982346
chr16	80	5	1526.0	0.327653997378768
chr16	81	3	1473.0	0.20366598778004072
chr16	82	1	1414.0	0.07072135785007072
chr16	83	11	1364.0	0.8064516129032258
chr16	84	18	1310.0	1.3740458015267176
chr16	85	0	1249.0	0.0
chr16	86	3	1195.0	0.2510460251046025
chr16	87	2	1127.0	0.1774622892635315
chr16	88	3	1080.0	0.2777777777777778
chr16	89	2	1035.0	0.1932367149758454
chr16	90	4	987.0	0.4052684903748734
chr16	91	6	936.0	0.641025641025641
chr16	92	1	881.0	0.11350737797956867
chr16	93	1	836.0	0.11961722488038277
chr16	94	2	787.0	0.25412960609911056
chr16	95	6	740.0	0.8108108108108109
chr16	96	7	691.0	1.0130246020260492
chr16	97	3	624.0	0.4807692307692308
chr16	98	0	579.0	0.0
chr16	99	0	517.0	0.0
chr16	100	0	460.0	0.0
chr16	101	0	402.0	0.0
chr16	102	1	357.0	0.2801120448179272
chr16	103	1	308.0	0.3246753246753247
chr16	104	1	250.0	0.4
chr16	105	3	207.0	1.4492753623188406
chr16	106	0	158.0	0.0
chr16	107	0	107.0	0.0
chr16	108	0	51.0	0.0
chr16	109	0	0.0	nan
chr16	110	0	0.0	nan
chr16	111	0	0.0	nan
chr16	112	0	0.0	nan
chr16	113	0	0.0	nan
chr16	114	0	0.0	nan
chr16	115	0	0.0	nan
chr16	116	0	0.0	nan
chr16	117	0	0.0	nan
chr16	118	0	0.0	nan
chr16	119	0	0.0	nan
chr16	120	0	0.0	nan
chr16	121	0	0.0	nan
chr16	122	0	0.0	nan
chr16	123	0	0.0	nan
chr17	-121	0	1.0	0.0
chr17	-120	1	47.0	2.127659574468085
chr17	-119	1	93.0	1.0752688172043012
chr17	-118	0	144.0	0.0
chr17	-117	0	193.0	0.0
chr17	-116	0	238.0	0.0
chr17	-115	0	277.0	0.0
chr17	-114	0	325.0	0.0
chr17	-113	0	361.0	0.0
chr17	-112	0	400.0	0.0
chr17	-111	0	442.0	0.0
chr17	-110	2	480.0	0.4166666666666667
chr17	-109	0	526.0	0.0
chr17	-108	0	571.0	0.0
chr17	-107	0	601.0	0.0
chr17	-106	0	657.0	0.0
chr17	-105	0	701.0	0.0
chr17	-104	0	756.0	0.0
chr17	-103	2	814.0	0.2457002457002457
chr17	-102	1	848.0	0.1179245283018868
chr17	-101	2	892.0	0.2242152466367713
chr17	-100	1	923.0	0.10834236186348861
chr17	-99	0	965.0	0.0
chr17	-98	8	1011.0	0.791295746785361
chr17	-97	0	1067.0	0.0
chr17	-96	0	1123.0	0.0
chr17	-95	1	1162.0	0.08605851979345956
chr17	-94	0	1215.0	0.0
chr17	-93	6	1264.0	0.4746835443037975
chr17	-92	4	1301.0	0.3074558032282859
chr17	-91	0	1341.0	0.0
chr17	-90	3	1377.0	0.2178649237472767
chr17	-89	4	1422.0	0.2812939521800281
chr17	-88	3	1462.0	0.2051983584131327
chr17	-87	2	1510.0	0.13245033112582782
chr17	-86	2	1562.0	0.12804097311139565
chr17	-85	0	1611.0	0.0
chr17	-84	1	1656.0	0.06038647342995169
chr17	-83	3	1702.0	0.17626321974148063
chr17	-82	2	1748.0	0.11441647597254005
chr17	-81	9	1789.0	0.5030743432084964
chr17	-80	3	1829.0	0.16402405686167304
chr17	-79	26	1864.0	1.3948497854077253
chr17	-78	3	1907.0	0.15731515469323545
chr17	-77	5	1948.0	0.25667351129363447
chr17	-76	3	1996.0	0.15030060120240482
chr17	-75	1	2032.0	0.049212598425196846
chr17	-74	13	2084.0	0.6238003838771593
chr17	-73	3	2133.0	0.14064697609001406
chr17	-72	7	2177.0	0.3215434083601286
chr17	-71	3	2211.0	0.13568521031207598
chr17	-70	9	2256.0	0.39893617021276595
chr17	-69	4	2301.0	0.1738374619730552
chr17	-68	13	2344.0	0.5546075085324232
chr17	-67	2	2392.0	0.08361204013377926
chr17	-66	3	2435.0	0.12320328542094457
chr17	-65	5	2476.0	0.20193861066235863
chr17	-64	5	2533.0	0.19739439399921044
chr17	-63	6	2572.0	0.23328149300155523
chr17	-62	4	2616.0	0.1529051987767584
chr17	-61	3	2661.0	0.11273957158962795
chr17	-60	23	2703.0	0.8509064002959674
chr17	-59	8	2751.0	0.2908033442384587
chr17	-58	15	2796.0	0.5364806866952789
chr17	-57	7	2848.0	0.24578651685393257
chr17	-56	14	2897.0	0.4832585433206766
chr17	-55	2	2950.0	0.06779661016949153
chr17	-54	6	2999.0	0.20006668889629878
chr17	-53	6	3043.0	0.1971738416036806
chr17	-52	5	3091.0	0.16175994823681655
chr17	-51	8	3145.0	0.2543720190779014
chr17	-50	2	3197.0	0.06255864873318737
chr17	-49	15	3234.0	0.463821892393321
chr17	-48	17	3284.0	0.5176613885505481
chr17	-47	4	3329.0	0.12015620306398318
chr17	-46	10	3379.0	0.2959455460195324
chr17	-45	6	3418.0	0.17554125219426564
chr17	-44	14	3482.0	0.402067777139575
chr17	-43	24	3522.0	0.6814310051107325
chr17	-42	2	3555.0	0.05625879043600562
chr17	-41	4	3606.0	0.11092623405435387
chr17	-40	3	3653.0	0.08212428141253764
chr17	-39	3	3695.0	0.08119079837618402
chr17	-38	24	3735.0	0.642570281124498
chr17	-37	4	3785.0	0.10568031704095111
chr17	-36	11	3837.0	0.2866823038832421
chr17	-35	2	3877.0	0.051586278050038695
chr17	-34	5	3923.0	0.1274534794799898
chr17	-33	5	3968.0	0.12600806451612903
chr17	-32	5	4025.0	0.12422360248447205
chr17	-31	11	4081.0	0.2695417789757413
chr17	-30	11	4125.0	0.26666666666666666
chr17	-29	16	4164.0	0.38424591738712777
chr17	-28	11	4209.0	0.2613447374673319
chr17	-27	21	4263.0	0.49261083743842365
chr17	-26	6	4300.0	0.13953488372093023
chr17	-25	7	4340.0	0.16129032258064516
chr17	-24	13	4370.0	0.2974828375286041
chr17	-23	40	4425.0	0.903954802259887
chr17	-22	4	4473.0	0.0894254415381176
chr17	-21	35	4512.0	0.775709219858156
chr17	-20	6	4561.0	0.131550098662574
chr17	-19	13	4618.0	0.281507145950628
chr17	-18	6	4667.0	0.128562245553889
chr17	-17	11	4702.0	0.23394300297745638
chr17	-16	18	4757.0	0.37838974143367665
chr17	-15	12	4801.0	0.24994792751510103
chr17	-14	11	4842.0	0.22717885171416768
chr17	-13	39	4871.0	0.8006569492917266
chr17	-12	7	4936.0	0.14181523500810372
chr17	-11	15	4977.0	0.3013863773357444
chr17	-10	8	5027.0	0.15914064054107818
chr17	-9	6	5029.0	0.11930801352157487
chr17	-8	4	5032.0	0.0794912559618442
chr17	-7	7	5031.0	0.139137348439674
chr17	-6	27	5032.0	0.5365659777424483
chr17	-5	9	5023.0	0.17917579135974518
chr17	-4	14	5032.0	0.27821939586645467
chr17	-3	8	5032.0	0.1589825119236884
chr17	-2	13	5033.0	0.25829525134114845
chr17	-1	9	5033.0	0.17881978939002582
chr17	0	12	4939.0	0.24296416278598906
chr17	1	35	4888.0	0.7160392798690671
chr17	2	9	4837.0	0.18606574322927436
chr17	3	10	4789.0	0.20881186051367717
chr17	4	6	4741.0	0.1265555789917739
chr17	5	20	4707.0	0.42489908646696406
chr17	6	6	4670.0	0.1284796573875803
chr17	7	7	4632.0	0.15112262521588948
chr17	8	16	4586.0	0.3488879197557785
chr17	9	8	4548.0	0.1759014951627089
chr17	10	19	4506.0	0.42166000887705285
chr17	11	10	4461.0	0.22416498542927593
chr17	12	37	4406.0	0.8397639582387654
chr17	13	14	4372.0	0.32021957913998167
chr17	14	5	4327.0	0.11555350127108852
chr17	15	24	4274.0	0.5615348619560131
chr17	16	8	4205.0	0.1902497027348395
chr17	17	17	4182.0	0.40650406504065045
chr17	18	20	4137.0	0.48344210780759
chr17	19	11	4108.0	0.26777020447906524
chr17	20	26	4065.0	0.6396063960639606
chr17	21	11	4020.0	0.27363184079601993
chr17	22	38	3960.0	0.9595959595959596
chr17	23	6	3904.0	0.15368852459016394
chr17	24	14	3870.0	0.3617571059431524
chr17	25	2	3817.0	0.052397170552790154
chr17	26	16	3765.0	0.4249667994687915
chr17	27	3	3729.0	0.08045052292839903
chr17	28	17	3688.0	0.46095444685466375
chr17	29	6	3652.0	0.16429353778751368
chr17	30	7	3606.0	0.19412090959511924
chr17	31	10	3566.0	0.28042624789680315
chr17	32	16	3518.0	0.45480386583285953
chr17	33	6	3464.0	0.17321016166281755
chr17	34	7	3416.0	0.20491803278688525
chr17	35	10	3371.0	0.29664787896766537
chr17	36	13	3324.0	0.3910950661853189
chr17	37	18	3278.0	0.5491153142159854
chr17	38	7	3237.0	0.2162496138399753
chr17	39	8	3197.0	0.25023459493274947
chr17	40	7	3163.0	0.2213088839709137
chr17	41	9	3119.0	0.28855402372555305
chr17	42	18	3079.0	0.5846053913608315
chr17	43	26	3030.0	0.8580858085808581
chr17	44	12	2976.0	0.4032258064516129
chr17	45	6	2943.0	0.20387359836901123
chr17	46	15	2892.0	0.5186721991701244
chr17	47	20	2849.0	0.7020007020007021
chr17	48	13	2812.0	0.46230440967283076
chr17	49	5	2769.0	0.18057060310581438
chr17	50	2	2724.0	0.07342143906020558
chr17	51	5	2682.0	0.18642803877703207
chr17	52	2	2634.0	0.07593014426727411
chr17	53	5	2592.0	0.19290123456790123
chr17	54	5	2549.0	0.1961553550411926
chr17	55	8	2493.0	0.3208985158443642
chr17	56	15	2454.0	0.6112469437652812
chr17	57	23	2409.0	0.9547530095475302
chr17	58	4	2364.0	0.1692047377326565
chr17	59	20	2322.0	0.8613264427217916
chr17	60	4	2274.0	0.1759014951627089
chr17	61	3	2229.0	0.13458950201884254
chr17	62	2	2178.0	0.09182736455463728
chr17	63	7	2128.0	0.3289473684210526
chr17	64	8	2076.0	0.3853564547206166
chr17	65	3	2027.0	0.1480019733596448
chr17	66	5	1982.0	0.2522704339051463
chr17	67	11	1935.0	0.5684754521963824
chr17	68	5	1880.0	0.26595744680851063
chr17	69	9	1827.0	0.49261083743842365
chr17	70	6	1792.0	0.33482142857142855
chr17	71	5	1742.0	0.28702640642939153
chr17	72	5	1695.0	0.2949852507374631
chr17	73	13	1646.0	0.7897934386391251
chr17	74	4	1597.0	0.25046963055729493
chr17	75	3	1544.0	0.19430051813471502
chr17	76	3	1503.0	0.19960079840319359
chr17	77	5	1470.0	0.3401360544217687
chr17	78	10	1420.0	0.7042253521126761
chr17	79	5	1373.0	0.3641660597232338
chr17	80	6	1331.0	0.4507888805409466
chr17	81	2	1290.0	0.15503875968992248
chr17	82	5	1244.0	0.40192926045016075
chr17	83	1	1192.0	0.08389261744966443
chr17	84	2	1152.0	0.1736111111111111
chr17	85	2	1107.0	0.18066847335140018
chr17	86	1	1062.0	0.09416195856873823
chr17	87	3	1004.0	0.29880478087649404
chr17	88	1	951.0	0.10515247108307045
chr17	89	4	906.0	0.44150110375275936
chr17	90	7	866.0	0.8083140877598153
chr17	91	3	822.0	0.36496350364963503
chr17	92	4	767.0	0.5215123859191656
chr17	93	2	731.0	0.27359781121751026
chr17	94	3	692.0	0.4335260115606936
chr17	95	1	660.0	0.15151515151515152
chr17	96	0	606.0	0.0
chr17	97	6	560.0	1.0714285714285714
chr17	98	2	521.0	0.3838771593090211
chr17	99	0	472.0	0.0
chr17	100	6	415.0	1.4457831325301205
chr17	101	0	366.0	0.0
chr17	102	0	322.0	0.0
chr17	103	1	276.0	0.36231884057971014
chr17	104	1	231.0	0.4329004329004329
chr17	105	1	190.0	0.5263157894736842
chr17	106	1	141.0	0.7092198581560284
chr17	107	0	97.0	0.0
chr17	108	0	56.0	0.0
chr17	109	0	0.0	nan
chr17	110	0	0.0	nan
chr17	111	0	0.0	nan
chr17	112	0	0.0	nan
chr17	113	0	0.0	nan
chr17	114	0	0.0	nan
chr17	115	0	0.0	nan
chr17	116	0	0.0	nan
chr17	117	0	0.0	nan
chr17	118	0	0.0	nan
chr17	119	0	0.0	nan
chr17	120	0	0.0	nan
chr18	-123	0	1.0	0.0
chr18	-122	0	2.0	0.0
chr18	-121	0	2.0	0.0
chr18	-120	0	38.0	0.0
chr18	-119	0	68.0	0.0
chr18	-118	0	103.0	0.0
chr18	-117	2	130.0	1.5384615384615385
chr18	-116	0	161.0	0.0
chr18	-115	0	190.0	0.0
chr18	-114	0	223.0	0.0
chr18	-113	0	257.0	0.0
chr18	-112	0	278.0	0.0
chr18	-111	0	313.0	0.0
chr18	-110	0	339.0	0.0
chr18	-109	0	376.0	0.0
chr18	-108	0	398.0	0.0
chr18	-107	3	436.0	0.6880733944954129
chr18	-106	1	463.0	0.21598272138228944
chr18	-105	0	491.0	0.0
chr18	-104	1	517.0	0.19342359767891684
chr18	-103	3	550.0	0.5454545454545455
chr18	-102	7	578.0	1.2110726643598615
chr18	-101	2	609.0	0.3284072249589491
chr18	-100	1	634.0	0.15772870662460567
chr18	-99	3	671.0	0.44709388971684055
chr18	-98	3	695.0	0.4316546762589928
chr18	-97	1	729.0	0.1371742112482853
chr18	-96	1	752.0	0.13297872340425532
chr18	-95	3	781.0	0.3841229193341869
chr18	-94	2	816.0	0.24509803921568626
chr18	-93	3	857.0	0.3500583430571762
chr18	-92	0	885.0	0.0
chr18	-91	4	917.0	0.43620501635768816
chr18	-90	2	942.0	0.21231422505307856
chr18	-89	8	978.0	0.81799591002045
chr18	-88	16	1006.0	1.5904572564612325
chr18	-87	0	1040.0	0.0
chr18	-86	7	1078.0	0.6493506493506493
chr18	-85	3	1106.0	0.27124773960216997
chr18	-84	2	1139.0	0.17559262510974538
chr18	-83	8	1169.0	0.6843455945252352
chr18	-82	6	1193.0	0.5029337803855826
chr18	-81	6	1217.0	0.4930156121610517
chr18	-80	4	1244.0	0.3215434083601286
chr18	-79	1	1275.0	0.0784313725490196
chr18	-78	1	1308.0	0.0764525993883792
chr18	-77	8	1348.0	0.5934718100890208
chr18	-76	13	1380.0	0.9420289855072465
chr18	-75	3	1418.0	0.21156558533145275
chr18	-74	4	1453.0	0.27529249827942187
chr18	-73	1	1486.0	0.06729475100942127
chr18	-72	12	1509.0	0.7952286282306162
chr18	-71	3	1542.0	0.19455252918287938
chr18	-70	3	1573.0	0.19071837253655435
chr18	-69	6	1604.0	0.3740648379052369
chr18	-68	2	1640.0	0.12195121951219512
chr18	-67	2	1664.0	0.1201923076923077
chr18	-66	4	1691.0	0.2365464222353637
chr18	-65	1	1726.0	0.057937427578215524
chr18	-64	29	1753.0	1.654306902452938
chr18	-63	4	1775.0	0.22535211267605634
chr18	-62	6	1802.0	0.3329633740288568
chr18	-61	3	1824.0	0.1644736842105263
chr18	-60	9	1844.0	0.4880694143167028
chr18	-59	6	1881.0	0.3189792663476874
chr18	-58	4	1910.0	0.20942408376963353
chr18	-57	25	1944.0	1.286008230452675
chr18	-56	1	1978.0	0.05055611729019212
chr18	-55	0	2018.0	0.0
chr18	-54	9	2052.0	0.43859649122807015
chr18	-53	1	2084.0	0.04798464491362764
chr18	-52	2	2111.0	0.09474182851729039
chr18	-51	22	2132.0	1.0318949343339587
chr18	-50	1	2171.0	0.046061722708429294
chr18	-49	8	2212.0	0.3616636528028933
chr18	-48	22	2241.0	0.9817045961624274
chr18	-47	3	2277.0	0.13175230566534915
chr18	-46	4	2325.0	0.17204301075268819
chr18	-45	10	2358.0	0.4240882103477523
chr18	-44	3	2378.0	0.1261564339781329
chr18	-43	9	2408.0	0.37375415282392027
chr18	-42	5	2432.0	0.20559210526315788
chr18	-41	2	2458.0	0.08136696501220504
chr18	-40	6	2487.0	0.24125452352231602
chr18	-39	2	2518.0	0.07942811755361398
chr18	-38	12	2558.0	0.46911649726348714
chr18	-37	8	2601.0	0.30757400999615536
chr18	-36	3	2646.0	0.11337868480725624
chr18	-35	7	2680.0	0.2611940298507463
chr18	-34	5	2717.0	0.18402649981597352
chr18	-33	4	2744.0	0.1457725947521866
chr18	-32	3	2773.0	0.10818608005769925
chr18	-31	12	2803.0	0.4281127363539065
chr18	-30	13	2831.0	0.4592016955139526
chr18	-29	3	2839.0	0.10567101091933778
chr18	-28	6	2883.0	0.20811654526534862
chr18	-27	9	2915.0	0.30874785591766724
chr18	-26	3	2944.0	0.10190217391304347
chr18	-25	2	2958.0	0.0676132521974307
chr18	-24	5	2994.0	0.16700066800267202
chr18	-23	17	3048.0	0.5577427821522309
chr18	-22	4	3073.0	0.13016596160104132
chr18	-21	30	3104.0	0.9664948453608248
chr18	-20	5	3133.0	0.15959144589849983
chr18	-19	1	3159.0	0.03165558721114277
chr18	-18	4	3194.0	0.12523481527864747
chr18	-17	3	3218.0	0.09322560596643878
chr18	-16	3	3245.0	0.09244992295839753
chr18	-15	8	3283.0	0.24367956137678953
chr18	-14	6	3313.0	0.18110473890733475
chr18	-13	1	3342.0	0.029922202274087373
chr18	-12	4	3370.0	0.11869436201780414
chr18	-11	4	3384.0	0.1182033096926714
chr18	-10	3	3408.0	0.08802816901408451
chr18	-9	9	3409.0	0.26400704018773835
chr18	-8	3	3410.0	0.08797653958944282
chr18	-7	4	3410.0	0.11730205278592376
chr18	-6	5	3410.0	0.1466275659824047
chr18	-5	10	3409.0	0.2933411557641537
chr18	-4	6	3409.0	0.1760046934584922
chr18	-3	5	3410.0	0.1466275659824047
chr18	-2	9	3409.0	0.26400704018773835
chr18	-1	15	3410.0	0.43988269794721413
chr18	0	15	3340.0	0.4491017964071856
chr18	1	8	3305.0	0.2420574886535552
chr18	2	11	3278.0	0.33557046979865773
chr18	3	6	3245.0	0.18489984591679506
chr18	4	8	3216.0	0.24875621890547264
chr18	5	7	3184.0	0.2198492462311558
chr18	6	10	3149.0	0.31756113051762463
chr18	7	2	3129.0	0.06391818472355384
chr18	8	1	3093.0	0.032331070158422244
chr18	9	4	3068.0	0.1303780964797914
chr18	10	4	3032.0	0.13192612137203166
chr18	11	9	3010.0	0.29900332225913623
chr18	12	8	2971.0	0.26926960619320095
chr18	13	7	2944.0	0.2377717391304348
chr18	14	6	2915.0	0.2058319039451115
chr18	15	3	2889.0	0.10384215991692627
chr18	16	12	2856.0	0.42016806722689076
chr18	17	3	2827.0	0.10611956137247967
chr18	18	5	2798.0	0.17869907076483202
chr18	19	1	2773.0	0.03606202668589975
chr18	20	13	2736.0	0.4751461988304093
chr18	21	4	2711.0	0.14754703061600885
chr18	22	13	2675.0	0.48598130841121495
chr18	23	7	2642.0	0.26495079485238454
chr18	24	6	2613.0	0.2296211251435132
chr18	25	5	2587.0	0.1932740626207963
chr18	26	4	2547.0	0.15704750687082844
chr18	27	7	2519.0	0.277888050813815
chr18	28	3	2471.0	0.12140833670578711
chr18	29	16	2462.0	0.6498781478472786
chr18	30	7	2426.0	0.2885408079142622
chr18	31	10	2396.0	0.41736227045075125
chr18	32	7	2365.0	0.2959830866807611
chr18	33	5	2327.0	0.21486892995272885
chr18	34	2	2298.0	0.08703220191470844
chr18	35	0	2266.0	0.0
chr18	36	12	2234.0	0.5371530886302597
chr18	37	6	2209.0	0.2716161158895428
chr18	38	3	2177.0	0.13780431786862654
chr18	39	2	2151.0	0.09298000929800093
chr18	40	5	2120.0	0.2358490566037736
chr18	41	6	2087.0	0.287494010541447
chr18	42	5	2047.0	0.24425989252564728
chr18	43	14	2016.0	0.6944444444444444
chr18	44	0	1984.0	0.0
chr18	45	4	1953.0	0.2048131080389145
chr18	46	8	1920.0	0.4166666666666667
chr18	47	18	1896.0	0.949367088607595
chr18	48	7	1864.0	0.37553648068669526
chr18	49	1	1833.0	0.05455537370430987
chr18	50	10	1800.0	0.5555555555555556
chr18	51	4	1765.0	0.22662889518413595
chr18	52	2	1741.0	0.11487650775416428
chr18	53	11	1714.0	0.6417736289381564
chr18	54	7	1678.0	0.4171632896305125
chr18	55	4	1652.0	0.24213075060532688
chr18	56	12	1630.0	0.7361963190184049
chr18	57	2	1604.0	0.12468827930174563
chr18	58	0	1582.0	0.0
chr18	59	9	1562.0	0.5761843790012804
chr18	60	7	1524.0	0.45931758530183725
chr18	61	5	1496.0	0.3342245989304813
chr18	62	2	1462.0	0.13679890560875513
chr18	63	14	1428.0	0.9803921568627451
chr18	64	2	1388.0	0.1440922190201729
chr18	65	0	1354.0	0.0
chr18	66	3	1322.0	0.22692889561270801
chr18	67	5	1295.0	0.3861003861003861
chr18	68	4	1273.0	0.3142183817753339
chr18	69	3	1235.0	0.24291497975708504
chr18	70	6	1194.0	0.5025125628140703
chr18	71	23	1165.0	1.9742489270386268
chr18	72	4	1128.0	0.3546099290780142
chr18	73	2	1081.0	0.18501387604070307
chr18	74	5	1048.0	0.4770992366412214
chr18	75	7	1015.0	0.6896551724137931
chr18	76	9	984.0	0.9146341463414633
chr18	77	5	960.0	0.5208333333333333
chr18	78	1	934.0	0.10706638115631692
chr18	79	5	906.0	0.5518763796909493
chr18	80	3	874.0	0.34324942791762014
chr18	81	8	840.0	0.9523809523809524
chr18	82	13	799.0	1.6270337922403004
chr18	83	3	762.0	0.39370078740157477
chr18	84	3	727.0	0.41265474552957354
chr18	85	2	692.0	0.2890173410404624
chr18	86	4	666.0	0.6006006006006006
chr18	87	5	632.0	0.7911392405063291
chr18	88	5	606.0	0.825082508250825
chr18	89	5	578.0	0.8650519031141869
chr18	90	2	555.0	0.36036036036036034
chr18	91	4	526.0	0.7604562737642585
chr18	92	1	494.0	0.20242914979757085
chr18	93	1	465.0	0.21505376344086022
chr18	94	1	441.0	0.22675736961451248
chr18	95	2	405.0	0.49382716049382713
chr18	96	0	361.0	0.0
chr18	97	1	336.0	0.2976190476190476
chr18	98	0	306.0	0.0
chr18	99	1	277.0	0.36101083032490977
chr18	100	1	251.0	0.398406374501992
chr18	101	0	215.0	0.0
chr18	102	0	192.0	0.0
chr18	103	0	165.0	0.0
chr18	104	0	127.0	0.0
chr18	105	1	97.0	1.0309278350515463
chr18	106	1	68.0	1.4705882352941175
chr18	107	0	39.0	0.0
chr18	108	0	26.0	0.0
chr18	109	0	0.0	nan
chr18	110	0	0.0	nan
chr18	111	0	0.0	nan
chr18	112	0	0.0	nan
chr18	113	0	0.0	nan
chr18	114	0	0.0	nan
chr18	115	0	0.0	nan
chr18	116	0	0.0	nan
chr18	117	0	0.0	nan
chr18	118	0	0.0	nan
chr18	119	0	0.0	nan
chr18	120	0	0.0	nan
chr18	121	0	0.0	nan
chr18	122	0	0.0	nan
chr18	123	0	0.0	nan
chr18	124	0	0.0	nan
chr19	-124	0	1.0	0.0
chr19	-123	0	1.0	0.0
chr19	-122	0	1.0	0.0
chr19	-121	0	4.0	0.0
chr19	-120	0	23.0	0.0
chr19	-119	0	47.0	0.0
chr19	-118	0	74.0	0.0
chr19	-117	0	95.0	0.0
chr19	-116	0	117.0	0.0
chr19	-115	0	139.0	0.0
chr19	-114	0	167.0	0.0
chr19	-113	0	191.0	0.0
chr19	-112	0	220.0	0.0
chr19	-111	0	243.0	0.0
chr19	-110	0	272.0	0.0
chr19	-109	2	312.0	0.641025641025641
chr19	-108	0	333.0	0.0
chr19	-107	1	362.0	0.2762430939226519
chr19	-106	0	382.0	0.0
chr19	-105	2	404.0	0.49504950495049505
chr19	-104	0	437.0	0.0
chr19	-103	1	478.0	0.20920502092050208
chr19	-102	1	509.0	0.19646365422396855
chr19	-101	0	531.0	0.0
chr19	-100	1	565.0	0.17699115044247787
chr19	-99	1	589.0	0.1697792869269949
chr19	-98	0	621.0	0.0
chr19	-97	2	641.0	0.31201248049922
chr19	-96	1	658.0	0.1519756838905775
chr19	-95	0	687.0	0.0
chr19	-94	2	718.0	0.2785515320334262
chr19	-93	2	748.0	0.267379679144385
chr19	-92	1	770.0	0.12987012987012986
chr19	-91	1	791.0	0.12642225031605564
chr19	-90	2	809.0	0.2472187886279357
chr19	-89	2	835.0	0.23952095808383234
chr19	-88	5	860.0	0.5813953488372093
chr19	-87	0	889.0	0.0
chr19	-86	3	908.0	0.3303964757709251
chr19	-85	2	942.0	0.21231422505307856
chr19	-84	1	975.0	0.10256410256410256
chr19	-83	0	1004.0	0.0
chr19	-82	0	1035.0	0.0
chr19	-81	0	1071.0	0.0
chr19	-80	4	1103.0	0.3626473254759746
chr19	-79	2	1129.0	0.1771479185119575
chr19	-78	5	1168.0	0.4280821917808219
chr19	-77	2	1198.0	0.1669449081803005
chr19	-76	1	1217.0	0.08216926869350863
chr19	-75	5	1247.0	0.40096230954290296
chr19	-74	2	1278.0	0.1564945226917058
chr19	-73	3	1306.0	0.22970903522205208
chr19	-72	0	1336.0	0.0
chr19	-71	11	1363.0	0.8070432868672046
chr19	-70	1	1405.0	0.0711743772241993
chr19	-69	4	1431.0	0.2795248078266946
chr19	-68	2	1460.0	0.136986301369863
chr19	-67	1	1489.0	0.0671591672263264
chr19	-66	3	1519.0	0.19749835418038184
chr19	-65	3	1547.0	0.19392372333548805
chr19	-64	3	1572.0	0.19083969465648853
chr19	-63	4	1596.0	0.2506265664160401
chr19	-62	4	1625.0	0.24615384615384617
chr19	-61	2	1653.0	0.12099213551119178
chr19	-60	2	1680.0	0.11904761904761905
chr19	-59	2	1702.0	0.11750881316098707
chr19	-58	8	1742.0	0.4592422502870264
chr19	-57	4	1775.0	0.22535211267605634
chr19	-56	9	1803.0	0.49916805324459235
chr19	-55	4	1829.0	0.2186987424822307
chr19	-54	5	1850.0	0.2702702702702703
chr19	-53	4	1875.0	0.21333333333333335
chr19	-52	3	1898.0	0.15806111696522657
chr19	-51	7	1928.0	0.3630705394190871
chr19	-50	3	1943.0	0.1544004117344313
chr19	-49	7	1979.0	0.35371399696816574
chr19	-48	2	2005.0	0.0997506234413965
chr19	-47	12	2038.0	0.5888125613346418
chr19	-46	6	2056.0	0.2918287937743191
chr19	-45	2	2079.0	0.0962000962000962
chr19	-44	12	2114.0	0.5676442762535477
chr19	-43	2	2134.0	0.09372071227741331
chr19	-42	0	2163.0	0.0
chr19	-41	3	2188.0	0.13711151736745886
chr19	-40	15	2206.0	0.6799637352674524
chr19	-39	2	2249.0	0.08892841262783459
chr19	-38	7	2276.0	0.30755711775043937
chr19	-37	11	2305.0	0.4772234273318872
chr19	-36	9	2339.0	0.38477982043608383
chr19	-35	6	2372.0	0.25295109612141653
chr19	-34	6	2400.0	0.25
chr19	-33	12	2417.0	0.4964832436905255
chr19	-32	4	2434.0	0.16433853738701726
chr19	-31	30	2460.0	1.2195121951219512
chr19	-30	5	2495.0	0.2004008016032064
chr19	-29	3	2524.0	0.11885895404120445
chr19	-28	12	2561.0	0.4685669660288949
chr19	-27	6	2584.0	0.23219814241486067
chr19	-26	1	2615.0	0.03824091778202677
chr19	-25	16	2641.0	0.605831124574025
chr19	-24	14	2670.0	0.5243445692883896
chr19	-23	0	2698.0	0.0
chr19	-22	38	2727.0	1.3934726806013935
chr19	-21	7	2755.0	0.2540834845735027
chr19	-20	16	2786.0	0.574300071787509
chr19	-19	14	2806.0	0.4989308624376337
chr19	-18	6	2841.0	0.21119324181626187
chr19	-17	8	2874.0	0.2783576896311761
chr19	-16	6	2896.0	0.20718232044198895
chr19	-15	7	2919.0	0.2398081534772182
chr19	-14	10	2942.0	0.3399048266485384
chr19	-13	10	2966.0	0.33715441672285906
chr19	-12	7	2992.0	0.2339572192513369
chr19	-11	14	3021.0	0.4634227077126779
chr19	-10	13	3046.0	0.4267892317793828
chr19	-9	2	3046.0	0.06565988181221273
chr19	-8	4	3045.0	0.13136288998357964
chr19	-7	9	3052.0	0.2948885976408912
chr19	-6	3	3052.0	0.09829619921363039
chr19	-5	6	3049.0	0.19678583142013775
chr19	-4	5	3052.0	0.163826998689384
chr19	-3	25	3052.0	0.8191349934469201
chr19	-2	2	3051.0	0.06555227794165848
chr19	-1	14	3052.0	0.45871559633027525
chr19	0	12	3005.0	0.3993344425956739
chr19	1	8	2978.0	0.2686366689053056
chr19	2	25	2957.0	0.8454514710855596
chr19	3	7	2935.0	0.2385008517887564
chr19	4	10	2908.0	0.34387895460797796
chr19	5	11	2886.0	0.38115038115038113
chr19	6	12	2861.0	0.4194337644180357
chr19	7	6	2832.0	0.211864406779661
chr19	8	6	2809.0	0.21359914560341758
chr19	9	7	2781.0	0.25170801869830994
chr19	10	4	2740.0	0.145985401459854
chr19	11	9	2718.0	0.33112582781456956
chr19	12	9	2693.0	0.33419977720014854
chr19	13	8	2673.0	0.29928918817807704
chr19	14	11	2651.0	0.4149377593360996
chr19	15	8	2618.0	0.30557677616501144
chr19	16	8	2576.0	0.3105590062111801
chr19	17	5	2545.0	0.19646365422396855
chr19	18	7	2521.0	0.2776675922253074
chr19	19	19	2489.0	0.7633587786259541
chr19	20	6	2465.0	0.2434077079107505
chr19	21	14	2433.0	0.5754212905877518
chr19	22	10	2410.0	0.4149377593360996
chr19	23	24	2393.0	1.0029251984956122
chr19	24	10	2362.0	0.42337002540220153
chr19	25	7	2333.0	0.30004286326618085
chr19	26	12	2304.0	0.5208333333333333
chr19	27	13	2281.0	0.5699254712845244
chr19	28	4	2261.0	0.17691287041132242
chr19	29	10	2242.0	0.44603033006244425
chr19	30	24	2216.0	1.083032490974729
chr19	31	17	2178.0	0.7805325987144168
chr19	32	16	2149.0	0.7445323406235459
chr19	33	3	2128.0	0.14097744360902253
chr19	34	10	2110.0	0.47393364928909953
chr19	35	5	2077.0	0.2407318247472316
chr19	36	5	2048.0	0.244140625
chr19	37	5	2017.0	0.2478929102627665
chr19	38	8	1979.0	0.404244567963618
chr19	39	24	1942.0	1.235839340885685
chr19	40	6	1923.0	0.31201248049922
chr19	41	4	1883.0	0.21242697822623471
chr19	42	5	1854.0	0.2696871628910464
chr19	43	9	1834.0	0.49073064340239914
chr19	44	4	1803.0	0.22185246810870773
chr19	45	4	1773.0	0.2256063169768754
chr19	46	8	1745.0	0.4584527220630372
chr19	47	7	1715.0	0.40816326530612246
chr19	48	6	1684.0	0.35629453681710216
chr19	49	4	1646.0	0.24301336573511542
chr19	50	5	1620.0	0.30864197530864196
chr19	51	2	1592.0	0.12562814070351758
chr19	52	6	1563.0	0.3838771593090211
chr19	53	3	1532.0	0.19582245430809397
chr19	54	11	1505.0	0.7308970099667774
chr19	55	2	1480.0	0.13513513513513514
chr19	56	5	1455.0	0.3436426116838488
chr19	57	3	1426.0	0.21037868162692847
chr19	58	8	1398.0	0.5722460658082975
chr19	59	7	1371.0	0.5105762217359592
chr19	60	4	1349.0	0.2965159377316531
chr19	61	3	1309.0	0.2291825821237586
chr19	62	2	1276.0	0.1567398119122257
chr19	63	3	1248.0	0.2403846153846154
chr19	64	2	1224.0	0.16339869281045752
chr19	65	9	1201.0	0.7493755203996669
chr19	66	1	1178.0	0.08488964346349745
chr19	67	7	1155.0	0.6060606060606061
chr19	68	3	1124.0	0.26690391459074736
chr19	69	3	1108.0	0.2707581227436823
chr19	70	5	1071.0	0.4668534080298786
chr19	71	6	1045.0	0.5741626794258373
chr19	72	1	1013.0	0.09871668311944717
chr19	73	1	994.0	0.1006036217303823
chr19	74	8	972.0	0.823045267489712
chr19	75	5	937.0	0.5336179295624333
chr19	76	3	917.0	0.3271537622682661
chr19	77	7	888.0	0.7882882882882882
chr19	78	1	864.0	0.11574074074074073
chr19	79	5	832.0	0.6009615384615385
chr19	80	2	803.0	0.24906600249066002
chr19	81	1	776.0	0.12886597938144329
chr19	82	1	747.0	0.13386880856760375
chr19	83	1	713.0	0.1402524544179523
chr19	84	1	681.0	0.14684287812041116
chr19	85	2	649.0	0.30816640986132515
chr19	86	1	633.0	0.1579778830963665
chr19	87	10	616.0	1.6233766233766231
chr19	88	3	594.0	0.5050505050505051
chr19	89	1	559.0	0.17889087656529518
chr19	90	0	529.0	0.0
chr19	91	4	493.0	0.8113590263691683
chr19	92	1	470.0	0.2127659574468085
chr19	93	3	438.0	0.684931506849315
chr19	94	0	412.0	0.0
chr19	95	2	384.0	0.5208333333333333
chr19	96	1	356.0	0.2808988764044944
chr19	97	0	326.0	0.0
chr19	98	0	298.0	0.0
chr19	99	1	267.0	0.37453183520599254
chr19	100	0	245.0	0.0
chr19	101	0	211.0	0.0
chr19	102	0	178.0	0.0
chr19	103	1	156.0	0.641025641025641
chr19	104	0	133.0	0.0
chr19	105	1	111.0	0.9009009009009009
chr19	106	0	88.0	0.0
chr19	107	0	59.0	0.0
chr19	108	0	25.0	0.0
chr19	109	0	0.0	nan
chr19	110	0	0.0	nan
chr19	111	0	0.0	nan
chr19	112	0	0.0	nan
chr19	113	0	0.0	nan
chr19	114	0	0.0	nan
chr19	115	0	0.0	nan
chr19	116	0	0.0	nan
chr19	117	0	0.0	nan
chr19	118	0	0.0	nan
chr19	119	0	0.0	nan
chr19	120	0	0.0	nan
chr21	-120	0	18.0	0.0
chr21	-119	0	34.0	0.0
chr21	-118	0	58.0	0.0
chr21	-117	0	85.0	0.0
chr21	-116	0	107.0	0.0
chr21	-115	0	131.0	0.0
chr21	-114	1	146.0	0.684931506849315
chr21	-113	0	164.0	0.0
chr21	-112	0	180.0	0.0
chr21	-111	0	195.0	0.0
chr21	-110	0	214.0	0.0
chr21	-109	3	228.0	1.3157894736842104
chr21	-108	0	250.0	0.0
chr21	-107	0	265.0	0.0
chr21	-106	0	286.0	0.0
chr21	-105	0	311.0	0.0
chr21	-104	2	325.0	0.6153846153846154
chr21	-103	0	351.0	0.0
chr21	-102	0	376.0	0.0
chr21	-101	0	391.0	0.0
chr21	-100	1	412.0	0.24271844660194172
chr21	-99	1	435.0	0.22988505747126436
chr21	-98	0	457.0	0.0
chr21	-97	1	476.0	0.21008403361344538
chr21	-96	1	495.0	0.20202020202020202
chr21	-95	1	514.0	0.19455252918287938
chr21	-94	3	540.0	0.5555555555555556
chr21	-93	11	565.0	1.9469026548672566
chr21	-92	3	585.0	0.5128205128205128
chr21	-91	0	600.0	0.0
chr21	-90	1	625.0	0.16
chr21	-89	0	645.0	0.0
chr21	-88	1	665.0	0.15037593984962408
chr21	-87	1	693.0	0.1443001443001443
chr21	-86	3	712.0	0.42134831460674155
chr21	-85	0	734.0	0.0
chr21	-84	0	759.0	0.0
chr21	-83	7	780.0	0.8974358974358974
chr21	-82	1	798.0	0.12531328320802004
chr21	-81	0	824.0	0.0
chr21	-80	1	841.0	0.11890606420927466
chr21	-79	3	868.0	0.3456221198156682
chr21	-78	5	892.0	0.5605381165919282
chr21	-77	3	918.0	0.32679738562091504
chr21	-76	0	945.0	0.0
chr21	-75	5	963.0	0.5192107995846313
chr21	-74	5	982.0	0.5091649694501018
chr21	-73	11	1000.0	1.0999999999999999
chr21	-72	1	1026.0	0.09746588693957114
chr21	-71	0	1048.0	0.0
chr21	-70	3	1074.0	0.27932960893854747
chr21	-69	4	1090.0	0.3669724770642202
chr21	-68	1	1111.0	0.09000900090009001
chr21	-67	2	1131.0	0.17683465959328026
chr21	-66	0	1152.0	0.0
chr21	-65	1	1169.0	0.0855431993156544
chr21	-64	19	1195.0	1.5899581589958158
chr21	-63	13	1222.0	1.0638297872340425
chr21	-62	1	1257.0	0.07955449482895784
chr21	-61	0	1275.0	0.0
chr21	-60	3	1300.0	0.23076923076923078
chr21	-59	0	1323.0	0.0
chr21	-58	1	1351.0	0.07401924500370095
chr21	-57	2	1376.0	0.14534883720930233
chr21	-56	2	1391.0	0.14378145219266716
chr21	-55	4	1411.0	0.28348688873139616
chr21	-54	1	1435.0	0.06968641114982578
chr21	-53	6	1457.0	0.41180507892930684
chr21	-52	2	1474.0	0.13568521031207598
chr21	-51	2	1499.0	0.13342228152101399
chr21	-50	1	1513.0	0.06609385327164573
chr21	-49	7	1527.0	0.45841519318926005
chr21	-48	2	1551.0	0.1289490651192779
chr21	-47	6	1569.0	0.3824091778202677
chr21	-46	2	1591.0	0.1257071024512885
chr21	-45	1	1619.0	0.06176652254478073
chr21	-44	3	1640.0	0.1829268292682927
chr21	-43	4	1662.0	0.24067388688327318
chr21	-42	0	1686.0	0.0
chr21	-41	3	1715.0	0.1749271137026239
chr21	-40	1	1741.0	0.05743825387708214
chr21	-39	6	1765.0	0.33994334277620397
chr21	-38	2	1797.0	0.11129660545353368
chr21	-37	5	1817.0	0.27517886626307103
chr21	-36	6	1845.0	0.3252032520325203
chr21	-35	1	1862.0	0.05370569280343716
chr21	-34	20	1878.0	1.0649627263045793
chr21	-33	3	1907.0	0.15731515469323545
chr21	-32	4	1928.0	0.2074688796680498
chr21	-31	4	1949.0	0.2052334530528476
chr21	-30	1	1967.0	0.05083884087442806
chr21	-29	33	1987.0	1.660795168595873
chr21	-28	4	2006.0	0.19940179461615154
chr21	-27	2	2027.0	0.09866798223976321
chr21	-26	5	2053.0	0.24354603019970775
chr21	-25	11	2078.0	0.5293551491819056
chr21	-24	2	2096.0	0.09541984732824427
chr21	-23	2	2122.0	0.0942507068803016
chr21	-22	3	2136.0	0.1404494382022472
chr21	-21	2	2146.0	0.09319664492078285
chr21	-20	19	2166.0	0.8771929824561403
chr21	-19	3	2195.0	0.1366742596810934
chr21	-18	8	2216.0	0.36101083032490977
chr21	-17	6	2239.0	0.2679767753461367
chr21	-16	6	2254.0	0.26619343389529726
chr21	-15	0	2281.0	0.0
chr21	-14	3	2303.0	0.13026487190620928
chr21	-13	4	2318.0	0.1725625539257981
chr21	-12	1	2339.0	0.04275331338178709
chr21	-11	3	2360.0	0.1271186440677966
chr21	-10	41	2378.0	1.7241379310344827
chr21	-9	17	2378.0	0.7148864592094197
chr21	-8	2	2378.0	0.08410428931875526
chr21	-7	9	2378.0	0.37846930193439865
chr21	-6	1	2378.0	0.04205214465937763
chr21	-5	1	2378.0	0.04205214465937763
chr21	-4	4	2378.0	0.16820857863751051
chr21	-3	2	2377.0	0.08413967185527976
chr21	-2	1	2378.0	0.04205214465937763
chr21	-1	6	2378.0	0.2523128679562658
chr21	0	2	2343.0	0.08536064874093044
chr21	1	3	2320.0	0.12931034482758622
chr21	2	5	2292.0	0.2181500872600349
chr21	3	2	2271.0	0.08806693086745927
chr21	4	3	2247.0	0.13351134846461948
chr21	5	25	2232.0	1.1200716845878136
chr21	6	18	2213.0	0.8133755083596927
chr21	7	10	2198.0	0.4549590536851683
chr21	8	22	2183.0	1.0077874484654146
chr21	9	36	2162.0	1.6651248843663276
chr21	10	16	2150.0	0.7441860465116279
chr21	11	5	2127.0	0.23507287259050302
chr21	12	2	2112.0	0.0946969696969697
chr21	13	8	2092.0	0.3824091778202677
chr21	14	1	2066.0	0.0484027105517909
chr21	15	5	2053.0	0.24354603019970775
chr21	16	19	2026.0	0.9378084896347483
chr21	17	9	2001.0	0.4497751124437781
chr21	18	3	1986.0	0.1510574018126888
chr21	19	18	1965.0	0.9160305343511451
chr21	20	0	1942.0	0.0
chr21	21	1	1920.0	0.052083333333333336
chr21	22	0	1901.0	0.0
chr21	23	2	1881.0	0.10632642211589581
chr21	24	12	1863.0	0.644122383252818
chr21	25	5	1837.0	0.2721829069134458
chr21	26	2	1812.0	0.11037527593818984
chr21	27	3	1792.0	0.16741071428571427
chr21	28	15	1777.0	0.8441193021947102
chr21	29	6	1751.0	0.34266133637921187
chr21	30	4	1730.0	0.23121387283236997
chr21	31	6	1711.0	0.3506721215663355
chr21	32	5	1682.0	0.2972651605231867
chr21	33	11	1663.0	0.661455201443175
chr21	34	13	1639.0	0.7931665649786455
chr21	35	2	1615.0	0.12383900928792571
chr21	36	1	1594.0	0.06273525721455457
chr21	37	6	1576.0	0.3807106598984772
chr21	38	0	1550.0	0.0
chr21	39	1	1533.0	0.06523157208088715
chr21	40	2	1506.0	0.13280212483399734
chr21	41	12	1481.0	0.8102633355840648
chr21	42	5	1456.0	0.3434065934065934
chr21	43	4	1429.0	0.27991602519244224
chr21	44	8	1411.0	0.5669737774627923
chr21	45	5	1390.0	0.3597122302158274
chr21	46	7	1372.0	0.5102040816326531
chr21	47	0	1346.0	0.0
chr21	48	13	1324.0	0.9818731117824773
chr21	49	2	1299.0	0.15396458814472672
chr21	50	1	1283.0	0.0779423226812159
chr21	51	1	1262.0	0.07923930269413629
chr21	52	10	1242.0	0.8051529790660225
chr21	53	0	1221.0	0.0
chr21	54	5	1203.0	0.41562759767248547
chr21	55	4	1178.0	0.3395585738539898
chr21	56	1	1150.0	0.08695652173913043
chr21	57	6	1115.0	0.5381165919282511
chr21	58	3	1096.0	0.2737226277372263
chr21	59	1	1072.0	0.09328358208955223
chr21	60	2	1049.0	0.19065776930409914
chr21	61	7	1021.0	0.6856023506366308
chr21	62	4	996.0	0.4016064257028112
chr21	63	12	980.0	1.2244897959183674
chr21	64	2	960.0	0.20833333333333334
chr21	65	0	936.0	0.0
chr21	66	1	914.0	0.10940919037199125
chr21	67	1	896.0	0.11160714285714285
chr21	68	9	872.0	1.0321100917431194
chr21	69	3	858.0	0.34965034965034963
chr21	70	1	844.0	0.11848341232227488
chr21	71	5	820.0	0.6097560975609756
chr21	72	3	802.0	0.3740648379052369
chr21	73	8	780.0	1.0256410256410255
chr21	74	3	752.0	0.39893617021276595
chr21	75	0	731.0	0.0
chr21	76	1	709.0	0.14104372355430184
chr21	77	7	684.0	1.023391812865497
chr21	78	4	654.0	0.6116207951070336
chr21	79	2	629.0	0.3179650238473768
chr21	80	4	605.0	0.6611570247933884
chr21	81	0	575.0	0.0
chr21	82	4	555.0	0.7207207207207207
chr21	83	0	527.0	0.0
chr21	84	1	510.0	0.19607843137254902
chr21	85	0	494.0	0.0
chr21	86	0	467.0	0.0
chr21	87	1	446.0	0.2242152466367713
chr21	88	0	425.0	0.0
chr21	89	2	407.0	0.4914004914004914
chr21	90	0	387.0	0.0
chr21	91	2	368.0	0.5434782608695652
chr21	92	2	347.0	0.5763688760806917
chr21	93	0	321.0	0.0
chr21	94	0	296.0	0.0
chr21	95	1	278.0	0.3597122302158274
chr21	96	0	252.0	0.0
chr21	97	0	238.0	0.0
chr21	98	1	227.0	0.4405286343612335
chr21	99	1	206.0	0.48543689320388345
chr21	100	0	178.0	0.0
chr21	101	1	157.0	0.6369426751592357
chr21	102	0	135.0	0.0
chr21	103	0	119.0	0.0
chr21	104	0	94.0	0.0
chr21	105	0	72.0	0.0
chr21	106	0	57.0	0.0
chr21	107	0	37.0	0.0
chr21	108	0	17.0	0.0
chr21	109	0	0.0	nan
chr21	110	0	0.0	nan
chr21	111	0	0.0	nan
chr21	112	0	0.0	nan
chr21	113	0	0.0	nan
chr21	114	0	0.0	nan
chr21	115	0	0.0	nan
chr21	116	0	0.0	nan
chr21	117	0	0.0	nan
chr21	118	0	0.0	nan
chr21	119	0	0.0	nan
chr22	-125	0	1.0	0.0
chr22	-124	0	1.0	0.0
chr22	-123	0	1.0	0.0
chr22	-122	0	1.0	0.0
chr22	-121	0	3.0	0.0
chr22	-120	0	30.0	0.0
chr22	-119	0	49.0	0.0
chr22	-118	0	76.0	0.0
chr22	-117	0	94.0	0.0
chr22	-116	0	128.0	0.0
chr22	-115	0	150.0	0.0
chr22	-114	0	173.0	0.0
chr22	-113	0	189.0	0.0
chr22	-112	0	213.0	0.0
chr22	-111	0	242.0	0.0
chr22	-110	0	264.0	0.0
chr22	-109	3	288.0	1.0416666666666665
chr22	-108	1	302.0	0.33112582781456956
chr22	-107	0	323.0	0.0
chr22	-106	1	340.0	0.29411764705882354
chr22	-105	1	360.0	0.2777777777777778
chr22	-104	1	378.0	0.26455026455026454
chr22	-103	1	405.0	0.24691358024691357
chr22	-102	0	423.0	0.0
chr22	-101	4	458.0	0.8733624454148471
chr22	-100	0	478.0	0.0
chr22	-99	1	494.0	0.20242914979757085
chr22	-98	1	517.0	0.19342359767891684
chr22	-97	0	529.0	0.0
chr22	-96	0	551.0	0.0
chr22	-95	1	572.0	0.17482517482517482
chr22	-94	1	588.0	0.17006802721088435
chr22	-93	9	600.0	1.5
chr22	-92	1	619.0	0.16155088852988692
chr22	-91	2	640.0	0.3125
chr22	-90	7	653.0	1.0719754977029097
chr22	-89	0	673.0	0.0
chr22	-88	1	691.0	0.1447178002894356
chr22	-87	2	711.0	0.2812939521800281
chr22	-86	1	729.0	0.1371742112482853
chr22	-85	7	759.0	0.922266139657444
chr22	-84	1	780.0	0.1282051282051282
chr22	-83	2	803.0	0.24906600249066002
chr22	-82	1	829.0	0.12062726176115801
chr22	-81	0	855.0	0.0
chr22	-80	10	872.0	1.146788990825688
chr22	-79	2	890.0	0.22471910112359553
chr22	-78	3	911.0	0.3293084522502744
chr22	-77	1	935.0	0.10695187165775401
chr22	-76	0	955.0	0.0
chr22	-75	2	973.0	0.20554984583761562
chr22	-74	0	1004.0	0.0
chr22	-73	1	1017.0	0.09832841691248771
chr22	-72	0	1036.0	0.0
chr22	-71	2	1057.0	0.1892147587511826
chr22	-70	4	1079.0	0.3707136237256719
chr22	-69	1	1108.0	0.09025270758122744
chr22	-68	1	1137.0	0.08795074758135445
chr22	-67	1	1157.0	0.08643042350907519
chr22	-66	2	1172.0	0.17064846416382254
chr22	-65	4	1191.0	0.33585222502099077
chr22	-64	3	1211.0	0.2477291494632535
chr22	-63	11	1228.0	0.8957654723127036
chr22	-62	5	1245.0	0.4016064257028112
chr22	-61	5	1264.0	0.39556962025316456
chr22	-60	1	1286.0	0.07776049766718507
chr22	-59	1	1305.0	0.07662835249042146
chr22	-58	10	1330.0	0.7518796992481203
chr22	-57	14	1357.0	1.0316875460574797
chr22	-56	0	1377.0	0.0
chr22	-55	9	1396.0	0.6446991404011462
chr22	-54	4	1425.0	0.2807017543859649
chr22	-53	2	1444.0	0.13850415512465375
chr22	-52	3	1469.0	0.2042205582028591
chr22	-51	0	1489.0	0.0
chr22	-50	13	1514.0	0.8586525759577279
chr22	-49	0	1534.0	0.0
chr22	-48	1	1563.0	0.06397952655150352
chr22	-47	0	1582.0	0.0
chr22	-46	4	1607.0	0.24891101431238333
chr22	-45	3	1627.0	0.18438844499078058
chr22	-44	6	1645.0	0.364741641337386
chr22	-43	3	1669.0	0.17974835230677053
chr22	-42	1	1695.0	0.058997050147492625
chr22	-41	1	1722.0	0.05807200929152149
chr22	-40	4	1747.0	0.22896393817973668
chr22	-39	6	1764.0	0.3401360544217687
chr22	-38	2	1787.0	0.11191941801902631
chr22	-37	4	1802.0	0.22197558268590456
chr22	-36	3	1833.0	0.16366612111292964
chr22	-35	3	1849.0	0.16224986479177933
chr22	-34	5	1872.0	0.2670940170940171
chr22	-33	4	1889.0	0.21175224986765487
chr22	-32	1	1914.0	0.052246603970741906
chr22	-31	0	1932.0	0.0
chr22	-30	4	1951.0	0.20502306509482315
chr22	-29	13	1976.0	0.6578947368421052
chr22	-28	7	1994.0	0.3510531594784353
chr22	-27	15	2017.0	0.7436787307882995
chr22	-26	3	2046.0	0.1466275659824047
chr22	-25	11	2070.0	0.5314009661835749
chr22	-24	5	2092.0	0.23900573613766732
chr22	-23	2	2119.0	0.09438414346389806
chr22	-22	0	2145.0	0.0
chr22	-21	8	2159.0	0.37054191755442334
chr22	-20	3	2172.0	0.13812154696132595
chr22	-19	6	2193.0	0.27359781121751026
chr22	-18	2	2218.0	0.09017132551848511
chr22	-17	14	2248.0	0.6227758007117438
chr22	-16	6	2276.0	0.26362038664323373
chr22	-15	3	2289.0	0.1310615989515072
chr22	-14	8	2316.0	0.3454231433506045
chr22	-13	7	2328.0	0.30068728522336774
chr22	-12	5	2350.0	0.2127659574468085
chr22	-11	2	2375.0	0.08421052631578947
chr22	-10	14	2397.0	0.5840634125990822
chr22	-9	14	2397.0	0.5840634125990822
chr22	-8	38	2397.0	1.5853149770546515
chr22	-7	4	2397.0	0.1668752607425949
chr22	-6	6	2397.0	0.2503128911138924
chr22	-5	3	2397.0	0.1251564455569462
chr22	-4	3	2387.0	0.12568077084206117
chr22	-3	5	2397.0	0.20859407592824364
chr22	-2	6	2397.0	0.2503128911138924
chr22	-1	5	2396.0	0.20868113522537562
chr22	0	3	2347.0	0.1278227524499361
chr22	1	7	2320.0	0.3017241379310345
chr22	2	7	2302.0	0.3040834057341442
chr22	3	0	2257.0	0.0
chr22	4	6	2245.0	0.26726057906458794
chr22	5	1	2223.0	0.0449842555105713
chr22	6	7	2207.0	0.31717263253285005
chr22	7	18	2183.0	0.8245533669262484
chr22	8	9	2154.0	0.4178272980501393
chr22	9	12	2132.0	0.5628517823639775
chr22	10	3	2108.0	0.14231499051233396
chr22	11	6	2094.0	0.28653295128939826
chr22	12	3	2068.0	0.14506769825918764
chr22	13	3	2052.0	0.14619883040935672
chr22	14	4	2032.0	0.19685039370078738
chr22	15	3	2014.0	0.14895729890764647
chr22	16	12	1987.0	0.6039255158530448
chr22	17	4	1969.0	0.20314880650076178
chr22	18	6	1934.0	0.3102378490175801
chr22	19	4	1914.0	0.20898641588296762
chr22	20	4	1902.0	0.2103049421661409
chr22	21	3	1878.0	0.1597444089456869
chr22	22	1	1866.0	0.05359056806002144
chr22	23	10	1844.0	0.5422993492407809
chr22	24	20	1825.0	1.095890410958904
chr22	25	4	1809.0	0.22111663902708678
chr22	26	12	1797.0	0.667779632721202
chr22	27	4	1778.0	0.22497187851518563
chr22	28	12	1754.0	0.6841505131128849
chr22	29	2	1743.0	0.11474469305794606
chr22	30	3	1723.0	0.17411491584445735
chr22	31	6	1705.0	0.3519061583577713
chr22	32	9	1685.0	0.5341246290801187
chr22	33	5	1667.0	0.2999400119976005
chr22	34	1	1637.0	0.061087354917532075
chr22	35	3	1616.0	0.18564356435643564
chr22	36	6	1593.0	0.3766478342749529
chr22	37	2	1567.0	0.12763241863433314
chr22	38	7	1541.0	0.45425048669695006
chr22	39	4	1524.0	0.26246719160104987
chr22	40	1	1506.0	0.06640106241699867
chr22	41	5	1483.0	0.33715441672285906
chr22	42	5	1461.0	0.34223134839151265
chr22	43	8	1441.0	0.5551700208188758
chr22	44	4	1423.0	0.28109627547434995
chr22	45	8	1392.0	0.5747126436781609
chr22	46	3	1378.0	0.21770682148040638
chr22	47	2	1359.0	0.14716703458425312
chr22	48	4	1338.0	0.29895366218236175
chr22	49	5	1314.0	0.380517503805175
chr22	50	6	1286.0	0.46656298600311047
chr22	51	0	1257.0	0.0
chr22	52	4	1237.0	0.32336297493936944
chr22	53	1	1222.0	0.08183306055646482
chr22	54	12	1203.0	0.997506234413965
chr22	55	1	1182.0	0.08460236886632826
chr22	56	11	1158.0	0.9499136442141624
chr22	57	5	1138.0	0.4393673110720563
chr22	58	2	1117.0	0.17905102954341987
chr22	59	5	1097.0	0.4557885141294439
chr22	60	2	1079.0	0.18535681186283595
chr22	61	5	1054.0	0.47438330170777987
chr22	62	13	1036.0	1.2548262548262548
chr22	63	1	1019.0	0.09813542688910697
chr22	64	6	1000.0	0.6
chr22	65	3	971.0	0.30895983522142123
chr22	66	2	952.0	0.21008403361344538
chr22	67	2	927.0	0.2157497303128371
chr22	68	2	907.0	0.2205071664829107
chr22	69	4	882.0	0.45351473922902497
chr22	70	3	862.0	0.34802784222737815
chr22	71	2	834.0	0.2398081534772182
chr22	72	1	815.0	0.1226993865030675
chr22	73	2	790.0	0.25316455696202533
chr22	74	1	769.0	0.13003901170351106
chr22	75	6	752.0	0.7978723404255319
chr22	76	3	728.0	0.4120879120879121
chr22	77	6	702.0	0.8547008547008548
chr22	78	0	675.0	0.0
chr22	79	9	650.0	1.3846153846153846
chr22	80	2	633.0	0.315955766192733
chr22	81	0	610.0	0.0
chr22	82	3	595.0	0.5042016806722689
chr22	83	2	564.0	0.3546099290780142
chr22	84	3	548.0	0.5474452554744526
chr22	85	1	525.0	0.19047619047619047
chr22	86	3	508.0	0.5905511811023622
chr22	87	0	483.0	0.0
chr22	88	2	464.0	0.43103448275862066
chr22	89	5	446.0	1.1210762331838564
chr22	90	1	421.0	0.23752969121140144
chr22	91	0	402.0	0.0
chr22	92	3	379.0	0.79155672823219
chr22	93	3	350.0	0.8571428571428572
chr22	94	1	326.0	0.3067484662576687
chr22	95	0	305.0	0.0
chr22	96	2	278.0	0.7194244604316548
chr22	97	2	252.0	0.7936507936507936
chr22	98	0	237.0	0.0
chr22	99	1	218.0	0.45871559633027525
chr22	100	2	198.0	1.0101010101010102
chr22	101	0	173.0	0.0
chr22	102	0	142.0	0.0
chr22	103	0	115.0	0.0
chr22	104	0	101.0	0.0
chr22	105	0	75.0	0.0
chr22	106	0	63.0	0.0
chr22	107	0	47.0	0.0
chr22	108	0	22.0	0.0
chr22	109	0	0.0	nan
chr22	110	0	0.0	nan
chr22	111	0	0.0	nan
chr22	112	0	0.0	nan
chr22	113	0	0.0	nan
chr22	114	0	0.0	nan
chr22	115	0	0.0	nan
chr22	116	0	0.0	nan
chr22	117	0	0.0	nan
chr22	118	0	0.0	nan
chr22	119	0	0.0	nan
chr22	120	0	0.0	nan
chr22	121	0	0.0	nan
chr22	122	0	0.0	nan
chr22	123	0	0.0	nan
chr22	124	0	0.0	nan
chr22	125	0	0.0	nan
chr22	126	0	0.0	nan
