chr1	-125	0	1.0	0.0
chr1	-124	0	1.0	0.0
chr1	-123	0	1.0	0.0
chr1	-122	0	1.0	0.0
chr1	-121	0	1.0	0.0
chr1	-120	0	1.0	0.0
chr1	-119	0	1.0	0.0
chr1	-118	0	1.0	0.0
chr1	-117	0	3.0	0.0
chr1	-116	0	4.0	0.0
chr1	-115	0	6.0	0.0
chr1	-114	0	8.0	0.0
chr1	-113	1	8.0	12.5
chr1	-112	0	15.0	0.0
chr1	-111	0	31.0	0.0
chr1	-110	2	1093.0	0.18298261665141813
chr1	-109	6	2146.0	0.27958993476234856
chr1	-108	5	3107.0	0.16092693916961698
chr1	-107	3	4184.0	0.07170172084130019
chr1	-106	10	5184.0	0.19290123456790123
chr1	-105	17	6229.0	0.27291700112377587
chr1	-104	12	7256.0	0.16538037486218302
chr1	-103	19	8262.0	0.22996853062212538
chr1	-102	16	9295.0	0.1721355567509414
chr1	-101	12	10325.0	0.1162227602905569
chr1	-100	22	11371.0	0.19347462844077037
chr1	-99	25	12477.0	0.2003686783681975
chr1	-98	18	13499.0	0.13334321060819318
chr1	-97	49	14533.0	0.3371636964150554
chr1	-96	53	15591.0	0.33993970880636265
chr1	-95	50	16620.0	0.3008423586040915
chr1	-94	45	17638.0	0.25513096722984463
chr1	-93	32	18701.0	0.17111384417945566
chr1	-92	19	19787.0	0.09602264112801334
chr1	-91	32	20898.0	0.1531247009283185
chr1	-90	40	21960.0	0.18214936247723132
chr1	-89	61	23046.0	0.2646880152738002
chr1	-88	65	24028.0	0.2705177293157982
chr1	-87	72	25070.0	0.28719585161547667
chr1	-86	58	26158.0	0.22172949002217296
chr1	-85	79	27186.0	0.2905907452365188
chr1	-84	58	28279.0	0.20509919021181794
chr1	-83	46	29356.0	0.15669709769723397
chr1	-82	53	30358.0	0.174583305883128
chr1	-81	53	31463.0	0.16845183231096844
chr1	-80	59	32506.0	0.18150495293176644
chr1	-79	69	33513.0	0.20589025154417687
chr1	-78	83	34573.0	0.2400717322766321
chr1	-77	44	35668.0	0.1233598743972188
chr1	-76	91	36757.0	0.2475718910683679
chr1	-75	75	37868.0	0.1980564064645611
chr1	-74	83	38881.0	0.21347187572336104
chr1	-73	82	39892.0	0.20555499849593903
chr1	-72	94	40914.0	0.22975020775284744
chr1	-71	133	41956.0	0.3169987606063495
chr1	-70	147	42951.0	0.3422504714674862
chr1	-69	123	44017.0	0.2794374900606584
chr1	-68	90	45134.0	0.19940621261133515
chr1	-67	63	46151.0	0.13650841801911118
chr1	-66	95	47236.0	0.20111779151494621
chr1	-65	110	48287.0	0.22780458508501253
chr1	-64	120	49346.0	0.24318080492846428
chr1	-63	109	50448.0	0.2160640659689185
chr1	-62	153	51539.0	0.2968625700925513
chr1	-61	107	52543.0	0.2036427307157947
chr1	-60	81	53580.0	0.1511758118701008
chr1	-59	143	54607.0	0.26187118867544457
chr1	-58	142	55678.0	0.25503789647616654
chr1	-57	122	56748.0	0.2149855501515472
chr1	-56	180	57834.0	0.3112356053532524
chr1	-55	136	58860.0	0.23105674481821273
chr1	-54	168	59936.0	0.2802989855846236
chr1	-53	111	60988.0	0.18200301698694824
chr1	-52	145	61983.0	0.23393511124017874
chr1	-51	163	62973.0	0.25884109062614136
chr1	-50	144	64014.0	0.22495079201424686
chr1	-49	136	65069.0	0.20900889824647684
chr1	-48	138	66139.0	0.20865147643599086
chr1	-47	157	67155.0	0.23378750651477923
chr1	-46	189	68189.0	0.27717080467524086
chr1	-45	186	69304.0	0.2683827773288699
chr1	-44	205	70324.0	0.2915078778226494
chr1	-43	196	71383.0	0.27457517896417916
chr1	-42	202	72476.0	0.2787129532534908
chr1	-41	248	73555.0	0.3371626673917477
chr1	-40	192	74566.0	0.25749000885121903
chr1	-39	200	75572.0	0.26464828243264704
chr1	-38	263	76610.0	0.34329721968411436
chr1	-37	279	77685.0	0.35914269163931256
chr1	-36	224	78718.0	0.28456007520516274
chr1	-35	286	79777.0	0.3584993168457074
chr1	-34	241	80834.0	0.2981418709948784
chr1	-33	173	81866.0	0.21132093909559524
chr1	-32	213	82949.0	0.25678428914152074
chr1	-31	158	83988.0	0.18812211268276421
chr1	-30	189	85118.0	0.2220446908996922
chr1	-29	240	86255.0	0.27824473943539507
chr1	-28	289	87278.0	0.33112582781456956
chr1	-27	170	88297.0	0.19253202260552454
chr1	-26	270	89298.0	0.30235839548478133
chr1	-25	271	90418.0	0.2997190824835763
chr1	-24	242	91446.0	0.26463705356166484
chr1	-23	267	92475.0	0.28872668288726683
chr1	-22	262	93509.0	0.2801869338780224
chr1	-21	262	94556.0	0.2770844790388764
chr1	-20	328	95574.0	0.3431895703852512
chr1	-19	250	96673.0	0.2586037466510815
chr1	-18	288	97764.0	0.29458696452681965
chr1	-17	305	98825.0	0.3086263597267898
chr1	-16	306	99856.0	0.30644127543662875
chr1	-15	189	100943.0	0.18723437979850016
chr1	-14	279	101947.0	0.27367161368161885
chr1	-13	253	103008.0	0.24561199130164646
chr1	-12	306	104072.0	0.29402721193020215
chr1	-11	228	105129.0	0.21687640898324914
chr1	-10	238	106212.0	0.22408014160358528
chr1	-9	286	106215.0	0.269265169702961
chr1	-8	281	106205.0	0.26458264676804294
chr1	-7	263	106199.0	0.24764828294051733
chr1	-6	254	106200.0	0.2391713747645951
chr1	-5	274	106214.0	0.2579697591654584
chr1	-4	351	106213.0	0.33046802180524043
chr1	-3	259	106213.0	0.24384962292751358
chr1	-2	314	106228.0	0.2955906164099861
chr1	-1	281	106224.0	0.264535321584576
chr1	0	281	104039.0	0.27009102355847325
chr1	1	343	103083.0	0.332741577175674
chr1	2	237	101994.0	0.23236660980057652
chr1	3	368	100984.0	0.36441416462013787
chr1	4	324	99941.0	0.32419127285098204
chr1	5	290	98898.0	0.2932314101397399
chr1	6	306	97892.0	0.3125893842193438
chr1	7	260	96851.0	0.2684536039896336
chr1	8	266	95844.0	0.27753432661408123
chr1	9	230	94792.0	0.2426365094100768
chr1	10	262	93656.0	0.2797471598189118
chr1	11	249	92610.0	0.26886945254292194
chr1	12	261	91571.0	0.28502473490515556
chr1	13	262	90524.0	0.2894260085723123
chr1	14	218	89484.0	0.24361897098922713
chr1	15	312	88455.0	0.35272172290995424
chr1	16	301	87402.0	0.3443857119974371
chr1	17	291	86294.0	0.33721927364590815
chr1	18	258	85187.0	0.30286311291629003
chr1	19	281	84151.0	0.3339235422038954
chr1	20	307	83080.0	0.36952335098700045
chr1	21	282	82101.0	0.3434793729674425
chr1	22	266	81059.0	0.3281560344933937
chr1	23	302	79950.0	0.3777360850531582
chr1	24	285	78914.0	0.36115264718554374
chr1	25	260	77832.0	0.3340528317401583
chr1	26	192	76755.0	0.2501465702560094
chr1	27	311	75771.0	0.4104472687439785
chr1	28	221	74665.0	0.29598874974887834
chr1	29	223	73623.0	0.30289447591106045
chr1	30	180	72584.0	0.24798853741871485
chr1	31	200	71518.0	0.2796498783523029
chr1	32	202	70418.0	0.2868584736857054
chr1	33	225	69324.0	0.32456292193179853
chr1	34	257	68255.0	0.376529192000586
chr1	35	228	67243.0	0.33906875065062536
chr1	36	227	66235.0	0.34271910621272744
chr1	37	238	65185.0	0.36511467362123184
chr1	38	194	64117.0	0.30257186081694404
chr1	39	192	63132.0	0.3041246911233606
chr1	40	232	62057.0	0.3738498477206439
chr1	41	160	60962.0	0.26245858075522455
chr1	42	186	59955.0	0.3102326745058794
chr1	43	183	58879.0	0.31080690908473313
chr1	44	183	57811.0	0.3165487536973932
chr1	45	168	56719.0	0.2961970415557397
chr1	46	161	55642.0	0.28934977175514903
chr1	47	164	54549.0	0.3006471246035674
chr1	48	137	53540.0	0.2558834516249533
chr1	49	141	52499.0	0.26857654431512984
chr1	50	190	51466.0	0.3691757665254731
chr1	51	154	50405.0	0.305525245511358
chr1	52	128	49336.0	0.25944543538187126
chr1	53	177	48287.0	0.3665582869095202
chr1	54	156	47265.0	0.33005395112662644
chr1	55	160	46195.0	0.3463578309340838
chr1	56	142	45121.0	0.3147093371157554
chr1	57	130	44117.0	0.29467098850783147
chr1	58	156	43108.0	0.3618817852834741
chr1	59	94	42068.0	0.22344775125986496
chr1	60	104	41043.0	0.2533927831786176
chr1	61	148	39977.0	0.3702128724016309
chr1	62	87	38943.0	0.22340343579077115
chr1	63	123	37872.0	0.3247782002534854
chr1	64	97	36818.0	0.26345809115106744
chr1	65	124	35797.0	0.34639774282761127
chr1	66	86	34745.0	0.24751762843574615
chr1	67	105	33641.0	0.3121191403347106
chr1	68	106	32547.0	0.32568285863520446
chr1	69	130	31553.0	0.4120051976040313
chr1	70	124	30526.0	0.40621109873550415
chr1	71	89	29523.0	0.3014598787386106
chr1	72	78	28446.0	0.27420375448217676
chr1	73	85	27416.0	0.3100379340531077
chr1	74	74	26355.0	0.2807816353633087
chr1	75	82	25266.0	0.32454682181587907
chr1	76	82	24235.0	0.3383536207963689
chr1	77	78	23169.0	0.33665673960896025
chr1	78	72	22131.0	0.32533550223668156
chr1	79	57	21021.0	0.2711574140145569
chr1	80	62	19901.0	0.3115421335611276
chr1	81	63	18873.0	0.33381020505484027
chr1	82	42	17847.0	0.2353336695242898
chr1	83	48	16853.0	0.2848157598053759
chr1	84	56	15729.0	0.3560302625723186
chr1	85	45	14707.0	0.3059767457673217
chr1	86	43	13691.0	0.31407493974143597
chr1	87	53	12643.0	0.41920430277623977
chr1	88	46	11594.0	0.3967569432465068
chr1	89	34	10550.0	0.3222748815165877
chr1	90	34	9440.0	0.3601694915254237
chr1	91	14	8351.0	0.16764459346186086
chr1	92	23	7303.0	0.3149390661372039
chr1	93	25	6261.0	0.3992972368631209
chr1	94	16	5220.0	0.30651340996168586
chr1	95	17	4218.0	0.40303461356092934
chr1	96	11	3127.0	0.35177486408698433
chr1	97	4	2079.0	0.1924001924001924
chr1	98	0	1044.0	0.0
chr1	99	0	0.0	nan
chr1	100	0	0.0	nan
chr1	101	0	0.0	nan
chr1	102	0	0.0	nan
chr1	103	0	0.0	nan
chr1	104	0	0.0	nan
chr1	105	0	0.0	nan
chr1	106	0	0.0	nan
chr1	107	0	0.0	nan
chr1	108	0	0.0	nan
chr1	109	0	0.0	nan
chr1	110	0	0.0	nan
chr1	111	0	0.0	nan
chr1	112	0	0.0	nan
chr1	113	0	0.0	nan
chr1	114	0	0.0	nan
chr1	115	0	0.0	nan
chr1	116	0	0.0	nan
chr1	117	0	0.0	nan
chr1	118	0	0.0	nan
chr1	119	0	0.0	nan
chr1	120	0	0.0	nan
chr1	121	0	0.0	nan
chr1	122	0	0.0	nan
chr1	123	0	0.0	nan
chr1	124	0	0.0	nan
chr1	125	0	0.0	nan
chr1	126	0	0.0	nan
chr1	127	0	0.0	nan
chr2	-128	0	1.0	0.0
chr2	-127	0	1.0	0.0
chr2	-126	0	1.0	0.0
chr2	-125	0	1.0	0.0
chr2	-124	0	1.0	0.0
chr2	-123	0	2.0	0.0
chr2	-122	0	2.0	0.0
chr2	-121	0	2.0	0.0
chr2	-120	0	2.0	0.0
chr2	-119	0	2.0	0.0
chr2	-118	0	2.0	0.0
chr2	-117	0	3.0	0.0
chr2	-116	0	4.0	0.0
chr2	-115	0	6.0	0.0
chr2	-114	0	9.0	0.0
chr2	-113	0	10.0	0.0
chr2	-112	0	11.0	0.0
chr2	-111	0	12.0	0.0
chr2	-110	1	264.0	0.3787878787878788
chr2	-109	1	537.0	0.186219739292365
chr2	-108	1	837.0	0.11947431302270012
chr2	-107	3	1089.0	0.27548209366391185
chr2	-106	5	1340.0	0.3731343283582089
chr2	-105	1	1603.0	0.06238303181534623
chr2	-104	1	1877.0	0.05327650506126798
chr2	-103	0	2135.0	0.0
chr2	-102	3	2395.0	0.12526096033402923
chr2	-101	2	2672.0	0.07485029940119761
chr2	-100	3	2927.0	0.10249402118209772
chr2	-99	6	3190.0	0.18808777429467086
chr2	-98	7	3463.0	0.20213687554143808
chr2	-97	20	3719.0	0.5377789728421619
chr2	-96	11	3994.0	0.2754131196795193
chr2	-95	4	4232.0	0.0945179584120983
chr2	-94	7	4524.0	0.15473032714412024
chr2	-93	8	4775.0	0.1675392670157068
chr2	-92	11	5020.0	0.21912350597609564
chr2	-91	7	5285.0	0.13245033112582782
chr2	-90	5	5550.0	0.09009009009009009
chr2	-89	18	5826.0	0.30895983522142123
chr2	-88	13	6075.0	0.2139917695473251
chr2	-87	21	6329.0	0.3318059725075051
chr2	-86	19	6575.0	0.2889733840304182
chr2	-85	8	6818.0	0.11733646230566148
chr2	-84	16	7083.0	0.2258929831992094
chr2	-83	9	7348.0	0.12248230811105063
chr2	-82	15	7623.0	0.19677292404565133
chr2	-81	18	7915.0	0.22741629816803538
chr2	-80	15	8133.0	0.18443378827001106
chr2	-79	22	8411.0	0.26156223992390915
chr2	-78	21	8655.0	0.24263431542461003
chr2	-77	20	8945.0	0.22358859698155395
chr2	-76	31	9183.0	0.3375803114450615
chr2	-75	24	9460.0	0.2536997885835095
chr2	-74	32	9754.0	0.3280705351650605
chr2	-73	12	10053.0	0.11936735302894659
chr2	-72	20	10315.0	0.19389238972370335
chr2	-71	26	10575.0	0.2458628841607565
chr2	-70	17	10871.0	0.15637935792475394
chr2	-69	29	11129.0	0.2605804654506245
chr2	-68	43	11390.0	0.3775241439859526
chr2	-67	32	11620.0	0.2753872633390706
chr2	-66	18	11878.0	0.15154066341134872
chr2	-65	31	12169.0	0.2547456652148903
chr2	-64	64	12437.0	0.5145935514995578
chr2	-63	28	12722.0	0.22009118063197614
chr2	-62	37	13009.0	0.2844184795141825
chr2	-61	44	13288.0	0.33112582781456956
chr2	-60	39	13552.0	0.28778040141676503
chr2	-59	48	13833.0	0.3469963131641726
chr2	-58	36	14106.0	0.25521054870267973
chr2	-57	23	14368.0	0.16007795100222716
chr2	-56	34	14638.0	0.2322721683290067
chr2	-55	35	14918.0	0.23461590025472584
chr2	-54	21	15166.0	0.13846762495054726
chr2	-53	47	15414.0	0.30491760736992346
chr2	-52	41	15666.0	0.26171326439422954
chr2	-51	17	15921.0	0.10677721248665284
chr2	-50	30	16202.0	0.18516232563881002
chr2	-49	67	16488.0	0.4063561377971858
chr2	-48	38	16764.0	0.22667621092817944
chr2	-47	29	17014.0	0.1704478664629129
chr2	-46	66	17250.0	0.3826086956521739
chr2	-45	34	17516.0	0.19410824389129938
chr2	-44	48	17769.0	0.27013337835556306
chr2	-43	57	18030.0	0.3161397670549085
chr2	-42	22	18292.0	0.12027115678985348
chr2	-41	37	18536.0	0.1996115666810531
chr2	-40	35	18817.0	0.1860020194504969
chr2	-39	80	19095.0	0.41895784236711187
chr2	-38	61	19337.0	0.31545741324921134
chr2	-37	46	19577.0	0.23496960719211318
chr2	-36	28	19835.0	0.1411646080161331
chr2	-35	62	20097.0	0.3085037567796189
chr2	-34	26	20367.0	0.1276574851475426
chr2	-33	63	20624.0	0.3054693560899922
chr2	-32	49	20916.0	0.23427041499330656
chr2	-31	54	21169.0	0.2550899900798337
chr2	-30	74	21447.0	0.34503660185573737
chr2	-29	69	21705.0	0.3178991015894955
chr2	-28	30	21974.0	0.1365249840720852
chr2	-27	42	22262.0	0.1886622944928578
chr2	-26	52	22539.0	0.23071121167753672
chr2	-25	43	22793.0	0.1886544114421094
chr2	-24	59	23067.0	0.255776650626436
chr2	-23	86	23317.0	0.3688296092979371
chr2	-22	75	23588.0	0.31795828387315583
chr2	-21	48	23879.0	0.2010134427739855
chr2	-20	52	24132.0	0.21548151831592907
chr2	-19	73	24391.0	0.2992907219876184
chr2	-18	75	24645.0	0.30432136335970783
chr2	-17	40	24924.0	0.16048788316482104
chr2	-16	75	25187.0	0.29777266049946405
chr2	-15	61	25451.0	0.2396762406192291
chr2	-14	48	25703.0	0.186748628564759
chr2	-13	64	25993.0	0.24622013619051286
chr2	-12	74	26249.0	0.2819155015429159
chr2	-11	74	26510.0	0.2791399471897397
chr2	-10	55	26753.0	0.2055844204388293
chr2	-9	56	26766.0	0.2092206530673242
chr2	-8	57	26778.0	0.212861304055568
chr2	-7	91	26774.0	0.33988197505042206
chr2	-6	87	26771.0	0.3249785215344963
chr2	-5	85	26771.0	0.31750775092450784
chr2	-4	58	26780.0	0.21657953696788645
chr2	-3	82	26769.0	0.306324479808734
chr2	-2	56	26768.0	0.20920502092050208
chr2	-1	42	26770.0	0.15689204333208817
chr2	0	71	26230.0	0.2706824247045368
chr2	1	70	25931.0	0.2699471674829355
chr2	2	64	25678.0	0.2492405950619207
chr2	3	67	25436.0	0.2634061959427583
chr2	4	64	25175.0	0.2542204568023833
chr2	5	53	24903.0	0.21282576396418101
chr2	6	87	24645.0	0.3530127814972611
chr2	7	63	24383.0	0.2583767378911537
chr2	8	53	24090.0	0.22000830220008302
chr2	9	34	23825.0	0.14270724029380902
chr2	10	57	23567.0	0.2418636228624772
chr2	11	75	23299.0	0.32190222756341474
chr2	12	49	23045.0	0.2126274679973964
chr2	13	48	22769.0	0.21081294742852125
chr2	14	54	22541.0	0.2395634621356639
chr2	15	86	22246.0	0.38658635260271507
chr2	16	36	21997.0	0.16365868072919035
chr2	17	108	21749.0	0.49657455515196103
chr2	18	58	21483.0	0.26998091514220546
chr2	19	50	21216.0	0.2356711915535445
chr2	20	42	20946.0	0.20051561157261533
chr2	21	76	20692.0	0.3672917069398801
chr2	22	65	20437.0	0.31805059450995743
chr2	23	87	20188.0	0.43094907866059046
chr2	24	58	19941.0	0.2908580311920165
chr2	25	38	19680.0	0.19308943089430894
chr2	26	36	19407.0	0.18550007729169887
chr2	27	33	19133.0	0.17247687241938012
chr2	28	83	18839.0	0.4405754020914061
chr2	29	88	18627.0	0.4724324904708219
chr2	30	58	18346.0	0.31614520876485336
chr2	31	45	18105.0	0.24855012427506215
chr2	32	62	17812.0	0.3480799461037503
chr2	33	35	17571.0	0.19919185020772864
chr2	34	58	17290.0	0.335454019664546
chr2	35	43	16994.0	0.2530304813463575
chr2	36	35	16697.0	0.20961849434030064
chr2	37	67	16433.0	0.4077161808555954
chr2	38	70	16174.0	0.4327933720786447
chr2	39	36	15879.0	0.22671452862270924
chr2	40	37	15618.0	0.23690613394800872
chr2	41	33	15358.0	0.21487172808959498
chr2	42	44	15120.0	0.291005291005291
chr2	43	36	14849.0	0.24244056838844366
chr2	44	40	14558.0	0.27476301689792554
chr2	45	52	14282.0	0.3640946646127993
chr2	46	22	14007.0	0.15706432498036696
chr2	47	37	13737.0	0.269345563077819
chr2	48	47	13453.0	0.3493644540251245
chr2	49	44	13192.0	0.3335354760460885
chr2	50	33	12914.0	0.2555366269165247
chr2	51	37	12624.0	0.29309252217997467
chr2	52	49	12364.0	0.3963118731802006
chr2	53	34	12091.0	0.2812008932263667
chr2	54	34	11819.0	0.2876723919113292
chr2	55	29	11567.0	0.25071323592980027
chr2	56	27	11323.0	0.23845270687980216
chr2	57	35	11059.0	0.31648431142056244
chr2	58	34	10819.0	0.31426194657546913
chr2	59	38	10542.0	0.3604629102637071
chr2	60	43	10258.0	0.41918502632092025
chr2	61	39	9985.0	0.3905858788182273
chr2	62	24	9730.0	0.24665981500513876
chr2	63	34	9488.0	0.35834738617200673
chr2	64	42	9222.0	0.4554326610279766
chr2	65	17	8970.0	0.189520624303233
chr2	66	34	8712.0	0.3902662993572084
chr2	67	29	8449.0	0.3432358859036572
chr2	68	20	8203.0	0.24381323905888092
chr2	69	19	7938.0	0.23935500125976317
chr2	70	25	7659.0	0.3264133698916307
chr2	71	34	7415.0	0.45853000674308836
chr2	72	20	7176.0	0.2787068004459309
chr2	73	23	6917.0	0.332514095706231
chr2	74	17	6654.0	0.2554854223023745
chr2	75	21	6383.0	0.32899890333698883
chr2	76	17	6131.0	0.2772793997716523
chr2	77	21	5837.0	0.3597738564330992
chr2	78	19	5584.0	0.3402578796561605
chr2	79	6	5307.0	0.11305822498586772
chr2	80	19	5049.0	0.3763121410180234
chr2	81	9	4774.0	0.18852115626309174
chr2	82	9	4490.0	0.20044543429844097
chr2	83	12	4218.0	0.2844950213371266
chr2	84	8	3965.0	0.201765447667087
chr2	85	12	3692.0	0.3250270855904659
chr2	86	10	3450.0	0.2898550724637681
chr2	87	7	3176.0	0.2204030226700252
chr2	88	9	2888.0	0.31163434903047094
chr2	89	8	2632.0	0.303951367781155
chr2	90	6	2376.0	0.25252525252525254
chr2	91	5	2125.0	0.2352941176470588
chr2	92	3	1844.0	0.16268980477223427
chr2	93	8	1583.0	0.505369551484523
chr2	94	4	1322.0	0.30257186081694404
chr2	95	3	1058.0	0.28355387523629494
chr2	96	1	769.0	0.13003901170351106
chr2	97	0	509.0	0.0
chr2	98	1	244.0	0.4098360655737705
chr2	99	0	0.0	nan
chr2	100	0	0.0	nan
chr2	101	0	0.0	nan
chr2	102	0	0.0	nan
chr2	103	0	0.0	nan
chr2	104	0	0.0	nan
chr2	105	0	0.0	nan
chr2	106	0	0.0	nan
chr2	107	0	0.0	nan
chr2	108	0	0.0	nan
chr2	109	0	0.0	nan
chr2	110	0	0.0	nan
chr2	111	0	0.0	nan
chr2	112	0	0.0	nan
chr2	113	0	0.0	nan
chr2	114	0	0.0	nan
chr2	115	0	0.0	nan
chr2	116	0	0.0	nan
chr2	117	0	0.0	nan
chr4	-121	0	1.0	0.0
chr4	-120	0	2.0	0.0
chr4	-119	0	3.0	0.0
chr4	-118	0	3.0	0.0
chr4	-117	0	3.0	0.0
chr4	-116	0	4.0	0.0
chr4	-115	0	4.0	0.0
chr4	-114	0	5.0	0.0
chr4	-113	0	8.0	0.0
chr4	-112	0	13.0	0.0
chr4	-111	0	22.0	0.0
chr4	-110	0	351.0	0.0
chr4	-109	1	654.0	0.1529051987767584
chr4	-108	0	969.0	0.0
chr4	-107	2	1299.0	0.15396458814472672
chr4	-106	4	1603.0	0.2495321272613849
chr4	-105	6	1908.0	0.3144654088050315
chr4	-104	5	2242.0	0.22301516503122212
chr4	-103	8	2544.0	0.3144654088050315
chr4	-102	4	2853.0	0.14020329477742727
chr4	-101	9	3186.0	0.2824858757062147
chr4	-100	9	3482.0	0.2584721424468696
chr4	-99	15	3811.0	0.39359748097612174
chr4	-98	12	4107.0	0.2921840759678598
chr4	-97	13	4411.0	0.29471775107685333
chr4	-96	9	4717.0	0.19079923680305277
chr4	-95	7	5031.0	0.139137348439674
chr4	-94	9	5286.0	0.170261066969353
chr4	-93	22	5609.0	0.3922267783918702
chr4	-92	22	5914.0	0.37199864727764625
chr4	-91	19	6243.0	0.304340861765177
chr4	-90	12	6559.0	0.18295471870712
chr4	-89	18	6887.0	0.26136198635109625
chr4	-88	7	7216.0	0.09700665188470067
chr4	-87	21	7549.0	0.27818254073387205
chr4	-86	24	7845.0	0.30592734225621415
chr4	-85	22	8154.0	0.2698062300711307
chr4	-84	21	8484.0	0.24752475247524752
chr4	-83	9	8840.0	0.10180995475113123
chr4	-82	28	9138.0	0.3064127817903261
chr4	-81	5	9482.0	0.05273149124657245
chr4	-80	25	9787.0	0.25544089097782774
chr4	-79	20	10082.0	0.19837333862328904
chr4	-78	31	10406.0	0.2979050547760907
chr4	-77	53	10729.0	0.49398825612825054
chr4	-76	63	11049.0	0.5701873472712462
chr4	-75	21	11373.0	0.1846478501714587
chr4	-74	29	11641.0	0.24911949145262433
chr4	-73	20	11972.0	0.1670564650851988
chr4	-72	27	12321.0	0.2191380569758948
chr4	-71	20	12613.0	0.15856655831285182
chr4	-70	28	12884.0	0.21732381248059607
chr4	-69	33	13178.0	0.25041736227045075
chr4	-68	23	13524.0	0.17006802721088435
chr4	-67	49	13827.0	0.354379113328994
chr4	-66	21	14104.0	0.14889393079977312
chr4	-65	33	14435.0	0.22861101489435398
chr4	-64	29	14742.0	0.19671686338353006
chr4	-63	49	15081.0	0.32491214110470124
chr4	-62	56	15387.0	0.3639435887437447
chr4	-61	69	15703.0	0.43940648283767436
chr4	-60	53	16012.0	0.33100174868848364
chr4	-59	49	16298.0	0.300650386550497
chr4	-58	56	16605.0	0.33724781692261363
chr4	-57	63	16914.0	0.37247250798155374
chr4	-56	59	17209.0	0.34284386077052703
chr4	-55	48	17527.0	0.2738631825184002
chr4	-54	47	17847.0	0.2633495825628957
chr4	-53	38	18203.0	0.2087567983299456
chr4	-52	39	18494.0	0.21087920406618363
chr4	-51	25	18804.0	0.13295043607743032
chr4	-50	54	19118.0	0.28245632388325137
chr4	-49	61	19444.0	0.31372145649043404
chr4	-48	80	19754.0	0.4049812696162803
chr4	-47	52	20046.0	0.25940337224383914
chr4	-46	52	20372.0	0.2552523070881602
chr4	-45	60	20676.0	0.2901915264074289
chr4	-44	56	20967.0	0.2670863738255354
chr4	-43	40	21295.0	0.18783752054472883
chr4	-42	70	21635.0	0.32354980355904783
chr4	-41	65	21962.0	0.29596575903833894
chr4	-40	55	22253.0	0.2471576866040534
chr4	-39	84	22555.0	0.3724229660829084
chr4	-38	67	22877.0	0.2928705686934476
chr4	-37	59	23189.0	0.2544309802061322
chr4	-36	49	23514.0	0.20838649315301525
chr4	-35	74	23826.0	0.3105850751280114
chr4	-34	48	24155.0	0.1987166218174291
chr4	-33	81	24482.0	0.33085532227759173
chr4	-32	54	24804.0	0.21770682148040638
chr4	-31	75	25136.0	0.2983768300445576
chr4	-30	58	25408.0	0.22827455919395465
chr4	-29	64	25740.0	0.24864024864024864
chr4	-28	70	26038.0	0.2688378523696136
chr4	-27	65	26343.0	0.24674486580875374
chr4	-26	62	26629.0	0.23282887077997672
chr4	-25	47	26941.0	0.1744552911918637
chr4	-24	68	27241.0	0.2496237289379979
chr4	-23	79	27511.0	0.28715786412707645
chr4	-22	97	27839.0	0.34843205574912894
chr4	-21	88	28149.0	0.31262211801484957
chr4	-20	53	28472.0	0.18614779432424838
chr4	-19	119	28767.0	0.4136684395314075
chr4	-18	110	29083.0	0.37822783069146926
chr4	-17	72	29387.0	0.24500629530064313
chr4	-16	53	29688.0	0.17852330908111022
chr4	-15	55	29993.0	0.18337612109492216
chr4	-14	91	30301.0	0.300320121448137
chr4	-13	134	30653.0	0.4371513391837667
chr4	-12	44	30950.0	0.14216478190630047
chr4	-11	54	31256.0	0.1727668287688764
chr4	-10	63	31540.0	0.19974635383639824
chr4	-9	78	31547.0	0.24725013471962468
chr4	-8	82	31573.0	0.25971557976752285
chr4	-7	71	31576.0	0.22485431973650874
chr4	-6	76	31585.0	0.24062054772835206
chr4	-5	67	31583.0	0.21213944210492988
chr4	-4	77	31564.0	0.2439488024331517
chr4	-3	81	31557.0	0.25667839148208005
chr4	-2	63	31542.0	0.1997336884154461
chr4	-1	65	31570.0	0.20589166930630345
chr4	0	46	30914.0	0.14879989648702854
chr4	1	106	30579.0	0.3466431210961771
chr4	2	84	30258.0	0.27761253222288323
chr4	3	89	29960.0	0.2970627503337784
chr4	4	84	29666.0	0.28315243039169424
chr4	5	55	29335.0	0.18748934719618204
chr4	6	81	29028.0	0.27904092600248037
chr4	7	101	28719.0	0.35168355444131066
chr4	8	77	28363.0	0.27148044988188835
chr4	9	66	28053.0	0.23526895519195806
chr4	10	53	27732.0	0.19111495744987742
chr4	11	48	27454.0	0.17483791068696727
chr4	12	158	27150.0	0.58195211786372
chr4	13	81	26849.0	0.301687213676487
chr4	14	67	26538.0	0.252468158866531
chr4	15	58	26279.0	0.22070855055367403
chr4	16	64	25951.0	0.24661862741320179
chr4	17	92	25646.0	0.3587304063011776
chr4	18	109	25310.0	0.4306598182536547
chr4	19	39	25001.0	0.15599376024959002
chr4	20	71	24666.0	0.28784561744912024
chr4	21	73	24332.0	0.30001643925694554
chr4	22	67	23995.0	0.2792248385080225
chr4	23	81	23712.0	0.3415991902834008
chr4	24	49	23401.0	0.20939276099311996
chr4	25	44	23069.0	0.19073215137197105
chr4	26	70	22714.0	0.3081799771066303
chr4	27	75	22417.0	0.33456751572467325
chr4	28	66	22057.0	0.299224735911502
chr4	29	43	21738.0	0.19781028613487903
chr4	30	56	21468.0	0.2608533631451463
chr4	31	51	21147.0	0.24116896013618955
chr4	32	63	20836.0	0.30236129775388754
chr4	33	48	20510.0	0.2340321794246709
chr4	34	50	20188.0	0.24767188428769568
chr4	35	40	19919.0	0.2008132938400522
chr4	36	59	19598.0	0.3010511276660884
chr4	37	73	19251.0	0.37920108046335255
chr4	38	66	18952.0	0.34824820599409034
chr4	39	47	18672.0	0.25171379605826905
chr4	40	53	18387.0	0.2882471311252515
chr4	41	60	18042.0	0.3325573661456601
chr4	42	47	17743.0	0.2648931973172519
chr4	43	52	17451.0	0.2979771932840525
chr4	44	40	17126.0	0.23356300362022656
chr4	45	44	16826.0	0.2615000594318317
chr4	46	32	16486.0	0.19410408831736017
chr4	47	95	16186.0	0.586926973928086
chr4	48	56	15872.0	0.35282258064516125
chr4	49	61	15555.0	0.39215686274509803
chr4	50	30	15268.0	0.19648938957296308
chr4	51	41	14965.0	0.273972602739726
chr4	52	41	14653.0	0.27980618303419097
chr4	53	22	14352.0	0.15328874024526198
chr4	54	40	14041.0	0.28487999430240013
chr4	55	47	13718.0	0.3426155416241435
chr4	56	29	13371.0	0.21688729339615587
chr4	57	33	13082.0	0.252255006879682
chr4	58	36	12769.0	0.2819328060145665
chr4	59	34	12456.0	0.27296082209377004
chr4	60	41	12131.0	0.33797708350506966
chr4	61	39	11820.0	0.3299492385786802
chr4	62	50	11528.0	0.4337265787647467
chr4	63	23	11204.0	0.2052838272045698
chr4	64	24	10889.0	0.22040591422536507
chr4	65	22	10593.0	0.20768431983385255
chr4	66	36	10275.0	0.3503649635036496
chr4	67	14	9930.0	0.14098690835850958
chr4	68	20	9598.0	0.20837674515524068
chr4	69	26	9305.0	0.27941966684578184
chr4	70	13	9016.0	0.14418811002661935
chr4	71	24	8694.0	0.27605244996549344
chr4	72	26	8374.0	0.3104848340100311
chr4	73	15	8040.0	0.18656716417910446
chr4	74	11	7730.0	0.14230271668822767
chr4	75	32	7406.0	0.43208209559816363
chr4	76	40	7083.0	0.5647324579980234
chr4	77	19	6757.0	0.2811898771644221
chr4	78	17	6427.0	0.26450910222498836
chr4	79	25	6122.0	0.4083632799738647
chr4	80	8	5812.0	0.13764624913971094
chr4	81	21	5524.0	0.38015930485155686
chr4	82	7	5221.0	0.13407393219689714
chr4	83	15	4935.0	0.303951367781155
chr4	84	19	4621.0	0.4111664141960614
chr4	85	11	4322.0	0.25451180009254976
chr4	86	12	4026.0	0.29806259314456035
chr4	87	9	3707.0	0.24278392230914486
chr4	88	2	3409.0	0.05866823115283074
chr4	89	8	3093.0	0.25864856126737795
chr4	90	8	2789.0	0.28684116170670493
chr4	91	5	2483.0	0.20136931131695532
chr4	92	11	2179.0	0.5048187241854061
chr4	93	6	1874.0	0.32017075773745995
chr4	94	5	1575.0	0.31746031746031744
chr4	95	7	1269.0	0.5516154452324665
chr4	96	2	917.0	0.21810250817884408
chr4	97	0	621.0	0.0
chr4	98	1	292.0	0.3424657534246575
chr4	99	0	0.0	nan
chr4	100	0	0.0	nan
chr4	101	0	0.0	nan
chr4	102	0	0.0	nan
chr4	103	0	0.0	nan
chr4	104	0	0.0	nan
chr4	105	0	0.0	nan
chr4	106	0	0.0	nan
chr4	107	0	0.0	nan
chr4	108	0	0.0	nan
chr4	109	0	0.0	nan
chr4	110	0	0.0	nan
chr4	111	0	0.0	nan
chr4	112	0	0.0	nan
chr4	113	0	0.0	nan
chr4	114	0	0.0	nan
chr4	115	0	0.0	nan
chr4	116	0	0.0	nan
chr4	117	0	0.0	nan
chr4	118	0	0.0	nan
chr4	119	0	0.0	nan
chr4	120	0	0.0	nan
chr5	-108	0	2.0	0.0
chr5	-107	0	3.0	0.0
chr5	-106	0	3.0	0.0
chr5	-105	0	3.0	0.0
chr5	-104	0	3.0	0.0
chr5	-103	0	3.0	0.0
chr5	-102	0	3.0	0.0
chr5	-101	0	5.0	0.0
chr5	-100	0	6.0	0.0
chr5	-99	0	6.0	0.0
chr5	-98	0	7.0	0.0
chr5	-97	0	7.0	0.0
chr5	-96	0	8.0	0.0
chr5	-95	0	9.0	0.0
chr5	-94	0	11.0	0.0
chr5	-93	0	11.0	0.0
chr5	-92	0	14.0	0.0
chr5	-91	0	14.0	0.0
chr5	-90	0	14.0	0.0
chr5	-89	0	14.0	0.0
chr5	-88	0	16.0	0.0
chr5	-87	0	16.0	0.0
chr5	-86	0	17.0	0.0
chr5	-85	0	17.0	0.0
chr5	-84	0	18.0	0.0
chr5	-83	0	18.0	0.0
chr5	-82	0	18.0	0.0
chr5	-81	0	18.0	0.0
chr5	-80	0	18.0	0.0
chr5	-79	0	19.0	0.0
chr5	-78	0	19.0	0.0
chr5	-77	0	20.0	0.0
chr5	-76	0	21.0	0.0
chr5	-75	0	21.0	0.0
chr5	-74	0	22.0	0.0
chr5	-73	0	22.0	0.0
chr5	-72	0	23.0	0.0
chr5	-71	1	24.0	4.166666666666666
chr5	-70	0	24.0	0.0
chr5	-69	0	25.0	0.0
chr5	-68	1	25.0	4.0
chr5	-67	0	26.0	0.0
chr5	-66	0	26.0	0.0
chr5	-65	0	26.0	0.0
chr5	-64	0	27.0	0.0
chr5	-63	0	27.0	0.0
chr5	-62	0	27.0	0.0
chr5	-61	0	28.0	0.0
chr5	-60	0	28.0	0.0
chr5	-59	0	28.0	0.0
chr5	-58	0	29.0	0.0
chr5	-57	0	29.0	0.0
chr5	-56	0	29.0	0.0
chr5	-55	0	29.0	0.0
chr5	-54	0	29.0	0.0
chr5	-53	0	30.0	0.0
chr5	-52	0	31.0	0.0
chr5	-51	0	32.0	0.0
chr5	-50	0	32.0	0.0
chr5	-49	0	32.0	0.0
chr5	-48	0	33.0	0.0
chr5	-47	0	34.0	0.0
chr5	-46	0	34.0	0.0
chr5	-45	0	35.0	0.0
chr5	-44	0	35.0	0.0
chr5	-43	0	35.0	0.0
chr5	-42	0	35.0	0.0
chr5	-41	0	35.0	0.0
chr5	-40	0	35.0	0.0
chr5	-39	0	36.0	0.0
chr5	-38	0	36.0	0.0
chr5	-37	0	36.0	0.0
chr5	-36	0	37.0	0.0
chr5	-35	0	37.0	0.0
chr5	-34	0	37.0	0.0
chr5	-33	0	37.0	0.0
chr5	-32	0	38.0	0.0
chr5	-31	0	38.0	0.0
chr5	-30	0	39.0	0.0
chr5	-29	0	41.0	0.0
chr5	-28	0	41.0	0.0
chr5	-27	0	41.0	0.0
chr5	-26	0	42.0	0.0
chr5	-25	0	43.0	0.0
chr5	-24	0	43.0	0.0
chr5	-23	0	43.0	0.0
chr5	-22	0	44.0	0.0
chr5	-21	0	44.0	0.0
chr5	-20	0	44.0	0.0
chr5	-19	2	44.0	4.545454545454546
chr5	-18	0	44.0	0.0
chr5	-17	0	44.0	0.0
chr5	-16	0	44.0	0.0
chr5	-15	0	45.0	0.0
chr5	-14	0	45.0	0.0
chr5	-13	0	47.0	0.0
chr5	-12	0	47.0	0.0
chr5	-11	0	48.0	0.0
chr5	-10	0	50.0	0.0
chr5	-9	0	50.0	0.0
chr5	-8	0	50.0	0.0
chr5	-7	0	50.0	0.0
chr5	-6	0	50.0	0.0
chr5	-5	0	50.0	0.0
chr5	-4	0	50.0	0.0
chr5	-3	0	50.0	0.0
chr5	-2	0	50.0	0.0
chr5	-1	0	50.0	0.0
chr5	0	0	50.0	0.0
chr5	1	0	48.0	0.0
chr5	2	0	47.0	0.0
chr5	3	0	47.0	0.0
chr5	4	0	47.0	0.0
chr5	5	0	47.0	0.0
chr5	6	0	47.0	0.0
chr5	7	0	47.0	0.0
chr5	8	0	45.0	0.0
chr5	9	0	44.0	0.0
chr5	10	0	44.0	0.0
chr5	11	0	43.0	0.0
chr5	12	0	43.0	0.0
chr5	13	0	42.0	0.0
chr5	14	0	41.0	0.0
chr5	15	0	39.0	0.0
chr5	16	0	39.0	0.0
chr5	17	0	36.0	0.0
chr5	18	0	36.0	0.0
chr5	19	0	36.0	0.0
chr5	20	0	36.0	0.0
chr5	21	0	34.0	0.0
chr5	22	0	34.0	0.0
chr5	23	0	33.0	0.0
chr5	24	0	33.0	0.0
chr5	25	0	32.0	0.0
chr5	26	0	32.0	0.0
chr5	27	1	32.0	3.125
chr5	28	0	32.0	0.0
chr5	29	0	32.0	0.0
chr5	30	0	31.0	0.0
chr5	31	0	31.0	0.0
chr5	32	0	30.0	0.0
chr5	33	0	29.0	0.0
chr5	34	0	29.0	0.0
chr5	35	0	28.0	0.0
chr5	36	0	28.0	0.0
chr5	37	0	27.0	0.0
chr5	38	0	26.0	0.0
chr5	39	0	26.0	0.0
chr5	40	1	25.0	4.0
chr5	41	0	25.0	0.0
chr5	42	0	24.0	0.0
chr5	43	0	24.0	0.0
chr5	44	0	24.0	0.0
chr5	45	0	23.0	0.0
chr5	46	0	23.0	0.0
chr5	47	0	23.0	0.0
chr5	48	0	22.0	0.0
chr5	49	0	22.0	0.0
chr5	50	0	22.0	0.0
chr5	51	0	21.0	0.0
chr5	52	0	21.0	0.0
chr5	53	0	21.0	0.0
chr5	54	0	21.0	0.0
chr5	55	0	21.0	0.0
chr5	56	0	20.0	0.0
chr5	57	0	19.0	0.0
chr5	58	0	18.0	0.0
chr5	59	0	18.0	0.0
chr5	60	0	18.0	0.0
chr5	61	0	17.0	0.0
chr5	62	0	16.0	0.0
chr5	63	0	16.0	0.0
chr5	64	0	15.0	0.0
chr5	65	0	15.0	0.0
chr5	66	0	15.0	0.0
chr5	67	0	15.0	0.0
chr5	68	0	15.0	0.0
chr5	69	0	15.0	0.0
chr5	70	0	14.0	0.0
chr5	71	0	14.0	0.0
chr5	72	0	14.0	0.0
chr5	73	0	13.0	0.0
chr5	74	0	13.0	0.0
chr5	75	0	13.0	0.0
chr5	76	0	13.0	0.0
chr5	77	0	12.0	0.0
chr5	78	0	12.0	0.0
chr5	79	0	11.0	0.0
chr5	80	0	9.0	0.0
chr5	81	0	9.0	0.0
chr5	82	0	9.0	0.0
chr5	83	0	8.0	0.0
chr5	84	0	7.0	0.0
chr5	85	0	7.0	0.0
chr5	86	0	7.0	0.0
chr5	87	0	6.0	0.0
chr5	88	0	6.0	0.0
chr5	89	0	6.0	0.0
chr5	90	0	6.0	0.0
chr5	91	0	6.0	0.0
chr5	92	0	6.0	0.0
chr5	93	0	6.0	0.0
chr5	94	0	5.0	0.0
chr5	95	0	5.0	0.0
chr5	96	0	3.0	0.0
chr5	97	0	3.0	0.0
chr5	98	0	2.0	0.0
chr5	99	0	0.0	nan
chr5	100	0	0.0	nan
chr5	101	0	0.0	nan
chr5	102	0	0.0	nan
chr5	103	0	0.0	nan
chr5	104	0	0.0	nan
chr5	105	0	0.0	nan
chr5	106	0	0.0	nan
chr5	107	0	0.0	nan
chr5	108	0	0.0	nan
chr5	109	0	0.0	nan
chr6	-134	0	1.0	0.0
chr6	-133	0	1.0	0.0
chr6	-132	0	1.0	0.0
chr6	-131	0	1.0	0.0
chr6	-130	0	2.0	0.0
chr6	-129	0	2.0	0.0
chr6	-128	0	2.0	0.0
chr6	-127	0	2.0	0.0
chr6	-126	0	2.0	0.0
chr6	-125	0	2.0	0.0
chr6	-124	0	2.0	0.0
chr6	-123	0	2.0	0.0
chr6	-122	0	2.0	0.0
chr6	-121	0	2.0	0.0
chr6	-120	0	2.0	0.0
chr6	-119	0	2.0	0.0
chr6	-118	0	2.0	0.0
chr6	-117	0	2.0	0.0
chr6	-116	0	2.0	0.0
chr6	-115	0	3.0	0.0
chr6	-114	0	3.0	0.0
chr6	-113	0	3.0	0.0
chr6	-112	0	4.0	0.0
chr6	-111	0	5.0	0.0
chr6	-110	0	130.0	0.0
chr6	-109	0	238.0	0.0
chr6	-108	0	363.0	0.0
chr6	-107	3	482.0	0.6224066390041494
chr6	-106	0	583.0	0.0
chr6	-105	1	708.0	0.14124293785310735
chr6	-104	3	827.0	0.36275695284159615
chr6	-103	2	940.0	0.2127659574468085
chr6	-102	8	1077.0	0.7428040854224698
chr6	-101	9	1210.0	0.743801652892562
chr6	-100	4	1341.0	0.2982848620432513
chr6	-99	6	1472.0	0.4076086956521739
chr6	-98	1	1604.0	0.062344139650872814
chr6	-97	4	1723.0	0.2321532211259431
chr6	-96	2	1837.0	0.10887316276537834
chr6	-95	7	1963.0	0.3565970453387672
chr6	-94	2	2081.0	0.09610764055742432
chr6	-93	4	2206.0	0.1813236627379873
chr6	-92	10	2345.0	0.42643923240938164
chr6	-91	5	2475.0	0.20202020202020202
chr6	-90	6	2583.0	0.23228803716608595
chr6	-89	10	2723.0	0.3672420124862284
chr6	-88	12	2845.0	0.421792618629174
chr6	-87	5	2954.0	0.16926201760324985
chr6	-86	8	3097.0	0.2583144979011947
chr6	-85	5	3218.0	0.15537600994406464
chr6	-84	7	3332.0	0.21008403361344538
chr6	-83	4	3445.0	0.11611030478955006
chr6	-82	12	3563.0	0.3367948358125175
chr6	-81	11	3681.0	0.29883183917413747
chr6	-80	8	3793.0	0.21091484313208544
chr6	-79	8	3926.0	0.20376974019358124
chr6	-78	11	4059.0	0.27100271002710025
chr6	-77	26	4187.0	0.6209696680200621
chr6	-76	26	4307.0	0.6036684467146506
chr6	-75	19	4438.0	0.4281207751239297
chr6	-74	5	4562.0	0.10960105217010083
chr6	-73	15	4680.0	0.3205128205128205
chr6	-72	20	4809.0	0.4158868787689748
chr6	-71	25	4933.0	0.5067909993918508
chr6	-70	33	5060.0	0.6521739130434783
chr6	-69	5	5198.0	0.09619084263178146
chr6	-68	30	5322.0	0.5636978579481398
chr6	-67	20	5447.0	0.3671745915182669
chr6	-66	7	5562.0	0.12585400934915497
chr6	-65	9	5685.0	0.15831134564643798
chr6	-64	11	5808.0	0.1893939393939394
chr6	-63	9	5928.0	0.15182186234817813
chr6	-62	5	6054.0	0.08259002312520648
chr6	-61	24	6167.0	0.3891681530728069
chr6	-60	11	6303.0	0.17452006980802792
chr6	-59	14	6419.0	0.21810250817884408
chr6	-58	30	6543.0	0.4585052728106373
chr6	-57	33	6674.0	0.494456098291879
chr6	-56	17	6802.0	0.24992649220817406
chr6	-55	39	6933.0	0.5625270445694505
chr6	-54	11	7073.0	0.15552099533437014
chr6	-53	21	7209.0	0.2913025384935497
chr6	-52	27	7332.0	0.36824877250409166
chr6	-51	38	7449.0	0.51013558866962
chr6	-50	26	7571.0	0.34341566503764365
chr6	-49	12	7704.0	0.1557632398753894
chr6	-48	25	7830.0	0.31928480204342274
chr6	-47	15	7946.0	0.18877422602567331
chr6	-46	12	8082.0	0.14847809948032664
chr6	-45	12	8210.0	0.146163215590743
chr6	-44	17	8329.0	0.20410613519029897
chr6	-43	21	8435.0	0.24896265560165973
chr6	-42	23	8571.0	0.2683467506708669
chr6	-41	40	8721.0	0.4586629973626878
chr6	-40	35	8861.0	0.3949892788624309
chr6	-39	23	8972.0	0.2563530985287561
chr6	-38	57	9104.0	0.6260984182776801
chr6	-37	52	9237.0	0.5629533398289488
chr6	-36	46	9338.0	0.49261083743842365
chr6	-35	20	9458.0	0.2114611968703743
chr6	-34	18	9584.0	0.18781302170283806
chr6	-33	14	9692.0	0.14444903012794055
chr6	-32	12	9818.0	0.12222448563862294
chr6	-31	47	9951.0	0.4723143402673098
chr6	-30	64	10081.0	0.634857653010614
chr6	-29	44	10208.0	0.43103448275862066
chr6	-28	6	10352.0	0.05795981452859351
chr6	-27	29	10479.0	0.27674396411871366
chr6	-26	27	10589.0	0.2549815846633299
chr6	-25	37	10720.0	0.3451492537313433
chr6	-24	49	10851.0	0.4515712837526495
chr6	-23	33	10950.0	0.3013698630136986
chr6	-22	23	11082.0	0.20754376466341815
chr6	-21	67	11209.0	0.597733963779106
chr6	-20	56	11336.0	0.4940014114326041
chr6	-19	47	11442.0	0.4107673483656703
chr6	-18	32	11564.0	0.2767208578346593
chr6	-17	17	11671.0	0.1456601833604661
chr6	-16	28	11798.0	0.23732836073910832
chr6	-15	42	11917.0	0.35243769405051606
chr6	-14	64	12042.0	0.5314731772130875
chr6	-13	43	12178.0	0.3530957464279849
chr6	-12	40	12319.0	0.32470168033119573
chr6	-11	15	12454.0	0.12044323109041272
chr6	-10	25	12554.0	0.1991397164250438
chr6	-9	24	12554.0	0.19117412776804205
chr6	-8	31	12554.0	0.24693324836705433
chr6	-7	20	12550.0	0.1593625498007968
chr6	-6	64	12543.0	0.5102447580323686
chr6	-5	78	12552.0	0.621414913957935
chr6	-4	29	12552.0	0.2310388782664117
chr6	-3	36	12554.0	0.2867611916520631
chr6	-2	26	12552.0	0.207138304652645
chr6	-1	30	12544.0	0.23915816326530612
chr6	0	25	12297.0	0.20330161828088153
chr6	1	28	12172.0	0.23003614853762733
chr6	2	29	12053.0	0.24060399900439727
chr6	3	30	11952.0	0.25100401606425704
chr6	4	75	11822.0	0.6344104212485197
chr6	5	47	11700.0	0.40170940170940167
chr6	6	10	11595.0	0.086244070720138
chr6	7	25	11464.0	0.21807397069085835
chr6	8	41	11333.0	0.36177534633371566
chr6	9	27	11202.0	0.241028387787895
chr6	10	21	11073.0	0.1896505012191818
chr6	11	41	10936.0	0.37490855888807606
chr6	12	37	10820.0	0.3419593345656192
chr6	13	63	10704.0	0.5885650224215246
chr6	14	70	10579.0	0.6616882503072125
chr6	15	19	10462.0	0.18160963486904988
chr6	16	16	10336.0	0.15479876160990713
chr6	17	33	10191.0	0.32381513099793935
chr6	18	44	10066.0	0.43711504073117424
chr6	19	54	9958.0	0.5422775657762603
chr6	20	45	9822.0	0.4581551618814905
chr6	21	20	9698.0	0.20622808826562178
chr6	22	29	9590.0	0.3023983315954119
chr6	23	55	9446.0	0.5822570400169383
chr6	24	37	9326.0	0.39674029594681537
chr6	25	25	9200.0	0.2717391304347826
chr6	26	35	9099.0	0.38465765468732827
chr6	27	24	8982.0	0.26720106880427524
chr6	28	40	8863.0	0.4513144533453684
chr6	29	60	8751.0	0.6856359273225917
chr6	30	30	8616.0	0.34818941504178275
chr6	31	17	8478.0	0.20051899032790754
chr6	32	15	8352.0	0.17959770114942528
chr6	33	8	8232.0	0.09718172983479105
chr6	34	20	8098.0	0.24697456162015313
chr6	35	52	7979.0	0.6517107406943226
chr6	36	32	7857.0	0.407280132366043
chr6	37	52	7725.0	0.6731391585760518
chr6	38	12	7606.0	0.15777018143570865
chr6	39	28	7482.0	0.37423148890670943
chr6	40	50	7337.0	0.6814774430966335
chr6	41	31	7218.0	0.42948185092823493
chr6	42	16	7086.0	0.22579734688117414
chr6	43	14	6975.0	0.2007168458781362
chr6	44	12	6854.0	0.17508024511234316
chr6	45	17	6732.0	0.25252525252525254
chr6	46	16	6608.0	0.24213075060532688
chr6	47	27	6482.0	0.41653810552298676
chr6	48	25	6372.0	0.39234149403640933
chr6	49	23	6237.0	0.3687670354337021
chr6	50	27	6120.0	0.4411764705882353
chr6	51	25	5995.0	0.4170141784820684
chr6	52	27	5866.0	0.4602795772246846
chr6	53	18	5738.0	0.3136981526664343
chr6	54	45	5608.0	0.8024251069900142
chr6	55	21	5466.0	0.38419319429198684
chr6	56	28	5330.0	0.525328330206379
chr6	57	29	5208.0	0.5568356374807988
chr6	58	16	5091.0	0.3142801021410332
chr6	59	10	4967.0	0.20132876988121604
chr6	60	33	4837.0	0.6822410585073393
chr6	61	5	4711.0	0.10613457864572277
chr6	62	8	4594.0	0.174140182847192
chr6	63	16	4461.0	0.3586639766868415
chr6	64	7	4335.0	0.16147635524798157
chr6	65	11	4215.0	0.2609727164887307
chr6	66	10	4100.0	0.24390243902439024
chr6	67	18	3970.0	0.4534005037783375
chr6	68	7	3817.0	0.18339009693476552
chr6	69	47	3684.0	1.2757871878393052
chr6	70	12	3571.0	0.33604032483898066
chr6	71	21	3432.0	0.6118881118881119
chr6	72	23	3307.0	0.6954944058058663
chr6	73	1	3203.0	0.031220730565095226
chr6	74	21	3081.0	0.6815968841285297
chr6	75	22	2958.0	0.7437457741717377
chr6	76	21	2849.0	0.7371007371007371
chr6	77	3	2720.0	0.11029411764705882
chr6	78	10	2595.0	0.3853564547206166
chr6	79	2	2465.0	0.08113590263691683
chr6	80	6	2338.0	0.2566295979469632
chr6	81	8	2194.0	0.3646308113035551
chr6	82	6	2067.0	0.29027576197387517
chr6	83	12	1946.0	0.6166495375128468
chr6	84	5	1829.0	0.2733734281027884
chr6	85	2	1699.0	0.11771630370806356
chr6	86	3	1598.0	0.18773466833541927
chr6	87	4	1468.0	0.2724795640326975
chr6	88	8	1341.0	0.5965697240865026
chr6	89	4	1214.0	0.3294892915980231
chr6	90	1	1103.0	0.09066183136899365
chr6	91	5	985.0	0.5076142131979695
chr6	92	2	879.0	0.22753128555176336
chr6	93	3	751.0	0.3994673768308922
chr6	94	5	636.0	0.7861635220125787
chr6	95	2	508.0	0.39370078740157477
chr6	96	3	373.0	0.8042895442359249
chr6	97	0	232.0	0.0
chr6	98	0	101.0	0.0
chr6	99	0	0.0	nan
chr6	100	0	0.0	nan
chr6	101	0	0.0	nan
chr6	102	0	0.0	nan
chr6	103	0	0.0	nan
chr6	104	0	0.0	nan
chr6	105	0	0.0	nan
chr6	106	0	0.0	nan
chr6	107	0	0.0	nan
chr6	108	0	0.0	nan
chr6	109	0	0.0	nan
chr6	110	0	0.0	nan
chr6	111	0	0.0	nan
chr6	112	0	0.0	nan
chr6	113	0	0.0	nan
chr6	114	0	0.0	nan
chr6	115	0	0.0	nan
chr6	116	0	0.0	nan
chr6	117	0	0.0	nan
chr6	118	0	0.0	nan
chr6	119	0	0.0	nan
chr6	120	0	0.0	nan
chr6	121	0	0.0	nan
chr6	122	0	0.0	nan
chr6	123	0	0.0	nan
chr6	124	0	0.0	nan
chr6	125	0	0.0	nan
chr6	126	0	0.0	nan
chr6	127	0	0.0	nan
chr6	128	0	0.0	nan
chr6	129	0	0.0	nan
chr6	130	0	0.0	nan
chr6	131	0	0.0	nan
chr6	132	0	0.0	nan
chr6	133	0	0.0	nan
chr6	134	0	0.0	nan
chr6	135	0	0.0	nan
chr7	-136	0	1.0	0.0
chr7	-135	0	1.0	0.0
chr7	-134	0	1.0	0.0
chr7	-133	0	2.0	0.0
chr7	-132	0	2.0	0.0
chr7	-131	0	2.0	0.0
chr7	-130	0	2.0	0.0
chr7	-129	0	3.0	0.0
chr7	-128	0	3.0	0.0
chr7	-127	0	3.0	0.0
chr7	-126	0	3.0	0.0
chr7	-125	0	3.0	0.0
chr7	-124	0	4.0	0.0
chr7	-123	0	5.0	0.0
chr7	-122	0	5.0	0.0
chr7	-121	0	5.0	0.0
chr7	-120	0	5.0	0.0
chr7	-119	0	5.0	0.0
chr7	-118	0	6.0	0.0
chr7	-117	0	6.0	0.0
chr7	-116	0	6.0	0.0
chr7	-115	0	6.0	0.0
chr7	-114	0	6.0	0.0
chr7	-113	0	6.0	0.0
chr7	-112	0	6.0	0.0
chr7	-111	0	13.0	0.0
chr7	-110	0	262.0	0.0
chr7	-109	1	499.0	0.2004008016032064
chr7	-108	0	752.0	0.0
chr7	-107	1	1011.0	0.09891196834817012
chr7	-106	4	1285.0	0.311284046692607
chr7	-105	2	1547.0	0.12928248222365868
chr7	-104	4	1795.0	0.22284122562674097
chr7	-103	6	2050.0	0.2926829268292683
chr7	-102	6	2314.0	0.25929127052722556
chr7	-101	2	2601.0	0.07689350249903884
chr7	-100	2	2864.0	0.06983240223463687
chr7	-99	6	3112.0	0.1928020565552699
chr7	-98	14	3411.0	0.4104368220463207
chr7	-97	5	3672.0	0.13616557734204793
chr7	-96	5	3937.0	0.12700025400050802
chr7	-95	8	4155.0	0.1925391095066185
chr7	-94	2	4406.0	0.04539264639128461
chr7	-93	13	4660.0	0.27896995708154504
chr7	-92	6	4926.0	0.12180267965895249
chr7	-91	10	5180.0	0.19305019305019305
chr7	-90	6	5454.0	0.11001100110011
chr7	-89	6	5712.0	0.10504201680672269
chr7	-88	12	5997.0	0.2001000500250125
chr7	-87	12	6265.0	0.19154030327214686
chr7	-86	9	6509.0	0.13827008757105547
chr7	-85	26	6771.0	0.38399054792497417
chr7	-84	19	7005.0	0.27123483226266953
chr7	-83	13	7252.0	0.17926089354660782
chr7	-82	54	7487.0	0.7212501669560571
chr7	-81	14	7739.0	0.18090192531334798
chr7	-80	23	8013.0	0.28703357044802197
chr7	-79	23	8257.0	0.2785515320334262
chr7	-78	14	8534.0	0.1640496836184673
chr7	-77	44	8807.0	0.4996025888497786
chr7	-76	25	9056.0	0.2760600706713781
chr7	-75	34	9308.0	0.365277180919639
chr7	-74	33	9570.0	0.3448275862068966
chr7	-73	26	9830.0	0.2644964394710071
chr7	-72	19	10071.0	0.18866051037632808
chr7	-71	42	10348.0	0.4058755315036722
chr7	-70	11	10641.0	0.10337374306926041
chr7	-69	18	10899.0	0.16515276630883566
chr7	-68	14	11149.0	0.12557180016144948
chr7	-67	21	11442.0	0.18353434714210803
chr7	-66	44	11664.0	0.3772290809327846
chr7	-65	38	11914.0	0.31895249286553634
chr7	-64	25	12170.0	0.2054231717337716
chr7	-63	39	12435.0	0.31363088057901084
chr7	-62	47	12696.0	0.37019533711405167
chr7	-61	41	12971.0	0.3160897386477527
chr7	-60	13	13210.0	0.0984102952308857
chr7	-59	47	13481.0	0.3486388250129812
chr7	-58	30	13725.0	0.2185792349726776
chr7	-57	37	13981.0	0.2646448751877548
chr7	-56	25	14231.0	0.17567282692713093
chr7	-55	35	14499.0	0.2413959583419546
chr7	-54	23	14760.0	0.15582655826558267
chr7	-53	26	15021.0	0.1730910059250383
chr7	-52	38	15284.0	0.24862601413242605
chr7	-51	75	15536.0	0.4827497425334707
chr7	-50	24	15801.0	0.15188912094171253
chr7	-49	80	16087.0	0.4972959532541804
chr7	-48	83	16339.0	0.5079870249097251
chr7	-47	25	16617.0	0.15044833604140337
chr7	-46	119	16887.0	0.7046840765085569
chr7	-45	39	17121.0	0.22779043280182232
chr7	-44	41	17403.0	0.23559156467275758
chr7	-43	24	17656.0	0.1359311282283643
chr7	-42	34	17886.0	0.1900928100190093
chr7	-41	49	18147.0	0.27001708271339614
chr7	-40	30	18397.0	0.1630700657715932
chr7	-39	83	18650.0	0.4450402144772118
chr7	-38	35	18901.0	0.1851753875456325
chr7	-37	39	19145.0	0.20370854008879602
chr7	-36	52	19428.0	0.2676549310273832
chr7	-35	86	19696.0	0.4366368805848903
chr7	-34	57	19961.0	0.28555683582986824
chr7	-33	32	20184.0	0.15854141894569956
chr7	-32	51	20453.0	0.24935217327531414
chr7	-31	51	20731.0	0.24600839322753365
chr7	-30	52	20988.0	0.24776062511911567
chr7	-29	79	21265.0	0.3715024688455208
chr7	-28	82	21555.0	0.38042217582927396
chr7	-27	61	21790.0	0.2799449288664525
chr7	-26	44	22035.0	0.1996823235761289
chr7	-25	74	22282.0	0.33210663315680816
chr7	-24	95	22526.0	0.4217348841338897
chr7	-23	48	22769.0	0.21081294742852125
chr7	-22	44	23024.0	0.1911049339819319
chr7	-21	55	23295.0	0.2361021678471775
chr7	-20	69	23528.0	0.29326759605576336
chr7	-19	56	23786.0	0.23543260741612712
chr7	-18	110	24049.0	0.45739947606969106
chr7	-17	38	24317.0	0.15626927663774315
chr7	-16	75	24582.0	0.305101293629485
chr7	-15	40	24817.0	0.16117983640246605
chr7	-14	61	25067.0	0.24334782782143854
chr7	-13	34	25340.0	0.13417521704814522
chr7	-12	61	25570.0	0.23856081345326555
chr7	-11	56	25820.0	0.21688613477924087
chr7	-10	76	26064.0	0.29158993247391035
chr7	-9	88	26054.0	0.3377600368465495
chr7	-8	54	26058.0	0.20723002532811421
chr7	-7	52	26065.0	0.199501246882793
chr7	-6	70	26069.0	0.2685181633357628
chr7	-5	65	26070.0	0.24932873034138858
chr7	-4	32	26070.0	0.1227464518603759
chr7	-3	160	26068.0	0.6137793463249962
chr7	-2	84	26070.0	0.3222094361334868
chr7	-1	58	26067.0	0.22250354854797252
chr7	0	75	25562.0	0.29340427196619984
chr7	1	73	25303.0	0.28850333952495755
chr7	2	167	25045.0	0.6667997604312238
chr7	3	64	24770.0	0.25837706903512314
chr7	4	79	24503.0	0.3224095008774436
chr7	5	94	24256.0	0.387532981530343
chr7	6	51	24000.0	0.21250000000000002
chr7	7	31	23724.0	0.1306693643567695
chr7	8	63	23434.0	0.26884014679525475
chr7	9	62	23179.0	0.2674834979938738
chr7	10	61	22933.0	0.26599223825927704
chr7	11	51	22620.0	0.22546419098143236
chr7	12	45	22374.0	0.2011263073209976
chr7	13	40	22106.0	0.1809463494074007
chr7	14	40	21886.0	0.18276523805172257
chr7	15	147	21637.0	0.6793917825946296
chr7	16	40	21385.0	0.18704699555763385
chr7	17	82	21118.0	0.3882943460554977
chr7	18	49	20856.0	0.23494438051400077
chr7	19	72	20578.0	0.3498882301487025
chr7	20	56	20334.0	0.2754008065309334
chr7	21	36	20045.0	0.17959590920429033
chr7	22	58	19765.0	0.2934480141664559
chr7	23	77	19526.0	0.39434600020485505
chr7	24	64	19264.0	0.33222591362126247
chr7	25	51	19029.0	0.2680119817121236
chr7	26	36	18778.0	0.1917137075300884
chr7	27	108	18538.0	0.5825871183514942
chr7	28	68	18278.0	0.3720319509793194
chr7	29	51	17995.0	0.28341205890525145
chr7	30	36	17766.0	0.2026342451874367
chr7	31	62	17485.0	0.35458964826994566
chr7	32	41	17207.0	0.23827512059045736
chr7	33	45	16971.0	0.265158211065936
chr7	34	76	16705.0	0.4549536067045795
chr7	35	49	16459.0	0.29770945986997993
chr7	36	41	16198.0	0.25311766884800596
chr7	37	40	15939.0	0.25095677269590316
chr7	38	97	15675.0	0.6188197767145136
chr7	39	49	15379.0	0.31861629494765586
chr7	40	57	15121.0	0.37695919582038223
chr7	41	72	14862.0	0.4844570044408559
chr7	42	45	14574.0	0.3087690407575134
chr7	43	30	14345.0	0.20913210177762287
chr7	44	45	14102.0	0.3191036732378386
chr7	45	94	13845.0	0.678945467677862
chr7	46	29	13560.0	0.21386430678466076
chr7	47	84	13278.0	0.6326253953908721
chr7	48	68	13005.0	0.522875816993464
chr7	49	29	12767.0	0.22714811623717393
chr7	50	43	12518.0	0.3435053522926985
chr7	51	31	12272.0	0.2526075619295958
chr7	52	33	12016.0	0.27463382157123833
chr7	53	34	11767.0	0.2889436559870825
chr7	54	46	11493.0	0.4002436265552945
chr7	55	23	11232.0	0.20477207977207976
chr7	56	47	10970.0	0.42844120328167734
chr7	57	29	10712.0	0.2707244212098581
chr7	58	51	10456.0	0.48775822494261667
chr7	59	19	10174.0	0.18675054059367013
chr7	60	38	9904.0	0.38368336025848143
chr7	61	39	9651.0	0.40410320174075226
chr7	62	47	9391.0	0.5004791821957193
chr7	63	22	9145.0	0.2405686167304538
chr7	64	37	8910.0	0.41526374859708187
chr7	65	75	8630.0	0.869061413673233
chr7	66	17	8376.0	0.2029608404966571
chr7	67	22	8142.0	0.2702038811102923
chr7	68	18	7886.0	0.2282525995434948
chr7	69	22	7639.0	0.28799581097002225
chr7	70	29	7388.0	0.392528424472117
chr7	71	17	7128.0	0.23849607182940516
chr7	72	16	6898.0	0.2319512902290519
chr7	73	27	6613.0	0.4082867079993951
chr7	74	16	6341.0	0.25232613152499606
chr7	75	18	6083.0	0.29590662502054904
chr7	76	22	5851.0	0.37600410186292943
chr7	77	12	5586.0	0.21482277121374865
chr7	78	20	5291.0	0.378000378000378
chr7	79	15	5026.0	0.29844807003581375
chr7	80	14	4764.0	0.2938706968933669
chr7	81	30	4494.0	0.6675567423230975
chr7	82	8	4256.0	0.18796992481203006
chr7	83	22	4007.0	0.5490391814324931
chr7	84	11	3765.0	0.2921646746347942
chr7	85	6	3518.0	0.17055144968732233
chr7	86	8	3275.0	0.24427480916030536
chr7	87	6	3028.0	0.19815059445178335
chr7	88	12	2762.0	0.4344677769732078
chr7	89	12	2501.0	0.47980807676929227
chr7	90	7	2257.0	0.31014621178555607
chr7	91	6	2003.0	0.29955067398901647
chr7	92	2	1734.0	0.11534025374855825
chr7	93	5	1471.0	0.3399048266485384
chr7	94	3	1238.0	0.24232633279483037
chr7	95	5	983.0	0.508646998982706
chr7	96	1	721.0	0.13869625520110956
chr7	97	3	475.0	0.631578947368421
chr7	98	1	241.0	0.4149377593360996
chr7	99	0	0.0	nan
chr7	100	0	0.0	nan
chr7	101	0	0.0	nan
chr7	102	0	0.0	nan
chr7	103	0	0.0	nan
chr7	104	0	0.0	nan
chr7	105	0	0.0	nan
chr7	106	0	0.0	nan
chr7	107	0	0.0	nan
chr7	108	0	0.0	nan
chr7	109	0	0.0	nan
chr7	110	0	0.0	nan
chr7	111	0	0.0	nan
chr7	112	0	0.0	nan
chr7	113	0	0.0	nan
chr7	114	0	0.0	nan
chr7	115	0	0.0	nan
chr7	116	0	0.0	nan
chr7	117	0	0.0	nan
chr7	118	0	0.0	nan
chr7	119	0	0.0	nan
chr7	120	0	0.0	nan
chr7	121	0	0.0	nan
chr7	122	0	0.0	nan
chr7	123	0	0.0	nan
chr7	124	0	0.0	nan
chr7	125	0	0.0	nan
chr7	126	0	0.0	nan
chr7	127	0	0.0	nan
chr10	-115	0	1.0	0.0
chr10	-114	0	1.0	0.0
chr10	-113	0	1.0	0.0
chr10	-112	0	2.0	0.0
chr10	-111	0	2.0	0.0
chr10	-110	0	168.0	0.0
chr10	-109	0	326.0	0.0
chr10	-108	0	470.0	0.0
chr10	-107	0	616.0	0.0
chr10	-106	2	781.0	0.2560819462227913
chr10	-105	0	915.0	0.0
chr10	-104	1	1086.0	0.09208103130755065
chr10	-103	2	1238.0	0.16155088852988692
chr10	-102	0	1391.0	0.0
chr10	-101	1	1548.0	0.06459948320413438
chr10	-100	5	1716.0	0.2913752913752914
chr10	-99	1	1898.0	0.052687038988408846
chr10	-98	2	2043.0	0.09789525208027411
chr10	-97	0	2202.0	0.0
chr10	-96	2	2396.0	0.08347245409015025
chr10	-95	4	2559.0	0.15631105900742479
chr10	-94	4	2707.0	0.1477650535648319
chr10	-93	8	2860.0	0.27972027972027974
chr10	-92	5	3008.0	0.16622340425531915
chr10	-91	2	3174.0	0.0630119722747322
chr10	-90	22	3336.0	0.6594724220623501
chr10	-89	4	3479.0	0.11497556769186547
chr10	-88	4	3622.0	0.11043622308117064
chr10	-87	9	3780.0	0.2380952380952381
chr10	-86	17	3948.0	0.43059777102330293
chr10	-85	10	4099.0	0.24396194193705784
chr10	-84	12	4251.0	0.2822865208186309
chr10	-83	1	4419.0	0.022629554197782304
chr10	-82	5	4568.0	0.10945709281961472
chr10	-81	18	4751.0	0.3788676068196169
chr10	-80	11	4917.0	0.22371364653243847
chr10	-79	10	5070.0	0.19723865877712032
chr10	-78	11	5221.0	0.21068760773798123
chr10	-77	12	5402.0	0.22213994816734545
chr10	-76	12	5560.0	0.2158273381294964
chr10	-75	15	5695.0	0.2633889376646181
chr10	-74	16	5854.0	0.2733173898189272
chr10	-73	18	6005.0	0.2997502081598668
chr10	-72	9	6174.0	0.1457725947521866
chr10	-71	7	6313.0	0.11088230635197213
chr10	-70	22	6473.0	0.33987331994438436
chr10	-69	14	6644.0	0.2107164358819988
chr10	-68	11	6791.0	0.1619790899720218
chr10	-67	21	6946.0	0.3023322775698244
chr10	-66	19	7101.0	0.2675679481763132
chr10	-65	10	7255.0	0.13783597518952445
chr10	-64	10	7420.0	0.13477088948787064
chr10	-63	26	7577.0	0.3431437244291936
chr10	-62	15	7701.0	0.19477989871445267
chr10	-61	13	7859.0	0.16541544725792084
chr10	-60	21	8015.0	0.26200873362445415
chr10	-59	10	8166.0	0.12245897624295861
chr10	-58	17	8319.0	0.20435148455343188
chr10	-57	25	8469.0	0.295194237808478
chr10	-56	11	8605.0	0.12783265543288785
chr10	-55	15	8760.0	0.17123287671232876
chr10	-54	22	8921.0	0.2466091245376079
chr10	-53	31	9107.0	0.34039749643131656
chr10	-52	17	9249.0	0.18380365444912963
chr10	-51	40	9409.0	0.4251248804336274
chr10	-50	14	9547.0	0.14664292447889388
chr10	-49	14	9710.0	0.14418125643666324
chr10	-48	28	9850.0	0.28426395939086296
chr10	-47	26	10015.0	0.2596105841238143
chr10	-46	29	10152.0	0.28565799842395584
chr10	-45	20	10311.0	0.19396760740956262
chr10	-44	21	10455.0	0.20086083213773312
chr10	-43	30	10641.0	0.281928390188892
chr10	-42	56	10802.0	0.5184225143491945
chr10	-41	28	10955.0	0.25559105431309903
chr10	-40	24	11108.0	0.21606049693914295
chr10	-39	25	11250.0	0.2222222222222222
chr10	-38	22	11411.0	0.19279642450267287
chr10	-37	18	11585.0	0.15537332757876565
chr10	-36	10	11717.0	0.08534607834769992
chr10	-35	15	11891.0	0.1261458245732066
chr10	-34	17	12063.0	0.14092680096161816
chr10	-33	35	12222.0	0.286368843069874
chr10	-32	34	12377.0	0.2747030782903773
chr10	-31	63	12529.0	0.5028334264506346
chr10	-30	84	12677.0	0.6626173384870238
chr10	-29	27	12832.0	0.21041147132169574
chr10	-28	45	13001.0	0.3461272209830013
chr10	-27	36	13155.0	0.27366020524515394
chr10	-26	28	13299.0	0.210542146026017
chr10	-25	19	13448.0	0.1412849494348602
chr10	-24	24	13613.0	0.17630206420333505
chr10	-23	33	13745.0	0.2400873044743543
chr10	-22	24	13899.0	0.17267429311461255
chr10	-21	25	14062.0	0.17778409899018632
chr10	-20	42	14212.0	0.2955249085280045
chr10	-19	39	14356.0	0.2716634159933129
chr10	-18	41	14513.0	0.28250534003996414
chr10	-17	52	14651.0	0.354924578527063
chr10	-16	31	14815.0	0.20924738440769491
chr10	-15	26	14984.0	0.17351841964762413
chr10	-14	44	15145.0	0.29052492571805877
chr10	-13	29	15297.0	0.18957965614172714
chr10	-12	35	15459.0	0.22640533022834594
chr10	-11	57	15619.0	0.36494013701261285
chr10	-10	86	15797.0	0.5444071659175793
chr10	-9	27	15801.0	0.1708752610594266
chr10	-8	24	15800.0	0.1518987341772152
chr10	-7	21	15797.0	0.13293663353801355
chr10	-6	42	15802.0	0.265789140615112
chr10	-5	35	15801.0	0.22150496803999747
chr10	-4	58	15794.0	0.36722806128909713
chr10	-3	57	15795.0	0.36087369420702753
chr10	-2	32	15794.0	0.20260858553881222
chr10	-1	29	15794.0	0.18361403064454856
chr10	0	22	15459.0	0.14231192185781744
chr10	1	33	15312.0	0.21551724137931033
chr10	2	60	15167.0	0.39559570119338033
chr10	3	52	15002.0	0.34662045060658575
chr10	4	19	14884.0	0.12765385649019081
chr10	5	29	14709.0	0.19715820246107826
chr10	6	20	14550.0	0.13745704467353953
chr10	7	26	14396.0	0.18060572381217005
chr10	8	28	14241.0	0.1966154062214732
chr10	9	73	14072.0	0.5187606594656055
chr10	10	39	13884.0	0.2808988764044944
chr10	11	53	13740.0	0.3857350800582242
chr10	12	50	13592.0	0.36786344908769864
chr10	13	36	13396.0	0.26873693639892504
chr10	14	44	13234.0	0.33247695330210064
chr10	15	20	13087.0	0.15282341254680218
chr10	16	35	12928.0	0.27073019801980197
chr10	17	27	12784.0	0.21120150187734668
chr10	18	30	12612.0	0.23786869647954328
chr10	19	51	12451.0	0.40960565416432415
chr10	20	19	12304.0	0.1544213263979194
chr10	21	20	12165.0	0.16440608302507193
chr10	22	29	12007.0	0.24152577663029898
chr10	23	24	11838.0	0.20273694880892043
chr10	24	31	11670.0	0.2656383890317052
chr10	25	44	11536.0	0.3814147018030513
chr10	26	38	11368.0	0.3342716396903589
chr10	27	37	11218.0	0.32982706364770903
chr10	28	28	11033.0	0.2537841022387384
chr10	29	71	10867.0	0.653354191589215
chr10	30	46	10713.0	0.42938485951647526
chr10	31	36	10563.0	0.3408122692416927
chr10	32	30	10385.0	0.2888781896966779
chr10	33	20	10227.0	0.19556077050943582
chr10	34	19	10090.0	0.18830525272547077
chr10	35	19	9929.0	0.1913586463893645
chr10	36	21	9785.0	0.21461420541645376
chr10	37	22	9618.0	0.22873778332293615
chr10	38	22	9478.0	0.23211648027009918
chr10	39	22	9318.0	0.2361021678471775
chr10	40	23	9145.0	0.25150355385456535
chr10	41	60	9001.0	0.6665926008221309
chr10	42	30	8838.0	0.3394433129667346
chr10	43	17	8687.0	0.19569471624266144
chr10	44	19	8532.0	0.22269104547585558
chr10	45	29	8367.0	0.34659973706226843
chr10	46	35	8212.0	0.4262055528494886
chr10	47	23	8090.0	0.2843016069221261
chr10	48	18	7931.0	0.2269575085109066
chr10	49	11	7777.0	0.14144271570014144
chr10	50	22	7627.0	0.2884489314278222
chr10	51	14	7475.0	0.18729096989966557
chr10	52	21	7325.0	0.28668941979522183
chr10	53	17	7174.0	0.23696682464454977
chr10	54	18	7033.0	0.2559363002985923
chr10	55	13	6867.0	0.18931119848551042
chr10	56	9	6687.0	0.13458950201884254
chr10	57	13	6544.0	0.1986552567237164
chr10	58	12	6385.0	0.18794048551292092
chr10	59	17	6248.0	0.27208706786171577
chr10	60	6	6080.0	0.09868421052631579
chr10	61	8	5939.0	0.13470281192119885
chr10	62	38	5777.0	0.6577808551151116
chr10	63	23	5636.0	0.40809084457061745
chr10	64	15	5477.0	0.2738725579696914
chr10	65	20	5335.0	0.37488284910965325
chr10	66	14	5147.0	0.2720031086069555
chr10	67	15	4990.0	0.30060120240480964
chr10	68	15	4842.0	0.30978934324659235
chr10	69	20	4684.0	0.4269854824935952
chr10	70	11	4545.0	0.24202420242024203
chr10	71	17	4385.0	0.38768529076396807
chr10	72	7	4210.0	0.166270783847981
chr10	73	14	4076.0	0.34347399411187435
chr10	74	8	3902.0	0.20502306509482315
chr10	75	6	3730.0	0.16085790884718498
chr10	76	9	3570.0	0.25210084033613445
chr10	77	13	3413.0	0.3808965719308526
chr10	78	7	3261.0	0.21465808034345293
chr10	79	14	3109.0	0.4503055644901898
chr10	80	8	2957.0	0.2705444707473791
chr10	81	5	2790.0	0.17921146953405018
chr10	82	5	2633.0	0.189897455374098
chr10	83	6	2485.0	0.2414486921529175
chr10	84	11	2337.0	0.47068891741548996
chr10	85	5	2175.0	0.22988505747126436
chr10	86	7	2042.0	0.3428011753183154
chr10	87	4	1887.0	0.21197668256491786
chr10	88	9	1721.0	0.5229517722254503
chr10	89	11	1576.0	0.6979695431472082
chr10	90	1	1427.0	0.0700770847932726
chr10	91	5	1274.0	0.39246467817896385
chr10	92	5	1137.0	0.43975373790677225
chr10	93	0	975.0	0.0
chr10	94	3	806.0	0.37220843672456577
chr10	95	2	649.0	0.30816640986132515
chr10	96	0	497.0	0.0
chr10	97	0	328.0	0.0
chr10	98	0	166.0	0.0
chr10	99	0	0.0	nan
chr10	100	0	0.0	nan
chr10	101	0	0.0	nan
chr10	102	0	0.0	nan
chr10	103	0	0.0	nan
chr10	104	0	0.0	nan
chr10	105	0	0.0	nan
chr10	106	0	0.0	nan
chr10	107	0	0.0	nan
chr10	108	0	0.0	nan
chr10	109	0	0.0	nan
chr10	110	0	0.0	nan
chr10	111	0	0.0	nan
chr10	112	0	0.0	nan
chr10	113	0	0.0	nan
chr11	-141	0	0.0	nan
chr11	-140	0	0.0	nan
chr11	-139	0	1.0	0.0
chr11	-138	0	1.0	0.0
chr11	-137	0	1.0	0.0
chr11	-136	0	2.0	0.0
chr11	-135	0	2.0	0.0
chr11	-134	0	2.0	0.0
chr11	-133	0	2.0	0.0
chr11	-132	0	2.0	0.0
chr11	-131	0	2.0	0.0
chr11	-130	0	2.0	0.0
chr11	-129	0	2.0	0.0
chr11	-128	0	2.0	0.0
chr11	-127	0	2.0	0.0
chr11	-126	0	2.0	0.0
chr11	-125	0	2.0	0.0
chr11	-124	0	2.0	0.0
chr11	-123	0	3.0	0.0
chr11	-122	0	3.0	0.0
chr11	-121	0	3.0	0.0
chr11	-120	0	3.0	0.0
chr11	-119	0	4.0	0.0
chr11	-118	0	4.0	0.0
chr11	-117	0	4.0	0.0
chr11	-116	0	4.0	0.0
chr11	-115	0	4.0	0.0
chr11	-114	0	5.0	0.0
chr11	-113	0	5.0	0.0
chr11	-112	0	6.0	0.0
chr11	-111	0	10.0	0.0
chr11	-110	0	296.0	0.0
chr11	-109	1	569.0	0.17574692442882248
chr11	-108	0	864.0	0.0
chr11	-107	0	1176.0	0.0
chr11	-106	2	1454.0	0.1375515818431912
chr11	-105	8	1748.0	0.4576659038901602
chr11	-104	2	2011.0	0.09945300845350571
chr11	-103	2	2277.0	0.0878348704435661
chr11	-102	3	2570.0	0.11673151750972763
chr11	-101	9	2859.0	0.3147953830010493
chr11	-100	1	3142.0	0.031826861871419476
chr11	-99	1	3432.0	0.029137529137529136
chr11	-98	5	3705.0	0.1349527665317139
chr11	-97	2	3987.0	0.05016302984700275
chr11	-96	9	4300.0	0.20930232558139536
chr11	-95	7	4604.0	0.1520417028670721
chr11	-94	8	4886.0	0.1637331150225133
chr11	-93	14	5173.0	0.2706359945872801
chr11	-92	24	5457.0	0.4398020890599231
chr11	-91	22	5766.0	0.3815469996531391
chr11	-90	9	6048.0	0.1488095238095238
chr11	-89	12	6364.0	0.18856065367693275
chr11	-88	16	6636.0	0.24110910186859552
chr11	-87	20	6914.0	0.2892681515765114
chr11	-86	26	7179.0	0.3621674327900822
chr11	-85	35	7480.0	0.4679144385026738
chr11	-84	23	7758.0	0.2964681618973962
chr11	-83	12	8065.0	0.14879107253564788
chr11	-82	18	8323.0	0.2162681725339421
chr11	-81	12	8631.0	0.13903371567605144
chr11	-80	31	8895.0	0.3485103991006183
chr11	-79	25	9145.0	0.2733734281027884
chr11	-78	27	9424.0	0.2865025466893039
chr11	-77	14	9728.0	0.1439144736842105
chr11	-76	33	10019.0	0.32937418904082244
chr11	-75	31	10326.0	0.3002130544257215
chr11	-74	18	10598.0	0.16984336667295716
chr11	-73	61	10869.0	0.5612291839175637
chr11	-72	37	11134.0	0.33231543021375964
chr11	-71	45	11427.0	0.3938041480703596
chr11	-70	29	11676.0	0.24837273038711888
chr11	-69	23	11977.0	0.19203473323870754
chr11	-68	45	12258.0	0.36710719530102787
chr11	-67	17	12558.0	0.13537187450230928
chr11	-66	50	12865.0	0.388651379712398
chr11	-65	37	13151.0	0.28134742605125085
chr11	-64	40	13414.0	0.2981959147159684
chr11	-63	14	13721.0	0.10203337949129072
chr11	-62	41	14033.0	0.2921684600584337
chr11	-61	19	14354.0	0.13236728438066045
chr11	-60	23	14633.0	0.15717897902002323
chr11	-59	24	14932.0	0.16072863648540048
chr11	-58	43	15241.0	0.2821337182599567
chr11	-57	37	15559.0	0.23780448614949545
chr11	-56	32	15838.0	0.20204571284253062
chr11	-55	69	16103.0	0.428491585418866
chr11	-54	62	16406.0	0.3779105205412654
chr11	-53	32	16724.0	0.19134178426213824
chr11	-52	36	17019.0	0.21152829190904282
chr11	-51	57	17267.0	0.3301094573463833
chr11	-50	35	17537.0	0.19957803501168955
chr11	-49	87	17813.0	0.4884073429517768
chr11	-48	28	18090.0	0.15478164731896074
chr11	-47	35	18364.0	0.19059028534088435
chr11	-46	57	18668.0	0.3053353331904864
chr11	-45	54	18960.0	0.2848101265822785
chr11	-44	52	19248.0	0.27015793848711556
chr11	-43	24	19507.0	0.12303275747167683
chr11	-42	65	19775.0	0.32869785082174463
chr11	-41	33	20023.0	0.1648104679618439
chr11	-40	48	20325.0	0.23616236162361626
chr11	-39	42	20591.0	0.20397260939245299
chr11	-38	65	20899.0	0.3110196660127279
chr11	-37	48	21158.0	0.22686454296247283
chr11	-36	55	21454.0	0.2563624498927939
chr11	-35	42	21734.0	0.19324560596300727
chr11	-34	65	22015.0	0.295253236429707
chr11	-33	60	22314.0	0.26888948642108096
chr11	-32	55	22626.0	0.2430831786440378
chr11	-31	98	22905.0	0.42785418030997596
chr11	-30	51	23203.0	0.21979916390121967
chr11	-29	79	23501.0	0.336155908259223
chr11	-28	61	23779.0	0.25652887001135455
chr11	-27	55	24065.0	0.22854768335757325
chr11	-26	43	24349.0	0.1765986282804222
chr11	-25	84	24619.0	0.34119988626670456
chr11	-24	76	24895.0	0.3052821851777465
chr11	-23	38	25183.0	0.15089544534011037
chr11	-22	80	25476.0	0.31402103940964043
chr11	-21	72	25778.0	0.2793079370005431
chr11	-20	53	26058.0	0.20339243226648243
chr11	-19	44	26359.0	0.1669259076596229
chr11	-18	65	26614.0	0.24423235890884495
chr11	-17	94	26870.0	0.34983252698176404
chr11	-16	103	27134.0	0.3795975528856785
chr11	-15	62	27429.0	0.2260381348208101
chr11	-14	41	27711.0	0.14795568546786475
chr11	-13	82	27987.0	0.2929931754028656
chr11	-12	100	28264.0	0.35380696292103025
chr11	-11	59	28564.0	0.20655370396303038
chr11	-10	54	28837.0	0.1872594236571072
chr11	-9	40	28837.0	0.13871068419044977
chr11	-8	98	28834.0	0.3398765346465978
chr11	-7	65	28824.0	0.22550652234249235
chr11	-6	95	28837.0	0.3294378749523182
chr11	-5	97	28834.0	0.33640840674204064
chr11	-4	72	28837.0	0.24967923154280958
chr11	-3	50	28839.0	0.17337633066333782
chr11	-2	50	28841.0	0.17336430775631914
chr11	-1	52	28840.0	0.18030513176144242
chr11	0	52	28262.0	0.18399264029438822
chr11	1	79	27965.0	0.28249597711424995
chr11	2	65	27653.0	0.23505587097240807
chr11	3	52	27377.0	0.18994046097088796
chr11	4	83	27085.0	0.3064426804504338
chr11	5	91	26817.0	0.33933698773166276
chr11	6	66	26540.0	0.24868123587038432
chr11	7	92	26256.0	0.3503960999390615
chr11	8	58	25970.0	0.22333461686561418
chr11	9	75	25686.0	0.29198785330530247
chr11	10	58	25396.0	0.22838242242872894
chr11	11	80	25123.0	0.31843330812402976
chr11	12	85	24842.0	0.34216246679011353
chr11	13	49	24531.0	0.19974725857078798
chr11	14	72	24222.0	0.2972504334902155
chr11	15	78	23927.0	0.3259915576545325
chr11	16	63	23626.0	0.2666553796664692
chr11	17	54	23359.0	0.23117427972087845
chr11	18	44	23048.0	0.19090593543908366
chr11	19	51	22770.0	0.2239789196310935
chr11	20	63	22451.0	0.28061110863658634
chr11	21	90	22177.0	0.4058258556161789
chr11	22	33	21900.0	0.1506849315068493
chr11	23	72	21637.0	0.3327633220871655
chr11	24	55	21333.0	0.25781652838325597
chr11	25	47	21056.0	0.2232142857142857
chr11	26	81	20753.0	0.3903050161422445
chr11	27	35	20481.0	0.17089009325716517
chr11	28	63	20184.0	0.31212841854934603
chr11	29	49	19913.0	0.2460704062672626
chr11	30	99	19672.0	0.5032533550223668
chr11	31	69	19394.0	0.35578013818706816
chr11	32	38	19083.0	0.19913011580988313
chr11	33	48	18796.0	0.2553734837199404
chr11	34	43	18487.0	0.2325958781846703
chr11	35	58	18202.0	0.3186463026041094
chr11	36	45	17930.0	0.2509760178471835
chr11	37	72	17667.0	0.4075394803871625
chr11	38	60	17375.0	0.34532374100719426
chr11	39	30	17127.0	0.17516202487300753
chr11	40	36	16837.0	0.21381481261507396
chr11	41	91	16551.0	0.549815721104465
chr11	42	18	16257.0	0.11072153533862336
chr11	43	36	15947.0	0.22574778955289396
chr11	44	34	15661.0	0.21709980205606283
chr11	45	56	15389.0	0.3638962895574761
chr11	46	40	15085.0	0.2651640702684786
chr11	47	24	14772.0	0.16246953696181965
chr11	48	77	14449.0	0.5329088518236557
chr11	49	37	14171.0	0.26109660574412535
chr11	50	57	13872.0	0.4108996539792387
chr11	51	36	13556.0	0.2655650634405429
chr11	52	35	13244.0	0.2642706131078224
chr11	53	25	12952.0	0.19302038295243978
chr11	54	40	12668.0	0.3157562361856647
chr11	55	36	12393.0	0.29048656499636893
chr11	56	39	12080.0	0.3228476821192053
chr11	57	44	11784.0	0.37338764426340804
chr11	58	17	11528.0	0.14746703678001388
chr11	59	22	11256.0	0.19545131485429992
chr11	60	30	10983.0	0.27314941272876264
chr11	61	32	10710.0	0.2987861811391223
chr11	62	29	10433.0	0.27796415220933574
chr11	63	15	10127.0	0.14811889009578355
chr11	64	24	9860.0	0.2434077079107505
chr11	65	29	9575.0	0.3028720626631854
chr11	66	15	9307.0	0.161169012571183
chr11	67	32	9029.0	0.35441355631852917
chr11	68	32	8785.0	0.3642572566875356
chr11	69	17	8480.0	0.20047169811320756
chr11	70	29	8214.0	0.3530557584611639
chr11	71	25	7908.0	0.3161355589276682
chr11	72	19	7648.0	0.24843096234309622
chr11	73	20	7357.0	0.2718499388337638
chr11	74	27	7082.0	0.38124823496187515
chr11	75	38	6802.0	0.5586592178770949
chr11	76	16	6508.0	0.2458512599877074
chr11	77	10	6196.0	0.16139444803098774
chr11	78	22	5918.0	0.37174721189591076
chr11	79	22	5611.0	0.3920869720192479
chr11	80	17	5324.0	0.31930879038317056
chr11	81	8	5035.0	0.15888778550148958
chr11	82	16	4758.0	0.33627574611181166
chr11	83	24	4467.0	0.5372733378106112
chr11	84	8	4200.0	0.19047619047619047
chr11	85	9	3927.0	0.2291825821237586
chr11	86	16	3625.0	0.4413793103448276
chr11	87	8	3332.0	0.24009603841536614
chr11	88	6	3030.0	0.19801980198019803
chr11	89	5	2766.0	0.18076644974692696
chr11	90	10	2464.0	0.4058441558441558
chr11	91	14	2212.0	0.6329113924050633
chr11	92	9	1943.0	0.46320123520329387
chr11	93	12	1685.0	0.7121661721068249
chr11	94	8	1402.0	0.5706134094151213
chr11	95	4	1119.0	0.3574620196604111
chr11	96	1	843.0	0.11862396204033215
chr11	97	0	567.0	0.0
chr11	98	0	269.0	0.0
chr11	99	0	0.0	nan
chr11	100	0	0.0	nan
chr11	101	0	0.0	nan
chr11	102	0	0.0	nan
chr11	103	0	0.0	nan
chr11	104	0	0.0	nan
chr11	105	0	0.0	nan
chr11	106	0	0.0	nan
chr11	107	0	0.0	nan
chr11	108	0	0.0	nan
chr11	109	0	0.0	nan
chr11	110	0	0.0	nan
chr11	111	0	0.0	nan
chr11	112	0	0.0	nan
chr11	113	0	0.0	nan
chr11	114	0	0.0	nan
chr11	115	0	0.0	nan
chr11	116	0	0.0	nan
chr11	117	0	0.0	nan
chr11	118	0	0.0	nan
chr11	119	0	0.0	nan
chr11	120	0	0.0	nan
chr11	121	0	0.0	nan
chr11	122	0	0.0	nan
chr11	123	0	0.0	nan
chr11	124	0	0.0	nan
chr11	125	0	0.0	nan
chr11	126	0	0.0	nan
chr11	127	0	0.0	nan
chr11	128	0	0.0	nan
chr12	-140	0	0.0	nan
chr12	-139	0	1.0	0.0
chr12	-138	0	1.0	0.0
chr12	-137	0	1.0	0.0
chr12	-136	0	1.0	0.0
chr12	-135	0	1.0	0.0
chr12	-134	0	1.0	0.0
chr12	-133	0	1.0	0.0
chr12	-132	0	1.0	0.0
chr12	-131	0	1.0	0.0
chr12	-130	0	1.0	0.0
chr12	-129	1	1.0	100.0
chr12	-128	0	1.0	0.0
chr12	-127	0	1.0	0.0
chr12	-126	0	1.0	0.0
chr12	-125	0	2.0	0.0
chr12	-124	0	2.0	0.0
chr12	-123	0	2.0	0.0
chr12	-122	0	2.0	0.0
chr12	-121	0	2.0	0.0
chr12	-120	0	2.0	0.0
chr12	-119	0	2.0	0.0
chr12	-118	0	2.0	0.0
chr12	-117	0	2.0	0.0
chr12	-116	0	2.0	0.0
chr12	-115	0	3.0	0.0
chr12	-114	0	3.0	0.0
chr12	-113	0	4.0	0.0
chr12	-112	0	6.0	0.0
chr12	-111	0	10.0	0.0
chr12	-110	1	332.0	0.30120481927710846
chr12	-109	0	651.0	0.0
chr12	-108	2	1012.0	0.1976284584980237
chr12	-107	2	1379.0	0.145032632342277
chr12	-106	0	1734.0	0.0
chr12	-105	4	2070.0	0.1932367149758454
chr12	-104	2	2406.0	0.0831255195344971
chr12	-103	1	2694.0	0.03711952487008166
chr12	-102	3	3031.0	0.09897723523589574
chr12	-101	4	3407.0	0.1174053419430584
chr12	-100	6	3777.0	0.15885623510722796
chr12	-99	4	4091.0	0.09777560498655585
chr12	-98	14	4427.0	0.3162412468940592
chr12	-97	7	4736.0	0.14780405405405406
chr12	-96	4	5086.0	0.07864726700747149
chr12	-95	8	5416.0	0.14771048744460857
chr12	-94	9	5749.0	0.15654896503739782
chr12	-93	2	6057.0	0.03301964668978042
chr12	-92	9	6361.0	0.1414871875491275
chr12	-91	6	6689.0	0.08969950665271341
chr12	-90	14	7043.0	0.19877892943348008
chr12	-89	16	7388.0	0.2165674066053059
chr12	-88	11	7723.0	0.1424316975268678
chr12	-87	18	8083.0	0.22268959544723493
chr12	-86	20	8427.0	0.23733238400379733
chr12	-85	15	8792.0	0.17060964513193813
chr12	-84	35	9130.0	0.3833515881708653
chr12	-83	28	9463.0	0.29588925287963647
chr12	-82	26	9794.0	0.26546865427812943
chr12	-81	25	10133.0	0.24671864206059407
chr12	-80	39	10456.0	0.37299158377964803
chr12	-79	28	10835.0	0.25842178126442084
chr12	-78	22	11173.0	0.1969032489036069
chr12	-77	26	11505.0	0.22598870056497175
chr12	-76	35	11803.0	0.2965347792934
chr12	-75	18	12135.0	0.14833127317676142
chr12	-74	25	12469.0	0.20049723313818268
chr12	-73	31	12795.0	0.2422821414615084
chr12	-72	28	13121.0	0.21339836902675102
chr12	-71	40	13463.0	0.29711059942063434
chr12	-70	37	13800.0	0.26811594202898553
chr12	-69	20	14121.0	0.14163302882232137
chr12	-68	40	14455.0	0.2767208578346593
chr12	-67	20	14777.0	0.13534546931041483
chr12	-66	20	15102.0	0.13243279035889285
chr12	-65	40	15438.0	0.25910091980826533
chr12	-64	45	15755.0	0.2856236115518883
chr12	-63	51	16052.0	0.31771741839023177
chr12	-62	85	16403.0	0.5181978906297628
chr12	-61	44	16740.0	0.2628434886499403
chr12	-60	60	17042.0	0.3520713531275672
chr12	-59	77	17411.0	0.442249152834415
chr12	-58	41	17765.0	0.2307908809456797
chr12	-57	43	18111.0	0.23742476947711338
chr12	-56	60	18490.0	0.32449972958355866
chr12	-55	48	18802.0	0.25529199021380705
chr12	-54	48	19143.0	0.2507443974298699
chr12	-53	37	19498.0	0.18976305262078164
chr12	-52	59	19828.0	0.29755900746419206
chr12	-51	53	20187.0	0.26254520235795314
chr12	-50	50	20499.0	0.2439143372847456
chr12	-49	88	20855.0	0.42196116039319104
chr12	-48	64	21229.0	0.30147439822883787
chr12	-47	44	21586.0	0.20383581951264712
chr12	-46	74	21948.0	0.33716056132677236
chr12	-45	65	22294.0	0.29155826679824165
chr12	-44	76	22630.0	0.33583738400353513
chr12	-43	55	22991.0	0.23922404419120524
chr12	-42	55	23360.0	0.23544520547945205
chr12	-41	56	23702.0	0.23626698168930893
chr12	-40	53	24035.0	0.2205117536925317
chr12	-39	54	24376.0	0.2215293731539219
chr12	-38	62	24721.0	0.2507989159014603
chr12	-37	39	25046.0	0.1557134871835822
chr12	-36	51	25344.0	0.2012310606060606
chr12	-35	72	25698.0	0.2801774457156199
chr12	-34	68	26039.0	0.26114674142632205
chr12	-33	72	26396.0	0.2727686013032278
chr12	-32	57	26731.0	0.21323556918933073
chr12	-31	114	27070.0	0.42113040265977103
chr12	-30	62	27453.0	0.22584052744690927
chr12	-29	53	27783.0	0.19076413634236764
chr12	-28	47	28114.0	0.16717649569609447
chr12	-27	72	28494.0	0.2526847757422615
chr12	-26	75	28831.0	0.2601366584579099
chr12	-25	77	29214.0	0.2635722598754022
chr12	-24	56	29550.0	0.1895093062605753
chr12	-23	142	29950.0	0.47412353923205347
chr12	-22	81	30260.0	0.2676801057501652
chr12	-21	59	30601.0	0.19280415672690435
chr12	-20	63	30931.0	0.20367915683295076
chr12	-19	64	31301.0	0.20446631098047985
chr12	-18	115	31658.0	0.36325731252763915
chr12	-17	83	31988.0	0.2594723021132925
chr12	-16	100	32331.0	0.30930067118245647
chr12	-15	85	32662.0	0.260241258955361
chr12	-14	66	33039.0	0.1997639153727413
chr12	-13	86	33350.0	0.25787106446776614
chr12	-12	83	33687.0	0.24638584617211384
chr12	-11	109	34057.0	0.3200516780691194
chr12	-10	71	34388.0	0.2064673723391881
chr12	-9	138	34386.0	0.4013261210957948
chr12	-8	100	34401.0	0.2906892241504607
chr12	-7	111	34399.0	0.3226837989476439
chr12	-6	92	34385.0	0.26755852842809363
chr12	-5	183	34388.0	0.532162382226358
chr12	-4	101	34385.0	0.29373273229605934
chr12	-3	121	34387.0	0.3518771628813214
chr12	-2	57	34403.0	0.1656832253001192
chr12	-1	82	34403.0	0.23835130657210127
chr12	0	65	33737.0	0.1926668049915523
chr12	1	53	33374.0	0.15880625636723197
chr12	2	95	32995.0	0.28792241248674044
chr12	3	110	32638.0	0.33703045529750597
chr12	4	182	32304.0	0.5633977216443784
chr12	5	56	31966.0	0.17518613526872304
chr12	6	92	31695.0	0.2902666035652311
chr12	7	87	31357.0	0.27745001116178203
chr12	8	190	30970.0	0.6134969325153374
chr12	9	81	30607.0	0.26464534256869343
chr12	10	112	30294.0	0.3697101736317423
chr12	11	80	29952.0	0.2670940170940171
chr12	12	77	29651.0	0.2596877002461974
chr12	13	55	29286.0	0.1878030458239432
chr12	14	61	28953.0	0.21068628466825545
chr12	15	95	28618.0	0.33195890698161995
chr12	16	107	28310.0	0.3779583186153303
chr12	17	134	28011.0	0.47838349219949305
chr12	18	73	27679.0	0.2637378518010044
chr12	19	59	27322.0	0.21594319595930023
chr12	20	43	26979.0	0.15938322398902852
chr12	21	84	26638.0	0.31533898941361965
chr12	22	104	26294.0	0.3955274967673233
chr12	23	75	25931.0	0.28922910801743085
chr12	24	63	25580.0	0.2462861610633307
chr12	25	71	25249.0	0.2811992554160561
chr12	26	75	24916.0	0.3010113982982822
chr12	27	46	24572.0	0.18720494872212273
chr12	28	65	24240.0	0.26815181518151815
chr12	29	58	23894.0	0.2427387628693396
chr12	30	97	23533.0	0.4121871414609272
chr12	31	74	23192.0	0.3190755432907899
chr12	32	68	22854.0	0.2975409118753829
chr12	33	58	22559.0	0.2571035950175096
chr12	34	100	22225.0	0.44994375703037126
chr12	35	46	21878.0	0.21025687905658652
chr12	36	57	21563.0	0.2643416964244307
chr12	37	63	21234.0	0.296693981350664
chr12	38	43	20881.0	0.2059288348259183
chr12	39	58	20546.0	0.28229339044096174
chr12	40	67	20225.0	0.33127317676143386
chr12	41	54	19882.0	0.2716024544814405
chr12	42	60	19563.0	0.30670142616163165
chr12	43	86	19243.0	0.4469157615756379
chr12	44	87	18912.0	0.4600253807106599
chr12	45	65	18596.0	0.3495375349537535
chr12	46	68	18294.0	0.3717065704602602
chr12	47	61	17952.0	0.33979500891265596
chr12	48	90	17613.0	0.5109862033725089
chr12	49	52	17293.0	0.30069970508298155
chr12	50	56	16945.0	0.3304809678371201
chr12	51	49	16590.0	0.29535864978902954
chr12	52	23	16245.0	0.14158202523853494
chr12	53	68	15872.0	0.4284274193548387
chr12	54	42	15555.0	0.2700096432015429
chr12	55	52	15226.0	0.3415210823591226
chr12	56	29	14864.0	0.19510226049515608
chr12	57	32	14539.0	0.220097668340326
chr12	58	67	14182.0	0.4724298406430687
chr12	59	47	13860.0	0.33910533910533913
chr12	60	47	13511.0	0.34786470283472726
chr12	61	72	13142.0	0.5478618170750267
chr12	62	36	12783.0	0.28162403191739027
chr12	63	48	12423.0	0.38638010142477663
chr12	64	29	12076.0	0.24014574362371646
chr12	65	18	11733.0	0.1534134492457172
chr12	66	25	11367.0	0.21993489926981613
chr12	67	41	10996.0	0.37286285922153506
chr12	68	33	10664.0	0.3094523630907727
chr12	69	27	10329.0	0.26139994191112403
chr12	70	30	9988.0	0.30036043251902284
chr12	71	36	9649.0	0.3730956575810965
chr12	72	27	9323.0	0.2896063498873753
chr12	73	12	9021.0	0.13302294645826404
chr12	74	21	8669.0	0.24224247318029762
chr12	75	24	8331.0	0.28808066258552395
chr12	76	23	7972.0	0.288509784244857
chr12	77	19	7637.0	0.2487887914102396
chr12	78	22	7302.0	0.30128731854286495
chr12	79	32	6899.0	0.46383533845484853
chr12	80	22	6588.0	0.33394049787492414
chr12	81	20	6234.0	0.3208213025344883
chr12	82	13	5884.0	0.22093813732154996
chr12	83	23	5551.0	0.4143397586020537
chr12	84	10	5165.0	0.1936108422071636
chr12	85	21	4809.0	0.43668122270742354
chr12	86	13	4431.0	0.2933874971789664
chr12	87	9	4116.0	0.21865889212827988
chr12	88	17	3774.0	0.45045045045045046
chr12	89	14	3442.0	0.40674026728646134
chr12	90	3	3077.0	0.09749756256093597
chr12	91	6	2731.0	0.21969974368363238
chr12	92	4	2395.0	0.16701461377870563
chr12	93	9	2051.0	0.43881033642125794
chr12	94	3	1725.0	0.17391304347826086
chr12	95	3	1348.0	0.22255192878338279
chr12	96	4	1042.0	0.3838771593090211
chr12	97	7	695.0	1.0071942446043165
chr12	98	2	341.0	0.5865102639296188
chr12	99	0	0.0	nan
chr12	100	0	0.0	nan
chr12	101	0	0.0	nan
chr12	102	0	0.0	nan
chr12	103	0	0.0	nan
chr12	104	0	0.0	nan
chr12	105	0	0.0	nan
chr12	106	0	0.0	nan
chr12	107	0	0.0	nan
chr12	108	0	0.0	nan
chr12	109	0	0.0	nan
chr12	110	0	0.0	nan
chr12	111	0	0.0	nan
chr12	112	0	0.0	nan
chr12	113	0	0.0	nan
chr12	114	0	0.0	nan
chr12	115	0	0.0	nan
chr12	116	0	0.0	nan
chr12	117	0	0.0	nan
chr12	118	0	0.0	nan
chr12	119	0	0.0	nan
chr12	120	0	0.0	nan
chr12	121	0	0.0	nan
chr12	122	0	0.0	nan
chr12	123	0	0.0	nan
chr12	124	0	0.0	nan
chr12	125	0	0.0	nan
chr12	126	0	0.0	nan
chr12	127	0	0.0	nan
chr12	128	0	0.0	nan
chr12	129	0	0.0	nan
chr12	130	0	0.0	nan
chr12	131	0	0.0	nan
chr12	132	0	0.0	nan
chr12	133	0	0.0	nan
chr12	134	0	0.0	nan
chr12	135	0	0.0	nan
chr12	136	0	0.0	nan
chr12	137	0	0.0	nan
chr13	-116	0	1.0	0.0
chr13	-115	0	2.0	0.0
chr13	-114	0	2.0	0.0
chr13	-113	0	2.0	0.0
chr13	-112	0	5.0	0.0
chr13	-111	0	7.0	0.0
chr13	-110	0	91.0	0.0
chr13	-109	0	177.0	0.0
chr13	-108	0	267.0	0.0
chr13	-107	0	348.0	0.0
chr13	-106	0	444.0	0.0
chr13	-105	1	533.0	0.18761726078799248
chr13	-104	1	614.0	0.16286644951140067
chr13	-103	1	712.0	0.1404494382022472
chr13	-102	0	801.0	0.0
chr13	-101	2	882.0	0.22675736961451248
chr13	-100	1	967.0	0.1034126163391934
chr13	-99	1	1070.0	0.09345794392523366
chr13	-98	0	1176.0	0.0
chr13	-97	4	1263.0	0.3167062549485352
chr13	-96	0	1347.0	0.0
chr13	-95	4	1427.0	0.2803083391730904
chr13	-94	0	1529.0	0.0
chr13	-93	5	1606.0	0.311332503113325
chr13	-92	2	1676.0	0.11933174224343676
chr13	-91	9	1771.0	0.5081874647092038
chr13	-90	6	1864.0	0.3218884120171674
chr13	-89	2	1952.0	0.10245901639344263
chr13	-88	2	2040.0	0.09803921568627451
chr13	-87	2	2133.0	0.09376465072667604
chr13	-86	1	2218.0	0.045085662759242556
chr13	-85	3	2300.0	0.13043478260869568
chr13	-84	2	2388.0	0.08375209380234507
chr13	-83	0	2471.0	0.0
chr13	-82	1	2540.0	0.03937007874015748
chr13	-81	0	2625.0	0.0
chr13	-80	9	2713.0	0.3317360855141909
chr13	-79	3	2805.0	0.10695187165775401
chr13	-78	6	2883.0	0.20811654526534862
chr13	-77	3	2956.0	0.10148849797023003
chr13	-76	5	3048.0	0.16404199475065617
chr13	-75	6	3131.0	0.19163206643244968
chr13	-74	23	3220.0	0.7142857142857143
chr13	-73	7	3315.0	0.21116138763197587
chr13	-72	15	3416.0	0.43911007025761123
chr13	-71	10	3501.0	0.2856326763781777
chr13	-70	9	3605.0	0.24965325936199723
chr13	-69	8	3693.0	0.2166260492824262
chr13	-68	13	3769.0	0.344919076678164
chr13	-67	11	3854.0	0.2854177477944992
chr13	-66	7	3945.0	0.17743979721166034
chr13	-65	8	4046.0	0.1977261492832427
chr13	-64	14	4143.0	0.3379193820902728
chr13	-63	19	4243.0	0.447796370492576
chr13	-62	3	4313.0	0.06955715279387896
chr13	-61	8	4403.0	0.18169429934135817
chr13	-60	15	4501.0	0.33325927571650743
chr13	-59	5	4575.0	0.1092896174863388
chr13	-58	6	4653.0	0.1289490651192779
chr13	-57	13	4740.0	0.27426160337552746
chr13	-56	37	4831.0	0.7658869799213414
chr13	-55	8	4903.0	0.16316540893330614
chr13	-54	6	4985.0	0.12036108324974926
chr13	-53	9	5059.0	0.17790077090334058
chr13	-52	11	5142.0	0.21392454297938546
chr13	-51	22	5224.0	0.4211332312404288
chr13	-50	16	5316.0	0.3009781790820165
chr13	-49	8	5402.0	0.1480932987782303
chr13	-48	11	5487.0	0.20047384727537818
chr13	-47	28	5565.0	0.5031446540880503
chr13	-46	14	5652.0	0.24769992922859166
chr13	-45	27	5738.0	0.4705472289996514
chr13	-44	3	5832.0	0.051440329218107
chr13	-43	19	5923.0	0.3207833867972311
chr13	-42	9	6006.0	0.14985014985014986
chr13	-41	8	6088.0	0.1314060446780552
chr13	-40	10	6182.0	0.16175994823681655
chr13	-39	7	6289.0	0.1113054539672444
chr13	-38	15	6371.0	0.23544184586407158
chr13	-37	16	6454.0	0.2479082739386427
chr13	-36	16	6533.0	0.2449104546150314
chr13	-35	5	6642.0	0.07527853056308341
chr13	-34	28	6718.0	0.4167907115212861
chr13	-33	39	6795.0	0.5739514348785872
chr13	-32	7	6880.0	0.10174418604651163
chr13	-31	32	6954.0	0.46016681046879493
chr13	-30	13	7024.0	0.18507972665148065
chr13	-29	42	7120.0	0.5898876404494382
chr13	-28	12	7216.0	0.1662971175166297
chr13	-27	10	7294.0	0.13709898546750754
chr13	-26	7	7372.0	0.09495387954422138
chr13	-25	32	7451.0	0.4294725540195947
chr13	-24	11	7532.0	0.1460435475305364
chr13	-23	15	7622.0	0.19679874048806087
chr13	-22	39	7709.0	0.5059021922428331
chr13	-21	32	7804.0	0.4100461301896463
chr13	-20	35	7880.0	0.4441624365482234
chr13	-19	17	7974.0	0.2131928768497617
chr13	-18	64	8056.0	0.7944389275074478
chr13	-17	56	8143.0	0.687707233206435
chr13	-16	9	8223.0	0.10944910616563297
chr13	-15	48	8303.0	0.5781042996507286
chr13	-14	56	8393.0	0.6672226855713094
chr13	-13	65	8483.0	0.7662383590710834
chr13	-12	43	8553.0	0.5027475739506606
chr13	-11	27	8650.0	0.31213872832369943
chr13	-10	26	8729.0	0.2978577156604422
chr13	-9	23	8693.0	0.26458069711261933
chr13	-8	19	8729.0	0.21766525375186163
chr13	-7	13	8729.0	0.1489288578302211
chr13	-6	29	8725.0	0.332378223495702
chr13	-5	13	8730.0	0.14891179839633448
chr13	-4	30	8730.0	0.3436426116838488
chr13	-3	25	8731.0	0.2863360439812163
chr13	-2	24	8731.0	0.2748826022219677
chr13	-1	19	8720.0	0.21788990825688076
chr13	0	8	8543.0	0.09364391899801006
chr13	1	47	8462.0	0.5554242495863863
chr13	2	17	8380.0	0.20286396181384247
chr13	3	24	8283.0	0.2897500905469033
chr13	4	5	8195.0	0.06101281269066504
chr13	5	28	8104.0	0.3455083909180652
chr13	6	11	8017.0	0.13720843208182612
chr13	7	31	7925.0	0.3911671924290221
chr13	8	23	7821.0	0.29408004091548395
chr13	9	11	7761.0	0.14173431258858393
chr13	10	15	7657.0	0.19589917722345565
chr13	11	43	7552.0	0.569385593220339
chr13	12	61	7465.0	0.8171466845277965
chr13	13	45	7382.0	0.6095908967759415
chr13	14	35	7303.0	0.47925510064357113
chr13	15	14	7200.0	0.19444444444444445
chr13	16	45	7124.0	0.6316676024705221
chr13	17	49	7054.0	0.6946413382478027
chr13	18	19	6958.0	0.2730669732681805
chr13	19	33	6864.0	0.4807692307692308
chr13	20	37	6777.0	0.5459642909842113
chr13	21	21	6688.0	0.31399521531100477
chr13	22	10	6595.0	0.1516300227445034
chr13	23	15	6510.0	0.2304147465437788
chr13	24	31	6428.0	0.48226509023024267
chr13	25	12	6341.0	0.18924459864374704
chr13	26	9	6257.0	0.1438389004315167
chr13	27	19	6189.0	0.30699628372919696
chr13	28	42	6093.0	0.6893156080748399
chr13	29	18	5989.0	0.3005510101853398
chr13	30	30	5912.0	0.5074424898511503
chr13	31	9	5835.0	0.15424164524421594
chr13	32	30	5755.0	0.5212858384013901
chr13	33	26	5671.0	0.45847293246341037
chr13	34	9	5589.0	0.1610305958132045
chr13	35	27	5494.0	0.4914452129595923
chr13	36	19	5404.0	0.3515914137675796
chr13	37	7	5303.0	0.1320007542900245
chr13	38	9	5226.0	0.1722158438576349
chr13	39	16	5122.0	0.31237797735259665
chr13	40	19	5034.0	0.37743345252284466
chr13	41	8	4958.0	0.16135538523598225
chr13	42	20	4875.0	0.41025641025641024
chr13	43	5	4784.0	0.10451505016722408
chr13	44	17	4682.0	0.3630926954293037
chr13	45	18	4585.0	0.39258451472191935
chr13	46	26	4485.0	0.5797101449275363
chr13	47	15	4415.0	0.33975084937712347
chr13	48	11	4325.0	0.2543352601156069
chr13	49	13	4227.0	0.3075467234445233
chr13	50	7	4155.0	0.1684717208182912
chr13	51	4	4077.0	0.09811135638950208
chr13	52	14	3990.0	0.3508771929824561
chr13	53	9	3899.0	0.23082841754295974
chr13	54	8	3827.0	0.20904102430101906
chr13	55	16	3744.0	0.4273504273504274
chr13	56	6	3670.0	0.16348773841961853
chr13	57	11	3588.0	0.30657748049052397
chr13	58	8	3506.0	0.22818026240730174
chr13	59	11	3415.0	0.32210834553440704
chr13	60	7	3328.0	0.21033653846153846
chr13	61	6	3244.0	0.18495684340320592
chr13	62	13	3166.0	0.410612760581175
chr13	63	11	3075.0	0.35772357723577236
chr13	64	5	2992.0	0.16711229946524064
chr13	65	6	2898.0	0.2070393374741201
chr13	66	17	2807.0	0.6056287851799074
chr13	67	17	2721.0	0.6247703050349137
chr13	68	2	2640.0	0.07575757575757576
chr13	69	11	2544.0	0.43238993710691825
chr13	70	14	2440.0	0.5737704918032787
chr13	71	6	2350.0	0.2553191489361702
chr13	72	8	2268.0	0.3527336860670194
chr13	73	6	2185.0	0.2745995423340961
chr13	74	5	2081.0	0.2402691013935608
chr13	75	7	2002.0	0.34965034965034963
chr13	76	5	1927.0	0.2594706798131811
chr13	77	11	1841.0	0.5975013579576317
chr13	78	2	1764.0	0.11337868480725624
chr13	79	8	1679.0	0.4764740917212627
chr13	80	5	1603.0	0.3119151590767312
chr13	81	3	1513.0	0.19828155981493722
chr13	82	1	1433.0	0.06978367062107467
chr13	83	3	1357.0	0.2210759027266028
chr13	84	7	1279.0	0.547302580140735
chr13	85	1	1196.0	0.08361204013377926
chr13	86	3	1108.0	0.2707581227436823
chr13	87	4	1020.0	0.39215686274509803
chr13	88	1	927.0	0.10787486515641855
chr13	89	3	851.0	0.35252643948296125
chr13	90	3	757.0	0.3963011889035667
chr13	91	3	674.0	0.44510385756676557
chr13	92	0	586.0	0.0
chr13	93	3	504.0	0.5952380952380952
chr13	94	1	427.0	0.234192037470726
chr13	95	0	336.0	0.0
chr13	96	0	247.0	0.0
chr13	97	0	176.0	0.0
chr13	98	0	79.0	0.0
chr13	99	0	0.0	nan
chr13	100	0	0.0	nan
chr13	101	0	0.0	nan
chr13	102	0	0.0	nan
chr13	103	0	0.0	nan
chr13	104	0	0.0	nan
chr13	105	0	0.0	nan
chr13	106	0	0.0	nan
chr13	107	0	0.0	nan
chr13	108	0	0.0	nan
chr13	109	0	0.0	nan
chr13	110	0	0.0	nan
chr13	111	0	0.0	nan
chr13	112	0	0.0	nan
chr13	113	0	0.0	nan
chr13	114	0	0.0	nan
chr13	115	0	0.0	nan
chr13	116	0	0.0	nan
chr13	117	0	0.0	nan
chr13	118	0	0.0	nan
chr13	119	0	0.0	nan
chr14	-111	0	1.0	0.0
chr14	-110	1	67.0	1.4925373134328357
chr14	-109	1	130.0	0.7692307692307693
chr14	-108	0	209.0	0.0
chr14	-107	0	278.0	0.0
chr14	-106	0	351.0	0.0
chr14	-105	0	425.0	0.0
chr14	-104	0	495.0	0.0
chr14	-103	1	560.0	0.17857142857142858
chr14	-102	0	618.0	0.0
chr14	-101	0	679.0	0.0
chr14	-100	1	750.0	0.13333333333333333
chr14	-99	4	828.0	0.4830917874396135
chr14	-98	3	895.0	0.33519553072625696
chr14	-97	0	960.0	0.0
chr14	-96	3	1022.0	0.29354207436399216
chr14	-95	0	1109.0	0.0
chr14	-94	7	1173.0	0.5967604433077579
chr14	-93	2	1232.0	0.16233766233766234
chr14	-92	3	1301.0	0.23059185242121444
chr14	-91	12	1382.0	0.8683068017366137
chr14	-90	4	1457.0	0.27453671928620454
chr14	-89	2	1510.0	0.13245033112582782
chr14	-88	5	1577.0	0.31705770450221943
chr14	-87	1	1650.0	0.06060606060606061
chr14	-86	3	1721.0	0.17431725740848344
chr14	-85	3	1785.0	0.16806722689075632
chr14	-84	0	1859.0	0.0
chr14	-83	2	1931.0	0.10357327809425168
chr14	-82	8	2004.0	0.39920159680638717
chr14	-81	4	2088.0	0.19157088122605362
chr14	-80	1	2142.0	0.04668534080298786
chr14	-79	1	2225.0	0.0449438202247191
chr14	-78	7	2286.0	0.30621172353455817
chr14	-77	0	2360.0	0.0
chr14	-76	1	2426.0	0.041220115416323165
chr14	-75	5	2504.0	0.1996805111821086
chr14	-74	4	2574.0	0.1554001554001554
chr14	-73	2	2654.0	0.07535795026375283
chr14	-72	1	2729.0	0.03664345914254306
chr14	-71	9	2797.0	0.32177332856632107
chr14	-70	2	2887.0	0.06927606511950121
chr14	-69	3	2974.0	0.10087424344317418
chr14	-68	7	3039.0	0.23033892727871008
chr14	-67	16	3118.0	0.5131494547787042
chr14	-66	1	3181.0	0.03143665513989311
chr14	-65	4	3253.0	0.12296341838303104
chr14	-64	4	3327.0	0.12022843402464682
chr14	-63	13	3406.0	0.38167938931297707
chr14	-62	35	3480.0	1.0057471264367817
chr14	-61	19	3556.0	0.5343082114735659
chr14	-60	4	3620.0	0.11049723756906078
chr14	-59	2	3689.0	0.05421523448088912
chr14	-58	14	3757.0	0.37263774287995743
chr14	-57	21	3845.0	0.5461638491547465
chr14	-56	9	3924.0	0.22935779816513763
chr14	-55	7	4013.0	0.174433092449539
chr14	-54	3	4098.0	0.07320644216691069
chr14	-53	8	4167.0	0.1919846412287017
chr14	-52	5	4243.0	0.11784115012962526
chr14	-51	18	4323.0	0.4163775156141568
chr14	-50	5	4384.0	0.11405109489051093
chr14	-49	16	4444.0	0.36003600360036003
chr14	-48	14	4516.0	0.3100088573959256
chr14	-47	15	4582.0	0.3273679615888258
chr14	-46	6	4651.0	0.12900451515803052
chr14	-45	14	4727.0	0.29617093293843877
chr14	-44	10	4786.0	0.20894274968658588
chr14	-43	11	4841.0	0.2272257797975625
chr14	-42	12	4915.0	0.24415055951169887
chr14	-41	3	4984.0	0.06019261637239165
chr14	-40	13	5053.0	0.2572729071838512
chr14	-39	10	5139.0	0.1945903872348706
chr14	-38	10	5209.0	0.1919754271453254
chr14	-37	15	5263.0	0.2850085502565077
chr14	-36	7	5325.0	0.13145539906103285
chr14	-35	10	5378.0	0.1859427296392711
chr14	-34	22	5442.0	0.40426313855200297
chr14	-33	17	5517.0	0.30813848105854635
chr14	-32	12	5595.0	0.21447721179624668
chr14	-31	13	5681.0	0.2288329519450801
chr14	-30	11	5755.0	0.1911381407471764
chr14	-29	13	5827.0	0.22309936502488414
chr14	-28	13	5880.0	0.22108843537414968
chr14	-27	17	5947.0	0.28585841600807127
chr14	-26	12	6016.0	0.19946808510638298
chr14	-25	24	6082.0	0.39460703715882933
chr14	-24	35	6149.0	0.5691982436168482
chr14	-23	21	6220.0	0.337620578778135
chr14	-22	27	6297.0	0.4287756074321105
chr14	-21	12	6374.0	0.1882648258550361
chr14	-20	17	6449.0	0.26360676073809897
chr14	-19	5	6506.0	0.0768521364893944
chr14	-18	12	6571.0	0.18262060569167554
chr14	-17	5	6622.0	0.07550588945937783
chr14	-16	22	6682.0	0.32924274169410356
chr14	-15	15	6756.0	0.2220248667850799
chr14	-14	9	6845.0	0.13148283418553688
chr14	-13	32	6919.0	0.462494580141639
chr14	-12	12	6980.0	0.17191977077363896
chr14	-11	24	7064.0	0.33975084937712347
chr14	-10	26	7131.0	0.3646052447062123
chr14	-9	4	7132.0	0.056085249579360626
chr14	-8	30	7131.0	0.4206983592763988
chr14	-7	6	7124.0	0.08422234699606962
chr14	-6	15	7128.0	0.21043771043771042
chr14	-5	16	7129.0	0.22443540468508907
chr14	-4	13	7129.0	0.18235376630663486
chr14	-3	27	7119.0	0.37926675094816686
chr14	-2	13	7119.0	0.18260991712319147
chr14	-1	7	7136.0	0.09809417040358745
chr14	0	11	7006.0	0.15700827861832714
chr14	1	15	6919.0	0.21679433444139326
chr14	2	12	6849.0	0.17520805957074026
chr14	3	11	6772.0	0.16243354991139988
chr14	4	6	6698.0	0.08957897879964169
chr14	5	23	6629.0	0.3469603258410016
chr14	6	19	6563.0	0.28950175224744784
chr14	7	31	6518.0	0.4756060141147591
chr14	8	14	6457.0	0.21681895617159672
chr14	9	17	6385.0	0.2662490211433046
chr14	10	25	6308.0	0.3963221306277742
chr14	11	9	6238.0	0.14427701186277653
chr14	12	37	6172.0	0.5994815294880104
chr14	13	6	6111.0	0.09818360333824251
chr14	14	14	6023.0	0.23244230449941888
chr14	15	32	5957.0	0.537183145878798
chr14	16	7	5897.0	0.11870442597931151
chr14	17	10	5828.0	0.17158544955387783
chr14	18	12	5746.0	0.20884093282283328
chr14	19	23	5670.0	0.4056437389770723
chr14	20	7	5615.0	0.1246660730186999
chr14	21	21	5547.0	0.3785830178474851
chr14	22	17	5476.0	0.310445580715851
chr14	23	21	5406.0	0.388457269700333
chr14	24	17	5343.0	0.3181733108740408
chr14	25	5	5268.0	0.09491268033409263
chr14	26	17	5196.0	0.32717474980754424
chr14	27	5	5124.0	0.0975800156128025
chr14	28	7	5042.0	0.1388337961126537
chr14	29	12	4985.0	0.2407221664994985
chr14	30	7	4904.0	0.14274061990212072
chr14	31	12	4844.0	0.2477291494632535
chr14	32	18	4768.0	0.37751677852348997
chr14	33	15	4704.0	0.31887755102040816
chr14	34	7	4626.0	0.1513186338089062
chr14	35	7	4555.0	0.15367727771679474
chr14	36	16	4477.0	0.35738217556399376
chr14	37	6	4401.0	0.136332651670075
chr14	38	8	4331.0	0.1847148464557839
chr14	39	14	4237.0	0.3304224687278735
chr14	40	17	4157.0	0.4089487611258119
chr14	41	9	4091.0	0.21999511121975068
chr14	42	19	4018.0	0.4728720756595321
chr14	43	5	3954.0	0.12645422357106728
chr14	44	17	3882.0	0.43791859866048427
chr14	45	4	3808.0	0.10504201680672269
chr14	46	9	3729.0	0.2413515687851971
chr14	47	17	3655.0	0.46511627906976744
chr14	48	28	3579.0	0.7823414361553507
chr14	49	5	3515.0	0.1422475106685633
chr14	50	19	3446.0	0.5513639001741149
chr14	51	11	3378.0	0.3256364712847839
chr14	52	6	3289.0	0.18242626938279113
chr14	53	8	3209.0	0.24929884699283264
chr14	54	2	3121.0	0.06408202499198974
chr14	55	10	3037.0	0.3292723081988805
chr14	56	22	2968.0	0.7412398921832885
chr14	57	15	2892.0	0.5186721991701244
chr14	58	2	2811.0	0.0711490572749911
chr14	59	4	2751.0	0.14540167211922936
chr14	60	8	2691.0	0.29728725380899296
chr14	61	23	2618.0	0.878533231474408
chr14	62	16	2552.0	0.6269592476489028
chr14	63	3	2484.0	0.12077294685990338
chr14	64	5	2407.0	0.2077274615704196
chr14	65	5	2349.0	0.21285653469561516
chr14	66	7	2293.0	0.30527692978630616
chr14	67	8	2218.0	0.36068530207394045
chr14	68	3	2147.0	0.13972985561248255
chr14	69	3	2071.0	0.14485755673587639
chr14	70	7	1994.0	0.3510531594784353
chr14	71	1	1925.0	0.05194805194805195
chr14	72	4	1871.0	0.2137894174238375
chr14	73	2	1809.0	0.11055831951354339
chr14	74	1	1756.0	0.05694760820045558
chr14	75	3	1692.0	0.1773049645390071
chr14	76	3	1617.0	0.1855287569573284
chr14	77	1	1538.0	0.06501950585175553
chr14	78	5	1452.0	0.34435261707988984
chr14	79	2	1377.0	0.14524328249818447
chr14	80	0	1304.0	0.0
chr14	81	5	1252.0	0.3993610223642172
chr14	82	3	1185.0	0.25316455696202533
chr14	83	2	1116.0	0.17921146953405018
chr14	84	6	1050.0	0.5714285714285714
chr14	85	2	984.0	0.20325203252032523
chr14	86	4	911.0	0.43907793633369924
chr14	87	1	834.0	0.1199040767386091
chr14	88	0	759.0	0.0
chr14	89	4	684.0	0.5847953216374269
chr14	90	3	627.0	0.4784688995215311
chr14	91	3	563.0	0.5328596802841918
chr14	92	2	512.0	0.390625
chr14	93	3	453.0	0.6622516556291391
chr14	94	0	379.0	0.0
chr14	95	2	291.0	0.6872852233676976
chr14	96	0	217.0	0.0
chr14	97	2	156.0	1.282051282051282
chr14	98	0	73.0	0.0
chr14	99	0	0.0	nan
chr14	100	0	0.0	nan
chr14	101	0	0.0	nan
chr14	102	0	0.0	nan
chr14	103	0	0.0	nan
chr14	104	0	0.0	nan
chr14	105	0	0.0	nan
chr14	106	0	0.0	nan
chr14	107	0	0.0	nan
chr14	108	0	0.0	nan
chr14	109	0	0.0	nan
chr15	-110	0	15.0	0.0
chr15	-109	0	25.0	0.0
chr15	-108	1	36.0	2.7777777777777777
chr15	-107	0	59.0	0.0
chr15	-106	0	73.0	0.0
chr15	-105	0	93.0	0.0
chr15	-104	0	108.0	0.0
chr15	-103	1	124.0	0.8064516129032258
chr15	-102	0	135.0	0.0
chr15	-101	0	145.0	0.0
chr15	-100	1	170.0	0.5882352941176471
chr15	-99	0	184.0	0.0
chr15	-98	3	199.0	1.507537688442211
chr15	-97	0	210.0	0.0
chr15	-96	0	227.0	0.0
chr15	-95	1	239.0	0.41841004184100417
chr15	-94	0	250.0	0.0
chr15	-93	0	266.0	0.0
chr15	-92	0	272.0	0.0
chr15	-91	0	287.0	0.0
chr15	-90	2	302.0	0.6622516556291391
chr15	-89	0	315.0	0.0
chr15	-88	1	325.0	0.3076923076923077
chr15	-87	3	340.0	0.8823529411764706
chr15	-86	1	352.0	0.2840909090909091
chr15	-85	0	368.0	0.0
chr15	-84	0	383.0	0.0
chr15	-83	0	396.0	0.0
chr15	-82	0	408.0	0.0
chr15	-81	0	430.0	0.0
chr15	-80	1	446.0	0.2242152466367713
chr15	-79	1	453.0	0.22075055187637968
chr15	-78	0	466.0	0.0
chr15	-77	1	482.0	0.2074688796680498
chr15	-76	0	500.0	0.0
chr15	-75	1	510.0	0.19607843137254902
chr15	-74	1	519.0	0.1926782273603083
chr15	-73	0	535.0	0.0
chr15	-72	0	555.0	0.0
chr15	-71	2	574.0	0.34843205574912894
chr15	-70	2	590.0	0.3389830508474576
chr15	-69	9	612.0	1.4705882352941175
chr15	-68	1	629.0	0.1589825119236884
chr15	-67	1	637.0	0.15698587127158556
chr15	-66	0	654.0	0.0
chr15	-65	0	680.0	0.0
chr15	-64	0	696.0	0.0
chr15	-63	0	716.0	0.0
chr15	-62	2	735.0	0.27210884353741494
chr15	-61	1	751.0	0.13315579227696406
chr15	-60	11	763.0	1.4416775884665793
chr15	-59	1	776.0	0.12886597938144329
chr15	-58	19	783.0	2.4265644955300125
chr15	-57	1	802.0	0.12468827930174563
chr15	-56	3	813.0	0.36900369003690037
chr15	-55	5	829.0	0.6031363088057901
chr15	-54	3	837.0	0.35842293906810035
chr15	-53	1	860.0	0.11627906976744186
chr15	-52	2	874.0	0.2288329519450801
chr15	-51	0	894.0	0.0
chr15	-50	1	908.0	0.11013215859030838
chr15	-49	0	920.0	0.0
chr15	-48	14	941.0	1.487778958554729
chr15	-47	2	951.0	0.2103049421661409
chr15	-46	10	966.0	1.0351966873706004
chr15	-45	28	987.0	2.8368794326241136
chr15	-44	2	1000.0	0.2
chr15	-43	4	1007.0	0.3972194637537239
chr15	-42	0	1021.0	0.0
chr15	-41	1	1033.0	0.0968054211035818
chr15	-40	0	1052.0	0.0
chr15	-39	0	1062.0	0.0
chr15	-38	5	1074.0	0.4655493482309125
chr15	-37	0	1097.0	0.0
chr15	-36	0	1106.0	0.0
chr15	-35	2	1121.0	0.17841213202497772
chr15	-34	3	1133.0	0.264783759929391
chr15	-33	7	1149.0	0.6092254134029591
chr15	-32	2	1162.0	0.17211703958691912
chr15	-31	6	1170.0	0.5128205128205128
chr15	-30	2	1179.0	0.16963528413910092
chr15	-29	1	1185.0	0.08438818565400844
chr15	-28	1	1197.0	0.0835421888053467
chr15	-27	4	1213.0	0.3297609233305853
chr15	-26	1	1226.0	0.08156606851549755
chr15	-25	15	1241.0	1.20870265914585
chr15	-24	3	1258.0	0.23847376788553257
chr15	-23	0	1268.0	0.0
chr15	-22	19	1285.0	1.4785992217898831
chr15	-21	6	1298.0	0.46224961479198773
chr15	-20	0	1319.0	0.0
chr15	-19	1	1332.0	0.07507507507507508
chr15	-18	2	1347.0	0.14847809948032664
chr15	-17	4	1356.0	0.2949852507374631
chr15	-16	1	1372.0	0.0728862973760933
chr15	-15	3	1398.0	0.2145922746781116
chr15	-14	3	1408.0	0.2130681818181818
chr15	-13	21	1421.0	1.477832512315271
chr15	-12	6	1434.0	0.41841004184100417
chr15	-11	0	1446.0	0.0
chr15	-10	3	1455.0	0.2061855670103093
chr15	-9	7	1455.0	0.48109965635738833
chr15	-8	0	1455.0	0.0
chr15	-7	1	1455.0	0.06872852233676977
chr15	-6	3	1455.0	0.2061855670103093
chr15	-5	0	1455.0	0.0
chr15	-4	2	1455.0	0.13745704467353953
chr15	-3	0	1455.0	0.0
chr15	-2	3	1455.0	0.2061855670103093
chr15	-1	0	1455.0	0.0
chr15	0	1	1430.0	0.06993006993006994
chr15	1	3	1419.0	0.21141649048625794
chr15	2	2	1396.0	0.14326647564469913
chr15	3	3	1382.0	0.21707670043415342
chr15	4	4	1362.0	0.2936857562408223
chr15	5	1	1347.0	0.07423904974016332
chr15	6	1	1330.0	0.07518796992481204
chr15	7	0	1320.0	0.0
chr15	8	1	1310.0	0.07633587786259542
chr15	9	1	1285.0	0.07782101167315175
chr15	10	3	1271.0	0.23603461841070023
chr15	11	1	1256.0	0.07961783439490447
chr15	12	6	1245.0	0.48192771084337355
chr15	13	4	1228.0	0.32573289902280134
chr15	14	0	1216.0	0.0
chr15	15	3	1205.0	0.24896265560165973
chr15	16	0	1189.0	0.0
chr15	17	0	1182.0	0.0
chr15	18	1	1168.0	0.08561643835616438
chr15	19	1	1153.0	0.08673026886383348
chr15	20	2	1140.0	0.17543859649122806
chr15	21	12	1130.0	1.0619469026548671
chr15	22	0	1115.0	0.0
chr15	23	1	1103.0	0.09066183136899365
chr15	24	9	1087.0	0.8279668813247469
chr15	25	1	1072.0	0.09328358208955223
chr15	26	1	1059.0	0.09442870632672333
chr15	27	0	1047.0	0.0
chr15	28	4	1024.0	0.390625
chr15	29	1	1008.0	0.0992063492063492
chr15	30	2	1002.0	0.19960079840319359
chr15	31	0	989.0	0.0
chr15	32	1	973.0	0.10277492291880781
chr15	33	0	955.0	0.0
chr15	34	1	945.0	0.10582010582010583
chr15	35	3	936.0	0.3205128205128205
chr15	36	1	920.0	0.10869565217391304
chr15	37	1	900.0	0.1111111111111111
chr15	38	2	881.0	0.22701475595913734
chr15	39	1	865.0	0.11560693641618498
chr15	40	1	843.0	0.11862396204033215
chr15	41	0	826.0	0.0
chr15	42	1	818.0	0.12224938875305623
chr15	43	2	801.0	0.24968789013732834
chr15	44	14	775.0	1.806451612903226
chr15	45	9	759.0	1.185770750988142
chr15	46	0	739.0	0.0
chr15	47	6	720.0	0.8333333333333334
chr15	48	0	704.0	0.0
chr15	49	0	692.0	0.0
chr15	50	1	679.0	0.14727540500736377
chr15	51	2	672.0	0.2976190476190476
chr15	52	4	653.0	0.6125574272588056
chr15	53	0	633.0	0.0
chr15	54	2	625.0	0.32
chr15	55	0	613.0	0.0
chr15	56	0	595.0	0.0
chr15	57	7	581.0	1.2048192771084338
chr15	58	1	561.0	0.17825311942959002
chr15	59	7	547.0	1.2797074954296161
chr15	60	1	534.0	0.18726591760299627
chr15	61	1	514.0	0.19455252918287938
chr15	62	0	504.0	0.0
chr15	63	1	489.0	0.2044989775051125
chr15	64	0	468.0	0.0
chr15	65	0	455.0	0.0
chr15	66	0	448.0	0.0
chr15	67	2	434.0	0.4608294930875576
chr15	68	3	422.0	0.7109004739336493
chr15	69	12	403.0	2.977667493796526
chr15	70	1	393.0	0.2544529262086514
chr15	71	0	381.0	0.0
chr15	72	0	358.0	0.0
chr15	73	1	349.0	0.28653295128939826
chr15	74	1	334.0	0.29940119760479045
chr15	75	0	322.0	0.0
chr15	76	1	306.0	0.32679738562091504
chr15	77	1	293.0	0.3412969283276451
chr15	78	0	285.0	0.0
chr15	79	0	276.0	0.0
chr15	80	0	270.0	0.0
chr15	81	0	258.0	0.0
chr15	82	0	242.0	0.0
chr15	83	0	229.0	0.0
chr15	84	0	214.0	0.0
chr15	85	0	197.0	0.0
chr15	86	3	186.0	1.6129032258064515
chr15	87	0	170.0	0.0
chr15	88	1	157.0	0.6369426751592357
chr15	89	0	136.0	0.0
chr15	90	0	123.0	0.0
chr15	91	1	108.0	0.9259259259259258
chr15	92	0	99.0	0.0
chr15	93	0	83.0	0.0
chr15	94	0	57.0	0.0
chr15	95	0	47.0	0.0
chr15	96	0	34.0	0.0
chr15	97	0	21.0	0.0
chr15	98	0	9.0	0.0
chr15	99	0	0.0	nan
chr15	100	0	0.0	nan
chr15	101	0	0.0	nan
chr15	102	0	0.0	nan
chr15	103	0	0.0	nan
chr15	104	0	0.0	nan
chr15	105	0	0.0	nan
chr15	106	0	0.0	nan
chr15	107	0	0.0	nan
chr15	108	0	0.0	nan
chr15	109	0	0.0	nan
chr16	-111	0	1.0	0.0
chr16	-110	0	60.0	0.0
chr16	-109	0	120.0	0.0
chr16	-108	0	178.0	0.0
chr16	-107	0	249.0	0.0
chr16	-106	2	325.0	0.6153846153846154
chr16	-105	0	406.0	0.0
chr16	-104	1	485.0	0.2061855670103093
chr16	-103	2	538.0	0.37174721189591076
chr16	-102	1	598.0	0.16722408026755853
chr16	-101	2	674.0	0.2967359050445104
chr16	-100	4	749.0	0.5340453938584779
chr16	-99	2	835.0	0.23952095808383234
chr16	-98	1	913.0	0.10952902519167579
chr16	-97	7	988.0	0.708502024291498
chr16	-96	1	1057.0	0.0946073793755913
chr16	-95	0	1133.0	0.0
chr16	-94	7	1202.0	0.5823627287853578
chr16	-93	4	1277.0	0.31323414252153486
chr16	-92	3	1354.0	0.22156573116691286
chr16	-91	3	1434.0	0.20920502092050208
chr16	-90	2	1499.0	0.13342228152101399
chr16	-89	3	1557.0	0.1926782273603083
chr16	-88	6	1618.0	0.3708281829419036
chr16	-87	2	1693.0	0.11813349084465447
chr16	-86	5	1767.0	0.2829654782116582
chr16	-85	3	1830.0	0.16393442622950818
chr16	-84	2	1889.0	0.10587612493382743
chr16	-83	2	1955.0	0.10230179028132991
chr16	-82	5	2014.0	0.24826216484607747
chr16	-81	2	2091.0	0.09564801530368246
chr16	-80	0	2170.0	0.0
chr16	-79	5	2247.0	0.22251891410769914
chr16	-78	5	2308.0	0.21663778162911612
chr16	-77	3	2394.0	0.12531328320802004
chr16	-76	13	2454.0	0.5297473512632437
chr16	-75	15	2519.0	0.5954743946010321
chr16	-74	5	2584.0	0.19349845201238391
chr16	-73	12	2660.0	0.4511278195488722
chr16	-72	5	2740.0	0.18248175182481752
chr16	-71	1	2800.0	0.03571428571428571
chr16	-70	3	2873.0	0.10442046641141664
chr16	-69	7	2947.0	0.23752969121140144
chr16	-68	6	3017.0	0.19887305270135897
chr16	-67	10	3096.0	0.32299741602067183
chr16	-66	12	3173.0	0.3781909864481563
chr16	-65	6	3250.0	0.1846153846153846
chr16	-64	4	3328.0	0.1201923076923077
chr16	-63	4	3414.0	0.11716461628588166
chr16	-62	6	3476.0	0.17261219792865362
chr16	-61	4	3541.0	0.11296243998870376
chr16	-60	14	3621.0	0.38663352665009665
chr16	-59	4	3711.0	0.10778765831312315
chr16	-58	27	3777.0	0.7148530579825259
chr16	-57	10	3844.0	0.2601456815816858
chr16	-56	13	3924.0	0.3312945973496432
chr16	-55	5	3998.0	0.12506253126563283
chr16	-54	7	4080.0	0.1715686274509804
chr16	-53	12	4152.0	0.2890173410404624
chr16	-52	4	4227.0	0.09462976105985332
chr16	-51	5	4303.0	0.11619800139437601
chr16	-50	7	4393.0	0.15934441156385157
chr16	-49	11	4459.0	0.2466920834267773
chr16	-48	8	4515.0	0.17718715393134
chr16	-47	15	4569.0	0.3282994090610637
chr16	-46	6	4629.0	0.12961762799740764
chr16	-45	14	4693.0	0.2983166418069465
chr16	-44	10	4772.0	0.20955574182732606
chr16	-43	14	4855.0	0.2883625128733265
chr16	-42	36	4926.0	0.730816077953715
chr16	-41	2	5008.0	0.039936102236421724
chr16	-40	16	5076.0	0.31520882584712373
chr16	-39	13	5135.0	0.25316455696202533
chr16	-38	40	5209.0	0.7679017085813016
chr16	-37	19	5275.0	0.36018957345971564
chr16	-36	16	5344.0	0.29940119760479045
chr16	-35	39	5424.0	0.7190265486725663
chr16	-34	21	5495.0	0.3821656050955414
chr16	-33	11	5566.0	0.1976284584980237
chr16	-32	11	5635.0	0.19520851818988466
chr16	-31	24	5714.0	0.4200210010500525
chr16	-30	20	5781.0	0.3459609064175748
chr16	-29	6	5847.0	0.1026167265264238
chr16	-28	20	5902.0	0.3388681802778719
chr16	-27	7	5984.0	0.11697860962566844
chr16	-26	17	6075.0	0.27983539094650206
chr16	-25	9	6141.0	0.14655593551538837
chr16	-24	12	6217.0	0.19301914106482226
chr16	-23	13	6285.0	0.20684168655529037
chr16	-22	12	6361.0	0.18864958339883667
chr16	-21	6	6427.0	0.09335615372646647
chr16	-20	9	6504.0	0.13837638376383762
chr16	-19	13	6580.0	0.1975683890577508
chr16	-18	12	6648.0	0.18050541516245489
chr16	-17	32	6718.0	0.4763322417386127
chr16	-16	7	6785.0	0.10316875460574797
chr16	-15	12	6880.0	0.1744186046511628
chr16	-14	29	6954.0	0.4170261719873454
chr16	-13	5	7038.0	0.07104290991759023
chr16	-12	11	7115.0	0.15460295151089248
chr16	-11	37	7185.0	0.5149617258176757
chr16	-10	21	7264.0	0.28909691629955947
chr16	-9	11	7263.0	0.15145256780944513
chr16	-8	32	7263.0	0.44058928817293125
chr16	-7	9	7263.0	0.12391573729863693
chr16	-6	14	7257.0	0.19291718340912223
chr16	-5	14	7257.0	0.19291718340912223
chr16	-4	15	7264.0	0.2064977973568282
chr16	-3	17	7263.0	0.23406305934186977
chr16	-2	12	7264.0	0.16519823788546256
chr16	-1	17	7265.0	0.2339986235375086
chr16	0	9	7141.0	0.12603276851981515
chr16	1	27	7083.0	0.3811944091486658
chr16	2	14	7010.0	0.19971469329529246
chr16	3	16	6936.0	0.2306805074971165
chr16	4	14	6850.0	0.20437956204379565
chr16	5	7	6765.0	0.10347376201034737
chr16	6	10	6715.0	0.14892032762472077
chr16	7	35	6654.0	0.5259993988578299
chr16	8	12	6577.0	0.18245400638589024
chr16	9	20	6503.0	0.30755036137167463
chr16	10	18	6417.0	0.2805049088359046
chr16	11	25	6339.0	0.3943839722353683
chr16	12	18	6264.0	0.28735632183908044
chr16	13	28	6182.0	0.4529278550630864
chr16	14	16	6114.0	0.2616944717042853
chr16	15	14	6037.0	0.23190326321020374
chr16	16	28	5969.0	0.46909029988272744
chr16	17	17	5896.0	0.28833107191316143
chr16	18	6	5815.0	0.10318142734307824
chr16	19	15	5750.0	0.26086956521739135
chr16	20	9	5691.0	0.158144438587243
chr16	21	13	5630.0	0.23090586145648315
chr16	22	26	5554.0	0.4681310767014764
chr16	23	17	5481.0	0.31016237912789635
chr16	24	16	5417.0	0.29536643898836995
chr16	25	12	5359.0	0.22392237357715994
chr16	26	15	5276.0	0.2843062926459439
chr16	27	26	5205.0	0.49951969260326606
chr16	28	19	5147.0	0.36914707596658247
chr16	29	15	5069.0	0.2959163543105149
chr16	30	21	4992.0	0.4206730769230769
chr16	31	11	4930.0	0.2231237322515213
chr16	32	14	4847.0	0.28883845677738806
chr16	33	24	4794.0	0.5006257822277848
chr16	34	57	4727.0	1.205838798392215
chr16	35	17	4658.0	0.36496350364963503
chr16	36	6	4584.0	0.13089005235602094
chr16	37	21	4504.0	0.4662522202486678
chr16	38	15	4445.0	0.3374578177727784
chr16	39	20	4372.0	0.4574565416285453
chr16	40	11	4297.0	0.2559925529439144
chr16	41	23	4226.0	0.5442498816848084
chr16	42	12	4143.0	0.2896451846488052
chr16	43	12	4073.0	0.29462312791554135
chr16	44	12	3995.0	0.3003754693366708
chr16	45	19	3917.0	0.4850651008424815
chr16	46	13	3831.0	0.33933698773166276
chr16	47	15	3769.0	0.39798355001326613
chr16	48	17	3705.0	0.4588394062078272
chr16	49	7	3625.0	0.19310344827586207
chr16	50	12	3521.0	0.3408122692416927
chr16	51	3	3468.0	0.08650519031141869
chr16	52	12	3403.0	0.35263003232441964
chr16	53	6	3323.0	0.18055973517905505
chr16	54	5	3249.0	0.1538935056940597
chr16	55	23	3170.0	0.725552050473186
chr16	56	10	3095.0	0.32310177705977383
chr16	57	11	3019.0	0.36435905929115603
chr16	58	7	2939.0	0.23817625042531473
chr16	59	18	2856.0	0.6302521008403361
chr16	60	10	2787.0	0.3588087549336204
chr16	61	10	2732.0	0.36603221083455345
chr16	62	9	2678.0	0.33607169529499625
chr16	63	8	2617.0	0.30569354222392053
chr16	64	8	2552.0	0.3134796238244514
chr16	65	3	2472.0	0.12135922330097086
chr16	66	15	2388.0	0.628140703517588
chr16	67	10	2320.0	0.43103448275862066
chr16	68	17	2244.0	0.7575757575757576
chr16	69	10	2176.0	0.4595588235294118
chr16	70	5	2114.0	0.23651844843897823
chr16	71	4	2041.0	0.19598236158745713
chr16	72	13	1974.0	0.6585612968591692
chr16	73	8	1906.0	0.4197271773347324
chr16	74	6	1826.0	0.32858707557502737
chr16	75	16	1757.0	0.910643141718839
chr16	76	4	1674.0	0.23894862604540024
chr16	77	6	1603.0	0.37429819089207733
chr16	78	2	1525.0	0.13114754098360656
chr16	79	0	1460.0	0.0
chr16	80	10	1393.0	0.7178750897343862
chr16	81	5	1322.0	0.37821482602118006
chr16	82	1	1253.0	0.07980845969672785
chr16	83	1	1180.0	0.0847457627118644
chr16	84	0	1115.0	0.0
chr16	85	0	1040.0	0.0
chr16	86	2	972.0	0.205761316872428
chr16	87	4	896.0	0.4464285714285714
chr16	88	5	833.0	0.6002400960384154
chr16	89	3	757.0	0.3963011889035667
chr16	90	3	682.0	0.43988269794721413
chr16	91	0	614.0	0.0
chr16	92	2	542.0	0.36900369003690037
chr16	93	1	460.0	0.21739130434782608
chr16	94	1	384.0	0.26041666666666663
chr16	95	0	304.0	0.0
chr16	96	1	225.0	0.4444444444444444
chr16	97	1	149.0	0.6711409395973155
chr16	98	1	79.0	1.2658227848101267
chr16	99	0	0.0	nan
chr16	100	0	0.0	nan
chr16	101	0	0.0	nan
chr16	102	0	0.0	nan
chr16	103	0	0.0	nan
chr16	104	0	0.0	nan
chr16	105	0	0.0	nan
chr16	106	0	0.0	nan
chr16	107	0	0.0	nan
chr16	108	0	0.0	nan
chr16	109	0	0.0	nan
chr17	-114	0	1.0	0.0
chr17	-113	0	1.0	0.0
chr17	-112	0	1.0	0.0
chr17	-111	0	1.0	0.0
chr17	-110	0	47.0	0.0
chr17	-109	0	96.0	0.0
chr17	-108	0	135.0	0.0
chr17	-107	0	186.0	0.0
chr17	-106	0	235.0	0.0
chr17	-105	0	271.0	0.0
chr17	-104	0	308.0	0.0
chr17	-103	2	357.0	0.5602240896358543
chr17	-102	1	401.0	0.24937655860349126
chr17	-101	2	445.0	0.44943820224719105
chr17	-100	2	493.0	0.4056795131845842
chr17	-99	0	540.0	0.0
chr17	-98	3	577.0	0.5199306759098787
chr17	-97	0	604.0	0.0
chr17	-96	0	648.0	0.0
chr17	-95	0	703.0	0.0
chr17	-94	0	737.0	0.0
chr17	-93	3	790.0	0.37974683544303794
chr17	-92	0	839.0	0.0
chr17	-91	0	885.0	0.0
chr17	-90	4	931.0	0.4296455424274973
chr17	-89	4	977.0	0.4094165813715456
chr17	-88	3	1014.0	0.2958579881656805
chr17	-87	1	1059.0	0.09442870632672333
chr17	-86	4	1094.0	0.3656307129798903
chr17	-85	3	1146.0	0.2617801047120419
chr17	-84	2	1181.0	0.1693480101608806
chr17	-83	4	1234.0	0.3241491085899514
chr17	-82	3	1285.0	0.23346303501945526
chr17	-81	2	1322.0	0.15128593040847202
chr17	-80	1	1374.0	0.0727802037845706
chr17	-79	3	1428.0	0.21008403361344538
chr17	-78	2	1471.0	0.13596193065941536
chr17	-77	3	1518.0	0.1976284584980237
chr17	-76	10	1564.0	0.639386189258312
chr17	-75	3	1610.0	0.18633540372670807
chr17	-74	4	1662.0	0.24067388688327318
chr17	-73	5	1718.0	0.2910360884749709
chr17	-72	1	1767.0	0.056593095642331635
chr17	-71	2	1809.0	0.11055831951354339
chr17	-70	6	1876.0	0.31982942430703626
chr17	-69	5	1929.0	0.2592016588906169
chr17	-68	4	1986.0	0.2014098690835851
chr17	-67	12	2022.0	0.5934718100890208
chr17	-66	7	2069.0	0.3383276945384244
chr17	-65	9	2112.0	0.4261363636363636
chr17	-64	3	2166.0	0.13850415512465375
chr17	-63	2	2217.0	0.09021199819576003
chr17	-62	3	2256.0	0.13297872340425532
chr17	-61	6	2306.0	0.26019080659150046
chr17	-60	9	2359.0	0.38151759220008474
chr17	-59	1	2414.0	0.041425020712510356
chr17	-58	20	2461.0	0.8126777732629012
chr17	-57	8	2500.0	0.32
chr17	-56	6	2549.0	0.23538642604943116
chr17	-55	4	2597.0	0.15402387370042356
chr17	-54	10	2651.0	0.37721614485099964
chr17	-53	8	2693.0	0.29706646862235425
chr17	-52	6	2751.0	0.21810250817884408
chr17	-51	2	2802.0	0.07137758743754462
chr17	-50	5	2851.0	0.175377060680463
chr17	-49	8	2898.0	0.27605244996549344
chr17	-48	23	2947.0	0.7804546996946047
chr17	-47	5	2975.0	0.16806722689075632
chr17	-46	3	3019.0	0.09937065253395165
chr17	-45	2	3066.0	0.06523157208088715
chr17	-44	6	3120.0	0.19230769230769232
chr17	-43	3	3163.0	0.09484666455896301
chr17	-42	4	3223.0	0.12410797393732546
chr17	-41	6	3263.0	0.18387986515476554
chr17	-40	1	3343.0	0.029913251570445706
chr17	-39	7	3392.0	0.20636792452830188
chr17	-38	8	3445.0	0.23222060957910012
chr17	-37	4	3488.0	0.11467889908256881
chr17	-36	13	3530.0	0.36827195467422097
chr17	-35	8	3581.0	0.2234012845573862
chr17	-34	21	3624.0	0.5794701986754967
chr17	-33	17	3669.0	0.46334150994821477
chr17	-32	12	3717.0	0.3228410008071025
chr17	-31	29	3767.0	0.7698433766923282
chr17	-30	22	3807.0	0.5778828473863935
chr17	-29	6	3864.0	0.15527950310559005
chr17	-28	5	3921.0	0.12751849018107625
chr17	-27	23	3970.0	0.5793450881612091
chr17	-26	4	4010.0	0.0997506234413965
chr17	-25	23	4063.0	0.5660841742554762
chr17	-24	21	4097.0	0.5125701732975347
chr17	-23	5	4132.0	0.12100677637947724
chr17	-22	9	4176.0	0.21551724137931033
chr17	-21	25	4221.0	0.5922767116796968
chr17	-20	7	4267.0	0.1640496836184673
chr17	-19	23	4306.0	0.5341384115188109
chr17	-18	18	4360.0	0.41284403669724773
chr17	-17	23	4410.0	0.5215419501133787
chr17	-16	10	4451.0	0.22466861379465286
chr17	-15	23	4487.0	0.5125919322487185
chr17	-14	8	4542.0	0.17613386173491855
chr17	-13	4	4591.0	0.08712698758440428
chr17	-12	11	4638.0	0.23717119448037946
chr17	-11	8	4682.0	0.17086715079026057
chr17	-10	8	4731.0	0.16909744240118368
chr17	-9	4	4732.0	0.08453085376162299
chr17	-8	6	4732.0	0.12679628064243448
chr17	-7	56	4732.0	1.183431952662722
chr17	-6	21	4731.0	0.4438807863031071
chr17	-5	32	4716.0	0.6785411365564037
chr17	-4	10	4715.0	0.2120890774125133
chr17	-3	7	4732.0	0.14792899408284024
chr17	-2	4	4732.0	0.08453085376162299
chr17	-1	7	4732.0	0.14792899408284024
chr17	0	10	4636.0	0.21570319240724764
chr17	1	10	4597.0	0.21753317380900586
chr17	2	13	4545.0	0.28602860286028603
chr17	3	3	4493.0	0.06677053193857112
chr17	4	25	4457.0	0.5609154139555755
chr17	5	20	4423.0	0.45218177707438395
chr17	6	44	4374.0	1.0059442158207592
chr17	7	5	4330.0	0.11547344110854503
chr17	8	10	4286.0	0.23331777881474566
chr17	9	9	4238.0	0.21236432279377065
chr17	10	9	4189.0	0.21484841250895204
chr17	11	6	4152.0	0.1445086705202312
chr17	12	13	4124.0	0.31522793404461685
chr17	13	7	4080.0	0.1715686274509804
chr17	14	13	4025.0	0.32298136645962733
chr17	15	13	3990.0	0.3258145363408521
chr17	16	9	3936.0	0.22865853658536583
chr17	17	18	3888.0	0.4629629629629629
chr17	18	14	3839.0	0.36467830164105236
chr17	19	20	3794.0	0.5271481286241434
chr17	20	14	3748.0	0.3735325506937033
chr17	21	8	3710.0	0.215633423180593
chr17	22	8	3665.0	0.21828103683492497
chr17	23	36	3630.0	0.9917355371900827
chr17	24	22	3573.0	0.6157290792051497
chr17	25	9	3538.0	0.25438100621820237
chr17	26	20	3488.0	0.573394495412844
chr17	27	11	3438.0	0.31995346131471786
chr17	28	3	3401.0	0.08820935019112026
chr17	29	11	3352.0	0.32816229116945106
chr17	30	28	3299.0	0.8487420430433464
chr17	31	3	3256.0	0.09213759213759214
chr17	32	9	3208.0	0.2805486284289277
chr17	33	14	3163.0	0.4426177679418274
chr17	34	5	3117.0	0.16041065126724416
chr17	35	16	3064.0	0.5221932114882507
chr17	36	7	3010.0	0.23255813953488372
chr17	37	5	2960.0	0.16891891891891891
chr17	38	12	2917.0	0.411381556393555
chr17	39	11	2851.0	0.3858295334970186
chr17	40	10	2790.0	0.35842293906810035
chr17	41	6	2740.0	0.21897810218978103
chr17	42	5	2704.0	0.1849112426035503
chr17	43	5	2656.0	0.18825301204819278
chr17	44	7	2613.0	0.26789131266743205
chr17	45	7	2559.0	0.2735443532629933
chr17	46	7	2508.0	0.27910685805422647
chr17	47	15	2470.0	0.6072874493927125
chr17	48	8	2421.0	0.3304419661296985
chr17	49	6	2368.0	0.2533783783783784
chr17	50	7	2313.0	0.3026372676178124
chr17	51	8	2266.0	0.353045013239188
chr17	52	13	2227.0	0.5837449483610238
chr17	53	5	2178.0	0.2295684113865932
chr17	54	2	2129.0	0.09394081728511039
chr17	55	6	2074.0	0.28929604628736744
chr17	56	4	2033.0	0.1967535661583866
chr17	57	10	1976.0	0.5060728744939271
chr17	58	3	1925.0	0.15584415584415584
chr17	59	4	1876.0	0.21321961620469082
chr17	60	4	1828.0	0.2188183807439825
chr17	61	4	1780.0	0.22471910112359553
chr17	62	2	1753.0	0.11409013120365087
chr17	63	11	1708.0	0.6440281030444965
chr17	64	6	1661.0	0.3612281757977122
chr17	65	11	1606.0	0.684931506849315
chr17	66	13	1561.0	0.8327994875080076
chr17	67	3	1504.0	0.19946808510638298
chr17	68	2	1442.0	0.13869625520110956
chr17	69	5	1384.0	0.36127167630057805
chr17	70	3	1334.0	0.22488755622188905
chr17	71	1	1283.0	0.0779423226812159
chr17	72	2	1240.0	0.16129032258064516
chr17	73	3	1199.0	0.25020850708924103
chr17	74	4	1137.0	0.3518029903254178
chr17	75	9	1094.0	0.8226691042047531
chr17	76	0	1048.0	0.0
chr17	77	3	1000.0	0.3
chr17	78	1	949.0	0.10537407797681769
chr17	79	2	910.0	0.21978021978021978
chr17	80	0	861.0	0.0
chr17	81	1	806.0	0.12406947890818859
chr17	82	3	758.0	0.395778364116095
chr17	83	2	719.0	0.27816411682892905
chr17	84	2	666.0	0.3003003003003003
chr17	85	0	632.0	0.0
chr17	86	0	598.0	0.0
chr17	87	0	554.0	0.0
chr17	88	4	509.0	0.7858546168958742
chr17	89	0	463.0	0.0
chr17	90	0	423.0	0.0
chr17	91	1	369.0	0.27100271002710025
chr17	92	2	322.0	0.6211180124223602
chr17	93	0	281.0	0.0
chr17	94	3	244.0	1.2295081967213115
chr17	95	1	186.0	0.5376344086021506
chr17	96	1	140.0	0.7142857142857143
chr17	97	0	94.0	0.0
chr17	98	1	49.0	2.0408163265306123
chr17	99	0	0.0	nan
chr17	100	0	0.0	nan
chr17	101	0	0.0	nan
chr17	102	0	0.0	nan
chr17	103	0	0.0	nan
chr17	104	0	0.0	nan
chr17	105	0	0.0	nan
chr17	106	0	0.0	nan
chr17	107	0	0.0	nan
chr17	108	0	0.0	nan
chr17	109	0	0.0	nan
chr18	-135	0	1.0	0.0
chr18	-134	0	1.0	0.0
chr18	-133	0	1.0	0.0
chr18	-132	0	1.0	0.0
chr18	-131	0	1.0	0.0
chr18	-130	0	1.0	0.0
chr18	-129	0	1.0	0.0
chr18	-128	0	1.0	0.0
chr18	-127	0	1.0	0.0
chr18	-126	0	1.0	0.0
chr18	-125	0	1.0	0.0
chr18	-124	0	1.0	0.0
chr18	-123	0	1.0	0.0
chr18	-122	0	1.0	0.0
chr18	-121	0	1.0	0.0
chr18	-120	0	1.0	0.0
chr18	-119	0	1.0	0.0
chr18	-118	0	1.0	0.0
chr18	-117	0	1.0	0.0
chr18	-116	0	1.0	0.0
chr18	-115	0	1.0	0.0
chr18	-114	0	1.0	0.0
chr18	-113	0	2.0	0.0
chr18	-112	0	2.0	0.0
chr18	-111	0	2.0	0.0
chr18	-110	0	39.0	0.0
chr18	-109	0	75.0	0.0
chr18	-108	0	104.0	0.0
chr18	-107	1	130.0	0.7692307692307693
chr18	-106	0	165.0	0.0
chr18	-105	0	199.0	0.0
chr18	-104	0	236.0	0.0
chr18	-103	0	260.0	0.0
chr18	-102	0	287.0	0.0
chr18	-101	1	309.0	0.3236245954692557
chr18	-100	0	345.0	0.0
chr18	-99	0	379.0	0.0
chr18	-98	0	408.0	0.0
chr18	-97	1	441.0	0.22675736961451248
chr18	-96	0	472.0	0.0
chr18	-95	0	508.0	0.0
chr18	-94	2	541.0	0.36968576709796674
chr18	-93	1	574.0	0.17421602787456447
chr18	-92	1	597.0	0.16750418760469013
chr18	-91	1	637.0	0.15698587127158556
chr18	-90	7	664.0	1.0542168674698795
chr18	-89	1	698.0	0.14326647564469913
chr18	-88	0	727.0	0.0
chr18	-87	0	763.0	0.0
chr18	-86	2	792.0	0.25252525252525254
chr18	-85	1	821.0	0.12180267965895249
chr18	-84	1	857.0	0.11668611435239205
chr18	-83	5	880.0	0.5681818181818182
chr18	-82	0	906.0	0.0
chr18	-81	0	938.0	0.0
chr18	-80	10	978.0	1.0224948875255624
chr18	-79	0	1020.0	0.0
chr18	-78	0	1038.0	0.0
chr18	-77	2	1065.0	0.18779342723004694
chr18	-76	1	1090.0	0.09174311926605505
chr18	-75	2	1120.0	0.17857142857142858
chr18	-74	1	1159.0	0.08628127696289906
chr18	-73	5	1192.0	0.41946308724832215
chr18	-72	2	1222.0	0.16366612111292964
chr18	-71	13	1254.0	1.036682615629984
chr18	-70	3	1289.0	0.23273855702094648
chr18	-69	2	1333.0	0.15003750937734434
chr18	-68	1	1366.0	0.07320644216691069
chr18	-67	1	1396.0	0.07163323782234957
chr18	-66	2	1425.0	0.14035087719298245
chr18	-65	5	1458.0	0.3429355281207133
chr18	-64	0	1498.0	0.0
chr18	-63	2	1529.0	0.13080444735120994
chr18	-62	8	1560.0	0.5128205128205128
chr18	-61	1	1592.0	0.06281407035175879
chr18	-60	11	1627.0	0.6760909649661955
chr18	-59	0	1651.0	0.0
chr18	-58	13	1676.0	0.7756563245823389
chr18	-57	5	1704.0	0.2934272300469483
chr18	-56	3	1730.0	0.17341040462427745
chr18	-55	3	1766.0	0.16987542468856173
chr18	-54	2	1794.0	0.11148272017837235
chr18	-53	10	1820.0	0.5494505494505495
chr18	-52	3	1854.0	0.16181229773462785
chr18	-51	0	1889.0	0.0
chr18	-50	12	1915.0	0.6266318537859008
chr18	-49	11	1943.0	0.5661348430262481
chr18	-48	10	1973.0	0.5068423720223011
chr18	-47	6	2003.0	0.29955067398901647
chr18	-46	4	2028.0	0.19723865877712032
chr18	-45	3	2053.0	0.14612761811982464
chr18	-44	0	2092.0	0.0
chr18	-43	7	2123.0	0.3297220913801225
chr18	-42	2	2151.0	0.09298000929800093
chr18	-41	3	2172.0	0.13812154696132595
chr18	-40	3	2206.0	0.1359927470534905
chr18	-39	9	2232.0	0.4032258064516129
chr18	-38	2	2258.0	0.08857395925597875
chr18	-37	2	2283.0	0.08760402978537013
chr18	-36	5	2313.0	0.21616947686986598
chr18	-35	20	2354.0	0.8496176720475787
chr18	-34	6	2380.0	0.25210084033613445
chr18	-33	9	2409.0	0.37359900373599003
chr18	-32	17	2433.0	0.6987258528565558
chr18	-31	4	2467.0	0.16214025131738954
chr18	-30	28	2497.0	1.1213456147376852
chr18	-29	4	2530.0	0.15810276679841898
chr18	-28	5	2564.0	0.19500780031201248
chr18	-27	6	2613.0	0.2296211251435132
chr18	-26	1	2648.0	0.0377643504531722
chr18	-25	14	2672.0	0.5239520958083832
chr18	-24	1	2705.0	0.03696857670979667
chr18	-23	8	2730.0	0.29304029304029305
chr18	-22	2	2762.0	0.0724112961622013
chr18	-21	2	2789.0	0.07171029042667623
chr18	-20	5	2808.0	0.17806267806267806
chr18	-19	3	2841.0	0.10559662090813093
chr18	-18	2	2881.0	0.06942034015966678
chr18	-17	21	2915.0	0.7204116638078902
chr18	-16	3	2942.0	0.10197144799456152
chr18	-15	5	2980.0	0.16778523489932887
chr18	-14	5	3013.0	0.1659475605708596
chr18	-13	1	3042.0	0.03287310979618672
chr18	-12	3	3068.0	0.09778357235984356
chr18	-11	5	3110.0	0.1607717041800643
chr18	-10	6	3142.0	0.19096117122851686
chr18	-9	5	3142.0	0.15913430935709738
chr18	-8	43	3141.0	1.3689907672715695
chr18	-7	11	3140.0	0.35031847133757965
chr18	-6	11	3142.0	0.3500954805856143
chr18	-5	7	3141.0	0.22285896211397643
chr18	-4	2	3143.0	0.06363347120585428
chr18	-3	10	3143.0	0.3181673560292714
chr18	-2	2	3143.0	0.06363347120585428
chr18	-1	21	3143.0	0.6681514476614699
chr18	0	24	3068.0	0.7822685788787485
chr18	1	3	3039.0	0.09871668311944717
chr18	2	5	3013.0	0.1659475605708596
chr18	3	2	2978.0	0.0671591672263264
chr18	4	8	2944.0	0.2717391304347826
chr18	5	11	2906.0	0.3785271851342051
chr18	6	5	2869.0	0.17427675148135238
chr18	7	29	2849.0	1.017901017901018
chr18	8	5	2834.0	0.17642907551164433
chr18	9	2	2798.0	0.07147962830593281
chr18	10	4	2763.0	0.14477017734346725
chr18	11	7	2734.0	0.25603511338697876
chr18	12	3	2701.0	0.11106997408367272
chr18	13	4	2669.0	0.14986886474334957
chr18	14	0	2635.0	0.0
chr18	15	2	2601.0	0.07689350249903884
chr18	16	20	2568.0	0.778816199376947
chr18	17	5	2546.0	0.19638648860958366
chr18	18	9	2505.0	0.3592814371257485
chr18	19	2	2478.0	0.08071025020177562
chr18	20	4	2444.0	0.16366612111292964
chr18	21	3	2415.0	0.12422360248447205
chr18	22	2	2378.0	0.08410428931875526
chr18	23	6	2349.0	0.2554278416347382
chr18	24	20	2318.0	0.8628127696289906
chr18	25	5	2284.0	0.21891418563922943
chr18	26	2	2261.0	0.08845643520566121
chr18	27	4	2235.0	0.1789709172259508
chr18	28	1	2197.0	0.04551661356395084
chr18	29	22	2159.0	1.0189902732746643
chr18	30	5	2122.0	0.23562676720075398
chr18	31	13	2105.0	0.6175771971496438
chr18	32	7	2078.0	0.3368623676612127
chr18	33	8	2053.0	0.3896736483195324
chr18	34	9	2022.0	0.44510385756676557
chr18	35	9	1984.0	0.45362903225806456
chr18	36	5	1951.0	0.2562788313685289
chr18	37	1	1920.0	0.052083333333333336
chr18	38	7	1889.0	0.37056643726839594
chr18	39	5	1853.0	0.26983270372369134
chr18	40	2	1810.0	0.11049723756906078
chr18	41	3	1777.0	0.16882386043894204
chr18	42	1	1747.0	0.05724098454493417
chr18	43	3	1718.0	0.17462165308498254
chr18	44	0	1685.0	0.0
chr18	45	1	1645.0	0.060790273556231005
chr18	46	11	1613.0	0.6819590824550528
chr18	47	5	1582.0	0.31605562579013907
chr18	48	15	1550.0	0.967741935483871
chr18	49	9	1515.0	0.594059405940594
chr18	50	5	1492.0	0.3351206434316354
chr18	51	2	1467.0	0.136332651670075
chr18	52	14	1439.0	0.9728978457261988
chr18	53	4	1413.0	0.28308563340410475
chr18	54	2	1377.0	0.14524328249818447
chr18	55	2	1349.0	0.14825796886582654
chr18	56	7	1323.0	0.5291005291005291
chr18	57	7	1289.0	0.5430566330488751
chr18	58	1	1254.0	0.07974481658692185
chr18	59	12	1228.0	0.9771986970684038
chr18	60	5	1200.0	0.4166666666666667
chr18	61	4	1168.0	0.3424657534246575
chr18	62	2	1140.0	0.17543859649122806
chr18	63	2	1115.0	0.17937219730941703
chr18	64	2	1089.0	0.18365472910927455
chr18	65	2	1051.0	0.19029495718363465
chr18	66	1	1019.0	0.09813542688910697
chr18	67	1	992.0	0.10080645161290322
chr18	68	5	971.0	0.5149330587023687
chr18	69	3	937.0	0.32017075773745995
chr18	70	12	911.0	1.3172338090010975
chr18	71	2	884.0	0.22624434389140274
chr18	72	3	860.0	0.3488372093023256
chr18	73	1	830.0	0.12048192771084339
chr18	74	0	789.0	0.0
chr18	75	3	763.0	0.39318479685452157
chr18	76	1	734.0	0.13623978201634876
chr18	77	1	709.0	0.14104372355430184
chr18	78	0	674.0	0.0
chr18	79	3	643.0	0.46656298600311047
chr18	80	0	610.0	0.0
chr18	81	0	577.0	0.0
chr18	82	0	528.0	0.0
chr18	83	1	493.0	0.2028397565922921
chr18	84	1	466.0	0.2145922746781116
chr18	85	0	433.0	0.0
chr18	86	0	409.0	0.0
chr18	87	2	380.0	0.5263157894736842
chr18	88	1	353.0	0.28328611898017
chr18	89	1	326.0	0.3067484662576687
chr18	90	1	293.0	0.3412969283276451
chr18	91	0	253.0	0.0
chr18	92	1	219.0	0.45662100456621
chr18	93	0	192.0	0.0
chr18	94	0	154.0	0.0
chr18	95	1	128.0	0.78125
chr18	96	0	100.0	0.0
chr18	97	0	74.0	0.0
chr18	98	0	32.0	0.0
chr18	99	0	0.0	nan
chr18	100	0	0.0	nan
chr18	101	0	0.0	nan
chr18	102	0	0.0	nan
chr18	103	0	0.0	nan
chr18	104	0	0.0	nan
chr18	105	0	0.0	nan
chr18	106	0	0.0	nan
chr18	107	0	0.0	nan
chr18	108	0	0.0	nan
chr18	109	0	0.0	nan
chr19	-110	0	26.0	0.0
chr19	-109	0	53.0	0.0
chr19	-108	0	78.0	0.0
chr19	-107	1	103.0	0.9708737864077669
chr19	-106	1	117.0	0.8547008547008548
chr19	-105	1	147.0	0.6802721088435374
chr19	-104	0	164.0	0.0
chr19	-103	0	198.0	0.0
chr19	-102	1	227.0	0.4405286343612335
chr19	-101	1	267.0	0.37453183520599254
chr19	-100	1	292.0	0.3424657534246575
chr19	-99	1	319.0	0.3134796238244514
chr19	-98	0	353.0	0.0
chr19	-97	0	376.0	0.0
chr19	-96	0	413.0	0.0
chr19	-95	2	445.0	0.44943820224719105
chr19	-94	1	481.0	0.2079002079002079
chr19	-93	1	510.0	0.19607843137254902
chr19	-92	0	531.0	0.0
chr19	-91	1	566.0	0.17667844522968199
chr19	-90	6	589.0	1.0186757215619695
chr19	-89	3	618.0	0.48543689320388345
chr19	-88	12	660.0	1.8181818181818181
chr19	-87	12	696.0	1.7241379310344827
chr19	-86	4	726.0	0.5509641873278237
chr19	-85	1	761.0	0.1314060446780552
chr19	-84	1	785.0	0.12738853503184713
chr19	-83	5	812.0	0.6157635467980296
chr19	-82	2	836.0	0.23923444976076555
chr19	-81	0	856.0	0.0
chr19	-80	1	881.0	0.11350737797956867
chr19	-79	0	913.0	0.0
chr19	-78	1	936.0	0.10683760683760685
chr19	-77	0	968.0	0.0
chr19	-76	3	994.0	0.30181086519114686
chr19	-75	1	1020.0	0.09803921568627451
chr19	-74	1	1055.0	0.09478672985781991
chr19	-73	4	1084.0	0.36900369003690037
chr19	-72	5	1108.0	0.45126353790613716
chr19	-71	2	1134.0	0.1763668430335097
chr19	-70	0	1168.0	0.0
chr19	-69	6	1195.0	0.502092050209205
chr19	-68	3	1215.0	0.24691358024691357
chr19	-67	2	1245.0	0.1606425702811245
chr19	-66	5	1270.0	0.39370078740157477
chr19	-65	0	1297.0	0.0
chr19	-64	1	1328.0	0.07530120481927711
chr19	-63	4	1356.0	0.2949852507374631
chr19	-62	3	1385.0	0.21660649819494585
chr19	-61	0	1410.0	0.0
chr19	-60	4	1432.0	0.27932960893854747
chr19	-59	3	1458.0	0.205761316872428
chr19	-58	0	1482.0	0.0
chr19	-57	5	1507.0	0.33178500331785005
chr19	-56	5	1526.0	0.327653997378768
chr19	-55	1	1558.0	0.06418485237483953
chr19	-54	4	1583.0	0.2526847757422615
chr19	-53	14	1614.0	0.8674101610904585
chr19	-52	4	1641.0	0.2437538086532602
chr19	-51	3	1670.0	0.17964071856287425
chr19	-50	3	1697.0	0.1767825574543312
chr19	-49	3	1725.0	0.17391304347826086
chr19	-48	4	1749.0	0.22870211549456831
chr19	-47	2	1769.0	0.11305822498586772
chr19	-46	0	1791.0	0.0
chr19	-45	4	1821.0	0.21965952773201539
chr19	-44	3	1840.0	0.16304347826086957
chr19	-43	4	1866.0	0.21436227224008575
chr19	-42	3	1896.0	0.15822784810126583
chr19	-41	7	1926.0	0.363447559709242
chr19	-40	1	1963.0	0.05094243504839531
chr19	-39	10	1994.0	0.5015045135406219
chr19	-38	21	2024.0	1.0375494071146245
chr19	-37	0	2043.0	0.0
chr19	-36	4	2071.0	0.1931434089811685
chr19	-35	2	2103.0	0.0951022349025202
chr19	-34	5	2134.0	0.23430178069353325
chr19	-33	2	2158.0	0.09267840593141798
chr19	-32	3	2185.0	0.13729977116704806
chr19	-31	18	2212.0	0.81374321880651
chr19	-30	6	2245.0	0.26726057906458794
chr19	-29	6	2275.0	0.26373626373626374
chr19	-28	10	2306.0	0.43365134431916735
chr19	-27	6	2335.0	0.2569593147751606
chr19	-26	3	2365.0	0.12684989429175475
chr19	-25	17	2397.0	0.7092198581560284
chr19	-24	3	2419.0	0.12401818933443572
chr19	-23	2	2451.0	0.08159934720522236
chr19	-22	11	2484.0	0.44283413848631237
chr19	-21	9	2512.0	0.3582802547770701
chr19	-20	20	2540.0	0.7874015748031495
chr19	-19	13	2576.0	0.5046583850931677
chr19	-18	3	2607.0	0.11507479861910241
chr19	-17	6	2647.0	0.22667170381564036
chr19	-16	3	2677.0	0.11206574523720583
chr19	-15	2	2713.0	0.07371913011426465
chr19	-14	2	2738.0	0.07304601899196494
chr19	-13	5	2776.0	0.18011527377521613
chr19	-12	12	2802.0	0.4282655246252677
chr19	-11	5	2838.0	0.1761804087385483
chr19	-10	2	2862.0	0.06988120195667365
chr19	-9	6	2863.0	0.209570380719525
chr19	-8	11	2863.0	0.38421236465246245
chr19	-7	7	2863.0	0.24449877750611246
chr19	-6	12	2863.0	0.41914076143905
chr19	-5	6	2863.0	0.209570380719525
chr19	-4	7	2863.0	0.24449877750611246
chr19	-3	4	2861.0	0.13981125480601186
chr19	-2	27	2860.0	0.9440559440559441
chr19	-1	18	2853.0	0.6309148264984227
chr19	0	5	2795.0	0.17889087656529518
chr19	1	23	2782.0	0.8267433501078361
chr19	2	4	2757.0	0.14508523757707653
chr19	3	9	2747.0	0.32763014197306156
chr19	4	6	2717.0	0.22083179977916823
chr19	5	4	2700.0	0.14814814814814814
chr19	6	10	2665.0	0.37523452157598497
chr19	7	12	2636.0	0.4552352048558422
chr19	8	3	2595.0	0.11560693641618498
chr19	9	8	2570.0	0.311284046692607
chr19	10	5	2543.0	0.19661816751867872
chr19	11	22	2509.0	0.876843363889996
chr19	12	5	2486.0	0.2011263073209976
chr19	13	7	2451.0	0.28559771521827826
chr19	14	2	2418.0	0.0827129859387924
chr19	15	21	2382.0	0.8816120906801008
chr19	16	6	2352.0	0.25510204081632654
chr19	17	6	2321.0	0.25850926324859974
chr19	18	10	2282.0	0.43821209465381245
chr19	19	22	2260.0	0.9734513274336283
chr19	20	9	2232.0	0.4032258064516129
chr19	21	9	2188.0	0.41133455210237657
chr19	22	2	2154.0	0.09285051067780872
chr19	23	4	2127.0	0.18805829807240243
chr19	24	5	2090.0	0.23923444976076555
chr19	25	3	2069.0	0.14499758337361043
chr19	26	6	2042.0	0.2938295788442703
chr19	27	8	2012.0	0.3976143141153081
chr19	28	7	1997.0	0.35052578868302453
chr19	29	5	1971.0	0.2536783358701167
chr19	30	8	1937.0	0.41300980898296336
chr19	31	4	1915.0	0.20887728459530025
chr19	32	3	1884.0	0.15923566878980894
chr19	33	6	1859.0	0.32275416890801506
chr19	34	6	1832.0	0.32751091703056767
chr19	35	0	1799.0	0.0
chr19	36	9	1772.0	0.5079006772009029
chr19	37	22	1748.0	1.2585812356979404
chr19	38	28	1723.0	1.625072547881602
chr19	39	9	1688.0	0.533175355450237
chr19	40	4	1661.0	0.2408187838651415
chr19	41	6	1643.0	0.36518563603164944
chr19	42	4	1612.0	0.24813895781637718
chr19	43	7	1587.0	0.4410838059231254
chr19	44	5	1564.0	0.319693094629156
chr19	45	4	1533.0	0.2609262883235486
chr19	46	4	1503.0	0.2661343978709248
chr19	47	4	1475.0	0.2711864406779661
chr19	48	1	1450.0	0.06896551724137931
chr19	49	7	1428.0	0.49019607843137253
chr19	50	6	1403.0	0.42765502494654317
chr19	51	5	1381.0	0.3620564808110065
chr19	52	4	1356.0	0.2949852507374631
chr19	53	0	1336.0	0.0
chr19	54	2	1302.0	0.15360983102918588
chr19	55	4	1277.0	0.31323414252153486
chr19	56	3	1247.0	0.24057738572574178
chr19	57	3	1220.0	0.24590163934426232
chr19	58	3	1191.0	0.2518891687657431
chr19	59	6	1162.0	0.5163511187607573
chr19	60	3	1135.0	0.2643171806167401
chr19	61	9	1109.0	0.8115419296663661
chr19	62	2	1089.0	0.18365472910927455
chr19	63	7	1067.0	0.6560449859418931
chr19	64	2	1038.0	0.1926782273603083
chr19	65	8	1014.0	0.7889546351084813
chr19	66	2	988.0	0.20242914979757085
chr19	67	1	958.0	0.10438413361169101
chr19	68	4	926.0	0.4319654427645789
chr19	69	4	898.0	0.4454342984409799
chr19	70	1	867.0	0.11534025374855825
chr19	71	6	837.0	0.7168458781362007
chr19	72	3	818.0	0.36674816625916873
chr19	73	3	790.0	0.37974683544303794
chr19	74	2	758.0	0.2638522427440633
chr19	75	4	727.0	0.5502063273727648
chr19	76	2	702.0	0.2849002849002849
chr19	77	0	675.0	0.0
chr19	78	3	647.0	0.46367851622874806
chr19	79	4	615.0	0.6504065040650406
chr19	80	1	584.0	0.17123287671232876
chr19	81	1	551.0	0.18148820326678766
chr19	82	0	523.0	0.0
chr19	83	0	494.0	0.0
chr19	84	1	462.0	0.21645021645021645
chr19	85	3	440.0	0.6818181818181818
chr19	86	9	408.0	2.2058823529411766
chr19	87	5	376.0	1.3297872340425532
chr19	88	5	347.0	1.440922190201729
chr19	89	2	318.0	0.628930817610063
chr19	90	1	283.0	0.35335689045936397
chr19	91	1	250.0	0.4
chr19	92	0	212.0	0.0
chr19	93	0	183.0	0.0
chr19	94	0	147.0	0.0
chr19	95	0	122.0	0.0
chr19	96	0	86.0	0.0
chr19	97	0	61.0	0.0
chr19	98	0	25.0	0.0
chr19	99	0	0.0	nan
chr19	100	0	0.0	nan
chr19	101	0	0.0	nan
chr19	102	0	0.0	nan
chr19	103	0	0.0	nan
chr19	104	0	0.0	nan
chr19	105	0	0.0	nan
chr19	106	0	0.0	nan
chr19	107	0	0.0	nan
chr19	108	0	0.0	nan
chr19	109	0	0.0	nan
chr19	110	0	0.0	nan
chr19	111	0	0.0	nan
chr19	112	0	0.0	nan
chr19	113	0	0.0	nan
chr19	114	0	0.0	nan
chr21	-111	0	1.0	0.0
chr21	-110	0	29.0	0.0
chr21	-109	0	49.0	0.0
chr21	-108	0	69.0	0.0
chr21	-107	0	100.0	0.0
chr21	-106	0	121.0	0.0
chr21	-105	0	155.0	0.0
chr21	-104	0	177.0	0.0
chr21	-103	0	204.0	0.0
chr21	-102	0	225.0	0.0
chr21	-101	0	245.0	0.0
chr21	-100	1	259.0	0.3861003861003861
chr21	-99	1	281.0	0.3558718861209964
chr21	-98	3	303.0	0.9900990099009901
chr21	-97	2	325.0	0.6153846153846154
chr21	-96	0	341.0	0.0
chr21	-95	0	371.0	0.0
chr21	-94	2	393.0	0.5089058524173028
chr21	-93	0	410.0	0.0
chr21	-92	2	433.0	0.4618937644341801
chr21	-91	1	456.0	0.21929824561403508
chr21	-90	0	491.0	0.0
chr21	-89	1	522.0	0.19157088122605362
chr21	-88	0	549.0	0.0
chr21	-87	0	581.0	0.0
chr21	-86	4	596.0	0.6711409395973155
chr21	-85	1	613.0	0.1631321370309951
chr21	-84	1	630.0	0.15873015873015872
chr21	-83	1	650.0	0.15384615384615385
chr21	-82	1	671.0	0.14903129657228018
chr21	-81	0	692.0	0.0
chr21	-80	2	718.0	0.2785515320334262
chr21	-79	1	743.0	0.13458950201884254
chr21	-78	2	771.0	0.25940337224383914
chr21	-77	12	789.0	1.520912547528517
chr21	-76	0	818.0	0.0
chr21	-75	6	838.0	0.7159904534606205
chr21	-74	2	856.0	0.23364485981308408
chr21	-73	1	877.0	0.11402508551881414
chr21	-72	1	905.0	0.11049723756906078
chr21	-71	2	933.0	0.21436227224008575
chr21	-70	2	959.0	0.20855057351407716
chr21	-69	1	981.0	0.10193679918450561
chr21	-68	0	1002.0	0.0
chr21	-67	1	1017.0	0.09832841691248771
chr21	-66	0	1038.0	0.0
chr21	-65	1	1059.0	0.09442870632672333
chr21	-64	2	1072.0	0.18656716417910446
chr21	-63	14	1093.0	1.2808783165599267
chr21	-62	1	1117.0	0.08952551477170993
chr21	-61	2	1134.0	0.1763668430335097
chr21	-60	2	1151.0	0.1737619461337967
chr21	-59	1	1165.0	0.08583690987124463
chr21	-58	1	1184.0	0.08445945945945946
chr21	-57	2	1206.0	0.16583747927031509
chr21	-56	1	1232.0	0.08116883116883117
chr21	-55	8	1265.0	0.6324110671936759
chr21	-54	2	1287.0	0.1554001554001554
chr21	-53	1	1314.0	0.076103500761035
chr21	-52	2	1336.0	0.14970059880239522
chr21	-51	12	1359.0	0.8830022075055187
chr21	-50	1	1384.0	0.0722543352601156
chr21	-49	3	1415.0	0.21201413427561835
chr21	-48	12	1431.0	0.8385744234800839
chr21	-47	3	1445.0	0.20761245674740486
chr21	-46	4	1464.0	0.273224043715847
chr21	-45	1	1483.0	0.06743088334457181
chr21	-44	0	1500.0	0.0
chr21	-43	0	1521.0	0.0
chr21	-42	3	1540.0	0.19480519480519481
chr21	-41	0	1560.0	0.0
chr21	-40	7	1591.0	0.43997485857950974
chr21	-39	2	1610.0	0.12422360248447205
chr21	-38	3	1635.0	0.1834862385321101
chr21	-37	1	1664.0	0.06009615384615385
chr21	-36	3	1689.0	0.17761989342806395
chr21	-35	5	1713.0	0.29188558085230587
chr21	-34	8	1734.0	0.461361014994233
chr21	-33	5	1750.0	0.2857142857142857
chr21	-32	2	1767.0	0.11318619128466327
chr21	-31	0	1793.0	0.0
chr21	-30	5	1818.0	0.27502750275027504
chr21	-29	13	1836.0	0.7080610021786492
chr21	-28	1	1853.0	0.053966540744738264
chr21	-27	15	1877.0	0.7991475759190196
chr21	-26	3	1896.0	0.15822784810126583
chr21	-25	3	1927.0	0.15568240788790866
chr21	-24	10	1942.0	0.5149330587023687
chr21	-23	3	1966.0	0.1525940996948118
chr21	-22	3	1986.0	0.1510574018126888
chr21	-21	2	2012.0	0.09940357852882703
chr21	-20	3	2027.0	0.1480019733596448
chr21	-19	5	2053.0	0.24354603019970775
chr21	-18	4	2076.0	0.1926782273603083
chr21	-17	3	2107.0	0.14238253440911247
chr21	-16	5	2127.0	0.23507287259050302
chr21	-15	3	2151.0	0.1394700139470014
chr21	-14	1	2175.0	0.04597701149425287
chr21	-13	4	2192.0	0.18248175182481752
chr21	-12	1	2206.0	0.04533091568449683
chr21	-11	4	2226.0	0.17969451931716085
chr21	-10	21	2251.0	0.9329187027987561
chr21	-9	13	2251.0	0.5775211017325633
chr21	-8	7	2251.0	0.3109729009329187
chr21	-7	3	2251.0	0.13327410039982232
chr21	-6	4	2251.0	0.1776988005330964
chr21	-5	10	2251.0	0.444247001332741
chr21	-4	9	2251.0	0.3998223011994669
chr21	-3	3	2251.0	0.13327410039982232
chr21	-2	0	2251.0	0.0
chr21	-1	10	2250.0	0.4444444444444444
chr21	0	13	2200.0	0.5909090909090909
chr21	1	2	2180.0	0.09174311926605505
chr21	2	7	2149.0	0.32573289902280134
chr21	3	17	2128.0	0.7988721804511277
chr21	4	19	2095.0	0.9069212410501194
chr21	5	3	2073.0	0.1447178002894356
chr21	6	2	2046.0	0.09775171065493646
chr21	7	4	2025.0	0.19753086419753088
chr21	8	5	2005.0	0.24937655860349126
chr21	9	16	1991.0	0.803616273229533
chr21	10	2	1969.0	0.10157440325038089
chr21	11	3	1946.0	0.1541623843782117
chr21	12	8	1925.0	0.4155844155844156
chr21	13	4	1909.0	0.20953378732320588
chr21	14	8	1879.0	0.4257583821181479
chr21	15	1	1857.0	0.053850296176628974
chr21	16	1	1839.0	0.0543773790103317
chr21	17	2	1817.0	0.1100715465052284
chr21	18	0	1794.0	0.0
chr21	19	5	1759.0	0.28425241614553726
chr21	20	3	1728.0	0.1736111111111111
chr21	21	2	1701.0	0.11757789535567313
chr21	22	2	1669.0	0.11983223487118035
chr21	23	9	1654.0	0.5441354292623942
chr21	24	1	1636.0	0.061124694376528114
chr21	25	4	1620.0	0.24691358024691357
chr21	26	20	1600.0	1.25
chr21	27	0	1578.0	0.0
chr21	28	9	1558.0	0.5776636713735559
chr21	29	1	1532.0	0.06527415143603134
chr21	30	2	1506.0	0.13280212483399734
chr21	31	1	1479.0	0.0676132521974307
chr21	32	3	1461.0	0.20533880903490762
chr21	33	6	1432.0	0.41899441340782123
chr21	34	7	1412.0	0.49575070821529743
chr21	35	0	1394.0	0.0
chr21	36	3	1373.0	0.21849963583394028
chr21	37	2	1345.0	0.14869888475836432
chr21	38	1	1317.0	0.07593014426727411
chr21	39	5	1291.0	0.3872966692486445
chr21	40	5	1269.0	0.3940110323089046
chr21	41	0	1243.0	0.0
chr21	42	1	1227.0	0.08149959250203749
chr21	43	4	1212.0	0.33003300330033003
chr21	44	2	1191.0	0.16792611251049538
chr21	45	1	1177.0	0.08496176720475786
chr21	46	4	1157.0	0.34572169403630076
chr21	47	7	1132.0	0.6183745583038869
chr21	48	2	1116.0	0.17921146953405018
chr21	49	1	1099.0	0.09099181073703368
chr21	50	11	1085.0	1.0138248847926268
chr21	51	7	1066.0	0.6566604127579738
chr21	52	1	1044.0	0.09578544061302681
chr21	53	2	1019.0	0.19627085377821393
chr21	54	9	986.0	0.9127789046653144
chr21	55	3	964.0	0.3112033195020747
chr21	56	1	937.0	0.10672358591248667
chr21	57	2	914.0	0.2188183807439825
chr21	58	3	892.0	0.336322869955157
chr21	59	2	867.0	0.2306805074971165
chr21	60	1	836.0	0.11961722488038277
chr21	61	2	820.0	0.24390243902439024
chr21	62	5	806.0	0.620347394540943
chr21	63	1	785.0	0.12738853503184713
chr21	64	3	768.0	0.390625
chr21	65	1	750.0	0.13333333333333333
chr21	66	1	726.0	0.13774104683195593
chr21	67	1	707.0	0.14144271570014144
chr21	68	1	691.0	0.1447178002894356
chr21	69	1	660.0	0.15151515151515152
chr21	70	1	639.0	0.1564945226917058
chr21	71	1	616.0	0.16233766233766234
chr21	72	2	587.0	0.34071550255536626
chr21	73	1	562.0	0.1779359430604982
chr21	74	2	538.0	0.37174721189591076
chr21	75	1	517.0	0.19342359767891684
chr21	76	7	501.0	1.3972055888223553
chr21	77	1	484.0	0.2066115702479339
chr21	78	3	458.0	0.6550218340611353
chr21	79	0	433.0	0.0
chr21	80	0	413.0	0.0
chr21	81	0	398.0	0.0
chr21	82	0	374.0	0.0
chr21	83	0	354.0	0.0
chr21	84	1	324.0	0.30864197530864196
chr21	85	0	309.0	0.0
chr21	86	1	285.0	0.3508771929824561
chr21	87	1	265.0	0.37735849056603776
chr21	88	0	238.0	0.0
chr21	89	1	222.0	0.45045045045045046
chr21	90	0	197.0	0.0
chr21	91	1	173.0	0.5780346820809248
chr21	92	0	143.0	0.0
chr21	93	0	123.0	0.0
chr21	94	1	100.0	1.0
chr21	95	0	76.0	0.0
chr21	96	0	59.0	0.0
chr21	97	0	45.0	0.0
chr21	98	0	23.0	0.0
chr21	99	0	0.0	nan
chr21	100	0	0.0	nan
chr21	101	0	0.0	nan
chr21	102	0	0.0	nan
chr21	103	0	0.0	nan
chr21	104	0	0.0	nan
chr21	105	0	0.0	nan
chr21	106	0	0.0	nan
chr21	107	0	0.0	nan
chr21	108	0	0.0	nan
chr21	109	0	0.0	nan
chr21	110	0	0.0	nan
chr22	-110	0	26.0	0.0
chr22	-109	2	63.0	3.1746031746031744
chr22	-108	0	110.0	0.0
chr22	-107	0	146.0	0.0
chr22	-106	2	186.0	1.0752688172043012
chr22	-105	0	225.0	0.0
chr22	-104	0	278.0	0.0
chr22	-103	3	316.0	0.949367088607595
chr22	-102	0	364.0	0.0
chr22	-101	0	398.0	0.0
chr22	-100	1	437.0	0.2288329519450801
chr22	-99	0	480.0	0.0
chr22	-98	2	513.0	0.3898635477582846
chr22	-97	2	547.0	0.3656307129798903
chr22	-96	0	573.0	0.0
chr22	-95	1	611.0	0.16366612111292964
chr22	-94	3	648.0	0.4629629629629629
chr22	-93	3	677.0	0.4431314623338257
chr22	-92	3	718.0	0.4178272980501393
chr22	-91	2	748.0	0.267379679144385
chr22	-90	1	798.0	0.12531328320802004
chr22	-89	2	832.0	0.2403846153846154
chr22	-88	0	866.0	0.0
chr22	-87	1	906.0	0.11037527593818984
chr22	-86	4	937.0	0.42689434364994666
chr22	-85	7	971.0	0.7209062821833162
chr22	-84	2	1013.0	0.19743336623889435
chr22	-83	0	1046.0	0.0
chr22	-82	1	1082.0	0.09242144177449169
chr22	-81	1	1119.0	0.08936550491510277
chr22	-80	7	1173.0	0.5967604433077579
chr22	-79	3	1211.0	0.2477291494632535
chr22	-78	4	1250.0	0.32
chr22	-77	1	1290.0	0.07751937984496124
chr22	-76	2	1333.0	0.15003750937734434
chr22	-75	3	1362.0	0.22026431718061676
chr22	-74	5	1398.0	0.35765379113018597
chr22	-73	4	1428.0	0.2801120448179272
chr22	-72	16	1465.0	1.0921501706484642
chr22	-71	4	1498.0	0.26702269692923897
chr22	-70	7	1540.0	0.45454545454545453
chr22	-69	10	1576.0	0.6345177664974619
chr22	-68	1	1614.0	0.061957868649318466
chr22	-67	1	1663.0	0.06013229104028864
chr22	-66	3	1699.0	0.17657445556209533
chr22	-65	2	1745.0	0.1146131805157593
chr22	-64	2	1791.0	0.11166945840312675
chr22	-63	2	1827.0	0.10946907498631638
chr22	-62	3	1867.0	0.16068559185859668
chr22	-61	2	1905.0	0.10498687664041995
chr22	-60	13	1950.0	0.6666666666666667
chr22	-59	4	1976.0	0.20242914979757085
chr22	-58	2	2011.0	0.09945300845350571
chr22	-57	0	2055.0	0.0
chr22	-56	6	2098.0	0.2859866539561487
chr22	-55	4	2129.0	0.18788163457022078
chr22	-54	9	2168.0	0.41512915129151295
chr22	-53	4	2203.0	0.18157058556513844
chr22	-52	8	2237.0	0.35762181493071077
chr22	-51	1	2263.0	0.04418912947414936
chr22	-50	8	2295.0	0.34858387799564267
chr22	-49	10	2335.0	0.4282655246252677
chr22	-48	5	2381.0	0.20999580008399832
chr22	-47	4	2415.0	0.16563146997929606
chr22	-46	1	2452.0	0.040783034257748776
chr22	-45	3	2488.0	0.12057877813504825
chr22	-44	6	2525.0	0.2376237623762376
chr22	-43	1	2567.0	0.038955979742890535
chr22	-42	9	2609.0	0.34495975469528556
chr22	-41	2	2651.0	0.07544322897019992
chr22	-40	7	2678.0	0.2613890963405527
chr22	-39	2	2717.0	0.0736105999263894
chr22	-38	4	2750.0	0.14545454545454545
chr22	-37	7	2777.0	0.25207057976233344
chr22	-36	3	2821.0	0.10634526763559021
chr22	-35	8	2855.0	0.28021015761821366
chr22	-34	13	2890.0	0.4498269896193772
chr22	-33	2	2923.0	0.06842285323297981
chr22	-32	12	2964.0	0.4048582995951417
chr22	-31	11	3006.0	0.36593479707252163
chr22	-30	7	3042.0	0.23011176857330704
chr22	-29	10	3070.0	0.32573289902280134
chr22	-28	2	3108.0	0.06435006435006435
chr22	-27	15	3143.0	0.47725103404390706
chr22	-26	10	3190.0	0.3134796238244514
chr22	-25	6	3229.0	0.18581604211830288
chr22	-24	5	3273.0	0.15276504735716467
chr22	-23	7	3308.0	0.21160822249093109
chr22	-22	10	3341.0	0.299311583358276
chr22	-21	7	3371.0	0.20765351527736575
chr22	-20	19	3404.0	0.5581668625146886
chr22	-19	9	3435.0	0.26200873362445415
chr22	-18	14	3483.0	0.4019523399368361
chr22	-17	16	3519.0	0.4546746234725774
chr22	-16	10	3559.0	0.2809778027535825
chr22	-15	21	3599.0	0.5834954153931647
chr22	-14	2	3637.0	0.05499037668408029
chr22	-13	22	3675.0	0.5986394557823129
chr22	-12	5	3727.0	0.13415615776764153
chr22	-11	19	3768.0	0.5042462845010616
chr22	-10	8	3803.0	0.2103602419142782
chr22	-9	5	3803.0	0.13147515119642386
chr22	-8	24	3802.0	0.6312467122567069
chr22	-7	9	3802.0	0.23671751709626512
chr22	-6	9	3803.0	0.236655272153563
chr22	-5	5	3803.0	0.13147515119642386
chr22	-4	7	3803.0	0.18406521167499343
chr22	-3	4	3803.0	0.1051801209571391
chr22	-2	4	3802.0	0.10520778537611783
chr22	-1	5	3803.0	0.13147515119642386
chr22	0	6	3736.0	0.16059957173447537
chr22	1	9	3688.0	0.2440347071583514
chr22	2	11	3656.0	0.30087527352297594
chr22	3	10	3615.0	0.2766251728907331
chr22	4	9	3576.0	0.25167785234899326
chr22	5	7	3524.0	0.19863791146424517
chr22	6	10	3485.0	0.2869440459110474
chr22	7	15	3437.0	0.43642711667151585
chr22	8	6	3403.0	0.17631501616220982
chr22	9	7	3364.0	0.2080856123662307
chr22	10	16	3321.0	0.4817825956037338
chr22	11	8	3288.0	0.24330900243309003
chr22	12	23	3254.0	0.7068223724646588
chr22	13	10	3227.0	0.30988534242330334
chr22	14	14	3190.0	0.438871473354232
chr22	15	12	3152.0	0.3807106598984772
chr22	16	24	3121.0	0.768984299903877
chr22	17	11	3079.0	0.3572588502760637
chr22	18	6	3051.0	0.19665683382497542
chr22	19	14	3002.0	0.4663557628247834
chr22	20	4	2968.0	0.13477088948787064
chr22	21	9	2934.0	0.3067484662576687
chr22	22	6	2894.0	0.2073255010366275
chr22	23	6	2863.0	0.209570380719525
chr22	24	10	2818.0	0.35486160397444994
chr22	25	18	2784.0	0.646551724137931
chr22	26	16	2751.0	0.5816066884769174
chr22	27	6	2715.0	0.22099447513812157
chr22	28	15	2678.0	0.5601194921583271
chr22	29	6	2624.0	0.22865853658536583
chr22	30	22	2586.0	0.8507347254447023
chr22	31	21	2546.0	0.8248232521602514
chr22	32	14	2509.0	0.5579912315663611
chr22	33	8	2466.0	0.32441200324412006
chr22	34	6	2434.0	0.24650780608052586
chr22	35	5	2398.0	0.2085070892410342
chr22	36	7	2369.0	0.29548332629801605
chr22	37	4	2335.0	0.17130620985010706
chr22	38	7	2302.0	0.3040834057341442
chr22	39	5	2258.0	0.22143489813994688
chr22	40	5	2213.0	0.22593764121102575
chr22	41	3	2175.0	0.13793103448275862
chr22	42	6	2136.0	0.2808988764044944
chr22	43	3	2100.0	0.14285714285714285
chr22	44	5	2054.0	0.24342745861733206
chr22	45	1	2008.0	0.049800796812749
chr22	46	7	1972.0	0.35496957403651114
chr22	47	3	1932.0	0.15527950310559005
chr22	48	9	1895.0	0.47493403693931396
chr22	49	17	1850.0	0.9189189189189189
chr22	50	6	1825.0	0.32876712328767127
chr22	51	5	1790.0	0.27932960893854747
chr22	52	5	1746.0	0.286368843069874
chr22	53	9	1698.0	0.5300353356890459
chr22	54	6	1659.0	0.3616636528028933
chr22	55	2	1625.0	0.12307692307692308
chr22	56	5	1597.0	0.31308703819661865
chr22	57	3	1563.0	0.19193857965451055
chr22	58	4	1536.0	0.26041666666666663
chr22	59	12	1505.0	0.7973421926910298
chr22	60	5	1465.0	0.3412969283276451
chr22	61	3	1416.0	0.211864406779661
chr22	62	5	1384.0	0.36127167630057805
chr22	63	4	1347.0	0.2969561989606533
chr22	64	4	1310.0	0.3053435114503817
chr22	65	2	1273.0	0.15710919088766695
chr22	66	2	1230.0	0.16260162601626016
chr22	67	3	1186.0	0.25295109612141653
chr22	68	5	1144.0	0.4370629370629371
chr22	69	3	1120.0	0.26785714285714285
chr22	70	0	1081.0	0.0
chr22	71	7	1047.0	0.6685768863419294
chr22	72	3	1015.0	0.2955665024630542
chr22	73	9	972.0	0.9259259259259258
chr22	74	2	938.0	0.21321961620469082
chr22	75	1	909.0	0.11001100110011
chr22	76	2	876.0	0.228310502283105
chr22	77	1	833.0	0.12004801920768307
chr22	78	3	791.0	0.37926675094816686
chr22	79	4	754.0	0.5305039787798408
chr22	80	3	727.0	0.41265474552957354
chr22	81	2	689.0	0.29027576197387517
chr22	82	0	654.0	0.0
chr22	83	2	607.0	0.3294892915980231
chr22	84	4	563.0	0.7104795737122558
chr22	85	6	526.0	1.1406844106463878
chr22	86	0	490.0	0.0
chr22	87	0	456.0	0.0
chr22	88	1	428.0	0.23364485981308408
chr22	89	3	395.0	0.7594936708860759
chr22	90	2	363.0	0.5509641873278237
chr22	91	1	317.0	0.31545741324921134
chr22	92	0	281.0	0.0
chr22	93	1	241.0	0.4149377593360996
chr22	94	0	201.0	0.0
chr22	95	0	165.0	0.0
chr22	96	0	127.0	0.0
chr22	97	1	75.0	1.3333333333333335
chr22	98	0	34.0	0.0
chr22	99	0	0.0	nan
chr22	100	0	0.0	nan
chr22	101	0	0.0	nan
chr22	102	0	0.0	nan
chr22	103	0	0.0	nan
chr22	104	0	0.0	nan
chr22	105	0	0.0	nan
chr22	106	0	0.0	nan
chr22	107	0	0.0	nan
chr22	108	0	0.0	nan
chr22	109	0	0.0	nan
chr22	110	0	0.0	nan
chr22	111	0	0.0	nan
chr22	112	0	0.0	nan
chr22	113	0	0.0	nan
chr22	114	0	0.0	nan
chr22	115	0	0.0	nan
chr22	116	0	0.0	nan
