cell	lane	duplicate_rate
KMS12BM	L001	0.2767248832456764
KMS12BM	L002	0.12145216792568861
MM1S	L001	0.291437232081255
MM1S	L002	0.1279435097086497
OPM2	L001	0.28872904399563293
OPM2	L002	0.1288028944121149
REH	L001	0.30882334319124327
REH	L002	0.1354649363456206
