chr1	-160	0	0.0	nan
chr1	-159	0	0.0	nan
chr1	-158	0	0.0	nan
chr1	-157	0	0.0	nan
chr1	-156	0	0.0	nan
chr1	-155	0	0.0	nan
chr1	-154	0	0.0	nan
chr1	-153	0	0.0	nan
chr1	-152	0	0.0	nan
chr1	-151	0	0.0	nan
chr1	-150	0	0.0	nan
chr1	-149	0	0.0	nan
chr1	-148	0	0.0	nan
chr1	-147	0	0.0	nan
chr1	-146	0	0.0	nan
chr1	-145	0	0.0	nan
chr1	-144	0	0.0	nan
chr1	-143	0	0.0	nan
chr1	-142	0	0.0	nan
chr1	-141	0	0.0	nan
chr1	-140	0	0.0	nan
chr1	-139	0	5.0	0.0
chr1	-138	0	6.0	0.0
chr1	-137	0	6.0	0.0
chr1	-136	0	9.0	0.0
chr1	-135	1	9.0	11.11111111111111
chr1	-134	0	12.0	0.0
chr1	-133	0	14.0	0.0
chr1	-132	0	14.0	0.0
chr1	-131	0	15.0	0.0
chr1	-130	0	100.0	0.0
chr1	-129	0	229.0	0.0
chr1	-128	0	376.0	0.0
chr1	-127	1	539.0	0.1855287569573284
chr1	-126	0	711.0	0.0
chr1	-125	1	896.0	0.11160714285714285
chr1	-124	1	1096.0	0.09124087591240876
chr1	-123	0	1304.0	0.0
chr1	-122	1	1494.0	0.06693440428380187
chr1	-121	6	1689.0	0.3552397868561279
chr1	-120	0	1922.0	0.0
chr1	-119	1	2132.0	0.04690431519699812
chr1	-118	5	2366.0	0.2113271344040575
chr1	-117	7	2609.0	0.2683020314296665
chr1	-116	3	2829.0	0.10604453870625664
chr1	-115	3	3044.0	0.09855453350854139
chr1	-114	5	3254.0	0.15365703749231713
chr1	-113	16	3511.0	0.4557106237539163
chr1	-112	6	3759.0	0.1596169193934557
chr1	-111	18	4011.0	0.44876589379207177
chr1	-110	6	4236.0	0.141643059490085
chr1	-109	13	4480.0	0.29017857142857145
chr1	-108	20	4737.0	0.4222081486172683
chr1	-107	10	4981.0	0.20076289901626182
chr1	-106	10	5242.0	0.19076688286913393
chr1	-105	7	5500.0	0.1272727272727273
chr1	-104	5	5724.0	0.08735150244584207
chr1	-103	7	5966.0	0.11733154542406972
chr1	-102	9	6220.0	0.14469453376205788
chr1	-101	13	6467.0	0.20102056595020876
chr1	-100	7	6697.0	0.1045244139166791
chr1	-99	21	6970.0	0.30129124820659975
chr1	-98	13	7247.0	0.1793845729267283
chr1	-97	8	7496.0	0.10672358591248667
chr1	-96	17	7783.0	0.21842477193884108
chr1	-95	11	8046.0	0.13671389510315685
chr1	-94	13	8327.0	0.15611865017413235
chr1	-93	15	8579.0	0.1748455530947663
chr1	-92	12	8833.0	0.13585418317672365
chr1	-91	29	9091.0	0.31899681003189967
chr1	-90	15	9355.0	0.16034206306787815
chr1	-89	17	9639.0	0.1763668430335097
chr1	-88	22	9920.0	0.2217741935483871
chr1	-87	13	10195.0	0.12751348700343307
chr1	-86	34	10453.0	0.3252654740265952
chr1	-85	32	10747.0	0.2977575137247604
chr1	-84	10	11006.0	0.09085953116481918
chr1	-83	15	11278.0	0.13300230537329313
chr1	-82	36	11565.0	0.311284046692607
chr1	-81	22	11825.0	0.18604651162790697
chr1	-80	18	12089.0	0.14889569029696417
chr1	-79	26	12364.0	0.21028793270786153
chr1	-78	33	12621.0	0.2614689802709769
chr1	-77	25	12893.0	0.193903668657411
chr1	-76	18	13162.0	0.1367573317125057
chr1	-75	48	13475.0	0.3562152133580705
chr1	-74	37	13750.0	0.2690909090909091
chr1	-73	16	14036.0	0.1139925904816187
chr1	-72	17	14321.0	0.11870679421828086
chr1	-71	12	14601.0	0.08218615163344976
chr1	-70	55	14914.0	0.36878101113048145
chr1	-69	41	15200.0	0.26973684210526316
chr1	-68	28	15489.0	0.18077345212731616
chr1	-67	30	15797.0	0.1899094764828765
chr1	-66	25	16086.0	0.15541464627626508
chr1	-65	43	16388.0	0.26238711252135705
chr1	-64	28	16648.0	0.16818837097549255
chr1	-63	62	16895.0	0.3669724770642202
chr1	-62	31	17158.0	0.18067373819792518
chr1	-61	63	17450.0	0.36103151862464183
chr1	-60	36	17743.0	0.20289691709406527
chr1	-59	56	18038.0	0.3104557046235724
chr1	-58	38	18294.0	0.20771837761014542
chr1	-57	49	18605.0	0.26337006181134104
chr1	-56	48	18885.0	0.2541699761715647
chr1	-55	36	19173.0	0.18776404318572992
chr1	-54	47	19466.0	0.24144662488441385
chr1	-53	35	19784.0	0.17691063485644967
chr1	-52	37	20075.0	0.18430884184308843
chr1	-51	46	20354.0	0.22599980347843174
chr1	-50	63	20656.0	0.30499612703330753
chr1	-49	56	20936.0	0.26748184944593045
chr1	-48	66	21234.0	0.31082226617688613
chr1	-47	26	21532.0	0.12075051086754597
chr1	-46	39	21821.0	0.17872691444021813
chr1	-45	38	22118.0	0.17180576905687675
chr1	-44	56	22405.0	0.24994420888194596
chr1	-43	41	22708.0	0.1805531090364629
chr1	-42	51	22998.0	0.2217584137751109
chr1	-41	47	23267.0	0.2020028366355783
chr1	-40	48	23619.0	0.20322621618188746
chr1	-39	52	23911.0	0.2174731295219773
chr1	-38	46	24251.0	0.18968289967424024
chr1	-37	61	24522.0	0.24875621890547264
chr1	-36	66	24806.0	0.2660646617753769
chr1	-35	55	25103.0	0.2190973190455324
chr1	-34	58	25378.0	0.2285444085428324
chr1	-33	54	25713.0	0.21001050052502626
chr1	-32	47	26006.0	0.18072752441744214
chr1	-31	62	26334.0	0.2354370775423407
chr1	-30	68	26600.0	0.2556390977443609
chr1	-29	37	26901.0	0.13754135533995018
chr1	-28	88	27248.0	0.32295948326482676
chr1	-27	62	27580.0	0.2248005801305294
chr1	-26	51	27891.0	0.18285468430676563
chr1	-25	82	28192.0	0.2908626560726447
chr1	-24	60	28516.0	0.210408191892271
chr1	-23	69	28852.0	0.2391515319561902
chr1	-22	44	29178.0	0.15079854685036673
chr1	-21	84	29492.0	0.28482300284823003
chr1	-20	57	29824.0	0.19112124463519314
chr1	-19	49	30153.0	0.16250456007694095
chr1	-18	90	30453.0	0.2955373854792631
chr1	-17	54	30795.0	0.17535314174378958
chr1	-16	69	31109.0	0.2218007650519142
chr1	-15	99	31457.0	0.3147153256826779
chr1	-14	95	31858.0	0.29819825475547745
chr1	-13	62	32199.0	0.19255256374421564
chr1	-12	81	32502.0	0.24921543289643713
chr1	-11	90	32816.0	0.2742564602632862
chr1	-10	94	33124.0	0.28378215191402
chr1	-9	96	33107.0	0.28996888875464405
chr1	-8	116	33103.0	0.35042141195662024
chr1	-7	77	33106.0	0.23258623814414306
chr1	-6	84	33099.0	0.2537841022387384
chr1	-5	119	33094.0	0.35958179730464734
chr1	-4	104	33074.0	0.31444639293705023
chr1	-3	138	33077.0	0.4172083320736463
chr1	-2	80	33059.0	0.24199159079221996
chr1	-1	324	33011.0	0.9814910181454667
chr1	0	326	32344.0	1.0079149146673263
chr1	1	86	32127.0	0.26768761477884645
chr1	2	136	31878.0	0.4266265135830353
chr1	3	147	31599.0	0.46520459508212286
chr1	4	138	31345.0	0.4402616047216462
chr1	5	111	31050.0	0.35748792270531404
chr1	6	87	30755.0	0.2828808323849781
chr1	7	89	30476.0	0.29203307520672
chr1	8	89	30197.0	0.29473126469516836
chr1	9	96	29939.0	0.3206519923845152
chr1	10	124	29672.0	0.41790239956861686
chr1	11	99	29351.0	0.3372968553030561
chr1	12	80	29058.0	0.2753114460733705
chr1	13	92	28777.0	0.3196997602251798
chr1	14	125	28479.0	0.4389199058955722
chr1	15	69	28187.0	0.24479369922304609
chr1	16	75	27904.0	0.26877866972477066
chr1	17	80	27607.0	0.2897815771362336
chr1	18	83	27325.0	0.3037511436413541
chr1	19	93	27038.0	0.34396035209704856
chr1	20	79	26757.0	0.29524984116306013
chr1	21	91	26448.0	0.3440713853599516
chr1	22	83	26173.0	0.31712069690138694
chr1	23	87	25895.0	0.3359721954045183
chr1	24	85	25605.0	0.33196641280999806
chr1	25	72	25325.0	0.2843040473840079
chr1	26	72	25045.0	0.2874825314434019
chr1	27	119	24780.0	0.480225988700565
chr1	28	58	24511.0	0.2366284525315165
chr1	29	81	24249.0	0.33403439317085243
chr1	30	75	23975.0	0.31282586027111575
chr1	31	48	23667.0	0.20281404487260743
chr1	32	77	23374.0	0.32942585779070765
chr1	33	82	23070.0	0.3554399653229302
chr1	34	84	22796.0	0.36848569924548163
chr1	35	78	22528.0	0.34623579545454547
chr1	36	60	22269.0	0.26943284386366695
chr1	37	60	21974.0	0.2730499681441704
chr1	38	79	21670.0	0.36455929856945085
chr1	39	55	21354.0	0.25756298585745063
chr1	40	67	21089.0	0.3177011712267059
chr1	41	62	20793.0	0.29817727119703746
chr1	42	60	20533.0	0.29221253591779084
chr1	43	79	20266.0	0.3898154544557387
chr1	44	75	19986.0	0.3752626838787151
chr1	45	63	19708.0	0.31966714024761517
chr1	46	62	19422.0	0.3192256204304397
chr1	47	84	19116.0	0.4394224733207784
chr1	48	87	18820.0	0.46227417640807655
chr1	49	68	18512.0	0.3673292999135696
chr1	50	59	18228.0	0.3236778582400702
chr1	51	50	17964.0	0.27833444667112
chr1	52	56	17665.0	0.3170110387772431
chr1	53	63	17360.0	0.3629032258064516
chr1	54	52	17067.0	0.30468154918849244
chr1	55	82	16787.0	0.48847322332757487
chr1	56	61	16511.0	0.3694506692508025
chr1	57	69	16179.0	0.4264787687743371
chr1	58	51	15893.0	0.3208959919461398
chr1	59	52	15582.0	0.3337183930175844
chr1	60	53	15310.0	0.34617896799477466
chr1	61	46	15018.0	0.3062991077373818
chr1	62	59	14730.0	0.40054310930074677
chr1	63	37	14469.0	0.25571912364365196
chr1	64	58	14176.0	0.4091422121896162
chr1	65	39	13927.0	0.28003159330796296
chr1	66	46	13641.0	0.3372186789824793
chr1	67	43	13331.0	0.3225564473782912
chr1	68	51	13047.0	0.39089445849620597
chr1	69	53	12766.0	0.41516528278239073
chr1	70	47	12496.0	0.3761203585147247
chr1	71	41	12202.0	0.33601049008359285
chr1	72	40	11924.0	0.33545790003354575
chr1	73	57	11652.0	0.48918640576725025
chr1	74	49	11321.0	0.43282395548096453
chr1	75	26	11012.0	0.23610606610969853
chr1	76	49	10721.0	0.4570469172651805
chr1	77	62	10429.0	0.5944961165979481
chr1	78	35	10150.0	0.3448275862068966
chr1	79	31	9885.0	0.31360647445624684
chr1	80	27	9599.0	0.28127929992707573
chr1	81	29	9318.0	0.3112255848894613
chr1	82	25	9033.0	0.2767629801837706
chr1	83	32	8744.0	0.36596523330283626
chr1	84	33	8470.0	0.38961038961038963
chr1	85	35	8186.0	0.42755924749572444
chr1	86	29	7899.0	0.36713508038992276
chr1	87	24	7591.0	0.3161638782769069
chr1	88	28	7336.0	0.38167938931297707
chr1	89	23	7047.0	0.3263800198666099
chr1	90	29	6777.0	0.42791795779843583
chr1	91	29	6508.0	0.44560540872771975
chr1	92	17	6261.0	0.27152212106692225
chr1	93	23	5999.0	0.38339723287214533
chr1	94	23	5736.0	0.40097629009762903
chr1	95	25	5482.0	0.45603794235680406
chr1	96	20	5213.0	0.3836562440053712
chr1	97	14	4974.0	0.2814636107760354
chr1	98	23	4689.0	0.490509703561527
chr1	99	14	4472.0	0.31305903398926654
chr1	100	22	4189.0	0.5251850083552161
chr1	101	9	3918.0	0.22970903522205208
chr1	102	7	3652.0	0.19167579408543264
chr1	103	12	3425.0	0.3503649635036496
chr1	104	11	3170.0	0.3470031545741325
chr1	105	11	2929.0	0.37555479685899623
chr1	106	8	2679.0	0.2986188876446435
chr1	107	9	2437.0	0.3693065244152647
chr1	108	8	2180.0	0.3669724770642202
chr1	109	10	1933.0	0.5173305742369374
chr1	110	9	1674.0	0.5376344086021506
chr1	111	5	1458.0	0.3429355281207133
chr1	112	4	1236.0	0.3236245954692557
chr1	113	5	989.0	0.5055611729019212
chr1	114	1	744.0	0.13440860215053765
chr1	115	1	525.0	0.19047619047619047
chr1	116	0	353.0	0.0
chr1	117	0	207.0	0.0
chr1	118	0	72.0	0.0
chr1	119	0	0.0	nan
chr1	120	0	0.0	nan
chr1	121	0	0.0	nan
chr1	122	0	0.0	nan
chr1	123	0	0.0	nan
chr1	124	0	0.0	nan
chr1	125	0	0.0	nan
chr1	126	0	0.0	nan
chr1	127	0	0.0	nan
chr1	128	0	0.0	nan
chr1	129	0	0.0	nan
chr1	130	0	0.0	nan
chr1	131	0	0.0	nan
chr1	132	0	0.0	nan
chr1	133	0	0.0	nan
chr1	134	0	0.0	nan
chr1	135	0	0.0	nan
chr1	136	0	0.0	nan
chr1	137	0	0.0	nan
chr1	138	0	0.0	nan
chr1	139	0	0.0	nan
chr1	140	0	0.0	nan
chr1	141	0	0.0	nan
chr1	142	0	0.0	nan
chr1	143	0	0.0	nan
chr1	144	0	0.0	nan
chr1	145	0	0.0	nan
chr1	146	0	0.0	nan
chr1	147	0	0.0	nan
chr1	148	0	0.0	nan
chr1	149	0	0.0	nan
chr1	150	0	0.0	nan
chr1	151	0	0.0	nan
chr1	152	0	0.0	nan
chr1	153	0	0.0	nan
chr1	154	0	0.0	nan
chr1	155	0	0.0	nan
chr1	156	0	0.0	nan
chr1	157	0	0.0	nan
chr1	158	0	0.0	nan
chr1	159	0	0.0	nan
chr1	160	0	0.0	nan
chr1	161	0	0.0	nan
chr1	162	0	0.0	nan
chr1	163	0	0.0	nan
chr1	164	0	0.0	nan
chr1	165	0	0.0	nan
chr2	-150	0	0.0	nan
chr2	-149	0	0.0	nan
chr2	-148	0	0.0	nan
chr2	-147	0	0.0	nan
chr2	-146	0	0.0	nan
chr2	-145	0	0.0	nan
chr2	-144	0	0.0	nan
chr2	-143	0	0.0	nan
chr2	-142	0	0.0	nan
chr2	-141	0	0.0	nan
chr2	-140	0	0.0	nan
chr2	-139	0	2.0	0.0
chr2	-138	0	2.0	0.0
chr2	-137	0	2.0	0.0
chr2	-136	0	2.0	0.0
chr2	-135	0	2.0	0.0
chr2	-134	0	2.0	0.0
chr2	-133	0	3.0	0.0
chr2	-132	0	3.0	0.0
chr2	-131	0	3.0	0.0
chr2	-130	0	33.0	0.0
chr2	-129	0	77.0	0.0
chr2	-128	0	131.0	0.0
chr2	-127	0	190.0	0.0
chr2	-126	0	258.0	0.0
chr2	-125	0	336.0	0.0
chr2	-124	0	406.0	0.0
chr2	-123	1	488.0	0.20491803278688525
chr2	-122	1	558.0	0.17921146953405018
chr2	-121	2	653.0	0.3062787136294028
chr2	-120	5	730.0	0.684931506849315
chr2	-119	0	810.0	0.0
chr2	-118	1	886.0	0.1128668171557562
chr2	-117	0	988.0	0.0
chr2	-116	1	1083.0	0.09233610341643582
chr2	-115	0	1179.0	0.0
chr2	-114	0	1281.0	0.0
chr2	-113	0	1379.0	0.0
chr2	-112	1	1470.0	0.06802721088435373
chr2	-111	4	1554.0	0.2574002574002574
chr2	-110	8	1656.0	0.4830917874396135
chr2	-109	6	1753.0	0.3422703936109527
chr2	-108	2	1857.0	0.10770059235325795
chr2	-107	12	1951.0	0.6150691952844696
chr2	-106	2	2043.0	0.09789525208027411
chr2	-105	9	2132.0	0.42213883677298314
chr2	-104	1	2234.0	0.044762757385854966
chr2	-103	4	2326.0	0.17196904557179707
chr2	-102	6	2447.0	0.2451982018798529
chr2	-101	4	2561.0	0.15618898867629832
chr2	-100	5	2660.0	0.18796992481203006
chr2	-99	9	2772.0	0.3246753246753247
chr2	-98	5	2866.0	0.17445917655268667
chr2	-97	6	2974.0	0.20174848688634836
chr2	-96	3	3091.0	0.09705596894208994
chr2	-95	4	3199.0	0.12503907471084713
chr2	-94	6	3313.0	0.18110473890733475
chr2	-93	4	3411.0	0.11726766344180592
chr2	-92	2	3517.0	0.05686664771111743
chr2	-91	8	3618.0	0.22111663902708678
chr2	-90	5	3722.0	0.13433637829124126
chr2	-89	6	3834.0	0.1564945226917058
chr2	-88	2	3950.0	0.05063291139240507
chr2	-87	8	4064.0	0.19685039370078738
chr2	-86	10	4178.0	0.23934897079942558
chr2	-85	5	4302.0	0.11622501162250116
chr2	-84	3	4423.0	0.06782726656115759
chr2	-83	9	4528.0	0.1987632508833922
chr2	-82	9	4651.0	0.19350677273704578
chr2	-81	8	4767.0	0.16782043213761275
chr2	-80	10	4877.0	0.2050440844781628
chr2	-79	13	4978.0	0.2611490558457212
chr2	-78	5	5081.0	0.09840582562487699
chr2	-77	13	5175.0	0.25120772946859904
chr2	-76	5	5272.0	0.09484066767830046
chr2	-75	16	5384.0	0.2971768202080238
chr2	-74	15	5490.0	0.273224043715847
chr2	-73	17	5619.0	0.30254493682149847
chr2	-72	13	5726.0	0.2270345791128187
chr2	-71	9	5839.0	0.15413598218873095
chr2	-70	7	5947.0	0.11770640659155877
chr2	-69	4	6053.0	0.06608293408227325
chr2	-68	12	6169.0	0.19452099205705947
chr2	-67	10	6274.0	0.1593879502709595
chr2	-66	22	6388.0	0.34439574201628054
chr2	-65	18	6501.0	0.2768804799261652
chr2	-64	21	6599.0	0.3182300348537657
chr2	-63	10	6710.0	0.14903129657228018
chr2	-62	15	6846.0	0.21910604732690622
chr2	-61	12	6976.0	0.17201834862385323
chr2	-60	18	7097.0	0.2536282936452022
chr2	-59	21	7221.0	0.29081844619858743
chr2	-58	15	7340.0	0.20435967302452315
chr2	-57	8	7442.0	0.10749798441279225
chr2	-56	9	7563.0	0.1190003966679889
chr2	-55	20	7676.0	0.26055237102657636
chr2	-54	14	7784.0	0.1798561151079137
chr2	-53	27	7881.0	0.34259611724400457
chr2	-52	23	7985.0	0.28804007514088914
chr2	-51	9	8097.0	0.11115227862171174
chr2	-50	14	8209.0	0.1705445243025947
chr2	-49	20	8314.0	0.24055809477988932
chr2	-48	15	8429.0	0.17795705303120182
chr2	-47	15	8533.0	0.1757881167233095
chr2	-46	15	8660.0	0.17321016166281755
chr2	-45	22	8779.0	0.250598017997494
chr2	-44	16	8923.0	0.1793118906197467
chr2	-43	31	9037.0	0.3430341927630851
chr2	-42	20	9151.0	0.21855534914217026
chr2	-41	22	9276.0	0.23717119448037946
chr2	-40	19	9415.0	0.201805629314923
chr2	-39	25	9517.0	0.2626878217925817
chr2	-38	38	9622.0	0.3949282893369362
chr2	-37	38	9744.0	0.3899835796387521
chr2	-36	23	9856.0	0.2333603896103896
chr2	-35	20	9958.0	0.20084354288009643
chr2	-34	18	10061.0	0.17890865719113408
chr2	-33	13	10190.0	0.12757605495583907
chr2	-32	18	10303.0	0.17470639619528294
chr2	-31	23	10407.0	0.2210050927260498
chr2	-30	14	10530.0	0.13295346628679963
chr2	-29	15	10656.0	0.14076576576576577
chr2	-28	13	10776.0	0.12063845582776539
chr2	-27	20	10900.0	0.1834862385321101
chr2	-26	19	11032.0	0.17222625090645394
chr2	-25	17	11152.0	0.1524390243902439
chr2	-24	28	11271.0	0.2484251619199716
chr2	-23	28	11397.0	0.24567868737387033
chr2	-22	23	11523.0	0.19960079840319359
chr2	-21	25	11639.0	0.214795085488444
chr2	-20	27	11769.0	0.22941626306398166
chr2	-19	35	11883.0	0.29453841622485905
chr2	-18	32	12031.0	0.2659795528218768
chr2	-17	27	12138.0	0.22244191794364804
chr2	-16	26	12262.0	0.21203718806067526
chr2	-15	24	12379.0	0.1938767267145973
chr2	-14	20	12491.0	0.1601152830037627
chr2	-13	45	12609.0	0.35688793718772305
chr2	-12	47	12735.0	0.3690616411464468
chr2	-11	30	12855.0	0.2333722287047841
chr2	-10	46	12970.0	0.3546646106399383
chr2	-9	46	12975.0	0.35452793834296725
chr2	-8	35	12973.0	0.2697911046018654
chr2	-7	31	12984.0	0.2387553912507702
chr2	-6	37	12976.0	0.2851418002466091
chr2	-5	47	12972.0	0.36231884057971014
chr2	-4	37	12965.0	0.2853837254145777
chr2	-3	53	12956.0	0.4090768755788824
chr2	-2	24	12945.0	0.1853997682502897
chr2	-1	121	12910.0	0.9372579395817195
chr2	0	121	12670.0	0.9550118389897395
chr2	1	35	12588.0	0.27804258023514455
chr2	2	58	12480.0	0.46474358974358976
chr2	3	59	12381.0	0.4765366287052742
chr2	4	68	12268.0	0.5542875774372351
chr2	5	40	12145.0	0.32935364347468093
chr2	6	25	12042.0	0.20760670984886231
chr2	7	34	11936.0	0.2848525469168901
chr2	8	39	11804.0	0.3303964757709251
chr2	9	44	11683.0	0.37661559530942396
chr2	10	31	11584.0	0.2676104972375691
chr2	11	37	11454.0	0.32303125545660905
chr2	12	39	11326.0	0.34434045558891047
chr2	13	29	11210.0	0.2586975914362177
chr2	14	23	11099.0	0.20722587620506353
chr2	15	25	10967.0	0.22795659706391905
chr2	16	29	10852.0	0.2672318466642094
chr2	17	29	10755.0	0.2696420269642027
chr2	18	38	10619.0	0.3578491383369432
chr2	19	26	10494.0	0.24776062511911567
chr2	20	21	10388.0	0.20215633423180593
chr2	21	23	10276.0	0.22382249902685872
chr2	22	35	10155.0	0.34465780403741997
chr2	23	29	10045.0	0.2887008461921354
chr2	24	30	9932.0	0.3020539669754329
chr2	25	40	9827.0	0.40704182354736945
chr2	26	36	9703.0	0.3710192723899825
chr2	27	41	9563.0	0.42873575237896056
chr2	28	30	9478.0	0.3165224730955898
chr2	29	18	9355.0	0.19241047568145378
chr2	30	26	9245.0	0.2812330989724175
chr2	31	40	9150.0	0.4371584699453552
chr2	32	17	9003.0	0.1888259469065867
chr2	33	23	8890.0	0.25871766029246346
chr2	34	28	8768.0	0.3193430656934307
chr2	35	29	8670.0	0.3344867358708189
chr2	36	51	8553.0	0.5962820063135742
chr2	37	27	8442.0	0.31982942430703626
chr2	38	18	8339.0	0.21585321981052885
chr2	39	28	8238.0	0.33988832240835154
chr2	40	20	8110.0	0.2466091245376079
chr2	41	26	8000.0	0.325
chr2	42	28	7864.0	0.3560528992878942
chr2	43	12	7755.0	0.15473887814313345
chr2	44	22	7611.0	0.28905531467612666
chr2	45	25	7497.0	0.33346672002134187
chr2	46	28	7388.0	0.3789929615592853
chr2	47	17	7300.0	0.2328767123287671
chr2	48	33	7169.0	0.46031524619891195
chr2	49	16	7053.0	0.22685382106904864
chr2	50	15	6931.0	0.2164189871591401
chr2	51	28	6826.0	0.41019630823322595
chr2	52	21	6728.0	0.31212841854934603
chr2	53	23	6646.0	0.34607282575985554
chr2	54	33	6533.0	0.5051278126435023
chr2	55	22	6416.0	0.34289276807980046
chr2	56	20	6315.0	0.3167062549485352
chr2	57	21	6197.0	0.33887364853961593
chr2	58	17	6087.0	0.2792837194020043
chr2	59	24	5972.0	0.4018754186202277
chr2	60	12	5848.0	0.2051983584131327
chr2	61	24	5738.0	0.41826420355524574
chr2	62	22	5620.0	0.3914590747330961
chr2	63	21	5485.0	0.3828623518687329
chr2	64	18	5383.0	0.3343860300947427
chr2	65	30	5269.0	0.5693680015183147
chr2	66	17	5175.0	0.32850241545893716
chr2	67	18	5052.0	0.35629453681710216
chr2	68	9	4943.0	0.1820756625531054
chr2	69	13	4833.0	0.26898406786674944
chr2	70	17	4731.0	0.3593320651025153
chr2	71	20	4618.0	0.43308791684712
chr2	72	21	4501.0	0.46656298600311047
chr2	73	22	4396.0	0.5004549590536852
chr2	74	19	4282.0	0.4437178888369921
chr2	75	18	4153.0	0.4334216229231881
chr2	76	17	4049.0	0.4198567547542604
chr2	77	13	3934.0	0.33045246568378245
chr2	78	11	3824.0	0.28765690376569036
chr2	79	10	3702.0	0.2701242571582928
chr2	80	11	3594.0	0.3060656649972176
chr2	81	5	3487.0	0.14338973329509608
chr2	82	14	3373.0	0.41506077675659653
chr2	83	2	3264.0	0.061274509803921566
chr2	84	7	3138.0	0.22307202039515617
chr2	85	9	3021.0	0.29791459781529295
chr2	86	14	2924.0	0.478796169630643
chr2	87	3	2818.0	0.10645848119233499
chr2	88	10	2719.0	0.3677822728944465
chr2	89	5	2624.0	0.19054878048780488
chr2	90	9	2526.0	0.35629453681710216
chr2	91	8	2407.0	0.3323639385126714
chr2	92	4	2309.0	0.17323516673884798
chr2	93	9	2197.0	0.40964952207555755
chr2	94	13	2090.0	0.6220095693779905
chr2	95	5	1999.0	0.25012506253126565
chr2	96	5	1891.0	0.26441036488630354
chr2	97	9	1805.0	0.4986149584487534
chr2	98	8	1718.0	0.46565774155995343
chr2	99	6	1613.0	0.3719776813391197
chr2	100	4	1514.0	0.26420079260237783
chr2	101	7	1407.0	0.4975124378109453
chr2	102	2	1305.0	0.15325670498084293
chr2	103	3	1203.0	0.24937655860349126
chr2	104	2	1103.0	0.1813236627379873
chr2	105	4	1015.0	0.3940886699507389
chr2	106	10	928.0	1.0775862068965518
chr2	107	5	843.0	0.5931198102016607
chr2	108	3	760.0	0.39473684210526316
chr2	109	1	665.0	0.15037593984962408
chr2	110	1	582.0	0.1718213058419244
chr2	111	1	505.0	0.19801980198019803
chr2	112	1	439.0	0.22779043280182232
chr2	113	0	341.0	0.0
chr2	114	0	269.0	0.0
chr2	115	0	202.0	0.0
chr2	116	0	143.0	0.0
chr2	117	0	93.0	0.0
chr2	118	0	36.0	0.0
chr2	119	0	0.0	nan
chr2	120	0	0.0	nan
chr2	121	0	0.0	nan
chr2	122	0	0.0	nan
chr2	123	0	0.0	nan
chr2	124	0	0.0	nan
chr2	125	0	0.0	nan
chr2	126	0	0.0	nan
chr2	127	0	0.0	nan
chr2	128	0	0.0	nan
chr2	129	0	0.0	nan
chr2	130	0	0.0	nan
chr2	131	0	0.0	nan
chr2	132	0	0.0	nan
chr2	133	0	0.0	nan
chr2	134	0	0.0	nan
chr2	135	0	0.0	nan
chr2	136	0	0.0	nan
chr2	137	0	0.0	nan
chr2	138	0	0.0	nan
chr2	139	0	0.0	nan
chr2	140	0	0.0	nan
chr2	141	0	0.0	nan
chr2	142	0	0.0	nan
chr2	143	0	0.0	nan
chr2	144	0	0.0	nan
chr2	145	0	0.0	nan
chr2	146	0	0.0	nan
chr3	-146	0	0.0	nan
chr3	-145	0	0.0	nan
chr3	-144	0	0.0	nan
chr3	-143	0	0.0	nan
chr3	-142	0	0.0	nan
chr3	-141	0	0.0	nan
chr3	-140	0	0.0	nan
chr3	-139	0	4.0	0.0
chr3	-138	0	5.0	0.0
chr3	-137	0	5.0	0.0
chr3	-136	0	6.0	0.0
chr3	-135	0	7.0	0.0
chr3	-134	0	7.0	0.0
chr3	-133	0	8.0	0.0
chr3	-132	0	8.0	0.0
chr3	-131	0	10.0	0.0
chr3	-130	0	34.0	0.0
chr3	-129	0	77.0	0.0
chr3	-128	0	121.0	0.0
chr3	-127	0	171.0	0.0
chr3	-126	2	234.0	0.8547008547008548
chr3	-125	0	290.0	0.0
chr3	-124	0	342.0	0.0
chr3	-123	1	419.0	0.23866348448687352
chr3	-122	3	476.0	0.6302521008403361
chr3	-121	0	567.0	0.0
chr3	-120	6	634.0	0.9463722397476341
chr3	-119	1	708.0	0.14124293785310735
chr3	-118	0	763.0	0.0
chr3	-117	2	841.0	0.23781212841854932
chr3	-116	3	910.0	0.32967032967032966
chr3	-115	2	985.0	0.20304568527918782
chr3	-114	0	1053.0	0.0
chr3	-113	2	1113.0	0.17969451931716085
chr3	-112	6	1184.0	0.5067567567567568
chr3	-111	5	1260.0	0.3968253968253968
chr3	-110	1	1333.0	0.07501875468867217
chr3	-109	2	1405.0	0.1423487544483986
chr3	-108	2	1462.0	0.13679890560875513
chr3	-107	0	1540.0	0.0
chr3	-106	5	1618.0	0.30902348578491967
chr3	-105	2	1705.0	0.11730205278592376
chr3	-104	4	1777.0	0.22509848058525606
chr3	-103	1	1865.0	0.05361930294906167
chr3	-102	5	1942.0	0.25746652935118436
chr3	-101	2	2027.0	0.09866798223976321
chr3	-100	3	2107.0	0.14238253440911247
chr3	-99	5	2180.0	0.22935779816513763
chr3	-98	4	2260.0	0.17699115044247787
chr3	-97	6	2344.0	0.25597269624573377
chr3	-96	3	2445.0	0.1226993865030675
chr3	-95	2	2536.0	0.07886435331230283
chr3	-94	2	2629.0	0.07607455306200077
chr3	-93	6	2723.0	0.22034520749173708
chr3	-92	10	2810.0	0.3558718861209964
chr3	-91	1	2890.0	0.03460207612456747
chr3	-90	11	2968.0	0.3706199460916442
chr3	-89	7	3043.0	0.23003614853762733
chr3	-88	10	3131.0	0.31938677738741617
chr3	-87	14	3206.0	0.43668122270742354
chr3	-86	1	3303.0	0.030275507114744173
chr3	-85	7	3399.0	0.20594292438952633
chr3	-84	5	3496.0	0.14302059496567504
chr3	-83	2	3607.0	0.05544774050457444
chr3	-82	5	3712.0	0.13469827586206898
chr3	-81	0	3814.0	0.0
chr3	-80	7	3907.0	0.1791656002047607
chr3	-79	5	3989.0	0.12534469791927802
chr3	-78	9	4075.0	0.22085889570552147
chr3	-77	7	4169.0	0.16790597265531304
chr3	-76	7	4264.0	0.16416510318949346
chr3	-75	4	4352.0	0.09191176470588235
chr3	-74	7	4453.0	0.1571973950145969
chr3	-73	10	4538.0	0.22036139268400176
chr3	-72	9	4621.0	0.19476303830339753
chr3	-71	17	4710.0	0.3609341825902336
chr3	-70	1	4808.0	0.020798668885191347
chr3	-69	3	4890.0	0.06134969325153375
chr3	-68	8	4986.0	0.1604492579221821
chr3	-67	9	5091.0	0.1767825574543312
chr3	-66	14	5184.0	0.2700617283950617
chr3	-65	13	5260.0	0.247148288973384
chr3	-64	23	5353.0	0.429665608070241
chr3	-63	12	5447.0	0.22030475491096016
chr3	-62	13	5532.0	0.23499638467100506
chr3	-61	2	5642.0	0.03544842254519674
chr3	-60	15	5752.0	0.260778859527121
chr3	-59	7	5833.0	0.12000685753471627
chr3	-58	5	5928.0	0.08434547908232119
chr3	-57	11	6024.0	0.18260292164674632
chr3	-56	7	6111.0	0.11454753722794961
chr3	-55	8	6193.0	0.12917810431131924
chr3	-54	15	6292.0	0.23839796567069294
chr3	-53	15	6386.0	0.23488881929220168
chr3	-52	15	6499.0	0.2308047391906447
chr3	-51	11	6585.0	0.16704631738800305
chr3	-50	11	6701.0	0.16415460379047903
chr3	-49	11	6788.0	0.16205067766647024
chr3	-48	16	6874.0	0.23276112889147513
chr3	-47	27	6992.0	0.38615560640732266
chr3	-46	25	7070.0	0.3536067892503536
chr3	-45	7	7165.0	0.09769713886950454
chr3	-44	20	7261.0	0.27544415369783776
chr3	-43	11	7365.0	0.1493550577053632
chr3	-42	12	7464.0	0.1607717041800643
chr3	-41	26	7571.0	0.34341566503764365
chr3	-40	8	7678.0	0.10419380046887211
chr3	-39	32	7767.0	0.41199948500064376
chr3	-38	41	7860.0	0.5216284987277353
chr3	-37	28	7978.0	0.35096515417397844
chr3	-36	22	8060.0	0.2729528535980149
chr3	-35	21	8163.0	0.25725836089672915
chr3	-34	18	8259.0	0.2179440610243371
chr3	-33	12	8364.0	0.1434720229555237
chr3	-32	24	8468.0	0.28341993386868214
chr3	-31	18	8589.0	0.209570380719525
chr3	-30	17	8712.0	0.1951331496786042
chr3	-29	13	8813.0	0.1475093611709974
chr3	-28	8	8909.0	0.08979683466157819
chr3	-27	45	8991.0	0.5005005005005005
chr3	-26	27	9089.0	0.2970623831004511
chr3	-25	33	9184.0	0.3593205574912892
chr3	-24	24	9298.0	0.2581200258120026
chr3	-23	20	9401.0	0.21274332517817254
chr3	-22	28	9529.0	0.2938398572777836
chr3	-21	24	9639.0	0.24898848428260195
chr3	-20	50	9741.0	0.5132943229647879
chr3	-19	23	9852.0	0.23345513601299225
chr3	-18	14	9945.0	0.14077425842131724
chr3	-17	11	10051.0	0.1094418465824296
chr3	-16	20	10137.0	0.19729703067968826
chr3	-15	34	10221.0	0.3326484688386655
chr3	-14	22	10321.0	0.21315763976358879
chr3	-13	30	10417.0	0.2879907842949026
chr3	-12	21	10509.0	0.19982871824150727
chr3	-11	43	10630.0	0.4045155221072436
chr3	-10	35	10732.0	0.32612746925083863
chr3	-9	30	10737.0	0.2794076557697681
chr3	-8	53	10742.0	0.493390430087507
chr3	-7	22	10742.0	0.20480357475330477
chr3	-6	45	10739.0	0.41903342955582457
chr3	-5	35	10741.0	0.3258542035192254
chr3	-4	12	10733.0	0.11180471443212522
chr3	-3	51	10734.0	0.47512576858580213
chr3	-2	14	10712.0	0.13069454817027634
chr3	-1	106	10707.0	0.9900065377790231
chr3	0	85	10469.0	0.8119209093514185
chr3	1	21	10384.0	0.2022342064714946
chr3	2	49	10306.0	0.47545119347952647
chr3	3	28	10200.0	0.27450980392156865
chr3	4	59	10116.0	0.583234480031633
chr3	5	56	10021.0	0.5588264644247081
chr3	6	15	9931.0	0.15104219111871917
chr3	7	61	9839.0	0.6199817054578717
chr3	8	40	9732.0	0.4110152075626798
chr3	9	34	9634.0	0.35291675316587084
chr3	10	32	9554.0	0.33493824576093784
chr3	11	23	9460.0	0.24312896405919662
chr3	12	31	9364.0	0.33105510465612986
chr3	13	37	9290.0	0.3982777179763186
chr3	14	29	9196.0	0.3153545019573728
chr3	15	16	9106.0	0.1757083241818581
chr3	16	18	9026.0	0.1994238865499668
chr3	17	24	8937.0	0.26854649211144677
chr3	18	40	8872.0	0.4508566275924256
chr3	19	58	8773.0	0.6611193434401004
chr3	20	28	8678.0	0.32265498962894673
chr3	21	29	8593.0	0.33748399860351447
chr3	22	31	8512.0	0.36419172932330823
chr3	23	33	8425.0	0.3916913946587537
chr3	24	28	8330.0	0.33613445378151263
chr3	25	37	8254.0	0.4482675066634359
chr3	26	44	8145.0	0.5402087170042971
chr3	27	20	8064.0	0.248015873015873
chr3	28	29	7956.0	0.36450477626948213
chr3	29	20	7889.0	0.25351755609075927
chr3	30	37	7799.0	0.47441979740992435
chr3	31	36	7704.0	0.46728971962616817
chr3	32	28	7615.0	0.36769533814839134
chr3	33	16	7514.0	0.21293585307426138
chr3	34	18	7399.0	0.24327611839437763
chr3	35	28	7317.0	0.3826704933716004
chr3	36	28	7218.0	0.38791909116098644
chr3	37	39	7141.0	0.546141996919199
chr3	38	28	7062.0	0.3964882469555367
chr3	39	17	6973.0	0.24379750466083464
chr3	40	29	6898.0	0.4204117135401566
chr3	41	13	6804.0	0.19106407995296884
chr3	42	7	6722.0	0.10413567390657541
chr3	43	29	6610.0	0.43872919818456885
chr3	44	13	6515.0	0.19953952417498083
chr3	45	44	6398.0	0.6877149109096593
chr3	46	20	6301.0	0.31740993493096337
chr3	47	16	6208.0	0.25773195876288657
chr3	48	20	6105.0	0.32760032760032765
chr3	49	15	6035.0	0.24855012427506215
chr3	50	29	5943.0	0.4879690392057883
chr3	51	27	5857.0	0.4609868533378863
chr3	52	28	5759.0	0.4861955200555652
chr3	53	24	5643.0	0.42530568846358324
chr3	54	20	5552.0	0.36023054755043227
chr3	55	19	5452.0	0.3484959647835657
chr3	56	19	5348.0	0.35527299925205685
chr3	57	14	5261.0	0.2661091047329405
chr3	58	15	5164.0	0.29047250193648333
chr3	59	16	5066.0	0.31583103039873667
chr3	60	12	4968.0	0.24154589371980675
chr3	61	12	4858.0	0.24701523260601072
chr3	62	9	4773.0	0.18856065367693275
chr3	63	48	4688.0	1.023890784982935
chr3	64	9	4600.0	0.1956521739130435
chr3	65	23	4508.0	0.5102040816326531
chr3	66	17	4410.0	0.3854875283446712
chr3	67	10	4328.0	0.23105360443622922
chr3	68	4	4223.0	0.09471939379587971
chr3	69	9	4137.0	0.21754894851341552
chr3	70	25	4035.0	0.6195786864931847
chr3	71	18	3932.0	0.4577822990844354
chr3	72	12	3839.0	0.3125814014066163
chr3	73	9	3750.0	0.24
chr3	74	13	3665.0	0.35470668485675305
chr3	75	0	3565.0	0.0
chr3	76	9	3459.0	0.26019080659150046
chr3	77	7	3365.0	0.20802377414561665
chr3	78	7	3260.0	0.2147239263803681
chr3	79	9	3167.0	0.2841806125670982
chr3	80	7	3071.0	0.22793878215564964
chr3	81	4	2980.0	0.1342281879194631
chr3	82	6	2879.0	0.20840569642236886
chr3	83	8	2795.0	0.28622540250447226
chr3	84	10	2681.0	0.37299515106303616
chr3	85	9	2588.0	0.34775888717156106
chr3	86	18	2488.0	0.7234726688102894
chr3	87	12	2401.0	0.49979175343606835
chr3	88	3	2310.0	0.12987012987012986
chr3	89	13	2212.0	0.5877034358047016
chr3	90	4	2118.0	0.18885741265344666
chr3	91	7	2041.0	0.34296913277804997
chr3	92	7	1938.0	0.3611971104231166
chr3	93	7	1839.0	0.38064165307232195
chr3	94	9	1749.0	0.5145797598627788
chr3	95	5	1669.0	0.2995805871779509
chr3	96	4	1580.0	0.25316455696202533
chr3	97	3	1492.0	0.20107238605898123
chr3	98	5	1403.0	0.3563791874554526
chr3	99	2	1308.0	0.1529051987767584
chr3	100	1	1230.0	0.08130081300813008
chr3	101	7	1141.0	0.6134969325153374
chr3	102	5	1071.0	0.4668534080298786
chr3	103	3	1002.0	0.29940119760479045
chr3	104	1	932.0	0.1072961373390558
chr3	105	5	846.0	0.5910165484633569
chr3	106	1	769.0	0.13003901170351106
chr3	107	5	679.0	0.7363770250368188
chr3	108	1	610.0	0.16393442622950818
chr3	109	2	549.0	0.36429872495446264
chr3	110	5	473.0	1.0570824524312896
chr3	111	1	415.0	0.24096385542168677
chr3	112	1	338.0	0.2958579881656805
chr3	113	0	280.0	0.0
chr3	114	2	218.0	0.9174311926605505
chr3	115	0	170.0	0.0
chr3	116	0	123.0	0.0
chr3	117	0	76.0	0.0
chr3	118	0	25.0	0.0
chr3	119	0	0.0	nan
chr3	120	0	0.0	nan
chr3	121	0	0.0	nan
chr3	122	0	0.0	nan
chr3	123	0	0.0	nan
chr3	124	0	0.0	nan
chr3	125	0	0.0	nan
chr3	126	0	0.0	nan
chr3	127	0	0.0	nan
chr3	128	0	0.0	nan
chr3	129	0	0.0	nan
chr3	130	0	0.0	nan
chr3	131	0	0.0	nan
chr3	132	0	0.0	nan
chr3	133	0	0.0	nan
chr3	134	0	0.0	nan
chr3	135	0	0.0	nan
chr3	136	0	0.0	nan
chr3	137	0	0.0	nan
chr3	138	0	0.0	nan
chr3	139	0	0.0	nan
chr3	140	0	0.0	nan
chr3	141	0	0.0	nan
chr4	-146	0	0.0	nan
chr4	-145	0	0.0	nan
chr4	-144	0	0.0	nan
chr4	-143	0	0.0	nan
chr4	-142	0	0.0	nan
chr4	-141	0	0.0	nan
chr4	-140	0	0.0	nan
chr4	-139	0	2.0	0.0
chr4	-138	0	2.0	0.0
chr4	-137	0	3.0	0.0
chr4	-136	0	4.0	0.0
chr4	-135	0	4.0	0.0
chr4	-134	0	4.0	0.0
chr4	-133	0	4.0	0.0
chr4	-132	0	5.0	0.0
chr4	-131	0	6.0	0.0
chr4	-130	0	26.0	0.0
chr4	-129	0	53.0	0.0
chr4	-128	0	92.0	0.0
chr4	-127	0	136.0	0.0
chr4	-126	0	192.0	0.0
chr4	-125	0	237.0	0.0
chr4	-124	0	291.0	0.0
chr4	-123	1	354.0	0.2824858757062147
chr4	-122	0	425.0	0.0
chr4	-121	0	508.0	0.0
chr4	-120	2	567.0	0.3527336860670194
chr4	-119	1	624.0	0.16025641025641024
chr4	-118	2	697.0	0.2869440459110474
chr4	-117	1	742.0	0.13477088948787064
chr4	-116	0	798.0	0.0
chr4	-115	5	860.0	0.5813953488372093
chr4	-114	1	939.0	0.10649627263045794
chr4	-113	4	1005.0	0.3980099502487562
chr4	-112	1	1094.0	0.09140767824497258
chr4	-111	0	1177.0	0.0
chr4	-110	0	1260.0	0.0
chr4	-109	0	1365.0	0.0
chr4	-108	3	1435.0	0.20905923344947736
chr4	-107	0	1516.0	0.0
chr4	-106	4	1591.0	0.251414204902577
chr4	-105	5	1675.0	0.2985074626865672
chr4	-104	4	1763.0	0.22688598979013047
chr4	-103	6	1834.0	0.3271537622682661
chr4	-102	8	1907.0	0.4195070791819612
chr4	-101	7	1992.0	0.3514056224899598
chr4	-100	0	2093.0	0.0
chr4	-99	2	2165.0	0.09237875288683603
chr4	-98	1	2266.0	0.0441306266548985
chr4	-97	1	2370.0	0.04219409282700422
chr4	-96	7	2456.0	0.28501628664495116
chr4	-95	6	2537.0	0.2364998029168309
chr4	-94	3	2634.0	0.11389521640091116
chr4	-93	2	2723.0	0.07344840249724569
chr4	-92	3	2809.0	0.10679957280170879
chr4	-91	6	2905.0	0.2065404475043029
chr4	-90	8	2991.0	0.26746907388833163
chr4	-89	10	3072.0	0.32552083333333337
chr4	-88	5	3150.0	0.15873015873015872
chr4	-87	12	3243.0	0.37002775208140615
chr4	-86	5	3330.0	0.15015015015015015
chr4	-85	11	3404.0	0.32314923619271446
chr4	-84	2	3500.0	0.05714285714285715
chr4	-83	16	3573.0	0.44780296669465436
chr4	-82	8	3661.0	0.2185195301830101
chr4	-81	7	3739.0	0.18721583311045736
chr4	-80	8	3835.0	0.20860495436766624
chr4	-79	6	3937.0	0.1524003048006096
chr4	-78	11	4040.0	0.27227722772277224
chr4	-77	7	4138.0	0.1691638472692122
chr4	-76	4	4232.0	0.0945179584120983
chr4	-75	8	4317.0	0.1853138753764188
chr4	-74	3	4400.0	0.06818181818181819
chr4	-73	11	4492.0	0.24487978628673196
chr4	-72	3	4584.0	0.06544502617801047
chr4	-71	5	4668.0	0.10711225364181663
chr4	-70	11	4747.0	0.23172530018959345
chr4	-69	3	4841.0	0.06197066721751704
chr4	-68	12	4956.0	0.24213075060532688
chr4	-67	6	5040.0	0.11904761904761905
chr4	-66	8	5129.0	0.15597582374731916
chr4	-65	5	5217.0	0.09584052137243627
chr4	-64	14	5317.0	0.2633063757758134
chr4	-63	8	5406.0	0.14798372179060304
chr4	-62	13	5491.0	0.23675104716809323
chr4	-61	19	5580.0	0.34050179211469533
chr4	-60	12	5664.0	0.211864406779661
chr4	-59	13	5755.0	0.2258905299739357
chr4	-58	9	5845.0	0.15397775876817793
chr4	-57	12	5933.0	0.20225855385133995
chr4	-56	15	6002.0	0.2499166944351883
chr4	-55	5	6081.0	0.082223318533136
chr4	-54	21	6170.0	0.3403565640194489
chr4	-53	11	6256.0	0.1758312020460358
chr4	-52	17	6336.0	0.2683080808080808
chr4	-51	25	6432.0	0.388681592039801
chr4	-50	12	6521.0	0.18402085569697899
chr4	-49	41	6624.0	0.6189613526570048
chr4	-48	15	6732.0	0.22281639928698754
chr4	-47	20	6837.0	0.292525961679099
chr4	-46	22	6931.0	0.31741451450007213
chr4	-45	20	7041.0	0.2840505609998579
chr4	-44	14	7148.0	0.195858981533296
chr4	-43	27	7243.0	0.3727737125500483
chr4	-42	9	7335.0	0.1226993865030675
chr4	-41	15	7431.0	0.20185708518368994
chr4	-40	11	7533.0	0.14602416036107793
chr4	-39	15	7624.0	0.1967471143756558
chr4	-38	6	7727.0	0.07764979940468487
chr4	-37	18	7813.0	0.230385255343658
chr4	-36	20	7894.0	0.25335697998479856
chr4	-35	17	8008.0	0.2122877122877123
chr4	-34	13	8090.0	0.16069221260815822
chr4	-33	6	8186.0	0.07329587099926704
chr4	-32	14	8269.0	0.16930705042931432
chr4	-31	18	8369.0	0.21507945991157845
chr4	-30	24	8466.0	0.28348688873139616
chr4	-29	20	8566.0	0.2334812047630166
chr4	-28	6	8665.0	0.06924408540103866
chr4	-27	11	8740.0	0.12585812356979406
chr4	-26	37	8838.0	0.4186467526589726
chr4	-25	16	8955.0	0.1786711334450028
chr4	-24	20	9039.0	0.22126341409447947
chr4	-23	13	9139.0	0.1422475106685633
chr4	-22	21	9238.0	0.22732193115392943
chr4	-21	15	9318.0	0.16097875080489374
chr4	-20	23	9394.0	0.24483713008303173
chr4	-19	18	9506.0	0.18935409215232485
chr4	-18	27	9613.0	0.2808696556746073
chr4	-17	35	9698.0	0.3608991544648381
chr4	-16	14	9798.0	0.14288630332720964
chr4	-15	44	9890.0	0.4448938321536906
chr4	-14	12	9991.0	0.12010809728755881
chr4	-13	30	10074.0	0.29779630732578916
chr4	-12	22	10159.0	0.2165567477113889
chr4	-11	33	10254.0	0.32182562902282036
chr4	-10	17	10351.0	0.16423533958071684
chr4	-9	21	10360.0	0.20270270270270271
chr4	-8	26	10360.0	0.25096525096525096
chr4	-7	22	10353.0	0.21249879262049648
chr4	-6	23	10353.0	0.22215782864870087
chr4	-5	34	10352.0	0.32843894899536324
chr4	-4	28	10334.0	0.2709502612734662
chr4	-3	48	10339.0	0.4642615339974852
chr4	-2	62	10333.0	0.6000193554630795
chr4	-1	99	10320.0	0.9593023255813954
chr4	0	84	10132.0	0.8290564547966837
chr4	1	44	10042.0	0.438159729137622
chr4	2	61	9972.0	0.6117127958283193
chr4	3	46	9896.0	0.4648342764753436
chr4	4	48	9832.0	0.4882017900732303
chr4	5	44	9742.0	0.45165263806199957
chr4	6	25	9646.0	0.2591747874766743
chr4	7	19	9566.0	0.19862011289985365
chr4	8	39	9478.0	0.4114792150242667
chr4	9	30	9375.0	0.32
chr4	10	26	9281.0	0.28014222605322703
chr4	11	18	9219.0	0.195248942401562
chr4	12	31	9155.0	0.3386127799016931
chr4	13	16	9050.0	0.17679558011049723
chr4	14	36	8956.0	0.40196516301920504
chr4	15	18	8866.0	0.20302278366794496
chr4	16	16	8770.0	0.18244013683010263
chr4	17	32	8674.0	0.36891860733225734
chr4	18	38	8592.0	0.4422718808193668
chr4	19	24	8499.0	0.2823861630780092
chr4	20	22	8400.0	0.2619047619047619
chr4	21	35	8319.0	0.4207236446688304
chr4	22	18	8208.0	0.21929824561403508
chr4	23	23	8105.0	0.283775447254781
chr4	24	14	8020.0	0.1745635910224439
chr4	25	36	7938.0	0.45351473922902497
chr4	26	12	7839.0	0.15308075009567548
chr4	27	23	7745.0	0.2969657843770174
chr4	28	14	7644.0	0.18315018315018314
chr4	29	24	7558.0	0.31754432389521037
chr4	30	24	7462.0	0.32162958992227286
chr4	31	20	7358.0	0.2718129926610492
chr4	32	29	7257.0	0.3996141656331818
chr4	33	13	7169.0	0.1813363091086623
chr4	34	17	7067.0	0.24055469081647093
chr4	35	26	6982.0	0.3723861357777141
chr4	36	28	6896.0	0.40603248259860786
chr4	37	18	6796.0	0.26486168334314303
chr4	38	27	6705.0	0.4026845637583893
chr4	39	16	6594.0	0.24264482863208978
chr4	40	20	6502.0	0.30759766225776686
chr4	41	16	6406.0	0.2497658445207618
chr4	42	25	6305.0	0.3965107057890563
chr4	43	18	6216.0	0.28957528957528955
chr4	44	23	6128.0	0.37532637075718017
chr4	45	19	6035.0	0.3148301574150787
chr4	46	17	5949.0	0.28576231299378047
chr4	47	22	5855.0	0.37574722459436377
chr4	48	29	5774.0	0.5022514721163838
chr4	49	22	5676.0	0.3875968992248062
chr4	50	29	5588.0	0.5189692197566214
chr4	51	17	5493.0	0.3094847988348808
chr4	52	19	5418.0	0.35068290882244374
chr4	53	12	5329.0	0.2251829611559392
chr4	54	9	5231.0	0.17205123303383674
chr4	55	8	5127.0	0.15603666861712503
chr4	56	9	5043.0	0.1784651992861392
chr4	57	12	4967.0	0.24159452385745925
chr4	58	10	4889.0	0.20454080589077522
chr4	59	17	4812.0	0.35328345802161265
chr4	60	15	4725.0	0.31746031746031744
chr4	61	16	4629.0	0.34564700799308706
chr4	62	10	4543.0	0.22011886418666077
chr4	63	8	4454.0	0.17961383026493039
chr4	64	9	4376.0	0.20566727605118829
chr4	65	9	4266.0	0.21097046413502107
chr4	66	18	4188.0	0.42979942693409745
chr4	67	20	4096.0	0.48828125
chr4	68	13	3996.0	0.3253253253253253
chr4	69	9	3911.0	0.2301201738685758
chr4	70	7	3845.0	0.18205461638491546
chr4	71	10	3762.0	0.2658160552897395
chr4	72	0	3679.0	0.0
chr4	73	9	3589.0	0.25076623014767346
chr4	74	14	3486.0	0.4016064257028112
chr4	75	11	3395.0	0.3240058910162003
chr4	76	14	3308.0	0.42321644498186217
chr4	77	13	3224.0	0.4032258064516129
chr4	78	10	3132.0	0.31928480204342274
chr4	79	9	3035.0	0.29654036243822074
chr4	80	4	2939.0	0.13610071452875128
chr4	81	7	2813.0	0.2488446498400284
chr4	82	18	2717.0	0.6624953993375046
chr4	83	6	2617.0	0.22927015666794037
chr4	84	7	2521.0	0.2776675922253074
chr4	85	8	2425.0	0.32989690721649484
chr4	86	10	2334.0	0.42844901456726653
chr4	87	4	2239.0	0.1786511835640911
chr4	88	6	2141.0	0.2802428771602055
chr4	89	6	2050.0	0.2926829268292683
chr4	90	7	1959.0	0.35732516590096985
chr4	91	6	1879.0	0.31931878658861096
chr4	92	2	1796.0	0.11135857461024498
chr4	93	11	1716.0	0.641025641025641
chr4	94	10	1632.0	0.6127450980392157
chr4	95	8	1560.0	0.5128205128205128
chr4	96	1	1488.0	0.06720430107526883
chr4	97	4	1411.0	0.28348688873139616
chr4	98	5	1318.0	0.37936267071320184
chr4	99	5	1252.0	0.3993610223642172
chr4	100	2	1170.0	0.17094017094017094
chr4	101	1	1090.0	0.09174311926605505
chr4	102	1	1034.0	0.09671179883945842
chr4	103	3	953.0	0.3147953830010493
chr4	104	4	866.0	0.4618937644341801
chr4	105	2	797.0	0.2509410288582183
chr4	106	4	727.0	0.5502063273727648
chr4	107	5	657.0	0.76103500761035
chr4	108	1	594.0	0.16835016835016833
chr4	109	2	530.0	0.37735849056603776
chr4	110	0	460.0	0.0
chr4	111	0	390.0	0.0
chr4	112	0	319.0	0.0
chr4	113	0	259.0	0.0
chr4	114	0	206.0	0.0
chr4	115	0	154.0	0.0
chr4	116	0	101.0	0.0
chr4	117	0	56.0	0.0
chr4	118	0	23.0	0.0
chr4	119	0	0.0	nan
chr4	120	0	0.0	nan
chr4	121	0	0.0	nan
chr4	122	0	0.0	nan
chr4	123	0	0.0	nan
chr4	124	0	0.0	nan
chr4	125	0	0.0	nan
chr4	126	0	0.0	nan
chr4	127	0	0.0	nan
chr4	128	0	0.0	nan
chr4	129	0	0.0	nan
chr4	130	0	0.0	nan
chr4	131	0	0.0	nan
chr4	132	0	0.0	nan
chr4	133	0	0.0	nan
chr4	134	0	0.0	nan
chr4	135	0	0.0	nan
chr4	136	0	0.0	nan
chr4	137	0	0.0	nan
chr4	138	0	0.0	nan
chr4	139	0	0.0	nan
chr4	140	0	0.0	nan
chr4	141	0	0.0	nan
chr4	142	0	0.0	nan
chr4	143	0	0.0	nan
chr4	144	0	0.0	nan
chr4	145	0	0.0	nan
chr4	146	0	0.0	nan
chr4	147	0	0.0	nan
chr5	-137	0	1.0	0.0
chr5	-136	0	1.0	0.0
chr5	-135	0	1.0	0.0
chr5	-134	0	2.0	0.0
chr5	-133	0	2.0	0.0
chr5	-132	0	2.0	0.0
chr5	-131	0	4.0	0.0
chr5	-130	0	17.0	0.0
chr5	-129	0	38.0	0.0
chr5	-128	0	58.0	0.0
chr5	-127	0	85.0	0.0
chr5	-126	0	105.0	0.0
chr5	-125	0	133.0	0.0
chr5	-124	0	168.0	0.0
chr5	-123	0	200.0	0.0
chr5	-122	0	232.0	0.0
chr5	-121	0	267.0	0.0
chr5	-120	1	323.0	0.30959752321981426
chr5	-119	1	373.0	0.2680965147453083
chr5	-118	0	405.0	0.0
chr5	-117	0	447.0	0.0
chr5	-116	0	483.0	0.0
chr5	-115	0	513.0	0.0
chr5	-114	0	554.0	0.0
chr5	-113	3	601.0	0.49916805324459235
chr5	-112	0	643.0	0.0
chr5	-111	1	673.0	0.1485884101040119
chr5	-110	0	717.0	0.0
chr5	-109	0	763.0	0.0
chr5	-108	0	810.0	0.0
chr5	-107	0	862.0	0.0
chr5	-106	0	921.0	0.0
chr5	-105	2	977.0	0.2047082906857728
chr5	-104	1	1022.0	0.09784735812133072
chr5	-103	1	1077.0	0.09285051067780872
chr5	-102	0	1113.0	0.0
chr5	-101	3	1158.0	0.2590673575129534
chr5	-100	1	1224.0	0.08169934640522876
chr5	-99	0	1273.0	0.0
chr5	-98	1	1325.0	0.07547169811320754
chr5	-97	5	1383.0	0.3615328994938539
chr5	-96	1	1439.0	0.06949270326615706
chr5	-95	1	1477.0	0.06770480704129993
chr5	-94	5	1531.0	0.32658393207054215
chr5	-93	0	1580.0	0.0
chr5	-92	3	1632.0	0.1838235294117647
chr5	-91	1	1681.0	0.0594883997620464
chr5	-90	1	1729.0	0.057836899942163095
chr5	-89	3	1769.0	0.1695873374788016
chr5	-88	4	1815.0	0.22038567493112945
chr5	-87	0	1871.0	0.0
chr5	-86	3	1929.0	0.15552099533437014
chr5	-85	5	1980.0	0.25252525252525254
chr5	-84	9	2034.0	0.4424778761061947
chr5	-83	7	2083.0	0.3360537686029765
chr5	-82	4	2128.0	0.18796992481203006
chr5	-81	3	2184.0	0.13736263736263737
chr5	-80	5	2235.0	0.22371364653243847
chr5	-79	4	2291.0	0.1745962461807071
chr5	-78	6	2349.0	0.2554278416347382
chr5	-77	5	2414.0	0.2071251035625518
chr5	-76	2	2473.0	0.08087343307723413
chr5	-75	4	2532.0	0.1579778830963665
chr5	-74	4	2578.0	0.1551590380139643
chr5	-73	6	2629.0	0.2282236591860023
chr5	-72	4	2684.0	0.14903129657228018
chr5	-71	4	2735.0	0.14625228519195613
chr5	-70	6	2794.0	0.21474588403722264
chr5	-69	10	2849.0	0.35100035100035104
chr5	-68	7	2899.0	0.2414625733011383
chr5	-67	10	2943.0	0.33978933061501865
chr5	-66	7	2991.0	0.2340354396522902
chr5	-65	9	3052.0	0.2948885976408912
chr5	-64	8	3106.0	0.25756600128783
chr5	-63	13	3158.0	0.41165294490183657
chr5	-62	12	3218.0	0.3729024238657551
chr5	-61	6	3268.0	0.18359853121175032
chr5	-60	11	3318.0	0.33152501506931886
chr5	-59	8	3368.0	0.23752969121140144
chr5	-58	11	3416.0	0.32201405152224827
chr5	-57	8	3473.0	0.2303484019579614
chr5	-56	14	3526.0	0.39705048213272826
chr5	-55	1	3591.0	0.0278473962684489
chr5	-54	15	3641.0	0.41197473221642406
chr5	-53	8	3693.0	0.2166260492824262
chr5	-52	12	3740.0	0.32085561497326204
chr5	-51	14	3791.0	0.3692957003429174
chr5	-50	2	3843.0	0.052042674993494666
chr5	-49	3	3898.0	0.07696254489481785
chr5	-48	4	3939.0	0.10154861640010156
chr5	-47	3	4008.0	0.07485029940119761
chr5	-46	8	4072.0	0.19646365422396855
chr5	-45	13	4131.0	0.31469377874606635
chr5	-44	6	4191.0	0.14316392269148173
chr5	-43	15	4249.0	0.3530242409978819
chr5	-42	10	4305.0	0.23228803716608595
chr5	-41	5	4368.0	0.11446886446886448
chr5	-40	10	4417.0	0.22639800769753224
chr5	-39	17	4473.0	0.3800581265369998
chr5	-38	12	4530.0	0.26490066225165565
chr5	-37	7	4592.0	0.1524390243902439
chr5	-36	13	4655.0	0.27926960257787325
chr5	-35	7	4699.0	0.14896786550329857
chr5	-34	5	4759.0	0.10506408909434756
chr5	-33	5	4808.0	0.10399334442595673
chr5	-32	6	4884.0	0.12285012285012285
chr5	-31	11	4925.0	0.2233502538071066
chr5	-30	8	4988.0	0.16038492381716118
chr5	-29	14	5050.0	0.2772277227722772
chr5	-28	13	5097.0	0.2550519913674711
chr5	-27	5	5149.0	0.09710623422023694
chr5	-26	14	5216.0	0.2684049079754601
chr5	-25	19	5270.0	0.3605313092979127
chr5	-24	5	5326.0	0.0938790837401427
chr5	-23	2	5375.0	0.037209302325581395
chr5	-22	6	5424.0	0.11061946902654868
chr5	-21	5	5483.0	0.09119095385737735
chr5	-20	7	5542.0	0.12630819198845183
chr5	-19	10	5593.0	0.17879492222420884
chr5	-18	19	5672.0	0.33497884344146683
chr5	-17	8	5725.0	0.13973799126637554
chr5	-16	18	5785.0	0.3111495246326707
chr5	-15	8	5837.0	0.13705670721260924
chr5	-14	14	5893.0	0.23756999830307143
chr5	-13	20	5947.0	0.3363040188330251
chr5	-12	19	6009.0	0.3161923780995174
chr5	-11	4	6067.0	0.06593044338223175
chr5	-10	19	6138.0	0.3095470837406321
chr5	-9	6	6144.0	0.09765625
chr5	-8	7	6146.0	0.11389521640091116
chr5	-7	22	6147.0	0.3578981617048967
chr5	-6	8	6149.0	0.13010245568385104
chr5	-5	22	6148.0	0.357839947950553
chr5	-4	19	6146.0	0.30914415880247315
chr5	-3	22	6146.0	0.35795639440286364
chr5	-2	23	6143.0	0.37440989744424547
chr5	-1	58	6135.0	0.9453952730236349
chr5	0	61	5994.0	1.0176843510176843
chr5	1	26	5967.0	0.4357298474945534
chr5	2	25	5920.0	0.4222972972972973
chr5	3	34	5882.0	0.5780346820809248
chr5	4	23	5816.0	0.3954607977991747
chr5	5	12	5776.0	0.20775623268698062
chr5	6	19	5725.0	0.3318777292576419
chr5	7	6	5661.0	0.10598834128245893
chr5	8	5	5597.0	0.08933357155619082
chr5	9	18	5538.0	0.3250270855904659
chr5	10	4	5469.0	0.0731395136222344
chr5	11	21	5403.0	0.3886729594669628
chr5	12	19	5374.0	0.35355414960922965
chr5	13	18	5322.0	0.3382187147688839
chr5	14	11	5281.0	0.20829388373414126
chr5	15	13	5234.0	0.2483760030569354
chr5	16	17	5181.0	0.3281219841729396
chr5	17	26	5142.0	0.5056398288603656
chr5	18	13	5087.0	0.25555337133870654
chr5	19	19	5029.0	0.37780870948498707
chr5	20	8	4980.0	0.1606425702811245
chr5	21	22	4916.0	0.44751830756712774
chr5	22	4	4867.0	0.08218615163344976
chr5	23	16	4805.0	0.33298647242455776
chr5	24	17	4745.0	0.3582718651211802
chr5	25	22	4686.0	0.4694835680751174
chr5	26	13	4635.0	0.28047464940668826
chr5	27	28	4585.0	0.6106870229007634
chr5	28	15	4531.0	0.33105274773780624
chr5	29	18	4471.0	0.4025944978751957
chr5	30	17	4418.0	0.3847894975101856
chr5	31	9	4361.0	0.20637468470534281
chr5	32	12	4294.0	0.2794597112249651
chr5	33	8	4253.0	0.1881025158711498
chr5	34	8	4211.0	0.189978627404417
chr5	35	9	4162.0	0.2162421912542047
chr5	36	12	4092.0	0.2932551319648094
chr5	37	25	4037.0	0.619271736437949
chr5	38	11	3991.0	0.2756201453269857
chr5	39	22	3926.0	0.5603667855323484
chr5	40	8	3882.0	0.20607934054611027
chr5	41	21	3844.0	0.54630593132154
chr5	42	9	3786.0	0.2377179080824089
chr5	43	16	3738.0	0.4280363830925628
chr5	44	17	3686.0	0.4612045577862181
chr5	45	11	3641.0	0.3021148036253776
chr5	46	7	3574.0	0.195858981533296
chr5	47	8	3520.0	0.22727272727272727
chr5	48	5	3473.0	0.14396775122372588
chr5	49	5	3423.0	0.1460706982179375
chr5	50	14	3365.0	0.4160475482912333
chr5	51	6	3314.0	0.18105009052504525
chr5	52	7	3259.0	0.21478981282602025
chr5	53	15	3197.0	0.46918986549890523
chr5	54	7	3142.0	0.22278803309993636
chr5	55	14	3099.0	0.45175863181671505
chr5	56	8	3045.0	0.2627257799671593
chr5	57	16	2995.0	0.5342237061769616
chr5	58	10	2937.0	0.34048348655090227
chr5	59	9	2872.0	0.31337047353760444
chr5	60	10	2816.0	0.35511363636363635
chr5	61	6	2761.0	0.21731256791017745
chr5	62	7	2701.0	0.259163272861903
chr5	63	7	2644.0	0.264750378214826
chr5	64	7	2582.0	0.2711076684740511
chr5	65	6	2528.0	0.23734177215189875
chr5	66	12	2484.0	0.4830917874396135
chr5	67	3	2419.0	0.12401818933443572
chr5	68	11	2375.0	0.46315789473684216
chr5	69	9	2319.0	0.38809831824062097
chr5	70	6	2288.0	0.26223776223776224
chr5	71	5	2242.0	0.22301516503122212
chr5	72	5	2198.0	0.22747952684258416
chr5	73	1	2145.0	0.046620046620046623
chr5	74	11	2092.0	0.5258126195028681
chr5	75	5	2038.0	0.24533856722276742
chr5	76	8	1990.0	0.4020100502512563
chr5	77	19	1941.0	0.9788768675940238
chr5	78	6	1887.0	0.3179650238473768
chr5	79	10	1823.0	0.5485463521667581
chr5	80	5	1765.0	0.28328611898017
chr5	81	3	1707.0	0.17574692442882248
chr5	82	9	1636.0	0.5501222493887531
chr5	83	6	1577.0	0.3804692454026633
chr5	84	4	1518.0	0.2635046113306983
chr5	85	5	1475.0	0.3389830508474576
chr5	86	2	1422.0	0.14064697609001406
chr5	87	5	1366.0	0.36603221083455345
chr5	88	6	1306.0	0.45941807044410415
chr5	89	3	1247.0	0.24057738572574178
chr5	90	4	1199.0	0.3336113427856547
chr5	91	3	1159.0	0.2588438308886971
chr5	92	4	1123.0	0.3561887800534283
chr5	93	12	1084.0	1.107011070110701
chr5	94	2	1033.0	0.1936108422071636
chr5	95	6	985.0	0.6091370558375634
chr5	96	2	934.0	0.21413276231263384
chr5	97	4	874.0	0.4576659038901602
chr5	98	1	826.0	0.12106537530266344
chr5	99	2	783.0	0.2554278416347382
chr5	100	2	733.0	0.2728512960436562
chr5	101	1	697.0	0.1434720229555237
chr5	102	4	652.0	0.6134969325153374
chr5	103	4	588.0	0.6802721088435374
chr5	104	1	542.0	0.18450184501845018
chr5	105	0	507.0	0.0
chr5	106	1	462.0	0.21645021645021645
chr5	107	1	411.0	0.24330900243309003
chr5	108	0	378.0	0.0
chr5	109	0	321.0	0.0
chr5	110	0	286.0	0.0
chr5	111	0	246.0	0.0
chr5	112	2	204.0	0.9803921568627451
chr5	113	0	169.0	0.0
chr5	114	2	130.0	1.5384615384615385
chr5	115	1	94.0	1.0638297872340425
chr5	116	1	56.0	1.7857142857142856
chr5	117	0	32.0	0.0
chr5	118	0	13.0	0.0
chr5	119	0	0.0	nan
chr5	120	0	0.0	nan
chr5	121	0	0.0	nan
chr5	122	0	0.0	nan
chr5	123	0	0.0	nan
chr5	124	0	0.0	nan
chr5	125	0	0.0	nan
chr5	126	0	0.0	nan
chr5	127	0	0.0	nan
chr5	128	0	0.0	nan
chr5	129	0	0.0	nan
chr5	130	0	0.0	nan
chr5	131	0	0.0	nan
chr5	132	0	0.0	nan
chr5	133	0	0.0	nan
chr5	134	0	0.0	nan
chr5	135	0	0.0	nan
chr5	136	0	0.0	nan
chr5	137	0	0.0	nan
chr5	138	0	0.0	nan
chr5	139	0	0.0	nan
chr5	140	0	0.0	nan
chr5	141	0	0.0	nan
chr5	142	0	0.0	nan
chr5	143	0	0.0	nan
chr5	144	0	0.0	nan
chr5	145	0	0.0	nan
chr5	146	0	0.0	nan
chr5	147	0	0.0	nan
chr6	-143	0	0.0	nan
chr6	-142	0	0.0	nan
chr6	-141	0	0.0	nan
chr6	-140	0	0.0	nan
chr6	-139	0	1.0	0.0
chr6	-138	0	2.0	0.0
chr6	-137	0	4.0	0.0
chr6	-136	0	5.0	0.0
chr6	-135	0	5.0	0.0
chr6	-134	0	5.0	0.0
chr6	-133	0	6.0	0.0
chr6	-132	0	8.0	0.0
chr6	-131	0	8.0	0.0
chr6	-130	0	16.0	0.0
chr6	-129	0	22.0	0.0
chr6	-128	0	33.0	0.0
chr6	-127	0	37.0	0.0
chr6	-126	0	49.0	0.0
chr6	-125	0	57.0	0.0
chr6	-124	0	70.0	0.0
chr6	-123	0	78.0	0.0
chr6	-122	0	91.0	0.0
chr6	-121	1	104.0	0.9615384615384616
chr6	-120	0	119.0	0.0
chr6	-119	1	132.0	0.7575757575757576
chr6	-118	0	142.0	0.0
chr6	-117	0	159.0	0.0
chr6	-116	0	170.0	0.0
chr6	-115	2	189.0	1.0582010582010581
chr6	-114	1	197.0	0.5076142131979695
chr6	-113	2	213.0	0.9389671361502347
chr6	-112	0	227.0	0.0
chr6	-111	0	245.0	0.0
chr6	-110	0	259.0	0.0
chr6	-109	0	279.0	0.0
chr6	-108	1	303.0	0.33003300330033003
chr6	-107	0	319.0	0.0
chr6	-106	0	336.0	0.0
chr6	-105	1	351.0	0.2849002849002849
chr6	-104	0	369.0	0.0
chr6	-103	3	390.0	0.7692307692307693
chr6	-102	0	411.0	0.0
chr6	-101	0	431.0	0.0
chr6	-100	0	455.0	0.0
chr6	-99	0	468.0	0.0
chr6	-98	0	485.0	0.0
chr6	-97	4	499.0	0.8016032064128256
chr6	-96	0	518.0	0.0
chr6	-95	0	540.0	0.0
chr6	-94	0	557.0	0.0
chr6	-93	1	584.0	0.17123287671232876
chr6	-92	0	611.0	0.0
chr6	-91	1	628.0	0.15923566878980894
chr6	-90	1	645.0	0.15503875968992248
chr6	-89	1	660.0	0.15151515151515152
chr6	-88	4	685.0	0.583941605839416
chr6	-87	0	701.0	0.0
chr6	-86	2	712.0	0.2808988764044944
chr6	-85	1	728.0	0.13736263736263737
chr6	-84	3	749.0	0.4005340453938585
chr6	-83	0	770.0	0.0
chr6	-82	5	786.0	0.6361323155216284
chr6	-81	0	804.0	0.0
chr6	-80	1	820.0	0.12195121951219512
chr6	-79	0	832.0	0.0
chr6	-78	1	845.0	0.1183431952662722
chr6	-77	0	861.0	0.0
chr6	-76	0	870.0	0.0
chr6	-75	0	893.0	0.0
chr6	-74	1	909.0	0.11001100110011
chr6	-73	1	923.0	0.10834236186348861
chr6	-72	1	941.0	0.10626992561105207
chr6	-71	7	965.0	0.7253886010362695
chr6	-70	1	981.0	0.10193679918450561
chr6	-69	5	997.0	0.5015045135406219
chr6	-68	4	1014.0	0.39447731755424065
chr6	-67	4	1028.0	0.38910505836575876
chr6	-66	4	1046.0	0.3824091778202677
chr6	-65	4	1064.0	0.37593984962406013
chr6	-64	7	1077.0	0.6499535747446611
chr6	-63	1	1103.0	0.09066183136899365
chr6	-62	0	1117.0	0.0
chr6	-61	0	1132.0	0.0
chr6	-60	1	1155.0	0.08658008658008658
chr6	-59	3	1171.0	0.25619128949615716
chr6	-58	1	1186.0	0.08431703204047217
chr6	-57	1	1198.0	0.08347245409015025
chr6	-56	2	1217.0	0.16433853738701726
chr6	-55	1	1232.0	0.08116883116883117
chr6	-54	0	1245.0	0.0
chr6	-53	0	1264.0	0.0
chr6	-52	1	1286.0	0.07776049766718507
chr6	-51	3	1309.0	0.2291825821237586
chr6	-50	17	1324.0	1.283987915407855
chr6	-49	3	1344.0	0.2232142857142857
chr6	-48	1	1367.0	0.0731528895391368
chr6	-47	0	1386.0	0.0
chr6	-46	3	1402.0	0.21398002853067047
chr6	-45	9	1420.0	0.6338028169014085
chr6	-44	0	1434.0	0.0
chr6	-43	1	1449.0	0.06901311249137336
chr6	-42	1	1463.0	0.0683526999316473
chr6	-41	1	1490.0	0.06711409395973154
chr6	-40	4	1511.0	0.26472534745201853
chr6	-39	2	1531.0	0.13063357282821686
chr6	-38	0	1549.0	0.0
chr6	-37	1	1571.0	0.06365372374283895
chr6	-36	8	1595.0	0.5015673981191223
chr6	-35	7	1609.0	0.435052827843381
chr6	-34	4	1638.0	0.2442002442002442
chr6	-33	14	1662.0	0.842358604091456
chr6	-32	6	1681.0	0.3569303985722784
chr6	-31	2	1709.0	0.11702750146284377
chr6	-30	6	1727.0	0.3474232773595831
chr6	-29	1	1755.0	0.056980056980056974
chr6	-28	1	1776.0	0.05630630630630631
chr6	-27	0	1801.0	0.0
chr6	-26	10	1820.0	0.5494505494505495
chr6	-25	8	1842.0	0.43431053203040176
chr6	-24	5	1861.0	0.2686727565824825
chr6	-23	2	1877.0	0.10655301012253596
chr6	-22	2	1902.0	0.10515247108307045
chr6	-21	1	1931.0	0.05178663904712584
chr6	-20	3	1957.0	0.1532958610117527
chr6	-19	13	1967.0	0.6609049313675649
chr6	-18	2	1979.0	0.1010611419909045
chr6	-17	3	1984.0	0.15120967741935484
chr6	-16	2	2014.0	0.09930486593843098
chr6	-15	1	2029.0	0.04928536224741252
chr6	-14	3	2053.0	0.14612761811982464
chr6	-13	19	2067.0	0.9192065795839381
chr6	-12	14	2092.0	0.6692160611854685
chr6	-11	19	2108.0	0.9013282732447818
chr6	-10	14	2134.0	0.6560449859418931
chr6	-9	13	2139.0	0.6077606358111267
chr6	-8	0	2141.0	0.0
chr6	-7	5	2140.0	0.23364485981308408
chr6	-6	6	2142.0	0.2801120448179272
chr6	-5	12	2142.0	0.5602240896358543
chr6	-4	4	2137.0	0.18717828731867103
chr6	-3	4	2137.0	0.18717828731867103
chr6	-2	2	2143.0	0.09332711152589827
chr6	-1	27	2141.0	1.2610929472209247
chr6	0	15	2078.0	0.7218479307025986
chr6	1	4	2067.0	0.1935171746492501
chr6	2	8	2039.0	0.392349190779794
chr6	3	2	2021.0	0.09896091044037605
chr6	4	18	2020.0	0.891089108910891
chr6	5	3	1996.0	0.15030060120240482
chr6	6	3	1983.0	0.15128593040847202
chr6	7	5	1965.0	0.2544529262086514
chr6	8	8	1951.0	0.4100461301896463
chr6	9	9	1937.0	0.46463603510583373
chr6	10	20	1922.0	1.040582726326743
chr6	11	13	1899.0	0.6845708267509215
chr6	12	10	1882.0	0.5313496280552604
chr6	13	2	1869.0	0.1070090957731407
chr6	14	6	1844.0	0.32537960954446854
chr6	15	2	1831.0	0.10922992900054614
chr6	16	4	1799.0	0.22234574763757642
chr6	17	2	1784.0	0.11210762331838565
chr6	18	15	1779.0	0.8431703204047217
chr6	19	10	1760.0	0.5681818181818182
chr6	20	1	1745.0	0.05730659025787965
chr6	21	1	1719.0	0.058173356602675974
chr6	22	5	1700.0	0.29411764705882354
chr6	23	13	1678.0	0.7747318235995232
chr6	24	6	1653.0	0.3629764065335753
chr6	25	5	1629.0	0.3069367710251688
chr6	26	1	1606.0	0.062266500622665005
chr6	27	3	1594.0	0.18820577164366373
chr6	28	2	1575.0	0.12698412698412698
chr6	29	2	1555.0	0.12861736334405144
chr6	30	1	1537.0	0.06506180871828238
chr6	31	7	1518.0	0.461133069828722
chr6	32	22	1495.0	1.471571906354515
chr6	33	8	1472.0	0.5434782608695652
chr6	34	10	1443.0	0.693000693000693
chr6	35	7	1424.0	0.49157303370786515
chr6	36	2	1402.0	0.14265335235378032
chr6	37	2	1378.0	0.14513788098693758
chr6	38	2	1360.0	0.14705882352941177
chr6	39	6	1347.0	0.4454342984409799
chr6	40	3	1326.0	0.22624434389140274
chr6	41	2	1321.0	0.1514004542013626
chr6	42	3	1310.0	0.22900763358778628
chr6	43	3	1291.0	0.23237800154918667
chr6	44	9	1281.0	0.702576112412178
chr6	45	2	1269.0	0.15760441292356187
chr6	46	6	1252.0	0.4792332268370607
chr6	47	5	1242.0	0.40257648953301123
chr6	48	2	1223.0	0.1635322976287817
chr6	49	7	1201.0	0.5828476269775187
chr6	50	8	1186.0	0.6745362563237773
chr6	51	1	1171.0	0.08539709649871904
chr6	52	1	1155.0	0.08658008658008658
chr6	53	1	1144.0	0.08741258741258741
chr6	54	2	1126.0	0.17761989342806395
chr6	55	3	1108.0	0.2707581227436823
chr6	56	2	1098.0	0.18214936247723132
chr6	57	1	1077.0	0.09285051067780872
chr6	58	3	1065.0	0.28169014084507044
chr6	59	2	1042.0	0.19193857965451055
chr6	60	3	1018.0	0.29469548133595286
chr6	61	3	1001.0	0.2997002997002997
chr6	62	2	981.0	0.20387359836901123
chr6	63	8	965.0	0.8290155440414507
chr6	64	4	950.0	0.42105263157894735
chr6	65	4	934.0	0.4282655246252677
chr6	66	4	917.0	0.43620501635768816
chr6	67	4	898.0	0.4454342984409799
chr6	68	3	881.0	0.340522133938706
chr6	69	2	862.0	0.23201856148491878
chr6	70	3	845.0	0.35502958579881655
chr6	71	4	821.0	0.48721071863580995
chr6	72	2	808.0	0.24752475247524752
chr6	73	3	794.0	0.3778337531486146
chr6	74	2	783.0	0.2554278416347382
chr6	75	2	762.0	0.26246719160104987
chr6	76	2	735.0	0.27210884353741494
chr6	77	3	715.0	0.4195804195804196
chr6	78	3	693.0	0.4329004329004329
chr6	79	2	661.0	0.30257186081694404
chr6	80	1	645.0	0.15503875968992248
chr6	81	6	625.0	0.96
chr6	82	0	608.0	0.0
chr6	83	1	590.0	0.1694915254237288
chr6	84	0	574.0	0.0
chr6	85	1	557.0	0.17953321364452424
chr6	86	5	545.0	0.9174311926605505
chr6	87	3	525.0	0.5714285714285714
chr6	88	2	489.0	0.408997955010225
chr6	89	1	462.0	0.21645021645021645
chr6	90	1	442.0	0.22624434389140274
chr6	91	2	424.0	0.4716981132075472
chr6	92	0	405.0	0.0
chr6	93	1	384.0	0.26041666666666663
chr6	94	0	354.0	0.0
chr6	95	1	333.0	0.3003003003003003
chr6	96	2	313.0	0.6389776357827476
chr6	97	1	292.0	0.3424657534246575
chr6	98	1	275.0	0.36363636363636365
chr6	99	1	259.0	0.3861003861003861
chr6	100	2	248.0	0.8064516129032258
chr6	101	1	228.0	0.43859649122807015
chr6	102	3	211.0	1.4218009478672986
chr6	103	0	187.0	0.0
chr6	104	0	163.0	0.0
chr6	105	0	149.0	0.0
chr6	106	0	132.0	0.0
chr6	107	0	123.0	0.0
chr6	108	0	114.0	0.0
chr6	109	0	100.0	0.0
chr6	110	0	92.0	0.0
chr6	111	0	79.0	0.0
chr6	112	0	65.0	0.0
chr6	113	0	51.0	0.0
chr6	114	0	45.0	0.0
chr6	115	0	31.0	0.0
chr6	116	0	22.0	0.0
chr6	117	0	14.0	0.0
chr6	118	0	3.0	0.0
chr6	119	0	0.0	nan
chr6	120	0	0.0	nan
chr6	121	0	0.0	nan
chr6	122	0	0.0	nan
chr6	123	0	0.0	nan
chr6	124	0	0.0	nan
chr6	125	0	0.0	nan
chr6	126	0	0.0	nan
chr6	127	0	0.0	nan
chr6	128	0	0.0	nan
chr6	129	0	0.0	nan
chr6	130	0	0.0	nan
chr6	131	0	0.0	nan
chr6	132	0	0.0	nan
chr6	133	0	0.0	nan
chr7	-144	0	0.0	nan
chr7	-143	0	0.0	nan
chr7	-142	0	0.0	nan
chr7	-141	0	0.0	nan
chr7	-140	0	0.0	nan
chr7	-139	0	3.0	0.0
chr7	-138	0	3.0	0.0
chr7	-137	0	4.0	0.0
chr7	-136	0	7.0	0.0
chr7	-135	0	7.0	0.0
chr7	-134	0	8.0	0.0
chr7	-133	0	8.0	0.0
chr7	-132	0	9.0	0.0
chr7	-131	0	10.0	0.0
chr7	-130	0	39.0	0.0
chr7	-129	0	91.0	0.0
chr7	-128	0	158.0	0.0
chr7	-127	1	226.0	0.4424778761061947
chr7	-126	0	308.0	0.0
chr7	-125	1	395.0	0.25316455696202533
chr7	-124	0	488.0	0.0
chr7	-123	2	579.0	0.3454231433506045
chr7	-122	2	670.0	0.2985074626865672
chr7	-121	1	767.0	0.1303780964797914
chr7	-120	2	875.0	0.2285714285714286
chr7	-119	0	971.0	0.0
chr7	-118	3	1082.0	0.27726432532347506
chr7	-117	0	1179.0	0.0
chr7	-116	0	1292.0	0.0
chr7	-115	5	1398.0	0.35765379113018597
chr7	-114	2	1501.0	0.13324450366422386
chr7	-113	8	1596.0	0.5012531328320802
chr7	-112	3	1693.0	0.1772002362669817
chr7	-111	3	1797.0	0.1669449081803005
chr7	-110	3	1915.0	0.1566579634464752
chr7	-109	2	2020.0	0.09900990099009901
chr7	-108	7	2136.0	0.32771535580524347
chr7	-107	1	2258.0	0.04428697962798937
chr7	-106	3	2399.0	0.12505210504376824
chr7	-105	4	2503.0	0.15980823012385137
chr7	-104	2	2609.0	0.07665772326561901
chr7	-103	5	2720.0	0.1838235294117647
chr7	-102	1	2863.0	0.0349283967865875
chr7	-101	4	2974.0	0.13449899125756556
chr7	-100	3	3091.0	0.09705596894208994
chr7	-99	15	3214.0	0.4667081518357187
chr7	-98	1	3340.0	0.029940119760479042
chr7	-97	10	3445.0	0.29027576197387517
chr7	-96	5	3571.0	0.14001680201624195
chr7	-95	9	3712.0	0.24245689655172414
chr7	-94	11	3843.0	0.28623471246422066
chr7	-93	10	3962.0	0.2523977788995457
chr7	-92	6	4086.0	0.14684287812041116
chr7	-91	8	4226.0	0.18930430667297682
chr7	-90	8	4352.0	0.1838235294117647
chr7	-89	15	4494.0	0.33377837116154874
chr7	-88	13	4621.0	0.2813243886604631
chr7	-87	5	4745.0	0.10537407797681769
chr7	-86	7	4867.0	0.14382576535853708
chr7	-85	9	5012.0	0.17956903431763765
chr7	-84	15	5136.0	0.29205607476635514
chr7	-83	16	5298.0	0.3020007550018875
chr7	-82	7	5412.0	0.1293422025129342
chr7	-81	15	5580.0	0.2688172043010753
chr7	-80	11	5730.0	0.19197207678883071
chr7	-79	18	5887.0	0.30575845082384917
chr7	-78	8	6015.0	0.13300083125519535
chr7	-77	14	6142.0	0.22793878215564964
chr7	-76	4	6280.0	0.06369426751592357
chr7	-75	11	6427.0	0.17115294849852186
chr7	-74	13	6562.0	0.19811033221578786
chr7	-73	11	6682.0	0.16462137084705178
chr7	-72	11	6807.0	0.16159835463493463
chr7	-71	23	6924.0	0.3321779318313114
chr7	-70	11	7059.0	0.1558294375973934
chr7	-69	17	7204.0	0.2359800111049417
chr7	-68	20	7340.0	0.2724795640326975
chr7	-67	18	7483.0	0.2405452358679674
chr7	-66	21	7631.0	0.27519329052548813
chr7	-65	7	7816.0	0.08955987717502559
chr7	-64	22	7943.0	0.27697343572957317
chr7	-63	22	8089.0	0.27197428606749907
chr7	-62	11	8230.0	0.1336573511543135
chr7	-61	32	8358.0	0.382866714525006
chr7	-60	8	8521.0	0.09388569416735125
chr7	-59	25	8681.0	0.28798525515493606
chr7	-58	17	8828.0	0.1925690983235161
chr7	-57	43	8976.0	0.4790552584670231
chr7	-56	9	9128.0	0.0985977212971078
chr7	-55	20	9270.0	0.2157497303128371
chr7	-54	18	9395.0	0.19159127195316658
chr7	-53	12	9537.0	0.12582573136206354
chr7	-52	21	9662.0	0.21734630511281308
chr7	-51	43	9793.0	0.439089145307873
chr7	-50	20	9926.0	0.20149103364900264
chr7	-49	28	10075.0	0.27791563275434245
chr7	-48	16	10216.0	0.15661707126076743
chr7	-47	26	10362.0	0.25091681142636557
chr7	-46	30	10488.0	0.2860411899313501
chr7	-45	32	10619.0	0.3013466428100574
chr7	-44	21	10770.0	0.19498607242339833
chr7	-43	13	10917.0	0.1190803334249336
chr7	-42	22	11080.0	0.19855595667870035
chr7	-41	24	11226.0	0.2137894174238375
chr7	-40	24	11374.0	0.21100756110427288
chr7	-39	22	11521.0	0.19095564621126637
chr7	-38	6	11652.0	0.051493305870236865
chr7	-37	39	11810.0	0.3302286198137172
chr7	-36	29	11960.0	0.24247491638795987
chr7	-35	39	12113.0	0.32196813341038555
chr7	-34	25	12286.0	0.2034836399153508
chr7	-33	28	12439.0	0.22509848058525606
chr7	-32	25	12578.0	0.19875973922722215
chr7	-31	29	12722.0	0.227951579940261
chr7	-30	24	12860.0	0.18662519440124417
chr7	-29	22	13001.0	0.1692177524805784
chr7	-28	41	13161.0	0.3115264797507788
chr7	-27	41	13306.0	0.30813166992334284
chr7	-26	20	13444.0	0.1487652484379649
chr7	-25	36	13581.0	0.26507620941020543
chr7	-24	39	13712.0	0.28442240373395566
chr7	-23	52	13859.0	0.375207446424706
chr7	-22	22	14014.0	0.15698587127158556
chr7	-21	20	14165.0	0.1411930815390046
chr7	-20	46	14307.0	0.3215209338086251
chr7	-19	63	14435.0	0.43643921025285765
chr7	-18	30	14600.0	0.2054794520547945
chr7	-17	33	14760.0	0.22357723577235775
chr7	-16	26	14899.0	0.1745083562655212
chr7	-15	25	15061.0	0.1659916340216453
chr7	-14	37	15198.0	0.2434530859323595
chr7	-13	38	15339.0	0.2477345328900189
chr7	-12	24	15469.0	0.15514900769280496
chr7	-11	22	15642.0	0.14064697609001406
chr7	-10	45	15772.0	0.2853157494293685
chr7	-9	61	15770.0	0.3868103994927077
chr7	-8	30	15776.0	0.19016227180527384
chr7	-7	31	15775.0	0.196513470681458
chr7	-6	18	15757.0	0.11423494319984769
chr7	-5	35	15773.0	0.22189818043492046
chr7	-4	30	15767.0	0.1902708187987569
chr7	-3	62	15764.0	0.393301192590713
chr7	-2	60	15744.0	0.38109756097560976
chr7	-1	127	15719.0	0.8079394363509129
chr7	0	150	15362.0	0.9764353599791694
chr7	1	74	15250.0	0.4852459016393443
chr7	2	90	15156.0	0.5938242280285035
chr7	3	58	15043.0	0.3855613906800505
chr7	4	53	14935.0	0.35487110813525274
chr7	5	42	14781.0	0.2841485691089913
chr7	6	39	14687.0	0.265540954585688
chr7	7	50	14556.0	0.34350096180269307
chr7	8	65	14403.0	0.4512948691244879
chr7	9	58	14255.0	0.4068747807786741
chr7	10	31	14113.0	0.219655636647063
chr7	11	39	13957.0	0.27942967686465575
chr7	12	33	13844.0	0.23837041317538282
chr7	13	48	13722.0	0.34980323567993005
chr7	14	20	13597.0	0.1470912701331176
chr7	15	34	13467.0	0.2524689982921215
chr7	16	36	13339.0	0.2698852987480321
chr7	17	54	13192.0	0.4093389933292905
chr7	18	59	13058.0	0.4518302956042273
chr7	19	64	12929.0	0.495011215097842
chr7	20	37	12799.0	0.28908508477224787
chr7	21	42	12670.0	0.3314917127071823
chr7	22	71	12537.0	0.5663236819015713
chr7	23	33	12393.0	0.2662793512466715
chr7	24	53	12254.0	0.43251183287089934
chr7	25	35	12138.0	0.28835063437139563
chr7	26	54	12006.0	0.4497751124437781
chr7	27	38	11850.0	0.32067510548523204
chr7	28	41	11712.0	0.350068306010929
chr7	29	34	11568.0	0.2939142461964039
chr7	30	46	11445.0	0.4019222367846221
chr7	31	36	11306.0	0.3184150008844861
chr7	32	40	11171.0	0.358070002685525
chr7	33	58	11034.0	0.5256479970998732
chr7	34	52	10902.0	0.4769767015226564
chr7	35	46	10788.0	0.4263997033741194
chr7	36	51	10657.0	0.47855869381627103
chr7	37	28	10519.0	0.26618499857400896
chr7	38	27	10387.0	0.25994031000288825
chr7	39	26	10214.0	0.25455257489719996
chr7	40	42	10075.0	0.41687344913151364
chr7	41	40	9940.0	0.4024144869215292
chr7	42	17	9820.0	0.17311608961303462
chr7	43	26	9686.0	0.26842865992153625
chr7	44	34	9532.0	0.35669324381032314
chr7	45	38	9389.0	0.4047289381190755
chr7	46	34	9252.0	0.36748811067877213
chr7	47	20	9102.0	0.21973192704900021
chr7	48	35	8968.0	0.3902765388046387
chr7	49	25	8816.0	0.2835753176043557
chr7	50	53	8665.0	0.6116560877091748
chr7	51	45	8529.0	0.5276116778051354
chr7	52	26	8396.0	0.30967127203430206
chr7	53	15	8252.0	0.1817741153659719
chr7	54	36	8099.0	0.4444993209038153
chr7	55	23	7961.0	0.2889084285893732
chr7	56	32	7822.0	0.4091025313219126
chr7	57	16	7689.0	0.20808947847574458
chr7	58	28	7524.0	0.3721424774056353
chr7	59	19	7381.0	0.257417694079393
chr7	60	26	7258.0	0.35822540644805734
chr7	61	27	7114.0	0.3795333145909474
chr7	62	21	6962.0	0.30163746049985635
chr7	63	24	6830.0	0.3513909224011713
chr7	64	23	6685.0	0.34405385190725507
chr7	65	30	6571.0	0.4565515142291888
chr7	66	29	6420.0	0.4517133956386293
chr7	67	22	6299.0	0.349261787585331
chr7	68	23	6148.0	0.3741054001301236
chr7	69	24	5983.0	0.4011365535684439
chr7	70	23	5847.0	0.3933641183512912
chr7	71	15	5705.0	0.26292725679228746
chr7	72	12	5557.0	0.21594385459780457
chr7	73	29	5410.0	0.5360443622920518
chr7	74	21	5282.0	0.3975766755017039
chr7	75	6	5145.0	0.11661807580174927
chr7	76	14	5019.0	0.2789400278940028
chr7	77	16	4885.0	0.3275332650972364
chr7	78	14	4759.0	0.2941794494641731
chr7	79	15	4613.0	0.3251680034684587
chr7	80	25	4459.0	0.5606638259699483
chr7	81	15	4307.0	0.3482702577199907
chr7	82	14	4175.0	0.33532934131736525
chr7	83	18	4037.0	0.4458756502353232
chr7	84	11	3912.0	0.28118609406952966
chr7	85	13	3767.0	0.34510220334483677
chr7	86	8	3630.0	0.22038567493112945
chr7	87	20	3505.0	0.5706134094151213
chr7	88	17	3351.0	0.5073112503730229
chr7	89	17	3219.0	0.5281143212177695
chr7	90	7	3103.0	0.2255881405091847
chr7	91	8	2961.0	0.2701789935832489
chr7	92	5	2837.0	0.17624250969333805
chr7	93	9	2696.0	0.33382789317507416
chr7	94	8	2558.0	0.3127443315089914
chr7	95	9	2432.0	0.3700657894736842
chr7	96	12	2309.0	0.5197055002165439
chr7	97	4	2200.0	0.18181818181818182
chr7	98	12	2090.0	0.5741626794258373
chr7	99	5	1976.0	0.25303643724696356
chr7	100	8	1862.0	0.4296455424274973
chr7	101	4	1742.0	0.2296211251435132
chr7	102	4	1640.0	0.24390243902439024
chr7	103	7	1516.0	0.46174142480211083
chr7	104	5	1420.0	0.35211267605633806
chr7	105	8	1313.0	0.6092916984006093
chr7	106	3	1193.0	0.2514668901927913
chr7	107	4	1090.0	0.3669724770642202
chr7	108	1	968.0	0.10330578512396695
chr7	109	0	860.0	0.0
chr7	110	4	756.0	0.5291005291005291
chr7	111	6	640.0	0.9375
chr7	112	2	530.0	0.37735849056603776
chr7	113	4	432.0	0.9259259259259258
chr7	114	3	326.0	0.9202453987730062
chr7	115	0	238.0	0.0
chr7	116	1	157.0	0.6369426751592357
chr7	117	1	88.0	1.1363636363636365
chr7	118	1	42.0	2.380952380952381
chr7	119	0	0.0	nan
chr7	120	0	0.0	nan
chr7	121	0	0.0	nan
chr7	122	0	0.0	nan
chr7	123	0	0.0	nan
chr7	124	0	0.0	nan
chr7	125	0	0.0	nan
chr7	126	0	0.0	nan
chr7	127	0	0.0	nan
chr7	128	0	0.0	nan
chr7	129	0	0.0	nan
chr7	130	0	0.0	nan
chr7	131	0	0.0	nan
chr7	132	0	0.0	nan
chr7	133	0	0.0	nan
chr7	134	0	0.0	nan
chr7	135	0	0.0	nan
chr7	136	0	0.0	nan
chr7	137	0	0.0	nan
chr7	138	0	0.0	nan
chr7	139	0	0.0	nan
chr7	140	0	0.0	nan
chr7	141	0	0.0	nan
chr7	142	0	0.0	nan
chr7	143	0	0.0	nan
chr7	144	0	0.0	nan
chr7	145	0	0.0	nan
chr7	146	0	0.0	nan
chr7	147	0	0.0	nan
chr7	148	0	0.0	nan
chr7	149	0	0.0	nan
chr7	150	0	0.0	nan
chr8	-145	0	0.0	nan
chr8	-144	0	0.0	nan
chr8	-143	0	0.0	nan
chr8	-142	0	0.0	nan
chr8	-141	0	0.0	nan
chr8	-140	0	0.0	nan
chr8	-139	0	1.0	0.0
chr8	-138	0	1.0	0.0
chr8	-137	0	1.0	0.0
chr8	-136	0	1.0	0.0
chr8	-135	0	1.0	0.0
chr8	-134	0	1.0	0.0
chr8	-133	0	1.0	0.0
chr8	-132	0	1.0	0.0
chr8	-131	0	1.0	0.0
chr8	-130	0	6.0	0.0
chr8	-129	0	10.0	0.0
chr8	-128	0	29.0	0.0
chr8	-127	0	46.0	0.0
chr8	-126	0	60.0	0.0
chr8	-125	0	75.0	0.0
chr8	-124	0	97.0	0.0
chr8	-123	0	116.0	0.0
chr8	-122	1	131.0	0.7633587786259541
chr8	-121	0	142.0	0.0
chr8	-120	1	161.0	0.6211180124223602
chr8	-119	1	172.0	0.5813953488372093
chr8	-118	0	186.0	0.0
chr8	-117	0	202.0	0.0
chr8	-116	0	218.0	0.0
chr8	-115	0	231.0	0.0
chr8	-114	0	250.0	0.0
chr8	-113	2	271.0	0.7380073800738007
chr8	-112	0	292.0	0.0
chr8	-111	0	312.0	0.0
chr8	-110	0	336.0	0.0
chr8	-109	0	349.0	0.0
chr8	-108	0	370.0	0.0
chr8	-107	3	392.0	0.7653061224489796
chr8	-106	3	409.0	0.7334963325183375
chr8	-105	2	432.0	0.4629629629629629
chr8	-104	1	458.0	0.21834061135371177
chr8	-103	2	483.0	0.4140786749482402
chr8	-102	1	505.0	0.19801980198019803
chr8	-101	1	525.0	0.19047619047619047
chr8	-100	8	553.0	1.4466546112115732
chr8	-99	0	581.0	0.0
chr8	-98	0	599.0	0.0
chr8	-97	4	624.0	0.641025641025641
chr8	-96	2	654.0	0.3058103975535168
chr8	-95	2	678.0	0.2949852507374631
chr8	-94	0	691.0	0.0
chr8	-93	0	717.0	0.0
chr8	-92	2	737.0	0.27137042062415195
chr8	-91	1	759.0	0.13175230566534915
chr8	-90	6	781.0	0.7682458386683738
chr8	-89	2	811.0	0.2466091245376079
chr8	-88	0	838.0	0.0
chr8	-87	2	858.0	0.2331002331002331
chr8	-86	1	877.0	0.11402508551881414
chr8	-85	4	892.0	0.4484304932735426
chr8	-84	0	911.0	0.0
chr8	-83	2	941.0	0.21253985122210414
chr8	-82	2	967.0	0.2068252326783868
chr8	-81	15	988.0	1.5182186234817814
chr8	-80	0	1010.0	0.0
chr8	-79	5	1033.0	0.48402710551790895
chr8	-78	8	1064.0	0.7518796992481203
chr8	-77	1	1087.0	0.09199632014719411
chr8	-76	4	1108.0	0.36101083032490977
chr8	-75	2	1135.0	0.1762114537444934
chr8	-74	0	1162.0	0.0
chr8	-73	0	1184.0	0.0
chr8	-72	14	1209.0	1.1579818031430935
chr8	-71	2	1228.0	0.16286644951140067
chr8	-70	4	1245.0	0.321285140562249
chr8	-69	12	1271.0	0.9441384736428009
chr8	-68	4	1289.0	0.3103180760279286
chr8	-67	15	1320.0	1.1363636363636365
chr8	-66	1	1336.0	0.07485029940119761
chr8	-65	1	1355.0	0.07380073800738007
chr8	-64	0	1369.0	0.0
chr8	-63	0	1392.0	0.0
chr8	-62	7	1415.0	0.49469964664310956
chr8	-61	9	1439.0	0.6254343293954135
chr8	-60	5	1466.0	0.34106412005457026
chr8	-59	7	1484.0	0.4716981132075472
chr8	-58	2	1498.0	0.13351134846461948
chr8	-57	3	1518.0	0.1976284584980237
chr8	-56	0	1549.0	0.0
chr8	-55	1	1579.0	0.06333122229259025
chr8	-54	2	1613.0	0.12399256044637322
chr8	-53	12	1643.0	0.7303712720632989
chr8	-52	1	1665.0	0.06006006006006006
chr8	-51	6	1692.0	0.3546099290780142
chr8	-50	4	1719.0	0.2326934264107039
chr8	-49	10	1737.0	0.5757052389176741
chr8	-48	2	1754.0	0.11402508551881414
chr8	-47	3	1781.0	0.16844469399213924
chr8	-46	1	1805.0	0.0554016620498615
chr8	-45	5	1830.0	0.273224043715847
chr8	-44	5	1858.0	0.2691065662002153
chr8	-43	20	1878.0	1.0649627263045793
chr8	-42	11	1902.0	0.5783385909568874
chr8	-41	4	1919.0	0.20844189682126105
chr8	-40	1	1935.0	0.05167958656330749
chr8	-39	7	1959.0	0.35732516590096985
chr8	-38	4	1983.0	0.2017145738779627
chr8	-37	5	2019.0	0.24764735017335313
chr8	-36	1	2044.0	0.04892367906066536
chr8	-35	1	2065.0	0.048426150121065374
chr8	-34	5	2092.0	0.23900573613766732
chr8	-33	2	2119.0	0.09438414346389806
chr8	-32	0	2146.0	0.0
chr8	-31	3	2172.0	0.13812154696132595
chr8	-30	4	2206.0	0.1813236627379873
chr8	-29	8	2228.0	0.3590664272890485
chr8	-28	3	2254.0	0.13309671694764863
chr8	-27	4	2272.0	0.17605633802816903
chr8	-26	9	2294.0	0.3923278116826504
chr8	-25	2	2321.0	0.08616975441619991
chr8	-24	1	2355.0	0.042462845010615716
chr8	-23	6	2387.0	0.25136154168412234
chr8	-22	4	2422.0	0.16515276630883566
chr8	-21	2	2443.0	0.08186655751125665
chr8	-20	3	2463.0	0.12180267965895249
chr8	-19	2	2478.0	0.08071025020177562
chr8	-18	4	2503.0	0.15980823012385137
chr8	-17	9	2529.0	0.3558718861209964
chr8	-16	6	2556.0	0.2347417840375587
chr8	-15	7	2578.0	0.27152831652443754
chr8	-14	9	2601.0	0.34602076124567477
chr8	-13	8	2640.0	0.30303030303030304
chr8	-12	2	2670.0	0.0749063670411985
chr8	-11	9	2690.0	0.3345724907063197
chr8	-10	5	2716.0	0.1840942562592047
chr8	-9	7	2716.0	0.25773195876288657
chr8	-8	15	2716.0	0.5522827687776142
chr8	-7	10	2716.0	0.3681885125184094
chr8	-6	10	2709.0	0.36913990402362495
chr8	-5	7	2709.0	0.2583979328165375
chr8	-4	13	2707.0	0.4802364240857037
chr8	-3	4	2707.0	0.1477650535648319
chr8	-2	16	2704.0	0.591715976331361
chr8	-1	19	2686.0	0.7073715562174236
chr8	0	23	2648.0	0.8685800604229608
chr8	1	15	2631.0	0.5701254275940707
chr8	2	16	2610.0	0.6130268199233717
chr8	3	12	2596.0	0.46224961479198773
chr8	4	15	2580.0	0.5813953488372093
chr8	5	7	2540.0	0.2755905511811024
chr8	6	8	2517.0	0.31783869686134286
chr8	7	14	2497.0	0.5606728073688426
chr8	8	10	2484.0	0.40257648953301123
chr8	9	6	2465.0	0.2434077079107505
chr8	10	10	2443.0	0.4093327875562832
chr8	11	11	2420.0	0.45454545454545453
chr8	12	3	2398.0	0.12510425354462051
chr8	13	6	2372.0	0.25295109612141653
chr8	14	5	2350.0	0.2127659574468085
chr8	15	5	2322.0	0.2153316106804479
chr8	16	11	2297.0	0.478885502829778
chr8	17	8	2273.0	0.3519577650681918
chr8	18	1	2236.0	0.044722719141323794
chr8	19	4	2218.0	0.18034265103697023
chr8	20	5	2195.0	0.22779043280182232
chr8	21	7	2172.0	0.32228360957642727
chr8	22	4	2145.0	0.1864801864801865
chr8	23	5	2125.0	0.2352941176470588
chr8	24	5	2091.0	0.23912003825920614
chr8	25	9	2067.0	0.43541364296081275
chr8	26	1	2044.0	0.04892367906066536
chr8	27	5	2025.0	0.24691358024691357
chr8	28	2	1993.0	0.10035122930255895
chr8	29	3	1971.0	0.15220700152207
chr8	30	2	1945.0	0.10282776349614395
chr8	31	2	1924.0	0.10395010395010396
chr8	32	0	1894.0	0.0
chr8	33	1	1870.0	0.053475935828877004
chr8	34	4	1856.0	0.21551724137931033
chr8	35	10	1838.0	0.544069640914037
chr8	36	6	1819.0	0.32985156679494226
chr8	37	7	1795.0	0.38997214484679665
chr8	38	1	1776.0	0.05630630630630631
chr8	39	4	1742.0	0.2296211251435132
chr8	40	10	1726.0	0.5793742757821553
chr8	41	9	1711.0	0.5260081823495032
chr8	42	11	1672.0	0.6578947368421052
chr8	43	7	1649.0	0.42449969678593086
chr8	44	7	1617.0	0.4329004329004329
chr8	45	5	1593.0	0.31387319522912743
chr8	46	5	1570.0	0.3184713375796179
chr8	47	3	1548.0	0.1937984496124031
chr8	48	4	1521.0	0.26298487836949375
chr8	49	6	1494.0	0.4016064257028112
chr8	50	5	1470.0	0.3401360544217687
chr8	51	4	1445.0	0.27681660899653976
chr8	52	18	1410.0	1.276595744680851
chr8	53	2	1393.0	0.14357501794687724
chr8	54	2	1367.0	0.1463057790782736
chr8	55	9	1350.0	0.6666666666666667
chr8	56	2	1325.0	0.1509433962264151
chr8	57	1	1303.0	0.07674597083653108
chr8	58	5	1274.0	0.39246467817896385
chr8	59	7	1254.0	0.5582137161084529
chr8	60	6	1229.0	0.4882017900732303
chr8	61	11	1206.0	0.9121061359867331
chr8	62	3	1186.0	0.25295109612141653
chr8	63	0	1171.0	0.0
chr8	64	1	1148.0	0.08710801393728224
chr8	65	4	1129.0	0.354295837023915
chr8	66	9	1109.0	0.8115419296663661
chr8	67	2	1088.0	0.1838235294117647
chr8	68	6	1056.0	0.5681818181818182
chr8	69	4	1030.0	0.3883495145631068
chr8	70	3	1022.0	0.29354207436399216
chr8	71	9	997.0	0.9027081243731194
chr8	72	2	968.0	0.2066115702479339
chr8	73	1	937.0	0.10672358591248667
chr8	74	4	906.0	0.44150110375275936
chr8	75	4	871.0	0.4592422502870264
chr8	76	3	857.0	0.3500583430571762
chr8	77	5	834.0	0.5995203836930456
chr8	78	6	810.0	0.7407407407407408
chr8	79	0	792.0	0.0
chr8	80	4	776.0	0.5154639175257731
chr8	81	2	748.0	0.267379679144385
chr8	82	2	729.0	0.2743484224965706
chr8	83	2	703.0	0.2844950213371266
chr8	84	5	684.0	0.7309941520467835
chr8	85	1	663.0	0.1508295625942685
chr8	86	1	638.0	0.1567398119122257
chr8	87	1	606.0	0.16501650165016502
chr8	88	4	591.0	0.676818950930626
chr8	89	4	563.0	0.7104795737122558
chr8	90	0	533.0	0.0
chr8	91	5	505.0	0.9900990099009901
chr8	92	1	479.0	0.20876826722338201
chr8	93	2	459.0	0.4357298474945534
chr8	94	3	441.0	0.6802721088435374
chr8	95	3	415.0	0.7228915662650602
chr8	96	1	399.0	0.2506265664160401
chr8	97	1	378.0	0.26455026455026454
chr8	98	3	359.0	0.8356545961002786
chr8	99	2	320.0	0.625
chr8	100	0	305.0	0.0
chr8	101	1	283.0	0.35335689045936397
chr8	102	1	267.0	0.37453183520599254
chr8	103	2	249.0	0.8032128514056224
chr8	104	0	223.0	0.0
chr8	105	2	211.0	0.9478672985781991
chr8	106	1	189.0	0.5291005291005291
chr8	107	1	170.0	0.5882352941176471
chr8	108	0	157.0	0.0
chr8	109	1	146.0	0.684931506849315
chr8	110	0	131.0	0.0
chr8	111	0	120.0	0.0
chr8	112	0	101.0	0.0
chr8	113	0	87.0	0.0
chr8	114	2	71.0	2.8169014084507045
chr8	115	0	45.0	0.0
chr8	116	0	30.0	0.0
chr8	117	0	16.0	0.0
chr8	118	0	6.0	0.0
chr8	119	0	0.0	nan
chr8	120	0	0.0	nan
chr8	121	0	0.0	nan
chr8	122	0	0.0	nan
chr8	123	0	0.0	nan
chr8	124	0	0.0	nan
chr8	125	0	0.0	nan
chr8	126	0	0.0	nan
chr8	127	0	0.0	nan
chr8	128	0	0.0	nan
chr8	129	0	0.0	nan
chr8	130	0	0.0	nan
chr8	131	0	0.0	nan
chr8	132	0	0.0	nan
chr8	133	0	0.0	nan
chr8	134	0	0.0	nan
chr8	135	0	0.0	nan
chr8	136	0	0.0	nan
chr8	137	0	0.0	nan
chr8	138	0	0.0	nan
chr8	139	0	0.0	nan
chr8	140	0	0.0	nan
chr8	141	0	0.0	nan
chr8	142	0	0.0	nan
chr8	143	0	0.0	nan
chr8	144	0	0.0	nan
chr8	145	0	0.0	nan
chr8	146	0	0.0	nan
chr8	147	0	0.0	nan
chr9	-137	1	1.0	100.0
chr9	-136	0	1.0	0.0
chr9	-135	0	1.0	0.0
chr9	-134	0	1.0	0.0
chr9	-133	0	1.0	0.0
chr9	-132	0	1.0	0.0
chr9	-131	0	1.0	0.0
chr9	-130	0	5.0	0.0
chr9	-129	0	15.0	0.0
chr9	-128	0	29.0	0.0
chr9	-127	0	38.0	0.0
chr9	-126	0	53.0	0.0
chr9	-125	0	72.0	0.0
chr9	-124	3	96.0	3.125
chr9	-123	0	117.0	0.0
chr9	-122	0	135.0	0.0
chr9	-121	1	159.0	0.628930817610063
chr9	-120	0	180.0	0.0
chr9	-119	1	204.0	0.49019607843137253
chr9	-118	0	225.0	0.0
chr9	-117	1	248.0	0.4032258064516129
chr9	-116	1	263.0	0.38022813688212925
chr9	-115	1	292.0	0.3424657534246575
chr9	-114	0	323.0	0.0
chr9	-113	0	347.0	0.0
chr9	-112	0	368.0	0.0
chr9	-111	1	401.0	0.24937655860349126
chr9	-110	1	434.0	0.2304147465437788
chr9	-109	0	464.0	0.0
chr9	-108	1	495.0	0.20202020202020202
chr9	-107	2	527.0	0.3795066413662239
chr9	-106	0	548.0	0.0
chr9	-105	1	568.0	0.17605633802816903
chr9	-104	1	594.0	0.16835016835016833
chr9	-103	1	619.0	0.16155088852988692
chr9	-102	0	644.0	0.0
chr9	-101	0	665.0	0.0
chr9	-100	0	700.0	0.0
chr9	-99	1	735.0	0.13605442176870747
chr9	-98	0	771.0	0.0
chr9	-97	0	804.0	0.0
chr9	-96	2	837.0	0.23894862604540024
chr9	-95	2	864.0	0.23148148148148145
chr9	-94	2	885.0	0.22598870056497175
chr9	-93	0	917.0	0.0
chr9	-92	1	953.0	0.1049317943336831
chr9	-91	1	982.0	0.10183299389002036
chr9	-90	1	1020.0	0.09803921568627451
chr9	-89	0	1052.0	0.0
chr9	-88	0	1093.0	0.0
chr9	-87	4	1116.0	0.35842293906810035
chr9	-86	0	1151.0	0.0
chr9	-85	4	1181.0	0.3386960203217612
chr9	-84	0	1216.0	0.0
chr9	-83	7	1255.0	0.5577689243027889
chr9	-82	0	1284.0	0.0
chr9	-81	2	1320.0	0.15151515151515152
chr9	-80	1	1347.0	0.07423904974016332
chr9	-79	3	1376.0	0.2180232558139535
chr9	-78	2	1405.0	0.1423487544483986
chr9	-77	1	1450.0	0.06896551724137931
chr9	-76	1	1479.0	0.0676132521974307
chr9	-75	1	1515.0	0.066006600660066
chr9	-74	7	1553.0	0.4507405022537025
chr9	-73	0	1591.0	0.0
chr9	-72	1	1630.0	0.06134969325153375
chr9	-71	1	1649.0	0.06064281382656155
chr9	-70	1	1677.0	0.05963029218843172
chr9	-69	4	1710.0	0.23391812865497078
chr9	-68	3	1733.0	0.17311021350259664
chr9	-67	1	1782.0	0.05611672278338946
chr9	-66	2	1824.0	0.10964912280701754
chr9	-65	0	1866.0	0.0
chr9	-64	14	1895.0	0.7387862796833773
chr9	-63	7	1926.0	0.363447559709242
chr9	-62	2	1955.0	0.10230179028132991
chr9	-61	2	1982.0	0.10090817356205853
chr9	-60	5	2005.0	0.24937655860349126
chr9	-59	2	2043.0	0.09789525208027411
chr9	-58	3	2082.0	0.1440922190201729
chr9	-57	3	2113.0	0.14197823000473261
chr9	-56	4	2147.0	0.18630647414997673
chr9	-55	0	2177.0	0.0
chr9	-54	2	2204.0	0.09074410163339383
chr9	-53	7	2242.0	0.31222123104371097
chr9	-52	9	2278.0	0.39508340649692714
chr9	-51	9	2305.0	0.39045553145336226
chr9	-50	8	2335.0	0.3426124197002141
chr9	-49	0	2356.0	0.0
chr9	-48	1	2397.0	0.041718815185648725
chr9	-47	2	2426.0	0.08244023083264633
chr9	-46	1	2457.0	0.0407000407000407
chr9	-45	13	2501.0	0.5197920831667333
chr9	-44	8	2543.0	0.31458906802988595
chr9	-43	2	2573.0	0.0777302759424796
chr9	-42	5	2602.0	0.1921598770176787
chr9	-41	9	2631.0	0.34207525655644244
chr9	-40	6	2669.0	0.22480329711502436
chr9	-39	12	2694.0	0.4454342984409799
chr9	-38	6	2723.0	0.22034520749173708
chr9	-37	2	2761.0	0.07243752263672583
chr9	-36	5	2800.0	0.17857142857142858
chr9	-35	9	2821.0	0.31903580290677064
chr9	-34	11	2859.0	0.38474991255683805
chr9	-33	5	2882.0	0.17349063150589866
chr9	-32	2	2913.0	0.06865774116031582
chr9	-31	24	2948.0	0.8141112618724559
chr9	-30	18	2981.0	0.6038242200603825
chr9	-29	3	3017.0	0.09943652635067948
chr9	-28	2	3050.0	0.06557377049180328
chr9	-27	2	3076.0	0.06501950585175553
chr9	-26	3	3108.0	0.09652509652509653
chr9	-25	3	3131.0	0.09581603321622484
chr9	-24	2	3171.0	0.06307158625039419
chr9	-23	3	3213.0	0.09337068160597572
chr9	-22	6	3247.0	0.1847859562673237
chr9	-21	6	3282.0	0.18281535648994515
chr9	-20	3	3313.0	0.09055236945366738
chr9	-19	9	3339.0	0.2695417789757413
chr9	-18	5	3383.0	0.14779781259237362
chr9	-17	7	3405.0	0.2055800293685756
chr9	-16	9	3441.0	0.26155187445510025
chr9	-15	24	3475.0	0.6906474820143885
chr9	-14	6	3506.0	0.17113519680547634
chr9	-13	4	3542.0	0.1129305477131564
chr9	-12	16	3570.0	0.44817927170868344
chr9	-11	6	3595.0	0.16689847009735745
chr9	-10	6	3630.0	0.1652892561983471
chr9	-9	2	3628.0	0.05512679162072767
chr9	-8	25	3629.0	0.6888950124001102
chr9	-7	5	3629.0	0.13777900248002206
chr9	-6	10	3626.0	0.27578599007170435
chr9	-5	7	3629.0	0.19289060347203085
chr9	-4	4	3628.0	0.11025358324145534
chr9	-3	14	3628.0	0.3858875413450937
chr9	-2	8	3627.0	0.22056796250344637
chr9	-1	35	3627.0	0.964984835952578
chr9	0	32	3564.0	0.8978675645342313
chr9	1	17	3533.0	0.4811774695726012
chr9	2	23	3508.0	0.6556442417331814
chr9	3	15	3470.0	0.43227665706051877
chr9	4	16	3438.0	0.4653868528214078
chr9	5	13	3400.0	0.3823529411764706
chr9	6	4	3388.0	0.11806375442739078
chr9	7	11	3368.0	0.32660332541567694
chr9	8	3	3335.0	0.08995502248875561
chr9	9	14	3291.0	0.42540261318748096
chr9	10	6	3258.0	0.1841620626151013
chr9	11	12	3236.0	0.3708281829419036
chr9	12	9	3200.0	0.28125
chr9	13	4	3170.0	0.12618296529968456
chr9	14	19	3127.0	0.6076111288775183
chr9	15	11	3097.0	0.35518243461414273
chr9	16	14	3057.0	0.45796532548249924
chr9	17	10	3037.0	0.3292723081988805
chr9	18	7	2986.0	0.23442732752846618
chr9	19	3	2945.0	0.10186757215619693
chr9	20	4	2909.0	0.13750429700928155
chr9	21	5	2870.0	0.17421602787456447
chr9	22	15	2832.0	0.5296610169491525
chr9	23	6	2803.0	0.21405636817695325
chr9	24	0	2783.0	0.0
chr9	25	8	2749.0	0.29101491451436884
chr9	26	6	2728.0	0.21994134897360706
chr9	27	6	2700.0	0.2222222222222222
chr9	28	14	2680.0	0.5223880597014926
chr9	29	15	2646.0	0.5668934240362812
chr9	30	12	2602.0	0.4611837048424289
chr9	31	9	2572.0	0.3499222395023328
chr9	32	2	2534.0	0.07892659826361484
chr9	33	4	2509.0	0.15942606616181745
chr9	34	8	2483.0	0.3221908981071285
chr9	35	6	2446.0	0.24529844644317253
chr9	36	3	2406.0	0.12468827930174563
chr9	37	4	2377.0	0.16827934371055953
chr9	38	10	2343.0	0.42680324370465217
chr9	39	5	2313.0	0.21616947686986598
chr9	40	9	2276.0	0.39543057996485065
chr9	41	2	2245.0	0.08908685968819599
chr9	42	4	2214.0	0.18066847335140018
chr9	43	9	2179.0	0.4130335016062414
chr9	44	4	2148.0	0.186219739292365
chr9	45	3	2114.0	0.14191106906338694
chr9	46	3	2077.0	0.14443909484833894
chr9	47	3	2043.0	0.14684287812041116
chr9	48	5	2003.0	0.24962556165751376
chr9	49	6	1973.0	0.30410542321338063
chr9	50	9	1944.0	0.4629629629629629
chr9	51	6	1924.0	0.31185031185031187
chr9	52	10	1892.0	0.5285412262156448
chr9	53	3	1858.0	0.16146393972012918
chr9	54	1	1820.0	0.054945054945054944
chr9	55	7	1788.0	0.39149888143176736
chr9	56	4	1759.0	0.22740193291642977
chr9	57	5	1726.0	0.28968713789107764
chr9	58	4	1689.0	0.2368265245707519
chr9	59	13	1657.0	0.7845503922751962
chr9	60	2	1617.0	0.12368583797155226
chr9	61	2	1590.0	0.12578616352201258
chr9	62	9	1546.0	0.5821474773609314
chr9	63	8	1518.0	0.5270092226613966
chr9	64	3	1478.0	0.20297699594046006
chr9	65	5	1443.0	0.3465003465003465
chr9	66	6	1414.0	0.4243281471004243
chr9	67	6	1390.0	0.4316546762589928
chr9	68	4	1356.0	0.2949852507374631
chr9	69	10	1330.0	0.7518796992481203
chr9	70	4	1299.0	0.30792917628945343
chr9	71	4	1256.0	0.3184713375796179
chr9	72	1	1216.0	0.08223684210526315
chr9	73	4	1185.0	0.33755274261603374
chr9	74	5	1159.0	0.4314063848144953
chr9	75	1	1119.0	0.08936550491510277
chr9	76	2	1099.0	0.18198362147406735
chr9	77	7	1070.0	0.6542056074766356
chr9	78	4	1036.0	0.3861003861003861
chr9	79	6	1006.0	0.5964214711729622
chr9	80	2	972.0	0.205761316872428
chr9	81	6	937.0	0.6403415154749199
chr9	82	4	902.0	0.4434589800443459
chr9	83	0	862.0	0.0
chr9	84	3	834.0	0.3597122302158274
chr9	85	3	805.0	0.37267080745341613
chr9	86	1	771.0	0.12970168612191957
chr9	87	2	746.0	0.2680965147453083
chr9	88	1	722.0	0.13850415512465375
chr9	89	2	690.0	0.2898550724637681
chr9	90	1	665.0	0.15037593984962408
chr9	91	4	637.0	0.6279434850863422
chr9	92	5	603.0	0.8291873963515755
chr9	93	3	574.0	0.5226480836236934
chr9	94	2	546.0	0.3663003663003663
chr9	95	2	512.0	0.390625
chr9	96	3	495.0	0.6060606060606061
chr9	97	0	468.0	0.0
chr9	98	1	445.0	0.22471910112359553
chr9	99	2	420.0	0.4761904761904762
chr9	100	3	393.0	0.7633587786259541
chr9	101	2	367.0	0.544959128065395
chr9	102	1	341.0	0.2932551319648094
chr9	103	3	317.0	0.9463722397476341
chr9	104	0	291.0	0.0
chr9	105	1	266.0	0.37593984962406013
chr9	106	2	245.0	0.8163265306122449
chr9	107	1	225.0	0.4444444444444444
chr9	108	0	201.0	0.0
chr9	109	0	182.0	0.0
chr9	110	0	157.0	0.0
chr9	111	0	131.0	0.0
chr9	112	0	108.0	0.0
chr9	113	1	90.0	1.1111111111111112
chr9	114	0	65.0	0.0
chr9	115	0	54.0	0.0
chr9	116	0	36.0	0.0
chr9	117	0	23.0	0.0
chr9	118	0	12.0	0.0
chr9	119	0	0.0	nan
chr9	120	0	0.0	nan
chr9	121	0	0.0	nan
chr9	122	0	0.0	nan
chr9	123	0	0.0	nan
chr9	124	0	0.0	nan
chr9	125	0	0.0	nan
chr9	126	0	0.0	nan
chr9	127	0	0.0	nan
chr9	128	0	0.0	nan
chr9	129	0	0.0	nan
chr9	130	0	0.0	nan
chr9	131	0	0.0	nan
chr9	132	0	0.0	nan
chr9	133	0	0.0	nan
chr9	134	0	0.0	nan
chr9	135	0	0.0	nan
chr9	136	0	0.0	nan
chr9	137	0	0.0	nan
chr9	138	0	0.0	nan
chr9	139	0	0.0	nan
chr9	140	0	0.0	nan
chr9	141	0	0.0	nan
chr9	142	0	0.0	nan
chr9	143	0	0.0	nan
chr9	144	0	0.0	nan
chr9	145	0	0.0	nan
chr9	146	0	0.0	nan
chr9	147	0	0.0	nan
chr9	148	0	0.0	nan
chr9	149	0	0.0	nan
chr9	150	0	0.0	nan
chr9	151	0	0.0	nan
chr9	152	0	0.0	nan
chr9	153	0	0.0	nan
chr10	-135	0	1.0	0.0
chr10	-134	0	1.0	0.0
chr10	-133	0	1.0	0.0
chr10	-132	0	1.0	0.0
chr10	-131	0	2.0	0.0
chr10	-130	0	5.0	0.0
chr10	-129	0	20.0	0.0
chr10	-128	0	28.0	0.0
chr10	-127	0	42.0	0.0
chr10	-126	1	62.0	1.6129032258064515
chr10	-125	0	78.0	0.0
chr10	-124	0	99.0	0.0
chr10	-123	0	112.0	0.0
chr10	-122	0	125.0	0.0
chr10	-121	0	138.0	0.0
chr10	-120	1	151.0	0.6622516556291391
chr10	-119	0	161.0	0.0
chr10	-118	0	173.0	0.0
chr10	-117	0	189.0	0.0
chr10	-116	0	210.0	0.0
chr10	-115	1	231.0	0.4329004329004329
chr10	-114	0	248.0	0.0
chr10	-113	5	269.0	1.858736059479554
chr10	-112	1	283.0	0.35335689045936397
chr10	-111	0	292.0	0.0
chr10	-110	2	305.0	0.6557377049180327
chr10	-109	0	320.0	0.0
chr10	-108	0	335.0	0.0
chr10	-107	2	343.0	0.5830903790087464
chr10	-106	1	355.0	0.28169014084507044
chr10	-105	2	373.0	0.5361930294906166
chr10	-104	0	393.0	0.0
chr10	-103	2	415.0	0.48192771084337355
chr10	-102	2	439.0	0.45558086560364464
chr10	-101	0	459.0	0.0
chr10	-100	1	483.0	0.2070393374741201
chr10	-99	0	505.0	0.0
chr10	-98	0	528.0	0.0
chr10	-97	0	549.0	0.0
chr10	-96	0	559.0	0.0
chr10	-95	4	586.0	0.6825938566552902
chr10	-94	1	613.0	0.1631321370309951
chr10	-93	0	625.0	0.0
chr10	-92	1	651.0	0.15360983102918588
chr10	-91	5	669.0	0.7473841554559043
chr10	-90	0	689.0	0.0
chr10	-89	0	716.0	0.0
chr10	-88	0	732.0	0.0
chr10	-87	0	754.0	0.0
chr10	-86	3	768.0	0.390625
chr10	-85	1	788.0	0.12690355329949238
chr10	-84	8	801.0	0.9987515605493134
chr10	-83	1	817.0	0.12239902080783352
chr10	-82	1	836.0	0.11961722488038277
chr10	-81	0	860.0	0.0
chr10	-80	1	879.0	0.11376564277588168
chr10	-79	0	896.0	0.0
chr10	-78	0	922.0	0.0
chr10	-77	0	945.0	0.0
chr10	-76	0	962.0	0.0
chr10	-75	0	985.0	0.0
chr10	-74	0	1009.0	0.0
chr10	-73	2	1039.0	0.192492781520693
chr10	-72	4	1060.0	0.37735849056603776
chr10	-71	1	1089.0	0.09182736455463728
chr10	-70	0	1112.0	0.0
chr10	-69	1	1134.0	0.08818342151675485
chr10	-68	1	1150.0	0.08695652173913043
chr10	-67	5	1174.0	0.42589437819420783
chr10	-66	1	1199.0	0.08340283569641367
chr10	-65	0	1220.0	0.0
chr10	-64	2	1241.0	0.16116035455278002
chr10	-63	9	1266.0	0.7109004739336493
chr10	-62	5	1291.0	0.3872966692486445
chr10	-61	2	1308.0	0.1529051987767584
chr10	-60	6	1327.0	0.45214770158251694
chr10	-59	5	1343.0	0.37230081906180196
chr10	-58	0	1352.0	0.0
chr10	-57	6	1383.0	0.43383947939262474
chr10	-56	5	1408.0	0.35511363636363635
chr10	-55	2	1439.0	0.13898540653231412
chr10	-54	1	1461.0	0.06844626967830253
chr10	-53	1	1477.0	0.06770480704129993
chr10	-52	1	1492.0	0.06702412868632708
chr10	-51	1	1509.0	0.06626905235255136
chr10	-50	9	1535.0	0.5863192182410424
chr10	-49	5	1557.0	0.3211303789338471
chr10	-48	1	1582.0	0.06321112515802782
chr10	-47	4	1611.0	0.2482929857231533
chr10	-46	3	1637.0	0.1832620647525962
chr10	-45	5	1660.0	0.30120481927710846
chr10	-44	0	1682.0	0.0
chr10	-43	2	1699.0	0.11771630370806356
chr10	-42	10	1729.0	0.578368999421631
chr10	-41	2	1746.0	0.11454753722794961
chr10	-40	1	1764.0	0.05668934240362812
chr10	-39	5	1788.0	0.2796420581655481
chr10	-38	2	1812.0	0.11037527593818984
chr10	-37	3	1831.0	0.1638448935008192
chr10	-36	1	1849.0	0.05408328826392645
chr10	-35	2	1866.0	0.10718113612004287
chr10	-34	2	1888.0	0.1059322033898305
chr10	-33	0	1910.0	0.0
chr10	-32	6	1936.0	0.30991735537190085
chr10	-31	5	1963.0	0.2547121752419766
chr10	-30	1	1987.0	0.050327126321087066
chr10	-29	1	2010.0	0.04975124378109452
chr10	-28	2	2029.0	0.09857072449482504
chr10	-27	0	2036.0	0.0
chr10	-26	2	2063.0	0.09694619486185167
chr10	-25	0	2098.0	0.0
chr10	-24	11	2124.0	0.5178907721280603
chr10	-23	2	2146.0	0.09319664492078285
chr10	-22	2	2184.0	0.09157509157509157
chr10	-21	1	2214.0	0.045167118337850046
chr10	-20	1	2231.0	0.04482294935006724
chr10	-19	2	2251.0	0.0888494002665482
chr10	-18	1	2279.0	0.04387889425186486
chr10	-17	2	2298.0	0.08703220191470844
chr10	-16	9	2323.0	0.38743004735256137
chr10	-15	15	2346.0	0.639386189258312
chr10	-14	0	2368.0	0.0
chr10	-13	2	2389.0	0.08371703641691085
chr10	-12	7	2402.0	0.29142381348875934
chr10	-11	2	2419.0	0.0826787928896238
chr10	-10	14	2444.0	0.5728314238952537
chr10	-9	1	2445.0	0.0408997955010225
chr10	-8	4	2445.0	0.16359918200409
chr10	-7	10	2445.0	0.408997955010225
chr10	-6	6	2445.0	0.245398773006135
chr10	-5	4	2445.0	0.16359918200409
chr10	-4	7	2440.0	0.28688524590163933
chr10	-3	4	2437.0	0.16413623307345096
chr10	-2	3	2434.0	0.12325390304026293
chr10	-1	15	2430.0	0.6172839506172839
chr10	0	16	2386.0	0.6705783738474435
chr10	1	6	2366.0	0.25359256128486896
chr10	2	3	2343.0	0.12804097311139565
chr10	3	9	2330.0	0.38626609442060084
chr10	4	9	2311.0	0.38944180008654267
chr10	5	3	2284.0	0.13134851138353765
chr10	6	9	2258.0	0.39858281665190437
chr10	7	5	2244.0	0.22281639928698754
chr10	8	5	2221.0	0.22512381809995496
chr10	9	8	2209.0	0.362154821186057
chr10	10	10	2196.0	0.45537340619307837
chr10	11	8	2174.0	0.36798528058877644
chr10	12	0	2155.0	0.0
chr10	13	2	2140.0	0.09345794392523366
chr10	14	15	2116.0	0.7088846880907372
chr10	15	15	2081.0	0.7208073041806823
chr10	16	1	2057.0	0.04861448711716091
chr10	17	4	2041.0	0.19598236158745713
chr10	18	3	2022.0	0.1483679525222552
chr10	19	1	2002.0	0.04995004995004995
chr10	20	1	1980.0	0.050505050505050504
chr10	21	3	1966.0	0.1525940996948118
chr10	22	3	1954.0	0.15353121801432956
chr10	23	8	1926.0	0.4153686396677051
chr10	24	4	1909.0	0.20953378732320588
chr10	25	2	1894.0	0.10559662090813093
chr10	26	1	1866.0	0.05359056806002144
chr10	27	2	1852.0	0.10799136069114472
chr10	28	1	1825.0	0.0547945205479452
chr10	29	9	1799.0	0.500277932184547
chr10	30	5	1771.0	0.282326369282891
chr10	31	7	1753.0	0.3993154592127781
chr10	32	2	1729.0	0.11567379988432619
chr10	33	0	1712.0	0.0
chr10	34	1	1676.0	0.05966587112171838
chr10	35	3	1652.0	0.18159806295399517
chr10	36	4	1631.0	0.2452483139178418
chr10	37	14	1606.0	0.8717310087173101
chr10	38	0	1582.0	0.0
chr10	39	4	1564.0	0.2557544757033248
chr10	40	1	1540.0	0.06493506493506493
chr10	41	14	1521.0	0.9204470742932281
chr10	42	7	1506.0	0.46480743691899074
chr10	43	1	1479.0	0.0676132521974307
chr10	44	1	1462.0	0.06839945280437756
chr10	45	6	1452.0	0.4132231404958678
chr10	46	4	1424.0	0.2808988764044944
chr10	47	1	1401.0	0.07137758743754462
chr10	48	3	1373.0	0.21849963583394028
chr10	49	4	1352.0	0.2958579881656805
chr10	50	2	1332.0	0.15015015015015015
chr10	51	3	1316.0	0.22796352583586624
chr10	52	2	1299.0	0.15396458814472672
chr10	53	6	1280.0	0.46875
chr10	54	1	1256.0	0.07961783439490447
chr10	55	8	1237.0	0.6467259498787389
chr10	56	6	1219.0	0.4922067268252666
chr10	57	2	1205.0	0.16597510373443983
chr10	58	2	1181.0	0.1693480101608806
chr10	59	5	1161.0	0.4306632213608958
chr10	60	4	1141.0	0.35056967572305
chr10	61	11	1121.0	0.9812667261373774
chr10	62	4	1097.0	0.3646308113035551
chr10	63	3	1069.0	0.2806361085126286
chr10	64	2	1052.0	0.19011406844106463
chr10	65	2	1027.0	0.19474196689386564
chr10	66	8	1007.0	0.7944389275074478
chr10	67	5	992.0	0.5040322580645161
chr10	68	4	969.0	0.41279669762641896
chr10	69	1	953.0	0.1049317943336831
chr10	70	3	929.0	0.32292787944025836
chr10	71	7	895.0	0.782122905027933
chr10	72	3	864.0	0.3472222222222222
chr10	73	4	844.0	0.47393364928909953
chr10	74	1	824.0	0.12135922330097086
chr10	75	2	804.0	0.24875621890547264
chr10	76	3	794.0	0.3778337531486146
chr10	77	2	783.0	0.2554278416347382
chr10	78	1	757.0	0.13210039630118892
chr10	79	1	731.0	0.13679890560875513
chr10	80	2	703.0	0.2844950213371266
chr10	81	4	668.0	0.5988023952095809
chr10	82	1	656.0	0.1524390243902439
chr10	83	2	635.0	0.31496062992125984
chr10	84	3	606.0	0.49504950495049505
chr10	85	2	580.0	0.3448275862068966
chr10	86	0	567.0	0.0
chr10	87	2	549.0	0.36429872495446264
chr10	88	0	542.0	0.0
chr10	89	0	519.0	0.0
chr10	90	4	495.0	0.8080808080808081
chr10	91	1	475.0	0.21052631578947367
chr10	92	2	453.0	0.44150110375275936
chr10	93	1	440.0	0.22727272727272727
chr10	94	4	422.0	0.9478672985781991
chr10	95	1	403.0	0.24813895781637718
chr10	96	1	384.0	0.26041666666666663
chr10	97	1	365.0	0.273972602739726
chr10	98	0	346.0	0.0
chr10	99	0	325.0	0.0
chr10	100	1	297.0	0.33670033670033667
chr10	101	3	278.0	1.079136690647482
chr10	102	0	263.0	0.0
chr10	103	1	246.0	0.40650406504065045
chr10	104	0	216.0	0.0
chr10	105	0	191.0	0.0
chr10	106	2	180.0	1.1111111111111112
chr10	107	0	155.0	0.0
chr10	108	0	139.0	0.0
chr10	109	1	131.0	0.7633587786259541
chr10	110	0	117.0	0.0
chr10	111	0	101.0	0.0
chr10	112	1	87.0	1.1494252873563218
chr10	113	0	74.0	0.0
chr10	114	0	50.0	0.0
chr10	115	0	30.0	0.0
chr10	116	0	24.0	0.0
chr10	117	0	16.0	0.0
chr10	118	0	8.0	0.0
chr10	119	0	0.0	nan
chr10	120	0	0.0	nan
chr10	121	0	0.0	nan
chr10	122	0	0.0	nan
chr10	123	0	0.0	nan
chr10	124	0	0.0	nan
chr10	125	0	0.0	nan
chr10	126	0	0.0	nan
chr10	127	0	0.0	nan
chr10	128	0	0.0	nan
chr10	129	0	0.0	nan
chr10	130	0	0.0	nan
chr10	131	0	0.0	nan
chr10	132	0	0.0	nan
chr10	133	0	0.0	nan
chr10	134	0	0.0	nan
chr10	135	0	0.0	nan
chr10	136	0	0.0	nan
chr10	137	0	0.0	nan
chr10	138	0	0.0	nan
chr10	139	0	0.0	nan
chr10	140	0	0.0	nan
chr10	141	0	0.0	nan
chr10	142	0	0.0	nan
chr10	143	0	0.0	nan
chr10	144	0	0.0	nan
chr12	-138	0	1.0	0.0
chr12	-137	0	1.0	0.0
chr12	-136	0	1.0	0.0
chr12	-135	0	1.0	0.0
chr12	-134	0	1.0	0.0
chr12	-133	0	2.0	0.0
chr12	-132	0	2.0	0.0
chr12	-131	0	3.0	0.0
chr12	-130	0	10.0	0.0
chr12	-129	0	22.0	0.0
chr12	-128	0	33.0	0.0
chr12	-127	0	56.0	0.0
chr12	-126	0	78.0	0.0
chr12	-125	0	97.0	0.0
chr12	-124	1	120.0	0.8333333333333334
chr12	-123	0	156.0	0.0
chr12	-122	0	177.0	0.0
chr12	-121	0	204.0	0.0
chr12	-120	1	224.0	0.4464285714285714
chr12	-119	0	252.0	0.0
chr12	-118	0	282.0	0.0
chr12	-117	4	307.0	1.3029315960912053
chr12	-116	0	335.0	0.0
chr12	-115	1	367.0	0.2724795640326975
chr12	-114	1	392.0	0.25510204081632654
chr12	-113	1	429.0	0.2331002331002331
chr12	-112	0	462.0	0.0
chr12	-111	1	494.0	0.20242914979757085
chr12	-110	0	523.0	0.0
chr12	-109	3	555.0	0.5405405405405406
chr12	-108	6	596.0	1.006711409395973
chr12	-107	1	624.0	0.16025641025641024
chr12	-106	3	653.0	0.45941807044410415
chr12	-105	2	688.0	0.29069767441860467
chr12	-104	1	719.0	0.13908205841446453
chr12	-103	2	742.0	0.2695417789757413
chr12	-102	1	770.0	0.12987012987012986
chr12	-101	6	796.0	0.7537688442211055
chr12	-100	0	828.0	0.0
chr12	-99	1	859.0	0.11641443538998836
chr12	-98	2	899.0	0.22246941045606228
chr12	-97	1	936.0	0.10683760683760685
chr12	-96	0	974.0	0.0
chr12	-95	0	1004.0	0.0
chr12	-94	1	1037.0	0.09643201542912247
chr12	-93	1	1061.0	0.0942507068803016
chr12	-92	1	1096.0	0.09124087591240876
chr12	-91	1	1129.0	0.08857395925597875
chr12	-90	5	1157.0	0.432152117545376
chr12	-89	1	1190.0	0.08403361344537816
chr12	-88	1	1227.0	0.08149959250203749
chr12	-87	2	1258.0	0.1589825119236884
chr12	-86	6	1286.0	0.46656298600311047
chr12	-85	1	1320.0	0.07575757575757576
chr12	-84	1	1356.0	0.07374631268436578
chr12	-83	7	1377.0	0.5083514887436456
chr12	-82	9	1407.0	0.6396588486140725
chr12	-81	5	1440.0	0.3472222222222222
chr12	-80	0	1462.0	0.0
chr12	-79	1	1491.0	0.0670690811535882
chr12	-78	4	1521.0	0.26298487836949375
chr12	-77	2	1563.0	0.12795905310300704
chr12	-76	2	1585.0	0.12618296529968456
chr12	-75	1	1625.0	0.06153846153846154
chr12	-74	3	1659.0	0.18083182640144665
chr12	-73	2	1702.0	0.11750881316098707
chr12	-72	1	1737.0	0.05757052389176742
chr12	-71	1	1774.0	0.05636978579481398
chr12	-70	8	1818.0	0.44004400440044
chr12	-69	2	1867.0	0.10712372790573112
chr12	-68	7	1894.0	0.36958817317845827
chr12	-67	1	1928.0	0.05186721991701245
chr12	-66	4	1971.0	0.20294266869609334
chr12	-65	9	2000.0	0.44999999999999996
chr12	-64	8	2039.0	0.392349190779794
chr12	-63	0	2074.0	0.0
chr12	-62	3	2108.0	0.14231499051233396
chr12	-61	4	2141.0	0.18682858477347034
chr12	-60	10	2171.0	0.4606172270842929
chr12	-59	7	2207.0	0.31717263253285005
chr12	-58	9	2240.0	0.40178571428571425
chr12	-57	3	2273.0	0.13198416190057194
chr12	-56	5	2297.0	0.21767522855899
chr12	-55	3	2334.0	0.12853470437017994
chr12	-54	4	2366.0	0.16906170752324598
chr12	-53	1	2395.0	0.04175365344467641
chr12	-52	3	2433.0	0.12330456226880394
chr12	-51	4	2466.0	0.16220600162206003
chr12	-50	16	2499.0	0.6402561024409764
chr12	-49	4	2525.0	0.15841584158415842
chr12	-48	3	2566.0	0.11691348402182386
chr12	-47	0	2601.0	0.0
chr12	-46	2	2627.0	0.07613247049866768
chr12	-45	10	2667.0	0.3749531308586427
chr12	-44	17	2707.0	0.6280014776505356
chr12	-43	13	2752.0	0.4723837209302325
chr12	-42	11	2785.0	0.39497307001795334
chr12	-41	6	2825.0	0.21238938053097348
chr12	-40	4	2860.0	0.13986013986013987
chr12	-39	9	2900.0	0.3103448275862069
chr12	-38	9	2934.0	0.3067484662576687
chr12	-37	8	2979.0	0.26854649211144677
chr12	-36	4	3017.0	0.1325820351342393
chr12	-35	18	3064.0	0.5874673629242819
chr12	-34	6	3100.0	0.1935483870967742
chr12	-33	9	3143.0	0.28635062042634424
chr12	-32	3	3171.0	0.0946073793755913
chr12	-31	3	3208.0	0.09351620947630923
chr12	-30	4	3241.0	0.12341869793273681
chr12	-29	5	3275.0	0.15267175572519084
chr12	-28	6	3313.0	0.18110473890733475
chr12	-27	13	3353.0	0.3877124962719952
chr12	-26	8	3400.0	0.2352941176470588
chr12	-25	11	3438.0	0.31995346131471786
chr12	-24	5	3460.0	0.1445086705202312
chr12	-23	12	3512.0	0.3416856492027335
chr12	-22	4	3547.0	0.11277135607555681
chr12	-21	11	3580.0	0.3072625698324022
chr12	-20	12	3618.0	0.33167495854063017
chr12	-19	6	3651.0	0.16433853738701726
chr12	-18	7	3689.0	0.18975332068311196
chr12	-17	7	3726.0	0.1878690284487386
chr12	-16	6	3764.0	0.1594048884165781
chr12	-15	13	3796.0	0.3424657534246575
chr12	-14	6	3831.0	0.15661707126076743
chr12	-13	17	3873.0	0.4389362251484637
chr12	-12	17	3906.0	0.4352278545826933
chr12	-11	14	3942.0	0.35514967021816335
chr12	-10	9	3987.0	0.2257336343115124
chr12	-9	20	3988.0	0.5015045135406219
chr12	-8	6	3987.0	0.15048908954100826
chr12	-7	7	3987.0	0.17557060446450964
chr12	-6	8	3985.0	0.20075282308657463
chr12	-5	15	3985.0	0.37641154328732745
chr12	-4	2	3983.0	0.05021340697966357
chr12	-3	21	3984.0	0.5271084337349398
chr12	-2	27	3984.0	0.677710843373494
chr12	-1	33	3983.0	0.8285212151644489
chr12	0	30	3924.0	0.764525993883792
chr12	1	36	3892.0	0.9249743062692704
chr12	2	19	3861.0	0.4921004921004921
chr12	3	10	3824.0	0.2615062761506276
chr12	4	12	3796.0	0.31612223393045313
chr12	5	10	3752.0	0.26652452025586354
chr12	6	5	3722.0	0.13433637829124126
chr12	7	14	3691.0	0.3793010024383636
chr12	8	15	3652.0	0.41073384446878425
chr12	9	11	3614.0	0.3043718871057
chr12	10	12	3574.0	0.33575825405707893
chr12	11	21	3537.0	0.5937234944868532
chr12	12	14	3501.0	0.3998857469294488
chr12	13	7	3457.0	0.20248770610355799
chr12	14	11	3427.0	0.32098044937262915
chr12	15	15	3395.0	0.4418262150220913
chr12	16	15	3360.0	0.4464285714285714
chr12	17	7	3322.0	0.2107164358819988
chr12	18	7	3278.0	0.21354484441732766
chr12	19	8	3248.0	0.24630541871921183
chr12	20	6	3230.0	0.18575851393188852
chr12	21	5	3199.0	0.15629884338855893
chr12	22	8	3158.0	0.253324889170361
chr12	23	5	3126.0	0.1599488163787588
chr12	24	7	3092.0	0.22639068564036222
chr12	25	11	3062.0	0.3592423252775963
chr12	26	12	3026.0	0.39656311962987445
chr12	27	8	2996.0	0.26702269692923897
chr12	28	4	2960.0	0.13513513513513514
chr12	29	8	2924.0	0.27359781121751026
chr12	30	4	2885.0	0.1386481802426343
chr12	31	12	2848.0	0.42134831460674155
chr12	32	11	2803.0	0.392436674991081
chr12	33	11	2776.0	0.3962536023054755
chr12	34	15	2744.0	0.5466472303206997
chr12	35	2	2703.0	0.07399186089530152
chr12	36	12	2658.0	0.4514672686230248
chr12	37	6	2617.0	0.22927015666794037
chr12	38	9	2583.0	0.34843205574912894
chr12	39	10	2548.0	0.39246467817896385
chr12	40	3	2511.0	0.11947431302270012
chr12	41	5	2482.0	0.201450443190975
chr12	42	7	2458.0	0.2847843775427177
chr12	43	11	2428.0	0.4530477759472817
chr12	44	9	2399.0	0.3751563151313047
chr12	45	3	2364.0	0.12690355329949238
chr12	46	4	2340.0	0.17094017094017094
chr12	47	5	2305.0	0.21691973969631237
chr12	48	8	2268.0	0.3527336860670194
chr12	49	15	2237.0	0.6705409029950827
chr12	50	9	2204.0	0.4083484573502722
chr12	51	5	2177.0	0.22967386311437757
chr12	52	3	2148.0	0.13966480446927373
chr12	53	6	2110.0	0.2843601895734597
chr12	54	7	2076.0	0.3371868978805395
chr12	55	8	2037.0	0.39273441335297005
chr12	56	2	2004.0	0.09980039920159679
chr12	57	8	1964.0	0.40733197556008144
chr12	58	6	1928.0	0.3112033195020747
chr12	59	3	1889.0	0.15881418740074113
chr12	60	8	1852.0	0.4319654427645789
chr12	61	5	1809.0	0.2763957987838585
chr12	62	6	1770.0	0.3389830508474576
chr12	63	8	1739.0	0.46003450258769407
chr12	64	7	1702.0	0.4112808460634548
chr12	65	4	1667.0	0.23995200959808036
chr12	66	3	1631.0	0.18393623543838136
chr12	67	5	1598.0	0.31289111389236546
chr12	68	3	1563.0	0.19193857965451055
chr12	69	2	1519.0	0.13166556945358787
chr12	70	1	1486.0	0.06729475100942127
chr12	71	4	1453.0	0.27529249827942187
chr12	72	5	1417.0	0.35285815102328866
chr12	73	2	1382.0	0.1447178002894356
chr12	74	1	1347.0	0.07423904974016332
chr12	75	4	1329.0	0.3009781790820165
chr12	76	3	1293.0	0.23201856148491878
chr12	77	7	1262.0	0.554675118858954
chr12	78	6	1234.0	0.48622366288492713
chr12	79	7	1188.0	0.5892255892255892
chr12	80	9	1151.0	0.7819287576020852
chr12	81	10	1114.0	0.8976660682226212
chr12	82	11	1073.0	1.0251630941286114
chr12	83	1	1044.0	0.09578544061302681
chr12	84	1	999.0	0.10010010010010009
chr12	85	4	963.0	0.4153686396677051
chr12	86	7	933.0	0.7502679528403001
chr12	87	1	905.0	0.11049723756906078
chr12	88	3	873.0	0.3436426116838488
chr12	89	4	850.0	0.4705882352941176
chr12	90	0	806.0	0.0
chr12	91	1	769.0	0.13003901170351106
chr12	92	2	743.0	0.2691790040376851
chr12	93	0	713.0	0.0
chr12	94	2	675.0	0.2962962962962963
chr12	95	2	644.0	0.3105590062111801
chr12	96	0	620.0	0.0
chr12	97	3	580.0	0.5172413793103449
chr12	98	3	542.0	0.5535055350553505
chr12	99	1	505.0	0.19801980198019803
chr12	100	6	478.0	1.2552301255230125
chr12	101	2	443.0	0.4514672686230248
chr12	102	6	407.0	1.4742014742014742
chr12	103	0	372.0	0.0
chr12	104	0	340.0	0.0
chr12	105	2	313.0	0.6389776357827476
chr12	106	0	280.0	0.0
chr12	107	1	257.0	0.38910505836575876
chr12	108	1	231.0	0.4329004329004329
chr12	109	0	202.0	0.0
chr12	110	0	180.0	0.0
chr12	111	0	158.0	0.0
chr12	112	2	135.0	1.4814814814814816
chr12	113	1	106.0	0.9433962264150944
chr12	114	0	88.0	0.0
chr12	115	0	62.0	0.0
chr12	116	0	47.0	0.0
chr12	117	0	25.0	0.0
chr12	118	0	10.0	0.0
chr12	119	0	0.0	nan
chr12	120	0	0.0	nan
chr12	121	0	0.0	nan
chr12	122	0	0.0	nan
chr12	123	0	0.0	nan
chr12	124	0	0.0	nan
chr12	125	0	0.0	nan
chr12	126	0	0.0	nan
chr12	127	0	0.0	nan
chr12	128	0	0.0	nan
chr12	129	0	0.0	nan
chr12	130	0	0.0	nan
chr12	131	0	0.0	nan
chr12	132	0	0.0	nan
chr12	133	0	0.0	nan
chr12	134	0	0.0	nan
chr12	135	0	0.0	nan
chr12	136	0	0.0	nan
chr12	137	0	0.0	nan
chr12	138	0	0.0	nan
chr12	139	0	0.0	nan
chr12	140	0	0.0	nan
chr12	141	0	0.0	nan
chr12	142	0	0.0	nan
chr13	-130	0	4.0	0.0
chr13	-129	0	8.0	0.0
chr13	-128	0	15.0	0.0
chr13	-127	0	21.0	0.0
chr13	-126	0	31.0	0.0
chr13	-125	0	38.0	0.0
chr13	-124	0	52.0	0.0
chr13	-123	0	58.0	0.0
chr13	-122	0	71.0	0.0
chr13	-121	0	78.0	0.0
chr13	-120	0	87.0	0.0
chr13	-119	0	100.0	0.0
chr13	-118	0	108.0	0.0
chr13	-117	0	115.0	0.0
chr13	-116	0	120.0	0.0
chr13	-115	0	138.0	0.0
chr13	-114	1	148.0	0.6756756756756757
chr13	-113	0	156.0	0.0
chr13	-112	1	162.0	0.6172839506172839
chr13	-111	0	172.0	0.0
chr13	-110	2	181.0	1.1049723756906076
chr13	-109	0	193.0	0.0
chr13	-108	0	207.0	0.0
chr13	-107	0	218.0	0.0
chr13	-106	1	231.0	0.4329004329004329
chr13	-105	3	238.0	1.2605042016806722
chr13	-104	0	251.0	0.0
chr13	-103	0	270.0	0.0
chr13	-102	0	279.0	0.0
chr13	-101	1	295.0	0.3389830508474576
chr13	-100	0	312.0	0.0
chr13	-99	2	324.0	0.6172839506172839
chr13	-98	3	331.0	0.906344410876133
chr13	-97	1	340.0	0.29411764705882354
chr13	-96	0	347.0	0.0
chr13	-95	0	357.0	0.0
chr13	-94	0	370.0	0.0
chr13	-93	0	378.0	0.0
chr13	-92	0	388.0	0.0
chr13	-91	0	399.0	0.0
chr13	-90	0	412.0	0.0
chr13	-89	1	424.0	0.2358490566037736
chr13	-88	1	436.0	0.22935779816513763
chr13	-87	1	454.0	0.22026431718061676
chr13	-86	5	463.0	1.079913606911447
chr13	-85	0	471.0	0.0
chr13	-84	6	487.0	1.2320328542094456
chr13	-83	0	501.0	0.0
chr13	-82	0	508.0	0.0
chr13	-81	0	517.0	0.0
chr13	-80	1	525.0	0.19047619047619047
chr13	-79	1	544.0	0.1838235294117647
chr13	-78	0	555.0	0.0
chr13	-77	0	573.0	0.0
chr13	-76	0	576.0	0.0
chr13	-75	1	588.0	0.17006802721088435
chr13	-74	1	600.0	0.16666666666666669
chr13	-73	3	616.0	0.487012987012987
chr13	-72	0	626.0	0.0
chr13	-71	0	640.0	0.0
chr13	-70	4	660.0	0.6060606060606061
chr13	-69	0	670.0	0.0
chr13	-68	0	681.0	0.0
chr13	-67	3	689.0	0.43541364296081275
chr13	-66	1	701.0	0.14265335235378032
chr13	-65	0	715.0	0.0
chr13	-64	1	724.0	0.13812154696132595
chr13	-63	0	734.0	0.0
chr13	-62	4	752.0	0.5319148936170213
chr13	-61	1	763.0	0.1310615989515072
chr13	-60	2	782.0	0.2557544757033248
chr13	-59	1	789.0	0.12674271229404308
chr13	-58	0	804.0	0.0
chr13	-57	1	828.0	0.12077294685990338
chr13	-56	1	841.0	0.11890606420927466
chr13	-55	1	861.0	0.11614401858304298
chr13	-54	3	869.0	0.34522439585730724
chr13	-53	1	881.0	0.11350737797956867
chr13	-52	1	894.0	0.11185682326621924
chr13	-51	6	908.0	0.6607929515418502
chr13	-50	1	922.0	0.10845986984815618
chr13	-49	0	938.0	0.0
chr13	-48	8	949.0	0.8429926238145415
chr13	-47	0	958.0	0.0
chr13	-46	5	979.0	0.5107252298263534
chr13	-45	2	986.0	0.2028397565922921
chr13	-44	2	999.0	0.20020020020020018
chr13	-43	2	1016.0	0.19685039370078738
chr13	-42	4	1034.0	0.3868471953578337
chr13	-41	5	1043.0	0.4793863854266539
chr13	-40	3	1056.0	0.2840909090909091
chr13	-39	1	1066.0	0.09380863039399624
chr13	-38	0	1080.0	0.0
chr13	-37	3	1089.0	0.27548209366391185
chr13	-36	3	1102.0	0.27223230490018147
chr13	-35	9	1114.0	0.807899461400359
chr13	-34	3	1125.0	0.26666666666666666
chr13	-33	1	1143.0	0.08748906386701663
chr13	-32	3	1154.0	0.25996533795493937
chr13	-31	6	1168.0	0.5136986301369862
chr13	-30	1	1178.0	0.08488964346349745
chr13	-29	0	1196.0	0.0
chr13	-28	0	1210.0	0.0
chr13	-27	9	1221.0	0.7371007371007371
chr13	-26	1	1232.0	0.08116883116883117
chr13	-25	11	1238.0	0.8885298869143781
chr13	-24	8	1252.0	0.6389776357827476
chr13	-23	1	1263.0	0.0791765637371338
chr13	-22	4	1273.0	0.3142183817753339
chr13	-21	3	1291.0	0.23237800154918667
chr13	-20	6	1303.0	0.4604758250191865
chr13	-19	2	1319.0	0.1516300227445034
chr13	-18	2	1336.0	0.14970059880239522
chr13	-17	7	1346.0	0.5200594353640415
chr13	-16	2	1360.0	0.14705882352941177
chr13	-15	0	1378.0	0.0
chr13	-14	9	1388.0	0.6484149855907781
chr13	-13	4	1397.0	0.28632784538296346
chr13	-12	6	1413.0	0.42462845010615713
chr13	-11	4	1427.0	0.2803083391730904
chr13	-10	1	1445.0	0.06920415224913494
chr13	-9	1	1444.0	0.06925207756232687
chr13	-8	9	1445.0	0.6228373702422145
chr13	-7	1	1441.0	0.06939625260235947
chr13	-6	4	1445.0	0.27681660899653976
chr13	-5	3	1442.0	0.20804438280166435
chr13	-4	2	1442.0	0.13869625520110956
chr13	-3	4	1445.0	0.27681660899653976
chr13	-2	1	1440.0	0.06944444444444445
chr13	-1	21	1440.0	1.4583333333333333
chr13	0	21	1411.0	1.48830616583983
chr13	1	4	1401.0	0.28551034975017847
chr13	2	11	1396.0	0.7879656160458453
chr13	3	6	1388.0	0.43227665706051877
chr13	4	10	1372.0	0.7288629737609329
chr13	5	5	1358.0	0.3681885125184094
chr13	6	3	1343.0	0.22338049143708116
chr13	7	4	1332.0	0.3003003003003003
chr13	8	2	1322.0	0.15128593040847202
chr13	9	3	1314.0	0.228310502283105
chr13	10	6	1301.0	0.4611837048424289
chr13	11	5	1295.0	0.3861003861003861
chr13	12	3	1277.0	0.23492560689115116
chr13	13	4	1263.0	0.3167062549485352
chr13	14	1	1249.0	0.08006405124099279
chr13	15	2	1234.0	0.1620745542949757
chr13	16	8	1223.0	0.6541291905151267
chr13	17	8	1219.0	0.6562756357670222
chr13	18	8	1207.0	0.6628003314001657
chr13	19	3	1198.0	0.25041736227045075
chr13	20	0	1174.0	0.0
chr13	21	3	1162.0	0.25817555938037867
chr13	22	5	1147.0	0.4359197907585004
chr13	23	3	1135.0	0.2643171806167401
chr13	24	10	1121.0	0.8920606601248885
chr13	25	2	1111.0	0.18001800180018002
chr13	26	12	1096.0	1.094890510948905
chr13	27	0	1088.0	0.0
chr13	28	5	1073.0	0.4659832246039142
chr13	29	2	1060.0	0.18867924528301888
chr13	30	2	1049.0	0.19065776930409914
chr13	31	3	1043.0	0.28763183125599234
chr13	32	4	1033.0	0.3872216844143272
chr13	33	3	1021.0	0.2938295788442703
chr13	34	3	1017.0	0.2949852507374631
chr13	35	2	1002.0	0.19960079840319359
chr13	36	6	990.0	0.6060606060606061
chr13	37	5	984.0	0.5081300813008129
chr13	38	2	972.0	0.205761316872428
chr13	39	4	963.0	0.4153686396677051
chr13	40	2	947.0	0.21119324181626187
chr13	41	7	928.0	0.7543103448275862
chr13	42	3	912.0	0.3289473684210526
chr13	43	5	897.0	0.5574136008918618
chr13	44	4	882.0	0.45351473922902497
chr13	45	5	871.0	0.5740528128587831
chr13	46	3	856.0	0.35046728971962615
chr13	47	9	846.0	1.0638297872340425
chr13	48	2	840.0	0.2380952380952381
chr13	49	2	826.0	0.24213075060532688
chr13	50	6	812.0	0.7389162561576355
chr13	51	3	792.0	0.3787878787878788
chr13	52	4	781.0	0.5121638924455826
chr13	53	3	770.0	0.38961038961038963
chr13	54	1	760.0	0.13157894736842105
chr13	55	2	752.0	0.26595744680851063
chr13	56	3	740.0	0.40540540540540543
chr13	57	0	723.0	0.0
chr13	58	8	707.0	1.1315417256011315
chr13	59	2	696.0	0.28735632183908044
chr13	60	5	682.0	0.7331378299120235
chr13	61	4	669.0	0.5979073243647235
chr13	62	0	663.0	0.0
chr13	63	0	648.0	0.0
chr13	64	2	635.0	0.31496062992125984
chr13	65	3	622.0	0.482315112540193
chr13	66	2	609.0	0.3284072249589491
chr13	67	4	578.0	0.6920415224913495
chr13	68	1	566.0	0.17667844522968199
chr13	69	6	556.0	1.079136690647482
chr13	70	2	542.0	0.36900369003690037
chr13	71	1	523.0	0.19120458891013384
chr13	72	5	503.0	0.9940357852882704
chr13	73	1	492.0	0.20325203252032523
chr13	74	1	478.0	0.20920502092050208
chr13	75	0	466.0	0.0
chr13	76	0	448.0	0.0
chr13	77	1	434.0	0.2304147465437788
chr13	78	0	419.0	0.0
chr13	79	1	410.0	0.24390243902439024
chr13	80	0	401.0	0.0
chr13	81	2	390.0	0.5128205128205128
chr13	82	0	378.0	0.0
chr13	83	1	366.0	0.273224043715847
chr13	84	1	346.0	0.2890173410404624
chr13	85	5	329.0	1.5197568389057752
chr13	86	1	318.0	0.3144654088050315
chr13	87	0	307.0	0.0
chr13	88	0	298.0	0.0
chr13	89	1	282.0	0.3546099290780142
chr13	90	3	273.0	1.098901098901099
chr13	91	0	259.0	0.0
chr13	92	0	251.0	0.0
chr13	93	1	241.0	0.4149377593360996
chr13	94	0	234.0	0.0
chr13	95	1	220.0	0.45454545454545453
chr13	96	0	211.0	0.0
chr13	97	1	200.0	0.5
chr13	98	2	193.0	1.0362694300518136
chr13	99	0	183.0	0.0
chr13	100	1	170.0	0.5882352941176471
chr13	101	0	158.0	0.0
chr13	102	0	144.0	0.0
chr13	103	1	141.0	0.7092198581560284
chr13	104	2	137.0	1.4598540145985401
chr13	105	0	124.0	0.0
chr13	106	1	114.0	0.8771929824561403
chr13	107	1	112.0	0.8928571428571428
chr13	108	0	99.0	0.0
chr13	109	0	88.0	0.0
chr13	110	0	80.0	0.0
chr13	111	0	72.0	0.0
chr13	112	0	61.0	0.0
chr13	113	0	50.0	0.0
chr13	114	0	40.0	0.0
chr13	115	0	30.0	0.0
chr13	116	0	21.0	0.0
chr13	117	0	9.0	0.0
chr13	118	0	3.0	0.0
chr13	119	0	0.0	nan
chr13	120	0	0.0	nan
chr13	121	0	0.0	nan
chr13	122	0	0.0	nan
chr13	123	0	0.0	nan
chr13	124	0	0.0	nan
chr13	125	0	0.0	nan
chr13	126	0	0.0	nan
chr13	127	0	0.0	nan
chr13	128	0	0.0	nan
chr13	129	0	0.0	nan
chr14	-150	0	0.0	nan
chr14	-149	0	0.0	nan
chr14	-148	0	0.0	nan
chr14	-147	0	0.0	nan
chr14	-146	0	0.0	nan
chr14	-145	0	0.0	nan
chr14	-144	0	0.0	nan
chr14	-143	0	0.0	nan
chr14	-142	0	0.0	nan
chr14	-141	0	0.0	nan
chr14	-140	0	0.0	nan
chr14	-139	0	1.0	0.0
chr14	-138	0	1.0	0.0
chr14	-137	0	1.0	0.0
chr14	-136	0	1.0	0.0
chr14	-135	0	1.0	0.0
chr14	-134	0	1.0	0.0
chr14	-133	0	1.0	0.0
chr14	-132	0	1.0	0.0
chr14	-131	0	1.0	0.0
chr14	-130	0	6.0	0.0
chr14	-129	0	12.0	0.0
chr14	-128	0	18.0	0.0
chr14	-127	0	22.0	0.0
chr14	-126	0	28.0	0.0
chr14	-125	0	38.0	0.0
chr14	-124	0	42.0	0.0
chr14	-123	0	47.0	0.0
chr14	-122	0	54.0	0.0
chr14	-121	0	60.0	0.0
chr14	-120	0	69.0	0.0
chr14	-119	1	77.0	1.2987012987012987
chr14	-118	0	84.0	0.0
chr14	-117	0	89.0	0.0
chr14	-116	0	95.0	0.0
chr14	-115	0	101.0	0.0
chr14	-114	0	108.0	0.0
chr14	-113	1	112.0	0.8928571428571428
chr14	-112	0	121.0	0.0
chr14	-111	0	129.0	0.0
chr14	-110	0	139.0	0.0
chr14	-109	1	145.0	0.6896551724137931
chr14	-108	0	149.0	0.0
chr14	-107	0	155.0	0.0
chr14	-106	3	163.0	1.8404907975460123
chr14	-105	0	171.0	0.0
chr14	-104	0	179.0	0.0
chr14	-103	0	187.0	0.0
chr14	-102	0	193.0	0.0
chr14	-101	0	201.0	0.0
chr14	-100	1	206.0	0.48543689320388345
chr14	-99	0	212.0	0.0
chr14	-98	0	218.0	0.0
chr14	-97	0	231.0	0.0
chr14	-96	1	235.0	0.425531914893617
chr14	-95	0	243.0	0.0
chr14	-94	0	257.0	0.0
chr14	-93	0	266.0	0.0
chr14	-92	0	275.0	0.0
chr14	-91	0	284.0	0.0
chr14	-90	0	288.0	0.0
chr14	-89	1	301.0	0.33222591362126247
chr14	-88	0	307.0	0.0
chr14	-87	0	315.0	0.0
chr14	-86	1	322.0	0.3105590062111801
chr14	-85	1	333.0	0.3003003003003003
chr14	-84	0	341.0	0.0
chr14	-83	0	349.0	0.0
chr14	-82	1	357.0	0.2801120448179272
chr14	-81	4	369.0	1.084010840108401
chr14	-80	0	378.0	0.0
chr14	-79	0	382.0	0.0
chr14	-78	0	393.0	0.0
chr14	-77	0	397.0	0.0
chr14	-76	2	409.0	0.4889975550122249
chr14	-75	0	417.0	0.0
chr14	-74	0	424.0	0.0
chr14	-73	0	435.0	0.0
chr14	-72	0	444.0	0.0
chr14	-71	3	455.0	0.6593406593406593
chr14	-70	1	461.0	0.21691973969631237
chr14	-69	0	465.0	0.0
chr14	-68	0	469.0	0.0
chr14	-67	1	479.0	0.20876826722338201
chr14	-66	2	487.0	0.41067761806981523
chr14	-65	0	499.0	0.0
chr14	-64	1	508.0	0.19685039370078738
chr14	-63	0	514.0	0.0
chr14	-62	1	528.0	0.1893939393939394
chr14	-61	0	535.0	0.0
chr14	-60	0	548.0	0.0
chr14	-59	0	558.0	0.0
chr14	-58	1	561.0	0.17825311942959002
chr14	-57	1	568.0	0.17605633802816903
chr14	-56	0	578.0	0.0
chr14	-55	0	587.0	0.0
chr14	-54	1	595.0	0.16806722689075632
chr14	-53	0	604.0	0.0
chr14	-52	0	611.0	0.0
chr14	-51	1	624.0	0.16025641025641024
chr14	-50	1	631.0	0.15847860538827258
chr14	-49	4	644.0	0.6211180124223602
chr14	-48	8	651.0	1.228878648233487
chr14	-47	0	659.0	0.0
chr14	-46	1	666.0	0.15015015015015015
chr14	-45	1	674.0	0.1483679525222552
chr14	-44	0	687.0	0.0
chr14	-43	1	695.0	0.14388489208633093
chr14	-42	0	702.0	0.0
chr14	-41	3	712.0	0.42134831460674155
chr14	-40	0	722.0	0.0
chr14	-39	2	732.0	0.273224043715847
chr14	-38	0	747.0	0.0
chr14	-37	0	754.0	0.0
chr14	-36	1	768.0	0.13020833333333331
chr14	-35	0	778.0	0.0
chr14	-34	0	787.0	0.0
chr14	-33	0	793.0	0.0
chr14	-32	0	800.0	0.0
chr14	-31	1	808.0	0.12376237623762376
chr14	-30	1	817.0	0.12239902080783352
chr14	-29	4	824.0	0.48543689320388345
chr14	-28	0	839.0	0.0
chr14	-27	2	854.0	0.234192037470726
chr14	-26	3	859.0	0.3492433061699651
chr14	-25	1	867.0	0.11534025374855825
chr14	-24	8	879.0	0.9101251422070534
chr14	-23	0	891.0	0.0
chr14	-22	1	897.0	0.11148272017837235
chr14	-21	0	913.0	0.0
chr14	-20	0	926.0	0.0
chr14	-19	0	934.0	0.0
chr14	-18	0	933.0	0.0
chr14	-17	0	942.0	0.0
chr14	-16	1	947.0	0.10559662090813093
chr14	-15	3	960.0	0.3125
chr14	-14	1	964.0	0.1037344398340249
chr14	-13	1	977.0	0.1023541453428864
chr14	-12	0	987.0	0.0
chr14	-11	4	998.0	0.4008016032064128
chr14	-10	5	1011.0	0.4945598417408506
chr14	-9	1	1011.0	0.09891196834817012
chr14	-8	1	1011.0	0.09891196834817012
chr14	-7	3	1011.0	0.2967359050445104
chr14	-6	1	1011.0	0.09891196834817012
chr14	-5	0	1011.0	0.0
chr14	-4	2	1011.0	0.19782393669634024
chr14	-3	5	1011.0	0.4945598417408506
chr14	-2	1	1009.0	0.09910802775024777
chr14	-1	6	1008.0	0.5952380952380952
chr14	0	2	977.0	0.2047082906857728
chr14	1	4	970.0	0.4123711340206186
chr14	2	5	966.0	0.5175983436853002
chr14	3	2	960.0	0.20833333333333334
chr14	4	2	949.0	0.21074815595363539
chr14	5	1	938.0	0.10660980810234541
chr14	6	1	926.0	0.10799136069114472
chr14	7	3	915.0	0.32786885245901637
chr14	8	0	905.0	0.0
chr14	9	4	897.0	0.4459308807134894
chr14	10	6	889.0	0.6749156355455568
chr14	11	0	883.0	0.0
chr14	12	3	874.0	0.34324942791762014
chr14	13	0	867.0	0.0
chr14	14	5	857.0	0.5834305717619603
chr14	15	1	840.0	0.11904761904761905
chr14	16	3	834.0	0.3597122302158274
chr14	17	3	824.0	0.3640776699029126
chr14	18	1	822.0	0.12165450121654502
chr14	19	1	817.0	0.12239902080783352
chr14	20	1	804.0	0.12437810945273632
chr14	21	1	790.0	0.12658227848101267
chr14	22	0	789.0	0.0
chr14	23	4	778.0	0.5141388174807198
chr14	24	2	768.0	0.26041666666666663
chr14	25	0	763.0	0.0
chr14	26	0	754.0	0.0
chr14	27	1	749.0	0.13351134846461948
chr14	28	0	742.0	0.0
chr14	29	0	731.0	0.0
chr14	30	0	720.0	0.0
chr14	31	1	709.0	0.14104372355430184
chr14	32	1	698.0	0.14326647564469913
chr14	33	0	693.0	0.0
chr14	34	1	686.0	0.1457725947521866
chr14	35	0	679.0	0.0
chr14	36	0	672.0	0.0
chr14	37	2	669.0	0.29895366218236175
chr14	38	0	663.0	0.0
chr14	39	1	654.0	0.1529051987767584
chr14	40	6	642.0	0.9345794392523363
chr14	41	1	635.0	0.15748031496062992
chr14	42	1	629.0	0.1589825119236884
chr14	43	1	621.0	0.1610305958132045
chr14	44	0	611.0	0.0
chr14	45	0	599.0	0.0
chr14	46	4	591.0	0.676818950930626
chr14	47	1	583.0	0.17152658662092624
chr14	48	1	574.0	0.17421602787456447
chr14	49	1	571.0	0.17513134851138354
chr14	50	2	563.0	0.3552397868561279
chr14	51	0	554.0	0.0
chr14	52	1	546.0	0.18315018315018314
chr14	53	2	540.0	0.3703703703703704
chr14	54	5	525.0	0.9523809523809524
chr14	55	0	514.0	0.0
chr14	56	1	504.0	0.1984126984126984
chr14	57	0	494.0	0.0
chr14	58	0	489.0	0.0
chr14	59	2	486.0	0.411522633744856
chr14	60	2	477.0	0.41928721174004197
chr14	61	0	465.0	0.0
chr14	62	0	457.0	0.0
chr14	63	0	444.0	0.0
chr14	64	0	435.0	0.0
chr14	65	1	426.0	0.2347417840375587
chr14	66	0	413.0	0.0
chr14	67	3	401.0	0.7481296758104738
chr14	68	0	391.0	0.0
chr14	69	3	380.0	0.7894736842105263
chr14	70	0	372.0	0.0
chr14	71	0	363.0	0.0
chr14	72	0	359.0	0.0
chr14	73	0	352.0	0.0
chr14	74	0	345.0	0.0
chr14	75	0	341.0	0.0
chr14	76	0	331.0	0.0
chr14	77	0	317.0	0.0
chr14	78	0	306.0	0.0
chr14	79	1	300.0	0.33333333333333337
chr14	80	3	293.0	1.023890784982935
chr14	81	0	287.0	0.0
chr14	82	0	273.0	0.0
chr14	83	0	266.0	0.0
chr14	84	2	259.0	0.7722007722007722
chr14	85	2	254.0	0.7874015748031495
chr14	86	0	246.0	0.0
chr14	87	1	234.0	0.4273504273504274
chr14	88	0	223.0	0.0
chr14	89	0	215.0	0.0
chr14	90	1	207.0	0.4830917874396135
chr14	91	0	196.0	0.0
chr14	92	1	182.0	0.5494505494505495
chr14	93	0	174.0	0.0
chr14	94	0	166.0	0.0
chr14	95	1	160.0	0.625
chr14	96	1	156.0	0.641025641025641
chr14	97	0	151.0	0.0
chr14	98	0	142.0	0.0
chr14	99	4	135.0	2.9629629629629632
chr14	100	0	128.0	0.0
chr14	101	0	118.0	0.0
chr14	102	0	105.0	0.0
chr14	103	0	99.0	0.0
chr14	104	0	89.0	0.0
chr14	105	1	82.0	1.2195121951219512
chr14	106	0	74.0	0.0
chr14	107	0	68.0	0.0
chr14	108	0	62.0	0.0
chr14	109	0	54.0	0.0
chr14	110	0	47.0	0.0
chr14	111	0	44.0	0.0
chr14	112	1	37.0	2.7027027027027026
chr14	113	0	32.0	0.0
chr14	114	0	24.0	0.0
chr14	115	0	19.0	0.0
chr14	116	0	13.0	0.0
chr14	117	0	9.0	0.0
chr14	118	0	4.0	0.0
chr14	119	0	0.0	nan
chr14	120	0	0.0	nan
chr14	121	0	0.0	nan
chr14	122	0	0.0	nan
chr14	123	0	0.0	nan
chr14	124	0	0.0	nan
chr14	125	0	0.0	nan
chr14	126	0	0.0	nan
chr14	127	0	0.0	nan
chr14	128	0	0.0	nan
chr14	129	0	0.0	nan
chr14	130	0	0.0	nan
chr14	131	0	0.0	nan
chr14	132	0	0.0	nan
chr14	133	0	0.0	nan
chr14	134	0	0.0	nan
chr14	135	0	0.0	nan
chr14	136	0	0.0	nan
chr14	137	0	0.0	nan
chr14	138	0	0.0	nan
chr14	139	0	0.0	nan
chr14	140	0	0.0	nan
chr14	141	0	0.0	nan
chr14	142	0	0.0	nan
chr17	-138	0	1.0	0.0
chr17	-137	0	1.0	0.0
chr17	-136	0	2.0	0.0
chr17	-135	0	2.0	0.0
chr17	-134	0	2.0	0.0
chr17	-133	0	4.0	0.0
chr17	-132	0	5.0	0.0
chr17	-131	0	5.0	0.0
chr17	-130	0	14.0	0.0
chr17	-129	0	26.0	0.0
chr17	-128	0	40.0	0.0
chr17	-127	0	70.0	0.0
chr17	-126	0	91.0	0.0
chr17	-125	0	108.0	0.0
chr17	-124	0	130.0	0.0
chr17	-123	0	148.0	0.0
chr17	-122	0	169.0	0.0
chr17	-121	0	193.0	0.0
chr17	-120	0	218.0	0.0
chr17	-119	0	235.0	0.0
chr17	-118	0	268.0	0.0
chr17	-117	4	296.0	1.3513513513513513
chr17	-116	0	328.0	0.0
chr17	-115	0	351.0	0.0
chr17	-114	0	374.0	0.0
chr17	-113	0	398.0	0.0
chr17	-112	3	427.0	0.702576112412178
chr17	-111	1	455.0	0.21978021978021978
chr17	-110	1	488.0	0.20491803278688525
chr17	-109	1	507.0	0.19723865877712032
chr17	-108	1	537.0	0.186219739292365
chr17	-107	1	564.0	0.1773049645390071
chr17	-106	1	587.0	0.17035775127768313
chr17	-105	2	617.0	0.3241491085899514
chr17	-104	5	641.0	0.7800312012480499
chr17	-103	1	671.0	0.14903129657228018
chr17	-102	0	695.0	0.0
chr17	-101	3	715.0	0.4195804195804196
chr17	-100	2	734.0	0.2724795640326975
chr17	-99	0	768.0	0.0
chr17	-98	0	797.0	0.0
chr17	-97	5	823.0	0.6075334143377886
chr17	-96	1	850.0	0.1176470588235294
chr17	-95	1	885.0	0.11299435028248588
chr17	-94	0	911.0	0.0
chr17	-93	0	943.0	0.0
chr17	-92	5	976.0	0.5122950819672131
chr17	-91	7	1016.0	0.6889763779527559
chr17	-90	1	1054.0	0.09487666034155598
chr17	-89	2	1073.0	0.1863932898415657
chr17	-88	4	1104.0	0.36231884057971014
chr17	-87	11	1128.0	0.975177304964539
chr17	-86	2	1161.0	0.17226528854435832
chr17	-85	4	1197.0	0.3341687552213868
chr17	-84	2	1227.0	0.16299918500407498
chr17	-83	0	1257.0	0.0
chr17	-82	2	1292.0	0.15479876160990713
chr17	-81	2	1320.0	0.15151515151515152
chr17	-80	0	1350.0	0.0
chr17	-79	9	1383.0	0.6507592190889371
chr17	-78	11	1405.0	0.7829181494661922
chr17	-77	7	1447.0	0.48375950241879756
chr17	-76	7	1479.0	0.47329276538201487
chr17	-75	7	1509.0	0.46388336646785955
chr17	-74	1	1537.0	0.06506180871828238
chr17	-73	3	1567.0	0.1914486279514997
chr17	-72	2	1599.0	0.12507817385866166
chr17	-71	4	1633.0	0.2449479485609308
chr17	-70	2	1671.0	0.11968880909634949
chr17	-69	3	1706.0	0.1758499413833529
chr17	-68	1	1721.0	0.058105752469494475
chr17	-67	0	1750.0	0.0
chr17	-66	24	1778.0	1.3498312710911136
chr17	-65	2	1809.0	0.11055831951354339
chr17	-64	5	1847.0	0.2707092582566324
chr17	-63	9	1894.0	0.4751847940865892
chr17	-62	2	1918.0	0.10427528675703858
chr17	-61	1	1938.0	0.05159958720330237
chr17	-60	2	1969.0	0.10157440325038089
chr17	-59	1	2009.0	0.049776007964161276
chr17	-58	4	2043.0	0.19579050416054822
chr17	-57	5	2079.0	0.24050024050024052
chr17	-56	7	2102.0	0.3330161750713606
chr17	-55	20	2119.0	0.9438414346389806
chr17	-54	8	2145.0	0.372960372960373
chr17	-53	3	2163.0	0.13869625520110956
chr17	-52	8	2198.0	0.3639672429481347
chr17	-51	7	2229.0	0.31404217137729923
chr17	-50	9	2272.0	0.39612676056338025
chr17	-49	7	2316.0	0.30224525043177897
chr17	-48	1	2344.0	0.042662116040955635
chr17	-47	2	2371.0	0.08435259384226065
chr17	-46	1	2402.0	0.041631973355537054
chr17	-45	12	2427.0	0.4944375772558714
chr17	-44	6	2463.0	0.24360535931790497
chr17	-43	5	2491.0	0.20072260136491368
chr17	-42	3	2519.0	0.11909487892020643
chr17	-41	17	2554.0	0.6656225528582616
chr17	-40	6	2588.0	0.23183925811437403
chr17	-39	4	2646.0	0.15117157974300832
chr17	-38	2	2678.0	0.07468259895444362
chr17	-37	6	2714.0	0.2210759027266028
chr17	-36	4	2742.0	0.14587892049598833
chr17	-35	3	2768.0	0.1083815028901734
chr17	-34	17	2808.0	0.6054131054131053
chr17	-33	12	2843.0	0.4220893422441084
chr17	-32	1	2889.0	0.034614053305642094
chr17	-31	10	2926.0	0.3417634996582365
chr17	-30	10	2953.0	0.3386386725364037
chr17	-29	5	2981.0	0.16772895001677288
chr17	-28	3	3010.0	0.09966777408637872
chr17	-27	12	3036.0	0.3952569169960474
chr17	-26	8	3058.0	0.2616088947024199
chr17	-25	16	3096.0	0.516795865633075
chr17	-24	26	3131.0	0.830405621207282
chr17	-23	21	3174.0	0.6616257088846881
chr17	-22	7	3211.0	0.21800062285892244
chr17	-21	9	3244.0	0.27743526510480887
chr17	-20	13	3275.0	0.39694656488549623
chr17	-19	11	3312.0	0.3321256038647343
chr17	-18	3	3351.0	0.08952551477170993
chr17	-17	1	3393.0	0.02947244326554671
chr17	-16	10	3419.0	0.2924831822170225
chr17	-15	7	3446.0	0.20313406848520024
chr17	-14	13	3479.0	0.3736705949985628
chr17	-13	11	3512.0	0.31321184510250566
chr17	-12	4	3559.0	0.112391121101433
chr17	-11	5	3599.0	0.13892747985551543
chr17	-10	8	3641.0	0.21971985718209283
chr17	-9	22	3641.0	0.6042296072507553
chr17	-8	6	3635.0	0.16506189821182946
chr17	-7	12	3644.0	0.3293084522502744
chr17	-6	10	3644.0	0.27442371020856204
chr17	-5	6	3647.0	0.16451878256100905
chr17	-4	9	3633.0	0.2477291494632535
chr17	-3	7	3628.0	0.19294377067254684
chr17	-2	6	3631.0	0.16524373450839988
chr17	-1	53	3620.0	1.4640883977900552
chr17	0	38	3536.0	1.0746606334841629
chr17	1	13	3529.0	0.36837631056956643
chr17	2	13	3493.0	0.37217291726309765
chr17	3	19	3481.0	0.5458201666187876
chr17	4	6	3460.0	0.17341040462427745
chr17	5	20	3428.0	0.5834305717619603
chr17	6	12	3403.0	0.35263003232441964
chr17	7	13	3373.0	0.38541357841683965
chr17	8	23	3333.0	0.6900690069006901
chr17	9	14	3307.0	0.42334442092530994
chr17	10	8	3261.0	0.24532352039251765
chr17	11	7	3218.0	0.2175264139216905
chr17	12	9	3192.0	0.28195488721804507
chr17	13	14	3168.0	0.4419191919191919
chr17	14	14	3142.0	0.4455760661998727
chr17	15	12	3107.0	0.3862246540070808
chr17	16	5	3079.0	0.16239038648911985
chr17	17	11	3046.0	0.36112934996717005
chr17	18	11	3024.0	0.3637566137566137
chr17	19	12	2983.0	0.4022795843110962
chr17	20	11	2953.0	0.37250253979004405
chr17	21	19	2922.0	0.6502395619438741
chr17	22	7	2885.0	0.24263431542461003
chr17	23	18	2851.0	0.6313574184496668
chr17	24	18	2815.0	0.6394316163410302
chr17	25	9	2766.0	0.32537960954446854
chr17	26	14	2735.0	0.5118829981718465
chr17	27	7	2703.0	0.25897151313355526
chr17	28	10	2701.0	0.37023324694557574
chr17	29	7	2669.0	0.26227051330086176
chr17	30	13	2645.0	0.4914933837429111
chr17	31	14	2621.0	0.534147272033575
chr17	32	22	2591.0	0.8490930142802007
chr17	33	15	2552.0	0.5877742946708464
chr17	34	4	2522.0	0.1586042823156225
chr17	35	8	2494.0	0.32076984763432237
chr17	36	10	2451.0	0.4079967360261118
chr17	37	3	2411.0	0.1244296972210701
chr17	38	4	2384.0	0.16778523489932887
chr17	39	3	2342.0	0.12809564474807858
chr17	40	20	2317.0	0.8631851532153647
chr17	41	10	2285.0	0.437636761487965
chr17	42	7	2263.0	0.30932390631904555
chr17	43	12	2233.0	0.5373936408419167
chr17	44	11	2199.0	0.5002273760800363
chr17	45	9	2172.0	0.4143646408839779
chr17	46	12	2126.0	0.5644402634054563
chr17	47	9	2103.0	0.42796005706134094
chr17	48	4	2080.0	0.19230769230769232
chr17	49	15	2047.0	0.7327796775769418
chr17	50	8	2006.0	0.3988035892323031
chr17	51	5	1975.0	0.25316455696202533
chr17	52	3	1943.0	0.1544004117344313
chr17	53	10	1917.0	0.5216484089723527
chr17	54	18	1883.0	0.9559214020180564
chr17	55	9	1852.0	0.48596112311015116
chr17	56	4	1825.0	0.2191780821917808
chr17	57	6	1790.0	0.33519553072625696
chr17	58	5	1755.0	0.2849002849002849
chr17	59	6	1721.0	0.3486345148169669
chr17	60	4	1687.0	0.23710729104919975
chr17	61	4	1662.0	0.24067388688327318
chr17	62	6	1624.0	0.3694581280788177
chr17	63	4	1592.0	0.25125628140703515
chr17	64	10	1553.0	0.643915003219575
chr17	65	21	1528.0	1.37434554973822
chr17	66	3	1498.0	0.20026702269692925
chr17	67	2	1473.0	0.1357773251866938
chr17	68	6	1442.0	0.4160887656033287
chr17	69	1	1413.0	0.07077140835102619
chr17	70	8	1376.0	0.5813953488372093
chr17	71	10	1351.0	0.7401924500370096
chr17	72	7	1323.0	0.5291005291005291
chr17	73	2	1295.0	0.15444015444015444
chr17	74	6	1262.0	0.4754358161648178
chr17	75	8	1232.0	0.6493506493506493
chr17	76	3	1190.0	0.25210084033613445
chr17	77	10	1165.0	0.8583690987124464
chr17	78	3	1140.0	0.2631578947368421
chr17	79	4	1103.0	0.3626473254759746
chr17	80	4	1062.0	0.3766478342749529
chr17	81	4	1028.0	0.38910505836575876
chr17	82	2	1004.0	0.199203187250996
chr17	83	5	978.0	0.5112474437627812
chr17	84	7	938.0	0.7462686567164178
chr17	85	3	907.0	0.33076074972436603
chr17	86	15	880.0	1.7045454545454544
chr17	87	3	842.0	0.35629453681710216
chr17	88	3	816.0	0.3676470588235294
chr17	89	3	776.0	0.3865979381443299
chr17	90	4	756.0	0.5291005291005291
chr17	91	2	722.0	0.2770083102493075
chr17	92	2	691.0	0.2894356005788712
chr17	93	0	667.0	0.0
chr17	94	0	637.0	0.0
chr17	95	1	604.0	0.16556291390728478
chr17	96	4	575.0	0.6956521739130435
chr17	97	2	551.0	0.3629764065335753
chr17	98	2	518.0	0.3861003861003861
chr17	99	1	490.0	0.20408163265306123
chr17	100	1	460.0	0.21739130434782608
chr17	101	0	424.0	0.0
chr17	102	1	399.0	0.2506265664160401
chr17	103	1	375.0	0.26666666666666666
chr17	104	0	352.0	0.0
chr17	105	1	326.0	0.3067484662576687
chr17	106	0	300.0	0.0
chr17	107	2	281.0	0.7117437722419928
chr17	108	1	251.0	0.398406374501992
chr17	109	1	227.0	0.4405286343612335
chr17	110	3	198.0	1.5151515151515151
chr17	111	0	168.0	0.0
chr17	112	0	147.0	0.0
chr17	113	1	127.0	0.7874015748031495
chr17	114	0	104.0	0.0
chr17	115	1	79.0	1.2658227848101267
chr17	116	0	53.0	0.0
chr17	117	0	32.0	0.0
chr17	118	0	13.0	0.0
chr17	119	0	0.0	nan
chr17	120	0	0.0	nan
chr17	121	0	0.0	nan
chr17	122	0	0.0	nan
chr17	123	0	0.0	nan
chr17	124	0	0.0	nan
chr17	125	0	0.0	nan
chr17	126	0	0.0	nan
chr17	127	0	0.0	nan
chr17	128	0	0.0	nan
chr17	129	0	0.0	nan
chr17	130	0	0.0	nan
chr17	131	0	0.0	nan
chr17	132	0	0.0	nan
chr17	133	0	0.0	nan
chr17	134	0	0.0	nan
chr17	135	0	0.0	nan
chr17	136	0	0.0	nan
chr17	137	0	0.0	nan
chr17	138	0	0.0	nan
chr17	139	0	0.0	nan
chr18	-129	0	2.0	0.0
chr18	-128	0	2.0	0.0
chr18	-127	0	3.0	0.0
chr18	-126	0	5.0	0.0
chr18	-125	0	5.0	0.0
chr18	-124	0	6.0	0.0
chr18	-123	0	8.0	0.0
chr18	-122	0	9.0	0.0
chr18	-121	0	11.0	0.0
chr18	-120	0	12.0	0.0
chr18	-119	0	14.0	0.0
chr18	-118	0	15.0	0.0
chr18	-117	0	15.0	0.0
chr18	-116	0	16.0	0.0
chr18	-115	0	16.0	0.0
chr18	-114	0	18.0	0.0
chr18	-113	0	19.0	0.0
chr18	-112	0	21.0	0.0
chr18	-111	0	21.0	0.0
chr18	-110	1	21.0	4.761904761904762
chr18	-109	0	22.0	0.0
chr18	-108	0	24.0	0.0
chr18	-107	0	25.0	0.0
chr18	-106	0	26.0	0.0
chr18	-105	0	27.0	0.0
chr18	-104	0	27.0	0.0
chr18	-103	0	30.0	0.0
chr18	-102	0	33.0	0.0
chr18	-101	0	34.0	0.0
chr18	-100	0	34.0	0.0
chr18	-99	0	34.0	0.0
chr18	-98	0	34.0	0.0
chr18	-97	0	37.0	0.0
chr18	-96	0	39.0	0.0
chr18	-95	0	44.0	0.0
chr18	-94	0	43.0	0.0
chr18	-93	0	44.0	0.0
chr18	-92	0	45.0	0.0
chr18	-91	0	50.0	0.0
chr18	-90	0	50.0	0.0
chr18	-89	0	52.0	0.0
chr18	-88	0	52.0	0.0
chr18	-87	0	52.0	0.0
chr18	-86	0	52.0	0.0
chr18	-85	0	54.0	0.0
chr18	-84	0	56.0	0.0
chr18	-83	0	57.0	0.0
chr18	-82	0	59.0	0.0
chr18	-81	0	63.0	0.0
chr18	-80	0	63.0	0.0
chr18	-79	0	64.0	0.0
chr18	-78	0	66.0	0.0
chr18	-77	0	68.0	0.0
chr18	-76	0	70.0	0.0
chr18	-75	0	71.0	0.0
chr18	-74	1	72.0	1.3888888888888888
chr18	-73	0	75.0	0.0
chr18	-72	0	76.0	0.0
chr18	-71	0	78.0	0.0
chr18	-70	0	80.0	0.0
chr18	-69	0	82.0	0.0
chr18	-68	0	84.0	0.0
chr18	-67	0	86.0	0.0
chr18	-66	0	88.0	0.0
chr18	-65	0	90.0	0.0
chr18	-64	0	93.0	0.0
chr18	-63	0	96.0	0.0
chr18	-62	0	96.0	0.0
chr18	-61	0	97.0	0.0
chr18	-60	0	99.0	0.0
chr18	-59	0	100.0	0.0
chr18	-58	0	104.0	0.0
chr18	-57	0	106.0	0.0
chr18	-56	0	108.0	0.0
chr18	-55	0	109.0	0.0
chr18	-54	0	109.0	0.0
chr18	-53	0	110.0	0.0
chr18	-52	0	111.0	0.0
chr18	-51	0	111.0	0.0
chr18	-50	0	114.0	0.0
chr18	-49	0	115.0	0.0
chr18	-48	0	116.0	0.0
chr18	-47	1	117.0	0.8547008547008548
chr18	-46	0	118.0	0.0
chr18	-45	0	119.0	0.0
chr18	-44	0	119.0	0.0
chr18	-43	0	122.0	0.0
chr18	-42	0	123.0	0.0
chr18	-41	0	125.0	0.0
chr18	-40	0	127.0	0.0
chr18	-39	0	129.0	0.0
chr18	-38	0	131.0	0.0
chr18	-37	0	133.0	0.0
chr18	-36	0	135.0	0.0
chr18	-35	0	137.0	0.0
chr18	-34	0	139.0	0.0
chr18	-33	0	139.0	0.0
chr18	-32	0	141.0	0.0
chr18	-31	0	142.0	0.0
chr18	-30	0	142.0	0.0
chr18	-29	0	143.0	0.0
chr18	-28	0	143.0	0.0
chr18	-27	0	145.0	0.0
chr18	-26	0	148.0	0.0
chr18	-25	0	150.0	0.0
chr18	-24	0	151.0	0.0
chr18	-23	0	151.0	0.0
chr18	-22	0	153.0	0.0
chr18	-21	0	154.0	0.0
chr18	-20	0	154.0	0.0
chr18	-19	0	155.0	0.0
chr18	-18	0	156.0	0.0
chr18	-17	0	156.0	0.0
chr18	-16	0	158.0	0.0
chr18	-15	0	162.0	0.0
chr18	-14	0	163.0	0.0
chr18	-13	0	164.0	0.0
chr18	-12	0	164.0	0.0
chr18	-11	0	168.0	0.0
chr18	-10	3	169.0	1.7751479289940828
chr18	-9	0	169.0	0.0
chr18	-8	1	169.0	0.591715976331361
chr18	-7	0	169.0	0.0
chr18	-6	0	169.0	0.0
chr18	-5	0	169.0	0.0
chr18	-4	0	169.0	0.0
chr18	-3	1	166.0	0.6024096385542169
chr18	-2	0	166.0	0.0
chr18	-1	0	166.0	0.0
chr18	0	0	158.0	0.0
chr18	1	1	155.0	0.6451612903225806
chr18	2	0	152.0	0.0
chr18	3	0	157.0	0.0
chr18	4	0	157.0	0.0
chr18	5	2	156.0	1.282051282051282
chr18	6	0	155.0	0.0
chr18	7	0	155.0	0.0
chr18	8	0	153.0	0.0
chr18	9	3	151.0	1.9867549668874174
chr18	10	0	149.0	0.0
chr18	11	0	146.0	0.0
chr18	12	0	146.0	0.0
chr18	13	1	146.0	0.684931506849315
chr18	14	0	144.0	0.0
chr18	15	0	143.0	0.0
chr18	16	0	142.0	0.0
chr18	17	0	141.0	0.0
chr18	18	1	139.0	0.7194244604316548
chr18	19	1	138.0	0.7246376811594203
chr18	20	1	138.0	0.7246376811594203
chr18	21	0	135.0	0.0
chr18	22	1	131.0	0.7633587786259541
chr18	23	0	131.0	0.0
chr18	24	0	127.0	0.0
chr18	25	0	127.0	0.0
chr18	26	0	124.0	0.0
chr18	27	1	122.0	0.819672131147541
chr18	28	0	121.0	0.0
chr18	29	0	120.0	0.0
chr18	30	0	119.0	0.0
chr18	31	1	118.0	0.847457627118644
chr18	32	0	116.0	0.0
chr18	33	0	116.0	0.0
chr18	34	0	112.0	0.0
chr18	35	0	111.0	0.0
chr18	36	0	109.0	0.0
chr18	37	0	109.0	0.0
chr18	38	0	106.0	0.0
chr18	39	0	102.0	0.0
chr18	40	1	102.0	0.9803921568627451
chr18	41	1	102.0	0.9803921568627451
chr18	42	0	101.0	0.0
chr18	43	0	101.0	0.0
chr18	44	1	99.0	1.0101010101010102
chr18	45	0	98.0	0.0
chr18	46	0	95.0	0.0
chr18	47	1	93.0	1.0752688172043012
chr18	48	0	91.0	0.0
chr18	49	0	91.0	0.0
chr18	50	0	89.0	0.0
chr18	51	0	88.0	0.0
chr18	52	0	87.0	0.0
chr18	53	0	85.0	0.0
chr18	54	0	85.0	0.0
chr18	55	0	85.0	0.0
chr18	56	0	83.0	0.0
chr18	57	0	81.0	0.0
chr18	58	0	80.0	0.0
chr18	59	0	77.0	0.0
chr18	60	0	76.0	0.0
chr18	61	0	73.0	0.0
chr18	62	0	71.0	0.0
chr18	63	0	67.0	0.0
chr18	64	0	67.0	0.0
chr18	65	0	63.0	0.0
chr18	66	0	60.0	0.0
chr18	67	0	58.0	0.0
chr18	68	0	56.0	0.0
chr18	69	0	55.0	0.0
chr18	70	0	55.0	0.0
chr18	71	0	52.0	0.0
chr18	72	0	50.0	0.0
chr18	73	0	49.0	0.0
chr18	74	0	49.0	0.0
chr18	75	0	48.0	0.0
chr18	76	0	48.0	0.0
chr18	77	0	48.0	0.0
chr18	78	0	48.0	0.0
chr18	79	0	46.0	0.0
chr18	80	0	45.0	0.0
chr18	81	0	44.0	0.0
chr18	82	0	43.0	0.0
chr18	83	0	41.0	0.0
chr18	84	0	39.0	0.0
chr18	85	0	38.0	0.0
chr18	86	0	37.0	0.0
chr18	87	0	36.0	0.0
chr18	88	0	34.0	0.0
chr18	89	0	34.0	0.0
chr18	90	0	32.0	0.0
chr18	91	0	29.0	0.0
chr18	92	0	27.0	0.0
chr18	93	0	26.0	0.0
chr18	94	0	24.0	0.0
chr18	95	0	23.0	0.0
chr18	96	0	23.0	0.0
chr18	97	0	22.0	0.0
chr18	98	0	21.0	0.0
chr18	99	1	21.0	4.761904761904762
chr18	100	0	21.0	0.0
chr18	101	0	21.0	0.0
chr18	102	0	19.0	0.0
chr18	103	0	16.0	0.0
chr18	104	0	15.0	0.0
chr18	105	0	15.0	0.0
chr18	106	0	14.0	0.0
chr18	107	0	13.0	0.0
chr18	108	0	11.0	0.0
chr18	109	0	10.0	0.0
chr18	110	0	9.0	0.0
chr18	111	0	6.0	0.0
chr18	112	0	5.0	0.0
chr18	113	0	3.0	0.0
chr18	114	0	3.0	0.0
chr18	115	0	3.0	0.0
chr18	116	0	2.0	0.0
chr18	117	0	1.0	0.0
chr18	118	0	1.0	0.0
chr18	119	0	0.0	nan
chr18	120	0	0.0	nan
chr18	121	0	0.0	nan
chr18	122	0	0.0	nan
chr18	123	0	0.0	nan
chr18	124	0	0.0	nan
chr18	125	0	0.0	nan
chr18	126	0	0.0	nan
chr18	127	0	0.0	nan
chr18	128	0	0.0	nan
chr18	129	0	0.0	nan
chr19	-130	0	1.0	0.0
chr19	-129	0	1.0	0.0
chr19	-128	0	3.0	0.0
chr19	-127	0	3.0	0.0
chr19	-126	0	5.0	0.0
chr19	-125	0	5.0	0.0
chr19	-124	0	6.0	0.0
chr19	-123	0	6.0	0.0
chr19	-122	0	6.0	0.0
chr19	-121	0	7.0	0.0
chr19	-120	0	8.0	0.0
chr19	-119	0	9.0	0.0
chr19	-118	1	9.0	11.11111111111111
chr19	-117	0	9.0	0.0
chr19	-116	0	9.0	0.0
chr19	-115	0	9.0	0.0
chr19	-114	0	9.0	0.0
chr19	-113	0	9.0	0.0
chr19	-112	0	10.0	0.0
chr19	-111	0	13.0	0.0
chr19	-110	0	12.0	0.0
chr19	-109	0	12.0	0.0
chr19	-108	1	13.0	7.6923076923076925
chr19	-107	0	13.0	0.0
chr19	-106	0	14.0	0.0
chr19	-105	0	16.0	0.0
chr19	-104	0	16.0	0.0
chr19	-103	0	18.0	0.0
chr19	-102	0	18.0	0.0
chr19	-101	1	19.0	5.263157894736842
chr19	-100	0	21.0	0.0
chr19	-99	0	25.0	0.0
chr19	-98	0	26.0	0.0
chr19	-97	0	27.0	0.0
chr19	-96	1	27.0	3.7037037037037033
chr19	-95	0	28.0	0.0
chr19	-94	0	30.0	0.0
chr19	-93	0	32.0	0.0
chr19	-92	0	33.0	0.0
chr19	-91	0	33.0	0.0
chr19	-90	0	33.0	0.0
chr19	-89	0	33.0	0.0
chr19	-88	0	34.0	0.0
chr19	-87	0	35.0	0.0
chr19	-86	0	35.0	0.0
chr19	-85	0	36.0	0.0
chr19	-84	0	37.0	0.0
chr19	-83	0	38.0	0.0
chr19	-82	0	40.0	0.0
chr19	-81	0	45.0	0.0
chr19	-80	2	45.0	4.444444444444445
chr19	-79	0	46.0	0.0
chr19	-78	0	47.0	0.0
chr19	-77	0	49.0	0.0
chr19	-76	0	49.0	0.0
chr19	-75	0	49.0	0.0
chr19	-74	0	49.0	0.0
chr19	-73	0	49.0	0.0
chr19	-72	0	50.0	0.0
chr19	-71	0	51.0	0.0
chr19	-70	0	51.0	0.0
chr19	-69	0	51.0	0.0
chr19	-68	4	52.0	7.6923076923076925
chr19	-67	0	53.0	0.0
chr19	-66	1	54.0	1.8518518518518516
chr19	-65	1	54.0	1.8518518518518516
chr19	-64	2	56.0	3.571428571428571
chr19	-63	0	57.0	0.0
chr19	-62	0	58.0	0.0
chr19	-61	0	60.0	0.0
chr19	-60	0	61.0	0.0
chr19	-59	0	62.0	0.0
chr19	-58	3	62.0	4.838709677419355
chr19	-57	7	64.0	10.9375
chr19	-56	2	66.0	3.0303030303030303
chr19	-55	0	67.0	0.0
chr19	-54	0	65.0	0.0
chr19	-53	0	67.0	0.0
chr19	-52	0	71.0	0.0
chr19	-51	0	72.0	0.0
chr19	-50	2	72.0	2.7777777777777777
chr19	-49	0	78.0	0.0
chr19	-48	0	81.0	0.0
chr19	-47	0	82.0	0.0
chr19	-46	0	82.0	0.0
chr19	-45	0	84.0	0.0
chr19	-44	0	85.0	0.0
chr19	-43	0	85.0	0.0
chr19	-42	0	85.0	0.0
chr19	-41	0	85.0	0.0
chr19	-40	0	85.0	0.0
chr19	-39	0	88.0	0.0
chr19	-38	0	88.0	0.0
chr19	-37	0	89.0	0.0
chr19	-36	0	91.0	0.0
chr19	-35	0	92.0	0.0
chr19	-34	0	92.0	0.0
chr19	-33	4	95.0	4.2105263157894735
chr19	-32	0	97.0	0.0
chr19	-31	0	101.0	0.0
chr19	-30	3	102.0	2.941176470588235
chr19	-29	0	102.0	0.0
chr19	-28	0	102.0	0.0
chr19	-27	0	103.0	0.0
chr19	-26	0	103.0	0.0
chr19	-25	1	103.0	0.9708737864077669
chr19	-24	0	106.0	0.0
chr19	-23	0	106.0	0.0
chr19	-22	0	108.0	0.0
chr19	-21	0	108.0	0.0
chr19	-20	0	109.0	0.0
chr19	-19	0	110.0	0.0
chr19	-18	0	112.0	0.0
chr19	-17	1	115.0	0.8695652173913043
chr19	-16	0	116.0	0.0
chr19	-15	0	116.0	0.0
chr19	-14	1	116.0	0.8620689655172413
chr19	-13	0	116.0	0.0
chr19	-12	0	117.0	0.0
chr19	-11	1	119.0	0.8403361344537815
chr19	-10	3	121.0	2.479338842975207
chr19	-9	0	121.0	0.0
chr19	-8	0	121.0	0.0
chr19	-7	0	121.0	0.0
chr19	-6	0	121.0	0.0
chr19	-5	0	121.0	0.0
chr19	-4	0	119.0	0.0
chr19	-3	0	119.0	0.0
chr19	-2	0	116.0	0.0
chr19	-1	13	116.0	11.206896551724139
chr19	0	7	114.0	6.140350877192982
chr19	1	0	112.0	0.0
chr19	2	1	114.0	0.8771929824561403
chr19	3	0	112.0	0.0
chr19	4	0	114.0	0.0
chr19	5	0	113.0	0.0
chr19	6	0	113.0	0.0
chr19	7	1	112.0	0.8928571428571428
chr19	8	3	109.0	2.7522935779816518
chr19	9	7	108.0	6.481481481481481
chr19	10	0	106.0	0.0
chr19	11	0	106.0	0.0
chr19	12	1	106.0	0.9433962264150944
chr19	13	1	106.0	0.9433962264150944
chr19	14	0	105.0	0.0
chr19	15	0	105.0	0.0
chr19	16	1	105.0	0.9523809523809524
chr19	17	0	105.0	0.0
chr19	18	0	105.0	0.0
chr19	19	1	105.0	0.9523809523809524
chr19	20	0	105.0	0.0
chr19	21	0	105.0	0.0
chr19	22	0	103.0	0.0
chr19	23	0	101.0	0.0
chr19	24	4	98.0	4.081632653061225
chr19	25	0	97.0	0.0
chr19	26	1	95.0	1.0526315789473684
chr19	27	1	94.0	1.0638297872340425
chr19	28	1	93.0	1.0752688172043012
chr19	29	2	92.0	2.1739130434782608
chr19	30	0	90.0	0.0
chr19	31	0	90.0	0.0
chr19	32	2	89.0	2.247191011235955
chr19	33	1	89.0	1.1235955056179776
chr19	34	1	89.0	1.1235955056179776
chr19	35	0	88.0	0.0
chr19	36	0	87.0	0.0
chr19	37	0	86.0	0.0
chr19	38	0	85.0	0.0
chr19	39	0	85.0	0.0
chr19	40	0	82.0	0.0
chr19	41	0	81.0	0.0
chr19	42	0	79.0	0.0
chr19	43	0	79.0	0.0
chr19	44	0	76.0	0.0
chr19	45	0	76.0	0.0
chr19	46	0	76.0	0.0
chr19	47	0	76.0	0.0
chr19	48	0	74.0	0.0
chr19	49	0	74.0	0.0
chr19	50	0	72.0	0.0
chr19	51	0	71.0	0.0
chr19	52	0	69.0	0.0
chr19	53	0	67.0	0.0
chr19	54	1	67.0	1.4925373134328357
chr19	55	7	67.0	10.44776119402985
chr19	56	5	66.0	7.575757575757576
chr19	57	2	65.0	3.076923076923077
chr19	58	1	64.0	1.5625
chr19	59	0	64.0	0.0
chr19	60	0	63.0	0.0
chr19	61	0	62.0	0.0
chr19	62	0	60.0	0.0
chr19	63	2	58.0	3.4482758620689653
chr19	64	0	58.0	0.0
chr19	65	0	54.0	0.0
chr19	66	1	54.0	1.8518518518518516
chr19	67	1	53.0	1.8867924528301887
chr19	68	0	51.0	0.0
chr19	69	0	51.0	0.0
chr19	70	0	51.0	0.0
chr19	71	0	49.0	0.0
chr19	72	0	45.0	0.0
chr19	73	0	44.0	0.0
chr19	74	0	43.0	0.0
chr19	75	0	43.0	0.0
chr19	76	0	42.0	0.0
chr19	77	1	40.0	2.5
chr19	78	0	39.0	0.0
chr19	79	1	38.0	2.631578947368421
chr19	80	0	35.0	0.0
chr19	81	0	34.0	0.0
chr19	82	0	32.0	0.0
chr19	83	0	32.0	0.0
chr19	84	0	28.0	0.0
chr19	85	0	28.0	0.0
chr19	86	0	28.0	0.0
chr19	87	0	27.0	0.0
chr19	88	0	26.0	0.0
chr19	89	0	26.0	0.0
chr19	90	0	24.0	0.0
chr19	91	0	22.0	0.0
chr19	92	0	22.0	0.0
chr19	93	0	21.0	0.0
chr19	94	0	21.0	0.0
chr19	95	2	21.0	9.523809523809524
chr19	96	0	21.0	0.0
chr19	97	0	19.0	0.0
chr19	98	0	18.0	0.0
chr19	99	0	15.0	0.0
chr19	100	0	15.0	0.0
chr19	101	0	15.0	0.0
chr19	102	0	14.0	0.0
chr19	103	0	14.0	0.0
chr19	104	0	12.0	0.0
chr19	105	0	9.0	0.0
chr19	106	0	9.0	0.0
chr19	107	1	8.0	12.5
chr19	108	0	8.0	0.0
chr19	109	0	7.0	0.0
chr19	110	0	7.0	0.0
chr19	111	0	6.0	0.0
chr19	112	0	5.0	0.0
chr19	113	0	4.0	0.0
chr19	114	0	4.0	0.0
chr19	115	0	3.0	0.0
chr19	116	0	3.0	0.0
chr19	117	0	2.0	0.0
chr19	118	0	2.0	0.0
chr19	119	0	0.0	nan
chr19	120	0	0.0	nan
chr19	121	0	0.0	nan
chr19	122	0	0.0	nan
chr19	123	0	0.0	nan
chr19	124	0	0.0	nan
chr19	125	0	0.0	nan
chr19	126	0	0.0	nan
chr19	127	0	0.0	nan
chr19	128	0	0.0	nan
chr19	129	0	0.0	nan
chr20	-132	0	1.0	0.0
chr20	-131	0	1.0	0.0
chr20	-130	0	3.0	0.0
chr20	-129	0	10.0	0.0
chr20	-128	0	22.0	0.0
chr20	-127	0	28.0	0.0
chr20	-126	0	35.0	0.0
chr20	-125	0	44.0	0.0
chr20	-124	0	53.0	0.0
chr20	-123	0	66.0	0.0
chr20	-122	0	80.0	0.0
chr20	-121	0	91.0	0.0
chr20	-120	0	105.0	0.0
chr20	-119	0	114.0	0.0
chr20	-118	0	125.0	0.0
chr20	-117	0	137.0	0.0
chr20	-116	1	152.0	0.6578947368421052
chr20	-115	0	166.0	0.0
chr20	-114	0	182.0	0.0
chr20	-113	0	192.0	0.0
chr20	-112	0	199.0	0.0
chr20	-111	3	212.0	1.4150943396226416
chr20	-110	0	224.0	0.0
chr20	-109	1	236.0	0.423728813559322
chr20	-108	1	250.0	0.4
chr20	-107	1	256.0	0.390625
chr20	-106	1	271.0	0.36900369003690037
chr20	-105	0	286.0	0.0
chr20	-104	0	295.0	0.0
chr20	-103	1	311.0	0.3215434083601286
chr20	-102	0	324.0	0.0
chr20	-101	0	341.0	0.0
chr20	-100	0	358.0	0.0
chr20	-99	0	367.0	0.0
chr20	-98	0	382.0	0.0
chr20	-97	1	401.0	0.24937655860349126
chr20	-96	1	419.0	0.23866348448687352
chr20	-95	5	435.0	1.1494252873563218
chr20	-94	3	447.0	0.6711409395973155
chr20	-93	1	457.0	0.2188183807439825
chr20	-92	1	468.0	0.2136752136752137
chr20	-91	0	478.0	0.0
chr20	-90	1	492.0	0.20325203252032523
chr20	-89	1	511.0	0.19569471624266144
chr20	-88	1	524.0	0.19083969465648853
chr20	-87	0	536.0	0.0
chr20	-86	3	557.0	0.5385996409335727
chr20	-85	2	571.0	0.3502626970227671
chr20	-84	0	586.0	0.0
chr20	-83	2	605.0	0.3305785123966942
chr20	-82	1	622.0	0.1607717041800643
chr20	-81	0	635.0	0.0
chr20	-80	1	645.0	0.15503875968992248
chr20	-79	0	655.0	0.0
chr20	-78	3	665.0	0.4511278195488722
chr20	-77	3	676.0	0.4437869822485207
chr20	-76	3	695.0	0.4316546762589928
chr20	-75	1	711.0	0.14064697609001406
chr20	-74	7	727.0	0.9628610729023385
chr20	-73	3	743.0	0.4037685060565276
chr20	-72	8	762.0	1.0498687664041995
chr20	-71	0	779.0	0.0
chr20	-70	0	796.0	0.0
chr20	-69	0	807.0	0.0
chr20	-68	2	822.0	0.24330900243309003
chr20	-67	2	837.0	0.23894862604540024
chr20	-66	2	855.0	0.23391812865497078
chr20	-65	4	869.0	0.46029919447640966
chr20	-64	2	881.0	0.22701475595913734
chr20	-63	8	893.0	0.8958566629339306
chr20	-62	3	910.0	0.32967032967032966
chr20	-61	1	925.0	0.10810810810810811
chr20	-60	2	945.0	0.21164021164021166
chr20	-59	3	953.0	0.3147953830010493
chr20	-58	2	972.0	0.205761316872428
chr20	-57	5	984.0	0.5081300813008129
chr20	-56	0	996.0	0.0
chr20	-55	0	1006.0	0.0
chr20	-54	2	1014.0	0.19723865877712032
chr20	-53	1	1039.0	0.0962463907603465
chr20	-52	1	1053.0	0.0949667616334283
chr20	-51	0	1073.0	0.0
chr20	-50	2	1088.0	0.1838235294117647
chr20	-49	1	1102.0	0.09074410163339383
chr20	-48	5	1119.0	0.44682752457551383
chr20	-47	0	1133.0	0.0
chr20	-46	0	1146.0	0.0
chr20	-45	3	1163.0	0.2579535683576956
chr20	-44	0	1178.0	0.0
chr20	-43	3	1186.0	0.25295109612141653
chr20	-42	8	1207.0	0.6628003314001657
chr20	-41	3	1223.0	0.24529844644317253
chr20	-40	0	1239.0	0.0
chr20	-39	1	1254.0	0.07974481658692185
chr20	-38	2	1270.0	0.15748031496062992
chr20	-37	0	1284.0	0.0
chr20	-36	1	1299.0	0.07698229407236336
chr20	-35	1	1314.0	0.076103500761035
chr20	-34	4	1331.0	0.30052592036063114
chr20	-33	2	1350.0	0.14814814814814814
chr20	-32	2	1369.0	0.1460920379839299
chr20	-31	5	1383.0	0.3615328994938539
chr20	-30	6	1396.0	0.42979942693409745
chr20	-29	1	1409.0	0.07097232079488999
chr20	-28	9	1426.0	0.6311360448807855
chr20	-27	2	1449.0	0.13802622498274672
chr20	-26	5	1470.0	0.3401360544217687
chr20	-25	11	1482.0	0.7422402159244265
chr20	-24	3	1495.0	0.2006688963210702
chr20	-23	0	1512.0	0.0
chr20	-22	2	1525.0	0.13114754098360656
chr20	-21	1	1536.0	0.06510416666666666
chr20	-20	2	1561.0	0.12812299807815503
chr20	-19	3	1575.0	0.19047619047619047
chr20	-18	0	1600.0	0.0
chr20	-17	3	1614.0	0.18587360594795538
chr20	-16	1	1635.0	0.06116207951070336
chr20	-15	5	1654.0	0.3022974607013301
chr20	-14	9	1668.0	0.539568345323741
chr20	-13	11	1687.0	0.6520450503852994
chr20	-12	4	1702.0	0.23501762632197415
chr20	-11	9	1716.0	0.5244755244755245
chr20	-10	6	1725.0	0.34782608695652173
chr20	-9	8	1729.0	0.46269519953730476
chr20	-8	0	1731.0	0.0
chr20	-7	9	1731.0	0.5199306759098787
chr20	-6	10	1732.0	0.5773672055427251
chr20	-5	6	1732.0	0.3464203233256351
chr20	-4	0	1731.0	0.0
chr20	-3	26	1730.0	1.5028901734104045
chr20	-2	12	1729.0	0.6940427993059572
chr20	-1	52	1722.0	3.0197444831591174
chr20	0	40	1680.0	2.380952380952381
chr20	1	8	1663.0	0.4810583283223091
chr20	2	21	1649.0	1.2734990903577925
chr20	3	9	1644.0	0.5474452554744526
chr20	4	5	1630.0	0.3067484662576687
chr20	5	18	1608.0	1.1194029850746268
chr20	6	6	1590.0	0.37735849056603776
chr20	7	2	1573.0	0.12714558169103624
chr20	8	6	1553.0	0.38634900193174504
chr20	9	7	1547.0	0.4524886877828055
chr20	10	10	1538.0	0.6501950585175552
chr20	11	0	1518.0	0.0
chr20	12	9	1500.0	0.6
chr20	13	3	1486.0	0.2018842530282638
chr20	14	4	1471.0	0.27192386131883073
chr20	15	0	1458.0	0.0
chr20	16	2	1443.0	0.1386001386001386
chr20	17	3	1426.0	0.21037868162692847
chr20	18	3	1415.0	0.21201413427561835
chr20	19	2	1399.0	0.14295925661186562
chr20	20	5	1379.0	0.36258158085569253
chr20	21	2	1372.0	0.1457725947521866
chr20	22	7	1360.0	0.5147058823529411
chr20	23	0	1347.0	0.0
chr20	24	11	1323.0	0.8314436885865457
chr20	25	3	1312.0	0.22865853658536583
chr20	26	2	1297.0	0.15420200462606012
chr20	27	5	1281.0	0.39032006245121
chr20	28	1	1269.0	0.07880220646178093
chr20	29	3	1256.0	0.23885350318471338
chr20	30	5	1242.0	0.40257648953301123
chr20	31	3	1219.0	0.2461033634126333
chr20	32	3	1199.0	0.25020850708924103
chr20	33	10	1188.0	0.8417508417508417
chr20	34	0	1172.0	0.0
chr20	35	5	1155.0	0.4329004329004329
chr20	36	1	1145.0	0.08733624454148471
chr20	37	2	1130.0	0.17699115044247787
chr20	38	4	1121.0	0.35682426404995543
chr20	39	3	1108.0	0.2707581227436823
chr20	40	7	1089.0	0.642791551882461
chr20	41	8	1070.0	0.7476635514018692
chr20	42	6	1055.0	0.5687203791469194
chr20	43	1	1042.0	0.09596928982725528
chr20	44	4	1027.0	0.3894839337877313
chr20	45	0	1013.0	0.0
chr20	46	3	1002.0	0.29940119760479045
chr20	47	4	987.0	0.4052684903748734
chr20	48	7	974.0	0.7186858316221766
chr20	49	6	963.0	0.6230529595015576
chr20	50	0	950.0	0.0
chr20	51	1	935.0	0.10695187165775401
chr20	52	5	921.0	0.5428881650380022
chr20	53	2	896.0	0.2232142857142857
chr20	54	2	876.0	0.228310502283105
chr20	55	2	867.0	0.2306805074971165
chr20	56	5	856.0	0.5841121495327103
chr20	57	2	841.0	0.23781212841854932
chr20	58	0	831.0	0.0
chr20	59	7	811.0	0.8631319358816275
chr20	60	1	793.0	0.12610340479192939
chr20	61	0	778.0	0.0
chr20	62	5	766.0	0.6527415143603132
chr20	63	1	752.0	0.13297872340425532
chr20	64	1	733.0	0.1364256480218281
chr20	65	2	709.0	0.2820874471086037
chr20	66	0	697.0	0.0
chr20	67	2	678.0	0.2949852507374631
chr20	68	0	662.0	0.0
chr20	69	0	651.0	0.0
chr20	70	1	631.0	0.15847860538827258
chr20	71	3	614.0	0.4885993485342019
chr20	72	6	603.0	0.9950248756218906
chr20	73	5	592.0	0.8445945945945946
chr20	74	1	579.0	0.17271157167530224
chr20	75	5	559.0	0.8944543828264758
chr20	76	6	543.0	1.1049723756906076
chr20	77	2	527.0	0.3795066413662239
chr20	78	2	507.0	0.39447731755424065
chr20	79	2	489.0	0.408997955010225
chr20	80	0	476.0	0.0
chr20	81	3	464.0	0.646551724137931
chr20	82	1	447.0	0.22371364653243847
chr20	83	2	429.0	0.4662004662004662
chr20	84	2	414.0	0.4830917874396135
chr20	85	1	396.0	0.25252525252525254
chr20	86	0	386.0	0.0
chr20	87	3	371.0	0.8086253369272237
chr20	88	3	358.0	0.8379888268156425
chr20	89	0	347.0	0.0
chr20	90	1	331.0	0.3021148036253776
chr20	91	0	314.0	0.0
chr20	92	0	302.0	0.0
chr20	93	0	290.0	0.0
chr20	94	0	278.0	0.0
chr20	95	1	262.0	0.38167938931297707
chr20	96	0	248.0	0.0
chr20	97	2	234.0	0.8547008547008548
chr20	98	0	219.0	0.0
chr20	99	0	201.0	0.0
chr20	100	0	194.0	0.0
chr20	101	0	184.0	0.0
chr20	102	2	169.0	1.183431952662722
chr20	103	0	160.0	0.0
chr20	104	0	153.0	0.0
chr20	105	1	144.0	0.6944444444444444
chr20	106	0	133.0	0.0
chr20	107	3	121.0	2.479338842975207
chr20	108	1	109.0	0.9174311926605505
chr20	109	0	97.0	0.0
chr20	110	0	79.0	0.0
chr20	111	1	64.0	1.5625
chr20	112	0	54.0	0.0
chr20	113	0	42.0	0.0
chr20	114	0	32.0	0.0
chr20	115	0	21.0	0.0
chr20	116	0	17.0	0.0
chr20	117	0	9.0	0.0
chr20	118	0	3.0	0.0
chr20	119	0	0.0	nan
chr20	120	0	0.0	nan
chr20	121	0	0.0	nan
chr20	122	0	0.0	nan
chr20	123	0	0.0	nan
chr20	124	0	0.0	nan
chr20	125	0	0.0	nan
chr20	126	0	0.0	nan
chr20	127	0	0.0	nan
chr20	128	0	0.0	nan
chr20	129	0	0.0	nan
chr20	130	0	0.0	nan
chr20	131	0	0.0	nan
chr21	-134	0	1.0	0.0
chr21	-133	0	1.0	0.0
chr21	-132	0	1.0	0.0
chr21	-131	0	1.0	0.0
chr21	-130	0	2.0	0.0
chr21	-129	0	2.0	0.0
chr21	-128	0	5.0	0.0
chr21	-127	0	6.0	0.0
chr21	-126	0	8.0	0.0
chr21	-125	0	10.0	0.0
chr21	-124	0	12.0	0.0
chr21	-123	0	16.0	0.0
chr21	-122	0	17.0	0.0
chr21	-121	0	19.0	0.0
chr21	-120	0	21.0	0.0
chr21	-119	1	24.0	4.166666666666666
chr21	-118	0	29.0	0.0
chr21	-117	0	32.0	0.0
chr21	-116	0	32.0	0.0
chr21	-115	0	35.0	0.0
chr21	-114	0	35.0	0.0
chr21	-113	0	36.0	0.0
chr21	-112	0	40.0	0.0
chr21	-111	0	41.0	0.0
chr21	-110	0	43.0	0.0
chr21	-109	0	47.0	0.0
chr21	-108	0	50.0	0.0
chr21	-107	0	52.0	0.0
chr21	-106	0	57.0	0.0
chr21	-105	4	59.0	6.779661016949152
chr21	-104	0	64.0	0.0
chr21	-103	0	64.0	0.0
chr21	-102	0	64.0	0.0
chr21	-101	0	68.0	0.0
chr21	-100	0	72.0	0.0
chr21	-99	0	77.0	0.0
chr21	-98	0	79.0	0.0
chr21	-97	0	80.0	0.0
chr21	-96	0	82.0	0.0
chr21	-95	0	83.0	0.0
chr21	-94	0	84.0	0.0
chr21	-93	0	85.0	0.0
chr21	-92	2	89.0	2.247191011235955
chr21	-91	0	89.0	0.0
chr21	-90	0	90.0	0.0
chr21	-89	2	93.0	2.1505376344086025
chr21	-88	0	96.0	0.0
chr21	-87	0	99.0	0.0
chr21	-86	0	100.0	0.0
chr21	-85	0	105.0	0.0
chr21	-84	0	109.0	0.0
chr21	-83	0	109.0	0.0
chr21	-82	0	111.0	0.0
chr21	-81	0	111.0	0.0
chr21	-80	0	112.0	0.0
chr21	-79	0	113.0	0.0
chr21	-78	0	115.0	0.0
chr21	-77	0	117.0	0.0
chr21	-76	0	122.0	0.0
chr21	-75	0	123.0	0.0
chr21	-74	0	126.0	0.0
chr21	-73	0	130.0	0.0
chr21	-72	5	131.0	3.816793893129771
chr21	-71	0	133.0	0.0
chr21	-70	0	135.0	0.0
chr21	-69	0	135.0	0.0
chr21	-68	0	136.0	0.0
chr21	-67	0	137.0	0.0
chr21	-66	0	139.0	0.0
chr21	-65	0	141.0	0.0
chr21	-64	0	145.0	0.0
chr21	-63	0	146.0	0.0
chr21	-62	0	147.0	0.0
chr21	-61	0	150.0	0.0
chr21	-60	1	150.0	0.6666666666666667
chr21	-59	0	151.0	0.0
chr21	-58	0	155.0	0.0
chr21	-57	0	157.0	0.0
chr21	-56	0	158.0	0.0
chr21	-55	0	161.0	0.0
chr21	-54	2	161.0	1.2422360248447204
chr21	-53	1	162.0	0.6172839506172839
chr21	-52	2	165.0	1.2121212121212122
chr21	-51	0	165.0	0.0
chr21	-50	1	168.0	0.5952380952380952
chr21	-49	0	169.0	0.0
chr21	-48	0	172.0	0.0
chr21	-47	0	177.0	0.0
chr21	-46	0	180.0	0.0
chr21	-45	0	182.0	0.0
chr21	-44	0	183.0	0.0
chr21	-43	0	184.0	0.0
chr21	-42	0	186.0	0.0
chr21	-41	0	190.0	0.0
chr21	-40	0	191.0	0.0
chr21	-39	0	192.0	0.0
chr21	-38	1	195.0	0.5128205128205128
chr21	-37	0	196.0	0.0
chr21	-36	0	194.0	0.0
chr21	-35	1	194.0	0.5154639175257731
chr21	-34	0	202.0	0.0
chr21	-33	0	204.0	0.0
chr21	-32	0	209.0	0.0
chr21	-31	0	209.0	0.0
chr21	-30	0	214.0	0.0
chr21	-29	0	216.0	0.0
chr21	-28	0	218.0	0.0
chr21	-27	0	218.0	0.0
chr21	-26	0	213.0	0.0
chr21	-25	0	213.0	0.0
chr21	-24	0	222.0	0.0
chr21	-23	0	222.0	0.0
chr21	-22	0	225.0	0.0
chr21	-21	0	225.0	0.0
chr21	-20	0	229.0	0.0
chr21	-19	0	232.0	0.0
chr21	-18	0	232.0	0.0
chr21	-17	0	234.0	0.0
chr21	-16	5	236.0	2.11864406779661
chr21	-15	0	240.0	0.0
chr21	-14	0	241.0	0.0
chr21	-13	0	243.0	0.0
chr21	-12	0	250.0	0.0
chr21	-11	1	252.0	0.3968253968253968
chr21	-10	0	256.0	0.0
chr21	-9	0	256.0	0.0
chr21	-8	0	256.0	0.0
chr21	-7	0	256.0	0.0
chr21	-6	0	256.0	0.0
chr21	-5	0	256.0	0.0
chr21	-4	0	256.0	0.0
chr21	-3	0	256.0	0.0
chr21	-2	0	256.0	0.0
chr21	-1	2	256.0	0.78125
chr21	0	4	255.0	1.5686274509803921
chr21	1	0	252.0	0.0
chr21	2	1	252.0	0.3968253968253968
chr21	3	0	248.0	0.0
chr21	4	0	247.0	0.0
chr21	5	0	245.0	0.0
chr21	6	0	242.0	0.0
chr21	7	0	238.0	0.0
chr21	8	1	237.0	0.42194092827004215
chr21	9	0	232.0	0.0
chr21	10	0	231.0	0.0
chr21	11	0	228.0	0.0
chr21	12	1	225.0	0.4444444444444444
chr21	13	2	224.0	0.8928571428571428
chr21	14	0	223.0	0.0
chr21	15	3	221.0	1.3574660633484164
chr21	16	2	220.0	0.9090909090909091
chr21	17	0	218.0	0.0
chr21	18	0	215.0	0.0
chr21	19	0	210.0	0.0
chr21	20	1	206.0	0.48543689320388345
chr21	21	0	201.0	0.0
chr21	22	0	200.0	0.0
chr21	23	1	196.0	0.5102040816326531
chr21	24	0	191.0	0.0
chr21	25	0	187.0	0.0
chr21	26	0	191.0	0.0
chr21	27	0	190.0	0.0
chr21	28	0	185.0	0.0
chr21	29	0	182.0	0.0
chr21	30	1	180.0	0.5555555555555556
chr21	31	0	180.0	0.0
chr21	32	2	180.0	1.1111111111111112
chr21	33	0	179.0	0.0
chr21	34	0	174.0	0.0
chr21	35	0	171.0	0.0
chr21	36	1	174.0	0.5747126436781609
chr21	37	0	170.0	0.0
chr21	38	4	169.0	2.366863905325444
chr21	39	0	167.0	0.0
chr21	40	0	165.0	0.0
chr21	41	0	162.0	0.0
chr21	42	0	160.0	0.0
chr21	43	0	160.0	0.0
chr21	44	0	155.0	0.0
chr21	45	0	151.0	0.0
chr21	46	0	151.0	0.0
chr21	47	0	149.0	0.0
chr21	48	0	147.0	0.0
chr21	49	0	145.0	0.0
chr21	50	0	144.0	0.0
chr21	51	6	144.0	4.166666666666666
chr21	52	1	141.0	0.7092198581560284
chr21	53	2	135.0	1.4814814814814816
chr21	54	1	133.0	0.7518796992481203
chr21	55	0	132.0	0.0
chr21	56	0	129.0	0.0
chr21	57	1	127.0	0.7874015748031495
chr21	58	0	124.0	0.0
chr21	59	1	122.0	0.819672131147541
chr21	60	0	120.0	0.0
chr21	61	0	120.0	0.0
chr21	62	0	118.0	0.0
chr21	63	1	114.0	0.8771929824561403
chr21	64	0	112.0	0.0
chr21	65	1	110.0	0.9090909090909091
chr21	66	0	109.0	0.0
chr21	67	0	108.0	0.0
chr21	68	0	106.0	0.0
chr21	69	1	105.0	0.9523809523809524
chr21	70	0	105.0	0.0
chr21	71	4	102.0	3.9215686274509802
chr21	72	0	99.0	0.0
chr21	73	0	99.0	0.0
chr21	74	1	96.0	1.0416666666666665
chr21	75	0	96.0	0.0
chr21	76	0	96.0	0.0
chr21	77	0	93.0	0.0
chr21	78	0	92.0	0.0
chr21	79	1	85.0	1.1764705882352942
chr21	80	0	83.0	0.0
chr21	81	1	81.0	1.2345679012345678
chr21	82	0	76.0	0.0
chr21	83	0	76.0	0.0
chr21	84	0	73.0	0.0
chr21	85	0	71.0	0.0
chr21	86	0	68.0	0.0
chr21	87	0	68.0	0.0
chr21	88	2	65.0	3.076923076923077
chr21	89	0	63.0	0.0
chr21	90	0	61.0	0.0
chr21	91	4	57.0	7.017543859649122
chr21	92	2	54.0	3.7037037037037033
chr21	93	1	50.0	2.0
chr21	94	1	49.0	2.0408163265306123
chr21	95	0	48.0	0.0
chr21	96	0	44.0	0.0
chr21	97	0	41.0	0.0
chr21	98	0	40.0	0.0
chr21	99	0	37.0	0.0
chr21	100	1	36.0	2.7777777777777777
chr21	101	0	35.0	0.0
chr21	102	0	35.0	0.0
chr21	103	0	32.0	0.0
chr21	104	2	30.0	6.666666666666667
chr21	105	1	26.0	3.8461538461538463
chr21	106	0	26.0	0.0
chr21	107	0	26.0	0.0
chr21	108	1	25.0	4.0
chr21	109	0	22.0	0.0
chr21	110	0	21.0	0.0
chr21	111	1	21.0	4.761904761904762
chr21	112	0	19.0	0.0
chr21	113	1	15.0	6.666666666666667
chr21	114	0	13.0	0.0
chr21	115	0	9.0	0.0
chr21	116	0	7.0	0.0
chr21	117	0	2.0	0.0
chr21	118	0	2.0	0.0
chr21	119	0	0.0	nan
chr21	120	0	0.0	nan
chr21	121	0	0.0	nan
chr21	122	0	0.0	nan
chr21	123	0	0.0	nan
chr21	124	0	0.0	nan
chr21	125	0	0.0	nan
chr21	126	0	0.0	nan
chr21	127	0	0.0	nan
chr21	128	0	0.0	nan
chr21	129	0	0.0	nan
chr21	130	0	0.0	nan
chr21	131	0	0.0	nan
chr21	132	0	0.0	nan
chr21	133	0	0.0	nan
chr21	134	0	0.0	nan
chr21	135	0	0.0	nan
chr21	136	0	0.0	nan
chr21	137	0	0.0	nan
chr21	138	0	0.0	nan
chr21	139	0	0.0	nan
chr21	140	0	0.0	nan
chr21	141	0	0.0	nan
chr22	-134	0	1.0	0.0
chr22	-133	0	2.0	0.0
chr22	-132	0	2.0	0.0
chr22	-131	0	2.0	0.0
chr22	-130	0	9.0	0.0
chr22	-129	0	18.0	0.0
chr22	-128	0	29.0	0.0
chr22	-127	0	42.0	0.0
chr22	-126	0	60.0	0.0
chr22	-125	0	70.0	0.0
chr22	-124	1	82.0	1.2195121951219512
chr22	-123	0	97.0	0.0
chr22	-122	0	104.0	0.0
chr22	-121	1	122.0	0.819672131147541
chr22	-120	2	138.0	1.4492753623188406
chr22	-119	1	152.0	0.6578947368421052
chr22	-118	0	168.0	0.0
chr22	-117	0	188.0	0.0
chr22	-116	0	201.0	0.0
chr22	-115	0	208.0	0.0
chr22	-114	1	218.0	0.45871559633027525
chr22	-113	1	231.0	0.4329004329004329
chr22	-112	0	242.0	0.0
chr22	-111	0	252.0	0.0
chr22	-110	0	268.0	0.0
chr22	-109	0	281.0	0.0
chr22	-108	0	297.0	0.0
chr22	-107	1	313.0	0.3194888178913738
chr22	-106	0	328.0	0.0
chr22	-105	0	338.0	0.0
chr22	-104	2	353.0	0.56657223796034
chr22	-103	0	363.0	0.0
chr22	-102	0	376.0	0.0
chr22	-101	0	389.0	0.0
chr22	-100	0	403.0	0.0
chr22	-99	1	415.0	0.24096385542168677
chr22	-98	1	424.0	0.2358490566037736
chr22	-97	0	439.0	0.0
chr22	-96	0	452.0	0.0
chr22	-95	1	468.0	0.2136752136752137
chr22	-94	2	482.0	0.4149377593360996
chr22	-93	2	488.0	0.4098360655737705
chr22	-92	2	499.0	0.4008016032064128
chr22	-91	5	510.0	0.9803921568627451
chr22	-90	2	533.0	0.37523452157598497
chr22	-89	1	547.0	0.18281535648994515
chr22	-88	0	563.0	0.0
chr22	-87	6	576.0	1.0416666666666665
chr22	-86	1	593.0	0.16863406408094433
chr22	-85	3	613.0	0.48939641109298526
chr22	-84	2	631.0	0.31695721077654515
chr22	-83	2	653.0	0.3062787136294028
chr22	-82	1	664.0	0.15060240963855423
chr22	-81	1	681.0	0.14684287812041116
chr22	-80	3	700.0	0.4285714285714286
chr22	-79	0	713.0	0.0
chr22	-78	2	728.0	0.27472527472527475
chr22	-77	2	739.0	0.2706359945872801
chr22	-76	2	755.0	0.26490066225165565
chr22	-75	2	768.0	0.26041666666666663
chr22	-74	4	786.0	0.5089058524173028
chr22	-73	1	812.0	0.12315270935960591
chr22	-72	0	829.0	0.0
chr22	-71	5	844.0	0.5924170616113744
chr22	-70	1	853.0	0.11723329425556857
chr22	-69	3	877.0	0.34207525655644244
chr22	-68	1	891.0	0.11223344556677892
chr22	-67	0	906.0	0.0
chr22	-66	5	921.0	0.5428881650380022
chr22	-65	1	933.0	0.10718113612004287
chr22	-64	0	949.0	0.0
chr22	-63	20	959.0	2.0855057351407713
chr22	-62	0	975.0	0.0
chr22	-61	1	984.0	0.10162601626016261
chr22	-60	2	1013.0	0.19743336623889435
chr22	-59	11	1042.0	1.055662188099808
chr22	-58	4	1057.0	0.3784295175023652
chr22	-57	6	1068.0	0.5617977528089888
chr22	-56	7	1080.0	0.6481481481481481
chr22	-55	1	1095.0	0.091324200913242
chr22	-54	5	1112.0	0.44964028776978415
chr22	-53	7	1127.0	0.6211180124223602
chr22	-52	0	1132.0	0.0
chr22	-51	12	1144.0	1.048951048951049
chr22	-50	5	1151.0	0.4344048653344918
chr22	-49	5	1169.0	0.42771599657827203
chr22	-48	8	1192.0	0.6711409395973155
chr22	-47	4	1212.0	0.33003300330033003
chr22	-46	3	1228.0	0.24429967426710095
chr22	-45	3	1242.0	0.24154589371980675
chr22	-44	7	1259.0	0.5559968228752978
chr22	-43	2	1268.0	0.15772870662460567
chr22	-42	7	1284.0	0.5451713395638629
chr22	-41	7	1306.0	0.5359877488514548
chr22	-40	1	1324.0	0.0755287009063444
chr22	-39	1	1344.0	0.0744047619047619
chr22	-38	1	1361.0	0.07347538574577515
chr22	-37	2	1377.0	0.14524328249818447
chr22	-36	16	1384.0	1.1560693641618496
chr22	-35	3	1401.0	0.21413276231263384
chr22	-34	11	1413.0	0.778485491861288
chr22	-33	10	1431.0	0.6988120195667366
chr22	-32	12	1447.0	0.82930200414651
chr22	-31	14	1457.0	0.9608785175017158
chr22	-30	1	1470.0	0.06802721088435373
chr22	-29	12	1484.0	0.8086253369272237
chr22	-28	1	1505.0	0.0664451827242525
chr22	-27	3	1527.0	0.19646365422396855
chr22	-26	3	1544.0	0.19430051813471502
chr22	-25	1	1552.0	0.06443298969072164
chr22	-24	14	1568.0	0.8928571428571428
chr22	-23	1	1585.0	0.06309148264984228
chr22	-22	10	1599.0	0.6253908692933083
chr22	-21	8	1621.0	0.4935225169648365
chr22	-20	4	1638.0	0.2442002442002442
chr22	-19	5	1650.0	0.30303030303030304
chr22	-18	5	1668.0	0.2997601918465228
chr22	-17	7	1685.0	0.4154302670623145
chr22	-16	0	1703.0	0.0
chr22	-15	3	1733.0	0.17311021350259664
chr22	-14	4	1754.0	0.22805017103762829
chr22	-13	4	1771.0	0.2258610954263128
chr22	-12	12	1785.0	0.6722689075630253
chr22	-11	22	1808.0	1.2168141592920354
chr22	-10	3	1819.0	0.16492578339747113
chr22	-9	3	1816.0	0.16519823788546256
chr22	-8	1	1819.0	0.054975261132490384
chr22	-7	6	1822.0	0.3293084522502744
chr22	-6	3	1822.0	0.1646542261251372
chr22	-5	6	1822.0	0.3293084522502744
chr22	-4	4	1822.0	0.21953896816684962
chr22	-3	2	1821.0	0.10982976386600769
chr22	-2	5	1821.0	0.2745744096650192
chr22	-1	12	1815.0	0.6611570247933884
chr22	0	11	1783.0	0.616937745372967
chr22	1	6	1766.0	0.33975084937712347
chr22	2	10	1748.0	0.5720823798627002
chr22	3	7	1728.0	0.40509259259259256
chr22	4	5	1709.0	0.29256875365710944
chr22	5	3	1688.0	0.17772511848341233
chr22	6	1	1680.0	0.05952380952380953
chr22	7	6	1659.0	0.3616636528028933
chr22	8	4	1636.0	0.24449877750611246
chr22	9	4	1623.0	0.24645717806531117
chr22	10	20	1613.0	1.2399256044637323
chr22	11	9	1594.0	0.5646173149309912
chr22	12	3	1577.0	0.19023462270133165
chr22	13	3	1563.0	0.19193857965451055
chr22	14	0	1556.0	0.0
chr22	15	3	1545.0	0.1941747572815534
chr22	16	11	1530.0	0.7189542483660131
chr22	17	9	1514.0	0.59445178335535
chr22	18	7	1495.0	0.46822742474916385
chr22	19	6	1477.0	0.4062288422477996
chr22	20	5	1468.0	0.3405994550408719
chr22	21	9	1453.0	0.6194081211286993
chr22	22	4	1440.0	0.2777777777777778
chr22	23	14	1416.0	0.9887005649717515
chr22	24	6	1403.0	0.42765502494654317
chr22	25	3	1390.0	0.2158273381294964
chr22	26	2	1373.0	0.14566642388929352
chr22	27	6	1352.0	0.4437869822485207
chr22	28	12	1327.0	0.9042954031650339
chr22	29	4	1307.0	0.306044376434583
chr22	30	8	1295.0	0.6177606177606177
chr22	31	17	1296.0	1.3117283950617282
chr22	32	10	1277.0	0.7830853563038371
chr22	33	8	1265.0	0.6324110671936759
chr22	34	4	1248.0	0.3205128205128205
chr22	35	13	1229.0	1.0577705451586654
chr22	36	4	1220.0	0.32786885245901637
chr22	37	1	1206.0	0.08291873963515754
chr22	38	7	1185.0	0.5907172995780591
chr22	39	2	1168.0	0.17123287671232876
chr22	40	4	1154.0	0.34662045060658575
chr22	41	7	1145.0	0.611353711790393
chr22	42	2	1127.0	0.1774622892635315
chr22	43	6	1116.0	0.5376344086021506
chr22	44	8	1094.0	0.7312614259597806
chr22	45	1	1075.0	0.09302325581395349
chr22	46	13	1058.0	1.2287334593572778
chr22	47	10	1040.0	0.9615384615384616
chr22	48	8	1017.0	0.7866273352999017
chr22	49	5	1003.0	0.4985044865403789
chr22	50	15	987.0	1.5197568389057752
chr22	51	7	972.0	0.720164609053498
chr22	52	8	965.0	0.8290155440414507
chr22	53	5	946.0	0.5285412262156448
chr22	54	3	929.0	0.32292787944025836
chr22	55	15	914.0	1.6411378555798686
chr22	56	2	896.0	0.2232142857142857
chr22	57	4	881.0	0.4540295119182747
chr22	58	7	865.0	0.8092485549132947
chr22	59	2	849.0	0.23557126030624262
chr22	60	3	833.0	0.36014405762304924
chr22	61	4	810.0	0.49382716049382713
chr22	62	15	796.0	1.8844221105527637
chr22	63	4	784.0	0.5102040816326531
chr22	64	3	772.0	0.38860103626943004
chr22	65	0	751.0	0.0
chr22	66	2	746.0	0.2680965147453083
chr22	67	1	730.0	0.136986301369863
chr22	68	0	711.0	0.0
chr22	69	3	683.0	0.43923865300146414
chr22	70	3	666.0	0.45045045045045046
chr22	71	3	649.0	0.46224961479198773
chr22	72	0	639.0	0.0
chr22	73	5	626.0	0.7987220447284344
chr22	74	2	607.0	0.3294892915980231
chr22	75	1	595.0	0.16806722689075632
chr22	76	2	576.0	0.3472222222222222
chr22	77	1	570.0	0.17543859649122806
chr22	78	1	550.0	0.18181818181818182
chr22	79	3	532.0	0.5639097744360901
chr22	80	0	516.0	0.0
chr22	81	4	499.0	0.8016032064128256
chr22	82	1	486.0	0.205761316872428
chr22	83	4	477.0	0.8385744234800839
chr22	84	2	465.0	0.43010752688172044
chr22	85	0	452.0	0.0
chr22	86	5	438.0	1.141552511415525
chr22	87	2	422.0	0.47393364928909953
chr22	88	1	407.0	0.2457002457002457
chr22	89	2	401.0	0.4987531172069825
chr22	90	2	381.0	0.5249343832020997
chr22	91	7	364.0	1.9230769230769231
chr22	92	0	347.0	0.0
chr22	93	2	341.0	0.5865102639296188
chr22	94	1	334.0	0.29940119760479045
chr22	95	1	323.0	0.30959752321981426
chr22	96	1	307.0	0.32573289902280134
chr22	97	3	292.0	1.0273972602739725
chr22	98	1	285.0	0.3508771929824561
chr22	99	0	275.0	0.0
chr22	100	2	263.0	0.7604562737642585
chr22	101	1	238.0	0.42016806722689076
chr22	102	2	229.0	0.8733624454148471
chr22	103	2	215.0	0.9302325581395349
chr22	104	1	211.0	0.47393364928909953
chr22	105	1	189.0	0.5291005291005291
chr22	106	2	174.0	1.1494252873563218
chr22	107	1	164.0	0.6097560975609756
chr22	108	1	149.0	0.6711409395973155
chr22	109	0	138.0	0.0
chr22	110	0	122.0	0.0
chr22	111	1	104.0	0.9615384615384616
chr22	112	0	94.0	0.0
chr22	113	1	76.0	1.3157894736842104
chr22	114	0	58.0	0.0
chr22	115	0	45.0	0.0
chr22	116	0	35.0	0.0
chr22	117	0	20.0	0.0
chr22	118	0	7.0	0.0
chr22	119	0	0.0	nan
chr22	120	0	0.0	nan
chr22	121	0	0.0	nan
chr22	122	0	0.0	nan
chr22	123	0	0.0	nan
chr22	124	0	0.0	nan
chr22	125	0	0.0	nan
chr22	126	0	0.0	nan
chr22	127	0	0.0	nan
chr22	128	0	0.0	nan
chr22	129	0	0.0	nan
chr22	130	0	0.0	nan
chr22	131	0	0.0	nan
chrX	-140	0	0.0	nan
chrX	-139	0	1.0	0.0
chrX	-138	0	2.0	0.0
chrX	-137	0	3.0	0.0
chrX	-136	0	3.0	0.0
chrX	-135	0	3.0	0.0
chrX	-134	0	3.0	0.0
chrX	-133	0	3.0	0.0
chrX	-132	0	3.0	0.0
chrX	-131	0	6.0	0.0
chrX	-130	0	20.0	0.0
chrX	-129	0	42.0	0.0
chrX	-128	0	75.0	0.0
chrX	-127	0	114.0	0.0
chrX	-126	1	148.0	0.6756756756756757
chrX	-125	1	200.0	0.5
chrX	-124	0	243.0	0.0
chrX	-123	1	287.0	0.34843205574912894
chrX	-122	0	336.0	0.0
chrX	-121	0	394.0	0.0
chrX	-120	4	449.0	0.8908685968819599
chrX	-119	0	489.0	0.0
chrX	-118	0	542.0	0.0
chrX	-117	0	597.0	0.0
chrX	-116	1	647.0	0.1545595054095827
chrX	-115	3	695.0	0.4316546762589928
chrX	-114	1	746.0	0.13404825737265416
chrX	-113	0	794.0	0.0
chrX	-112	2	857.0	0.2333722287047841
chrX	-111	1	906.0	0.11037527593818984
chrX	-110	2	956.0	0.20920502092050208
chrX	-109	0	1004.0	0.0
chrX	-108	4	1067.0	0.37488284910965325
chrX	-107	1	1125.0	0.08888888888888889
chrX	-106	3	1174.0	0.2555366269165247
chrX	-105	1	1226.0	0.08156606851549755
chrX	-104	1	1299.0	0.07698229407236336
chrX	-103	1	1361.0	0.07347538574577515
chrX	-102	1	1432.0	0.06983240223463687
chrX	-101	1	1489.0	0.0671591672263264
chrX	-100	3	1550.0	0.1935483870967742
chrX	-99	5	1606.0	0.311332503113325
chrX	-98	0	1654.0	0.0
chrX	-97	4	1700.0	0.2352941176470588
chrX	-96	1	1756.0	0.05694760820045558
chrX	-95	5	1832.0	0.2729257641921397
chrX	-94	7	1895.0	0.36939313984168864
chrX	-93	7	1969.0	0.35551041137633316
chrX	-92	0	2034.0	0.0
chrX	-91	5	2099.0	0.23820867079561697
chrX	-90	1	2167.0	0.046146746654360866
chrX	-89	3	2235.0	0.1342281879194631
chrX	-88	7	2307.0	0.30342436064152584
chrX	-87	5	2361.0	0.21177467174925876
chrX	-86	1	2433.0	0.04110152075626798
chrX	-85	1	2489.0	0.040176777822418644
chrX	-84	6	2563.0	0.23410066328521262
chrX	-83	3	2629.0	0.11411182959300115
chrX	-82	4	2691.0	0.14864362690449648
chrX	-81	7	2743.0	0.2551950419248997
chrX	-80	8	2801.0	0.28561228132809713
chrX	-79	10	2873.0	0.34806822137138876
chrX	-78	7	2925.0	0.23931623931623933
chrX	-77	9	2982.0	0.30181086519114686
chrX	-76	8	3045.0	0.2627257799671593
chrX	-75	4	3107.0	0.1287415513356936
chrX	-74	3	3173.0	0.09454774661203907
chrX	-73	6	3244.0	0.18495684340320592
chrX	-72	3	3283.0	0.09137983551629607
chrX	-71	11	3331.0	0.3302311618132693
chrX	-70	3	3405.0	0.0881057268722467
chrX	-69	2	3472.0	0.0576036866359447
chrX	-68	7	3535.0	0.19801980198019803
chrX	-67	8	3619.0	0.22105554020447638
chrX	-66	6	3686.0	0.16277807921866522
chrX	-65	2	3759.0	0.053205639797818574
chrX	-64	7	3815.0	0.1834862385321101
chrX	-63	10	3889.0	0.2571355104139882
chrX	-62	2	3967.0	0.050415931434333254
chrX	-61	9	4025.0	0.22360248447204967
chrX	-60	3	4115.0	0.07290400972053464
chrX	-59	8	4187.0	0.19106759016001912
chrX	-58	3	4255.0	0.07050528789659224
chrX	-57	8	4329.0	0.18480018480018479
chrX	-56	8	4395.0	0.1820250284414107
chrX	-55	10	4453.0	0.22456770716370988
chrX	-54	10	4514.0	0.2215330084182543
chrX	-53	4	4572.0	0.08748906386701663
chrX	-52	9	4647.0	0.19367333763718528
chrX	-51	14	4712.0	0.29711375212224106
chrX	-50	12	4784.0	0.2508361204013378
chrX	-49	3	4863.0	0.061690314620604564
chrX	-48	8	4915.0	0.16276703967446593
chrX	-47	8	4992.0	0.16025641025641024
chrX	-46	6	5060.0	0.11857707509881424
chrX	-45	13	5136.0	0.2531152647975078
chrX	-44	5	5203.0	0.09609840476648088
chrX	-43	10	5272.0	0.18968133535660092
chrX	-42	12	5353.0	0.22417336073229963
chrX	-41	6	5419.0	0.11072153533862336
chrX	-40	15	5489.0	0.27327382036800874
chrX	-39	15	5561.0	0.26973565905412694
chrX	-38	12	5607.0	0.2140181915462814
chrX	-37	15	5662.0	0.26492405510420347
chrX	-36	15	5729.0	0.26182579856868565
chrX	-35	8	5788.0	0.138217000691085
chrX	-34	6	5866.0	0.10228435049437436
chrX	-33	15	5923.0	0.2532500422083404
chrX	-32	12	5983.0	0.20056827678422195
chrX	-31	18	6056.0	0.297225891677675
chrX	-30	9	6134.0	0.1467231822627975
chrX	-29	14	6197.0	0.2259157656930773
chrX	-28	8	6266.0	0.12767315671879986
chrX	-27	7	6335.0	0.11049723756906078
chrX	-26	7	6400.0	0.10937500000000001
chrX	-25	13	6473.0	0.20083423451259078
chrX	-24	16	6551.0	0.244237520989162
chrX	-23	11	6619.0	0.16618824595860401
chrX	-22	7	6698.0	0.10450880859958196
chrX	-21	19	6777.0	0.2803600413162166
chrX	-20	12	6844.0	0.17533606078316774
chrX	-19	15	6920.0	0.2167630057803468
chrX	-18	14	7004.0	0.19988577955454026
chrX	-17	18	7060.0	0.254957507082153
chrX	-16	19	7139.0	0.2661437176075081
chrX	-15	19	7204.0	0.2637423653525819
chrX	-14	19	7293.0	0.26052378993555464
chrX	-13	24	7367.0	0.3257771141577304
chrX	-12	19	7460.0	0.2546916890080429
chrX	-11	8	7555.0	0.10589013898080742
chrX	-10	25	7618.0	0.32817012339196644
chrX	-9	23	7618.0	0.3019165135206091
chrX	-8	32	7615.0	0.42022324359816154
chrX	-7	15	7612.0	0.19705727798213346
chrX	-6	24	7610.0	0.31537450722733246
chrX	-5	26	7611.0	0.3416108264354224
chrX	-4	20	7605.0	0.26298487836949375
chrX	-3	59	7605.0	0.7758053911900066
chrX	-2	27	7589.0	0.3557780998814073
chrX	-1	83	7587.0	1.0939765388163964
chrX	0	80	7426.0	1.0772959870724481
chrX	1	39	7372.0	0.5290287574606619
chrX	2	48	7323.0	0.6554690700532568
chrX	3	32	7254.0	0.44113592500689275
chrX	4	11	7190.0	0.152990264255911
chrX	5	22	7120.0	0.3089887640449438
chrX	6	22	7049.0	0.3121010072350688
chrX	7	37	6973.0	0.5306180983794637
chrX	8	15	6893.0	0.21761207021616133
chrX	9	37	6829.0	0.541806999560697
chrX	10	16	6776.0	0.23612750885478156
chrX	11	21	6701.0	0.3133860617818236
chrX	12	27	6626.0	0.40748566254150315
chrX	13	32	6572.0	0.48691418137553255
chrX	14	24	6515.0	0.3683806600153492
chrX	15	21	6438.0	0.32618825722274
chrX	16	22	6363.0	0.3457488606003457
chrX	17	22	6290.0	0.3497615262321145
chrX	18	17	6234.0	0.2726981071543151
chrX	19	9	6175.0	0.14574898785425103
chrX	20	24	6112.0	0.3926701570680628
chrX	21	18	6041.0	0.29796391325939414
chrX	22	22	5971.0	0.36844749623178696
chrX	23	23	5918.0	0.388644812436634
chrX	24	10	5849.0	0.17096939647803042
chrX	25	16	5774.0	0.27710426047800485
chrX	26	9	5718.0	0.15739769150052466
chrX	27	14	5645.0	0.24800708591674048
chrX	28	20	5589.0	0.3578457684737878
chrX	29	18	5528.0	0.3256150506512301
chrX	30	33	5451.0	0.6053935057787562
chrX	31	17	5389.0	0.31545741324921134
chrX	32	24	5331.0	0.4501969611705121
chrX	33	7	5256.0	0.13318112633181126
chrX	34	18	5190.0	0.3468208092485549
chrX	35	14	5128.0	0.27301092043681746
chrX	36	11	5049.0	0.2178649237472767
chrX	37	16	4973.0	0.3217373818620551
chrX	38	9	4904.0	0.1835236541598695
chrX	39	10	4841.0	0.2065688907250568
chrX	40	11	4773.0	0.23046302116069556
chrX	41	12	4686.0	0.2560819462227913
chrX	42	18	4621.0	0.38952607660679506
chrX	43	11	4559.0	0.24128098267163853
chrX	44	13	4498.0	0.2890173410404624
chrX	45	18	4434.0	0.40595399188092013
chrX	46	7	4360.0	0.16055045871559634
chrX	47	15	4306.0	0.34835113794705064
chrX	48	12	4247.0	0.2825523899222981
chrX	49	19	4184.0	0.4541108986615679
chrX	50	18	4120.0	0.4368932038834952
chrX	51	13	4070.0	0.31941031941031944
chrX	52	6	4015.0	0.14943960149439603
chrX	53	10	3944.0	0.2535496957403651
chrX	54	10	3878.0	0.25786487880350695
chrX	55	16	3808.0	0.42016806722689076
chrX	56	17	3750.0	0.45333333333333337
chrX	57	7	3681.0	0.19016571583808747
chrX	58	13	3617.0	0.35941387890517007
chrX	59	13	3561.0	0.3650659926986802
chrX	60	19	3504.0	0.5422374429223744
chrX	61	9	3435.0	0.26200873362445415
chrX	62	19	3349.0	0.5673335323977307
chrX	63	8	3279.0	0.24397682220189082
chrX	64	10	3201.0	0.3124023742580444
chrX	65	12	3141.0	0.38204393505253104
chrX	66	12	3080.0	0.38961038961038963
chrX	67	9	2993.0	0.3007016371533578
chrX	68	8	2921.0	0.27387880862718245
chrX	69	4	2853.0	0.14020329477742727
chrX	70	10	2787.0	0.3588087549336204
chrX	71	3	2719.0	0.11033468186833395
chrX	72	18	2653.0	0.6784771956275913
chrX	73	6	2602.0	0.23059185242121444
chrX	74	7	2543.0	0.2752654345261502
chrX	75	5	2475.0	0.20202020202020202
chrX	76	6	2405.0	0.2494802494802495
chrX	77	7	2323.0	0.30133448127421436
chrX	78	12	2240.0	0.5357142857142857
chrX	79	6	2182.0	0.27497708524289644
chrX	80	5	2123.0	0.23551577955723035
chrX	81	5	2067.0	0.24189646831156267
chrX	82	4	2004.0	0.19960079840319359
chrX	83	5	1934.0	0.25853154084798347
chrX	84	2	1856.0	0.10775862068965517
chrX	85	5	1800.0	0.2777777777777778
chrX	86	6	1741.0	0.34462952326249285
chrX	87	11	1685.0	0.6528189910979229
chrX	88	6	1611.0	0.37243947858473
chrX	89	1	1557.0	0.06422607578676942
chrX	90	8	1489.0	0.5372733378106112
chrX	91	6	1432.0	0.41899441340782123
chrX	92	3	1371.0	0.2188183807439825
chrX	93	4	1320.0	0.30303030303030304
chrX	94	5	1266.0	0.3949447077409162
chrX	95	3	1217.0	0.24650780608052586
chrX	96	5	1160.0	0.43103448275862066
chrX	97	1	1112.0	0.08992805755395684
chrX	98	7	1045.0	0.6698564593301436
chrX	99	6	990.0	0.6060606060606061
chrX	100	4	933.0	0.4287245444801715
chrX	101	4	871.0	0.4592422502870264
chrX	102	2	801.0	0.24968789013732834
chrX	103	1	750.0	0.13333333333333333
chrX	104	1	698.0	0.14326647564469913
chrX	105	0	636.0	0.0
chrX	106	2	584.0	0.3424657534246575
chrX	107	1	526.0	0.19011406844106463
chrX	108	0	479.0	0.0
chrX	109	0	430.0	0.0
chrX	110	2	382.0	0.5235602094240838
chrX	111	0	329.0	0.0
chrX	112	0	276.0	0.0
chrX	113	2	237.0	0.8438818565400843
chrX	114	0	188.0	0.0
chrX	115	0	136.0	0.0
chrX	116	0	83.0	0.0
chrX	117	0	47.0	0.0
chrX	118	0	18.0	0.0
chrX	119	0	0.0	nan
chrX	120	0	0.0	nan
chrX	121	0	0.0	nan
chrX	122	0	0.0	nan
chrX	123	0	0.0	nan
chrX	124	0	0.0	nan
chrX	125	0	0.0	nan
chrX	126	0	0.0	nan
chrX	127	0	0.0	nan
chrX	128	0	0.0	nan
chrX	129	0	0.0	nan
chrX	130	0	0.0	nan
chrX	131	0	0.0	nan
chrX	132	0	0.0	nan
chrX	133	0	0.0	nan
chrX	134	0	0.0	nan
chrX	135	0	0.0	nan
chrX	136	0	0.0	nan
chrX	137	0	0.0	nan
chrX	138	0	0.0	nan
chrX	139	0	0.0	nan
chrX	140	0	0.0	nan
chrX	141	0	0.0	nan
