chr1	-135	0	1.0	0.0
chr1	-134	0	1.0	0.0
chr1	-133	0	2.0	0.0
chr1	-132	0	4.0	0.0
chr1	-131	0	7.0	0.0
chr1	-130	0	12.0	0.0
chr1	-129	0	21.0	0.0
chr1	-128	0	36.0	0.0
chr1	-127	0	52.0	0.0
chr1	-126	0	65.0	0.0
chr1	-125	0	82.0	0.0
chr1	-124	0	94.0	0.0
chr1	-123	0	112.0	0.0
chr1	-122	0	136.0	0.0
chr1	-121	0	157.0	0.0
chr1	-120	0	177.0	0.0
chr1	-119	1	203.0	0.49261083743842365
chr1	-118	0	223.0	0.0
chr1	-117	0	245.0	0.0
chr1	-116	0	266.0	0.0
chr1	-115	0	283.0	0.0
chr1	-114	0	298.0	0.0
chr1	-113	0	315.0	0.0
chr1	-112	0	334.0	0.0
chr1	-111	0	355.0	0.0
chr1	-110	2	377.0	0.5305039787798408
chr1	-109	4	401.0	0.997506234413965
chr1	-108	1	418.0	0.23923444976076555
chr1	-107	5	442.0	1.1312217194570136
chr1	-106	0	465.0	0.0
chr1	-105	0	492.0	0.0
chr1	-104	0	506.0	0.0
chr1	-103	0	524.0	0.0
chr1	-102	0	554.0	0.0
chr1	-101	3	575.0	0.5217391304347827
chr1	-100	1	596.0	0.16778523489932887
chr1	-99	1	613.0	0.1631321370309951
chr1	-98	4	636.0	0.628930817610063
chr1	-97	0	659.0	0.0
chr1	-96	2	684.0	0.29239766081871343
chr1	-95	0	707.0	0.0
chr1	-94	3	730.0	0.410958904109589
chr1	-93	6	749.0	0.801068090787717
chr1	-92	0	773.0	0.0
chr1	-91	1	793.0	0.12610340479192939
chr1	-90	0	810.0	0.0
chr1	-89	0	842.0	0.0
chr1	-88	3	874.0	0.34324942791762014
chr1	-87	0	897.0	0.0
chr1	-86	1	920.0	0.10869565217391304
chr1	-85	1	939.0	0.10649627263045794
chr1	-84	4	959.0	0.4171011470281543
chr1	-83	0	984.0	0.0
chr1	-82	5	1011.0	0.4945598417408506
chr1	-81	0	1027.0	0.0
chr1	-80	0	1050.0	0.0
chr1	-79	9	1077.0	0.8356545961002786
chr1	-78	0	1105.0	0.0
chr1	-77	1	1123.0	0.08904719501335707
chr1	-76	5	1145.0	0.43668122270742354
chr1	-75	3	1169.0	0.2566295979469632
chr1	-74	1	1197.0	0.0835421888053467
chr1	-73	1	1216.0	0.08223684210526315
chr1	-72	0	1233.0	0.0
chr1	-71	1	1255.0	0.0796812749003984
chr1	-70	3	1278.0	0.2347417840375587
chr1	-69	2	1298.0	0.15408320493066258
chr1	-68	0	1324.0	0.0
chr1	-67	0	1349.0	0.0
chr1	-66	3	1369.0	0.2191380569758948
chr1	-65	3	1393.0	0.21536252692031585
chr1	-64	0	1412.0	0.0
chr1	-63	2	1431.0	0.1397624039133473
chr1	-62	0	1448.0	0.0
chr1	-61	0	1472.0	0.0
chr1	-60	9	1496.0	0.6016042780748663
chr1	-59	0	1514.0	0.0
chr1	-58	2	1540.0	0.12987012987012986
chr1	-57	2	1564.0	0.1278772378516624
chr1	-56	0	1586.0	0.0
chr1	-55	2	1611.0	0.12414649286157665
chr1	-54	3	1634.0	0.18359853121175032
chr1	-53	2	1660.0	0.12048192771084339
chr1	-52	0	1684.0	0.0
chr1	-51	1	1701.0	0.058788947677836566
chr1	-50	6	1721.0	0.3486345148169669
chr1	-49	3	1742.0	0.1722158438576349
chr1	-48	4	1761.0	0.2271436683702442
chr1	-47	1	1778.0	0.05624296962879641
chr1	-46	0	1805.0	0.0
chr1	-45	6	1829.0	0.3280481137233461
chr1	-44	2	1849.0	0.1081665765278529
chr1	-43	5	1870.0	0.267379679144385
chr1	-42	1	1899.0	0.0526592943654555
chr1	-41	3	1926.0	0.1557632398753894
chr1	-40	2	1950.0	0.10256410256410256
chr1	-39	5	1975.0	0.25316455696202533
chr1	-38	0	1983.0	0.0
chr1	-37	10	2016.0	0.496031746031746
chr1	-36	2	2034.0	0.09832841691248771
chr1	-35	1	2049.0	0.04880429477794046
chr1	-34	13	2073.0	0.6271104679208876
chr1	-33	8	2094.0	0.38204393505253104
chr1	-32	15	2116.0	0.7088846880907372
chr1	-31	14	2141.0	0.6539000467071462
chr1	-30	5	2168.0	0.23062730627306272
chr1	-29	9	2195.0	0.4100227790432802
chr1	-28	1	2208.0	0.04528985507246377
chr1	-27	14	2233.0	0.6269592476489028
chr1	-26	10	2246.0	0.44523597506678536
chr1	-25	4	2274.0	0.1759014951627089
chr1	-24	0	2293.0	0.0
chr1	-23	6	2306.0	0.26019080659150046
chr1	-22	5	2328.0	0.2147766323024055
chr1	-21	8	2348.0	0.34071550255536626
chr1	-20	6	2371.0	0.25305778152678193
chr1	-19	3	2397.0	0.1251564455569462
chr1	-18	1	2424.0	0.041254125412541254
chr1	-17	3	2443.0	0.12279983626688497
chr1	-16	9	2461.0	0.3657049979683055
chr1	-15	2	2472.0	0.08090614886731393
chr1	-14	4	2492.0	0.16051364365971107
chr1	-13	2	2507.0	0.07977662544874352
chr1	-12	1	2518.0	0.03971405877680699
chr1	-11	8	2539.0	0.31508467900748327
chr1	-10	11	2557.0	0.4301916308173641
chr1	-9	14	2557.0	0.5475166210402815
chr1	-8	2	2556.0	0.0782472613458529
chr1	-7	8	2556.0	0.3129890453834116
chr1	-6	2	2538.0	0.07880220646178093
chr1	-5	12	2533.0	0.47374654559810503
chr1	-4	24	2529.0	0.9489916963226572
chr1	-3	11	2513.0	0.4377238360525269
chr1	-2	25	2503.0	0.9988014382740711
chr1	-1	133	2456.0	5.415309446254072
chr1	0	146	2010.0	7.263681592039801
chr1	1	20	2094.0	0.9551098376313276
chr1	2	30	2093.0	1.433349259436216
chr1	3	41	2083.0	1.9683149303888623
chr1	4	34	2070.0	1.6425120772946862
chr1	5	39	2067.0	1.8867924528301887
chr1	6	52	2051.0	2.535348610433935
chr1	7	29	2035.0	1.425061425061425
chr1	8	55	2025.0	2.7160493827160495
chr1	9	32	2005.0	1.596009975062344
chr1	10	57	1985.0	2.871536523929471
chr1	11	33	1976.0	1.6700404858299596
chr1	12	37	1955.0	1.8925831202046037
chr1	13	30	1930.0	1.5544041450777202
chr1	14	25	1908.0	1.3102725366876309
chr1	15	45	1893.0	2.3771790808240887
chr1	16	39	1873.0	2.08222103577149
chr1	17	32	1852.0	1.7278617710583155
chr1	18	26	1836.0	1.4161220043572984
chr1	19	36	1813.0	1.9856591285162712
chr1	20	42	1793.0	2.342442833240379
chr1	21	30	1772.0	1.6930022573363432
chr1	22	45	1754.0	2.565564424173318
chr1	23	29	1742.0	1.6647531572904706
chr1	24	32	1717.0	1.8637157833430402
chr1	25	35	1699.0	2.0600353148911124
chr1	26	34	1685.0	2.0178041543026706
chr1	27	23	1667.0	1.3797240551889622
chr1	28	33	1647.0	2.0036429872495445
chr1	29	34	1621.0	2.0974706971005554
chr1	30	44	1597.0	2.7551659361302443
chr1	31	35	1576.0	2.220812182741117
chr1	32	30	1556.0	1.9280205655526992
chr1	33	46	1544.0	2.9792746113989637
chr1	34	22	1518.0	1.4492753623188406
chr1	35	14	1496.0	0.9358288770053476
chr1	36	51	1474.0	3.4599728629579376
chr1	37	33	1456.0	2.2664835164835164
chr1	38	22	1435.0	1.5331010452961673
chr1	39	31	1414.0	2.1923620933521923
chr1	40	23	1387.0	1.658255227108868
chr1	41	37	1373.0	2.69482884195193
chr1	42	21	1346.0	1.5601783060921248
chr1	43	30	1332.0	2.2522522522522523
chr1	44	27	1306.0	2.0673813169984685
chr1	45	18	1284.0	1.4018691588785046
chr1	46	14	1263.0	1.1084718923198733
chr1	47	31	1253.0	2.4740622505985637
chr1	48	22	1227.0	1.7929910350448246
chr1	49	19	1212.0	1.5676567656765676
chr1	50	19	1199.0	1.58465387823186
chr1	51	22	1186.0	1.854974704890388
chr1	52	18	1165.0	1.5450643776824033
chr1	53	27	1149.0	2.3498694516971277
chr1	54	34	1131.0	3.0061892130857646
chr1	55	22	1112.0	1.9784172661870503
chr1	56	14	1100.0	1.2727272727272727
chr1	57	20	1079.0	1.8535681186283595
chr1	58	15	1068.0	1.4044943820224718
chr1	59	18	1048.0	1.717557251908397
chr1	60	12	1024.0	1.171875
chr1	61	18	1005.0	1.791044776119403
chr1	62	23	989.0	2.3255813953488373
chr1	63	15	971.0	1.544799176107106
chr1	64	17	955.0	1.780104712041885
chr1	65	14	935.0	1.4973262032085561
chr1	66	18	920.0	1.956521739130435
chr1	67	16	901.0	1.7758046614872365
chr1	68	10	888.0	1.1261261261261262
chr1	69	16	864.0	1.8518518518518516
chr1	70	9	840.0	1.0714285714285714
chr1	71	2	825.0	0.24242424242424243
chr1	72	15	801.0	1.8726591760299627
chr1	73	12	778.0	1.5424164524421593
chr1	74	10	759.0	1.3175230566534915
chr1	75	9	739.0	1.2178619756427604
chr1	76	14	718.0	1.9498607242339834
chr1	77	9	702.0	1.282051282051282
chr1	78	11	683.0	1.610541727672035
chr1	79	11	666.0	1.6516516516516515
chr1	80	12	649.0	1.848998459167951
chr1	81	16	633.0	2.527646129541864
chr1	82	10	615.0	1.6260162601626018
chr1	83	11	595.0	1.8487394957983194
chr1	84	7	580.0	1.206896551724138
chr1	85	9	549.0	1.639344262295082
chr1	86	7	533.0	1.3133208255159476
chr1	87	11	519.0	2.119460500963391
chr1	88	8	500.0	1.6
chr1	89	8	483.0	1.6563146997929608
chr1	90	6	465.0	1.2903225806451613
chr1	91	3	452.0	0.6637168141592921
chr1	92	9	430.0	2.0930232558139537
chr1	93	8	403.0	1.9851116625310175
chr1	94	3	390.0	0.7692307692307693
chr1	95	3	367.0	0.8174386920980926
chr1	96	4	348.0	1.1494252873563218
chr1	97	13	327.0	3.9755351681957185
chr1	98	6	305.0	1.9672131147540985
chr1	99	6	286.0	2.097902097902098
chr1	100	5	272.0	1.8382352941176472
chr1	101	8	260.0	3.076923076923077
chr1	102	3	235.0	1.276595744680851
chr1	103	5	216.0	2.314814814814815
chr1	104	0	198.0	0.0
chr1	105	2	178.0	1.1235955056179776
chr1	106	4	153.0	2.6143790849673203
chr1	107	1	141.0	0.7092198581560284
chr1	108	2	120.0	1.6666666666666667
chr1	109	3	102.0	2.941176470588235
chr1	110	2	88.0	2.272727272727273
chr1	111	0	71.0	0.0
chr1	112	3	57.0	5.263157894736842
chr1	113	1	44.0	2.272727272727273
chr1	114	0	34.0	0.0
chr1	115	0	20.0	0.0
chr1	116	0	8.0	0.0
chr1	117	0	0.0	nan
chr1	118	0	0.0	nan
chr1	119	0	0.0	nan
chr1	120	0	0.0	nan
chr1	121	0	0.0	nan
chr1	122	0	0.0	nan
chr1	123	0	0.0	nan
chr1	124	0	0.0	nan
chr1	125	0	0.0	nan
chr1	126	0	0.0	nan
chr1	127	0	0.0	nan
chr1	128	0	0.0	nan
chr1	129	0	0.0	nan
chr1	130	0	0.0	nan
chr1	131	0	0.0	nan
chr1	132	0	0.0	nan
chr1	133	0	0.0	nan
chr1	134	0	0.0	nan
chr2	-131	0	1.0	0.0
chr2	-130	0	6.0	0.0
chr2	-129	0	11.0	0.0
chr2	-128	0	20.0	0.0
chr2	-127	0	30.0	0.0
chr2	-126	1	39.0	2.564102564102564
chr2	-125	0	51.0	0.0
chr2	-124	0	66.0	0.0
chr2	-123	0	79.0	0.0
chr2	-122	0	95.0	0.0
chr2	-121	0	108.0	0.0
chr2	-120	0	126.0	0.0
chr2	-119	1	143.0	0.6993006993006993
chr2	-118	0	152.0	0.0
chr2	-117	0	166.0	0.0
chr2	-116	0	190.0	0.0
chr2	-115	0	199.0	0.0
chr2	-114	0	212.0	0.0
chr2	-113	0	230.0	0.0
chr2	-112	0	243.0	0.0
chr2	-111	0	264.0	0.0
chr2	-110	0	279.0	0.0
chr2	-109	1	293.0	0.3412969283276451
chr2	-108	0	306.0	0.0
chr2	-107	0	318.0	0.0
chr2	-106	2	338.0	0.591715976331361
chr2	-105	1	350.0	0.2857142857142857
chr2	-104	0	367.0	0.0
chr2	-103	1	379.0	0.2638522427440633
chr2	-102	0	397.0	0.0
chr2	-101	0	413.0	0.0
chr2	-100	1	438.0	0.228310502283105
chr2	-99	2	449.0	0.4454342984409799
chr2	-98	1	460.0	0.21739130434782608
chr2	-97	1	470.0	0.2127659574468085
chr2	-96	7	486.0	1.440329218106996
chr2	-95	3	506.0	0.592885375494071
chr2	-94	0	521.0	0.0
chr2	-93	3	546.0	0.5494505494505495
chr2	-92	3	561.0	0.53475935828877
chr2	-91	0	569.0	0.0
chr2	-90	1	581.0	0.17211703958691912
chr2	-89	1	597.0	0.16750418760469013
chr2	-88	2	612.0	0.32679738562091504
chr2	-87	0	622.0	0.0
chr2	-86	1	630.0	0.15873015873015872
chr2	-85	0	646.0	0.0
chr2	-84	0	664.0	0.0
chr2	-83	2	680.0	0.29411764705882354
chr2	-82	2	700.0	0.2857142857142857
chr2	-81	6	712.0	0.8426966292134831
chr2	-80	1	731.0	0.13679890560875513
chr2	-79	1	748.0	0.1336898395721925
chr2	-78	1	765.0	0.130718954248366
chr2	-77	1	792.0	0.12626262626262627
chr2	-76	2	802.0	0.24937655860349126
chr2	-75	0	813.0	0.0
chr2	-74	0	830.0	0.0
chr2	-73	5	847.0	0.5903187721369539
chr2	-72	1	864.0	0.11574074074074073
chr2	-71	1	883.0	0.11325028312570783
chr2	-70	1	900.0	0.1111111111111111
chr2	-69	0	911.0	0.0
chr2	-68	1	931.0	0.10741138560687433
chr2	-67	2	940.0	0.2127659574468085
chr2	-66	2	962.0	0.2079002079002079
chr2	-65	1	980.0	0.10204081632653061
chr2	-64	2	994.0	0.2012072434607646
chr2	-63	2	1004.0	0.199203187250996
chr2	-62	5	1021.0	0.4897159647404506
chr2	-61	2	1040.0	0.19230769230769232
chr2	-60	1	1052.0	0.09505703422053231
chr2	-59	5	1066.0	0.46904315196998125
chr2	-58	0	1081.0	0.0
chr2	-57	4	1096.0	0.36496350364963503
chr2	-56	1	1109.0	0.09017132551848511
chr2	-55	2	1131.0	0.17683465959328026
chr2	-54	3	1146.0	0.2617801047120419
chr2	-53	0	1160.0	0.0
chr2	-52	3	1170.0	0.2564102564102564
chr2	-51	1	1188.0	0.08417508417508417
chr2	-50	13	1205.0	1.0788381742738589
chr2	-49	2	1227.0	0.16299918500407498
chr2	-48	2	1245.0	0.1606425702811245
chr2	-47	0	1260.0	0.0
chr2	-46	4	1275.0	0.3137254901960784
chr2	-45	1	1289.0	0.07757951900698215
chr2	-44	0	1304.0	0.0
chr2	-43	1	1318.0	0.07587253414264036
chr2	-42	1	1336.0	0.07485029940119761
chr2	-41	0	1347.0	0.0
chr2	-40	0	1360.0	0.0
chr2	-39	2	1375.0	0.14545454545454545
chr2	-38	2	1401.0	0.14275517487508924
chr2	-37	3	1416.0	0.211864406779661
chr2	-36	5	1428.0	0.350140056022409
chr2	-35	3	1453.0	0.20646937370956642
chr2	-34	2	1475.0	0.13559322033898305
chr2	-33	3	1492.0	0.20107238605898123
chr2	-32	2	1498.0	0.13351134846461948
chr2	-31	4	1509.0	0.26507620941020543
chr2	-30	2	1523.0	0.13131976362442546
chr2	-29	4	1537.0	0.2602472348731295
chr2	-28	1	1546.0	0.0646830530401035
chr2	-27	3	1563.0	0.19193857965451055
chr2	-26	1	1584.0	0.06313131313131314
chr2	-25	1	1603.0	0.06238303181534623
chr2	-24	2	1620.0	0.12345679012345678
chr2	-23	2	1639.0	0.12202562538133008
chr2	-22	2	1657.0	0.12070006035003018
chr2	-21	3	1671.0	0.17953321364452424
chr2	-20	4	1686.0	0.2372479240806643
chr2	-19	12	1699.0	0.7062978222483813
chr2	-18	7	1709.0	0.40959625511995323
chr2	-17	6	1723.0	0.3482298316889147
chr2	-16	2	1735.0	0.11527377521613834
chr2	-15	2	1757.0	0.11383039271485487
chr2	-14	4	1773.0	0.2256063169768754
chr2	-13	5	1791.0	0.27917364600781686
chr2	-12	5	1804.0	0.2771618625277162
chr2	-11	2	1819.0	0.10995052226498077
chr2	-10	5	1829.0	0.2733734281027884
chr2	-9	11	1830.0	0.6010928961748634
chr2	-8	2	1830.0	0.1092896174863388
chr2	-7	5	1826.0	0.2738225629791895
chr2	-6	9	1824.0	0.4934210526315789
chr2	-5	18	1825.0	0.9863013698630136
chr2	-4	6	1818.0	0.33003300330033003
chr2	-3	10	1810.0	0.5524861878453038
chr2	-2	17	1802.0	0.9433962264150944
chr2	-1	76	1786.0	4.25531914893617
chr2	0	231	1641.0	14.076782449725778
chr2	1	35	1693.0	2.067336089781453
chr2	2	62	1683.0	3.6838978015448602
chr2	3	44	1670.0	2.6347305389221556
chr2	4	23	1664.0	1.3822115384615383
chr2	5	27	1643.0	1.6433353621424223
chr2	6	44	1619.0	2.7177269919703524
chr2	7	20	1605.0	1.2461059190031152
chr2	8	45	1585.0	2.8391167192429023
chr2	9	30	1570.0	1.910828025477707
chr2	10	32	1553.0	2.06052801030264
chr2	11	88	1523.0	5.778069599474721
chr2	12	19	1505.0	1.2624584717607974
chr2	13	16	1476.0	1.084010840108401
chr2	14	44	1461.0	3.0116358658453115
chr2	15	31	1435.0	2.1602787456445993
chr2	16	36	1409.0	2.55500354861604
chr2	17	21	1389.0	1.511879049676026
chr2	18	43	1364.0	3.1524926686217007
chr2	19	23	1354.0	1.6986706056129988
chr2	20	27	1335.0	2.0224719101123596
chr2	21	25	1317.0	1.8982536066818527
chr2	22	20	1300.0	1.5384615384615385
chr2	23	39	1251.0	3.117505995203837
chr2	24	22	1228.0	1.7915309446254073
chr2	25	22	1214.0	1.8121911037891267
chr2	26	21	1198.0	1.7529215358931551
chr2	27	22	1186.0	1.854974704890388
chr2	28	18	1172.0	1.5358361774744027
chr2	29	24	1157.0	2.0743301642178045
chr2	30	28	1140.0	2.456140350877193
chr2	31	17	1127.0	1.5084294587400178
chr2	32	19	1110.0	1.7117117117117115
chr2	33	17	1097.0	1.5496809480401095
chr2	34	19	1078.0	1.7625231910946195
chr2	35	27	1067.0	2.530459231490159
chr2	36	20	1054.0	1.8975332068311195
chr2	37	16	1046.0	1.5296367112810707
chr2	38	19	1029.0	1.84645286686103
chr2	39	26	1014.0	2.564102564102564
chr2	40	19	1002.0	1.8962075848303395
chr2	41	20	991.0	2.0181634712411705
chr2	42	20	982.0	2.0366598778004072
chr2	43	22	969.0	2.2703818369453046
chr2	44	29	956.0	3.0334728033472804
chr2	45	17	942.0	1.8046709129511678
chr2	46	13	926.0	1.4038876889848813
chr2	47	14	907.0	1.5435501653803747
chr2	48	15	894.0	1.6778523489932886
chr2	49	25	882.0	2.8344671201814062
chr2	50	14	864.0	1.6203703703703702
chr2	51	17	851.0	1.9976498237367801
chr2	52	19	839.0	2.264600715137068
chr2	53	11	818.0	1.3447432762836184
chr2	54	17	807.0	2.1065675340768277
chr2	55	8	793.0	1.008827238335435
chr2	56	12	785.0	1.5286624203821657
chr2	57	14	769.0	1.8205461638491547
chr2	58	11	758.0	1.4511873350923483
chr2	59	18	741.0	2.42914979757085
chr2	60	12	729.0	1.646090534979424
chr2	61	10	714.0	1.400560224089636
chr2	62	14	697.0	2.008608321377331
chr2	63	10	687.0	1.455604075691412
chr2	64	13	674.0	1.9287833827893175
chr2	65	12	664.0	1.8072289156626504
chr2	66	12	656.0	1.8292682926829267
chr2	67	16	646.0	2.476780185758514
chr2	68	5	633.0	0.7898894154818324
chr2	69	10	615.0	1.6260162601626018
chr2	70	18	607.0	2.9654036243822075
chr2	71	11	596.0	1.8456375838926176
chr2	72	15	580.0	2.586206896551724
chr2	73	11	562.0	1.9572953736654803
chr2	74	14	549.0	2.5500910746812386
chr2	75	11	536.0	2.0522388059701493
chr2	76	9	523.0	1.7208413001912046
chr2	77	8	505.0	1.5841584158415842
chr2	78	11	492.0	2.2357723577235773
chr2	79	12	478.0	2.510460251046025
chr2	80	11	468.0	2.3504273504273505
chr2	81	7	454.0	1.5418502202643172
chr2	82	8	450.0	1.7777777777777777
chr2	83	8	436.0	1.834862385321101
chr2	84	10	420.0	2.380952380952381
chr2	85	5	406.0	1.2315270935960592
chr2	86	8	397.0	2.0151133501259446
chr2	87	3	384.0	0.78125
chr2	88	7	367.0	1.9073569482288828
chr2	89	6	348.0	1.7241379310344827
chr2	90	0	335.0	0.0
chr2	91	5	326.0	1.5337423312883436
chr2	92	1	301.0	0.33222591362126247
chr2	93	5	293.0	1.7064846416382253
chr2	94	6	281.0	2.135231316725979
chr2	95	6	264.0	2.272727272727273
chr2	96	6	252.0	2.380952380952381
chr2	97	4	242.0	1.6528925619834711
chr2	98	3	232.0	1.293103448275862
chr2	99	5	226.0	2.2123893805309733
chr2	100	2	211.0	0.9478672985781991
chr2	101	2	193.0	1.0362694300518136
chr2	102	4	177.0	2.2598870056497176
chr2	103	3	167.0	1.7964071856287425
chr2	104	3	148.0	2.027027027027027
chr2	105	2	130.0	1.5384615384615385
chr2	106	1	117.0	0.8547008547008548
chr2	107	1	107.0	0.9345794392523363
chr2	108	1	89.0	1.1235955056179776
chr2	109	1	83.0	1.2048192771084338
chr2	110	2	68.0	2.941176470588235
chr2	111	0	58.0	0.0
chr2	112	1	43.0	2.3255813953488373
chr2	113	0	34.0	0.0
chr2	114	1	19.0	5.263157894736842
chr2	115	0	10.0	0.0
chr2	116	0	5.0	0.0
chr2	117	0	0.0	nan
chr2	118	0	0.0	nan
chr2	119	0	0.0	nan
chr2	120	0	0.0	nan
chr2	121	0	0.0	nan
chr2	122	0	0.0	nan
chr2	123	0	0.0	nan
chr2	124	0	0.0	nan
chr2	125	0	0.0	nan
chr2	126	0	0.0	nan
chr2	127	0	0.0	nan
chr2	128	0	0.0	nan
chr2	129	0	0.0	nan
chr2	130	0	0.0	nan
chr3	-130	0	6.0	0.0
chr3	-129	0	8.0	0.0
chr3	-128	0	18.0	0.0
chr3	-127	0	32.0	0.0
chr3	-126	0	45.0	0.0
chr3	-125	0	57.0	0.0
chr3	-124	0	63.0	0.0
chr3	-123	0	79.0	0.0
chr3	-122	0	88.0	0.0
chr3	-121	0	96.0	0.0
chr3	-120	0	104.0	0.0
chr3	-119	0	117.0	0.0
chr3	-118	0	129.0	0.0
chr3	-117	0	140.0	0.0
chr3	-116	0	157.0	0.0
chr3	-115	0	171.0	0.0
chr3	-114	0	183.0	0.0
chr3	-113	0	199.0	0.0
chr3	-112	2	217.0	0.9216589861751152
chr3	-111	0	231.0	0.0
chr3	-110	0	243.0	0.0
chr3	-109	0	251.0	0.0
chr3	-108	1	259.0	0.3861003861003861
chr3	-107	0	275.0	0.0
chr3	-106	0	293.0	0.0
chr3	-105	0	304.0	0.0
chr3	-104	0	312.0	0.0
chr3	-103	1	330.0	0.30303030303030304
chr3	-102	2	341.0	0.5865102639296188
chr3	-101	0	356.0	0.0
chr3	-100	0	370.0	0.0
chr3	-99	0	388.0	0.0
chr3	-98	0	396.0	0.0
chr3	-97	3	408.0	0.7352941176470588
chr3	-96	0	423.0	0.0
chr3	-95	2	433.0	0.4618937644341801
chr3	-94	0	453.0	0.0
chr3	-93	0	465.0	0.0
chr3	-92	1	473.0	0.21141649048625794
chr3	-91	2	494.0	0.4048582995951417
chr3	-90	0	508.0	0.0
chr3	-89	0	519.0	0.0
chr3	-88	0	530.0	0.0
chr3	-87	0	551.0	0.0
chr3	-86	2	561.0	0.35650623885918004
chr3	-85	0	575.0	0.0
chr3	-84	0	584.0	0.0
chr3	-83	3	601.0	0.49916805324459235
chr3	-82	1	615.0	0.16260162601626016
chr3	-81	1	625.0	0.16
chr3	-80	0	635.0	0.0
chr3	-79	1	649.0	0.15408320493066258
chr3	-78	0	659.0	0.0
chr3	-77	6	671.0	0.8941877794336811
chr3	-76	0	684.0	0.0
chr3	-75	1	700.0	0.14285714285714285
chr3	-74	0	710.0	0.0
chr3	-73	2	723.0	0.2766251728907331
chr3	-72	4	742.0	0.5390835579514826
chr3	-71	2	758.0	0.2638522427440633
chr3	-70	0	774.0	0.0
chr3	-69	0	789.0	0.0
chr3	-68	1	803.0	0.12453300124533001
chr3	-67	2	819.0	0.2442002442002442
chr3	-66	2	827.0	0.24183796856106407
chr3	-65	1	848.0	0.1179245283018868
chr3	-64	5	871.0	0.5740528128587831
chr3	-63	0	883.0	0.0
chr3	-62	1	897.0	0.11148272017837235
chr3	-61	1	910.0	0.10989010989010989
chr3	-60	7	917.0	0.7633587786259541
chr3	-59	4	935.0	0.42780748663101603
chr3	-58	1	950.0	0.10526315789473684
chr3	-57	0	958.0	0.0
chr3	-56	3	974.0	0.3080082135523614
chr3	-55	1	993.0	0.10070493454179255
chr3	-54	0	1008.0	0.0
chr3	-53	3	1026.0	0.29239766081871343
chr3	-52	0	1038.0	0.0
chr3	-51	3	1055.0	0.2843601895734597
chr3	-50	1	1065.0	0.09389671361502347
chr3	-49	0	1082.0	0.0
chr3	-48	3	1098.0	0.273224043715847
chr3	-47	0	1106.0	0.0
chr3	-46	1	1116.0	0.08960573476702509
chr3	-45	0	1132.0	0.0
chr3	-44	5	1150.0	0.43478260869565216
chr3	-43	3	1155.0	0.2597402597402597
chr3	-42	8	1163.0	0.6878761822871883
chr3	-41	4	1175.0	0.3404255319148936
chr3	-40	1	1190.0	0.08403361344537816
chr3	-39	4	1211.0	0.3303055326176713
chr3	-38	3	1217.0	0.24650780608052586
chr3	-37	1	1232.0	0.08116883116883117
chr3	-36	3	1243.0	0.2413515687851971
chr3	-35	4	1263.0	0.3167062549485352
chr3	-34	0	1277.0	0.0
chr3	-33	1	1297.0	0.07710100231303006
chr3	-32	2	1314.0	0.15220700152207
chr3	-31	0	1325.0	0.0
chr3	-30	0	1334.0	0.0
chr3	-29	8	1342.0	0.5961251862891207
chr3	-28	0	1354.0	0.0
chr3	-27	1	1369.0	0.07304601899196494
chr3	-26	3	1384.0	0.2167630057803468
chr3	-25	4	1396.0	0.28653295128939826
chr3	-24	7	1405.0	0.498220640569395
chr3	-23	1	1415.0	0.0706713780918728
chr3	-22	2	1428.0	0.1400560224089636
chr3	-21	1	1444.0	0.06925207756232687
chr3	-20	4	1458.0	0.2743484224965706
chr3	-19	0	1465.0	0.0
chr3	-18	2	1471.0	0.13596193065941536
chr3	-17	7	1487.0	0.4707464694014795
chr3	-16	2	1501.0	0.13324450366422386
chr3	-15	0	1518.0	0.0
chr3	-14	1	1522.0	0.0657030223390276
chr3	-13	1	1538.0	0.06501950585175553
chr3	-12	4	1547.0	0.25856496444731736
chr3	-11	1	1556.0	0.06426735218508997
chr3	-10	2	1565.0	0.12779552715654952
chr3	-9	4	1570.0	0.25477707006369427
chr3	-8	8	1570.0	0.5095541401273885
chr3	-7	6	1569.0	0.3824091778202677
chr3	-6	3	1570.0	0.1910828025477707
chr3	-5	6	1569.0	0.3824091778202677
chr3	-4	6	1560.0	0.38461538461538464
chr3	-3	13	1551.0	0.8381689232753062
chr3	-2	15	1555.0	0.964630225080386
chr3	-1	66	1543.0	4.277381723914452
chr3	0	91	1231.0	7.392363931762795
chr3	1	21	1276.0	1.6457680250783697
chr3	2	23	1271.0	1.8095987411487018
chr3	3	21	1278.0	1.643192488262911
chr3	4	33	1266.0	2.6066350710900474
chr3	5	24	1261.0	1.9032513877874702
chr3	6	30	1242.0	2.4154589371980677
chr3	7	21	1226.0	1.7128874388254487
chr3	8	24	1218.0	1.9704433497536946
chr3	9	25	1216.0	2.055921052631579
chr3	10	33	1198.0	2.7545909849749584
chr3	11	30	1179.0	2.5445292620865136
chr3	12	21	1167.0	1.7994858611825193
chr3	13	25	1155.0	2.1645021645021645
chr3	14	25	1144.0	2.1853146853146854
chr3	15	12	1126.0	1.0657193605683837
chr3	16	27	1116.0	2.4193548387096775
chr3	17	33	1105.0	2.986425339366516
chr3	18	17	1089.0	1.5610651974288337
chr3	19	28	1072.0	2.6119402985074625
chr3	20	34	1060.0	3.207547169811321
chr3	21	18	1046.0	1.7208413001912046
chr3	22	13	1037.0	1.253616200578592
chr3	23	32	1025.0	3.1219512195121952
chr3	24	18	1010.0	1.782178217821782
chr3	25	26	999.0	2.6026026026026026
chr3	26	19	987.0	1.9250253292806485
chr3	27	27	971.0	2.780638516992791
chr3	28	18	962.0	1.8711018711018712
chr3	29	15	954.0	1.5723270440251573
chr3	30	26	939.0	2.768903088391906
chr3	31	24	926.0	2.591792656587473
chr3	32	21	917.0	2.2900763358778624
chr3	33	16	907.0	1.7640573318632855
chr3	34	19	899.0	2.1134593993325916
chr3	35	15	888.0	1.6891891891891893
chr3	36	21	875.0	2.4
chr3	37	13	862.0	1.5081206496519721
chr3	38	22	857.0	2.5670945157526255
chr3	39	10	847.0	1.1806375442739079
chr3	40	19	838.0	2.267303102625298
chr3	41	21	828.0	2.536231884057971
chr3	42	9	817.0	1.101591187270502
chr3	43	28	804.0	3.482587064676617
chr3	44	13	788.0	1.6497461928934012
chr3	45	21	775.0	2.7096774193548385
chr3	46	24	763.0	3.1454783748361725
chr3	47	21	757.0	2.7741083223249667
chr3	48	11	750.0	1.4666666666666666
chr3	49	7	735.0	0.9523809523809524
chr3	50	16	722.0	2.21606648199446
chr3	51	14	711.0	1.969057665260197
chr3	52	8	702.0	1.1396011396011396
chr3	53	14	692.0	2.023121387283237
chr3	54	14	684.0	2.046783625730994
chr3	55	12	670.0	1.791044776119403
chr3	56	17	661.0	2.5718608169440245
chr3	57	16	648.0	2.4691358024691357
chr3	58	11	638.0	1.7241379310344827
chr3	59	8	629.0	1.2718600953895072
chr3	60	10	619.0	1.615508885298869
chr3	61	11	617.0	1.7828200972447326
chr3	62	16	597.0	2.680067001675042
chr3	63	9	582.0	1.5463917525773196
chr3	64	9	572.0	1.5734265734265735
chr3	65	7	561.0	1.2477718360071302
chr3	66	16	550.0	2.909090909090909
chr3	67	11	541.0	2.033271719038817
chr3	68	13	531.0	2.4482109227871938
chr3	69	6	520.0	1.153846153846154
chr3	70	10	506.0	1.9762845849802373
chr3	71	12	492.0	2.4390243902439024
chr3	72	8	477.0	1.6771488469601679
chr3	73	5	469.0	1.0660980810234542
chr3	74	14	455.0	3.076923076923077
chr3	75	8	444.0	1.8018018018018018
chr3	76	14	425.0	3.294117647058824
chr3	77	11	415.0	2.6506024096385543
chr3	78	6	402.0	1.4925373134328357
chr3	79	9	392.0	2.295918367346939
chr3	80	5	381.0	1.3123359580052494
chr3	81	15	372.0	4.032258064516129
chr3	82	9	359.0	2.5069637883008355
chr3	83	6	346.0	1.7341040462427744
chr3	84	6	340.0	1.7647058823529411
chr3	85	5	333.0	1.5015015015015014
chr3	86	2	319.0	0.6269592476489028
chr3	87	5	301.0	1.6611295681063125
chr3	88	6	290.0	2.0689655172413794
chr3	89	3	281.0	1.0676156583629894
chr3	90	5	270.0	1.8518518518518516
chr3	91	11	258.0	4.263565891472868
chr3	92	5	246.0	2.0325203252032518
chr3	93	5	234.0	2.1367521367521367
chr3	94	2	224.0	0.8928571428571428
chr3	95	4	209.0	1.9138755980861244
chr3	96	3	197.0	1.5228426395939088
chr3	97	4	185.0	2.1621621621621623
chr3	98	6	178.0	3.3707865168539324
chr3	99	2	167.0	1.1976047904191618
chr3	100	4	158.0	2.5316455696202533
chr3	101	7	149.0	4.697986577181208
chr3	102	3	143.0	2.097902097902098
chr3	103	2	135.0	1.4814814814814816
chr3	104	3	124.0	2.4193548387096775
chr3	105	0	112.0	0.0
chr3	106	3	103.0	2.912621359223301
chr3	107	1	94.0	1.0638297872340425
chr3	108	3	86.0	3.488372093023256
chr3	109	0	74.0	0.0
chr3	110	1	59.0	1.694915254237288
chr3	111	0	46.0	0.0
chr3	112	0	37.0	0.0
chr3	113	1	29.0	3.4482758620689653
chr3	114	0	22.0	0.0
chr3	115	0	13.0	0.0
chr3	116	0	5.0	0.0
chr3	117	0	0.0	nan
chr3	118	0	0.0	nan
chr3	119	0	0.0	nan
chr3	120	0	0.0	nan
chr3	121	0	0.0	nan
chr3	122	0	0.0	nan
chr3	123	0	0.0	nan
chr3	124	0	0.0	nan
chr3	125	0	0.0	nan
chr3	126	0	0.0	nan
chr3	127	0	0.0	nan
chr3	128	0	0.0	nan
chr3	129	0	0.0	nan
chr3	130	0	0.0	nan
chr3	131	0	0.0	nan
chr3	132	0	0.0	nan
chr3	133	0	0.0	nan
chr4	-133	0	1.0	0.0
chr4	-132	0	2.0	0.0
chr4	-131	0	3.0	0.0
chr4	-130	0	4.0	0.0
chr4	-129	0	6.0	0.0
chr4	-128	0	11.0	0.0
chr4	-127	0	19.0	0.0
chr4	-126	0	25.0	0.0
chr4	-125	0	32.0	0.0
chr4	-124	0	35.0	0.0
chr4	-123	0	42.0	0.0
chr4	-122	1	50.0	2.0
chr4	-121	0	56.0	0.0
chr4	-120	0	65.0	0.0
chr4	-119	0	74.0	0.0
chr4	-118	0	81.0	0.0
chr4	-117	0	90.0	0.0
chr4	-116	0	100.0	0.0
chr4	-115	0	110.0	0.0
chr4	-114	0	119.0	0.0
chr4	-113	0	128.0	0.0
chr4	-112	0	135.0	0.0
chr4	-111	0	144.0	0.0
chr4	-110	0	156.0	0.0
chr4	-109	0	162.0	0.0
chr4	-108	0	176.0	0.0
chr4	-107	1	182.0	0.5494505494505495
chr4	-106	0	196.0	0.0
chr4	-105	0	210.0	0.0
chr4	-104	1	220.0	0.45454545454545453
chr4	-103	0	229.0	0.0
chr4	-102	0	242.0	0.0
chr4	-101	0	250.0	0.0
chr4	-100	0	259.0	0.0
chr4	-99	0	267.0	0.0
chr4	-98	1	272.0	0.3676470588235294
chr4	-97	0	280.0	0.0
chr4	-96	1	287.0	0.34843205574912894
chr4	-95	0	298.0	0.0
chr4	-94	2	309.0	0.6472491909385114
chr4	-93	1	320.0	0.3125
chr4	-92	1	328.0	0.3048780487804878
chr4	-91	0	340.0	0.0
chr4	-90	0	346.0	0.0
chr4	-89	0	353.0	0.0
chr4	-88	0	367.0	0.0
chr4	-87	0	383.0	0.0
chr4	-86	1	399.0	0.2506265664160401
chr4	-85	0	410.0	0.0
chr4	-84	1	420.0	0.2380952380952381
chr4	-83	1	435.0	0.22988505747126436
chr4	-82	1	441.0	0.22675736961451248
chr4	-81	2	453.0	0.44150110375275936
chr4	-80	0	460.0	0.0
chr4	-79	0	471.0	0.0
chr4	-78	0	480.0	0.0
chr4	-77	1	490.0	0.20408163265306123
chr4	-76	0	496.0	0.0
chr4	-75	0	506.0	0.0
chr4	-74	3	519.0	0.5780346820809248
chr4	-73	0	524.0	0.0
chr4	-72	0	538.0	0.0
chr4	-71	3	549.0	0.546448087431694
chr4	-70	0	560.0	0.0
chr4	-69	0	575.0	0.0
chr4	-68	0	586.0	0.0
chr4	-67	0	602.0	0.0
chr4	-66	1	615.0	0.16260162601626016
chr4	-65	1	625.0	0.16
chr4	-64	0	632.0	0.0
chr4	-63	2	640.0	0.3125
chr4	-62	1	650.0	0.15384615384615385
chr4	-61	0	661.0	0.0
chr4	-60	0	676.0	0.0
chr4	-59	0	682.0	0.0
chr4	-58	8	691.0	1.1577424023154848
chr4	-57	0	701.0	0.0
chr4	-56	5	712.0	0.7022471910112359
chr4	-55	2	720.0	0.2777777777777778
chr4	-54	1	731.0	0.13679890560875513
chr4	-53	0	737.0	0.0
chr4	-52	5	743.0	0.6729475100942126
chr4	-51	0	753.0	0.0
chr4	-50	2	762.0	0.26246719160104987
chr4	-49	2	774.0	0.2583979328165375
chr4	-48	8	783.0	1.0217113665389528
chr4	-47	1	787.0	0.12706480304955528
chr4	-46	2	799.0	0.2503128911138924
chr4	-45	1	805.0	0.12422360248447205
chr4	-44	1	812.0	0.12315270935960591
chr4	-43	0	828.0	0.0
chr4	-42	1	846.0	0.1182033096926714
chr4	-41	5	857.0	0.5834305717619603
chr4	-40	1	864.0	0.11574074074074073
chr4	-39	1	873.0	0.11454753722794961
chr4	-38	1	886.0	0.1128668171557562
chr4	-37	1	899.0	0.11123470522803114
chr4	-36	3	906.0	0.33112582781456956
chr4	-35	1	915.0	0.1092896174863388
chr4	-34	5	921.0	0.5428881650380022
chr4	-33	1	927.0	0.10787486515641855
chr4	-32	2	939.0	0.21299254526091588
chr4	-31	1	946.0	0.10570824524312897
chr4	-30	1	958.0	0.10438413361169101
chr4	-29	3	971.0	0.30895983522142123
chr4	-28	2	978.0	0.2044989775051125
chr4	-27	3	990.0	0.30303030303030304
chr4	-26	2	998.0	0.2004008016032064
chr4	-25	0	1004.0	0.0
chr4	-24	0	1020.0	0.0
chr4	-23	3	1030.0	0.2912621359223301
chr4	-22	2	1038.0	0.1926782273603083
chr4	-21	4	1048.0	0.38167938931297707
chr4	-20	1	1059.0	0.09442870632672333
chr4	-19	2	1067.0	0.18744142455482662
chr4	-18	9	1076.0	0.8364312267657992
chr4	-17	1	1085.0	0.09216589861751152
chr4	-16	0	1099.0	0.0
chr4	-15	1	1114.0	0.08976660682226212
chr4	-14	2	1126.0	0.17761989342806395
chr4	-13	0	1134.0	0.0
chr4	-12	3	1140.0	0.2631578947368421
chr4	-11	2	1147.0	0.17436791630340018
chr4	-10	9	1154.0	0.779896013864818
chr4	-9	4	1154.0	0.34662045060658575
chr4	-8	1	1154.0	0.08665511265164644
chr4	-7	17	1154.0	1.4731369150779896
chr4	-6	9	1148.0	0.7839721254355401
chr4	-5	9	1148.0	0.7839721254355401
chr4	-4	4	1146.0	0.34904013961605584
chr4	-3	7	1141.0	0.6134969325153374
chr4	-2	31	1135.0	2.7312775330396475
chr4	-1	28	1123.0	2.4933214603739984
chr4	0	75	959.0	7.820646506777893
chr4	1	25	999.0	2.5025025025025025
chr4	2	20	1005.0	1.9900497512437811
chr4	3	24	1005.0	2.3880597014925375
chr4	4	23	999.0	2.3023023023023024
chr4	5	30	993.0	3.0211480362537766
chr4	6	38	998.0	3.807615230460922
chr4	7	13	988.0	1.3157894736842104
chr4	8	12	977.0	1.2282497441146365
chr4	9	18	968.0	1.859504132231405
chr4	10	18	960.0	1.875
chr4	11	20	956.0	2.092050209205021
chr4	12	15	940.0	1.5957446808510638
chr4	13	9	931.0	0.966702470461869
chr4	14	14	916.0	1.5283842794759825
chr4	15	24	907.0	2.6460859977949283
chr4	16	17	898.0	1.893095768374165
chr4	17	20	889.0	2.249718785151856
chr4	18	24	884.0	2.7149321266968327
chr4	19	21	879.0	2.3890784982935154
chr4	20	12	867.0	1.384083044982699
chr4	21	17	858.0	1.9813519813519813
chr4	22	18	847.0	2.125147579693034
chr4	23	13	835.0	1.5568862275449102
chr4	24	25	829.0	3.0156815440289506
chr4	25	12	821.0	1.46163215590743
chr4	26	11	812.0	1.354679802955665
chr4	27	17	804.0	2.1144278606965177
chr4	28	27	800.0	3.375
chr4	29	11	797.0	1.3801756587202008
chr4	30	12	787.0	1.5247776365946633
chr4	31	18	774.0	2.3255813953488373
chr4	32	10	760.0	1.3157894736842104
chr4	33	19	751.0	2.5299600532623168
chr4	34	17	741.0	2.2941970310391366
chr4	35	11	733.0	1.5006821282401093
chr4	36	11	725.0	1.5172413793103448
chr4	37	7	716.0	0.9776536312849162
chr4	38	10	712.0	1.4044943820224718
chr4	39	15	696.0	2.1551724137931036
chr4	40	20	685.0	2.9197080291970803
chr4	41	10	668.0	1.4970059880239521
chr4	42	15	654.0	2.293577981651376
chr4	43	15	648.0	2.314814814814815
chr4	44	15	637.0	2.3547880690737837
chr4	45	13	623.0	2.086677367576244
chr4	46	15	616.0	2.4350649350649354
chr4	47	9	613.0	1.468189233278956
chr4	48	10	602.0	1.6611295681063125
chr4	49	14	595.0	2.3529411764705883
chr4	50	12	588.0	2.0408163265306123
chr4	51	15	576.0	2.604166666666667
chr4	52	8	571.0	1.4010507880910683
chr4	53	7	562.0	1.2455516014234875
chr4	54	13	553.0	2.3508137432188065
chr4	55	11	541.0	2.033271719038817
chr4	56	17	531.0	3.2015065913371
chr4	57	11	522.0	2.10727969348659
chr4	58	12	509.0	2.357563850687623
chr4	59	15	498.0	3.0120481927710845
chr4	60	7	486.0	1.440329218106996
chr4	61	7	478.0	1.4644351464435146
chr4	62	8	470.0	1.702127659574468
chr4	63	7	467.0	1.4989293361884368
chr4	64	13	458.0	2.8384279475982535
chr4	65	3	443.0	0.6772009029345373
chr4	66	6	433.0	1.3856812933025404
chr4	67	8	420.0	1.9047619047619049
chr4	68	13	413.0	3.14769975786925
chr4	69	6	405.0	1.4814814814814816
chr4	70	4	398.0	1.0050251256281406
chr4	71	9	387.0	2.3255813953488373
chr4	72	5	375.0	1.3333333333333335
chr4	73	7	370.0	1.891891891891892
chr4	74	13	367.0	3.5422343324250685
chr4	75	3	358.0	0.8379888268156425
chr4	76	5	349.0	1.4326647564469914
chr4	77	6	335.0	1.791044776119403
chr4	78	4	329.0	1.21580547112462
chr4	79	5	321.0	1.557632398753894
chr4	80	10	316.0	3.1645569620253164
chr4	81	4	308.0	1.2987012987012987
chr4	82	5	300.0	1.6666666666666667
chr4	83	4	293.0	1.3651877133105803
chr4	84	7	282.0	2.4822695035460995
chr4	85	2	269.0	0.7434944237918215
chr4	86	2	260.0	0.7692307692307693
chr4	87	4	254.0	1.574803149606299
chr4	88	4	245.0	1.6326530612244898
chr4	89	3	234.0	1.282051282051282
chr4	90	1	224.0	0.4464285714285714
chr4	91	5	216.0	2.314814814814815
chr4	92	6	205.0	2.9268292682926833
chr4	93	5	197.0	2.5380710659898478
chr4	94	3	192.0	1.5625
chr4	95	4	186.0	2.1505376344086025
chr4	96	0	177.0	0.0
chr4	97	8	165.0	4.848484848484849
chr4	98	5	151.0	3.3112582781456954
chr4	99	1	145.0	0.6896551724137931
chr4	100	3	139.0	2.158273381294964
chr4	101	6	132.0	4.545454545454546
chr4	102	1	118.0	0.847457627118644
chr4	103	2	112.0	1.7857142857142856
chr4	104	1	105.0	0.9523809523809524
chr4	105	4	95.0	4.2105263157894735
chr4	106	0	87.0	0.0
chr4	107	2	80.0	2.5
chr4	108	3	71.0	4.225352112676056
chr4	109	2	65.0	3.076923076923077
chr4	110	1	53.0	1.8867924528301887
chr4	111	0	42.0	0.0
chr4	112	0	31.0	0.0
chr4	113	0	22.0	0.0
chr4	114	0	15.0	0.0
chr4	115	0	10.0	0.0
chr4	116	0	2.0	0.0
chr4	117	0	0.0	nan
chr4	118	0	0.0	nan
chr4	119	0	0.0	nan
chr4	120	0	0.0	nan
chr4	121	0	0.0	nan
chr4	122	0	0.0	nan
chr4	123	0	0.0	nan
chr4	124	0	0.0	nan
chr4	125	0	0.0	nan
chr4	126	0	0.0	nan
chr4	127	0	0.0	nan
chr4	128	0	0.0	nan
chr4	129	0	0.0	nan
chr4	130	0	0.0	nan
chr4	131	0	0.0	nan
chr5	-134	0	1.0	0.0
chr5	-133	0	1.0	0.0
chr5	-132	0	2.0	0.0
chr5	-131	0	2.0	0.0
chr5	-130	0	6.0	0.0
chr5	-129	0	9.0	0.0
chr5	-128	0	9.0	0.0
chr5	-127	0	16.0	0.0
chr5	-126	0	26.0	0.0
chr5	-125	0	37.0	0.0
chr5	-124	0	40.0	0.0
chr5	-123	0	46.0	0.0
chr5	-122	0	55.0	0.0
chr5	-121	0	63.0	0.0
chr5	-120	0	71.0	0.0
chr5	-119	0	86.0	0.0
chr5	-118	0	91.0	0.0
chr5	-117	0	100.0	0.0
chr5	-116	0	119.0	0.0
chr5	-115	0	127.0	0.0
chr5	-114	0	135.0	0.0
chr5	-113	0	142.0	0.0
chr5	-112	2	151.0	1.3245033112582782
chr5	-111	0	163.0	0.0
chr5	-110	0	169.0	0.0
chr5	-109	0	178.0	0.0
chr5	-108	0	188.0	0.0
chr5	-107	1	196.0	0.5102040816326531
chr5	-106	3	203.0	1.477832512315271
chr5	-105	0	209.0	0.0
chr5	-104	0	222.0	0.0
chr5	-103	0	230.0	0.0
chr5	-102	1	242.0	0.4132231404958678
chr5	-101	0	247.0	0.0
chr5	-100	0	255.0	0.0
chr5	-99	1	260.0	0.38461538461538464
chr5	-98	0	272.0	0.0
chr5	-97	3	278.0	1.079136690647482
chr5	-96	1	287.0	0.34843205574912894
chr5	-95	0	300.0	0.0
chr5	-94	1	311.0	0.3215434083601286
chr5	-93	0	321.0	0.0
chr5	-92	0	332.0	0.0
chr5	-91	1	345.0	0.2898550724637681
chr5	-90	0	352.0	0.0
chr5	-89	0	363.0	0.0
chr5	-88	2	367.0	0.544959128065395
chr5	-87	2	377.0	0.5305039787798408
chr5	-86	2	392.0	0.5102040816326531
chr5	-85	0	398.0	0.0
chr5	-84	0	407.0	0.0
chr5	-83	2	414.0	0.4830917874396135
chr5	-82	0	422.0	0.0
chr5	-81	0	435.0	0.0
chr5	-80	2	451.0	0.4434589800443459
chr5	-79	0	462.0	0.0
chr5	-78	0	474.0	0.0
chr5	-77	4	484.0	0.8264462809917356
chr5	-76	0	493.0	0.0
chr5	-75	0	500.0	0.0
chr5	-74	1	509.0	0.19646365422396855
chr5	-73	1	517.0	0.19342359767891684
chr5	-72	2	525.0	0.38095238095238093
chr5	-71	1	540.0	0.1851851851851852
chr5	-70	4	546.0	0.7326007326007326
chr5	-69	0	560.0	0.0
chr5	-68	0	566.0	0.0
chr5	-67	0	578.0	0.0
chr5	-66	1	588.0	0.17006802721088435
chr5	-65	1	608.0	0.1644736842105263
chr5	-64	1	614.0	0.16286644951140067
chr5	-63	2	625.0	0.32
chr5	-62	0	635.0	0.0
chr5	-61	2	639.0	0.3129890453834116
chr5	-60	1	646.0	0.15479876160990713
chr5	-59	3	661.0	0.45385779122541603
chr5	-58	6	672.0	0.8928571428571428
chr5	-57	1	680.0	0.14705882352941177
chr5	-56	0	690.0	0.0
chr5	-55	2	700.0	0.2857142857142857
chr5	-54	4	713.0	0.5610098176718092
chr5	-53	4	727.0	0.5502063273727648
chr5	-52	7	737.0	0.9497964721845319
chr5	-51	1	749.0	0.13351134846461948
chr5	-50	3	759.0	0.3952569169960474
chr5	-49	2	768.0	0.26041666666666663
chr5	-48	1	785.0	0.12738853503184713
chr5	-47	0	794.0	0.0
chr5	-46	0	805.0	0.0
chr5	-45	4	816.0	0.49019607843137253
chr5	-44	0	829.0	0.0
chr5	-43	1	847.0	0.11806375442739078
chr5	-42	0	859.0	0.0
chr5	-41	2	867.0	0.2306805074971165
chr5	-40	4	882.0	0.45351473922902497
chr5	-39	2	888.0	0.22522522522522523
chr5	-38	0	902.0	0.0
chr5	-37	3	912.0	0.3289473684210526
chr5	-36	5	919.0	0.544069640914037
chr5	-35	3	930.0	0.3225806451612903
chr5	-34	3	938.0	0.31982942430703626
chr5	-33	6	946.0	0.6342494714587738
chr5	-32	1	953.0	0.1049317943336831
chr5	-31	0	964.0	0.0
chr5	-30	5	976.0	0.5122950819672131
chr5	-29	0	985.0	0.0
chr5	-28	2	994.0	0.2012072434607646
chr5	-27	2	1008.0	0.1984126984126984
chr5	-26	1	1013.0	0.09871668311944717
chr5	-25	8	1023.0	0.7820136852394917
chr5	-24	3	1034.0	0.2901353965183753
chr5	-23	1	1041.0	0.09606147934678194
chr5	-22	8	1052.0	0.7604562737642585
chr5	-21	3	1061.0	0.2827521206409048
chr5	-20	3	1073.0	0.27958993476234856
chr5	-19	1	1081.0	0.09250693802035154
chr5	-18	1	1087.0	0.09199632014719411
chr5	-17	2	1099.0	0.18198362147406735
chr5	-16	3	1116.0	0.2688172043010753
chr5	-15	0	1130.0	0.0
chr5	-14	0	1143.0	0.0
chr5	-13	5	1152.0	0.4340277777777778
chr5	-12	5	1162.0	0.4302925989672977
chr5	-11	9	1163.0	0.7738607050730868
chr5	-10	1	1171.0	0.08539709649871904
chr5	-9	3	1167.0	0.2570694087403599
chr5	-8	8	1169.0	0.6843455945252352
chr5	-7	9	1167.0	0.7712082262210797
chr5	-6	8	1167.0	0.6855184233076265
chr5	-5	11	1167.0	0.9425878320479864
chr5	-4	4	1163.0	0.34393809114359414
chr5	-3	6	1158.0	0.5181347150259068
chr5	-2	7	1156.0	0.6055363321799307
chr5	-1	59	1124.0	5.249110320284697
chr5	0	112	948.0	11.814345991561181
chr5	1	9	1002.0	0.8982035928143712
chr5	2	35	996.0	3.5140562248995986
chr5	3	30	997.0	3.009027081243731
chr5	4	29	992.0	2.9233870967741935
chr5	5	19	991.0	1.917255297679112
chr5	6	20	972.0	2.05761316872428
chr5	7	4	962.0	0.4158004158004158
chr5	8	30	953.0	3.147953830010493
chr5	9	19	943.0	2.014846235418876
chr5	10	25	930.0	2.6881720430107525
chr5	11	22	917.0	2.399127589967285
chr5	12	24	910.0	2.6373626373626373
chr5	13	16	896.0	1.7857142857142856
chr5	14	20	892.0	2.242152466367713
chr5	15	8	880.0	0.9090909090909091
chr5	16	16	861.0	1.8583042973286876
chr5	17	18	856.0	2.102803738317757
chr5	18	19	847.0	2.2432113341204247
chr5	19	18	837.0	2.1505376344086025
chr5	20	22	832.0	2.644230769230769
chr5	21	28	828.0	3.3816425120772946
chr5	22	20	816.0	2.450980392156863
chr5	23	20	806.0	2.481389578163772
chr5	24	31	799.0	3.879849812265332
chr5	25	19	792.0	2.398989898989899
chr5	26	20	784.0	2.5510204081632653
chr5	27	20	776.0	2.5773195876288657
chr5	28	19	768.0	2.473958333333333
chr5	29	17	758.0	2.242744063324538
chr5	30	6	751.0	0.7989347536617843
chr5	31	16	743.0	2.1534320323014806
chr5	32	29	729.0	3.9780521262002746
chr5	33	13	718.0	1.8105849582172702
chr5	34	27	713.0	3.7868162692847123
chr5	35	9	707.0	1.272984441301273
chr5	36	16	693.0	2.3088023088023086
chr5	37	20	687.0	2.911208151382824
chr5	38	21	677.0	3.10192023633678
chr5	39	12	668.0	1.7964071856287425
chr5	40	24	662.0	3.625377643504532
chr5	41	13	654.0	1.9877675840978593
chr5	42	19	646.0	2.941176470588235
chr5	43	8	639.0	1.2519561815336464
chr5	44	12	635.0	1.889763779527559
chr5	45	16	620.0	2.5806451612903225
chr5	46	10	612.0	1.6339869281045754
chr5	47	11	599.0	1.8363939899833055
chr5	48	12	588.0	2.0408163265306123
chr5	49	18	585.0	3.076923076923077
chr5	50	7	576.0	1.215277777777778
chr5	51	15	561.0	2.6737967914438503
chr5	52	12	553.0	2.1699819168173597
chr5	53	10	551.0	1.8148820326678767
chr5	54	9	541.0	1.6635859519408502
chr5	55	8	534.0	1.4981273408239701
chr5	56	7	523.0	1.338432122370937
chr5	57	12	516.0	2.3255813953488373
chr5	58	13	512.0	2.5390625
chr5	59	12	507.0	2.366863905325444
chr5	60	10	494.0	2.0242914979757085
chr5	61	8	484.0	1.6528925619834711
chr5	62	16	476.0	3.361344537815126
chr5	63	11	469.0	2.345415778251599
chr5	64	7	461.0	1.5184381778741864
chr5	65	6	451.0	1.3303769401330376
chr5	66	11	447.0	2.460850111856823
chr5	67	5	441.0	1.1337868480725624
chr5	68	7	427.0	1.639344262295082
chr5	69	8	419.0	1.9093078758949882
chr5	70	6	413.0	1.4527845036319613
chr5	71	8	399.0	2.0050125313283207
chr5	72	9	387.0	2.3255813953488373
chr5	73	3	375.0	0.8
chr5	74	7	368.0	1.9021739130434785
chr5	75	6	356.0	1.6853932584269662
chr5	76	8	347.0	2.3054755043227666
chr5	77	11	338.0	3.2544378698224854
chr5	78	10	331.0	3.0211480362537766
chr5	79	4	315.0	1.2698412698412698
chr5	80	13	310.0	4.193548387096775
chr5	81	6	299.0	2.0066889632107023
chr5	82	5	288.0	1.7361111111111112
chr5	83	5	278.0	1.7985611510791366
chr5	84	4	265.0	1.509433962264151
chr5	85	5	258.0	1.937984496124031
chr5	86	4	253.0	1.5810276679841897
chr5	87	3	246.0	1.2195121951219512
chr5	88	4	236.0	1.694915254237288
chr5	89	5	229.0	2.1834061135371177
chr5	90	3	228.0	1.3157894736842104
chr5	91	5	220.0	2.272727272727273
chr5	92	0	210.0	0.0
chr5	93	7	202.0	3.4653465346534658
chr5	94	3	194.0	1.5463917525773196
chr5	95	3	186.0	1.6129032258064515
chr5	96	2	175.0	1.1428571428571428
chr5	97	1	164.0	0.6097560975609756
chr5	98	4	159.0	2.515723270440252
chr5	99	6	153.0	3.9215686274509802
chr5	100	1	142.0	0.7042253521126761
chr5	101	0	137.0	0.0
chr5	102	2	130.0	1.5384615384615385
chr5	103	5	120.0	4.166666666666666
chr5	104	2	112.0	1.7857142857142856
chr5	105	3	100.0	3.0
chr5	106	1	94.0	1.0638297872340425
chr5	107	4	84.0	4.761904761904762
chr5	108	2	77.0	2.5974025974025974
chr5	109	1	67.0	1.4925373134328357
chr5	110	2	53.0	3.7735849056603774
chr5	111	0	46.0	0.0
chr5	112	0	30.0	0.0
chr5	113	0	20.0	0.0
chr5	114	0	11.0	0.0
chr5	115	0	4.0	0.0
chr5	116	0	1.0	0.0
chr5	117	0	0.0	nan
chr5	118	0	0.0	nan
chr5	119	0	0.0	nan
chr5	120	0	0.0	nan
chr5	121	0	0.0	nan
chr5	122	0	0.0	nan
chr5	123	0	0.0	nan
chr5	124	0	0.0	nan
chr5	125	0	0.0	nan
chr5	126	0	0.0	nan
chr5	127	0	0.0	nan
chr5	128	0	0.0	nan
chr5	129	0	0.0	nan
chr6	-132	0	2.0	0.0
chr6	-131	0	2.0	0.0
chr6	-130	0	5.0	0.0
chr6	-129	0	6.0	0.0
chr6	-128	0	14.0	0.0
chr6	-127	0	22.0	0.0
chr6	-126	0	28.0	0.0
chr6	-125	0	32.0	0.0
chr6	-124	0	43.0	0.0
chr6	-123	0	53.0	0.0
chr6	-122	0	65.0	0.0
chr6	-121	0	71.0	0.0
chr6	-120	0	76.0	0.0
chr6	-119	0	85.0	0.0
chr6	-118	2	100.0	2.0
chr6	-117	0	111.0	0.0
chr6	-116	2	122.0	1.639344262295082
chr6	-115	0	134.0	0.0
chr6	-114	1	147.0	0.6802721088435374
chr6	-113	0	153.0	0.0
chr6	-112	2	162.0	1.2345679012345678
chr6	-111	0	172.0	0.0
chr6	-110	0	179.0	0.0
chr6	-109	0	186.0	0.0
chr6	-108	0	193.0	0.0
chr6	-107	0	200.0	0.0
chr6	-106	0	213.0	0.0
chr6	-105	0	217.0	0.0
chr6	-104	0	227.0	0.0
chr6	-103	0	235.0	0.0
chr6	-102	0	245.0	0.0
chr6	-101	0	256.0	0.0
chr6	-100	1	273.0	0.3663003663003663
chr6	-99	0	288.0	0.0
chr6	-98	1	300.0	0.33333333333333337
chr6	-97	1	308.0	0.3246753246753247
chr6	-96	1	314.0	0.3184713375796179
chr6	-95	0	319.0	0.0
chr6	-94	0	330.0	0.0
chr6	-93	0	338.0	0.0
chr6	-92	0	348.0	0.0
chr6	-91	0	357.0	0.0
chr6	-90	1	364.0	0.27472527472527475
chr6	-89	1	373.0	0.2680965147453083
chr6	-88	0	385.0	0.0
chr6	-87	0	394.0	0.0
chr6	-86	1	404.0	0.24752475247524752
chr6	-85	1	418.0	0.23923444976076555
chr6	-84	0	431.0	0.0
chr6	-83	1	440.0	0.22727272727272727
chr6	-82	0	454.0	0.0
chr6	-81	4	467.0	0.8565310492505354
chr6	-80	1	480.0	0.20833333333333334
chr6	-79	1	489.0	0.2044989775051125
chr6	-78	1	506.0	0.1976284584980237
chr6	-77	0	517.0	0.0
chr6	-76	2	523.0	0.3824091778202677
chr6	-75	1	532.0	0.18796992481203006
chr6	-74	0	545.0	0.0
chr6	-73	0	553.0	0.0
chr6	-72	2	561.0	0.35650623885918004
chr6	-71	1	570.0	0.17543859649122806
chr6	-70	0	580.0	0.0
chr6	-69	7	592.0	1.1824324324324325
chr6	-68	0	603.0	0.0
chr6	-67	0	610.0	0.0
chr6	-66	0	622.0	0.0
chr6	-65	1	633.0	0.1579778830963665
chr6	-64	0	639.0	0.0
chr6	-63	3	654.0	0.45871559633027525
chr6	-62	0	665.0	0.0
chr6	-61	0	676.0	0.0
chr6	-60	0	691.0	0.0
chr6	-59	4	708.0	0.5649717514124294
chr6	-58	1	719.0	0.13908205841446453
chr6	-57	17	729.0	2.3319615912208507
chr6	-56	5	740.0	0.6756756756756757
chr6	-55	1	754.0	0.1326259946949602
chr6	-54	2	767.0	0.2607561929595828
chr6	-53	0	783.0	0.0
chr6	-52	1	797.0	0.12547051442910914
chr6	-51	1	810.0	0.12345679012345678
chr6	-50	4	821.0	0.48721071863580995
chr6	-49	1	828.0	0.12077294685990338
chr6	-48	5	840.0	0.5952380952380952
chr6	-47	1	851.0	0.11750881316098707
chr6	-46	11	860.0	1.2790697674418605
chr6	-45	0	871.0	0.0
chr6	-44	0	881.0	0.0
chr6	-43	2	890.0	0.22471910112359553
chr6	-42	1	897.0	0.11148272017837235
chr6	-41	1	915.0	0.1092896174863388
chr6	-40	1	928.0	0.10775862068965517
chr6	-39	1	942.0	0.10615711252653928
chr6	-38	1	950.0	0.10526315789473684
chr6	-37	8	961.0	0.8324661810613945
chr6	-36	0	971.0	0.0
chr6	-35	1	979.0	0.10214504596527069
chr6	-34	6	987.0	0.60790273556231
chr6	-33	2	999.0	0.20020020020020018
chr6	-32	0	1014.0	0.0
chr6	-31	0	1024.0	0.0
chr6	-30	7	1040.0	0.6730769230769231
chr6	-29	4	1048.0	0.38167938931297707
chr6	-28	21	1057.0	1.9867549668874174
chr6	-27	0	1064.0	0.0
chr6	-26	1	1068.0	0.09363295880149813
chr6	-25	1	1078.0	0.0927643784786642
chr6	-24	5	1091.0	0.458295142071494
chr6	-23	1	1100.0	0.09090909090909091
chr6	-22	5	1109.0	0.4508566275924256
chr6	-21	4	1119.0	0.3574620196604111
chr6	-20	9	1133.0	0.7943512797881729
chr6	-19	7	1142.0	0.6129597197898424
chr6	-18	2	1149.0	0.17406440382941687
chr6	-17	1	1155.0	0.08658008658008658
chr6	-16	1	1160.0	0.08620689655172414
chr6	-15	10	1169.0	0.8554319931565441
chr6	-14	9	1181.0	0.7620660457239627
chr6	-13	9	1189.0	0.7569386038687973
chr6	-12	14	1199.0	1.1676396997497915
chr6	-11	10	1205.0	0.8298755186721992
chr6	-10	2	1215.0	0.1646090534979424
chr6	-9	8	1213.0	0.6595218466611706
chr6	-8	5	1212.0	0.4125412541254125
chr6	-7	3	1212.0	0.24752475247524752
chr6	-6	3	1212.0	0.24752475247524752
chr6	-5	3	1208.0	0.24834437086092717
chr6	-4	19	1206.0	1.5754560530679935
chr6	-3	4	1207.0	0.33140016570008285
chr6	-2	14	1199.0	1.1676396997497915
chr6	-1	39	1167.0	3.3419023136246784
chr6	0	87	1003.0	8.673978065802594
chr6	1	17	1040.0	1.6346153846153848
chr6	2	18	1042.0	1.727447216890595
chr6	3	42	1038.0	4.046242774566474
chr6	4	21	1029.0	2.0408163265306123
chr6	5	23	1020.0	2.2549019607843137
chr6	6	15	1006.0	1.4910536779324055
chr6	7	17	1002.0	1.6966067864271457
chr6	8	27	991.0	2.7245206861755804
chr6	9	24	974.0	2.4640657084188913
chr6	10	29	960.0	3.0208333333333335
chr6	11	17	949.0	1.7913593256059008
chr6	12	17	936.0	1.8162393162393164
chr6	13	20	931.0	2.1482277121374866
chr6	14	35	922.0	3.7960954446854664
chr6	15	14	915.0	1.530054644808743
chr6	16	7	904.0	0.7743362831858407
chr6	17	12	896.0	1.3392857142857142
chr6	18	15	892.0	1.6816143497757847
chr6	19	16	880.0	1.8181818181818181
chr6	20	16	868.0	1.8433179723502304
chr6	21	21	864.0	2.430555555555556
chr6	22	11	854.0	1.288056206088993
chr6	23	20	848.0	2.358490566037736
chr6	24	13	842.0	1.5439429928741093
chr6	25	19	834.0	2.278177458033573
chr6	26	16	823.0	1.9441069258809234
chr6	27	20	803.0	2.4906600249066
chr6	28	11	789.0	1.394169835234474
chr6	29	16	778.0	2.056555269922879
chr6	30	8	772.0	1.0362694300518136
chr6	31	14	765.0	1.8300653594771243
chr6	32	12	758.0	1.58311345646438
chr6	33	18	751.0	2.396804260985353
chr6	34	13	742.0	1.7520215633423182
chr6	35	16	735.0	2.1768707482993195
chr6	36	7	731.0	0.957592339261286
chr6	37	7	722.0	0.9695290858725761
chr6	38	15	714.0	2.100840336134454
chr6	39	15	696.0	2.1551724137931036
chr6	40	9	685.0	1.313868613138686
chr6	41	11	679.0	1.6200294550810017
chr6	42	11	669.0	1.6442451420029895
chr6	43	11	657.0	1.67427701674277
chr6	44	13	645.0	2.0155038759689923
chr6	45	21	640.0	3.28125
chr6	46	7	630.0	1.1111111111111112
chr6	47	8	620.0	1.2903225806451613
chr6	48	9	613.0	1.468189233278956
chr6	49	20	598.0	3.3444816053511706
chr6	50	13	590.0	2.2033898305084745
chr6	51	14	582.0	2.405498281786942
chr6	52	5	574.0	0.8710801393728222
chr6	53	6	567.0	1.0582010582010581
chr6	54	14	562.0	2.491103202846975
chr6	55	10	555.0	1.8018018018018018
chr6	56	20	547.0	3.656307129798903
chr6	57	8	538.0	1.486988847583643
chr6	58	13	529.0	2.4574669187145557
chr6	59	8	520.0	1.5384615384615385
chr6	60	8	514.0	1.556420233463035
chr6	61	18	507.0	3.5502958579881656
chr6	62	12	498.0	2.4096385542168677
chr6	63	7	485.0	1.443298969072165
chr6	64	8	477.0	1.6771488469601679
chr6	65	6	466.0	1.2875536480686696
chr6	66	5	458.0	1.0917030567685588
chr6	67	6	450.0	1.3333333333333335
chr6	68	11	438.0	2.5114155251141552
chr6	69	7	429.0	1.6317016317016315
chr6	70	1	417.0	0.2398081534772182
chr6	71	11	406.0	2.70935960591133
chr6	72	9	392.0	2.295918367346939
chr6	73	7	378.0	1.8518518518518516
chr6	74	6	368.0	1.6304347826086956
chr6	75	6	359.0	1.6713091922005572
chr6	76	2	351.0	0.5698005698005698
chr6	77	5	343.0	1.4577259475218658
chr6	78	11	330.0	3.3333333333333335
chr6	79	1	327.0	0.3058103975535168
chr6	80	8	316.0	2.5316455696202533
chr6	81	5	309.0	1.6181229773462782
chr6	82	5	299.0	1.6722408026755853
chr6	83	4	287.0	1.3937282229965158
chr6	84	3	283.0	1.0600706713780919
chr6	85	4	275.0	1.4545454545454546
chr6	86	4	261.0	1.532567049808429
chr6	87	3	245.0	1.2244897959183674
chr6	88	7	241.0	2.904564315352697
chr6	89	1	226.0	0.4424778761061947
chr6	90	2	220.0	0.9090909090909091
chr6	91	5	214.0	2.336448598130841
chr6	92	1	207.0	0.4830917874396135
chr6	93	8	200.0	4.0
chr6	94	4	192.0	2.083333333333333
chr6	95	3	176.0	1.7045454545454544
chr6	96	6	165.0	3.6363636363636362
chr6	97	5	155.0	3.225806451612903
chr6	98	2	151.0	1.3245033112582782
chr6	99	2	142.0	1.4084507042253522
chr6	100	8	135.0	5.9259259259259265
chr6	101	3	131.0	2.2900763358778624
chr6	102	7	123.0	5.691056910569105
chr6	103	1	113.0	0.8849557522123894
chr6	104	2	104.0	1.9230769230769231
chr6	105	4	96.0	4.166666666666666
chr6	106	0	85.0	0.0
chr6	107	1	73.0	1.36986301369863
chr6	108	2	65.0	3.076923076923077
chr6	109	0	60.0	0.0
chr6	110	1	52.0	1.9230769230769231
chr6	111	2	48.0	4.166666666666666
chr6	112	0	40.0	0.0
chr6	113	0	29.0	0.0
chr6	114	0	18.0	0.0
chr6	115	2	14.0	14.285714285714285
chr6	116	0	4.0	0.0
chr6	117	0	0.0	nan
chr6	118	0	0.0	nan
chr6	119	0	0.0	nan
chr6	120	0	0.0	nan
chr6	121	0	0.0	nan
chr6	122	0	0.0	nan
chr6	123	0	0.0	nan
chr6	124	0	0.0	nan
chr6	125	0	0.0	nan
chr6	126	0	0.0	nan
chr6	127	0	0.0	nan
chr6	128	0	0.0	nan
chr6	129	0	0.0	nan
chr6	130	0	0.0	nan
chr6	131	0	0.0	nan
chr6	132	0	0.0	nan
chr7	-132	0	1.0	0.0
chr7	-131	0	2.0	0.0
chr7	-130	0	4.0	0.0
chr7	-129	0	9.0	0.0
chr7	-128	0	18.0	0.0
chr7	-127	0	26.0	0.0
chr7	-126	0	35.0	0.0
chr7	-125	0	47.0	0.0
chr7	-124	0	56.0	0.0
chr7	-123	0	67.0	0.0
chr7	-122	0	80.0	0.0
chr7	-121	0	88.0	0.0
chr7	-120	0	103.0	0.0
chr7	-119	0	117.0	0.0
chr7	-118	1	132.0	0.7575757575757576
chr7	-117	1	144.0	0.6944444444444444
chr7	-116	0	154.0	0.0
chr7	-115	1	168.0	0.5952380952380952
chr7	-114	0	179.0	0.0
chr7	-113	0	188.0	0.0
chr7	-112	0	195.0	0.0
chr7	-111	0	205.0	0.0
chr7	-110	2	215.0	0.9302325581395349
chr7	-109	1	232.0	0.43103448275862066
chr7	-108	0	245.0	0.0
chr7	-107	0	257.0	0.0
chr7	-106	0	267.0	0.0
chr7	-105	5	271.0	1.8450184501845017
chr7	-104	0	283.0	0.0
chr7	-103	0	298.0	0.0
chr7	-102	1	307.0	0.32573289902280134
chr7	-101	0	325.0	0.0
chr7	-100	4	337.0	1.1869436201780417
chr7	-99	3	350.0	0.8571428571428572
chr7	-98	1	365.0	0.273972602739726
chr7	-97	6	381.0	1.574803149606299
chr7	-96	0	392.0	0.0
chr7	-95	0	406.0	0.0
chr7	-94	0	415.0	0.0
chr7	-93	0	432.0	0.0
chr7	-92	2	445.0	0.44943820224719105
chr7	-91	3	458.0	0.6550218340611353
chr7	-90	4	473.0	0.8456659619450317
chr7	-89	0	486.0	0.0
chr7	-88	0	496.0	0.0
chr7	-87	0	503.0	0.0
chr7	-86	0	522.0	0.0
chr7	-85	0	539.0	0.0
chr7	-84	0	548.0	0.0
chr7	-83	6	565.0	1.0619469026548671
chr7	-82	1	578.0	0.17301038062283738
chr7	-81	2	586.0	0.3412969283276451
chr7	-80	0	605.0	0.0
chr7	-79	4	618.0	0.6472491909385114
chr7	-78	0	625.0	0.0
chr7	-77	1	642.0	0.1557632398753894
chr7	-76	0	657.0	0.0
chr7	-75	1	666.0	0.15015015015015015
chr7	-74	6	681.0	0.881057268722467
chr7	-73	0	697.0	0.0
chr7	-72	0	711.0	0.0
chr7	-71	1	727.0	0.1375515818431912
chr7	-70	1	742.0	0.13477088948787064
chr7	-69	1	759.0	0.13175230566534915
chr7	-68	8	767.0	1.0430247718383312
chr7	-67	5	775.0	0.6451612903225806
chr7	-66	0	792.0	0.0
chr7	-65	4	805.0	0.4968944099378882
chr7	-64	1	822.0	0.12165450121654502
chr7	-63	3	842.0	0.35629453681710216
chr7	-62	0	854.0	0.0
chr7	-61	0	864.0	0.0
chr7	-60	1	882.0	0.11337868480725624
chr7	-59	2	903.0	0.22148394241417496
chr7	-58	2	915.0	0.2185792349726776
chr7	-57	6	928.0	0.646551724137931
chr7	-56	0	940.0	0.0
chr7	-55	3	959.0	0.31282586027111575
chr7	-54	3	978.0	0.3067484662576687
chr7	-53	4	1001.0	0.3996003996003996
chr7	-52	0	1022.0	0.0
chr7	-51	1	1036.0	0.09652509652509653
chr7	-50	3	1051.0	0.285442435775452
chr7	-49	1	1067.0	0.09372071227741331
chr7	-48	7	1086.0	0.6445672191528545
chr7	-47	0	1099.0	0.0
chr7	-46	5	1111.0	0.45004500450045004
chr7	-45	1	1124.0	0.0889679715302491
chr7	-44	0	1142.0	0.0
chr7	-43	3	1155.0	0.2597402597402597
chr7	-42	1	1169.0	0.0855431993156544
chr7	-41	10	1179.0	0.8481764206955046
chr7	-40	1	1190.0	0.08403361344537816
chr7	-39	10	1202.0	0.8319467554076538
chr7	-38	5	1211.0	0.41288191577208916
chr7	-37	17	1228.0	1.3843648208469055
chr7	-36	3	1236.0	0.24271844660194172
chr7	-35	1	1249.0	0.08006405124099279
chr7	-34	7	1261.0	0.5551149881046789
chr7	-33	7	1272.0	0.550314465408805
chr7	-32	0	1282.0	0.0
chr7	-31	16	1293.0	1.237432327919567
chr7	-30	4	1303.0	0.3069838833461243
chr7	-29	2	1316.0	0.1519756838905775
chr7	-28	3	1326.0	0.22624434389140274
chr7	-27	2	1340.0	0.1492537313432836
chr7	-26	1	1348.0	0.0741839762611276
chr7	-25	0	1369.0	0.0
chr7	-24	10	1379.0	0.7251631617113851
chr7	-23	6	1398.0	0.4291845493562232
chr7	-22	4	1411.0	0.28348688873139616
chr7	-21	3	1423.0	0.21082220660576245
chr7	-20	8	1438.0	0.5563282336578581
chr7	-19	10	1447.0	0.691085003455425
chr7	-18	1	1458.0	0.06858710562414265
chr7	-17	3	1475.0	0.2033898305084746
chr7	-16	0	1483.0	0.0
chr7	-15	19	1494.0	1.2717536813922357
chr7	-14	4	1506.0	0.2656042496679947
chr7	-13	2	1517.0	0.13183915622940012
chr7	-12	5	1522.0	0.328515111695138
chr7	-11	11	1532.0	0.7180156657963447
chr7	-10	4	1544.0	0.2590673575129534
chr7	-9	4	1547.0	0.25856496444731736
chr7	-8	5	1545.0	0.3236245954692557
chr7	-7	9	1540.0	0.5844155844155844
chr7	-6	5	1541.0	0.32446463335496434
chr7	-5	5	1542.0	0.324254215304799
chr7	-4	5	1539.0	0.3248862897985705
chr7	-3	19	1528.0	1.243455497382199
chr7	-2	15	1513.0	0.991407799074686
chr7	-1	49	1500.0	3.266666666666666
chr7	0	103	1278.0	8.059467918622849
chr7	1	23	1306.0	1.761102603369066
chr7	2	39	1315.0	2.9657794676806084
chr7	3	36	1308.0	2.7522935779816518
chr7	4	27	1297.0	2.081727062451812
chr7	5	20	1281.0	1.56128024980484
chr7	6	33	1280.0	2.578125
chr7	7	14	1263.0	1.1084718923198733
chr7	8	27	1251.0	2.158273381294964
chr7	9	24	1232.0	1.948051948051948
chr7	10	26	1213.0	2.1434460016488046
chr7	11	23	1202.0	1.913477537437604
chr7	12	18	1188.0	1.5151515151515151
chr7	13	26	1178.0	2.2071307300509337
chr7	14	29	1178.0	2.461799660441426
chr7	15	29	1173.0	2.47229326513214
chr7	16	13	1163.0	1.117798796216681
chr7	17	24	1153.0	2.0815264527320037
chr7	18	46	1137.0	4.0457343887423045
chr7	19	29	1121.0	2.5869759143621764
chr7	20	24	1112.0	2.158273381294964
chr7	21	26	1105.0	2.3529411764705883
chr7	22	20	1096.0	1.824817518248175
chr7	23	27	1087.0	2.483900643974241
chr7	24	27	1073.0	2.516309412861137
chr7	25	27	1060.0	2.547169811320755
chr7	26	23	1057.0	2.1759697256385997
chr7	27	18	1035.0	1.7391304347826086
chr7	28	7	1024.0	0.68359375
chr7	29	37	1014.0	3.648915187376726
chr7	30	35	1000.0	3.5000000000000004
chr7	31	28	990.0	2.8282828282828283
chr7	32	22	973.0	2.2610483042137717
chr7	33	13	962.0	1.3513513513513513
chr7	34	22	953.0	2.308499475341028
chr7	35	22	948.0	2.320675105485232
chr7	36	22	938.0	2.345415778251599
chr7	37	16	922.0	1.735357917570499
chr7	38	30	913.0	3.285870755750274
chr7	39	21	903.0	2.3255813953488373
chr7	40	21	891.0	2.356902356902357
chr7	41	14	876.0	1.5981735159817352
chr7	42	24	867.0	2.768166089965398
chr7	43	21	857.0	2.4504084014002334
chr7	44	21	840.0	2.5
chr7	45	20	828.0	2.4154589371980677
chr7	46	19	820.0	2.317073170731707
chr7	47	18	807.0	2.2304832713754648
chr7	48	19	797.0	2.3839397741530743
chr7	49	16	789.0	2.027883396704689
chr7	50	12	769.0	1.5604681404421328
chr7	51	9	755.0	1.1920529801324504
chr7	52	17	741.0	2.2941970310391366
chr7	53	7	731.0	0.957592339261286
chr7	54	12	714.0	1.680672268907563
chr7	55	11	698.0	1.5759312320916905
chr7	56	12	686.0	1.749271137026239
chr7	57	17	674.0	2.522255192878338
chr7	58	10	660.0	1.5151515151515151
chr7	59	14	653.0	2.1439509954058193
chr7	60	17	647.0	2.627511591962906
chr7	61	20	640.0	3.125
chr7	62	17	628.0	2.7070063694267517
chr7	63	17	611.0	2.7823240589198037
chr7	64	11	596.0	1.8456375838926176
chr7	65	11	586.0	1.877133105802048
chr7	66	14	561.0	2.4955436720142603
chr7	67	13	555.0	2.3423423423423424
chr7	68	15	545.0	2.7522935779816518
chr7	69	9	535.0	1.6822429906542056
chr7	70	11	522.0	2.10727969348659
chr7	71	12	507.0	2.366863905325444
chr7	72	10	493.0	2.028397565922921
chr7	73	12	475.0	2.526315789473684
chr7	74	10	454.0	2.2026431718061676
chr7	75	9	440.0	2.0454545454545454
chr7	76	19	425.0	4.470588235294118
chr7	77	8	412.0	1.9417475728155338
chr7	78	11	398.0	2.763819095477387
chr7	79	7	384.0	1.8229166666666667
chr7	80	5	373.0	1.3404825737265416
chr7	81	6	359.0	1.6713091922005572
chr7	82	11	348.0	3.1609195402298855
chr7	83	7	334.0	2.095808383233533
chr7	84	5	323.0	1.5479876160990713
chr7	85	3	307.0	0.9771986970684038
chr7	86	11	300.0	3.6666666666666665
chr7	87	2	294.0	0.6802721088435374
chr7	88	11	285.0	3.8596491228070176
chr7	89	4	276.0	1.4492753623188406
chr7	90	10	262.0	3.816793893129771
chr7	91	7	253.0	2.766798418972332
chr7	92	9	244.0	3.6885245901639343
chr7	93	5	239.0	2.092050209205021
chr7	94	5	232.0	2.1551724137931036
chr7	95	7	224.0	3.125
chr7	96	6	217.0	2.7649769585253456
chr7	97	4	208.0	1.9230769230769231
chr7	98	9	195.0	4.615384615384616
chr7	99	2	187.0	1.06951871657754
chr7	100	2	173.0	1.1560693641618496
chr7	101	3	159.0	1.8867924528301887
chr7	102	4	143.0	2.797202797202797
chr7	103	2	134.0	1.4925373134328357
chr7	104	3	127.0	2.3622047244094486
chr7	105	4	109.0	3.669724770642202
chr7	106	3	103.0	2.912621359223301
chr7	107	3	85.0	3.5294117647058822
chr7	108	3	79.0	3.79746835443038
chr7	109	3	69.0	4.3478260869565215
chr7	110	1	59.0	1.694915254237288
chr7	111	1	50.0	2.0
chr7	112	0	38.0	0.0
chr7	113	0	25.0	0.0
chr7	114	0	15.0	0.0
chr7	115	0	10.0	0.0
chr7	116	0	7.0	0.0
chr7	117	0	0.0	nan
chr7	118	0	0.0	nan
chr7	119	0	0.0	nan
chr7	120	0	0.0	nan
chr7	121	0	0.0	nan
chr7	122	0	0.0	nan
chr7	123	0	0.0	nan
chr7	124	0	0.0	nan
chr7	125	0	0.0	nan
chr7	126	0	0.0	nan
chr7	127	0	0.0	nan
chr7	128	0	0.0	nan
chr7	129	0	0.0	nan
chr7	130	0	0.0	nan
chr7	131	0	0.0	nan
chr8	-131	0	2.0	0.0
chr8	-130	0	4.0	0.0
chr8	-129	0	7.0	0.0
chr8	-128	0	15.0	0.0
chr8	-127	0	22.0	0.0
chr8	-126	0	33.0	0.0
chr8	-125	0	42.0	0.0
chr8	-124	0	45.0	0.0
chr8	-123	0	50.0	0.0
chr8	-122	0	60.0	0.0
chr8	-121	0	68.0	0.0
chr8	-120	0	79.0	0.0
chr8	-119	0	85.0	0.0
chr8	-118	0	96.0	0.0
chr8	-117	0	107.0	0.0
chr8	-116	0	115.0	0.0
chr8	-115	0	122.0	0.0
chr8	-114	0	128.0	0.0
chr8	-113	0	134.0	0.0
chr8	-112	1	138.0	0.7246376811594203
chr8	-111	0	143.0	0.0
chr8	-110	4	147.0	2.7210884353741496
chr8	-109	0	154.0	0.0
chr8	-108	0	161.0	0.0
chr8	-107	0	168.0	0.0
chr8	-106	0	173.0	0.0
chr8	-105	2	181.0	1.1049723756906076
chr8	-104	0	185.0	0.0
chr8	-103	1	195.0	0.5128205128205128
chr8	-102	0	203.0	0.0
chr8	-101	0	207.0	0.0
chr8	-100	0	218.0	0.0
chr8	-99	0	225.0	0.0
chr8	-98	0	236.0	0.0
chr8	-97	0	243.0	0.0
chr8	-96	0	253.0	0.0
chr8	-95	0	260.0	0.0
chr8	-94	0	264.0	0.0
chr8	-93	0	274.0	0.0
chr8	-92	0	286.0	0.0
chr8	-91	0	297.0	0.0
chr8	-90	0	307.0	0.0
chr8	-89	0	315.0	0.0
chr8	-88	1	325.0	0.3076923076923077
chr8	-87	0	337.0	0.0
chr8	-86	0	344.0	0.0
chr8	-85	0	354.0	0.0
chr8	-84	0	361.0	0.0
chr8	-83	2	379.0	0.5277044854881267
chr8	-82	0	388.0	0.0
chr8	-81	0	395.0	0.0
chr8	-80	0	400.0	0.0
chr8	-79	1	410.0	0.24390243902439024
chr8	-78	1	417.0	0.2398081534772182
chr8	-77	1	427.0	0.234192037470726
chr8	-76	1	435.0	0.22988505747126436
chr8	-75	1	442.0	0.22624434389140274
chr8	-74	0	447.0	0.0
chr8	-73	0	462.0	0.0
chr8	-72	0	472.0	0.0
chr8	-71	0	481.0	0.0
chr8	-70	1	492.0	0.20325203252032523
chr8	-69	1	498.0	0.2008032128514056
chr8	-68	2	507.0	0.39447731755424065
chr8	-67	1	516.0	0.1937984496124031
chr8	-66	0	522.0	0.0
chr8	-65	0	531.0	0.0
chr8	-64	0	543.0	0.0
chr8	-63	2	549.0	0.36429872495446264
chr8	-62	0	560.0	0.0
chr8	-61	3	568.0	0.528169014084507
chr8	-60	2	570.0	0.3508771929824561
chr8	-59	0	585.0	0.0
chr8	-58	1	591.0	0.1692047377326565
chr8	-57	0	608.0	0.0
chr8	-56	2	621.0	0.322061191626409
chr8	-55	1	627.0	0.1594896331738437
chr8	-54	3	635.0	0.47244094488188976
chr8	-53	1	640.0	0.15625
chr8	-52	0	648.0	0.0
chr8	-51	0	658.0	0.0
chr8	-50	1	668.0	0.14970059880239522
chr8	-49	1	672.0	0.1488095238095238
chr8	-48	2	684.0	0.29239766081871343
chr8	-47	0	689.0	0.0
chr8	-46	1	696.0	0.14367816091954022
chr8	-45	1	705.0	0.14184397163120568
chr8	-44	0	711.0	0.0
chr8	-43	2	717.0	0.2789400278940028
chr8	-42	0	728.0	0.0
chr8	-41	2	733.0	0.2728512960436562
chr8	-40	2	742.0	0.2695417789757413
chr8	-39	7	754.0	0.9283819628647214
chr8	-38	1	765.0	0.130718954248366
chr8	-37	1	777.0	0.1287001287001287
chr8	-36	2	784.0	0.25510204081632654
chr8	-35	0	794.0	0.0
chr8	-34	2	802.0	0.24937655860349126
chr8	-33	0	811.0	0.0
chr8	-32	4	822.0	0.48661800486618007
chr8	-31	8	832.0	0.9615384615384616
chr8	-30	2	840.0	0.2380952380952381
chr8	-29	7	846.0	0.8274231678486997
chr8	-28	2	855.0	0.23391812865497078
chr8	-27	3	864.0	0.3472222222222222
chr8	-26	2	874.0	0.2288329519450801
chr8	-25	0	879.0	0.0
chr8	-24	1	884.0	0.11312217194570137
chr8	-23	7	883.0	0.7927519818799547
chr8	-22	3	895.0	0.33519553072625696
chr8	-21	1	908.0	0.11013215859030838
chr8	-20	0	930.0	0.0
chr8	-19	1	937.0	0.10672358591248667
chr8	-18	2	946.0	0.21141649048625794
chr8	-17	7	953.0	0.7345225603357817
chr8	-16	1	956.0	0.10460251046025104
chr8	-15	4	965.0	0.41450777202072536
chr8	-14	4	971.0	0.4119464469618949
chr8	-13	6	976.0	0.6147540983606558
chr8	-12	0	982.0	0.0
chr8	-11	14	991.0	1.4127144298688195
chr8	-10	2	998.0	0.2004008016032064
chr8	-9	1	998.0	0.1002004008016032
chr8	-8	5	998.0	0.501002004008016
chr8	-7	2	998.0	0.2004008016032064
chr8	-6	1	996.0	0.1004016064257028
chr8	-5	6	996.0	0.6024096385542169
chr8	-4	4	991.0	0.4036326942482341
chr8	-3	10	985.0	1.015228426395939
chr8	-2	10	977.0	1.023541453428864
chr8	-1	35	972.0	3.60082304526749
chr8	0	85	780.0	10.897435897435898
chr8	1	9	822.0	1.094890510948905
chr8	2	21	811.0	2.5893958076448826
chr8	3	38	835.0	4.550898203592815
chr8	4	21	834.0	2.5179856115107913
chr8	5	36	826.0	4.358353510895883
chr8	6	22	814.0	2.7027027027027026
chr8	7	17	800.0	2.125
chr8	8	25	788.0	3.1725888324873095
chr8	9	14	786.0	1.7811704834605597
chr8	10	28	774.0	3.6175710594315245
chr8	11	27	767.0	3.5202086049543677
chr8	12	14	759.0	1.844532279314888
chr8	13	18	752.0	2.393617021276596
chr8	14	16	749.0	2.1361815754339117
chr8	15	24	742.0	3.234501347708895
chr8	16	19	734.0	2.588555858310627
chr8	17	13	732.0	1.7759562841530054
chr8	18	15	730.0	2.054794520547945
chr8	19	16	718.0	2.2284122562674096
chr8	20	19	708.0	2.6836158192090394
chr8	21	7	703.0	0.995732574679943
chr8	22	21	694.0	3.025936599423631
chr8	23	21	694.0	3.025936599423631
chr8	24	14	683.0	2.049780380673499
chr8	25	13	677.0	1.9202363367799113
chr8	26	13	673.0	1.9316493313521546
chr8	27	19	661.0	2.8744326777609683
chr8	28	23	652.0	3.52760736196319
chr8	29	21	646.0	3.2507739938080498
chr8	30	14	639.0	2.190923317683881
chr8	31	13	631.0	2.0602218700475436
chr8	32	14	618.0	2.26537216828479
chr8	33	12	614.0	1.9543973941368076
chr8	34	16	605.0	2.644628099173554
chr8	35	14	590.0	2.3728813559322033
chr8	36	6	585.0	1.0256410256410255
chr8	37	14	574.0	2.4390243902439024
chr8	38	26	567.0	4.5855379188712515
chr8	39	14	556.0	2.5179856115107913
chr8	40	16	550.0	2.909090909090909
chr8	41	14	543.0	2.578268876611418
chr8	42	15	535.0	2.803738317757009
chr8	43	12	530.0	2.2641509433962264
chr8	44	5	515.0	0.9708737864077669
chr8	45	7	507.0	1.3806706114398422
chr8	46	13	503.0	2.584493041749503
chr8	47	20	494.0	4.048582995951417
chr8	48	3	489.0	0.6134969325153374
chr8	49	11	479.0	2.2964509394572024
chr8	50	9	472.0	1.9067796610169492
chr8	51	6	468.0	1.282051282051282
chr8	52	9	462.0	1.948051948051948
chr8	53	19	456.0	4.166666666666666
chr8	54	14	443.0	3.160270880361174
chr8	55	14	434.0	3.225806451612903
chr8	56	5	430.0	1.1627906976744187
chr8	57	7	423.0	1.6548463356973995
chr8	58	13	417.0	3.117505995203837
chr8	59	11	412.0	2.669902912621359
chr8	60	9	404.0	2.2277227722772275
chr8	61	13	398.0	3.2663316582914574
chr8	62	10	389.0	2.570694087403599
chr8	63	11	382.0	2.8795811518324608
chr8	64	7	377.0	1.8567639257294428
chr8	65	7	370.0	1.891891891891892
chr8	66	6	364.0	1.6483516483516485
chr8	67	17	358.0	4.748603351955307
chr8	68	6	347.0	1.729106628242075
chr8	69	5	337.0	1.483679525222552
chr8	70	4	328.0	1.2195121951219512
chr8	71	6	321.0	1.8691588785046727
chr8	72	8	315.0	2.5396825396825395
chr8	73	3	310.0	0.967741935483871
chr8	74	7	301.0	2.3255813953488373
chr8	75	6	294.0	2.0408163265306123
chr8	76	4	282.0	1.4184397163120568
chr8	77	3	277.0	1.083032490974729
chr8	78	6	267.0	2.247191011235955
chr8	79	5	259.0	1.9305019305019304
chr8	80	5	254.0	1.968503937007874
chr8	81	5	250.0	2.0
chr8	82	5	241.0	2.0746887966804977
chr8	83	3	235.0	1.276595744680851
chr8	84	8	233.0	3.4334763948497855
chr8	85	4	226.0	1.7699115044247788
chr8	86	3	219.0	1.36986301369863
chr8	87	2	212.0	0.9433962264150944
chr8	88	5	201.0	2.4875621890547266
chr8	89	3	197.0	1.5228426395939088
chr8	90	7	188.0	3.723404255319149
chr8	91	3	182.0	1.6483516483516485
chr8	92	1	174.0	0.5747126436781609
chr8	93	0	164.0	0.0
chr8	94	3	153.0	1.9607843137254901
chr8	95	2	147.0	1.3605442176870748
chr8	96	1	142.0	0.7042253521126761
chr8	97	3	135.0	2.2222222222222223
chr8	98	4	127.0	3.149606299212598
chr8	99	3	118.0	2.5423728813559325
chr8	100	0	112.0	0.0
chr8	101	3	105.0	2.857142857142857
chr8	102	2	99.0	2.0202020202020203
chr8	103	1	91.0	1.098901098901099
chr8	104	5	89.0	5.617977528089887
chr8	105	2	77.0	2.5974025974025974
chr8	106	0	69.0	0.0
chr8	107	1	62.0	1.6129032258064515
chr8	108	1	53.0	1.8867924528301887
chr8	109	1	49.0	2.0408163265306123
chr8	110	0	40.0	0.0
chr8	111	2	35.0	5.714285714285714
chr8	112	0	30.0	0.0
chr8	113	0	22.0	0.0
chr8	114	0	19.0	0.0
chr8	115	0	12.0	0.0
chr8	116	0	6.0	0.0
chr8	117	0	0.0	nan
chr8	118	0	0.0	nan
chr8	119	0	0.0	nan
chr8	120	0	0.0	nan
chr8	121	0	0.0	nan
chr8	122	0	0.0	nan
chr8	123	0	0.0	nan
chr8	124	0	0.0	nan
chr8	125	0	0.0	nan
chr8	126	0	0.0	nan
chr8	127	0	0.0	nan
chr8	128	0	0.0	nan
chr8	129	0	0.0	nan
chr8	130	0	0.0	nan
chr9	-133	0	2.0	0.0
chr9	-132	0	2.0	0.0
chr9	-131	0	3.0	0.0
chr9	-130	0	4.0	0.0
chr9	-129	0	5.0	0.0
chr9	-128	0	9.0	0.0
chr9	-127	0	16.0	0.0
chr9	-126	0	19.0	0.0
chr9	-125	0	24.0	0.0
chr9	-124	0	34.0	0.0
chr9	-123	0	39.0	0.0
chr9	-122	0	47.0	0.0
chr9	-121	0	52.0	0.0
chr9	-120	1	66.0	1.5151515151515151
chr9	-119	0	72.0	0.0
chr9	-118	0	78.0	0.0
chr9	-117	0	88.0	0.0
chr9	-116	1	98.0	1.0204081632653061
chr9	-115	0	103.0	0.0
chr9	-114	0	110.0	0.0
chr9	-113	0	115.0	0.0
chr9	-112	1	122.0	0.819672131147541
chr9	-111	0	131.0	0.0
chr9	-110	1	142.0	0.7042253521126761
chr9	-109	0	149.0	0.0
chr9	-108	1	159.0	0.628930817610063
chr9	-107	0	165.0	0.0
chr9	-106	1	171.0	0.5847953216374269
chr9	-105	1	175.0	0.5714285714285714
chr9	-104	0	181.0	0.0
chr9	-103	0	191.0	0.0
chr9	-102	0	197.0	0.0
chr9	-101	0	209.0	0.0
chr9	-100	0	214.0	0.0
chr9	-99	1	222.0	0.45045045045045046
chr9	-98	4	228.0	1.7543859649122806
chr9	-97	0	238.0	0.0
chr9	-96	0	248.0	0.0
chr9	-95	0	256.0	0.0
chr9	-94	0	266.0	0.0
chr9	-93	2	274.0	0.7299270072992701
chr9	-92	3	282.0	1.0638297872340425
chr9	-91	3	293.0	1.023890784982935
chr9	-90	0	297.0	0.0
chr9	-89	5	308.0	1.6233766233766231
chr9	-88	0	310.0	0.0
chr9	-87	0	315.0	0.0
chr9	-86	1	326.0	0.3067484662576687
chr9	-85	1	334.0	0.29940119760479045
chr9	-84	1	339.0	0.2949852507374631
chr9	-83	0	345.0	0.0
chr9	-82	3	350.0	0.8571428571428572
chr9	-81	0	359.0	0.0
chr9	-80	1	369.0	0.27100271002710025
chr9	-79	0	372.0	0.0
chr9	-78	0	372.0	0.0
chr9	-77	3	382.0	0.7853403141361256
chr9	-76	0	394.0	0.0
chr9	-75	1	399.0	0.2506265664160401
chr9	-74	4	403.0	0.9925558312655087
chr9	-73	0	407.0	0.0
chr9	-72	0	413.0	0.0
chr9	-71	0	421.0	0.0
chr9	-70	0	429.0	0.0
chr9	-69	8	441.0	1.8140589569160999
chr9	-68	1	443.0	0.2257336343115124
chr9	-67	2	452.0	0.4424778761061947
chr9	-66	0	464.0	0.0
chr9	-65	1	475.0	0.21052631578947367
chr9	-64	0	487.0	0.0
chr9	-63	2	493.0	0.4056795131845842
chr9	-62	0	495.0	0.0
chr9	-61	2	504.0	0.3968253968253968
chr9	-60	0	514.0	0.0
chr9	-59	0	517.0	0.0
chr9	-58	0	525.0	0.0
chr9	-57	9	533.0	1.6885553470919326
chr9	-56	2	536.0	0.3731343283582089
chr9	-55	2	543.0	0.3683241252302026
chr9	-54	8	544.0	1.4705882352941175
chr9	-53	0	551.0	0.0
chr9	-52	1	560.0	0.17857142857142858
chr9	-51	3	564.0	0.5319148936170213
chr9	-50	0	574.0	0.0
chr9	-49	3	582.0	0.5154639175257731
chr9	-48	1	595.0	0.16806722689075632
chr9	-47	1	601.0	0.16638935108153077
chr9	-46	1	611.0	0.16366612111292964
chr9	-45	3	616.0	0.487012987012987
chr9	-44	0	623.0	0.0
chr9	-43	0	629.0	0.0
chr9	-42	1	635.0	0.15748031496062992
chr9	-41	3	644.0	0.4658385093167702
chr9	-40	0	651.0	0.0
chr9	-39	0	660.0	0.0
chr9	-38	3	666.0	0.45045045045045046
chr9	-37	1	673.0	0.1485884101040119
chr9	-36	5	677.0	0.7385524372230428
chr9	-35	1	685.0	0.145985401459854
chr9	-34	7	696.0	1.0057471264367817
chr9	-33	2	701.0	0.28530670470756064
chr9	-32	0	713.0	0.0
chr9	-31	0	718.0	0.0
chr9	-30	5	732.0	0.6830601092896175
chr9	-29	2	741.0	0.2699055330634278
chr9	-28	2	744.0	0.2688172043010753
chr9	-27	4	760.0	0.5263157894736842
chr9	-26	1	762.0	0.13123359580052493
chr9	-25	0	770.0	0.0
chr9	-24	1	777.0	0.1287001287001287
chr9	-23	0	785.0	0.0
chr9	-22	3	787.0	0.3811944091486658
chr9	-21	5	797.0	0.6273525721455459
chr9	-20	3	806.0	0.37220843672456577
chr9	-19	3	811.0	0.36991368680641185
chr9	-18	2	817.0	0.24479804161566704
chr9	-17	2	826.0	0.24213075060532688
chr9	-16	1	830.0	0.12048192771084339
chr9	-15	2	834.0	0.2398081534772182
chr9	-14	4	847.0	0.47225501770956313
chr9	-13	2	854.0	0.234192037470726
chr9	-12	2	865.0	0.23121387283236997
chr9	-11	0	875.0	0.0
chr9	-10	1	879.0	0.11376564277588168
chr9	-9	2	876.0	0.228310502283105
chr9	-8	4	879.0	0.4550625711035267
chr9	-7	8	879.0	0.9101251422070534
chr9	-6	3	879.0	0.3412969283276451
chr9	-5	4	879.0	0.4550625711035267
chr9	-4	1	879.0	0.11376564277588168
chr9	-3	8	876.0	0.91324200913242
chr9	-2	10	869.0	1.1507479861910241
chr9	-1	43	842.0	5.10688836104513
chr9	0	59	717.0	8.228730822873082
chr9	1	14	744.0	1.881720430107527
chr9	2	12	747.0	1.6064257028112447
chr9	3	17	742.0	2.2911051212938007
chr9	4	18	738.0	2.4390243902439024
chr9	5	15	736.0	2.0380434782608696
chr9	6	8	730.0	1.095890410958904
chr9	7	9	717.0	1.2552301255230125
chr9	8	8	706.0	1.13314447592068
chr9	9	15	705.0	2.127659574468085
chr9	10	13	691.0	1.881331403762663
chr9	11	9	680.0	1.3235294117647058
chr9	12	12	669.0	1.7937219730941705
chr9	13	13	659.0	1.9726858877086493
chr9	14	17	653.0	2.6033690658499236
chr9	15	11	640.0	1.7187500000000002
chr9	16	6	633.0	0.9478672985781991
chr9	17	15	626.0	2.3961661341853033
chr9	18	10	615.0	1.6260162601626018
chr9	19	14	612.0	2.287581699346405
chr9	20	9	605.0	1.487603305785124
chr9	21	17	604.0	2.814569536423841
chr9	22	10	600.0	1.6666666666666667
chr9	23	10	592.0	1.6891891891891893
chr9	24	16	584.0	2.73972602739726
chr9	25	11	579.0	1.8998272884283247
chr9	26	4	574.0	0.6968641114982579
chr9	27	9	567.0	1.5873015873015872
chr9	28	13	554.0	2.3465703971119134
chr9	29	15	550.0	2.727272727272727
chr9	30	12	545.0	2.2018348623853212
chr9	31	6	540.0	1.1111111111111112
chr9	32	14	535.0	2.6168224299065423
chr9	33	3	522.0	0.5747126436781609
chr9	34	18	516.0	3.488372093023256
chr9	35	13	508.0	2.559055118110236
chr9	36	11	501.0	2.19560878243513
chr9	37	9	496.0	1.8145161290322582
chr9	38	9	493.0	1.8255578093306288
chr9	39	4	484.0	0.8264462809917356
chr9	40	12	479.0	2.5052192066805845
chr9	41	10	477.0	2.0964360587002098
chr9	42	6	469.0	1.279317697228145
chr9	43	11	465.0	2.3655913978494625
chr9	44	4	460.0	0.8695652173913043
chr9	45	8	457.0	1.75054704595186
chr9	46	7	454.0	1.5418502202643172
chr9	47	8	443.0	1.805869074492099
chr9	48	6	434.0	1.3824884792626728
chr9	49	7	428.0	1.6355140186915886
chr9	50	11	423.0	2.6004728132387704
chr9	51	6	419.0	1.431980906921241
chr9	52	9	417.0	2.158273381294964
chr9	53	12	410.0	2.9268292682926833
chr9	54	7	406.0	1.7241379310344827
chr9	55	17	398.0	4.271356783919598
chr9	56	15	392.0	3.826530612244898
chr9	57	8	380.0	2.1052631578947367
chr9	58	4	370.0	1.0810810810810811
chr9	59	6	363.0	1.6528925619834711
chr9	60	11	355.0	3.0985915492957745
chr9	61	7	349.0	2.005730659025788
chr9	62	5	346.0	1.4450867052023122
chr9	63	9	339.0	2.6548672566371683
chr9	64	11	333.0	3.303303303303303
chr9	65	1	331.0	0.3021148036253776
chr9	66	3	321.0	0.9345794392523363
chr9	67	6	310.0	1.935483870967742
chr9	68	9	306.0	2.941176470588235
chr9	69	10	300.0	3.3333333333333335
chr9	70	4	293.0	1.3651877133105803
chr9	71	8	291.0	2.7491408934707904
chr9	72	4	282.0	1.4184397163120568
chr9	73	2	275.0	0.7272727272727273
chr9	74	5	273.0	1.8315018315018317
chr9	75	3	267.0	1.1235955056179776
chr9	76	3	262.0	1.1450381679389312
chr9	77	7	249.0	2.8112449799196786
chr9	78	2	246.0	0.8130081300813009
chr9	79	5	237.0	2.109704641350211
chr9	80	5	231.0	2.1645021645021645
chr9	81	8	222.0	3.6036036036036037
chr9	82	6	218.0	2.7522935779816518
chr9	83	2	213.0	0.9389671361502347
chr9	84	3	207.0	1.4492753623188406
chr9	85	3	203.0	1.477832512315271
chr9	86	1	194.0	0.5154639175257731
chr9	87	2	190.0	1.0526315789473684
chr9	88	5	183.0	2.73224043715847
chr9	89	4	175.0	2.2857142857142856
chr9	90	3	169.0	1.7751479289940828
chr9	91	4	162.0	2.4691358024691357
chr9	92	7	159.0	4.40251572327044
chr9	93	7	153.0	4.57516339869281
chr9	94	2	144.0	1.3888888888888888
chr9	95	5	137.0	3.64963503649635
chr9	96	2	126.0	1.5873015873015872
chr9	97	5	114.0	4.385964912280701
chr9	98	0	110.0	0.0
chr9	99	3	102.0	2.941176470588235
chr9	100	0	99.0	0.0
chr9	101	1	93.0	1.0752688172043012
chr9	102	3	88.0	3.4090909090909087
chr9	103	0	80.0	0.0
chr9	104	1	74.0	1.3513513513513513
chr9	105	0	71.0	0.0
chr9	106	0	61.0	0.0
chr9	107	0	57.0	0.0
chr9	108	0	53.0	0.0
chr9	109	1	50.0	2.0
chr9	110	0	44.0	0.0
chr9	111	0	36.0	0.0
chr9	112	1	28.0	3.571428571428571
chr9	113	0	23.0	0.0
chr9	114	0	12.0	0.0
chr9	115	0	8.0	0.0
chr9	116	0	3.0	0.0
chr9	117	0	0.0	nan
chr9	118	0	0.0	nan
chr9	119	0	0.0	nan
chr9	120	0	0.0	nan
chr9	121	0	0.0	nan
chr9	122	0	0.0	nan
chr9	123	0	0.0	nan
chr9	124	0	0.0	nan
chr9	125	0	0.0	nan
chr9	126	0	0.0	nan
chr9	127	0	0.0	nan
chr9	128	0	0.0	nan
chr9	129	0	0.0	nan
chr9	130	0	0.0	nan
chr10	-130	0	3.0	0.0
chr10	-129	0	4.0	0.0
chr10	-128	0	13.0	0.0
chr10	-127	0	23.0	0.0
chr10	-126	0	29.0	0.0
chr10	-125	0	38.0	0.0
chr10	-124	0	42.0	0.0
chr10	-123	0	51.0	0.0
chr10	-122	0	65.0	0.0
chr10	-121	0	70.0	0.0
chr10	-120	0	75.0	0.0
chr10	-119	0	85.0	0.0
chr10	-118	0	96.0	0.0
chr10	-117	0	106.0	0.0
chr10	-116	0	113.0	0.0
chr10	-115	0	126.0	0.0
chr10	-114	0	137.0	0.0
chr10	-113	0	147.0	0.0
chr10	-112	0	165.0	0.0
chr10	-111	0	174.0	0.0
chr10	-110	0	187.0	0.0
chr10	-109	1	197.0	0.5076142131979695
chr10	-108	1	201.0	0.4975124378109453
chr10	-107	0	210.0	0.0
chr10	-106	0	216.0	0.0
chr10	-105	0	227.0	0.0
chr10	-104	0	236.0	0.0
chr10	-103	0	245.0	0.0
chr10	-102	1	254.0	0.39370078740157477
chr10	-101	0	264.0	0.0
chr10	-100	2	273.0	0.7326007326007326
chr10	-99	0	284.0	0.0
chr10	-98	0	288.0	0.0
chr10	-97	0	298.0	0.0
chr10	-96	2	309.0	0.6472491909385114
chr10	-95	1	317.0	0.31545741324921134
chr10	-94	1	329.0	0.303951367781155
chr10	-93	2	339.0	0.5899705014749262
chr10	-92	2	351.0	0.5698005698005698
chr10	-91	0	356.0	0.0
chr10	-90	0	365.0	0.0
chr10	-89	0	373.0	0.0
chr10	-88	1	391.0	0.2557544757033248
chr10	-87	0	403.0	0.0
chr10	-86	0	416.0	0.0
chr10	-85	3	423.0	0.7092198581560284
chr10	-84	0	433.0	0.0
chr10	-83	0	441.0	0.0
chr10	-82	1	451.0	0.22172949002217296
chr10	-81	1	456.0	0.21929824561403508
chr10	-80	0	470.0	0.0
chr10	-79	1	480.0	0.20833333333333334
chr10	-78	0	487.0	0.0
chr10	-77	0	496.0	0.0
chr10	-76	1	504.0	0.1984126984126984
chr10	-75	1	517.0	0.19342359767891684
chr10	-74	2	532.0	0.37593984962406013
chr10	-73	5	543.0	0.9208103130755065
chr10	-72	1	556.0	0.1798561151079137
chr10	-71	1	566.0	0.17667844522968199
chr10	-70	3	577.0	0.5199306759098787
chr10	-69	1	589.0	0.1697792869269949
chr10	-68	2	598.0	0.33444816053511706
chr10	-67	4	610.0	0.6557377049180327
chr10	-66	0	618.0	0.0
chr10	-65	4	631.0	0.6339144215530903
chr10	-64	1	643.0	0.15552099533437014
chr10	-63	1	658.0	0.1519756838905775
chr10	-62	0	672.0	0.0
chr10	-61	0	680.0	0.0
chr10	-60	0	693.0	0.0
chr10	-59	0	699.0	0.0
chr10	-58	0	711.0	0.0
chr10	-57	5	726.0	0.6887052341597797
chr10	-56	2	734.0	0.2724795640326975
chr10	-55	6	745.0	0.8053691275167786
chr10	-54	1	760.0	0.13157894736842105
chr10	-53	1	769.0	0.13003901170351106
chr10	-52	2	782.0	0.2557544757033248
chr10	-51	2	791.0	0.2528445006321113
chr10	-50	1	804.0	0.12437810945273632
chr10	-49	5	814.0	0.6142506142506142
chr10	-48	1	828.0	0.12077294685990338
chr10	-47	0	837.0	0.0
chr10	-46	1	845.0	0.1183431952662722
chr10	-45	1	852.0	0.11737089201877934
chr10	-44	1	859.0	0.11641443538998836
chr10	-43	8	871.0	0.9184845005740528
chr10	-42	1	882.0	0.11337868480725624
chr10	-41	1	891.0	0.11223344556677892
chr10	-40	3	900.0	0.33333333333333337
chr10	-39	0	911.0	0.0
chr10	-38	2	921.0	0.21715526601520088
chr10	-37	0	936.0	0.0
chr10	-36	3	946.0	0.3171247357293869
chr10	-35	0	957.0	0.0
chr10	-34	3	970.0	0.30927835051546393
chr10	-33	2	983.0	0.20345879959308238
chr10	-32	4	994.0	0.4024144869215292
chr10	-31	1	1006.0	0.09940357852882703
chr10	-30	0	1017.0	0.0
chr10	-29	3	1031.0	0.2909796314258002
chr10	-28	2	1041.0	0.19212295869356388
chr10	-27	2	1054.0	0.18975332068311196
chr10	-26	2	1068.0	0.18726591760299627
chr10	-25	3	1079.0	0.27803521779425394
chr10	-24	1	1085.0	0.09216589861751152
chr10	-23	8	1098.0	0.7285974499089253
chr10	-22	2	1108.0	0.18050541516245489
chr10	-21	5	1117.0	0.4476275738585497
chr10	-20	1	1125.0	0.08888888888888889
chr10	-19	4	1135.0	0.3524229074889868
chr10	-18	2	1140.0	0.17543859649122806
chr10	-17	1	1148.0	0.08710801393728224
chr10	-16	8	1158.0	0.690846286701209
chr10	-15	5	1176.0	0.4251700680272109
chr10	-14	5	1187.0	0.42122999157540014
chr10	-13	7	1191.0	0.5877413937867338
chr10	-12	4	1199.0	0.3336113427856547
chr10	-11	7	1205.0	0.5809128630705395
chr10	-10	2	1211.0	0.16515276630883566
chr10	-9	4	1211.0	0.3303055326176713
chr10	-8	6	1207.0	0.4971002485501243
chr10	-7	1	1206.0	0.08291873963515754
chr10	-6	6	1203.0	0.4987531172069825
chr10	-5	6	1199.0	0.5004170141784821
chr10	-4	5	1194.0	0.41876046901172526
chr10	-3	5	1188.0	0.42087542087542085
chr10	-2	4	1187.0	0.33698399326032014
chr10	-1	30	1156.0	2.5951557093425603
chr10	0	74	989.0	7.482305358948432
chr10	1	9	1016.0	0.8858267716535433
chr10	2	15	1013.0	1.4807502467917077
chr10	3	35	1015.0	3.4482758620689653
chr10	4	26	1014.0	2.564102564102564
chr10	5	12	1006.0	1.1928429423459244
chr10	6	34	996.0	3.413654618473896
chr10	7	23	987.0	2.330293819655522
chr10	8	28	973.0	2.877697841726619
chr10	9	19	966.0	1.9668737060041408
chr10	10	20	956.0	2.092050209205021
chr10	11	21	943.0	2.2269353128313893
chr10	12	28	929.0	3.013993541442411
chr10	13	12	918.0	1.3071895424836601
chr10	14	16	912.0	1.7543859649122806
chr10	15	27	897.0	3.0100334448160537
chr10	16	14	883.0	1.5855039637599093
chr10	17	12	872.0	1.3761467889908259
chr10	18	21	865.0	2.4277456647398843
chr10	19	14	861.0	1.6260162601626018
chr10	20	24	849.0	2.8268551236749118
chr10	21	14	835.0	1.6766467065868262
chr10	22	23	825.0	2.7878787878787876
chr10	23	17	817.0	2.08078335373317
chr10	24	12	811.0	1.4796547472256474
chr10	25	20	800.0	2.5
chr10	26	20	793.0	2.5220680958385877
chr10	27	14	789.0	1.7743979721166032
chr10	28	12	778.0	1.5424164524421593
chr10	29	16	769.0	2.080624187256177
chr10	30	14	762.0	1.837270341207349
chr10	31	24	749.0	3.204272363150868
chr10	32	10	738.0	1.3550135501355014
chr10	33	21	729.0	2.880658436213992
chr10	34	17	722.0	2.3545706371191137
chr10	35	18	709.0	2.538787023977433
chr10	36	13	703.0	1.849217638691323
chr10	37	11	696.0	1.5804597701149428
chr10	38	14	688.0	2.0348837209302326
chr10	39	23	676.0	3.4023668639053253
chr10	40	6	664.0	0.9036144578313252
chr10	41	22	659.0	3.338391502276176
chr10	42	20	649.0	3.0816640986132513
chr10	43	22	641.0	3.43213728549142
chr10	44	8	632.0	1.2658227848101267
chr10	45	18	623.0	2.889245585874799
chr10	46	15	622.0	2.4115755627009645
chr10	47	18	612.0	2.941176470588235
chr10	48	16	600.0	2.666666666666667
chr10	49	6	593.0	1.0118043844856661
chr10	50	19	587.0	3.2367972742759794
chr10	51	9	583.0	1.5437392795883362
chr10	52	15	566.0	2.65017667844523
chr10	53	10	554.0	1.8050541516245486
chr10	54	11	546.0	2.0146520146520146
chr10	55	14	539.0	2.5974025974025974
chr10	56	13	530.0	2.4528301886792456
chr10	57	9	526.0	1.7110266159695817
chr10	58	13	512.0	2.5390625
chr10	59	5	505.0	0.9900990099009901
chr10	60	10	497.0	2.0120724346076457
chr10	61	9	489.0	1.8404907975460123
chr10	62	15	474.0	3.1645569620253164
chr10	63	7	462.0	1.5151515151515151
chr10	64	6	453.0	1.3245033112582782
chr10	65	4	443.0	0.9029345372460496
chr10	66	17	436.0	3.89908256880734
chr10	67	7	425.0	1.647058823529412
chr10	68	13	417.0	3.117505995203837
chr10	69	5	407.0	1.2285012285012284
chr10	70	6	401.0	1.4962593516209477
chr10	71	2	391.0	0.5115089514066496
chr10	72	11	380.0	2.8947368421052633
chr10	73	8	371.0	2.15633423180593
chr10	74	11	363.0	3.0303030303030303
chr10	75	12	356.0	3.3707865168539324
chr10	76	3	348.0	0.8620689655172413
chr10	77	4	332.0	1.2048192771084338
chr10	78	6	322.0	1.8633540372670807
chr10	79	6	317.0	1.8927444794952681
chr10	80	6	304.0	1.9736842105263157
chr10	81	3	298.0	1.006711409395973
chr10	82	7	292.0	2.3972602739726026
chr10	83	6	282.0	2.127659574468085
chr10	84	4	271.0	1.4760147601476015
chr10	85	9	261.0	3.4482758620689653
chr10	86	13	256.0	5.078125
chr10	87	2	251.0	0.796812749003984
chr10	88	4	244.0	1.639344262295082
chr10	89	7	233.0	3.004291845493562
chr10	90	5	224.0	2.232142857142857
chr10	91	8	208.0	3.8461538461538463
chr10	92	4	199.0	2.0100502512562812
chr10	93	7	186.0	3.763440860215054
chr10	94	5	182.0	2.7472527472527473
chr10	95	0	175.0	0.0
chr10	96	5	168.0	2.976190476190476
chr10	97	5	160.0	3.125
chr10	98	4	150.0	2.666666666666667
chr10	99	4	133.0	3.007518796992481
chr10	100	2	127.0	1.574803149606299
chr10	101	1	122.0	0.819672131147541
chr10	102	1	108.0	0.9259259259259258
chr10	103	2	99.0	2.0202020202020203
chr10	104	3	92.0	3.260869565217391
chr10	105	4	85.0	4.705882352941177
chr10	106	3	81.0	3.7037037037037033
chr10	107	2	73.0	2.73972602739726
chr10	108	1	61.0	1.639344262295082
chr10	109	1	58.0	1.7241379310344827
chr10	110	3	46.0	6.521739130434782
chr10	111	0	36.0	0.0
chr10	112	1	26.0	3.8461538461538463
chr10	113	0	17.0	0.0
chr10	114	0	9.0	0.0
chr10	115	0	4.0	0.0
chr10	116	0	1.0	0.0
chr10	117	0	0.0	nan
chr10	118	0	0.0	nan
chr10	119	0	0.0	nan
chr10	120	0	0.0	nan
chr10	121	0	0.0	nan
chr10	122	0	0.0	nan
chr10	123	0	0.0	nan
chr10	124	0	0.0	nan
chr10	125	0	0.0	nan
chr10	126	0	0.0	nan
chr10	127	0	0.0	nan
chr10	128	0	0.0	nan
chr10	129	0	0.0	nan
chr10	130	0	0.0	nan
chr10	131	0	0.0	nan
chr10	132	0	0.0	nan
chr10	133	0	0.0	nan
chr11	-132	0	1.0	0.0
chr11	-131	0	4.0	0.0
chr11	-130	0	4.0	0.0
chr11	-129	1	5.0	20.0
chr11	-128	0	10.0	0.0
chr11	-127	0	21.0	0.0
chr11	-126	0	24.0	0.0
chr11	-125	0	32.0	0.0
chr11	-124	0	43.0	0.0
chr11	-123	0	50.0	0.0
chr11	-122	0	56.0	0.0
chr11	-121	0	62.0	0.0
chr11	-120	0	69.0	0.0
chr11	-119	1	82.0	1.2195121951219512
chr11	-118	0	90.0	0.0
chr11	-117	3	102.0	2.941176470588235
chr11	-116	0	109.0	0.0
chr11	-115	0	116.0	0.0
chr11	-114	0	122.0	0.0
chr11	-113	0	129.0	0.0
chr11	-112	0	134.0	0.0
chr11	-111	0	140.0	0.0
chr11	-110	3	151.0	1.9867549668874174
chr11	-109	0	160.0	0.0
chr11	-108	0	171.0	0.0
chr11	-107	1	176.0	0.5681818181818182
chr11	-106	0	190.0	0.0
chr11	-105	1	195.0	0.5128205128205128
chr11	-104	0	199.0	0.0
chr11	-103	0	208.0	0.0
chr11	-102	0	221.0	0.0
chr11	-101	0	228.0	0.0
chr11	-100	1	238.0	0.42016806722689076
chr11	-99	0	245.0	0.0
chr11	-98	0	255.0	0.0
chr11	-97	1	263.0	0.38022813688212925
chr11	-96	4	271.0	1.4760147601476015
chr11	-95	1	288.0	0.3472222222222222
chr11	-94	0	300.0	0.0
chr11	-93	2	309.0	0.6472491909385114
chr11	-92	2	315.0	0.6349206349206349
chr11	-91	1	321.0	0.3115264797507788
chr11	-90	7	337.0	2.0771513353115725
chr11	-89	0	346.0	0.0
chr11	-88	1	360.0	0.2777777777777778
chr11	-87	1	369.0	0.27100271002710025
chr11	-86	0	373.0	0.0
chr11	-85	1	383.0	0.26109660574412535
chr11	-84	0	386.0	0.0
chr11	-83	0	394.0	0.0
chr11	-82	1	406.0	0.24630541871921183
chr11	-81	2	417.0	0.4796163069544364
chr11	-80	2	428.0	0.46728971962616817
chr11	-79	0	436.0	0.0
chr11	-78	6	443.0	1.3544018058690745
chr11	-77	3	453.0	0.6622516556291391
chr11	-76	1	461.0	0.21691973969631237
chr11	-75	1	468.0	0.2136752136752137
chr11	-74	1	478.0	0.20920502092050208
chr11	-73	5	486.0	1.02880658436214
chr11	-72	8	505.0	1.5841584158415842
chr11	-71	6	507.0	1.183431952662722
chr11	-70	2	514.0	0.38910505836575876
chr11	-69	5	523.0	0.9560229445506693
chr11	-68	1	532.0	0.18796992481203006
chr11	-67	0	542.0	0.0
chr11	-66	0	552.0	0.0
chr11	-65	0	556.0	0.0
chr11	-64	0	566.0	0.0
chr11	-63	0	576.0	0.0
chr11	-62	4	586.0	0.6825938566552902
chr11	-61	3	603.0	0.4975124378109453
chr11	-60	1	611.0	0.16366612111292964
chr11	-59	0	624.0	0.0
chr11	-58	1	635.0	0.15748031496062992
chr11	-57	2	643.0	0.3110419906687403
chr11	-56	0	657.0	0.0
chr11	-55	2	667.0	0.29985007496251875
chr11	-54	3	677.0	0.4431314623338257
chr11	-53	0	689.0	0.0
chr11	-52	6	700.0	0.8571428571428572
chr11	-51	3	705.0	0.425531914893617
chr11	-50	1	716.0	0.13966480446927373
chr11	-49	5	735.0	0.6802721088435374
chr11	-48	2	743.0	0.2691790040376851
chr11	-47	2	753.0	0.2656042496679947
chr11	-46	1	760.0	0.13157894736842105
chr11	-45	2	773.0	0.258732212160414
chr11	-44	0	778.0	0.0
chr11	-43	1	788.0	0.12690355329949238
chr11	-42	5	798.0	0.6265664160401002
chr11	-41	1	809.0	0.12360939431396785
chr11	-40	3	821.0	0.3654080389768575
chr11	-39	0	833.0	0.0
chr11	-38	1	837.0	0.11947431302270012
chr11	-37	0	847.0	0.0
chr11	-36	8	857.0	0.9334889148191364
chr11	-35	1	874.0	0.11441647597254005
chr11	-34	1	881.0	0.11350737797956867
chr11	-33	4	885.0	0.4519774011299435
chr11	-32	2	897.0	0.2229654403567447
chr11	-31	5	904.0	0.5530973451327433
chr11	-30	1	912.0	0.10964912280701754
chr11	-29	7	929.0	0.7534983853606028
chr11	-28	4	938.0	0.42643923240938164
chr11	-27	4	946.0	0.42283298097251587
chr11	-26	4	956.0	0.41841004184100417
chr11	-25	3	965.0	0.31088082901554404
chr11	-24	5	973.0	0.513874614594039
chr11	-23	7	980.0	0.7142857142857143
chr11	-22	1	992.0	0.10080645161290322
chr11	-21	2	1001.0	0.1998001998001998
chr11	-20	2	1009.0	0.19821605550049554
chr11	-19	4	1014.0	0.39447731755424065
chr11	-18	12	1022.0	1.1741682974559686
chr11	-17	4	1032.0	0.3875968992248062
chr11	-16	1	1043.0	0.09587727708533077
chr11	-15	5	1052.0	0.4752851711026616
chr11	-14	1	1057.0	0.0946073793755913
chr11	-13	2	1068.0	0.18726591760299627
chr11	-12	8	1073.0	0.7455731593662628
chr11	-11	4	1080.0	0.3703703703703704
chr11	-10	3	1084.0	0.27675276752767525
chr11	-9	5	1083.0	0.46168051708217916
chr11	-8	5	1084.0	0.46125461254612543
chr11	-7	6	1084.0	0.5535055350553505
chr11	-6	7	1084.0	0.6457564575645757
chr11	-5	4	1077.0	0.3714020427112349
chr11	-4	10	1077.0	0.9285051067780872
chr11	-3	26	1070.0	2.4299065420560746
chr11	-2	16	1057.0	1.5137180700094608
chr11	-1	58	1040.0	5.5769230769230775
chr11	0	78	900.0	8.666666666666668
chr11	1	16	924.0	1.7316017316017316
chr11	2	25	920.0	2.717391304347826
chr11	3	21	912.0	2.302631578947368
chr11	4	12	910.0	1.3186813186813187
chr11	5	35	903.0	3.875968992248062
chr11	6	17	896.0	1.8973214285714284
chr11	7	19	888.0	2.1396396396396398
chr11	8	15	876.0	1.7123287671232876
chr11	9	22	868.0	2.5345622119815667
chr11	10	19	861.0	2.2067363530778166
chr11	11	20	853.0	2.3446658851113718
chr11	12	11	840.0	1.3095238095238095
chr11	13	14	833.0	1.680672268907563
chr11	14	12	824.0	1.4563106796116505
chr11	15	15	820.0	1.8292682926829267
chr11	16	19	807.0	2.3543990086741013
chr11	17	30	799.0	3.754693366708386
chr11	18	17	788.0	2.1573604060913705
chr11	19	8	777.0	1.0296010296010296
chr11	20	18	770.0	2.3376623376623376
chr11	21	15	762.0	1.968503937007874
chr11	22	11	753.0	1.4608233731739706
chr11	23	11	746.0	1.4745308310991956
chr11	24	20	738.0	2.710027100271003
chr11	25	19	728.0	2.60989010989011
chr11	26	9	723.0	1.2448132780082988
chr11	27	12	717.0	1.6736401673640167
chr11	28	17	709.0	2.3977433004231314
chr11	29	14	698.0	2.005730659025788
chr11	30	17	692.0	2.4566473988439306
chr11	31	12	684.0	1.7543859649122806
chr11	32	13	677.0	1.9202363367799113
chr11	33	18	670.0	2.6865671641791042
chr11	34	16	662.0	2.416918429003021
chr11	35	9	657.0	1.36986301369863
chr11	36	22	647.0	3.400309119010819
chr11	37	14	634.0	2.2082018927444795
chr11	38	8	627.0	1.2759170653907497
chr11	39	6	618.0	0.9708737864077669
chr11	40	15	615.0	2.4390243902439024
chr11	41	12	607.0	1.9769357495881383
chr11	42	12	599.0	2.003338898163606
chr11	43	13	590.0	2.2033898305084745
chr11	44	14	581.0	2.4096385542168677
chr11	45	12	576.0	2.083333333333333
chr11	46	9	564.0	1.5957446808510638
chr11	47	10	553.0	1.8083182640144666
chr11	48	9	549.0	1.639344262295082
chr11	49	7	545.0	1.2844036697247707
chr11	50	7	541.0	1.2939001848428837
chr11	51	7	529.0	1.3232514177693762
chr11	52	11	518.0	2.1235521235521233
chr11	53	13	511.0	2.5440313111545985
chr11	54	11	504.0	2.1825396825396823
chr11	55	12	490.0	2.4489795918367347
chr11	56	9	483.0	1.8633540372670807
chr11	57	9	472.0	1.9067796610169492
chr11	58	7	463.0	1.511879049676026
chr11	59	6	458.0	1.3100436681222707
chr11	60	14	449.0	3.11804008908686
chr11	61	11	441.0	2.494331065759637
chr11	62	6	437.0	1.3729977116704806
chr11	63	13	424.0	3.0660377358490565
chr11	64	5	413.0	1.2106537530266344
chr11	65	11	408.0	2.696078431372549
chr11	66	6	400.0	1.5
chr11	67	6	390.0	1.5384615384615385
chr11	68	5	375.0	1.3333333333333335
chr11	69	7	366.0	1.912568306010929
chr11	70	9	361.0	2.4930747922437675
chr11	71	14	351.0	3.9886039886039883
chr11	72	11	345.0	3.1884057971014492
chr11	73	11	332.0	3.313253012048193
chr11	74	1	325.0	0.3076923076923077
chr11	75	3	321.0	0.9345794392523363
chr11	76	5	315.0	1.5873015873015872
chr11	77	6	300.0	2.0
chr11	78	3	291.0	1.0309278350515463
chr11	79	6	282.0	2.127659574468085
chr11	80	4	272.0	1.4705882352941175
chr11	81	5	267.0	1.8726591760299627
chr11	82	10	258.0	3.875968992248062
chr11	83	5	252.0	1.984126984126984
chr11	84	3	242.0	1.2396694214876034
chr11	85	5	235.0	2.127659574468085
chr11	86	5	228.0	2.1929824561403506
chr11	87	2	215.0	0.9302325581395349
chr11	88	5	211.0	2.3696682464454977
chr11	89	4	206.0	1.9417475728155338
chr11	90	6	199.0	3.015075376884422
chr11	91	4	185.0	2.1621621621621623
chr11	92	3	180.0	1.6666666666666667
chr11	93	1	174.0	0.5747126436781609
chr11	94	6	169.0	3.5502958579881656
chr11	95	3	159.0	1.8867924528301887
chr11	96	5	150.0	3.3333333333333335
chr11	97	2	139.0	1.4388489208633095
chr11	98	7	129.0	5.426356589147287
chr11	99	1	121.0	0.8264462809917356
chr11	100	3	112.0	2.6785714285714284
chr11	101	1	106.0	0.9433962264150944
chr11	102	1	100.0	1.0
chr11	103	0	94.0	0.0
chr11	104	1	92.0	1.0869565217391304
chr11	105	4	81.0	4.938271604938271
chr11	106	1	68.0	1.4705882352941175
chr11	107	0	64.0	0.0
chr11	108	1	58.0	1.7241379310344827
chr11	109	2	52.0	3.8461538461538463
chr11	110	1	39.0	2.564102564102564
chr11	111	0	32.0	0.0
chr11	112	0	24.0	0.0
chr11	113	0	17.0	0.0
chr11	114	0	9.0	0.0
chr11	115	0	6.0	0.0
chr11	116	1	2.0	50.0
chr11	117	0	0.0	nan
chr11	118	0	0.0	nan
chr11	119	0	0.0	nan
chr11	120	0	0.0	nan
chr11	121	0	0.0	nan
chr11	122	0	0.0	nan
chr11	123	0	0.0	nan
chr11	124	0	0.0	nan
chr11	125	0	0.0	nan
chr11	126	0	0.0	nan
chr11	127	0	0.0	nan
chr11	128	0	0.0	nan
chr11	129	0	0.0	nan
chr11	130	0	0.0	nan
chr11	131	0	0.0	nan
chr11	132	0	0.0	nan
chr12	-130	0	3.0	0.0
chr12	-129	0	5.0	0.0
chr12	-128	0	10.0	0.0
chr12	-127	0	12.0	0.0
chr12	-126	1	21.0	4.761904761904762
chr12	-125	0	31.0	0.0
chr12	-124	0	35.0	0.0
chr12	-123	0	51.0	0.0
chr12	-122	0	57.0	0.0
chr12	-121	0	66.0	0.0
chr12	-120	0	77.0	0.0
chr12	-119	0	90.0	0.0
chr12	-118	0	103.0	0.0
chr12	-117	0	117.0	0.0
chr12	-116	0	131.0	0.0
chr12	-115	0	140.0	0.0
chr12	-114	1	151.0	0.6622516556291391
chr12	-113	3	161.0	1.8633540372670807
chr12	-112	0	172.0	0.0
chr12	-111	0	184.0	0.0
chr12	-110	0	192.0	0.0
chr12	-109	1	198.0	0.5050505050505051
chr12	-108	0	209.0	0.0
chr12	-107	1	224.0	0.4464285714285714
chr12	-106	0	237.0	0.0
chr12	-105	0	252.0	0.0
chr12	-104	1	260.0	0.38461538461538464
chr12	-103	0	263.0	0.0
chr12	-102	0	269.0	0.0
chr12	-101	1	277.0	0.36101083032490977
chr12	-100	1	287.0	0.34843205574912894
chr12	-99	0	298.0	0.0
chr12	-98	0	308.0	0.0
chr12	-97	0	322.0	0.0
chr12	-96	0	332.0	0.0
chr12	-95	0	340.0	0.0
chr12	-94	1	348.0	0.28735632183908044
chr12	-93	0	358.0	0.0
chr12	-92	2	368.0	0.5434782608695652
chr12	-91	3	381.0	0.7874015748031495
chr12	-90	0	391.0	0.0
chr12	-89	1	403.0	0.24813895781637718
chr12	-88	2	408.0	0.49019607843137253
chr12	-87	1	414.0	0.24154589371980675
chr12	-86	0	419.0	0.0
chr12	-85	1	433.0	0.23094688221709006
chr12	-84	5	442.0	1.1312217194570136
chr12	-83	0	450.0	0.0
chr12	-82	1	458.0	0.21834061135371177
chr12	-81	0	469.0	0.0
chr12	-80	1	482.0	0.2074688796680498
chr12	-79	0	491.0	0.0
chr12	-78	0	506.0	0.0
chr12	-77	0	514.0	0.0
chr12	-76	2	525.0	0.38095238095238093
chr12	-75	4	537.0	0.74487895716946
chr12	-74	0	551.0	0.0
chr12	-73	9	561.0	1.6042780748663104
chr12	-72	3	570.0	0.5263157894736842
chr12	-71	2	580.0	0.3448275862068966
chr12	-70	2	592.0	0.33783783783783783
chr12	-69	1	601.0	0.16638935108153077
chr12	-68	8	611.0	1.309328968903437
chr12	-67	0	621.0	0.0
chr12	-66	1	629.0	0.1589825119236884
chr12	-65	0	638.0	0.0
chr12	-64	1	647.0	0.1545595054095827
chr12	-63	1	660.0	0.15151515151515152
chr12	-62	1	671.0	0.14903129657228018
chr12	-61	1	676.0	0.14792899408284024
chr12	-60	2	686.0	0.2915451895043732
chr12	-59	2	692.0	0.2890173410404624
chr12	-58	0	704.0	0.0
chr12	-57	1	721.0	0.13869625520110956
chr12	-56	1	734.0	0.13623978201634876
chr12	-55	1	743.0	0.13458950201884254
chr12	-54	6	752.0	0.7978723404255319
chr12	-53	1	759.0	0.13175230566534915
chr12	-52	2	771.0	0.25940337224383914
chr12	-51	1	766.0	0.13054830287206268
chr12	-50	0	778.0	0.0
chr12	-49	1	791.0	0.12642225031605564
chr12	-48	1	800.0	0.125
chr12	-47	2	813.0	0.24600246002460024
chr12	-46	1	828.0	0.12077294685990338
chr12	-45	0	841.0	0.0
chr12	-44	1	858.0	0.11655011655011654
chr12	-43	0	873.0	0.0
chr12	-42	6	882.0	0.6802721088435374
chr12	-41	5	888.0	0.5630630630630631
chr12	-40	0	897.0	0.0
chr12	-39	0	912.0	0.0
chr12	-38	2	919.0	0.2176278563656148
chr12	-37	4	928.0	0.43103448275862066
chr12	-36	0	936.0	0.0
chr12	-35	4	943.0	0.4241781548250266
chr12	-34	2	957.0	0.20898641588296762
chr12	-33	6	961.0	0.6243496357960457
chr12	-32	0	970.0	0.0
chr12	-31	0	979.0	0.0
chr12	-30	2	986.0	0.2028397565922921
chr12	-29	3	996.0	0.30120481927710846
chr12	-28	1	1005.0	0.09950248756218905
chr12	-27	0	1013.0	0.0
chr12	-26	5	1024.0	0.48828125
chr12	-25	2	1032.0	0.1937984496124031
chr12	-24	0	1050.0	0.0
chr12	-23	2	1064.0	0.18796992481203006
chr12	-22	7	1074.0	0.6517690875232774
chr12	-21	5	1085.0	0.4608294930875576
chr12	-20	4	1085.0	0.3686635944700461
chr12	-19	5	1093.0	0.4574565416285453
chr12	-18	0	1101.0	0.0
chr12	-17	14	1105.0	1.2669683257918551
chr12	-16	0	1113.0	0.0
chr12	-15	2	1115.0	0.17937219730941703
chr12	-14	3	1128.0	0.26595744680851063
chr12	-13	2	1137.0	0.1759014951627089
chr12	-12	10	1145.0	0.8733624454148471
chr12	-11	2	1148.0	0.17421602787456447
chr12	-10	10	1157.0	0.864304235090752
chr12	-9	4	1158.0	0.3454231433506045
chr12	-8	3	1159.0	0.2588438308886971
chr12	-7	2	1158.0	0.17271157167530224
chr12	-6	2	1158.0	0.17271157167530224
chr12	-5	1	1157.0	0.08643042350907519
chr12	-4	4	1157.0	0.34572169403630076
chr12	-3	10	1151.0	0.8688097306689836
chr12	-2	16	1142.0	1.4010507880910683
chr12	-1	45	1116.0	4.032258064516129
chr12	0	58	924.0	6.277056277056277
chr12	1	8	964.0	0.8298755186721992
chr12	2	16	955.0	1.6753926701570683
chr12	3	19	961.0	1.9771071800208115
chr12	4	9	959.0	0.9384775808133473
chr12	5	22	949.0	2.3182297154899896
chr12	6	18	932.0	1.9313304721030045
chr12	7	16	925.0	1.7297297297297298
chr12	8	20	913.0	2.190580503833516
chr12	9	16	904.0	1.7699115044247788
chr12	10	13	886.0	1.4672686230248306
chr12	11	16	874.0	1.8306636155606408
chr12	12	17	868.0	1.9585253456221197
chr12	13	14	856.0	1.6355140186915886
chr12	14	14	843.0	1.6607354685646498
chr12	15	17	834.0	2.038369304556355
chr12	16	28	822.0	3.40632603406326
chr12	17	16	818.0	1.9559902200488997
chr12	18	23	806.0	2.8535980148883375
chr12	19	16	796.0	2.0100502512562812
chr12	20	15	781.0	1.9206145966709345
chr12	21	16	777.0	2.0592020592020592
chr12	22	19	767.0	2.4771838331160363
chr12	23	14	758.0	1.8469656992084433
chr12	24	21	754.0	2.7851458885941645
chr12	25	9	746.0	1.2064343163538873
chr12	26	9	737.0	1.2211668928086838
chr12	27	7	729.0	0.9602194787379973
chr12	28	13	720.0	1.8055555555555554
chr12	29	19	710.0	2.676056338028169
chr12	30	10	699.0	1.4306151645207439
chr12	31	14	691.0	2.0260492040520983
chr12	32	22	686.0	3.206997084548105
chr12	33	12	676.0	1.7751479289940828
chr12	34	21	667.0	3.1484257871064467
chr12	35	14	658.0	2.127659574468085
chr12	36	20	645.0	3.10077519379845
chr12	37	14	636.0	2.20125786163522
chr12	38	18	628.0	2.8662420382165608
chr12	39	13	622.0	2.090032154340836
chr12	40	11	618.0	1.779935275080906
chr12	41	17	612.0	2.7777777777777777
chr12	42	10	601.0	1.6638935108153077
chr12	43	9	592.0	1.5202702702702704
chr12	44	15	584.0	2.5684931506849313
chr12	45	14	573.0	2.4432809773123907
chr12	46	10	568.0	1.7605633802816902
chr12	47	18	556.0	3.237410071942446
chr12	48	7	552.0	1.2681159420289856
chr12	49	14	535.0	2.6168224299065423
chr12	50	8	525.0	1.5238095238095237
chr12	51	7	522.0	1.3409961685823755
chr12	52	10	510.0	1.9607843137254901
chr12	53	14	497.0	2.8169014084507045
chr12	54	8	494.0	1.6194331983805668
chr12	55	9	486.0	1.8518518518518516
chr12	56	12	481.0	2.494802494802495
chr12	57	13	470.0	2.7659574468085104
chr12	58	7	463.0	1.511879049676026
chr12	59	14	453.0	3.090507726269316
chr12	60	6	443.0	1.3544018058690745
chr12	61	7	438.0	1.5981735159817352
chr12	62	7	428.0	1.6355140186915886
chr12	63	10	420.0	2.380952380952381
chr12	64	8	410.0	1.951219512195122
chr12	65	9	406.0	2.2167487684729066
chr12	66	4	401.0	0.997506234413965
chr12	67	14	390.0	3.5897435897435894
chr12	68	10	386.0	2.5906735751295336
chr12	69	5	373.0	1.3404825737265416
chr12	70	12	364.0	3.296703296703297
chr12	71	3	355.0	0.8450704225352111
chr12	72	13	345.0	3.768115942028986
chr12	73	9	338.0	2.6627218934911245
chr12	74	10	333.0	3.003003003003003
chr12	75	7	324.0	2.1604938271604937
chr12	76	10	316.0	3.1645569620253164
chr12	77	8	308.0	2.5974025974025974
chr12	78	4	293.0	1.3651877133105803
chr12	79	4	288.0	1.3888888888888888
chr12	80	5	276.0	1.8115942028985508
chr12	81	5	267.0	1.8726591760299627
chr12	82	2	256.0	0.78125
chr12	83	2	245.0	0.8163265306122449
chr12	84	3	235.0	1.276595744680851
chr12	85	7	224.0	3.125
chr12	86	6	217.0	2.7649769585253456
chr12	87	3	208.0	1.4423076923076923
chr12	88	2	200.0	1.0
chr12	89	0	193.0	0.0
chr12	90	5	186.0	2.6881720430107525
chr12	91	2	179.0	1.1173184357541899
chr12	92	6	173.0	3.4682080924855487
chr12	93	4	165.0	2.4242424242424243
chr12	94	3	156.0	1.9230769230769231
chr12	95	1	152.0	0.6578947368421052
chr12	96	5	142.0	3.5211267605633805
chr12	97	4	135.0	2.9629629629629632
chr12	98	3	129.0	2.3255813953488373
chr12	99	4	124.0	3.225806451612903
chr12	100	2	116.0	1.7241379310344827
chr12	101	1	108.0	0.9259259259259258
chr12	102	3	101.0	2.9702970297029703
chr12	103	4	87.0	4.597701149425287
chr12	104	1	79.0	1.2658227848101267
chr12	105	2	71.0	2.8169014084507045
chr12	106	0	65.0	0.0
chr12	107	1	60.0	1.6666666666666667
chr12	108	0	54.0	0.0
chr12	109	2	50.0	4.0
chr12	110	1	44.0	2.272727272727273
chr12	111	0	35.0	0.0
chr12	112	0	31.0	0.0
chr12	113	0	16.0	0.0
chr12	114	0	14.0	0.0
chr12	115	0	11.0	0.0
chr12	116	0	6.0	0.0
chr12	117	0	0.0	nan
chr12	118	0	0.0	nan
chr12	119	0	0.0	nan
chr12	120	0	0.0	nan
chr12	121	0	0.0	nan
chr12	122	0	0.0	nan
chr12	123	0	0.0	nan
chr12	124	0	0.0	nan
chr12	125	0	0.0	nan
chr12	126	0	0.0	nan
chr12	127	0	0.0	nan
chr12	128	0	0.0	nan
chr12	129	0	0.0	nan
chr12	130	0	0.0	nan
chr12	131	0	0.0	nan
chr13	-131	0	1.0	0.0
chr13	-130	0	1.0	0.0
chr13	-129	0	1.0	0.0
chr13	-128	0	3.0	0.0
chr13	-127	0	4.0	0.0
chr13	-126	0	5.0	0.0
chr13	-125	1	8.0	12.5
chr13	-124	0	11.0	0.0
chr13	-123	0	11.0	0.0
chr13	-122	0	13.0	0.0
chr13	-121	0	17.0	0.0
chr13	-120	0	23.0	0.0
chr13	-119	0	25.0	0.0
chr13	-118	0	28.0	0.0
chr13	-117	0	32.0	0.0
chr13	-116	0	32.0	0.0
chr13	-115	0	37.0	0.0
chr13	-114	0	38.0	0.0
chr13	-113	0	42.0	0.0
chr13	-112	0	44.0	0.0
chr13	-111	0	47.0	0.0
chr13	-110	0	49.0	0.0
chr13	-109	0	56.0	0.0
chr13	-108	0	62.0	0.0
chr13	-107	0	63.0	0.0
chr13	-106	0	64.0	0.0
chr13	-105	0	65.0	0.0
chr13	-104	0	69.0	0.0
chr13	-103	0	72.0	0.0
chr13	-102	0	77.0	0.0
chr13	-101	0	82.0	0.0
chr13	-100	0	85.0	0.0
chr13	-99	0	88.0	0.0
chr13	-98	1	92.0	1.0869565217391304
chr13	-97	0	96.0	0.0
chr13	-96	0	101.0	0.0
chr13	-95	0	106.0	0.0
chr13	-94	0	108.0	0.0
chr13	-93	0	113.0	0.0
chr13	-92	0	120.0	0.0
chr13	-91	0	122.0	0.0
chr13	-90	0	124.0	0.0
chr13	-89	0	128.0	0.0
chr13	-88	0	128.0	0.0
chr13	-87	0	129.0	0.0
chr13	-86	0	134.0	0.0
chr13	-85	2	136.0	1.4705882352941175
chr13	-84	1	141.0	0.7092198581560284
chr13	-83	0	144.0	0.0
chr13	-82	0	150.0	0.0
chr13	-81	0	153.0	0.0
chr13	-80	0	159.0	0.0
chr13	-79	0	168.0	0.0
chr13	-78	0	170.0	0.0
chr13	-77	1	171.0	0.5847953216374269
chr13	-76	0	177.0	0.0
chr13	-75	0	180.0	0.0
chr13	-74	0	181.0	0.0
chr13	-73	0	185.0	0.0
chr13	-72	0	187.0	0.0
chr13	-71	0	193.0	0.0
chr13	-70	0	198.0	0.0
chr13	-69	0	201.0	0.0
chr13	-68	0	204.0	0.0
chr13	-67	0	208.0	0.0
chr13	-66	0	212.0	0.0
chr13	-65	0	213.0	0.0
chr13	-64	0	216.0	0.0
chr13	-63	1	218.0	0.45871559633027525
chr13	-62	0	221.0	0.0
chr13	-61	1	226.0	0.4424778761061947
chr13	-60	0	230.0	0.0
chr13	-59	0	235.0	0.0
chr13	-58	0	238.0	0.0
chr13	-57	0	240.0	0.0
chr13	-56	0	244.0	0.0
chr13	-55	0	249.0	0.0
chr13	-54	2	249.0	0.8032128514056224
chr13	-53	0	252.0	0.0
chr13	-52	1	258.0	0.3875968992248062
chr13	-51	2	263.0	0.7604562737642585
chr13	-50	0	269.0	0.0
chr13	-49	0	272.0	0.0
chr13	-48	4	276.0	1.4492753623188406
chr13	-47	2	281.0	0.7117437722419928
chr13	-46	0	284.0	0.0
chr13	-45	0	289.0	0.0
chr13	-44	0	290.0	0.0
chr13	-43	1	291.0	0.3436426116838488
chr13	-42	0	294.0	0.0
chr13	-41	0	298.0	0.0
chr13	-40	0	303.0	0.0
chr13	-39	2	303.0	0.6600660066006601
chr13	-38	1	311.0	0.3215434083601286
chr13	-37	3	315.0	0.9523809523809524
chr13	-36	0	317.0	0.0
chr13	-35	1	318.0	0.3144654088050315
chr13	-34	0	322.0	0.0
chr13	-33	0	323.0	0.0
chr13	-32	0	327.0	0.0
chr13	-31	0	332.0	0.0
chr13	-30	2	334.0	0.5988023952095809
chr13	-29	1	339.0	0.2949852507374631
chr13	-28	0	342.0	0.0
chr13	-27	1	345.0	0.2898550724637681
chr13	-26	2	351.0	0.5698005698005698
chr13	-25	0	358.0	0.0
chr13	-24	0	360.0	0.0
chr13	-23	2	361.0	0.554016620498615
chr13	-22	0	365.0	0.0
chr13	-21	0	368.0	0.0
chr13	-20	0	370.0	0.0
chr13	-19	0	372.0	0.0
chr13	-18	1	374.0	0.267379679144385
chr13	-17	0	376.0	0.0
chr13	-16	0	377.0	0.0
chr13	-15	0	385.0	0.0
chr13	-14	1	389.0	0.2570694087403599
chr13	-13	6	392.0	1.530612244897959
chr13	-12	1	395.0	0.25316455696202533
chr13	-11	1	399.0	0.2506265664160401
chr13	-10	0	399.0	0.0
chr13	-9	2	399.0	0.5012531328320802
chr13	-8	2	399.0	0.5012531328320802
chr13	-7	0	399.0	0.0
chr13	-6	3	399.0	0.7518796992481203
chr13	-5	0	399.0	0.0
chr13	-4	5	399.0	1.2531328320802004
chr13	-3	3	399.0	0.7518796992481203
chr13	-2	7	395.0	1.7721518987341773
chr13	-1	9	385.0	2.3376623376623376
chr13	0	36	332.0	10.843373493975903
chr13	1	3	339.0	0.8849557522123894
chr13	2	14	338.0	4.142011834319527
chr13	3	12	339.0	3.5398230088495577
chr13	4	8	336.0	2.380952380952381
chr13	5	10	334.0	2.9940119760479043
chr13	6	13	328.0	3.9634146341463414
chr13	7	11	321.0	3.4267912772585665
chr13	8	13	320.0	4.0625
chr13	9	3	320.0	0.9375
chr13	10	6	319.0	1.8808777429467085
chr13	11	6	316.0	1.89873417721519
chr13	12	10	309.0	3.2362459546925564
chr13	13	9	306.0	2.941176470588235
chr13	14	4	303.0	1.3201320132013201
chr13	15	7	303.0	2.31023102310231
chr13	16	7	302.0	2.3178807947019866
chr13	17	9	299.0	3.0100334448160537
chr13	18	9	296.0	3.040540540540541
chr13	19	15	291.0	5.154639175257731
chr13	20	1	290.0	0.3448275862068966
chr13	21	3	290.0	1.0344827586206897
chr13	22	6	288.0	2.083333333333333
chr13	23	10	286.0	3.4965034965034967
chr13	24	10	282.0	3.546099290780142
chr13	25	3	276.0	1.0869565217391304
chr13	26	1	271.0	0.36900369003690037
chr13	27	3	270.0	1.1111111111111112
chr13	28	7	268.0	2.6119402985074625
chr13	29	5	262.0	1.9083969465648856
chr13	30	5	259.0	1.9305019305019304
chr13	31	3	255.0	1.1764705882352942
chr13	32	4	254.0	1.574803149606299
chr13	33	8	250.0	3.2
chr13	34	5	246.0	2.0325203252032518
chr13	35	2	243.0	0.823045267489712
chr13	36	1	242.0	0.4132231404958678
chr13	37	12	239.0	5.02092050209205
chr13	38	2	236.0	0.847457627118644
chr13	39	4	233.0	1.7167381974248928
chr13	40	4	229.0	1.7467248908296942
chr13	41	2	227.0	0.881057268722467
chr13	42	10	223.0	4.484304932735426
chr13	43	10	218.0	4.587155963302752
chr13	44	1	215.0	0.46511627906976744
chr13	45	4	211.0	1.8957345971563981
chr13	46	2	208.0	0.9615384615384616
chr13	47	2	201.0	0.9950248756218906
chr13	48	3	194.0	1.5463917525773196
chr13	49	5	190.0	2.631578947368421
chr13	50	5	190.0	2.631578947368421
chr13	51	7	185.0	3.783783783783784
chr13	52	1	184.0	0.5434782608695652
chr13	53	4	181.0	2.209944751381215
chr13	54	0	177.0	0.0
chr13	55	4	174.0	2.2988505747126435
chr13	56	2	170.0	1.1764705882352942
chr13	57	4	167.0	2.3952095808383236
chr13	58	4	165.0	2.4242424242424243
chr13	59	7	163.0	4.294478527607362
chr13	60	1	160.0	0.625
chr13	61	2	155.0	1.2903225806451613
chr13	62	4	155.0	2.5806451612903225
chr13	63	4	154.0	2.5974025974025974
chr13	64	5	152.0	3.289473684210526
chr13	65	6	147.0	4.081632653061225
chr13	66	1	142.0	0.7042253521126761
chr13	67	4	140.0	2.857142857142857
chr13	68	1	134.0	0.7462686567164178
chr13	69	1	131.0	0.7633587786259541
chr13	70	9	127.0	7.086614173228346
chr13	71	3	124.0	2.4193548387096775
chr13	72	6	122.0	4.918032786885246
chr13	73	4	120.0	3.3333333333333335
chr13	74	1	118.0	0.847457627118644
chr13	75	3	115.0	2.608695652173913
chr13	76	3	111.0	2.7027027027027026
chr13	77	2	108.0	1.8518518518518516
chr13	78	5	104.0	4.807692307692308
chr13	79	2	101.0	1.9801980198019802
chr13	80	0	98.0	0.0
chr13	81	2	94.0	2.127659574468085
chr13	82	1	91.0	1.098901098901099
chr13	83	2	89.0	2.247191011235955
chr13	84	2	86.0	2.3255813953488373
chr13	85	2	82.0	2.4390243902439024
chr13	86	0	80.0	0.0
chr13	87	3	75.0	4.0
chr13	88	2	73.0	2.73972602739726
chr13	89	5	70.0	7.142857142857142
chr13	90	3	68.0	4.411764705882353
chr13	91	2	65.0	3.076923076923077
chr13	92	0	64.0	0.0
chr13	93	1	60.0	1.6666666666666667
chr13	94	0	57.0	0.0
chr13	95	4	56.0	7.142857142857142
chr13	96	0	56.0	0.0
chr13	97	1	54.0	1.8518518518518516
chr13	98	4	48.0	8.333333333333332
chr13	99	0	46.0	0.0
chr13	100	0	44.0	0.0
chr13	101	2	37.0	5.405405405405405
chr13	102	0	34.0	0.0
chr13	103	1	31.0	3.225806451612903
chr13	104	0	29.0	0.0
chr13	105	1	28.0	3.571428571428571
chr13	106	0	26.0	0.0
chr13	107	1	24.0	4.166666666666666
chr13	108	1	21.0	4.761904761904762
chr13	109	0	19.0	0.0
chr13	110	0	17.0	0.0
chr13	111	0	12.0	0.0
chr13	112	2	10.0	20.0
chr13	113	0	6.0	0.0
chr13	114	1	4.0	25.0
chr13	115	0	2.0	0.0
chr13	116	0	0.0	nan
chr13	117	0	0.0	nan
chr13	118	0	0.0	nan
chr13	119	0	0.0	nan
chr13	120	0	0.0	nan
chr13	121	0	0.0	nan
chr13	122	0	0.0	nan
chr13	123	0	0.0	nan
chr13	124	0	0.0	nan
chr13	125	0	0.0	nan
chr13	126	0	0.0	nan
chr13	127	0	0.0	nan
chr13	128	0	0.0	nan
chr13	129	0	0.0	nan
chr14	-130	0	1.0	0.0
chr14	-129	0	2.0	0.0
chr14	-128	0	4.0	0.0
chr14	-127	0	6.0	0.0
chr14	-126	0	12.0	0.0
chr14	-125	0	14.0	0.0
chr14	-124	0	17.0	0.0
chr14	-123	0	20.0	0.0
chr14	-122	0	21.0	0.0
chr14	-121	0	24.0	0.0
chr14	-120	0	26.0	0.0
chr14	-119	0	29.0	0.0
chr14	-118	0	31.0	0.0
chr14	-117	0	33.0	0.0
chr14	-116	0	36.0	0.0
chr14	-115	0	40.0	0.0
chr14	-114	0	40.0	0.0
chr14	-113	0	43.0	0.0
chr14	-112	0	45.0	0.0
chr14	-111	0	48.0	0.0
chr14	-110	0	50.0	0.0
chr14	-109	0	53.0	0.0
chr14	-108	0	56.0	0.0
chr14	-107	0	60.0	0.0
chr14	-106	0	62.0	0.0
chr14	-105	0	66.0	0.0
chr14	-104	0	70.0	0.0
chr14	-103	0	71.0	0.0
chr14	-102	0	74.0	0.0
chr14	-101	0	75.0	0.0
chr14	-100	0	78.0	0.0
chr14	-99	0	81.0	0.0
chr14	-98	0	84.0	0.0
chr14	-97	0	84.0	0.0
chr14	-96	0	85.0	0.0
chr14	-95	0	85.0	0.0
chr14	-94	0	87.0	0.0
chr14	-93	0	90.0	0.0
chr14	-92	0	93.0	0.0
chr14	-91	0	96.0	0.0
chr14	-90	0	99.0	0.0
chr14	-89	0	102.0	0.0
chr14	-88	0	106.0	0.0
chr14	-87	0	113.0	0.0
chr14	-86	0	115.0	0.0
chr14	-85	0	119.0	0.0
chr14	-84	2	121.0	1.6528925619834711
chr14	-83	0	124.0	0.0
chr14	-82	0	127.0	0.0
chr14	-81	0	132.0	0.0
chr14	-80	0	134.0	0.0
chr14	-79	0	135.0	0.0
chr14	-78	1	136.0	0.7352941176470588
chr14	-77	0	138.0	0.0
chr14	-76	0	142.0	0.0
chr14	-75	0	143.0	0.0
chr14	-74	1	147.0	0.6802721088435374
chr14	-73	0	151.0	0.0
chr14	-72	0	159.0	0.0
chr14	-71	0	162.0	0.0
chr14	-70	1	166.0	0.6024096385542169
chr14	-69	0	168.0	0.0
chr14	-68	0	172.0	0.0
chr14	-67	0	175.0	0.0
chr14	-66	0	178.0	0.0
chr14	-65	0	179.0	0.0
chr14	-64	0	180.0	0.0
chr14	-63	0	182.0	0.0
chr14	-62	0	185.0	0.0
chr14	-61	0	191.0	0.0
chr14	-60	1	193.0	0.5181347150259068
chr14	-59	0	197.0	0.0
chr14	-58	0	198.0	0.0
chr14	-57	0	200.0	0.0
chr14	-56	0	204.0	0.0
chr14	-55	0	210.0	0.0
chr14	-54	1	213.0	0.4694835680751174
chr14	-53	0	213.0	0.0
chr14	-52	0	216.0	0.0
chr14	-51	0	217.0	0.0
chr14	-50	0	218.0	0.0
chr14	-49	1	222.0	0.45045045045045046
chr14	-48	0	226.0	0.0
chr14	-47	0	231.0	0.0
chr14	-46	0	232.0	0.0
chr14	-45	0	233.0	0.0
chr14	-44	1	239.0	0.41841004184100417
chr14	-43	0	241.0	0.0
chr14	-42	0	242.0	0.0
chr14	-41	1	244.0	0.4098360655737705
chr14	-40	0	247.0	0.0
chr14	-39	2	251.0	0.796812749003984
chr14	-38	0	254.0	0.0
chr14	-37	1	257.0	0.38910505836575876
chr14	-36	0	263.0	0.0
chr14	-35	0	266.0	0.0
chr14	-34	0	266.0	0.0
chr14	-33	2	265.0	0.7547169811320755
chr14	-32	0	271.0	0.0
chr14	-31	0	276.0	0.0
chr14	-30	0	277.0	0.0
chr14	-29	1	280.0	0.35714285714285715
chr14	-28	2	286.0	0.6993006993006993
chr14	-27	0	289.0	0.0
chr14	-26	0	290.0	0.0
chr14	-25	1	292.0	0.3424657534246575
chr14	-24	0	296.0	0.0
chr14	-23	1	299.0	0.33444816053511706
chr14	-22	1	301.0	0.33222591362126247
chr14	-21	0	304.0	0.0
chr14	-20	2	308.0	0.6493506493506493
chr14	-19	1	308.0	0.3246753246753247
chr14	-18	0	309.0	0.0
chr14	-17	0	313.0	0.0
chr14	-16	1	314.0	0.3184713375796179
chr14	-15	1	316.0	0.31645569620253167
chr14	-14	0	319.0	0.0
chr14	-13	1	321.0	0.3115264797507788
chr14	-12	3	326.0	0.9202453987730062
chr14	-11	0	327.0	0.0
chr14	-10	0	328.0	0.0
chr14	-9	0	328.0	0.0
chr14	-8	3	328.0	0.9146341463414633
chr14	-7	2	328.0	0.6097560975609756
chr14	-6	4	328.0	1.2195121951219512
chr14	-5	0	328.0	0.0
chr14	-4	3	328.0	0.9146341463414633
chr14	-3	0	328.0	0.0
chr14	-2	2	328.0	0.6097560975609756
chr14	-1	14	326.0	4.294478527607362
chr14	0	10	265.0	3.7735849056603774
chr14	1	1	271.0	0.36900369003690037
chr14	2	3	271.0	1.107011070110701
chr14	3	8	268.0	2.9850746268656714
chr14	4	7	266.0	2.631578947368421
chr14	5	5	264.0	1.893939393939394
chr14	6	5	258.0	1.937984496124031
chr14	7	6	257.0	2.3346303501945527
chr14	8	0	256.0	0.0
chr14	9	6	253.0	2.371541501976284
chr14	10	3	251.0	1.1952191235059761
chr14	11	3	250.0	1.2
chr14	12	1	243.0	0.411522633744856
chr14	13	4	241.0	1.6597510373443984
chr14	14	3	239.0	1.2552301255230125
chr14	15	2	236.0	0.847457627118644
chr14	16	3	234.0	1.282051282051282
chr14	17	2	234.0	0.8547008547008548
chr14	18	5	230.0	2.1739130434782608
chr14	19	5	228.0	2.1929824561403506
chr14	20	3	224.0	1.3392857142857142
chr14	21	1	222.0	0.45045045045045046
chr14	22	4	219.0	1.82648401826484
chr14	23	0	216.0	0.0
chr14	24	8	214.0	3.7383177570093453
chr14	25	3	211.0	1.4218009478672986
chr14	26	1	210.0	0.4761904761904762
chr14	27	3	209.0	1.4354066985645932
chr14	28	3	208.0	1.4423076923076923
chr14	29	7	204.0	3.431372549019608
chr14	30	4	202.0	1.9801980198019802
chr14	31	3	202.0	1.4851485148514851
chr14	32	5	202.0	2.4752475247524752
chr14	33	2	199.0	1.0050251256281406
chr14	34	1	195.0	0.5128205128205128
chr14	35	2	190.0	1.0526315789473684
chr14	36	2	186.0	1.0752688172043012
chr14	37	2	185.0	1.0810810810810811
chr14	38	1	183.0	0.546448087431694
chr14	39	2	180.0	1.1111111111111112
chr14	40	1	176.0	0.5681818181818182
chr14	41	3	175.0	1.7142857142857144
chr14	42	1	172.0	0.5813953488372093
chr14	43	3	171.0	1.7543859649122806
chr14	44	1	170.0	0.5882352941176471
chr14	45	4	165.0	2.4242424242424243
chr14	46	0	161.0	0.0
chr14	47	1	159.0	0.628930817610063
chr14	48	4	158.0	2.5316455696202533
chr14	49	7	157.0	4.45859872611465
chr14	50	0	155.0	0.0
chr14	51	4	153.0	2.6143790849673203
chr14	52	1	152.0	0.6578947368421052
chr14	53	4	149.0	2.684563758389262
chr14	54	0	146.0	0.0
chr14	55	4	143.0	2.797202797202797
chr14	56	0	140.0	0.0
chr14	57	0	137.0	0.0
chr14	58	0	134.0	0.0
chr14	59	3	133.0	2.2556390977443606
chr14	60	2	129.0	1.550387596899225
chr14	61	2	129.0	1.550387596899225
chr14	62	2	129.0	1.550387596899225
chr14	63	3	127.0	2.3622047244094486
chr14	64	1	125.0	0.8
chr14	65	1	121.0	0.8264462809917356
chr14	66	0	120.0	0.0
chr14	67	0	118.0	0.0
chr14	68	3	115.0	2.608695652173913
chr14	69	2	110.0	1.8181818181818181
chr14	70	1	107.0	0.9345794392523363
chr14	71	4	106.0	3.7735849056603774
chr14	72	1	105.0	0.9523809523809524
chr14	73	1	104.0	0.9615384615384616
chr14	74	0	101.0	0.0
chr14	75	2	99.0	2.0202020202020203
chr14	76	0	99.0	0.0
chr14	77	1	96.0	1.0416666666666665
chr14	78	0	96.0	0.0
chr14	79	2	86.0	2.3255813953488373
chr14	80	1	85.0	1.1764705882352942
chr14	81	2	84.0	2.380952380952381
chr14	82	2	78.0	2.564102564102564
chr14	83	3	76.0	3.9473684210526314
chr14	84	1	74.0	1.3513513513513513
chr14	85	1	73.0	1.36986301369863
chr14	86	0	71.0	0.0
chr14	87	2	69.0	2.898550724637681
chr14	88	0	63.0	0.0
chr14	89	0	62.0	0.0
chr14	90	3	61.0	4.918032786885246
chr14	91	2	57.0	3.508771929824561
chr14	92	2	56.0	3.571428571428571
chr14	93	1	54.0	1.8518518518518516
chr14	94	1	51.0	1.9607843137254901
chr14	95	0	47.0	0.0
chr14	96	0	45.0	0.0
chr14	97	0	44.0	0.0
chr14	98	1	41.0	2.4390243902439024
chr14	99	0	35.0	0.0
chr14	100	0	33.0	0.0
chr14	101	0	29.0	0.0
chr14	102	0	29.0	0.0
chr14	103	1	24.0	4.166666666666666
chr14	104	0	23.0	0.0
chr14	105	0	22.0	0.0
chr14	106	0	21.0	0.0
chr14	107	0	18.0	0.0
chr14	108	0	18.0	0.0
chr14	109	0	15.0	0.0
chr14	110	0	12.0	0.0
chr14	111	0	11.0	0.0
chr14	112	0	9.0	0.0
chr14	113	0	6.0	0.0
chr14	114	0	3.0	0.0
chr14	115	0	0.0	nan
chr14	116	0	0.0	nan
chr14	117	0	0.0	nan
chr14	118	0	0.0	nan
chr14	119	0	0.0	nan
chr14	120	0	0.0	nan
chr14	121	0	0.0	nan
chr14	122	0	0.0	nan
chr14	123	0	0.0	nan
chr14	124	0	0.0	nan
chr14	125	0	0.0	nan
chr14	126	0	0.0	nan
chr14	127	0	0.0	nan
chr14	128	0	0.0	nan
chr14	129	0	0.0	nan
chr14	130	0	0.0	nan
chr15	-129	0	1.0	0.0
chr15	-128	0	5.0	0.0
chr15	-127	0	8.0	0.0
chr15	-126	0	11.0	0.0
chr15	-125	0	19.0	0.0
chr15	-124	0	25.0	0.0
chr15	-123	0	32.0	0.0
chr15	-122	0	36.0	0.0
chr15	-121	0	42.0	0.0
chr15	-120	0	49.0	0.0
chr15	-119	0	55.0	0.0
chr15	-118	0	64.0	0.0
chr15	-117	0	77.0	0.0
chr15	-116	1	82.0	1.2195121951219512
chr15	-115	1	86.0	1.1627906976744187
chr15	-114	0	93.0	0.0
chr15	-113	0	101.0	0.0
chr15	-112	0	103.0	0.0
chr15	-111	0	110.0	0.0
chr15	-110	0	114.0	0.0
chr15	-109	0	124.0	0.0
chr15	-108	0	135.0	0.0
chr15	-107	0	141.0	0.0
chr15	-106	0	143.0	0.0
chr15	-105	0	151.0	0.0
chr15	-104	0	158.0	0.0
chr15	-103	0	163.0	0.0
chr15	-102	0	170.0	0.0
chr15	-101	0	180.0	0.0
chr15	-100	0	185.0	0.0
chr15	-99	0	191.0	0.0
chr15	-98	0	199.0	0.0
chr15	-97	0	208.0	0.0
chr15	-96	0	217.0	0.0
chr15	-95	0	226.0	0.0
chr15	-94	0	232.0	0.0
chr15	-93	0	240.0	0.0
chr15	-92	1	243.0	0.411522633744856
chr15	-91	0	250.0	0.0
chr15	-90	0	254.0	0.0
chr15	-89	0	269.0	0.0
chr15	-88	0	271.0	0.0
chr15	-87	0	286.0	0.0
chr15	-86	0	291.0	0.0
chr15	-85	2	295.0	0.6779661016949152
chr15	-84	1	303.0	0.33003300330033003
chr15	-83	0	307.0	0.0
chr15	-82	0	319.0	0.0
chr15	-81	0	321.0	0.0
chr15	-80	0	324.0	0.0
chr15	-79	0	334.0	0.0
chr15	-78	1	340.0	0.29411764705882354
chr15	-77	0	345.0	0.0
chr15	-76	1	347.0	0.2881844380403458
chr15	-75	0	351.0	0.0
chr15	-74	0	358.0	0.0
chr15	-73	1	362.0	0.2762430939226519
chr15	-72	0	369.0	0.0
chr15	-71	0	381.0	0.0
chr15	-70	1	385.0	0.2597402597402597
chr15	-69	0	391.0	0.0
chr15	-68	0	393.0	0.0
chr15	-67	2	399.0	0.5012531328320802
chr15	-66	0	406.0	0.0
chr15	-65	1	414.0	0.24154589371980675
chr15	-64	0	419.0	0.0
chr15	-63	0	427.0	0.0
chr15	-62	1	434.0	0.2304147465437788
chr15	-61	1	441.0	0.22675736961451248
chr15	-60	1	444.0	0.22522522522522523
chr15	-59	0	452.0	0.0
chr15	-58	2	462.0	0.4329004329004329
chr15	-57	1	468.0	0.2136752136752137
chr15	-56	0	473.0	0.0
chr15	-55	0	481.0	0.0
chr15	-54	0	489.0	0.0
chr15	-53	3	496.0	0.6048387096774194
chr15	-52	1	503.0	0.19880715705765406
chr15	-51	0	509.0	0.0
chr15	-50	1	515.0	0.1941747572815534
chr15	-49	0	525.0	0.0
chr15	-48	2	532.0	0.37593984962406013
chr15	-47	0	538.0	0.0
chr15	-46	2	544.0	0.3676470588235294
chr15	-45	1	554.0	0.18050541516245489
chr15	-44	1	561.0	0.17825311942959002
chr15	-43	1	568.0	0.17605633802816903
chr15	-42	0	578.0	0.0
chr15	-41	4	589.0	0.6791171477079796
chr15	-40	0	594.0	0.0
chr15	-39	1	600.0	0.16666666666666669
chr15	-38	2	606.0	0.33003300330033003
chr15	-37	2	610.0	0.32786885245901637
chr15	-36	0	619.0	0.0
chr15	-35	2	626.0	0.3194888178913738
chr15	-34	3	634.0	0.47318611987381703
chr15	-33	1	646.0	0.15479876160990713
chr15	-32	1	650.0	0.15384615384615385
chr15	-31	4	658.0	0.60790273556231
chr15	-30	0	663.0	0.0
chr15	-29	3	667.0	0.4497751124437781
chr15	-28	0	672.0	0.0
chr15	-27	2	681.0	0.2936857562408223
chr15	-26	1	683.0	0.14641288433382138
chr15	-25	1	694.0	0.1440922190201729
chr15	-24	4	697.0	0.5738880918220948
chr15	-23	0	699.0	0.0
chr15	-22	1	705.0	0.14184397163120568
chr15	-21	3	710.0	0.42253521126760557
chr15	-20	0	712.0	0.0
chr15	-19	1	718.0	0.1392757660167131
chr15	-18	2	725.0	0.27586206896551724
chr15	-17	0	737.0	0.0
chr15	-16	0	749.0	0.0
chr15	-15	2	753.0	0.2656042496679947
chr15	-14	2	758.0	0.2638522427440633
chr15	-13	0	764.0	0.0
chr15	-12	2	770.0	0.2597402597402597
chr15	-11	2	775.0	0.25806451612903225
chr15	-10	3	780.0	0.38461538461538464
chr15	-9	3	780.0	0.38461538461538464
chr15	-8	1	779.0	0.12836970474967907
chr15	-7	4	780.0	0.5128205128205128
chr15	-6	6	775.0	0.7741935483870968
chr15	-5	6	774.0	0.7751937984496124
chr15	-4	8	774.0	1.03359173126615
chr15	-3	8	771.0	1.0376134889753565
chr15	-2	10	769.0	1.3003901170351104
chr15	-1	44	756.0	5.82010582010582
chr15	0	50	645.0	7.751937984496124
chr15	1	15	667.0	2.2488755622188905
chr15	2	6	666.0	0.9009009009009009
chr15	3	18	660.0	2.727272727272727
chr15	4	11	657.0	1.67427701674277
chr15	5	23	652.0	3.52760736196319
chr15	6	15	652.0	2.3006134969325154
chr15	7	7	640.0	1.09375
chr15	8	23	632.0	3.6392405063291138
chr15	9	19	625.0	3.04
chr15	10	11	613.0	1.794453507340946
chr15	11	17	609.0	2.7914614121510675
chr15	12	18	602.0	2.990033222591362
chr15	13	12	594.0	2.0202020202020203
chr15	14	5	589.0	0.8488964346349746
chr15	15	18	585.0	3.076923076923077
chr15	16	13	579.0	2.2452504317789295
chr15	17	12	571.0	2.1015761821366024
chr15	18	11	565.0	1.9469026548672566
chr15	19	14	559.0	2.5044722719141324
chr15	20	3	557.0	0.5385996409335727
chr15	21	5	553.0	0.9041591320072333
chr15	22	17	544.0	3.125
chr15	23	7	535.0	1.3084112149532712
chr15	24	9	533.0	1.6885553470919326
chr15	25	7	528.0	1.3257575757575757
chr15	26	12	519.0	2.312138728323699
chr15	27	16	515.0	3.1067961165048543
chr15	28	5	504.0	0.992063492063492
chr15	29	20	496.0	4.032258064516129
chr15	30	8	489.0	1.6359918200409
chr15	31	11	484.0	2.272727272727273
chr15	32	17	479.0	3.549060542797495
chr15	33	8	471.0	1.6985138004246285
chr15	34	14	465.0	3.010752688172043
chr15	35	9	459.0	1.9607843137254901
chr15	36	6	454.0	1.3215859030837005
chr15	37	5	445.0	1.1235955056179776
chr15	38	6	437.0	1.3729977116704806
chr15	39	12	430.0	2.7906976744186047
chr15	40	14	423.0	3.309692671394799
chr15	41	16	420.0	3.8095238095238098
chr15	42	10	414.0	2.4154589371980677
chr15	43	10	406.0	2.4630541871921183
chr15	44	15	401.0	3.7406483790523692
chr15	45	14	395.0	3.5443037974683547
chr15	46	11	390.0	2.8205128205128207
chr15	47	7	386.0	1.8134715025906734
chr15	48	5	380.0	1.3157894736842104
chr15	49	8	376.0	2.127659574468085
chr15	50	10	373.0	2.680965147453083
chr15	51	5	370.0	1.3513513513513513
chr15	52	14	363.0	3.8567493112947657
chr15	53	5	354.0	1.4124293785310735
chr15	54	8	348.0	2.2988505747126435
chr15	55	6	342.0	1.7543859649122806
chr15	56	5	336.0	1.488095238095238
chr15	57	4	333.0	1.2012012012012012
chr15	58	11	328.0	3.353658536585366
chr15	59	9	325.0	2.769230769230769
chr15	60	4	318.0	1.257861635220126
chr15	61	10	311.0	3.215434083601286
chr15	62	3	310.0	0.967741935483871
chr15	63	8	304.0	2.631578947368421
chr15	64	6	302.0	1.9867549668874174
chr15	65	7	297.0	2.356902356902357
chr15	66	7	292.0	2.3972602739726026
chr15	67	4	284.0	1.4084507042253522
chr15	68	3	278.0	1.079136690647482
chr15	69	5	272.0	1.8382352941176472
chr15	70	6	271.0	2.214022140221402
chr15	71	2	264.0	0.7575757575757576
chr15	72	4	258.0	1.550387596899225
chr15	73	5	252.0	1.984126984126984
chr15	74	3	244.0	1.2295081967213115
chr15	75	2	241.0	0.8298755186721992
chr15	76	8	235.0	3.404255319148936
chr15	77	7	227.0	3.0837004405286343
chr15	78	4	220.0	1.8181818181818181
chr15	79	7	214.0	3.2710280373831773
chr15	80	4	213.0	1.8779342723004695
chr15	81	4	205.0	1.951219512195122
chr15	82	3	199.0	1.507537688442211
chr15	83	4	191.0	2.094240837696335
chr15	84	4	182.0	2.197802197802198
chr15	85	3	172.0	1.744186046511628
chr15	86	3	167.0	1.7964071856287425
chr15	87	5	162.0	3.0864197530864197
chr15	88	0	157.0	0.0
chr15	89	4	151.0	2.6490066225165565
chr15	90	6	143.0	4.195804195804196
chr15	91	1	140.0	0.7142857142857143
chr15	92	2	135.0	1.4814814814814816
chr15	93	2	128.0	1.5625
chr15	94	1	116.0	0.8620689655172413
chr15	95	2	112.0	1.7857142857142856
chr15	96	0	104.0	0.0
chr15	97	1	99.0	1.0101010101010102
chr15	98	3	92.0	3.260869565217391
chr15	99	0	87.0	0.0
chr15	100	1	86.0	1.1627906976744187
chr15	101	2	84.0	2.380952380952381
chr15	102	1	75.0	1.3333333333333335
chr15	103	1	73.0	1.36986301369863
chr15	104	1	71.0	1.4084507042253522
chr15	105	1	65.0	1.5384615384615385
chr15	106	0	63.0	0.0
chr15	107	0	56.0	0.0
chr15	108	0	48.0	0.0
chr15	109	0	41.0	0.0
chr15	110	1	36.0	2.7777777777777777
chr15	111	1	30.0	3.3333333333333335
chr15	112	1	25.0	4.0
chr15	113	1	18.0	5.555555555555555
chr15	114	0	13.0	0.0
chr15	115	0	6.0	0.0
chr15	116	0	1.0	0.0
chr15	117	0	0.0	nan
chr15	118	0	0.0	nan
chr15	119	0	0.0	nan
chr15	120	0	0.0	nan
chr15	121	0	0.0	nan
chr15	122	0	0.0	nan
chr15	123	0	0.0	nan
chr15	124	0	0.0	nan
chr15	125	0	0.0	nan
chr15	126	0	0.0	nan
chr15	127	0	0.0	nan
chr15	128	0	0.0	nan
chr15	129	0	0.0	nan
chr15	130	0	0.0	nan
chr15	131	0	0.0	nan
chr16	-132	0	1.0	0.0
chr16	-131	0	1.0	0.0
chr16	-130	0	1.0	0.0
chr16	-129	0	3.0	0.0
chr16	-128	0	9.0	0.0
chr16	-127	0	14.0	0.0
chr16	-126	0	22.0	0.0
chr16	-125	0	26.0	0.0
chr16	-124	0	34.0	0.0
chr16	-123	0	40.0	0.0
chr16	-122	0	49.0	0.0
chr16	-121	0	55.0	0.0
chr16	-120	0	64.0	0.0
chr16	-119	0	71.0	0.0
chr16	-118	0	79.0	0.0
chr16	-117	0	87.0	0.0
chr16	-116	0	96.0	0.0
chr16	-115	0	104.0	0.0
chr16	-114	0	107.0	0.0
chr16	-113	0	113.0	0.0
chr16	-112	0	113.0	0.0
chr16	-111	1	120.0	0.8333333333333334
chr16	-110	0	123.0	0.0
chr16	-109	0	132.0	0.0
chr16	-108	0	136.0	0.0
chr16	-107	0	143.0	0.0
chr16	-106	0	150.0	0.0
chr16	-105	0	154.0	0.0
chr16	-104	0	161.0	0.0
chr16	-103	2	168.0	1.1904761904761905
chr16	-102	1	173.0	0.5780346820809248
chr16	-101	1	180.0	0.5555555555555556
chr16	-100	0	190.0	0.0
chr16	-99	0	196.0	0.0
chr16	-98	1	204.0	0.49019607843137253
chr16	-97	0	210.0	0.0
chr16	-96	0	216.0	0.0
chr16	-95	0	222.0	0.0
chr16	-94	1	232.0	0.43103448275862066
chr16	-93	0	237.0	0.0
chr16	-92	3	248.0	1.2096774193548387
chr16	-91	1	251.0	0.398406374501992
chr16	-90	0	256.0	0.0
chr16	-89	3	262.0	1.1450381679389312
chr16	-88	0	270.0	0.0
chr16	-87	1	276.0	0.36231884057971014
chr16	-86	0	285.0	0.0
chr16	-85	0	289.0	0.0
chr16	-84	1	295.0	0.3389830508474576
chr16	-83	0	302.0	0.0
chr16	-82	0	306.0	0.0
chr16	-81	1	310.0	0.3225806451612903
chr16	-80	0	313.0	0.0
chr16	-79	2	315.0	0.6349206349206349
chr16	-78	4	320.0	1.25
chr16	-77	0	325.0	0.0
chr16	-76	2	333.0	0.6006006006006006
chr16	-75	2	339.0	0.5899705014749262
chr16	-74	1	346.0	0.2890173410404624
chr16	-73	5	354.0	1.4124293785310735
chr16	-72	3	358.0	0.8379888268156425
chr16	-71	0	364.0	0.0
chr16	-70	1	372.0	0.2688172043010753
chr16	-69	1	377.0	0.2652519893899204
chr16	-68	0	379.0	0.0
chr16	-67	1	382.0	0.2617801047120419
chr16	-66	1	390.0	0.2564102564102564
chr16	-65	5	394.0	1.2690355329949239
chr16	-64	5	405.0	1.2345679012345678
chr16	-63	0	411.0	0.0
chr16	-62	6	418.0	1.4354066985645932
chr16	-61	1	421.0	0.23752969121140144
chr16	-60	1	428.0	0.23364485981308408
chr16	-59	0	437.0	0.0
chr16	-58	1	445.0	0.22471910112359553
chr16	-57	0	454.0	0.0
chr16	-56	0	463.0	0.0
chr16	-55	2	470.0	0.425531914893617
chr16	-54	0	473.0	0.0
chr16	-53	4	481.0	0.8316008316008316
chr16	-52	14	490.0	2.857142857142857
chr16	-51	0	496.0	0.0
chr16	-50	1	501.0	0.19960079840319359
chr16	-49	4	506.0	0.7905138339920948
chr16	-48	2	515.0	0.3883495145631068
chr16	-47	0	518.0	0.0
chr16	-46	0	525.0	0.0
chr16	-45	1	533.0	0.18761726078799248
chr16	-44	3	537.0	0.5586592178770949
chr16	-43	0	554.0	0.0
chr16	-42	0	558.0	0.0
chr16	-41	1	565.0	0.17699115044247787
chr16	-40	1	573.0	0.17452006980802792
chr16	-39	0	575.0	0.0
chr16	-38	2	581.0	0.34423407917383825
chr16	-37	0	585.0	0.0
chr16	-36	0	590.0	0.0
chr16	-35	2	600.0	0.33333333333333337
chr16	-34	0	610.0	0.0
chr16	-33	0	622.0	0.0
chr16	-32	2	632.0	0.31645569620253167
chr16	-31	0	638.0	0.0
chr16	-30	0	642.0	0.0
chr16	-29	4	646.0	0.6191950464396285
chr16	-28	1	651.0	0.15360983102918588
chr16	-27	3	658.0	0.4559270516717325
chr16	-26	9	664.0	1.355421686746988
chr16	-25	4	669.0	0.5979073243647235
chr16	-24	2	674.0	0.2967359050445104
chr16	-23	1	683.0	0.14641288433382138
chr16	-22	1	686.0	0.1457725947521866
chr16	-21	3	690.0	0.43478260869565216
chr16	-20	2	698.0	0.28653295128939826
chr16	-19	0	703.0	0.0
chr16	-18	2	709.0	0.2820874471086037
chr16	-17	2	712.0	0.2808988764044944
chr16	-16	2	715.0	0.27972027972027974
chr16	-15	10	721.0	1.3869625520110958
chr16	-14	0	729.0	0.0
chr16	-13	0	737.0	0.0
chr16	-12	3	745.0	0.4026845637583893
chr16	-11	2	749.0	0.26702269692923897
chr16	-10	2	753.0	0.2656042496679947
chr16	-9	0	754.0	0.0
chr16	-8	1	758.0	0.13192612137203166
chr16	-7	2	758.0	0.2638522427440633
chr16	-6	0	758.0	0.0
chr16	-5	4	757.0	0.5284015852047557
chr16	-4	7	757.0	0.9247027741083224
chr16	-3	2	757.0	0.26420079260237783
chr16	-2	7	750.0	0.9333333333333335
chr16	-1	41	735.0	5.578231292517007
chr16	0	64	611.0	10.474631751227497
chr16	1	7	635.0	1.1023622047244095
chr16	2	17	636.0	2.6729559748427674
chr16	3	24	633.0	3.7914691943127963
chr16	4	7	633.0	1.1058451816745656
chr16	5	14	628.0	2.229299363057325
chr16	6	13	615.0	2.113821138211382
chr16	7	4	607.0	0.6589785831960462
chr16	8	13	599.0	2.1702838063439067
chr16	9	12	593.0	2.0236087689713322
chr16	10	22	588.0	3.741496598639456
chr16	11	16	582.0	2.7491408934707904
chr16	12	16	575.0	2.782608695652174
chr16	13	15	568.0	2.640845070422535
chr16	14	19	561.0	3.3868092691622103
chr16	15	12	559.0	2.146690518783542
chr16	16	10	552.0	1.8115942028985508
chr16	17	7	545.0	1.2844036697247707
chr16	18	17	537.0	3.165735567970205
chr16	19	13	531.0	2.4482109227871938
chr16	20	11	527.0	2.0872865275142316
chr16	21	8	525.0	1.5238095238095237
chr16	22	10	515.0	1.9417475728155338
chr16	23	8	509.0	1.5717092337917484
chr16	24	13	503.0	2.584493041749503
chr16	25	26	500.0	5.2
chr16	26	13	496.0	2.620967741935484
chr16	27	11	491.0	2.240325865580448
chr16	28	18	482.0	3.7344398340248963
chr16	29	8	476.0	1.680672268907563
chr16	30	9	468.0	1.9230769230769231
chr16	31	6	459.0	1.3071895424836601
chr16	32	12	452.0	2.6548672566371683
chr16	33	18	447.0	4.026845637583892
chr16	34	7	442.0	1.583710407239819
chr16	35	17	437.0	3.8901601830663615
chr16	36	5	435.0	1.1494252873563218
chr16	37	8	426.0	1.8779342723004695
chr16	38	10	418.0	2.3923444976076556
chr16	39	12	418.0	2.8708133971291865
chr16	40	7	411.0	1.70316301703163
chr16	41	7	404.0	1.7326732673267329
chr16	42	4	397.0	1.0075566750629723
chr16	43	12	390.0	3.076923076923077
chr16	44	8	388.0	2.0618556701030926
chr16	45	8	383.0	2.088772845953003
chr16	46	7	378.0	1.8518518518518516
chr16	47	12	376.0	3.1914893617021276
chr16	48	14	372.0	3.763440860215054
chr16	49	6	368.0	1.6304347826086956
chr16	50	8	362.0	2.209944751381215
chr16	51	17	359.0	4.735376044568245
chr16	52	10	350.0	2.857142857142857
chr16	53	5	345.0	1.4492753623188406
chr16	54	9	340.0	2.6470588235294117
chr16	55	10	336.0	2.976190476190476
chr16	56	2	330.0	0.6060606060606061
chr16	57	8	326.0	2.4539877300613497
chr16	58	5	323.0	1.5479876160990713
chr16	59	5	318.0	1.5723270440251573
chr16	60	3	311.0	0.964630225080386
chr16	61	6	305.0	1.9672131147540985
chr16	62	2	302.0	0.6622516556291391
chr16	63	16	291.0	5.498281786941581
chr16	64	6	287.0	2.0905923344947737
chr16	65	8	281.0	2.8469750889679712
chr16	66	10	277.0	3.6101083032490973
chr16	67	9	269.0	3.3457249070631967
chr16	68	7	262.0	2.6717557251908395
chr16	69	8	253.0	3.1620553359683794
chr16	70	5	251.0	1.9920318725099602
chr16	71	5	247.0	2.0242914979757085
chr16	72	5	241.0	2.0746887966804977
chr16	73	2	235.0	0.851063829787234
chr16	74	4	228.0	1.7543859649122806
chr16	75	5	224.0	2.232142857142857
chr16	76	5	218.0	2.293577981651376
chr16	77	4	208.0	1.9230769230769231
chr16	78	4	206.0	1.9417475728155338
chr16	79	4	200.0	2.0
chr16	80	5	193.0	2.5906735751295336
chr16	81	7	188.0	3.723404255319149
chr16	82	4	181.0	2.209944751381215
chr16	83	2	175.0	1.1428571428571428
chr16	84	6	165.0	3.6363636363636362
chr16	85	8	164.0	4.878048780487805
chr16	86	3	156.0	1.9230769230769231
chr16	87	3	147.0	2.0408163265306123
chr16	88	6	143.0	4.195804195804196
chr16	89	3	137.0	2.18978102189781
chr16	90	4	133.0	3.007518796992481
chr16	91	5	127.0	3.937007874015748
chr16	92	6	120.0	5.0
chr16	93	3	115.0	2.608695652173913
chr16	94	1	110.0	0.9090909090909091
chr16	95	1	102.0	0.9803921568627451
chr16	96	1	97.0	1.0309278350515463
chr16	97	2	94.0	2.127659574468085
chr16	98	2	90.0	2.2222222222222223
chr16	99	2	89.0	2.247191011235955
chr16	100	3	84.0	3.571428571428571
chr16	101	4	78.0	5.128205128205128
chr16	102	0	73.0	0.0
chr16	103	0	65.0	0.0
chr16	104	0	61.0	0.0
chr16	105	1	55.0	1.8181818181818181
chr16	106	0	50.0	0.0
chr16	107	2	46.0	4.3478260869565215
chr16	108	2	42.0	4.761904761904762
chr16	109	1	37.0	2.7027027027027026
chr16	110	1	31.0	3.225806451612903
chr16	111	1	25.0	4.0
chr16	112	0	16.0	0.0
chr16	113	0	10.0	0.0
chr16	114	0	5.0	0.0
chr16	115	0	3.0	0.0
chr16	116	0	0.0	nan
chr16	117	0	0.0	nan
chr16	118	0	0.0	nan
chr16	119	0	0.0	nan
chr16	120	0	0.0	nan
chr16	121	0	0.0	nan
chr16	122	0	0.0	nan
chr16	123	0	0.0	nan
chr16	124	0	0.0	nan
chr16	125	0	0.0	nan
chr16	126	0	0.0	nan
chr16	127	0	0.0	nan
chr16	128	0	0.0	nan
chr16	129	0	0.0	nan
chr16	130	0	0.0	nan
chr17	-131	0	1.0	0.0
chr17	-130	0	3.0	0.0
chr17	-129	0	6.0	0.0
chr17	-128	0	9.0	0.0
chr17	-127	0	13.0	0.0
chr17	-126	0	16.0	0.0
chr17	-125	0	26.0	0.0
chr17	-124	0	34.0	0.0
chr17	-123	1	43.0	2.3255813953488373
chr17	-122	0	55.0	0.0
chr17	-121	0	62.0	0.0
chr17	-120	0	72.0	0.0
chr17	-119	0	77.0	0.0
chr17	-118	0	87.0	0.0
chr17	-117	0	102.0	0.0
chr17	-116	0	113.0	0.0
chr17	-115	0	119.0	0.0
chr17	-114	0	129.0	0.0
chr17	-113	0	139.0	0.0
chr17	-112	0	151.0	0.0
chr17	-111	0	158.0	0.0
chr17	-110	0	176.0	0.0
chr17	-109	0	189.0	0.0
chr17	-108	0	195.0	0.0
chr17	-107	0	206.0	0.0
chr17	-106	1	212.0	0.4716981132075472
chr17	-105	0	218.0	0.0
chr17	-104	0	233.0	0.0
chr17	-103	2	239.0	0.8368200836820083
chr17	-102	1	252.0	0.3968253968253968
chr17	-101	0	261.0	0.0
chr17	-100	0	277.0	0.0
chr17	-99	0	288.0	0.0
chr17	-98	1	297.0	0.33670033670033667
chr17	-97	1	310.0	0.3225806451612903
chr17	-96	0	327.0	0.0
chr17	-95	3	335.0	0.8955223880597015
chr17	-94	0	343.0	0.0
chr17	-93	3	356.0	0.8426966292134831
chr17	-92	0	370.0	0.0
chr17	-91	0	385.0	0.0
chr17	-90	2	395.0	0.5063291139240507
chr17	-89	0	404.0	0.0
chr17	-88	2	412.0	0.48543689320388345
chr17	-87	1	421.0	0.23752969121140144
chr17	-86	0	431.0	0.0
chr17	-85	0	447.0	0.0
chr17	-84	3	467.0	0.6423982869379015
chr17	-83	2	476.0	0.42016806722689076
chr17	-82	0	482.0	0.0
chr17	-81	1	489.0	0.2044989775051125
chr17	-80	1	491.0	0.20366598778004072
chr17	-79	0	503.0	0.0
chr17	-78	0	513.0	0.0
chr17	-77	2	520.0	0.38461538461538464
chr17	-76	3	526.0	0.5703422053231939
chr17	-75	0	541.0	0.0
chr17	-74	1	551.0	0.18148820326678766
chr17	-73	0	558.0	0.0
chr17	-72	0	568.0	0.0
chr17	-71	0	579.0	0.0
chr17	-70	0	587.0	0.0
chr17	-69	4	595.0	0.6722689075630253
chr17	-68	0	606.0	0.0
chr17	-67	3	615.0	0.4878048780487805
chr17	-66	0	625.0	0.0
chr17	-65	8	632.0	1.2658227848101267
chr17	-64	0	638.0	0.0
chr17	-63	0	649.0	0.0
chr17	-62	0	653.0	0.0
chr17	-61	2	659.0	0.30349013657056145
chr17	-60	6	668.0	0.8982035928143712
chr17	-59	1	681.0	0.14684287812041116
chr17	-58	1	688.0	0.14534883720930233
chr17	-57	0	704.0	0.0
chr17	-56	1	714.0	0.1400560224089636
chr17	-55	0	726.0	0.0
chr17	-54	0	741.0	0.0
chr17	-53	2	752.0	0.26595744680851063
chr17	-52	4	769.0	0.5201560468140443
chr17	-51	1	779.0	0.12836970474967907
chr17	-50	8	790.0	1.0126582278481013
chr17	-49	4	797.0	0.5018820577164366
chr17	-48	2	808.0	0.24752475247524752
chr17	-47	1	819.0	0.1221001221001221
chr17	-46	1	831.0	0.12033694344163659
chr17	-45	1	845.0	0.1183431952662722
chr17	-44	1	854.0	0.117096018735363
chr17	-43	1	861.0	0.11614401858304298
chr17	-42	1	871.0	0.1148105625717566
chr17	-41	6	888.0	0.6756756756756757
chr17	-40	1	900.0	0.1111111111111111
chr17	-39	1	914.0	0.10940919037199125
chr17	-38	4	922.0	0.43383947939262474
chr17	-37	2	926.0	0.21598272138228944
chr17	-36	3	947.0	0.31678986272439286
chr17	-35	2	960.0	0.20833333333333334
chr17	-34	9	965.0	0.932642487046632
chr17	-33	3	976.0	0.3073770491803279
chr17	-32	1	982.0	0.10183299389002036
chr17	-31	0	991.0	0.0
chr17	-30	0	1001.0	0.0
chr17	-29	5	1012.0	0.4940711462450593
chr17	-28	3	1021.0	0.2938295788442703
chr17	-27	7	1034.0	0.6769825918762089
chr17	-26	7	1045.0	0.6698564593301436
chr17	-25	3	1056.0	0.2840909090909091
chr17	-24	3	1065.0	0.28169014084507044
chr17	-23	2	1075.0	0.18604651162790697
chr17	-22	0	1089.0	0.0
chr17	-21	0	1096.0	0.0
chr17	-20	2	1101.0	0.18165304268846502
chr17	-19	1	1111.0	0.09000900090009001
chr17	-18	1	1116.0	0.08960573476702509
chr17	-17	0	1126.0	0.0
chr17	-16	0	1136.0	0.0
chr17	-15	10	1152.0	0.8680555555555556
chr17	-14	1	1162.0	0.08605851979345956
chr17	-13	7	1167.0	0.5998286203941731
chr17	-12	4	1176.0	0.3401360544217687
chr17	-11	5	1184.0	0.4222972972972973
chr17	-10	2	1186.0	0.16863406408094433
chr17	-9	6	1186.0	0.5059021922428331
chr17	-8	4	1188.0	0.33670033670033667
chr17	-7	0	1188.0	0.0
chr17	-6	10	1188.0	0.8417508417508417
chr17	-5	8	1187.0	0.6739679865206403
chr17	-4	2	1183.0	0.16906170752324598
chr17	-3	4	1183.0	0.33812341504649196
chr17	-2	19	1179.0	1.6115351993214586
chr17	-1	61	1155.0	5.2813852813852815
chr17	0	68	974.0	6.981519507186857
chr17	1	30	1006.0	2.982107355864811
chr17	2	11	1005.0	1.0945273631840797
chr17	3	28	1003.0	2.7916251246261217
chr17	4	18	991.0	1.8163471241170535
chr17	5	17	984.0	1.7276422764227644
chr17	6	24	975.0	2.4615384615384617
chr17	7	11	971.0	1.132852729145211
chr17	8	26	947.0	2.7455121436114043
chr17	9	12	941.0	1.2752391073326248
chr17	10	32	940.0	3.404255319148936
chr17	11	29	929.0	3.1216361679224973
chr17	12	17	916.0	1.8558951965065504
chr17	13	26	908.0	2.8634361233480177
chr17	14	23	890.0	2.584269662921348
chr17	15	10	884.0	1.1312217194570136
chr17	16	25	875.0	2.857142857142857
chr17	17	15	860.0	1.744186046511628
chr17	18	15	852.0	1.7605633802816902
chr17	19	16	843.0	1.8979833926453145
chr17	20	24	837.0	2.867383512544803
chr17	21	12	833.0	1.440576230492197
chr17	22	13	828.0	1.570048309178744
chr17	23	28	814.0	3.43980343980344
chr17	24	6	805.0	0.7453416149068323
chr17	25	24	796.0	3.015075376884422
chr17	26	27	786.0	3.435114503816794
chr17	27	14	774.0	1.8087855297157622
chr17	28	16	766.0	2.088772845953003
chr17	29	10	755.0	1.3245033112582782
chr17	30	11	744.0	1.478494623655914
chr17	31	6	736.0	0.8152173913043478
chr17	32	14	730.0	1.9178082191780823
chr17	33	16	720.0	2.2222222222222223
chr17	34	25	708.0	3.531073446327684
chr17	35	10	701.0	1.4265335235378032
chr17	36	8	686.0	1.1661807580174928
chr17	37	12	674.0	1.7804154302670623
chr17	38	22	666.0	3.303303303303303
chr17	39	11	660.0	1.6666666666666667
chr17	40	15	648.0	2.314814814814815
chr17	41	14	642.0	2.1806853582554515
chr17	42	11	627.0	1.7543859649122806
chr17	43	10	619.0	1.615508885298869
chr17	44	12	611.0	1.9639934533551555
chr17	45	17	603.0	2.8192371475953566
chr17	46	14	599.0	2.337228714524207
chr17	47	14	591.0	2.3688663282571913
chr17	48	12	583.0	2.0583190394511153
chr17	49	10	576.0	1.7361111111111112
chr17	50	9	569.0	1.5817223198594026
chr17	51	16	560.0	2.857142857142857
chr17	52	11	550.0	2.0
chr17	53	9	539.0	1.6697588126159555
chr17	54	9	530.0	1.6981132075471699
chr17	55	5	523.0	0.9560229445506693
chr17	56	14	515.0	2.7184466019417477
chr17	57	17	511.0	3.326810176125244
chr17	58	9	503.0	1.7892644135188867
chr17	59	14	496.0	2.82258064516129
chr17	60	10	487.0	2.0533880903490758
chr17	61	10	479.0	2.0876826722338206
chr17	62	8	473.0	1.6913319238900635
chr17	63	7	468.0	1.4957264957264957
chr17	64	10	463.0	2.159827213822894
chr17	65	5	459.0	1.0893246187363834
chr17	66	10	449.0	2.2271714922048997
chr17	67	3	439.0	0.683371298405467
chr17	68	13	429.0	3.0303030303030303
chr17	69	3	418.0	0.7177033492822966
chr17	70	10	410.0	2.4390243902439024
chr17	71	5	397.0	1.2594458438287155
chr17	72	8	385.0	2.0779220779220777
chr17	73	8	368.0	2.1739130434782608
chr17	74	4	359.0	1.1142061281337048
chr17	75	9	349.0	2.5787965616045847
chr17	76	8	346.0	2.312138728323699
chr17	77	1	338.0	0.2958579881656805
chr17	78	2	328.0	0.6097560975609756
chr17	79	3	320.0	0.9375
chr17	80	3	312.0	0.9615384615384616
chr17	81	9	299.0	3.0100334448160537
chr17	82	15	292.0	5.136986301369863
chr17	83	2	283.0	0.7067137809187279
chr17	84	3	275.0	1.090909090909091
chr17	85	7	263.0	2.6615969581749046
chr17	86	5	251.0	1.9920318725099602
chr17	87	7	241.0	2.904564315352697
chr17	88	3	232.0	1.293103448275862
chr17	89	7	224.0	3.125
chr17	90	2	214.0	0.9345794392523363
chr17	91	3	204.0	1.4705882352941175
chr17	92	6	196.0	3.061224489795918
chr17	93	1	191.0	0.5235602094240838
chr17	94	4	184.0	2.1739130434782608
chr17	95	5	177.0	2.824858757062147
chr17	96	2	169.0	1.183431952662722
chr17	97	2	162.0	1.2345679012345678
chr17	98	3	148.0	2.027027027027027
chr17	99	1	143.0	0.6993006993006993
chr17	100	4	136.0	2.941176470588235
chr17	101	3	121.0	2.479338842975207
chr17	102	1	113.0	0.8849557522123894
chr17	103	2	106.0	1.8867924528301887
chr17	104	0	95.0	0.0
chr17	105	2	83.0	2.4096385542168677
chr17	106	1	76.0	1.3157894736842104
chr17	107	1	67.0	1.4925373134328357
chr17	108	4	61.0	6.557377049180328
chr17	109	4	56.0	7.142857142857142
chr17	110	1	46.0	2.1739130434782608
chr17	111	2	36.0	5.555555555555555
chr17	112	0	26.0	0.0
chr17	113	0	19.0	0.0
chr17	114	0	12.0	0.0
chr17	115	0	8.0	0.0
chr17	116	0	1.0	0.0
chr17	117	0	0.0	nan
chr17	118	0	0.0	nan
chr17	119	0	0.0	nan
chr17	120	0	0.0	nan
chr17	121	0	0.0	nan
chr17	122	0	0.0	nan
chr17	123	0	0.0	nan
chr17	124	0	0.0	nan
chr17	125	0	0.0	nan
chr17	126	0	0.0	nan
chr17	127	0	0.0	nan
chr17	128	0	0.0	nan
chr17	129	0	0.0	nan
chr17	130	0	0.0	nan
chr17	131	0	0.0	nan
chr17	132	0	0.0	nan
chr17	133	0	0.0	nan
chr17	134	0	0.0	nan
chr17	135	0	0.0	nan
chr17	136	0	0.0	nan
chr17	137	0	0.0	nan
chr18	-129	0	1.0	0.0
chr18	-128	0	3.0	0.0
chr18	-127	0	3.0	0.0
chr18	-126	0	8.0	0.0
chr18	-125	0	9.0	0.0
chr18	-124	0	13.0	0.0
chr18	-123	0	18.0	0.0
chr18	-122	0	26.0	0.0
chr18	-121	0	33.0	0.0
chr18	-120	0	39.0	0.0
chr18	-119	0	42.0	0.0
chr18	-118	0	46.0	0.0
chr18	-117	0	53.0	0.0
chr18	-116	0	56.0	0.0
chr18	-115	0	62.0	0.0
chr18	-114	0	68.0	0.0
chr18	-113	0	69.0	0.0
chr18	-112	0	75.0	0.0
chr18	-111	1	80.0	1.25
chr18	-110	0	83.0	0.0
chr18	-109	0	87.0	0.0
chr18	-108	2	93.0	2.1505376344086025
chr18	-107	0	96.0	0.0
chr18	-106	0	98.0	0.0
chr18	-105	0	102.0	0.0
chr18	-104	1	107.0	0.9345794392523363
chr18	-103	0	106.0	0.0
chr18	-102	0	118.0	0.0
chr18	-101	0	124.0	0.0
chr18	-100	0	132.0	0.0
chr18	-99	0	136.0	0.0
chr18	-98	2	145.0	1.3793103448275863
chr18	-97	0	149.0	0.0
chr18	-96	1	156.0	0.641025641025641
chr18	-95	0	162.0	0.0
chr18	-94	0	167.0	0.0
chr18	-93	0	171.0	0.0
chr18	-92	0	174.0	0.0
chr18	-91	0	179.0	0.0
chr18	-90	0	181.0	0.0
chr18	-89	0	184.0	0.0
chr18	-88	0	185.0	0.0
chr18	-87	0	190.0	0.0
chr18	-86	0	194.0	0.0
chr18	-85	0	201.0	0.0
chr18	-84	2	207.0	0.966183574879227
chr18	-83	1	214.0	0.46728971962616817
chr18	-82	0	222.0	0.0
chr18	-81	0	227.0	0.0
chr18	-80	0	237.0	0.0
chr18	-79	0	242.0	0.0
chr18	-78	0	249.0	0.0
chr18	-77	0	256.0	0.0
chr18	-76	0	263.0	0.0
chr18	-75	0	267.0	0.0
chr18	-74	0	274.0	0.0
chr18	-73	0	280.0	0.0
chr18	-72	0	283.0	0.0
chr18	-71	6	288.0	2.083333333333333
chr18	-70	0	297.0	0.0
chr18	-69	1	304.0	0.3289473684210526
chr18	-68	0	312.0	0.0
chr18	-67	1	318.0	0.3144654088050315
chr18	-66	0	321.0	0.0
chr18	-65	0	328.0	0.0
chr18	-64	1	332.0	0.30120481927710846
chr18	-63	1	335.0	0.2985074626865672
chr18	-62	0	337.0	0.0
chr18	-61	2	340.0	0.5882352941176471
chr18	-60	0	343.0	0.0
chr18	-59	0	348.0	0.0
chr18	-58	0	352.0	0.0
chr18	-57	0	357.0	0.0
chr18	-56	0	361.0	0.0
chr18	-55	0	362.0	0.0
chr18	-54	1	372.0	0.2688172043010753
chr18	-53	0	380.0	0.0
chr18	-52	1	386.0	0.2590673575129534
chr18	-51	0	394.0	0.0
chr18	-50	2	402.0	0.4975124378109453
chr18	-49	1	403.0	0.24813895781637718
chr18	-48	0	410.0	0.0
chr18	-47	3	416.0	0.7211538461538461
chr18	-46	4	423.0	0.9456264775413712
chr18	-45	1	429.0	0.2331002331002331
chr18	-44	0	433.0	0.0
chr18	-43	0	438.0	0.0
chr18	-42	0	440.0	0.0
chr18	-41	0	442.0	0.0
chr18	-40	6	449.0	1.3363028953229399
chr18	-39	0	453.0	0.0
chr18	-38	0	460.0	0.0
chr18	-37	0	463.0	0.0
chr18	-36	4	468.0	0.8547008547008548
chr18	-35	2	474.0	0.42194092827004215
chr18	-34	0	475.0	0.0
chr18	-33	2	478.0	0.41841004184100417
chr18	-32	2	482.0	0.4149377593360996
chr18	-31	1	485.0	0.2061855670103093
chr18	-30	0	489.0	0.0
chr18	-29	0	495.0	0.0
chr18	-28	1	501.0	0.19960079840319359
chr18	-27	0	506.0	0.0
chr18	-26	4	513.0	0.7797270955165692
chr18	-25	2	517.0	0.3868471953578337
chr18	-24	15	523.0	2.8680688336520075
chr18	-23	3	529.0	0.5671077504725899
chr18	-22	1	533.0	0.18761726078799248
chr18	-21	5	538.0	0.929368029739777
chr18	-20	3	543.0	0.5524861878453038
chr18	-19	1	549.0	0.18214936247723132
chr18	-18	0	556.0	0.0
chr18	-17	0	561.0	0.0
chr18	-16	12	572.0	2.097902097902098
chr18	-15	1	575.0	0.17391304347826086
chr18	-14	2	578.0	0.34602076124567477
chr18	-13	1	585.0	0.17094017094017094
chr18	-12	1	591.0	0.1692047377326565
chr18	-11	10	592.0	1.6891891891891893
chr18	-10	7	597.0	1.1725293132328307
chr18	-9	1	597.0	0.16750418760469013
chr18	-8	1	599.0	0.1669449081803005
chr18	-7	5	599.0	0.8347245409015025
chr18	-6	1	599.0	0.1669449081803005
chr18	-5	3	599.0	0.5008347245409015
chr18	-4	5	599.0	0.8347245409015025
chr18	-3	0	599.0	0.0
chr18	-2	2	596.0	0.33557046979865773
chr18	-1	18	592.0	3.040540540540541
chr18	0	47	503.0	9.343936381709742
chr18	1	8	514.0	1.556420233463035
chr18	2	23	511.0	4.500978473581213
chr18	3	13	515.0	2.524271844660194
chr18	4	12	516.0	2.3255813953488373
chr18	5	18	509.0	3.536345776031434
chr18	6	15	496.0	3.024193548387097
chr18	7	11	492.0	2.2357723577235773
chr18	8	12	486.0	2.4691358024691357
chr18	9	7	478.0	1.4644351464435146
chr18	10	22	468.0	4.700854700854701
chr18	11	13	466.0	2.7896995708154506
chr18	12	18	463.0	3.8876889848812093
chr18	13	11	459.0	2.3965141612200433
chr18	14	10	457.0	2.1881838074398248
chr18	15	14	453.0	3.090507726269316
chr18	16	7	452.0	1.5486725663716814
chr18	17	13	445.0	2.9213483146067416
chr18	18	17	438.0	3.881278538812785
chr18	19	14	435.0	3.218390804597701
chr18	20	8	433.0	1.8475750577367205
chr18	21	6	430.0	1.3953488372093024
chr18	22	10	428.0	2.336448598130841
chr18	23	10	427.0	2.3419203747072603
chr18	24	13	419.0	3.1026252983293556
chr18	25	18	413.0	4.358353510895883
chr18	26	13	405.0	3.2098765432098766
chr18	27	6	399.0	1.5037593984962405
chr18	28	7	394.0	1.7766497461928936
chr18	29	12	389.0	3.0848329048843186
chr18	30	6	383.0	1.5665796344647518
chr18	31	8	380.0	2.1052631578947367
chr18	32	9	374.0	2.406417112299465
chr18	33	14	368.0	3.804347826086957
chr18	34	13	364.0	3.571428571428571
chr18	35	7	362.0	1.9337016574585635
chr18	36	6	357.0	1.680672268907563
chr18	37	11	354.0	3.1073446327683616
chr18	38	6	352.0	1.7045454545454544
chr18	39	5	352.0	1.4204545454545454
chr18	40	12	348.0	3.4482758620689653
chr18	41	4	344.0	1.1627906976744187
chr18	42	6	340.0	1.7647058823529411
chr18	43	10	336.0	2.976190476190476
chr18	44	10	325.0	3.076923076923077
chr18	45	9	319.0	2.8213166144200628
chr18	46	8	314.0	2.547770700636943
chr18	47	10	305.0	3.278688524590164
chr18	48	5	302.0	1.6556291390728477
chr18	49	6	294.0	2.0408163265306123
chr18	50	8	288.0	2.7777777777777777
chr18	51	9	286.0	3.146853146853147
chr18	52	10	280.0	3.571428571428571
chr18	53	7	273.0	2.564102564102564
chr18	54	7	267.0	2.6217228464419478
chr18	55	3	262.0	1.1450381679389312
chr18	56	6	259.0	2.3166023166023164
chr18	57	4	252.0	1.5873015873015872
chr18	58	8	247.0	3.2388663967611335
chr18	59	1	241.0	0.4149377593360996
chr18	60	4	234.0	1.7094017094017095
chr18	61	5	233.0	2.1459227467811157
chr18	62	3	227.0	1.3215859030837005
chr18	63	1	224.0	0.4464285714285714
chr18	64	3	220.0	1.3636363636363635
chr18	65	7	218.0	3.211009174311927
chr18	66	9	214.0	4.205607476635514
chr18	67	7	208.0	3.3653846153846154
chr18	68	7	204.0	3.431372549019608
chr18	69	4	201.0	1.9900497512437811
chr18	70	9	199.0	4.522613065326634
chr18	71	3	195.0	1.5384615384615385
chr18	72	11	193.0	5.699481865284974
chr18	73	3	184.0	1.6304347826086956
chr18	74	1	182.0	0.5494505494505495
chr18	75	4	175.0	2.2857142857142856
chr18	76	4	172.0	2.3255813953488373
chr18	77	5	165.0	3.0303030303030303
chr18	78	3	162.0	1.8518518518518516
chr18	79	4	155.0	2.5806451612903225
chr18	80	4	148.0	2.7027027027027026
chr18	81	2	145.0	1.3793103448275863
chr18	82	3	142.0	2.112676056338028
chr18	83	5	138.0	3.6231884057971016
chr18	84	1	132.0	0.7575757575757576
chr18	85	2	132.0	1.5151515151515151
chr18	86	3	129.0	2.3255813953488373
chr18	87	3	124.0	2.4193548387096775
chr18	88	4	120.0	3.3333333333333335
chr18	89	6	116.0	5.172413793103448
chr18	90	2	115.0	1.7391304347826086
chr18	91	2	112.0	1.7857142857142856
chr18	92	3	108.0	2.7777777777777777
chr18	93	3	107.0	2.803738317757009
chr18	94	2	104.0	1.9230769230769231
chr18	95	5	102.0	4.901960784313726
chr18	96	0	97.0	0.0
chr18	97	3	90.0	3.3333333333333335
chr18	98	2	87.0	2.2988505747126435
chr18	99	2	80.0	2.5
chr18	100	3	79.0	3.79746835443038
chr18	101	1	74.0	1.3513513513513513
chr18	102	0	72.0	0.0
chr18	103	3	68.0	4.411764705882353
chr18	104	2	62.0	3.225806451612903
chr18	105	1	58.0	1.7241379310344827
chr18	106	0	55.0	0.0
chr18	107	1	49.0	2.0408163265306123
chr18	108	0	41.0	0.0
chr18	109	1	34.0	2.941176470588235
chr18	110	3	29.0	10.344827586206897
chr18	111	0	22.0	0.0
chr18	112	0	18.0	0.0
chr18	113	0	12.0	0.0
chr18	114	0	10.0	0.0
chr18	115	0	5.0	0.0
chr18	116	0	3.0	0.0
chr18	117	0	0.0	nan
chr18	118	0	0.0	nan
chr18	119	0	0.0	nan
chr18	120	0	0.0	nan
chr18	121	0	0.0	nan
chr18	122	0	0.0	nan
chr18	123	0	0.0	nan
chr18	124	0	0.0	nan
chr18	125	0	0.0	nan
chr18	126	0	0.0	nan
chr18	127	0	0.0	nan
chr18	128	0	0.0	nan
chr18	129	0	0.0	nan
chr18	130	0	0.0	nan
chr19	-136	0	1.0	0.0
chr19	-135	0	1.0	0.0
chr19	-134	0	1.0	0.0
chr19	-133	0	2.0	0.0
chr19	-132	0	2.0	0.0
chr19	-131	0	3.0	0.0
chr19	-130	0	6.0	0.0
chr19	-129	0	12.0	0.0
chr19	-128	0	19.0	0.0
chr19	-127	0	28.0	0.0
chr19	-126	0	39.0	0.0
chr19	-125	0	51.0	0.0
chr19	-124	0	59.0	0.0
chr19	-123	0	63.0	0.0
chr19	-122	0	81.0	0.0
chr19	-121	0	89.0	0.0
chr19	-120	0	103.0	0.0
chr19	-119	0	117.0	0.0
chr19	-118	0	127.0	0.0
chr19	-117	0	139.0	0.0
chr19	-116	0	153.0	0.0
chr19	-115	0	164.0	0.0
chr19	-114	1	175.0	0.5714285714285714
chr19	-113	0	181.0	0.0
chr19	-112	0	189.0	0.0
chr19	-111	0	203.0	0.0
chr19	-110	3	214.0	1.4018691588785046
chr19	-109	2	223.0	0.8968609865470852
chr19	-108	1	233.0	0.4291845493562232
chr19	-107	0	244.0	0.0
chr19	-106	1	254.0	0.39370078740157477
chr19	-105	0	270.0	0.0
chr19	-104	2	285.0	0.7017543859649122
chr19	-103	0	301.0	0.0
chr19	-102	0	313.0	0.0
chr19	-101	0	325.0	0.0
chr19	-100	1	336.0	0.2976190476190476
chr19	-99	0	353.0	0.0
chr19	-98	3	368.0	0.8152173913043478
chr19	-97	4	380.0	1.0526315789473684
chr19	-96	2	390.0	0.5128205128205128
chr19	-95	1	402.0	0.24875621890547264
chr19	-94	1	413.0	0.24213075060532688
chr19	-93	2	427.0	0.468384074941452
chr19	-92	0	442.0	0.0
chr19	-91	2	457.0	0.437636761487965
chr19	-90	1	470.0	0.2127659574468085
chr19	-89	0	480.0	0.0
chr19	-88	0	490.0	0.0
chr19	-87	1	503.0	0.19880715705765406
chr19	-86	2	515.0	0.3883495145631068
chr19	-85	1	538.0	0.18587360594795538
chr19	-84	0	550.0	0.0
chr19	-83	0	557.0	0.0
chr19	-82	1	570.0	0.17543859649122806
chr19	-81	6	582.0	1.0309278350515463
chr19	-80	1	597.0	0.16750418760469013
chr19	-79	0	612.0	0.0
chr19	-78	3	625.0	0.48
chr19	-77	2	635.0	0.31496062992125984
chr19	-76	2	646.0	0.30959752321981426
chr19	-75	3	661.0	0.45385779122541603
chr19	-74	2	671.0	0.29806259314456035
chr19	-73	1	677.0	0.14771048744460857
chr19	-72	1	691.0	0.1447178002894356
chr19	-71	0	717.0	0.0
chr19	-70	1	730.0	0.136986301369863
chr19	-69	4	743.0	0.5383580080753702
chr19	-68	0	758.0	0.0
chr19	-67	0	773.0	0.0
chr19	-66	4	788.0	0.5076142131979695
chr19	-65	2	798.0	0.2506265664160401
chr19	-64	17	818.0	2.078239608801956
chr19	-63	1	830.0	0.12048192771084339
chr19	-62	13	845.0	1.5384615384615385
chr19	-61	2	860.0	0.23255813953488372
chr19	-60	2	871.0	0.2296211251435132
chr19	-59	0	881.0	0.0
chr19	-58	4	895.0	0.44692737430167595
chr19	-57	1	910.0	0.10989010989010989
chr19	-56	14	919.0	1.5233949945593037
chr19	-55	2	929.0	0.2152852529601722
chr19	-54	2	937.0	0.21344717182497333
chr19	-53	4	958.0	0.41753653444676403
chr19	-52	5	975.0	0.5128205128205128
chr19	-51	1	991.0	0.10090817356205853
chr19	-50	6	1000.0	0.6
chr19	-49	2	1014.0	0.19723865877712032
chr19	-48	1	1027.0	0.09737098344693282
chr19	-47	6	1036.0	0.5791505791505791
chr19	-46	5	1047.0	0.4775549188156638
chr19	-45	5	1057.0	0.47303689687795647
chr19	-44	1	1067.0	0.09372071227741331
chr19	-43	2	1082.0	0.18484288354898337
chr19	-42	7	1098.0	0.6375227686703097
chr19	-41	6	1114.0	0.5385996409335727
chr19	-40	7	1122.0	0.6238859180035651
chr19	-39	6	1134.0	0.5291005291005291
chr19	-38	4	1148.0	0.34843205574912894
chr19	-37	7	1162.0	0.6024096385542169
chr19	-36	2	1173.0	0.17050298380221654
chr19	-35	3	1186.0	0.25295109612141653
chr19	-34	3	1195.0	0.2510460251046025
chr19	-33	4	1207.0	0.33140016570008285
chr19	-32	5	1225.0	0.40816326530612246
chr19	-31	7	1240.0	0.564516129032258
chr19	-30	6	1243.0	0.4827031375703942
chr19	-29	2	1264.0	0.15822784810126583
chr19	-28	2	1274.0	0.15698587127158556
chr19	-27	1	1296.0	0.07716049382716049
chr19	-26	8	1307.0	0.612088752869166
chr19	-25	19	1327.0	1.4318010550113038
chr19	-24	1	1337.0	0.07479431563201197
chr19	-23	4	1355.0	0.2952029520295203
chr19	-22	2	1369.0	0.1460920379839299
chr19	-21	7	1379.0	0.5076142131979695
chr19	-20	3	1389.0	0.21598272138228944
chr19	-19	7	1400.0	0.5
chr19	-18	9	1413.0	0.6369426751592357
chr19	-17	2	1425.0	0.14035087719298245
chr19	-16	3	1432.0	0.20949720670391062
chr19	-15	2	1445.0	0.13840830449826988
chr19	-14	6	1451.0	0.41350792556857335
chr19	-13	7	1461.0	0.4791238877481177
chr19	-12	5	1463.0	0.3417634996582365
chr19	-11	2	1479.0	0.1352265043948614
chr19	-10	6	1498.0	0.4005340453938585
chr19	-9	3	1498.0	0.20026702269692925
chr19	-8	19	1498.0	1.268357810413885
chr19	-7	13	1498.0	0.8678237650200267
chr19	-6	7	1498.0	0.46728971962616817
chr19	-5	7	1498.0	0.46728971962616817
chr19	-4	9	1495.0	0.6020066889632106
chr19	-3	10	1486.0	0.6729475100942126
chr19	-2	10	1484.0	0.6738544474393532
chr19	-1	45	1463.0	3.0758714969241283
chr19	0	107	1244.0	8.60128617363344
chr19	1	22	1292.0	1.7027863777089782
chr19	2	17	1285.0	1.3229571984435797
chr19	3	28	1284.0	2.1806853582554515
chr19	4	27	1281.0	2.107728337236534
chr19	5	39	1264.0	3.0854430379746836
chr19	6	43	1257.0	3.4208432776451874
chr19	7	20	1247.0	1.6038492381716118
chr19	8	30	1237.0	2.4252223120452707
chr19	9	16	1226.0	1.3050570962479608
chr19	10	31	1211.0	2.559867877786953
chr19	11	31	1198.0	2.5876460767946576
chr19	12	28	1187.0	2.358887952822241
chr19	13	29	1170.0	2.4786324786324787
chr19	14	36	1165.0	3.0901287553648067
chr19	15	32	1152.0	2.7777777777777777
chr19	16	22	1141.0	1.9281332164767746
chr19	17	28	1129.0	2.4800708591674048
chr19	18	14	1122.0	1.2477718360071302
chr19	19	20	1118.0	1.7889087656529516
chr19	20	21	1107.0	1.8970189701897018
chr19	21	20	1098.0	1.8214936247723135
chr19	22	28	1078.0	2.5974025974025974
chr19	23	25	1060.0	2.358490566037736
chr19	24	30	1040.0	2.8846153846153846
chr19	25	24	1031.0	2.3278370514064015
chr19	26	24	1025.0	2.341463414634146
chr19	27	15	1007.0	1.4895729890764648
chr19	28	26	995.0	2.613065326633166
chr19	29	16	984.0	1.6260162601626018
chr19	30	27	972.0	2.7777777777777777
chr19	31	23	965.0	2.383419689119171
chr19	32	25	953.0	2.6232948583420774
chr19	33	29	939.0	3.08839190628328
chr19	34	18	927.0	1.9417475728155338
chr19	35	23	911.0	2.5246981339187706
chr19	36	20	902.0	2.2172949002217295
chr19	37	19	890.0	2.134831460674157
chr19	38	14	881.0	1.5891032917139614
chr19	39	15	865.0	1.7341040462427744
chr19	40	30	851.0	3.525264394829612
chr19	41	21	839.0	2.5029797377830754
chr19	42	21	827.0	2.539298669891173
chr19	43	15	817.0	1.8359853121175032
chr19	44	19	807.0	2.3543990086741013
chr19	45	29	796.0	3.6432160804020097
chr19	46	21	790.0	2.6582278481012658
chr19	47	20	779.0	2.5673940949935816
chr19	48	17	771.0	2.204928664072633
chr19	49	16	759.0	2.1080368906455864
chr19	50	13	749.0	1.7356475300400533
chr19	51	21	736.0	2.8532608695652173
chr19	52	13	726.0	1.790633608815427
chr19	53	16	712.0	2.247191011235955
chr19	54	16	697.0	2.295552367288379
chr19	55	14	684.0	2.046783625730994
chr19	56	16	667.0	2.39880059970015
chr19	57	11	656.0	1.676829268292683
chr19	58	10	648.0	1.5432098765432098
chr19	59	17	635.0	2.677165354330709
chr19	60	15	626.0	2.3961661341853033
chr19	61	13	613.0	2.1207177814029365
chr19	62	9	600.0	1.5
chr19	63	26	591.0	4.39932318104907
chr19	64	12	569.0	2.10896309314587
chr19	65	8	557.0	1.436265709156194
chr19	66	13	542.0	2.3985239852398523
chr19	67	2	537.0	0.37243947858473
chr19	68	21	526.0	3.9923954372623576
chr19	69	7	515.0	1.3592233009708738
chr19	70	9	507.0	1.7751479289940828
chr19	71	11	495.0	2.2222222222222223
chr19	72	14	486.0	2.880658436213992
chr19	73	9	480.0	1.875
chr19	74	10	460.0	2.1739130434782608
chr19	75	6	449.0	1.3363028953229399
chr19	76	9	440.0	2.0454545454545454
chr19	77	8	431.0	1.8561484918793503
chr19	78	9	423.0	2.127659574468085
chr19	79	8	410.0	1.951219512195122
chr19	80	13	398.0	3.2663316582914574
chr19	81	10	385.0	2.5974025974025974
chr19	82	13	375.0	3.4666666666666663
chr19	83	7	363.0	1.9283746556473829
chr19	84	8	349.0	2.292263610315186
chr19	85	8	338.0	2.366863905325444
chr19	86	2	324.0	0.6172839506172839
chr19	87	1	315.0	0.31746031746031744
chr19	88	3	310.0	0.967741935483871
chr19	89	9	298.0	3.0201342281879198
chr19	90	3	284.0	1.056338028169014
chr19	91	5	278.0	1.7985611510791366
chr19	92	9	264.0	3.4090909090909087
chr19	93	4	251.0	1.593625498007968
chr19	94	5	238.0	2.100840336134454
chr19	95	9	224.0	4.017857142857143
chr19	96	8	208.0	3.8461538461538463
chr19	97	4	201.0	1.9900497512437811
chr19	98	4	187.0	2.13903743315508
chr19	99	6	178.0	3.3707865168539324
chr19	100	2	165.0	1.2121212121212122
chr19	101	0	153.0	0.0
chr19	102	1	138.0	0.7246376811594203
chr19	103	2	129.0	1.550387596899225
chr19	104	3	115.0	2.608695652173913
chr19	105	3	102.0	2.941176470588235
chr19	106	1	95.0	1.0526315789473684
chr19	107	2	84.0	2.380952380952381
chr19	108	0	72.0	0.0
chr19	109	2	59.0	3.389830508474576
chr19	110	1	49.0	2.0408163265306123
chr19	111	0	43.0	0.0
chr19	112	0	32.0	0.0
chr19	113	0	28.0	0.0
chr19	114	0	20.0	0.0
chr19	115	2	15.0	13.333333333333334
chr19	116	1	2.0	50.0
chr19	117	0	0.0	nan
chr19	118	0	0.0	nan
chr19	119	0	0.0	nan
chr19	120	0	0.0	nan
chr19	121	0	0.0	nan
chr19	122	0	0.0	nan
chr19	123	0	0.0	nan
chr19	124	0	0.0	nan
chr19	125	0	0.0	nan
chr19	126	0	0.0	nan
chr19	127	0	0.0	nan
chr19	128	0	0.0	nan
chr19	129	0	0.0	nan
chr19	130	0	0.0	nan
chr19	131	0	0.0	nan
chr19	132	0	0.0	nan
chr19	133	0	0.0	nan
chr19	134	0	0.0	nan
chr19	135	0	0.0	nan
chr20	-134	0	1.0	0.0
chr20	-133	0	1.0	0.0
chr20	-132	0	1.0	0.0
chr20	-131	0	3.0	0.0
chr20	-130	0	4.0	0.0
chr20	-129	0	7.0	0.0
chr20	-128	0	11.0	0.0
chr20	-127	0	15.0	0.0
chr20	-126	0	20.0	0.0
chr20	-125	0	26.0	0.0
chr20	-124	0	31.0	0.0
chr20	-123	0	35.0	0.0
chr20	-122	0	40.0	0.0
chr20	-121	0	46.0	0.0
chr20	-120	0	52.0	0.0
chr20	-119	0	61.0	0.0
chr20	-118	0	63.0	0.0
chr20	-117	0	66.0	0.0
chr20	-116	0	71.0	0.0
chr20	-115	0	73.0	0.0
chr20	-114	0	77.0	0.0
chr20	-113	0	85.0	0.0
chr20	-112	0	90.0	0.0
chr20	-111	0	92.0	0.0
chr20	-110	0	98.0	0.0
chr20	-109	0	102.0	0.0
chr20	-108	0	112.0	0.0
chr20	-107	0	116.0	0.0
chr20	-106	0	116.0	0.0
chr20	-105	0	122.0	0.0
chr20	-104	0	128.0	0.0
chr20	-103	4	138.0	2.898550724637681
chr20	-102	5	141.0	3.546099290780142
chr20	-101	1	146.0	0.684931506849315
chr20	-100	0	151.0	0.0
chr20	-99	0	156.0	0.0
chr20	-98	1	161.0	0.6211180124223602
chr20	-97	0	164.0	0.0
chr20	-96	0	171.0	0.0
chr20	-95	0	174.0	0.0
chr20	-94	0	183.0	0.0
chr20	-93	1	187.0	0.53475935828877
chr20	-92	0	188.0	0.0
chr20	-91	0	193.0	0.0
chr20	-90	0	197.0	0.0
chr20	-89	1	201.0	0.4975124378109453
chr20	-88	0	206.0	0.0
chr20	-87	1	215.0	0.46511627906976744
chr20	-86	1	222.0	0.45045045045045046
chr20	-85	0	226.0	0.0
chr20	-84	0	234.0	0.0
chr20	-83	0	239.0	0.0
chr20	-82	0	245.0	0.0
chr20	-81	1	250.0	0.4
chr20	-80	0	253.0	0.0
chr20	-79	1	257.0	0.38910505836575876
chr20	-78	0	263.0	0.0
chr20	-77	1	267.0	0.37453183520599254
chr20	-76	1	271.0	0.36900369003690037
chr20	-75	0	276.0	0.0
chr20	-74	1	282.0	0.3546099290780142
chr20	-73	0	284.0	0.0
chr20	-72	0	289.0	0.0
chr20	-71	0	297.0	0.0
chr20	-70	0	300.0	0.0
chr20	-69	0	309.0	0.0
chr20	-68	1	314.0	0.3184713375796179
chr20	-67	1	319.0	0.3134796238244514
chr20	-66	0	320.0	0.0
chr20	-65	0	324.0	0.0
chr20	-64	1	332.0	0.30120481927710846
chr20	-63	2	336.0	0.5952380952380952
chr20	-62	1	339.0	0.2949852507374631
chr20	-61	2	341.0	0.5865102639296188
chr20	-60	1	345.0	0.2898550724637681
chr20	-59	0	350.0	0.0
chr20	-58	0	354.0	0.0
chr20	-57	2	357.0	0.5602240896358543
chr20	-56	3	360.0	0.8333333333333334
chr20	-55	1	364.0	0.27472527472527475
chr20	-54	0	367.0	0.0
chr20	-53	1	373.0	0.2680965147453083
chr20	-52	1	380.0	0.2631578947368421
chr20	-51	0	388.0	0.0
chr20	-50	3	391.0	0.7672634271099744
chr20	-49	0	397.0	0.0
chr20	-48	1	400.0	0.25
chr20	-47	1	404.0	0.24752475247524752
chr20	-46	2	405.0	0.49382716049382713
chr20	-45	1	411.0	0.24330900243309003
chr20	-44	2	411.0	0.48661800486618007
chr20	-43	0	415.0	0.0
chr20	-42	2	421.0	0.4750593824228029
chr20	-41	0	423.0	0.0
chr20	-40	0	427.0	0.0
chr20	-39	1	428.0	0.23364485981308408
chr20	-38	0	434.0	0.0
chr20	-37	0	438.0	0.0
chr20	-36	0	445.0	0.0
chr20	-35	0	446.0	0.0
chr20	-34	1	451.0	0.22172949002217296
chr20	-33	1	460.0	0.21739130434782608
chr20	-32	1	468.0	0.2136752136752137
chr20	-31	7	472.0	1.4830508474576272
chr20	-30	0	475.0	0.0
chr20	-29	1	482.0	0.2074688796680498
chr20	-28	1	484.0	0.2066115702479339
chr20	-27	1	489.0	0.2044989775051125
chr20	-26	1	491.0	0.20366598778004072
chr20	-25	3	495.0	0.6060606060606061
chr20	-24	1	500.0	0.2
chr20	-23	3	502.0	0.5976095617529881
chr20	-22	0	509.0	0.0
chr20	-21	0	518.0	0.0
chr20	-20	0	526.0	0.0
chr20	-19	0	533.0	0.0
chr20	-18	1	540.0	0.1851851851851852
chr20	-17	2	549.0	0.36429872495446264
chr20	-16	0	553.0	0.0
chr20	-15	0	558.0	0.0
chr20	-14	3	561.0	0.53475935828877
chr20	-13	9	565.0	1.592920353982301
chr20	-12	1	571.0	0.17513134851138354
chr20	-11	4	576.0	0.6944444444444444
chr20	-10	2	577.0	0.34662045060658575
chr20	-9	5	577.0	0.8665511265164645
chr20	-8	1	577.0	0.17331022530329288
chr20	-7	3	577.0	0.5199306759098787
chr20	-6	1	571.0	0.17513134851138354
chr20	-5	2	572.0	0.34965034965034963
chr20	-4	1	572.0	0.17482517482517482
chr20	-3	2	568.0	0.35211267605633806
chr20	-2	16	567.0	2.821869488536155
chr20	-1	34	558.0	6.093189964157706
chr20	0	33	463.0	7.127429805615551
chr20	1	8	477.0	1.6771488469601679
chr20	2	1	470.0	0.2127659574468085
chr20	3	6	469.0	1.279317697228145
chr20	4	10	467.0	2.141327623126338
chr20	5	11	459.0	2.3965141612200433
chr20	6	3	452.0	0.6637168141592921
chr20	7	13	446.0	2.914798206278027
chr20	8	7	447.0	1.5659955257270695
chr20	9	9	440.0	2.0454545454545454
chr20	10	6	435.0	1.3793103448275863
chr20	11	8	427.0	1.873536299765808
chr20	12	13	417.0	3.117505995203837
chr20	13	17	421.0	4.038004750593824
chr20	14	13	411.0	3.1630170316301705
chr20	15	8	410.0	1.951219512195122
chr20	16	6	406.0	1.477832512315271
chr20	17	9	402.0	2.2388059701492535
chr20	18	9	397.0	2.2670025188916876
chr20	19	9	392.0	2.295918367346939
chr20	20	11	388.0	2.8350515463917527
chr20	21	4	383.0	1.0443864229765014
chr20	22	7	376.0	1.8617021276595744
chr20	23	6	370.0	1.6216216216216217
chr20	24	12	364.0	3.296703296703297
chr20	25	4	362.0	1.1049723756906076
chr20	26	9	360.0	2.5
chr20	27	8	356.0	2.247191011235955
chr20	28	2	348.0	0.5747126436781609
chr20	29	4	342.0	1.1695906432748537
chr20	30	10	338.0	2.9585798816568047
chr20	31	7	337.0	2.0771513353115725
chr20	32	4	335.0	1.1940298507462688
chr20	33	4	331.0	1.2084592145015105
chr20	34	4	327.0	1.2232415902140672
chr20	35	7	322.0	2.1739130434782608
chr20	36	7	318.0	2.20125786163522
chr20	37	8	314.0	2.547770700636943
chr20	38	7	307.0	2.2801302931596092
chr20	39	7	302.0	2.3178807947019866
chr20	40	3	297.0	1.0101010101010102
chr20	41	7	292.0	2.3972602739726026
chr20	42	8	285.0	2.807017543859649
chr20	43	5	277.0	1.8050541516245486
chr20	44	5	273.0	1.8315018315018317
chr20	45	3	271.0	1.107011070110701
chr20	46	5	267.0	1.8726591760299627
chr20	47	3	265.0	1.1320754716981132
chr20	48	9	263.0	3.4220532319391634
chr20	49	11	257.0	4.280155642023346
chr20	50	5	254.0	1.968503937007874
chr20	51	3	251.0	1.1952191235059761
chr20	52	4	249.0	1.6064257028112447
chr20	53	2	243.0	0.823045267489712
chr20	54	4	241.0	1.6597510373443984
chr20	55	8	234.0	3.418803418803419
chr20	56	3	228.0	1.3157894736842104
chr20	57	3	226.0	1.3274336283185841
chr20	58	3	220.0	1.3636363636363635
chr20	59	2	218.0	0.9174311926605505
chr20	60	4	216.0	1.8518518518518516
chr20	61	4	215.0	1.8604651162790697
chr20	62	6	210.0	2.857142857142857
chr20	63	5	202.0	2.4752475247524752
chr20	64	5	199.0	2.512562814070352
chr20	65	2	199.0	1.0050251256281406
chr20	66	2	193.0	1.0362694300518136
chr20	67	2	189.0	1.0582010582010581
chr20	68	3	185.0	1.6216216216216217
chr20	69	1	179.0	0.5586592178770949
chr20	70	6	176.0	3.4090909090909087
chr20	71	0	175.0	0.0
chr20	72	1	171.0	0.5847953216374269
chr20	73	4	169.0	2.366863905325444
chr20	74	1	164.0	0.6097560975609756
chr20	75	0	160.0	0.0
chr20	76	1	155.0	0.6451612903225806
chr20	77	3	152.0	1.9736842105263157
chr20	78	2	149.0	1.342281879194631
chr20	79	2	148.0	1.3513513513513513
chr20	80	3	145.0	2.0689655172413794
chr20	81	1	141.0	0.7092198581560284
chr20	82	1	140.0	0.7142857142857143
chr20	83	1	139.0	0.7194244604316548
chr20	84	5	138.0	3.6231884057971016
chr20	85	1	133.0	0.7518796992481203
chr20	86	1	129.0	0.7751937984496124
chr20	87	2	128.0	1.5625
chr20	88	2	126.0	1.5873015873015872
chr20	89	3	120.0	2.5
chr20	90	1	117.0	0.8547008547008548
chr20	91	4	115.0	3.4782608695652173
chr20	92	4	111.0	3.6036036036036037
chr20	93	7	105.0	6.666666666666667
chr20	94	2	100.0	2.0
chr20	95	1	94.0	1.0638297872340425
chr20	96	4	88.0	4.545454545454546
chr20	97	1	86.0	1.1627906976744187
chr20	98	1	77.0	1.2987012987012987
chr20	99	4	74.0	5.405405405405405
chr20	100	2	71.0	2.8169014084507045
chr20	101	3	70.0	4.285714285714286
chr20	102	0	69.0	0.0
chr20	103	2	65.0	3.076923076923077
chr20	104	1	59.0	1.694915254237288
chr20	105	1	54.0	1.8518518518518516
chr20	106	1	45.0	2.2222222222222223
chr20	107	0	42.0	0.0
chr20	108	0	34.0	0.0
chr20	109	0	26.0	0.0
chr20	110	0	22.0	0.0
chr20	111	0	19.0	0.0
chr20	112	0	15.0	0.0
chr20	113	0	11.0	0.0
chr20	114	0	5.0	0.0
chr20	115	0	1.0	0.0
chr20	116	0	0.0	nan
chr20	117	0	0.0	nan
chr20	118	0	0.0	nan
chr20	119	0	0.0	nan
chr20	120	0	0.0	nan
chr20	121	0	0.0	nan
chr20	122	0	0.0	nan
chr20	123	0	0.0	nan
chr20	124	0	0.0	nan
chr20	125	0	0.0	nan
chr20	126	0	0.0	nan
chr20	127	0	0.0	nan
chr20	128	0	0.0	nan
chr20	129	0	0.0	nan
chr20	130	0	0.0	nan
chr20	131	0	0.0	nan
chr20	132	0	0.0	nan
chr20	133	0	0.0	nan
chr20	134	0	0.0	nan
chr20	135	0	0.0	nan
chr20	136	0	0.0	nan
chr20	137	0	0.0	nan
chr20	138	0	0.0	nan
chr20	139	0	0.0	nan
chr20	140	0	0.0	nan
chr20	141	0	0.0	nan
chr20	142	0	0.0	nan
chr20	143	0	0.0	nan
chr20	144	0	0.0	nan
chr20	145	0	0.0	nan
chr20	146	0	0.0	nan
chr20	147	0	0.0	nan
chr21	-130	0	1.0	0.0
chr21	-129	0	2.0	0.0
chr21	-128	0	3.0	0.0
chr21	-127	0	9.0	0.0
chr21	-126	0	13.0	0.0
chr21	-125	0	13.0	0.0
chr21	-124	0	15.0	0.0
chr21	-123	0	17.0	0.0
chr21	-122	0	23.0	0.0
chr21	-121	0	26.0	0.0
chr21	-120	0	27.0	0.0
chr21	-119	0	30.0	0.0
chr21	-118	0	33.0	0.0
chr21	-117	0	35.0	0.0
chr21	-116	0	37.0	0.0
chr21	-115	0	39.0	0.0
chr21	-114	0	45.0	0.0
chr21	-113	1	47.0	2.127659574468085
chr21	-112	0	51.0	0.0
chr21	-111	0	56.0	0.0
chr21	-110	0	61.0	0.0
chr21	-109	0	67.0	0.0
chr21	-108	0	69.0	0.0
chr21	-107	0	74.0	0.0
chr21	-106	0	77.0	0.0
chr21	-105	0	80.0	0.0
chr21	-104	0	87.0	0.0
chr21	-103	0	87.0	0.0
chr21	-102	0	88.0	0.0
chr21	-101	1	89.0	1.1235955056179776
chr21	-100	0	90.0	0.0
chr21	-99	0	93.0	0.0
chr21	-98	0	98.0	0.0
chr21	-97	0	101.0	0.0
chr21	-96	5	103.0	4.854368932038835
chr21	-95	0	105.0	0.0
chr21	-94	0	107.0	0.0
chr21	-93	0	109.0	0.0
chr21	-92	0	110.0	0.0
chr21	-91	0	115.0	0.0
chr21	-90	0	118.0	0.0
chr21	-89	0	121.0	0.0
chr21	-88	0	123.0	0.0
chr21	-87	0	127.0	0.0
chr21	-86	0	130.0	0.0
chr21	-85	0	132.0	0.0
chr21	-84	0	134.0	0.0
chr21	-83	0	136.0	0.0
chr21	-82	0	137.0	0.0
chr21	-81	1	140.0	0.7142857142857143
chr21	-80	0	143.0	0.0
chr21	-79	2	144.0	1.3888888888888888
chr21	-78	0	147.0	0.0
chr21	-77	0	149.0	0.0
chr21	-76	0	151.0	0.0
chr21	-75	0	153.0	0.0
chr21	-74	1	155.0	0.6451612903225806
chr21	-73	0	162.0	0.0
chr21	-72	0	164.0	0.0
chr21	-71	0	165.0	0.0
chr21	-70	0	165.0	0.0
chr21	-69	0	167.0	0.0
chr21	-68	0	169.0	0.0
chr21	-67	0	173.0	0.0
chr21	-66	0	175.0	0.0
chr21	-65	0	179.0	0.0
chr21	-64	0	179.0	0.0
chr21	-63	1	181.0	0.5524861878453038
chr21	-62	0	181.0	0.0
chr21	-61	0	184.0	0.0
chr21	-60	3	187.0	1.6042780748663104
chr21	-59	1	190.0	0.5263157894736842
chr21	-58	0	192.0	0.0
chr21	-57	0	194.0	0.0
chr21	-56	0	197.0	0.0
chr21	-55	0	204.0	0.0
chr21	-54	0	211.0	0.0
chr21	-53	0	212.0	0.0
chr21	-52	0	217.0	0.0
chr21	-51	0	218.0	0.0
chr21	-50	0	220.0	0.0
chr21	-49	1	222.0	0.45045045045045046
chr21	-48	0	227.0	0.0
chr21	-47	0	230.0	0.0
chr21	-46	0	230.0	0.0
chr21	-45	0	232.0	0.0
chr21	-44	0	234.0	0.0
chr21	-43	0	234.0	0.0
chr21	-42	0	238.0	0.0
chr21	-41	0	240.0	0.0
chr21	-40	0	245.0	0.0
chr21	-39	0	247.0	0.0
chr21	-38	2	248.0	0.8064516129032258
chr21	-37	0	251.0	0.0
chr21	-36	3	252.0	1.1904761904761905
chr21	-35	6	259.0	2.3166023166023164
chr21	-34	0	261.0	0.0
chr21	-33	5	262.0	1.9083969465648856
chr21	-32	0	266.0	0.0
chr21	-31	5	268.0	1.8656716417910446
chr21	-30	0	269.0	0.0
chr21	-29	5	269.0	1.858736059479554
chr21	-28	0	272.0	0.0
chr21	-27	1	274.0	0.36496350364963503
chr21	-26	1	278.0	0.3597122302158274
chr21	-25	1	279.0	0.35842293906810035
chr21	-24	0	282.0	0.0
chr21	-23	0	284.0	0.0
chr21	-22	1	284.0	0.35211267605633806
chr21	-21	6	287.0	2.0905923344947737
chr21	-20	1	287.0	0.34843205574912894
chr21	-19	0	289.0	0.0
chr21	-18	0	290.0	0.0
chr21	-17	0	292.0	0.0
chr21	-16	1	294.0	0.3401360544217687
chr21	-15	0	296.0	0.0
chr21	-14	4	299.0	1.3377926421404682
chr21	-13	0	303.0	0.0
chr21	-12	0	303.0	0.0
chr21	-11	0	304.0	0.0
chr21	-10	1	305.0	0.32786885245901637
chr21	-9	1	305.0	0.32786885245901637
chr21	-8	5	305.0	1.639344262295082
chr21	-7	0	299.0	0.0
chr21	-6	2	298.0	0.6711409395973155
chr21	-5	3	297.0	1.0101010101010102
chr21	-4	1	298.0	0.33557046979865773
chr21	-3	7	298.0	2.348993288590604
chr21	-2	5	282.0	1.773049645390071
chr21	-1	17	277.0	6.137184115523466
chr21	0	13	220.0	5.909090909090909
chr21	1	4	231.0	1.7316017316017316
chr21	2	8	239.0	3.3472803347280333
chr21	3	3	244.0	1.2295081967213115
chr21	4	1	242.0	0.4132231404958678
chr21	5	1	236.0	0.423728813559322
chr21	6	15	228.0	6.578947368421052
chr21	7	5	233.0	2.1459227467811157
chr21	8	5	231.0	2.1645021645021645
chr21	9	2	229.0	0.8733624454148471
chr21	10	6	226.0	2.6548672566371683
chr21	11	9	226.0	3.982300884955752
chr21	12	1	220.0	0.45454545454545453
chr21	13	8	219.0	3.65296803652968
chr21	14	1	213.0	0.4694835680751174
chr21	15	2	208.0	0.9615384615384616
chr21	16	7	208.0	3.3653846153846154
chr21	17	1	199.0	0.5025125628140703
chr21	18	2	194.0	1.0309278350515463
chr21	19	4	192.0	2.083333333333333
chr21	20	6	189.0	3.1746031746031744
chr21	21	5	188.0	2.6595744680851063
chr21	22	0	185.0	0.0
chr21	23	7	183.0	3.825136612021858
chr21	24	10	182.0	5.4945054945054945
chr21	25	1	181.0	0.5524861878453038
chr21	26	2	181.0	1.1049723756906076
chr21	27	3	179.0	1.675977653631285
chr21	28	6	173.0	3.4682080924855487
chr21	29	6	171.0	3.508771929824561
chr21	30	7	169.0	4.142011834319527
chr21	31	7	168.0	4.166666666666666
chr21	32	5	168.0	2.976190476190476
chr21	33	5	167.0	2.9940119760479043
chr21	34	5	166.0	3.0120481927710845
chr21	35	6	166.0	3.614457831325301
chr21	36	2	161.0	1.2422360248447204
chr21	37	4	158.0	2.5316455696202533
chr21	38	0	154.0	0.0
chr21	39	7	151.0	4.635761589403973
chr21	40	2	147.0	1.3605442176870748
chr21	41	0	145.0	0.0
chr21	42	5	144.0	3.4722222222222223
chr21	43	1	143.0	0.6993006993006993
chr21	44	4	142.0	2.8169014084507045
chr21	45	0	141.0	0.0
chr21	46	1	139.0	0.7194244604316548
chr21	47	2	136.0	1.4705882352941175
chr21	48	1	135.0	0.7407407407407408
chr21	49	3	133.0	2.2556390977443606
chr21	50	0	131.0	0.0
chr21	51	2	130.0	1.5384615384615385
chr21	52	1	128.0	0.78125
chr21	53	4	127.0	3.149606299212598
chr21	54	5	123.0	4.0650406504065035
chr21	55	3	120.0	2.5
chr21	56	5	119.0	4.201680672268908
chr21	57	6	117.0	5.128205128205128
chr21	58	1	113.0	0.8849557522123894
chr21	59	3	112.0	2.6785714285714284
chr21	60	3	109.0	2.7522935779816518
chr21	61	4	108.0	3.7037037037037033
chr21	62	2	105.0	1.9047619047619049
chr21	63	2	105.0	1.9047619047619049
chr21	64	3	105.0	2.857142857142857
chr21	65	3	101.0	2.9702970297029703
chr21	66	5	100.0	5.0
chr21	67	0	95.0	0.0
chr21	68	1	92.0	1.0869565217391304
chr21	69	4	90.0	4.444444444444445
chr21	70	2	88.0	2.272727272727273
chr21	71	0	84.0	0.0
chr21	72	1	80.0	1.25
chr21	73	1	75.0	1.3333333333333335
chr21	74	3	75.0	4.0
chr21	75	0	72.0	0.0
chr21	76	0	69.0	0.0
chr21	77	2	67.0	2.9850746268656714
chr21	78	2	65.0	3.076923076923077
chr21	79	2	62.0	3.225806451612903
chr21	80	0	61.0	0.0
chr21	81	1	58.0	1.7241379310344827
chr21	82	2	58.0	3.4482758620689653
chr21	83	0	57.0	0.0
chr21	84	0	55.0	0.0
chr21	85	1	54.0	1.8518518518518516
chr21	86	1	50.0	2.0
chr21	87	0	48.0	0.0
chr21	88	0	45.0	0.0
chr21	89	1	42.0	2.380952380952381
chr21	90	1	39.0	2.564102564102564
chr21	91	1	38.0	2.631578947368421
chr21	92	1	36.0	2.7777777777777777
chr21	93	0	34.0	0.0
chr21	94	0	33.0	0.0
chr21	95	1	30.0	3.3333333333333335
chr21	96	0	30.0	0.0
chr21	97	1	28.0	3.571428571428571
chr21	98	0	28.0	0.0
chr21	99	1	26.0	3.8461538461538463
chr21	100	0	24.0	0.0
chr21	101	1	23.0	4.3478260869565215
chr21	102	0	22.0	0.0
chr21	103	2	21.0	9.523809523809524
chr21	104	0	19.0	0.0
chr21	105	2	18.0	11.11111111111111
chr21	106	1	15.0	6.666666666666667
chr21	107	0	15.0	0.0
chr21	108	0	14.0	0.0
chr21	109	0	12.0	0.0
chr21	110	0	8.0	0.0
chr21	111	0	8.0	0.0
chr21	112	0	6.0	0.0
chr21	113	0	3.0	0.0
chr21	114	0	0.0	nan
chr21	115	0	0.0	nan
chr21	116	0	0.0	nan
chr21	117	0	0.0	nan
chr21	118	0	0.0	nan
chr21	119	0	0.0	nan
chr21	120	0	0.0	nan
chr21	121	0	0.0	nan
chr21	122	0	0.0	nan
chr21	123	0	0.0	nan
chr21	124	0	0.0	nan
chr21	125	0	0.0	nan
chr21	126	0	0.0	nan
chr21	127	0	0.0	nan
chr21	128	0	0.0	nan
chr21	129	0	0.0	nan
chr21	130	0	0.0	nan
chr21	131	0	0.0	nan
chr22	-128	0	1.0	0.0
chr22	-127	0	3.0	0.0
chr22	-126	0	11.0	0.0
chr22	-125	0	13.0	0.0
chr22	-124	0	18.0	0.0
chr22	-123	0	23.0	0.0
chr22	-122	0	26.0	0.0
chr22	-121	0	33.0	0.0
chr22	-120	0	36.0	0.0
chr22	-119	0	39.0	0.0
chr22	-118	0	47.0	0.0
chr22	-117	0	57.0	0.0
chr22	-116	0	62.0	0.0
chr22	-115	0	67.0	0.0
chr22	-114	0	71.0	0.0
chr22	-113	0	76.0	0.0
chr22	-112	0	80.0	0.0
chr22	-111	0	83.0	0.0
chr22	-110	0	86.0	0.0
chr22	-109	1	92.0	1.0869565217391304
chr22	-108	0	96.0	0.0
chr22	-107	0	99.0	0.0
chr22	-106	0	107.0	0.0
chr22	-105	0	110.0	0.0
chr22	-104	0	117.0	0.0
chr22	-103	0	118.0	0.0
chr22	-102	0	125.0	0.0
chr22	-101	0	131.0	0.0
chr22	-100	1	138.0	0.7246376811594203
chr22	-99	7	139.0	5.0359712230215825
chr22	-98	1	143.0	0.6993006993006993
chr22	-97	0	148.0	0.0
chr22	-96	0	152.0	0.0
chr22	-95	0	156.0	0.0
chr22	-94	1	163.0	0.6134969325153374
chr22	-93	0	167.0	0.0
chr22	-92	1	171.0	0.5847953216374269
chr22	-91	1	175.0	0.5714285714285714
chr22	-90	0	178.0	0.0
chr22	-89	0	180.0	0.0
chr22	-88	3	186.0	1.6129032258064515
chr22	-87	1	193.0	0.5181347150259068
chr22	-86	3	203.0	1.477832512315271
chr22	-85	0	206.0	0.0
chr22	-84	1	217.0	0.4608294930875576
chr22	-83	0	222.0	0.0
chr22	-82	0	228.0	0.0
chr22	-81	0	232.0	0.0
chr22	-80	1	237.0	0.42194092827004215
chr22	-79	4	244.0	1.639344262295082
chr22	-78	1	248.0	0.4032258064516129
chr22	-77	0	252.0	0.0
chr22	-76	0	255.0	0.0
chr22	-75	0	259.0	0.0
chr22	-74	0	265.0	0.0
chr22	-73	0	267.0	0.0
chr22	-72	0	275.0	0.0
chr22	-71	0	281.0	0.0
chr22	-70	1	289.0	0.34602076124567477
chr22	-69	1	293.0	0.3412969283276451
chr22	-68	0	303.0	0.0
chr22	-67	2	309.0	0.6472491909385114
chr22	-66	1	313.0	0.3194888178913738
chr22	-65	0	314.0	0.0
chr22	-64	2	316.0	0.6329113924050633
chr22	-63	2	318.0	0.628930817610063
chr22	-62	2	324.0	0.6172839506172839
chr22	-61	1	328.0	0.3048780487804878
chr22	-60	0	333.0	0.0
chr22	-59	2	335.0	0.5970149253731344
chr22	-58	0	343.0	0.0
chr22	-57	0	347.0	0.0
chr22	-56	3	352.0	0.8522727272727272
chr22	-55	1	357.0	0.2801120448179272
chr22	-54	1	363.0	0.27548209366391185
chr22	-53	2	365.0	0.547945205479452
chr22	-52	0	377.0	0.0
chr22	-51	0	381.0	0.0
chr22	-50	1	385.0	0.2597402597402597
chr22	-49	1	386.0	0.2590673575129534
chr22	-48	0	395.0	0.0
chr22	-47	7	401.0	1.7456359102244388
chr22	-46	2	404.0	0.49504950495049505
chr22	-45	5	412.0	1.2135922330097086
chr22	-44	3	413.0	0.7263922518159807
chr22	-43	0	416.0	0.0
chr22	-42	1	419.0	0.23866348448687352
chr22	-41	1	423.0	0.2364066193853428
chr22	-40	4	427.0	0.936768149882904
chr22	-39	0	430.0	0.0
chr22	-38	1	433.0	0.23094688221709006
chr22	-37	0	439.0	0.0
chr22	-36	5	446.0	1.1210762331838564
chr22	-35	3	453.0	0.6622516556291391
chr22	-34	1	456.0	0.21929824561403508
chr22	-33	4	457.0	0.87527352297593
chr22	-32	0	460.0	0.0
chr22	-31	0	464.0	0.0
chr22	-30	1	469.0	0.21321961620469082
chr22	-29	0	474.0	0.0
chr22	-28	0	477.0	0.0
chr22	-27	0	481.0	0.0
chr22	-26	1	490.0	0.20408163265306123
chr22	-25	2	497.0	0.4024144869215292
chr22	-24	3	506.0	0.592885375494071
chr22	-23	1	512.0	0.1953125
chr22	-22	1	521.0	0.19193857965451055
chr22	-21	6	526.0	1.1406844106463878
chr22	-20	0	529.0	0.0
chr22	-19	1	534.0	0.18726591760299627
chr22	-18	5	540.0	0.9259259259259258
chr22	-17	1	543.0	0.1841620626151013
chr22	-16	1	550.0	0.18181818181818182
chr22	-15	5	552.0	0.9057971014492754
chr22	-14	7	557.0	1.2567324955116697
chr22	-13	1	558.0	0.17921146953405018
chr22	-12	3	565.0	0.5309734513274336
chr22	-11	4	571.0	0.7005253940455342
chr22	-10	1	574.0	0.17421602787456447
chr22	-9	7	574.0	1.2195121951219512
chr22	-8	1	574.0	0.17421602787456447
chr22	-7	6	574.0	1.0452961672473868
chr22	-6	0	574.0	0.0
chr22	-5	5	574.0	0.8710801393728222
chr22	-4	4	574.0	0.6968641114982579
chr22	-3	5	574.0	0.8710801393728222
chr22	-2	7	573.0	1.2216404886561953
chr22	-1	20	569.0	3.5149384885764503
chr22	0	34	449.0	7.57238307349666
chr22	1	6	468.0	1.282051282051282
chr22	2	3	466.0	0.6437768240343348
chr22	3	12	464.0	2.586206896551724
chr22	4	14	462.0	3.0303030303030303
chr22	5	7	460.0	1.5217391304347827
chr22	6	11	456.0	2.4122807017543857
chr22	7	10	452.0	2.2123893805309733
chr22	8	22	448.0	4.910714285714286
chr22	9	14	448.0	3.125
chr22	10	14	440.0	3.1818181818181817
chr22	11	14	438.0	3.1963470319634704
chr22	12	20	434.0	4.6082949308755765
chr22	13	20	429.0	4.662004662004662
chr22	14	3	425.0	0.7058823529411765
chr22	15	18	418.0	4.30622009569378
chr22	16	12	416.0	2.8846153846153846
chr22	17	14	412.0	3.3980582524271843
chr22	18	4	406.0	0.9852216748768473
chr22	19	12	401.0	2.9925187032418954
chr22	20	11	395.0	2.7848101265822782
chr22	21	7	392.0	1.7857142857142856
chr22	22	10	391.0	2.557544757033248
chr22	23	11	387.0	2.842377260981912
chr22	24	8	380.0	2.1052631578947367
chr22	25	13	375.0	3.4666666666666663
chr22	26	7	373.0	1.876675603217158
chr22	27	16	370.0	4.324324324324325
chr22	28	7	365.0	1.9178082191780823
chr22	29	6	361.0	1.662049861495845
chr22	30	11	357.0	3.081232492997199
chr22	31	10	354.0	2.824858757062147
chr22	32	5	353.0	1.41643059490085
chr22	33	10	344.0	2.9069767441860463
chr22	34	7	341.0	2.0527859237536656
chr22	35	15	339.0	4.424778761061947
chr22	36	8	339.0	2.359882005899705
chr22	37	6	338.0	1.7751479289940828
chr22	38	10	332.0	3.0120481927710845
chr22	39	5	325.0	1.5384615384615385
chr22	40	5	322.0	1.5527950310559007
chr22	41	15	317.0	4.73186119873817
chr22	42	11	314.0	3.5031847133757963
chr22	43	7	309.0	2.26537216828479
chr22	44	5	304.0	1.644736842105263
chr22	45	10	302.0	3.3112582781456954
chr22	46	7	296.0	2.364864864864865
chr22	47	5	293.0	1.7064846416382253
chr22	48	2	286.0	0.6993006993006993
chr22	49	8	282.0	2.8368794326241136
chr22	50	5	275.0	1.8181818181818181
chr22	51	1	272.0	0.3676470588235294
chr22	52	8	272.0	2.941176470588235
chr22	53	9	264.0	3.4090909090909087
chr22	54	20	261.0	7.662835249042145
chr22	55	10	253.0	3.9525691699604746
chr22	56	4	249.0	1.6064257028112447
chr22	57	13	245.0	5.3061224489795915
chr22	58	8	240.0	3.3333333333333335
chr22	59	7	233.0	3.004291845493562
chr22	60	8	228.0	3.508771929824561
chr22	61	4	226.0	1.7699115044247788
chr22	62	4	225.0	1.7777777777777777
chr22	63	11	223.0	4.932735426008969
chr22	64	3	220.0	1.3636363636363635
chr22	65	6	219.0	2.73972602739726
chr22	66	7	216.0	3.2407407407407405
chr22	67	2	212.0	0.9433962264150944
chr22	68	9	209.0	4.30622009569378
chr22	69	4	199.0	2.0100502512562812
chr22	70	9	196.0	4.591836734693878
chr22	71	6	190.0	3.1578947368421053
chr22	72	6	189.0	3.1746031746031744
chr22	73	6	182.0	3.296703296703297
chr22	74	5	177.0	2.824858757062147
chr22	75	3	169.0	1.7751479289940828
chr22	76	2	167.0	1.1976047904191618
chr22	77	4	164.0	2.4390243902439024
chr22	78	5	161.0	3.1055900621118013
chr22	79	2	159.0	1.257861635220126
chr22	80	3	152.0	1.9736842105263157
chr22	81	4	147.0	2.7210884353741496
chr22	82	4	145.0	2.7586206896551726
chr22	83	7	144.0	4.861111111111112
chr22	84	2	142.0	1.4084507042253522
chr22	85	3	137.0	2.18978102189781
chr22	86	4	133.0	3.007518796992481
chr22	87	7	132.0	5.303030303030303
chr22	88	7	128.0	5.46875
chr22	89	5	124.0	4.032258064516129
chr22	90	1	118.0	0.847457627118644
chr22	91	2	112.0	1.7857142857142856
chr22	92	0	105.0	0.0
chr22	93	3	103.0	2.912621359223301
chr22	94	5	101.0	4.9504950495049505
chr22	95	1	99.0	1.0101010101010102
chr22	96	2	94.0	2.127659574468085
chr22	97	3	91.0	3.296703296703297
chr22	98	5	87.0	5.747126436781609
chr22	99	2	81.0	2.4691358024691357
chr22	100	1	75.0	1.3333333333333335
chr22	101	4	69.0	5.797101449275362
chr22	102	1	65.0	1.5384615384615385
chr22	103	1	56.0	1.7857142857142856
chr22	104	0	52.0	0.0
chr22	105	0	44.0	0.0
chr22	106	0	40.0	0.0
chr22	107	1	37.0	2.7027027027027026
chr22	108	1	30.0	3.3333333333333335
chr22	109	2	25.0	8.0
chr22	110	0	21.0	0.0
chr22	111	0	20.0	0.0
chr22	112	0	17.0	0.0
chr22	113	0	12.0	0.0
chr22	114	0	12.0	0.0
chr22	115	0	5.0	0.0
chr22	116	1	3.0	33.33333333333333
chr22	117	0	0.0	nan
chr22	118	0	0.0	nan
chr22	119	0	0.0	nan
chr22	120	0	0.0	nan
chr22	121	0	0.0	nan
chr22	122	0	0.0	nan
chr22	123	0	0.0	nan
chr22	124	0	0.0	nan
chr22	125	0	0.0	nan
chr22	126	0	0.0	nan
chr22	127	0	0.0	nan
chr22	128	0	0.0	nan
chr22	129	0	0.0	nan
chr22	130	0	0.0	nan
chrX	-129	0	2.0	0.0
chrX	-128	0	8.0	0.0
chrX	-127	0	13.0	0.0
chrX	-126	0	18.0	0.0
chrX	-125	0	23.0	0.0
chrX	-124	0	27.0	0.0
chrX	-123	0	34.0	0.0
chrX	-122	0	37.0	0.0
chrX	-121	0	42.0	0.0
chrX	-120	0	51.0	0.0
chrX	-119	0	55.0	0.0
chrX	-118	0	59.0	0.0
chrX	-117	0	63.0	0.0
chrX	-116	0	75.0	0.0
chrX	-115	1	78.0	1.282051282051282
chrX	-114	0	86.0	0.0
chrX	-113	0	88.0	0.0
chrX	-112	0	91.0	0.0
chrX	-111	0	96.0	0.0
chrX	-110	1	100.0	1.0
chrX	-109	0	107.0	0.0
chrX	-108	0	117.0	0.0
chrX	-107	0	121.0	0.0
chrX	-106	1	127.0	0.7874015748031495
chrX	-105	0	134.0	0.0
chrX	-104	0	144.0	0.0
chrX	-103	0	150.0	0.0
chrX	-102	0	158.0	0.0
chrX	-101	1	166.0	0.6024096385542169
chrX	-100	0	168.0	0.0
chrX	-99	0	184.0	0.0
chrX	-98	0	189.0	0.0
chrX	-97	2	193.0	1.0362694300518136
chrX	-96	0	199.0	0.0
chrX	-95	0	202.0	0.0
chrX	-94	0	212.0	0.0
chrX	-93	0	221.0	0.0
chrX	-92	0	228.0	0.0
chrX	-91	1	237.0	0.42194092827004215
chrX	-90	0	247.0	0.0
chrX	-89	0	251.0	0.0
chrX	-88	0	258.0	0.0
chrX	-87	2	262.0	0.7633587786259541
chrX	-86	0	267.0	0.0
chrX	-85	0	276.0	0.0
chrX	-84	0	283.0	0.0
chrX	-83	0	290.0	0.0
chrX	-82	0	297.0	0.0
chrX	-81	0	309.0	0.0
chrX	-80	1	316.0	0.31645569620253167
chrX	-79	0	320.0	0.0
chrX	-78	1	327.0	0.3058103975535168
chrX	-77	0	337.0	0.0
chrX	-76	0	347.0	0.0
chrX	-75	0	359.0	0.0
chrX	-74	2	361.0	0.554016620498615
chrX	-73	1	363.0	0.27548209366391185
chrX	-72	0	369.0	0.0
chrX	-71	0	375.0	0.0
chrX	-70	0	378.0	0.0
chrX	-69	1	385.0	0.2597402597402597
chrX	-68	0	391.0	0.0
chrX	-67	1	397.0	0.2518891687657431
chrX	-66	1	401.0	0.24937655860349126
chrX	-65	1	411.0	0.24330900243309003
chrX	-64	2	418.0	0.4784688995215311
chrX	-63	5	425.0	1.1764705882352942
chrX	-62	0	430.0	0.0
chrX	-61	1	438.0	0.228310502283105
chrX	-60	0	443.0	0.0
chrX	-59	2	450.0	0.4444444444444444
chrX	-58	1	456.0	0.21929824561403508
chrX	-57	0	460.0	0.0
chrX	-56	0	462.0	0.0
chrX	-55	0	469.0	0.0
chrX	-54	0	479.0	0.0
chrX	-53	2	485.0	0.4123711340206186
chrX	-52	0	491.0	0.0
chrX	-51	0	495.0	0.0
chrX	-50	0	503.0	0.0
chrX	-49	0	511.0	0.0
chrX	-48	0	516.0	0.0
chrX	-47	1	526.0	0.19011406844106463
chrX	-46	2	533.0	0.37523452157598497
chrX	-45	1	538.0	0.18587360594795538
chrX	-44	0	545.0	0.0
chrX	-43	0	554.0	0.0
chrX	-42	5	561.0	0.8912655971479502
chrX	-41	1	568.0	0.17605633802816903
chrX	-40	4	580.0	0.6896551724137931
chrX	-39	0	586.0	0.0
chrX	-38	1	591.0	0.1692047377326565
chrX	-37	7	595.0	1.1764705882352942
chrX	-36	1	601.0	0.16638935108153077
chrX	-35	1	604.0	0.16556291390728478
chrX	-34	2	611.0	0.32733224222585927
chrX	-33	1	618.0	0.16181229773462785
chrX	-32	0	626.0	0.0
chrX	-31	6	631.0	0.9508716323296356
chrX	-30	1	635.0	0.15748031496062992
chrX	-29	1	648.0	0.15432098765432098
chrX	-28	1	651.0	0.15360983102918588
chrX	-27	2	662.0	0.3021148036253776
chrX	-26	0	668.0	0.0
chrX	-25	1	675.0	0.14814814814814814
chrX	-24	1	678.0	0.14749262536873156
chrX	-23	3	681.0	0.4405286343612335
chrX	-22	2	693.0	0.2886002886002886
chrX	-21	1	702.0	0.14245014245014245
chrX	-20	2	708.0	0.2824858757062147
chrX	-19	0	712.0	0.0
chrX	-18	2	720.0	0.2777777777777778
chrX	-17	1	724.0	0.13812154696132595
chrX	-16	1	731.0	0.13679890560875513
chrX	-15	2	736.0	0.2717391304347826
chrX	-14	1	740.0	0.13513513513513514
chrX	-13	1	752.0	0.13297872340425532
chrX	-12	0	757.0	0.0
chrX	-11	3	759.0	0.3952569169960474
chrX	-10	1	761.0	0.1314060446780552
chrX	-9	1	762.0	0.13123359580052493
chrX	-8	0	765.0	0.0
chrX	-7	1	765.0	0.130718954248366
chrX	-6	2	765.0	0.261437908496732
chrX	-5	0	765.0	0.0
chrX	-4	1	765.0	0.130718954248366
chrX	-3	8	765.0	1.045751633986928
chrX	-2	1	764.0	0.13089005235602094
chrX	-1	29	757.0	3.830911492734478
chrX	0	67	606.0	11.056105610561056
chrX	1	8	629.0	1.2718600953895072
chrX	2	13	623.0	2.086677367576244
chrX	3	30	622.0	4.823151125401929
chrX	4	14	615.0	2.2764227642276422
chrX	5	22	610.0	3.606557377049181
chrX	6	21	603.0	3.482587064676617
chrX	7	13	600.0	2.166666666666667
chrX	8	13	595.0	2.1848739495798317
chrX	9	12	593.0	2.0236087689713322
chrX	10	18	587.0	3.0664395229982966
chrX	11	24	580.0	4.137931034482759
chrX	12	14	573.0	2.4432809773123907
chrX	13	11	567.0	1.9400352733686066
chrX	14	9	564.0	1.5957446808510638
chrX	15	12	566.0	2.1201413427561837
chrX	16	15	558.0	2.6881720430107525
chrX	17	20	555.0	3.6036036036036037
chrX	18	17	549.0	3.096539162112933
chrX	19	6	540.0	1.1111111111111112
chrX	20	15	536.0	2.798507462686567
chrX	21	10	533.0	1.876172607879925
chrX	22	12	525.0	2.2857142857142856
chrX	23	6	517.0	1.160541586073501
chrX	24	16	510.0	3.1372549019607843
chrX	25	6	505.0	1.188118811881188
chrX	26	8	495.0	1.6161616161616161
chrX	27	5	491.0	1.0183299389002036
chrX	28	11	486.0	2.263374485596708
chrX	29	10	483.0	2.070393374741201
chrX	30	12	478.0	2.510460251046025
chrX	31	9	473.0	1.9027484143763214
chrX	32	8	469.0	1.7057569296375266
chrX	33	5	461.0	1.0845986984815619
chrX	34	13	452.0	2.8761061946902653
chrX	35	6	446.0	1.345291479820628
chrX	36	11	438.0	2.5114155251141552
chrX	37	11	434.0	2.5345622119815667
chrX	38	9	426.0	2.112676056338028
chrX	39	10	423.0	2.3640661938534278
chrX	40	4	417.0	0.9592326139088728
chrX	41	9	412.0	2.1844660194174756
chrX	42	16	404.0	3.9603960396039604
chrX	43	7	401.0	1.7456359102244388
chrX	44	6	397.0	1.5113350125944585
chrX	45	14	387.0	3.6175710594315245
chrX	46	6	378.0	1.5873015873015872
chrX	47	5	372.0	1.3440860215053763
chrX	48	3	366.0	0.819672131147541
chrX	49	10	357.0	2.801120448179272
chrX	50	8	348.0	2.2988505747126435
chrX	51	6	339.0	1.7699115044247788
chrX	52	15	332.0	4.518072289156627
chrX	53	5	331.0	1.5105740181268883
chrX	54	3	329.0	0.911854103343465
chrX	55	6	326.0	1.8404907975460123
chrX	56	6	322.0	1.8633540372670807
chrX	57	10	318.0	3.1446540880503147
chrX	58	4	314.0	1.2738853503184715
chrX	59	7	306.0	2.287581699346405
chrX	60	5	300.0	1.6666666666666667
chrX	61	6	296.0	2.027027027027027
chrX	62	6	288.0	2.083333333333333
chrX	63	4	283.0	1.4134275618374559
chrX	64	12	280.0	4.285714285714286
chrX	65	3	274.0	1.094890510948905
chrX	66	8	268.0	2.9850746268656714
chrX	67	10	262.0	3.816793893129771
chrX	68	1	258.0	0.3875968992248062
chrX	69	6	252.0	2.380952380952381
chrX	70	6	250.0	2.4
chrX	71	5	244.0	2.0491803278688523
chrX	72	4	239.0	1.6736401673640167
chrX	73	11	231.0	4.761904761904762
chrX	74	2	225.0	0.8888888888888888
chrX	75	6	220.0	2.727272727272727
chrX	76	4	217.0	1.8433179723502304
chrX	77	4	215.0	1.8604651162790697
chrX	78	8	209.0	3.827751196172249
chrX	79	10	202.0	4.9504950495049505
chrX	80	7	193.0	3.6269430051813467
chrX	81	1	189.0	0.5291005291005291
chrX	82	2	186.0	1.0752688172043012
chrX	83	3	179.0	1.675977653631285
chrX	84	7	169.0	4.142011834319527
chrX	85	3	162.0	1.8518518518518516
chrX	86	7	154.0	4.545454545454546
chrX	87	1	147.0	0.6802721088435374
chrX	88	5	144.0	3.4722222222222223
chrX	89	3	141.0	2.127659574468085
chrX	90	4	140.0	2.857142857142857
chrX	91	1	135.0	0.7407407407407408
chrX	92	1	131.0	0.7633587786259541
chrX	93	1	123.0	0.8130081300813009
chrX	94	2	117.0	1.7094017094017095
chrX	95	3	108.0	2.7777777777777777
chrX	96	6	105.0	5.714285714285714
chrX	97	5	99.0	5.05050505050505
chrX	98	3	91.0	3.296703296703297
chrX	99	0	86.0	0.0
chrX	100	1	81.0	1.2345679012345678
chrX	101	1	74.0	1.3513513513513513
chrX	102	2	72.0	2.7777777777777777
chrX	103	1	66.0	1.5151515151515151
chrX	104	1	64.0	1.5625
chrX	105	2	53.0	3.7735849056603774
chrX	106	3	46.0	6.521739130434782
chrX	107	0	45.0	0.0
chrX	108	0	42.0	0.0
chrX	109	0	34.0	0.0
chrX	110	2	29.0	6.896551724137931
chrX	111	1	22.0	4.545454545454546
chrX	112	0	20.0	0.0
chrX	113	2	14.0	14.285714285714285
chrX	114	0	6.0	0.0
chrX	115	0	3.0	0.0
chrX	116	0	2.0	0.0
chrX	117	0	0.0	nan
chrX	118	0	0.0	nan
chrX	119	0	0.0	nan
chrX	120	0	0.0	nan
chrX	121	0	0.0	nan
chrX	122	0	0.0	nan
chrX	123	0	0.0	nan
chrX	124	0	0.0	nan
chrX	125	0	0.0	nan
chrX	126	0	0.0	nan
chrX	127	0	0.0	nan
chrX	128	0	0.0	nan
chrX	129	0	0.0	nan
chrX	130	0	0.0	nan
