chr1	-134	0	1.0	0.0
chr1	-133	0	1.0	0.0
chr1	-132	0	1.0	0.0
chr1	-131	0	2.0	0.0
chr1	-130	0	3.0	0.0
chr1	-129	0	3.0	0.0
chr1	-128	0	3.0	0.0
chr1	-127	0	4.0	0.0
chr1	-126	0	4.0	0.0
chr1	-125	0	4.0	0.0
chr1	-124	0	5.0	0.0
chr1	-123	0	8.0	0.0
chr1	-122	0	11.0	0.0
chr1	-121	0	13.0	0.0
chr1	-120	1	425.0	0.2352941176470588
chr1	-119	2	820.0	0.24390243902439024
chr1	-118	0	1240.0	0.0
chr1	-117	6	1659.0	0.3616636528028933
chr1	-116	0	2093.0	0.0
chr1	-115	0	2535.0	0.0
chr1	-114	3	2919.0	0.10277492291880781
chr1	-113	9	3383.0	0.2660360626662725
chr1	-112	8	3784.0	0.21141649048625794
chr1	-111	12	4213.0	0.28483266081177305
chr1	-110	5	4651.0	0.10750376263169212
chr1	-109	6	5073.0	0.11827321111768185
chr1	-108	7	5481.0	0.1277139208173691
chr1	-107	10	5911.0	0.16917611233293858
chr1	-106	9	6327.0	0.1422475106685633
chr1	-105	9	6762.0	0.13309671694764863
chr1	-104	14	7167.0	0.19533975163945863
chr1	-103	9	7598.0	0.11845222426954462
chr1	-102	7	7989.0	0.08762047815746651
chr1	-101	16	8413.0	0.1901818614049685
chr1	-100	12	8870.0	0.13528748590755355
chr1	-99	14	9267.0	0.1510737023848063
chr1	-98	15	9700.0	0.15463917525773196
chr1	-97	20	10101.0	0.198000198000198
chr1	-96	16	10533.0	0.15190354125130542
chr1	-95	15	10922.0	0.13733748397729353
chr1	-94	15	11339.0	0.1322867977775818
chr1	-93	25	11680.0	0.21404109589041095
chr1	-92	15	12099.0	0.12397718819737169
chr1	-91	6	12531.0	0.047881254488867604
chr1	-90	19	12966.0	0.1465370970229832
chr1	-89	26	13374.0	0.19440705847166143
chr1	-88	15	13769.0	0.10894037330234584
chr1	-87	27	14207.0	0.19004715985077777
chr1	-86	36	14605.0	0.24649092776446424
chr1	-85	36	15020.0	0.2396804260985353
chr1	-84	34	15415.0	0.2205643853389556
chr1	-83	29	15827.0	0.1832311872117268
chr1	-82	20	16222.0	0.12328936012822095
chr1	-81	36	16618.0	0.21663256709592008
chr1	-80	25	17080.0	0.14637002341920377
chr1	-79	41	17498.0	0.23431249285632644
chr1	-78	27	17922.0	0.15065282892534315
chr1	-77	32	18279.0	0.17506428141583238
chr1	-76	56	18720.0	0.2991452991452992
chr1	-75	34	19133.0	0.1777034443108765
chr1	-74	30	19547.0	0.15347623676267458
chr1	-73	46	19953.0	0.2305417731669423
chr1	-72	44	20385.0	0.2158449840569046
chr1	-71	27	20806.0	0.12977025857925598
chr1	-70	41	21227.0	0.19315023319357422
chr1	-69	28	21612.0	0.12955765315565426
chr1	-68	33	22055.0	0.14962593516209477
chr1	-67	38	22479.0	0.16904666577694738
chr1	-66	33	22881.0	0.1442244657139111
chr1	-65	31	23306.0	0.1330129580365571
chr1	-64	39	23692.0	0.16461252743542124
chr1	-63	24	24117.0	0.09951486503296429
chr1	-62	77	24507.0	0.31419594401599543
chr1	-61	34	24915.0	0.13646397752358017
chr1	-60	63	25307.0	0.24894298020310587
chr1	-59	92	25701.0	0.3579627251857904
chr1	-58	45	26113.0	0.1723279592540114
chr1	-57	50	26503.0	0.18865788778628834
chr1	-56	40	26969.0	0.14831843969001446
chr1	-55	64	27416.0	0.23344032681645752
chr1	-54	45	27788.0	0.16194040593061754
chr1	-53	87	28210.0	0.3084012761432116
chr1	-52	104	28627.0	0.3632933943479931
chr1	-51	37	29041.0	0.1274060810578148
chr1	-50	49	29434.0	0.16647414554596726
chr1	-49	59	29892.0	0.19737722467549845
chr1	-48	41	30292.0	0.1353492671332365
chr1	-47	85	30708.0	0.2768008336589814
chr1	-46	43	31090.0	0.138308137664844
chr1	-45	59	31537.0	0.18708184037796874
chr1	-44	51	31931.0	0.15971939494535092
chr1	-43	57	32353.0	0.17618149785182208
chr1	-42	73	32765.0	0.22279871814436134
chr1	-41	95	33182.0	0.2862998010969803
chr1	-40	74	33595.0	0.220270873641911
chr1	-39	49	34025.0	0.14401175606171931
chr1	-38	65	34447.0	0.18869567741748192
chr1	-37	78	34859.0	0.22375857024011014
chr1	-36	58	35310.0	0.1642594165958652
chr1	-35	80	35727.0	0.22392028437876113
chr1	-34	51	36151.0	0.14107493568642637
chr1	-33	84	36550.0	0.22982216142270864
chr1	-32	87	36968.0	0.23533867128327202
chr1	-31	90	37384.0	0.24074470361652045
chr1	-30	65	37771.0	0.17208969844589767
chr1	-29	62	38192.0	0.16233766233766234
chr1	-28	98	38573.0	0.25406372332979027
chr1	-27	57	38986.0	0.14620633047760734
chr1	-26	75	39332.0	0.1906844299806773
chr1	-25	97	39776.0	0.24386564762670956
chr1	-24	67	40179.0	0.1667537768486025
chr1	-23	104	40584.0	0.2562586240883107
chr1	-22	101	41037.0	0.24611935570338964
chr1	-21	101	41436.0	0.24374939665990927
chr1	-20	84	41838.0	0.20077441560304032
chr1	-19	125	42252.0	0.29584398371674714
chr1	-18	94	42671.0	0.2202901267839985
chr1	-17	92	43092.0	0.2134967047247749
chr1	-16	117	43525.0	0.2688110281447444
chr1	-15	97	43956.0	0.22067522067522066
chr1	-14	136	44362.0	0.306568684910509
chr1	-13	98	44812.0	0.21869142194055163
chr1	-12	146	45247.0	0.3226733264083807
chr1	-11	115	45647.0	0.25193331434705457
chr1	-10	107	46072.0	0.23224518145511372
chr1	-9	82	46069.0	0.17799387874709677
chr1	-8	95	46067.0	0.20622137321727052
chr1	-7	86	46071.0	0.18666840311692823
chr1	-6	110	46078.0	0.23872563913364292
chr1	-5	100	46075.0	0.2170374389582203
chr1	-4	81	46082.0	0.1757736209365913
chr1	-3	107	46072.0	0.23224518145511372
chr1	-2	89	46077.0	0.19315493630227662
chr1	-1	92	46086.0	0.1996267847068524
chr1	0	105	45267.0	0.23195705480813836
chr1	1	107	44851.0	0.2385677019464449
chr1	2	114	44417.0	0.25665848661548507
chr1	3	87	43993.0	0.1977587343441002
chr1	4	108	43539.0	0.24805346930338318
chr1	5	110	43158.0	0.25487742712822653
chr1	6	111	42686.0	0.2600384200908963
chr1	7	88	42285.0	0.20811162350715381
chr1	8	80	41859.0	0.1911178002341193
chr1	9	114	41418.0	0.27524264812400406
chr1	10	108	41003.0	0.2633953613150257
chr1	11	144	40590.0	0.3547671840354767
chr1	12	118	40162.0	0.29381006921966035
chr1	13	119	39713.0	0.2996499886686979
chr1	14	99	39296.0	0.25193403908794787
chr1	15	88	38897.0	0.22623852739285807
chr1	16	101	38461.0	0.2626036764514703
chr1	17	105	38058.0	0.2758946870565978
chr1	18	120	37639.0	0.3188182470310051
chr1	19	87	37176.0	0.23402194964493223
chr1	20	112	36780.0	0.3045133224578575
chr1	21	83	36347.0	0.22835447217101823
chr1	22	84	35940.0	0.23372287145242068
chr1	23	70	35515.0	0.19709981697874135
chr1	24	81	35121.0	0.23063124626291961
chr1	25	102	34705.0	0.2939057772655237
chr1	26	66	34357.0	0.19210059085484762
chr1	27	88	33940.0	0.2592810842663524
chr1	28	83	33504.0	0.24773161413562558
chr1	29	69	33071.0	0.20864201263947266
chr1	30	109	32679.0	0.3335475381743627
chr1	31	90	32265.0	0.2789400278940028
chr1	32	80	31841.0	0.25124839043999875
chr1	33	65	31435.0	0.20677588675043743
chr1	34	86	31020.0	0.27724049000644746
chr1	35	61	30611.0	0.19927477050733394
chr1	36	89	30209.0	0.2946141878248204
chr1	37	72	29816.0	0.24148108398175475
chr1	38	76	29420.0	0.25832766825288916
chr1	39	62	28933.0	0.21428818304358344
chr1	40	92	28533.0	0.3224336732905758
chr1	41	77	28109.0	0.2739336155679675
chr1	42	91	27730.0	0.32816444284168766
chr1	43	63	27308.0	0.23070162589717297
chr1	44	80	26882.0	0.29759690499218805
chr1	45	70	26459.0	0.2645602630484901
chr1	46	60	26058.0	0.2302555836979047
chr1	47	72	25625.0	0.28097560975609753
chr1	48	59	25213.0	0.23400626660849563
chr1	49	61	24783.0	0.24613646451196383
chr1	50	42	24400.0	0.17213114754098363
chr1	51	110	23967.0	0.45896440939625316
chr1	52	76	23541.0	0.3228410008071025
chr1	53	60	23132.0	0.2593809441466367
chr1	54	47	22700.0	0.20704845814977973
chr1	55	50	22319.0	0.22402437385187507
chr1	56	54	21897.0	0.2466091245376079
chr1	57	61	21502.0	0.2836945400427867
chr1	58	86	21093.0	0.4077182003508273
chr1	59	65	20705.0	0.313933832407631
chr1	60	52	20310.0	0.25603151157065485
chr1	61	67	19903.0	0.3366326684419434
chr1	62	43	19513.0	0.22036590990621635
chr1	63	48	19048.0	0.251994960100798
chr1	64	49	18602.0	0.2634125362864208
chr1	65	42	18229.0	0.23040210653354543
chr1	66	52	17822.0	0.2917742116485243
chr1	67	39	17410.0	0.22400919012062034
chr1	68	50	16986.0	0.29436006122689273
chr1	69	44	16575.0	0.2654600301659125
chr1	70	38	16134.0	0.23552745754307675
chr1	71	46	15727.0	0.29249062122464553
chr1	72	46	15319.0	0.30028069717344474
chr1	73	40	14916.0	0.2681684097613301
chr1	74	43	14491.0	0.2967359050445104
chr1	75	56	14091.0	0.39741679085941384
chr1	76	42	13672.0	0.3071971913399649
chr1	77	31	13280.0	0.23343373493975905
chr1	78	27	12862.0	0.20992069662571916
chr1	79	31	12437.0	0.2492562515075983
chr1	80	43	12017.0	0.35782641258217524
chr1	81	32	11600.0	0.27586206896551724
chr1	82	32	11189.0	0.2859951738314416
chr1	83	30	10735.0	0.2794597112249651
chr1	84	25	10322.0	0.24220112381321451
chr1	85	36	9897.0	0.3637465898757199
chr1	86	29	9507.0	0.30503839276322714
chr1	87	33	9079.0	0.36347615376142745
chr1	88	27	8663.0	0.3116703220593328
chr1	89	21	8266.0	0.2540527461892088
chr1	90	19	7851.0	0.24200738759393708
chr1	91	10	7469.0	0.13388673182487618
chr1	92	35	7061.0	0.49568049851295853
chr1	93	20	6720.0	0.2976190476190476
chr1	94	22	6269.0	0.35093316318392087
chr1	95	19	5876.0	0.3233492171545269
chr1	96	22	5469.0	0.4022673249222892
chr1	97	17	5014.0	0.33905065815715996
chr1	98	15	4621.0	0.3246050638389959
chr1	99	8	4218.0	0.1896633475580844
chr1	100	10	3805.0	0.2628120893561104
chr1	101	14	3381.0	0.4140786749482402
chr1	102	8	2977.0	0.26872690628149143
chr1	103	6	2546.0	0.2356637863315004
chr1	104	5	2109.0	0.2370791844476055
chr1	105	5	1692.0	0.29550827423167847
chr1	106	4	1264.0	0.31645569620253167
chr1	107	3	832.0	0.3605769230769231
chr1	108	3	432.0	0.6944444444444444
chr1	109	0	0.0	nan
chr1	110	0	0.0	nan
chr1	111	0	0.0	nan
chr1	112	0	0.0	nan
chr1	113	0	0.0	nan
chr1	114	0	0.0	nan
chr1	115	0	0.0	nan
chr1	116	0	0.0	nan
chr1	117	0	0.0	nan
chr1	118	0	0.0	nan
chr1	119	0	0.0	nan
chr1	120	0	0.0	nan
chr1	121	0	0.0	nan
chr1	122	0	0.0	nan
chr1	123	0	0.0	nan
chr1	124	0	0.0	nan
chr1	125	0	0.0	nan
chr1	126	0	0.0	nan
chr1	127	0	0.0	nan
chr1	128	0	0.0	nan
chr1	129	0	0.0	nan
chr1	130	0	0.0	nan
chr1	131	0	0.0	nan
chr1	132	0	0.0	nan
chr1	133	0	0.0	nan
chr1	134	0	0.0	nan
chr1	135	0	0.0	nan
chr1	136	0	0.0	nan
chr1	137	0	0.0	nan
chr1	138	0	0.0	nan
chr1	139	0	0.0	nan
chr2	-132	0	1.0	0.0
chr2	-131	0	1.0	0.0
chr2	-130	0	1.0	0.0
chr2	-129	0	1.0	0.0
chr2	-128	0	2.0	0.0
chr2	-127	0	2.0	0.0
chr2	-126	0	3.0	0.0
chr2	-125	0	3.0	0.0
chr2	-124	0	5.0	0.0
chr2	-123	0	7.0	0.0
chr2	-122	0	8.0	0.0
chr2	-121	0	13.0	0.0
chr2	-120	0	120.0	0.0
chr2	-119	2	212.0	0.9433962264150944
chr2	-118	1	318.0	0.3144654088050315
chr2	-117	1	408.0	0.24509803921568626
chr2	-116	0	522.0	0.0
chr2	-115	0	623.0	0.0
chr2	-114	0	727.0	0.0
chr2	-113	1	828.0	0.12077294685990338
chr2	-112	1	926.0	0.10799136069114472
chr2	-111	0	1051.0	0.0
chr2	-110	2	1124.0	0.1779359430604982
chr2	-109	3	1237.0	0.2425222312045271
chr2	-108	0	1344.0	0.0
chr2	-107	2	1443.0	0.1386001386001386
chr2	-106	7	1545.0	0.45307443365695793
chr2	-105	1	1655.0	0.060422960725075525
chr2	-104	5	1764.0	0.2834467120181406
chr2	-103	3	1870.0	0.16042780748663102
chr2	-102	4	1973.0	0.20273694880892043
chr2	-101	3	2079.0	0.1443001443001443
chr2	-100	3	2167.0	0.1384402399630826
chr2	-99	13	2254.0	0.5767524401064774
chr2	-98	0	2352.0	0.0
chr2	-97	5	2460.0	0.20325203252032523
chr2	-96	2	2567.0	0.07791195948578107
chr2	-95	5	2698.0	0.18532246108228317
chr2	-94	1	2813.0	0.03554923569143263
chr2	-93	7	2917.0	0.23997257456290708
chr2	-92	3	3035.0	0.09884678747940692
chr2	-91	5	3168.0	0.15782828282828282
chr2	-90	6	3276.0	0.18315018315018314
chr2	-89	0	3361.0	0.0
chr2	-88	3	3464.0	0.08660508083140878
chr2	-87	7	3572.0	0.1959686450167973
chr2	-86	3	3671.0	0.08172160174339417
chr2	-85	1	3781.0	0.026448029621793177
chr2	-84	2	3884.0	0.051493305870236865
chr2	-83	7	3996.0	0.17517517517517517
chr2	-82	7	4115.0	0.1701093560145808
chr2	-81	2	4230.0	0.04728132387706856
chr2	-80	3	4323.0	0.06939625260235947
chr2	-79	2	4422.0	0.045228403437358664
chr2	-78	5	4545.0	0.11001100110011
chr2	-77	6	4649.0	0.1290600129060013
chr2	-76	8	4761.0	0.16803192606595252
chr2	-75	10	4862.0	0.20567667626491154
chr2	-74	7	4975.0	0.1407035175879397
chr2	-73	13	5077.0	0.2560567264132362
chr2	-72	16	5198.0	0.30781069642170067
chr2	-71	5	5312.0	0.09412650602409639
chr2	-70	2	5423.0	0.03687995574405311
chr2	-69	10	5529.0	0.18086453246518358
chr2	-68	5	5626.0	0.08887308922858159
chr2	-67	6	5748.0	0.10438413361169101
chr2	-66	6	5844.0	0.10266940451745381
chr2	-65	7	5943.0	0.11778563015312131
chr2	-64	6	6053.0	0.09912440112340988
chr2	-63	6	6147.0	0.09760858955588092
chr2	-62	10	6252.0	0.1599488163787588
chr2	-61	12	6357.0	0.18876828692779613
chr2	-60	28	6489.0	0.4314994606256742
chr2	-59	21	6614.0	0.3175083156939824
chr2	-58	9	6718.0	0.1339684429889848
chr2	-57	16	6840.0	0.23391812865497078
chr2	-56	8	6941.0	0.11525716755510734
chr2	-55	17	7055.0	0.24096385542168677
chr2	-54	12	7145.0	0.16794961511546536
chr2	-53	13	7245.0	0.17943409247757072
chr2	-52	4	7365.0	0.05431093007467753
chr2	-51	11	7472.0	0.14721627408993576
chr2	-50	21	7579.0	0.27708140915688084
chr2	-49	20	7683.0	0.2603149811271639
chr2	-48	10	7784.0	0.12846865364850976
chr2	-47	11	7910.0	0.1390644753476612
chr2	-46	21	8028.0	0.2615844544095665
chr2	-45	11	8128.0	0.13533464566929135
chr2	-44	7	8243.0	0.08492053863884508
chr2	-43	17	8367.0	0.20317915620891597
chr2	-42	14	8469.0	0.16530877317274767
chr2	-41	15	8587.0	0.17468265983463374
chr2	-40	7	8665.0	0.08078476630121177
chr2	-39	18	8774.0	0.20515158422612262
chr2	-38	3	8916.0	0.033647375504710635
chr2	-37	14	9010.0	0.15538290788013318
chr2	-36	10	9132.0	0.10950503723171265
chr2	-35	7	9249.0	0.07568385771434749
chr2	-34	22	9357.0	0.2351180934060062
chr2	-33	19	9454.0	0.20097313306536918
chr2	-32	17	9570.0	0.17763845350052246
chr2	-31	13	9665.0	0.13450594930160373
chr2	-30	8	9779.0	0.08180795582370386
chr2	-29	13	9890.0	0.13144590495449948
chr2	-28	17	9992.0	0.1701361088871097
chr2	-27	20	10097.0	0.19807863721897595
chr2	-26	13	10219.0	0.12721401311282904
chr2	-25	15	10321.0	0.14533475438426507
chr2	-24	18	10406.0	0.17297712857966557
chr2	-23	35	10520.0	0.3326996197718631
chr2	-22	17	10621.0	0.16006025797947462
chr2	-21	27	10733.0	0.25156060747228176
chr2	-20	6	10843.0	0.05533523932491008
chr2	-19	11	10959.0	0.1003741217264349
chr2	-18	5	11098.0	0.04505316273202378
chr2	-17	28	11209.0	0.24979926844499956
chr2	-16	32	11326.0	0.2825357584319265
chr2	-15	18	11421.0	0.15760441292356187
chr2	-14	30	11536.0	0.26005547850208044
chr2	-13	8	11655.0	0.06864006864006864
chr2	-12	23	11780.0	0.19524617996604413
chr2	-11	13	11870.0	0.10951979780960404
chr2	-10	27	11989.0	0.2252064392359663
chr2	-9	24	11994.0	0.2001000500250125
chr2	-8	34	11992.0	0.2835223482321548
chr2	-7	30	11996.0	0.25008336112037344
chr2	-6	11	11996.0	0.0916972324108036
chr2	-5	21	11997.0	0.17504376094023505
chr2	-4	37	11994.0	0.3084875771218943
chr2	-3	30	11992.0	0.2501667778519013
chr2	-2	24	11995.0	0.2000833680700292
chr2	-1	15	11992.0	0.12508338892595064
chr2	0	33	11780.0	0.2801358234295416
chr2	1	31	11677.0	0.2654791470411921
chr2	2	43	11583.0	0.3712337045670379
chr2	3	40	11470.0	0.34873583260680036
chr2	4	18	11374.0	0.15825567082820466
chr2	5	12	11269.0	0.10648682225574584
chr2	6	31	11165.0	0.277653381101657
chr2	7	26	11061.0	0.23506012114637015
chr2	8	41	10937.0	0.37487427996708417
chr2	9	29	10868.0	0.2668384247331616
chr2	10	18	10751.0	0.16742628592689052
chr2	11	25	10648.0	0.23478587528174302
chr2	12	21	10549.0	0.19907100199071004
chr2	13	32	10444.0	0.3063960168517809
chr2	14	26	10329.0	0.2517184625810824
chr2	15	30	10230.0	0.2932551319648094
chr2	16	40	10123.0	0.3951397806974217
chr2	17	8	10021.0	0.07983235206067259
chr2	18	19	9914.0	0.19164817429897116
chr2	19	15	9826.0	0.1526562181966212
chr2	20	26	9740.0	0.2669404517453799
chr2	21	29	9643.0	0.3007362853883646
chr2	22	35	9534.0	0.36710719530102787
chr2	23	9	9421.0	0.09553125995117291
chr2	24	17	9289.0	0.18301216492625688
chr2	25	23	9175.0	0.2506811989100818
chr2	26	39	9068.0	0.4300838112042346
chr2	27	21	8952.0	0.23458445040214476
chr2	28	14	8819.0	0.1587481573874589
chr2	29	20	8714.0	0.22951572182694516
chr2	30	14	8628.0	0.16226240148354196
chr2	31	20	8527.0	0.23454907939486339
chr2	32	28	8418.0	0.3326205749584224
chr2	33	26	8312.0	0.31280076997112605
chr2	34	12	8205.0	0.14625228519195613
chr2	35	7	8104.0	0.0863770977295163
chr2	36	17	7987.0	0.21284587454613746
chr2	37	14	7870.0	0.17789072426937738
chr2	38	20	7754.0	0.25793139025019346
chr2	39	18	7660.0	0.2349869451697128
chr2	40	10	7564.0	0.13220518244315177
chr2	41	13	7442.0	0.17468422467078742
chr2	42	12	7338.0	0.1635322976287817
chr2	43	6	7223.0	0.08306797729475288
chr2	44	22	7119.0	0.30903216743924705
chr2	45	20	7001.0	0.28567347521782605
chr2	46	20	6908.0	0.2895193977996526
chr2	47	24	6788.0	0.3535651149086624
chr2	48	20	6679.0	0.29944602485402005
chr2	49	20	6568.0	0.3045066991473812
chr2	50	7	6463.0	0.10830883490639022
chr2	51	8	6367.0	0.12564787183917073
chr2	52	9	6245.0	0.14411529223378705
chr2	53	12	6151.0	0.19509022923101935
chr2	54	11	6051.0	0.1817881341926954
chr2	55	16	5941.0	0.26931493014644
chr2	56	19	5849.0	0.3248418533082578
chr2	57	15	5745.0	0.26109660574412535
chr2	58	10	5638.0	0.17736786094359702
chr2	59	20	5499.0	0.36370249136206584
chr2	60	12	5382.0	0.2229654403567447
chr2	61	6	5280.0	0.11363636363636363
chr2	62	11	5157.0	0.21330230754314522
chr2	63	9	5050.0	0.17821782178217824
chr2	64	11	4936.0	0.22285251215559157
chr2	65	13	4850.0	0.26804123711340205
chr2	66	5	4749.0	0.10528532322594232
chr2	67	10	4628.0	0.216076058772688
chr2	68	12	4519.0	0.2655454746625359
chr2	69	11	4407.0	0.24960290447016112
chr2	70	1	4307.0	0.023218017181332713
chr2	71	7	4200.0	0.16666666666666669
chr2	72	10	4074.0	0.24545900834560627
chr2	73	5	3952.0	0.12651821862348178
chr2	74	6	3855.0	0.1556420233463035
chr2	75	6	3742.0	0.16034206306787815
chr2	76	3	3620.0	0.08287292817679558
chr2	77	10	3521.0	0.2840102243680772
chr2	78	5	3403.0	0.14692918013517484
chr2	79	5	3323.0	0.15046644598254588
chr2	80	6	3216.0	0.18656716417910446
chr2	81	5	3077.0	0.16249593760155995
chr2	82	9	2980.0	0.30201342281879195
chr2	83	3	2856.0	0.10504201680672269
chr2	84	2	2743.0	0.07291286912139992
chr2	85	6	2636.0	0.2276176024279211
chr2	86	4	2541.0	0.15741833923652104
chr2	87	11	2425.0	0.4536082474226804
chr2	88	1	2328.0	0.0429553264604811
chr2	89	6	2214.0	0.27100271002710025
chr2	90	5	2102.0	0.23786869647954328
chr2	91	3	1997.0	0.15022533800701052
chr2	92	6	1892.0	0.3171247357293869
chr2	93	5	1771.0	0.282326369282891
chr2	94	6	1666.0	0.36014405762304924
chr2	95	2	1579.0	0.1266624445851805
chr2	96	6	1470.0	0.40816326530612246
chr2	97	3	1368.0	0.21929824561403508
chr2	98	9	1258.0	0.7154213036565978
chr2	99	3	1149.0	0.26109660574412535
chr2	100	6	1034.0	0.5802707930367506
chr2	101	0	897.0	0.0
chr2	102	1	783.0	0.1277139208173691
chr2	103	3	662.0	0.4531722054380665
chr2	104	2	561.0	0.35650623885918004
chr2	105	1	452.0	0.22123893805309736
chr2	106	1	335.0	0.2985074626865672
chr2	107	1	211.0	0.47393364928909953
chr2	108	1	109.0	0.9174311926605505
chr2	109	0	0.0	nan
chr2	110	0	0.0	nan
chr2	111	0	0.0	nan
chr2	112	0	0.0	nan
chr2	113	0	0.0	nan
chr2	114	0	0.0	nan
chr2	115	0	0.0	nan
chr2	116	0	0.0	nan
chr2	117	0	0.0	nan
chr2	118	0	0.0	nan
chr2	119	0	0.0	nan
chr2	120	0	0.0	nan
chr2	121	0	0.0	nan
chr2	122	0	0.0	nan
chr4	-153	0	0.0	nan
chr4	-152	0	0.0	nan
chr4	-151	0	0.0	nan
chr4	-150	0	0.0	nan
chr4	-149	0	0.0	nan
chr4	-148	0	0.0	nan
chr4	-147	0	0.0	nan
chr4	-146	0	0.0	nan
chr4	-145	0	0.0	nan
chr4	-144	0	0.0	nan
chr4	-143	0	0.0	nan
chr4	-142	0	0.0	nan
chr4	-141	0	0.0	nan
chr4	-140	0	0.0	nan
chr4	-139	0	1.0	0.0
chr4	-138	0	1.0	0.0
chr4	-137	0	1.0	0.0
chr4	-136	0	1.0	0.0
chr4	-135	0	1.0	0.0
chr4	-134	0	2.0	0.0
chr4	-133	0	2.0	0.0
chr4	-132	0	2.0	0.0
chr4	-131	0	2.0	0.0
chr4	-130	0	3.0	0.0
chr4	-129	0	3.0	0.0
chr4	-128	0	3.0	0.0
chr4	-127	0	3.0	0.0
chr4	-126	0	3.0	0.0
chr4	-125	0	3.0	0.0
chr4	-124	0	3.0	0.0
chr4	-123	0	3.0	0.0
chr4	-122	0	3.0	0.0
chr4	-121	0	4.0	0.0
chr4	-120	1	205.0	0.4878048780487805
chr4	-119	0	369.0	0.0
chr4	-118	1	556.0	0.1798561151079137
chr4	-117	2	731.0	0.27359781121751026
chr4	-116	2	912.0	0.21929824561403508
chr4	-115	0	1072.0	0.0
chr4	-114	0	1256.0	0.0
chr4	-113	3	1419.0	0.21141649048625794
chr4	-112	2	1587.0	0.1260239445494644
chr4	-111	3	1789.0	0.16769144773616546
chr4	-110	3	1989.0	0.1508295625942685
chr4	-109	8	2184.0	0.3663003663003663
chr4	-108	1	2366.0	0.042265426880811495
chr4	-107	6	2552.0	0.23510971786833856
chr4	-106	6	2754.0	0.2178649237472767
chr4	-105	4	2957.0	0.13527223537368954
chr4	-104	2	3115.0	0.06420545746388442
chr4	-103	3	3304.0	0.09079903147699758
chr4	-102	1	3505.0	0.028530670470756064
chr4	-101	12	3685.0	0.3256445047489823
chr4	-100	10	3867.0	0.2585983966899405
chr4	-99	9	4063.0	0.22151119862170812
chr4	-98	6	4241.0	0.14147606696533838
chr4	-97	13	4442.0	0.2926609635299415
chr4	-96	4	4633.0	0.08633714655730627
chr4	-95	9	4823.0	0.18660584698320545
chr4	-94	19	5007.0	0.37946874375873774
chr4	-93	8	5193.0	0.154053533602927
chr4	-92	13	5377.0	0.2417705039985122
chr4	-91	3	5568.0	0.05387931034482758
chr4	-90	3	5742.0	0.052246603970741906
chr4	-89	8	5934.0	0.13481631277384565
chr4	-88	16	6105.0	0.2620802620802621
chr4	-87	16	6290.0	0.2543720190779014
chr4	-86	12	6466.0	0.18558614290133002
chr4	-85	5	6650.0	0.07518796992481204
chr4	-84	17	6830.0	0.24890190336749632
chr4	-83	12	7011.0	0.17115960633290545
chr4	-82	14	7198.0	0.1944984717977216
chr4	-81	9	7342.0	0.12258240261509125
chr4	-80	11	7528.0	0.1461211477151966
chr4	-79	8	7707.0	0.10380173867912289
chr4	-78	9	7895.0	0.11399620012666244
chr4	-77	13	8072.0	0.16105054509415262
chr4	-76	23	8245.0	0.27895694360218315
chr4	-75	10	8443.0	0.11844131232974062
chr4	-74	3	8616.0	0.034818941504178275
chr4	-73	18	8793.0	0.2047082906857728
chr4	-72	8	8964.0	0.0892458723784025
chr4	-71	10	9168.0	0.10907504363001745
chr4	-70	11	9334.0	0.11784872509106492
chr4	-69	6	9508.0	0.06310475389145982
chr4	-68	18	9711.0	0.18535681186283595
chr4	-67	23	9903.0	0.2322528526709078
chr4	-66	8	10088.0	0.07930214115781126
chr4	-65	29	10264.0	0.28254091971940765
chr4	-64	11	10463.0	0.10513237121284526
chr4	-63	24	10668.0	0.22497187851518563
chr4	-62	19	10834.0	0.17537382314934466
chr4	-61	19	11048.0	0.1719768283852281
chr4	-60	20	11243.0	0.17788846393311394
chr4	-59	12	11414.0	0.10513404590853338
chr4	-58	16	11598.0	0.13795481979651664
chr4	-57	29	11773.0	0.2463263399303491
chr4	-56	11	11962.0	0.0919578665774954
chr4	-55	19	12143.0	0.15646874742650088
chr4	-54	23	12323.0	0.18664286293921933
chr4	-53	17	12511.0	0.1358804252258013
chr4	-52	9	12701.0	0.0708605621604598
chr4	-51	14	12886.0	0.10864504112990843
chr4	-50	15	13068.0	0.1147842056932966
chr4	-49	34	13230.0	0.25699168556311414
chr4	-48	20	13421.0	0.14902019223604798
chr4	-47	22	13624.0	0.16147974163241338
chr4	-46	21	13811.0	0.15205271160669032
chr4	-45	21	13988.0	0.15012868172719473
chr4	-44	31	14161.0	0.21891109384930443
chr4	-43	30	14337.0	0.2092487968194183
chr4	-42	20	14515.0	0.13778849466069584
chr4	-41	25	14699.0	0.17007959725151373
chr4	-40	25	14884.0	0.16796560064498792
chr4	-39	24	15076.0	0.15919342000530645
chr4	-38	33	15266.0	0.21616664483165202
chr4	-37	25	15463.0	0.1616762594580612
chr4	-36	12	15634.0	0.07675578866572855
chr4	-35	25	15808.0	0.15814777327935223
chr4	-34	33	16012.0	0.20609542842867848
chr4	-33	33	16187.0	0.20386730092049177
chr4	-32	40	16380.0	0.2442002442002442
chr4	-31	45	16583.0	0.2713622384369535
chr4	-30	9	16779.0	0.05363847666726265
chr4	-29	28	16946.0	0.16523073291632245
chr4	-28	36	17142.0	0.21001050052502626
chr4	-27	27	17318.0	0.1559071486314817
chr4	-26	25	17485.0	0.14297969688304263
chr4	-25	18	17637.0	0.10205817315870046
chr4	-24	34	17810.0	0.19090398652442447
chr4	-23	17	17994.0	0.0944759364232522
chr4	-22	32	18178.0	0.17603696776323027
chr4	-21	24	18359.0	0.130726074404924
chr4	-20	27	18549.0	0.1455604075691412
chr4	-19	31	18737.0	0.16544804397715748
chr4	-18	23	18954.0	0.12134641764271395
chr4	-17	57	19143.0	0.2977589719479706
chr4	-16	20	19339.0	0.10341796370029474
chr4	-15	21	19541.0	0.10746635279668389
chr4	-14	31	19723.0	0.1571769000659129
chr4	-13	30	19883.0	0.15088266358195443
chr4	-12	53	20091.0	0.2637997113135235
chr4	-11	43	20258.0	0.21226182248988054
chr4	-10	28	20459.0	0.13685908402170194
chr4	-9	29	20463.0	0.14171920050823436
chr4	-8	57	20467.0	0.27849709288122343
chr4	-7	34	20461.0	0.16616978642295097
chr4	-6	45	20459.0	0.21995209932059243
chr4	-5	55	20452.0	0.2689223547819284
chr4	-4	55	20455.0	0.2688829137130286
chr4	-3	43	20457.0	0.21019699858239232
chr4	-2	22	20463.0	0.10751111762693642
chr4	-1	34	20467.0	0.16612107294669468
chr4	0	35	20095.0	0.17417267977108733
chr4	1	20	19905.0	0.10047726701833709
chr4	2	47	19725.0	0.23827629911280102
chr4	3	47	19548.0	0.24043380396971556
chr4	4	44	19388.0	0.22694450175366207
chr4	5	39	19204.0	0.2030826911060196
chr4	6	34	19039.0	0.17858080781553654
chr4	7	51	18875.0	0.27019867549668874
chr4	8	21	18656.0	0.11256432246998285
chr4	9	38	18454.0	0.20591741627831364
chr4	10	40	18272.0	0.21891418563922943
chr4	11	45	18086.0	0.24881123520955434
chr4	12	34	17900.0	0.1899441340782123
chr4	13	27	17698.0	0.1525596112555091
chr4	14	34	17492.0	0.19437457123256346
chr4	15	21	17337.0	0.1211282228759301
chr4	16	50	17147.0	0.29159619758558347
chr4	17	35	16948.0	0.20651404295492093
chr4	18	44	16767.0	0.2624202302141111
chr4	19	31	16588.0	0.18688208343380755
chr4	20	24	16390.0	0.1464307504575961
chr4	21	43	16210.0	0.2652683528685996
chr4	22	34	16009.0	0.21238053594852896
chr4	23	33	15807.0	0.20876826722338201
chr4	24	19	15629.0	0.121568878367138
chr4	25	17	15449.0	0.11003948475629491
chr4	26	22	15260.0	0.14416775884665792
chr4	27	41	15074.0	0.2719915085577816
chr4	28	26	14882.0	0.17470770057787932
chr4	29	16	14714.0	0.1087399755335055
chr4	30	31	14514.0	0.21358688163152817
chr4	31	31	14348.0	0.21605798717591304
chr4	32	44	14162.0	0.31069058042649345
chr4	33	32	13985.0	0.22881658920271722
chr4	34	23	13800.0	0.16666666666666669
chr4	35	14	13616.0	0.1028202115158637
chr4	36	24	13438.0	0.17859800565560352
chr4	37	31	13249.0	0.23397992301305762
chr4	38	27	13102.0	0.20607540833460541
chr4	39	32	12915.0	0.24777390631049168
chr4	40	19	12738.0	0.1491599937195792
chr4	41	18	12545.0	0.1434834595456357
chr4	42	37	12370.0	0.2991107518189167
chr4	43	28	12196.0	0.22958346999016072
chr4	44	15	12001.0	0.12498958420131656
chr4	45	24	11827.0	0.20292550942758095
chr4	46	23	11647.0	0.1974757448269941
chr4	47	35	11477.0	0.3049577415700967
chr4	48	29	11274.0	0.2572290225297144
chr4	49	30	11106.0	0.2701242571582928
chr4	50	21	10929.0	0.19214932747735383
chr4	51	11	10734.0	0.10247810694987888
chr4	52	22	10537.0	0.20878808009869984
chr4	53	21	10346.0	0.20297699594046006
chr4	54	22	10177.0	0.21617372506632604
chr4	55	14	9979.0	0.14029461869926846
chr4	56	27	9776.0	0.27618657937806873
chr4	57	24	9607.0	0.24981784115748934
chr4	58	15	9394.0	0.1596763891845859
chr4	59	10	9201.0	0.10868383871318335
chr4	60	25	9027.0	0.2769469369668771
chr4	61	25	8846.0	0.28261361067148993
chr4	62	18	8672.0	0.20756457564575648
chr4	63	22	8481.0	0.25940337224383914
chr4	64	17	8299.0	0.20484395710326547
chr4	65	20	8111.0	0.2465787202564419
chr4	66	22	7931.0	0.27739251040221913
chr4	67	23	7741.0	0.29711923524092493
chr4	68	15	7550.0	0.1986754966887417
chr4	69	18	7382.0	0.2438363587103766
chr4	70	12	7216.0	0.1662971175166297
chr4	71	18	7029.0	0.2560819462227913
chr4	72	20	6827.0	0.29295444558371175
chr4	73	9	6640.0	0.1355421686746988
chr4	74	9	6466.0	0.13918960717599752
chr4	75	15	6289.0	0.23851168707266657
chr4	76	26	6114.0	0.42525351651946347
chr4	77	11	5934.0	0.18537243006403775
chr4	78	9	5748.0	0.15657620041753653
chr4	79	10	5568.0	0.17959770114942528
chr4	80	11	5373.0	0.20472734040573237
chr4	81	17	5187.0	0.3277424330055909
chr4	82	10	4990.0	0.2004008016032064
chr4	83	21	4814.0	0.43622766929788115
chr4	84	10	4638.0	0.21561017680034494
chr4	85	9	4445.0	0.20247469066366702
chr4	86	14	4269.0	0.327945654720075
chr4	87	8	4075.0	0.19631901840490798
chr4	88	9	3871.0	0.2324980625161457
chr4	89	8	3675.0	0.21768707482993196
chr4	90	4	3497.0	0.11438375750643409
chr4	91	4	3307.0	0.12095554883580284
chr4	92	6	3126.0	0.19193857965451055
chr4	93	9	2968.0	0.3032345013477089
chr4	94	12	2807.0	0.4275026718916993
chr4	95	3	2629.0	0.11411182959300115
chr4	96	6	2455.0	0.2443991853360489
chr4	97	8	2273.0	0.3519577650681918
chr4	98	7	2093.0	0.33444816053511706
chr4	99	4	1902.0	0.2103049421661409
chr4	100	4	1715.0	0.23323615160349853
chr4	101	1	1498.0	0.06675567423230974
chr4	102	4	1305.0	0.30651340996168586
chr4	103	2	1108.0	0.18050541516245489
chr4	104	2	907.0	0.2205071664829107
chr4	105	0	728.0	0.0
chr4	106	2	575.0	0.34782608695652173
chr4	107	1	366.0	0.273224043715847
chr4	108	1	206.0	0.48543689320388345
chr4	109	0	0.0	nan
chr4	110	0	0.0	nan
chr4	111	0	0.0	nan
chr4	112	0	0.0	nan
chr4	113	0	0.0	nan
chr4	114	0	0.0	nan
chr4	115	0	0.0	nan
chr4	116	0	0.0	nan
chr4	117	0	0.0	nan
chr4	118	0	0.0	nan
chr4	119	0	0.0	nan
chr4	120	0	0.0	nan
chr4	121	0	0.0	nan
chr4	122	0	0.0	nan
chr4	123	0	0.0	nan
chr4	124	0	0.0	nan
chr4	125	0	0.0	nan
chr4	126	0	0.0	nan
chr4	127	0	0.0	nan
chr4	128	0	0.0	nan
chr4	129	0	0.0	nan
chr4	130	0	0.0	nan
chr4	131	0	0.0	nan
chr4	132	0	0.0	nan
chr4	133	0	0.0	nan
chr4	134	0	0.0	nan
chr4	135	0	0.0	nan
chr4	136	0	0.0	nan
chr4	137	0	0.0	nan
chr4	138	0	0.0	nan
chr4	139	0	0.0	nan
chr4	140	0	0.0	nan
chr4	141	0	0.0	nan
chr4	142	0	0.0	nan
chr5	-106	0	1.0	0.0
chr5	-105	0	1.0	0.0
chr5	-104	0	1.0	0.0
chr5	-103	0	1.0	0.0
chr5	-102	0	1.0	0.0
chr5	-101	0	1.0	0.0
chr5	-100	0	1.0	0.0
chr5	-99	0	1.0	0.0
chr5	-98	0	1.0	0.0
chr5	-97	0	1.0	0.0
chr5	-96	0	1.0	0.0
chr5	-95	0	1.0	0.0
chr5	-94	0	1.0	0.0
chr5	-93	0	1.0	0.0
chr5	-92	0	1.0	0.0
chr5	-91	0	1.0	0.0
chr5	-90	0	1.0	0.0
chr5	-89	0	1.0	0.0
chr5	-88	0	1.0	0.0
chr5	-87	0	1.0	0.0
chr5	-86	0	1.0	0.0
chr5	-85	0	1.0	0.0
chr5	-84	0	1.0	0.0
chr5	-83	0	1.0	0.0
chr5	-82	0	1.0	0.0
chr5	-81	0	1.0	0.0
chr5	-80	0	1.0	0.0
chr5	-79	0	1.0	0.0
chr5	-78	0	1.0	0.0
chr5	-77	0	1.0	0.0
chr5	-76	0	1.0	0.0
chr5	-75	0	1.0	0.0
chr5	-74	0	1.0	0.0
chr5	-73	0	1.0	0.0
chr5	-72	0	1.0	0.0
chr5	-71	0	1.0	0.0
chr5	-70	0	1.0	0.0
chr5	-69	0	1.0	0.0
chr5	-68	0	1.0	0.0
chr5	-67	0	1.0	0.0
chr5	-66	0	1.0	0.0
chr5	-65	0	1.0	0.0
chr5	-64	0	1.0	0.0
chr5	-63	0	1.0	0.0
chr5	-62	0	1.0	0.0
chr5	-61	0	1.0	0.0
chr5	-60	0	1.0	0.0
chr5	-59	0	1.0	0.0
chr5	-58	0	1.0	0.0
chr5	-57	0	1.0	0.0
chr5	-56	0	1.0	0.0
chr5	-55	0	1.0	0.0
chr5	-54	0	1.0	0.0
chr5	-53	0	1.0	0.0
chr5	-52	0	1.0	0.0
chr5	-51	0	1.0	0.0
chr5	-50	0	1.0	0.0
chr5	-49	0	1.0	0.0
chr5	-48	0	1.0	0.0
chr5	-47	0	1.0	0.0
chr5	-46	0	1.0	0.0
chr5	-45	0	1.0	0.0
chr5	-44	0	1.0	0.0
chr5	-43	0	1.0	0.0
chr5	-42	0	1.0	0.0
chr5	-41	0	1.0	0.0
chr5	-40	0	1.0	0.0
chr5	-39	0	1.0	0.0
chr5	-38	0	1.0	0.0
chr5	-37	0	1.0	0.0
chr5	-36	0	1.0	0.0
chr5	-35	0	1.0	0.0
chr5	-34	0	1.0	0.0
chr5	-33	0	1.0	0.0
chr5	-32	0	1.0	0.0
chr5	-31	0	1.0	0.0
chr5	-30	0	1.0	0.0
chr5	-29	0	2.0	0.0
chr5	-28	0	3.0	0.0
chr5	-27	0	3.0	0.0
chr5	-26	0	3.0	0.0
chr5	-25	0	3.0	0.0
chr5	-24	0	3.0	0.0
chr5	-23	0	3.0	0.0
chr5	-22	0	3.0	0.0
chr5	-21	0	3.0	0.0
chr5	-20	2	3.0	66.66666666666666
chr5	-19	2	3.0	66.66666666666666
chr5	-18	2	3.0	66.66666666666666
chr5	-17	0	3.0	0.0
chr5	-16	0	3.0	0.0
chr5	-15	0	4.0	0.0
chr5	-14	0	4.0	0.0
chr5	-13	3	4.0	75.0
chr5	-12	0	5.0	0.0
chr5	-11	0	5.0	0.0
chr5	-10	0	5.0	0.0
chr5	-9	0	5.0	0.0
chr5	-8	0	5.0	0.0
chr5	-7	0	5.0	0.0
chr5	-6	0	5.0	0.0
chr5	-5	0	5.0	0.0
chr5	-4	0	5.0	0.0
chr5	-3	0	5.0	0.0
chr5	-2	0	5.0	0.0
chr5	-1	0	5.0	0.0
chr5	0	0	5.0	0.0
chr5	1	0	5.0	0.0
chr5	2	0	5.0	0.0
chr5	3	0	5.0	0.0
chr5	4	0	5.0	0.0
chr5	5	0	5.0	0.0
chr5	6	0	5.0	0.0
chr5	7	0	5.0	0.0
chr5	8	0	5.0	0.0
chr5	9	0	5.0	0.0
chr5	10	0	5.0	0.0
chr5	11	0	5.0	0.0
chr5	12	0	4.0	0.0
chr5	13	0	4.0	0.0
chr5	14	0	4.0	0.0
chr5	15	0	4.0	0.0
chr5	16	0	4.0	0.0
chr5	17	0	4.0	0.0
chr5	18	0	4.0	0.0
chr5	19	0	4.0	0.0
chr5	20	0	4.0	0.0
chr5	21	0	4.0	0.0
chr5	22	0	4.0	0.0
chr5	23	0	4.0	0.0
chr5	24	0	4.0	0.0
chr5	25	0	4.0	0.0
chr5	26	0	4.0	0.0
chr5	27	0	4.0	0.0
chr5	28	0	4.0	0.0
chr5	29	0	4.0	0.0
chr5	30	0	4.0	0.0
chr5	31	0	4.0	0.0
chr5	32	0	4.0	0.0
chr5	33	0	4.0	0.0
chr5	34	0	4.0	0.0
chr5	35	0	4.0	0.0
chr5	36	0	4.0	0.0
chr5	37	0	4.0	0.0
chr5	38	0	4.0	0.0
chr5	39	0	4.0	0.0
chr5	40	0	4.0	0.0
chr5	41	0	4.0	0.0
chr5	42	0	4.0	0.0
chr5	43	0	4.0	0.0
chr5	44	0	4.0	0.0
chr5	45	0	4.0	0.0
chr5	46	0	4.0	0.0
chr5	47	0	4.0	0.0
chr5	48	0	4.0	0.0
chr5	49	0	4.0	0.0
chr5	50	0	4.0	0.0
chr5	51	0	4.0	0.0
chr5	52	0	4.0	0.0
chr5	53	0	4.0	0.0
chr5	54	0	4.0	0.0
chr5	55	0	4.0	0.0
chr5	56	0	4.0	0.0
chr5	57	0	4.0	0.0
chr5	58	0	4.0	0.0
chr5	59	0	4.0	0.0
chr5	60	0	4.0	0.0
chr5	61	0	4.0	0.0
chr5	62	0	4.0	0.0
chr5	63	0	4.0	0.0
chr5	64	0	4.0	0.0
chr5	65	0	4.0	0.0
chr5	66	0	4.0	0.0
chr5	67	0	4.0	0.0
chr5	68	0	4.0	0.0
chr5	69	0	4.0	0.0
chr5	70	0	4.0	0.0
chr5	71	0	4.0	0.0
chr5	72	0	4.0	0.0
chr5	73	0	4.0	0.0
chr5	74	0	4.0	0.0
chr5	75	0	4.0	0.0
chr5	76	0	4.0	0.0
chr5	77	0	4.0	0.0
chr5	78	0	4.0	0.0
chr5	79	0	4.0	0.0
chr5	80	0	4.0	0.0
chr5	81	0	4.0	0.0
chr5	82	0	4.0	0.0
chr5	83	0	4.0	0.0
chr5	84	0	4.0	0.0
chr5	85	0	4.0	0.0
chr5	86	0	4.0	0.0
chr5	87	0	4.0	0.0
chr5	88	0	4.0	0.0
chr5	89	0	4.0	0.0
chr5	90	0	3.0	0.0
chr5	91	0	2.0	0.0
chr5	92	0	2.0	0.0
chr5	93	0	2.0	0.0
chr5	94	0	2.0	0.0
chr5	95	0	2.0	0.0
chr5	96	0	2.0	0.0
chr5	97	0	2.0	0.0
chr5	98	0	2.0	0.0
chr5	99	0	2.0	0.0
chr5	100	0	2.0	0.0
chr5	101	0	2.0	0.0
chr5	102	0	2.0	0.0
chr5	103	0	2.0	0.0
chr5	104	0	1.0	0.0
chr5	105	0	0.0	nan
chr5	106	0	0.0	nan
chr5	107	0	0.0	nan
chr5	108	0	0.0	nan
chr5	109	0	0.0	nan
chr5	110	0	0.0	nan
chr5	111	0	0.0	nan
chr5	112	0	0.0	nan
chr5	113	0	0.0	nan
chr5	114	0	0.0	nan
chr6	-121	0	2.0	0.0
chr6	-120	0	25.0	0.0
chr6	-119	1	44.0	2.272727272727273
chr6	-118	1	71.0	1.4084507042253522
chr6	-117	0	95.0	0.0
chr6	-116	0	119.0	0.0
chr6	-115	0	144.0	0.0
chr6	-114	0	173.0	0.0
chr6	-113	0	199.0	0.0
chr6	-112	0	234.0	0.0
chr6	-111	0	267.0	0.0
chr6	-110	2	300.0	0.6666666666666667
chr6	-109	1	322.0	0.3105590062111801
chr6	-108	0	345.0	0.0
chr6	-107	0	363.0	0.0
chr6	-106	4	381.0	1.0498687664041995
chr6	-105	0	406.0	0.0
chr6	-104	1	428.0	0.23364485981308408
chr6	-103	1	448.0	0.2232142857142857
chr6	-102	0	465.0	0.0
chr6	-101	0	484.0	0.0
chr6	-100	0	510.0	0.0
chr6	-99	0	532.0	0.0
chr6	-98	0	557.0	0.0
chr6	-97	0	579.0	0.0
chr6	-96	0	606.0	0.0
chr6	-95	1	621.0	0.1610305958132045
chr6	-94	3	644.0	0.4658385093167702
chr6	-93	1	674.0	0.1483679525222552
chr6	-92	3	708.0	0.423728813559322
chr6	-91	3	725.0	0.41379310344827586
chr6	-90	0	747.0	0.0
chr6	-89	2	772.0	0.2590673575129534
chr6	-88	1	796.0	0.12562814070351758
chr6	-87	3	822.0	0.36496350364963503
chr6	-86	3	846.0	0.3546099290780142
chr6	-85	0	868.0	0.0
chr6	-84	1	886.0	0.1128668171557562
chr6	-83	0	902.0	0.0
chr6	-82	3	923.0	0.3250270855904659
chr6	-81	1	949.0	0.10537407797681769
chr6	-80	3	972.0	0.30864197530864196
chr6	-79	0	992.0	0.0
chr6	-78	2	1015.0	0.19704433497536944
chr6	-77	1	1042.0	0.09596928982725528
chr6	-76	1	1062.0	0.09416195856873823
chr6	-75	0	1079.0	0.0
chr6	-74	4	1103.0	0.3626473254759746
chr6	-73	2	1128.0	0.1773049645390071
chr6	-72	1	1153.0	0.08673026886383348
chr6	-71	1	1178.0	0.08488964346349745
chr6	-70	3	1203.0	0.24937655860349126
chr6	-69	3	1236.0	0.24271844660194172
chr6	-68	1	1252.0	0.07987220447284345
chr6	-67	0	1288.0	0.0
chr6	-66	2	1327.0	0.15071590052750566
chr6	-65	4	1354.0	0.29542097488921715
chr6	-64	2	1379.0	0.145032632342277
chr6	-63	2	1409.0	0.14194464158977999
chr6	-62	4	1445.0	0.27681660899653976
chr6	-61	0	1468.0	0.0
chr6	-60	4	1492.0	0.2680965147453083
chr6	-59	2	1515.0	0.132013201320132
chr6	-58	0	1535.0	0.0
chr6	-57	0	1559.0	0.0
chr6	-56	0	1585.0	0.0
chr6	-55	2	1605.0	0.12461059190031153
chr6	-54	0	1634.0	0.0
chr6	-53	8	1660.0	0.48192771084337355
chr6	-52	4	1691.0	0.2365464222353637
chr6	-51	7	1715.0	0.40816326530612246
chr6	-50	0	1741.0	0.0
chr6	-49	4	1770.0	0.22598870056497175
chr6	-48	0	1796.0	0.0
chr6	-47	6	1830.0	0.32786885245901637
chr6	-46	4	1852.0	0.21598272138228944
chr6	-45	0	1888.0	0.0
chr6	-44	4	1903.0	0.21019442984760903
chr6	-43	1	1931.0	0.05178663904712584
chr6	-42	8	1951.0	0.4100461301896463
chr6	-41	3	1978.0	0.15166835187057634
chr6	-40	2	1997.0	0.10015022533800699
chr6	-39	11	2032.0	0.5413385826771654
chr6	-38	6	2061.0	0.2911208151382824
chr6	-37	6	2075.0	0.2891566265060241
chr6	-36	2	2106.0	0.0949667616334283
chr6	-35	3	2130.0	0.14084507042253522
chr6	-34	4	2159.0	0.18527095877721167
chr6	-33	12	2176.0	0.5514705882352942
chr6	-32	4	2202.0	0.18165304268846502
chr6	-31	8	2223.0	0.3598740440845704
chr6	-30	10	2248.0	0.4448398576512456
chr6	-29	8	2274.0	0.3518029903254178
chr6	-28	5	2292.0	0.2181500872600349
chr6	-27	8	2320.0	0.3448275862068966
chr6	-26	6	2340.0	0.2564102564102564
chr6	-25	5	2376.0	0.21043771043771042
chr6	-24	6	2395.0	0.25052192066805845
chr6	-23	9	2426.0	0.3709810387469085
chr6	-22	12	2453.0	0.48919690175295555
chr6	-21	3	2475.0	0.12121212121212122
chr6	-20	5	2498.0	0.20016012810248196
chr6	-19	3	2522.0	0.11895321173671689
chr6	-18	10	2544.0	0.39308176100628933
chr6	-17	5	2566.0	0.19485580670303976
chr6	-16	4	2593.0	0.15426147319706904
chr6	-15	5	2616.0	0.191131498470948
chr6	-14	4	2642.0	0.1514004542013626
chr6	-13	8	2664.0	0.3003003003003003
chr6	-12	2	2697.0	0.07415647015202076
chr6	-11	2	2728.0	0.07331378299120235
chr6	-10	8	2758.0	0.290065264684554
chr6	-9	0	2758.0	0.0
chr6	-8	8	2762.0	0.2896451846488052
chr6	-7	6	2761.0	0.21731256791017745
chr6	-6	9	2762.0	0.3258508327299059
chr6	-5	9	2760.0	0.32608695652173914
chr6	-4	7	2762.0	0.25343953656770457
chr6	-3	5	2761.0	0.18109380659181454
chr6	-2	8	2762.0	0.2896451846488052
chr6	-1	5	2761.0	0.18109380659181454
chr6	0	6	2718.0	0.22075055187637968
chr6	1	9	2691.0	0.33444816053511706
chr6	2	7	2667.0	0.26246719160104987
chr6	3	2	2642.0	0.0757002271006813
chr6	4	9	2615.0	0.3441682600382409
chr6	5	13	2588.0	0.5023183925811437
chr6	6	6	2560.0	0.234375
chr6	7	6	2525.0	0.2376237623762376
chr6	8	4	2491.0	0.16057808109193095
chr6	9	16	2458.0	0.6509357200976403
chr6	10	3	2434.0	0.12325390304026293
chr6	11	2	2411.0	0.08295313148071339
chr6	12	10	2387.0	0.41893590280687054
chr6	13	6	2375.0	0.25263157894736843
chr6	14	6	2350.0	0.2553191489361702
chr6	15	12	2328.0	0.5154639175257731
chr6	16	4	2310.0	0.17316017316017315
chr6	17	5	2293.0	0.2180549498473615
chr6	18	9	2273.0	0.39595248570171576
chr6	19	2	2249.0	0.08892841262783459
chr6	20	5	2226.0	0.22461814914645103
chr6	21	2	2202.0	0.09082652134423251
chr6	22	7	2180.0	0.3211009174311927
chr6	23	2	2153.0	0.09289363678588017
chr6	24	7	2137.0	0.32756200280767434
chr6	25	1	2114.0	0.04730368968779565
chr6	26	16	2082.0	0.7684918347742555
chr6	27	4	2049.0	0.19521717911176184
chr6	28	3	2032.0	0.14763779527559054
chr6	29	9	2008.0	0.4482071713147411
chr6	30	4	1983.0	0.2017145738779627
chr6	31	6	1957.0	0.3065917220235054
chr6	32	9	1931.0	0.4660797514241326
chr6	33	10	1910.0	0.5235602094240838
chr6	34	2	1888.0	0.1059322033898305
chr6	35	1	1869.0	0.05350454788657035
chr6	36	5	1847.0	0.2707092582566324
chr6	37	3	1832.0	0.16375545851528384
chr6	38	20	1806.0	1.1074197120708749
chr6	39	5	1782.0	0.28058361391694725
chr6	40	7	1763.0	0.39705048213272826
chr6	41	7	1740.0	0.40229885057471265
chr6	42	4	1713.0	0.23350846468184472
chr6	43	4	1693.0	0.23626698168930893
chr6	44	2	1676.0	0.11933174224343676
chr6	45	6	1651.0	0.36341611144760755
chr6	46	8	1627.0	0.4917025199754148
chr6	47	3	1602.0	0.18726591760299627
chr6	48	1	1575.0	0.06349206349206349
chr6	49	3	1549.0	0.19367333763718528
chr6	50	9	1515.0	0.594059405940594
chr6	51	6	1499.0	0.40026684456304207
chr6	52	4	1467.0	0.27266530334015
chr6	53	5	1427.0	0.35038542396636296
chr6	54	0	1400.0	0.0
chr6	55	2	1375.0	0.14545454545454545
chr6	56	2	1345.0	0.14869888475836432
chr6	57	1	1310.0	0.07633587786259542
chr6	58	2	1287.0	0.1554001554001554
chr6	59	1	1263.0	0.0791765637371338
chr6	60	2	1240.0	0.16129032258064516
chr6	61	1	1220.0	0.08196721311475409
chr6	62	5	1196.0	0.4180602006688963
chr6	63	5	1170.0	0.4273504273504274
chr6	64	2	1149.0	0.17406440382941687
chr6	65	1	1121.0	0.08920606601248886
chr6	66	2	1096.0	0.18248175182481752
chr6	67	3	1058.0	0.28355387523629494
chr6	68	3	1035.0	0.2898550724637681
chr6	69	3	1010.0	0.297029702970297
chr6	70	4	982.0	0.40733197556008144
chr6	71	5	960.0	0.5208333333333333
chr6	72	4	925.0	0.43243243243243246
chr6	73	1	903.0	0.11074197120708748
chr6	74	1	867.0	0.11534025374855825
chr6	75	0	852.0	0.0
chr6	76	3	824.0	0.3640776699029126
chr6	77	5	805.0	0.6211180124223602
chr6	78	1	777.0	0.1287001287001287
chr6	79	0	757.0	0.0
chr6	80	1	721.0	0.13869625520110956
chr6	81	9	694.0	1.2968299711815563
chr6	82	3	678.0	0.4424778761061947
chr6	83	1	649.0	0.15408320493066258
chr6	84	0	625.0	0.0
chr6	85	0	597.0	0.0
chr6	86	4	577.0	0.6932409012131715
chr6	87	1	556.0	0.1798561151079137
chr6	88	1	535.0	0.1869158878504673
chr6	89	0	510.0	0.0
chr6	90	0	485.0	0.0
chr6	91	1	467.0	0.21413276231263384
chr6	92	3	438.0	0.684931506849315
chr6	93	0	418.0	0.0
chr6	94	1	383.0	0.26109660574412535
chr6	95	1	364.0	0.27472527472527475
chr6	96	0	333.0	0.0
chr6	97	0	306.0	0.0
chr6	98	1	284.0	0.35211267605633806
chr6	99	1	261.0	0.38314176245210724
chr6	100	0	236.0	0.0
chr6	101	0	214.0	0.0
chr6	102	0	192.0	0.0
chr6	103	0	165.0	0.0
chr6	104	1	141.0	0.7092198581560284
chr6	105	1	116.0	0.8620689655172413
chr6	106	0	91.0	0.0
chr6	107	0	62.0	0.0
chr6	108	0	28.0	0.0
chr6	109	0	0.0	nan
chr6	110	0	0.0	nan
chr6	111	0	0.0	nan
chr6	112	0	0.0	nan
chr6	113	0	0.0	nan
chr6	114	0	0.0	nan
chr6	115	0	0.0	nan
chr6	116	0	0.0	nan
chr6	117	0	0.0	nan
chr6	118	0	0.0	nan
chr6	119	0	0.0	nan
chr7	-137	0	1.0	0.0
chr7	-136	0	1.0	0.0
chr7	-135	0	1.0	0.0
chr7	-134	0	1.0	0.0
chr7	-133	0	2.0	0.0
chr7	-132	0	2.0	0.0
chr7	-131	0	2.0	0.0
chr7	-130	0	2.0	0.0
chr7	-129	0	2.0	0.0
chr7	-128	0	2.0	0.0
chr7	-127	0	2.0	0.0
chr7	-126	0	2.0	0.0
chr7	-125	0	2.0	0.0
chr7	-124	0	2.0	0.0
chr7	-123	0	2.0	0.0
chr7	-122	0	2.0	0.0
chr7	-121	0	3.0	0.0
chr7	-120	0	71.0	0.0
chr7	-119	0	128.0	0.0
chr7	-118	1	191.0	0.5235602094240838
chr7	-117	3	249.0	1.2048192771084338
chr7	-116	1	315.0	0.31746031746031744
chr7	-115	0	385.0	0.0
chr7	-114	0	441.0	0.0
chr7	-113	1	506.0	0.1976284584980237
chr7	-112	3	584.0	0.5136986301369862
chr7	-111	2	646.0	0.30959752321981426
chr7	-110	1	707.0	0.14144271570014144
chr7	-109	1	767.0	0.1303780964797914
chr7	-108	2	855.0	0.23391812865497078
chr7	-107	1	923.0	0.10834236186348861
chr7	-106	7	971.0	0.7209062821833162
chr7	-105	0	1039.0	0.0
chr7	-104	3	1101.0	0.2724795640326975
chr7	-103	0	1180.0	0.0
chr7	-102	2	1252.0	0.1597444089456869
chr7	-101	3	1319.0	0.22744503411675512
chr7	-100	2	1386.0	0.1443001443001443
chr7	-99	1	1446.0	0.06915629322268327
chr7	-98	4	1508.0	0.2652519893899204
chr7	-97	1	1576.0	0.06345177664974619
chr7	-96	2	1643.0	0.12172854534388314
chr7	-95	4	1710.0	0.23391812865497078
chr7	-94	2	1779.0	0.11242270938729623
chr7	-93	2	1847.0	0.10828370330265295
chr7	-92	3	1893.0	0.15847860538827258
chr7	-91	6	1957.0	0.3065917220235054
chr7	-90	2	2013.0	0.09935419771485346
chr7	-89	2	2084.0	0.09596928982725528
chr7	-88	4	2158.0	0.18535681186283595
chr7	-87	2	2224.0	0.08992805755395684
chr7	-86	8	2293.0	0.3488879197557785
chr7	-85	7	2366.0	0.2958579881656805
chr7	-84	10	2434.0	0.4108463434675432
chr7	-83	2	2506.0	0.07980845969672785
chr7	-82	10	2562.0	0.39032006245121
chr7	-81	3	2632.0	0.11398176291793312
chr7	-80	4	2706.0	0.14781966001478197
chr7	-79	3	2766.0	0.10845986984815618
chr7	-78	2	2825.0	0.07079646017699115
chr7	-77	5	2912.0	0.1717032967032967
chr7	-76	2	2984.0	0.06702412868632708
chr7	-75	13	3026.0	0.4296100462656973
chr7	-74	6	3085.0	0.1944894651539708
chr7	-73	5	3156.0	0.15842839036755385
chr7	-72	11	3219.0	0.3417210313762038
chr7	-71	5	3303.0	0.15137753557372086
chr7	-70	12	3375.0	0.35555555555555557
chr7	-69	29	3450.0	0.8405797101449276
chr7	-68	10	3516.0	0.2844141069397042
chr7	-67	13	3582.0	0.3629257398101619
chr7	-66	8	3669.0	0.21804306350504227
chr7	-65	9	3724.0	0.24167561761546724
chr7	-64	3	3801.0	0.07892659826361484
chr7	-63	5	3867.0	0.12929919834497025
chr7	-62	13	3936.0	0.3302845528455285
chr7	-61	7	4005.0	0.17478152309612985
chr7	-60	14	4074.0	0.3436426116838488
chr7	-59	3	4149.0	0.07230657989877079
chr7	-58	11	4214.0	0.26103464641670626
chr7	-57	7	4271.0	0.1638960430812456
chr7	-56	18	4342.0	0.4145555043758637
chr7	-55	11	4395.0	0.25028441410693975
chr7	-54	8	4467.0	0.17909111260353705
chr7	-53	12	4546.0	0.2639683238011439
chr7	-52	23	4613.0	0.4985909386516367
chr7	-51	25	4680.0	0.5341880341880342
chr7	-50	11	4741.0	0.23201856148491878
chr7	-49	10	4796.0	0.2085070892410342
chr7	-48	11	4866.0	0.22605836415947392
chr7	-47	13	4927.0	0.2638522427440633
chr7	-46	10	4998.0	0.20008003201280514
chr7	-45	7	5051.0	0.13858641853098397
chr7	-44	10	5116.0	0.1954652071931196
chr7	-43	14	5181.0	0.2702181046130091
chr7	-42	19	5239.0	0.3626646306547051
chr7	-41	12	5317.0	0.22569117923641152
chr7	-40	5	5378.0	0.09297136481963555
chr7	-39	4	5432.0	0.07363770250368189
chr7	-38	11	5512.0	0.19956458635703916
chr7	-37	7	5582.0	0.1254030813328556
chr7	-36	11	5643.0	0.1949317738791423
chr7	-35	20	5700.0	0.3508771929824561
chr7	-34	13	5763.0	0.22557695644629533
chr7	-33	35	5842.0	0.5991098938719617
chr7	-32	20	5911.0	0.33835222466587717
chr7	-31	12	5982.0	0.20060180541624875
chr7	-30	15	6039.0	0.24838549428713363
chr7	-29	16	6128.0	0.26109660574412535
chr7	-28	7	6200.0	0.11290322580645162
chr7	-27	5	6259.0	0.07988496564946478
chr7	-26	9	6333.0	0.14211274277593558
chr7	-25	16	6384.0	0.2506265664160401
chr7	-24	11	6448.0	0.1705955334987593
chr7	-23	13	6523.0	0.19929480300475239
chr7	-22	19	6587.0	0.2884469409442842
chr7	-21	11	6658.0	0.16521477921297686
chr7	-20	9	6726.0	0.13380909901873325
chr7	-19	38	6808.0	0.5581668625146886
chr7	-18	12	6869.0	0.17469791818314165
chr7	-17	11	6937.0	0.15856998702609196
chr7	-16	7	7013.0	0.09981462997290745
chr7	-15	10	7071.0	0.1414227124876255
chr7	-14	20	7145.0	0.27991602519244224
chr7	-13	10	7200.0	0.1388888888888889
chr7	-12	22	7280.0	0.30219780219780223
chr7	-11	14	7342.0	0.19068373740125305
chr7	-10	7	7401.0	0.09458181326847723
chr7	-9	30	7399.0	0.40546019732396266
chr7	-8	9	7400.0	0.12162162162162161
chr7	-7	19	7400.0	0.25675675675675674
chr7	-6	16	7399.0	0.2162454385727801
chr7	-5	9	7399.0	0.12163805919718881
chr7	-4	15	7399.0	0.20273009866198133
chr7	-3	14	7399.0	0.1892147587511826
chr7	-2	8	7393.0	0.10821046936291086
chr7	-1	21	7392.0	0.2840909090909091
chr7	0	8	7256.0	0.11025358324145534
chr7	1	25	7195.0	0.34746351633078526
chr7	2	15	7133.0	0.2102902004766578
chr7	3	10	7067.0	0.14150275930380643
chr7	4	9	6998.0	0.12860817376393255
chr7	5	14	6948.0	0.20149683362118592
chr7	6	14	6882.0	0.2034292356873002
chr7	7	17	6804.0	0.2498530276308054
chr7	8	29	6741.0	0.43020323394155174
chr7	9	24	6678.0	0.3593890386343217
chr7	10	22	6621.0	0.3322760912248905
chr7	11	28	6533.0	0.42859329557630493
chr7	12	10	6463.0	0.1547269070091289
chr7	13	16	6416.0	0.24937655860349126
chr7	14	24	6345.0	0.37825059101654845
chr7	15	10	6283.0	0.15915963711602737
chr7	16	22	6203.0	0.3546670965661777
chr7	17	25	6131.0	0.4077638231936063
chr7	18	33	6062.0	0.5443747937974266
chr7	19	11	5994.0	0.18351685018351685
chr7	20	22	5914.0	0.37199864727764625
chr7	21	17	5854.0	0.29039972668261016
chr7	22	9	5791.0	0.15541357278535659
chr7	23	17	5729.0	0.2967359050445104
chr7	24	22	5659.0	0.3887612652412087
chr7	25	6	5598.0	0.10718113612004287
chr7	26	12	5528.0	0.21707670043415342
chr7	27	13	5485.0	0.23701002734731083
chr7	28	23	5417.0	0.42458925604578174
chr7	29	20	5362.0	0.37299515106303616
chr7	30	11	5295.0	0.20774315391879133
chr7	31	15	5222.0	0.2872462657985446
chr7	32	23	5151.0	0.44651523975927
chr7	33	9	5089.0	0.17685203379838868
chr7	34	9	5015.0	0.1794616151545364
chr7	35	14	4944.0	0.28317152103559873
chr7	36	7	4873.0	0.14364867638005335
chr7	37	10	4817.0	0.2075980900975711
chr7	38	6	4748.0	0.12636899747262004
chr7	39	16	4670.0	0.3426124197002141
chr7	40	13	4610.0	0.28199566160520606
chr7	41	25	4553.0	0.5490885130683066
chr7	42	13	4464.0	0.29121863799283154
chr7	43	11	4391.0	0.2505124117513095
chr7	44	4	4350.0	0.09195402298850575
chr7	45	13	4292.0	0.30288909599254427
chr7	46	7	4222.0	0.16579819990525818
chr7	47	13	4166.0	0.3120499279884782
chr7	48	8	4081.0	0.19603038470963
chr7	49	6	4006.0	0.14977533699450823
chr7	50	29	3929.0	0.7381012980402138
chr7	51	17	3864.0	0.4399585921325052
chr7	52	23	3801.0	0.6051039200210471
chr7	53	5	3715.0	0.13458950201884254
chr7	54	11	3661.0	0.3004643540016389
chr7	55	14	3587.0	0.3902982994145526
chr7	56	11	3520.0	0.3125
chr7	57	20	3453.0	0.5792064871126557
chr7	58	5	3385.0	0.14771048744460857
chr7	59	15	3314.0	0.45262522631261315
chr7	60	7	3240.0	0.21604938271604937
chr7	61	10	3175.0	0.31496062992125984
chr7	62	10	3115.0	0.32102728731942215
chr7	63	5	3046.0	0.16414970453053185
chr7	64	7	2988.0	0.23427041499330656
chr7	65	6	2917.0	0.2056907781967775
chr7	66	7	2836.0	0.2468265162200282
chr7	67	7	2770.0	0.2527075812274368
chr7	68	16	2703.0	0.5919348871624122
chr7	69	5	2641.0	0.18932222642938282
chr7	70	10	2583.0	0.38714672861014326
chr7	71	15	2517.0	0.5959475566150179
chr7	72	9	2453.0	0.36689767631471665
chr7	73	5	2382.0	0.20990764063811923
chr7	74	14	2330.0	0.6008583690987125
chr7	75	2	2265.0	0.08830022075055188
chr7	76	8	2200.0	0.36363636363636365
chr7	77	7	2143.0	0.3266448903406439
chr7	78	3	2070.0	0.14492753623188406
chr7	79	8	2006.0	0.3988035892323031
chr7	80	4	1950.0	0.20512820512820512
chr7	81	7	1870.0	0.37433155080213903
chr7	82	4	1799.0	0.22234574763757642
chr7	83	11	1743.0	0.6310958118187034
chr7	84	6	1687.0	0.35566093657379966
chr7	85	11	1621.0	0.6785934608266502
chr7	86	3	1546.0	0.19404915912031048
chr7	87	2	1477.0	0.13540961408259986
chr7	88	2	1407.0	0.14214641080312723
chr7	89	5	1350.0	0.3703703703703704
chr7	90	7	1261.0	0.5551149881046789
chr7	91	4	1189.0	0.33641715727502103
chr7	92	2	1131.0	0.17683465959328026
chr7	93	5	1058.0	0.4725897920604915
chr7	94	1	1002.0	0.09980039920159679
chr7	95	3	941.0	0.3188097768331562
chr7	96	0	859.0	0.0
chr7	97	2	793.0	0.25220680958385877
chr7	98	1	724.0	0.13812154696132595
chr7	99	2	666.0	0.3003003003003003
chr7	100	0	586.0	0.0
chr7	101	2	526.0	0.38022813688212925
chr7	102	3	463.0	0.6479481641468683
chr7	103	1	386.0	0.2590673575129534
chr7	104	0	327.0	0.0
chr7	105	2	255.0	0.7843137254901961
chr7	106	0	199.0	0.0
chr7	107	0	121.0	0.0
chr7	108	0	58.0	0.0
chr7	109	0	0.0	nan
chr7	110	0	0.0	nan
chr7	111	0	0.0	nan
chr7	112	0	0.0	nan
chr7	113	0	0.0	nan
chr7	114	0	0.0	nan
chr7	115	0	0.0	nan
chr7	116	0	0.0	nan
chr7	117	0	0.0	nan
chr7	118	0	0.0	nan
chr7	119	0	0.0	nan
chr7	120	0	0.0	nan
chr7	121	0	0.0	nan
chr7	122	0	0.0	nan
chr7	123	0	0.0	nan
chr7	124	0	0.0	nan
chr7	125	0	0.0	nan
chr7	126	0	0.0	nan
chr7	127	0	0.0	nan
chr7	128	0	0.0	nan
chr7	129	0	0.0	nan
chr7	130	0	0.0	nan
chr7	131	0	0.0	nan
chr7	132	0	0.0	nan
chr7	133	0	0.0	nan
chr7	134	0	0.0	nan
chr7	135	0	0.0	nan
chr10	-122	0	1.0	0.0
chr10	-121	0	1.0	0.0
chr10	-120	0	69.0	0.0
chr10	-119	1	138.0	0.7246376811594203
chr10	-118	0	206.0	0.0
chr10	-117	0	291.0	0.0
chr10	-116	0	352.0	0.0
chr10	-115	0	425.0	0.0
chr10	-114	1	493.0	0.2028397565922921
chr10	-113	0	573.0	0.0
chr10	-112	2	642.0	0.3115264797507788
chr10	-111	0	727.0	0.0
chr10	-110	2	803.0	0.24906600249066002
chr10	-109	1	869.0	0.11507479861910241
chr10	-108	0	934.0	0.0
chr10	-107	0	1014.0	0.0
chr10	-106	5	1097.0	0.4557885141294439
chr10	-105	1	1171.0	0.08539709649871904
chr10	-104	4	1231.0	0.3249390739236393
chr10	-103	0	1306.0	0.0
chr10	-102	1	1394.0	0.07173601147776185
chr10	-101	0	1465.0	0.0
chr10	-100	1	1527.0	0.06548788474132286
chr10	-99	2	1591.0	0.1257071024512885
chr10	-98	1	1645.0	0.060790273556231005
chr10	-97	3	1727.0	0.17371163867979156
chr10	-96	0	1809.0	0.0
chr10	-95	0	1870.0	0.0
chr10	-94	2	1948.0	0.10266940451745381
chr10	-93	3	2022.0	0.1483679525222552
chr10	-92	2	2091.0	0.09564801530368246
chr10	-91	2	2163.0	0.09246417013407304
chr10	-90	1	2229.0	0.04486316733961417
chr10	-89	1	2303.0	0.04342162396873643
chr10	-88	2	2370.0	0.08438818565400844
chr10	-87	5	2434.0	0.2054231717337716
chr10	-86	3	2511.0	0.11947431302270012
chr10	-85	6	2574.0	0.2331002331002331
chr10	-84	5	2636.0	0.18968133535660092
chr10	-83	3	2714.0	0.1105379513633014
chr10	-82	6	2776.0	0.21613832853025938
chr10	-81	6	2838.0	0.21141649048625794
chr10	-80	1	2898.0	0.03450655624568668
chr10	-79	5	2971.0	0.1682935038707506
chr10	-78	3	3041.0	0.09865175928970733
chr10	-77	7	3112.0	0.2249357326478149
chr10	-76	10	3178.0	0.3146633102580239
chr10	-75	6	3244.0	0.18495684340320592
chr10	-74	2	3310.0	0.060422960725075525
chr10	-73	2	3401.0	0.058806233460746836
chr10	-72	8	3467.0	0.23074704355350445
chr10	-71	17	3547.0	0.47927826332111645
chr10	-70	4	3616.0	0.11061946902654868
chr10	-69	5	3688.0	0.13557483731019523
chr10	-68	14	3767.0	0.37164852667905496
chr10	-67	17	3845.0	0.4421326397919376
chr10	-66	8	3921.0	0.204029584289722
chr10	-65	13	3999.0	0.3250812703175794
chr10	-64	6	4066.0	0.14756517461878996
chr10	-63	13	4145.0	0.31363088057901084
chr10	-62	24	4235.0	0.5667060212514758
chr10	-61	9	4305.0	0.20905923344947736
chr10	-60	2	4373.0	0.0457351932311914
chr10	-59	6	4445.0	0.13498312710911137
chr10	-58	8	4511.0	0.17734426956328972
chr10	-57	16	4579.0	0.3494212710198733
chr10	-56	11	4646.0	0.23676280671545416
chr10	-55	2	4719.0	0.04238186056367875
chr10	-54	16	4798.0	0.3334722801167153
chr10	-53	10	4865.0	0.20554984583761562
chr10	-52	13	4946.0	0.26283865750101093
chr10	-51	6	5025.0	0.11940298507462686
chr10	-50	16	5101.0	0.3136639874534405
chr10	-49	8	5176.0	0.1545595054095827
chr10	-48	11	5250.0	0.20952380952380953
chr10	-47	18	5318.0	0.33847311019180143
chr10	-46	7	5388.0	0.12991833704528583
chr10	-45	14	5468.0	0.25603511338697876
chr10	-44	27	5546.0	0.48683736025964663
chr10	-43	3	5642.0	0.053172633817795106
chr10	-42	7	5711.0	0.1225704780248643
chr10	-41	22	5770.0	0.38128249566724437
chr10	-40	2	5849.0	0.034193879295606085
chr10	-39	10	5919.0	0.16894745734076702
chr10	-38	8	5986.0	0.13364517206815904
chr10	-37	9	6043.0	0.14893264934635117
chr10	-36	11	6110.0	0.18003273322422259
chr10	-35	14	6174.0	0.22675736961451248
chr10	-34	6	6256.0	0.0959079283887468
chr10	-33	17	6320.0	0.2689873417721519
chr10	-32	12	6397.0	0.18758793184305145
chr10	-31	2	6468.0	0.030921459492888066
chr10	-30	22	6543.0	0.336237200061134
chr10	-29	6	6622.0	0.0906070673512534
chr10	-28	11	6685.0	0.16454749439042632
chr10	-27	6	6749.0	0.08890205956437991
chr10	-26	6	6833.0	0.08780916142250841
chr10	-25	4	6914.0	0.05785363031530228
chr10	-24	6	6985.0	0.08589835361488905
chr10	-23	14	7053.0	0.19849709343541755
chr10	-22	6	7126.0	0.08419870895312938
chr10	-21	31	7191.0	0.43109442358503686
chr10	-20	26	7266.0	0.35783099366914395
chr10	-19	5	7339.0	0.06812917291184085
chr10	-18	15	7407.0	0.2025111381125962
chr10	-17	15	7476.0	0.20064205457463882
chr10	-16	41	7541.0	0.5436944702294125
chr10	-15	19	7606.0	0.24980278727320537
chr10	-14	9	7682.0	0.1171569903670919
chr10	-13	18	7736.0	0.2326783867631851
chr10	-12	11	7797.0	0.14107990252661282
chr10	-11	12	7863.0	0.15261350629530715
chr10	-10	12	7935.0	0.15122873345935728
chr10	-9	21	7935.0	0.26465028355387527
chr10	-8	16	7935.0	0.20163831127914303
chr10	-7	9	7934.0	0.11343584572724981
chr10	-6	17	7929.0	0.2144028250725186
chr10	-5	16	7928.0	0.20181634712411706
chr10	-4	24	7926.0	0.3028009084027252
chr10	-3	30	7935.0	0.3780718336483932
chr10	-2	9	7935.0	0.11342155009451795
chr10	-1	26	7934.0	0.3277035543231661
chr10	0	11	7794.0	0.1411342057993328
chr10	1	4	7726.0	0.05177323323841575
chr10	2	15	7641.0	0.19630938358853553
chr10	3	23	7575.0	0.30363036303630364
chr10	4	30	7503.0	0.39984006397441024
chr10	5	31	7435.0	0.4169468728984532
chr10	6	17	7361.0	0.23094688221709006
chr10	7	13	7290.0	0.17832647462277093
chr10	8	24	7205.0	0.3331020124913255
chr10	9	12	7129.0	0.1683265535138168
chr10	10	17	7055.0	0.24096385542168677
chr10	11	13	6988.0	0.18603319977103605
chr10	12	23	6909.0	0.332899117093646
chr10	13	14	6831.0	0.20494803103498754
chr10	14	19	6758.0	0.28114826871855575
chr10	15	39	6696.0	0.5824372759856631
chr10	16	31	6620.0	0.4682779456193354
chr10	17	16	6537.0	0.24476059354443935
chr10	18	12	6467.0	0.1855574454925004
chr10	19	17	6404.0	0.2654590880699563
chr10	20	28	6339.0	0.44171004890361254
chr10	21	8	6283.0	0.12732770969282192
chr10	22	20	6203.0	0.32242463324197973
chr10	23	11	6120.0	0.17973856209150327
chr10	24	14	6052.0	0.2313284864507601
chr10	25	11	5975.0	0.18410041841004182
chr10	26	10	5902.0	0.16943409013893596
chr10	27	9	5833.0	0.15429453111606378
chr10	28	11	5758.0	0.19103855505383813
chr10	29	20	5690.0	0.35149384885764495
chr10	30	4	5621.0	0.07116171499733144
chr10	31	15	5554.0	0.2700756211739287
chr10	32	23	5487.0	0.4191725897576089
chr10	33	12	5410.0	0.22181146025878
chr10	34	17	5348.0	0.31787584143605085
chr10	35	9	5286.0	0.170261066969353
chr10	36	16	5208.0	0.30721966205837176
chr10	37	15	5148.0	0.2913752913752914
chr10	38	9	5085.0	0.17699115044247787
chr10	39	10	5025.0	0.1990049751243781
chr10	40	21	4953.0	0.4239854633555421
chr10	41	18	4889.0	0.3681734506033954
chr10	42	2	4815.0	0.04153686396677051
chr10	43	18	4750.0	0.3789473684210526
chr10	44	17	4683.0	0.36301516122143923
chr10	45	9	4617.0	0.1949317738791423
chr10	46	17	4527.0	0.375524629997791
chr10	47	10	4461.0	0.22416498542927593
chr10	48	10	4376.0	0.22851919561243145
chr10	49	20	4302.0	0.46490004649000466
chr10	50	10	4225.0	0.2366863905325444
chr10	51	16	4153.0	0.3852636648206116
chr10	52	6	4071.0	0.14738393515106854
chr10	53	10	3993.0	0.25043826696719257
chr10	54	8	3919.0	0.20413370757846389
chr10	55	8	3851.0	0.20773824980524538
chr10	56	10	3775.0	0.26490066225165565
chr10	57	8	3688.0	0.21691973969631237
chr10	58	7	3619.0	0.19342359767891684
chr10	59	3	3550.0	0.08450704225352113
chr10	60	6	3479.0	0.1724633515377982
chr10	61	20	3407.0	0.587026709715292
chr10	62	10	3339.0	0.2994908655286014
chr10	63	12	3267.0	0.3673094582185491
chr10	64	9	3197.0	0.28151391929934316
chr10	65	15	3121.0	0.4806151874399231
chr10	66	12	3058.0	0.3924133420536298
chr10	67	16	2978.0	0.5372733378106112
chr10	68	6	2897.0	0.20711080428028997
chr10	69	4	2820.0	0.14184397163120568
chr10	70	15	2744.0	0.5466472303206997
chr10	71	12	2676.0	0.4484304932735426
chr10	72	3	2608.0	0.11503067484662577
chr10	73	10	2539.0	0.3938558487593541
chr10	74	4	2459.0	0.16266775111834078
chr10	75	2	2385.0	0.08385744234800838
chr10	76	9	2289.0	0.39318479685452157
chr10	77	1	2220.0	0.04504504504504504
chr10	78	9	2157.0	0.4172461752433936
chr10	79	1	2079.0	0.0481000481000481
chr10	80	11	2007.0	0.5480817140009965
chr10	81	6	1941.0	0.3091190108191654
chr10	82	2	1883.0	0.10621348911311736
chr10	83	6	1817.0	0.3302146395156852
chr10	84	4	1746.0	0.22909507445589922
chr10	85	4	1667.0	0.23995200959808036
chr10	86	3	1603.0	0.18714909544603867
chr10	87	2	1530.0	0.130718954248366
chr10	88	4	1459.0	0.2741603838245374
chr10	89	5	1382.0	0.361794500723589
chr10	90	3	1298.0	0.23112480739599386
chr10	91	2	1242.0	0.1610305958132045
chr10	92	3	1178.0	0.2546689303904924
chr10	93	3	1093.0	0.2744739249771272
chr10	94	4	1011.0	0.3956478733926805
chr10	95	1	947.0	0.10559662090813093
chr10	96	6	879.0	0.6825938566552902
chr10	97	2	806.0	0.24813895781637718
chr10	98	2	739.0	0.2706359945872801
chr10	99	2	665.0	0.30075187969924816
chr10	100	1	593.0	0.16863406408094433
chr10	101	0	524.0	0.0
chr10	102	0	455.0	0.0
chr10	103	1	388.0	0.25773195876288657
chr10	104	2	325.0	0.6153846153846154
chr10	105	0	250.0	0.0
chr10	106	0	193.0	0.0
chr10	107	0	132.0	0.0
chr10	108	0	64.0	0.0
chr10	109	0	0.0	nan
chr10	110	0	0.0	nan
chr10	111	0	0.0	nan
chr10	112	0	0.0	nan
chr10	113	0	0.0	nan
chr10	114	0	0.0	nan
chr10	115	0	0.0	nan
chr10	116	0	0.0	nan
chr10	117	0	0.0	nan
chr10	118	0	0.0	nan
chr10	119	0	0.0	nan
chr10	120	0	0.0	nan
chr10	121	0	0.0	nan
chr10	122	0	0.0	nan
chr10	123	0	0.0	nan
chr10	124	0	0.0	nan
chr10	125	0	0.0	nan
chr10	126	0	0.0	nan
chr10	127	0	0.0	nan
chr10	128	0	0.0	nan
chr11	-127	0	1.0	0.0
chr11	-126	0	2.0	0.0
chr11	-125	0	3.0	0.0
chr11	-124	0	3.0	0.0
chr11	-123	0	3.0	0.0
chr11	-122	0	3.0	0.0
chr11	-121	0	4.0	0.0
chr11	-120	0	84.0	0.0
chr11	-119	0	169.0	0.0
chr11	-118	1	263.0	0.38022813688212925
chr11	-117	1	350.0	0.2857142857142857
chr11	-116	1	456.0	0.21929824561403508
chr11	-115	0	549.0	0.0
chr11	-114	2	624.0	0.3205128205128205
chr11	-113	0	708.0	0.0
chr11	-112	0	786.0	0.0
chr11	-111	0	861.0	0.0
chr11	-110	1	955.0	0.10471204188481677
chr11	-109	3	1045.0	0.28708133971291866
chr11	-108	1	1137.0	0.08795074758135445
chr11	-107	0	1215.0	0.0
chr11	-106	1	1304.0	0.07668711656441718
chr11	-105	0	1393.0	0.0
chr11	-104	3	1478.0	0.20297699594046006
chr11	-103	4	1567.0	0.2552648372686663
chr11	-102	7	1657.0	0.4224502112251056
chr11	-101	1	1733.0	0.05770340450086555
chr11	-100	0	1833.0	0.0
chr11	-99	1	1937.0	0.05162622612287042
chr11	-98	4	2021.0	0.1979218208807521
chr11	-97	1	2117.0	0.04723665564478035
chr11	-96	5	2209.0	0.22634676324128564
chr11	-95	3	2297.0	0.13060513713539398
chr11	-94	7	2380.0	0.29411764705882354
chr11	-93	3	2470.0	0.12145748987854252
chr11	-92	2	2547.0	0.07852375343541422
chr11	-91	4	2639.0	0.15157256536566882
chr11	-90	4	2733.0	0.14635931211123307
chr11	-89	2	2815.0	0.07104795737122557
chr11	-88	1	2904.0	0.03443526170798898
chr11	-87	1	3005.0	0.033277870216306155
chr11	-86	2	3083.0	0.06487187804086927
chr11	-85	2	3157.0	0.06335128286347799
chr11	-84	7	3250.0	0.21538461538461537
chr11	-83	5	3328.0	0.15024038461538464
chr11	-82	1	3421.0	0.029231218941829874
chr11	-81	6	3498.0	0.17152658662092624
chr11	-80	8	3588.0	0.2229654403567447
chr11	-79	3	3676.0	0.08161044613710555
chr11	-78	3	3777.0	0.07942811755361398
chr11	-77	5	3850.0	0.12987012987012986
chr11	-76	3	3932.0	0.0762970498474059
chr11	-75	6	4022.0	0.14917951268025859
chr11	-74	7	4109.0	0.17035775127768313
chr11	-73	8	4207.0	0.1901592583788923
chr11	-72	2	4280.0	0.04672897196261683
chr11	-71	6	4362.0	0.1375515818431912
chr11	-70	4	4444.0	0.09000900090009001
chr11	-69	4	4527.0	0.08835873647006848
chr11	-68	5	4604.0	0.10860121633362295
chr11	-67	7	4680.0	0.1495726495726496
chr11	-66	6	4756.0	0.1261564339781329
chr11	-65	7	4836.0	0.1447477253928867
chr11	-64	5	4926.0	0.10150223304912709
chr11	-63	15	5019.0	0.2988643156007173
chr11	-62	9	5098.0	0.17653981953707334
chr11	-61	5	5179.0	0.09654373431164318
chr11	-60	26	5264.0	0.4939209726443769
chr11	-59	7	5358.0	0.13064576334453154
chr11	-58	4	5439.0	0.07354293068578784
chr11	-57	12	5526.0	0.21715526601520088
chr11	-56	14	5615.0	0.2493321460373998
chr11	-55	9	5700.0	0.15789473684210525
chr11	-54	5	5787.0	0.08640055296353896
chr11	-53	6	5869.0	0.10223206679161698
chr11	-52	12	5950.0	0.20168067226890757
chr11	-51	2	6037.0	0.033129037601457675
chr11	-50	8	6107.0	0.13099721630915342
chr11	-49	6	6193.0	0.09688357823348942
chr11	-48	8	6285.0	0.12728719172633254
chr11	-47	5	6362.0	0.07859163784973279
chr11	-46	25	6455.0	0.3872966692486445
chr11	-45	16	6534.0	0.24487297214569942
chr11	-44	10	6626.0	0.1509206157561123
chr11	-43	8	6699.0	0.11942080907598147
chr11	-42	12	6810.0	0.1762114537444934
chr11	-41	5	6898.0	0.07248477819657873
chr11	-40	12	6969.0	0.17219113215669393
chr11	-39	5	7053.0	0.0708918190840777
chr11	-38	22	7145.0	0.3079076277116865
chr11	-37	7	7225.0	0.09688581314878893
chr11	-36	15	7317.0	0.2050020500205002
chr11	-35	11	7393.0	0.14878939537400243
chr11	-34	25	7470.0	0.33467202141900937
chr11	-33	8	7552.0	0.1059322033898305
chr11	-32	4	7630.0	0.05242463958060288
chr11	-31	11	7730.0	0.14230271668822767
chr11	-30	18	7783.0	0.23127328793524346
chr11	-29	7	7863.0	0.08902454533892916
chr11	-28	18	7942.0	0.22664316293125158
chr11	-27	5	8017.0	0.06236746912810278
chr11	-26	3	8118.0	0.03695491500369549
chr11	-25	23	8197.0	0.2805904599243626
chr11	-24	9	8274.0	0.10877447425670776
chr11	-23	7	8362.0	0.08371203061468549
chr11	-22	14	8476.0	0.16517225106182162
chr11	-21	12	8556.0	0.1402524544179523
chr11	-20	16	8628.0	0.18544274455261936
chr11	-19	27	8721.0	0.30959752321981426
chr11	-18	14	8800.0	0.1590909090909091
chr11	-17	16	8899.0	0.1797954826384987
chr11	-16	16	8987.0	0.17803493935684878
chr11	-15	21	9063.0	0.23171135385633895
chr11	-14	16	9146.0	0.17493986442160508
chr11	-13	34	9239.0	0.368005195367464
chr11	-12	19	9321.0	0.20384078961484822
chr11	-11	19	9418.0	0.2017413463580378
chr11	-10	19	9488.0	0.20025295109612143
chr11	-9	7	9488.0	0.07377740303541315
chr11	-8	10	9487.0	0.10540739959945189
chr11	-7	8	9488.0	0.08431703204047217
chr11	-6	28	9488.0	0.2951096121416526
chr11	-5	13	9488.0	0.1370151770657673
chr11	-4	24	9487.0	0.2529777590386845
chr11	-3	15	9490.0	0.15806111696522657
chr11	-2	16	9491.0	0.16858076072068273
chr11	-1	14	9491.0	0.1475081656305974
chr11	0	16	9318.0	0.17171066752522
chr11	1	16	9226.0	0.17342293518317797
chr11	2	22	9139.0	0.24072655651603017
chr11	3	12	9027.0	0.13293452974410103
chr11	4	10	8936.0	0.11190689346463742
chr11	5	31	8860.0	0.34988713318284426
chr11	6	8	8777.0	0.09114731685086021
chr11	7	8	8696.0	0.09199632014719411
chr11	8	13	8623.0	0.15075959642815726
chr11	9	28	8529.0	0.32829171063430646
chr11	10	9	8437.0	0.10667298802892024
chr11	11	20	8351.0	0.23949227637408693
chr11	12	31	8272.0	0.37475822050290136
chr11	13	8	8182.0	0.09777560498655585
chr11	14	24	8093.0	0.2965525763005066
chr11	15	16	8007.0	0.19982515299113274
chr11	16	22	7921.0	0.2777427092538821
chr11	17	18	7827.0	0.22997316979685703
chr11	18	12	7752.0	0.15479876160990713
chr11	19	16	7652.0	0.20909566126502874
chr11	20	18	7549.0	0.2384421777718903
chr11	21	16	7464.0	0.21436227224008575
chr11	22	9	7368.0	0.12214983713355047
chr11	23	20	7271.0	0.2750653280154037
chr11	24	16	7180.0	0.22284122562674097
chr11	25	9	7102.0	0.12672486623486343
chr11	26	7	7006.0	0.09991435912075364
chr11	27	27	6933.0	0.38944180008654267
chr11	28	11	6843.0	0.16074820984948124
chr11	29	20	6749.0	0.29634019854793303
chr11	30	21	6668.0	0.3149370125974805
chr11	31	14	6577.0	0.21286300745020528
chr11	32	8	6476.0	0.12353304508956146
chr11	33	16	6404.0	0.24984384759525297
chr11	34	16	6331.0	0.25272468804296316
chr11	35	18	6237.0	0.2886002886002886
chr11	36	12	6158.0	0.1948684637869438
chr11	37	17	6065.0	0.2802967848309975
chr11	38	13	5986.0	0.2171734046107584
chr11	39	13	5896.0	0.22048846675712347
chr11	40	8	5807.0	0.13776476666092646
chr11	41	8	5707.0	0.14017872787804453
chr11	42	9	5635.0	0.15971606033717836
chr11	43	12	5553.0	0.21609940572663425
chr11	44	9	5459.0	0.1648653599560359
chr11	45	21	5372.0	0.39091586001489204
chr11	46	10	5273.0	0.18964536317087047
chr11	47	10	5198.0	0.19238168526356292
chr11	48	13	5115.0	0.2541544477028348
chr11	49	14	5033.0	0.27816411682892905
chr11	50	7	4948.0	0.14147130153597412
chr11	51	16	4873.0	0.32833983172583625
chr11	52	8	4796.0	0.16680567139282734
chr11	53	19	4721.0	0.4024571065452235
chr11	54	6	4636.0	0.12942191544434856
chr11	55	9	4552.0	0.19771528998242532
chr11	56	19	4459.0	0.4261045077371608
chr11	57	9	4380.0	0.2054794520547945
chr11	58	10	4301.0	0.2325040688212044
chr11	59	16	4218.0	0.3793266951161688
chr11	60	7	4125.0	0.1696969696969697
chr11	61	14	4044.0	0.34619188921859545
chr11	62	11	3956.0	0.2780586450960566
chr11	63	8	3866.0	0.20693222969477496
chr11	64	5	3775.0	0.13245033112582782
chr11	65	9	3690.0	0.24390243902439024
chr11	66	16	3607.0	0.4435819240365955
chr11	67	4	3525.0	0.11347517730496454
chr11	68	8	3437.0	0.23276112889147513
chr11	69	5	3368.0	0.14845605700712589
chr11	70	3	3282.0	0.09140767824497258
chr11	71	1	3188.0	0.031367628607277286
chr11	72	8	3111.0	0.25715204114432655
chr11	73	7	3019.0	0.23186485591255385
chr11	74	2	2942.0	0.06798096532970768
chr11	75	3	2852.0	0.10518934081346423
chr11	76	9	2781.0	0.3236245954692557
chr11	77	3	2671.0	0.11231748408835641
chr11	78	1	2582.0	0.03872966692486445
chr11	79	14	2511.0	0.5575467941059339
chr11	80	2	2427.0	0.08240626287597858
chr11	81	5	2335.0	0.21413276231263384
chr11	82	4	2255.0	0.17738359201773835
chr11	83	13	2162.0	0.6012950971322849
chr11	84	4	2085.0	0.19184652278177458
chr11	85	6	2010.0	0.2985074626865672
chr11	86	2	1919.0	0.10422094841063052
chr11	87	4	1843.0	0.2170374389582203
chr11	88	3	1745.0	0.17191977077363896
chr11	89	2	1686.0	0.11862396204033215
chr11	90	5	1605.0	0.3115264797507788
chr11	91	4	1528.0	0.2617801047120419
chr11	92	1	1446.0	0.06915629322268327
chr11	93	6	1354.0	0.4431314623338257
chr11	94	4	1272.0	0.3144654088050315
chr11	95	8	1195.0	0.6694560669456067
chr11	96	1	1113.0	0.08984725965858043
chr11	97	4	1007.0	0.3972194637537239
chr11	98	1	927.0	0.10787486515641855
chr11	99	2	854.0	0.234192037470726
chr11	100	0	761.0	0.0
chr11	101	0	685.0	0.0
chr11	102	0	587.0	0.0
chr11	103	4	499.0	0.8016032064128256
chr11	104	2	422.0	0.47393364928909953
chr11	105	0	342.0	0.0
chr11	106	1	248.0	0.4032258064516129
chr11	107	1	169.0	0.591715976331361
chr11	108	0	68.0	0.0
chr11	109	0	0.0	nan
chr11	110	0	0.0	nan
chr11	111	0	0.0	nan
chr11	112	0	0.0	nan
chr11	113	0	0.0	nan
chr11	114	0	0.0	nan
chr11	115	0	0.0	nan
chr11	116	0	0.0	nan
chr11	117	0	0.0	nan
chr11	118	0	0.0	nan
chr11	119	0	0.0	nan
chr11	120	0	0.0	nan
chr11	121	0	0.0	nan
chr11	122	0	0.0	nan
chr11	123	0	0.0	nan
chr11	124	0	0.0	nan
chr11	125	0	0.0	nan
chr11	126	0	0.0	nan
chr11	127	0	0.0	nan
chr12	-127	0	2.0	0.0
chr12	-126	0	2.0	0.0
chr12	-125	0	2.0	0.0
chr12	-124	0	2.0	0.0
chr12	-123	0	3.0	0.0
chr12	-122	0	3.0	0.0
chr12	-121	0	4.0	0.0
chr12	-120	2	91.0	2.197802197802198
chr12	-119	0	167.0	0.0
chr12	-118	1	245.0	0.40816326530612246
chr12	-117	0	347.0	0.0
chr12	-116	0	415.0	0.0
chr12	-115	0	486.0	0.0
chr12	-114	0	556.0	0.0
chr12	-113	0	628.0	0.0
chr12	-112	0	706.0	0.0
chr12	-111	2	792.0	0.25252525252525254
chr12	-110	2	867.0	0.2306805074971165
chr12	-109	3	951.0	0.31545741324921134
chr12	-108	5	1050.0	0.4761904761904762
chr12	-107	1	1135.0	0.0881057268722467
chr12	-106	0	1219.0	0.0
chr12	-105	0	1300.0	0.0
chr12	-104	2	1389.0	0.14398848092152627
chr12	-103	1	1468.0	0.06811989100817438
chr12	-102	2	1553.0	0.128783000643915
chr12	-101	2	1638.0	0.1221001221001221
chr12	-100	0	1712.0	0.0
chr12	-99	5	1799.0	0.27793218454697055
chr12	-98	1	1878.0	0.05324813631522897
chr12	-97	4	1974.0	0.2026342451874367
chr12	-96	3	2053.0	0.14612761811982464
chr12	-95	2	2142.0	0.09337068160597572
chr12	-94	2	2214.0	0.09033423667570009
chr12	-93	2	2295.0	0.08714596949891067
chr12	-92	0	2403.0	0.0
chr12	-91	1	2472.0	0.04045307443365696
chr12	-90	2	2546.0	0.07855459544383347
chr12	-89	7	2614.0	0.26778882938026016
chr12	-88	4	2688.0	0.1488095238095238
chr12	-87	8	2780.0	0.28776978417266186
chr12	-86	4	2854.0	0.1401541695865452
chr12	-85	8	2938.0	0.2722940776038121
chr12	-84	2	2999.0	0.06668889629876625
chr12	-83	6	3077.0	0.19499512512187195
chr12	-82	4	3147.0	0.1271051795360661
chr12	-81	15	3229.0	0.4645401052957572
chr12	-80	9	3324.0	0.2707581227436823
chr12	-79	7	3403.0	0.2057008521892448
chr12	-78	10	3480.0	0.28735632183908044
chr12	-77	13	3548.0	0.3664036076662909
chr12	-76	1	3637.0	0.027495188342040146
chr12	-75	10	3717.0	0.26903416733925206
chr12	-74	9	3808.0	0.23634453781512604
chr12	-73	4	3884.0	0.10298661174047373
chr12	-72	5	3972.0	0.12588116817724068
chr12	-71	10	4061.0	0.2462447672986949
chr12	-70	4	4124.0	0.09699321047526674
chr12	-69	6	4206.0	0.14265335235378032
chr12	-68	1	4275.0	0.023391812865497078
chr12	-67	3	4368.0	0.06868131868131869
chr12	-66	8	4437.0	0.1803020058598152
chr12	-65	9	4521.0	0.19907100199071004
chr12	-64	4	4595.0	0.08705114254624592
chr12	-63	16	4677.0	0.34209963651913616
chr12	-62	13	4756.0	0.27333894028595457
chr12	-61	5	4830.0	0.10351966873706005
chr12	-60	9	4884.0	0.18427518427518427
chr12	-59	2	4956.0	0.04035512510088781
chr12	-58	6	5037.0	0.11911852293031568
chr12	-57	5	5104.0	0.09796238244514105
chr12	-56	7	5193.0	0.13479684190256114
chr12	-55	18	5267.0	0.3417505221188532
chr12	-54	11	5339.0	0.2060310919647874
chr12	-53	23	5399.0	0.42600481570661236
chr12	-52	2	5491.0	0.0364232380258605
chr12	-51	14	5582.0	0.2508061626657112
chr12	-50	12	5661.0	0.21197668256491786
chr12	-49	25	5728.0	0.43645251396648044
chr12	-48	16	5808.0	0.27548209366391185
chr12	-47	13	5880.0	0.22108843537414968
chr12	-46	8	5954.0	0.13436345314074571
chr12	-45	6	6037.0	0.09938711280437303
chr12	-44	8	6123.0	0.1306549077249714
chr12	-43	34	6196.0	0.5487411233053583
chr12	-42	17	6267.0	0.2712621669060156
chr12	-41	25	6354.0	0.39345294302801387
chr12	-40	9	6423.0	0.14012143858010276
chr12	-39	4	6504.0	0.06150061500615006
chr12	-38	11	6587.0	0.1669955973887961
chr12	-37	29	6662.0	0.43530471329930953
chr12	-36	16	6744.0	0.2372479240806643
chr12	-35	17	6803.0	0.24988975452006468
chr12	-34	22	6877.0	0.319906936164025
chr12	-33	16	6948.0	0.2302820955670697
chr12	-32	8	7018.0	0.1139925904816187
chr12	-31	11	7104.0	0.15484234234234234
chr12	-30	8	7186.0	0.11132758140829391
chr12	-29	15	7255.0	0.20675396278428668
chr12	-28	14	7336.0	0.19083969465648853
chr12	-27	16	7413.0	0.21583704303251047
chr12	-26	12	7496.0	0.16008537886872998
chr12	-25	18	7574.0	0.23765513599155003
chr12	-24	17	7645.0	0.2223675604970569
chr12	-23	8	7731.0	0.10347949812443409
chr12	-22	25	7827.0	0.3194071802734125
chr12	-21	6	7905.0	0.07590132827324478
chr12	-20	11	7980.0	0.13784461152882205
chr12	-19	33	8049.0	0.40998881848676855
chr12	-18	12	8142.0	0.14738393515106854
chr12	-17	22	8219.0	0.2676724662367685
chr12	-16	13	8312.0	0.15640038498556302
chr12	-15	32	8386.0	0.38158836155497255
chr12	-14	10	8459.0	0.11821728336682824
chr12	-13	22	8532.0	0.2578527894983591
chr12	-12	28	8625.0	0.32463768115942027
chr12	-11	12	8707.0	0.13782014471115195
chr12	-10	7	8774.0	0.07978117164349213
chr12	-9	20	8767.0	0.22812820805292572
chr12	-8	11	8773.0	0.12538470306622593
chr12	-7	22	8773.0	0.25076940613245186
chr12	-6	18	8775.0	0.20512820512820512
chr12	-5	25	8775.0	0.2849002849002849
chr12	-4	12	8769.0	0.13684570646595962
chr12	-3	5	8774.0	0.056986551173922956
chr12	-2	20	8780.0	0.22779043280182232
chr12	-1	24	8782.0	0.2732862673650649
chr12	0	23	8609.0	0.26716227204088744
chr12	1	15	8533.0	0.1757881167233095
chr12	2	13	8426.0	0.15428435793971043
chr12	3	21	8352.0	0.2514367816091954
chr12	4	26	8286.0	0.313782283369539
chr12	5	27	8220.0	0.3284671532846715
chr12	6	27	8146.0	0.3314510189049841
chr12	7	17	8067.0	0.21073509359117393
chr12	8	13	7979.0	0.16292768517358064
chr12	9	16	7913.0	0.20219891318084166
chr12	10	20	7827.0	0.25552574421873003
chr12	11	28	7731.0	0.36217824343551935
chr12	12	21	7644.0	0.27472527472527475
chr12	13	12	7559.0	0.15875115756052388
chr12	14	34	7478.0	0.4546670232682536
chr12	15	13	7388.0	0.17596101786681104
chr12	16	19	7307.0	0.2600246339126865
chr12	17	10	7222.0	0.13846579894765992
chr12	18	24	7137.0	0.33627574611181166
chr12	19	20	7061.0	0.283245999150262
chr12	20	3	6973.0	0.04302308905779435
chr12	21	26	6894.0	0.37713954163040325
chr12	22	15	6799.0	0.2206206795116929
chr12	23	11	6720.0	0.1636904761904762
chr12	24	15	6631.0	0.22621022470215654
chr12	25	15	6556.0	0.2287980475899939
chr12	26	7	6476.0	0.10809141445336627
chr12	27	15	6366.0	0.23562676720075398
chr12	28	24	6294.0	0.3813155386081983
chr12	29	5	6218.0	0.08041170794467674
chr12	30	9	6150.0	0.14634146341463414
chr12	31	7	6074.0	0.11524530786960817
chr12	32	27	5986.0	0.4510524557300367
chr12	33	11	5914.0	0.18599932363882313
chr12	34	19	5830.0	0.3259005145797599
chr12	35	13	5768.0	0.22538141470180303
chr12	36	17	5692.0	0.2986647926914968
chr12	37	15	5622.0	0.26680896478121663
chr12	38	2	5543.0	0.036081544290095614
chr12	39	13	5446.0	0.23870730811604846
chr12	40	20	5367.0	0.3726476616359232
chr12	41	22	5285.0	0.4162724692526017
chr12	42	20	5224.0	0.38284839203675347
chr12	43	8	5136.0	0.1557632398753894
chr12	44	10	5056.0	0.19778481012658228
chr12	45	17	4963.0	0.34253475720330445
chr12	46	13	4887.0	0.26601186822181294
chr12	47	27	4792.0	0.5634390651085142
chr12	48	21	4706.0	0.4462388440288993
chr12	49	16	4639.0	0.34490191851692176
chr12	50	11	4560.0	0.2412280701754386
chr12	51	10	4486.0	0.2229157378510923
chr12	52	33	4403.0	0.7494889847831024
chr12	53	13	4334.0	0.29995385325334567
chr12	54	13	4249.0	0.3059543421981643
chr12	55	11	4175.0	0.2634730538922156
chr12	56	16	4093.0	0.3909113119960909
chr12	57	7	4015.0	0.17434620174346202
chr12	58	12	3942.0	0.30441400304414
chr12	59	6	3887.0	0.15436068947774634
chr12	60	12	3815.0	0.3145478374836173
chr12	61	18	3733.0	0.4821859094562015
chr12	62	17	3666.0	0.4637206764866339
chr12	63	8	3577.0	0.22365110427732737
chr12	64	6	3503.0	0.17128175849272054
chr12	65	12	3432.0	0.34965034965034963
chr12	66	4	3370.0	0.11869436201780414
chr12	67	7	3275.0	0.2137404580152672
chr12	68	16	3187.0	0.5020395356134295
chr12	69	3	3107.0	0.0965561635017702
chr12	70	6	3038.0	0.19749835418038184
chr12	71	10	2957.0	0.3381805884342239
chr12	72	8	2885.0	0.2772963604852686
chr12	73	4	2812.0	0.1422475106685633
chr12	74	10	2733.0	0.3658982802780827
chr12	75	9	2646.0	0.3401360544217687
chr12	76	8	2573.0	0.3109211037699184
chr12	77	9	2498.0	0.3602882305844676
chr12	78	9	2411.0	0.3732890916632103
chr12	79	4	2342.0	0.1707941929974381
chr12	80	7	2267.0	0.30877812086457873
chr12	81	6	2182.0	0.27497708524289644
chr12	82	4	2108.0	0.18975332068311196
chr12	83	2	2020.0	0.09900990099009901
chr12	84	10	1960.0	0.5102040816326531
chr12	85	7	1887.0	0.37095919448860626
chr12	86	2	1812.0	0.11037527593818984
chr12	87	3	1740.0	0.1724137931034483
chr12	88	8	1657.0	0.48280024140012073
chr12	89	2	1576.0	0.12690355329949238
chr12	90	4	1509.0	0.26507620941020543
chr12	91	6	1435.0	0.4181184668989547
chr12	92	1	1358.0	0.07363770250368189
chr12	93	2	1275.0	0.1568627450980392
chr12	94	2	1200.0	0.16666666666666669
chr12	95	2	1127.0	0.1774622892635315
chr12	96	2	1039.0	0.192492781520693
chr12	97	2	944.0	0.211864406779661
chr12	98	4	865.0	0.46242774566473993
chr12	99	4	792.0	0.5050505050505051
chr12	100	1	723.0	0.13831258644536654
chr12	101	1	632.0	0.15822784810126583
chr12	102	1	555.0	0.18018018018018017
chr12	103	1	462.0	0.21645021645021645
chr12	104	0	387.0	0.0
chr12	105	1	310.0	0.3225806451612903
chr12	106	0	244.0	0.0
chr12	107	3	149.0	2.013422818791946
chr12	108	0	67.0	0.0
chr12	109	0	0.0	nan
chr12	110	0	0.0	nan
chr12	111	0	0.0	nan
chr12	112	0	0.0	nan
chr12	113	0	0.0	nan
chr12	114	0	0.0	nan
chr12	115	0	0.0	nan
chr12	116	0	0.0	nan
chr12	117	0	0.0	nan
chr12	118	0	0.0	nan
chr12	119	0	0.0	nan
chr12	120	0	0.0	nan
chr12	121	0	0.0	nan
chr12	122	0	0.0	nan
chr12	123	0	0.0	nan
chr13	-121	0	1.0	0.0
chr13	-120	0	27.0	0.0
chr13	-119	0	59.0	0.0
chr13	-118	0	83.0	0.0
chr13	-117	0	107.0	0.0
chr13	-116	0	131.0	0.0
chr13	-115	0	148.0	0.0
chr13	-114	0	169.0	0.0
chr13	-113	0	196.0	0.0
chr13	-112	0	223.0	0.0
chr13	-111	0	251.0	0.0
chr13	-110	0	281.0	0.0
chr13	-109	2	310.0	0.6451612903225806
chr13	-108	0	332.0	0.0
chr13	-107	1	352.0	0.2840909090909091
chr13	-106	0	374.0	0.0
chr13	-105	1	395.0	0.25316455696202533
chr13	-104	1	424.0	0.2358490566037736
chr13	-103	1	449.0	0.22271714922048996
chr13	-102	0	485.0	0.0
chr13	-101	0	509.0	0.0
chr13	-100	1	535.0	0.1869158878504673
chr13	-99	0	578.0	0.0
chr13	-98	1	616.0	0.16233766233766234
chr13	-97	0	650.0	0.0
chr13	-96	1	685.0	0.145985401459854
chr13	-95	0	723.0	0.0
chr13	-94	0	749.0	0.0
chr13	-93	0	785.0	0.0
chr13	-92	0	818.0	0.0
chr13	-91	0	849.0	0.0
chr13	-90	6	871.0	0.6888633754305395
chr13	-89	3	908.0	0.3303964757709251
chr13	-88	1	941.0	0.10626992561105207
chr13	-87	3	966.0	0.3105590062111801
chr13	-86	5	995.0	0.5025125628140703
chr13	-85	1	1033.0	0.0968054211035818
chr13	-84	1	1067.0	0.09372071227741331
chr13	-83	1	1097.0	0.09115770282588878
chr13	-82	1	1121.0	0.08920606601248886
chr13	-81	0	1156.0	0.0
chr13	-80	2	1180.0	0.1694915254237288
chr13	-79	2	1217.0	0.16433853738701726
chr13	-78	0	1245.0	0.0
chr13	-77	4	1264.0	0.31645569620253167
chr13	-76	4	1286.0	0.3110419906687403
chr13	-75	1	1316.0	0.07598784194528875
chr13	-74	0	1356.0	0.0
chr13	-73	0	1388.0	0.0
chr13	-72	7	1418.0	0.4936530324400564
chr13	-71	2	1444.0	0.13850415512465375
chr13	-70	6	1481.0	0.4051316677920324
chr13	-69	2	1510.0	0.13245033112582782
chr13	-68	0	1532.0	0.0
chr13	-67	4	1553.0	0.25756600128783
chr13	-66	3	1590.0	0.18867924528301888
chr13	-65	0	1622.0	0.0
chr13	-64	0	1642.0	0.0
chr13	-63	2	1673.0	0.11954572624028689
chr13	-62	3	1703.0	0.17615971814445097
chr13	-61	2	1730.0	0.11560693641618498
chr13	-60	1	1760.0	0.056818181818181816
chr13	-59	8	1787.0	0.44767767207610526
chr13	-58	3	1814.0	0.16538037486218302
chr13	-57	0	1838.0	0.0
chr13	-56	2	1870.0	0.10695187165775401
chr13	-55	0	1898.0	0.0
chr13	-54	2	1917.0	0.10432968179447052
chr13	-53	0	1940.0	0.0
chr13	-52	8	1968.0	0.40650406504065045
chr13	-51	12	2001.0	0.5997001499250375
chr13	-50	7	2020.0	0.34653465346534656
chr13	-49	5	2051.0	0.24378352023403219
chr13	-48	2	2090.0	0.09569377990430622
chr13	-47	3	2120.0	0.14150943396226415
chr13	-46	1	2147.0	0.04657661853749418
chr13	-45	2	2170.0	0.09216589861751152
chr13	-44	3	2198.0	0.13648771610555052
chr13	-43	4	2230.0	0.17937219730941703
chr13	-42	6	2258.0	0.2657218777679362
chr13	-41	1	2283.0	0.043802014892685065
chr13	-40	1	2316.0	0.04317789291882556
chr13	-39	12	2340.0	0.5128205128205128
chr13	-38	7	2368.0	0.2956081081081081
chr13	-37	11	2405.0	0.4573804573804574
chr13	-36	2	2437.0	0.08206811653672548
chr13	-35	1	2469.0	0.04050222762251924
chr13	-34	5	2491.0	0.20072260136491368
chr13	-33	1	2516.0	0.0397456279809221
chr13	-32	11	2543.0	0.43255996854109324
chr13	-31	3	2568.0	0.11682242990654204
chr13	-30	1	2596.0	0.038520801232665644
chr13	-29	2	2617.0	0.07642338555598013
chr13	-28	1	2641.0	0.03786444528587656
chr13	-27	1	2682.0	0.03728560775540641
chr13	-26	5	2727.0	0.18335166850018336
chr13	-25	5	2750.0	0.18181818181818182
chr13	-24	3	2779.0	0.10795250089960418
chr13	-23	0	2794.0	0.0
chr13	-22	4	2828.0	0.14144271570014144
chr13	-21	15	2865.0	0.5235602094240838
chr13	-20	13	2894.0	0.44920525224602625
chr13	-19	11	2928.0	0.3756830601092896
chr13	-18	1	2952.0	0.03387533875338753
chr13	-17	9	2984.0	0.30160857908847183
chr13	-16	5	3014.0	0.16589250165892502
chr13	-15	3	3051.0	0.09832841691248771
chr13	-14	2	3082.0	0.06489292667099286
chr13	-13	4	3114.0	0.12845215157353884
chr13	-12	6	3147.0	0.19065776930409914
chr13	-11	2	3169.0	0.06311139160618492
chr13	-10	1	3198.0	0.031269543464665414
chr13	-9	5	3197.0	0.15639662183296843
chr13	-8	4	3198.0	0.12507817385866166
chr13	-7	10	3198.0	0.31269543464665417
chr13	-6	3	3194.0	0.09392611145898559
chr13	-5	2	3197.0	0.06255864873318737
chr13	-4	3	3197.0	0.09383797309978105
chr13	-3	8	3198.0	0.2501563477173233
chr13	-2	14	3198.0	0.4377736085053158
chr13	-1	17	3196.0	0.5319148936170213
chr13	0	12	3139.0	0.3822873526600828
chr13	1	7	3115.0	0.22471910112359553
chr13	2	9	3091.0	0.29116790682626986
chr13	3	6	3065.0	0.1957585644371941
chr13	4	8	3048.0	0.26246719160104987
chr13	5	4	3025.0	0.1322314049586777
chr13	6	13	3001.0	0.433188937020993
chr13	7	7	2975.0	0.2352941176470588
chr13	8	3	2947.0	0.10179843909060061
chr13	9	5	2916.0	0.17146776406035666
chr13	10	4	2886.0	0.1386001386001386
chr13	11	12	2864.0	0.41899441340782123
chr13	12	5	2841.0	0.17599436818021824
chr13	13	5	2821.0	0.1772421127259837
chr13	14	4	2798.0	0.14295925661186562
chr13	15	14	2770.0	0.5054151624548736
chr13	16	9	2745.0	0.32786885245901637
chr13	17	7	2709.0	0.2583979328165375
chr13	18	6	2685.0	0.22346368715083798
chr13	19	8	2657.0	0.301091456529921
chr13	20	17	2615.0	0.6500956022944551
chr13	21	7	2576.0	0.2717391304347826
chr13	22	1	2543.0	0.039323633503735744
chr13	23	2	2510.0	0.0796812749003984
chr13	24	3	2471.0	0.12140833670578711
chr13	25	5	2445.0	0.2044989775051125
chr13	26	5	2411.0	0.2073828287017835
chr13	27	4	2378.0	0.16820857863751051
chr13	28	0	2347.0	0.0
chr13	29	3	2324.0	0.12908777969018934
chr13	30	2	2286.0	0.08748906386701663
chr13	31	9	2254.0	0.39929015084294583
chr13	32	2	2228.0	0.08976660682226212
chr13	33	4	2200.0	0.18181818181818182
chr13	34	7	2162.0	0.32377428307123035
chr13	35	6	2128.0	0.28195488721804507
chr13	36	11	2098.0	0.5243088655862727
chr13	37	10	2074.0	0.4821600771456124
chr13	38	20	2040.0	0.9803921568627451
chr13	39	3	2014.0	0.14895729890764647
chr13	40	2	1977.0	0.10116337885685382
chr13	41	9	1949.0	0.46177526936890717
chr13	42	4	1928.0	0.2074688796680498
chr13	43	2	1909.0	0.10476689366160294
chr13	44	2	1879.0	0.10643959552953698
chr13	45	2	1839.0	0.1087547580206634
chr13	46	0	1807.0	0.0
chr13	47	3	1773.0	0.1692047377326565
chr13	48	5	1746.0	0.286368843069874
chr13	49	11	1713.0	0.642148277875073
chr13	50	8	1684.0	0.4750593824228029
chr13	51	2	1662.0	0.12033694344163659
chr13	52	1	1639.0	0.06101281269066504
chr13	53	3	1603.0	0.18714909544603867
chr13	54	4	1572.0	0.2544529262086514
chr13	55	8	1549.0	0.5164622336991607
chr13	56	0	1519.0	0.0
chr13	57	2	1490.0	0.1342281879194631
chr13	58	4	1464.0	0.273224043715847
chr13	59	7	1434.0	0.4881450488145049
chr13	60	1	1406.0	0.07112375533428165
chr13	61	4	1380.0	0.2898550724637681
chr13	62	4	1354.0	0.29542097488921715
chr13	63	3	1322.0	0.22692889561270801
chr13	64	1	1295.0	0.07722007722007722
chr13	65	2	1276.0	0.1567398119122257
chr13	66	2	1252.0	0.1597444089456869
chr13	67	1	1226.0	0.08156606851549755
chr13	68	1	1193.0	0.08382229673093043
chr13	69	7	1174.0	0.596252129471891
chr13	70	2	1143.0	0.17497812773403326
chr13	71	3	1105.0	0.27149321266968324
chr13	72	1	1075.0	0.09302325581395349
chr13	73	2	1046.0	0.19120458891013384
chr13	74	4	1025.0	0.3902439024390244
chr13	75	5	998.0	0.501002004008016
chr13	76	4	965.0	0.41450777202072536
chr13	77	5	937.0	0.5336179295624333
chr13	78	2	909.0	0.22002200220022
chr13	79	3	877.0	0.34207525655644244
chr13	80	1	855.0	0.11695906432748539
chr13	81	5	827.0	0.6045949214026602
chr13	82	0	791.0	0.0
chr13	83	5	759.0	0.6587615283267457
chr13	84	1	727.0	0.1375515818431912
chr13	85	2	705.0	0.28368794326241137
chr13	86	1	679.0	0.14727540500736377
chr13	87	1	652.0	0.15337423312883436
chr13	88	0	626.0	0.0
chr13	89	1	598.0	0.16722408026755853
chr13	90	0	577.0	0.0
chr13	91	0	552.0	0.0
chr13	92	1	513.0	0.1949317738791423
chr13	93	0	467.0	0.0
chr13	94	1	444.0	0.22522522522522523
chr13	95	0	414.0	0.0
chr13	96	0	397.0	0.0
chr13	97	0	363.0	0.0
chr13	98	1	325.0	0.3076923076923077
chr13	99	0	298.0	0.0
chr13	100	0	267.0	0.0
chr13	101	1	243.0	0.411522633744856
chr13	102	0	211.0	0.0
chr13	103	0	181.0	0.0
chr13	104	1	144.0	0.6944444444444444
chr13	105	0	112.0	0.0
chr13	106	0	81.0	0.0
chr13	107	0	49.0	0.0
chr13	108	0	28.0	0.0
chr13	109	0	0.0	nan
chr13	110	0	0.0	nan
chr13	111	0	0.0	nan
chr13	112	0	0.0	nan
chr13	113	0	0.0	nan
chr13	114	0	0.0	nan
chr13	115	0	0.0	nan
chr13	116	0	0.0	nan
chr13	117	0	0.0	nan
chr13	118	0	0.0	nan
chr13	119	0	0.0	nan
chr13	120	0	0.0	nan
chr14	-128	0	1.0	0.0
chr14	-127	0	1.0	0.0
chr14	-126	0	1.0	0.0
chr14	-125	0	1.0	0.0
chr14	-124	0	1.0	0.0
chr14	-123	0	1.0	0.0
chr14	-122	0	1.0	0.0
chr14	-121	0	1.0	0.0
chr14	-120	0	18.0	0.0
chr14	-119	0	33.0	0.0
chr14	-118	0	51.0	0.0
chr14	-117	1	64.0	1.5625
chr14	-116	0	74.0	0.0
chr14	-115	0	91.0	0.0
chr14	-114	0	106.0	0.0
chr14	-113	0	112.0	0.0
chr14	-112	0	128.0	0.0
chr14	-111	0	139.0	0.0
chr14	-110	0	148.0	0.0
chr14	-109	0	161.0	0.0
chr14	-108	0	178.0	0.0
chr14	-107	0	191.0	0.0
chr14	-106	2	204.0	0.9803921568627451
chr14	-105	0	223.0	0.0
chr14	-104	5	249.0	2.0080321285140563
chr14	-103	0	263.0	0.0
chr14	-102	2	280.0	0.7142857142857143
chr14	-101	0	296.0	0.0
chr14	-100	1	307.0	0.32573289902280134
chr14	-99	1	325.0	0.3076923076923077
chr14	-98	0	340.0	0.0
chr14	-97	0	352.0	0.0
chr14	-96	1	376.0	0.26595744680851063
chr14	-95	1	390.0	0.2564102564102564
chr14	-94	0	409.0	0.0
chr14	-93	0	417.0	0.0
chr14	-92	0	432.0	0.0
chr14	-91	1	446.0	0.2242152466367713
chr14	-90	0	458.0	0.0
chr14	-89	2	471.0	0.42462845010615713
chr14	-88	1	493.0	0.2028397565922921
chr14	-87	0	510.0	0.0
chr14	-86	0	523.0	0.0
chr14	-85	0	540.0	0.0
chr14	-84	3	550.0	0.5454545454545455
chr14	-83	0	568.0	0.0
chr14	-82	0	583.0	0.0
chr14	-81	0	598.0	0.0
chr14	-80	0	613.0	0.0
chr14	-79	4	630.0	0.6349206349206349
chr14	-78	0	651.0	0.0
chr14	-77	1	668.0	0.14970059880239522
chr14	-76	1	684.0	0.14619883040935672
chr14	-75	0	699.0	0.0
chr14	-74	0	714.0	0.0
chr14	-73	0	727.0	0.0
chr14	-72	0	746.0	0.0
chr14	-71	2	755.0	0.26490066225165565
chr14	-70	0	770.0	0.0
chr14	-69	3	781.0	0.3841229193341869
chr14	-68	0	791.0	0.0
chr14	-67	0	809.0	0.0
chr14	-66	0	825.0	0.0
chr14	-65	0	842.0	0.0
chr14	-64	0	862.0	0.0
chr14	-63	1	882.0	0.11337868480725624
chr14	-62	0	894.0	0.0
chr14	-61	8	913.0	0.8762322015334063
chr14	-60	0	931.0	0.0
chr14	-59	0	946.0	0.0
chr14	-58	0	960.0	0.0
chr14	-57	1	980.0	0.10204081632653061
chr14	-56	0	995.0	0.0
chr14	-55	0	1008.0	0.0
chr14	-54	0	1016.0	0.0
chr14	-53	1	1036.0	0.09652509652509653
chr14	-52	1	1048.0	0.09541984732824427
chr14	-51	0	1063.0	0.0
chr14	-50	1	1076.0	0.09293680297397769
chr14	-49	0	1086.0	0.0
chr14	-48	0	1108.0	0.0
chr14	-47	0	1125.0	0.0
chr14	-46	1	1149.0	0.08703220191470844
chr14	-45	6	1167.0	0.5141388174807198
chr14	-44	0	1184.0	0.0
chr14	-43	0	1195.0	0.0
chr14	-42	2	1210.0	0.1652892561983471
chr14	-41	2	1222.0	0.16366612111292964
chr14	-40	3	1238.0	0.24232633279483037
chr14	-39	0	1251.0	0.0
chr14	-38	0	1266.0	0.0
chr14	-37	8	1285.0	0.622568093385214
chr14	-36	3	1299.0	0.23094688221709006
chr14	-35	0	1314.0	0.0
chr14	-34	2	1324.0	0.1510574018126888
chr14	-33	4	1338.0	0.29895366218236175
chr14	-32	3	1351.0	0.22205773501110287
chr14	-31	0	1370.0	0.0
chr14	-30	0	1390.0	0.0
chr14	-29	0	1405.0	0.0
chr14	-28	2	1422.0	0.14064697609001406
chr14	-27	0	1436.0	0.0
chr14	-26	5	1455.0	0.3436426116838488
chr14	-25	0	1468.0	0.0
chr14	-24	1	1486.0	0.06729475100942127
chr14	-23	2	1497.0	0.13360053440213762
chr14	-22	6	1513.0	0.39656311962987445
chr14	-21	2	1529.0	0.13080444735120994
chr14	-20	1	1545.0	0.06472491909385113
chr14	-19	4	1552.0	0.25773195876288657
chr14	-18	3	1568.0	0.1913265306122449
chr14	-17	1	1585.0	0.06309148264984228
chr14	-16	1	1603.0	0.06238303181534623
chr14	-15	1	1615.0	0.061919504643962855
chr14	-14	1	1630.0	0.06134969325153375
chr14	-13	7	1643.0	0.426049908703591
chr14	-12	2	1655.0	0.12084592145015105
chr14	-11	1	1670.0	0.059880239520958084
chr14	-10	2	1683.0	0.11883541295306002
chr14	-9	0	1683.0	0.0
chr14	-8	6	1683.0	0.35650623885918004
chr14	-7	1	1683.0	0.05941770647653001
chr14	-6	0	1683.0	0.0
chr14	-5	7	1683.0	0.41592394533571003
chr14	-4	3	1683.0	0.17825311942959002
chr14	-3	3	1683.0	0.17825311942959002
chr14	-2	2	1682.0	0.11890606420927466
chr14	-1	6	1683.0	0.35650623885918004
chr14	0	4	1650.0	0.24242424242424243
chr14	1	2	1632.0	0.12254901960784313
chr14	2	2	1619.0	0.12353304508956146
chr14	3	3	1609.0	0.18645121193287756
chr14	4	5	1592.0	0.314070351758794
chr14	5	3	1577.0	0.19023462270133165
chr14	6	4	1571.0	0.2546148949713558
chr14	7	4	1555.0	0.2572347266881029
chr14	8	0	1542.0	0.0
chr14	9	1	1533.0	0.06523157208088715
chr14	10	1	1520.0	0.06578947368421052
chr14	11	2	1503.0	0.1330671989354624
chr14	12	6	1490.0	0.4026845637583893
chr14	13	3	1477.0	0.2031144211238998
chr14	14	2	1458.0	0.1371742112482853
chr14	15	1	1433.0	0.06978367062107467
chr14	16	3	1420.0	0.21126760563380279
chr14	17	1	1403.0	0.07127583749109052
chr14	18	9	1387.0	0.6488824801730353
chr14	19	0	1376.0	0.0
chr14	20	0	1357.0	0.0
chr14	21	3	1343.0	0.22338049143708116
chr14	22	3	1331.0	0.2253944402704733
chr14	23	0	1306.0	0.0
chr14	24	0	1293.0	0.0
chr14	25	4	1273.0	0.3142183817753339
chr14	26	1	1264.0	0.07911392405063292
chr14	27	2	1251.0	0.15987210231814547
chr14	28	2	1237.0	0.16168148746968472
chr14	29	0	1225.0	0.0
chr14	30	0	1211.0	0.0
chr14	31	6	1190.0	0.5042016806722689
chr14	32	3	1172.0	0.25597269624573377
chr14	33	0	1158.0	0.0
chr14	34	0	1142.0	0.0
chr14	35	5	1132.0	0.441696113074205
chr14	36	7	1115.0	0.6278026905829596
chr14	37	2	1100.0	0.18181818181818182
chr14	38	0	1085.0	0.0
chr14	39	4	1069.0	0.37418147801683815
chr14	40	2	1052.0	0.19011406844106463
chr14	41	1	1031.0	0.09699321047526674
chr14	42	1	1014.0	0.09861932938856016
chr14	43	3	999.0	0.3003003003003003
chr14	44	4	983.0	0.40691759918616477
chr14	45	0	968.0	0.0
chr14	46	3	955.0	0.31413612565445026
chr14	47	5	936.0	0.5341880341880342
chr14	48	2	927.0	0.2157497303128371
chr14	49	1	912.0	0.10964912280701754
chr14	50	1	901.0	0.11098779134295228
chr14	51	6	891.0	0.6734006734006733
chr14	52	0	874.0	0.0
chr14	53	1	858.0	0.11655011655011654
chr14	54	2	840.0	0.2380952380952381
chr14	55	2	821.0	0.24360535931790497
chr14	56	1	801.0	0.12484394506866417
chr14	57	0	789.0	0.0
chr14	58	2	770.0	0.2597402597402597
chr14	59	1	752.0	0.13297872340425532
chr14	60	5	737.0	0.6784260515603799
chr14	61	1	723.0	0.13831258644536654
chr14	62	1	702.0	0.14245014245014245
chr14	63	0	688.0	0.0
chr14	64	2	675.0	0.2962962962962963
chr14	65	1	661.0	0.15128593040847202
chr14	66	1	647.0	0.1545595054095827
chr14	67	2	634.0	0.31545741324921134
chr14	68	1	619.0	0.16155088852988692
chr14	69	1	606.0	0.16501650165016502
chr14	70	2	596.0	0.33557046979865773
chr14	71	0	574.0	0.0
chr14	72	0	557.0	0.0
chr14	73	0	532.0	0.0
chr14	74	2	515.0	0.3883495145631068
chr14	75	4	497.0	0.8048289738430584
chr14	76	0	485.0	0.0
chr14	77	0	470.0	0.0
chr14	78	2	459.0	0.4357298474945534
chr14	79	0	443.0	0.0
chr14	80	2	432.0	0.4629629629629629
chr14	81	0	416.0	0.0
chr14	82	1	398.0	0.25125628140703515
chr14	83	1	383.0	0.26109660574412535
chr14	84	0	366.0	0.0
chr14	85	1	358.0	0.27932960893854747
chr14	86	0	344.0	0.0
chr14	87	3	332.0	0.9036144578313252
chr14	88	0	313.0	0.0
chr14	89	1	293.0	0.3412969283276451
chr14	90	3	277.0	1.083032490974729
chr14	91	1	259.0	0.3861003861003861
chr14	92	0	247.0	0.0
chr14	93	0	228.0	0.0
chr14	94	2	214.0	0.9345794392523363
chr14	95	0	196.0	0.0
chr14	96	0	184.0	0.0
chr14	97	0	170.0	0.0
chr14	98	0	154.0	0.0
chr14	99	0	137.0	0.0
chr14	100	1	131.0	0.7633587786259541
chr14	101	2	115.0	1.7391304347826086
chr14	102	0	96.0	0.0
chr14	103	0	80.0	0.0
chr14	104	0	66.0	0.0
chr14	105	1	51.0	1.9607843137254901
chr14	106	0	38.0	0.0
chr14	107	0	28.0	0.0
chr14	108	0	13.0	0.0
chr14	109	0	0.0	nan
chr14	110	0	0.0	nan
chr14	111	0	0.0	nan
chr14	112	0	0.0	nan
chr14	113	0	0.0	nan
chr14	114	0	0.0	nan
chr14	115	0	0.0	nan
chr14	116	0	0.0	nan
chr14	117	0	0.0	nan
chr14	118	0	0.0	nan
chr14	119	0	0.0	nan
chr14	120	0	0.0	nan
chr14	121	0	0.0	nan
chr14	122	0	0.0	nan
chr14	123	0	0.0	nan
chr14	124	0	0.0	nan
chr14	125	0	0.0	nan
chr14	126	0	0.0	nan
chr14	127	0	0.0	nan
chr14	128	0	0.0	nan
chr15	-120	0	11.0	0.0
chr15	-119	0	20.0	0.0
chr15	-118	0	26.0	0.0
chr15	-117	0	36.0	0.0
chr15	-116	0	49.0	0.0
chr15	-115	0	64.0	0.0
chr15	-114	0	72.0	0.0
chr15	-113	0	82.0	0.0
chr15	-112	1	91.0	1.098901098901099
chr15	-111	3	102.0	2.941176470588235
chr15	-110	0	117.0	0.0
chr15	-109	0	123.0	0.0
chr15	-108	0	138.0	0.0
chr15	-107	0	147.0	0.0
chr15	-106	1	164.0	0.6097560975609756
chr15	-105	2	172.0	1.1627906976744187
chr15	-104	0	183.0	0.0
chr15	-103	1	187.0	0.53475935828877
chr15	-102	1	196.0	0.5102040816326531
chr15	-101	0	202.0	0.0
chr15	-100	0	212.0	0.0
chr15	-99	0	222.0	0.0
chr15	-98	0	229.0	0.0
chr15	-97	0	237.0	0.0
chr15	-96	1	239.0	0.41841004184100417
chr15	-95	0	250.0	0.0
chr15	-94	0	260.0	0.0
chr15	-93	0	268.0	0.0
chr15	-92	0	275.0	0.0
chr15	-91	0	287.0	0.0
chr15	-90	0	298.0	0.0
chr15	-89	0	308.0	0.0
chr15	-88	0	321.0	0.0
chr15	-87	4	331.0	1.2084592145015105
chr15	-86	0	342.0	0.0
chr15	-85	1	352.0	0.2840909090909091
chr15	-84	0	356.0	0.0
chr15	-83	0	364.0	0.0
chr15	-82	3	370.0	0.8108108108108109
chr15	-81	2	376.0	0.5319148936170213
chr15	-80	0	381.0	0.0
chr15	-79	4	388.0	1.0309278350515463
chr15	-78	0	399.0	0.0
chr15	-77	0	410.0	0.0
chr15	-76	0	418.0	0.0
chr15	-75	0	429.0	0.0
chr15	-74	0	437.0	0.0
chr15	-73	0	450.0	0.0
chr15	-72	0	460.0	0.0
chr15	-71	0	470.0	0.0
chr15	-70	0	481.0	0.0
chr15	-69	2	488.0	0.4098360655737705
chr15	-68	0	499.0	0.0
chr15	-67	0	509.0	0.0
chr15	-66	1	517.0	0.19342359767891684
chr15	-65	0	524.0	0.0
chr15	-64	0	534.0	0.0
chr15	-63	0	541.0	0.0
chr15	-62	0	551.0	0.0
chr15	-61	0	559.0	0.0
chr15	-60	0	574.0	0.0
chr15	-59	6	582.0	1.0309278350515463
chr15	-58	1	591.0	0.1692047377326565
chr15	-57	6	602.0	0.9966777408637874
chr15	-56	0	608.0	0.0
chr15	-55	0	617.0	0.0
chr15	-54	0	628.0	0.0
chr15	-53	6	639.0	0.9389671361502347
chr15	-52	0	647.0	0.0
chr15	-51	7	660.0	1.0606060606060608
chr15	-50	0	670.0	0.0
chr15	-49	0	683.0	0.0
chr15	-48	3	699.0	0.4291845493562232
chr15	-47	0	711.0	0.0
chr15	-46	3	724.0	0.4143646408839779
chr15	-45	0	737.0	0.0
chr15	-44	0	745.0	0.0
chr15	-43	0	757.0	0.0
chr15	-42	0	763.0	0.0
chr15	-41	0	770.0	0.0
chr15	-40	1	779.0	0.12836970474967907
chr15	-39	0	785.0	0.0
chr15	-38	3	802.0	0.3740648379052369
chr15	-37	1	815.0	0.1226993865030675
chr15	-36	3	822.0	0.36496350364963503
chr15	-35	0	831.0	0.0
chr15	-34	1	842.0	0.11876484560570072
chr15	-33	0	851.0	0.0
chr15	-32	9	867.0	1.0380622837370241
chr15	-31	1	873.0	0.11454753722794961
chr15	-30	0	879.0	0.0
chr15	-29	0	891.0	0.0
chr15	-28	2	901.0	0.22197558268590456
chr15	-27	11	905.0	1.2154696132596685
chr15	-26	4	918.0	0.4357298474945534
chr15	-25	1	936.0	0.10683760683760685
chr15	-24	4	946.0	0.42283298097251587
chr15	-23	4	961.0	0.41623309053069724
chr15	-22	16	974.0	1.642710472279261
chr15	-21	0	981.0	0.0
chr15	-20	1	994.0	0.1006036217303823
chr15	-19	1	1002.0	0.09980039920159679
chr15	-18	1	1014.0	0.09861932938856016
chr15	-17	1	1021.0	0.0979431929480901
chr15	-16	0	1028.0	0.0
chr15	-15	3	1043.0	0.28763183125599234
chr15	-14	0	1056.0	0.0
chr15	-13	3	1067.0	0.28116213683223995
chr15	-12	8	1078.0	0.7421150278293136
chr15	-11	4	1096.0	0.36496350364963503
chr15	-10	0	1109.0	0.0
chr15	-9	1	1109.0	0.09017132551848511
chr15	-8	2	1109.0	0.18034265103697023
chr15	-7	0	1109.0	0.0
chr15	-6	1	1109.0	0.09017132551848511
chr15	-5	3	1109.0	0.2705139765554554
chr15	-4	0	1109.0	0.0
chr15	-3	0	1109.0	0.0
chr15	-2	1	1109.0	0.09017132551848511
chr15	-1	1	1108.0	0.09025270758122744
chr15	0	1	1081.0	0.09250693802035154
chr15	1	7	1082.0	0.6469500924214419
chr15	2	2	1073.0	0.1863932898415657
chr15	3	1	1059.0	0.09442870632672333
chr15	4	3	1045.0	0.28708133971291866
chr15	5	4	1037.0	0.3857280617164899
chr15	6	0	1027.0	0.0
chr15	7	0	1018.0	0.0
chr15	8	1	1007.0	0.09930486593843098
chr15	9	3	992.0	0.3024193548387097
chr15	10	5	985.0	0.5076142131979695
chr15	11	8	969.0	0.8255933952528379
chr15	12	4	962.0	0.4158004158004158
chr15	13	0	945.0	0.0
chr15	14	6	937.0	0.6403415154749199
chr15	15	1	926.0	0.10799136069114472
chr15	16	0	922.0	0.0
chr15	17	1	913.0	0.10952902519167579
chr15	18	2	907.0	0.2205071664829107
chr15	19	2	897.0	0.2229654403567447
chr15	20	1	885.0	0.11299435028248588
chr15	21	3	878.0	0.3416856492027335
chr15	22	4	872.0	0.45871559633027525
chr15	23	0	870.0	0.0
chr15	24	1	859.0	0.11641443538998836
chr15	25	9	849.0	1.0600706713780919
chr15	26	9	836.0	1.076555023923445
chr15	27	0	834.0	0.0
chr15	28	3	821.0	0.3654080389768575
chr15	29	0	811.0	0.0
chr15	30	1	801.0	0.12484394506866417
chr15	31	4	788.0	0.5076142131979695
chr15	32	3	778.0	0.3856041131105398
chr15	33	1	767.0	0.1303780964797914
chr15	34	0	757.0	0.0
chr15	35	9	753.0	1.1952191235059761
chr15	36	2	745.0	0.2684563758389262
chr15	37	5	739.0	0.6765899864682002
chr15	38	1	733.0	0.1364256480218281
chr15	39	0	727.0	0.0
chr15	40	0	721.0	0.0
chr15	41	4	710.0	0.5633802816901409
chr15	42	0	699.0	0.0
chr15	43	0	691.0	0.0
chr15	44	2	680.0	0.29411764705882354
chr15	45	6	672.0	0.8928571428571428
chr15	46	1	659.0	0.15174506828528073
chr15	47	1	649.0	0.15408320493066258
chr15	48	1	639.0	0.1564945226917058
chr15	49	2	628.0	0.3184713375796179
chr15	50	6	621.0	0.966183574879227
chr15	51	0	610.0	0.0
chr15	52	1	600.0	0.16666666666666669
chr15	53	2	592.0	0.33783783783783783
chr15	54	2	585.0	0.3418803418803419
chr15	55	2	575.0	0.34782608695652173
chr15	56	1	568.0	0.17605633802816903
chr15	57	3	558.0	0.5376344086021506
chr15	58	6	550.0	1.090909090909091
chr15	59	0	535.0	0.0
chr15	60	0	525.0	0.0
chr15	61	0	518.0	0.0
chr15	62	1	507.0	0.19723865877712032
chr15	63	3	501.0	0.5988023952095809
chr15	64	1	492.0	0.20325203252032523
chr15	65	4	481.0	0.8316008316008316
chr15	66	2	470.0	0.425531914893617
chr15	67	1	462.0	0.21645021645021645
chr15	68	0	449.0	0.0
chr15	69	1	438.0	0.228310502283105
chr15	70	0	425.0	0.0
chr15	71	0	409.0	0.0
chr15	72	1	397.0	0.2518891687657431
chr15	73	1	384.0	0.26041666666666663
chr15	74	0	371.0	0.0
chr15	75	0	363.0	0.0
chr15	76	0	351.0	0.0
chr15	77	0	345.0	0.0
chr15	78	0	339.0	0.0
chr15	79	1	330.0	0.30303030303030304
chr15	80	0	323.0	0.0
chr15	81	4	307.0	1.3029315960912053
chr15	82	0	294.0	0.0
chr15	83	0	287.0	0.0
chr15	84	2	278.0	0.7194244604316548
chr15	85	0	267.0	0.0
chr15	86	1	258.0	0.3875968992248062
chr15	87	0	242.0	0.0
chr15	88	0	236.0	0.0
chr15	89	1	230.0	0.43478260869565216
chr15	90	3	218.0	1.3761467889908259
chr15	91	1	208.0	0.4807692307692308
chr15	92	2	200.0	1.0
chr15	93	0	191.0	0.0
chr15	94	0	173.0	0.0
chr15	95	1	163.0	0.6134969325153374
chr15	96	1	148.0	0.6756756756756757
chr15	97	0	133.0	0.0
chr15	98	1	126.0	0.7936507936507936
chr15	99	0	115.0	0.0
chr15	100	0	107.0	0.0
chr15	101	0	95.0	0.0
chr15	102	1	88.0	1.1363636363636365
chr15	103	0	81.0	0.0
chr15	104	1	66.0	1.5151515151515151
chr15	105	0	53.0	0.0
chr15	106	0	42.0	0.0
chr15	107	0	29.0	0.0
chr15	108	0	13.0	0.0
chr15	109	0	0.0	nan
chr15	110	0	0.0	nan
chr15	111	0	0.0	nan
chr15	112	0	0.0	nan
chr15	113	0	0.0	nan
chr15	114	0	0.0	nan
chr15	115	0	0.0	nan
chr15	116	0	0.0	nan
chr15	117	0	0.0	nan
chr15	118	0	0.0	nan
chr15	119	0	0.0	nan
chr16	-127	0	2.0	0.0
chr16	-126	0	2.0	0.0
chr16	-125	0	2.0	0.0
chr16	-124	0	2.0	0.0
chr16	-123	0	2.0	0.0
chr16	-122	0	2.0	0.0
chr16	-121	0	2.0	0.0
chr16	-120	0	16.0	0.0
chr16	-119	0	45.0	0.0
chr16	-118	0	72.0	0.0
chr16	-117	0	96.0	0.0
chr16	-116	0	122.0	0.0
chr16	-115	1	146.0	0.684931506849315
chr16	-114	0	182.0	0.0
chr16	-113	0	205.0	0.0
chr16	-112	2	233.0	0.8583690987124464
chr16	-111	0	255.0	0.0
chr16	-110	0	280.0	0.0
chr16	-109	0	316.0	0.0
chr16	-108	1	352.0	0.2840909090909091
chr16	-107	0	381.0	0.0
chr16	-106	1	416.0	0.2403846153846154
chr16	-105	3	436.0	0.6880733944954129
chr16	-104	0	461.0	0.0
chr16	-103	2	496.0	0.4032258064516129
chr16	-102	0	526.0	0.0
chr16	-101	0	548.0	0.0
chr16	-100	1	565.0	0.17699115044247787
chr16	-99	0	581.0	0.0
chr16	-98	0	619.0	0.0
chr16	-97	7	645.0	1.0852713178294573
chr16	-96	1	671.0	0.14903129657228018
chr16	-95	0	698.0	0.0
chr16	-94	2	723.0	0.2766251728907331
chr16	-93	1	749.0	0.13351134846461948
chr16	-92	2	775.0	0.25806451612903225
chr16	-91	2	795.0	0.25157232704402516
chr16	-90	2	818.0	0.24449877750611246
chr16	-89	1	844.0	0.11848341232227488
chr16	-88	6	874.0	0.6864988558352403
chr16	-87	3	897.0	0.33444816053511706
chr16	-86	1	928.0	0.10775862068965517
chr16	-85	4	946.0	0.42283298097251587
chr16	-84	4	965.0	0.41450777202072536
chr16	-83	0	994.0	0.0
chr16	-82	1	1022.0	0.09784735812133072
chr16	-81	0	1048.0	0.0
chr16	-80	2	1065.0	0.18779342723004694
chr16	-79	4	1092.0	0.3663003663003663
chr16	-78	3	1128.0	0.26595744680851063
chr16	-77	0	1154.0	0.0
chr16	-76	0	1168.0	0.0
chr16	-75	2	1200.0	0.16666666666666669
chr16	-74	0	1231.0	0.0
chr16	-73	0	1267.0	0.0
chr16	-72	4	1297.0	0.30840400925212025
chr16	-71	0	1315.0	0.0
chr16	-70	2	1334.0	0.14992503748125938
chr16	-69	0	1358.0	0.0
chr16	-68	2	1377.0	0.14524328249818447
chr16	-67	10	1404.0	0.7122507122507122
chr16	-66	2	1427.0	0.1401541695865452
chr16	-65	3	1456.0	0.20604395604395606
chr16	-64	1	1487.0	0.06724949562878278
chr16	-63	4	1513.0	0.2643754130865829
chr16	-62	1	1540.0	0.06493506493506493
chr16	-61	7	1572.0	0.44529262086513993
chr16	-60	2	1601.0	0.12492192379762648
chr16	-59	6	1633.0	0.3674219228413962
chr16	-58	3	1655.0	0.18126888217522658
chr16	-57	5	1680.0	0.2976190476190476
chr16	-56	11	1702.0	0.6462984723854289
chr16	-55	5	1731.0	0.28885037550548814
chr16	-54	4	1774.0	0.2254791431792559
chr16	-53	4	1797.0	0.22259321090706735
chr16	-52	1	1828.0	0.05470459518599562
chr16	-51	2	1843.0	0.10851871947911015
chr16	-50	3	1867.0	0.16068559185859668
chr16	-49	0	1894.0	0.0
chr16	-48	3	1910.0	0.15706806282722513
chr16	-47	2	1930.0	0.10362694300518134
chr16	-46	13	1966.0	0.6612410986775178
chr16	-45	6	1994.0	0.3009027081243731
chr16	-44	1	2024.0	0.04940711462450593
chr16	-43	4	2051.0	0.19502681618722573
chr16	-42	11	2078.0	0.5293551491819056
chr16	-41	3	2098.0	0.14299332697807435
chr16	-40	15	2129.0	0.7045561296383279
chr16	-39	10	2161.0	0.46274872744099954
chr16	-38	1	2179.0	0.04589261128958238
chr16	-37	2	2196.0	0.09107468123861566
chr16	-36	2	2229.0	0.08972633467922835
chr16	-35	1	2256.0	0.044326241134751775
chr16	-34	5	2270.0	0.22026431718061676
chr16	-33	7	2299.0	0.3044802087864289
chr16	-32	11	2325.0	0.4731182795698925
chr16	-31	0	2346.0	0.0
chr16	-30	11	2379.0	0.46237915090374104
chr16	-29	4	2413.0	0.16576875259013676
chr16	-28	2	2442.0	0.08190008190008191
chr16	-27	7	2477.0	0.28259991925716593
chr16	-26	3	2507.0	0.11966493817311527
chr16	-25	3	2531.0	0.1185302252074279
chr16	-24	2	2562.0	0.078064012490242
chr16	-23	10	2576.0	0.38819875776397517
chr16	-22	5	2607.0	0.19179133103183738
chr16	-21	3	2639.0	0.11367942402425162
chr16	-20	3	2672.0	0.1122754491017964
chr16	-19	1	2700.0	0.037037037037037035
chr16	-18	5	2722.0	0.18368846436443792
chr16	-17	10	2735.0	0.3656307129798903
chr16	-16	3	2767.0	0.10842067220816769
chr16	-15	3	2795.0	0.1073345259391771
chr16	-14	6	2823.0	0.21253985122210414
chr16	-13	7	2859.0	0.24484085344526058
chr16	-12	2	2893.0	0.06913238852402351
chr16	-11	16	2926.0	0.5468215994531784
chr16	-10	8	2949.0	0.2712783994574432
chr16	-9	22	2953.0	0.7450050795800881
chr16	-8	7	2953.0	0.23704707077548257
chr16	-7	2	2952.0	0.06775067750677506
chr16	-6	8	2953.0	0.2709109380291229
chr16	-5	5	2953.0	0.16931933626820184
chr16	-4	13	2952.0	0.4403794037940379
chr16	-3	2	2953.0	0.06772773450728073
chr16	-2	4	2951.0	0.13554727211114878
chr16	-1	18	2952.0	0.6097560975609756
chr16	0	17	2910.0	0.584192439862543
chr16	1	8	2883.0	0.2774887270204648
chr16	2	3	2858.0	0.10496850944716585
chr16	3	17	2832.0	0.6002824858757062
chr16	4	3	2809.0	0.10679957280170879
chr16	5	4	2773.0	0.144248106743599
chr16	6	5	2750.0	0.18181818181818182
chr16	7	5	2721.0	0.18375597206909225
chr16	8	10	2699.0	0.3705075954057058
chr16	9	53	2672.0	1.9835329341317365
chr16	10	5	2636.0	0.18968133535660092
chr16	11	2	2601.0	0.07689350249903884
chr16	12	3	2572.0	0.11664074650077762
chr16	13	45	2536.0	1.774447949526814
chr16	14	6	2515.0	0.2385685884691849
chr16	15	3	2486.0	0.12067578439259855
chr16	16	7	2451.0	0.28559771521827826
chr16	17	9	2421.0	0.37174721189591076
chr16	18	2	2399.0	0.08336807002917883
chr16	19	4	2387.0	0.1675743611227482
chr16	20	4	2367.0	0.16899028305872413
chr16	21	6	2331.0	0.2574002574002574
chr16	22	5	2305.0	0.21691973969631237
chr16	23	5	2278.0	0.21949078138718175
chr16	24	5	2253.0	0.22192632046160676
chr16	25	4	2228.0	0.17953321364452424
chr16	26	4	2202.0	0.18165304268846502
chr16	27	0	2172.0	0.0
chr16	28	6	2152.0	0.2788104089219331
chr16	29	7	2129.0	0.3287928604978863
chr16	30	1	2105.0	0.047505938242280284
chr16	31	2	2079.0	0.0962000962000962
chr16	32	11	2058.0	0.5344995140913509
chr16	33	1	2027.0	0.049333991119881605
chr16	34	2	2007.0	0.0996512207274539
chr16	35	2	1988.0	0.1006036217303823
chr16	36	10	1956.0	0.5112474437627812
chr16	37	3	1930.0	0.15544041450777202
chr16	38	4	1907.0	0.2097535395909806
chr16	39	3	1890.0	0.15873015873015872
chr16	40	3	1862.0	0.1611170784103115
chr16	41	8	1822.0	0.43907793633369924
chr16	42	3	1802.0	0.1664816870144284
chr16	43	1	1788.0	0.05592841163310962
chr16	44	7	1754.0	0.3990877993158495
chr16	45	8	1722.0	0.4645760743321719
chr16	46	2	1685.0	0.11869436201780414
chr16	47	4	1655.0	0.2416918429003021
chr16	48	1	1640.0	0.06097560975609756
chr16	49	1	1621.0	0.061690314620604564
chr16	50	3	1597.0	0.18785222291797118
chr16	51	3	1577.0	0.19023462270133165
chr16	52	4	1551.0	0.2578981302385558
chr16	53	10	1528.0	0.6544502617801047
chr16	54	3	1499.0	0.20013342228152103
chr16	55	8	1468.0	0.544959128065395
chr16	56	4	1441.0	0.2775850104094379
chr16	57	1	1415.0	0.0706713780918728
chr16	58	3	1382.0	0.21707670043415342
chr16	59	3	1354.0	0.22156573116691286
chr16	60	3	1323.0	0.22675736961451248
chr16	61	1	1299.0	0.07698229407236336
chr16	62	5	1275.0	0.39215686274509803
chr16	63	1	1253.0	0.07980845969672785
chr16	64	7	1223.0	0.5723630417007358
chr16	65	2	1181.0	0.1693480101608806
chr16	66	3	1157.0	0.25929127052722556
chr16	67	0	1123.0	0.0
chr16	68	2	1107.0	0.18066847335140018
chr16	69	0	1083.0	0.0
chr16	70	3	1059.0	0.28328611898017
chr16	71	4	1038.0	0.3853564547206166
chr16	72	2	1018.0	0.19646365422396855
chr16	73	2	984.0	0.20325203252032523
chr16	74	2	956.0	0.20920502092050208
chr16	75	1	929.0	0.1076426264800861
chr16	76	1	903.0	0.11074197120708748
chr16	77	1	876.0	0.1141552511415525
chr16	78	4	856.0	0.46728971962616817
chr16	79	2	826.0	0.24213075060532688
chr16	80	1	794.0	0.12594458438287154
chr16	81	1	775.0	0.12903225806451613
chr16	82	1	758.0	0.13192612137203166
chr16	83	1	725.0	0.13793103448275862
chr16	84	5	699.0	0.7153075822603719
chr16	85	2	685.0	0.291970802919708
chr16	86	0	656.0	0.0
chr16	87	2	628.0	0.3184713375796179
chr16	88	2	603.0	0.33167495854063017
chr16	89	1	569.0	0.17574692442882248
chr16	90	1	537.0	0.186219739292365
chr16	91	3	509.0	0.5893909626719057
chr16	92	0	477.0	0.0
chr16	93	0	447.0	0.0
chr16	94	0	424.0	0.0
chr16	95	1	390.0	0.2564102564102564
chr16	96	0	376.0	0.0
chr16	97	3	349.0	0.8595988538681949
chr16	98	1	317.0	0.31545741324921134
chr16	99	0	285.0	0.0
chr16	100	0	254.0	0.0
chr16	101	0	224.0	0.0
chr16	102	0	207.0	0.0
chr16	103	0	175.0	0.0
chr16	104	0	143.0	0.0
chr16	105	0	117.0	0.0
chr16	106	0	85.0	0.0
chr16	107	0	53.0	0.0
chr16	108	0	23.0	0.0
chr16	109	0	0.0	nan
chr16	110	0	0.0	nan
chr16	111	0	0.0	nan
chr16	112	0	0.0	nan
chr16	113	0	0.0	nan
chr16	114	0	0.0	nan
chr16	115	0	0.0	nan
chr16	116	0	0.0	nan
chr16	117	0	0.0	nan
chr16	118	0	0.0	nan
chr16	119	0	0.0	nan
chr16	120	0	0.0	nan
chr16	121	0	0.0	nan
chr16	122	0	0.0	nan
chr16	123	0	0.0	nan
chr17	-125	0	1.0	0.0
chr17	-124	0	1.0	0.0
chr17	-123	0	1.0	0.0
chr17	-122	0	1.0	0.0
chr17	-121	0	1.0	0.0
chr17	-120	0	21.0	0.0
chr17	-119	0	34.0	0.0
chr17	-118	0	63.0	0.0
chr17	-117	0	77.0	0.0
chr17	-116	0	100.0	0.0
chr17	-115	0	127.0	0.0
chr17	-114	0	147.0	0.0
chr17	-113	0	166.0	0.0
chr17	-112	0	196.0	0.0
chr17	-111	0	219.0	0.0
chr17	-110	0	249.0	0.0
chr17	-109	3	271.0	1.107011070110701
chr17	-108	0	287.0	0.0
chr17	-107	0	306.0	0.0
chr17	-106	0	327.0	0.0
chr17	-105	1	344.0	0.29069767441860467
chr17	-104	0	364.0	0.0
chr17	-103	0	387.0	0.0
chr17	-102	4	405.0	0.9876543209876543
chr17	-101	0	428.0	0.0
chr17	-100	0	440.0	0.0
chr17	-99	0	454.0	0.0
chr17	-98	1	470.0	0.2127659574468085
chr17	-97	0	497.0	0.0
chr17	-96	0	519.0	0.0
chr17	-95	1	537.0	0.186219739292365
chr17	-94	1	552.0	0.18115942028985507
chr17	-93	1	571.0	0.17513134851138354
chr17	-92	0	592.0	0.0
chr17	-91	3	605.0	0.49586776859504134
chr17	-90	0	626.0	0.0
chr17	-89	2	649.0	0.30816640986132515
chr17	-88	1	665.0	0.15037593984962408
chr17	-87	2	685.0	0.291970802919708
chr17	-86	1	705.0	0.14184397163120568
chr17	-85	0	731.0	0.0
chr17	-84	0	746.0	0.0
chr17	-83	0	759.0	0.0
chr17	-82	1	783.0	0.1277139208173691
chr17	-81	1	803.0	0.12453300124533001
chr17	-80	1	822.0	0.12165450121654502
chr17	-79	3	834.0	0.3597122302158274
chr17	-78	2	855.0	0.23391812865497078
chr17	-77	5	875.0	0.5714285714285714
chr17	-76	6	894.0	0.6711409395973155
chr17	-75	0	919.0	0.0
chr17	-74	0	935.0	0.0
chr17	-73	2	950.0	0.21052631578947367
chr17	-72	0	962.0	0.0
chr17	-71	3	979.0	0.30643513789581206
chr17	-70	0	1001.0	0.0
chr17	-69	2	1025.0	0.1951219512195122
chr17	-68	2	1044.0	0.19157088122605362
chr17	-67	0	1075.0	0.0
chr17	-66	1	1089.0	0.09182736455463728
chr17	-65	0	1110.0	0.0
chr17	-64	3	1126.0	0.2664298401420959
chr17	-63	0	1151.0	0.0
chr17	-62	5	1168.0	0.4280821917808219
chr17	-61	1	1186.0	0.08431703204047217
chr17	-60	5	1207.0	0.4142502071251036
chr17	-59	4	1228.0	0.32573289902280134
chr17	-58	8	1248.0	0.641025641025641
chr17	-57	4	1261.0	0.317208564631245
chr17	-56	4	1285.0	0.311284046692607
chr17	-55	1	1301.0	0.07686395080707148
chr17	-54	2	1321.0	0.1514004542013626
chr17	-53	1	1341.0	0.07457121551081282
chr17	-52	6	1364.0	0.43988269794721413
chr17	-51	3	1385.0	0.21660649819494585
chr17	-50	0	1409.0	0.0
chr17	-49	3	1427.0	0.21023125437981782
chr17	-48	2	1453.0	0.13764624913971094
chr17	-47	5	1474.0	0.33921302578018997
chr17	-46	4	1489.0	0.2686366689053056
chr17	-45	4	1505.0	0.26578073089701
chr17	-44	4	1521.0	0.26298487836949375
chr17	-43	5	1542.0	0.324254215304799
chr17	-42	7	1558.0	0.4492939666238768
chr17	-41	12	1575.0	0.7619047619047619
chr17	-40	3	1592.0	0.18844221105527637
chr17	-39	3	1607.0	0.18668326073428748
chr17	-38	2	1629.0	0.12277470841006752
chr17	-37	5	1654.0	0.3022974607013301
chr17	-36	6	1671.0	0.3590664272890485
chr17	-35	8	1687.0	0.4742145820983995
chr17	-34	1	1712.0	0.05841121495327102
chr17	-33	9	1728.0	0.5208333333333333
chr17	-32	1	1747.0	0.05724098454493417
chr17	-31	2	1777.0	0.11254924029262803
chr17	-30	6	1807.0	0.3320420586607637
chr17	-29	6	1831.0	0.3276897870016384
chr17	-28	7	1849.0	0.3785830178474851
chr17	-27	8	1862.0	0.4296455424274973
chr17	-26	3	1887.0	0.1589825119236884
chr17	-25	4	1914.0	0.20898641588296762
chr17	-24	1	1933.0	0.05173305742369374
chr17	-23	10	1950.0	0.5128205128205128
chr17	-22	2	1960.0	0.10204081632653061
chr17	-21	11	1975.0	0.5569620253164557
chr17	-20	2	2006.0	0.09970089730807577
chr17	-19	16	2026.0	0.7897334649555774
chr17	-18	12	2035.0	0.5896805896805897
chr17	-17	6	2056.0	0.2918287937743191
chr17	-16	6	2073.0	0.2894356005788712
chr17	-15	1	2087.0	0.04791566842357451
chr17	-14	3	2110.0	0.14218009478672985
chr17	-13	4	2121.0	0.1885902876001886
chr17	-12	8	2150.0	0.37209302325581395
chr17	-11	6	2175.0	0.27586206896551724
chr17	-10	6	2197.0	0.27309968138370505
chr17	-9	2	2200.0	0.09090909090909091
chr17	-8	2	2200.0	0.09090909090909091
chr17	-7	4	2200.0	0.18181818181818182
chr17	-6	10	2199.0	0.45475216007276037
chr17	-5	1	2196.0	0.04553734061930783
chr17	-4	2	2200.0	0.09090909090909091
chr17	-3	1	2200.0	0.045454545454545456
chr17	-2	9	2199.0	0.4092769440654843
chr17	-1	0	2200.0	0.0
chr17	0	3	2166.0	0.13850415512465375
chr17	1	19	2137.0	0.8890968647636874
chr17	2	1	2123.0	0.047103155911446065
chr17	3	1	2100.0	0.047619047619047616
chr17	4	2	2064.0	0.09689922480620156
chr17	5	13	2047.0	0.6350757205666829
chr17	6	8	2033.0	0.3935071323167732
chr17	7	0	2001.0	0.0
chr17	8	1	1979.0	0.05053057099545225
chr17	9	8	1949.0	0.4104669061056952
chr17	10	6	1928.0	0.3112033195020747
chr17	11	5	1912.0	0.2615062761506276
chr17	12	5	1892.0	0.2642706131078224
chr17	13	2	1872.0	0.10683760683760685
chr17	14	0	1856.0	0.0
chr17	15	10	1835.0	0.544959128065395
chr17	16	9	1812.0	0.49668874172185434
chr17	17	9	1794.0	0.5016722408026756
chr17	18	13	1770.0	0.7344632768361582
chr17	19	1	1759.0	0.05685048322910744
chr17	20	4	1736.0	0.2304147465437788
chr17	21	0	1720.0	0.0
chr17	22	7	1701.0	0.411522633744856
chr17	23	2	1679.0	0.11911852293031568
chr17	24	7	1661.0	0.4214328717639976
chr17	25	1	1645.0	0.060790273556231005
chr17	26	3	1627.0	0.18438844499078058
chr17	27	1	1604.0	0.062344139650872814
chr17	28	2	1593.0	0.12554927809165098
chr17	29	2	1574.0	0.12706480304955528
chr17	30	0	1551.0	0.0
chr17	31	2	1535.0	0.13029315960912052
chr17	32	7	1515.0	0.46204620462046203
chr17	33	1	1495.0	0.06688963210702341
chr17	34	9	1468.0	0.6130790190735695
chr17	35	5	1453.0	0.3441156228492774
chr17	36	4	1439.0	0.27797081306462823
chr17	37	2	1417.0	0.14114326040931546
chr17	38	2	1396.0	0.14326647564469913
chr17	39	4	1378.0	0.29027576197387517
chr17	40	9	1364.0	0.6598240469208211
chr17	41	8	1342.0	0.5961251862891207
chr17	42	4	1323.0	0.30234315948601664
chr17	43	7	1305.0	0.5363984674329502
chr17	44	6	1280.0	0.46875
chr17	45	5	1262.0	0.39619651347068147
chr17	46	8	1248.0	0.641025641025641
chr17	47	0	1235.0	0.0
chr17	48	3	1219.0	0.2461033634126333
chr17	49	4	1196.0	0.33444816053511706
chr17	50	3	1171.0	0.25619128949615716
chr17	51	5	1153.0	0.43365134431916735
chr17	52	1	1124.0	0.0889679715302491
chr17	53	4	1110.0	0.36036036036036034
chr17	54	0	1090.0	0.0
chr17	55	4	1074.0	0.37243947858473
chr17	56	5	1048.0	0.4770992366412214
chr17	57	10	1032.0	0.9689922480620154
chr17	58	5	1014.0	0.4930966469428008
chr17	59	6	993.0	0.6042296072507553
chr17	60	6	971.0	0.6179196704428425
chr17	61	6	952.0	0.6302521008403361
chr17	62	3	938.0	0.31982942430703626
chr17	63	4	914.0	0.437636761487965
chr17	64	2	898.0	0.22271714922048996
chr17	65	2	878.0	0.22779043280182232
chr17	66	1	858.0	0.11655011655011654
chr17	67	7	834.0	0.8393285371702638
chr17	68	1	815.0	0.1226993865030675
chr17	69	0	790.0	0.0
chr17	70	1	772.0	0.1295336787564767
chr17	71	1	747.0	0.13386880856760375
chr17	72	8	725.0	1.103448275862069
chr17	73	1	709.0	0.14104372355430184
chr17	74	4	694.0	0.5763688760806917
chr17	75	8	678.0	1.1799410029498525
chr17	76	4	657.0	0.60882800608828
chr17	77	0	640.0	0.0
chr17	78	2	624.0	0.3205128205128205
chr17	79	0	606.0	0.0
chr17	80	0	589.0	0.0
chr17	81	4	568.0	0.7042253521126761
chr17	82	1	543.0	0.1841620626151013
chr17	83	0	527.0	0.0
chr17	84	1	511.0	0.19569471624266144
chr17	85	1	486.0	0.205761316872428
chr17	86	2	469.0	0.42643923240938164
chr17	87	0	450.0	0.0
chr17	88	1	420.0	0.2380952380952381
chr17	89	1	390.0	0.2564102564102564
chr17	90	2	364.0	0.5494505494505495
chr17	91	1	347.0	0.2881844380403458
chr17	92	2	334.0	0.5988023952095809
chr17	93	1	308.0	0.3246753246753247
chr17	94	1	282.0	0.3546099290780142
chr17	95	0	264.0	0.0
chr17	96	0	247.0	0.0
chr17	97	2	232.0	0.8620689655172413
chr17	98	0	217.0	0.0
chr17	99	0	193.0	0.0
chr17	100	1	173.0	0.5780346820809248
chr17	101	0	164.0	0.0
chr17	102	0	143.0	0.0
chr17	103	1	126.0	0.7936507936507936
chr17	104	0	105.0	0.0
chr17	105	0	81.0	0.0
chr17	106	0	66.0	0.0
chr17	107	0	42.0	0.0
chr17	108	0	17.0	0.0
chr17	109	0	0.0	nan
chr17	110	0	0.0	nan
chr17	111	0	0.0	nan
chr17	112	0	0.0	nan
chr17	113	0	0.0	nan
chr17	114	0	0.0	nan
chr17	115	0	0.0	nan
chr17	116	0	0.0	nan
chr17	117	0	0.0	nan
chr17	118	0	0.0	nan
chr17	119	0	0.0	nan
chr17	120	0	0.0	nan
chr18	-121	0	1.0	0.0
chr18	-120	0	8.0	0.0
chr18	-119	0	13.0	0.0
chr18	-118	0	21.0	0.0
chr18	-117	0	24.0	0.0
chr18	-116	0	38.0	0.0
chr18	-115	0	52.0	0.0
chr18	-114	0	61.0	0.0
chr18	-113	0	76.0	0.0
chr18	-112	0	86.0	0.0
chr18	-111	0	91.0	0.0
chr18	-110	1	106.0	0.9433962264150944
chr18	-109	1	120.0	0.8333333333333334
chr18	-108	0	133.0	0.0
chr18	-107	0	145.0	0.0
chr18	-106	0	155.0	0.0
chr18	-105	0	162.0	0.0
chr18	-104	0	177.0	0.0
chr18	-103	1	189.0	0.5291005291005291
chr18	-102	2	200.0	1.0
chr18	-101	0	206.0	0.0
chr18	-100	0	217.0	0.0
chr18	-99	0	220.0	0.0
chr18	-98	0	227.0	0.0
chr18	-97	0	235.0	0.0
chr18	-96	0	244.0	0.0
chr18	-95	0	262.0	0.0
chr18	-94	0	269.0	0.0
chr18	-93	0	272.0	0.0
chr18	-92	0	285.0	0.0
chr18	-91	1	294.0	0.3401360544217687
chr18	-90	2	304.0	0.6578947368421052
chr18	-89	0	314.0	0.0
chr18	-88	1	320.0	0.3125
chr18	-87	0	334.0	0.0
chr18	-86	3	344.0	0.872093023255814
chr18	-85	0	355.0	0.0
chr18	-84	0	370.0	0.0
chr18	-83	0	381.0	0.0
chr18	-82	1	393.0	0.2544529262086514
chr18	-81	0	399.0	0.0
chr18	-80	0	412.0	0.0
chr18	-79	0	427.0	0.0
chr18	-78	0	440.0	0.0
chr18	-77	0	447.0	0.0
chr18	-76	0	455.0	0.0
chr18	-75	0	472.0	0.0
chr18	-74	0	481.0	0.0
chr18	-73	0	491.0	0.0
chr18	-72	2	505.0	0.39603960396039606
chr18	-71	1	511.0	0.19569471624266144
chr18	-70	0	520.0	0.0
chr18	-69	0	536.0	0.0
chr18	-68	2	545.0	0.3669724770642202
chr18	-67	2	556.0	0.3597122302158274
chr18	-66	0	566.0	0.0
chr18	-65	2	574.0	0.34843205574912894
chr18	-64	5	592.0	0.8445945945945946
chr18	-63	0	600.0	0.0
chr18	-62	0	611.0	0.0
chr18	-61	0	622.0	0.0
chr18	-60	4	634.0	0.6309148264984227
chr18	-59	1	648.0	0.15432098765432098
chr18	-58	1	654.0	0.1529051987767584
chr18	-57	7	667.0	1.0494752623688157
chr18	-56	6	678.0	0.8849557522123894
chr18	-55	1	690.0	0.14492753623188406
chr18	-54	0	699.0	0.0
chr18	-53	0	706.0	0.0
chr18	-52	0	717.0	0.0
chr18	-51	12	735.0	1.6326530612244898
chr18	-50	2	745.0	0.2684563758389262
chr18	-49	1	751.0	0.13315579227696406
chr18	-48	5	754.0	0.6631299734748011
chr18	-47	0	768.0	0.0
chr18	-46	0	777.0	0.0
chr18	-45	1	791.0	0.12642225031605564
chr18	-44	0	792.0	0.0
chr18	-43	1	804.0	0.12437810945273632
chr18	-42	0	819.0	0.0
chr18	-41	0	828.0	0.0
chr18	-40	3	838.0	0.35799522673031026
chr18	-39	0	846.0	0.0
chr18	-38	9	860.0	1.0465116279069768
chr18	-37	9	870.0	1.0344827586206897
chr18	-36	0	886.0	0.0
chr18	-35	0	893.0	0.0
chr18	-34	1	905.0	0.11049723756906078
chr18	-33	0	914.0	0.0
chr18	-32	0	929.0	0.0
chr18	-31	4	937.0	0.42689434364994666
chr18	-30	0	949.0	0.0
chr18	-29	1	959.0	0.10427528675703858
chr18	-28	2	973.0	0.20554984583761562
chr18	-27	1	978.0	0.10224948875255625
chr18	-26	0	986.0	0.0
chr18	-25	1	1001.0	0.0999000999000999
chr18	-24	3	1011.0	0.2967359050445104
chr18	-23	9	1019.0	0.8832188420019628
chr18	-22	1	1031.0	0.09699321047526674
chr18	-21	15	1042.0	1.4395393474088292
chr18	-20	0	1052.0	0.0
chr18	-19	1	1060.0	0.09433962264150944
chr18	-18	1	1069.0	0.09354536950420954
chr18	-17	0	1082.0	0.0
chr18	-16	0	1093.0	0.0
chr18	-15	2	1100.0	0.18181818181818182
chr18	-14	0	1113.0	0.0
chr18	-13	4	1128.0	0.3546099290780142
chr18	-12	0	1136.0	0.0
chr18	-11	1	1147.0	0.08718395815170009
chr18	-10	0	1163.0	0.0
chr18	-9	0	1163.0	0.0
chr18	-8	0	1163.0	0.0
chr18	-7	1	1163.0	0.08598452278589853
chr18	-6	0	1163.0	0.0
chr18	-5	6	1163.0	0.5159071367153912
chr18	-4	1	1163.0	0.08598452278589853
chr18	-3	0	1163.0	0.0
chr18	-2	2	1163.0	0.17196904557179707
chr18	-1	3	1163.0	0.2579535683576956
chr18	0	12	1150.0	1.0434782608695654
chr18	1	0	1142.0	0.0
chr18	2	1	1139.0	0.08779631255487269
chr18	3	1	1124.0	0.0889679715302491
chr18	4	5	1111.0	0.45004500450045004
chr18	5	1	1102.0	0.09074410163339383
chr18	6	0	1087.0	0.0
chr18	7	3	1077.0	0.2785515320334262
chr18	8	5	1072.0	0.46641791044776115
chr18	9	4	1057.0	0.3784295175023652
chr18	10	0	1043.0	0.0
chr18	11	1	1030.0	0.0970873786407767
chr18	12	1	1018.0	0.09823182711198428
chr18	13	0	1008.0	0.0
chr18	14	1	1001.0	0.0999000999000999
chr18	15	1	986.0	0.10141987829614604
chr18	16	0	974.0	0.0
chr18	17	2	963.0	0.20768431983385255
chr18	18	1	957.0	0.10449320794148381
chr18	19	3	946.0	0.3171247357293869
chr18	20	10	943.0	1.0604453870625663
chr18	21	0	936.0	0.0
chr18	22	4	928.0	0.43103448275862066
chr18	23	0	919.0	0.0
chr18	24	1	901.0	0.11098779134295228
chr18	25	1	893.0	0.11198208286674133
chr18	26	0	888.0	0.0
chr18	27	0	877.0	0.0
chr18	28	0	865.0	0.0
chr18	29	2	858.0	0.2331002331002331
chr18	30	3	848.0	0.3537735849056604
chr18	31	2	841.0	0.23781212841854932
chr18	32	1	827.0	0.12091898428053204
chr18	33	1	817.0	0.12239902080783352
chr18	34	2	807.0	0.24783147459727387
chr18	35	0	792.0	0.0
chr18	36	8	781.0	1.0243277848911652
chr18	37	12	768.0	1.5625
chr18	38	0	759.0	0.0
chr18	39	1	746.0	0.13404825737265416
chr18	40	1	731.0	0.13679890560875513
chr18	41	0	718.0	0.0
chr18	42	3	711.0	0.42194092827004215
chr18	43	2	703.0	0.2844950213371266
chr18	44	0	689.0	0.0
chr18	45	0	680.0	0.0
chr18	46	2	670.0	0.2985074626865672
chr18	47	5	656.0	0.7621951219512195
chr18	48	0	650.0	0.0
chr18	49	8	640.0	1.25
chr18	50	6	625.0	0.96
chr18	51	1	618.0	0.16181229773462785
chr18	52	1	607.0	0.16474464579901155
chr18	53	0	597.0	0.0
chr18	54	10	589.0	1.697792869269949
chr18	55	11	571.0	1.926444833625219
chr18	56	4	563.0	0.7104795737122558
chr18	57	0	552.0	0.0
chr18	58	2	541.0	0.36968576709796674
chr18	59	0	529.0	0.0
chr18	60	1	515.0	0.1941747572815534
chr18	61	3	508.0	0.5905511811023622
chr18	62	0	496.0	0.0
chr18	63	5	485.0	1.0309278350515463
chr18	64	3	473.0	0.6342494714587738
chr18	65	0	464.0	0.0
chr18	66	1	457.0	0.2188183807439825
chr18	67	1	446.0	0.2242152466367713
chr18	68	0	428.0	0.0
chr18	69	0	418.0	0.0
chr18	70	0	409.0	0.0
chr18	71	3	407.0	0.7371007371007371
chr18	72	0	393.0	0.0
chr18	73	0	384.0	0.0
chr18	74	1	370.0	0.2702702702702703
chr18	75	4	362.0	1.1049723756906076
chr18	76	1	350.0	0.2857142857142857
chr18	77	0	335.0	0.0
chr18	78	0	326.0	0.0
chr18	79	1	316.0	0.31645569620253167
chr18	80	0	308.0	0.0
chr18	81	1	301.0	0.33222591362126247
chr18	82	0	291.0	0.0
chr18	83	0	276.0	0.0
chr18	84	0	269.0	0.0
chr18	85	0	257.0	0.0
chr18	86	1	248.0	0.4032258064516129
chr18	87	3	230.0	1.3043478260869565
chr18	88	1	226.0	0.4424778761061947
chr18	89	0	214.0	0.0
chr18	90	0	198.0	0.0
chr18	91	0	190.0	0.0
chr18	92	0	182.0	0.0
chr18	93	0	174.0	0.0
chr18	94	0	162.0	0.0
chr18	95	0	151.0	0.0
chr18	96	0	144.0	0.0
chr18	97	0	132.0	0.0
chr18	98	0	121.0	0.0
chr18	99	0	111.0	0.0
chr18	100	0	102.0	0.0
chr18	101	1	94.0	1.0638297872340425
chr18	102	0	81.0	0.0
chr18	103	0	70.0	0.0
chr18	104	0	63.0	0.0
chr18	105	0	50.0	0.0
chr18	106	0	35.0	0.0
chr18	107	0	27.0	0.0
chr18	108	0	16.0	0.0
chr18	109	0	0.0	nan
chr18	110	0	0.0	nan
chr18	111	0	0.0	nan
chr18	112	0	0.0	nan
chr18	113	0	0.0	nan
chr18	114	0	0.0	nan
chr18	115	0	0.0	nan
chr18	116	0	0.0	nan
chr18	117	0	0.0	nan
chr18	118	0	0.0	nan
chr18	119	0	0.0	nan
chr19	-120	0	6.0	0.0
chr19	-119	0	16.0	0.0
chr19	-118	0	23.0	0.0
chr19	-117	0	31.0	0.0
chr19	-116	0	39.0	0.0
chr19	-115	0	54.0	0.0
chr19	-114	0	63.0	0.0
chr19	-113	0	70.0	0.0
chr19	-112	0	80.0	0.0
chr19	-111	0	89.0	0.0
chr19	-110	0	92.0	0.0
chr19	-109	0	105.0	0.0
chr19	-108	0	124.0	0.0
chr19	-107	1	133.0	0.7518796992481203
chr19	-106	0	138.0	0.0
chr19	-105	0	147.0	0.0
chr19	-104	0	156.0	0.0
chr19	-103	0	175.0	0.0
chr19	-102	0	182.0	0.0
chr19	-101	0	192.0	0.0
chr19	-100	1	206.0	0.48543689320388345
chr19	-99	0	219.0	0.0
chr19	-98	0	235.0	0.0
chr19	-97	0	238.0	0.0
chr19	-96	0	250.0	0.0
chr19	-95	1	261.0	0.38314176245210724
chr19	-94	1	278.0	0.3597122302158274
chr19	-93	0	287.0	0.0
chr19	-92	1	297.0	0.33670033670033667
chr19	-91	2	313.0	0.6389776357827476
chr19	-90	0	316.0	0.0
chr19	-89	0	337.0	0.0
chr19	-88	4	348.0	1.1494252873563218
chr19	-87	0	361.0	0.0
chr19	-86	1	370.0	0.2702702702702703
chr19	-85	1	378.0	0.26455026455026454
chr19	-84	0	385.0	0.0
chr19	-83	2	400.0	0.5
chr19	-82	0	411.0	0.0
chr19	-81	0	424.0	0.0
chr19	-80	1	436.0	0.22935779816513763
chr19	-79	1	442.0	0.22624434389140274
chr19	-78	1	449.0	0.22271714922048996
chr19	-77	0	474.0	0.0
chr19	-76	0	483.0	0.0
chr19	-75	2	494.0	0.4048582995951417
chr19	-74	7	507.0	1.3806706114398422
chr19	-73	0	524.0	0.0
chr19	-72	0	534.0	0.0
chr19	-71	0	543.0	0.0
chr19	-70	1	556.0	0.1798561151079137
chr19	-69	0	572.0	0.0
chr19	-68	1	589.0	0.1697792869269949
chr19	-67	3	600.0	0.5
chr19	-66	1	613.0	0.1631321370309951
chr19	-65	0	623.0	0.0
chr19	-64	0	636.0	0.0
chr19	-63	1	652.0	0.15337423312883436
chr19	-62	0	661.0	0.0
chr19	-61	1	676.0	0.14792899408284024
chr19	-60	1	684.0	0.14619883040935672
chr19	-59	1	695.0	0.14388489208633093
chr19	-58	0	710.0	0.0
chr19	-57	0	721.0	0.0
chr19	-56	0	735.0	0.0
chr19	-55	3	752.0	0.39893617021276595
chr19	-54	1	760.0	0.13157894736842105
chr19	-53	4	772.0	0.5181347150259068
chr19	-52	0	783.0	0.0
chr19	-51	0	794.0	0.0
chr19	-50	0	801.0	0.0
chr19	-49	0	811.0	0.0
chr19	-48	1	820.0	0.12195121951219512
chr19	-47	0	826.0	0.0
chr19	-46	4	836.0	0.4784688995215311
chr19	-45	1	846.0	0.1182033096926714
chr19	-44	1	859.0	0.11641443538998836
chr19	-43	1	871.0	0.1148105625717566
chr19	-42	1	882.0	0.11337868480725624
chr19	-41	1	891.0	0.11223344556677892
chr19	-40	6	900.0	0.6666666666666667
chr19	-39	1	907.0	0.11025358324145534
chr19	-38	3	918.0	0.32679738562091504
chr19	-37	6	931.0	0.644468313641246
chr19	-36	2	936.0	0.2136752136752137
chr19	-35	2	949.0	0.21074815595363539
chr19	-34	4	948.0	0.42194092827004215
chr19	-33	6	963.0	0.6230529595015576
chr19	-32	7	979.0	0.7150153217568949
chr19	-31	11	998.0	1.1022044088176353
chr19	-30	2	1013.0	0.19743336623889435
chr19	-29	1	1025.0	0.0975609756097561
chr19	-28	1	1038.0	0.09633911368015415
chr19	-27	0	1052.0	0.0
chr19	-26	0	1062.0	0.0
chr19	-25	2	1070.0	0.1869158878504673
chr19	-24	0	1079.0	0.0
chr19	-23	0	1092.0	0.0
chr19	-22	6	1102.0	0.5444646098003629
chr19	-21	0	1116.0	0.0
chr19	-20	5	1132.0	0.441696113074205
chr19	-19	1	1141.0	0.0876424189307625
chr19	-18	3	1150.0	0.26086956521739135
chr19	-17	1	1160.0	0.08620689655172414
chr19	-16	0	1174.0	0.0
chr19	-15	4	1182.0	0.338409475465313
chr19	-14	3	1192.0	0.25167785234899326
chr19	-13	1	1203.0	0.0831255195344971
chr19	-12	1	1213.0	0.08244023083264633
chr19	-11	6	1220.0	0.49180327868852464
chr19	-10	2	1234.0	0.1620745542949757
chr19	-9	0	1234.0	0.0
chr19	-8	1	1234.0	0.08103727714748785
chr19	-7	1	1234.0	0.08103727714748785
chr19	-6	0	1234.0	0.0
chr19	-5	1	1234.0	0.08103727714748785
chr19	-4	2	1234.0	0.1620745542949757
chr19	-3	7	1234.0	0.5672609400324149
chr19	-2	4	1234.0	0.3241491085899514
chr19	-1	1	1234.0	0.08103727714748785
chr19	0	0	1211.0	0.0
chr19	1	5	1204.0	0.41528239202657813
chr19	2	11	1196.0	0.919732441471572
chr19	3	1	1188.0	0.08417508417508417
chr19	4	7	1174.0	0.596252129471891
chr19	5	4	1165.0	0.34334763948497854
chr19	6	4	1158.0	0.3454231433506045
chr19	7	2	1148.0	0.17421602787456447
chr19	8	7	1139.0	0.6145741878841089
chr19	9	4	1136.0	0.35211267605633806
chr19	10	2	1123.0	0.17809439002671415
chr19	11	3	1106.0	0.27124773960216997
chr19	12	2	1097.0	0.18231540565177756
chr19	13	2	1091.0	0.18331805682859761
chr19	14	1	1083.0	0.09233610341643582
chr19	15	2	1073.0	0.1863932898415657
chr19	16	4	1057.0	0.3784295175023652
chr19	17	2	1050.0	0.19047619047619047
chr19	18	2	1040.0	0.19230769230769232
chr19	19	6	1026.0	0.5847953216374269
chr19	20	4	1013.0	0.3948667324777887
chr19	21	7	997.0	0.7021063189568706
chr19	22	6	993.0	0.6042296072507553
chr19	23	1	981.0	0.10193679918450561
chr19	24	2	970.0	0.2061855670103093
chr19	25	2	954.0	0.20964360587002098
chr19	26	3	945.0	0.31746031746031744
chr19	27	5	935.0	0.53475935828877
chr19	28	2	920.0	0.21739130434782608
chr19	29	6	915.0	0.6557377049180327
chr19	30	8	896.0	0.8928571428571428
chr19	31	7	878.0	0.7972665148063782
chr19	32	8	865.0	0.9248554913294799
chr19	33	4	855.0	0.46783625730994155
chr19	34	2	855.0	0.23391812865497078
chr19	35	1	848.0	0.1179245283018868
chr19	36	2	833.0	0.24009603841536614
chr19	37	0	822.0	0.0
chr19	38	2	808.0	0.24752475247524752
chr19	39	4	796.0	0.5025125628140703
chr19	40	0	791.0	0.0
chr19	41	0	784.0	0.0
chr19	42	4	759.0	0.5270092226613966
chr19	43	5	750.0	0.6666666666666667
chr19	44	2	739.0	0.2706359945872801
chr19	45	2	726.0	0.27548209366391185
chr19	46	1	709.0	0.14104372355430184
chr19	47	3	699.0	0.4291845493562232
chr19	48	1	690.0	0.14492753623188406
chr19	49	2	677.0	0.29542097488921715
chr19	50	2	661.0	0.30257186081694404
chr19	51	3	644.0	0.4658385093167702
chr19	52	1	633.0	0.1579778830963665
chr19	53	1	620.0	0.16129032258064516
chr19	54	6	610.0	0.9836065573770493
chr19	55	1	597.0	0.16750418760469013
chr19	56	2	581.0	0.34423407917383825
chr19	57	0	572.0	0.0
chr19	58	0	557.0	0.0
chr19	59	3	548.0	0.5474452554744526
chr19	60	2	538.0	0.37174721189591076
chr19	61	0	523.0	0.0
chr19	62	3	512.0	0.5859375
chr19	63	3	498.0	0.6024096385542169
chr19	64	2	481.0	0.4158004158004158
chr19	65	7	473.0	1.4799154334038054
chr19	66	6	461.0	1.3015184381778742
chr19	67	4	450.0	0.8888888888888888
chr19	68	3	439.0	0.683371298405467
chr19	69	0	432.0	0.0
chr19	70	1	422.0	0.23696682464454977
chr19	71	0	413.0	0.0
chr19	72	0	407.0	0.0
chr19	73	1	397.0	0.2518891687657431
chr19	74	7	387.0	1.8087855297157622
chr19	75	1	374.0	0.267379679144385
chr19	76	1	362.0	0.2762430939226519
chr19	77	4	350.0	1.1428571428571428
chr19	78	1	342.0	0.29239766081871343
chr19	79	0	332.0	0.0
chr19	80	1	326.0	0.3067484662576687
chr19	81	1	315.0	0.31746031746031744
chr19	82	2	302.0	0.6622516556291391
chr19	83	0	297.0	0.0
chr19	84	4	284.0	1.4084507042253522
chr19	85	1	277.0	0.36101083032490977
chr19	86	2	262.0	0.7633587786259541
chr19	87	3	247.0	1.214574898785425
chr19	88	2	235.0	0.851063829787234
chr19	89	0	220.0	0.0
chr19	90	3	208.0	1.4423076923076923
chr19	91	2	196.0	1.0204081632653061
chr19	92	1	182.0	0.5494505494505495
chr19	93	4	172.0	2.3255813953488373
chr19	94	0	163.0	0.0
chr19	95	0	155.0	0.0
chr19	96	0	142.0	0.0
chr19	97	0	132.0	0.0
chr19	98	0	118.0	0.0
chr19	99	0	101.0	0.0
chr19	100	0	92.0	0.0
chr19	101	0	83.0	0.0
chr19	102	0	73.0	0.0
chr19	103	0	60.0	0.0
chr19	104	0	52.0	0.0
chr19	105	0	41.0	0.0
chr19	106	1	31.0	3.225806451612903
chr19	107	0	21.0	0.0
chr19	108	0	14.0	0.0
chr19	109	0	0.0	nan
chr19	110	0	0.0	nan
chr19	111	0	0.0	nan
chr19	112	0	0.0	nan
chr19	113	0	0.0	nan
chr19	114	0	0.0	nan
chr19	115	0	0.0	nan
chr19	116	0	0.0	nan
chr19	117	0	0.0	nan
chr19	118	0	0.0	nan
chr19	119	0	0.0	nan
chr19	120	0	0.0	nan
chr19	121	0	0.0	nan
chr19	122	0	0.0	nan
chr19	123	0	0.0	nan
chr19	124	0	0.0	nan
chr21	-120	0	7.0	0.0
chr21	-119	0	16.0	0.0
chr21	-118	0	27.0	0.0
chr21	-117	0	35.0	0.0
chr21	-116	0	49.0	0.0
chr21	-115	0	53.0	0.0
chr21	-114	0	60.0	0.0
chr21	-113	0	68.0	0.0
chr21	-112	0	74.0	0.0
chr21	-111	0	83.0	0.0
chr21	-110	0	92.0	0.0
chr21	-109	3	104.0	2.8846153846153846
chr21	-108	0	109.0	0.0
chr21	-107	0	119.0	0.0
chr21	-106	0	128.0	0.0
chr21	-105	0	135.0	0.0
chr21	-104	0	141.0	0.0
chr21	-103	0	150.0	0.0
chr21	-102	0	158.0	0.0
chr21	-101	0	163.0	0.0
chr21	-100	0	171.0	0.0
chr21	-99	0	173.0	0.0
chr21	-98	0	181.0	0.0
chr21	-97	0	187.0	0.0
chr21	-96	1	191.0	0.5235602094240838
chr21	-95	0	198.0	0.0
chr21	-94	1	208.0	0.4807692307692308
chr21	-93	2	218.0	0.9174311926605505
chr21	-92	0	228.0	0.0
chr21	-91	0	243.0	0.0
chr21	-90	1	252.0	0.3968253968253968
chr21	-89	0	259.0	0.0
chr21	-88	1	268.0	0.3731343283582089
chr21	-87	0	276.0	0.0
chr21	-86	0	284.0	0.0
chr21	-85	0	297.0	0.0
chr21	-84	0	307.0	0.0
chr21	-83	0	317.0	0.0
chr21	-82	3	323.0	0.9287925696594427
chr21	-81	0	328.0	0.0
chr21	-80	0	333.0	0.0
chr21	-79	1	339.0	0.2949852507374631
chr21	-78	0	348.0	0.0
chr21	-77	0	355.0	0.0
chr21	-76	2	361.0	0.554016620498615
chr21	-75	0	364.0	0.0
chr21	-74	0	372.0	0.0
chr21	-73	2	384.0	0.5208333333333333
chr21	-72	3	395.0	0.7594936708860759
chr21	-71	1	399.0	0.2506265664160401
chr21	-70	0	414.0	0.0
chr21	-69	2	420.0	0.4761904761904762
chr21	-68	1	423.0	0.2364066193853428
chr21	-67	0	432.0	0.0
chr21	-66	0	443.0	0.0
chr21	-65	1	447.0	0.22371364653243847
chr21	-64	5	454.0	1.1013215859030838
chr21	-63	1	467.0	0.21413276231263384
chr21	-62	0	479.0	0.0
chr21	-61	0	493.0	0.0
chr21	-60	0	503.0	0.0
chr21	-59	0	513.0	0.0
chr21	-58	1	520.0	0.19230769230769232
chr21	-57	0	525.0	0.0
chr21	-56	0	533.0	0.0
chr21	-55	1	543.0	0.1841620626151013
chr21	-54	0	551.0	0.0
chr21	-53	3	564.0	0.5319148936170213
chr21	-52	0	571.0	0.0
chr21	-51	0	581.0	0.0
chr21	-50	3	592.0	0.5067567567567568
chr21	-49	6	598.0	1.0033444816053512
chr21	-48	0	605.0	0.0
chr21	-47	0	616.0	0.0
chr21	-46	4	626.0	0.6389776357827476
chr21	-45	0	635.0	0.0
chr21	-44	0	650.0	0.0
chr21	-43	1	655.0	0.15267175572519084
chr21	-42	4	659.0	0.6069802731411229
chr21	-41	3	669.0	0.4484304932735426
chr21	-40	3	677.0	0.4431314623338257
chr21	-39	2	685.0	0.291970802919708
chr21	-38	0	690.0	0.0
chr21	-37	0	694.0	0.0
chr21	-36	1	700.0	0.14285714285714285
chr21	-35	4	709.0	0.5641748942172073
chr21	-34	13	712.0	1.8258426966292134
chr21	-33	0	721.0	0.0
chr21	-32	0	733.0	0.0
chr21	-31	0	739.0	0.0
chr21	-30	0	746.0	0.0
chr21	-29	5	750.0	0.6666666666666667
chr21	-28	0	760.0	0.0
chr21	-27	2	770.0	0.2597402597402597
chr21	-26	0	779.0	0.0
chr21	-25	5	787.0	0.6353240152477764
chr21	-24	0	794.0	0.0
chr21	-23	0	802.0	0.0
chr21	-22	3	810.0	0.3703703703703704
chr21	-21	1	818.0	0.12224938875305623
chr21	-20	8	825.0	0.9696969696969697
chr21	-19	5	835.0	0.5988023952095809
chr21	-18	0	848.0	0.0
chr21	-17	1	856.0	0.11682242990654204
chr21	-16	1	867.0	0.11534025374855825
chr21	-15	1	874.0	0.11441647597254005
chr21	-14	2	878.0	0.22779043280182232
chr21	-13	1	885.0	0.11299435028248588
chr21	-12	1	892.0	0.11210762331838565
chr21	-11	1	898.0	0.11135857461024498
chr21	-10	11	904.0	1.2168141592920354
chr21	-9	3	904.0	0.33185840707964603
chr21	-8	1	904.0	0.11061946902654868
chr21	-7	3	904.0	0.33185840707964603
chr21	-6	1	904.0	0.11061946902654868
chr21	-5	1	903.0	0.11074197120708748
chr21	-4	1	904.0	0.11061946902654868
chr21	-3	2	904.0	0.22123893805309736
chr21	-2	2	904.0	0.22123893805309736
chr21	-1	0	904.0	0.0
chr21	0	0	888.0	0.0
chr21	1	0	877.0	0.0
chr21	2	2	869.0	0.23014959723820483
chr21	3	2	855.0	0.23391812865497078
chr21	4	1	849.0	0.11778563015312131
chr21	5	2	843.0	0.2372479240806643
chr21	6	2	835.0	0.23952095808383234
chr21	7	3	830.0	0.3614457831325301
chr21	8	3	821.0	0.3654080389768575
chr21	9	12	812.0	1.477832512315271
chr21	10	3	800.0	0.375
chr21	11	1	795.0	0.12578616352201258
chr21	12	0	785.0	0.0
chr21	13	2	776.0	0.25773195876288657
chr21	14	6	768.0	0.78125
chr21	15	4	763.0	0.5242463958060288
chr21	16	3	754.0	0.3978779840848806
chr21	17	0	746.0	0.0
chr21	18	4	741.0	0.5398110661268556
chr21	19	3	732.0	0.4098360655737705
chr21	20	1	731.0	0.13679890560875513
chr21	21	1	723.0	0.13831258644536654
chr21	22	1	717.0	0.1394700139470014
chr21	23	2	713.0	0.2805049088359046
chr21	24	8	706.0	1.13314447592068
chr21	25	0	695.0	0.0
chr21	26	0	685.0	0.0
chr21	27	0	675.0	0.0
chr21	28	4	660.0	0.6060606060606061
chr21	29	1	651.0	0.15360983102918588
chr21	30	0	644.0	0.0
chr21	31	0	635.0	0.0
chr21	32	0	626.0	0.0
chr21	33	8	617.0	1.2965964343598055
chr21	34	4	605.0	0.6611570247933884
chr21	35	1	595.0	0.16806722689075632
chr21	36	0	585.0	0.0
chr21	37	1	578.0	0.17301038062283738
chr21	38	0	574.0	0.0
chr21	39	3	570.0	0.5263157894736842
chr21	40	3	564.0	0.5319148936170213
chr21	41	8	554.0	1.444043321299639
chr21	42	0	548.0	0.0
chr21	43	1	542.0	0.18450184501845018
chr21	44	2	539.0	0.3710575139146568
chr21	45	3	531.0	0.5649717514124294
chr21	46	0	519.0	0.0
chr21	47	0	508.0	0.0
chr21	48	2	504.0	0.3968253968253968
chr21	49	1	489.0	0.2044989775051125
chr21	50	0	483.0	0.0
chr21	51	0	480.0	0.0
chr21	52	3	471.0	0.6369426751592357
chr21	53	0	460.0	0.0
chr21	54	2	456.0	0.43859649122807015
chr21	55	1	449.0	0.22271714922048996
chr21	56	0	435.0	0.0
chr21	57	2	424.0	0.4716981132075472
chr21	58	0	409.0	0.0
chr21	59	0	399.0	0.0
chr21	60	0	389.0	0.0
chr21	61	1	383.0	0.26109660574412535
chr21	62	2	378.0	0.5291005291005291
chr21	63	6	370.0	1.6216216216216217
chr21	64	0	360.0	0.0
chr21	65	1	352.0	0.2840909090909091
chr21	66	0	339.0	0.0
chr21	67	1	332.0	0.30120481927710846
chr21	68	0	322.0	0.0
chr21	69	0	311.0	0.0
chr21	70	1	305.0	0.32786885245901637
chr21	71	2	298.0	0.6711409395973155
chr21	72	1	287.0	0.34843205574912894
chr21	73	1	277.0	0.36101083032490977
chr21	74	0	268.0	0.0
chr21	75	1	253.0	0.3952569169960474
chr21	76	0	247.0	0.0
chr21	77	1	240.0	0.4166666666666667
chr21	78	1	234.0	0.4273504273504274
chr21	79	0	226.0	0.0
chr21	80	0	217.0	0.0
chr21	81	5	211.0	2.3696682464454977
chr21	82	0	208.0	0.0
chr21	83	0	202.0	0.0
chr21	84	1	193.0	0.5181347150259068
chr21	85	0	190.0	0.0
chr21	86	0	181.0	0.0
chr21	87	1	170.0	0.5882352941176471
chr21	88	0	164.0	0.0
chr21	89	0	157.0	0.0
chr21	90	1	153.0	0.6535947712418301
chr21	91	0	143.0	0.0
chr21	92	1	133.0	0.7518796992481203
chr21	93	0	124.0	0.0
chr21	94	0	117.0	0.0
chr21	95	1	110.0	0.9090909090909091
chr21	96	0	102.0	0.0
chr21	97	0	94.0	0.0
chr21	98	0	86.0	0.0
chr21	99	0	79.0	0.0
chr21	100	0	69.0	0.0
chr21	101	0	56.0	0.0
chr21	102	0	48.0	0.0
chr21	103	1	37.0	2.7027027027027026
chr21	104	0	30.0	0.0
chr21	105	0	26.0	0.0
chr21	106	0	19.0	0.0
chr21	107	0	12.0	0.0
chr21	108	0	6.0	0.0
chr21	109	0	0.0	nan
chr21	110	0	0.0	nan
chr21	111	0	0.0	nan
chr21	112	0	0.0	nan
chr21	113	0	0.0	nan
chr21	114	0	0.0	nan
chr21	115	0	0.0	nan
chr21	116	0	0.0	nan
chr21	117	0	0.0	nan
chr21	118	0	0.0	nan
chr21	119	0	0.0	nan
chr21	120	0	0.0	nan
chr22	-122	0	2.0	0.0
chr22	-121	0	2.0	0.0
chr22	-120	0	14.0	0.0
chr22	-119	0	24.0	0.0
chr22	-118	1	38.0	2.631578947368421
chr22	-117	0	48.0	0.0
chr22	-116	0	59.0	0.0
chr22	-115	1	68.0	1.4705882352941175
chr22	-114	0	83.0	0.0
chr22	-113	0	92.0	0.0
chr22	-112	0	100.0	0.0
chr22	-111	0	112.0	0.0
chr22	-110	0	130.0	0.0
chr22	-109	3	138.0	2.1739130434782608
chr22	-108	0	147.0	0.0
chr22	-107	0	157.0	0.0
chr22	-106	0	168.0	0.0
chr22	-105	0	177.0	0.0
chr22	-104	0	186.0	0.0
chr22	-103	1	202.0	0.49504950495049505
chr22	-102	2	213.0	0.9389671361502347
chr22	-101	0	225.0	0.0
chr22	-100	0	238.0	0.0
chr22	-99	0	248.0	0.0
chr22	-98	0	258.0	0.0
chr22	-97	0	274.0	0.0
chr22	-96	0	289.0	0.0
chr22	-95	1	300.0	0.33333333333333337
chr22	-94	0	328.0	0.0
chr22	-93	0	334.0	0.0
chr22	-92	0	351.0	0.0
chr22	-91	1	365.0	0.273972602739726
chr22	-90	0	378.0	0.0
chr22	-89	0	386.0	0.0
chr22	-88	0	391.0	0.0
chr22	-87	0	398.0	0.0
chr22	-86	0	409.0	0.0
chr22	-85	2	422.0	0.47393364928909953
chr22	-84	3	436.0	0.6880733944954129
chr22	-83	2	447.0	0.44742729306487694
chr22	-82	0	450.0	0.0
chr22	-81	1	465.0	0.21505376344086022
chr22	-80	2	475.0	0.42105263157894735
chr22	-79	1	491.0	0.20366598778004072
chr22	-78	2	505.0	0.39603960396039606
chr22	-77	1	518.0	0.19305019305019305
chr22	-76	1	536.0	0.18656716417910446
chr22	-75	1	550.0	0.18181818181818182
chr22	-74	0	563.0	0.0
chr22	-73	0	585.0	0.0
chr22	-72	0	595.0	0.0
chr22	-71	0	610.0	0.0
chr22	-70	1	617.0	0.1620745542949757
chr22	-69	3	625.0	0.48
chr22	-68	0	644.0	0.0
chr22	-67	0	655.0	0.0
chr22	-66	1	673.0	0.1485884101040119
chr22	-65	1	688.0	0.14534883720930233
chr22	-64	0	699.0	0.0
chr22	-63	12	718.0	1.6713091922005572
chr22	-62	0	738.0	0.0
chr22	-61	4	747.0	0.535475234270415
chr22	-60	2	758.0	0.2638522427440633
chr22	-59	1	763.0	0.1310615989515072
chr22	-58	2	786.0	0.2544529262086514
chr22	-57	1	794.0	0.12594458438287154
chr22	-56	0	806.0	0.0
chr22	-55	9	816.0	1.1029411764705883
chr22	-54	2	822.0	0.24330900243309003
chr22	-53	6	833.0	0.7202881152460985
chr22	-52	1	840.0	0.11904761904761905
chr22	-51	0	852.0	0.0
chr22	-50	3	863.0	0.34762456546929316
chr22	-49	2	874.0	0.2288329519450801
chr22	-48	3	886.0	0.33860045146726864
chr22	-47	0	900.0	0.0
chr22	-46	7	911.0	0.7683863885839737
chr22	-45	0	923.0	0.0
chr22	-44	0	930.0	0.0
chr22	-43	0	938.0	0.0
chr22	-42	0	953.0	0.0
chr22	-41	1	962.0	0.10395010395010396
chr22	-40	1	970.0	0.10309278350515465
chr22	-39	0	982.0	0.0
chr22	-38	2	995.0	0.20100502512562815
chr22	-37	1	1002.0	0.09980039920159679
chr22	-36	2	1016.0	0.19685039370078738
chr22	-35	6	1023.0	0.5865102639296188
chr22	-34	0	1035.0	0.0
chr22	-33	2	1045.0	0.19138755980861244
chr22	-32	0	1059.0	0.0
chr22	-31	1	1076.0	0.09293680297397769
chr22	-30	3	1090.0	0.27522935779816515
chr22	-29	4	1106.0	0.3616636528028933
chr22	-28	4	1112.0	0.3597122302158274
chr22	-27	1	1122.0	0.08912655971479501
chr22	-26	3	1132.0	0.26501766784452296
chr22	-25	1	1141.0	0.0876424189307625
chr22	-24	4	1156.0	0.34602076124567477
chr22	-23	2	1161.0	0.17226528854435832
chr22	-22	2	1170.0	0.17094017094017094
chr22	-21	0	1187.0	0.0
chr22	-20	1	1200.0	0.08333333333333334
chr22	-19	4	1215.0	0.3292181069958848
chr22	-18	0	1230.0	0.0
chr22	-17	2	1251.0	0.15987210231814547
chr22	-16	2	1270.0	0.15748031496062992
chr22	-15	1	1284.0	0.0778816199376947
chr22	-14	3	1292.0	0.23219814241486067
chr22	-13	1	1308.0	0.0764525993883792
chr22	-12	0	1328.0	0.0
chr22	-11	1	1341.0	0.07457121551081282
chr22	-10	2	1351.0	0.1480384900074019
chr22	-9	3	1351.0	0.22205773501110287
chr22	-8	13	1351.0	0.9622501850481125
chr22	-7	2	1350.0	0.14814814814814814
chr22	-6	1	1349.0	0.07412898443291327
chr22	-5	0	1349.0	0.0
chr22	-4	12	1344.0	0.8928571428571428
chr22	-3	1	1349.0	0.07412898443291327
chr22	-2	2	1349.0	0.14825796886582654
chr22	-1	18	1349.0	1.3343217197924389
chr22	0	11	1325.0	0.8301886792452831
chr22	1	3	1311.0	0.2288329519450801
chr22	2	2	1302.0	0.15360983102918588
chr22	3	15	1284.0	1.1682242990654206
chr22	4	3	1282.0	0.234009360374415
chr22	5	1	1267.0	0.07892659826361484
chr22	6	5	1258.0	0.39745627980922094
chr22	7	13	1250.0	1.04
chr22	8	1	1238.0	0.08077544426494346
chr22	9	3	1220.0	0.24590163934426232
chr22	10	0	1212.0	0.0
chr22	11	0	1203.0	0.0
chr22	12	6	1188.0	0.5050505050505051
chr22	13	2	1176.0	0.17006802721088435
chr22	14	0	1167.0	0.0
chr22	15	0	1158.0	0.0
chr22	16	3	1148.0	0.2613240418118467
chr22	17	2	1136.0	0.17605633802816903
chr22	18	3	1125.0	0.26666666666666666
chr22	19	0	1112.0	0.0
chr22	20	2	1102.0	0.18148820326678766
chr22	21	3	1088.0	0.2757352941176471
chr22	22	2	1072.0	0.18656716417910446
chr22	23	5	1061.0	0.47125353440150797
chr22	24	3	1050.0	0.2857142857142857
chr22	25	1	1022.0	0.09784735812133072
chr22	26	3	1016.0	0.2952755905511811
chr22	27	2	999.0	0.20020020020020018
chr22	28	3	985.0	0.3045685279187817
chr22	29	0	971.0	0.0
chr22	30	2	963.0	0.20768431983385255
chr22	31	2	958.0	0.20876826722338201
chr22	32	2	950.0	0.21052631578947367
chr22	33	6	940.0	0.6382978723404255
chr22	34	3	927.0	0.3236245954692557
chr22	35	0	912.0	0.0
chr22	36	2	898.0	0.22271714922048996
chr22	37	0	895.0	0.0
chr22	38	1	880.0	0.11363636363636363
chr22	39	1	870.0	0.11494252873563218
chr22	40	3	858.0	0.34965034965034963
chr22	41	1	844.0	0.11848341232227488
chr22	42	0	831.0	0.0
chr22	43	3	813.0	0.36900369003690037
chr22	44	1	799.0	0.1251564455569462
chr22	45	1	786.0	0.1272264631043257
chr22	46	3	764.0	0.3926701570680628
chr22	47	7	754.0	0.9283819628647214
chr22	48	2	739.0	0.2706359945872801
chr22	49	2	731.0	0.27359781121751026
chr22	50	1	724.0	0.13812154696132595
chr22	51	1	705.0	0.14184397163120568
chr22	52	5	693.0	0.7215007215007215
chr22	53	2	675.0	0.2962962962962963
chr22	54	14	660.0	2.1212121212121215
chr22	55	1	649.0	0.15408320493066258
chr22	56	3	631.0	0.4754358161648178
chr22	57	2	611.0	0.32733224222585927
chr22	58	7	602.0	1.1627906976744187
chr22	59	2	591.0	0.338409475465313
chr22	60	8	586.0	1.3651877133105803
chr22	61	0	565.0	0.0
chr22	62	11	556.0	1.9784172661870503
chr22	63	2	545.0	0.3669724770642202
chr22	64	9	535.0	1.6822429906542056
chr22	65	0	529.0	0.0
chr22	66	0	518.0	0.0
chr22	67	1	511.0	0.19569471624266144
chr22	68	0	499.0	0.0
chr22	69	0	488.0	0.0
chr22	70	0	477.0	0.0
chr22	71	1	465.0	0.21505376344086022
chr22	72	2	451.0	0.4434589800443459
chr22	73	0	439.0	0.0
chr22	74	1	428.0	0.23364485981308408
chr22	75	1	421.0	0.23752969121140144
chr22	76	1	413.0	0.24213075060532688
chr22	77	6	398.0	1.507537688442211
chr22	78	2	388.0	0.5154639175257731
chr22	79	3	380.0	0.7894736842105263
chr22	80	0	368.0	0.0
chr22	81	2	355.0	0.5633802816901409
chr22	82	1	348.0	0.28735632183908044
chr22	83	2	335.0	0.5970149253731344
chr22	84	1	328.0	0.3048780487804878
chr22	85	0	316.0	0.0
chr22	86	0	306.0	0.0
chr22	87	1	292.0	0.3424657534246575
chr22	88	2	274.0	0.7299270072992701
chr22	89	5	261.0	1.9157088122605364
chr22	90	0	245.0	0.0
chr22	91	0	239.0	0.0
chr22	92	1	229.0	0.43668122270742354
chr22	93	1	219.0	0.45662100456621
chr22	94	2	210.0	0.9523809523809524
chr22	95	0	195.0	0.0
chr22	96	0	184.0	0.0
chr22	97	0	175.0	0.0
chr22	98	0	163.0	0.0
chr22	99	0	150.0	0.0
chr22	100	2	136.0	1.4705882352941175
chr22	101	3	121.0	2.479338842975207
chr22	102	0	100.0	0.0
chr22	103	0	79.0	0.0
chr22	104	1	65.0	1.5384615384615385
chr22	105	0	56.0	0.0
chr22	106	0	40.0	0.0
chr22	107	0	23.0	0.0
chr22	108	0	10.0	0.0
chr22	109	0	0.0	nan
chr22	110	0	0.0	nan
chr22	111	0	0.0	nan
chr22	112	0	0.0	nan
chr22	113	0	0.0	nan
chr22	114	0	0.0	nan
chr22	115	0	0.0	nan
chr22	116	0	0.0	nan
chr22	117	0	0.0	nan
chr22	118	0	0.0	nan
chr22	119	0	0.0	nan
chr22	120	0	0.0	nan
chr22	121	0	0.0	nan
