chr1	-145	0	0.0	nan
chr1	-144	0	0.0	nan
chr1	-143	0	0.0	nan
chr1	-142	0	0.0	nan
chr1	-141	0	0.0	nan
chr1	-140	0	0.0	nan
chr1	-139	0	2.0	0.0
chr1	-138	0	2.0	0.0
chr1	-137	0	2.0	0.0
chr1	-136	0	2.0	0.0
chr1	-135	0	2.0	0.0
chr1	-134	0	2.0	0.0
chr1	-133	0	2.0	0.0
chr1	-132	0	2.0	0.0
chr1	-131	0	2.0	0.0
chr1	-130	0	2.0	0.0
chr1	-129	0	2.0	0.0
chr1	-128	0	3.0	0.0
chr1	-127	0	3.0	0.0
chr1	-126	1	4.0	25.0
chr1	-125	0	6.0	0.0
chr1	-124	0	13.0	0.0
chr1	-123	0	25.0	0.0
chr1	-122	0	38.0	0.0
chr1	-121	0	56.0	0.0
chr1	-120	0	80.0	0.0
chr1	-119	0	104.0	0.0
chr1	-118	0	136.0	0.0
chr1	-117	1	173.0	0.5780346820809248
chr1	-116	0	217.0	0.0
chr1	-115	0	272.0	0.0
chr1	-114	0	330.0	0.0
chr1	-113	0	412.0	0.0
chr1	-112	0	500.0	0.0
chr1	-111	2	606.0	0.33003300330033003
chr1	-110	3	724.0	0.4143646408839779
chr1	-109	0	845.0	0.0
chr1	-108	1	974.0	0.10266940451745381
chr1	-107	2	1112.0	0.1798561151079137
chr1	-106	0	1250.0	0.0
chr1	-105	7	1397.0	0.5010737294201861
chr1	-104	2	1573.0	0.12714558169103624
chr1	-103	4	1733.0	0.2308136180034622
chr1	-102	2	1914.0	0.10449320794148381
chr1	-101	5	2079.0	0.24050024050024052
chr1	-100	2	2256.0	0.08865248226950355
chr1	-99	7	2445.0	0.28629856850715746
chr1	-98	2	2645.0	0.07561436672967864
chr1	-97	8	2851.0	0.28060329708874077
chr1	-96	5	3076.0	0.1625487646293888
chr1	-95	4	3291.0	0.12154360376785171
chr1	-94	3	3506.0	0.08556759840273817
chr1	-93	5	3703.0	0.13502565487442614
chr1	-92	19	3956.0	0.4802831142568251
chr1	-91	12	4187.0	0.2866013852400287
chr1	-90	16	4440.0	0.36036036036036034
chr1	-89	7	4679.0	0.14960461637101946
chr1	-88	5	4907.0	0.10189525168127166
chr1	-87	16	5148.0	0.3108003108003108
chr1	-86	14	5431.0	0.2577794144724728
chr1	-85	13	5655.0	0.22988505747126436
chr1	-84	9	5903.0	0.15246484838217855
chr1	-83	16	6130.0	0.26101141924959215
chr1	-82	18	6408.0	0.2808988764044944
chr1	-81	16	6657.0	0.24034850533273247
chr1	-80	24	6906.0	0.3475238922675934
chr1	-79	30	7132.0	0.4206393718452047
chr1	-78	14	7380.0	0.1897018970189702
chr1	-77	21	7622.0	0.27551823668328523
chr1	-76	25	7859.0	0.3181066293421555
chr1	-75	23	8101.0	0.2839155659795087
chr1	-74	22	8337.0	0.2638838910879213
chr1	-73	34	8589.0	0.39585516358132494
chr1	-72	26	8818.0	0.2948514402358811
chr1	-71	19	9061.0	0.20968987970422692
chr1	-70	20	9278.0	0.21556369907307613
chr1	-69	19	9521.0	0.19955886986661067
chr1	-68	30	9733.0	0.3082297338949964
chr1	-67	14	9979.0	0.14029461869926846
chr1	-66	25	10194.0	0.2452422993917991
chr1	-65	38	10474.0	0.36280313156387245
chr1	-64	30	10709.0	0.28013820151274627
chr1	-63	24	10954.0	0.21909804637575314
chr1	-62	30	11188.0	0.2681444404719342
chr1	-61	29	11458.0	0.25309827194972945
chr1	-60	34	11726.0	0.28995394849053385
chr1	-59	38	11965.0	0.31759297952361054
chr1	-58	48	12176.0	0.39421813403416556
chr1	-57	54	12417.0	0.4348876540227108
chr1	-56	53	12670.0	0.4183109707971587
chr1	-55	40	12911.0	0.30981333746417783
chr1	-54	41	13142.0	0.3119768680566124
chr1	-53	30	13369.0	0.22439973072032313
chr1	-52	34	13596.0	0.25007355104442486
chr1	-51	31	13844.0	0.22392372146778386
chr1	-50	35	14087.0	0.24845602328387875
chr1	-49	49	14338.0	0.34174919793555586
chr1	-48	51	14572.0	0.34998627504803737
chr1	-47	42	14839.0	0.28303794056203246
chr1	-46	59	15073.0	0.39142838187487566
chr1	-45	42	15297.0	0.2745636399293979
chr1	-44	75	15551.0	0.4822840974856923
chr1	-43	51	15819.0	0.3223971173904798
chr1	-42	50	16081.0	0.3109259374417014
chr1	-41	75	16332.0	0.4592211609110948
chr1	-40	56	16570.0	0.33796016898008446
chr1	-39	48	16793.0	0.2858333829571845
chr1	-38	64	17062.0	0.3751025671081936
chr1	-37	70	17328.0	0.4039704524469067
chr1	-36	73	17597.0	0.41484343922259476
chr1	-35	73	17850.0	0.40896358543417366
chr1	-34	81	18123.0	0.4469458698890912
chr1	-33	70	18335.0	0.3817834742296155
chr1	-32	64	18538.0	0.34523681087495955
chr1	-31	87	18788.0	0.4630615286352991
chr1	-30	66	19054.0	0.34638396137294003
chr1	-29	49	19310.0	0.25375453133091663
chr1	-28	68	19571.0	0.34745286393132696
chr1	-27	79	19787.0	0.39925203416384497
chr1	-26	87	20043.0	0.43406675647358184
chr1	-25	80	20276.0	0.39455513908068657
chr1	-24	61	20517.0	0.2973144221864795
chr1	-23	68	20757.0	0.32760032760032765
chr1	-22	69	20977.0	0.32893168708585596
chr1	-21	82	21228.0	0.3862822687017147
chr1	-20	77	21456.0	0.35887397464578674
chr1	-19	88	21722.0	0.4051192339563576
chr1	-18	95	21940.0	0.4329990884229718
chr1	-17	81	22167.0	0.3654080389768575
chr1	-16	86	22416.0	0.3836545324768023
chr1	-15	95	22663.0	0.41918545647089966
chr1	-14	76	22889.0	0.3320372231202761
chr1	-13	80	23122.0	0.3459908312429721
chr1	-12	81	23337.0	0.34708831469340534
chr1	-11	95	23564.0	0.4031573586827364
chr1	-10	89	23795.0	0.3740281571758773
chr1	-9	88	23787.0	0.36994997267414975
chr1	-8	95	23791.0	0.3993106636963558
chr1	-7	89	23792.0	0.37407531943510425
chr1	-6	94	23795.0	0.39504097499474683
chr1	-5	85	23793.0	0.35724793006346406
chr1	-4	112	23791.0	0.4707662561472826
chr1	-3	92	23797.0	0.3866033533638694
chr1	-2	108	23797.0	0.45383871916628143
chr1	-1	121	23797.0	0.5084674538807412
chr1	0	341	23159.0	1.4724297249449458
chr1	1	186	22929.0	0.8111997906581186
chr1	2	146	22726.0	0.6424359764146792
chr1	3	176	22480.0	0.7829181494661922
chr1	4	150	22237.0	0.6745514233035032
chr1	5	167	22021.0	0.7583670133054811
chr1	6	176	21765.0	0.8086377211118769
chr1	7	142	21541.0	0.6592080219117032
chr1	8	158	21269.0	0.7428652028774272
chr1	9	134	21007.0	0.6378826105583854
chr1	10	167	20750.0	0.8048192771084338
chr1	11	141	20544.0	0.6863317757009346
chr1	12	114	20298.0	0.5616316878510198
chr1	13	126	20042.0	0.6286797724777966
chr1	14	147	19784.0	0.7430246663970885
chr1	15	140	19553.0	0.7160026594384494
chr1	16	136	19293.0	0.7049188824962421
chr1	17	127	19062.0	0.6662469835274367
chr1	18	106	18822.0	0.563170757624057
chr1	19	136	18572.0	0.7322851604566014
chr1	20	123	18334.0	0.6708846951019962
chr1	21	121	18123.0	0.6676598797108646
chr1	22	138	17874.0	0.7720711648204095
chr1	23	110	17630.0	0.6239364719228588
chr1	24	106	17386.0	0.6096859542160359
chr1	25	132	17143.0	0.7699935833868051
chr1	26	127	16891.0	0.7518796992481203
chr1	27	117	16636.0	0.7032940610723731
chr1	28	131	16378.0	0.7998534619611675
chr1	29	103	16124.0	0.6387993053832796
chr1	30	107	15874.0	0.6740582083910798
chr1	31	94	15625.0	0.6015999999999999
chr1	32	114	15366.0	0.741897696212417
chr1	33	126	15120.0	0.8333333333333334
chr1	34	107	14885.0	0.7188444743029896
chr1	35	109	14667.0	0.7431649280698166
chr1	36	136	14434.0	0.9422197589025911
chr1	37	107	14197.0	0.7536803550045784
chr1	38	104	13931.0	0.7465365013279736
chr1	39	97	13689.0	0.7085981444955803
chr1	40	120	13454.0	0.8919280511372083
chr1	41	85	13242.0	0.6418969944117203
chr1	42	82	12985.0	0.6314978821717365
chr1	43	101	12734.0	0.7931521909847652
chr1	44	81	12480.0	0.6490384615384616
chr1	45	94	12280.0	0.7654723127035831
chr1	46	106	12037.0	0.8806180942095206
chr1	47	91	11782.0	0.772364624002716
chr1	48	86	11548.0	0.744717700034638
chr1	49	85	11293.0	0.7526786504914549
chr1	50	75	11054.0	0.6784874253663832
chr1	51	76	10821.0	0.7023380463912763
chr1	52	63	10579.0	0.5955194252764912
chr1	53	75	10328.0	0.7261812548412083
chr1	54	64	10103.0	0.6334752053845393
chr1	55	72	9898.0	0.7274196807435845
chr1	56	72	9667.0	0.744801903382642
chr1	57	86	9435.0	0.9114997350291467
chr1	58	73	9186.0	0.7946875680383192
chr1	59	87	8942.0	0.9729367031983895
chr1	60	52	8722.0	0.5961935335932126
chr1	61	55	8479.0	0.6486613987498526
chr1	62	61	8215.0	0.7425441265976871
chr1	63	65	7965.0	0.8160703075957313
chr1	64	63	7719.0	0.8161678973960357
chr1	65	67	7464.0	0.897642015005359
chr1	66	43	7220.0	0.5955678670360111
chr1	67	60	6987.0	0.8587376556462001
chr1	68	45	6735.0	0.6681514476614699
chr1	69	51	6515.0	0.782808902532617
chr1	70	42	6265.0	0.6703910614525139
chr1	71	46	6036.0	0.7620941020543406
chr1	72	46	5799.0	0.7932402138299707
chr1	73	46	5533.0	0.8313753840592807
chr1	74	43	5294.0	0.8122402720060447
chr1	75	35	5068.0	0.6906077348066298
chr1	76	37	4811.0	0.7690708792350863
chr1	77	38	4539.0	0.8371888081075127
chr1	78	30	4309.0	0.6962172197725691
chr1	79	42	4063.0	1.0337189269013045
chr1	80	18	3828.0	0.4702194357366771
chr1	81	25	3609.0	0.6927126627874758
chr1	82	34	3416.0	0.9953161592505856
chr1	83	28	3189.0	0.8780181875195987
chr1	84	31	2968.0	1.0444743935309972
chr1	85	28	2755.0	1.0163339382940109
chr1	86	15	2551.0	0.5880047040376323
chr1	87	22	2352.0	0.935374149659864
chr1	88	26	2172.0	1.1970534069981584
chr1	89	13	1968.0	0.660569105691057
chr1	90	13	1796.0	0.7238307349665924
chr1	91	13	1623.0	0.8009858287122612
chr1	92	15	1449.0	1.0351966873706004
chr1	93	10	1296.0	0.7716049382716049
chr1	94	10	1167.0	0.8568980291345331
chr1	95	5	1020.0	0.49019607843137253
chr1	96	7	906.0	0.772626931567329
chr1	97	7	792.0	0.8838383838383838
chr1	98	6	678.0	0.8849557522123894
chr1	99	5	558.0	0.8960573476702508
chr1	100	4	475.0	0.8421052631578947
chr1	101	2	382.0	0.5235602094240838
chr1	102	1	309.0	0.3236245954692557
chr1	103	5	257.0	1.9455252918287937
chr1	104	2	211.0	0.9478672985781991
chr1	105	4	168.0	2.380952380952381
chr1	106	0	130.0	0.0
chr1	107	0	99.0	0.0
chr1	108	1	78.0	1.282051282051282
chr1	109	0	58.0	0.0
chr1	110	0	40.0	0.0
chr1	111	0	27.0	0.0
chr1	112	0	14.0	0.0
chr1	113	0	4.0	0.0
chr1	114	0	0.0	nan
chr1	115	0	0.0	nan
chr1	116	0	0.0	nan
chr1	117	0	0.0	nan
chr1	118	0	0.0	nan
chr1	119	0	0.0	nan
chr1	120	0	0.0	nan
chr1	121	0	0.0	nan
chr1	122	0	0.0	nan
chr1	123	0	0.0	nan
chr1	124	0	0.0	nan
chr1	125	0	0.0	nan
chr2	-138	0	1.0	0.0
chr2	-137	0	1.0	0.0
chr2	-136	0	1.0	0.0
chr2	-135	0	1.0	0.0
chr2	-134	0	1.0	0.0
chr2	-133	0	1.0	0.0
chr2	-132	0	1.0	0.0
chr2	-131	0	1.0	0.0
chr2	-130	0	1.0	0.0
chr2	-129	0	1.0	0.0
chr2	-128	0	1.0	0.0
chr2	-127	0	1.0	0.0
chr2	-126	0	1.0	0.0
chr2	-125	0	3.0	0.0
chr2	-124	0	10.0	0.0
chr2	-123	0	24.0	0.0
chr2	-122	0	37.0	0.0
chr2	-121	0	50.0	0.0
chr2	-120	0	63.0	0.0
chr2	-119	0	87.0	0.0
chr2	-118	0	107.0	0.0
chr2	-117	0	132.0	0.0
chr2	-116	0	168.0	0.0
chr2	-115	0	199.0	0.0
chr2	-114	0	243.0	0.0
chr2	-113	0	284.0	0.0
chr2	-112	0	340.0	0.0
chr2	-111	1	405.0	0.24691358024691357
chr2	-110	2	459.0	0.4357298474945534
chr2	-109	0	512.0	0.0
chr2	-108	0	584.0	0.0
chr2	-107	2	660.0	0.30303030303030304
chr2	-106	1	726.0	0.13774104683195593
chr2	-105	1	795.0	0.12578616352201258
chr2	-104	3	871.0	0.3444316877152698
chr2	-103	2	964.0	0.2074688796680498
chr2	-102	1	1059.0	0.09442870632672333
chr2	-101	5	1150.0	0.43478260869565216
chr2	-100	5	1245.0	0.4016064257028112
chr2	-99	2	1338.0	0.14947683109118087
chr2	-98	1	1448.0	0.06906077348066297
chr2	-97	2	1550.0	0.12903225806451613
chr2	-96	4	1663.0	0.24052916416115455
chr2	-95	7	1770.0	0.39548022598870053
chr2	-94	3	1878.0	0.1597444089456869
chr2	-93	3	1985.0	0.15113350125944583
chr2	-92	3	2089.0	0.14360938247965532
chr2	-91	6	2189.0	0.27409776153494747
chr2	-90	6	2314.0	0.25929127052722556
chr2	-89	8	2452.0	0.3262642740619902
chr2	-88	2	2558.0	0.07818608287724785
chr2	-87	5	2691.0	0.18580453363062058
chr2	-86	5	2793.0	0.17901897601145722
chr2	-85	7	2916.0	0.24005486968449932
chr2	-84	9	3062.0	0.2939255388634879
chr2	-83	7	3190.0	0.219435736677116
chr2	-82	4	3318.0	0.12055455093429776
chr2	-81	11	3444.0	0.3193960511033682
chr2	-80	12	3585.0	0.33472803347280333
chr2	-79	20	3714.0	0.5385029617662896
chr2	-78	5	3853.0	0.12976901116013498
chr2	-77	7	3972.0	0.17623363544813697
chr2	-76	5	4087.0	0.12233912405187179
chr2	-75	8	4219.0	0.18961839298411945
chr2	-74	7	4330.0	0.16166281755196305
chr2	-73	8	4464.0	0.17921146953405018
chr2	-72	3	4589.0	0.06537371976465461
chr2	-71	6	4699.0	0.1276867418599702
chr2	-70	14	4821.0	0.2903961833644472
chr2	-69	6	4930.0	0.12170385395537525
chr2	-68	13	5067.0	0.25656206828498124
chr2	-67	23	5198.0	0.4424778761061947
chr2	-66	14	5306.0	0.2638522427440633
chr2	-65	16	5413.0	0.2955847034915943
chr2	-64	27	5535.0	0.4878048780487805
chr2	-63	23	5663.0	0.4061451527458944
chr2	-62	8	5792.0	0.13812154696132595
chr2	-61	25	5913.0	0.42279722645019446
chr2	-60	32	6023.0	0.5312966959986718
chr2	-59	13	6142.0	0.2116574405731032
chr2	-58	19	6251.0	0.303951367781155
chr2	-57	7	6367.0	0.10994188785927439
chr2	-56	12	6487.0	0.1849853553260367
chr2	-55	14	6608.0	0.211864406779661
chr2	-54	24	6716.0	0.357355568790947
chr2	-53	21	6833.0	0.30733206497877946
chr2	-52	7	6960.0	0.10057471264367816
chr2	-51	20	7074.0	0.28272547356516825
chr2	-50	12	7199.0	0.166689818030282
chr2	-49	22	7302.0	0.30128731854286495
chr2	-48	18	7398.0	0.24330900243309003
chr2	-47	27	7518.0	0.3591380686352753
chr2	-46	37	7625.0	0.4852459016393443
chr2	-45	22	7755.0	0.28368794326241137
chr2	-44	26	7880.0	0.3299492385786802
chr2	-43	13	7996.0	0.16258129064532267
chr2	-42	16	8146.0	0.1964154186103609
chr2	-41	23	8276.0	0.27791203479942
chr2	-40	24	8396.0	0.28585040495474034
chr2	-39	20	8507.0	0.23510050546608677
chr2	-38	13	8628.0	0.15067222994900326
chr2	-37	15	8734.0	0.1717426150675521
chr2	-36	54	8841.0	0.6107906345436036
chr2	-35	20	8954.0	0.2233638597274961
chr2	-34	25	9063.0	0.27584684982897495
chr2	-33	35	9192.0	0.3807658833768494
chr2	-32	28	9306.0	0.3008811519449818
chr2	-31	20	9427.0	0.21215657154980377
chr2	-30	35	9539.0	0.36691477094035013
chr2	-29	24	9648.0	0.24875621890547264
chr2	-28	24	9757.0	0.24597724710464283
chr2	-27	13	9884.0	0.13152569809793604
chr2	-26	29	9988.0	0.29034841810172207
chr2	-25	39	10101.0	0.3861003861003861
chr2	-24	42	10198.0	0.4118454598940969
chr2	-23	18	10301.0	0.17474031647412872
chr2	-22	24	10422.0	0.2302820955670697
chr2	-21	27	10563.0	0.2556092019312695
chr2	-20	19	10657.0	0.17828657220606176
chr2	-19	34	10790.0	0.31510658016682114
chr2	-18	29	10888.0	0.26634827332843497
chr2	-17	27	11025.0	0.24489795918367346
chr2	-16	40	11133.0	0.35929219437707716
chr2	-15	31	11242.0	0.2757516456146593
chr2	-14	34	11352.0	0.29950669485553205
chr2	-13	21	11459.0	0.1832620647525962
chr2	-12	26	11553.0	0.22504977062234918
chr2	-11	40	11683.0	0.34237781391765815
chr2	-10	34	11798.0	0.2881844380403458
chr2	-9	38	11803.0	0.32195204608997713
chr2	-8	46	11803.0	0.38973142421418283
chr2	-7	45	11805.0	0.3811944091486658
chr2	-6	21	11806.0	0.17787565644587497
chr2	-5	31	11806.0	0.26257834999152974
chr2	-4	53	11801.0	0.4491144818235743
chr2	-3	25	11801.0	0.21184645369036523
chr2	-2	43	11803.0	0.3643141574176057
chr2	-1	64	11801.0	0.542326921447335
chr2	0	198	11443.0	1.7303154767106528
chr2	1	75	11328.0	0.6620762711864406
chr2	2	79	11205.0	0.7050423917893798
chr2	3	74	11096.0	0.6669069935111751
chr2	4	81	10975.0	0.7380410022779043
chr2	5	62	10859.0	0.5709549682291186
chr2	6	78	10770.0	0.724233983286908
chr2	7	69	10650.0	0.647887323943662
chr2	8	87	10515.0	0.8273894436519259
chr2	9	46	10395.0	0.4425204425204425
chr2	10	70	10281.0	0.6808676198813345
chr2	11	53	10157.0	0.5218076203603426
chr2	12	70	10045.0	0.6968641114982579
chr2	13	64	9923.0	0.6449662400483724
chr2	14	60	9807.0	0.611807892321811
chr2	15	55	9683.0	0.5680057833316121
chr2	16	59	9561.0	0.6170902625248404
chr2	17	53	9447.0	0.5610246639144701
chr2	18	48	9317.0	0.5151872920467961
chr2	19	41	9189.0	0.44618565676352157
chr2	20	55	9083.0	0.6055268083232412
chr2	21	61	8972.0	0.6798930004458315
chr2	22	48	8846.0	0.5426181324892607
chr2	23	51	8718.0	0.5849965588437714
chr2	24	51	8590.0	0.5937136204889406
chr2	25	53	8450.0	0.6272189349112426
chr2	26	38	8319.0	0.45678567135473014
chr2	27	60	8196.0	0.7320644216691069
chr2	28	68	8086.0	0.8409596834034133
chr2	29	39	7961.0	0.48988820499937197
chr2	30	61	7821.0	0.7799514128628053
chr2	31	31	7720.0	0.4015544041450777
chr2	32	56	7589.0	0.7379101330873633
chr2	33	42	7471.0	0.5621737384553608
chr2	34	51	7316.0	0.6971022416621104
chr2	35	56	7210.0	0.7766990291262136
chr2	36	51	7093.0	0.7190187508811504
chr2	37	25	6967.0	0.3588345055260514
chr2	38	51	6833.0	0.7463778720913216
chr2	39	52	6716.0	0.7742703990470519
chr2	40	48	6607.0	0.7265021946420462
chr2	41	37	6512.0	0.5681818181818182
chr2	42	47	6385.0	0.7361002349256068
chr2	43	41	6278.0	0.6530742274609748
chr2	44	49	6148.0	0.797007156798959
chr2	45	58	6026.0	0.9624958513109858
chr2	46	42	5894.0	0.7125890736342043
chr2	47	37	5781.0	0.6400276768725134
chr2	48	33	5664.0	0.5826271186440678
chr2	49	42	5538.0	0.7583965330444203
chr2	50	43	5424.0	0.7927728613569323
chr2	51	24	5297.0	0.4530866528223523
chr2	52	41	5173.0	0.7925768412913203
chr2	53	40	5075.0	0.7881773399014778
chr2	54	41	4942.0	0.8296236341562121
chr2	55	31	4822.0	0.6428867689755288
chr2	56	28	4716.0	0.5937234944868532
chr2	57	39	4614.0	0.8452535760728219
chr2	58	29	4516.0	0.6421612046058458
chr2	59	37	4381.0	0.8445560374343757
chr2	60	30	4242.0	0.7072135785007072
chr2	61	21	4138.0	0.5074915418076366
chr2	62	27	4016.0	0.6723107569721115
chr2	63	38	3899.0	0.9746088740702744
chr2	64	33	3788.0	0.8711721224920803
chr2	65	20	3672.0	0.5446623093681917
chr2	66	26	3548.0	0.7328072153325818
chr2	67	28	3433.0	0.8156131663268279
chr2	68	22	3328.0	0.6610576923076923
chr2	69	19	3236.0	0.5871446229913474
chr2	70	17	3133.0	0.5426109160548994
chr2	71	15	3030.0	0.49504950495049505
chr2	72	25	2929.0	0.8535336292249914
chr2	73	17	2811.0	0.6047669868374245
chr2	74	13	2705.0	0.4805914972273568
chr2	75	18	2597.0	0.693107431651906
chr2	76	12	2491.0	0.4817342432757929
chr2	77	11	2380.0	0.46218487394957986
chr2	78	16	2255.0	0.7095343680709534
chr2	79	12	2127.0	0.5641748942172073
chr2	80	14	2027.0	0.6906758756783424
chr2	81	12	1927.0	0.6227296315516346
chr2	82	20	1825.0	1.095890410958904
chr2	83	24	1705.0	1.4076246334310851
chr2	84	10	1610.0	0.6211180124223602
chr2	85	20	1517.0	1.3183915622940012
chr2	86	22	1386.0	1.5873015873015872
chr2	87	6	1271.0	0.47206923682140045
chr2	88	8	1168.0	0.684931506849315
chr2	89	5	1072.0	0.46641791044776115
chr2	90	7	974.0	0.7186858316221766
chr2	91	4	885.0	0.4519774011299435
chr2	92	8	812.0	0.9852216748768473
chr2	93	6	735.0	0.8163265306122449
chr2	94	4	645.0	0.6201550387596899
chr2	95	10	574.0	1.7421602787456445
chr2	96	3	513.0	0.5847953216374269
chr2	97	3	459.0	0.6535947712418301
chr2	98	1	383.0	0.26109660574412535
chr2	99	1	332.0	0.30120481927710846
chr2	100	2	284.0	0.7042253521126761
chr2	101	2	239.0	0.8368200836820083
chr2	102	1	195.0	0.5128205128205128
chr2	103	0	159.0	0.0
chr2	104	1	132.0	0.7575757575757576
chr2	105	1	103.0	0.9708737864077669
chr2	106	4	85.0	4.705882352941177
chr2	107	0	70.0	0.0
chr2	108	1	55.0	1.8181818181818181
chr2	109	0	40.0	0.0
chr2	110	0	27.0	0.0
chr2	111	0	16.0	0.0
chr2	112	0	9.0	0.0
chr2	113	0	0.0	nan
chr2	114	0	0.0	nan
chr2	115	0	0.0	nan
chr2	116	0	0.0	nan
chr2	117	0	0.0	nan
chr2	118	0	0.0	nan
chr2	119	0	0.0	nan
chr2	120	0	0.0	nan
chr2	121	0	0.0	nan
chr2	122	0	0.0	nan
chr2	123	0	0.0	nan
chr2	124	0	0.0	nan
chr2	125	0	0.0	nan
chr2	126	0	0.0	nan
chr3	-127	0	1.0	0.0
chr3	-126	0	1.0	0.0
chr3	-125	0	3.0	0.0
chr3	-124	0	4.0	0.0
chr3	-123	0	8.0	0.0
chr3	-122	0	10.0	0.0
chr3	-121	0	15.0	0.0
chr3	-120	0	22.0	0.0
chr3	-119	0	33.0	0.0
chr3	-118	0	40.0	0.0
chr3	-117	0	53.0	0.0
chr3	-116	0	60.0	0.0
chr3	-115	0	68.0	0.0
chr3	-114	0	85.0	0.0
chr3	-113	0	102.0	0.0
chr3	-112	0	118.0	0.0
chr3	-111	0	138.0	0.0
chr3	-110	2	162.0	1.2345679012345678
chr3	-109	0	194.0	0.0
chr3	-108	0	216.0	0.0
chr3	-107	1	243.0	0.411522633744856
chr3	-106	1	273.0	0.3663003663003663
chr3	-105	0	305.0	0.0
chr3	-104	0	334.0	0.0
chr3	-103	0	376.0	0.0
chr3	-102	1	413.0	0.24213075060532688
chr3	-101	0	454.0	0.0
chr3	-100	0	495.0	0.0
chr3	-99	0	535.0	0.0
chr3	-98	2	578.0	0.34602076124567477
chr3	-97	2	617.0	0.3241491085899514
chr3	-96	3	665.0	0.4511278195488722
chr3	-95	0	716.0	0.0
chr3	-94	2	759.0	0.2635046113306983
chr3	-93	1	794.0	0.12594458438287154
chr3	-92	1	847.0	0.11806375442739078
chr3	-91	1	892.0	0.11210762331838565
chr3	-90	4	955.0	0.41884816753926707
chr3	-89	1	1011.0	0.09891196834817012
chr3	-88	2	1076.0	0.18587360594795538
chr3	-87	7	1121.0	0.6244424620874219
chr3	-86	0	1161.0	0.0
chr3	-85	5	1205.0	0.4149377593360996
chr3	-84	2	1248.0	0.16025641025641024
chr3	-83	4	1300.0	0.3076923076923077
chr3	-82	1	1348.0	0.0741839762611276
chr3	-81	6	1416.0	0.423728813559322
chr3	-80	2	1467.0	0.136332651670075
chr3	-79	1	1510.0	0.06622516556291391
chr3	-78	11	1574.0	0.6988564167725541
chr3	-77	1	1613.0	0.06199628022318661
chr3	-76	2	1667.0	0.11997600479904018
chr3	-75	4	1708.0	0.234192037470726
chr3	-74	2	1744.0	0.11467889908256881
chr3	-73	2	1795.0	0.11142061281337048
chr3	-72	4	1836.0	0.2178649237472767
chr3	-71	6	1888.0	0.31779661016949157
chr3	-70	2	1937.0	0.10325245224574084
chr3	-69	8	1975.0	0.40506329113924056
chr3	-68	2	2018.0	0.09910802775024777
chr3	-67	10	2072.0	0.4826254826254826
chr3	-66	4	2118.0	0.18885741265344666
chr3	-65	2	2163.0	0.09246417013407304
chr3	-64	7	2202.0	0.31789282470481384
chr3	-63	7	2261.0	0.30959752321981426
chr3	-62	5	2306.0	0.21682567215958368
chr3	-61	1	2348.0	0.04258943781942078
chr3	-60	16	2396.0	0.667779632721202
chr3	-59	3	2451.0	0.12239902080783352
chr3	-58	10	2503.0	0.3995205753096284
chr3	-57	12	2556.0	0.4694835680751174
chr3	-56	10	2610.0	0.38314176245210724
chr3	-55	5	2644.0	0.18910741301059003
chr3	-54	14	2693.0	0.5198663200891199
chr3	-53	6	2744.0	0.21865889212827988
chr3	-52	4	2794.0	0.14316392269148173
chr3	-51	6	2833.0	0.2117896223085069
chr3	-50	2	2875.0	0.06956521739130435
chr3	-49	6	2916.0	0.205761316872428
chr3	-48	8	2959.0	0.27036160865157144
chr3	-47	9	3008.0	0.2992021276595745
chr3	-46	7	3063.0	0.22853411687887693
chr3	-45	3	3091.0	0.09705596894208994
chr3	-44	9	3131.0	0.28744809964867457
chr3	-43	12	3172.0	0.37831021437578816
chr3	-42	5	3216.0	0.1554726368159204
chr3	-41	8	3265.0	0.2450229709035222
chr3	-40	7	3311.0	0.21141649048625794
chr3	-39	4	3347.0	0.11951000896325066
chr3	-38	8	3396.0	0.23557126030624262
chr3	-37	11	3444.0	0.3193960511033682
chr3	-36	18	3497.0	0.5147269087789533
chr3	-35	17	3541.0	0.48009036995199095
chr3	-34	13	3598.0	0.3613118399110617
chr3	-33	6	3645.0	0.1646090534979424
chr3	-32	4	3693.0	0.1083130246412131
chr3	-31	10	3746.0	0.2669514148424987
chr3	-30	7	3787.0	0.18484288354898337
chr3	-29	13	3838.0	0.33871808233454925
chr3	-28	13	3895.0	0.3337612323491656
chr3	-27	12	3953.0	0.30356691120667845
chr3	-26	4	4005.0	0.09987515605493133
chr3	-25	13	4057.0	0.32043381809218635
chr3	-24	10	4100.0	0.24390243902439024
chr3	-23	10	4154.0	0.2407318247472316
chr3	-22	8	4198.0	0.19056693663649357
chr3	-21	21	4244.0	0.4948162111215834
chr3	-20	16	4288.0	0.3731343283582089
chr3	-19	9	4343.0	0.20723002532811421
chr3	-18	28	4390.0	0.6378132118451025
chr3	-17	15	4445.0	0.3374578177727784
chr3	-16	11	4500.0	0.24444444444444444
chr3	-15	13	4549.0	0.2857770938667839
chr3	-14	7	4592.0	0.1524390243902439
chr3	-13	21	4629.0	0.45366169799092676
chr3	-12	10	4666.0	0.21431633090441493
chr3	-11	13	4712.0	0.2758913412563667
chr3	-10	17	4745.0	0.3582718651211802
chr3	-9	17	4746.0	0.3581963758954909
chr3	-8	13	4746.0	0.2739148756847872
chr3	-7	9	4745.0	0.18967334035827188
chr3	-6	29	4744.0	0.6112984822934233
chr3	-5	9	4748.0	0.18955349620893008
chr3	-4	23	4743.0	0.4849251528568416
chr3	-3	17	4746.0	0.3581963758954909
chr3	-2	28	4747.0	0.5898462186644196
chr3	-1	42	4747.0	0.8847693279966296
chr3	0	85	4600.0	1.8478260869565217
chr3	1	40	4546.0	0.8798944126704795
chr3	2	45	4496.0	1.0008896797153026
chr3	3	30	4449.0	0.6743088334457181
chr3	4	30	4413.0	0.6798096532970768
chr3	5	29	4363.0	0.6646802658721063
chr3	6	30	4322.0	0.6941230911614993
chr3	7	23	4270.0	0.5386416861826698
chr3	8	26	4224.0	0.615530303030303
chr3	9	42	4180.0	1.0047846889952152
chr3	10	38	4124.0	0.921435499515034
chr3	11	26	4086.0	0.6363191385217817
chr3	12	46	4032.0	1.1408730158730158
chr3	13	21	3970.0	0.5289672544080605
chr3	14	24	3925.0	0.6114649681528662
chr3	15	25	3875.0	0.6451612903225806
chr3	16	20	3816.0	0.5241090146750524
chr3	17	38	3767.0	1.008760286700292
chr3	18	23	3718.0	0.6186121570736955
chr3	19	22	3655.0	0.6019151846785226
chr3	20	32	3615.0	0.8852005532503457
chr3	21	12	3554.0	0.3376477208778841
chr3	22	17	3506.0	0.48488305761551626
chr3	23	20	3472.0	0.5760368663594471
chr3	24	13	3431.0	0.3788982803847275
chr3	25	17	3376.0	0.5035545023696683
chr3	26	22	3317.0	0.6632499246306903
chr3	27	20	3271.0	0.6114338122898196
chr3	28	20	3229.0	0.6193868070610096
chr3	29	24	3183.0	0.7540056550424128
chr3	30	18	3131.0	0.5748961992973491
chr3	31	24	3077.0	0.7799805004874878
chr3	32	17	3032.0	0.5606860158311345
chr3	33	15	2989.0	0.5018400802944128
chr3	34	31	2941.0	1.0540632437946278
chr3	35	23	2897.0	0.7939247497411116
chr3	36	16	2856.0	0.5602240896358543
chr3	37	12	2825.0	0.42477876106194695
chr3	38	18	2781.0	0.6472491909385114
chr3	39	24	2732.0	0.8784773060029283
chr3	40	17	2674.0	0.6357516828721017
chr3	41	12	2621.0	0.45784051888592137
chr3	42	27	2584.0	1.044891640866873
chr3	43	17	2534.0	0.6708760852407262
chr3	44	19	2495.0	0.7615230460921844
chr3	45	19	2448.0	0.7761437908496732
chr3	46	15	2395.0	0.6263048016701461
chr3	47	15	2355.0	0.6369426751592357
chr3	48	13	2311.0	0.5625270445694505
chr3	49	18	2256.0	0.7978723404255319
chr3	50	11	2203.0	0.49931911030413073
chr3	51	8	2145.0	0.372960372960373
chr3	52	16	2095.0	0.7637231503579952
chr3	53	12	2047.0	0.5862237420615535
chr3	54	13	2003.0	0.6490264603095357
chr3	55	12	1961.0	0.6119326874043856
chr3	56	16	1925.0	0.8311688311688312
chr3	57	20	1885.0	1.0610079575596816
chr3	58	12	1838.0	0.6528835690968444
chr3	59	13	1785.0	0.7282913165266106
chr3	60	16	1742.0	0.9184845005740528
chr3	61	9	1709.0	0.5266237565827969
chr3	62	9	1659.0	0.5424954792043399
chr3	63	15	1623.0	0.9242144177449169
chr3	64	13	1577.0	0.8243500317057704
chr3	65	14	1535.0	0.9120521172638436
chr3	66	8	1489.0	0.5372733378106112
chr3	67	6	1441.0	0.4163775156141568
chr3	68	5	1383.0	0.3615328994938539
chr3	69	8	1343.0	0.5956813104988831
chr3	70	11	1297.0	0.8481110254433308
chr3	71	8	1253.0	0.6384676775738228
chr3	72	8	1197.0	0.6683375104427736
chr3	73	5	1149.0	0.4351610095735422
chr3	74	7	1093.0	0.6404391582799633
chr3	75	7	1044.0	0.6704980842911877
chr3	76	4	1006.0	0.3976143141153081
chr3	77	9	953.0	0.944386149003148
chr3	78	1	906.0	0.11037527593818984
chr3	79	6	862.0	0.6960556844547563
chr3	80	6	822.0	0.7299270072992701
chr3	81	4	776.0	0.5154639175257731
chr3	82	4	741.0	0.5398110661268556
chr3	83	5	690.0	0.7246376811594203
chr3	84	2	658.0	0.303951367781155
chr3	85	9	623.0	1.4446227929373996
chr3	86	3	575.0	0.5217391304347827
chr3	87	1	529.0	0.1890359168241966
chr3	88	6	488.0	1.2295081967213115
chr3	89	11	451.0	2.4390243902439024
chr3	90	4	414.0	0.966183574879227
chr3	91	0	379.0	0.0
chr3	92	3	331.0	0.906344410876133
chr3	93	4	291.0	1.3745704467353952
chr3	94	1	247.0	0.4048582995951417
chr3	95	2	199.0	1.0050251256281406
chr3	96	1	170.0	0.5882352941176471
chr3	97	3	156.0	1.9230769230769231
chr3	98	2	137.0	1.4598540145985401
chr3	99	1	119.0	0.8403361344537815
chr3	100	0	102.0	0.0
chr3	101	0	88.0	0.0
chr3	102	0	78.0	0.0
chr3	103	0	65.0	0.0
chr3	104	0	49.0	0.0
chr3	105	0	40.0	0.0
chr3	106	0	32.0	0.0
chr3	107	0	24.0	0.0
chr3	108	0	19.0	0.0
chr3	109	0	14.0	0.0
chr3	110	0	11.0	0.0
chr3	111	0	8.0	0.0
chr3	112	0	1.0	0.0
chr3	113	0	0.0	nan
chr3	114	0	0.0	nan
chr3	115	0	0.0	nan
chr3	116	0	0.0	nan
chr3	117	0	0.0	nan
chr3	118	0	0.0	nan
chr3	119	0	0.0	nan
chr3	120	0	0.0	nan
chr3	121	0	0.0	nan
chr3	122	0	0.0	nan
chr3	123	0	0.0	nan
chr3	124	0	0.0	nan
chr3	125	0	0.0	nan
chr3	126	0	0.0	nan
chr4	-123	0	3.0	0.0
chr4	-122	0	7.0	0.0
chr4	-121	0	8.0	0.0
chr4	-120	0	11.0	0.0
chr4	-119	0	13.0	0.0
chr4	-118	0	16.0	0.0
chr4	-117	0	21.0	0.0
chr4	-116	0	28.0	0.0
chr4	-115	0	38.0	0.0
chr4	-114	0	47.0	0.0
chr4	-113	0	55.0	0.0
chr4	-112	0	67.0	0.0
chr4	-111	0	87.0	0.0
chr4	-110	0	102.0	0.0
chr4	-109	0	114.0	0.0
chr4	-108	0	135.0	0.0
chr4	-107	0	159.0	0.0
chr4	-106	0	168.0	0.0
chr4	-105	1	182.0	0.5494505494505495
chr4	-104	1	200.0	0.5
chr4	-103	0	219.0	0.0
chr4	-102	0	236.0	0.0
chr4	-101	0	257.0	0.0
chr4	-100	0	284.0	0.0
chr4	-99	0	313.0	0.0
chr4	-98	0	331.0	0.0
chr4	-97	0	346.0	0.0
chr4	-96	0	370.0	0.0
chr4	-95	1	393.0	0.2544529262086514
chr4	-94	0	421.0	0.0
chr4	-93	0	444.0	0.0
chr4	-92	1	467.0	0.21413276231263384
chr4	-91	3	494.0	0.6072874493927125
chr4	-90	0	522.0	0.0
chr4	-89	1	544.0	0.1838235294117647
chr4	-88	1	577.0	0.17331022530329288
chr4	-87	2	598.0	0.33444816053511706
chr4	-86	0	626.0	0.0
chr4	-85	1	655.0	0.15267175572519084
chr4	-84	3	685.0	0.43795620437956206
chr4	-83	0	720.0	0.0
chr4	-82	6	761.0	0.7884362680683311
chr4	-81	2	788.0	0.25380710659898476
chr4	-80	1	819.0	0.1221001221001221
chr4	-79	2	847.0	0.23612750885478156
chr4	-78	1	875.0	0.1142857142857143
chr4	-77	2	903.0	0.22148394241417496
chr4	-76	1	927.0	0.10787486515641855
chr4	-75	2	952.0	0.21008403361344538
chr4	-74	4	981.0	0.40774719673802245
chr4	-73	3	1019.0	0.2944062806673209
chr4	-72	2	1051.0	0.19029495718363465
chr4	-71	2	1078.0	0.1855287569573284
chr4	-70	7	1099.0	0.6369426751592357
chr4	-69	1	1128.0	0.08865248226950355
chr4	-68	2	1153.0	0.17346053772766695
chr4	-67	3	1179.0	0.2544529262086514
chr4	-66	2	1203.0	0.1662510390689942
chr4	-65	2	1229.0	0.16273393002441008
chr4	-64	1	1260.0	0.07936507936507936
chr4	-63	2	1294.0	0.1545595054095827
chr4	-62	1	1314.0	0.076103500761035
chr4	-61	0	1335.0	0.0
chr4	-60	1	1367.0	0.0731528895391368
chr4	-59	5	1382.0	0.361794500723589
chr4	-58	8	1409.0	0.5677785663591199
chr4	-57	3	1434.0	0.20920502092050208
chr4	-56	1	1459.0	0.06854009595613435
chr4	-55	1	1495.0	0.06688963210702341
chr4	-54	1	1520.0	0.06578947368421052
chr4	-53	2	1553.0	0.128783000643915
chr4	-52	2	1585.0	0.12618296529968456
chr4	-51	3	1603.0	0.18714909544603867
chr4	-50	6	1628.0	0.36855036855036855
chr4	-49	8	1650.0	0.48484848484848486
chr4	-48	1	1667.0	0.05998800239952009
chr4	-47	3	1697.0	0.1767825574543312
chr4	-46	0	1726.0	0.0
chr4	-45	4	1753.0	0.22818026240730174
chr4	-44	5	1778.0	0.281214848143982
chr4	-43	10	1797.0	0.5564830272676683
chr4	-42	2	1831.0	0.10922992900054614
chr4	-41	3	1856.0	0.16163793103448276
chr4	-40	2	1877.0	0.10655301012253596
chr4	-39	4	1901.0	0.21041557075223566
chr4	-38	3	1932.0	0.15527950310559005
chr4	-37	22	1959.0	1.1230219499744767
chr4	-36	1	1984.0	0.05040322580645161
chr4	-35	4	2011.0	0.19890601690701143
chr4	-34	3	2046.0	0.1466275659824047
chr4	-33	0	2070.0	0.0
chr4	-32	3	2096.0	0.1431297709923664
chr4	-31	1	2122.0	0.0471253534401508
chr4	-30	6	2154.0	0.2785515320334262
chr4	-29	2	2179.0	0.09178522257916476
chr4	-28	4	2207.0	0.18124150430448574
chr4	-27	2	2234.0	0.08952551477170993
chr4	-26	7	2254.0	0.3105590062111801
chr4	-25	1	2282.0	0.04382120946538125
chr4	-24	3	2312.0	0.12975778546712802
chr4	-23	4	2324.0	0.17211703958691912
chr4	-22	5	2351.0	0.2126754572522331
chr4	-21	6	2370.0	0.25316455696202533
chr4	-20	3	2396.0	0.12520868113522537
chr4	-19	7	2433.0	0.2877106452938759
chr4	-18	3	2461.0	0.12190166598943519
chr4	-17	2	2491.0	0.08028904054596547
chr4	-16	2	2509.0	0.07971303308090873
chr4	-15	4	2528.0	0.15822784810126583
chr4	-14	9	2546.0	0.3534956794972506
chr4	-13	17	2580.0	0.6589147286821705
chr4	-12	3	2602.0	0.11529592621060722
chr4	-11	14	2623.0	0.533739992375143
chr4	-10	4	2648.0	0.1510574018126888
chr4	-9	1	2647.0	0.037778617302606725
chr4	-8	7	2648.0	0.26435045317220546
chr4	-7	5	2648.0	0.18882175226586104
chr4	-6	2	2653.0	0.07538635506973237
chr4	-5	11	2652.0	0.41478129713423834
chr4	-4	3	2652.0	0.11312217194570137
chr4	-3	7	2652.0	0.26395173453996984
chr4	-2	5	2652.0	0.1885369532428356
chr4	-1	14	2652.0	0.5279034690799397
chr4	0	62	2559.0	2.422821414615084
chr4	1	16	2537.0	0.6306661411115491
chr4	2	24	2509.0	0.9565563969709047
chr4	3	19	2481.0	0.7658202337767029
chr4	4	24	2450.0	0.9795918367346939
chr4	5	11	2430.0	0.45267489711934156
chr4	6	22	2389.0	0.9208874005860193
chr4	7	13	2362.0	0.550381033022862
chr4	8	13	2341.0	0.5553182400683468
chr4	9	14	2312.0	0.6055363321799307
chr4	10	29	2293.0	1.264718709114697
chr4	11	11	2271.0	0.48436811977102595
chr4	12	21	2244.0	0.9358288770053476
chr4	13	17	2214.0	0.7678410117434508
chr4	14	10	2195.0	0.45558086560364464
chr4	15	7	2169.0	0.32272936837252186
chr4	16	8	2152.0	0.37174721189591076
chr4	17	10	2127.0	0.47014574518100605
chr4	18	17	2098.0	0.8102955195424213
chr4	19	10	2061.0	0.4852013585638039
chr4	20	7	2026.0	0.3455083909180652
chr4	21	10	1987.0	0.5032712632108707
chr4	22	9	1956.0	0.4601226993865031
chr4	23	10	1936.0	0.5165289256198348
chr4	24	11	1915.0	0.5744125326370757
chr4	25	7	1878.0	0.3727369542066028
chr4	26	20	1847.0	1.0828370330265296
chr4	27	14	1817.0	0.7705008255365988
chr4	28	13	1798.0	0.7230255839822024
chr4	29	9	1763.0	0.5104934770277936
chr4	30	8	1737.0	0.4605641911341394
chr4	31	8	1710.0	0.46783625730994155
chr4	32	13	1677.0	0.7751937984496124
chr4	33	6	1655.0	0.36253776435045315
chr4	34	7	1626.0	0.43050430504305043
chr4	35	12	1598.0	0.7509386733416771
chr4	36	19	1571.0	1.20942075111394
chr4	37	13	1544.0	0.8419689119170984
chr4	38	9	1525.0	0.5901639344262295
chr4	39	4	1496.0	0.267379679144385
chr4	40	12	1467.0	0.81799591002045
chr4	41	12	1441.0	0.8327550312283136
chr4	42	23	1407.0	1.634683724235963
chr4	43	12	1386.0	0.8658008658008658
chr4	44	9	1360.0	0.6617647058823529
chr4	45	4	1332.0	0.3003003003003003
chr4	46	5	1305.0	0.38314176245210724
chr4	47	9	1285.0	0.7003891050583658
chr4	48	8	1259.0	0.6354249404289118
chr4	49	12	1232.0	0.974025974025974
chr4	50	8	1216.0	0.6578947368421052
chr4	51	11	1190.0	0.9243697478991597
chr4	52	7	1163.0	0.6018916595012898
chr4	53	7	1138.0	0.6151142355008787
chr4	54	8	1116.0	0.7168458781362007
chr4	55	5	1098.0	0.45537340619307837
chr4	56	6	1074.0	0.5586592178770949
chr4	57	6	1037.0	0.5785920925747349
chr4	58	13	1010.0	1.2871287128712872
chr4	59	7	987.0	0.7092198581560284
chr4	60	5	962.0	0.5197505197505198
chr4	61	7	934.0	0.7494646680942184
chr4	62	9	918.0	0.9803921568627451
chr4	63	2	892.0	0.2242152466367713
chr4	64	6	871.0	0.6888633754305395
chr4	65	14	835.0	1.6766467065868262
chr4	66	4	800.0	0.5
chr4	67	2	780.0	0.2564102564102564
chr4	68	7	754.0	0.9283819628647214
chr4	69	13	730.0	1.7808219178082192
chr4	70	4	695.0	0.5755395683453237
chr4	71	4	673.0	0.5943536404160475
chr4	72	10	647.0	1.545595054095827
chr4	73	4	628.0	0.6369426751592357
chr4	74	6	595.0	1.0084033613445378
chr4	75	5	570.0	0.8771929824561403
chr4	76	4	545.0	0.7339449541284404
chr4	77	2	520.0	0.38461538461538464
chr4	78	4	492.0	0.8130081300813009
chr4	79	1	464.0	0.21551724137931033
chr4	80	4	439.0	0.9111617312072893
chr4	81	5	408.0	1.2254901960784315
chr4	82	1	379.0	0.2638522427440633
chr4	83	1	354.0	0.2824858757062147
chr4	84	0	332.0	0.0
chr4	85	2	309.0	0.6472491909385114
chr4	86	4	291.0	1.3745704467353952
chr4	87	2	270.0	0.7407407407407408
chr4	88	0	246.0	0.0
chr4	89	1	229.0	0.43668122270742354
chr4	90	5	208.0	2.403846153846154
chr4	91	3	195.0	1.5384615384615385
chr4	92	1	175.0	0.5714285714285714
chr4	93	1	161.0	0.6211180124223602
chr4	94	3	142.0	2.112676056338028
chr4	95	0	120.0	0.0
chr4	96	0	103.0	0.0
chr4	97	0	87.0	0.0
chr4	98	1	74.0	1.3513513513513513
chr4	99	0	64.0	0.0
chr4	100	1	55.0	1.8181818181818181
chr4	101	1	48.0	2.083333333333333
chr4	102	0	38.0	0.0
chr4	103	0	30.0	0.0
chr4	104	0	24.0	0.0
chr4	105	0	21.0	0.0
chr4	106	1	16.0	6.25
chr4	107	0	9.0	0.0
chr4	108	0	7.0	0.0
chr4	109	0	6.0	0.0
chr4	110	0	3.0	0.0
chr4	111	0	2.0	0.0
chr4	112	0	1.0	0.0
chr4	113	0	0.0	nan
chr4	114	0	0.0	nan
chr4	115	0	0.0	nan
chr4	116	0	0.0	nan
chr4	117	0	0.0	nan
chr4	118	0	0.0	nan
chr4	119	0	0.0	nan
chr4	120	0	0.0	nan
chr4	121	0	0.0	nan
chr4	122	0	0.0	nan
chr4	123	0	0.0	nan
chr5	-123	0	3.0	0.0
chr5	-122	0	7.0	0.0
chr5	-121	0	11.0	0.0
chr5	-120	0	12.0	0.0
chr5	-119	0	27.0	0.0
chr5	-118	0	32.0	0.0
chr5	-117	0	37.0	0.0
chr5	-116	0	44.0	0.0
chr5	-115	0	53.0	0.0
chr5	-114	0	62.0	0.0
chr5	-113	0	72.0	0.0
chr5	-112	0	82.0	0.0
chr5	-111	0	97.0	0.0
chr5	-110	0	108.0	0.0
chr5	-109	0	120.0	0.0
chr5	-108	0	141.0	0.0
chr5	-107	0	158.0	0.0
chr5	-106	0	179.0	0.0
chr5	-105	0	197.0	0.0
chr5	-104	0	217.0	0.0
chr5	-103	0	235.0	0.0
chr5	-102	0	253.0	0.0
chr5	-101	2	277.0	0.7220216606498195
chr5	-100	2	302.0	0.6622516556291391
chr5	-99	1	321.0	0.3115264797507788
chr5	-98	1	351.0	0.2849002849002849
chr5	-97	0	381.0	0.0
chr5	-96	0	401.0	0.0
chr5	-95	1	418.0	0.23923444976076555
chr5	-94	0	439.0	0.0
chr5	-93	1	464.0	0.21551724137931033
chr5	-92	4	492.0	0.8130081300813009
chr5	-91	1	519.0	0.1926782273603083
chr5	-90	1	547.0	0.18281535648994515
chr5	-89	1	579.0	0.17271157167530224
chr5	-88	1	605.0	0.1652892561983471
chr5	-87	5	639.0	0.7824726134585289
chr5	-86	2	663.0	0.301659125188537
chr5	-85	2	685.0	0.291970802919708
chr5	-84	0	716.0	0.0
chr5	-83	0	740.0	0.0
chr5	-82	3	768.0	0.390625
chr5	-81	0	794.0	0.0
chr5	-80	3	822.0	0.36496350364963503
chr5	-79	1	848.0	0.1179245283018868
chr5	-78	2	877.0	0.22805017103762829
chr5	-77	4	902.0	0.4434589800443459
chr5	-76	3	932.0	0.3218884120171674
chr5	-75	2	954.0	0.20964360587002098
chr5	-74	0	975.0	0.0
chr5	-73	2	1001.0	0.1998001998001998
chr5	-72	2	1025.0	0.1951219512195122
chr5	-71	2	1052.0	0.19011406844106463
chr5	-70	1	1074.0	0.0931098696461825
chr5	-69	2	1102.0	0.18148820326678766
chr5	-68	2	1132.0	0.17667844522968199
chr5	-67	1	1151.0	0.08688097306689835
chr5	-66	1	1171.0	0.08539709649871904
chr5	-65	1	1191.0	0.08396305625524769
chr5	-64	1	1216.0	0.08223684210526315
chr5	-63	6	1236.0	0.48543689320388345
chr5	-62	2	1256.0	0.15923566878980894
chr5	-61	7	1274.0	0.5494505494505495
chr5	-60	2	1301.0	0.15372790161414296
chr5	-59	2	1323.0	0.15117157974300832
chr5	-58	1	1348.0	0.0741839762611276
chr5	-57	1	1376.0	0.07267441860465117
chr5	-56	2	1395.0	0.14336917562724014
chr5	-55	3	1424.0	0.21067415730337077
chr5	-54	3	1450.0	0.20689655172413793
chr5	-53	0	1480.0	0.0
chr5	-52	1	1510.0	0.06622516556291391
chr5	-51	3	1531.0	0.1959503592423253
chr5	-50	2	1554.0	0.1287001287001287
chr5	-49	2	1587.0	0.1260239445494644
chr5	-48	6	1619.0	0.3705991352686844
chr5	-47	9	1654.0	0.5441354292623942
chr5	-46	4	1678.0	0.23837902264600713
chr5	-45	3	1696.0	0.1768867924528302
chr5	-44	0	1709.0	0.0
chr5	-43	3	1731.0	0.17331022530329288
chr5	-42	6	1758.0	0.3412969283276451
chr5	-41	1	1778.0	0.05624296962879641
chr5	-40	9	1801.0	0.4997223764575236
chr5	-39	3	1849.0	0.16224986479177933
chr5	-38	1	1874.0	0.05336179295624333
chr5	-37	5	1906.0	0.26232948583420773
chr5	-36	5	1919.0	0.26055237102657636
chr5	-35	3	1953.0	0.15360983102918588
chr5	-34	12	1978.0	0.6066734074823054
chr5	-33	11	2006.0	0.5483549351944167
chr5	-32	1	2026.0	0.04935834155972359
chr5	-31	10	2048.0	0.48828125
chr5	-30	17	2076.0	0.8188824662813102
chr5	-29	11	2114.0	0.5203405865657522
chr5	-28	3	2146.0	0.13979496738117428
chr5	-27	1	2166.0	0.04616805170821791
chr5	-26	2	2189.0	0.09136592051164916
chr5	-25	5	2222.0	0.22502250225022502
chr5	-24	4	2244.0	0.17825311942959002
chr5	-23	2	2271.0	0.08806693086745927
chr5	-22	5	2297.0	0.21767522855899
chr5	-21	8	2326.0	0.34393809114359414
chr5	-20	11	2348.0	0.46848381601362865
chr5	-19	6	2370.0	0.25316455696202533
chr5	-18	4	2406.0	0.1662510390689942
chr5	-17	8	2433.0	0.32881216605014385
chr5	-16	5	2462.0	0.20308692120227456
chr5	-15	7	2482.0	0.28203062046736505
chr5	-14	4	2508.0	0.1594896331738437
chr5	-13	0	2531.0	0.0
chr5	-12	8	2550.0	0.3137254901960784
chr5	-11	10	2578.0	0.3878975950349108
chr5	-10	10	2597.0	0.3850596842510589
chr5	-9	6	2598.0	0.23094688221709006
chr5	-8	3	2598.0	0.11547344110854503
chr5	-7	8	2598.0	0.30792917628945343
chr5	-6	4	2597.0	0.15402387370042356
chr5	-5	7	2598.0	0.26943802925327176
chr5	-4	0	2598.0	0.0
chr5	-3	7	2598.0	0.26943802925327176
chr5	-2	15	2598.0	0.5773672055427251
chr5	-1	16	2598.0	0.6158583525789069
chr5	0	42	2497.0	1.682018422106528
chr5	1	19	2464.0	0.7711038961038961
chr5	2	13	2437.0	0.5334427574887156
chr5	3	13	2404.0	0.5407653910149751
chr5	4	15	2380.0	0.6302521008403361
chr5	5	22	2356.0	0.9337860780984719
chr5	6	15	2326.0	0.6448839208942391
chr5	7	6	2308.0	0.25996533795493937
chr5	8	6	2285.0	0.26258205689277897
chr5	9	15	2256.0	0.6648936170212766
chr5	10	19	2230.0	0.8520179372197308
chr5	11	15	2204.0	0.6805807622504537
chr5	12	17	2175.0	0.7816091954022988
chr5	13	8	2150.0	0.37209302325581395
chr5	14	10	2107.0	0.47460844803037494
chr5	15	19	2070.0	0.9178743961352657
chr5	16	10	2041.0	0.4899559039686428
chr5	17	15	2011.0	0.7458975634012929
chr5	18	14	1981.0	0.7067137809187279
chr5	19	8	1955.0	0.40920716112531963
chr5	20	8	1925.0	0.4155844155844156
chr5	21	15	1904.0	0.7878151260504201
chr5	22	8	1880.0	0.425531914893617
chr5	23	12	1852.0	0.6479481641468683
chr5	24	10	1837.0	0.5443658138268916
chr5	25	7	1814.0	0.3858875413450937
chr5	26	8	1780.0	0.44943820224719105
chr5	27	14	1757.0	0.796812749003984
chr5	28	18	1734.0	1.0380622837370241
chr5	29	22	1706.0	1.2895662368112544
chr5	30	15	1675.0	0.8955223880597015
chr5	31	12	1642.0	0.730816077953715
chr5	32	12	1619.0	0.7411982705373688
chr5	33	24	1599.0	1.5009380863039399
chr5	34	13	1581.0	0.8222643896268185
chr5	35	10	1559.0	0.6414368184733804
chr5	36	10	1531.0	0.6531678641410843
chr5	37	7	1510.0	0.4635761589403974
chr5	38	10	1482.0	0.6747638326585695
chr5	39	17	1462.0	1.1627906976744187
chr5	40	14	1434.0	0.9762900976290098
chr5	41	9	1411.0	0.6378454996456413
chr5	42	10	1385.0	0.7220216606498195
chr5	43	10	1363.0	0.7336757153338225
chr5	44	7	1339.0	0.5227781926811054
chr5	45	5	1321.0	0.3785011355034065
chr5	46	6	1289.0	0.46547711404189296
chr5	47	8	1264.0	0.6329113924050633
chr5	48	15	1246.0	1.2038523274478332
chr5	49	6	1220.0	0.49180327868852464
chr5	50	5	1191.0	0.41981528127623846
chr5	51	12	1169.0	1.0265183917878529
chr5	52	7	1140.0	0.6140350877192983
chr5	53	8	1117.0	0.7162041181736795
chr5	54	10	1102.0	0.9074410163339384
chr5	55	9	1077.0	0.8356545961002786
chr5	56	2	1057.0	0.1892147587511826
chr5	57	3	1036.0	0.28957528957528955
chr5	58	5	1015.0	0.49261083743842365
chr5	59	4	985.0	0.40609137055837563
chr5	60	8	952.0	0.8403361344537815
chr5	61	3	921.0	0.32573289902280134
chr5	62	16	893.0	1.7917133258678613
chr5	63	3	874.0	0.34324942791762014
chr5	64	5	853.0	0.5861664712778429
chr5	65	4	826.0	0.48426150121065376
chr5	66	7	800.0	0.8750000000000001
chr5	67	7	775.0	0.903225806451613
chr5	68	2	752.0	0.26595744680851063
chr5	69	5	728.0	0.6868131868131868
chr5	70	2	701.0	0.28530670470756064
chr5	71	3	678.0	0.4424778761061947
chr5	72	5	659.0	0.7587253414264037
chr5	73	4	630.0	0.6349206349206349
chr5	74	1	607.0	0.16474464579901155
chr5	75	4	581.0	0.6884681583476765
chr5	76	4	548.0	0.7299270072992701
chr5	77	1	515.0	0.1941747572815534
chr5	78	8	497.0	1.6096579476861168
chr5	79	2	463.0	0.4319654427645789
chr5	80	1	449.0	0.22271714922048996
chr5	81	2	426.0	0.4694835680751174
chr5	82	0	396.0	0.0
chr5	83	4	368.0	1.0869565217391304
chr5	84	3	344.0	0.872093023255814
chr5	85	3	320.0	0.9375
chr5	86	2	292.0	0.684931506849315
chr5	87	0	274.0	0.0
chr5	88	1	263.0	0.38022813688212925
chr5	89	0	240.0	0.0
chr5	90	0	214.0	0.0
chr5	91	3	195.0	1.5384615384615385
chr5	92	1	173.0	0.5780346820809248
chr5	93	2	157.0	1.2738853503184715
chr5	94	1	137.0	0.7299270072992701
chr5	95	1	129.0	0.7751937984496124
chr5	96	2	114.0	1.7543859649122806
chr5	97	0	101.0	0.0
chr5	98	1	86.0	1.1627906976744187
chr5	99	0	77.0	0.0
chr5	100	1	62.0	1.6129032258064515
chr5	101	1	52.0	1.9230769230769231
chr5	102	0	43.0	0.0
chr5	103	0	37.0	0.0
chr5	104	0	31.0	0.0
chr5	105	1	24.0	4.166666666666666
chr5	106	1	19.0	5.263157894736842
chr5	107	0	17.0	0.0
chr5	108	0	9.0	0.0
chr5	109	0	5.0	0.0
chr5	110	0	3.0	0.0
chr5	111	0	2.0	0.0
chr5	112	0	0.0	nan
chr5	113	0	0.0	nan
chr5	114	0	0.0	nan
chr5	115	0	0.0	nan
chr5	116	0	0.0	nan
chr5	117	0	0.0	nan
chr5	118	0	0.0	nan
chr5	119	0	0.0	nan
chr5	120	0	0.0	nan
chr5	121	0	0.0	nan
chr5	122	0	0.0	nan
chr6	-127	0	1.0	0.0
chr6	-126	0	1.0	0.0
chr6	-125	0	3.0	0.0
chr6	-124	0	10.0	0.0
chr6	-123	0	13.0	0.0
chr6	-122	0	16.0	0.0
chr6	-121	0	23.0	0.0
chr6	-120	0	30.0	0.0
chr6	-119	0	41.0	0.0
chr6	-118	0	56.0	0.0
chr6	-117	0	71.0	0.0
chr6	-116	0	86.0	0.0
chr6	-115	0	107.0	0.0
chr6	-114	0	128.0	0.0
chr6	-113	1	148.0	0.6756756756756757
chr6	-112	0	174.0	0.0
chr6	-111	1	203.0	0.49261083743842365
chr6	-110	0	236.0	0.0
chr6	-109	0	262.0	0.0
chr6	-108	0	308.0	0.0
chr6	-107	1	350.0	0.2857142857142857
chr6	-106	1	403.0	0.24813895781637718
chr6	-105	1	450.0	0.2222222222222222
chr6	-104	1	503.0	0.19880715705765406
chr6	-103	0	552.0	0.0
chr6	-102	2	603.0	0.33167495854063017
chr6	-101	1	648.0	0.15432098765432098
chr6	-100	0	712.0	0.0
chr6	-99	0	776.0	0.0
chr6	-98	2	823.0	0.24301336573511542
chr6	-97	2	890.0	0.22471910112359553
chr6	-96	2	948.0	0.21097046413502107
chr6	-95	4	992.0	0.4032258064516129
chr6	-94	0	1054.0	0.0
chr6	-93	2	1116.0	0.17921146953405018
chr6	-92	3	1175.0	0.2553191489361702
chr6	-91	1	1257.0	0.07955449482895784
chr6	-90	1	1329.0	0.07524454477050413
chr6	-89	2	1398.0	0.14306151645207438
chr6	-88	3	1476.0	0.20325203252032523
chr6	-87	1	1547.0	0.06464124111182934
chr6	-86	2	1609.0	0.1243008079552517
chr6	-85	1	1668.0	0.05995203836930455
chr6	-84	3	1743.0	0.17211703958691912
chr6	-83	3	1801.0	0.1665741254858412
chr6	-82	2	1885.0	0.10610079575596816
chr6	-81	4	1935.0	0.20671834625322996
chr6	-80	5	2001.0	0.24987506246876562
chr6	-79	9	2068.0	0.43520309477756286
chr6	-78	1	2130.0	0.046948356807511735
chr6	-77	7	2194.0	0.31905195989061075
chr6	-76	4	2268.0	0.1763668430335097
chr6	-75	2	2343.0	0.08536064874093044
chr6	-74	4	2394.0	0.1670843776106934
chr6	-73	1	2466.0	0.04055150040551501
chr6	-72	6	2533.0	0.23687327279905251
chr6	-71	6	2596.0	0.23112480739599386
chr6	-70	4	2663.0	0.1502065339842283
chr6	-69	4	2721.0	0.1470047776552738
chr6	-68	8	2774.0	0.2883922134102379
chr6	-67	6	2837.0	0.21149101163200562
chr6	-66	1	2906.0	0.034411562284927734
chr6	-65	7	2970.0	0.23569023569023567
chr6	-64	9	3052.0	0.2948885976408912
chr6	-63	2	3125.0	0.064
chr6	-62	4	3201.0	0.12496094970321774
chr6	-61	4	3266.0	0.1224739742804654
chr6	-60	15	3341.0	0.4489673750374139
chr6	-59	6	3400.0	0.17647058823529413
chr6	-58	9	3468.0	0.25951557093425603
chr6	-57	5	3535.0	0.14144271570014144
chr6	-56	4	3611.0	0.11077263915812793
chr6	-55	12	3689.0	0.3252914068853348
chr6	-54	9	3756.0	0.23961661341853036
chr6	-53	10	3817.0	0.2619858527639507
chr6	-52	10	3890.0	0.2570694087403599
chr6	-51	20	3959.0	0.5051780752715332
chr6	-50	9	4034.0	0.22310361923648983
chr6	-49	8	4093.0	0.19545565599804546
chr6	-48	11	4173.0	0.26359932901988975
chr6	-47	6	4234.0	0.14170996693434107
chr6	-46	9	4287.0	0.2099370188943317
chr6	-45	11	4362.0	0.2521779000458505
chr6	-44	3	4420.0	0.06787330316742081
chr6	-43	7	4479.0	0.15628488501897744
chr6	-42	14	4546.0	0.3079630444346678
chr6	-41	16	4630.0	0.34557235421166305
chr6	-40	12	4697.0	0.25548222269533744
chr6	-39	15	4780.0	0.3138075313807531
chr6	-38	11	4847.0	0.22694450175366207
chr6	-37	11	4898.0	0.2245814618211515
chr6	-36	7	4976.0	0.14067524115755628
chr6	-35	12	5037.0	0.23823704586063135
chr6	-34	15	5103.0	0.29394473838918284
chr6	-33	12	5180.0	0.23166023166023164
chr6	-32	17	5249.0	0.32387121356448845
chr6	-31	12	5316.0	0.2257336343115124
chr6	-30	8	5372.0	0.14892032762472077
chr6	-29	12	5436.0	0.22075055187637968
chr6	-28	24	5493.0	0.43691971600218454
chr6	-27	12	5558.0	0.21590500179920835
chr6	-26	17	5626.0	0.30216850337717743
chr6	-25	14	5702.0	0.2455278849526482
chr6	-24	12	5771.0	0.20793623288858082
chr6	-23	22	5850.0	0.37606837606837606
chr6	-22	18	5914.0	0.3043625295908015
chr6	-21	16	5986.0	0.2672903441363181
chr6	-20	15	6053.0	0.24781100280852472
chr6	-19	11	6116.0	0.1798561151079137
chr6	-18	9	6184.0	0.14553686934023286
chr6	-17	21	6263.0	0.33530257065304164
chr6	-16	18	6339.0	0.28395646000946523
chr6	-15	16	6405.0	0.2498048399687744
chr6	-14	22	6476.0	0.33971587399629405
chr6	-13	11	6535.0	0.16832440703902066
chr6	-12	17	6594.0	0.2578101304215954
chr6	-11	16	6666.0	0.24002400240024005
chr6	-10	20	6726.0	0.29735355337496283
chr6	-9	32	6725.0	0.47583643122676583
chr6	-8	20	6730.0	0.2971768202080238
chr6	-7	18	6730.0	0.2674591381872214
chr6	-6	17	6727.0	0.252712947822209
chr6	-5	23	6730.0	0.34175334323922735
chr6	-4	29	6727.0	0.43109855804965064
chr6	-3	14	6728.0	0.2080856123662307
chr6	-2	32	6726.0	0.47576568539994046
chr6	-1	43	6718.0	0.6400714498362609
chr6	0	136	6551.0	2.0760189284078767
chr6	1	58	6489.0	0.8938203112960394
chr6	2	27	6440.0	0.4192546583850931
chr6	3	54	6371.0	0.8475906451106577
chr6	4	42	6300.0	0.6666666666666667
chr6	5	35	6232.0	0.561617458279846
chr6	6	38	6180.0	0.6148867313915858
chr6	7	40	6113.0	0.6543432030099787
chr6	8	46	6040.0	0.7615894039735099
chr6	9	40	5975.0	0.6694560669456067
chr6	10	35	5924.0	0.5908170155300473
chr6	11	38	5867.0	0.6476904721322652
chr6	12	36	5783.0	0.622514265951928
chr6	13	38	5718.0	0.6645680307799929
chr6	14	46	5644.0	0.815024805102764
chr6	15	34	5566.0	0.6108515989938915
chr6	16	34	5512.0	0.6168359941944848
chr6	17	49	5442.0	0.900404263138552
chr6	18	40	5380.0	0.7434944237918215
chr6	19	54	5319.0	1.015228426395939
chr6	20	34	5245.0	0.6482364156339371
chr6	21	32	5167.0	0.61931488291078
chr6	22	33	5090.0	0.6483300589390962
chr6	23	31	5021.0	0.6174068910575582
chr6	24	36	4958.0	0.7260992335619202
chr6	25	16	4878.0	0.3280032800328003
chr6	26	25	4797.0	0.5211590577444236
chr6	27	36	4728.0	0.7614213197969544
chr6	28	29	4655.0	0.6229860365198711
chr6	29	20	4599.0	0.4348771472059143
chr6	30	26	4539.0	0.5728133950209298
chr6	31	25	4464.0	0.5600358422939068
chr6	32	35	4389.0	0.7974481658692184
chr6	33	23	4318.0	0.5326540064844836
chr6	34	21	4254.0	0.4936530324400564
chr6	35	20	4188.0	0.4775549188156638
chr6	36	15	4137.0	0.36258158085569253
chr6	37	20	4076.0	0.49067713444553485
chr6	38	38	4018.0	0.9457441513190642
chr6	39	20	3953.0	0.5059448520111307
chr6	40	24	3892.0	0.6166495375128468
chr6	41	22	3822.0	0.5756148613291471
chr6	42	21	3750.0	0.5599999999999999
chr6	43	23	3677.0	0.6255099265705739
chr6	44	26	3610.0	0.7202216066481995
chr6	45	25	3525.0	0.7092198581560284
chr6	46	14	3455.0	0.40520984081041966
chr6	47	28	3382.0	0.827912477823773
chr6	48	20	3332.0	0.6002400960384154
chr6	49	26	3274.0	0.794135613927917
chr6	50	29	3196.0	0.9073842302878597
chr6	51	19	3131.0	0.6068348770360907
chr6	52	30	3065.0	0.9787928221859705
chr6	53	16	2989.0	0.5352960856473737
chr6	54	12	2917.0	0.411381556393555
chr6	55	15	2839.0	0.528355054596689
chr6	56	12	2780.0	0.4316546762589928
chr6	57	20	2712.0	0.7374631268436578
chr6	58	13	2649.0	0.4907512268780672
chr6	59	24	2585.0	0.9284332688588007
chr6	60	15	2520.0	0.5952380952380952
chr6	61	9	2449.0	0.36749693752552065
chr6	62	13	2386.0	0.5448449287510477
chr6	63	22	2312.0	0.9515570934256056
chr6	64	19	2252.0	0.8436944937833037
chr6	65	11	2177.0	0.5052824988516307
chr6	66	10	2090.0	0.4784688995215311
chr6	67	12	2036.0	0.5893909626719057
chr6	68	15	1961.0	0.7649158592554819
chr6	69	10	1890.0	0.5291005291005291
chr6	70	9	1831.0	0.4915346805024577
chr6	71	7	1777.0	0.39392234102419804
chr6	72	10	1718.0	0.5820721769499418
chr6	73	12	1651.0	0.7268322228952151
chr6	74	14	1580.0	0.8860759493670887
chr6	75	7	1524.0	0.45931758530183725
chr6	76	11	1464.0	0.7513661202185792
chr6	77	7	1406.0	0.4978662873399715
chr6	78	8	1336.0	0.5988023952095809
chr6	79	10	1260.0	0.7936507936507936
chr6	80	8	1197.0	0.6683375104427736
chr6	81	9	1129.0	0.7971656333038087
chr6	82	10	1061.0	0.9425070688030159
chr6	83	6	999.0	0.6006006006006006
chr6	84	7	942.0	0.743099787685775
chr6	85	10	884.0	1.1312217194570136
chr6	86	3	831.0	0.36101083032490977
chr6	87	4	774.0	0.516795865633075
chr6	88	1	714.0	0.1400560224089636
chr6	89	2	658.0	0.303951367781155
chr6	90	3	611.0	0.4909983633387889
chr6	91	3	566.0	0.5300353356890459
chr6	92	4	504.0	0.7936507936507936
chr6	93	0	453.0	0.0
chr6	94	7	423.0	1.6548463356973995
chr6	95	2	380.0	0.5263157894736842
chr6	96	3	347.0	0.8645533141210375
chr6	97	1	304.0	0.3289473684210526
chr6	98	0	269.0	0.0
chr6	99	4	226.0	1.7699115044247788
chr6	100	0	196.0	0.0
chr6	101	1	165.0	0.6060606060606061
chr6	102	1	133.0	0.7518796992481203
chr6	103	1	105.0	0.9523809523809524
chr6	104	2	84.0	2.380952380952381
chr6	105	1	68.0	1.4705882352941175
chr6	106	0	54.0	0.0
chr6	107	0	37.0	0.0
chr6	108	0	28.0	0.0
chr6	109	0	20.0	0.0
chr6	110	0	13.0	0.0
chr6	111	0	8.0	0.0
chr6	112	0	1.0	0.0
chr6	113	0	0.0	nan
chr6	114	0	0.0	nan
chr6	115	0	0.0	nan
chr6	116	0	0.0	nan
chr6	117	0	0.0	nan
chr6	118	0	0.0	nan
chr6	119	0	0.0	nan
chr6	120	0	0.0	nan
chr6	121	0	0.0	nan
chr6	122	0	0.0	nan
chr6	123	0	0.0	nan
chr6	124	0	0.0	nan
chr6	125	0	0.0	nan
chr7	-121	0	1.0	0.0
chr7	-120	0	1.0	0.0
chr7	-119	0	1.0	0.0
chr7	-118	0	1.0	0.0
chr7	-117	0	1.0	0.0
chr7	-116	0	2.0	0.0
chr7	-115	0	3.0	0.0
chr7	-114	0	4.0	0.0
chr7	-113	0	5.0	0.0
chr7	-112	0	5.0	0.0
chr7	-111	0	6.0	0.0
chr7	-110	0	9.0	0.0
chr7	-109	0	11.0	0.0
chr7	-108	0	12.0	0.0
chr7	-107	0	13.0	0.0
chr7	-106	0	15.0	0.0
chr7	-105	0	20.0	0.0
chr7	-104	0	22.0	0.0
chr7	-103	0	24.0	0.0
chr7	-102	0	25.0	0.0
chr7	-101	0	28.0	0.0
chr7	-100	0	31.0	0.0
chr7	-99	1	33.0	3.0303030303030303
chr7	-98	0	34.0	0.0
chr7	-97	0	35.0	0.0
chr7	-96	0	36.0	0.0
chr7	-95	0	40.0	0.0
chr7	-94	0	40.0	0.0
chr7	-93	0	42.0	0.0
chr7	-92	0	45.0	0.0
chr7	-91	1	48.0	2.083333333333333
chr7	-90	0	50.0	0.0
chr7	-89	0	51.0	0.0
chr7	-88	0	55.0	0.0
chr7	-87	0	57.0	0.0
chr7	-86	0	61.0	0.0
chr7	-85	0	62.0	0.0
chr7	-84	0	63.0	0.0
chr7	-83	0	66.0	0.0
chr7	-82	0	70.0	0.0
chr7	-81	0	70.0	0.0
chr7	-80	0	72.0	0.0
chr7	-79	0	73.0	0.0
chr7	-78	0	75.0	0.0
chr7	-77	0	78.0	0.0
chr7	-76	0	85.0	0.0
chr7	-75	0	88.0	0.0
chr7	-74	0	90.0	0.0
chr7	-73	0	92.0	0.0
chr7	-72	0	96.0	0.0
chr7	-71	0	98.0	0.0
chr7	-70	0	102.0	0.0
chr7	-69	0	106.0	0.0
chr7	-68	1	108.0	0.9259259259259258
chr7	-67	1	110.0	0.9090909090909091
chr7	-66	0	114.0	0.0
chr7	-65	0	117.0	0.0
chr7	-64	0	119.0	0.0
chr7	-63	1	119.0	0.8403361344537815
chr7	-62	0	123.0	0.0
chr7	-61	0	126.0	0.0
chr7	-60	2	128.0	1.5625
chr7	-59	0	130.0	0.0
chr7	-58	0	134.0	0.0
chr7	-57	0	138.0	0.0
chr7	-56	0	141.0	0.0
chr7	-55	0	142.0	0.0
chr7	-54	0	145.0	0.0
chr7	-53	0	148.0	0.0
chr7	-52	0	149.0	0.0
chr7	-51	0	149.0	0.0
chr7	-50	1	151.0	0.6622516556291391
chr7	-49	0	157.0	0.0
chr7	-48	0	158.0	0.0
chr7	-47	0	162.0	0.0
chr7	-46	0	164.0	0.0
chr7	-45	4	165.0	2.4242424242424243
chr7	-44	0	167.0	0.0
chr7	-43	2	170.0	1.1764705882352942
chr7	-42	1	179.0	0.5586592178770949
chr7	-41	0	182.0	0.0
chr7	-40	3	183.0	1.639344262295082
chr7	-39	1	187.0	0.53475935828877
chr7	-38	0	188.0	0.0
chr7	-37	0	190.0	0.0
chr7	-36	0	192.0	0.0
chr7	-35	0	194.0	0.0
chr7	-34	0	195.0	0.0
chr7	-33	0	198.0	0.0
chr7	-32	1	202.0	0.49504950495049505
chr7	-31	0	213.0	0.0
chr7	-30	0	217.0	0.0
chr7	-29	3	220.0	1.3636363636363635
chr7	-28	1	225.0	0.4444444444444444
chr7	-27	2	227.0	0.881057268722467
chr7	-26	0	230.0	0.0
chr7	-25	0	232.0	0.0
chr7	-24	1	234.0	0.4273504273504274
chr7	-23	1	236.0	0.423728813559322
chr7	-22	0	236.0	0.0
chr7	-21	1	237.0	0.42194092827004215
chr7	-20	1	240.0	0.4166666666666667
chr7	-19	2	242.0	0.8264462809917356
chr7	-18	0	242.0	0.0
chr7	-17	1	246.0	0.40650406504065045
chr7	-16	2	246.0	0.8130081300813009
chr7	-15	4	249.0	1.6064257028112447
chr7	-14	0	251.0	0.0
chr7	-13	1	254.0	0.39370078740157477
chr7	-12	1	255.0	0.39215686274509803
chr7	-11	0	256.0	0.0
chr7	-10	0	258.0	0.0
chr7	-9	0	258.0	0.0
chr7	-8	0	258.0	0.0
chr7	-7	1	258.0	0.3875968992248062
chr7	-6	0	258.0	0.0
chr7	-5	0	258.0	0.0
chr7	-4	0	258.0	0.0
chr7	-3	0	258.0	0.0
chr7	-2	1	258.0	0.3875968992248062
chr7	-1	0	258.0	0.0
chr7	0	2	251.0	0.796812749003984
chr7	1	1	248.0	0.4032258064516129
chr7	2	0	247.0	0.0
chr7	3	0	245.0	0.0
chr7	4	0	244.0	0.0
chr7	5	2	241.0	0.8298755186721992
chr7	6	0	235.0	0.0
chr7	7	1	233.0	0.4291845493562232
chr7	8	1	231.0	0.4329004329004329
chr7	9	2	229.0	0.8733624454148471
chr7	10	0	228.0	0.0
chr7	11	1	226.0	0.4424778761061947
chr7	12	0	222.0	0.0
chr7	13	0	223.0	0.0
chr7	14	10	222.0	4.504504504504505
chr7	15	1	218.0	0.45871559633027525
chr7	16	0	213.0	0.0
chr7	17	0	210.0	0.0
chr7	18	1	207.0	0.4830917874396135
chr7	19	1	203.0	0.49261083743842365
chr7	20	3	198.0	1.5151515151515151
chr7	21	0	198.0	0.0
chr7	22	0	195.0	0.0
chr7	23	1	192.0	0.5208333333333333
chr7	24	0	190.0	0.0
chr7	25	0	188.0	0.0
chr7	26	1	187.0	0.53475935828877
chr7	27	0	187.0	0.0
chr7	28	3	183.0	1.639344262295082
chr7	29	0	181.0	0.0
chr7	30	2	179.0	1.1173184357541899
chr7	31	0	169.0	0.0
chr7	32	0	169.0	0.0
chr7	33	0	164.0	0.0
chr7	34	0	162.0	0.0
chr7	35	1	160.0	0.625
chr7	36	1	159.0	0.628930817610063
chr7	37	0	159.0	0.0
chr7	38	1	159.0	0.628930817610063
chr7	39	8	156.0	5.128205128205128
chr7	40	0	153.0	0.0
chr7	41	0	152.0	0.0
chr7	42	0	149.0	0.0
chr7	43	0	148.0	0.0
chr7	44	2	147.0	1.3605442176870748
chr7	45	0	147.0	0.0
chr7	46	0	142.0	0.0
chr7	47	0	137.0	0.0
chr7	48	0	134.0	0.0
chr7	49	1	131.0	0.7633587786259541
chr7	50	0	127.0	0.0
chr7	51	0	123.0	0.0
chr7	52	0	119.0	0.0
chr7	53	0	117.0	0.0
chr7	54	0	114.0	0.0
chr7	55	1	113.0	0.8849557522123894
chr7	56	1	110.0	0.9090909090909091
chr7	57	1	104.0	0.9615384615384616
chr7	58	0	98.0	0.0
chr7	59	6	98.0	6.122448979591836
chr7	60	1	98.0	1.0204081632653061
chr7	61	1	94.0	1.0638297872340425
chr7	62	0	87.0	0.0
chr7	63	0	83.0	0.0
chr7	64	0	83.0	0.0
chr7	65	0	82.0	0.0
chr7	66	0	81.0	0.0
chr7	67	0	80.0	0.0
chr7	68	0	77.0	0.0
chr7	69	1	74.0	1.3513513513513513
chr7	70	1	71.0	1.4084507042253522
chr7	71	0	68.0	0.0
chr7	72	1	65.0	1.5384615384615385
chr7	73	0	63.0	0.0
chr7	74	0	62.0	0.0
chr7	75	0	58.0	0.0
chr7	76	0	55.0	0.0
chr7	77	0	53.0	0.0
chr7	78	0	48.0	0.0
chr7	79	0	45.0	0.0
chr7	80	0	43.0	0.0
chr7	81	0	42.0	0.0
chr7	82	1	39.0	2.564102564102564
chr7	83	0	37.0	0.0
chr7	84	0	35.0	0.0
chr7	85	1	33.0	3.0303030303030303
chr7	86	0	30.0	0.0
chr7	87	1	29.0	3.4482758620689653
chr7	88	1	27.0	3.7037037037037033
chr7	89	1	25.0	4.0
chr7	90	0	24.0	0.0
chr7	91	0	23.0	0.0
chr7	92	0	18.0	0.0
chr7	93	1	16.0	6.25
chr7	94	0	15.0	0.0
chr7	95	0	14.0	0.0
chr7	96	0	13.0	0.0
chr7	97	0	11.0	0.0
chr7	98	0	7.0	0.0
chr7	99	0	7.0	0.0
chr7	100	0	6.0	0.0
chr7	101	0	5.0	0.0
chr7	102	0	3.0	0.0
chr7	103	0	3.0	0.0
chr7	104	0	3.0	0.0
chr7	105	0	1.0	0.0
chr7	106	0	1.0	0.0
chr7	107	0	0.0	nan
chr7	108	0	0.0	nan
chr7	109	0	0.0	nan
chr7	110	0	0.0	nan
chr7	111	0	0.0	nan
chr7	112	0	0.0	nan
chr7	113	0	0.0	nan
chr7	114	0	0.0	nan
chr7	115	0	0.0	nan
chr7	116	0	0.0	nan
chr7	117	0	0.0	nan
chr8	-123	0	2.0	0.0
chr8	-122	0	2.0	0.0
chr8	-121	0	3.0	0.0
chr8	-120	0	10.0	0.0
chr8	-119	0	12.0	0.0
chr8	-118	0	12.0	0.0
chr8	-117	2	18.0	11.11111111111111
chr8	-116	0	22.0	0.0
chr8	-115	0	26.0	0.0
chr8	-114	0	30.0	0.0
chr8	-113	0	42.0	0.0
chr8	-112	0	45.0	0.0
chr8	-111	0	57.0	0.0
chr8	-110	0	62.0	0.0
chr8	-109	0	68.0	0.0
chr8	-108	0	77.0	0.0
chr8	-107	0	84.0	0.0
chr8	-106	0	93.0	0.0
chr8	-105	0	97.0	0.0
chr8	-104	0	107.0	0.0
chr8	-103	0	118.0	0.0
chr8	-102	4	126.0	3.1746031746031744
chr8	-101	1	141.0	0.7092198581560284
chr8	-100	0	152.0	0.0
chr8	-99	1	161.0	0.6211180124223602
chr8	-98	0	166.0	0.0
chr8	-97	3	180.0	1.6666666666666667
chr8	-96	0	188.0	0.0
chr8	-95	0	202.0	0.0
chr8	-94	0	217.0	0.0
chr8	-93	0	237.0	0.0
chr8	-92	2	256.0	0.78125
chr8	-91	3	273.0	1.098901098901099
chr8	-90	0	290.0	0.0
chr8	-89	0	305.0	0.0
chr8	-88	0	318.0	0.0
chr8	-87	0	337.0	0.0
chr8	-86	1	346.0	0.2890173410404624
chr8	-85	3	360.0	0.8333333333333334
chr8	-84	3	375.0	0.8
chr8	-83	0	394.0	0.0
chr8	-82	0	408.0	0.0
chr8	-81	2	422.0	0.47393364928909953
chr8	-80	1	433.0	0.23094688221709006
chr8	-79	2	452.0	0.4424778761061947
chr8	-78	2	469.0	0.42643923240938164
chr8	-77	2	482.0	0.4149377593360996
chr8	-76	2	494.0	0.4048582995951417
chr8	-75	3	507.0	0.591715976331361
chr8	-74	7	522.0	1.3409961685823755
chr8	-73	2	535.0	0.3738317757009346
chr8	-72	0	550.0	0.0
chr8	-71	2	561.0	0.35650623885918004
chr8	-70	2	576.0	0.3472222222222222
chr8	-69	1	594.0	0.16835016835016833
chr8	-68	3	608.0	0.4934210526315789
chr8	-67	5	623.0	0.8025682182985553
chr8	-66	1	634.0	0.15772870662460567
chr8	-65	1	644.0	0.15527950310559005
chr8	-64	1	656.0	0.1524390243902439
chr8	-63	0	668.0	0.0
chr8	-62	6	694.0	0.8645533141210375
chr8	-61	2	712.0	0.2808988764044944
chr8	-60	1	724.0	0.13812154696132595
chr8	-59	2	740.0	0.2702702702702703
chr8	-58	2	757.0	0.26420079260237783
chr8	-57	7	773.0	0.9055627425614489
chr8	-56	0	789.0	0.0
chr8	-55	1	804.0	0.12437810945273632
chr8	-54	1	817.0	0.12239902080783352
chr8	-53	5	830.0	0.6024096385542169
chr8	-52	5	838.0	0.5966587112171837
chr8	-51	3	852.0	0.35211267605633806
chr8	-50	2	864.0	0.23148148148148145
chr8	-49	6	875.0	0.6857142857142857
chr8	-48	5	887.0	0.5636978579481398
chr8	-47	2	898.0	0.22271714922048996
chr8	-46	4	916.0	0.43668122270742354
chr8	-45	4	934.0	0.4282655246252677
chr8	-44	8	946.0	0.8456659619450317
chr8	-43	0	964.0	0.0
chr8	-42	1	979.0	0.10214504596527069
chr8	-41	5	992.0	0.5040322580645161
chr8	-40	5	1008.0	0.496031746031746
chr8	-39	3	1032.0	0.29069767441860467
chr8	-38	9	1050.0	0.8571428571428572
chr8	-37	1	1070.0	0.09345794392523366
chr8	-36	1	1079.0	0.09267840593141798
chr8	-35	10	1086.0	0.9208103130755065
chr8	-34	7	1100.0	0.6363636363636364
chr8	-33	7	1114.0	0.6283662477558348
chr8	-32	2	1137.0	0.1759014951627089
chr8	-31	8	1146.0	0.6980802792321117
chr8	-30	4	1160.0	0.3448275862068966
chr8	-29	2	1167.0	0.17137960582690662
chr8	-28	4	1176.0	0.3401360544217687
chr8	-27	9	1188.0	0.7575757575757576
chr8	-26	9	1197.0	0.7518796992481203
chr8	-25	6	1209.0	0.49627791563275436
chr8	-24	3	1224.0	0.24509803921568626
chr8	-23	4	1241.0	0.32232070910556004
chr8	-22	2	1255.0	0.1593625498007968
chr8	-21	5	1276.0	0.3918495297805642
chr8	-20	6	1288.0	0.4658385093167702
chr8	-19	11	1301.0	0.8455034588777863
chr8	-18	1	1317.0	0.07593014426727411
chr8	-17	2	1325.0	0.1509433962264151
chr8	-16	6	1340.0	0.44776119402985076
chr8	-15	2	1352.0	0.14792899408284024
chr8	-14	4	1365.0	0.29304029304029305
chr8	-13	1	1386.0	0.07215007215007214
chr8	-12	7	1400.0	0.5
chr8	-11	4	1424.0	0.2808988764044944
chr8	-10	12	1435.0	0.8362369337979094
chr8	-9	5	1435.0	0.34843205574912894
chr8	-8	4	1434.0	0.2789400278940028
chr8	-7	10	1432.0	0.6983240223463687
chr8	-6	10	1435.0	0.6968641114982579
chr8	-5	5	1435.0	0.34843205574912894
chr8	-4	3	1434.0	0.20920502092050208
chr8	-3	9	1434.0	0.6276150627615062
chr8	-2	4	1434.0	0.2789400278940028
chr8	-1	12	1434.0	0.8368200836820083
chr8	0	31	1390.0	2.2302158273381294
chr8	1	8	1378.0	0.5805515239477503
chr8	2	12	1352.0	0.8875739644970414
chr8	3	7	1338.0	0.523168908819133
chr8	4	15	1327.0	1.1303692539562924
chr8	5	10	1309.0	0.7639419404125287
chr8	6	16	1297.0	1.233616037008481
chr8	7	2	1286.0	0.15552099533437014
chr8	8	8	1273.0	0.6284367635506678
chr8	9	9	1251.0	0.7194244604316548
chr8	10	21	1236.0	1.6990291262135921
chr8	11	20	1214.0	1.6474464579901154
chr8	12	7	1192.0	0.587248322147651
chr8	13	6	1178.0	0.5093378607809848
chr8	14	9	1166.0	0.7718696397941681
chr8	15	4	1154.0	0.34662045060658575
chr8	16	6	1140.0	0.5263157894736842
chr8	17	4	1125.0	0.35555555555555557
chr8	18	9	1110.0	0.8108108108108109
chr8	19	9	1096.0	0.8211678832116789
chr8	20	2	1087.0	0.18399264029438822
chr8	21	6	1070.0	0.5607476635514018
chr8	22	5	1055.0	0.47393364928909953
chr8	23	13	1051.0	1.236917221693625
chr8	24	9	1033.0	0.8712487899322363
chr8	25	9	1020.0	0.8823529411764706
chr8	26	6	1000.0	0.6
chr8	27	14	986.0	1.4198782961460445
chr8	28	4	968.0	0.4132231404958678
chr8	29	5	959.0	0.5213764337851928
chr8	30	11	940.0	1.1702127659574468
chr8	31	6	920.0	0.6521739130434783
chr8	32	8	897.0	0.8918617614269788
chr8	33	4	881.0	0.4540295119182747
chr8	34	8	866.0	0.9237875288683602
chr8	35	3	850.0	0.35294117647058826
chr8	36	2	840.0	0.2380952380952381
chr8	37	9	825.0	1.090909090909091
chr8	38	1	806.0	0.12406947890818859
chr8	39	4	808.0	0.49504950495049505
chr8	40	6	796.0	0.7537688442211055
chr8	41	3	778.0	0.3856041131105398
chr8	42	4	764.0	0.5235602094240838
chr8	43	6	753.0	0.796812749003984
chr8	44	3	735.0	0.40816326530612246
chr8	45	0	721.0	0.0
chr8	46	4	708.0	0.5649717514124294
chr8	47	3	691.0	0.43415340086830684
chr8	48	2	677.0	0.29542097488921715
chr8	49	2	662.0	0.3021148036253776
chr8	50	2	647.0	0.3091190108191654
chr8	51	7	636.0	1.10062893081761
chr8	52	6	620.0	0.967741935483871
chr8	53	3	603.0	0.4975124378109453
chr8	54	4	585.0	0.6837606837606838
chr8	55	10	573.0	1.7452006980802792
chr8	56	5	565.0	0.8849557522123894
chr8	57	3	545.0	0.5504587155963303
chr8	58	1	536.0	0.18656716417910446
chr8	59	1	521.0	0.19193857965451055
chr8	60	6	514.0	1.1673151750972763
chr8	61	7	490.0	1.4285714285714286
chr8	62	2	480.0	0.4166666666666667
chr8	63	2	461.0	0.43383947939262474
chr8	64	2	449.0	0.4454342984409799
chr8	65	1	442.0	0.22624434389140274
chr8	66	1	431.0	0.23201856148491878
chr8	67	6	418.0	1.4354066985645932
chr8	68	1	399.0	0.2506265664160401
chr8	69	2	382.0	0.5235602094240838
chr8	70	2	370.0	0.5405405405405406
chr8	71	4	360.0	1.1111111111111112
chr8	72	3	350.0	0.8571428571428572
chr8	73	3	341.0	0.8797653958944283
chr8	74	3	318.0	0.9433962264150944
chr8	75	3	298.0	1.006711409395973
chr8	76	4	287.0	1.3937282229965158
chr8	77	5	272.0	1.8382352941176472
chr8	78	1	254.0	0.39370078740157477
chr8	79	4	246.0	1.6260162601626018
chr8	80	0	231.0	0.0
chr8	81	3	219.0	1.36986301369863
chr8	82	5	206.0	2.4271844660194173
chr8	83	1	197.0	0.5076142131979695
chr8	84	1	186.0	0.5376344086021506
chr8	85	3	177.0	1.694915254237288
chr8	86	2	165.0	1.2121212121212122
chr8	87	1	156.0	0.641025641025641
chr8	88	0	142.0	0.0
chr8	89	1	135.0	0.7407407407407408
chr8	90	1	125.0	0.8
chr8	91	2	112.0	1.7857142857142856
chr8	92	0	106.0	0.0
chr8	93	0	94.0	0.0
chr8	94	1	81.0	1.2345679012345678
chr8	95	0	75.0	0.0
chr8	96	1	67.0	1.4925373134328357
chr8	97	0	66.0	0.0
chr8	98	1	59.0	1.694915254237288
chr8	99	0	49.0	0.0
chr8	100	1	42.0	2.380952380952381
chr8	101	3	40.0	7.5
chr8	102	0	33.0	0.0
chr8	103	0	30.0	0.0
chr8	104	0	27.0	0.0
chr8	105	1	24.0	4.166666666666666
chr8	106	0	18.0	0.0
chr8	107	1	17.0	5.88235294117647
chr8	108	0	11.0	0.0
chr8	109	0	7.0	0.0
chr8	110	0	4.0	0.0
chr8	111	0	4.0	0.0
chr8	112	0	2.0	0.0
chr8	113	0	1.0	0.0
chr8	114	0	0.0	nan
chr8	115	0	0.0	nan
chr8	116	0	0.0	nan
chr8	117	0	0.0	nan
chr8	118	0	0.0	nan
chr8	119	0	0.0	nan
chr8	120	0	0.0	nan
chr8	121	0	0.0	nan
chr8	122	0	0.0	nan
chr8	123	0	0.0	nan
chr9	-126	0	2.0	0.0
chr9	-125	0	2.0	0.0
chr9	-124	0	5.0	0.0
chr9	-123	0	7.0	0.0
chr9	-122	0	10.0	0.0
chr9	-121	0	15.0	0.0
chr9	-120	0	26.0	0.0
chr9	-119	0	36.0	0.0
chr9	-118	0	45.0	0.0
chr9	-117	0	55.0	0.0
chr9	-116	1	65.0	1.5384615384615385
chr9	-115	0	76.0	0.0
chr9	-114	0	94.0	0.0
chr9	-113	0	111.0	0.0
chr9	-112	0	141.0	0.0
chr9	-111	2	171.0	1.1695906432748537
chr9	-110	0	195.0	0.0
chr9	-109	0	228.0	0.0
chr9	-108	0	252.0	0.0
chr9	-107	2	280.0	0.7142857142857143
chr9	-106	0	308.0	0.0
chr9	-105	0	343.0	0.0
chr9	-104	3	383.0	0.7832898172323759
chr9	-103	0	409.0	0.0
chr9	-102	0	449.0	0.0
chr9	-101	0	492.0	0.0
chr9	-100	3	530.0	0.5660377358490566
chr9	-99	0	568.0	0.0
chr9	-98	4	611.0	0.6546644844517185
chr9	-97	1	655.0	0.15267175572519084
chr9	-96	3	705.0	0.425531914893617
chr9	-95	1	753.0	0.13280212483399734
chr9	-94	1	797.0	0.12547051442910914
chr9	-93	1	846.0	0.1182033096926714
chr9	-92	4	902.0	0.4434589800443459
chr9	-91	1	956.0	0.10460251046025104
chr9	-90	2	1017.0	0.19665683382497542
chr9	-89	0	1079.0	0.0
chr9	-88	1	1124.0	0.0889679715302491
chr9	-87	1	1181.0	0.0846740050804403
chr9	-86	4	1238.0	0.32310177705977383
chr9	-85	5	1282.0	0.39001560062402496
chr9	-84	1	1331.0	0.07513148009015778
chr9	-83	4	1383.0	0.28922631959508316
chr9	-82	6	1430.0	0.4195804195804196
chr9	-81	9	1463.0	0.6151742993848257
chr9	-80	3	1524.0	0.19685039370078738
chr9	-79	4	1569.0	0.25493945188017847
chr9	-78	3	1625.0	0.1846153846153846
chr9	-77	3	1672.0	0.17942583732057416
chr9	-76	2	1712.0	0.11682242990654204
chr9	-75	7	1765.0	0.39660056657223797
chr9	-74	2	1829.0	0.10934937124111535
chr9	-73	6	1883.0	0.3186404673393521
chr9	-72	5	1929.0	0.2592016588906169
chr9	-71	7	1963.0	0.3565970453387672
chr9	-70	6	2011.0	0.29835902536051717
chr9	-69	12	2058.0	0.5830903790087464
chr9	-68	2	2113.0	0.09465215333648841
chr9	-67	6	2166.0	0.2770083102493075
chr9	-66	2	2211.0	0.09045680687471733
chr9	-65	8	2267.0	0.35288928098808997
chr9	-64	14	2327.0	0.6016330038676407
chr9	-63	8	2391.0	0.3345880384776244
chr9	-62	11	2437.0	0.45137464095199015
chr9	-61	6	2492.0	0.2407704654895666
chr9	-60	9	2545.0	0.35363457760314343
chr9	-59	21	2605.0	0.8061420345489444
chr9	-58	7	2654.0	0.26375282592313487
chr9	-57	10	2695.0	0.3710575139146568
chr9	-56	8	2750.0	0.2909090909090909
chr9	-55	8	2799.0	0.285816362986781
chr9	-54	5	2840.0	0.17605633802816903
chr9	-53	12	2904.0	0.4132231404958678
chr9	-52	7	2956.0	0.2368064952638701
chr9	-51	13	3007.0	0.4323245759893582
chr9	-50	5	3060.0	0.16339869281045752
chr9	-49	5	3117.0	0.16041065126724416
chr9	-48	10	3179.0	0.31456432840515886
chr9	-47	8	3244.0	0.2466091245376079
chr9	-46	13	3286.0	0.39561777236762025
chr9	-45	8	3326.0	0.24052916416115455
chr9	-44	4	3374.0	0.11855364552459988
chr9	-43	10	3420.0	0.29239766081871343
chr9	-42	16	3465.0	0.46176046176046176
chr9	-41	13	3517.0	0.3696332101222633
chr9	-40	23	3569.0	0.644438217988232
chr9	-39	31	3612.0	0.858250276854928
chr9	-38	8	3657.0	0.21875854525567404
chr9	-37	16	3708.0	0.4314994606256742
chr9	-36	16	3757.0	0.42587170614852277
chr9	-35	13	3819.0	0.34040324692327834
chr9	-34	9	3881.0	0.23189899510435455
chr9	-33	12	3945.0	0.3041825095057034
chr9	-32	17	3999.0	0.42510627656914224
chr9	-31	13	4057.0	0.32043381809218635
chr9	-30	7	4128.0	0.1695736434108527
chr9	-29	11	4177.0	0.26334689968877184
chr9	-28	9	4227.0	0.21291696238466998
chr9	-27	13	4275.0	0.30409356725146197
chr9	-26	21	4333.0	0.48465266558966075
chr9	-25	23	4372.0	0.526075022872827
chr9	-24	9	4413.0	0.20394289598912305
chr9	-23	16	4451.0	0.3594697820714446
chr9	-22	16	4488.0	0.35650623885918004
chr9	-21	14	4549.0	0.3077599472411519
chr9	-20	25	4600.0	0.5434782608695652
chr9	-19	11	4652.0	0.23645743766122096
chr9	-18	14	4698.0	0.29799914857386123
chr9	-17	10	4749.0	0.21057064645188464
chr9	-16	8	4791.0	0.1669797537048633
chr9	-15	18	4839.0	0.3719776813391197
chr9	-14	23	4889.0	0.47044385354878293
chr9	-13	17	4945.0	0.34378159757330634
chr9	-12	23	4985.0	0.4613841524573721
chr9	-11	18	5024.0	0.3582802547770701
chr9	-10	21	5076.0	0.41371158392434987
chr9	-9	20	5076.0	0.3940110323089046
chr9	-8	15	5070.0	0.2958579881656805
chr9	-7	25	5071.0	0.4929994084007099
chr9	-6	23	5064.0	0.45418641390205367
chr9	-5	15	5070.0	0.2958579881656805
chr9	-4	19	5077.0	0.3742367539885759
chr9	-3	21	5077.0	0.4136300965136892
chr9	-2	18	5072.0	0.3548895899053628
chr9	-1	19	5074.0	0.3744580212849823
chr9	0	64	4948.0	1.2934518997574778
chr9	1	36	4898.0	0.7349938750510413
chr9	2	34	4835.0	0.703205791106515
chr9	3	34	4770.0	0.7127882599580713
chr9	4	22	4717.0	0.4663981344074624
chr9	5	30	4664.0	0.6432246998284734
chr9	6	29	4613.0	0.6286581400390201
chr9	7	24	4565.0	0.5257393209200438
chr9	8	45	4513.0	0.9971194327498338
chr9	9	39	4464.0	0.8736559139784945
chr9	10	29	4410.0	0.6575963718820862
chr9	11	32	4361.0	0.7337766567301077
chr9	12	26	4316.0	0.6024096385542169
chr9	13	35	4272.0	0.8192883895131086
chr9	14	23	4224.0	0.5445075757575758
chr9	15	23	4174.0	0.5510301868711068
chr9	16	24	4136.0	0.5802707930367506
chr9	17	25	4076.0	0.6133464180569186
chr9	18	25	4030.0	0.620347394540943
chr9	19	25	3977.0	0.6286145335680161
chr9	20	17	3936.0	0.4319105691056911
chr9	21	38	3889.0	0.977114939573155
chr9	22	24	3831.0	0.6264682850430697
chr9	23	23	3781.0	0.608304681301243
chr9	24	21	3723.0	0.5640612409347301
chr9	25	26	3675.0	0.7074829931972789
chr9	26	15	3626.0	0.4136789851075565
chr9	27	32	3570.0	0.8963585434173669
chr9	28	18	3518.0	0.511654349061967
chr9	29	14	3467.0	0.4038073262186328
chr9	30	37	3418.0	1.0825043885313048
chr9	31	17	3351.0	0.5073112503730229
chr9	32	30	3303.0	0.9082652134423252
chr9	33	19	3264.0	0.5821078431372549
chr9	34	26	3199.0	0.8127539856205065
chr9	35	18	3148.0	0.5717916137229987
chr9	36	31	3096.0	1.0012919896640826
chr9	37	18	3019.0	0.5962239152037099
chr9	38	28	2984.0	0.938337801608579
chr9	39	28	2939.0	0.9527050017012589
chr9	40	9	2883.0	0.31217481789802287
chr9	41	23	2833.0	0.8118602188492764
chr9	42	18	2780.0	0.6474820143884892
chr9	43	26	2737.0	0.9499451954694921
chr9	44	27	2683.0	1.006336190831159
chr9	45	19	2640.0	0.7196969696969697
chr9	46	18	2582.0	0.69713400464756
chr9	47	15	2525.0	0.594059405940594
chr9	48	16	2475.0	0.6464646464646464
chr9	49	10	2425.0	0.4123711340206186
chr9	50	22	2374.0	0.9267059814658803
chr9	51	19	2330.0	0.8154506437768241
chr9	52	13	2295.0	0.5664488017429194
chr9	53	12	2248.0	0.5338078291814947
chr9	54	25	2192.0	1.1405109489051095
chr9	55	15	2144.0	0.6996268656716418
chr9	56	22	2088.0	1.053639846743295
chr9	57	12	2038.0	0.5888125613346418
chr9	58	16	1980.0	0.8080808080808081
chr9	59	9	1913.0	0.4704652378463147
chr9	60	19	1862.0	1.0204081632653061
chr9	61	13	1802.0	0.7214206437291898
chr9	62	8	1759.0	0.45480386583285953
chr9	63	17	1708.0	0.9953161592505856
chr9	64	9	1648.0	0.5461165048543689
chr9	65	6	1588.0	0.3778337531486146
chr9	66	16	1534.0	1.0430247718383312
chr9	67	6	1484.0	0.40431266846361186
chr9	68	25	1438.0	1.7385257301808066
chr9	69	8	1400.0	0.5714285714285714
chr9	70	3	1352.0	0.22189349112426035
chr9	71	13	1305.0	0.996168582375479
chr9	72	10	1260.0	0.7936507936507936
chr9	73	7	1215.0	0.5761316872427984
chr9	74	14	1166.0	1.2006861063464835
chr9	75	13	1112.0	1.169064748201439
chr9	76	8	1062.0	0.7532956685499058
chr9	77	9	1008.0	0.8928571428571428
chr9	78	5	962.0	0.5197505197505198
chr9	79	7	910.0	0.7692307692307693
chr9	80	4	861.0	0.4645760743321719
chr9	81	5	810.0	0.6172839506172839
chr9	82	4	756.0	0.5291005291005291
chr9	83	3	699.0	0.4291845493562232
chr9	84	11	657.0	1.67427701674277
chr9	85	4	613.0	0.6525285481239804
chr9	86	2	573.0	0.34904013961605584
chr9	87	3	529.0	0.5671077504725899
chr9	88	0	488.0	0.0
chr9	89	9	443.0	2.0316027088036117
chr9	90	1	401.0	0.24937655860349126
chr9	91	4	362.0	1.1049723756906076
chr9	92	4	330.0	1.2121212121212122
chr9	93	2	298.0	0.6711409395973155
chr9	94	6	271.0	2.214022140221402
chr9	95	3	241.0	1.2448132780082988
chr9	96	3	218.0	1.3761467889908259
chr9	97	1	194.0	0.5154639175257731
chr9	98	2	163.0	1.2269938650306749
chr9	99	0	146.0	0.0
chr9	100	1	120.0	0.8333333333333334
chr9	101	2	102.0	1.9607843137254901
chr9	102	0	88.0	0.0
chr9	103	0	73.0	0.0
chr9	104	0	60.0	0.0
chr9	105	0	48.0	0.0
chr9	106	1	35.0	2.857142857142857
chr9	107	0	31.0	0.0
chr9	108	0	21.0	0.0
chr9	109	0	13.0	0.0
chr9	110	0	10.0	0.0
chr9	111	0	9.0	0.0
chr9	112	1	4.0	25.0
chr9	113	0	2.0	0.0
chr9	114	0	0.0	nan
chr9	115	0	0.0	nan
chr9	116	0	0.0	nan
chr9	117	0	0.0	nan
chr9	118	0	0.0	nan
chr9	119	0	0.0	nan
chr9	120	0	0.0	nan
chr9	121	0	0.0	nan
chr9	122	0	0.0	nan
chr9	123	0	0.0	nan
chr9	124	0	0.0	nan
chr10	-135	0	1.0	0.0
chr10	-134	0	1.0	0.0
chr10	-133	0	1.0	0.0
chr10	-132	0	1.0	0.0
chr10	-131	0	1.0	0.0
chr10	-130	0	1.0	0.0
chr10	-129	0	1.0	0.0
chr10	-128	0	1.0	0.0
chr10	-127	0	2.0	0.0
chr10	-126	0	2.0	0.0
chr10	-125	0	2.0	0.0
chr10	-124	0	6.0	0.0
chr10	-123	0	10.0	0.0
chr10	-122	0	18.0	0.0
chr10	-121	0	23.0	0.0
chr10	-120	0	35.0	0.0
chr10	-119	0	43.0	0.0
chr10	-118	0	60.0	0.0
chr10	-117	0	73.0	0.0
chr10	-116	1	91.0	1.098901098901099
chr10	-115	0	109.0	0.0
chr10	-114	0	127.0	0.0
chr10	-113	1	140.0	0.7142857142857143
chr10	-112	0	175.0	0.0
chr10	-111	0	208.0	0.0
chr10	-110	0	246.0	0.0
chr10	-109	0	290.0	0.0
chr10	-108	0	327.0	0.0
chr10	-107	1	374.0	0.267379679144385
chr10	-106	1	421.0	0.23752969121140144
chr10	-105	1	460.0	0.21739130434782608
chr10	-104	0	505.0	0.0
chr10	-103	1	535.0	0.1869158878504673
chr10	-102	0	596.0	0.0
chr10	-101	2	647.0	0.3091190108191654
chr10	-100	1	704.0	0.14204545454545456
chr10	-99	4	761.0	0.5256241787122208
chr10	-98	1	815.0	0.1226993865030675
chr10	-97	3	870.0	0.3448275862068966
chr10	-96	6	939.0	0.6389776357827476
chr10	-95	2	1002.0	0.19960079840319359
chr10	-94	0	1066.0	0.0
chr10	-93	3	1139.0	0.2633889376646181
chr10	-92	2	1205.0	0.16597510373443983
chr10	-91	4	1266.0	0.315955766192733
chr10	-90	3	1332.0	0.22522522522522523
chr10	-89	3	1405.0	0.21352313167259787
chr10	-88	3	1480.0	0.20270270270270271
chr10	-87	2	1535.0	0.13029315960912052
chr10	-86	3	1600.0	0.1875
chr10	-85	4	1668.0	0.2398081534772182
chr10	-84	4	1730.0	0.23121387283236997
chr10	-83	3	1794.0	0.16722408026755853
chr10	-82	10	1849.0	0.5408328826392644
chr10	-81	3	1915.0	0.1566579634464752
chr10	-80	1	1982.0	0.050454086781029264
chr10	-79	7	2051.0	0.3412969283276451
chr10	-78	1	2124.0	0.047080979284369114
chr10	-77	6	2194.0	0.27347310847766637
chr10	-76	2	2261.0	0.08845643520566121
chr10	-75	0	2317.0	0.0
chr10	-74	0	2368.0	0.0
chr10	-73	5	2450.0	0.20408163265306123
chr10	-72	10	2518.0	0.3971405877680699
chr10	-71	10	2589.0	0.3862495171881035
chr10	-70	5	2650.0	0.18867924528301888
chr10	-69	5	2710.0	0.18450184501845018
chr10	-68	9	2760.0	0.32608695652173914
chr10	-67	2	2827.0	0.07074637424831977
chr10	-66	6	2892.0	0.2074688796680498
chr10	-65	4	2952.0	0.13550135501355012
chr10	-64	10	3018.0	0.33134526176275675
chr10	-63	6	3086.0	0.19442644199611148
chr10	-62	10	3149.0	0.31756113051762463
chr10	-61	11	3211.0	0.3425724073497353
chr10	-60	13	3264.0	0.39828431372549017
chr10	-59	7	3334.0	0.20995800839832035
chr10	-58	10	3381.0	0.29577048210588586
chr10	-57	8	3450.0	0.2318840579710145
chr10	-56	6	3520.0	0.17045454545454544
chr10	-55	8	3594.0	0.22259321090706735
chr10	-54	9	3647.0	0.24677817384151354
chr10	-53	11	3715.0	0.2960969044414536
chr10	-52	5	3765.0	0.13280212483399734
chr10	-51	10	3841.0	0.2603488674824264
chr10	-50	8	3896.0	0.20533880903490762
chr10	-49	10	3959.0	0.2525890376357666
chr10	-48	8	4040.0	0.19801980198019803
chr10	-47	8	4105.0	0.194884287454324
chr10	-46	4	4165.0	0.09603841536614646
chr10	-45	4	4235.0	0.09445100354191263
chr10	-44	12	4290.0	0.27972027972027974
chr10	-43	9	4352.0	0.2068014705882353
chr10	-42	10	4423.0	0.22609088853719198
chr10	-41	11	4491.0	0.2449343130705856
chr10	-40	18	4583.0	0.39275583678813003
chr10	-39	12	4657.0	0.2576766158471119
chr10	-38	12	4738.0	0.2532714225411566
chr10	-37	9	4800.0	0.1875
chr10	-36	17	4854.0	0.35022661722290893
chr10	-35	14	4912.0	0.28501628664495116
chr10	-34	16	4962.0	0.32245062474808545
chr10	-33	16	5033.0	0.3179018478044904
chr10	-32	12	5097.0	0.23543260741612712
chr10	-31	19	5150.0	0.36893203883495146
chr10	-30	16	5224.0	0.3062787136294028
chr10	-29	8	5292.0	0.15117157974300832
chr10	-28	21	5349.0	0.3925967470555244
chr10	-27	29	5411.0	0.5359452966180004
chr10	-26	12	5474.0	0.21921812203142127
chr10	-25	13	5544.0	0.2344877344877345
chr10	-24	17	5604.0	0.30335474660956463
chr10	-23	24	5680.0	0.42253521126760557
chr10	-22	20	5762.0	0.3471017007983339
chr10	-21	8	5832.0	0.1371742112482853
chr10	-20	40	5887.0	0.6794632240529982
chr10	-19	23	5963.0	0.38571188998826095
chr10	-18	11	6013.0	0.18293696989855313
chr10	-17	16	6083.0	0.26302811112937696
chr10	-16	16	6136.0	0.2607561929595828
chr10	-15	18	6203.0	0.29018216991778173
chr10	-14	16	6256.0	0.2557544757033248
chr10	-13	21	6318.0	0.33238366571699907
chr10	-12	33	6364.0	0.518541797611565
chr10	-11	30	6426.0	0.4668534080298786
chr10	-10	34	6478.0	0.5248533497993207
chr10	-9	16	6480.0	0.24691358024691357
chr10	-8	15	6480.0	0.23148148148148145
chr10	-7	40	6479.0	0.6173792251890724
chr10	-6	18	6477.0	0.2779064381658175
chr10	-5	21	6485.0	0.3238242097147263
chr10	-4	53	6482.0	0.8176488738043814
chr10	-3	18	6482.0	0.2776920703486578
chr10	-2	24	6481.0	0.3703132232680142
chr10	-1	26	6481.0	0.4011726585403487
chr10	0	116	6312.0	1.837769328263625
chr10	1	50	6253.0	0.7996161842315689
chr10	2	38	6185.0	0.6143896523848019
chr10	3	67	6121.0	1.0945923868648912
chr10	4	55	6054.0	0.9084902543772712
chr10	5	28	5989.0	0.46752379362163965
chr10	6	49	5916.0	0.828262339418526
chr10	7	33	5844.0	0.5646817248459959
chr10	8	31	5765.0	0.5377276669557676
chr10	9	33	5697.0	0.5792522380200106
chr10	10	64	5641.0	1.134550611593689
chr10	11	49	5571.0	0.8795548375516065
chr10	12	30	5503.0	0.5451571869889151
chr10	13	40	5436.0	0.7358351729212657
chr10	14	33	5377.0	0.6137251255346847
chr10	15	30	5320.0	0.5639097744360901
chr10	16	35	5265.0	0.6647673314339981
chr10	17	31	5197.0	0.5964979796036175
chr10	18	44	5135.0	0.8568646543330088
chr10	19	41	5067.0	0.8091572922834025
chr10	20	28	4993.0	0.5607850991387944
chr10	21	41	4938.0	0.8302956662616444
chr10	22	39	4875.0	0.8
chr10	23	29	4810.0	0.6029106029106029
chr10	24	31	4738.0	0.6542845082313212
chr10	25	30	4673.0	0.6419858763107211
chr10	26	38	4610.0	0.824295010845987
chr10	27	36	4540.0	0.7929515418502203
chr10	28	28	4472.0	0.6261180679785331
chr10	29	26	4402.0	0.5906406179009541
chr10	30	15	4329.0	0.3465003465003465
chr10	31	24	4274.0	0.5615348619560131
chr10	32	24	4217.0	0.5691249703580745
chr10	33	35	4149.0	0.8435767654856591
chr10	34	17	4092.0	0.4154447702834799
chr10	35	31	4034.0	0.7684680218145761
chr10	36	27	3955.0	0.6826801517067004
chr10	37	26	3890.0	0.6683804627249357
chr10	38	24	3825.0	0.6274509803921569
chr10	39	29	3768.0	0.7696390658174098
chr10	40	32	3713.0	0.8618367896579585
chr10	41	22	3641.0	0.6042296072507553
chr10	42	22	3582.0	0.6141820212171971
chr10	43	24	3529.0	0.6800793425899688
chr10	44	28	3465.0	0.8080808080808081
chr10	45	27	3411.0	0.79155672823219
chr10	46	24	3345.0	0.7174887892376681
chr10	47	14	3274.0	0.42761148442272445
chr10	48	31	3214.0	0.9645301804604853
chr10	49	21	3153.0	0.6660323501427212
chr10	50	18	3083.0	0.5838469023678236
chr10	51	27	3028.0	0.8916776750330251
chr10	52	20	2955.0	0.676818950930626
chr10	53	15	2889.0	0.5192107995846313
chr10	54	9	2827.0	0.31835868411743895
chr10	55	17	2763.0	0.6152732537097358
chr10	56	23	2696.0	0.8531157270029673
chr10	57	21	2630.0	0.7984790874524715
chr10	58	25	2576.0	0.9704968944099378
chr10	59	22	2511.0	0.8761449621664675
chr10	60	25	2439.0	1.025010250102501
chr10	61	15	2374.0	0.6318449873631002
chr10	62	21	2315.0	0.9071274298056156
chr10	63	6	2250.0	0.26666666666666666
chr10	64	19	2187.0	0.8687700045724738
chr10	65	20	2130.0	0.9389671361502347
chr10	66	16	2076.0	0.7707129094412332
chr10	67	22	2001.0	1.0994502748625687
chr10	68	12	1937.0	0.619514713474445
chr10	69	8	1852.0	0.4319654427645789
chr10	70	19	1783.0	1.065619742007852
chr10	71	10	1722.0	0.5807200929152149
chr10	72	15	1656.0	0.9057971014492754
chr10	73	11	1566.0	0.70242656449553
chr10	74	6	1486.0	0.4037685060565276
chr10	75	8	1443.0	0.5544005544005544
chr10	76	8	1387.0	0.5767844268204758
chr10	77	11	1329.0	0.8276899924755455
chr10	78	7	1269.0	0.5516154452324665
chr10	79	6	1200.0	0.5
chr10	80	5	1127.0	0.44365572315882873
chr10	81	14	1052.0	1.3307984790874523
chr10	82	6	998.0	0.6012024048096193
chr10	83	6	930.0	0.6451612903225806
chr10	84	5	868.0	0.5760368663594471
chr10	85	8	822.0	0.9732360097323601
chr10	86	4	779.0	0.5134788189987163
chr10	87	5	731.0	0.6839945280437756
chr10	88	4	687.0	0.5822416302765648
chr10	89	10	637.0	1.5698587127158554
chr10	90	3	592.0	0.5067567567567568
chr10	91	3	545.0	0.5504587155963303
chr10	92	2	497.0	0.4024144869215292
chr10	93	4	444.0	0.9009009009009009
chr10	94	4	396.0	1.0101010101010102
chr10	95	4	357.0	1.1204481792717087
chr10	96	1	317.0	0.31545741324921134
chr10	97	2	284.0	0.7042253521126761
chr10	98	3	244.0	1.2295081967213115
chr10	99	1	220.0	0.45454545454545453
chr10	100	2	179.0	1.1173184357541899
chr10	101	1	153.0	0.6535947712418301
chr10	102	2	129.0	1.550387596899225
chr10	103	0	113.0	0.0
chr10	104	1	92.0	1.0869565217391304
chr10	105	0	73.0	0.0
chr10	106	0	57.0	0.0
chr10	107	3	37.0	8.108108108108109
chr10	108	0	24.0	0.0
chr10	109	0	12.0	0.0
chr10	110	0	9.0	0.0
chr10	111	0	8.0	0.0
chr10	112	0	4.0	0.0
chr10	113	0	2.0	0.0
chr10	114	0	0.0	nan
chr10	115	0	0.0	nan
chr10	116	0	0.0	nan
chr10	117	0	0.0	nan
chr10	118	0	0.0	nan
chr10	119	0	0.0	nan
chr10	120	0	0.0	nan
chr10	121	0	0.0	nan
chr10	122	0	0.0	nan
chr10	123	0	0.0	nan
chr10	124	0	0.0	nan
chr10	125	0	0.0	nan
chr10	126	0	0.0	nan
chr10	127	0	0.0	nan
chr10	128	0	0.0	nan
chr10	129	0	0.0	nan
chr11	-123	0	4.0	0.0
chr11	-122	0	8.0	0.0
chr11	-121	0	13.0	0.0
chr11	-120	0	20.0	0.0
chr11	-119	0	23.0	0.0
chr11	-118	0	27.0	0.0
chr11	-117	0	33.0	0.0
chr11	-116	0	41.0	0.0
chr11	-115	0	59.0	0.0
chr11	-114	0	75.0	0.0
chr11	-113	0	92.0	0.0
chr11	-112	0	106.0	0.0
chr11	-111	0	125.0	0.0
chr11	-110	0	140.0	0.0
chr11	-109	0	166.0	0.0
chr11	-108	2	185.0	1.0810810810810811
chr11	-107	0	207.0	0.0
chr11	-106	0	226.0	0.0
chr11	-105	1	257.0	0.38910505836575876
chr11	-104	0	290.0	0.0
chr11	-103	1	325.0	0.3076923076923077
chr11	-102	1	363.0	0.27548209366391185
chr11	-101	1	393.0	0.2544529262086514
chr11	-100	1	424.0	0.2358490566037736
chr11	-99	0	454.0	0.0
chr11	-98	3	491.0	0.6109979633401221
chr11	-97	1	527.0	0.18975332068311196
chr11	-96	0	565.0	0.0
chr11	-95	1	605.0	0.1652892561983471
chr11	-94	1	647.0	0.1545595054095827
chr11	-93	1	684.0	0.14619883040935672
chr11	-92	2	724.0	0.2762430939226519
chr11	-91	7	766.0	0.9138381201044387
chr11	-90	2	812.0	0.24630541871921183
chr11	-89	0	858.0	0.0
chr11	-88	3	906.0	0.33112582781456956
chr11	-87	1	956.0	0.10460251046025104
chr11	-86	7	993.0	0.7049345417925479
chr11	-85	3	1035.0	0.2898550724637681
chr11	-84	1	1068.0	0.09363295880149813
chr11	-83	3	1110.0	0.2702702702702703
chr11	-82	1	1155.0	0.08658008658008658
chr11	-81	4	1194.0	0.33500837520938026
chr11	-80	3	1237.0	0.2425222312045271
chr11	-79	7	1273.0	0.5498821681068342
chr11	-78	2	1313.0	0.15232292460015232
chr11	-77	6	1359.0	0.44150110375275936
chr11	-76	7	1399.0	0.5003573981415297
chr11	-75	0	1440.0	0.0
chr11	-74	1	1481.0	0.0675219446320054
chr11	-73	2	1513.0	0.13218770654329146
chr11	-72	4	1564.0	0.2557544757033248
chr11	-71	2	1608.0	0.12437810945273632
chr11	-70	3	1639.0	0.18303843807199513
chr11	-69	2	1685.0	0.11869436201780414
chr11	-68	3	1719.0	0.17452006980802792
chr11	-67	3	1765.0	0.16997167138810199
chr11	-66	1	1817.0	0.0550357732526142
chr11	-65	3	1861.0	0.16120365394948952
chr11	-64	6	1915.0	0.3133159268929504
chr11	-63	0	1962.0	0.0
chr11	-62	5	2007.0	0.2491280518186348
chr11	-61	8	2051.0	0.39005363237445145
chr11	-60	2	2085.0	0.09592326139088729
chr11	-59	1	2121.0	0.04714757190004715
chr11	-58	6	2160.0	0.2777777777777778
chr11	-57	1	2201.0	0.045433893684688774
chr11	-56	3	2241.0	0.13386880856760375
chr11	-55	4	2286.0	0.17497812773403326
chr11	-54	8	2331.0	0.3432003432003432
chr11	-53	4	2364.0	0.1692047377326565
chr11	-52	10	2414.0	0.4142502071251036
chr11	-51	4	2455.0	0.1629327902240326
chr11	-50	8	2495.0	0.32064128256513025
chr11	-49	3	2534.0	0.11838989739542227
chr11	-48	6	2580.0	0.23255813953488372
chr11	-47	9	2614.0	0.34429992348890587
chr11	-46	5	2659.0	0.188040616773223
chr11	-45	4	2697.0	0.14831294030404152
chr11	-44	14	2738.0	0.5113221329437546
chr11	-43	8	2796.0	0.28612303290414876
chr11	-42	6	2832.0	0.211864406779661
chr11	-41	11	2879.0	0.38207711010767625
chr11	-40	8	2921.0	0.27387880862718245
chr11	-39	8	2956.0	0.2706359945872801
chr11	-38	12	3007.0	0.39906883937479215
chr11	-37	7	3049.0	0.22958346999016072
chr11	-36	10	3094.0	0.3232062055591467
chr11	-35	8	3147.0	0.2542103590721322
chr11	-34	10	3187.0	0.31377470975839344
chr11	-33	11	3235.0	0.3400309119010819
chr11	-32	17	3265.0	0.5206738131699847
chr11	-31	11	3306.0	0.33272837265577737
chr11	-30	4	3340.0	0.11976047904191617
chr11	-29	2	3391.0	0.058979652020053085
chr11	-28	10	3418.0	0.29256875365710944
chr11	-27	9	3463.0	0.2598902685532775
chr11	-26	8	3493.0	0.22902948754652158
chr11	-25	8	3540.0	0.22598870056497175
chr11	-24	13	3580.0	0.36312849162011174
chr11	-23	11	3628.0	0.3031973539140022
chr11	-22	8	3662.0	0.21845985800109227
chr11	-21	20	3710.0	0.5390835579514826
chr11	-20	7	3747.0	0.1868161195623165
chr11	-19	13	3780.0	0.3439153439153439
chr11	-18	11	3821.0	0.287882753205967
chr11	-17	24	3863.0	0.6212787988609888
chr11	-16	13	3900.0	0.33333333333333337
chr11	-15	5	3947.0	0.12667848999239928
chr11	-14	10	3982.0	0.25113008538422904
chr11	-13	4	4020.0	0.09950248756218905
chr11	-12	13	4061.0	0.3201181974883034
chr11	-11	12	4107.0	0.2921840759678598
chr11	-10	22	4137.0	0.5317863185883491
chr11	-9	13	4137.0	0.3142373700749335
chr11	-8	10	4137.0	0.241721053903795
chr11	-7	9	4137.0	0.21754894851341552
chr11	-6	18	4137.0	0.43509789702683105
chr11	-5	15	4137.0	0.36258158085569253
chr11	-4	13	4138.0	0.3141614306428226
chr11	-3	5	4137.0	0.1208605269518975
chr11	-2	21	4138.0	0.5074915418076366
chr11	-1	24	4138.0	0.5799903334944417
chr11	0	54	4021.0	1.3429495150460085
chr11	1	27	3971.0	0.6799294887937547
chr11	2	18	3935.0	0.45743329097839897
chr11	3	21	3897.0	0.5388760585065435
chr11	4	19	3864.0	0.4917184265010352
chr11	5	15	3813.0	0.3933910306845004
chr11	6	31	3766.0	0.8231545406266596
chr11	7	7	3718.0	0.18827326519634213
chr11	8	26	3676.0	0.7072905331882481
chr11	9	29	3636.0	0.7975797579757976
chr11	10	17	3586.0	0.4740658114891244
chr11	11	20	3540.0	0.5649717514124294
chr11	12	12	3489.0	0.34393809114359414
chr11	13	15	3456.0	0.4340277777777778
chr11	14	13	3420.0	0.38011695906432746
chr11	15	13	3372.0	0.3855278766310795
chr11	16	23	3336.0	0.6894484412470023
chr11	17	30	3300.0	0.9090909090909091
chr11	18	23	3256.0	0.7063882063882064
chr11	19	28	3204.0	0.8739076154806492
chr11	20	20	3165.0	0.631911532385466
chr11	21	18	3121.0	0.5767382249279077
chr11	22	22	3086.0	0.712896953985742
chr11	23	29	3035.0	0.9555189456342669
chr11	24	17	2994.0	0.5678022712090849
chr11	25	19	2941.0	0.6460387623257395
chr11	26	16	2902.0	0.5513439007580978
chr11	27	14	2859.0	0.48968170689052115
chr11	28	19	2821.0	0.673520028358738
chr11	29	17	2778.0	0.6119510439164867
chr11	30	9	2740.0	0.3284671532846715
chr11	31	11	2704.0	0.4068047337278107
chr11	32	17	2662.0	0.6386175807663411
chr11	33	17	2618.0	0.6493506493506493
chr11	34	13	2576.0	0.5046583850931677
chr11	35	22	2535.0	0.8678500986193294
chr11	36	7	2498.0	0.28022417934347477
chr11	37	15	2456.0	0.6107491856677525
chr11	38	13	2406.0	0.5403158769742311
chr11	39	19	2372.0	0.8010118043844857
chr11	40	12	2324.0	0.5163511187607573
chr11	41	11	2276.0	0.4833040421792618
chr11	42	4	2239.0	0.1786511835640911
chr11	43	18	2202.0	0.8174386920980926
chr11	44	7	2150.0	0.32558139534883723
chr11	45	14	2109.0	0.6638217164532955
chr11	46	11	2075.0	0.5301204819277108
chr11	47	7	2040.0	0.3431372549019608
chr11	48	12	2001.0	0.5997001499250375
chr11	49	6	1961.0	0.3059663437021928
chr11	50	9	1923.0	0.46801872074883
chr11	51	8	1889.0	0.42350449973530974
chr11	52	8	1831.0	0.43691971600218454
chr11	53	16	1786.0	0.8958566629339306
chr11	54	8	1754.0	0.45610034207525657
chr11	55	9	1705.0	0.5278592375366569
chr11	56	13	1654.0	0.7859733978234582
chr11	57	13	1616.0	0.8044554455445545
chr11	58	10	1573.0	0.6357279084551812
chr11	59	10	1534.0	0.651890482398957
chr11	60	14	1495.0	0.9364548494983277
chr11	61	4	1451.0	0.2756719503790489
chr11	62	3	1412.0	0.2124645892351275
chr11	63	8	1374.0	0.5822416302765648
chr11	64	11	1330.0	0.8270676691729323
chr11	65	4	1282.0	0.31201248049922
chr11	66	6	1246.0	0.4815409309791332
chr11	67	3	1202.0	0.24958402662229617
chr11	68	8	1154.0	0.6932409012131715
chr11	69	6	1111.0	0.54005400540054
chr11	70	5	1084.0	0.46125461254612543
chr11	71	6	1041.0	0.5763688760806917
chr11	72	8	996.0	0.8032128514056224
chr11	73	5	940.0	0.5319148936170213
chr11	74	7	896.0	0.78125
chr11	75	7	860.0	0.813953488372093
chr11	76	4	811.0	0.4932182490752158
chr11	77	6	780.0	0.7692307692307693
chr11	78	4	741.0	0.5398110661268556
chr11	79	2	709.0	0.2820874471086037
chr11	80	9	666.0	1.3513513513513513
chr11	81	4	623.0	0.6420545746388443
chr11	82	2	582.0	0.3436426116838488
chr11	83	3	546.0	0.5494505494505495
chr11	84	7	523.0	1.338432122370937
chr11	85	4	485.0	0.8247422680412372
chr11	86	1	461.0	0.21691973969631237
chr11	87	2	431.0	0.46403712296983757
chr11	88	0	395.0	0.0
chr11	89	2	354.0	0.5649717514124294
chr11	90	2	319.0	0.6269592476489028
chr11	91	1	303.0	0.33003300330033003
chr11	92	1	271.0	0.36900369003690037
chr11	93	1	244.0	0.4098360655737705
chr11	94	0	223.0	0.0
chr11	95	0	195.0	0.0
chr11	96	0	177.0	0.0
chr11	97	3	152.0	1.9736842105263157
chr11	98	1	130.0	0.7692307692307693
chr11	99	1	118.0	0.847457627118644
chr11	100	1	99.0	1.0101010101010102
chr11	101	1	85.0	1.1764705882352942
chr11	102	1	65.0	1.5384615384615385
chr11	103	0	57.0	0.0
chr11	104	0	47.0	0.0
chr11	105	0	35.0	0.0
chr11	106	1	27.0	3.7037037037037033
chr11	107	0	21.0	0.0
chr11	108	0	16.0	0.0
chr11	109	0	10.0	0.0
chr11	110	0	7.0	0.0
chr11	111	0	4.0	0.0
chr11	112	0	2.0	0.0
chr11	113	0	1.0	0.0
chr11	114	0	0.0	nan
chr11	115	0	0.0	nan
chr11	116	0	0.0	nan
chr11	117	0	0.0	nan
chr11	118	0	0.0	nan
chr11	119	0	0.0	nan
chr11	120	0	0.0	nan
chr11	121	0	0.0	nan
chr11	122	0	0.0	nan
chr11	123	0	0.0	nan
chr11	124	0	0.0	nan
chr12	-124	0	2.0	0.0
chr12	-123	0	8.0	0.0
chr12	-122	0	10.0	0.0
chr12	-121	0	12.0	0.0
chr12	-120	0	14.0	0.0
chr12	-119	0	22.0	0.0
chr12	-118	0	27.0	0.0
chr12	-117	0	38.0	0.0
chr12	-116	0	44.0	0.0
chr12	-115	0	59.0	0.0
chr12	-114	0	67.0	0.0
chr12	-113	0	76.0	0.0
chr12	-112	0	93.0	0.0
chr12	-111	1	109.0	0.9174311926605505
chr12	-110	0	111.0	0.0
chr12	-109	0	125.0	0.0
chr12	-108	0	143.0	0.0
chr12	-107	0	157.0	0.0
chr12	-106	0	176.0	0.0
chr12	-105	0	187.0	0.0
chr12	-104	0	207.0	0.0
chr12	-103	0	223.0	0.0
chr12	-102	0	240.0	0.0
chr12	-101	0	255.0	0.0
chr12	-100	0	271.0	0.0
chr12	-99	0	285.0	0.0
chr12	-98	0	308.0	0.0
chr12	-97	1	323.0	0.30959752321981426
chr12	-96	0	350.0	0.0
chr12	-95	0	368.0	0.0
chr12	-94	2	387.0	0.516795865633075
chr12	-93	2	401.0	0.4987531172069825
chr12	-92	0	424.0	0.0
chr12	-91	2	448.0	0.4464285714285714
chr12	-90	0	475.0	0.0
chr12	-89	1	499.0	0.2004008016032064
chr12	-88	2	533.0	0.37523452157598497
chr12	-87	2	560.0	0.35714285714285715
chr12	-86	0	590.0	0.0
chr12	-85	0	628.0	0.0
chr12	-84	0	655.0	0.0
chr12	-83	7	687.0	1.0189228529839884
chr12	-82	2	717.0	0.2789400278940028
chr12	-81	1	743.0	0.13458950201884254
chr12	-80	0	768.0	0.0
chr12	-79	1	798.0	0.12531328320802004
chr12	-78	3	823.0	0.3645200486026731
chr12	-77	0	858.0	0.0
chr12	-76	2	877.0	0.22805017103762829
chr12	-75	0	906.0	0.0
chr12	-74	6	936.0	0.641025641025641
chr12	-73	5	964.0	0.5186721991701244
chr12	-72	2	996.0	0.2008032128514056
chr12	-71	2	1026.0	0.1949317738791423
chr12	-70	4	1047.0	0.38204393505253104
chr12	-69	0	1076.0	0.0
chr12	-68	1	1100.0	0.09090909090909091
chr12	-67	4	1133.0	0.353045013239188
chr12	-66	8	1165.0	0.6866952789699571
chr12	-65	4	1190.0	0.33613445378151263
chr12	-64	4	1215.0	0.3292181069958848
chr12	-63	1	1238.0	0.08077544426494346
chr12	-62	2	1260.0	0.15873015873015872
chr12	-61	1	1286.0	0.07776049766718507
chr12	-60	4	1301.0	0.3074558032282859
chr12	-59	2	1329.0	0.15048908954100826
chr12	-58	2	1365.0	0.14652014652014653
chr12	-57	4	1385.0	0.2888086642599278
chr12	-56	3	1424.0	0.21067415730337077
chr12	-55	2	1455.0	0.13745704467353953
chr12	-54	0	1489.0	0.0
chr12	-53	4	1518.0	0.2635046113306983
chr12	-52	0	1541.0	0.0
chr12	-51	4	1572.0	0.2544529262086514
chr12	-50	1	1592.0	0.06281407035175879
chr12	-49	1	1620.0	0.06172839506172839
chr12	-48	2	1648.0	0.12135922330097086
chr12	-47	4	1660.0	0.24096385542168677
chr12	-46	4	1685.0	0.2373887240356083
chr12	-45	4	1714.0	0.2333722287047841
chr12	-44	1	1750.0	0.05714285714285715
chr12	-43	12	1788.0	0.6711409395973155
chr12	-42	3	1817.0	0.1651073197578426
chr12	-41	3	1840.0	0.16304347826086957
chr12	-40	0	1876.0	0.0
chr12	-39	5	1899.0	0.2632964718272775
chr12	-38	5	1915.0	0.26109660574412535
chr12	-37	0	1938.0	0.0
chr12	-36	2	1967.0	0.10167768174885612
chr12	-35	7	2001.0	0.3498250874562719
chr12	-34	5	2020.0	0.24752475247524752
chr12	-33	3	2043.0	0.14684287812041116
chr12	-32	3	2071.0	0.14485755673587639
chr12	-31	9	2096.0	0.42938931297709926
chr12	-30	6	2132.0	0.28142589118198874
chr12	-29	5	2155.0	0.23201856148491878
chr12	-28	6	2184.0	0.27472527472527475
chr12	-27	1	2203.0	0.04539264639128461
chr12	-26	7	2221.0	0.31517334533993696
chr12	-25	13	2244.0	0.5793226381461676
chr12	-24	5	2275.0	0.21978021978021978
chr12	-23	4	2299.0	0.17398869073510223
chr12	-22	6	2315.0	0.2591792656587473
chr12	-21	5	2345.0	0.21321961620469082
chr12	-20	2	2371.0	0.08435259384226065
chr12	-19	7	2393.0	0.29251984956122024
chr12	-18	3	2415.0	0.12422360248447205
chr12	-17	2	2450.0	0.0816326530612245
chr12	-16	3	2479.0	0.12101653892698667
chr12	-15	9	2504.0	0.35942492012779553
chr12	-14	8	2526.0	0.3167062549485352
chr12	-13	7	2550.0	0.27450980392156865
chr12	-12	11	2576.0	0.42701863354037267
chr12	-11	7	2594.0	0.2698535080956052
chr12	-10	4	2610.0	0.15325670498084293
chr12	-9	7	2610.0	0.2681992337164751
chr12	-8	6	2610.0	0.22988505747126436
chr12	-7	16	2610.0	0.6130268199233717
chr12	-6	15	2610.0	0.5747126436781609
chr12	-5	22	2608.0	0.843558282208589
chr12	-4	3	2610.0	0.11494252873563218
chr12	-3	12	2610.0	0.45977011494252873
chr12	-2	11	2610.0	0.42145593869731796
chr12	-1	17	2605.0	0.6525911708253359
chr12	0	50	2528.0	1.9778481012658229
chr12	1	24	2506.0	0.9577015163607342
chr12	2	21	2486.0	0.8447304907481898
chr12	3	19	2461.0	0.7720438845997561
chr12	4	30	2441.0	1.2290045063498567
chr12	5	18	2412.0	0.7462686567164178
chr12	6	24	2380.0	1.0084033613445378
chr12	7	13	2359.0	0.5510809665112336
chr12	8	10	2333.0	0.42863266180882986
chr12	9	8	2302.0	0.3475238922675934
chr12	10	18	2282.0	0.7887817703768624
chr12	11	30	2252.0	1.3321492007104796
chr12	12	9	2227.0	0.4041311180960934
chr12	13	18	2202.0	0.8174386920980926
chr12	14	18	2185.0	0.8237986270022883
chr12	15	13	2162.0	0.6012950971322849
chr12	16	10	2136.0	0.46816479400749067
chr12	17	18	2109.0	0.8534850640113799
chr12	18	15	2090.0	0.7177033492822966
chr12	19	13	2066.0	0.6292352371732818
chr12	20	12	2037.0	0.5891016200294551
chr12	21	14	2004.0	0.6986027944111777
chr12	22	6	1974.0	0.303951367781155
chr12	23	21	1935.0	1.0852713178294573
chr12	24	15	1912.0	0.7845188284518828
chr12	25	27	1890.0	1.4285714285714286
chr12	26	11	1867.0	0.5891805034815212
chr12	27	10	1846.0	0.5417118093174431
chr12	28	10	1805.0	0.554016620498615
chr12	29	10	1784.0	0.5605381165919282
chr12	30	13	1749.0	0.7432818753573471
chr12	31	8	1723.0	0.4643064422518862
chr12	32	8	1698.0	0.47114252061248524
chr12	33	14	1668.0	0.8393285371702638
chr12	34	12	1644.0	0.7299270072992701
chr12	35	11	1619.0	0.6794317479925881
chr12	36	8	1589.0	0.5034612964128383
chr12	37	9	1561.0	0.5765534913516976
chr12	38	13	1533.0	0.8480104370515329
chr12	39	6	1503.0	0.39920159680638717
chr12	40	7	1478.0	0.4736129905277402
chr12	41	4	1451.0	0.2756719503790489
chr12	42	12	1424.0	0.8426966292134831
chr12	43	8	1398.0	0.5722460658082975
chr12	44	2	1363.0	0.1467351430667645
chr12	45	16	1341.0	1.193139448173005
chr12	46	13	1319.0	0.9855951478392722
chr12	47	8	1291.0	0.6196746707978312
chr12	48	3	1267.0	0.23677979479084454
chr12	49	7	1235.0	0.5668016194331984
chr12	50	7	1211.0	0.5780346820809248
chr12	51	11	1178.0	0.9337860780984719
chr12	52	6	1147.0	0.5231037489102005
chr12	53	4	1115.0	0.35874439461883406
chr12	54	7	1081.0	0.6475485661424607
chr12	55	12	1066.0	1.125703564727955
chr12	56	5	1022.0	0.4892367906066536
chr12	57	12	999.0	1.2012012012012012
chr12	58	5	975.0	0.5128205128205128
chr12	59	5	948.0	0.5274261603375527
chr12	60	4	908.0	0.4405286343612335
chr12	61	7	880.0	0.7954545454545454
chr12	62	7	853.0	0.8206330597889802
chr12	63	11	822.0	1.338199513381995
chr12	64	12	808.0	1.4851485148514851
chr12	65	6	782.0	0.7672634271099744
chr12	66	3	761.0	0.39421813403416556
chr12	67	2	733.0	0.2728512960436562
chr12	68	6	704.0	0.8522727272727272
chr12	69	3	682.0	0.43988269794721413
chr12	70	4	645.0	0.6201550387596899
chr12	71	2	622.0	0.3215434083601286
chr12	72	4	592.0	0.6756756756756757
chr12	73	2	561.0	0.35650623885918004
chr12	74	2	539.0	0.3710575139146568
chr12	75	4	519.0	0.7707129094412332
chr12	76	7	497.0	1.4084507042253522
chr12	77	0	469.0	0.0
chr12	78	8	440.0	1.8181818181818181
chr12	79	3	416.0	0.7211538461538461
chr12	80	1	383.0	0.26109660574412535
chr12	81	5	357.0	1.400560224089636
chr12	82	7	334.0	2.095808383233533
chr12	83	2	313.0	0.6389776357827476
chr12	84	4	287.0	1.3937282229965158
chr12	85	1	258.0	0.3875968992248062
chr12	86	4	235.0	1.702127659574468
chr12	87	2	218.0	0.9174311926605505
chr12	88	2	200.0	1.0
chr12	89	1	187.0	0.53475935828877
chr12	90	1	171.0	0.5847953216374269
chr12	91	0	159.0	0.0
chr12	92	2	142.0	1.4084507042253522
chr12	93	5	126.0	3.968253968253968
chr12	94	0	116.0	0.0
chr12	95	0	103.0	0.0
chr12	96	0	93.0	0.0
chr12	97	1	89.0	1.1235955056179776
chr12	98	0	77.0	0.0
chr12	99	1	65.0	1.5384615384615385
chr12	100	0	60.0	0.0
chr12	101	0	47.0	0.0
chr12	102	1	40.0	2.5
chr12	103	1	35.0	2.857142857142857
chr12	104	1	32.0	3.125
chr12	105	0	28.0	0.0
chr12	106	0	21.0	0.0
chr12	107	0	12.0	0.0
chr12	108	0	9.0	0.0
chr12	109	0	6.0	0.0
chr12	110	1	5.0	20.0
chr12	111	0	3.0	0.0
chr12	112	0	0.0	nan
chr12	113	0	0.0	nan
chr12	114	0	0.0	nan
chr12	115	0	0.0	nan
chr12	116	0	0.0	nan
chr12	117	0	0.0	nan
chr12	118	0	0.0	nan
chr12	119	0	0.0	nan
chr12	120	0	0.0	nan
chr12	121	0	0.0	nan
chr12	122	0	0.0	nan
chr17	-131	0	1.0	0.0
chr17	-130	0	1.0	0.0
chr17	-129	0	1.0	0.0
chr17	-128	0	1.0	0.0
chr17	-127	0	1.0	0.0
chr17	-126	0	1.0	0.0
chr17	-125	0	4.0	0.0
chr17	-124	0	14.0	0.0
chr17	-123	0	27.0	0.0
chr17	-122	0	48.0	0.0
chr17	-121	0	59.0	0.0
chr17	-120	0	81.0	0.0
chr17	-119	0	99.0	0.0
chr17	-118	0	143.0	0.0
chr17	-117	0	183.0	0.0
chr17	-116	0	224.0	0.0
chr17	-115	0	267.0	0.0
chr17	-114	0	327.0	0.0
chr17	-113	1	385.0	0.2597402597402597
chr17	-112	0	435.0	0.0
chr17	-111	1	529.0	0.1890359168241966
chr17	-110	1	631.0	0.15847860538827258
chr17	-109	1	721.0	0.13869625520110956
chr17	-108	1	807.0	0.12391573729863693
chr17	-107	1	903.0	0.11074197120708748
chr17	-106	4	1021.0	0.3917727717923604
chr17	-105	0	1136.0	0.0
chr17	-104	1	1268.0	0.07886435331230283
chr17	-103	1	1391.0	0.07189072609633358
chr17	-102	1	1517.0	0.06591957811470006
chr17	-101	6	1679.0	0.357355568790947
chr17	-100	1	1820.0	0.054945054945054944
chr17	-99	1	1964.0	0.05091649694501018
chr17	-98	4	2123.0	0.18841262364578426
chr17	-97	3	2309.0	0.12992637505413598
chr17	-96	5	2457.0	0.20350020350020348
chr17	-95	2	2613.0	0.07654037504783774
chr17	-94	4	2808.0	0.14245014245014245
chr17	-93	4	3003.0	0.1332001332001332
chr17	-92	7	3168.0	0.22095959595959594
chr17	-91	6	3356.0	0.17878426698450536
chr17	-90	8	3548.0	0.2254791431792559
chr17	-89	4	3738.0	0.1070090957731407
chr17	-88	6	3938.0	0.15236160487557138
chr17	-87	14	4123.0	0.3395585738539898
chr17	-86	4	4324.0	0.09250693802035154
chr17	-85	11	4514.0	0.24368630926007973
chr17	-84	11	4716.0	0.23324851569126379
chr17	-83	12	4929.0	0.24345709068776628
chr17	-82	8	5114.0	0.1564333202972233
chr17	-81	17	5302.0	0.3206337231233497
chr17	-80	11	5478.0	0.2008032128514056
chr17	-79	10	5688.0	0.17580872011251758
chr17	-78	14	5904.0	0.23712737127371272
chr17	-77	15	6077.0	0.24683231857824586
chr17	-76	17	6267.0	0.2712621669060156
chr17	-75	13	6458.0	0.20130071229482813
chr17	-74	24	6630.0	0.36199095022624433
chr17	-73	8	6813.0	0.11742257448994568
chr17	-72	16	6969.0	0.22958817620892524
chr17	-71	16	7155.0	0.22361984626135567
chr17	-70	14	7313.0	0.1914399015451935
chr17	-69	17	7513.0	0.22627445760681486
chr17	-68	20	7694.0	0.25994281258123214
chr17	-67	16	7890.0	0.20278833967046894
chr17	-66	15	8067.0	0.1859427296392711
chr17	-65	15	8242.0	0.18199466148992963
chr17	-64	30	8418.0	0.3563791874554526
chr17	-63	27	8616.0	0.31337047353760444
chr17	-62	15	8793.0	0.17059024223814398
chr17	-61	36	8972.0	0.4012483281319661
chr17	-60	20	9139.0	0.218842324105482
chr17	-59	22	9324.0	0.23595023595023595
chr17	-58	33	9516.0	0.3467843631778058
chr17	-57	24	9703.0	0.24734618159332167
chr17	-56	30	9897.0	0.3031221582297666
chr17	-55	30	10093.0	0.29723570791637766
chr17	-54	28	10278.0	0.27242654212881884
chr17	-53	43	10486.0	0.4100705702841884
chr17	-52	44	10682.0	0.41190788241902265
chr17	-51	16	10864.0	0.14727540500736377
chr17	-50	30	11066.0	0.2711006687149828
chr17	-49	27	11245.0	0.2401067140951534
chr17	-48	32	11437.0	0.27979365218151614
chr17	-47	32	11621.0	0.2753635659581791
chr17	-46	24	11796.0	0.20345879959308238
chr17	-45	26	11967.0	0.21726414306008188
chr17	-44	43	12163.0	0.3535312011839184
chr17	-43	35	12343.0	0.28356153285262903
chr17	-42	36	12516.0	0.28763183125599234
chr17	-41	41	12706.0	0.3226821973870612
chr17	-40	33	12904.0	0.25573465592064476
chr17	-39	27	13094.0	0.20620131357873836
chr17	-38	42	13268.0	0.3165511003919204
chr17	-37	34	13477.0	0.25228166505898936
chr17	-36	42	13650.0	0.3076923076923077
chr17	-35	49	13845.0	0.3539183820873962
chr17	-34	33	14041.0	0.2350259952994801
chr17	-33	40	14231.0	0.28107652308340947
chr17	-32	35	14409.0	0.24290374071760704
chr17	-31	40	14611.0	0.27376634042844433
chr17	-30	45	14793.0	0.3041979314540661
chr17	-29	37	14964.0	0.24726009088479017
chr17	-28	38	15165.0	0.25057698648203103
chr17	-27	45	15368.0	0.2928162415408641
chr17	-26	50	15565.0	0.32123353678123995
chr17	-25	61	15759.0	0.387080398502443
chr17	-24	50	15932.0	0.3138337936228973
chr17	-23	58	16120.0	0.3598014888337469
chr17	-22	85	16312.0	0.5210887690044139
chr17	-21	91	16493.0	0.5517492269447645
chr17	-20	40	16660.0	0.24009603841536614
chr17	-19	61	16829.0	0.36246954661596054
chr17	-18	46	17010.0	0.2704291593180482
chr17	-17	57	17230.0	0.3308183401044689
chr17	-16	50	17405.0	0.2872737719046251
chr17	-15	69	17557.0	0.39300563877655637
chr17	-14	53	17727.0	0.2989789586506459
chr17	-13	93	17913.0	0.519176017417518
chr17	-12	41	18087.0	0.22668214739868414
chr17	-11	72	18277.0	0.39393773595228976
chr17	-10	69	18461.0	0.373760901359623
chr17	-9	56	18464.0	0.30329289428076256
chr17	-8	61	18458.0	0.3304800086683281
chr17	-7	70	18465.0	0.37909558624424583
chr17	-6	64	18464.0	0.34662045060658575
chr17	-5	62	18465.0	0.33577037638776064
chr17	-4	55	18457.0	0.29798992252262013
chr17	-3	64	18459.0	0.34671433988840133
chr17	-2	57	18454.0	0.3088761244174705
chr17	-1	96	18447.0	0.5204098227354041
chr17	0	277	17919.0	1.545845192254032
chr17	1	140	17713.0	0.7903799469316322
chr17	2	106	17516.0	0.6051609956611099
chr17	3	116	17326.0	0.6695140251644927
chr17	4	113	17145.0	0.6590842811315253
chr17	5	111	16948.0	0.6549445362284636
chr17	6	173	16754.0	1.0325892324221082
chr17	7	100	16570.0	0.6035003017501509
chr17	8	116	16368.0	0.7086999022482893
chr17	9	97	16183.0	0.5993944262497682
chr17	10	117	15999.0	0.7312957059816239
chr17	11	94	15808.0	0.5946356275303644
chr17	12	127	15604.0	0.8138938733658038
chr17	13	133	15429.0	0.8620130922289195
chr17	14	112	15277.0	0.7331282319827191
chr17	15	100	15095.0	0.6624710168930109
chr17	16	92	14917.0	0.6167459945029161
chr17	17	112	14743.0	0.7596825612154922
chr17	18	81	14551.0	0.5566627723180537
chr17	19	84	14348.0	0.5854474491218289
chr17	20	96	14151.0	0.6783972864108544
chr17	21	103	13937.0	0.7390399655593026
chr17	22	121	13752.0	0.879872018615474
chr17	23	116	13536.0	0.8569739952718677
chr17	24	106	13353.0	0.7938291020744402
chr17	25	78	13174.0	0.5920752998330044
chr17	26	101	12995.0	0.7772220084647942
chr17	27	92	12804.0	0.718525460793502
chr17	28	78	12621.0	0.6180175897314001
chr17	29	97	12438.0	0.7798681460041808
chr17	30	63	12234.0	0.5149583128984796
chr17	31	86	12046.0	0.7139299352482152
chr17	32	85	11855.0	0.7169970476592155
chr17	33	75	11661.0	0.6431695394906097
chr17	34	83	11477.0	0.7231855014376579
chr17	35	67	11293.0	0.5932878774462056
chr17	36	62	11106.0	0.5582567981271385
chr17	37	96	10934.0	0.8779952441924272
chr17	38	81	10752.0	0.7533482142857143
chr17	39	90	10582.0	0.8505008505008506
chr17	40	82	10399.0	0.7885373593614772
chr17	41	74	10215.0	0.7244248653940284
chr17	42	64	10023.0	0.6385313778309887
chr17	43	58	9848.0	0.5889520714865963
chr17	44	54	9681.0	0.5577936163619461
chr17	45	66	9493.0	0.6952491309385863
chr17	46	61	9316.0	0.6547874624302276
chr17	47	68	9130.0	0.7447973713033954
chr17	48	60	8962.0	0.6694934166480696
chr17	49	54	8777.0	0.6152443887433063
chr17	50	65	8615.0	0.7544979686593152
chr17	51	71	8409.0	0.8443334522535378
chr17	52	55	8216.0	0.669425511197663
chr17	53	61	8009.0	0.7616431514546136
chr17	54	46	7829.0	0.5875590752331077
chr17	55	54	7647.0	0.7061592781482934
chr17	56	59	7446.0	0.7923717432178351
chr17	57	44	7265.0	0.6056434962147281
chr17	58	41	7086.0	0.5786057013830087
chr17	59	49	6889.0	0.7112788503411236
chr17	60	51	6693.0	0.761990138951143
chr17	61	39	6515.0	0.5986185725249424
chr17	62	37	6319.0	0.5855356860262699
chr17	63	30	6146.0	0.48812235600390497
chr17	64	45	5958.0	0.7552870090634441
chr17	65	34	5768.0	0.5894590846047156
chr17	66	27	5568.0	0.4849137931034483
chr17	67	32	5401.0	0.5924828735419367
chr17	68	34	5224.0	0.6508422664624809
chr17	69	31	5044.0	0.6145915939730373
chr17	70	46	4850.0	0.9484536082474228
chr17	71	36	4644.0	0.7751937984496124
chr17	72	26	4462.0	0.5826983415508741
chr17	73	34	4300.0	0.7906976744186046
chr17	74	27	4121.0	0.6551807813637467
chr17	75	27	3961.0	0.681646048977531
chr17	76	35	3760.0	0.9308510638297872
chr17	77	29	3562.0	0.8141493542953397
chr17	78	29	3385.0	0.8567208271787298
chr17	79	18	3190.0	0.5642633228840125
chr17	80	19	3006.0	0.6320691949434464
chr17	81	25	2835.0	0.8818342151675485
chr17	82	21	2671.0	0.786222388618495
chr17	83	22	2494.0	0.8821170809943866
chr17	84	16	2327.0	0.6875805758487323
chr17	85	18	2161.0	0.8329477093937991
chr17	86	21	2029.0	1.0349926071956628
chr17	87	10	1895.0	0.5277044854881267
chr17	88	13	1739.0	0.7475560667050029
chr17	89	9	1588.0	0.5667506297229219
chr17	90	10	1440.0	0.6944444444444444
chr17	91	7	1301.0	0.5380476556495004
chr17	92	10	1191.0	0.8396305625524769
chr17	93	4	1085.0	0.3686635944700461
chr17	94	3	963.0	0.3115264797507788
chr17	95	13	851.0	1.527614571092832
chr17	96	8	760.0	1.0526315789473684
chr17	97	8	668.0	1.1976047904191618
chr17	98	4	593.0	0.6745362563237773
chr17	99	3	491.0	0.6109979633401221
chr17	100	7	417.0	1.6786570743405276
chr17	101	3	345.0	0.8695652173913043
chr17	102	2	273.0	0.7326007326007326
chr17	103	1	217.0	0.4608294930875576
chr17	104	2	180.0	1.1111111111111112
chr17	105	1	146.0	0.684931506849315
chr17	106	1	114.0	0.8771929824561403
chr17	107	0	85.0	0.0
chr17	108	2	76.0	2.631578947368421
chr17	109	0	49.0	0.0
chr17	110	0	30.0	0.0
chr17	111	1	14.0	7.142857142857142
chr17	112	0	6.0	0.0
chr17	113	0	2.0	0.0
chr17	114	0	0.0	nan
chr17	115	0	0.0	nan
chr17	116	0	0.0	nan
chr17	117	0	0.0	nan
chr17	118	0	0.0	nan
chr17	119	0	0.0	nan
chr17	120	0	0.0	nan
chr17	121	0	0.0	nan
chr17	122	0	0.0	nan
chr17	123	0	0.0	nan
chr17	124	0	0.0	nan
chr17	125	0	0.0	nan
chr17	126	0	0.0	nan
chr17	127	0	0.0	nan
chr17	128	0	0.0	nan
chr17	129	0	0.0	nan
chr17	130	0	0.0	nan
chr17	131	0	0.0	nan
chr17	132	0	0.0	nan
chr17	133	0	0.0	nan
chr17	134	0	0.0	nan
chr17	135	0	0.0	nan
chr17	136	0	0.0	nan
chr17	137	0	0.0	nan
chr17	138	0	0.0	nan
chr17	139	0	0.0	nan
chr17	140	0	0.0	nan
chr18	-125	0	1.0	0.0
chr18	-124	0	3.0	0.0
chr18	-123	0	5.0	0.0
chr18	-122	0	6.0	0.0
chr18	-121	0	7.0	0.0
chr18	-120	0	10.0	0.0
chr18	-119	0	11.0	0.0
chr18	-118	0	12.0	0.0
chr18	-117	0	18.0	0.0
chr18	-116	0	20.0	0.0
chr18	-115	0	26.0	0.0
chr18	-114	0	33.0	0.0
chr18	-113	0	40.0	0.0
chr18	-112	0	46.0	0.0
chr18	-111	0	49.0	0.0
chr18	-110	0	53.0	0.0
chr18	-109	0	59.0	0.0
chr18	-108	0	66.0	0.0
chr18	-107	0	71.0	0.0
chr18	-106	0	80.0	0.0
chr18	-105	0	85.0	0.0
chr18	-104	0	95.0	0.0
chr18	-103	0	104.0	0.0
chr18	-102	1	107.0	0.9345794392523363
chr18	-101	1	116.0	0.8620689655172413
chr18	-100	0	128.0	0.0
chr18	-99	1	142.0	0.7042253521126761
chr18	-98	0	146.0	0.0
chr18	-97	0	165.0	0.0
chr18	-96	0	177.0	0.0
chr18	-95	1	188.0	0.5319148936170213
chr18	-94	1	199.0	0.5025125628140703
chr18	-93	0	212.0	0.0
chr18	-92	1	220.0	0.45454545454545453
chr18	-91	0	240.0	0.0
chr18	-90	0	248.0	0.0
chr18	-89	1	256.0	0.390625
chr18	-88	0	268.0	0.0
chr18	-87	0	280.0	0.0
chr18	-86	1	290.0	0.3448275862068966
chr18	-85	0	304.0	0.0
chr18	-84	0	315.0	0.0
chr18	-83	2	333.0	0.6006006006006006
chr18	-82	0	347.0	0.0
chr18	-81	1	362.0	0.2762430939226519
chr18	-80	3	374.0	0.8021390374331552
chr18	-79	0	384.0	0.0
chr18	-78	0	401.0	0.0
chr18	-77	1	412.0	0.24271844660194172
chr18	-76	0	426.0	0.0
chr18	-75	2	441.0	0.45351473922902497
chr18	-74	1	449.0	0.22271714922048996
chr18	-73	0	463.0	0.0
chr18	-72	1	479.0	0.20876826722338201
chr18	-71	1	492.0	0.20325203252032523
chr18	-70	0	502.0	0.0
chr18	-69	1	512.0	0.1953125
chr18	-68	1	517.0	0.19342359767891684
chr18	-67	1	532.0	0.18796992481203006
chr18	-66	2	544.0	0.3676470588235294
chr18	-65	1	556.0	0.1798561151079137
chr18	-64	1	567.0	0.1763668430335097
chr18	-63	0	580.0	0.0
chr18	-62	1	595.0	0.16806722689075632
chr18	-61	3	607.0	0.4942339373970346
chr18	-60	1	619.0	0.16155088852988692
chr18	-59	1	627.0	0.1594896331738437
chr18	-58	2	640.0	0.3125
chr18	-57	0	650.0	0.0
chr18	-56	3	659.0	0.4552352048558422
chr18	-55	2	669.0	0.29895366218236175
chr18	-54	0	687.0	0.0
chr18	-53	1	696.0	0.14367816091954022
chr18	-52	1	711.0	0.14064697609001406
chr18	-51	1	727.0	0.1375515818431912
chr18	-50	1	742.0	0.13477088948787064
chr18	-49	0	753.0	0.0
chr18	-48	1	769.0	0.13003901170351106
chr18	-47	2	781.0	0.2560819462227913
chr18	-46	2	793.0	0.25220680958385877
chr18	-45	3	808.0	0.3712871287128713
chr18	-44	4	818.0	0.4889975550122249
chr18	-43	0	833.0	0.0
chr18	-42	1	841.0	0.11890606420927466
chr18	-41	3	848.0	0.3537735849056604
chr18	-40	1	858.0	0.11655011655011654
chr18	-39	2	870.0	0.22988505747126436
chr18	-38	2	882.0	0.22675736961451248
chr18	-37	0	893.0	0.0
chr18	-36	0	914.0	0.0
chr18	-35	12	929.0	1.2917115177610334
chr18	-34	3	943.0	0.3181336161187699
chr18	-33	1	950.0	0.10526315789473684
chr18	-32	6	957.0	0.6269592476489028
chr18	-31	5	970.0	0.5154639175257731
chr18	-30	2	987.0	0.2026342451874367
chr18	-29	0	1009.0	0.0
chr18	-28	6	1023.0	0.5865102639296188
chr18	-27	8	1037.0	0.7714561234329798
chr18	-26	1	1055.0	0.09478672985781991
chr18	-25	10	1072.0	0.9328358208955223
chr18	-24	1	1079.0	0.09267840593141798
chr18	-23	3	1100.0	0.27272727272727276
chr18	-22	3	1117.0	0.26857654431512984
chr18	-21	12	1130.0	1.0619469026548671
chr18	-20	0	1147.0	0.0
chr18	-19	3	1154.0	0.25996533795493937
chr18	-18	1	1172.0	0.08532423208191127
chr18	-17	9	1180.0	0.7627118644067797
chr18	-16	5	1192.0	0.41946308724832215
chr18	-15	8	1203.0	0.6650041562759768
chr18	-14	2	1215.0	0.1646090534979424
chr18	-13	5	1223.0	0.4088307440719542
chr18	-12	2	1234.0	0.1620745542949757
chr18	-11	4	1244.0	0.3215434083601286
chr18	-10	4	1256.0	0.3184713375796179
chr18	-9	8	1256.0	0.6369426751592357
chr18	-8	11	1256.0	0.8757961783439491
chr18	-7	9	1256.0	0.7165605095541402
chr18	-6	1	1256.0	0.07961783439490447
chr18	-5	8	1255.0	0.6374501992031872
chr18	-4	11	1256.0	0.8757961783439491
chr18	-3	4	1256.0	0.3184713375796179
chr18	-2	5	1256.0	0.3980891719745223
chr18	-1	4	1256.0	0.3184713375796179
chr18	0	19	1224.0	1.5522875816993464
chr18	1	15	1215.0	1.2345679012345678
chr18	2	20	1205.0	1.6597510373443984
chr18	3	15	1190.0	1.2605042016806722
chr18	4	13	1183.0	1.098901098901099
chr18	5	9	1171.0	0.7685738684884714
chr18	6	16	1157.0	1.382886776145203
chr18	7	26	1146.0	2.2687609075043627
chr18	8	7	1139.0	0.6145741878841089
chr18	9	16	1127.0	1.419698314108252
chr18	10	17	1119.0	1.519213583556747
chr18	11	12	1108.0	1.083032490974729
chr18	12	8	1102.0	0.7259528130671506
chr18	13	8	1095.0	0.730593607305936
chr18	14	10	1086.0	0.9208103130755065
chr18	15	11	1075.0	1.0232558139534882
chr18	16	8	1057.0	0.7568590350047304
chr18	17	6	1041.0	0.5763688760806917
chr18	18	6	1022.0	0.5870841487279843
chr18	19	4	1006.0	0.3976143141153081
chr18	20	23	990.0	2.323232323232323
chr18	21	6	977.0	0.6141248720573182
chr18	22	2	968.0	0.2066115702479339
chr18	23	4	951.0	0.4206098843322818
chr18	24	10	934.0	1.070663811563169
chr18	25	3	925.0	0.3243243243243243
chr18	26	8	914.0	0.87527352297593
chr18	27	17	906.0	1.8763796909492272
chr18	28	3	896.0	0.33482142857142855
chr18	29	8	883.0	0.9060022650056626
chr18	30	10	873.0	1.145475372279496
chr18	31	9	855.0	1.0526315789473684
chr18	32	3	837.0	0.35842293906810035
chr18	33	3	826.0	0.36319612590799033
chr18	34	12	812.0	1.477832512315271
chr18	35	3	794.0	0.3778337531486146
chr18	36	7	785.0	0.89171974522293
chr18	37	13	771.0	1.6861219195849546
chr18	38	5	756.0	0.6613756613756614
chr18	39	6	748.0	0.8021390374331552
chr18	40	6	730.0	0.821917808219178
chr18	41	4	718.0	0.5571030640668524
chr18	42	8	706.0	1.13314447592068
chr18	43	1	694.0	0.1440922190201729
chr18	44	5	684.0	0.7309941520467835
chr18	45	6	677.0	0.8862629246676514
chr18	46	4	661.0	0.6051437216338881
chr18	47	3	642.0	0.46728971962616817
chr18	48	3	636.0	0.4716981132075472
chr18	49	5	623.0	0.8025682182985553
chr18	50	2	607.0	0.3294892915980231
chr18	51	3	602.0	0.4983388704318937
chr18	52	2	587.0	0.34071550255536626
chr18	53	5	574.0	0.8710801393728222
chr18	54	3	565.0	0.5309734513274336
chr18	55	3	558.0	0.5376344086021506
chr18	56	5	547.0	0.9140767824497258
chr18	57	4	532.0	0.7518796992481203
chr18	58	4	515.0	0.7766990291262136
chr18	59	3	507.0	0.591715976331361
chr18	60	8	493.0	1.6227180527383367
chr18	61	4	481.0	0.8316008316008316
chr18	62	0	472.0	0.0
chr18	63	2	461.0	0.43383947939262474
chr18	64	4	448.0	0.8928571428571428
chr18	65	2	434.0	0.4608294930875576
chr18	66	2	422.0	0.47393364928909953
chr18	67	1	399.0	0.2506265664160401
chr18	68	2	383.0	0.5221932114882507
chr18	69	0	374.0	0.0
chr18	70	2	355.0	0.5633802816901409
chr18	71	2	346.0	0.5780346820809248
chr18	72	2	337.0	0.5934718100890208
chr18	73	1	326.0	0.3067484662576687
chr18	74	0	307.0	0.0
chr18	75	0	294.0	0.0
chr18	76	0	282.0	0.0
chr18	77	2	271.0	0.7380073800738007
chr18	78	2	262.0	0.7633587786259541
chr18	79	4	257.0	1.556420233463035
chr18	80	1	248.0	0.4032258064516129
chr18	81	2	235.0	0.851063829787234
chr18	82	0	217.0	0.0
chr18	83	0	199.0	0.0
chr18	84	0	190.0	0.0
chr18	85	1	183.0	0.546448087431694
chr18	86	0	174.0	0.0
chr18	87	0	164.0	0.0
chr18	88	0	148.0	0.0
chr18	89	0	134.0	0.0
chr18	90	1	128.0	0.78125
chr18	91	1	118.0	0.847457627118644
chr18	92	0	106.0	0.0
chr18	93	0	98.0	0.0
chr18	94	3	92.0	3.260869565217391
chr18	95	0	82.0	0.0
chr18	96	0	68.0	0.0
chr18	97	0	63.0	0.0
chr18	98	0	54.0	0.0
chr18	99	0	47.0	0.0
chr18	100	1	39.0	2.564102564102564
chr18	101	0	30.0	0.0
chr18	102	0	28.0	0.0
chr18	103	0	24.0	0.0
chr18	104	0	19.0	0.0
chr18	105	0	12.0	0.0
chr18	106	0	9.0	0.0
chr18	107	0	9.0	0.0
chr18	108	0	5.0	0.0
chr18	109	0	4.0	0.0
chr18	110	0	2.0	0.0
chr18	111	0	2.0	0.0
chr18	112	0	2.0	0.0
chr18	113	0	0.0	nan
chr18	114	0	0.0	nan
chr18	115	0	0.0	nan
chr18	116	0	0.0	nan
chr18	117	0	0.0	nan
chr18	118	0	0.0	nan
chr18	119	0	0.0	nan
chr18	120	0	0.0	nan
chr18	121	0	0.0	nan
chr18	122	0	0.0	nan
chr18	123	0	0.0	nan
chr19	-121	0	2.0	0.0
chr19	-120	0	4.0	0.0
chr19	-119	0	4.0	0.0
chr19	-118	0	9.0	0.0
chr19	-117	0	14.0	0.0
chr19	-116	0	17.0	0.0
chr19	-115	0	20.0	0.0
chr19	-114	0	22.0	0.0
chr19	-113	0	26.0	0.0
chr19	-112	0	34.0	0.0
chr19	-111	0	38.0	0.0
chr19	-110	0	43.0	0.0
chr19	-109	0	50.0	0.0
chr19	-108	0	52.0	0.0
chr19	-107	0	62.0	0.0
chr19	-106	0	69.0	0.0
chr19	-105	0	82.0	0.0
chr19	-104	0	88.0	0.0
chr19	-103	0	95.0	0.0
chr19	-102	0	100.0	0.0
chr19	-101	0	113.0	0.0
chr19	-100	0	119.0	0.0
chr19	-99	1	132.0	0.7575757575757576
chr19	-98	0	145.0	0.0
chr19	-97	0	160.0	0.0
chr19	-96	0	170.0	0.0
chr19	-95	0	180.0	0.0
chr19	-94	0	194.0	0.0
chr19	-93	0	207.0	0.0
chr19	-92	0	221.0	0.0
chr19	-91	0	237.0	0.0
chr19	-90	2	245.0	0.8163265306122449
chr19	-89	1	265.0	0.37735849056603776
chr19	-88	2	286.0	0.6993006993006993
chr19	-87	1	290.0	0.3448275862068966
chr19	-86	0	305.0	0.0
chr19	-85	0	321.0	0.0
chr19	-84	1	329.0	0.303951367781155
chr19	-83	1	341.0	0.2932551319648094
chr19	-82	0	355.0	0.0
chr19	-81	1	371.0	0.2695417789757413
chr19	-80	2	381.0	0.5249343832020997
chr19	-79	4	398.0	1.0050251256281406
chr19	-78	0	408.0	0.0
chr19	-77	1	414.0	0.24154589371980675
chr19	-76	1	427.0	0.234192037470726
chr19	-75	1	442.0	0.22624434389140274
chr19	-74	0	456.0	0.0
chr19	-73	2	469.0	0.42643923240938164
chr19	-72	0	480.0	0.0
chr19	-71	1	497.0	0.2012072434607646
chr19	-70	1	510.0	0.19607843137254902
chr19	-69	2	526.0	0.38022813688212925
chr19	-68	1	538.0	0.18587360594795538
chr19	-67	2	547.0	0.3656307129798903
chr19	-66	0	559.0	0.0
chr19	-65	1	576.0	0.1736111111111111
chr19	-64	1	599.0	0.1669449081803005
chr19	-63	2	615.0	0.3252032520325203
chr19	-62	0	637.0	0.0
chr19	-61	2	652.0	0.3067484662576687
chr19	-60	4	665.0	0.6015037593984963
chr19	-59	0	681.0	0.0
chr19	-58	2	695.0	0.28776978417266186
chr19	-57	7	718.0	0.9749303621169917
chr19	-56	6	728.0	0.8241758241758242
chr19	-55	1	742.0	0.13477088948787064
chr19	-54	2	749.0	0.26702269692923897
chr19	-53	4	756.0	0.5291005291005291
chr19	-52	2	768.0	0.26041666666666663
chr19	-51	1	782.0	0.1278772378516624
chr19	-50	2	792.0	0.25252525252525254
chr19	-49	3	804.0	0.3731343283582089
chr19	-48	1	811.0	0.12330456226880394
chr19	-47	2	822.0	0.24330900243309003
chr19	-46	2	836.0	0.23923444976076555
chr19	-45	2	847.0	0.23612750885478156
chr19	-44	1	862.0	0.11600928074245939
chr19	-43	4	878.0	0.45558086560364464
chr19	-42	3	896.0	0.33482142857142855
chr19	-41	9	909.0	0.9900990099009901
chr19	-40	3	924.0	0.3246753246753247
chr19	-39	1	940.0	0.10638297872340426
chr19	-38	2	957.0	0.20898641588296762
chr19	-37	4	973.0	0.41109969167523125
chr19	-36	0	990.0	0.0
chr19	-35	3	999.0	0.3003003003003003
chr19	-34	3	1009.0	0.29732408325074333
chr19	-33	2	1029.0	0.1943634596695821
chr19	-32	5	1048.0	0.4770992366412214
chr19	-31	20	1059.0	1.8885741265344664
chr19	-30	11	1072.0	1.0261194029850746
chr19	-29	2	1090.0	0.1834862385321101
chr19	-28	3	1109.0	0.2705139765554554
chr19	-27	2	1130.0	0.17699115044247787
chr19	-26	1	1138.0	0.08787346221441124
chr19	-25	2	1153.0	0.17346053772766695
chr19	-24	2	1165.0	0.17167381974248927
chr19	-23	9	1173.0	0.7672634271099744
chr19	-22	5	1181.0	0.42337002540220153
chr19	-21	0	1187.0	0.0
chr19	-20	6	1193.0	0.5029337803855826
chr19	-19	2	1211.0	0.16515276630883566
chr19	-18	3	1229.0	0.24410089503661514
chr19	-17	4	1249.0	0.32025620496397117
chr19	-16	6	1270.0	0.47244094488188976
chr19	-15	6	1278.0	0.4694835680751174
chr19	-14	5	1291.0	0.3872966692486445
chr19	-13	3	1306.0	0.22970903522205208
chr19	-12	1	1321.0	0.0757002271006813
chr19	-11	7	1338.0	0.523168908819133
chr19	-10	5	1349.0	0.37064492216456635
chr19	-9	6	1349.0	0.4447739065974796
chr19	-8	3	1349.0	0.2223869532987398
chr19	-7	9	1349.0	0.6671608598962194
chr19	-6	11	1349.0	0.815418828762046
chr19	-5	6	1349.0	0.4447739065974796
chr19	-4	2	1349.0	0.14825796886582654
chr19	-3	7	1349.0	0.5189028910303929
chr19	-2	9	1349.0	0.6671608598962194
chr19	-1	8	1349.0	0.5930318754633062
chr19	0	21	1300.0	1.6153846153846154
chr19	1	11	1284.0	0.8566978193146416
chr19	2	9	1276.0	0.7053291536050157
chr19	3	12	1262.0	0.9508716323296356
chr19	4	8	1246.0	0.6420545746388443
chr19	5	7	1234.0	0.5672609400324149
chr19	6	13	1220.0	1.0655737704918031
chr19	7	9	1201.0	0.7493755203996669
chr19	8	9	1193.0	0.7544006705783739
chr19	9	15	1177.0	1.274426508071368
chr19	10	17	1168.0	1.4554794520547945
chr19	11	12	1145.0	1.0480349344978166
chr19	12	7	1129.0	0.6200177147918512
chr19	13	11	1111.0	0.9900990099009901
chr19	14	9	1099.0	0.8189262966333031
chr19	15	11	1083.0	1.0156971375807942
chr19	16	3	1072.0	0.2798507462686567
chr19	17	12	1058.0	1.1342155009451798
chr19	18	10	1045.0	0.9569377990430622
chr19	19	17	1035.0	1.6425120772946862
chr19	20	6	1028.0	0.5836575875486382
chr19	21	10	1011.0	0.9891196834817012
chr19	22	8	1004.0	0.796812749003984
chr19	23	9	985.0	0.9137055837563453
chr19	24	15	975.0	1.5384615384615385
chr19	25	8	961.0	0.8324661810613945
chr19	26	5	943.0	0.5302226935312832
chr19	27	10	931.0	1.0741138560687433
chr19	28	5	920.0	0.5434782608695652
chr19	29	6	909.0	0.6600660066006601
chr19	30	16	900.0	1.7777777777777777
chr19	31	2	884.0	0.22624434389140274
chr19	32	7	868.0	0.8064516129032258
chr19	33	10	846.0	1.1820330969267139
chr19	34	9	829.0	1.0856453558504222
chr19	35	10	814.0	1.2285012285012284
chr19	36	10	804.0	1.2437810945273633
chr19	37	5	786.0	0.6361323155216284
chr19	38	8	779.0	1.0269576379974326
chr19	39	9	766.0	1.1749347258485638
chr19	40	7	752.0	0.9308510638297872
chr19	41	6	740.0	0.8108108108108109
chr19	42	4	724.0	0.5524861878453038
chr19	43	5	708.0	0.7062146892655368
chr19	44	10	699.0	1.4306151645207439
chr19	45	4	680.0	0.5882352941176471
chr19	46	1	664.0	0.15060240963855423
chr19	47	6	644.0	0.9316770186335404
chr19	48	3	635.0	0.47244094488188976
chr19	49	3	620.0	0.4838709677419355
chr19	50	7	598.0	1.1705685618729096
chr19	51	2	592.0	0.33783783783783783
chr19	52	10	584.0	1.7123287671232876
chr19	53	2	568.0	0.35211267605633806
chr19	54	5	555.0	0.9009009009009009
chr19	55	11	542.0	2.029520295202952
chr19	56	9	529.0	1.7013232514177694
chr19	57	8	518.0	1.5444015444015444
chr19	58	6	502.0	1.1952191235059761
chr19	59	11	493.0	2.231237322515213
chr19	60	7	476.0	1.4705882352941175
chr19	61	5	465.0	1.0752688172043012
chr19	62	4	449.0	0.8908685968819599
chr19	63	3	435.0	0.6896551724137931
chr19	64	2	424.0	0.4716981132075472
chr19	65	2	411.0	0.48661800486618007
chr19	66	5	396.0	1.2626262626262625
chr19	67	4	382.0	1.0471204188481675
chr19	68	4	370.0	1.0810810810810811
chr19	69	5	351.0	1.4245014245014245
chr19	70	3	339.0	0.8849557522123894
chr19	71	5	327.0	1.529051987767584
chr19	72	4	316.0	1.2658227848101267
chr19	73	4	303.0	1.3201320132013201
chr19	74	7	292.0	2.3972602739726026
chr19	75	2	278.0	0.7194244604316548
chr19	76	3	268.0	1.1194029850746268
chr19	77	1	253.0	0.3952569169960474
chr19	78	3	241.0	1.2448132780082988
chr19	79	4	224.0	1.7857142857142856
chr19	80	0	212.0	0.0
chr19	81	0	201.0	0.0
chr19	82	1	191.0	0.5235602094240838
chr19	83	1	174.0	0.5747126436781609
chr19	84	2	159.0	1.257861635220126
chr19	85	1	149.0	0.6711409395973155
chr19	86	0	137.0	0.0
chr19	87	0	121.0	0.0
chr19	88	0	115.0	0.0
chr19	89	0	103.0	0.0
chr19	90	0	91.0	0.0
chr19	91	0	81.0	0.0
chr19	92	0	74.0	0.0
chr19	93	0	68.0	0.0
chr19	94	0	57.0	0.0
chr19	95	0	51.0	0.0
chr19	96	0	42.0	0.0
chr19	97	0	37.0	0.0
chr19	98	1	33.0	3.0303030303030303
chr19	99	0	30.0	0.0
chr19	100	0	27.0	0.0
chr19	101	0	23.0	0.0
chr19	102	0	20.0	0.0
chr19	103	0	16.0	0.0
chr19	104	0	12.0	0.0
chr19	105	0	9.0	0.0
chr19	106	0	8.0	0.0
chr19	107	0	7.0	0.0
chr19	108	0	3.0	0.0
chr19	109	0	2.0	0.0
chr19	110	0	1.0	0.0
chr19	111	0	1.0	0.0
chr19	112	0	1.0	0.0
chr19	113	0	0.0	nan
chr19	114	0	0.0	nan
chr19	115	0	0.0	nan
chr19	116	0	0.0	nan
chr19	117	0	0.0	nan
chr19	118	0	0.0	nan
chr19	119	0	0.0	nan
chr19	120	0	0.0	nan
chr19	121	0	0.0	nan
chr19	122	0	0.0	nan
chr19	123	0	0.0	nan
chr20	-123	0	3.0	0.0
chr20	-122	0	4.0	0.0
chr20	-121	0	4.0	0.0
chr20	-120	0	4.0	0.0
chr20	-119	0	4.0	0.0
chr20	-118	0	4.0	0.0
chr20	-117	0	4.0	0.0
chr20	-116	0	5.0	0.0
chr20	-115	0	5.0	0.0
chr20	-114	0	6.0	0.0
chr20	-113	0	7.0	0.0
chr20	-112	0	10.0	0.0
chr20	-111	0	12.0	0.0
chr20	-110	0	13.0	0.0
chr20	-109	0	14.0	0.0
chr20	-108	0	14.0	0.0
chr20	-107	0	15.0	0.0
chr20	-106	0	15.0	0.0
chr20	-105	0	17.0	0.0
chr20	-104	0	22.0	0.0
chr20	-103	0	28.0	0.0
chr20	-102	0	33.0	0.0
chr20	-101	0	35.0	0.0
chr20	-100	0	40.0	0.0
chr20	-99	0	42.0	0.0
chr20	-98	0	45.0	0.0
chr20	-97	0	52.0	0.0
chr20	-96	0	55.0	0.0
chr20	-95	0	59.0	0.0
chr20	-94	1	62.0	1.6129032258064515
chr20	-93	0	68.0	0.0
chr20	-92	0	69.0	0.0
chr20	-91	0	71.0	0.0
chr20	-90	0	72.0	0.0
chr20	-89	0	76.0	0.0
chr20	-88	0	78.0	0.0
chr20	-87	0	80.0	0.0
chr20	-86	1	81.0	1.2345679012345678
chr20	-85	0	83.0	0.0
chr20	-84	1	88.0	1.1363636363636365
chr20	-83	0	90.0	0.0
chr20	-82	1	91.0	1.098901098901099
chr20	-81	0	93.0	0.0
chr20	-80	0	95.0	0.0
chr20	-79	2	98.0	2.0408163265306123
chr20	-78	0	99.0	0.0
chr20	-77	1	102.0	0.9803921568627451
chr20	-76	0	105.0	0.0
chr20	-75	0	110.0	0.0
chr20	-74	1	114.0	0.8771929824561403
chr20	-73	0	118.0	0.0
chr20	-72	0	120.0	0.0
chr20	-71	0	124.0	0.0
chr20	-70	0	124.0	0.0
chr20	-69	0	126.0	0.0
chr20	-68	0	129.0	0.0
chr20	-67	1	133.0	0.7518796992481203
chr20	-66	0	137.0	0.0
chr20	-65	0	139.0	0.0
chr20	-64	0	141.0	0.0
chr20	-63	0	151.0	0.0
chr20	-62	0	151.0	0.0
chr20	-61	0	158.0	0.0
chr20	-60	0	161.0	0.0
chr20	-59	1	163.0	0.6134969325153374
chr20	-58	0	163.0	0.0
chr20	-57	0	165.0	0.0
chr20	-56	0	168.0	0.0
chr20	-55	2	169.0	1.183431952662722
chr20	-54	0	175.0	0.0
chr20	-53	0	175.0	0.0
chr20	-52	0	176.0	0.0
chr20	-51	2	178.0	1.1235955056179776
chr20	-50	0	181.0	0.0
chr20	-49	1	182.0	0.5494505494505495
chr20	-48	4	189.0	2.1164021164021163
chr20	-47	3	190.0	1.5789473684210527
chr20	-46	1	193.0	0.5181347150259068
chr20	-45	0	196.0	0.0
chr20	-44	0	197.0	0.0
chr20	-43	0	200.0	0.0
chr20	-42	1	203.0	0.49261083743842365
chr20	-41	0	205.0	0.0
chr20	-40	0	209.0	0.0
chr20	-39	0	209.0	0.0
chr20	-38	0	210.0	0.0
chr20	-37	1	210.0	0.4761904761904762
chr20	-36	1	212.0	0.4716981132075472
chr20	-35	1	216.0	0.4629629629629629
chr20	-34	1	219.0	0.45662100456621
chr20	-33	0	222.0	0.0
chr20	-32	0	228.0	0.0
chr20	-31	1	230.0	0.43478260869565216
chr20	-30	6	234.0	2.564102564102564
chr20	-29	1	234.0	0.4273504273504274
chr20	-28	0	238.0	0.0
chr20	-27	2	238.0	0.8403361344537815
chr20	-26	4	241.0	1.6597510373443984
chr20	-25	1	245.0	0.40816326530612246
chr20	-24	1	249.0	0.4016064257028112
chr20	-23	2	250.0	0.8
chr20	-22	2	254.0	0.7874015748031495
chr20	-21	2	258.0	0.7751937984496124
chr20	-20	5	259.0	1.9305019305019304
chr20	-19	2	260.0	0.7692307692307693
chr20	-18	2	261.0	0.7662835249042145
chr20	-17	1	265.0	0.37735849056603776
chr20	-16	1	266.0	0.37593984962406013
chr20	-15	2	271.0	0.7380073800738007
chr20	-14	0	277.0	0.0
chr20	-13	1	279.0	0.35842293906810035
chr20	-12	1	282.0	0.3546099290780142
chr20	-11	0	285.0	0.0
chr20	-10	1	291.0	0.3436426116838488
chr20	-9	5	291.0	1.718213058419244
chr20	-8	2	291.0	0.6872852233676976
chr20	-7	0	291.0	0.0
chr20	-6	0	291.0	0.0
chr20	-5	1	291.0	0.3436426116838488
chr20	-4	0	291.0	0.0
chr20	-3	0	291.0	0.0
chr20	-2	2	286.0	0.6993006993006993
chr20	-1	1	286.0	0.34965034965034963
chr20	0	1	267.0	0.37453183520599254
chr20	1	2	264.0	0.7575757575757576
chr20	2	1	265.0	0.37735849056603776
chr20	3	2	261.0	0.7662835249042145
chr20	4	2	260.0	0.7692307692307693
chr20	5	0	257.0	0.0
chr20	6	0	251.0	0.0
chr20	7	0	248.0	0.0
chr20	8	1	246.0	0.40650406504065045
chr20	9	1	244.0	0.4098360655737705
chr20	10	1	240.0	0.4166666666666667
chr20	11	0	235.0	0.0
chr20	12	3	230.0	1.3043478260869565
chr20	13	1	227.0	0.4405286343612335
chr20	14	0	226.0	0.0
chr20	15	0	219.0	0.0
chr20	16	2	218.0	0.9174311926605505
chr20	17	0	215.0	0.0
chr20	18	2	212.0	0.9433962264150944
chr20	19	0	209.0	0.0
chr20	20	1	207.0	0.4830917874396135
chr20	21	2	207.0	0.966183574879227
chr20	22	0	205.0	0.0
chr20	23	2	203.0	0.9852216748768473
chr20	24	0	200.0	0.0
chr20	25	2	198.0	1.0101010101010102
chr20	26	2	194.0	1.0309278350515463
chr20	27	0	193.0	0.0
chr20	28	0	189.0	0.0
chr20	29	4	186.0	2.1505376344086025
chr20	30	3	183.0	1.639344262295082
chr20	31	2	179.0	1.1173184357541899
chr20	32	1	177.0	0.5649717514124294
chr20	33	0	176.0	0.0
chr20	34	1	173.0	0.5780346820809248
chr20	35	0	172.0	0.0
chr20	36	0	168.0	0.0
chr20	37	1	163.0	0.6134969325153374
chr20	38	2	158.0	1.2658227848101267
chr20	39	3	156.0	1.9230769230769231
chr20	40	1	155.0	0.6451612903225806
chr20	41	0	151.0	0.0
chr20	42	3	147.0	2.0408163265306123
chr20	43	0	142.0	0.0
chr20	44	1	137.0	0.7299270072992701
chr20	45	2	136.0	1.4705882352941175
chr20	46	4	135.0	2.9629629629629632
chr20	47	5	129.0	3.875968992248062
chr20	48	1	126.0	0.7936507936507936
chr20	49	0	123.0	0.0
chr20	50	1	122.0	0.819672131147541
chr20	51	1	120.0	0.8333333333333334
chr20	52	0	119.0	0.0
chr20	53	2	117.0	1.7094017094017095
chr20	54	0	112.0	0.0
chr20	55	0	111.0	0.0
chr20	56	0	105.0	0.0
chr20	57	1	104.0	0.9615384615384616
chr20	58	0	99.0	0.0
chr20	59	0	99.0	0.0
chr20	60	1	97.0	1.0309278350515463
chr20	61	0	95.0	0.0
chr20	62	0	92.0	0.0
chr20	63	1	91.0	1.098901098901099
chr20	64	0	85.0	0.0
chr20	65	0	82.0	0.0
chr20	66	0	79.0	0.0
chr20	67	0	79.0	0.0
chr20	68	2	77.0	2.5974025974025974
chr20	69	0	74.0	0.0
chr20	70	1	73.0	1.36986301369863
chr20	71	0	66.0	0.0
chr20	72	0	64.0	0.0
chr20	73	0	62.0	0.0
chr20	74	0	60.0	0.0
chr20	75	0	60.0	0.0
chr20	76	0	59.0	0.0
chr20	77	0	54.0	0.0
chr20	78	1	51.0	1.9607843137254901
chr20	79	0	49.0	0.0
chr20	80	3	47.0	6.382978723404255
chr20	81	0	44.0	0.0
chr20	82	1	42.0	2.380952380952381
chr20	83	0	40.0	0.0
chr20	84	0	37.0	0.0
chr20	85	1	36.0	2.7777777777777777
chr20	86	0	33.0	0.0
chr20	87	0	30.0	0.0
chr20	88	0	27.0	0.0
chr20	89	0	20.0	0.0
chr20	90	0	19.0	0.0
chr20	91	0	17.0	0.0
chr20	92	0	16.0	0.0
chr20	93	0	14.0	0.0
chr20	94	0	13.0	0.0
chr20	95	0	13.0	0.0
chr20	96	0	11.0	0.0
chr20	97	0	11.0	0.0
chr20	98	0	10.0	0.0
chr20	99	0	9.0	0.0
chr20	100	0	7.0	0.0
chr20	101	0	7.0	0.0
chr20	102	0	5.0	0.0
chr20	103	0	4.0	0.0
chr20	104	0	3.0	0.0
chr20	105	0	3.0	0.0
chr20	106	0	2.0	0.0
chr20	107	0	2.0	0.0
chr20	108	0	1.0	0.0
chr20	109	0	0.0	nan
chr20	110	0	0.0	nan
chr20	111	0	0.0	nan
chr20	112	0	0.0	nan
chr20	113	0	0.0	nan
chr20	114	0	0.0	nan
chr20	115	0	0.0	nan
chr20	116	0	0.0	nan
chr20	117	0	0.0	nan
chr20	118	0	0.0	nan
chr20	119	0	0.0	nan
chr21	-121	0	2.0	0.0
chr21	-120	0	2.0	0.0
chr21	-119	0	3.0	0.0
chr21	-118	0	4.0	0.0
chr21	-117	0	5.0	0.0
chr21	-116	0	6.0	0.0
chr21	-115	0	7.0	0.0
chr21	-114	0	8.0	0.0
chr21	-113	0	11.0	0.0
chr21	-112	0	16.0	0.0
chr21	-111	0	19.0	0.0
chr21	-110	0	24.0	0.0
chr21	-109	0	27.0	0.0
chr21	-108	0	32.0	0.0
chr21	-107	0	42.0	0.0
chr21	-106	0	45.0	0.0
chr21	-105	0	51.0	0.0
chr21	-104	0	55.0	0.0
chr21	-103	0	59.0	0.0
chr21	-102	0	64.0	0.0
chr21	-101	0	66.0	0.0
chr21	-100	1	77.0	1.2987012987012987
chr21	-99	0	88.0	0.0
chr21	-98	1	95.0	1.0526315789473684
chr21	-97	0	101.0	0.0
chr21	-96	0	109.0	0.0
chr21	-95	1	119.0	0.8403361344537815
chr21	-94	1	127.0	0.7874015748031495
chr21	-93	2	139.0	1.4388489208633095
chr21	-92	0	149.0	0.0
chr21	-91	0	154.0	0.0
chr21	-90	4	166.0	2.4096385542168677
chr21	-89	0	174.0	0.0
chr21	-88	1	183.0	0.546448087431694
chr21	-87	0	192.0	0.0
chr21	-86	0	198.0	0.0
chr21	-85	0	215.0	0.0
chr21	-84	2	222.0	0.9009009009009009
chr21	-83	1	230.0	0.43478260869565216
chr21	-82	0	237.0	0.0
chr21	-81	3	247.0	1.214574898785425
chr21	-80	0	256.0	0.0
chr21	-79	1	268.0	0.3731343283582089
chr21	-78	1	282.0	0.3546099290780142
chr21	-77	1	289.0	0.34602076124567477
chr21	-76	2	296.0	0.6756756756756757
chr21	-75	0	311.0	0.0
chr21	-74	0	317.0	0.0
chr21	-73	1	325.0	0.3076923076923077
chr21	-72	1	333.0	0.3003003003003003
chr21	-71	0	339.0	0.0
chr21	-70	4	351.0	1.1396011396011396
chr21	-69	0	357.0	0.0
chr21	-68	1	360.0	0.2777777777777778
chr21	-67	2	370.0	0.5405405405405406
chr21	-66	4	380.0	1.0526315789473684
chr21	-65	0	395.0	0.0
chr21	-64	0	401.0	0.0
chr21	-63	0	409.0	0.0
chr21	-62	1	417.0	0.2398081534772182
chr21	-61	4	428.0	0.9345794392523363
chr21	-60	0	437.0	0.0
chr21	-59	1	443.0	0.2257336343115124
chr21	-58	1	454.0	0.22026431718061676
chr21	-57	0	461.0	0.0
chr21	-56	1	469.0	0.21321961620469082
chr21	-55	3	474.0	0.6329113924050633
chr21	-54	10	479.0	2.0876826722338206
chr21	-53	3	492.0	0.6097560975609756
chr21	-52	4	501.0	0.7984031936127743
chr21	-51	1	514.0	0.19455252918287938
chr21	-50	3	524.0	0.5725190839694656
chr21	-49	2	529.0	0.3780718336483932
chr21	-48	4	541.0	0.7393715341959335
chr21	-47	1	549.0	0.18214936247723132
chr21	-46	0	555.0	0.0
chr21	-45	1	563.0	0.17761989342806395
chr21	-44	0	571.0	0.0
chr21	-43	4	577.0	0.6932409012131715
chr21	-42	3	589.0	0.5093378607809848
chr21	-41	6	595.0	1.0084033613445378
chr21	-40	2	604.0	0.33112582781456956
chr21	-39	3	613.0	0.48939641109298526
chr21	-38	9	622.0	1.4469453376205788
chr21	-37	4	630.0	0.6349206349206349
chr21	-36	1	643.0	0.15552099533437014
chr21	-35	2	654.0	0.3058103975535168
chr21	-34	3	658.0	0.4559270516717325
chr21	-33	4	673.0	0.5943536404160475
chr21	-32	3	686.0	0.43731778425655976
chr21	-31	2	692.0	0.2890173410404624
chr21	-30	1	700.0	0.14285714285714285
chr21	-29	2	706.0	0.28328611898017
chr21	-28	2	723.0	0.2766251728907331
chr21	-27	1	731.0	0.13679890560875513
chr21	-26	2	739.0	0.2706359945872801
chr21	-25	2	744.0	0.2688172043010753
chr21	-24	19	755.0	2.5165562913907285
chr21	-23	3	762.0	0.39370078740157477
chr21	-22	0	776.0	0.0
chr21	-21	3	782.0	0.3836317135549872
chr21	-20	2	789.0	0.25348542458808615
chr21	-19	1	794.0	0.12594458438287154
chr21	-18	4	802.0	0.4987531172069825
chr21	-17	3	812.0	0.3694581280788177
chr21	-16	13	820.0	1.5853658536585367
chr21	-15	17	832.0	2.043269230769231
chr21	-14	4	842.0	0.4750593824228029
chr21	-13	0	856.0	0.0
chr21	-12	3	861.0	0.34843205574912894
chr21	-11	2	866.0	0.23094688221709006
chr21	-10	5	874.0	0.5720823798627002
chr21	-9	4	874.0	0.4576659038901602
chr21	-8	1	874.0	0.11441647597254005
chr21	-7	2	874.0	0.2288329519450801
chr21	-6	4	874.0	0.4576659038901602
chr21	-5	4	873.0	0.45819014891179843
chr21	-4	3	874.0	0.34324942791762014
chr21	-3	3	874.0	0.34324942791762014
chr21	-2	4	872.0	0.45871559633027525
chr21	-1	1	872.0	0.11467889908256881
chr21	0	7	838.0	0.8353221957040573
chr21	1	7	822.0	0.851581508515815
chr21	2	8	813.0	0.984009840098401
chr21	3	7	805.0	0.8695652173913043
chr21	4	6	798.0	0.7518796992481203
chr21	5	3	788.0	0.3807106598984772
chr21	6	8	776.0	1.0309278350515463
chr21	7	4	768.0	0.5208333333333333
chr21	8	2	760.0	0.2631578947368421
chr21	9	7	751.0	0.9320905459387484
chr21	10	5	740.0	0.6756756756756757
chr21	11	6	735.0	0.8163265306122449
chr21	12	2	721.0	0.27739251040221913
chr21	13	4	714.0	0.5602240896358543
chr21	14	10	700.0	1.4285714285714286
chr21	15	14	695.0	2.014388489208633
chr21	16	4	689.0	0.5805515239477503
chr21	17	8	677.0	1.1816838995568686
chr21	18	1	670.0	0.1492537313432836
chr21	19	5	656.0	0.7621951219512195
chr21	20	5	650.0	0.7692307692307693
chr21	21	2	639.0	0.3129890453834116
chr21	22	3	633.0	0.47393364928909953
chr21	23	15	623.0	2.4077046548956664
chr21	24	12	616.0	1.948051948051948
chr21	25	5	610.0	0.819672131147541
chr21	26	1	599.0	0.1669449081803005
chr21	27	1	588.0	0.17006802721088435
chr21	28	2	576.0	0.3472222222222222
chr21	29	4	563.0	0.7104795737122558
chr21	30	9	554.0	1.6245487364620936
chr21	31	2	547.0	0.3656307129798903
chr21	32	7	531.0	1.3182674199623352
chr21	33	4	522.0	0.7662835249042145
chr21	34	4	514.0	0.7782101167315175
chr21	35	2	505.0	0.39603960396039606
chr21	36	6	501.0	1.1976047904191618
chr21	37	3	495.0	0.6060606060606061
chr21	38	3	487.0	0.6160164271047228
chr21	39	2	480.0	0.4166666666666667
chr21	40	4	469.0	0.8528784648187633
chr21	41	2	460.0	0.43478260869565216
chr21	42	5	452.0	1.1061946902654867
chr21	43	2	447.0	0.44742729306487694
chr21	44	3	439.0	0.683371298405467
chr21	45	1	432.0	0.23148148148148145
chr21	46	2	424.0	0.4716981132075472
chr21	47	9	416.0	2.1634615384615383
chr21	48	4	408.0	0.9803921568627451
chr21	49	1	394.0	0.25380710659898476
chr21	50	3	384.0	0.78125
chr21	51	1	377.0	0.2652519893899204
chr21	52	3	369.0	0.8130081300813009
chr21	53	4	365.0	1.095890410958904
chr21	54	2	353.0	0.56657223796034
chr21	55	2	346.0	0.5780346820809248
chr21	56	1	332.0	0.30120481927710846
chr21	57	1	323.0	0.30959752321981426
chr21	58	2	318.0	0.628930817610063
chr21	59	2	311.0	0.6430868167202572
chr21	60	4	303.0	1.3201320132013201
chr21	61	0	290.0	0.0
chr21	62	1	285.0	0.3508771929824561
chr21	63	2	275.0	0.7272727272727273
chr21	64	0	269.0	0.0
chr21	65	3	264.0	1.1363636363636365
chr21	66	2	261.0	0.7662835249042145
chr21	67	2	254.0	0.7874015748031495
chr21	68	0	244.0	0.0
chr21	69	4	235.0	1.702127659574468
chr21	70	2	232.0	0.8620689655172413
chr21	71	0	225.0	0.0
chr21	72	0	210.0	0.0
chr21	73	0	205.0	0.0
chr21	74	0	194.0	0.0
chr21	75	1	181.0	0.5524861878453038
chr21	76	2	176.0	1.1363636363636365
chr21	77	1	171.0	0.5847953216374269
chr21	78	1	158.0	0.6329113924050633
chr21	79	2	145.0	1.3793103448275863
chr21	80	6	143.0	4.195804195804196
chr21	81	0	130.0	0.0
chr21	82	0	122.0	0.0
chr21	83	1	114.0	0.8771929824561403
chr21	84	0	108.0	0.0
chr21	85	0	103.0	0.0
chr21	86	0	93.0	0.0
chr21	87	0	83.0	0.0
chr21	88	0	73.0	0.0
chr21	89	5	64.0	7.8125
chr21	90	1	57.0	1.7543859649122806
chr21	91	0	52.0	0.0
chr21	92	1	48.0	2.083333333333333
chr21	93	0	45.0	0.0
chr21	94	1	42.0	2.380952380952381
chr21	95	0	36.0	0.0
chr21	96	0	32.0	0.0
chr21	97	0	26.0	0.0
chr21	98	0	22.0	0.0
chr21	99	0	16.0	0.0
chr21	100	0	13.0	0.0
chr21	101	0	10.0	0.0
chr21	102	0	9.0	0.0
chr21	103	0	6.0	0.0
chr21	104	0	3.0	0.0
chr21	105	0	2.0	0.0
chr21	106	0	2.0	0.0
chr21	107	0	1.0	0.0
chr21	108	0	1.0	0.0
chr21	109	0	0.0	nan
chr21	110	0	0.0	nan
chr21	111	0	0.0	nan
chr21	112	0	0.0	nan
chr21	113	0	0.0	nan
chr21	114	0	0.0	nan
chr21	115	0	0.0	nan
chr21	116	0	0.0	nan
chr21	117	0	0.0	nan
chr21	118	0	0.0	nan
chr21	119	0	0.0	nan
chr22	-116	0	1.0	0.0
chr22	-115	0	2.0	0.0
chr22	-114	0	3.0	0.0
chr22	-113	0	4.0	0.0
chr22	-112	0	7.0	0.0
chr22	-111	0	8.0	0.0
chr22	-110	0	12.0	0.0
chr22	-109	0	13.0	0.0
chr22	-108	0	14.0	0.0
chr22	-107	0	14.0	0.0
chr22	-106	0	16.0	0.0
chr22	-105	0	17.0	0.0
chr22	-104	0	20.0	0.0
chr22	-103	0	20.0	0.0
chr22	-102	0	20.0	0.0
chr22	-101	0	21.0	0.0
chr22	-100	0	25.0	0.0
chr22	-99	0	28.0	0.0
chr22	-98	0	30.0	0.0
chr22	-97	0	30.0	0.0
chr22	-96	0	34.0	0.0
chr22	-95	0	40.0	0.0
chr22	-94	0	45.0	0.0
chr22	-93	0	46.0	0.0
chr22	-92	0	51.0	0.0
chr22	-91	0	52.0	0.0
chr22	-90	0	56.0	0.0
chr22	-89	0	59.0	0.0
chr22	-88	0	63.0	0.0
chr22	-87	0	66.0	0.0
chr22	-86	0	71.0	0.0
chr22	-85	0	72.0	0.0
chr22	-84	0	79.0	0.0
chr22	-83	0	82.0	0.0
chr22	-82	0	86.0	0.0
chr22	-81	0	86.0	0.0
chr22	-80	0	86.0	0.0
chr22	-79	0	90.0	0.0
chr22	-78	0	91.0	0.0
chr22	-77	0	94.0	0.0
chr22	-76	0	97.0	0.0
chr22	-75	0	99.0	0.0
chr22	-74	0	105.0	0.0
chr22	-73	0	109.0	0.0
chr22	-72	0	115.0	0.0
chr22	-71	0	117.0	0.0
chr22	-70	0	117.0	0.0
chr22	-69	1	120.0	0.8333333333333334
chr22	-68	0	120.0	0.0
chr22	-67	0	122.0	0.0
chr22	-66	0	123.0	0.0
chr22	-65	0	127.0	0.0
chr22	-64	0	130.0	0.0
chr22	-63	0	131.0	0.0
chr22	-62	0	132.0	0.0
chr22	-61	6	134.0	4.477611940298507
chr22	-60	0	138.0	0.0
chr22	-59	0	142.0	0.0
chr22	-58	0	147.0	0.0
chr22	-57	0	150.0	0.0
chr22	-56	0	157.0	0.0
chr22	-55	0	163.0	0.0
chr22	-54	0	166.0	0.0
chr22	-53	4	171.0	2.3391812865497075
chr22	-52	0	176.0	0.0
chr22	-51	0	179.0	0.0
chr22	-50	0	181.0	0.0
chr22	-49	4	182.0	2.197802197802198
chr22	-48	0	187.0	0.0
chr22	-47	0	192.0	0.0
chr22	-46	0	198.0	0.0
chr22	-45	0	199.0	0.0
chr22	-44	1	205.0	0.4878048780487805
chr22	-43	0	209.0	0.0
chr22	-42	1	215.0	0.46511627906976744
chr22	-41	0	219.0	0.0
chr22	-40	0	221.0	0.0
chr22	-39	0	227.0	0.0
chr22	-38	1	225.0	0.4444444444444444
chr22	-37	0	226.0	0.0
chr22	-36	0	231.0	0.0
chr22	-35	1	237.0	0.42194092827004215
chr22	-34	1	241.0	0.4149377593360996
chr22	-33	2	249.0	0.8032128514056224
chr22	-32	1	252.0	0.3968253968253968
chr22	-31	0	258.0	0.0
chr22	-30	0	262.0	0.0
chr22	-29	1	266.0	0.37593984962406013
chr22	-28	0	268.0	0.0
chr22	-27	0	272.0	0.0
chr22	-26	1	275.0	0.36363636363636365
chr22	-25	0	280.0	0.0
chr22	-24	0	284.0	0.0
chr22	-23	0	285.0	0.0
chr22	-22	0	288.0	0.0
chr22	-21	0	291.0	0.0
chr22	-20	2	293.0	0.6825938566552902
chr22	-19	2	296.0	0.6756756756756757
chr22	-18	2	301.0	0.6644518272425249
chr22	-17	0	303.0	0.0
chr22	-16	0	303.0	0.0
chr22	-15	1	304.0	0.3289473684210526
chr22	-14	0	306.0	0.0
chr22	-13	1	309.0	0.3236245954692557
chr22	-12	1	310.0	0.3225806451612903
chr22	-11	0	313.0	0.0
chr22	-10	0	314.0	0.0
chr22	-9	0	314.0	0.0
chr22	-8	1	314.0	0.3184713375796179
chr22	-7	2	314.0	0.6369426751592357
chr22	-6	0	314.0	0.0
chr22	-5	1	314.0	0.3184713375796179
chr22	-4	0	314.0	0.0
chr22	-3	4	314.0	1.2738853503184715
chr22	-2	1	314.0	0.3184713375796179
chr22	-1	4	314.0	1.2738853503184715
chr22	0	15	306.0	4.901960784313726
chr22	1	5	300.0	1.6666666666666667
chr22	2	8	295.0	2.711864406779661
chr22	3	3	294.0	1.0204081632653061
chr22	4	2	294.0	0.6802721088435374
chr22	5	1	290.0	0.3448275862068966
chr22	6	3	287.0	1.0452961672473868
chr22	7	6	286.0	2.097902097902098
chr22	8	1	284.0	0.35211267605633806
chr22	9	2	281.0	0.7117437722419928
chr22	10	2	277.0	0.7220216606498195
chr22	11	1	274.0	0.36496350364963503
chr22	12	1	270.0	0.3703703703703704
chr22	13	6	268.0	2.2388059701492535
chr22	14	2	267.0	0.7490636704119851
chr22	15	3	263.0	1.1406844106463878
chr22	16	0	261.0	0.0
chr22	17	4	258.0	1.550387596899225
chr22	18	2	256.0	0.78125
chr22	19	2	253.0	0.7905138339920948
chr22	20	1	252.0	0.3968253968253968
chr22	21	3	248.0	1.2096774193548387
chr22	22	4	243.0	1.646090534979424
chr22	23	4	240.0	1.6666666666666667
chr22	24	6	238.0	2.5210084033613445
chr22	25	2	233.0	0.8583690987124464
chr22	26	1	231.0	0.4329004329004329
chr22	27	1	225.0	0.4444444444444444
chr22	28	2	217.0	0.9216589861751152
chr22	29	3	214.0	1.4018691588785046
chr22	30	2	213.0	0.9389671361502347
chr22	31	2	212.0	0.9433962264150944
chr22	32	2	210.0	0.9523809523809524
chr22	33	2	205.0	0.975609756097561
chr22	34	1	194.0	0.5154639175257731
chr22	35	1	193.0	0.5181347150259068
chr22	36	1	190.0	0.5263157894736842
chr22	37	1	187.0	0.53475935828877
chr22	38	3	192.0	1.5625
chr22	39	2	189.0	1.0582010582010581
chr22	40	3	186.0	1.6129032258064515
chr22	41	1	185.0	0.5405405405405406
chr22	42	0	180.0	0.0
chr22	43	2	177.0	1.1299435028248588
chr22	44	2	175.0	1.1428571428571428
chr22	45	6	172.0	3.488372093023256
chr22	46	1	165.0	0.6060606060606061
chr22	47	1	162.0	0.6172839506172839
chr22	48	3	158.0	1.89873417721519
chr22	49	3	153.0	1.9607843137254901
chr22	50	0	148.0	0.0
chr22	51	2	147.0	1.3605442176870748
chr22	52	4	143.0	2.797202797202797
chr22	53	3	139.0	2.158273381294964
chr22	54	0	137.0	0.0
chr22	55	1	132.0	0.7575757575757576
chr22	56	2	126.0	1.5873015873015872
chr22	57	0	121.0	0.0
chr22	58	0	116.0	0.0
chr22	59	3	112.0	2.6785714285714284
chr22	60	0	109.0	0.0
chr22	61	0	105.0	0.0
chr22	62	2	103.0	1.9417475728155338
chr22	63	1	102.0	0.9803921568627451
chr22	64	1	98.0	1.0204081632653061
chr22	65	1	92.0	1.0869565217391304
chr22	66	0	91.0	0.0
chr22	67	3	89.0	3.3707865168539324
chr22	68	2	83.0	2.4096385542168677
chr22	69	1	78.0	1.282051282051282
chr22	70	0	77.0	0.0
chr22	71	0	73.0	0.0
chr22	72	0	69.0	0.0
chr22	73	0	64.0	0.0
chr22	74	1	60.0	1.6666666666666667
chr22	75	0	56.0	0.0
chr22	76	0	52.0	0.0
chr22	77	1	48.0	2.083333333333333
chr22	78	0	43.0	0.0
chr22	79	3	41.0	7.317073170731707
chr22	80	0	38.0	0.0
chr22	81	0	37.0	0.0
chr22	82	0	34.0	0.0
chr22	83	0	31.0	0.0
chr22	84	0	27.0	0.0
chr22	85	0	22.0	0.0
chr22	86	0	20.0	0.0
chr22	87	0	16.0	0.0
chr22	88	0	15.0	0.0
chr22	89	0	13.0	0.0
chr22	90	0	11.0	0.0
chr22	91	0	9.0	0.0
chr22	92	0	7.0	0.0
chr22	93	0	6.0	0.0
chr22	94	0	6.0	0.0
chr22	95	0	5.0	0.0
chr22	96	0	4.0	0.0
chr22	97	0	3.0	0.0
chr22	98	0	2.0	0.0
chr22	99	0	2.0	0.0
chr22	100	0	2.0	0.0
chr22	101	0	2.0	0.0
chr22	102	0	2.0	0.0
chr22	103	0	2.0	0.0
chr22	104	0	2.0	0.0
chr22	105	0	2.0	0.0
chr22	106	0	2.0	0.0
chr22	107	0	1.0	0.0
chr22	108	0	1.0	0.0
chr22	109	0	1.0	0.0
chr22	110	0	1.0	0.0
chr22	111	0	1.0	0.0
chr22	112	0	1.0	0.0
chr22	113	0	1.0	0.0
chr22	114	0	1.0	0.0
chr22	115	0	0.0	nan
chr22	116	0	0.0	nan
chr22	117	0	0.0	nan
chr22	118	0	0.0	nan
chr22	119	0	0.0	nan
chr22	120	0	0.0	nan
chr22	121	0	0.0	nan
chr22	122	0	0.0	nan
chr22	123	0	0.0	nan
chr22	124	0	0.0	nan
chr22	125	0	0.0	nan
chrX	-123	0	2.0	0.0
chrX	-122	0	3.0	0.0
chrX	-121	0	3.0	0.0
chrX	-120	0	3.0	0.0
chrX	-119	0	4.0	0.0
chrX	-118	0	5.0	0.0
chrX	-117	0	6.0	0.0
chrX	-116	0	6.0	0.0
chrX	-115	0	6.0	0.0
chrX	-114	0	7.0	0.0
chrX	-113	0	12.0	0.0
chrX	-112	0	13.0	0.0
chrX	-111	0	16.0	0.0
chrX	-110	0	20.0	0.0
chrX	-109	0	20.0	0.0
chrX	-108	0	24.0	0.0
chrX	-107	0	26.0	0.0
chrX	-106	0	28.0	0.0
chrX	-105	0	28.0	0.0
chrX	-104	0	30.0	0.0
chrX	-103	0	33.0	0.0
chrX	-102	0	36.0	0.0
chrX	-101	0	36.0	0.0
chrX	-100	0	38.0	0.0
chrX	-99	0	40.0	0.0
chrX	-98	0	42.0	0.0
chrX	-97	0	47.0	0.0
chrX	-96	0	48.0	0.0
chrX	-95	2	53.0	3.7735849056603774
chrX	-94	0	57.0	0.0
chrX	-93	0	58.0	0.0
chrX	-92	0	65.0	0.0
chrX	-91	0	67.0	0.0
chrX	-90	0	70.0	0.0
chrX	-89	0	76.0	0.0
chrX	-88	0	80.0	0.0
chrX	-87	0	81.0	0.0
chrX	-86	0	82.0	0.0
chrX	-85	0	85.0	0.0
chrX	-84	0	88.0	0.0
chrX	-83	0	91.0	0.0
chrX	-82	0	98.0	0.0
chrX	-81	0	99.0	0.0
chrX	-80	0	104.0	0.0
chrX	-79	0	110.0	0.0
chrX	-78	0	112.0	0.0
chrX	-77	0	117.0	0.0
chrX	-76	0	119.0	0.0
chrX	-75	0	125.0	0.0
chrX	-74	0	130.0	0.0
chrX	-73	0	132.0	0.0
chrX	-72	0	138.0	0.0
chrX	-71	0	139.0	0.0
chrX	-70	0	144.0	0.0
chrX	-69	0	149.0	0.0
chrX	-68	1	153.0	0.6535947712418301
chrX	-67	0	155.0	0.0
chrX	-66	0	156.0	0.0
chrX	-65	0	161.0	0.0
chrX	-64	0	163.0	0.0
chrX	-63	0	167.0	0.0
chrX	-62	0	170.0	0.0
chrX	-61	0	176.0	0.0
chrX	-60	1	180.0	0.5555555555555556
chrX	-59	0	185.0	0.0
chrX	-58	1	192.0	0.5208333333333333
chrX	-57	3	195.0	1.5384615384615385
chrX	-56	1	198.0	0.5050505050505051
chrX	-55	0	203.0	0.0
chrX	-54	2	208.0	0.9615384615384616
chrX	-53	0	213.0	0.0
chrX	-52	0	215.0	0.0
chrX	-51	1	218.0	0.45871559633027525
chrX	-50	0	224.0	0.0
chrX	-49	2	229.0	0.8733624454148471
chrX	-48	2	233.0	0.8583690987124464
chrX	-47	0	238.0	0.0
chrX	-46	0	242.0	0.0
chrX	-45	0	246.0	0.0
chrX	-44	0	247.0	0.0
chrX	-43	0	250.0	0.0
chrX	-42	1	253.0	0.3952569169960474
chrX	-41	0	258.0	0.0
chrX	-40	0	261.0	0.0
chrX	-39	0	262.0	0.0
chrX	-38	0	268.0	0.0
chrX	-37	0	272.0	0.0
chrX	-36	0	274.0	0.0
chrX	-35	1	278.0	0.3597122302158274
chrX	-34	0	282.0	0.0
chrX	-33	0	285.0	0.0
chrX	-32	1	288.0	0.3472222222222222
chrX	-31	1	295.0	0.3389830508474576
chrX	-30	1	298.0	0.33557046979865773
chrX	-29	0	305.0	0.0
chrX	-28	1	309.0	0.3236245954692557
chrX	-27	0	310.0	0.0
chrX	-26	0	317.0	0.0
chrX	-25	1	322.0	0.3105590062111801
chrX	-24	0	320.0	0.0
chrX	-23	1	327.0	0.3058103975535168
chrX	-22	0	331.0	0.0
chrX	-21	1	334.0	0.29940119760479045
chrX	-20	1	338.0	0.2958579881656805
chrX	-19	1	340.0	0.29411764705882354
chrX	-18	0	343.0	0.0
chrX	-17	0	345.0	0.0
chrX	-16	2	354.0	0.5649717514124294
chrX	-15	0	355.0	0.0
chrX	-14	0	357.0	0.0
chrX	-13	0	359.0	0.0
chrX	-12	1	364.0	0.27472527472527475
chrX	-11	1	366.0	0.273224043715847
chrX	-10	0	367.0	0.0
chrX	-9	1	367.0	0.2724795640326975
chrX	-8	0	367.0	0.0
chrX	-7	1	367.0	0.2724795640326975
chrX	-6	2	367.0	0.544959128065395
chrX	-5	1	367.0	0.2724795640326975
chrX	-4	1	367.0	0.2724795640326975
chrX	-3	0	366.0	0.0
chrX	-2	0	366.0	0.0
chrX	-1	1	366.0	0.273224043715847
chrX	0	12	354.0	3.389830508474576
chrX	1	3	350.0	0.8571428571428572
chrX	2	9	348.0	2.586206896551724
chrX	3	5	343.0	1.4577259475218658
chrX	4	1	343.0	0.2915451895043732
chrX	5	1	336.0	0.2976190476190476
chrX	6	5	335.0	1.4925373134328357
chrX	7	3	330.0	0.9090909090909091
chrX	8	4	327.0	1.2232415902140672
chrX	9	3	324.0	0.9259259259259258
chrX	10	2	321.0	0.6230529595015576
chrX	11	1	319.0	0.3134796238244514
chrX	12	3	312.0	0.9615384615384616
chrX	13	2	308.0	0.6493506493506493
chrX	14	7	303.0	2.31023102310231
chrX	15	2	298.0	0.6711409395973155
chrX	16	1	294.0	0.3401360544217687
chrX	17	0	292.0	0.0
chrX	18	5	288.0	1.7361111111111112
chrX	19	2	284.0	0.7042253521126761
chrX	20	2	279.0	0.7168458781362007
chrX	21	0	273.0	0.0
chrX	22	3	267.0	1.1235955056179776
chrX	23	7	260.0	2.6923076923076925
chrX	24	0	258.0	0.0
chrX	25	3	255.0	1.1764705882352942
chrX	26	2	254.0	0.7874015748031495
chrX	27	0	252.0	0.0
chrX	28	2	248.0	0.8064516129032258
chrX	29	3	245.0	1.2244897959183674
chrX	30	1	244.0	0.4098360655737705
chrX	31	0	242.0	0.0
chrX	32	0	241.0	0.0
chrX	33	0	240.0	0.0
chrX	34	0	238.0	0.0
chrX	35	1	233.0	0.4291845493562232
chrX	36	3	231.0	1.2987012987012987
chrX	37	2	229.0	0.8733624454148471
chrX	38	0	226.0	0.0
chrX	39	2	218.0	0.9174311926605505
chrX	40	0	216.0	0.0
chrX	41	1	207.0	0.4830917874396135
chrX	42	0	197.0	0.0
chrX	43	0	189.0	0.0
chrX	44	3	184.0	1.6304347826086956
chrX	45	0	183.0	0.0
chrX	46	5	181.0	2.7624309392265194
chrX	47	1	176.0	0.5681818181818182
chrX	48	6	172.0	3.488372093023256
chrX	49	0	171.0	0.0
chrX	50	1	167.0	0.5988023952095809
chrX	51	1	160.0	0.625
chrX	52	1	156.0	0.641025641025641
chrX	53	0	155.0	0.0
chrX	54	0	151.0	0.0
chrX	55	1	147.0	0.6802721088435374
chrX	56	1	145.0	0.6896551724137931
chrX	57	1	140.0	0.7142857142857143
chrX	58	2	138.0	1.4492753623188406
chrX	59	0	134.0	0.0
chrX	60	0	130.0	0.0
chrX	61	1	127.0	0.7874015748031495
chrX	62	0	125.0	0.0
chrX	63	1	119.0	0.8403361344537815
chrX	64	0	117.0	0.0
chrX	65	1	116.0	0.8620689655172413
chrX	66	2	112.0	1.7857142857142856
chrX	67	1	109.0	0.9174311926605505
chrX	68	1	108.0	0.9259259259259258
chrX	69	2	101.0	1.9801980198019802
chrX	70	0	98.0	0.0
chrX	71	0	94.0	0.0
chrX	72	3	90.0	3.3333333333333335
chrX	73	0	90.0	0.0
chrX	74	4	86.0	4.651162790697675
chrX	75	0	81.0	0.0
chrX	76	0	73.0	0.0
chrX	77	1	69.0	1.4492753623188406
chrX	78	0	66.0	0.0
chrX	79	0	61.0	0.0
chrX	80	0	58.0	0.0
chrX	81	0	56.0	0.0
chrX	82	0	52.0	0.0
chrX	83	3	50.0	6.0
chrX	84	0	48.0	0.0
chrX	85	0	44.0	0.0
chrX	86	0	40.0	0.0
chrX	87	1	38.0	2.631578947368421
chrX	88	1	35.0	2.857142857142857
chrX	89	0	32.0	0.0
chrX	90	2	32.0	6.25
chrX	91	0	24.0	0.0
chrX	92	0	21.0	0.0
chrX	93	0	19.0	0.0
chrX	94	0	18.0	0.0
chrX	95	0	18.0	0.0
chrX	96	0	16.0	0.0
chrX	97	0	13.0	0.0
chrX	98	0	12.0	0.0
chrX	99	0	10.0	0.0
chrX	100	0	8.0	0.0
chrX	101	0	6.0	0.0
chrX	102	0	4.0	0.0
chrX	103	0	4.0	0.0
chrX	104	0	3.0	0.0
chrX	105	0	2.0	0.0
chrX	106	0	2.0	0.0
chrX	107	0	1.0	0.0
chrX	108	0	1.0	0.0
chrX	109	0	0.0	nan
chrX	110	0	0.0	nan
chrX	111	0	0.0	nan
chrX	112	0	0.0	nan
chrX	113	0	0.0	nan
chrX	114	0	0.0	nan
chrX	115	0	0.0	nan
chrX	116	0	0.0	nan
chrX	117	0	0.0	nan
chrX	118	0	0.0	nan
chrX	119	0	0.0	nan
