chr1	-121	0	2.0	0.0
chr1	-120	0	4.0	0.0
chr1	-119	0	5.0	0.0
chr1	-118	0	5.0	0.0
chr1	-117	0	7.0	0.0
chr1	-116	0	7.0	0.0
chr1	-115	0	8.0	0.0
chr1	-114	0	9.0	0.0
chr1	-113	0	16.0	0.0
chr1	-112	0	24.0	0.0
chr1	-111	0	52.0	0.0
chr1	-110	1	1326.0	0.07541478129713425
chr1	-109	7	2529.0	0.276789244760775
chr1	-108	14	3807.0	0.36774363015497763
chr1	-107	21	5050.0	0.4158415841584159
chr1	-106	19	6339.0	0.29973181889887995
chr1	-105	21	7682.0	0.2733663108565478
chr1	-104	30	9104.0	0.3295254833040422
chr1	-103	16	10406.0	0.1537574476263694
chr1	-102	37	11657.0	0.31740585056189413
chr1	-101	40	12956.0	0.30873726458783574
chr1	-100	41	14326.0	0.2861929359207036
chr1	-99	17	15615.0	0.10886967659301952
chr1	-98	29	16842.0	0.17218857617860112
chr1	-97	61	18098.0	0.33705381810144763
chr1	-96	50	19450.0	0.2570694087403599
chr1	-95	54	20776.0	0.2599152868694648
chr1	-94	42	22107.0	0.18998507260143846
chr1	-93	48	23360.0	0.2054794520547945
chr1	-92	27	24664.0	0.10947129419396691
chr1	-91	44	25981.0	0.169354528309149
chr1	-90	32	27315.0	0.11715174812374153
chr1	-89	90	28696.0	0.31363256202955114
chr1	-88	62	30019.0	0.20653586062160634
chr1	-87	61	31387.0	0.19434797846242075
chr1	-86	63	32580.0	0.19337016574585636
chr1	-85	60	33803.0	0.17749903854687454
chr1	-84	60	35116.0	0.17086228499829137
chr1	-83	66	36379.0	0.18142334863520163
chr1	-82	69	37751.0	0.18277661518900162
chr1	-81	54	39025.0	0.13837283792440744
chr1	-80	61	40310.0	0.15132721409079633
chr1	-79	92	41621.0	0.22104226231950216
chr1	-78	94	42892.0	0.21915508719574744
chr1	-77	42	44244.0	0.09492812584757254
chr1	-76	85	45566.0	0.18654259755080543
chr1	-75	54	46828.0	0.11531562313145981
chr1	-74	90	48143.0	0.18694306545084435
chr1	-73	74	49431.0	0.1497036272784285
chr1	-72	129	50729.0	0.254292416566461
chr1	-71	144	52015.0	0.27684321830241276
chr1	-70	146	53297.0	0.27393661932191304
chr1	-69	103	54594.0	0.18866542110854673
chr1	-68	90	55949.0	0.16086078392822034
chr1	-67	84	57262.0	0.14669414271244455
chr1	-66	82	58666.0	0.13977431561722292
chr1	-65	112	59949.0	0.18682546831473418
chr1	-64	129	61259.0	0.21058130233924813
chr1	-63	77	62629.0	0.12294623896278083
chr1	-62	168	63973.0	0.2626107889265784
chr1	-61	108	65290.0	0.16541583703476795
chr1	-60	90	66623.0	0.1350884829563364
chr1	-59	129	67841.0	0.1901504989608054
chr1	-58	122	69180.0	0.17635154668979475
chr1	-57	144	70435.0	0.20444381344502022
chr1	-56	206	71809.0	0.2868721190937069
chr1	-55	165	73070.0	0.22581086629259614
chr1	-54	182	74330.0	0.24485402932866943
chr1	-53	100	75677.0	0.1321405446833252
chr1	-52	158	76921.0	0.20540554594974061
chr1	-51	198	78196.0	0.25320988285845825
chr1	-50	146	79481.0	0.1836916999031215
chr1	-49	163	80762.0	0.20182759218444318
chr1	-48	132	82067.0	0.1608441882851816
chr1	-47	182	83359.0	0.21833275351191833
chr1	-46	182	84618.0	0.21508426103193173
chr1	-45	166	86013.0	0.1929940822898864
chr1	-44	178	87347.0	0.20378490388908604
chr1	-43	181	88606.0	0.204275105523328
chr1	-42	220	89911.0	0.24468641211865066
chr1	-41	255	91307.0	0.27927760193632467
chr1	-40	210	92611.0	0.22675492112168102
chr1	-39	201	93893.0	0.21407346660560425
chr1	-38	270	95233.0	0.28351516806149124
chr1	-37	304	96517.0	0.314970419718806
chr1	-36	263	97814.0	0.2688776657738156
chr1	-35	265	99106.0	0.2673904708090328
chr1	-34	267	100387.0	0.2659706934164782
chr1	-33	227	101620.0	0.22338122416847078
chr1	-32	193	102949.0	0.18747146645426377
chr1	-31	173	104218.0	0.16599819608896738
chr1	-30	200	105527.0	0.1895249556985416
chr1	-29	232	106823.0	0.21718169308107804
chr1	-28	275	108122.0	0.25434231701226395
chr1	-27	167	109332.0	0.15274576519225844
chr1	-26	327	110593.0	0.2956787500113027
chr1	-25	294	111954.0	0.2626078567983279
chr1	-24	284	113326.0	0.2506044508762332
chr1	-23	323	114603.0	0.28184253466314146
chr1	-22	272	115892.0	0.2347012735995582
chr1	-21	287	117272.0	0.24473019987720854
chr1	-20	363	118564.0	0.3061637596572315
chr1	-19	306	119880.0	0.2552552552552552
chr1	-18	299	121171.0	0.24675871289334908
chr1	-17	294	122441.0	0.24011564753636444
chr1	-16	346	123730.0	0.27964115412591933
chr1	-15	231	125063.0	0.1847069077185099
chr1	-14	346	126358.0	0.27382516342455565
chr1	-13	280	127660.0	0.21933260222465922
chr1	-12	380	128999.0	0.2945759269451701
chr1	-11	271	130318.0	0.20795285378842526
chr1	-10	270	131717.0	0.20498492981164163
chr1	-9	284	131721.0	0.2156072304340234
chr1	-8	320	131706.0	0.24296539261688915
chr1	-7	366	131689.0	0.27792754140436937
chr1	-6	319	131690.0	0.24223555319310502
chr1	-5	342	131713.0	0.25965546301428105
chr1	-4	477	131717.0	0.36214004266723354
chr1	-3	288	131732.0	0.21862569459205053
chr1	-2	388	131741.0	0.2945172725271556
chr1	-1	288	131739.0	0.21861407783572065
chr1	0	411	129088.0	0.3183874566187407
chr1	1	463	127814.0	0.3622451374653794
chr1	2	391	126552.0	0.3089639041658765
chr1	3	560	125258.0	0.4470772325919302
chr1	4	401	123903.0	0.32364026698304316
chr1	5	424	122468.0	0.34621288826468954
chr1	6	494	121153.0	0.4077488795159839
chr1	7	428	119899.0	0.3569671139876063
chr1	8	392	118633.0	0.3304308244754832
chr1	9	387	117247.0	0.33007241123440256
chr1	10	411	115920.0	0.3545548654244306
chr1	11	428	114680.0	0.37321241716079523
chr1	12	413	113420.0	0.3641333098219009
chr1	13	414	112079.0	0.3693823106915658
chr1	14	321	110743.0	0.28986030719774614
chr1	15	456	109353.0	0.41699816191599676
chr1	16	431	108105.0	0.3986864622357893
chr1	17	494	106767.0	0.46268978242340797
chr1	18	429	105457.0	0.40680087618650257
chr1	19	485	104129.0	0.4657684218613451
chr1	20	448	102764.0	0.43595033280137013
chr1	21	433	101456.0	0.4267859958997004
chr1	22	434	100092.0	0.43360108699996003
chr1	23	400	98876.0	0.40454710951090256
chr1	24	458	97633.0	0.4691036842051356
chr1	25	418	96319.0	0.43397460521807746
chr1	26	350	95052.0	0.36821950090476796
chr1	27	407	93704.0	0.4343464526594383
chr1	28	366	92423.0	0.3960053233502483
chr1	29	341	91136.0	0.37416608146067415
chr1	30	296	89795.0	0.32963973495183474
chr1	31	351	88522.0	0.39651160163575155
chr1	32	333	87165.0	0.38203407330924105
chr1	33	396	85835.0	0.46135026504339727
chr1	34	389	84611.0	0.45975109619316634
chr1	35	379	83294.0	0.45501476697000987
chr1	36	347	81995.0	0.4231965363741691
chr1	37	386	80700.0	0.47831474597273854
chr1	38	322	79388.0	0.4056028618934852
chr1	39	341	78130.0	0.43645206706770767
chr1	40	393	76805.0	0.5116854371460191
chr1	41	312	75477.0	0.41337096069001156
chr1	42	298	74186.0	0.4016930418138194
chr1	43	326	72779.0	0.4479314087855013
chr1	44	318	71502.0	0.4447428043970798
chr1	45	330	70126.0	0.47058152468414
chr1	46	302	68775.0	0.43911304980007265
chr1	47	270	67421.0	0.40046869669687485
chr1	48	295	66104.0	0.44626648916858286
chr1	49	271	64775.0	0.41837128521806255
chr1	50	285	63542.0	0.44852223726039475
chr1	51	272	62217.0	0.4371795489978623
chr1	52	213	60967.0	0.3493693309495301
chr1	53	278	59632.0	0.46619264824255435
chr1	54	284	58370.0	0.48655131060476275
chr1	55	278	57111.0	0.48677137504158574
chr1	56	242	55757.0	0.43402622092293347
chr1	57	258	54488.0	0.47349875201879316
chr1	58	258	53208.0	0.4848894903022102
chr1	59	185	51927.0	0.3562693781655016
chr1	60	208	50697.0	0.4102806872201511
chr1	61	286	49358.0	0.5794400097248673
chr1	62	214	48056.0	0.44531380056600633
chr1	63	209	46750.0	0.4470588235294118
chr1	64	226	45431.0	0.49745768307983534
chr1	65	224	44103.0	0.5079019567829853
chr1	66	177	42858.0	0.41299174016519674
chr1	67	187	41544.0	0.45012516849605233
chr1	68	192	40136.0	0.47837352999800675
chr1	69	194	38823.0	0.4997037838394766
chr1	70	224	37512.0	0.5971422478140328
chr1	71	190	36221.0	0.5245575770961597
chr1	72	169	34946.0	0.4836032736221599
chr1	73	146	33647.0	0.43391684251196244
chr1	74	141	32348.0	0.4358847533077779
chr1	75	158	31040.0	0.509020618556701
chr1	76	109	29812.0	0.3656245807057561
chr1	77	163	28490.0	0.5721305721305722
chr1	78	146	27237.0	0.53603553989059
chr1	79	109	25951.0	0.4200223498131093
chr1	80	117	24676.0	0.4741449181390825
chr1	81	115	23384.0	0.4917892576120424
chr1	82	112	22180.0	0.5049594229035167
chr1	83	112	20928.0	0.5351681957186544
chr1	84	101	19561.0	0.5163335207811461
chr1	85	93	18223.0	0.5103440706799101
chr1	86	87	16968.0	0.5127298444130127
chr1	87	91	15680.0	0.5803571428571429
chr1	88	83	14299.0	0.5804601720400028
chr1	89	78	12990.0	0.6004618937644343
chr1	90	56	11660.0	0.4802744425385935
chr1	91	49	10374.0	0.47233468286099867
chr1	92	59	9123.0	0.6467170886769703
chr1	93	35	7839.0	0.44648552111238676
chr1	94	43	6551.0	0.6563883376583727
chr1	95	30	5267.0	0.569584203531422
chr1	96	30	3948.0	0.7598784194528876
chr1	97	9	2645.0	0.3402646502835539
chr1	98	9	1342.0	0.6706408345752608
chr1	99	0	0.0	nan
chr1	100	0	0.0	nan
chr1	101	0	0.0	nan
chr1	102	0	0.0	nan
chr1	103	0	0.0	nan
chr1	104	0	0.0	nan
chr1	105	0	0.0	nan
chr1	106	0	0.0	nan
chr1	107	0	0.0	nan
chr1	108	0	0.0	nan
chr1	109	0	0.0	nan
chr1	110	0	0.0	nan
chr1	111	0	0.0	nan
chr1	112	0	0.0	nan
chr1	113	0	0.0	nan
chr1	114	0	0.0	nan
chr1	115	0	0.0	nan
chr1	116	0	0.0	nan
chr1	117	0	0.0	nan
chr1	118	0	0.0	nan
chr1	119	0	0.0	nan
chr1	120	0	0.0	nan
chr1	121	0	0.0	nan
chr1	122	0	0.0	nan
chr1	123	0	0.0	nan
chr1	124	0	0.0	nan
chr1	125	0	0.0	nan
chr1	126	0	0.0	nan
chr2	-128	0	1.0	0.0
chr2	-127	0	1.0	0.0
chr2	-126	0	1.0	0.0
chr2	-125	0	2.0	0.0
chr2	-124	0	2.0	0.0
chr2	-123	0	2.0	0.0
chr2	-122	0	2.0	0.0
chr2	-121	0	3.0	0.0
chr2	-120	0	3.0	0.0
chr2	-119	0	3.0	0.0
chr2	-118	0	3.0	0.0
chr2	-117	0	3.0	0.0
chr2	-116	0	3.0	0.0
chr2	-115	0	3.0	0.0
chr2	-114	0	7.0	0.0
chr2	-113	0	7.0	0.0
chr2	-112	0	8.0	0.0
chr2	-111	0	11.0	0.0
chr2	-110	2	307.0	0.6514657980456027
chr2	-109	5	680.0	0.7352941176470588
chr2	-108	1	1041.0	0.09606147934678194
chr2	-107	0	1427.0	0.0
chr2	-106	7	1764.0	0.3968253968253968
chr2	-105	6	2094.0	0.28653295128939826
chr2	-104	3	2417.0	0.12412081092263137
chr2	-103	2	2697.0	0.07415647015202076
chr2	-102	1	3001.0	0.03332222592469177
chr2	-101	9	3300.0	0.27272727272727276
chr2	-100	3	3642.0	0.08237232289950577
chr2	-99	5	3988.0	0.12537612838515547
chr2	-98	9	4306.0	0.20901068276823037
chr2	-97	19	4640.0	0.40948275862068967
chr2	-96	4	4984.0	0.08025682182985554
chr2	-95	10	5372.0	0.18615040953090098
chr2	-94	7	5703.0	0.12274241627213747
chr2	-93	6	6037.0	0.09938711280437303
chr2	-92	11	6370.0	0.1726844583987441
chr2	-91	13	6694.0	0.19420376456528235
chr2	-90	3	7002.0	0.042844901456726654
chr2	-89	14	7357.0	0.19029495718363465
chr2	-88	4	7703.0	0.051927820329741664
chr2	-87	11	8069.0	0.13632420374271903
chr2	-86	8	8422.0	0.0949893137022085
chr2	-85	7	8734.0	0.08014655369819099
chr2	-84	15	9080.0	0.16519823788546256
chr2	-83	7	9406.0	0.0744205826068467
chr2	-82	29	9754.0	0.29731392249333605
chr2	-81	20	10098.0	0.19805902158843333
chr2	-80	8	10427.0	0.07672388990121799
chr2	-79	14	10809.0	0.12952169488389303
chr2	-78	17	11159.0	0.15234339994623175
chr2	-77	25	11520.0	0.2170138888888889
chr2	-76	22	11860.0	0.1854974704890388
chr2	-75	42	12225.0	0.34355828220858897
chr2	-74	18	12575.0	0.14314115308151093
chr2	-73	19	12920.0	0.14705882352941177
chr2	-72	27	13259.0	0.2036352666113583
chr2	-71	48	13619.0	0.35244878478596076
chr2	-70	15	13946.0	0.10755772264448588
chr2	-69	32	14251.0	0.22454564591958462
chr2	-68	51	14552.0	0.35046728971962615
chr2	-67	39	14930.0	0.261219022103148
chr2	-66	16	15249.0	0.10492491310905633
chr2	-65	46	15569.0	0.2954589247864346
chr2	-64	59	15923.0	0.370533190981599
chr2	-63	33	16308.0	0.20235467255334808
chr2	-62	60	16597.0	0.3615111164668314
chr2	-61	55	16952.0	0.3244454931571496
chr2	-60	32	17269.0	0.1853031443627309
chr2	-59	49	17616.0	0.27815622161671205
chr2	-58	22	17904.0	0.12287756925826632
chr2	-57	40	18227.0	0.21945465518187304
chr2	-56	46	18625.0	0.24697986577181208
chr2	-55	34	18995.0	0.17899447222953407
chr2	-54	31	19305.0	0.16058016058016059
chr2	-53	56	19633.0	0.2852340447206234
chr2	-52	42	19893.0	0.2111295430553461
chr2	-51	23	20234.0	0.11367006029455373
chr2	-50	36	20567.0	0.17503768172314874
chr2	-49	62	20911.0	0.2964946678781502
chr2	-48	62	21230.0	0.29203956665096564
chr2	-47	27	21561.0	0.12522610268540418
chr2	-46	60	21939.0	0.2734855736359907
chr2	-45	53	22292.0	0.2377534541539566
chr2	-44	36	22591.0	0.15935549555132575
chr2	-43	67	22941.0	0.29205352861688677
chr2	-42	50	23243.0	0.21511853031020092
chr2	-41	58	23563.0	0.24614862284089464
chr2	-40	30	23890.0	0.12557555462536626
chr2	-39	81	24237.0	0.33419977720014854
chr2	-38	59	24554.0	0.2402867149955201
chr2	-37	42	24894.0	0.16871535309713184
chr2	-36	35	25241.0	0.13866328592369556
chr2	-35	69	25567.0	0.2698791410802988
chr2	-34	25	25926.0	0.09642829591915453
chr2	-33	71	26265.0	0.27032172092137824
chr2	-32	44	26586.0	0.16550063943428872
chr2	-31	59	26931.0	0.21907838550369463
chr2	-30	91	27300.0	0.33333333333333337
chr2	-29	72	27680.0	0.26011560693641617
chr2	-28	34	27988.0	0.12148063455766757
chr2	-27	44	28366.0	0.1551152788549672
chr2	-26	51	28700.0	0.17770034843205576
chr2	-25	62	29066.0	0.21330764467074934
chr2	-24	101	29358.0	0.34402888480141697
chr2	-23	71	29736.0	0.23876782351358625
chr2	-22	90	30082.0	0.29918223522372184
chr2	-21	61	30385.0	0.20075695244363995
chr2	-20	61	30718.0	0.19858063676020574
chr2	-19	84	31060.0	0.2704443013522215
chr2	-18	108	31409.0	0.3438504887134261
chr2	-17	72	31753.0	0.2267502283248827
chr2	-16	91	32072.0	0.2837365926665004
chr2	-15	94	32410.0	0.2900339401419315
chr2	-14	70	32694.0	0.21410656389551597
chr2	-13	67	33014.0	0.2029442054885806
chr2	-12	122	33303.0	0.3663333633606582
chr2	-11	108	33661.0	0.32084608300407
chr2	-10	39	34018.0	0.11464518784173085
chr2	-9	71	34024.0	0.2086762285445568
chr2	-8	72	34049.0	0.21145995477106524
chr2	-7	118	34048.0	0.34656954887218044
chr2	-6	78	34049.0	0.229081617668654
chr2	-5	106	34046.0	0.3113434764730071
chr2	-4	66	34053.0	0.1938155228614219
chr2	-3	80	34043.0	0.2349969156654819
chr2	-2	83	34044.0	0.24380213840911763
chr2	-1	75	34044.0	0.22030313711667251
chr2	0	117	33343.0	0.35089823951054194
chr2	1	91	32978.0	0.27594153678209715
chr2	2	109	32594.0	0.3344173774314291
chr2	3	100	32269.0	0.30989494561343706
chr2	4	103	31935.0	0.32253013934554564
chr2	5	113	31612.0	0.3574591927116285
chr2	6	139	31331.0	0.44365005904695026
chr2	7	86	31022.0	0.2772226162078525
chr2	8	76	30712.0	0.24746027611357124
chr2	9	82	30361.0	0.270083330588584
chr2	10	135	30013.0	0.44980508446339923
chr2	11	138	29692.0	0.4647716556648256
chr2	12	97	29366.0	0.3303139685350405
chr2	13	101	29009.0	0.34816780999000313
chr2	14	95	28626.0	0.33186613568084955
chr2	15	152	28296.0	0.5371783997738196
chr2	16	69	27954.0	0.24683408456750378
chr2	17	123	27619.0	0.4453455954234404
chr2	18	90	27298.0	0.3296944831123159
chr2	19	65	26992.0	0.24081209247184351
chr2	20	92	26634.0	0.3454231433506045
chr2	21	122	26284.0	0.4641607061330087
chr2	22	119	25927.0	0.45898098507347557
chr2	23	152	25572.0	0.5944001251368685
chr2	24	109	25254.0	0.43161479369604816
chr2	25	79	24912.0	0.31711624919717407
chr2	26	86	24576.0	0.34993489583333337
chr2	27	75	24232.0	0.30950808847804556
chr2	28	141	23892.0	0.5901557006529382
chr2	29	117	23563.0	0.4965411874549081
chr2	30	110	23175.0	0.4746494066882417
chr2	31	66	22830.0	0.2890932982917214
chr2	32	99	22472.0	0.44054823780704877
chr2	33	71	22133.0	0.3207879636741517
chr2	34	98	21763.0	0.4503055644901898
chr2	35	66	21416.0	0.308180799402316
chr2	36	53	21076.0	0.25147086733725565
chr2	37	107	20736.0	0.5160108024691359
chr2	38	106	20373.0	0.5202964708192215
chr2	39	69	20046.0	0.34420832086201736
chr2	40	80	19722.0	0.4056383733901227
chr2	41	67	19423.0	0.34495186119548993
chr2	42	86	19045.0	0.45156208978734574
chr2	43	85	18716.0	0.45415687112630904
chr2	44	70	18393.0	0.3805795683140325
chr2	45	114	18044.0	0.6317889603192197
chr2	46	49	17657.0	0.27751033584414114
chr2	47	74	17378.0	0.42582575670387846
chr2	48	69	17021.0	0.40538158745079605
chr2	49	58	16698.0	0.34734698766319316
chr2	50	62	16342.0	0.37939052747521723
chr2	51	84	16043.0	0.5235928442311288
chr2	52	71	15727.0	0.4514529153684746
chr2	53	57	15331.0	0.3717957080425282
chr2	54	65	14961.0	0.4344629369694539
chr2	55	65	14651.0	0.44365572315882873
chr2	56	45	14310.0	0.3144654088050315
chr2	57	45	14039.0	0.3205356506873709
chr2	58	54	13736.0	0.3931275480489225
chr2	59	46	13404.0	0.3431811399582214
chr2	60	53	13067.0	0.40560189791076756
chr2	61	60	12749.0	0.47062514707035846
chr2	62	44	12413.0	0.3544670909530331
chr2	63	63	12030.0	0.5236907730673317
chr2	64	49	11680.0	0.4195205479452055
chr2	65	50	11382.0	0.4392901071867862
chr2	66	54	11033.0	0.489440768603281
chr2	67	66	10729.0	0.6151551868766894
chr2	68	46	10408.0	0.4419677171406611
chr2	69	55	10088.0	0.5452022204599524
chr2	70	60	9734.0	0.6163961372508732
chr2	71	34	9421.0	0.3608958709266532
chr2	72	29	9086.0	0.31917235307065817
chr2	73	34	8741.0	0.38897151355680126
chr2	74	33	8417.0	0.3920636806463111
chr2	75	35	8056.0	0.4344587884806355
chr2	76	25	7719.0	0.32387614976033163
chr2	77	28	7395.0	0.3786342123056119
chr2	78	32	7054.0	0.4536433229373405
chr2	79	23	6685.0	0.34405385190725507
chr2	80	34	6306.0	0.5391690453536314
chr2	81	29	5999.0	0.48341390231705283
chr2	82	21	5626.0	0.37326697476004267
chr2	83	23	5289.0	0.4348648137644167
chr2	84	23	4923.0	0.46719479991874874
chr2	85	27	4637.0	0.5822730213500108
chr2	86	22	4273.0	0.5148607535689211
chr2	87	9	3923.0	0.22941626306398166
chr2	88	13	3630.0	0.3581267217630854
chr2	89	10	3296.0	0.30339805825242716
chr2	90	13	2952.0	0.4403794037940379
chr2	91	13	2601.0	0.4998077662437524
chr2	92	7	2254.0	0.3105590062111801
chr2	93	11	1940.0	0.5670103092783505
chr2	94	6	1609.0	0.3729024238657551
chr2	95	5	1317.0	0.3796507213363705
chr2	96	5	1001.0	0.4995004995004995
chr2	97	5	702.0	0.7122507122507122
chr2	98	0	350.0	0.0
chr2	99	0	0.0	nan
chr2	100	0	0.0	nan
chr2	101	0	0.0	nan
chr2	102	0	0.0	nan
chr2	103	0	0.0	nan
chr2	104	0	0.0	nan
chr2	105	0	0.0	nan
chr2	106	0	0.0	nan
chr2	107	0	0.0	nan
chr2	108	0	0.0	nan
chr2	109	0	0.0	nan
chr2	110	0	0.0	nan
chr2	111	0	0.0	nan
chr2	112	0	0.0	nan
chr2	113	0	0.0	nan
chr2	114	0	0.0	nan
chr2	115	0	0.0	nan
chr2	116	0	0.0	nan
chr2	117	0	0.0	nan
chr2	118	0	0.0	nan
chr2	119	0	0.0	nan
chr2	120	0	0.0	nan
chr2	121	0	0.0	nan
chr2	122	0	0.0	nan
chr2	123	0	0.0	nan
chr4	-122	0	3.0	0.0
chr4	-121	0	3.0	0.0
chr4	-120	0	3.0	0.0
chr4	-119	0	3.0	0.0
chr4	-118	0	3.0	0.0
chr4	-117	0	3.0	0.0
chr4	-116	0	4.0	0.0
chr4	-115	0	4.0	0.0
chr4	-114	0	5.0	0.0
chr4	-113	0	5.0	0.0
chr4	-112	0	9.0	0.0
chr4	-111	0	14.0	0.0
chr4	-110	0	415.0	0.0
chr4	-109	2	813.0	0.24600246002460024
chr4	-108	1	1214.0	0.08237232289950577
chr4	-107	5	1596.0	0.3132832080200501
chr4	-106	6	2031.0	0.29542097488921715
chr4	-105	2	2418.0	0.0827129859387924
chr4	-104	4	2835.0	0.14109347442680778
chr4	-103	8	3212.0	0.24906600249066002
chr4	-102	7	3604.0	0.1942286348501665
chr4	-101	15	4031.0	0.37211610022326963
chr4	-100	11	4460.0	0.24663677130044842
chr4	-99	12	4821.0	0.24891101431238333
chr4	-98	9	5224.0	0.17228177641653905
chr4	-97	7	5618.0	0.1245995016019936
chr4	-96	11	6011.0	0.18299783729828648
chr4	-95	9	6381.0	0.14104372355430184
chr4	-94	15	6795.0	0.22075055187637968
chr4	-93	21	7208.0	0.2913429522752497
chr4	-92	28	7604.0	0.3682272488164124
chr4	-91	15	7995.0	0.18761726078799248
chr4	-90	20	8403.0	0.23801023444008093
chr4	-89	17	8800.0	0.19318181818181818
chr4	-88	15	9241.0	0.1623200952277892
chr4	-87	28	9673.0	0.2894655225886488
chr4	-86	22	10100.0	0.21782178217821785
chr4	-85	11	10489.0	0.10487177042616073
chr4	-84	28	10870.0	0.2575896964121435
chr4	-83	13	11279.0	0.1152584448975973
chr4	-82	41	11733.0	0.34944174550413365
chr4	-81	14	12181.0	0.11493309252113948
chr4	-80	27	12598.0	0.21431973329099854
chr4	-79	19	13020.0	0.14592933947772657
chr4	-78	30	13428.0	0.22341376228775692
chr4	-77	52	13811.0	0.3765114763594236
chr4	-76	68	14178.0	0.4796163069544364
chr4	-75	28	14575.0	0.19210977701543738
chr4	-74	22	14964.0	0.14701951349906442
chr4	-73	25	15381.0	0.1625381964761719
chr4	-72	28	15777.0	0.17747353742790137
chr4	-71	16	16170.0	0.09894867037724181
chr4	-70	46	16589.0	0.277292181566098
chr4	-69	31	16943.0	0.18296641680930179
chr4	-68	36	17353.0	0.20745692387483433
chr4	-67	51	17779.0	0.28685527869958943
chr4	-66	24	18169.0	0.13209312565358577
chr4	-65	31	18589.0	0.1667652913013072
chr4	-64	20	18993.0	0.10530195335123466
chr4	-63	43	19438.0	0.22121617450354975
chr4	-62	38	19827.0	0.19165784031875724
chr4	-61	66	20231.0	0.32623202016707037
chr4	-60	47	20635.0	0.2277683547370972
chr4	-59	60	21055.0	0.28496794110662554
chr4	-58	73	21475.0	0.33993015133876603
chr4	-57	68	21868.0	0.310956648984818
chr4	-56	46	22277.0	0.20649099968577458
chr4	-55	38	22705.0	0.16736401673640167
chr4	-54	52	23133.0	0.22478710067868413
chr4	-53	43	23559.0	0.18252048049577654
chr4	-52	47	23990.0	0.19591496456857022
chr4	-51	31	24347.0	0.12732574855218304
chr4	-50	85	24748.0	0.34346209794730886
chr4	-49	64	25170.0	0.2542709574890743
chr4	-48	87	25575.0	0.34017595307917886
chr4	-47	39	25970.0	0.15017327685791299
chr4	-46	52	26356.0	0.19729852784944607
chr4	-45	78	26778.0	0.29128388976025094
chr4	-44	73	27229.0	0.2680965147453083
chr4	-43	63	27646.0	0.22788106778557476
chr4	-42	89	28065.0	0.3171209691786923
chr4	-41	65	28470.0	0.228310502283105
chr4	-40	56	28923.0	0.19361753621685163
chr4	-39	108	29350.0	0.3679727427597956
chr4	-38	79	29767.0	0.2653945644505661
chr4	-37	74	30189.0	0.24512239557454704
chr4	-36	37	30550.0	0.12111292962356793
chr4	-35	47	30935.0	0.1519314692096331
chr4	-34	62	31315.0	0.19798818457608175
chr4	-33	84	31726.0	0.26476706801992056
chr4	-32	63	32163.0	0.1958772502565059
chr4	-31	61	32599.0	0.18712230436516455
chr4	-30	69	32928.0	0.20954810495626822
chr4	-29	89	33345.0	0.2669065826960564
chr4	-28	88	33772.0	0.26057088712542936
chr4	-27	65	34165.0	0.19025318308210157
chr4	-26	62	34544.0	0.1794812413154238
chr4	-25	60	34935.0	0.17174753112924002
chr4	-24	82	35354.0	0.23193980879108447
chr4	-23	96	35724.0	0.26872690628149143
chr4	-22	118	36120.0	0.3266888150609081
chr4	-21	105	36529.0	0.2874428536231487
chr4	-20	50	36896.0	0.1355160450997398
chr4	-19	140	37331.0	0.3750234389649353
chr4	-18	126	37808.0	0.3332628015234871
chr4	-17	80	38215.0	0.20934188146015964
chr4	-16	67	38680.0	0.17321613236814892
chr4	-15	75	39093.0	0.19185020336121558
chr4	-14	107	39533.0	0.2706599549743252
chr4	-13	146	39929.0	0.36564902702296576
chr4	-12	49	40320.0	0.12152777777777778
chr4	-11	72	40664.0	0.17706079087153256
chr4	-10	89	41039.0	0.21686688272131385
chr4	-9	110	41054.0	0.2679397866224972
chr4	-8	114	41083.0	0.27748703843438893
chr4	-7	62	41106.0	0.1508295625942685
chr4	-6	63	41107.0	0.15325856910015326
chr4	-5	77	41111.0	0.18729780350757705
chr4	-4	113	41102.0	0.2749257943652377
chr4	-3	112	41085.0	0.27260557381039313
chr4	-2	87	41075.0	0.21180766889835667
chr4	-1	70	41098.0	0.17032459000437977
chr4	0	82	40268.0	0.20363564120393363
chr4	1	121	39835.0	0.3037529810468181
chr4	2	117	39479.0	0.2963600901745232
chr4	3	138	39050.0	0.353393085787452
chr4	4	103	38661.0	0.26641835441400896
chr4	5	76	38252.0	0.19868242183415244
chr4	6	104	37878.0	0.2745657109667881
chr4	7	154	37474.0	0.4109515931045525
chr4	8	134	37022.0	0.3619469504618875
chr4	9	123	36572.0	0.336322869955157
chr4	10	95	36216.0	0.2623149988955158
chr4	11	60	35841.0	0.16740604335816522
chr4	12	177	35445.0	0.4993652137113838
chr4	13	141	35058.0	0.402190655485196
chr4	14	98	34683.0	0.2825591788484272
chr4	15	76	34260.0	0.22183304144775248
chr4	16	84	33842.0	0.24821228059807343
chr4	17	158	33445.0	0.47241740170429064
chr4	18	160	33059.0	0.4839831815844399
chr4	19	99	32651.0	0.30320663991914487
chr4	20	122	32244.0	0.3783649671256668
chr4	21	127	31801.0	0.3993585107386561
chr4	22	110	31358.0	0.350787677785573
chr4	23	108	30948.0	0.34897246994959286
chr4	24	77	30556.0	0.25199633459876947
chr4	25	85	30173.0	0.28170881251449975
chr4	26	126	29764.0	0.4233301975540922
chr4	27	116	29310.0	0.395769361992494
chr4	28	90	28852.0	0.311936780812422
chr4	29	101	28427.0	0.35529602138811694
chr4	30	112	28016.0	0.3997715591090805
chr4	31	60	27615.0	0.21727322107550243
chr4	32	109	27248.0	0.4000293599530241
chr4	33	81	26867.0	0.30148509323705663
chr4	34	81	26474.0	0.3059605650827227
chr4	35	110	26077.0	0.42182766422517926
chr4	36	107	25677.0	0.41671534836624213
chr4	37	114	25288.0	0.4508067067383739
chr4	38	110	24891.0	0.44192680085171343
chr4	39	84	24464.0	0.3433616742969261
chr4	40	118	24111.0	0.48940317697316577
chr4	41	115	23700.0	0.4852320675105486
chr4	42	76	23273.0	0.32655867314054915
chr4	43	73	22883.0	0.3190141152820872
chr4	44	96	22464.0	0.4273504273504274
chr4	45	66	22062.0	0.2991569214033179
chr4	46	80	21619.0	0.3700448679402378
chr4	47	109	21236.0	0.5132793369749482
chr4	48	82	20829.0	0.3936818858322531
chr4	49	70	20419.0	0.34281796366129585
chr4	50	54	19997.0	0.2700405060759114
chr4	51	75	19578.0	0.38308305240576157
chr4	52	59	19191.0	0.30743577718722315
chr4	53	50	18767.0	0.2664251079021687
chr4	54	93	18349.0	0.5068396097879994
chr4	55	70	17922.0	0.39058140832496374
chr4	56	60	17506.0	0.3427396321261282
chr4	57	91	17076.0	0.5329116889201218
chr4	58	64	16724.0	0.3826835685242765
chr4	59	58	16327.0	0.3552397868561279
chr4	60	94	15913.0	0.5907119964808647
chr4	61	64	15507.0	0.4127168375572322
chr4	62	51	15110.0	0.3375248180013236
chr4	63	58	14723.0	0.3939414521496977
chr4	64	55	14293.0	0.3848037500874554
chr4	65	39	13825.0	0.2820976491862568
chr4	66	66	13423.0	0.49169336213961107
chr4	67	40	12997.0	0.3077633299992306
chr4	68	46	12589.0	0.3653983636508063
chr4	69	46	12141.0	0.3788814759904456
chr4	70	37	11724.0	0.31559194814056635
chr4	71	40	11303.0	0.35388834822613463
chr4	72	50	10878.0	0.45964331678617387
chr4	73	33	10503.0	0.31419594401599543
chr4	74	36	10122.0	0.35566093657379966
chr4	75	73	9736.0	0.7497945768282662
chr4	76	55	9343.0	0.5886760141282243
chr4	77	28	8897.0	0.3147128245476003
chr4	78	34	8452.0	0.4022716516800757
chr4	79	40	8078.0	0.49517207229512256
chr4	80	27	7687.0	0.3512423572264863
chr4	81	43	7292.0	0.589687328579265
chr4	82	22	6899.0	0.3188867951877084
chr4	83	34	6522.0	0.5213124808341
chr4	84	30	6132.0	0.4892367906066536
chr4	85	21	5715.0	0.3674540682414698
chr4	86	21	5319.0	0.39481105470953193
chr4	87	17	4931.0	0.3447576556479416
chr4	88	12	4539.0	0.2643754130865829
chr4	89	18	4179.0	0.4307250538406317
chr4	90	14	3738.0	0.37453183520599254
chr4	91	24	3270.0	0.7339449541284404
chr4	92	16	2865.0	0.5584642233856894
chr4	93	13	2401.0	0.5414410662224073
chr4	94	7	1993.0	0.35122930255895635
chr4	95	5	1558.0	0.3209242618741977
chr4	96	15	1159.0	1.2942191544434858
chr4	97	5	771.0	0.648508430609598
chr4	98	1	387.0	0.2583979328165375
chr4	99	0	0.0	nan
chr4	100	0	0.0	nan
chr4	101	0	0.0	nan
chr4	102	0	0.0	nan
chr4	103	0	0.0	nan
chr4	104	0	0.0	nan
chr4	105	0	0.0	nan
chr4	106	0	0.0	nan
chr4	107	0	0.0	nan
chr4	108	0	0.0	nan
chr4	109	0	0.0	nan
chr4	110	0	0.0	nan
chr4	111	0	0.0	nan
chr4	112	0	0.0	nan
chr4	113	0	0.0	nan
chr4	114	0	0.0	nan
chr4	115	0	0.0	nan
chr4	116	0	0.0	nan
chr4	117	0	0.0	nan
chr4	118	0	0.0	nan
chr4	119	0	0.0	nan
chr4	120	0	0.0	nan
chr4	121	0	0.0	nan
chr4	122	0	0.0	nan
chr4	123	0	0.0	nan
chr4	124	0	0.0	nan
chr4	125	0	0.0	nan
chr4	126	0	0.0	nan
chr4	127	0	0.0	nan
chr4	128	0	0.0	nan
chr4	129	0	0.0	nan
chr4	130	0	0.0	nan
chr4	131	0	0.0	nan
chr5	-109	0	1.0	0.0
chr5	-108	0	1.0	0.0
chr5	-107	0	1.0	0.0
chr5	-106	0	1.0	0.0
chr5	-105	0	1.0	0.0
chr5	-104	0	2.0	0.0
chr5	-103	0	2.0	0.0
chr5	-102	0	2.0	0.0
chr5	-101	0	2.0	0.0
chr5	-100	0	3.0	0.0
chr5	-99	0	3.0	0.0
chr5	-98	0	8.0	0.0
chr5	-97	0	8.0	0.0
chr5	-96	0	11.0	0.0
chr5	-95	0	11.0	0.0
chr5	-94	0	11.0	0.0
chr5	-93	0	12.0	0.0
chr5	-92	0	12.0	0.0
chr5	-91	0	12.0	0.0
chr5	-90	0	13.0	0.0
chr5	-89	0	13.0	0.0
chr5	-88	0	15.0	0.0
chr5	-87	0	15.0	0.0
chr5	-86	0	16.0	0.0
chr5	-85	0	19.0	0.0
chr5	-84	0	19.0	0.0
chr5	-83	0	19.0	0.0
chr5	-82	0	19.0	0.0
chr5	-81	0	20.0	0.0
chr5	-80	0	21.0	0.0
chr5	-79	0	21.0	0.0
chr5	-78	0	21.0	0.0
chr5	-77	0	22.0	0.0
chr5	-76	0	23.0	0.0
chr5	-75	0	23.0	0.0
chr5	-74	0	24.0	0.0
chr5	-73	0	25.0	0.0
chr5	-72	0	25.0	0.0
chr5	-71	0	25.0	0.0
chr5	-70	0	25.0	0.0
chr5	-69	0	26.0	0.0
chr5	-68	0	26.0	0.0
chr5	-67	0	26.0	0.0
chr5	-66	0	29.0	0.0
chr5	-65	0	29.0	0.0
chr5	-64	0	29.0	0.0
chr5	-63	0	29.0	0.0
chr5	-62	0	29.0	0.0
chr5	-61	0	29.0	0.0
chr5	-60	0	30.0	0.0
chr5	-59	0	30.0	0.0
chr5	-58	0	30.0	0.0
chr5	-57	0	30.0	0.0
chr5	-56	0	31.0	0.0
chr5	-55	0	31.0	0.0
chr5	-54	0	32.0	0.0
chr5	-53	0	32.0	0.0
chr5	-52	0	32.0	0.0
chr5	-51	1	33.0	3.0303030303030303
chr5	-50	0	34.0	0.0
chr5	-49	0	34.0	0.0
chr5	-48	0	34.0	0.0
chr5	-47	0	35.0	0.0
chr5	-46	0	35.0	0.0
chr5	-45	0	37.0	0.0
chr5	-44	0	37.0	0.0
chr5	-43	0	37.0	0.0
chr5	-42	0	37.0	0.0
chr5	-41	0	37.0	0.0
chr5	-40	0	38.0	0.0
chr5	-39	0	38.0	0.0
chr5	-38	0	38.0	0.0
chr5	-37	0	38.0	0.0
chr5	-36	0	41.0	0.0
chr5	-35	0	41.0	0.0
chr5	-34	0	41.0	0.0
chr5	-33	0	41.0	0.0
chr5	-32	0	41.0	0.0
chr5	-31	0	41.0	0.0
chr5	-30	0	41.0	0.0
chr5	-29	0	41.0	0.0
chr5	-28	0	41.0	0.0
chr5	-27	0	42.0	0.0
chr5	-26	0	42.0	0.0
chr5	-25	0	42.0	0.0
chr5	-24	0	42.0	0.0
chr5	-23	0	42.0	0.0
chr5	-22	0	44.0	0.0
chr5	-21	0	45.0	0.0
chr5	-20	0	45.0	0.0
chr5	-19	1	45.0	2.2222222222222223
chr5	-18	0	45.0	0.0
chr5	-17	0	45.0	0.0
chr5	-16	0	45.0	0.0
chr5	-15	0	45.0	0.0
chr5	-14	0	46.0	0.0
chr5	-13	0	48.0	0.0
chr5	-12	0	48.0	0.0
chr5	-11	0	50.0	0.0
chr5	-10	0	50.0	0.0
chr5	-9	0	50.0	0.0
chr5	-8	0	50.0	0.0
chr5	-7	0	50.0	0.0
chr5	-6	0	50.0	0.0
chr5	-5	0	50.0	0.0
chr5	-4	0	50.0	0.0
chr5	-3	0	50.0	0.0
chr5	-2	0	50.0	0.0
chr5	-1	0	50.0	0.0
chr5	0	0	49.0	0.0
chr5	1	0	49.0	0.0
chr5	2	0	49.0	0.0
chr5	3	0	49.0	0.0
chr5	4	0	49.0	0.0
chr5	5	0	48.0	0.0
chr5	6	0	48.0	0.0
chr5	7	0	48.0	0.0
chr5	8	0	48.0	0.0
chr5	9	0	47.0	0.0
chr5	10	0	47.0	0.0
chr5	11	0	42.0	0.0
chr5	12	0	42.0	0.0
chr5	13	0	39.0	0.0
chr5	14	0	39.0	0.0
chr5	15	1	39.0	2.564102564102564
chr5	16	0	38.0	0.0
chr5	17	0	38.0	0.0
chr5	18	0	38.0	0.0
chr5	19	0	37.0	0.0
chr5	20	0	37.0	0.0
chr5	21	0	35.0	0.0
chr5	22	0	35.0	0.0
chr5	23	0	34.0	0.0
chr5	24	0	31.0	0.0
chr5	25	0	31.0	0.0
chr5	26	0	31.0	0.0
chr5	27	0	31.0	0.0
chr5	28	0	30.0	0.0
chr5	29	0	29.0	0.0
chr5	30	0	29.0	0.0
chr5	31	0	29.0	0.0
chr5	32	0	28.0	0.0
chr5	33	0	27.0	0.0
chr5	34	1	27.0	3.7037037037037033
chr5	35	0	26.0	0.0
chr5	36	0	25.0	0.0
chr5	37	0	25.0	0.0
chr5	38	0	25.0	0.0
chr5	39	0	25.0	0.0
chr5	40	0	24.0	0.0
chr5	41	0	24.0	0.0
chr5	42	0	24.0	0.0
chr5	43	0	21.0	0.0
chr5	44	0	21.0	0.0
chr5	45	0	21.0	0.0
chr5	46	0	21.0	0.0
chr5	47	0	21.0	0.0
chr5	48	0	21.0	0.0
chr5	49	0	20.0	0.0
chr5	50	0	20.0	0.0
chr5	51	0	20.0	0.0
chr5	52	0	20.0	0.0
chr5	53	0	19.0	0.0
chr5	54	0	19.0	0.0
chr5	55	0	18.0	0.0
chr5	56	0	18.0	0.0
chr5	57	0	18.0	0.0
chr5	58	0	17.0	0.0
chr5	59	0	16.0	0.0
chr5	60	0	16.0	0.0
chr5	61	0	16.0	0.0
chr5	62	0	15.0	0.0
chr5	63	0	15.0	0.0
chr5	64	0	13.0	0.0
chr5	65	0	13.0	0.0
chr5	66	0	13.0	0.0
chr5	67	0	13.0	0.0
chr5	68	0	13.0	0.0
chr5	69	0	12.0	0.0
chr5	70	0	12.0	0.0
chr5	71	0	12.0	0.0
chr5	72	0	12.0	0.0
chr5	73	0	9.0	0.0
chr5	74	0	9.0	0.0
chr5	75	0	9.0	0.0
chr5	76	0	9.0	0.0
chr5	77	0	9.0	0.0
chr5	78	0	9.0	0.0
chr5	79	0	9.0	0.0
chr5	80	0	9.0	0.0
chr5	81	0	9.0	0.0
chr5	82	0	8.0	0.0
chr5	83	0	8.0	0.0
chr5	84	0	8.0	0.0
chr5	85	0	8.0	0.0
chr5	86	0	8.0	0.0
chr5	87	0	6.0	0.0
chr5	88	0	5.0	0.0
chr5	89	0	5.0	0.0
chr5	90	0	5.0	0.0
chr5	91	0	5.0	0.0
chr5	92	0	5.0	0.0
chr5	93	0	5.0	0.0
chr5	94	1	5.0	20.0
chr5	95	0	4.0	0.0
chr5	96	0	2.0	0.0
chr5	97	0	2.0	0.0
chr5	98	0	0.0	nan
chr5	99	0	0.0	nan
chr5	100	0	0.0	nan
chr5	101	0	0.0	nan
chr5	102	0	0.0	nan
chr5	103	0	0.0	nan
chr5	104	0	0.0	nan
chr5	105	0	0.0	nan
chr5	106	0	0.0	nan
chr5	107	0	0.0	nan
chr5	108	0	0.0	nan
chr6	-141	0	0.0	nan
chr6	-140	0	0.0	nan
chr6	-139	0	1.0	0.0
chr6	-138	0	1.0	0.0
chr6	-137	0	1.0	0.0
chr6	-136	0	1.0	0.0
chr6	-135	0	1.0	0.0
chr6	-134	0	1.0	0.0
chr6	-133	0	1.0	0.0
chr6	-132	0	1.0	0.0
chr6	-131	0	1.0	0.0
chr6	-130	0	1.0	0.0
chr6	-129	0	1.0	0.0
chr6	-128	0	1.0	0.0
chr6	-127	0	1.0	0.0
chr6	-126	0	1.0	0.0
chr6	-125	0	1.0	0.0
chr6	-124	0	1.0	0.0
chr6	-123	0	1.0	0.0
chr6	-122	0	1.0	0.0
chr6	-121	0	1.0	0.0
chr6	-120	0	1.0	0.0
chr6	-119	0	1.0	0.0
chr6	-118	0	1.0	0.0
chr6	-117	0	1.0	0.0
chr6	-116	0	1.0	0.0
chr6	-115	0	1.0	0.0
chr6	-114	0	2.0	0.0
chr6	-113	0	2.0	0.0
chr6	-112	0	2.0	0.0
chr6	-111	0	4.0	0.0
chr6	-110	1	150.0	0.6666666666666667
chr6	-109	0	291.0	0.0
chr6	-108	1	448.0	0.2232142857142857
chr6	-107	1	604.0	0.16556291390728478
chr6	-106	0	754.0	0.0
chr6	-105	2	909.0	0.22002200220022
chr6	-104	2	1052.0	0.19011406844106463
chr6	-103	0	1189.0	0.0
chr6	-102	10	1355.0	0.7380073800738007
chr6	-101	6	1503.0	0.39920159680638717
chr6	-100	6	1694.0	0.3541912632821724
chr6	-99	7	1827.0	0.38314176245210724
chr6	-98	1	1960.0	0.05102040816326531
chr6	-97	4	2111.0	0.18948365703458078
chr6	-96	4	2283.0	0.17520805957074026
chr6	-95	3	2423.0	0.12381345439537762
chr6	-94	1	2553.0	0.03916960438699569
chr6	-93	3	2685.0	0.11173184357541899
chr6	-92	16	2860.0	0.5594405594405595
chr6	-91	7	3020.0	0.2317880794701987
chr6	-90	4	3136.0	0.12755102040816327
chr6	-89	13	3296.0	0.39441747572815533
chr6	-88	10	3454.0	0.2895193977996526
chr6	-87	1	3614.0	0.02767017155506364
chr6	-86	9	3765.0	0.2390438247011952
chr6	-85	17	3917.0	0.4340056165432729
chr6	-84	8	4069.0	0.19660850331776847
chr6	-83	3	4210.0	0.07125890736342043
chr6	-82	7	4367.0	0.16029310739638197
chr6	-81	11	4530.0	0.24282560706401765
chr6	-80	15	4686.0	0.3201024327784891
chr6	-79	13	4837.0	0.26876162910895185
chr6	-78	5	4973.0	0.10054293183189222
chr6	-77	22	5125.0	0.4292682926829269
chr6	-76	30	5264.0	0.5699088145896657
chr6	-75	20	5403.0	0.37016472330186934
chr6	-74	6	5559.0	0.10793308148947653
chr6	-73	15	5708.0	0.26278906797477225
chr6	-72	25	5869.0	0.4259669449650707
chr6	-71	12	6040.0	0.1986754966887417
chr6	-70	36	6207.0	0.5799903334944417
chr6	-69	7	6371.0	0.10987286140323341
chr6	-68	38	6510.0	0.5837173579109063
chr6	-67	17	6683.0	0.2543767768966033
chr6	-66	5	6817.0	0.07334604664808567
chr6	-65	9	6983.0	0.12888443362451668
chr6	-64	11	7130.0	0.15427769985974754
chr6	-63	2	7284.0	0.027457440966501923
chr6	-62	9	7443.0	0.12091898428053204
chr6	-61	51	7608.0	0.6703470031545742
chr6	-60	7	7770.0	0.09009009009009009
chr6	-59	16	7896.0	0.2026342451874367
chr6	-58	46	8058.0	0.570861255894763
chr6	-57	30	8223.0	0.36483035388544327
chr6	-56	15	8361.0	0.1794043774668102
chr6	-55	33	8535.0	0.3866432337434095
chr6	-54	16	8697.0	0.1839714844199149
chr6	-53	29	8839.0	0.32809141305577555
chr6	-52	16	9026.0	0.17726567693330378
chr6	-51	27	9188.0	0.29386155855463647
chr6	-50	24	9357.0	0.25649246553382493
chr6	-49	29	9503.0	0.3051667894349153
chr6	-48	33	9672.0	0.3411910669975186
chr6	-47	16	9826.0	0.1628332994097293
chr6	-46	18	9980.0	0.18036072144288579
chr6	-45	27	10134.0	0.2664298401420959
chr6	-44	15	10289.0	0.14578676256195938
chr6	-43	23	10453.0	0.22003252654740263
chr6	-42	12	10614.0	0.11305822498586772
chr6	-41	63	10728.0	0.587248322147651
chr6	-40	39	10890.0	0.3581267217630854
chr6	-39	13	11056.0	0.11758321273516643
chr6	-38	71	11200.0	0.6339285714285714
chr6	-37	42	11365.0	0.3695556533216014
chr6	-36	69	11521.0	0.5989063449353355
chr6	-35	21	11684.0	0.17973296816158849
chr6	-34	17	11838.0	0.14360533873965198
chr6	-33	15	11989.0	0.12511468846442572
chr6	-32	23	12134.0	0.18955002472391627
chr6	-31	51	12284.0	0.41517421035493324
chr6	-30	54	12405.0	0.4353083434099154
chr6	-29	46	12586.0	0.36548546003495946
chr6	-28	22	12731.0	0.17280653522896866
chr6	-27	25	12917.0	0.19354339242858248
chr6	-26	18	13052.0	0.13790989886607416
chr6	-25	28	13254.0	0.21125697902519996
chr6	-24	65	13409.0	0.4847490491460959
chr6	-23	28	13553.0	0.2065963255367815
chr6	-22	25	13698.0	0.18250839538618777
chr6	-21	61	13822.0	0.4413254232383157
chr6	-20	53	13991.0	0.37881495246944463
chr6	-19	51	14133.0	0.36085756739545743
chr6	-18	35	14273.0	0.24521824423737126
chr6	-17	22	14414.0	0.15262938809490773
chr6	-16	17	14565.0	0.1167181599725369
chr6	-15	59	14707.0	0.4011695111171551
chr6	-14	67	14855.0	0.4510265903736116
chr6	-13	51	15017.0	0.3396151028833988
chr6	-12	45	15156.0	0.29691211401425177
chr6	-11	31	15321.0	0.20233666209777432
chr6	-10	42	15498.0	0.27100271002710025
chr6	-9	43	15500.0	0.27741935483870966
chr6	-8	11	15501.0	0.0709631636668602
chr6	-7	14	15498.0	0.09033423667570009
chr6	-6	38	15491.0	0.24530372474339937
chr6	-5	73	15497.0	0.4710589146286378
chr6	-4	32	15498.0	0.20647825525874305
chr6	-3	67	15498.0	0.4323138469479933
chr6	-2	31	15499.0	0.20001290405832636
chr6	-1	32	15493.0	0.2065448912412057
chr6	0	36	15186.0	0.2370604504148558
chr6	1	57	15035.0	0.37911539740605255
chr6	2	73	14878.0	0.49065734641752917
chr6	3	38	14726.0	0.2580469917153334
chr6	4	92	14570.0	0.6314344543582704
chr6	5	67	14422.0	0.4645680210789072
chr6	6	40	14291.0	0.2798964383178224
chr6	7	27	14134.0	0.19102872506013868
chr6	8	47	13985.0	0.3360743653914909
chr6	9	55	13791.0	0.3988108186498441
chr6	10	35	13659.0	0.2562413060985431
chr6	11	54	13526.0	0.3992311104539406
chr6	12	63	13376.0	0.4709928229665072
chr6	13	84	13206.0	0.6360745115856429
chr6	14	61	13065.0	0.46689628779181014
chr6	15	52	12930.0	0.40216550657385924
chr6	16	33	12798.0	0.2578527894983591
chr6	17	56	12619.0	0.4437752595292812
chr6	18	66	12455.0	0.529907667603372
chr6	19	66	12336.0	0.5350194552529183
chr6	20	78	12184.0	0.6401838476690741
chr6	21	26	12021.0	0.21628816238249726
chr6	22	42	11861.0	0.35410167776747326
chr6	23	82	11712.0	0.700136612021858
chr6	24	50	11557.0	0.4326382279138185
chr6	25	17	11375.0	0.14945054945054945
chr6	26	46	11263.0	0.4084169404243985
chr6	27	25	11103.0	0.2251643699900928
chr6	28	56	10941.0	0.5118362124120281
chr6	29	83	10784.0	0.7696587537091989
chr6	30	68	10631.0	0.639638792211457
chr6	31	32	10491.0	0.3050233533504909
chr6	32	41	10335.0	0.3967102080309627
chr6	33	27	10194.0	0.26486168334314303
chr6	34	31	10058.0	0.3082123682640684
chr6	35	75	9900.0	0.7575757575757576
chr6	36	46	9753.0	0.4716497487952425
chr6	37	81	9587.0	0.8448941274642746
chr6	38	39	9417.0	0.41414463204842306
chr6	39	38	9245.0	0.411032990805841
chr6	40	57	9075.0	0.628099173553719
chr6	41	36	8945.0	0.4024594745667971
chr6	42	35	8770.0	0.3990877993158495
chr6	43	31	8641.0	0.3587547737530378
chr6	44	29	8475.0	0.3421828908554572
chr6	45	32	8325.0	0.3843843843843844
chr6	46	29	8166.0	0.35513103110457994
chr6	47	44	8009.0	0.5493819453115245
chr6	48	28	7842.0	0.35705177250701353
chr6	49	36	7683.0	0.4685669660288949
chr6	50	41	7558.0	0.5424715533209844
chr6	51	30	7397.0	0.405569825604975
chr6	52	48	7230.0	0.6639004149377593
chr6	53	38	7092.0	0.535815002820079
chr6	54	65	6921.0	0.9391706400809132
chr6	55	27	6756.0	0.3996447602131439
chr6	56	68	6612.0	1.02843315184513
chr6	57	51	6429.0	0.7932804479701353
chr6	58	32	6269.0	0.5104482373584304
chr6	59	21	6102.0	0.344149459193707
chr6	60	55	5955.0	0.9235936188077246
chr6	61	20	5788.0	0.3455425017277125
chr6	62	21	5634.0	0.3727369542066028
chr6	63	14	5476.0	0.2556610664718773
chr6	64	16	5329.0	0.30024394820791894
chr6	65	25	5176.0	0.4829984544049459
chr6	66	34	5006.0	0.6791849780263683
chr6	67	49	4850.0	1.0103092783505154
chr6	68	17	4718.0	0.3603221704111912
chr6	69	46	4568.0	1.0070052539404553
chr6	70	34	4410.0	0.7709750566893424
chr6	71	31	4261.0	0.7275287491199249
chr6	72	22	4099.0	0.5367162722615272
chr6	73	17	3943.0	0.4311437991377124
chr6	74	41	3779.0	1.0849431066419688
chr6	75	30	3625.0	0.8275862068965517
chr6	76	32	3474.0	0.9211283822682788
chr6	77	12	3327.0	0.36068530207394045
chr6	78	22	3183.0	0.6911718504555451
chr6	79	8	3066.0	0.2609262883235486
chr6	80	25	2888.0	0.8656509695290859
chr6	81	13	2745.0	0.47358834244080145
chr6	82	10	2561.0	0.3904724716907458
chr6	83	10	2404.0	0.4159733777038269
chr6	84	10	2226.0	0.44923629829290207
chr6	85	4	2074.0	0.19286403085824494
chr6	86	3	1935.0	0.15503875968992248
chr6	87	7	1791.0	0.3908431044109436
chr6	88	11	1667.0	0.6598680263947211
chr6	89	14	1499.0	0.9339559706470981
chr6	90	2	1359.0	0.14716703458425312
chr6	91	10	1220.0	0.819672131147541
chr6	92	6	1078.0	0.5565862708719851
chr6	93	3	929.0	0.32292787944025836
chr6	94	6	786.0	0.7633587786259541
chr6	95	1	639.0	0.1564945226917058
chr6	96	2	479.0	0.41753653444676403
chr6	97	1	338.0	0.2958579881656805
chr6	98	4	179.0	2.2346368715083798
chr6	99	0	0.0	nan
chr6	100	0	0.0	nan
chr6	101	0	0.0	nan
chr6	102	0	0.0	nan
chr6	103	0	0.0	nan
chr6	104	0	0.0	nan
chr6	105	0	0.0	nan
chr6	106	0	0.0	nan
chr6	107	0	0.0	nan
chr6	108	0	0.0	nan
chr6	109	0	0.0	nan
chr6	110	0	0.0	nan
chr6	111	0	0.0	nan
chr6	112	0	0.0	nan
chr6	113	0	0.0	nan
chr6	114	0	0.0	nan
chr6	115	0	0.0	nan
chr6	116	0	0.0	nan
chr6	117	0	0.0	nan
chr6	118	0	0.0	nan
chr6	119	0	0.0	nan
chr6	120	0	0.0	nan
chr6	121	0	0.0	nan
chr6	122	0	0.0	nan
chr6	123	0	0.0	nan
chr6	124	0	0.0	nan
chr6	125	0	0.0	nan
chr6	126	0	0.0	nan
chr6	127	0	0.0	nan
chr6	128	0	0.0	nan
chr6	129	0	0.0	nan
chr6	130	0	0.0	nan
chr6	131	0	0.0	nan
chr6	132	0	0.0	nan
chr6	133	0	0.0	nan
chr6	134	0	0.0	nan
chr6	135	0	0.0	nan
chr6	136	0	0.0	nan
chr6	137	0	0.0	nan
chr6	138	0	0.0	nan
chr6	139	0	0.0	nan
chr6	140	0	0.0	nan
chr6	141	0	0.0	nan
chr7	-117	0	1.0	0.0
chr7	-116	0	1.0	0.0
chr7	-115	0	1.0	0.0
chr7	-114	0	1.0	0.0
chr7	-113	0	3.0	0.0
chr7	-112	0	5.0	0.0
chr7	-111	0	12.0	0.0
chr7	-110	0	318.0	0.0
chr7	-109	1	625.0	0.16
chr7	-108	1	970.0	0.10309278350515465
chr7	-107	3	1257.0	0.23866348448687352
chr7	-106	9	1593.0	0.5649717514124294
chr7	-105	2	1917.0	0.10432968179447052
chr7	-104	9	2240.0	0.40178571428571425
chr7	-103	6	2566.0	0.23382696804364772
chr7	-102	7	2903.0	0.24112986565621772
chr7	-101	0	3217.0	0.0
chr7	-100	6	3552.0	0.16891891891891891
chr7	-99	7	3870.0	0.1808785529715762
chr7	-98	13	4179.0	0.3110792055515674
chr7	-97	5	4518.0	0.11066843736166444
chr7	-96	12	4829.0	0.24849865396562434
chr7	-95	18	5114.0	0.35197497066875244
chr7	-94	1	5457.0	0.01832508704416346
chr7	-93	15	5774.0	0.25978524419812954
chr7	-92	2	6064.0	0.032981530343007916
chr7	-91	7	6384.0	0.10964912280701754
chr7	-90	11	6699.0	0.16420361247947454
chr7	-89	6	7042.0	0.08520306731042318
chr7	-88	4	7317.0	0.05466721333880005
chr7	-87	15	7647.0	0.1961553550411926
chr7	-86	6	7971.0	0.07527286413248024
chr7	-85	15	8298.0	0.18076644974692696
chr7	-84	10	8592.0	0.11638733705772812
chr7	-83	7	8911.0	0.07855459544383347
chr7	-82	45	9204.0	0.48891786179921776
chr7	-81	10	9525.0	0.10498687664041995
chr7	-80	21	9812.0	0.21402364451691805
chr7	-79	20	10172.0	0.19661816751867872
chr7	-78	13	10475.0	0.12410501193317422
chr7	-77	37	10790.0	0.34291010194624655
chr7	-76	13	11135.0	0.11674898967220476
chr7	-75	24	11476.0	0.20913210177762287
chr7	-74	32	11822.0	0.27068177973270174
chr7	-73	17	12133.0	0.14011373938844474
chr7	-72	33	12402.0	0.2660861151427189
chr7	-71	41	12732.0	0.32202324850769715
chr7	-70	10	13045.0	0.07665772326561901
chr7	-69	13	13348.0	0.0973928678453701
chr7	-68	21	13655.0	0.15378982057854268
chr7	-67	12	14015.0	0.08562254727078131
chr7	-66	40	14317.0	0.2793881399734581
chr7	-65	47	14645.0	0.32092864458859677
chr7	-64	18	15015.0	0.11988011988011987
chr7	-63	31	15339.0	0.2020992241997523
chr7	-62	43	15690.0	0.27405991077119185
chr7	-61	46	16024.0	0.28706939590614083
chr7	-60	27	16350.0	0.1651376146788991
chr7	-59	57	16730.0	0.34070531978481766
chr7	-58	32	17055.0	0.1876282615068895
chr7	-57	36	17376.0	0.20718232044198895
chr7	-56	24	17734.0	0.13533325814818992
chr7	-55	26	18072.0	0.1438689685701638
chr7	-54	39	18376.0	0.21223334784501524
chr7	-53	28	18703.0	0.1497086028979308
chr7	-52	36	19033.0	0.1891451689171439
chr7	-51	70	19356.0	0.3616449679685886
chr7	-50	21	19687.0	0.10666937573017728
chr7	-49	82	20012.0	0.40975414751149314
chr7	-48	83	20342.0	0.4080228099498574
chr7	-47	13	20669.0	0.06289612463109004
chr7	-46	112	21035.0	0.5324459234608985
chr7	-45	28	21356.0	0.1311106948866829
chr7	-44	42	21685.0	0.1936822688494351
chr7	-43	42	22013.0	0.19079634761277425
chr7	-42	45	22295.0	0.2018389773491814
chr7	-41	92	22632.0	0.40650406504065045
chr7	-40	33	22939.0	0.14385980208378743
chr7	-39	97	23278.0	0.4167024658475814
chr7	-38	31	23623.0	0.1312280404690344
chr7	-37	32	23958.0	0.13356707571583604
chr7	-36	57	24238.0	0.23516791814506147
chr7	-35	86	24546.0	0.3503625845351585
chr7	-34	53	24886.0	0.21297114843687212
chr7	-33	29	25222.0	0.11497898659900087
chr7	-32	81	25590.0	0.31652989449003516
chr7	-31	33	25898.0	0.12742296702448064
chr7	-30	56	26226.0	0.21352855944482574
chr7	-29	65	26550.0	0.2448210922787194
chr7	-28	110	26895.0	0.408997955010225
chr7	-27	45	27229.0	0.16526497484299826
chr7	-26	62	27563.0	0.2249392301273446
chr7	-25	80	27904.0	0.286697247706422
chr7	-24	88	28235.0	0.3116699132282628
chr7	-23	45	28539.0	0.1576789656259855
chr7	-22	39	28903.0	0.13493408988686295
chr7	-21	70	29178.0	0.23990677908012886
chr7	-20	72	29474.0	0.24428309696681821
chr7	-19	43	29814.0	0.14422754410679547
chr7	-18	115	30131.0	0.38166672198068435
chr7	-17	40	30481.0	0.13122929037761227
chr7	-16	98	30807.0	0.3181095205635083
chr7	-15	34	31164.0	0.10910024387113335
chr7	-14	55	31527.0	0.1744536429092524
chr7	-13	48	31854.0	0.15068751177246187
chr7	-12	53	32151.0	0.16484712761655934
chr7	-11	51	32499.0	0.15692790547401458
chr7	-10	84	32870.0	0.25555217523577733
chr7	-9	82	32863.0	0.24952073760764384
chr7	-8	61	32866.0	0.18560214203127853
chr7	-7	43	32875.0	0.13079847908745246
chr7	-6	98	32878.0	0.29807165886002795
chr7	-5	78	32878.0	0.23724070807226716
chr7	-4	56	32877.0	0.17033184292970768
chr7	-3	193	32879.0	0.5870008211928587
chr7	-2	79	32880.0	0.2402676399026764
chr7	-1	73	32879.0	0.2220262173423766
chr7	0	111	32237.0	0.34432484412321246
chr7	1	114	31892.0	0.3574564154019817
chr7	2	229	31603.0	0.7246147517640731
chr7	3	82	31263.0	0.2622908869910117
chr7	4	102	30941.0	0.32965967486506575
chr7	5	143	30614.0	0.4671065525576534
chr7	6	85	30282.0	0.28069480219272175
chr7	7	107	29917.0	0.35765618210382055
chr7	8	106	29603.0	0.3580718170455697
chr7	9	122	29289.0	0.41653863225101573
chr7	10	76	28974.0	0.2623041347414924
chr7	11	103	28648.0	0.35953644233454346
chr7	12	78	28322.0	0.27540427935880235
chr7	13	69	28004.0	0.24639337237537495
chr7	14	82	27718.0	0.29583664045024893
chr7	15	156	27374.0	0.5698838313728355
chr7	16	77	27056.0	0.28459491425192196
chr7	17	131	26766.0	0.48942688485391916
chr7	18	60	26435.0	0.22697181766597316
chr7	19	117	26117.0	0.44798407167745147
chr7	20	90	25789.0	0.3489860017837062
chr7	21	86	25505.0	0.33718878651244855
chr7	22	70	25175.0	0.27805362462760674
chr7	23	106	24841.0	0.4267139004065859
chr7	24	120	24509.0	0.4896160594067485
chr7	25	94	24220.0	0.38810900082576383
chr7	26	72	23894.0	0.30133087804469744
chr7	27	137	23597.0	0.5805822774081452
chr7	28	99	23260.0	0.42562338779019776
chr7	29	88	22941.0	0.3835926943027767
chr7	30	84	22612.0	0.3714841676985671
chr7	31	102	22316.0	0.4570711597060405
chr7	32	70	21990.0	0.3183265120509322
chr7	33	98	21650.0	0.45265588914549654
chr7	34	117	21296.0	0.5493989481592788
chr7	35	89	20969.0	0.4244360722972006
chr7	36	86	20657.0	0.41632376434138546
chr7	37	56	20364.0	0.27499508937340406
chr7	38	129	20042.0	0.6436483384891728
chr7	39	76	19723.0	0.38533691629062516
chr7	40	86	19422.0	0.44279682833899703
chr7	41	99	19112.0	0.5179991628296359
chr7	42	61	18754.0	0.3252639436920124
chr7	43	65	18449.0	0.352322619112147
chr7	44	103	18120.0	0.5684326710816777
chr7	45	133	17755.0	0.7490847648549704
chr7	46	54	17402.0	0.31030915986668195
chr7	47	122	17012.0	0.7171408417587585
chr7	48	131	16680.0	0.7853717026378897
chr7	49	52	16354.0	0.3179650238473768
chr7	50	84	16008.0	0.5247376311844079
chr7	51	81	15689.0	0.5162852954299191
chr7	52	62	15365.0	0.4035144809632281
chr7	53	72	15006.0	0.47980807676929227
chr7	54	81	14670.0	0.5521472392638037
chr7	55	38	14357.0	0.26467925053980634
chr7	56	54	14037.0	0.38469758495405004
chr7	57	59	13710.0	0.43034281546316555
chr7	58	69	13387.0	0.5154254127138268
chr7	59	42	13022.0	0.3225311012133313
chr7	60	60	12696.0	0.4725897920604915
chr7	61	57	12368.0	0.46086675291073737
chr7	62	48	12064.0	0.3978779840848806
chr7	63	40	11736.0	0.34083162917518744
chr7	64	65	11410.0	0.5696757230499562
chr7	65	96	11080.0	0.8664259927797834
chr7	66	48	10759.0	0.4461381169253648
chr7	67	54	10463.0	0.5161043677721495
chr7	68	44	10137.0	0.4340534674953142
chr7	69	41	9828.0	0.4171754171754171
chr7	70	66	9497.0	0.6949563019901022
chr7	71	39	9135.0	0.4269293924466338
chr7	72	39	8823.0	0.44202652159129546
chr7	73	40	8542.0	0.4682744088035589
chr7	74	52	8228.0	0.6319883325230918
chr7	75	34	7900.0	0.43037974683544306
chr7	76	49	7553.0	0.6487488415199258
chr7	77	33	7202.0	0.4582060538739239
chr7	78	47	6875.0	0.6836363636363636
chr7	79	37	6528.0	0.5667892156862745
chr7	80	36	6235.0	0.5773857257417803
chr7	81	50	5910.0	0.8460236886632826
chr7	82	16	5583.0	0.28658427368798134
chr7	83	49	5252.0	0.9329779131759329
chr7	84	19	4913.0	0.3867290860981071
chr7	85	21	4583.0	0.458215142919485
chr7	86	22	4273.0	0.5148607535689211
chr7	87	22	3928.0	0.560081466395112
chr7	88	19	3659.0	0.5192675594424706
chr7	89	30	3338.0	0.8987417615338525
chr7	90	14	3012.0	0.46480743691899074
chr7	91	12	2704.0	0.4437869822485207
chr7	92	9	2351.0	0.38281582305401957
chr7	93	8	2036.0	0.3929273084479371
chr7	94	7	1682.0	0.4161712247324614
chr7	95	4	1326.0	0.301659125188537
chr7	96	4	1007.0	0.3972194637537239
chr7	97	8	691.0	1.1577424023154848
chr7	98	4	365.0	1.095890410958904
chr7	99	0	0.0	nan
chr7	100	0	0.0	nan
chr7	101	0	0.0	nan
chr7	102	0	0.0	nan
chr7	103	0	0.0	nan
chr7	104	0	0.0	nan
chr7	105	0	0.0	nan
chr7	106	0	0.0	nan
chr7	107	0	0.0	nan
chr7	108	0	0.0	nan
chr7	109	0	0.0	nan
chr7	110	0	0.0	nan
chr7	111	0	0.0	nan
chr7	112	0	0.0	nan
chr7	113	0	0.0	nan
chr7	114	0	0.0	nan
chr7	115	0	0.0	nan
chr7	116	0	0.0	nan
chr7	117	0	0.0	nan
chr7	118	0	0.0	nan
chr7	119	0	0.0	nan
chr7	120	0	0.0	nan
chr7	121	0	0.0	nan
chr7	122	0	0.0	nan
chr7	123	0	0.0	nan
chr7	124	0	0.0	nan
chr7	125	0	0.0	nan
chr7	126	0	0.0	nan
chr7	127	0	0.0	nan
chr7	128	0	0.0	nan
chr7	129	0	0.0	nan
chr7	130	0	0.0	nan
chr7	131	0	0.0	nan
chr7	132	0	0.0	nan
chr7	133	0	0.0	nan
chr7	134	0	0.0	nan
chr7	135	0	0.0	nan
chr10	-113	0	1.0	0.0
chr10	-112	0	1.0	0.0
chr10	-111	0	6.0	0.0
chr10	-110	0	183.0	0.0
chr10	-109	1	358.0	0.27932960893854747
chr10	-108	2	574.0	0.34843205574912894
chr10	-107	2	741.0	0.2699055330634278
chr10	-106	2	910.0	0.21978021978021978
chr10	-105	2	1125.0	0.17777777777777778
chr10	-104	0	1318.0	0.0
chr10	-103	1	1529.0	0.06540222367560497
chr10	-102	1	1734.0	0.05767012687427912
chr10	-101	1	1944.0	0.051440329218107
chr10	-100	13	2160.0	0.6018518518518519
chr10	-99	2	2367.0	0.08449514152936206
chr10	-98	1	2538.0	0.039401103230890466
chr10	-97	1	2735.0	0.03656307129798903
chr10	-96	2	2962.0	0.0675219446320054
chr10	-95	3	3182.0	0.09428032683846638
chr10	-94	3	3366.0	0.08912655971479501
chr10	-93	7	3570.0	0.19607843137254902
chr10	-92	5	3756.0	0.13312034078807242
chr10	-91	12	3943.0	0.3043367993913264
chr10	-90	26	4131.0	0.6293875574921327
chr10	-89	0	4343.0	0.0
chr10	-88	6	4516.0	0.1328609388839681
chr10	-87	11	4692.0	0.23444160272804776
chr10	-86	14	4880.0	0.28688524590163933
chr10	-85	12	5070.0	0.2366863905325444
chr10	-84	8	5288.0	0.15128593040847202
chr10	-83	7	5477.0	0.12780719371918933
chr10	-82	7	5671.0	0.12343502027861047
chr10	-81	15	5825.0	0.2575107296137339
chr10	-80	3	6060.0	0.04950495049504951
chr10	-79	7	6254.0	0.11192836584585865
chr10	-78	9	6422.0	0.14014325755216445
chr10	-77	10	6589.0	0.15176809834572771
chr10	-76	9	6809.0	0.13217799970627112
chr10	-75	10	7002.0	0.14281633818908884
chr10	-74	16	7201.0	0.22219136231079015
chr10	-73	26	7404.0	0.3511615343057807
chr10	-72	19	7597.0	0.2500987231802027
chr10	-71	10	7790.0	0.12836970474967907
chr10	-70	28	8007.0	0.34969401773448233
chr10	-69	25	8219.0	0.3041732570872369
chr10	-68	4	8401.0	0.04761337935960005
chr10	-67	15	8612.0	0.17417556897352532
chr10	-66	33	8819.0	0.3741920852704388
chr10	-65	11	9015.0	0.12201885745978924
chr10	-64	18	9225.0	0.1951219512195122
chr10	-63	34	9408.0	0.36139455782312924
chr10	-62	12	9623.0	0.12470123662059648
chr10	-61	6	9859.0	0.06085809919870169
chr10	-60	35	10067.0	0.34767060693354523
chr10	-59	11	10286.0	0.10694147384794866
chr10	-58	16	10496.0	0.1524390243902439
chr10	-57	31	10711.0	0.2894220894407618
chr10	-56	14	10897.0	0.1284757272643847
chr10	-55	11	11084.0	0.0992421508480693
chr10	-54	31	11277.0	0.2748958056220626
chr10	-53	15	11484.0	0.13061650992685475
chr10	-52	13	11678.0	0.11132043158075013
chr10	-51	38	11878.0	0.3199191783128473
chr10	-50	13	12050.0	0.1078838174273859
chr10	-49	11	12270.0	0.08964955175224124
chr10	-48	23	12495.0	0.1840736294517807
chr10	-47	23	12697.0	0.1811451523982043
chr10	-46	35	12871.0	0.27192914303472926
chr10	-45	23	13077.0	0.17588131834518622
chr10	-44	17	13269.0	0.12811817017107544
chr10	-43	31	13499.0	0.22964664049188827
chr10	-42	61	13709.0	0.4449631628856955
chr10	-41	53	13931.0	0.38044648625367883
chr10	-40	22	14125.0	0.15575221238938053
chr10	-39	23	14329.0	0.16051364365971107
chr10	-38	28	14512.0	0.19294377067254684
chr10	-37	20	14705.0	0.13600816048962938
chr10	-36	19	14894.0	0.1275681482476165
chr10	-35	16	15104.0	0.1059322033898305
chr10	-34	15	15278.0	0.09818039010341668
chr10	-33	36	15477.0	0.23260321767784456
chr10	-32	55	15696.0	0.350407747196738
chr10	-31	76	15850.0	0.4794952681388013
chr10	-30	105	16045.0	0.6544094733561857
chr10	-29	39	16259.0	0.23986715050126084
chr10	-28	34	16452.0	0.20666180403598344
chr10	-27	27	16643.0	0.16223036712131228
chr10	-26	45	16807.0	0.26774558219789374
chr10	-25	22	16984.0	0.1295336787564767
chr10	-24	16	17167.0	0.09320207374614085
chr10	-23	24	17351.0	0.13832055789291683
chr10	-22	26	17565.0	0.148021633931113
chr10	-21	22	17768.0	0.12381809995497524
chr10	-20	44	17965.0	0.2449206790982466
chr10	-19	41	18163.0	0.2257336343115124
chr10	-18	22	18390.0	0.11963023382272975
chr10	-17	66	18579.0	0.3552397868561279
chr10	-16	26	18768.0	0.13853367433930092
chr10	-15	31	18984.0	0.16329540665823852
chr10	-14	55	19215.0	0.28623471246422066
chr10	-13	50	19427.0	0.25737375817161684
chr10	-12	41	19602.0	0.2091623303744516
chr10	-11	53	19763.0	0.26817790821231596
chr10	-10	82	19989.0	0.4102256240932513
chr10	-9	35	19992.0	0.1750700280112045
chr10	-8	23	19982.0	0.1151035932339105
chr10	-7	24	19984.0	0.12009607686148918
chr10	-6	32	19995.0	0.16004001000250062
chr10	-5	25	19995.0	0.12503125781445362
chr10	-4	55	19979.0	0.2752890535061815
chr10	-3	71	19980.0	0.35535535535535534
chr10	-2	34	19979.0	0.1701786876220031
chr10	-1	23	19980.0	0.1151151151151151
chr10	0	45	19614.0	0.2294279596206791
chr10	1	50	19399.0	0.2577452446002371
chr10	2	96	19234.0	0.49911614848705416
chr10	3	88	19064.0	0.46160302140159465
chr10	4	43	18855.0	0.22805621850967914
chr10	5	56	18660.0	0.30010718113612006
chr10	6	40	18443.0	0.2168844548067017
chr10	7	51	18234.0	0.2796972688384337
chr10	8	40	18032.0	0.22182786157941436
chr10	9	93	17811.0	0.5221492336196732
chr10	10	69	17592.0	0.39222373806275584
chr10	11	60	17416.0	0.3445107946715664
chr10	12	68	17237.0	0.39450020305157507
chr10	13	75	17010.0	0.4409171075837742
chr10	14	53	16789.0	0.3156828876049794
chr10	15	53	16613.0	0.3190272678023235
chr10	16	63	16412.0	0.3838654642944187
chr10	17	56	16225.0	0.34514637904468415
chr10	18	46	16036.0	0.28685457720129703
chr10	19	55	15843.0	0.34715647289023543
chr10	20	25	15620.0	0.16005121638924455
chr10	21	44	15446.0	0.2848633950537356
chr10	22	31	15268.0	0.20303903589206185
chr10	23	42	15084.0	0.27844073190135243
chr10	24	32	14876.0	0.21511158913686476
chr10	25	54	14678.0	0.3678975337239406
chr10	26	63	14488.0	0.4348426283821093
chr10	27	77	14295.0	0.5386498775795733
chr10	28	45	14136.0	0.31833616298811546
chr10	29	102	13901.0	0.7337601611394864
chr10	30	71	13705.0	0.5180591025173295
chr10	31	41	13532.0	0.30298551581436595
chr10	32	49	13367.0	0.3665743996409067
chr10	33	24	13149.0	0.18252338580880675
chr10	34	32	12955.0	0.24700887688151293
chr10	35	32	12757.0	0.250842674610018
chr10	36	30	12555.0	0.23894862604540024
chr10	37	42	12363.0	0.3397233681145353
chr10	38	39	12169.0	0.3204864820445394
chr10	39	28	11954.0	0.23423121967542246
chr10	40	36	11744.0	0.30653950953678477
chr10	41	63	11562.0	0.5448884276076803
chr10	42	40	11352.0	0.3523608174770966
chr10	43	22	11144.0	0.1974156496769562
chr10	44	35	10946.0	0.3197515073999635
chr10	45	44	10736.0	0.4098360655737705
chr10	46	33	10550.0	0.3127962085308057
chr10	47	45	10337.0	0.435329399245429
chr10	48	22	10101.0	0.21780021780021783
chr10	49	32	9895.0	0.3233956543708944
chr10	50	34	9674.0	0.3514575149886293
chr10	51	30	9466.0	0.3169237270230298
chr10	52	29	9249.0	0.3135474105308682
chr10	53	25	9050.0	0.2762430939226519
chr10	54	27	8875.0	0.30422535211267604
chr10	55	18	8676.0	0.2074688796680498
chr10	56	26	8480.0	0.3066037735849057
chr10	57	37	8287.0	0.4464824423796307
chr10	58	24	8087.0	0.29677259799678496
chr10	59	25	7917.0	0.3157761778451434
chr10	60	20	7695.0	0.2599090318388564
chr10	61	29	7471.0	0.38816758131441575
chr10	62	36	7271.0	0.49511759042772663
chr10	63	29	7091.0	0.4089691157805669
chr10	64	32	6882.0	0.4649811101424005
chr10	65	35	6694.0	0.5228562892142217
chr10	66	24	6460.0	0.37151702786377705
chr10	67	19	6259.0	0.3035628694679661
chr10	68	23	6042.0	0.3806686527639854
chr10	69	20	5845.0	0.3421727972626176
chr10	70	24	5634.0	0.42598509052183176
chr10	71	34	5453.0	0.6235099944984412
chr10	72	26	5261.0	0.4942026230754609
chr10	73	34	5070.0	0.6706114398422091
chr10	74	29	4860.0	0.5967078189300412
chr10	75	10	4689.0	0.21326508850501172
chr10	76	21	4491.0	0.46760187040748163
chr10	77	18	4271.0	0.421446967923203
chr10	78	11	4117.0	0.2671848433325237
chr10	79	17	3917.0	0.4340056165432729
chr10	80	16	3706.0	0.4317323259579061
chr10	81	11	3515.0	0.3129445234708393
chr10	82	11	3326.0	0.3307276007215875
chr10	83	13	3163.0	0.4110022130888397
chr10	84	10	2964.0	0.33738191632928477
chr10	85	9	2801.0	0.32131381649410923
chr10	86	19	2617.0	0.7260221627818112
chr10	87	20	2402.0	0.832639467110741
chr10	88	6	2200.0	0.27272727272727276
chr10	89	21	2007.0	1.046337817638266
chr10	90	6	1808.0	0.33185840707964603
chr10	91	6	1588.0	0.3778337531486146
chr10	92	6	1402.0	0.42796005706134094
chr10	93	7	1212.0	0.5775577557755776
chr10	94	10	999.0	1.001001001001001
chr10	95	4	769.0	0.5201560468140443
chr10	96	3	557.0	0.5385996409335727
chr10	97	1	377.0	0.2652519893899204
chr10	98	1	214.0	0.46728971962616817
chr10	99	0	0.0	nan
chr10	100	0	0.0	nan
chr10	101	0	0.0	nan
chr10	102	0	0.0	nan
chr10	103	0	0.0	nan
chr10	104	0	0.0	nan
chr10	105	0	0.0	nan
chr10	106	0	0.0	nan
chr10	107	0	0.0	nan
chr10	108	0	0.0	nan
chr10	109	0	0.0	nan
chr10	110	0	0.0	nan
chr10	111	0	0.0	nan
chr11	-116	0	2.0	0.0
chr11	-115	0	2.0	0.0
chr11	-114	0	4.0	0.0
chr11	-113	0	4.0	0.0
chr11	-112	0	4.0	0.0
chr11	-111	0	8.0	0.0
chr11	-110	2	405.0	0.49382716049382713
chr11	-109	0	783.0	0.0
chr11	-108	0	1131.0	0.0
chr11	-107	8	1492.0	0.5361930294906166
chr11	-106	4	1851.0	0.21609940572663425
chr11	-105	4	2219.0	0.18026137899954936
chr11	-104	4	2606.0	0.15349194167306215
chr11	-103	9	2990.0	0.3010033444816053
chr11	-102	7	3346.0	0.20920502092050208
chr11	-101	7	3676.0	0.19042437431991296
chr11	-100	5	4025.0	0.12422360248447205
chr11	-99	6	4417.0	0.13583880461851935
chr11	-98	10	4820.0	0.2074688796680498
chr11	-97	10	5215.0	0.19175455417066153
chr11	-96	7	5546.0	0.12621709340064913
chr11	-95	10	5893.0	0.16969285593076533
chr11	-94	12	6254.0	0.19187719859290053
chr11	-93	19	6600.0	0.28787878787878785
chr11	-92	24	6983.0	0.34369182299871115
chr11	-91	18	7323.0	0.24580090126997134
chr11	-90	5	7683.0	0.06507874528179097
chr11	-89	23	8065.0	0.2851828890266584
chr11	-88	25	8423.0	0.2968063635284341
chr11	-87	32	8746.0	0.3658815458495312
chr11	-86	48	9078.0	0.5287508261731658
chr11	-85	18	9482.0	0.18983336848766083
chr11	-84	29	9852.0	0.29435647584246855
chr11	-83	16	10194.0	0.15695507161075142
chr11	-82	22	10567.0	0.20819532506860983
chr11	-81	9	10913.0	0.08247044808943461
chr11	-80	24	11297.0	0.21244578206603523
chr11	-79	27	11655.0	0.23166023166023164
chr11	-78	19	12019.0	0.15808303519427575
chr11	-77	21	12400.0	0.1693548387096774
chr11	-76	38	12747.0	0.298109359064878
chr11	-75	37	13144.0	0.28149726110772977
chr11	-74	14	13509.0	0.103634613961063
chr11	-73	41	13821.0	0.29665002532378265
chr11	-72	40	14221.0	0.28127417199915616
chr11	-71	49	14637.0	0.3347680535628886
chr11	-70	34	14942.0	0.22754651318431265
chr11	-69	50	15319.0	0.3263920621450486
chr11	-68	37	15683.0	0.2359242491870178
chr11	-67	17	16115.0	0.10549177784672666
chr11	-66	30	16470.0	0.18214936247723132
chr11	-65	57	16869.0	0.3378979192601814
chr11	-64	45	17213.0	0.26143031429733343
chr11	-63	15	17593.0	0.08526118342522594
chr11	-62	23	17962.0	0.12804810154771182
chr11	-61	38	18343.0	0.20716349561140487
chr11	-60	27	18696.0	0.14441591784338897
chr11	-59	37	19083.0	0.1938898496043599
chr11	-58	52	19435.0	0.26755852842809363
chr11	-57	24	19786.0	0.12129788739512787
chr11	-56	30	20167.0	0.14875787177071453
chr11	-55	54	20556.0	0.2626970227670753
chr11	-54	52	21012.0	0.2474776318294308
chr11	-53	38	21333.0	0.1781277832466132
chr11	-52	63	21684.0	0.2905368013281682
chr11	-51	59	22010.0	0.26805997273966375
chr11	-50	48	22403.0	0.21425701914922107
chr11	-49	103	22767.0	0.45240918873808583
chr11	-48	34	23187.0	0.1466338896795618
chr11	-47	33	23505.0	0.14039566049776644
chr11	-46	94	23869.0	0.3938162470149566
chr11	-45	58	24253.0	0.23914567270028453
chr11	-44	51	24592.0	0.20738451528952506
chr11	-43	30	24908.0	0.12044323109041272
chr11	-42	91	25208.0	0.36099650904474767
chr11	-41	31	25578.0	0.12119790444913597
chr11	-40	54	25997.0	0.2077162749548025
chr11	-39	36	26361.0	0.13656538067599863
chr11	-38	92	26711.0	0.34442738946501444
chr11	-37	57	27041.0	0.21079102104212122
chr11	-36	60	27421.0	0.21881040078771744
chr11	-35	52	27808.0	0.18699654775604144
chr11	-34	48	28188.0	0.17028522775649213
chr11	-33	77	28590.0	0.26932493878978664
chr11	-32	62	28913.0	0.21443641268633484
chr11	-31	120	29247.0	0.4102984921530413
chr11	-30	58	29571.0	0.19613810828176254
chr11	-29	107	29923.0	0.3575844667981152
chr11	-28	40	30229.0	0.13232326573819841
chr11	-27	73	30638.0	0.2382662053658855
chr11	-26	41	30994.0	0.13228366780667225
chr11	-25	89	31373.0	0.283683422050808
chr11	-24	82	31730.0	0.25843050740624013
chr11	-23	45	32118.0	0.14010835045768727
chr11	-22	114	32463.0	0.35116902319563814
chr11	-21	58	32826.0	0.1766892097727411
chr11	-20	61	33162.0	0.18394547976599723
chr11	-19	56	33553.0	0.16690012815545555
chr11	-18	69	33897.0	0.2035578369767236
chr11	-17	110	34268.0	0.3209991829111708
chr11	-16	90	34608.0	0.26005547850208044
chr11	-15	73	34965.0	0.20878020878020878
chr11	-14	39	35326.0	0.11040027175451508
chr11	-13	112	35668.0	0.3140069530111024
chr11	-12	116	36050.0	0.3217753120665742
chr11	-11	74	36393.0	0.20333580633638335
chr11	-10	74	36782.0	0.20118536240552445
chr11	-9	67	36780.0	0.1821642196846112
chr11	-8	102	36782.0	0.2773095535859932
chr11	-7	65	36767.0	0.17678896836837382
chr11	-6	104	36783.0	0.28273930891988147
chr11	-5	102	36782.0	0.2773095535859932
chr11	-4	83	36783.0	0.22564771769567463
chr11	-3	66	36781.0	0.1794404719828172
chr11	-2	56	36783.0	0.15224424326455155
chr11	-1	59	36784.0	0.16039582427142238
chr11	0	88	35978.0	0.24459391850575352
chr11	1	89	35625.0	0.24982456140350875
chr11	2	95	35264.0	0.26939655172413796
chr11	3	89	34904.0	0.2549851019940408
chr11	4	103	34535.0	0.29824815404661936
chr11	5	128	34148.0	0.374838936394518
chr11	6	95	33752.0	0.2814648020858023
chr11	7	147	33408.0	0.44001436781609193
chr11	8	72	33076.0	0.21768049340911838
chr11	9	85	32726.0	0.25973232292366927
chr11	10	78	32330.0	0.24126198577172903
chr11	11	122	31921.0	0.3821935403026221
chr11	12	131	31523.0	0.4155695841131872
chr11	13	73	31195.0	0.23401186087514025
chr11	14	110	30845.0	0.3566218187712757
chr11	15	99	30473.0	0.32487776064056706
chr11	16	111	30118.0	0.36855036855036855
chr11	17	83	29751.0	0.27898221908507276
chr11	18	79	29407.0	0.26864352025028054
chr11	19	90	29052.0	0.30978934324659235
chr11	20	112	28666.0	0.39070676062234005
chr11	21	115	28304.0	0.40630299604296216
chr11	22	80	27973.0	0.28599006184535086
chr11	23	107	27646.0	0.38703609925486504
chr11	24	118	27237.0	0.43323420347321656
chr11	25	49	26861.0	0.1824206098060385
chr11	26	87	26525.0	0.32799245994344955
chr11	27	82	26131.0	0.3138035283762581
chr11	28	138	25797.0	0.5349459239446447
chr11	29	66	25393.0	0.2599141495687788
chr11	30	127	25054.0	0.5069050850163647
chr11	31	71	24686.0	0.2876124118933809
chr11	32	85	24302.0	0.3497654514031767
chr11	33	51	23950.0	0.2129436325678497
chr11	34	81	23554.0	0.3438906342871699
chr11	35	71	23187.0	0.3062060637426144
chr11	36	72	22871.0	0.3148091469546587
chr11	37	104	22472.0	0.4627981488074048
chr11	38	70	22047.0	0.31750351521748993
chr11	39	60	21728.0	0.2761413843888071
chr11	40	57	21364.0	0.2668039692941397
chr11	41	112	21001.0	0.5333079377172516
chr11	42	53	20575.0	0.25759416767922233
chr11	43	67	20225.0	0.33127317676143386
chr11	44	72	19825.0	0.36317780580075665
chr11	45	90	19466.0	0.4623446008424946
chr11	46	66	19086.0	0.3458032065388243
chr11	47	60	18712.0	0.32064985036340315
chr11	48	96	18337.0	0.5235316573049027
chr11	49	64	17985.0	0.35585209897136505
chr11	50	86	17597.0	0.48871966812524864
chr11	51	68	17245.0	0.3943171933893882
chr11	52	65	16899.0	0.38463814426889165
chr11	53	55	16512.0	0.3330910852713178
chr11	54	94	16094.0	0.5840685969926681
chr11	55	50	15667.0	0.31914214591178913
chr11	56	67	15355.0	0.4363399544122436
chr11	57	53	15000.0	0.35333333333333333
chr11	58	40	14667.0	0.2727210745210336
chr11	59	38	14274.0	0.26621829900518423
chr11	60	36	13908.0	0.2588438308886971
chr11	61	55	13486.0	0.40783034257748774
chr11	62	42	13164.0	0.31905195989061075
chr11	63	62	12802.0	0.4842993282299641
chr11	64	68	12436.0	0.5467996140238018
chr11	65	66	12100.0	0.5454545454545455
chr11	66	43	11761.0	0.36561516877816513
chr11	67	65	11453.0	0.5675368898978433
chr11	68	48	11090.0	0.4328223624887286
chr11	69	34	10670.0	0.31865042174320524
chr11	70	47	10320.0	0.45542635658914726
chr11	71	76	9968.0	0.7624398073836276
chr11	72	60	9640.0	0.6224066390041494
chr11	73	36	9261.0	0.3887269193391642
chr11	74	38	8873.0	0.4282655246252677
chr11	75	55	8512.0	0.6461466165413533
chr11	76	35	8119.0	0.43108757236112827
chr11	77	32	7804.0	0.4100461301896463
chr11	78	24	7474.0	0.3211131924003211
chr11	79	32	7128.0	0.44893378226711567
chr11	80	23	6796.0	0.33843437316068276
chr11	81	22	6474.0	0.3398208217485326
chr11	82	28	6092.0	0.4596191726854892
chr11	83	34	5736.0	0.5927475592747559
chr11	84	23	5360.0	0.4291044776119403
chr11	85	28	5008.0	0.5591054313099041
chr11	86	28	4611.0	0.6072435480373021
chr11	87	17	4264.0	0.398686679174484
chr11	88	26	3905.0	0.6658130601792573
chr11	89	12	3577.0	0.33547665641599106
chr11	90	21	3191.0	0.6581009088060169
chr11	91	11	2857.0	0.38501925096254813
chr11	92	12	2480.0	0.4838709677419355
chr11	93	9	2154.0	0.4178272980501393
chr11	94	10	1803.0	0.5546311702717693
chr11	95	4	1442.0	0.27739251040221913
chr11	96	6	1104.0	0.5434782608695652
chr11	97	1	727.0	0.1375515818431912
chr11	98	4	385.0	1.0389610389610389
chr11	99	0	0.0	nan
chr11	100	0	0.0	nan
chr11	101	0	0.0	nan
chr11	102	0	0.0	nan
chr11	103	0	0.0	nan
chr11	104	0	0.0	nan
chr11	105	0	0.0	nan
chr11	106	0	0.0	nan
chr11	107	0	0.0	nan
chr11	108	0	0.0	nan
chr11	109	0	0.0	nan
chr11	110	0	0.0	nan
chr11	111	0	0.0	nan
chr11	112	0	0.0	nan
chr11	113	0	0.0	nan
chr11	114	0	0.0	nan
chr11	115	0	0.0	nan
chr11	116	0	0.0	nan
chr12	-139	0	1.0	0.0
chr12	-138	0	1.0	0.0
chr12	-137	0	1.0	0.0
chr12	-136	0	3.0	0.0
chr12	-135	0	3.0	0.0
chr12	-134	0	3.0	0.0
chr12	-133	0	3.0	0.0
chr12	-132	0	4.0	0.0
chr12	-131	0	4.0	0.0
chr12	-130	0	4.0	0.0
chr12	-129	0	4.0	0.0
chr12	-128	0	4.0	0.0
chr12	-127	0	4.0	0.0
chr12	-126	0	4.0	0.0
chr12	-125	0	5.0	0.0
chr12	-124	0	5.0	0.0
chr12	-123	0	5.0	0.0
chr12	-122	0	6.0	0.0
chr12	-121	0	6.0	0.0
chr12	-120	0	6.0	0.0
chr12	-119	0	7.0	0.0
chr12	-118	0	8.0	0.0
chr12	-117	0	8.0	0.0
chr12	-116	0	8.0	0.0
chr12	-115	0	8.0	0.0
chr12	-114	0	10.0	0.0
chr12	-113	0	11.0	0.0
chr12	-112	0	14.0	0.0
chr12	-111	0	15.0	0.0
chr12	-110	6	391.0	1.5345268542199488
chr12	-109	2	863.0	0.2317497103128621
chr12	-108	1	1308.0	0.0764525993883792
chr12	-107	6	1729.0	0.3470213996529786
chr12	-106	5	2202.0	0.2270663033605813
chr12	-105	8	2656.0	0.30120481927710846
chr12	-104	6	3068.0	0.1955671447196871
chr12	-103	3	3513.0	0.08539709649871904
chr12	-102	13	3927.0	0.3310415075120957
chr12	-101	17	4365.0	0.38946162657502864
chr12	-100	9	4777.0	0.18840276324052752
chr12	-99	14	5180.0	0.2702702702702703
chr12	-98	9	5617.0	0.16022787965105928
chr12	-97	17	6082.0	0.2795133179875041
chr12	-96	14	6443.0	0.21729008225981686
chr12	-95	9	6857.0	0.13125273443196733
chr12	-94	14	7293.0	0.1919648978472508
chr12	-93	3	7694.0	0.038991421887184824
chr12	-92	3	8137.0	0.03686862480029495
chr12	-91	10	8562.0	0.116795141322121
chr12	-90	21	8985.0	0.23372287145242068
chr12	-89	19	9355.0	0.20309994655264563
chr12	-88	7	9790.0	0.07150153217568948
chr12	-87	4	10226.0	0.03911597887737141
chr12	-86	27	10621.0	0.25421335090857733
chr12	-85	22	11070.0	0.19873532068654018
chr12	-84	46	11513.0	0.3995483366629028
chr12	-83	48	11894.0	0.4035648225996301
chr12	-82	24	12339.0	0.19450522732798445
chr12	-81	28	12797.0	0.21880128155036338
chr12	-80	36	13217.0	0.272376484830143
chr12	-79	25	13673.0	0.18284209756454325
chr12	-78	23	14169.0	0.1623262050956313
chr12	-77	33	14566.0	0.2265549910751064
chr12	-76	28	15001.0	0.18665422305179655
chr12	-75	12	15460.0	0.07761966364812418
chr12	-74	10	15925.0	0.06279434850863422
chr12	-73	33	16316.0	0.20225545476832557
chr12	-72	43	16729.0	0.25703867535417535
chr12	-71	35	17131.0	0.20430797968594944
chr12	-70	28	17558.0	0.15947146599840528
chr12	-69	42	17954.0	0.2339311574022502
chr12	-68	45	18364.0	0.245044652581137
chr12	-67	13	18801.0	0.06914525823094515
chr12	-66	13	19263.0	0.06748689196905985
chr12	-65	42	19653.0	0.2137078308655167
chr12	-64	47	20062.0	0.23427375137075068
chr12	-63	59	20456.0	0.2884239342980055
chr12	-62	82	20919.0	0.39198814474879295
chr12	-61	43	21321.0	0.20167909572721732
chr12	-60	51	21722.0	0.2347850105883436
chr12	-59	65	22184.0	0.29300396682293545
chr12	-58	18	22644.0	0.0794912559618442
chr12	-57	26	23077.0	0.11266629111236295
chr12	-56	55	23510.0	0.23394300297745638
chr12	-55	48	23946.0	0.20045101478326235
chr12	-54	59	24390.0	0.24190241902419027
chr12	-53	36	24802.0	0.1451495847109104
chr12	-52	79	25233.0	0.3130820750604367
chr12	-51	67	25630.0	0.26141240733515414
chr12	-50	57	26028.0	0.218994928538497
chr12	-49	58	26487.0	0.21897534639634536
chr12	-48	76	26951.0	0.2819932470038217
chr12	-47	66	27387.0	0.2409902508489429
chr12	-46	91	27789.0	0.32746770304796863
chr12	-45	50	28228.0	0.17712909168201785
chr12	-44	71	28671.0	0.24763698510690244
chr12	-43	69	29094.0	0.23716230150546505
chr12	-42	92	29550.0	0.311336717428088
chr12	-41	77	29962.0	0.2569921901074695
chr12	-40	99	30354.0	0.3261514133227911
chr12	-39	58	30842.0	0.18805524933532194
chr12	-38	66	31247.0	0.21122027714660607
chr12	-37	64	31678.0	0.20203295662604964
chr12	-36	47	32134.0	0.1462625256737412
chr12	-35	90	32587.0	0.27618375425783287
chr12	-34	70	32999.0	0.21212764023152217
chr12	-33	76	33441.0	0.227265931042732
chr12	-32	63	33894.0	0.18587360594795538
chr12	-31	116	34303.0	0.3381628429000379
chr12	-30	71	34748.0	0.2043283066651318
chr12	-29	54	35228.0	0.1532871579425457
chr12	-28	69	35627.0	0.19367333763718528
chr12	-27	85	36050.0	0.23578363384188628
chr12	-26	110	36470.0	0.3016177680285166
chr12	-25	71	36906.0	0.19238064271392186
chr12	-24	75	37334.0	0.20088926983446725
chr12	-23	117	37825.0	0.30931923331130207
chr12	-22	104	38236.0	0.2719949785542421
chr12	-21	48	38651.0	0.124188248686968
chr12	-20	61	39089.0	0.15605413287625675
chr12	-19	70	39481.0	0.17730047364555102
chr12	-18	136	39849.0	0.34128836357248615
chr12	-17	106	40293.0	0.2630729903457176
chr12	-16	99	40750.0	0.2429447852760736
chr12	-15	81	41169.0	0.19674998178240913
chr12	-14	63	41575.0	0.15153337342152737
chr12	-13	98	42043.0	0.23309468877102013
chr12	-12	121	42446.0	0.2850680865099185
chr12	-11	124	42865.0	0.2892802986119211
chr12	-10	109	43316.0	0.25163911718533566
chr12	-9	204	43318.0	0.47093586961540235
chr12	-8	84	43350.0	0.19377162629757785
chr12	-7	135	43350.0	0.31141868512110726
chr12	-6	93	43344.0	0.214562569213732
chr12	-5	203	43344.0	0.4683462532299742
chr12	-4	138	43345.0	0.3183758218941054
chr12	-3	153	43346.0	0.35297374613574495
chr12	-2	89	43357.0	0.205272505016491
chr12	-1	87	43358.0	0.2006550117625352
chr12	0	127	42444.0	0.2992177928564697
chr12	1	109	41994.0	0.2595608896509025
chr12	2	182	41564.0	0.4378789336926186
chr12	3	163	41093.0	0.3966612318399727
chr12	4	228	40634.0	0.5611064625682926
chr12	5	100	40224.0	0.24860779634049324
chr12	6	150	39791.0	0.3769696665075017
chr12	7	122	39378.0	0.3098176646858652
chr12	8	237	38914.0	0.6090353086292851
chr12	9	158	38500.0	0.41038961038961036
chr12	10	215	38121.0	0.563993599328454
chr12	11	138	37664.0	0.36639762107051826
chr12	12	139	37214.0	0.37351534368785944
chr12	13	115	36847.0	0.31210139224360195
chr12	14	119	36421.0	0.32673457620603497
chr12	15	183	35981.0	0.5086017620410772
chr12	16	148	35580.0	0.41596402473299604
chr12	17	196	35147.0	0.5576578370842461
chr12	18	106	34704.0	0.3054402950668511
chr12	19	144	34289.0	0.4199597538569221
chr12	20	101	33921.0	0.297750655935851
chr12	21	162	33487.0	0.4837698211246156
chr12	22	195	33064.0	0.5897653036535204
chr12	23	109	32643.0	0.33391538767882856
chr12	24	120	32206.0	0.3726013786251009
chr12	25	118	31764.0	0.37148973680896613
chr12	26	136	31376.0	0.4334523202447731
chr12	27	105	30934.0	0.3394323398202625
chr12	28	89	30481.0	0.2919851710901873
chr12	29	99	30032.0	0.3296483750665956
chr12	30	168	29607.0	0.5674333772418685
chr12	31	87	29109.0	0.2988766360919303
chr12	32	146	28710.0	0.5085336119818878
chr12	33	121	28282.0	0.4278339579944841
chr12	34	145	27823.0	0.5211515652517701
chr12	35	95	27351.0	0.34733647764249936
chr12	36	116	26966.0	0.430171326856041
chr12	37	125	26543.0	0.4709339562219794
chr12	38	119	26134.0	0.455345526899824
chr12	39	121	25701.0	0.4707988016030505
chr12	40	120	25291.0	0.47447708671068756
chr12	41	108	24870.0	0.43425814234016885
chr12	42	104	24443.0	0.4254796874360757
chr12	43	143	23988.0	0.5961313990328497
chr12	44	133	23607.0	0.5633922141737621
chr12	45	135	23191.0	0.5821223750592902
chr12	46	103	22779.0	0.4521708591246324
chr12	47	117	22328.0	0.5240057327122895
chr12	48	105	21930.0	0.478796169630643
chr12	49	99	21505.0	0.46035805626598464
chr12	50	100	21070.0	0.47460844803037494
chr12	51	75	20617.0	0.3637774651986225
chr12	52	71	20181.0	0.3518160646152321
chr12	53	112	19759.0	0.5668303051773875
chr12	54	85	19315.0	0.4400724825265338
chr12	55	97	18880.0	0.513771186440678
chr12	56	63	18457.0	0.3413339112531831
chr12	57	66	18026.0	0.3661378009541773
chr12	58	83	17633.0	0.47070833097033976
chr12	59	72	17212.0	0.41831280501975365
chr12	60	76	16778.0	0.45297413279294313
chr12	61	110	16317.0	0.6741435312863885
chr12	62	81	15869.0	0.5104291385720587
chr12	63	67	15472.0	0.43304033092037225
chr12	64	79	15034.0	0.5254755886656911
chr12	65	61	14588.0	0.418151905675898
chr12	66	65	14161.0	0.45900713226467055
chr12	67	67	13709.0	0.48873003136625576
chr12	68	71	13301.0	0.5337944515449966
chr12	69	57	12913.0	0.441415627662046
chr12	70	50	12431.0	0.4022202558120827
chr12	71	78	12025.0	0.6486486486486486
chr12	72	41	11600.0	0.35344827586206895
chr12	73	56	11135.0	0.5029187247418051
chr12	74	32	10699.0	0.2990933732124498
chr12	75	40	10287.0	0.3888402838534072
chr12	76	48	9846.0	0.4875076173065204
chr12	77	46	9391.0	0.48983068895751253
chr12	78	45	8984.0	0.5008904719501336
chr12	79	56	8496.0	0.6591337099811676
chr12	80	43	8059.0	0.5335649584315671
chr12	81	46	7646.0	0.6016217630133402
chr12	82	36	7241.0	0.4971688993232979
chr12	83	37	6823.0	0.5422834530265279
chr12	84	41	6388.0	0.6418284283030683
chr12	85	28	5935.0	0.4717775905644482
chr12	86	19	5479.0	0.34677860923526194
chr12	87	25	5058.0	0.4942665085013839
chr12	88	25	4645.0	0.5382131324004306
chr12	89	19	4202.0	0.4521656354117087
chr12	90	16	3815.0	0.41939711664482304
chr12	91	9	3462.0	0.25996533795493937
chr12	92	15	3018.0	0.4970178926441352
chr12	93	26	2559.0	1.016021883548261
chr12	94	6	2142.0	0.2801120448179272
chr12	95	15	1737.0	0.8635578583765112
chr12	96	3	1290.0	0.23255813953488372
chr12	97	7	861.0	0.8130081300813009
chr12	98	5	474.0	1.0548523206751055
chr12	99	0	0.0	nan
chr12	100	0	0.0	nan
chr12	101	0	0.0	nan
chr12	102	0	0.0	nan
chr12	103	0	0.0	nan
chr12	104	0	0.0	nan
chr12	105	0	0.0	nan
chr12	106	0	0.0	nan
chr12	107	0	0.0	nan
chr12	108	0	0.0	nan
chr12	109	0	0.0	nan
chr12	110	0	0.0	nan
chr12	111	0	0.0	nan
chr12	112	0	0.0	nan
chr12	113	0	0.0	nan
chr12	114	0	0.0	nan
chr12	115	0	0.0	nan
chr12	116	0	0.0	nan
chr12	117	0	0.0	nan
chr12	118	0	0.0	nan
chr12	119	0	0.0	nan
chr12	120	0	0.0	nan
chr12	121	0	0.0	nan
chr12	122	0	0.0	nan
chr12	123	0	0.0	nan
chr12	124	0	0.0	nan
chr12	125	0	0.0	nan
chr12	126	0	0.0	nan
chr12	127	0	0.0	nan
chr12	128	0	0.0	nan
chr12	129	0	0.0	nan
chr12	130	0	0.0	nan
chr12	131	0	0.0	nan
chr12	132	0	0.0	nan
chr12	133	0	0.0	nan
chr12	134	0	0.0	nan
chr12	135	0	0.0	nan
chr12	136	0	0.0	nan
chr12	137	0	0.0	nan
chr12	138	0	0.0	nan
chr12	139	0	0.0	nan
chr13	-119	0	2.0	0.0
chr13	-118	0	2.0	0.0
chr13	-117	0	2.0	0.0
chr13	-116	0	2.0	0.0
chr13	-115	0	2.0	0.0
chr13	-114	0	3.0	0.0
chr13	-113	0	4.0	0.0
chr13	-112	0	4.0	0.0
chr13	-111	0	6.0	0.0
chr13	-110	0	109.0	0.0
chr13	-109	0	219.0	0.0
chr13	-108	3	317.0	0.9463722397476341
chr13	-107	3	455.0	0.6593406593406593
chr13	-106	2	566.0	0.35335689045936397
chr13	-105	0	687.0	0.0
chr13	-104	2	787.0	0.25412960609911056
chr13	-103	2	882.0	0.22675736961451248
chr13	-102	0	1009.0	0.0
chr13	-101	1	1154.0	0.08665511265164644
chr13	-100	7	1275.0	0.5490196078431373
chr13	-99	1	1393.0	0.07178750897343862
chr13	-98	0	1496.0	0.0
chr13	-97	1	1584.0	0.06313131313131314
chr13	-96	2	1693.0	0.11813349084465447
chr13	-95	4	1807.0	0.22136137244050913
chr13	-94	2	1914.0	0.10449320794148381
chr13	-93	2	2029.0	0.09857072449482504
chr13	-92	0	2147.0	0.0
chr13	-91	5	2247.0	0.22251891410769914
chr13	-90	7	2364.0	0.2961082910321489
chr13	-89	2	2472.0	0.08090614886731393
chr13	-88	3	2576.0	0.11645962732919254
chr13	-87	1	2684.0	0.037257824143070044
chr13	-86	3	2804.0	0.10699001426533523
chr13	-85	7	2913.0	0.2403020940611054
chr13	-84	3	3028.0	0.09907529722589167
chr13	-83	3	3143.0	0.09545020680878143
chr13	-82	3	3246.0	0.09242144177449169
chr13	-81	1	3341.0	0.029931158335827598
chr13	-80	8	3447.0	0.23208587177255585
chr13	-79	1	3566.0	0.028042624789680313
chr13	-78	5	3674.0	0.1360914534567229
chr13	-77	1	3777.0	0.026476039184537992
chr13	-76	2	3912.0	0.051124744376278126
chr13	-75	3	4005.0	0.0749063670411985
chr13	-74	13	4131.0	0.31469377874606635
chr13	-73	14	4261.0	0.32856137057028867
chr13	-72	11	4377.0	0.2513136851724926
chr13	-71	10	4485.0	0.2229654403567447
chr13	-70	6	4594.0	0.13060513713539398
chr13	-69	2	4689.0	0.04265301770100234
chr13	-68	19	4808.0	0.3951747088186356
chr13	-67	16	4927.0	0.3247412218388472
chr13	-66	13	5042.0	0.25783419278064257
chr13	-65	5	5141.0	0.09725734292939117
chr13	-64	11	5247.0	0.20964360587002098
chr13	-63	13	5357.0	0.24267313795034534
chr13	-62	7	5457.0	0.12827560930914422
chr13	-61	4	5587.0	0.07159477358152855
chr13	-60	10	5689.0	0.17577781683951485
chr13	-59	5	5808.0	0.08608815426997246
chr13	-58	4	5909.0	0.06769334912844813
chr13	-57	15	6034.0	0.24859131587669872
chr13	-56	32	6129.0	0.5221080110947952
chr13	-55	5	6223.0	0.08034709946970914
chr13	-54	5	6316.0	0.07916402786573781
chr13	-53	8	6416.0	0.12468827930174563
chr13	-52	8	6507.0	0.12294452128477024
chr13	-51	10	6604.0	0.15142337976983647
chr13	-50	15	6717.0	0.2233139794551139
chr13	-49	7	6820.0	0.10263929618768329
chr13	-48	2	6935.0	0.028839221341023794
chr13	-47	12	7037.0	0.17052721330112264
chr13	-46	6	7154.0	0.08386916410399776
chr13	-45	18	7260.0	0.24793388429752067
chr13	-44	8	7353.0	0.10879912960696314
chr13	-43	15	7455.0	0.2012072434607646
chr13	-42	7	7579.0	0.0923604697189603
chr13	-41	20	7693.0	0.2599766021058105
chr13	-40	13	7776.0	0.16718106995884774
chr13	-39	2	7873.0	0.025403277022735933
chr13	-38	14	7977.0	0.17550457565500815
chr13	-37	23	8110.0	0.2836004932182491
chr13	-36	15	8202.0	0.18288222384784197
chr13	-35	7	8307.0	0.08426628144938005
chr13	-34	27	8412.0	0.3209700427960057
chr13	-33	50	8517.0	0.5870611717740989
chr13	-32	9	8614.0	0.10448107731599722
chr13	-31	38	8741.0	0.4347328680928956
chr13	-30	10	8828.0	0.11327594019030357
chr13	-29	64	8976.0	0.7130124777183601
chr13	-28	9	9091.0	0.0989990100098999
chr13	-27	14	9183.0	0.15245562452357617
chr13	-26	8	9302.0	0.08600301010535369
chr13	-25	32	9403.0	0.3403169201318728
chr13	-24	13	9523.0	0.13651160348629635
chr13	-23	14	9628.0	0.14540922309929372
chr13	-22	19	9714.0	0.1955939880584723
chr13	-21	53	9812.0	0.5401549123522218
chr13	-20	37	9910.0	0.37336024217961655
chr13	-19	16	10041.0	0.15934667861766755
chr13	-18	61	10163.0	0.6002164715143166
chr13	-17	68	10274.0	0.6618649016935955
chr13	-16	13	10402.0	0.12497596616035378
chr13	-15	40	10516.0	0.3803727653100038
chr13	-14	81	10627.0	0.7622094664533735
chr13	-13	74	10738.0	0.6891413671074688
chr13	-12	64	10828.0	0.5910602142593276
chr13	-11	26	10958.0	0.23726957473991606
chr13	-10	16	11089.0	0.14428713139146904
chr13	-9	28	11045.0	0.2535083748302399
chr13	-8	19	11089.0	0.17134096852736946
chr13	-7	10	11089.0	0.09017945711966814
chr13	-6	24	11082.0	0.2165674066053059
chr13	-5	10	11089.0	0.09017945711966814
chr13	-4	29	11089.0	0.2615204256470376
chr13	-3	37	11089.0	0.33366399134277214
chr13	-2	51	11089.0	0.45991523131030754
chr13	-1	16	11078.0	0.14443040259974724
chr13	0	18	10851.0	0.16588332872546308
chr13	1	53	10762.0	0.4924735179334696
chr13	2	34	10624.0	0.3200301204819277
chr13	3	44	10511.0	0.41860907620587956
chr13	4	26	10389.0	0.25026470305130427
chr13	5	20	10279.0	0.1945714563673509
chr13	6	29	10194.0	0.28448106729448697
chr13	7	30	10068.0	0.29797377830750893
chr13	8	49	9891.0	0.4953998584571833
chr13	9	24	9800.0	0.24489795918367346
chr13	10	44	9684.0	0.45435770342833537
chr13	11	69	9582.0	0.720100187852223
chr13	12	86	9495.0	0.9057398630858347
chr13	13	75	9381.0	0.799488327470419
chr13	14	55	9269.0	0.5933757686913367
chr13	15	28	9165.0	0.3055100927441353
chr13	16	71	9050.0	0.7845303867403316
chr13	17	66	8932.0	0.7389162561576355
chr13	18	17	8831.0	0.1925036802174159
chr13	19	51	8713.0	0.5853322621370366
chr13	20	53	8606.0	0.6158494073901929
chr13	21	31	8500.0	0.36470588235294116
chr13	22	21	8392.0	0.2502383222116301
chr13	23	12	8269.0	0.14512032893941226
chr13	24	36	8160.0	0.4411764705882353
chr13	25	25	8045.0	0.3107520198881293
chr13	26	30	7929.0	0.37835792659856227
chr13	27	21	7824.0	0.2684049079754601
chr13	28	59	7722.0	0.764050764050764
chr13	29	17	7587.0	0.22406748385396075
chr13	30	31	7497.0	0.41349873282646393
chr13	31	17	7392.0	0.229978354978355
chr13	32	47	7284.0	0.6452498627127952
chr13	33	31	7155.0	0.4332634521313767
chr13	34	17	7060.0	0.24079320113314448
chr13	35	32	6928.0	0.4618937644341801
chr13	36	32	6803.0	0.47038071439071
chr13	37	18	6687.0	0.2691790040376851
chr13	38	13	6586.0	0.19738839963559063
chr13	39	17	6475.0	0.2625482625482625
chr13	40	26	6378.0	0.40765130134838506
chr13	41	20	6260.0	0.3194888178913738
chr13	42	19	6147.0	0.30909386692695623
chr13	43	17	6032.0	0.2818302387267904
chr13	44	35	5935.0	0.5897219882055602
chr13	45	20	5828.0	0.34317089910775567
chr13	46	28	5718.0	0.48968170689052115
chr13	47	14	5618.0	0.2491990032039872
chr13	48	12	5491.0	0.218539428155163
chr13	49	29	5388.0	0.5382331106161842
chr13	50	15	5271.0	0.28457598178713717
chr13	51	13	5170.0	0.2514506769825919
chr13	52	16	5045.0	0.31714568880079286
chr13	53	14	4952.0	0.28271405492730206
chr13	54	14	4855.0	0.2883625128733265
chr13	55	36	4763.0	0.7558261599832038
chr13	56	22	4663.0	0.47179927085567236
chr13	57	14	4570.0	0.3063457330415755
chr13	58	13	4473.0	0.2906326849988822
chr13	59	24	4361.0	0.5503324925475809
chr13	60	13	4257.0	0.305379375146817
chr13	61	13	4141.0	0.313933832407631
chr13	62	11	4038.0	0.27241208519068844
chr13	63	24	3921.0	0.612088752869166
chr13	64	10	3817.0	0.2619858527639507
chr13	65	12	3724.0	0.322234156820623
chr13	66	12	3621.0	0.33140016570008285
chr13	67	21	3493.0	0.6012024048096193
chr13	68	12	3381.0	0.354924578527063
chr13	69	11	3298.0	0.3335354760460885
chr13	70	25	3200.0	0.78125
chr13	71	13	3090.0	0.4207119741100324
chr13	72	20	2956.0	0.6765899864682002
chr13	73	23	2856.0	0.8053221288515405
chr13	74	5	2760.0	0.18115942028985507
chr13	75	8	2654.0	0.30143180105501133
chr13	76	5	2549.0	0.1961553550411926
chr13	77	14	2452.0	0.5709624796084829
chr13	78	10	2323.0	0.4304778303917348
chr13	79	22	2204.0	0.9981851179673321
chr13	80	2	2091.0	0.09564801530368246
chr13	81	4	1984.0	0.20161290322580644
chr13	82	6	1894.0	0.31678986272439286
chr13	83	3	1775.0	0.16901408450704225
chr13	84	7	1676.0	0.41766109785202865
chr13	85	4	1559.0	0.2565747273893521
chr13	86	5	1452.0	0.34435261707988984
chr13	87	5	1367.0	0.36576444769568395
chr13	88	2	1270.0	0.15748031496062992
chr13	89	3	1171.0	0.25619128949615716
chr13	90	3	1043.0	0.28763183125599234
chr13	91	4	921.0	0.43431053203040176
chr13	92	2	811.0	0.2466091245376079
chr13	93	3	683.0	0.43923865300146414
chr13	94	3	568.0	0.528169014084507
chr13	95	1	455.0	0.21978021978021978
chr13	96	2	347.0	0.5763688760806917
chr13	97	1	255.0	0.39215686274509803
chr13	98	1	127.0	0.7874015748031495
chr13	99	0	0.0	nan
chr13	100	0	0.0	nan
chr13	101	0	0.0	nan
chr13	102	0	0.0	nan
chr13	103	0	0.0	nan
chr13	104	0	0.0	nan
chr13	105	0	0.0	nan
chr13	106	0	0.0	nan
chr13	107	0	0.0	nan
chr13	108	0	0.0	nan
chr13	109	0	0.0	nan
chr13	110	0	0.0	nan
chr13	111	0	0.0	nan
chr13	112	0	0.0	nan
chr13	113	0	0.0	nan
chr13	114	0	0.0	nan
chr13	115	0	0.0	nan
chr13	116	0	0.0	nan
chr13	117	0	0.0	nan
chr13	118	0	0.0	nan
chr14	-111	0	2.0	0.0
chr14	-110	0	97.0	0.0
chr14	-109	0	209.0	0.0
chr14	-108	0	299.0	0.0
chr14	-107	1	381.0	0.26246719160104987
chr14	-106	0	463.0	0.0
chr14	-105	0	539.0	0.0
chr14	-104	0	626.0	0.0
chr14	-103	1	715.0	0.13986013986013987
chr14	-102	0	826.0	0.0
chr14	-101	0	908.0	0.0
chr14	-100	1	997.0	0.10030090270812438
chr14	-99	2	1075.0	0.18604651162790697
chr14	-98	0	1138.0	0.0
chr14	-97	1	1230.0	0.08130081300813008
chr14	-96	2	1324.0	0.1510574018126888
chr14	-95	0	1406.0	0.0
chr14	-94	5	1496.0	0.3342245989304813
chr14	-93	3	1601.0	0.18738288569643974
chr14	-92	2	1686.0	0.11862396204033215
chr14	-91	11	1757.0	0.6260671599317018
chr14	-90	4	1842.0	0.21715526601520088
chr14	-89	1	1942.0	0.051493305870236865
chr14	-88	4	2035.0	0.19656019656019655
chr14	-87	4	2127.0	0.18805829807240243
chr14	-86	3	2223.0	0.1349527665317139
chr14	-85	8	2301.0	0.3476749239461104
chr14	-84	3	2396.0	0.12520868113522537
chr14	-83	2	2489.0	0.08035355564483729
chr14	-82	6	2578.0	0.23273855702094648
chr14	-81	1	2676.0	0.03736920777279522
chr14	-80	2	2774.0	0.07209805335255948
chr14	-79	4	2873.0	0.13922728854855554
chr14	-78	3	2985.0	0.10050251256281408
chr14	-77	4	3087.0	0.12957563977972142
chr14	-76	2	3182.0	0.06285355122564425
chr14	-75	7	3272.0	0.2139364303178484
chr14	-74	0	3370.0	0.0
chr14	-73	5	3497.0	0.14297969688304263
chr14	-72	4	3598.0	0.11117287381878821
chr14	-71	14	3695.0	0.37889039242219213
chr14	-70	5	3785.0	0.13210039630118892
chr14	-69	3	3878.0	0.07735946364105209
chr14	-68	20	3977.0	0.5028916268544128
chr14	-67	19	4080.0	0.46568627450980393
chr14	-66	7	4157.0	0.16839066634592254
chr14	-65	2	4235.0	0.047225501770956316
chr14	-64	3	4339.0	0.06914035492048859
chr14	-63	15	4444.0	0.33753375337533753
chr14	-62	36	4528.0	0.7950530035335688
chr14	-61	15	4629.0	0.32404406999351915
chr14	-60	7	4728.0	0.14805414551607446
chr14	-59	5	4822.0	0.10369141435089176
chr14	-58	22	4903.0	0.4487048745665919
chr14	-57	33	4975.0	0.6633165829145728
chr14	-56	10	5079.0	0.19688915140775742
chr14	-55	10	5182.0	0.19297568506368198
chr14	-54	3	5277.0	0.05685048322910744
chr14	-53	12	5359.0	0.22392237357715994
chr14	-52	7	5462.0	0.12815818381545221
chr14	-51	19	5573.0	0.3409294814283151
chr14	-50	8	5659.0	0.141367732814985
chr14	-49	19	5766.0	0.32951786333680194
chr14	-48	29	5847.0	0.49598084487771504
chr14	-47	22	5941.0	0.370308028951355
chr14	-46	7	6049.0	0.11572160687716977
chr14	-45	21	6153.0	0.3412969283276451
chr14	-44	10	6263.0	0.1596678907871627
chr14	-43	8	6340.0	0.12618296529968456
chr14	-42	10	6432.0	0.1554726368159204
chr14	-41	12	6546.0	0.18331805682859761
chr14	-40	6	6613.0	0.09073037955542114
chr14	-39	6	6679.0	0.08983380745620602
chr14	-38	9	6771.0	0.1329198050509526
chr14	-37	17	6864.0	0.24766899766899766
chr14	-36	12	6978.0	0.17196904557179707
chr14	-35	9	7083.0	0.12706480304955528
chr14	-34	14	7175.0	0.1951219512195122
chr14	-33	29	7294.0	0.39758705785577186
chr14	-32	9	7395.0	0.12170385395537525
chr14	-31	14	7478.0	0.18721583311045736
chr14	-30	13	7574.0	0.1716398204383417
chr14	-29	6	7672.0	0.07820646506777894
chr14	-28	14	7757.0	0.18048214515921104
chr14	-27	17	7853.0	0.21647777919266525
chr14	-26	11	7951.0	0.1383473776883411
chr14	-25	20	8062.0	0.24807740014884647
chr14	-24	37	8137.0	0.4547130392036377
chr14	-23	16	8241.0	0.19415119524329572
chr14	-22	36	8292.0	0.43415340086830684
chr14	-21	14	8370.0	0.16726403823178018
chr14	-20	24	8456.0	0.28382213812677387
chr14	-19	14	8547.0	0.16380016380016382
chr14	-18	12	8659.0	0.13858413211687262
chr14	-17	11	8747.0	0.12575740253801304
chr14	-16	30	8841.0	0.33932813030200204
chr14	-15	16	8962.0	0.17853157777281856
chr14	-14	10	9068.0	0.11027790030877813
chr14	-13	38	9161.0	0.41480187752428777
chr14	-12	14	9271.0	0.1510085211951246
chr14	-11	29	9382.0	0.3091025367725432
chr14	-10	27	9482.0	0.28475005273149123
chr14	-9	12	9482.0	0.1265555789917739
chr14	-8	37	9482.0	0.3902130352246362
chr14	-7	7	9470.0	0.07391763463569166
chr14	-6	31	9469.0	0.32738409546942654
chr14	-5	21	9470.0	0.221752903907075
chr14	-4	12	9470.0	0.12671594508975714
chr14	-3	30	9464.0	0.3169907016060862
chr14	-2	15	9463.0	0.15851209975694813
chr14	-1	12	9481.0	0.12656892732834088
chr14	0	15	9272.0	0.16177739430543572
chr14	1	26	9170.0	0.2835332606324973
chr14	2	49	9089.0	0.5391132137748927
chr14	3	20	9003.0	0.22214817283127847
chr14	4	29	8927.0	0.3248571748627758
chr14	5	40	8840.0	0.4524886877828055
chr14	6	12	8751.0	0.13712718546451835
chr14	7	34	8655.0	0.3928365106874639
chr14	8	18	8573.0	0.20996150705703953
chr14	9	37	8482.0	0.4362178731431266
chr14	10	33	8404.0	0.3926701570680628
chr14	11	21	8340.0	0.2517985611510791
chr14	12	50	8247.0	0.6062810719049352
chr14	13	21	8153.0	0.2575738991782166
chr14	14	19	8067.0	0.23552745754307675
chr14	15	44	7981.0	0.5513093597293572
chr14	16	20	7875.0	0.25396825396825395
chr14	17	16	7790.0	0.20539152759948653
chr14	18	16	7719.0	0.20728073584661225
chr14	19	15	7634.0	0.19648938957296308
chr14	20	14	7532.0	0.18587360594795538
chr14	21	53	7437.0	0.7126529514589216
chr14	22	29	7346.0	0.3947726653961339
chr14	23	24	7249.0	0.3310801489860671
chr14	24	35	7172.0	0.48800892359174564
chr14	25	13	7077.0	0.18369365550374453
chr14	26	26	6983.0	0.37233280824860376
chr14	27	14	6890.0	0.20319303338171263
chr14	28	9	6795.0	0.13245033112582782
chr14	29	15	6695.0	0.22404779686333084
chr14	30	18	6599.0	0.2727686013032278
chr14	31	15	6486.0	0.23126734505087881
chr14	32	26	6385.0	0.40720438527799535
chr14	33	15	6291.0	0.2384358607534573
chr14	34	14	6199.0	0.2258428778835296
chr14	35	14	6103.0	0.22939537932164508
chr14	36	21	5977.0	0.3513468295131337
chr14	37	9	5876.0	0.1531654186521443
chr14	38	7	5779.0	0.1211282228759301
chr14	39	28	5678.0	0.49313138429024306
chr14	40	12	5594.0	0.21451555237754738
chr14	41	10	5493.0	0.1820498816675769
chr14	42	10	5394.0	0.18539117538005193
chr14	43	17	5318.0	0.31966904851447914
chr14	44	22	5239.0	0.4199274670738691
chr14	45	8	5132.0	0.1558846453624318
chr14	46	21	5027.0	0.41774418142033026
chr14	47	12	4944.0	0.24271844660194172
chr14	48	29	4840.0	0.5991735537190083
chr14	49	11	4740.0	0.2320675105485232
chr14	50	20	4646.0	0.4304778303917348
chr14	51	9	4566.0	0.19710906701708278
chr14	52	13	4493.0	0.2893389717338081
chr14	53	13	4380.0	0.2968036529680365
chr14	54	8	4286.0	0.18665422305179655
chr14	55	19	4190.0	0.4534606205250597
chr14	56	29	4108.0	0.7059396299902628
chr14	57	17	4006.0	0.4243634548177734
chr14	58	4	3897.0	0.10264305876315115
chr14	59	14	3811.0	0.36735764891104694
chr14	60	25	3706.0	0.6745817593092283
chr14	61	23	3621.0	0.6351836509251587
chr14	62	22	3529.0	0.6234060640408048
chr14	63	9	3420.0	0.2631578947368421
chr14	64	17	3318.0	0.5123568414707655
chr14	65	10	3209.0	0.3116235587410408
chr14	66	19	3127.0	0.6076111288775183
chr14	67	12	3034.0	0.3955174686882004
chr14	68	7	2919.0	0.2398081534772182
chr14	69	7	2848.0	0.24578651685393257
chr14	70	20	2785.0	0.718132854578097
chr14	71	6	2695.0	0.22263450834879409
chr14	72	8	2602.0	0.3074558032282859
chr14	73	9	2489.0	0.3615910004017678
chr14	74	8	2383.0	0.3357112882920688
chr14	75	6	2292.0	0.2617801047120419
chr14	76	4	2174.0	0.18399264029438822
chr14	77	7	2071.0	0.3380009657170449
chr14	78	9	1989.0	0.4524886877828055
chr14	79	8	1894.0	0.42238648363252373
chr14	80	4	1797.0	0.22259321090706735
chr14	81	13	1713.0	0.7589025102159953
chr14	82	7	1619.0	0.4323656578134651
chr14	83	4	1521.0	0.26298487836949375
chr14	84	7	1411.0	0.4961020552799433
chr14	85	2	1331.0	0.15026296018031557
chr14	86	7	1229.0	0.5695687550854354
chr14	87	13	1178.0	1.1035653650254669
chr14	88	2	1100.0	0.18181818181818182
chr14	89	4	1017.0	0.39331366764995085
chr14	90	9	926.0	0.9719222462203023
chr14	91	4	816.0	0.49019607843137253
chr14	92	1	728.0	0.13736263736263737
chr14	93	4	635.0	0.6299212598425197
chr14	94	1	512.0	0.1953125
chr14	95	4	407.0	0.9828009828009828
chr14	96	1	316.0	0.31645569620253167
chr14	97	0	209.0	0.0
chr14	98	0	99.0	0.0
chr14	99	0	0.0	nan
chr14	100	0	0.0	nan
chr14	101	0	0.0	nan
chr14	102	0	0.0	nan
chr14	103	0	0.0	nan
chr14	104	0	0.0	nan
chr14	105	0	0.0	nan
chr14	106	0	0.0	nan
chr14	107	0	0.0	nan
chr14	108	0	0.0	nan
chr14	109	0	0.0	nan
chr14	110	0	0.0	nan
chr14	111	0	0.0	nan
chr15	-110	0	19.0	0.0
chr15	-109	0	42.0	0.0
chr15	-108	0	61.0	0.0
chr15	-107	0	88.0	0.0
chr15	-106	0	106.0	0.0
chr15	-105	1	127.0	0.7874015748031495
chr15	-104	0	147.0	0.0
chr15	-103	5	167.0	2.9940119760479043
chr15	-102	0	181.0	0.0
chr15	-101	1	205.0	0.4878048780487805
chr15	-100	0	221.0	0.0
chr15	-99	1	243.0	0.411522633744856
chr15	-98	5	257.0	1.9455252918287937
chr15	-97	0	275.0	0.0
chr15	-96	0	300.0	0.0
chr15	-95	0	313.0	0.0
chr15	-94	0	324.0	0.0
chr15	-93	0	349.0	0.0
chr15	-92	0	364.0	0.0
chr15	-91	0	388.0	0.0
chr15	-90	0	408.0	0.0
chr15	-89	2	431.0	0.46403712296983757
chr15	-88	0	454.0	0.0
chr15	-87	4	462.0	0.8658008658008658
chr15	-86	0	478.0	0.0
chr15	-85	0	487.0	0.0
chr15	-84	1	502.0	0.199203187250996
chr15	-83	1	522.0	0.19157088122605362
chr15	-82	0	537.0	0.0
chr15	-81	1	561.0	0.17825311942959002
chr15	-80	1	588.0	0.17006802721088435
chr15	-79	0	621.0	0.0
chr15	-78	0	642.0	0.0
chr15	-77	0	662.0	0.0
chr15	-76	3	685.0	0.43795620437956206
chr15	-75	1	701.0	0.14265335235378032
chr15	-74	0	727.0	0.0
chr15	-73	0	751.0	0.0
chr15	-72	1	766.0	0.13054830287206268
chr15	-71	2	782.0	0.2557544757033248
chr15	-70	8	804.0	0.9950248756218906
chr15	-69	9	817.0	1.101591187270502
chr15	-68	0	844.0	0.0
chr15	-67	0	870.0	0.0
chr15	-66	2	882.0	0.22675736961451248
chr15	-65	1	894.0	0.11185682326621924
chr15	-64	1	924.0	0.10822510822510822
chr15	-63	3	942.0	0.3184713375796179
chr15	-62	1	957.0	0.10449320794148381
chr15	-61	1	965.0	0.10362694300518134
chr15	-60	13	989.0	1.314459049544995
chr15	-59	1	1000.0	0.1
chr15	-58	25	1023.0	2.4437927663734116
chr15	-57	2	1040.0	0.19230769230769232
chr15	-56	5	1058.0	0.4725897920604915
chr15	-55	1	1085.0	0.09216589861751152
chr15	-54	1	1118.0	0.08944543828264759
chr15	-53	0	1135.0	0.0
chr15	-52	1	1153.0	0.08673026886383348
chr15	-51	1	1179.0	0.08481764206955046
chr15	-50	0	1195.0	0.0
chr15	-49	1	1214.0	0.08237232289950577
chr15	-48	14	1234.0	1.1345218800648298
chr15	-47	0	1251.0	0.0
chr15	-46	8	1273.0	0.6284367635506678
chr15	-45	23	1293.0	1.7788089713843775
chr15	-44	2	1316.0	0.1519756838905775
chr15	-43	1	1336.0	0.07485029940119761
chr15	-42	4	1355.0	0.2952029520295203
chr15	-41	1	1369.0	0.07304601899196494
chr15	-40	2	1381.0	0.1448225923244026
chr15	-39	1	1404.0	0.07122507122507123
chr15	-38	1	1429.0	0.06997900629811056
chr15	-37	4	1441.0	0.2775850104094379
chr15	-36	1	1457.0	0.06863417982155114
chr15	-35	5	1478.0	0.3382949932341001
chr15	-34	1	1495.0	0.06688963210702341
chr15	-33	0	1524.0	0.0
chr15	-32	2	1549.0	0.12911555842479017
chr15	-31	3	1568.0	0.1913265306122449
chr15	-30	0	1592.0	0.0
chr15	-29	1	1622.0	0.06165228113440197
chr15	-28	2	1641.0	0.1218769043266301
chr15	-27	4	1670.0	0.23952095808383234
chr15	-26	0	1683.0	0.0
chr15	-25	28	1700.0	1.647058823529412
chr15	-24	3	1713.0	0.17513134851138354
chr15	-23	2	1727.0	0.11580775911986102
chr15	-22	21	1754.0	1.1972633979475484
chr15	-21	4	1776.0	0.22522522522522523
chr15	-20	2	1791.0	0.11166945840312675
chr15	-19	2	1819.0	0.10995052226498077
chr15	-18	0	1833.0	0.0
chr15	-17	1	1843.0	0.05425935973955508
chr15	-16	2	1862.0	0.10741138560687433
chr15	-15	4	1878.0	0.21299254526091588
chr15	-14	4	1897.0	0.21085925144965736
chr15	-13	21	1916.0	1.0960334029227559
chr15	-12	2	1936.0	0.10330578512396695
chr15	-11	1	1949.0	0.0513083632632119
chr15	-10	2	1962.0	0.10193679918450561
chr15	-9	3	1962.0	0.1529051987767584
chr15	-8	4	1962.0	0.20387359836901123
chr15	-7	4	1962.0	0.20387359836901123
chr15	-6	2	1962.0	0.10193679918450561
chr15	-5	1	1962.0	0.05096839959225281
chr15	-4	3	1962.0	0.1529051987767584
chr15	-3	7	1962.0	0.3567787971457696
chr15	-2	2	1962.0	0.10193679918450561
chr15	-1	3	1962.0	0.1529051987767584
chr15	0	6	1919.0	0.3126628452318916
chr15	1	5	1900.0	0.2631578947368421
chr15	2	3	1873.0	0.16017084890549918
chr15	3	4	1855.0	0.215633423180593
chr15	4	5	1834.0	0.27262813522355506
chr15	5	3	1814.0	0.16538037486218302
chr15	6	3	1794.0	0.16722408026755853
chr15	7	2	1779.0	0.11242270938729623
chr15	8	1	1756.0	0.05694760820045558
chr15	9	1	1740.0	0.05747126436781609
chr15	10	0	1718.0	0.0
chr15	11	1	1703.0	0.05871990604815032
chr15	12	24	1685.0	1.4243323442136497
chr15	13	2	1660.0	0.12048192771084339
chr15	14	4	1647.0	0.24286581663630846
chr15	15	1	1636.0	0.061124694376528114
chr15	16	1	1612.0	0.062034739454094295
chr15	17	2	1597.0	0.12523481527864747
chr15	18	3	1573.0	0.19071837253655435
chr15	19	3	1553.0	0.19317450096587252
chr15	20	3	1530.0	0.19607843137254902
chr15	21	23	1507.0	1.5262110152621102
chr15	22	5	1499.0	0.333555703802535
chr15	23	4	1483.0	0.26972353337828725
chr15	24	28	1474.0	1.8995929443690638
chr15	25	3	1459.0	0.205620287868403
chr15	26	2	1439.0	0.13898540653231412
chr15	27	3	1424.0	0.21067415730337077
chr15	28	2	1400.0	0.14285714285714285
chr15	29	3	1373.0	0.21849963583394028
chr15	30	3	1340.0	0.22388059701492538
chr15	31	2	1319.0	0.1516300227445034
chr15	32	3	1299.0	0.23094688221709006
chr15	33	4	1276.0	0.3134796238244514
chr15	34	4	1260.0	0.31746031746031744
chr15	35	3	1234.0	0.24311183144246357
chr15	36	1	1209.0	0.0827129859387924
chr15	37	4	1194.0	0.33500837520938026
chr15	38	3	1178.0	0.2546689303904924
chr15	39	3	1155.0	0.2597402597402597
chr15	40	1	1143.0	0.08748906386701663
chr15	41	3	1116.0	0.2688172043010753
chr15	42	1	1090.0	0.09174311926605505
chr15	43	2	1079.0	0.18535681186283595
chr15	44	20	1066.0	1.876172607879925
chr15	45	4	1036.0	0.3861003861003861
chr15	46	1	1018.0	0.09823182711198428
chr15	47	12	1003.0	1.1964107676969093
chr15	48	2	995.0	0.20100502512562815
chr15	49	2	971.0	0.20597322348094746
chr15	50	4	960.0	0.4166666666666667
chr15	51	0	937.0	0.0
chr15	52	2	920.0	0.21739130434782608
chr15	53	0	894.0	0.0
chr15	54	1	874.0	0.11441647597254005
chr15	55	3	837.0	0.35842293906810035
chr15	56	1	824.0	0.12135922330097086
chr15	57	18	806.0	2.2332506203473943
chr15	58	1	780.0	0.1282051282051282
chr15	59	6	764.0	0.7853403141361256
chr15	60	3	745.0	0.4026845637583893
chr15	61	2	726.0	0.27548209366391185
chr15	62	3	709.0	0.4231311706629055
chr15	63	3	687.0	0.43668122270742354
chr15	64	1	667.0	0.14992503748125938
chr15	65	2	645.0	0.31007751937984496
chr15	66	3	624.0	0.4807692307692308
chr15	67	0	606.0	0.0
chr15	68	13	591.0	2.199661590524535
chr15	69	11	579.0	1.8998272884283247
chr15	70	0	555.0	0.0
chr15	71	1	531.0	0.18832391713747645
chr15	72	1	519.0	0.1926782273603083
chr15	73	3	503.0	0.5964214711729622
chr15	74	1	483.0	0.2070393374741201
chr15	75	2	465.0	0.43010752688172044
chr15	76	0	436.0	0.0
chr15	77	1	411.0	0.24330900243309003
chr15	78	2	392.0	0.5102040816326531
chr15	79	2	368.0	0.5434782608695652
chr15	80	0	338.0	0.0
chr15	81	0	320.0	0.0
chr15	82	2	292.0	0.684931506849315
chr15	83	2	279.0	0.7168458781362007
chr15	84	0	262.0	0.0
chr15	85	2	249.0	0.8032128514056224
chr15	86	3	235.0	1.276595744680851
chr15	87	0	208.0	0.0
chr15	88	1	186.0	0.5376344086021506
chr15	89	0	171.0	0.0
chr15	90	0	143.0	0.0
chr15	91	0	129.0	0.0
chr15	92	0	119.0	0.0
chr15	93	0	100.0	0.0
chr15	94	1	84.0	1.1904761904761905
chr15	95	1	65.0	1.5384615384615385
chr15	96	0	46.0	0.0
chr15	97	1	26.0	3.8461538461538463
chr15	98	0	13.0	0.0
chr15	99	0	0.0	nan
chr15	100	0	0.0	nan
chr15	101	0	0.0	nan
chr15	102	0	0.0	nan
chr15	103	0	0.0	nan
chr15	104	0	0.0	nan
chr15	105	0	0.0	nan
chr15	106	0	0.0	nan
chr15	107	0	0.0	nan
chr15	108	0	0.0	nan
chr15	109	0	0.0	nan
chr16	-126	0	1.0	0.0
chr16	-125	0	1.0	0.0
chr16	-124	0	1.0	0.0
chr16	-123	0	1.0	0.0
chr16	-122	0	1.0	0.0
chr16	-121	0	1.0	0.0
chr16	-120	0	2.0	0.0
chr16	-119	0	2.0	0.0
chr16	-118	0	4.0	0.0
chr16	-117	0	4.0	0.0
chr16	-116	0	6.0	0.0
chr16	-115	0	6.0	0.0
chr16	-114	0	6.0	0.0
chr16	-113	0	6.0	0.0
chr16	-112	0	6.0	0.0
chr16	-111	0	10.0	0.0
chr16	-110	0	101.0	0.0
chr16	-109	0	193.0	0.0
chr16	-108	2	287.0	0.6968641114982579
chr16	-107	0	380.0	0.0
chr16	-106	2	466.0	0.4291845493562232
chr16	-105	0	554.0	0.0
chr16	-104	1	640.0	0.15625
chr16	-103	1	720.0	0.1388888888888889
chr16	-102	1	833.0	0.12004801920768307
chr16	-101	3	921.0	0.32573289902280134
chr16	-100	4	1002.0	0.39920159680638717
chr16	-99	3	1085.0	0.2764976958525346
chr16	-98	2	1166.0	0.17152658662092624
chr16	-97	1	1231.0	0.08123476848090982
chr16	-96	4	1310.0	0.3053435114503817
chr16	-95	1	1419.0	0.07047216349541931
chr16	-94	13	1515.0	0.8580858085808581
chr16	-93	1	1615.0	0.061919504643962855
chr16	-92	1	1706.0	0.058616647127784284
chr16	-91	2	1801.0	0.11104941699056081
chr16	-90	1	1884.0	0.05307855626326964
chr16	-89	4	1973.0	0.20273694880892043
chr16	-88	5	2050.0	0.24390243902439024
chr16	-87	4	2146.0	0.1863932898415657
chr16	-86	5	2257.0	0.2215330084182543
chr16	-85	2	2341.0	0.08543357539513029
chr16	-84	3	2439.0	0.12300123001230012
chr16	-83	1	2537.0	0.039416633819471816
chr16	-82	14	2623.0	0.533739992375143
chr16	-81	10	2689.0	0.3718854592785422
chr16	-80	2	2781.0	0.0719165767709457
chr16	-79	4	2866.0	0.13956734124214934
chr16	-78	12	2967.0	0.40444893832153694
chr16	-77	9	3068.0	0.29335071707953064
chr16	-76	22	3151.0	0.6981910504601714
chr16	-75	15	3243.0	0.46253469010175763
chr16	-74	4	3326.0	0.12026458208057728
chr16	-73	9	3428.0	0.26254375729288215
chr16	-72	3	3524.0	0.0851305334846765
chr16	-71	6	3637.0	0.16497113005224084
chr16	-70	3	3758.0	0.07982969664715274
chr16	-69	12	3847.0	0.3119313750974786
chr16	-68	6	3928.0	0.15274949083503053
chr16	-67	16	4002.0	0.39980009995002497
chr16	-66	11	4094.0	0.268685881778212
chr16	-65	9	4184.0	0.21510516252390058
chr16	-64	7	4303.0	0.16267720195212643
chr16	-63	9	4404.0	0.20435967302452315
chr16	-62	5	4503.0	0.11103708638685321
chr16	-61	9	4597.0	0.1957798564281053
chr16	-60	15	4682.0	0.3203759077317386
chr16	-59	10	4778.0	0.2092925910422771
chr16	-58	20	4877.0	0.4100881689563256
chr16	-57	4	4963.0	0.08059641345960104
chr16	-56	9	5056.0	0.17800632911392406
chr16	-55	4	5142.0	0.07779074290159471
chr16	-54	7	5227.0	0.1339200306102927
chr16	-53	14	5315.0	0.2634054562558796
chr16	-52	7	5419.0	0.12917512456172725
chr16	-51	11	5503.0	0.19989096856260222
chr16	-50	26	5616.0	0.4629629629629629
chr16	-49	27	5715.0	0.47244094488188976
chr16	-48	20	5827.0	0.3432297923459756
chr16	-47	21	5903.0	0.35575131289174994
chr16	-46	10	5972.0	0.16744809109176156
chr16	-45	16	6061.0	0.2639828411153275
chr16	-44	16	6151.0	0.26012030564135913
chr16	-43	15	6227.0	0.24088646218082543
chr16	-42	22	6304.0	0.3489847715736041
chr16	-41	12	6403.0	0.18741215055442761
chr16	-40	21	6518.0	0.32218471923903036
chr16	-39	24	6624.0	0.36231884057971014
chr16	-38	27	6715.0	0.40208488458674607
chr16	-37	13	6791.0	0.1914298336032985
chr16	-36	3	6879.0	0.04361098996947231
chr16	-35	57	6972.0	0.8175559380378659
chr16	-34	21	7067.0	0.2971557945379935
chr16	-33	9	7137.0	0.12610340479192939
chr16	-32	10	7225.0	0.13840830449826988
chr16	-31	15	7309.0	0.20522643316459158
chr16	-30	36	7425.0	0.48484848484848486
chr16	-29	9	7500.0	0.12
chr16	-28	35	7545.0	0.46388336646785955
chr16	-27	10	7659.0	0.1305653479566523
chr16	-26	31	7786.0	0.3981505265861803
chr16	-25	12	7885.0	0.1521876981610653
chr16	-24	10	7977.0	0.12536041118214866
chr16	-23	21	8065.0	0.26038437693738375
chr16	-22	13	8144.0	0.15962671905697445
chr16	-21	13	8250.0	0.1575757575757576
chr16	-20	13	8323.0	0.15619368016340263
chr16	-19	35	8414.0	0.4159733777038269
chr16	-18	12	8516.0	0.14091122592766556
chr16	-17	25	8600.0	0.29069767441860467
chr16	-16	21	8693.0	0.2415736799723916
chr16	-15	13	8795.0	0.14781125639567935
chr16	-14	34	8883.0	0.38275357424293593
chr16	-13	17	8994.0	0.18901489882143652
chr16	-12	45	9108.0	0.4940711462450593
chr16	-11	25	9192.0	0.2719756309834639
chr16	-10	33	9274.0	0.3558335130472288
chr16	-9	14	9274.0	0.15095967220185466
chr16	-8	36	9275.0	0.3881401617250674
chr16	-7	12	9275.0	0.12938005390835577
chr16	-6	20	9258.0	0.21602937999567942
chr16	-5	30	9258.0	0.32404406999351915
chr16	-4	16	9275.0	0.17250673854447438
chr16	-3	18	9276.0	0.19404915912031048
chr16	-2	22	9276.0	0.23717119448037946
chr16	-1	20	9276.0	0.21561017680034494
chr16	0	48	9076.0	0.5288673424416042
chr16	1	32	8983.0	0.35622843148168765
chr16	2	26	8889.0	0.29249634379570255
chr16	3	35	8802.0	0.3976369007043854
chr16	4	22	8707.0	0.25267026530377856
chr16	5	38	8622.0	0.44073300858269543
chr16	6	37	8549.0	0.4327991577962335
chr16	7	41	8433.0	0.4861852247124392
chr16	8	24	8344.0	0.28763183125599234
chr16	9	47	8264.0	0.5687318489835431
chr16	10	46	8178.0	0.5624847150892639
chr16	11	43	8097.0	0.5310608867481783
chr16	12	29	8033.0	0.36101083032490977
chr16	13	50	7941.0	0.6296436217101121
chr16	14	30	7843.0	0.3825066938671427
chr16	15	35	7737.0	0.4523717203050278
chr16	16	46	7648.0	0.6014644351464435
chr16	17	33	7554.0	0.4368546465448769
chr16	18	28	7458.0	0.37543577366586217
chr16	19	37	7373.0	0.50183100501831
chr16	20	20	7283.0	0.2746121103940684
chr16	21	22	7206.0	0.30530113794060504
chr16	22	45	7111.0	0.6328223878498102
chr16	23	40	6999.0	0.5715102157451064
chr16	24	26	6914.0	0.37604859704946486
chr16	25	24	6814.0	0.3522160258291752
chr16	26	19	6702.0	0.28349746344374815
chr16	27	38	6604.0	0.5754088431253785
chr16	28	24	6552.0	0.3663003663003663
chr16	29	26	6462.0	0.4023522129371711
chr16	30	36	6376.0	0.5646173149309912
chr16	31	25	6276.0	0.39834289356277885
chr16	32	28	6168.0	0.4539559014267186
chr16	33	36	6098.0	0.5903574942604133
chr16	34	80	6004.0	1.3324450366422385
chr16	35	23	5923.0	0.3883167313861219
chr16	36	25	5820.0	0.429553264604811
chr16	37	40	5727.0	0.6984459577440195
chr16	38	29	5614.0	0.5165657285358034
chr16	39	26	5495.0	0.4731574158325751
chr16	40	29	5403.0	0.5367388487877105
chr16	41	42	5323.0	0.7890287431899305
chr16	42	23	5233.0	0.4395184406650105
chr16	43	12	5146.0	0.2331908278274388
chr16	44	34	5055.0	0.6726013847675569
chr16	45	23	4938.0	0.46577561765897124
chr16	46	28	4845.0	0.5779153766769866
chr16	47	15	4743.0	0.31625553447185323
chr16	48	24	4650.0	0.5161290322580645
chr16	49	23	4564.0	0.5039439088518843
chr16	50	22	4463.0	0.4929419672865786
chr16	51	22	4369.0	0.5035477225909819
chr16	52	31	4282.0	0.7239607659971976
chr16	53	8	4191.0	0.19088523025530899
chr16	54	19	4103.0	0.4630757981964416
chr16	55	20	4016.0	0.49800796812749004
chr16	56	23	3926.0	0.5858380030565461
chr16	57	26	3822.0	0.6802721088435374
chr16	58	11	3734.0	0.2945902517407606
chr16	59	21	3622.0	0.5797901711761457
chr16	60	15	3525.0	0.425531914893617
chr16	61	20	3415.0	0.5856515373352855
chr16	62	17	3344.0	0.5083732057416268
chr16	63	11	3272.0	0.3361858190709046
chr16	64	16	3180.0	0.5031446540880503
chr16	65	22	3086.0	0.712896953985742
chr16	66	15	3003.0	0.4995004995004995
chr16	67	17	2934.0	0.5794137695978187
chr16	68	11	2847.0	0.3863716192483316
chr16	69	16	2733.0	0.5854372484449323
chr16	70	13	2627.0	0.49486105824133997
chr16	71	20	2539.0	0.7877116975187082
chr16	72	15	2459.0	0.6100040666937779
chr16	73	8	2374.0	0.33698399326032014
chr16	74	25	2282.0	1.0955302366345312
chr16	75	16	2188.0	0.7312614259597806
chr16	76	14	2105.0	0.665083135391924
chr16	77	11	2020.0	0.5445544554455445
chr16	78	10	1937.0	0.5162622612287042
chr16	79	10	1821.0	0.5491488193300385
chr16	80	24	1745.0	1.3753581661891117
chr16	81	23	1665.0	1.3813813813813813
chr16	82	9	1566.0	0.5747126436781609
chr16	83	4	1473.0	0.2715546503733876
chr16	84	7	1376.0	0.5087209302325582
chr16	85	20	1287.0	1.554001554001554
chr16	86	4	1199.0	0.3336113427856547
chr16	87	5	1121.0	0.44603033006244425
chr16	88	6	1016.0	0.5905511811023622
chr16	89	3	947.0	0.31678986272439286
chr16	90	3	855.0	0.3508771929824561
chr16	91	2	751.0	0.2663115845539281
chr16	92	4	668.0	0.5988023952095809
chr16	93	5	564.0	0.8865248226950355
chr16	94	1	474.0	0.21097046413502107
chr16	95	1	369.0	0.27100271002710025
chr16	96	0	277.0	0.0
chr16	97	0	164.0	0.0
chr16	98	1	83.0	1.2048192771084338
chr16	99	0	0.0	nan
chr16	100	0	0.0	nan
chr16	101	0	0.0	nan
chr16	102	0	0.0	nan
chr16	103	0	0.0	nan
chr16	104	0	0.0	nan
chr16	105	0	0.0	nan
chr16	106	0	0.0	nan
chr16	107	0	0.0	nan
chr16	108	0	0.0	nan
chr16	109	0	0.0	nan
chr16	110	0	0.0	nan
chr16	111	0	0.0	nan
chr16	112	0	0.0	nan
chr16	113	0	0.0	nan
chr16	114	0	0.0	nan
chr16	115	0	0.0	nan
chr16	116	0	0.0	nan
chr16	117	0	0.0	nan
chr16	118	0	0.0	nan
chr16	119	0	0.0	nan
chr16	120	0	0.0	nan
chr16	121	0	0.0	nan
chr16	122	0	0.0	nan
chr16	123	0	0.0	nan
chr16	124	0	0.0	nan
chr16	125	0	0.0	nan
chr16	126	0	0.0	nan
chr16	127	0	0.0	nan
chr16	128	0	0.0	nan
chr17	-113	0	1.0	0.0
chr17	-112	0	1.0	0.0
chr17	-111	0	1.0	0.0
chr17	-110	1	59.0	1.694915254237288
chr17	-109	0	116.0	0.0
chr17	-108	0	157.0	0.0
chr17	-107	1	215.0	0.46511627906976744
chr17	-106	3	266.0	1.1278195488721803
chr17	-105	1	309.0	0.3236245954692557
chr17	-104	1	359.0	0.2785515320334262
chr17	-103	0	436.0	0.0
chr17	-102	0	487.0	0.0
chr17	-101	2	538.0	0.37174721189591076
chr17	-100	0	613.0	0.0
chr17	-99	2	674.0	0.2967359050445104
chr17	-98	3	740.0	0.40540540540540543
chr17	-97	0	803.0	0.0
chr17	-96	2	848.0	0.2358490566037736
chr17	-95	0	905.0	0.0
chr17	-94	1	960.0	0.10416666666666667
chr17	-93	2	1021.0	0.1958863858961802
chr17	-92	1	1071.0	0.09337068160597572
chr17	-91	2	1129.0	0.1771479185119575
chr17	-90	3	1179.0	0.2544529262086514
chr17	-89	5	1218.0	0.41050903119868637
chr17	-88	0	1263.0	0.0
chr17	-87	1	1326.0	0.07541478129713425
chr17	-86	4	1380.0	0.2898550724637681
chr17	-85	0	1428.0	0.0
chr17	-84	1	1484.0	0.06738544474393532
chr17	-83	8	1543.0	0.5184705119896306
chr17	-82	2	1578.0	0.12674271229404308
chr17	-81	1	1632.0	0.061274509803921566
chr17	-80	1	1669.0	0.05991611743559017
chr17	-79	1	1724.0	0.058004640371229696
chr17	-78	5	1764.0	0.2834467120181406
chr17	-77	1	1808.0	0.05530973451327434
chr17	-76	18	1857.0	0.9693053311793215
chr17	-75	1	1897.0	0.05271481286241434
chr17	-74	1	1967.0	0.05083884087442806
chr17	-73	4	2031.0	0.19694731659281145
chr17	-72	4	2083.0	0.19203072491598655
chr17	-71	3	2140.0	0.14018691588785046
chr17	-70	8	2188.0	0.3656307129798903
chr17	-69	1	2235.0	0.0447427293064877
chr17	-68	4	2289.0	0.17474879860200962
chr17	-67	8	2349.0	0.34057045551298426
chr17	-66	11	2402.0	0.4579517069109076
chr17	-65	4	2473.0	0.16174686615446826
chr17	-64	3	2528.0	0.11867088607594937
chr17	-63	4	2583.0	0.15485869144405728
chr17	-62	2	2647.0	0.07555723460521345
chr17	-61	4	2704.0	0.14792899408284024
chr17	-60	2	2767.0	0.07228044813877846
chr17	-59	1	2839.0	0.03522367030644593
chr17	-58	25	2894.0	0.8638562543192813
chr17	-57	5	2970.0	0.16835016835016833
chr17	-56	4	3009.0	0.13293452974410103
chr17	-55	7	3048.0	0.22965879265091863
chr17	-54	3	3114.0	0.09633911368015415
chr17	-53	11	3171.0	0.3468937243771681
chr17	-52	2	3241.0	0.061709348966368406
chr17	-51	4	3307.0	0.12095554883580284
chr17	-50	6	3356.0	0.17878426698450536
chr17	-49	2	3393.0	0.05894488653109342
chr17	-48	17	3460.0	0.49132947976878616
chr17	-47	6	3513.0	0.1707941929974381
chr17	-46	8	3568.0	0.2242152466367713
chr17	-45	2	3616.0	0.05530973451327434
chr17	-44	6	3671.0	0.16344320348678834
chr17	-43	4	3695.0	0.10825439783491206
chr17	-42	5	3735.0	0.13386880856760375
chr17	-41	2	3771.0	0.05303632988597189
chr17	-40	4	3851.0	0.10386912490262269
chr17	-39	4	3921.0	0.102014792144861
chr17	-38	4	3987.0	0.1003260596940055
chr17	-37	9	4058.0	0.22178413011335632
chr17	-36	20	4115.0	0.48602673147023084
chr17	-35	5	4164.0	0.12007684918347744
chr17	-34	23	4224.0	0.5445075757575758
chr17	-33	4	4294.0	0.09315323707498836
chr17	-32	6	4348.0	0.13799448022079117
chr17	-31	34	4398.0	0.7730786721236926
chr17	-30	15	4460.0	0.336322869955157
chr17	-29	7	4528.0	0.15459363957597172
chr17	-28	6	4589.0	0.13074743952930923
chr17	-27	15	4643.0	0.32306698255438293
chr17	-26	5	4701.0	0.10636034886194426
chr17	-25	31	4759.0	0.6513973523849548
chr17	-24	37	4848.0	0.7632013201320133
chr17	-23	9	4901.0	0.1836359926545603
chr17	-22	7	4965.0	0.14098690835850958
chr17	-21	23	5013.0	0.4588071015360064
chr17	-20	15	5074.0	0.29562475364603863
chr17	-19	22	5121.0	0.42960359304823276
chr17	-18	29	5174.0	0.5604947816003092
chr17	-17	35	5232.0	0.668960244648318
chr17	-16	9	5278.0	0.17051913603637742
chr17	-15	27	5335.0	0.5060918462980318
chr17	-14	9	5396.0	0.16679021497405486
chr17	-13	10	5459.0	0.18318373328448434
chr17	-12	17	5513.0	0.30836205332849626
chr17	-11	8	5579.0	0.1433948736332676
chr17	-10	13	5635.0	0.23070097604259093
chr17	-9	13	5635.0	0.23070097604259093
chr17	-8	16	5636.0	0.28388928317955997
chr17	-7	44	5636.0	0.7806955287437899
chr17	-6	45	5636.0	0.7984386089425125
chr17	-5	26	5622.0	0.46246887228744216
chr17	-4	13	5623.0	0.23119331317801886
chr17	-3	6	5637.0	0.10643959552953698
chr17	-2	19	5637.0	0.33705871917686714
chr17	-1	29	5637.0	0.5144580450594288
chr17	0	13	5509.0	0.23597749137774549
chr17	1	18	5468.0	0.32918800292611555
chr17	2	13	5410.0	0.2402957486136784
chr17	3	17	5344.0	0.3181137724550898
chr17	4	29	5301.0	0.5470665912092058
chr17	5	25	5263.0	0.47501425042751283
chr17	6	52	5185.0	1.0028929604628736
chr17	7	22	5134.0	0.4285157771717959
chr17	8	15	5081.0	0.29521747687463096
chr17	9	14	5006.0	0.2796644027167399
chr17	10	16	4942.0	0.3237555645487657
chr17	11	21	4873.0	0.4309460291401601
chr17	12	13	4811.0	0.2702140927042195
chr17	13	16	4764.0	0.33585222502099077
chr17	14	43	4707.0	0.9135330359039727
chr17	15	26	4651.0	0.5590195656847989
chr17	16	36	4590.0	0.7843137254901961
chr17	17	31	4541.0	0.6826690156353227
chr17	18	20	4482.0	0.4462293618920125
chr17	19	21	4432.0	0.473826714801444
chr17	20	26	4391.0	0.5921202459576406
chr17	21	19	4346.0	0.43718361711919007
chr17	22	18	4281.0	0.42046250875963564
chr17	23	49	4228.0	1.1589403973509933
chr17	24	26	4179.0	0.6221584111031347
chr17	25	14	4121.0	0.3397233681145353
chr17	26	20	4064.0	0.4921259842519685
chr17	27	14	4028.0	0.3475670307845084
chr17	28	15	3973.0	0.37754845205134663
chr17	29	20	3929.0	0.5090353779587682
chr17	30	21	3874.0	0.5420753742901394
chr17	31	14	3834.0	0.3651538862806468
chr17	32	14	3791.0	0.3692957003429174
chr17	33	37	3741.0	0.9890403635391607
chr17	34	12	3701.0	0.3242366927857336
chr17	35	28	3640.0	0.7692307692307693
chr17	36	10	3576.0	0.2796420581655481
chr17	37	10	3525.0	0.28368794326241137
chr17	38	17	3459.0	0.4914715235617231
chr17	39	14	3411.0	0.4104368220463207
chr17	40	4	3356.0	0.11918951132300357
chr17	41	10	3313.0	0.3018412315122246
chr17	42	13	3254.0	0.39950829748002464
chr17	43	10	3202.0	0.3123048094940662
chr17	44	15	3131.0	0.47908016608112425
chr17	45	12	3076.0	0.3901170351105332
chr17	46	16	3020.0	0.5298013245033113
chr17	47	37	2959.0	1.2504224400135182
chr17	48	13	2903.0	0.44781260764726144
chr17	49	14	2841.0	0.4927842309046111
chr17	50	14	2768.0	0.5057803468208093
chr17	51	20	2714.0	0.7369196757553427
chr17	52	35	2638.0	1.3267626990144048
chr17	53	11	2597.0	0.4235656526761648
chr17	54	12	2558.0	0.46911649726348714
chr17	55	10	2491.0	0.40144520272982737
chr17	56	9	2433.0	0.36991368680641185
chr17	57	32	2363.0	1.3542107490478206
chr17	58	6	2297.0	0.26121027427078797
chr17	59	12	2245.0	0.5345211581291759
chr17	60	10	2211.0	0.45228403437358666
chr17	61	6	2147.0	0.2794597112249651
chr17	62	6	2093.0	0.2866698518872432
chr17	63	9	2038.0	0.4416094210009814
chr17	64	10	1991.0	0.5022601707684581
chr17	65	19	1936.0	0.981404958677686
chr17	66	13	1913.0	0.6795608991113434
chr17	67	10	1873.0	0.5339028296849974
chr17	68	10	1808.0	0.5530973451327433
chr17	69	15	1749.0	0.8576329331046313
chr17	70	7	1685.0	0.4154302670623145
chr17	71	8	1625.0	0.49230769230769234
chr17	72	5	1553.0	0.3219575016097875
chr17	73	6	1497.0	0.4008016032064128
chr17	74	5	1440.0	0.3472222222222222
chr17	75	14	1384.0	1.0115606936416186
chr17	76	5	1312.0	0.38109756097560976
chr17	77	5	1258.0	0.39745627980922094
chr17	78	2	1208.0	0.16556291390728478
chr17	79	4	1149.0	0.34812880765883375
chr17	80	6	1089.0	0.5509641873278237
chr17	81	2	1028.0	0.19455252918287938
chr17	82	3	975.0	0.3076923076923077
chr17	83	3	917.0	0.3271537622682661
chr17	84	3	860.0	0.3488372093023256
chr17	85	4	774.0	0.516795865633075
chr17	86	3	721.0	0.4160887656033287
chr17	87	1	659.0	0.15174506828528073
chr17	88	5	613.0	0.8156606851549755
chr17	89	2	553.0	0.3616636528028933
chr17	90	1	506.0	0.1976284584980237
chr17	91	3	453.0	0.6622516556291391
chr17	92	2	396.0	0.5050505050505051
chr17	93	1	351.0	0.2849002849002849
chr17	94	2	293.0	0.6825938566552902
chr17	95	0	234.0	0.0
chr17	96	1	173.0	0.5780346820809248
chr17	97	2	120.0	1.6666666666666667
chr17	98	0	56.0	0.0
chr17	99	0	0.0	nan
chr17	100	0	0.0	nan
chr17	101	0	0.0	nan
chr17	102	0	0.0	nan
chr17	103	0	0.0	nan
chr17	104	0	0.0	nan
chr17	105	0	0.0	nan
chr17	106	0	0.0	nan
chr17	107	0	0.0	nan
chr17	108	0	0.0	nan
chr17	109	0	0.0	nan
chr18	-111	0	1.0	0.0
chr18	-110	0	50.0	0.0
chr18	-109	0	78.0	0.0
chr18	-108	1	115.0	0.8695652173913043
chr18	-107	0	160.0	0.0
chr18	-106	0	203.0	0.0
chr18	-105	1	250.0	0.4
chr18	-104	1	282.0	0.3546099290780142
chr18	-103	1	314.0	0.3184713375796179
chr18	-102	2	352.0	0.5681818181818182
chr18	-101	0	406.0	0.0
chr18	-100	0	448.0	0.0
chr18	-99	1	491.0	0.20366598778004072
chr18	-98	0	520.0	0.0
chr18	-97	2	561.0	0.35650623885918004
chr18	-96	0	627.0	0.0
chr18	-95	3	669.0	0.4484304932735426
chr18	-94	3	709.0	0.4231311706629055
chr18	-93	1	735.0	0.13605442176870747
chr18	-92	0	764.0	0.0
chr18	-91	0	790.0	0.0
chr18	-90	5	828.0	0.6038647342995169
chr18	-89	1	882.0	0.11337868480725624
chr18	-88	1	919.0	0.1088139281828074
chr18	-87	1	956.0	0.10460251046025104
chr18	-86	3	1005.0	0.2985074626865672
chr18	-85	2	1038.0	0.1926782273603083
chr18	-84	1	1074.0	0.0931098696461825
chr18	-83	3	1104.0	0.2717391304347826
chr18	-82	0	1140.0	0.0
chr18	-81	3	1168.0	0.2568493150684931
chr18	-80	17	1198.0	1.4190317195325544
chr18	-79	3	1239.0	0.24213075060532688
chr18	-78	2	1271.0	0.15735641227380015
chr18	-77	1	1305.0	0.07662835249042146
chr18	-76	3	1341.0	0.22371364653243847
chr18	-75	3	1389.0	0.21598272138228944
chr18	-74	1	1441.0	0.06939625260235947
chr18	-73	19	1476.0	1.2872628726287263
chr18	-72	1	1515.0	0.066006600660066
chr18	-71	14	1559.0	0.8980115458627326
chr18	-70	1	1600.0	0.0625
chr18	-69	1	1640.0	0.06097560975609756
chr18	-68	1	1683.0	0.05941770647653001
chr18	-67	0	1719.0	0.0
chr18	-66	2	1760.0	0.11363636363636363
chr18	-65	2	1794.0	0.11148272017837235
chr18	-64	3	1835.0	0.16348773841961853
chr18	-63	6	1878.0	0.3194888178913738
chr18	-62	6	1918.0	0.31282586027111575
chr18	-61	2	1955.0	0.10230179028132991
chr18	-60	10	1983.0	0.5042864346949066
chr18	-59	4	2015.0	0.19851116625310172
chr18	-58	10	2056.0	0.48638132295719844
chr18	-57	5	2097.0	0.2384358607534573
chr18	-56	1	2136.0	0.04681647940074907
chr18	-55	4	2180.0	0.1834862385321101
chr18	-54	3	2219.0	0.135196034249662
chr18	-53	16	2274.0	0.7036059806508356
chr18	-52	2	2329.0	0.08587376556462001
chr18	-51	4	2370.0	0.16877637130801687
chr18	-50	5	2409.0	0.20755500207555005
chr18	-49	23	2453.0	0.9376273950264982
chr18	-48	1	2481.0	0.04030632809351068
chr18	-47	8	2541.0	0.3148366784730421
chr18	-46	5	2580.0	0.1937984496124031
chr18	-45	6	2625.0	0.2285714285714286
chr18	-44	5	2669.0	0.18733608092918697
chr18	-43	7	2704.0	0.25887573964497046
chr18	-42	3	2735.0	0.10968921389396709
chr18	-41	5	2798.0	0.17869907076483202
chr18	-40	6	2832.0	0.211864406779661
chr18	-39	4	2879.0	0.13893713094824592
chr18	-38	6	2917.0	0.2056907781967775
chr18	-37	3	2967.0	0.10111223458038424
chr18	-36	3	3012.0	0.099601593625498
chr18	-35	29	3055.0	0.9492635024549919
chr18	-34	25	3085.0	0.8103727714748784
chr18	-33	3	3130.0	0.09584664536741214
chr18	-32	12	3179.0	0.3774771940861906
chr18	-31	4	3214.0	0.12445550715619166
chr18	-30	14	3248.0	0.43103448275862066
chr18	-29	6	3278.0	0.18303843807199513
chr18	-28	6	3338.0	0.17974835230677053
chr18	-27	3	3371.0	0.08899436369029962
chr18	-26	9	3402.0	0.26455026455026454
chr18	-25	32	3441.0	0.929962220284801
chr18	-24	4	3490.0	0.1146131805157593
chr18	-23	4	3542.0	0.1129305477131564
chr18	-22	5	3588.0	0.13935340022296544
chr18	-21	6	3641.0	0.16478989288656962
chr18	-20	3	3668.0	0.08178844056706652
chr18	-19	0	3708.0	0.0
chr18	-18	3	3742.0	0.08017103153393908
chr18	-17	26	3786.0	0.6867406233491812
chr18	-16	2	3813.0	0.05245213742460005
chr18	-15	3	3855.0	0.07782101167315175
chr18	-14	5	3913.0	0.1277791975466394
chr18	-13	4	3955.0	0.1011378002528445
chr18	-12	4	3992.0	0.1002004008016032
chr18	-11	8	4025.0	0.1987577639751553
chr18	-10	6	4051.0	0.1481115773882992
chr18	-9	5	4051.0	0.12342631449024932
chr18	-8	26	4051.0	0.6418168353492965
chr18	-7	3	4051.0	0.0740557886941496
chr18	-6	15	4051.0	0.37027894347074797
chr18	-5	5	4051.0	0.12342631449024932
chr18	-4	4	4051.0	0.09874105159219945
chr18	-3	4	4051.0	0.09874105159219945
chr18	-2	3	4051.0	0.0740557886941496
chr18	-1	6	4051.0	0.1481115773882992
chr18	0	38	3970.0	0.9571788413098238
chr18	1	7	3933.0	0.17798118484617342
chr18	2	5	3889.0	0.1285677552069941
chr18	3	9	3846.0	0.234009360374415
chr18	4	8	3799.0	0.21058173203474598
chr18	5	27	3767.0	0.7167507300238917
chr18	6	16	3735.0	0.428380187416332
chr18	7	33	3696.0	0.8928571428571428
chr18	8	9	3642.0	0.2471169686985173
chr18	9	8	3601.0	0.22216051096917525
chr18	10	6	3558.0	0.16863406408094433
chr18	11	5	3529.0	0.14168319637291016
chr18	12	7	3488.0	0.20068807339449543
chr18	13	8	3422.0	0.23378141437755698
chr18	14	4	3373.0	0.11858879335902757
chr18	15	9	3332.0	0.27010804321728693
chr18	16	25	3306.0	0.7562008469449486
chr18	17	9	3278.0	0.2745576571079927
chr18	18	7	3251.0	0.2153183635804368
chr18	19	8	3214.0	0.24891101431238333
chr18	20	9	3167.0	0.2841806125670982
chr18	21	6	3128.0	0.1918158567774936
chr18	22	15	3088.0	0.48575129533678757
chr18	23	5	3039.0	0.16452780519907864
chr18	24	29	3006.0	0.9647371922821024
chr18	25	14	2975.0	0.4705882352941176
chr18	26	6	2944.0	0.20380434782608695
chr18	27	5	2909.0	0.1718803712616019
chr18	28	5	2879.0	0.1736714136853074
chr18	29	18	2848.0	0.6320224719101123
chr18	30	5	2809.0	0.177999288002848
chr18	31	12	2777.0	0.4321209938782859
chr18	32	4	2742.0	0.14587892049598833
chr18	33	1	2706.0	0.03695491500369549
chr18	34	11	2660.0	0.41353383458646614
chr18	35	5	2607.0	0.19179133103183738
chr18	36	5	2572.0	0.19440124416796267
chr18	37	10	2533.0	0.3947887879984209
chr18	38	9	2488.0	0.3617363344051447
chr18	39	5	2448.0	0.20424836601307192
chr18	40	4	2408.0	0.16611295681063123
chr18	41	5	2363.0	0.21159542953872196
chr18	42	6	2326.0	0.2579535683576956
chr18	43	7	2284.0	0.3064798598949212
chr18	44	13	2249.0	0.5780346820809248
chr18	45	6	2202.0	0.2724795640326975
chr18	46	7	2160.0	0.32407407407407407
chr18	47	5	2117.0	0.23618327822390173
chr18	48	19	2080.0	0.9134615384615385
chr18	49	10	2051.0	0.48756704046806437
chr18	50	5	2019.0	0.24764735017335313
chr18	51	1	1980.0	0.050505050505050504
chr18	52	22	1939.0	1.1346054667354306
chr18	53	7	1901.0	0.3682272488164124
chr18	54	7	1861.0	0.37614185921547555
chr18	55	3	1823.0	0.16456390565002743
chr18	56	5	1767.0	0.2829654782116582
chr18	57	15	1714.0	0.8751458576429404
chr18	58	3	1673.0	0.17931858936043038
chr18	59	11	1635.0	0.672782874617737
chr18	60	3	1591.0	0.18856065367693275
chr18	61	9	1563.0	0.5758157389635317
chr18	62	4	1503.0	0.2661343978709248
chr18	63	2	1465.0	0.13651877133105803
chr18	64	1	1420.0	0.07042253521126761
chr18	65	3	1376.0	0.2180232558139535
chr18	66	6	1341.0	0.44742729306487694
chr18	67	3	1309.0	0.2291825821237586
chr18	68	2	1246.0	0.16051364365971107
chr18	69	1	1210.0	0.08264462809917356
chr18	70	6	1163.0	0.5159071367153912
chr18	71	2	1125.0	0.17777777777777778
chr18	72	10	1075.0	0.9302325581395349
chr18	73	3	1031.0	0.2909796314258002
chr18	74	3	989.0	0.3033367037411527
chr18	75	5	959.0	0.5213764337851928
chr18	76	2	916.0	0.21834061135371177
chr18	77	4	869.0	0.46029919447640966
chr18	78	2	833.0	0.24009603841536614
chr18	79	4	796.0	0.5025125628140703
chr18	80	2	767.0	0.2607561929595828
chr18	81	0	709.0	0.0
chr18	82	1	675.0	0.14814814814814814
chr18	83	1	644.0	0.15527950310559005
chr18	84	1	600.0	0.16666666666666669
chr18	85	0	551.0	0.0
chr18	86	2	499.0	0.4008016032064128
chr18	87	1	459.0	0.2178649237472767
chr18	88	0	406.0	0.0
chr18	89	2	366.0	0.546448087431694
chr18	90	1	329.0	0.303951367781155
chr18	91	0	295.0	0.0
chr18	92	1	253.0	0.3952569169960474
chr18	93	0	226.0	0.0
chr18	94	0	184.0	0.0
chr18	95	0	136.0	0.0
chr18	96	0	94.0	0.0
chr18	97	1	57.0	1.7543859649122806
chr18	98	0	25.0	0.0
chr18	99	0	0.0	nan
chr18	100	0	0.0	nan
chr18	101	0	0.0	nan
chr18	102	0	0.0	nan
chr18	103	0	0.0	nan
chr18	104	0	0.0	nan
chr18	105	0	0.0	nan
chr18	106	0	0.0	nan
chr18	107	0	0.0	nan
chr18	108	0	0.0	nan
chr18	109	0	0.0	nan
chr19	-116	0	1.0	0.0
chr19	-115	0	2.0	0.0
chr19	-114	0	2.0	0.0
chr19	-113	0	2.0	0.0
chr19	-112	0	2.0	0.0
chr19	-111	0	3.0	0.0
chr19	-110	0	31.0	0.0
chr19	-109	0	60.0	0.0
chr19	-108	0	88.0	0.0
chr19	-107	1	121.0	0.8264462809917356
chr19	-106	0	157.0	0.0
chr19	-105	0	188.0	0.0
chr19	-104	0	232.0	0.0
chr19	-103	1	262.0	0.38167938931297707
chr19	-102	3	296.0	1.0135135135135136
chr19	-101	0	330.0	0.0
chr19	-100	0	358.0	0.0
chr19	-99	2	378.0	0.5291005291005291
chr19	-98	0	413.0	0.0
chr19	-97	2	445.0	0.44943820224719105
chr19	-96	0	471.0	0.0
chr19	-95	2	515.0	0.3883495145631068
chr19	-94	2	563.0	0.3552397868561279
chr19	-93	0	595.0	0.0
chr19	-92	0	633.0	0.0
chr19	-91	0	664.0	0.0
chr19	-90	2	695.0	0.28776978417266186
chr19	-89	6	733.0	0.8185538881309686
chr19	-88	9	772.0	1.16580310880829
chr19	-87	14	806.0	1.7369727047146404
chr19	-86	3	838.0	0.35799522673031026
chr19	-85	3	867.0	0.34602076124567477
chr19	-84	0	913.0	0.0
chr19	-83	1	956.0	0.10460251046025104
chr19	-82	3	982.0	0.30549898167006106
chr19	-81	1	1024.0	0.09765625
chr19	-80	0	1066.0	0.0
chr19	-79	0	1105.0	0.0
chr19	-78	1	1138.0	0.08787346221441124
chr19	-77	0	1166.0	0.0
chr19	-76	7	1199.0	0.5838198498748958
chr19	-75	3	1230.0	0.24390243902439024
chr19	-74	0	1272.0	0.0
chr19	-73	4	1296.0	0.30864197530864196
chr19	-72	15	1325.0	1.1320754716981132
chr19	-71	0	1364.0	0.0
chr19	-70	1	1400.0	0.07142857142857142
chr19	-69	3	1438.0	0.2086230876216968
chr19	-68	1	1466.0	0.06821282401091405
chr19	-67	0	1491.0	0.0
chr19	-66	7	1512.0	0.4629629629629629
chr19	-65	4	1548.0	0.2583979328165375
chr19	-64	1	1575.0	0.06349206349206349
chr19	-63	2	1603.0	0.12476606363069245
chr19	-62	10	1632.0	0.6127450980392157
chr19	-61	2	1664.0	0.1201923076923077
chr19	-60	2	1703.0	0.11743981209630064
chr19	-59	4	1734.0	0.2306805074971165
chr19	-58	1	1770.0	0.05649717514124294
chr19	-57	5	1803.0	0.27731558513588467
chr19	-56	6	1834.0	0.3271537622682661
chr19	-55	6	1888.0	0.31779661016949157
chr19	-54	0	1928.0	0.0
chr19	-53	21	1957.0	1.0730710270822688
chr19	-52	1	1990.0	0.05025125628140704
chr19	-51	7	2026.0	0.3455083909180652
chr19	-50	2	2070.0	0.0966183574879227
chr19	-49	1	2106.0	0.04748338081671415
chr19	-48	2	2134.0	0.09372071227741331
chr19	-47	4	2160.0	0.1851851851851852
chr19	-46	2	2190.0	0.091324200913242
chr19	-45	2	2207.0	0.09062075215224287
chr19	-44	2	2230.0	0.08968609865470852
chr19	-43	3	2273.0	0.13198416190057194
chr19	-42	4	2301.0	0.1738374619730552
chr19	-41	8	2338.0	0.3421727972626176
chr19	-40	7	2391.0	0.2927645336679214
chr19	-39	17	2429.0	0.699876492383697
chr19	-38	28	2469.0	1.1340623734305386
chr19	-37	7	2512.0	0.2786624203821656
chr19	-36	4	2546.0	0.15710919088766695
chr19	-35	3	2587.0	0.11596443757247778
chr19	-34	4	2625.0	0.1523809523809524
chr19	-33	11	2658.0	0.41384499623777277
chr19	-32	5	2697.0	0.18539117538005193
chr19	-31	2	2739.0	0.07301935012778386
chr19	-30	14	2759.0	0.5074302283436027
chr19	-29	11	2788.0	0.3945480631276901
chr19	-28	5	2838.0	0.1761804087385483
chr19	-27	6	2860.0	0.2097902097902098
chr19	-26	7	2903.0	0.24112986565621772
chr19	-25	16	2942.0	0.5438477226376615
chr19	-24	8	2965.0	0.26981450252951095
chr19	-23	13	2996.0	0.43391188251001334
chr19	-22	29	3031.0	0.9567799406136588
chr19	-21	16	3062.0	0.5225342913128674
chr19	-20	38	3093.0	1.2285806660200453
chr19	-19	19	3122.0	0.6085842408712363
chr19	-18	7	3176.0	0.2204030226700252
chr19	-17	4	3207.0	0.12472715933894606
chr19	-16	5	3240.0	0.15432098765432098
chr19	-15	14	3279.0	0.4269594388533089
chr19	-14	8	3310.0	0.2416918429003021
chr19	-13	5	3339.0	0.1497454327643007
chr19	-12	19	3361.0	0.5653079440642665
chr19	-11	13	3391.0	0.383367738130345
chr19	-10	5	3432.0	0.1456876456876457
chr19	-9	10	3430.0	0.2915451895043732
chr19	-8	19	3430.0	0.5539358600583091
chr19	-7	10	3430.0	0.2915451895043732
chr19	-6	11	3430.0	0.3206997084548105
chr19	-5	8	3432.0	0.2331002331002331
chr19	-4	13	3432.0	0.3787878787878788
chr19	-3	0	3428.0	0.0
chr19	-2	28	3428.0	0.8168028004667445
chr19	-1	12	3416.0	0.351288056206089
chr19	0	0	3357.0	0.0
chr19	1	38	3337.0	1.1387473778843273
chr19	2	11	3303.0	0.3330305782621859
chr19	3	16	3270.0	0.4892966360856269
chr19	4	8	3237.0	0.2471424158171146
chr19	5	15	3194.0	0.469630557294928
chr19	6	11	3164.0	0.347661188369153
chr19	7	23	3130.0	0.7348242811501597
chr19	8	12	3097.0	0.38747174685179203
chr19	9	13	3072.0	0.4231770833333333
chr19	10	13	3051.0	0.42608980662078005
chr19	11	33	3015.0	1.0945273631840797
chr19	12	11	2982.0	0.3688799463447351
chr19	13	11	2952.0	0.37262872628726285
chr19	14	10	2912.0	0.3434065934065934
chr19	15	22	2864.0	0.7681564245810055
chr19	16	6	2830.0	0.21201413427561835
chr19	17	13	2778.0	0.4679625629949604
chr19	18	19	2732.0	0.6954612005856515
chr19	19	24	2701.0	0.8885597926693818
chr19	20	15	2664.0	0.5630630630630631
chr19	21	16	2624.0	0.6097560975609756
chr19	22	5	2590.0	0.19305019305019305
chr19	23	11	2560.0	0.42968750000000006
chr19	24	21	2532.0	0.8293838862559242
chr19	25	13	2504.0	0.5191693290734825
chr19	26	11	2459.0	0.4473363155754371
chr19	27	11	2424.0	0.45379537953795385
chr19	28	26	2394.0	1.086048454469507
chr19	29	10	2352.0	0.4251700680272109
chr19	30	6	2312.0	0.25951557093425603
chr19	31	3	2279.0	0.13163668275559456
chr19	32	12	2252.0	0.5328596802841918
chr19	33	12	2218.0	0.5410279531109108
chr19	34	4	2187.0	0.18289894833104708
chr19	35	12	2142.0	0.5602240896358543
chr19	36	10	2117.0	0.47236655644780345
chr19	37	24	2089.0	1.1488750598372426
chr19	38	27	2052.0	1.3157894736842104
chr19	39	5	2015.0	0.24813895781637718
chr19	40	9	1971.0	0.45662100456621
chr19	41	7	1943.0	0.3602676273803397
chr19	42	12	1919.0	0.6253256904637832
chr19	43	5	1898.0	0.26343519494204426
chr19	44	9	1867.0	0.48205677557579
chr19	45	11	1841.0	0.5975013579576317
chr19	46	11	1812.0	0.6070640176600441
chr19	47	4	1781.0	0.22459292532285235
chr19	48	5	1749.0	0.2858776443682104
chr19	49	13	1709.0	0.7606787595084844
chr19	50	11	1678.0	0.6555423122765197
chr19	51	15	1642.0	0.9135200974421437
chr19	52	11	1612.0	0.6823821339950372
chr19	53	7	1580.0	0.44303797468354433
chr19	54	6	1527.0	0.3929273084479371
chr19	55	4	1488.0	0.2688172043010753
chr19	56	10	1459.0	0.6854009595613434
chr19	57	9	1422.0	0.6329113924050633
chr19	58	7	1385.0	0.5054151624548736
chr19	59	8	1345.0	0.5947955390334573
chr19	60	9	1306.0	0.6891271056661562
chr19	61	19	1279.0	1.4855355746677092
chr19	62	4	1252.0	0.3194888178913738
chr19	63	7	1223.0	0.5723630417007358
chr19	64	4	1206.0	0.33167495854063017
chr19	65	14	1175.0	1.1914893617021276
chr19	66	7	1133.0	0.617828773168579
chr19	67	5	1105.0	0.4524886877828055
chr19	68	13	1067.0	1.218369259606373
chr19	69	4	1024.0	0.390625
chr19	70	6	988.0	0.6072874493927125
chr19	71	10	947.0	1.0559662090813093
chr19	72	3	904.0	0.33185840707964603
chr19	73	2	870.0	0.22988505747126436
chr19	74	11	830.0	1.3253012048192772
chr19	75	5	793.0	0.6305170239596469
chr19	76	4	759.0	0.5270092226613966
chr19	77	1	721.0	0.13869625520110956
chr19	78	2	679.0	0.29455081001472755
chr19	79	4	656.0	0.6097560975609756
chr19	80	2	626.0	0.3194888178913738
chr19	81	2	575.0	0.34782608695652173
chr19	82	3	560.0	0.5357142857142857
chr19	83	6	519.0	1.1560693641618496
chr19	84	2	477.0	0.41928721174004197
chr19	85	4	452.0	0.8849557522123894
chr19	86	9	420.0	2.142857142857143
chr19	87	4	386.0	1.0362694300518136
chr19	88	8	352.0	2.272727272727273
chr19	89	3	315.0	0.9523809523809524
chr19	90	0	288.0	0.0
chr19	91	0	243.0	0.0
chr19	92	0	217.0	0.0
chr19	93	3	188.0	1.5957446808510638
chr19	94	0	150.0	0.0
chr19	95	2	120.0	1.6666666666666667
chr19	96	1	93.0	1.0752688172043012
chr19	97	0	69.0	0.0
chr19	98	0	41.0	0.0
chr19	99	0	0.0	nan
chr19	100	0	0.0	nan
chr19	101	0	0.0	nan
chr19	102	0	0.0	nan
chr19	103	0	0.0	nan
chr19	104	0	0.0	nan
chr19	105	0	0.0	nan
chr19	106	0	0.0	nan
chr19	107	0	0.0	nan
chr19	108	0	0.0	nan
chr19	109	0	0.0	nan
chr19	110	0	0.0	nan
chr19	111	0	0.0	nan
chr19	112	0	0.0	nan
chr19	113	0	0.0	nan
chr19	114	0	0.0	nan
chr21	-111	0	1.0	0.0
chr21	-110	0	29.0	0.0
chr21	-109	0	47.0	0.0
chr21	-108	0	75.0	0.0
chr21	-107	0	103.0	0.0
chr21	-106	2	143.0	1.3986013986013985
chr21	-105	0	173.0	0.0
chr21	-104	1	207.0	0.4830917874396135
chr21	-103	0	251.0	0.0
chr21	-102	1	287.0	0.34843205574912894
chr21	-101	1	319.0	0.3134796238244514
chr21	-100	2	353.0	0.56657223796034
chr21	-99	2	374.0	0.53475935828877
chr21	-98	7	410.0	1.707317073170732
chr21	-97	0	450.0	0.0
chr21	-96	2	485.0	0.4123711340206186
chr21	-95	0	512.0	0.0
chr21	-94	3	527.0	0.5692599620493358
chr21	-93	1	560.0	0.17857142857142858
chr21	-92	11	605.0	1.8181818181818181
chr21	-91	1	633.0	0.1579778830963665
chr21	-90	2	654.0	0.3058103975535168
chr21	-89	0	691.0	0.0
chr21	-88	0	724.0	0.0
chr21	-87	2	753.0	0.2656042496679947
chr21	-86	1	785.0	0.12738853503184713
chr21	-85	0	811.0	0.0
chr21	-84	2	840.0	0.2380952380952381
chr21	-83	2	873.0	0.22909507445589922
chr21	-82	2	910.0	0.21978021978021978
chr21	-81	0	941.0	0.0
chr21	-80	0	978.0	0.0
chr21	-79	2	1010.0	0.19801980198019803
chr21	-78	0	1039.0	0.0
chr21	-77	7	1072.0	0.6529850746268656
chr21	-76	2	1107.0	0.18066847335140018
chr21	-75	5	1139.0	0.4389815627743635
chr21	-74	1	1164.0	0.0859106529209622
chr21	-73	1	1197.0	0.0835421888053467
chr21	-72	2	1233.0	0.16220600162206003
chr21	-71	1	1262.0	0.07923930269413629
chr21	-70	0	1289.0	0.0
chr21	-69	3	1317.0	0.22779043280182232
chr21	-68	2	1342.0	0.14903129657228018
chr21	-67	1	1365.0	0.07326007326007326
chr21	-66	3	1385.0	0.21660649819494585
chr21	-65	2	1410.0	0.14184397163120568
chr21	-64	1	1437.0	0.06958942240779402
chr21	-63	33	1457.0	2.264927934111187
chr21	-62	4	1507.0	0.26542800265428
chr21	-61	2	1540.0	0.12987012987012986
chr21	-60	1	1565.0	0.06389776357827476
chr21	-59	2	1591.0	0.1257071024512885
chr21	-58	1	1636.0	0.061124694376528114
chr21	-57	5	1653.0	0.3024803387779794
chr21	-56	1	1685.0	0.05934718100890207
chr21	-55	10	1714.0	0.5834305717619603
chr21	-54	5	1738.0	0.28768699654775604
chr21	-53	0	1765.0	0.0
chr21	-52	6	1803.0	0.33277870216306155
chr21	-51	17	1830.0	0.9289617486338797
chr21	-50	0	1865.0	0.0
chr21	-49	0	1893.0	0.0
chr21	-48	6	1929.0	0.3110419906687403
chr21	-47	4	1974.0	0.2026342451874367
chr21	-46	2	2001.0	0.09995002498750624
chr21	-45	2	2025.0	0.09876543209876544
chr21	-44	3	2050.0	0.14634146341463414
chr21	-43	0	2069.0	0.0
chr21	-42	3	2101.0	0.14278914802475012
chr21	-41	4	2125.0	0.18823529411764706
chr21	-40	13	2158.0	0.6024096385542169
chr21	-39	3	2175.0	0.13793103448275862
chr21	-38	2	2211.0	0.09045680687471733
chr21	-37	0	2236.0	0.0
chr21	-36	2	2272.0	0.08802816901408451
chr21	-35	16	2295.0	0.6971677559912853
chr21	-34	10	2322.0	0.4306632213608958
chr21	-33	1	2339.0	0.04275331338178709
chr21	-32	2	2373.0	0.08428150021070376
chr21	-31	3	2404.0	0.12479201331114809
chr21	-30	4	2427.0	0.16481252575195715
chr21	-29	8	2464.0	0.3246753246753247
chr21	-28	8	2489.0	0.32141422257934915
chr21	-27	29	2516.0	1.152623211446741
chr21	-26	2	2553.0	0.07833920877399138
chr21	-25	3	2578.0	0.11636927851047324
chr21	-24	8	2605.0	0.3071017274472169
chr21	-23	5	2650.0	0.18867924528301888
chr21	-22	3	2677.0	0.11206574523720583
chr21	-21	5	2714.0	0.18422991893883567
chr21	-20	7	2750.0	0.2545454545454546
chr21	-19	3	2770.0	0.10830324909747292
chr21	-18	6	2801.0	0.21420921099607285
chr21	-17	4	2829.0	0.14139271827500885
chr21	-16	6	2860.0	0.2097902097902098
chr21	-15	4	2890.0	0.13840830449826988
chr21	-14	7	2930.0	0.2389078498293515
chr21	-13	6	2956.0	0.20297699594046006
chr21	-12	3	2985.0	0.10050251256281408
chr21	-11	5	3002.0	0.1665556295802798
chr21	-10	13	3031.0	0.4289013526888816
chr21	-9	16	3031.0	0.5278785879247773
chr21	-8	3	3031.0	0.09897723523589574
chr21	-7	4	3031.0	0.13196964698119432
chr21	-6	4	3031.0	0.13196964698119432
chr21	-5	33	3031.0	1.0887495875948532
chr21	-4	32	3032.0	1.0554089709762533
chr21	-3	5	3032.0	0.16490765171503957
chr21	-2	5	3031.0	0.16496205872649292
chr21	-1	23	3032.0	0.758575197889182
chr21	0	14	2984.0	0.4691689008042895
chr21	1	7	2956.0	0.2368064952638701
chr21	2	7	2928.0	0.23907103825136614
chr21	3	36	2888.0	1.2465373961218837
chr21	4	33	2858.0	1.1546536039188244
chr21	5	14	2824.0	0.49575070821529743
chr21	6	8	2781.0	0.2876663070837828
chr21	7	5	2741.0	0.18241517694272164
chr21	8	22	2711.0	0.8115086683880488
chr21	9	27	2676.0	1.0089686098654709
chr21	10	6	2654.0	0.22607385079125847
chr21	11	12	2619.0	0.45819014891179843
chr21	12	8	2579.0	0.31019775106630476
chr21	13	6	2543.0	0.23594180102241447
chr21	14	13	2516.0	0.5166931637519873
chr21	15	5	2499.0	0.20008003201280514
chr21	16	5	2467.0	0.20267531414673692
chr21	17	5	2422.0	0.20644095788604458
chr21	18	1	2392.0	0.04180602006688963
chr21	19	8	2372.0	0.33726812816188867
chr21	20	8	2334.0	0.34275921165381323
chr21	21	1	2302.0	0.043440486533449174
chr21	22	7	2273.0	0.3079630444346678
chr21	23	8	2241.0	0.35698348951361
chr21	24	3	2214.0	0.13550135501355012
chr21	25	11	2185.0	0.5034324942791762
chr21	26	29	2151.0	1.3482101348210134
chr21	27	6	2114.0	0.28382213812677387
chr21	28	21	2084.0	1.0076775431861804
chr21	29	8	2048.0	0.390625
chr21	30	12	2016.0	0.5952380952380952
chr21	31	5	1987.0	0.25163563160543534
chr21	32	6	1953.0	0.30721966205837176
chr21	33	19	1920.0	0.9895833333333333
chr21	34	23	1889.0	1.2175754367390152
chr21	35	5	1864.0	0.26824034334763946
chr21	36	8	1831.0	0.43691971600218454
chr21	37	3	1795.0	0.1671309192200557
chr21	38	10	1766.0	0.5662514156285391
chr21	39	11	1740.0	0.632183908045977
chr21	40	8	1713.0	0.46701692936368944
chr21	41	8	1687.0	0.4742145820983995
chr21	42	8	1664.0	0.4807692307692308
chr21	43	3	1645.0	0.182370820668693
chr21	44	5	1620.0	0.30864197530864196
chr21	45	3	1592.0	0.18844221105527637
chr21	46	6	1572.0	0.38167938931297707
chr21	47	13	1522.0	0.8541392904073587
chr21	48	7	1489.0	0.47011417058428473
chr21	49	2	1464.0	0.1366120218579235
chr21	50	10	1438.0	0.6954102920723227
chr21	51	8	1393.0	0.574300071787509
chr21	52	2	1376.0	0.14534883720930233
chr21	53	2	1343.0	0.14892032762472077
chr21	54	7	1313.0	0.5331302361005331
chr21	55	4	1289.0	0.3103180760279286
chr21	56	3	1261.0	0.23790642347343377
chr21	57	5	1223.0	0.4088307440719542
chr21	58	9	1196.0	0.7525083612040134
chr21	59	7	1162.0	0.6024096385542169
chr21	60	4	1134.0	0.3527336860670194
chr21	61	9	1097.0	0.8204193254329991
chr21	62	12	1055.0	1.1374407582938388
chr21	63	5	1028.0	0.48638132295719844
chr21	64	4	1003.0	0.3988035892323031
chr21	65	3	979.0	0.30643513789581206
chr21	66	5	956.0	0.5230125523012552
chr21	67	2	924.0	0.21645021645021645
chr21	68	4	902.0	0.4434589800443459
chr21	69	2	870.0	0.22988505747126436
chr21	70	4	852.0	0.4694835680751174
chr21	71	7	817.0	0.8567931456548347
chr21	72	4	792.0	0.5050505050505051
chr21	73	3	756.0	0.3968253968253968
chr21	74	8	732.0	1.092896174863388
chr21	75	5	706.0	0.708215297450425
chr21	76	3	689.0	0.43541364296081275
chr21	77	2	655.0	0.3053435114503817
chr21	78	2	624.0	0.3205128205128205
chr21	79	5	601.0	0.8319467554076538
chr21	80	2	565.0	0.35398230088495575
chr21	81	0	539.0	0.0
chr21	82	2	511.0	0.3913894324853229
chr21	83	2	474.0	0.42194092827004215
chr21	84	2	449.0	0.4454342984409799
chr21	85	5	422.0	1.1848341232227488
chr21	86	3	377.0	0.7957559681697612
chr21	87	1	352.0	0.2840909090909091
chr21	88	2	315.0	0.6349206349206349
chr21	89	2	279.0	0.7168458781362007
chr21	90	3	259.0	1.1583011583011582
chr21	91	2	230.0	0.8695652173913043
chr21	92	0	202.0	0.0
chr21	93	2	171.0	1.1695906432748537
chr21	94	2	141.0	1.4184397163120568
chr21	95	0	100.0	0.0
chr21	96	1	75.0	1.3333333333333335
chr21	97	0	46.0	0.0
chr21	98	1	29.0	3.4482758620689653
chr21	99	0	0.0	nan
chr21	100	0	0.0	nan
chr21	101	0	0.0	nan
chr21	102	0	0.0	nan
chr21	103	0	0.0	nan
chr21	104	0	0.0	nan
chr21	105	0	0.0	nan
chr21	106	0	0.0	nan
chr21	107	0	0.0	nan
chr21	108	0	0.0	nan
chr21	109	0	0.0	nan
chr22	-112	0	1.0	0.0
chr22	-111	0	3.0	0.0
chr22	-110	0	57.0	0.0
chr22	-109	2	100.0	2.0
chr22	-108	0	141.0	0.0
chr22	-107	1	192.0	0.5208333333333333
chr22	-106	0	247.0	0.0
chr22	-105	1	285.0	0.3508771929824561
chr22	-104	0	328.0	0.0
chr22	-103	0	392.0	0.0
chr22	-102	0	461.0	0.0
chr22	-101	1	515.0	0.1941747572815534
chr22	-100	0	555.0	0.0
chr22	-99	0	587.0	0.0
chr22	-98	5	626.0	0.7987220447284344
chr22	-97	0	673.0	0.0
chr22	-96	3	716.0	0.41899441340782123
chr22	-95	1	758.0	0.13192612137203166
chr22	-94	8	810.0	0.9876543209876543
chr22	-93	1	863.0	0.11587485515643105
chr22	-92	4	919.0	0.4352557127312296
chr22	-91	0	964.0	0.0
chr22	-90	2	1001.0	0.1998001998001998
chr22	-89	1	1045.0	0.09569377990430622
chr22	-88	1	1089.0	0.09182736455463728
chr22	-87	0	1141.0	0.0
chr22	-86	7	1179.0	0.5937234944868532
chr22	-85	4	1217.0	0.3286770747740345
chr22	-84	6	1254.0	0.4784688995215311
chr22	-83	3	1294.0	0.23183925811437403
chr22	-82	0	1340.0	0.0
chr22	-81	6	1373.0	0.43699927166788055
chr22	-80	2	1407.0	0.14214641080312723
chr22	-79	2	1458.0	0.1371742112482853
chr22	-78	4	1494.0	0.2677376171352075
chr22	-77	4	1542.0	0.25940337224383914
chr22	-76	1	1599.0	0.06253908692933083
chr22	-75	6	1646.0	0.3645200486026731
chr22	-74	8	1685.0	0.4747774480712166
chr22	-73	1	1731.0	0.05777007510109763
chr22	-72	14	1774.0	0.7891770011273956
chr22	-71	6	1802.0	0.3329633740288568
chr22	-70	5	1846.0	0.27085590465872156
chr22	-69	9	1878.0	0.4792332268370607
chr22	-68	1	1909.0	0.05238344683080147
chr22	-67	6	1973.0	0.30410542321338063
chr22	-66	0	2024.0	0.0
chr22	-65	2	2067.0	0.09675858732462506
chr22	-64	0	2121.0	0.0
chr22	-63	0	2173.0	0.0
chr22	-62	3	2225.0	0.1348314606741573
chr22	-61	3	2258.0	0.1328609388839681
chr22	-60	11	2308.0	0.47660311958405543
chr22	-59	3	2337.0	0.12836970474967907
chr22	-58	6	2398.0	0.25020850708924103
chr22	-57	3	2448.0	0.12254901960784313
chr22	-56	8	2479.0	0.3227107704719645
chr22	-55	1	2529.0	0.039541320680110716
chr22	-54	6	2586.0	0.23201856148491878
chr22	-53	3	2629.0	0.11411182959300115
chr22	-52	5	2684.0	0.18628912071535023
chr22	-51	1	2743.0	0.03645643456069996
chr22	-50	6	2799.0	0.21436227224008575
chr22	-49	9	2842.0	0.3166783954961295
chr22	-48	11	2884.0	0.3814147018030513
chr22	-47	10	2936.0	0.3405994550408719
chr22	-46	1	2978.0	0.0335795836131632
chr22	-45	2	3017.0	0.06629101756711965
chr22	-44	7	3061.0	0.22868343678536426
chr22	-43	4	3105.0	0.12882447665056362
chr22	-42	4	3139.0	0.12742911755336095
chr22	-41	5	3204.0	0.1560549313358302
chr22	-40	3	3243.0	0.09250693802035154
chr22	-39	4	3283.0	0.12183978068839477
chr22	-38	4	3343.0	0.11965300628178283
chr22	-37	3	3393.0	0.08841732979664013
chr22	-36	1	3431.0	0.02914602156805596
chr22	-35	4	3468.0	0.11534025374855825
chr22	-34	8	3520.0	0.22727272727272727
chr22	-33	4	3557.0	0.11245431543435479
chr22	-32	11	3607.0	0.3049625727751594
chr22	-31	13	3655.0	0.35567715458276333
chr22	-30	6	3707.0	0.16185594820609656
chr22	-29	15	3761.0	0.3988300983780909
chr22	-28	6	3799.0	0.1579362990260595
chr22	-27	24	3840.0	0.625
chr22	-26	17	3884.0	0.43769309989701344
chr22	-25	6	3913.0	0.1533350370559673
chr22	-24	2	3978.0	0.050276520864756154
chr22	-23	8	4035.0	0.1982651796778191
chr22	-22	5	4074.0	0.12272950417280314
chr22	-21	10	4120.0	0.24271844660194172
chr22	-20	14	4151.0	0.33726812816188867
chr22	-19	7	4189.0	0.167104320840296
chr22	-18	8	4243.0	0.18854584020740042
chr22	-17	25	4296.0	0.5819366852886406
chr22	-16	10	4344.0	0.23020257826887663
chr22	-15	24	4387.0	0.5470708912696604
chr22	-14	5	4424.0	0.11301989150090416
chr22	-13	22	4474.0	0.49172999552972735
chr22	-12	9	4517.0	0.19924728802302416
chr22	-11	27	4555.0	0.5927552140504939
chr22	-10	6	4589.0	0.13074743952930923
chr22	-9	14	4589.0	0.3050773589017215
chr22	-8	18	4589.0	0.3922423185879277
chr22	-7	8	4589.0	0.1743299193724123
chr22	-6	8	4589.0	0.1743299193724123
chr22	-5	7	4589.0	0.15253867945086075
chr22	-4	4	4589.0	0.08716495968620615
chr22	-3	6	4588.0	0.13077593722755013
chr22	-2	6	4589.0	0.13074743952930923
chr22	-1	10	4589.0	0.21791239921551533
chr22	0	18	4477.0	0.40205494750949294
chr22	1	14	4435.0	0.3156708004509583
chr22	2	14	4385.0	0.31927023945267957
chr22	3	14	4331.0	0.32325098129762175
chr22	4	8	4294.0	0.18630647414997673
chr22	5	22	4250.0	0.5176470588235295
chr22	6	7	4186.0	0.16722408026755853
chr22	7	24	4117.0	0.5829487490891426
chr22	8	10	4063.0	0.24612355402412012
chr22	9	12	4021.0	0.29843322556577967
chr22	10	25	3988.0	0.6268806419257773
chr22	11	17	3950.0	0.43037974683544306
chr22	12	22	3906.0	0.5632360471070148
chr22	13	11	3863.0	0.2847527828112866
chr22	14	31	3820.0	0.8115183246073299
chr22	15	5	3768.0	0.1326963906581741
chr22	16	38	3712.0	1.0237068965517242
chr22	17	13	3658.0	0.3553854565336249
chr22	18	7	3616.0	0.19358407079646017
chr22	19	26	3579.0	0.726459905001397
chr22	20	11	3532.0	0.3114382785956965
chr22	21	11	3489.0	0.31527658354829463
chr22	22	16	3436.0	0.46565774155995343
chr22	23	19	3398.0	0.5591524426133019
chr22	24	9	3349.0	0.26873693639892504
chr22	25	25	3321.0	0.7527853056308341
chr22	26	27	3280.0	0.8231707317073171
chr22	27	14	3235.0	0.4327666151468315
chr22	28	31	3202.0	0.9681449094316054
chr22	29	11	3168.0	0.3472222222222222
chr22	30	31	3117.0	0.9945460378569138
chr22	31	29	3080.0	0.9415584415584415
chr22	32	13	3034.0	0.42847725774555045
chr22	33	15	2977.0	0.5038629492777964
chr22	34	12	2928.0	0.4098360655737705
chr22	35	11	2888.0	0.3808864265927978
chr22	36	16	2843.0	0.5627857896588111
chr22	37	14	2800.0	0.5
chr22	38	11	2772.0	0.3968253968253968
chr22	39	13	2728.0	0.47653958944281527
chr22	40	13	2685.0	0.48417132216014896
chr22	41	7	2653.0	0.2638522427440633
chr22	42	15	2601.0	0.5767012687427913
chr22	43	9	2546.0	0.3534956794972506
chr22	44	7	2503.0	0.2796644027167399
chr22	45	14	2451.0	0.5711954304365565
chr22	46	13	2398.0	0.542118432026689
chr22	47	9	2347.0	0.3834682573498083
chr22	48	15	2314.0	0.648228176318064
chr22	49	14	2264.0	0.6183745583038869
chr22	50	13	2235.0	0.5816554809843401
chr22	51	8	2175.0	0.367816091954023
chr22	52	6	2125.0	0.2823529411764706
chr22	53	7	2090.0	0.3349282296650718
chr22	54	9	2034.0	0.4424778761061947
chr22	55	7	1979.0	0.35371399696816574
chr22	56	4	1942.0	0.20597322348094746
chr22	57	9	1887.0	0.47694753577106513
chr22	58	6	1829.0	0.3280481137233461
chr22	59	6	1773.0	0.338409475465313
chr22	60	3	1732.0	0.17321016166281755
chr22	61	9	1692.0	0.5319148936170213
chr22	62	5	1641.0	0.30469226081657524
chr22	63	6	1597.0	0.37570444583594237
chr22	64	6	1558.0	0.38510911424903727
chr22	65	4	1514.0	0.26420079260237783
chr22	66	7	1471.0	0.4758667573079538
chr22	67	12	1438.0	0.8344923504867872
chr22	68	22	1374.0	1.6011644832605532
chr22	69	4	1335.0	0.299625468164794
chr22	70	3	1297.0	0.2313030069390902
chr22	71	11	1237.0	0.8892481810832661
chr22	72	7	1187.0	0.5897219882055602
chr22	73	15	1146.0	1.3089005235602094
chr22	74	4	1112.0	0.3597122302158274
chr22	75	4	1063.0	0.37629350893697083
chr22	76	5	1025.0	0.4878048780487805
chr22	77	10	975.0	1.0256410256410255
chr22	78	1	926.0	0.10799136069114472
chr22	79	7	873.0	0.8018327605956471
chr22	80	2	819.0	0.2442002442002442
chr22	81	2	781.0	0.2560819462227913
chr22	82	0	740.0	0.0
chr22	83	6	695.0	0.8633093525179856
chr22	84	5	660.0	0.7575757575757576
chr22	85	10	603.0	1.658374792703151
chr22	86	1	548.0	0.18248175182481752
chr22	87	0	509.0	0.0
chr22	88	3	463.0	0.6479481641468683
chr22	89	4	432.0	0.9259259259259258
chr22	90	0	395.0	0.0
chr22	91	1	339.0	0.2949852507374631
chr22	92	4	287.0	1.3937282229965158
chr22	93	3	239.0	1.2552301255230125
chr22	94	5	198.0	2.525252525252525
chr22	95	0	161.0	0.0
chr22	96	0	112.0	0.0
chr22	97	1	68.0	1.4705882352941175
chr22	98	0	32.0	0.0
chr22	99	0	0.0	nan
chr22	100	0	0.0	nan
chr22	101	0	0.0	nan
chr22	102	0	0.0	nan
chr22	103	0	0.0	nan
chr22	104	0	0.0	nan
chr22	105	0	0.0	nan
chr22	106	0	0.0	nan
chr22	107	0	0.0	nan
chr22	108	0	0.0	nan
chr22	109	0	0.0	nan
