chr1	-160	0	0.0	nan
chr1	-159	0	0.0	nan
chr1	-158	0	0.0	nan
chr1	-157	0	0.0	nan
chr1	-156	0	0.0	nan
chr1	-155	0	0.0	nan
chr1	-154	0	0.0	nan
chr1	-153	0	0.0	nan
chr1	-152	0	0.0	nan
chr1	-151	0	0.0	nan
chr1	-150	0	0.0	nan
chr1	-149	0	0.0	nan
chr1	-148	0	0.0	nan
chr1	-147	0	0.0	nan
chr1	-146	0	0.0	nan
chr1	-145	0	0.0	nan
chr1	-144	0	0.0	nan
chr1	-143	0	0.0	nan
chr1	-142	0	0.0	nan
chr1	-141	0	0.0	nan
chr1	-140	0	0.0	nan
chr1	-139	0	1.0	0.0
chr1	-138	0	1.0	0.0
chr1	-137	0	1.0	0.0
chr1	-136	0	1.0	0.0
chr1	-135	0	1.0	0.0
chr1	-134	0	1.0	0.0
chr1	-133	0	1.0	0.0
chr1	-132	0	2.0	0.0
chr1	-131	0	2.0	0.0
chr1	-130	0	2.0	0.0
chr1	-129	0	3.0	0.0
chr1	-128	0	3.0	0.0
chr1	-127	0	3.0	0.0
chr1	-126	0	4.0	0.0
chr1	-125	0	11.0	0.0
chr1	-124	0	22.0	0.0
chr1	-123	0	45.0	0.0
chr1	-122	0	70.0	0.0
chr1	-121	0	108.0	0.0
chr1	-120	0	144.0	0.0
chr1	-119	0	185.0	0.0
chr1	-118	0	229.0	0.0
chr1	-117	1	296.0	0.33783783783783783
chr1	-116	0	371.0	0.0
chr1	-115	1	450.0	0.2222222222222222
chr1	-114	1	549.0	0.18214936247723132
chr1	-113	0	654.0	0.0
chr1	-112	0	768.0	0.0
chr1	-111	2	913.0	0.21905805038335158
chr1	-110	2	1087.0	0.18399264029438822
chr1	-109	1	1244.0	0.08038585209003216
chr1	-108	0	1418.0	0.0
chr1	-107	2	1611.0	0.12414649286157665
chr1	-106	3	1817.0	0.1651073197578426
chr1	-105	6	2019.0	0.2971768202080238
chr1	-104	3	2220.0	0.13513513513513514
chr1	-103	4	2409.0	0.16604400166044
chr1	-102	8	2614.0	0.306044376434583
chr1	-101	4	2870.0	0.13937282229965156
chr1	-100	7	3121.0	0.2242870874719641
chr1	-99	12	3363.0	0.35682426404995543
chr1	-98	7	3628.0	0.19294377067254684
chr1	-97	10	3898.0	0.2565418163160595
chr1	-96	8	4198.0	0.19056693663649357
chr1	-95	7	4474.0	0.15645954403218598
chr1	-94	8	4790.0	0.16701461377870563
chr1	-93	11	5118.0	0.21492770613520906
chr1	-92	11	5421.0	0.20291459140380003
chr1	-91	13	5764.0	0.2255378209576683
chr1	-90	19	6094.0	0.31178208073514935
chr1	-89	15	6396.0	0.23452157598499063
chr1	-88	29	6709.0	0.4322551796094798
chr1	-87	18	7048.0	0.25539160045402953
chr1	-86	30	7385.0	0.4062288422477996
chr1	-85	20	7692.0	0.26001040041601664
chr1	-84	24	8028.0	0.29895366218236175
chr1	-83	14	8364.0	0.1673840267814443
chr1	-82	30	8675.0	0.345821325648415
chr1	-81	21	8985.0	0.23372287145242068
chr1	-80	26	9306.0	0.2793896410917688
chr1	-79	28	9605.0	0.29151483602290473
chr1	-78	29	9882.0	0.2934628617688727
chr1	-77	20	10194.0	0.1961938395134393
chr1	-76	35	10530.0	0.33238366571699907
chr1	-75	40	10858.0	0.3683919690550746
chr1	-74	24	11190.0	0.21447721179624668
chr1	-73	28	11521.0	0.24303445881433905
chr1	-72	24	11833.0	0.20282261472154145
chr1	-71	41	12134.0	0.3378935223339377
chr1	-70	54	12460.0	0.4333868378812199
chr1	-69	33	12789.0	0.2580342481820314
chr1	-68	34	13108.0	0.2593835825450107
chr1	-67	38	13409.0	0.28339175180848686
chr1	-66	31	13724.0	0.22588166715243368
chr1	-65	36	14042.0	0.25637373593505197
chr1	-64	46	14326.0	0.32109451347200896
chr1	-63	24	14647.0	0.16385607974329214
chr1	-62	42	14972.0	0.28052364413572
chr1	-61	45	15261.0	0.29486927462158447
chr1	-60	51	15561.0	0.3277424330055909
chr1	-59	44	15874.0	0.2771828146654908
chr1	-58	63	16165.0	0.3897309000927931
chr1	-57	52	16504.0	0.31507513330101794
chr1	-56	46	16802.0	0.27377693131770026
chr1	-55	64	17111.0	0.37402840278183624
chr1	-54	46	17438.0	0.2637917192338571
chr1	-53	52	17782.0	0.29243054774491056
chr1	-52	62	18089.0	0.3427497374094754
chr1	-51	73	18406.0	0.39660980115179834
chr1	-50	65	18744.0	0.3467776355100299
chr1	-49	60	19099.0	0.31415257343316405
chr1	-48	46	19441.0	0.2366133429350342
chr1	-47	55	19758.0	0.2783682558963458
chr1	-46	59	20071.0	0.29395645458621894
chr1	-45	39	20353.0	0.19161794330074192
chr1	-44	66	20702.0	0.3188097768331562
chr1	-43	53	21026.0	0.2520688671169029
chr1	-42	72	21334.0	0.33748945345457954
chr1	-41	72	21637.0	0.3327633220871655
chr1	-40	89	21940.0	0.4056517775752051
chr1	-39	48	22276.0	0.21547854192853294
chr1	-38	51	22586.0	0.22580359514743648
chr1	-37	76	22884.0	0.3321097710190526
chr1	-36	124	23195.0	0.5345979737012287
chr1	-35	75	23518.0	0.31890466876435075
chr1	-34	84	23832.0	0.35246727089627394
chr1	-33	69	24146.0	0.2857616168309451
chr1	-32	69	24470.0	0.2819779321618308
chr1	-31	96	24816.0	0.3868471953578337
chr1	-30	86	25139.0	0.3420979354787382
chr1	-29	98	25461.0	0.38490239974863516
chr1	-28	65	25769.0	0.25224106484535685
chr1	-27	93	26095.0	0.35639011304847673
chr1	-26	81	26418.0	0.3066091301385419
chr1	-25	104	26712.0	0.3893381251871818
chr1	-24	88	27032.0	0.32554010062148564
chr1	-23	77	27349.0	0.28154594317890963
chr1	-22	99	27649.0	0.35805996600238704
chr1	-21	115	27944.0	0.41153736043515604
chr1	-20	99	28227.0	0.3507280263577426
chr1	-19	77	28555.0	0.26965505165470144
chr1	-18	90	28892.0	0.3115049148553233
chr1	-17	95	29178.0	0.3255877716087463
chr1	-16	129	29442.0	0.4381495822294681
chr1	-15	146	29719.0	0.4912682122547865
chr1	-14	118	30004.0	0.39328089588054926
chr1	-13	99	30324.0	0.3264740799366838
chr1	-12	114	30622.0	0.37228136633792697
chr1	-11	120	30935.0	0.3879101341522547
chr1	-10	99	31265.0	0.3166480089557013
chr1	-9	104	31264.0	0.3326509723643808
chr1	-8	106	31262.0	0.33906979719787605
chr1	-7	115	31262.0	0.3678587422429787
chr1	-6	95	31264.0	0.303863868986694
chr1	-5	123	31268.0	0.39337341691185873
chr1	-4	112	31265.0	0.35822805053574286
chr1	-3	119	31247.0	0.38083656030978974
chr1	-2	122	31270.0	0.3901503038055644
chr1	-1	177	31271.0	0.5660196348054107
chr1	0	469	30417.0	1.5419009106749515
chr1	1	253	30090.0	0.840810900631439
chr1	2	198	29753.0	0.665479111350116
chr1	3	202	29450.0	0.6859083191850595
chr1	4	197	29139.0	0.6760698719928618
chr1	5	195	28791.0	0.6772949880170887
chr1	6	205	28440.0	0.7208157524613221
chr1	7	185	28092.0	0.6585504770041293
chr1	8	171	27813.0	0.6148204077230072
chr1	9	194	27504.0	0.7053519488074462
chr1	10	182	27161.0	0.6700784212657855
chr1	11	189	26810.0	0.7049608355091384
chr1	12	141	26512.0	0.5318346409173205
chr1	13	179	26170.0	0.6839893007260222
chr1	14	168	25847.0	0.6499787209347313
chr1	15	188	25550.0	0.735812133072407
chr1	16	151	25238.0	0.5983041445439417
chr1	17	156	24895.0	0.6266318537859008
chr1	18	154	24557.0	0.6271124323003624
chr1	19	135	24197.0	0.557920403355788
chr1	20	142	23881.0	0.5946149658724509
chr1	21	178	23558.0	0.7555819679089906
chr1	22	155	23236.0	0.6670683422275778
chr1	23	130	22885.0	0.5680576797028621
chr1	24	129	22532.0	0.5725190839694656
chr1	25	129	22187.0	0.5814215531617614
chr1	26	143	21901.0	0.6529382219989954
chr1	27	143	21612.0	0.6616694429020914
chr1	28	132	21291.0	0.6199802733549387
chr1	29	133	20979.0	0.6339673006339673
chr1	30	129	20661.0	0.6243647451720633
chr1	31	143	20364.0	0.702219603221371
chr1	32	144	20029.0	0.7189575116081681
chr1	33	156	19695.0	0.7920792079207921
chr1	34	119	19381.0	0.6140034053970383
chr1	35	162	19066.0	0.8496800587433126
chr1	36	132	18745.0	0.7041877834089091
chr1	37	132	18485.0	0.7140925074384635
chr1	38	138	18189.0	0.7587003133762164
chr1	39	149	17874.0	0.833613069262616
chr1	40	140	17552.0	0.7976298997265269
chr1	41	138	17254.0	0.7998145357598238
chr1	42	94	16950.0	0.5545722713864306
chr1	43	102	16621.0	0.6136814872751339
chr1	44	106	16312.0	0.6498283472290338
chr1	45	119	16005.0	0.7435176507341457
chr1	46	116	15677.0	0.7399374880398035
chr1	47	99	15312.0	0.646551724137931
chr1	48	112	15053.0	0.7440377333421909
chr1	49	114	14749.0	0.7729337582208964
chr1	50	120	14428.0	0.8317161075686166
chr1	51	120	14105.0	0.8507621410847217
chr1	52	77	13803.0	0.5578497428095341
chr1	53	115	13479.0	0.8531790192150753
chr1	54	70	13179.0	0.531148038546172
chr1	55	71	12873.0	0.551541987104793
chr1	56	97	12543.0	0.7733397113928088
chr1	57	116	12205.0	0.9504301515772225
chr1	58	70	11899.0	0.5882847298092276
chr1	59	104	11584.0	0.8977900552486188
chr1	60	74	11293.0	0.6552731780749136
chr1	61	61	10984.0	0.5553532410779315
chr1	62	66	10677.0	0.6181511660578815
chr1	63	75	10373.0	0.723030945724477
chr1	64	61	10071.0	0.6056995333134744
chr1	65	83	9750.0	0.8512820512820513
chr1	66	79	9439.0	0.8369530670621887
chr1	67	62	9100.0	0.6813186813186813
chr1	68	55	8754.0	0.6282842129312315
chr1	69	68	8444.0	0.8053055423969682
chr1	70	73	8121.0	0.8989040758527275
chr1	71	60	7792.0	0.7700205338809034
chr1	72	42	7489.0	0.5608225397249299
chr1	73	47	7164.0	0.6560580681183696
chr1	74	62	6860.0	0.9037900874635568
chr1	75	57	6565.0	0.8682406702208681
chr1	76	34	6291.0	0.5404546177078365
chr1	77	43	5975.0	0.7196652719665272
chr1	78	46	5636.0	0.8161816891412349
chr1	79	46	5317.0	0.865149520406244
chr1	80	36	4995.0	0.7207207207207207
chr1	81	38	4715.0	0.8059384941675505
chr1	82	35	4425.0	0.7909604519774011
chr1	83	35	4156.0	0.8421559191530318
chr1	84	39	3868.0	1.0082730093071355
chr1	85	30	3602.0	0.8328706274292059
chr1	86	24	3333.0	0.7200720072007201
chr1	87	24	3066.0	0.7827788649706457
chr1	88	26	2836.0	0.9167842031029618
chr1	89	20	2581.0	0.7748934521503293
chr1	90	19	2382.0	0.797649034424853
chr1	91	21	2155.0	0.974477958236659
chr1	92	17	1962.0	0.8664627930682977
chr1	93	9	1779.0	0.5059021922428331
chr1	94	13	1576.0	0.8248730964467006
chr1	95	9	1404.0	0.641025641025641
chr1	96	10	1208.0	0.8278145695364238
chr1	97	11	1089.0	1.0101010101010102
chr1	98	8	929.0	0.8611410118406888
chr1	99	9	792.0	1.1363636363636365
chr1	100	8	675.0	1.1851851851851851
chr1	101	1	570.0	0.17543859649122806
chr1	102	3	481.0	0.6237006237006237
chr1	103	3	416.0	0.7211538461538461
chr1	104	1	331.0	0.3021148036253776
chr1	105	3	273.0	1.098901098901099
chr1	106	2	230.0	0.8695652173913043
chr1	107	0	179.0	0.0
chr1	108	1	139.0	0.7194244604316548
chr1	109	0	98.0	0.0
chr1	110	0	62.0	0.0
chr1	111	0	31.0	0.0
chr1	112	0	14.0	0.0
chr1	113	0	6.0	0.0
chr1	114	0	2.0	0.0
chr1	115	0	0.0	nan
chr1	116	0	0.0	nan
chr1	117	0	0.0	nan
chr1	118	0	0.0	nan
chr1	119	0	0.0	nan
chr1	120	0	0.0	nan
chr1	121	0	0.0	nan
chr1	122	0	0.0	nan
chr1	123	0	0.0	nan
chr1	124	0	0.0	nan
chr1	125	0	0.0	nan
chr1	126	0	0.0	nan
chr1	127	0	0.0	nan
chr1	128	0	0.0	nan
chr1	129	0	0.0	nan
chr1	130	0	0.0	nan
chr1	131	0	0.0	nan
chr1	132	0	0.0	nan
chr1	133	0	0.0	nan
chr1	134	0	0.0	nan
chr1	135	0	0.0	nan
chr2	-138	0	2.0	0.0
chr2	-137	0	2.0	0.0
chr2	-136	0	3.0	0.0
chr2	-135	0	3.0	0.0
chr2	-134	0	3.0	0.0
chr2	-133	0	4.0	0.0
chr2	-132	0	4.0	0.0
chr2	-131	0	4.0	0.0
chr2	-130	0	4.0	0.0
chr2	-129	0	4.0	0.0
chr2	-128	0	4.0	0.0
chr2	-127	0	4.0	0.0
chr2	-126	0	6.0	0.0
chr2	-125	0	9.0	0.0
chr2	-124	0	13.0	0.0
chr2	-123	0	18.0	0.0
chr2	-122	0	34.0	0.0
chr2	-121	0	54.0	0.0
chr2	-120	0	72.0	0.0
chr2	-119	0	94.0	0.0
chr2	-118	0	123.0	0.0
chr2	-117	0	151.0	0.0
chr2	-116	0	186.0	0.0
chr2	-115	0	229.0	0.0
chr2	-114	0	276.0	0.0
chr2	-113	0	321.0	0.0
chr2	-112	0	390.0	0.0
chr2	-111	0	462.0	0.0
chr2	-110	0	536.0	0.0
chr2	-109	0	595.0	0.0
chr2	-108	0	684.0	0.0
chr2	-107	4	780.0	0.5128205128205128
chr2	-106	0	865.0	0.0
chr2	-105	0	957.0	0.0
chr2	-104	4	1049.0	0.3813155386081983
chr2	-103	3	1149.0	0.26109660574412535
chr2	-102	0	1263.0	0.0
chr2	-101	3	1369.0	0.2191380569758948
chr2	-100	4	1465.0	0.27303754266211605
chr2	-99	3	1573.0	0.19071837253655435
chr2	-98	3	1700.0	0.17647058823529413
chr2	-97	3	1829.0	0.16402405686167304
chr2	-96	6	1960.0	0.30612244897959184
chr2	-95	6	2077.0	0.2888781896966779
chr2	-94	3	2207.0	0.1359311282283643
chr2	-93	2	2323.0	0.08609556607834697
chr2	-92	3	2471.0	0.12140833670578711
chr2	-91	1	2596.0	0.038520801232665644
chr2	-90	5	2734.0	0.18288222384784197
chr2	-89	7	2869.0	0.24398745207389336
chr2	-88	5	3008.0	0.16622340425531915
chr2	-87	11	3152.0	0.3489847715736041
chr2	-86	5	3289.0	0.15202189115232592
chr2	-85	7	3427.0	0.20426028596440038
chr2	-84	14	3540.0	0.39548022598870053
chr2	-83	7	3675.0	0.19047619047619047
chr2	-82	5	3827.0	0.1306506401881369
chr2	-81	5	3971.0	0.12591286829513976
chr2	-80	12	4097.0	0.2928972418843056
chr2	-79	11	4219.0	0.2607252903531643
chr2	-78	4	4350.0	0.09195402298850575
chr2	-77	9	4496.0	0.2001779359430605
chr2	-76	8	4639.0	0.17245095925846088
chr2	-75	3	4774.0	0.06284038542103058
chr2	-74	5	4923.0	0.10156408693885843
chr2	-73	5	5089.0	0.09825112988799373
chr2	-72	11	5232.0	0.2102446483180428
chr2	-71	10	5370.0	0.186219739292365
chr2	-70	13	5513.0	0.23580627607473248
chr2	-69	11	5640.0	0.1950354609929078
chr2	-68	13	5782.0	0.2248356969906607
chr2	-67	14	5930.0	0.2360876897133221
chr2	-66	9	6089.0	0.1478075217605518
chr2	-65	9	6246.0	0.1440922190201729
chr2	-64	21	6399.0	0.32817627754336615
chr2	-63	18	6534.0	0.27548209366391185
chr2	-62	14	6667.0	0.20998950052497373
chr2	-61	26	6805.0	0.38207200587803086
chr2	-60	13	6940.0	0.18731988472622477
chr2	-59	7	7058.0	0.09917823746103713
chr2	-58	16	7167.0	0.2232454304450956
chr2	-57	23	7303.0	0.3149390661372039
chr2	-56	12	7446.0	0.16116035455278002
chr2	-55	16	7596.0	0.210637177461822
chr2	-54	14	7710.0	0.1815823605706874
chr2	-53	11	7848.0	0.1401630988786952
chr2	-52	12	7987.0	0.15024414673845
chr2	-51	21	8122.0	0.25855700566362966
chr2	-50	13	8263.0	0.1573278470289241
chr2	-49	29	8394.0	0.3454848701453419
chr2	-48	17	8544.0	0.19897003745318353
chr2	-47	24	8681.0	0.2764658449487386
chr2	-46	44	8805.0	0.4997160704145372
chr2	-45	19	8938.0	0.21257552025061532
chr2	-44	22	9071.0	0.24253114320361593
chr2	-43	10	9232.0	0.10831889081455806
chr2	-42	26	9373.0	0.27739251040221913
chr2	-41	22	9517.0	0.2311652831774719
chr2	-40	22	9681.0	0.22724925111042246
chr2	-39	23	9802.0	0.23464599061416036
chr2	-38	22	9946.0	0.22119445003016286
chr2	-37	15	10093.0	0.14861785395818883
chr2	-36	32	10197.0	0.3138177895459449
chr2	-35	23	10324.0	0.22278186749321968
chr2	-34	24	10470.0	0.2292263610315186
chr2	-33	24	10604.0	0.2263296869105998
chr2	-32	19	10745.0	0.17682643089809214
chr2	-31	15	10882.0	0.13784230839919132
chr2	-30	39	11015.0	0.35406264185201997
chr2	-29	19	11150.0	0.17040358744394618
chr2	-28	32	11287.0	0.2835120049614601
chr2	-27	10	11438.0	0.08742787200559538
chr2	-26	30	11580.0	0.2590673575129534
chr2	-25	23	11713.0	0.19636301545291557
chr2	-24	43	11857.0	0.3626549717466475
chr2	-23	23	12007.0	0.19155492629299575
chr2	-22	27	12135.0	0.22249690976514214
chr2	-21	19	12269.0	0.15486184693129024
chr2	-20	18	12379.0	0.14540754503594797
chr2	-19	23	12510.0	0.1838529176658673
chr2	-18	39	12642.0	0.3084954912197437
chr2	-17	31	12799.0	0.24220642237674816
chr2	-16	33	12922.0	0.2553784243925089
chr2	-15	41	13050.0	0.31417624521072796
chr2	-14	34	13180.0	0.25796661608497723
chr2	-13	37	13318.0	0.27781949241627873
chr2	-12	21	13461.0	0.15600624024961
chr2	-11	39	13573.0	0.2873351506667649
chr2	-10	34	13688.0	0.2483927527761543
chr2	-9	42	13693.0	0.3067260644124735
chr2	-8	42	13691.0	0.3067708713753561
chr2	-7	52	13693.0	0.37975607974877673
chr2	-6	15	13695.0	0.10952902519167579
chr2	-5	30	13694.0	0.21907404702789543
chr2	-4	62	13690.0	0.4528853177501826
chr2	-3	29	13691.0	0.2118179826163173
chr2	-2	46	13695.0	0.3358890105878058
chr2	-1	74	13693.0	0.5404221134886439
chr2	0	217	13291.0	1.6326837709728388
chr2	1	109	13153.0	0.8287082794799665
chr2	2	59	12980.0	0.45454545454545453
chr2	3	92	12829.0	0.7171252630758438
chr2	4	90	12707.0	0.7082710317148029
chr2	5	67	12583.0	0.5324644361440038
chr2	6	91	12440.0	0.7315112540192926
chr2	7	74	12303.0	0.6014793139884581
chr2	8	69	12178.0	0.5665955000821152
chr2	9	72	12037.0	0.5981556866328819
chr2	10	67	11897.0	0.563167185004623
chr2	11	73	11774.0	0.6200101919483608
chr2	12	67	11611.0	0.5770390147274137
chr2	13	51	11479.0	0.44428957226239224
chr2	14	69	11345.0	0.6081974438078449
chr2	15	62	11175.0	0.5548098434004475
chr2	16	68	11032.0	0.6163886874546773
chr2	17	61	10897.0	0.5597870973662475
chr2	18	66	10762.0	0.613268909124698
chr2	19	52	10627.0	0.4893196574762398
chr2	20	48	10479.0	0.45805897509304316
chr2	21	48	10345.0	0.4639922667955534
chr2	22	66	10198.0	0.6471857226907237
chr2	23	55	10054.0	0.5470459518599562
chr2	24	52	9935.0	0.5234021137393055
chr2	25	62	9780.0	0.6339468302658486
chr2	26	43	9658.0	0.4452267550217436
chr2	27	59	9516.0	0.6200084068936528
chr2	28	69	9403.0	0.7338083590343507
chr2	29	53	9259.0	0.5724160276487742
chr2	30	42	9126.0	0.46022353714661407
chr2	31	53	8990.0	0.5895439377085651
chr2	32	62	8840.0	0.7013574660633485
chr2	33	62	8697.0	0.7128895021271703
chr2	34	51	8566.0	0.5953770721456922
chr2	35	65	8422.0	0.7717881738304441
chr2	36	53	8294.0	0.6390161562575355
chr2	37	42	8149.0	0.5154006626579949
chr2	38	59	8008.0	0.7367632367632369
chr2	39	55	7837.0	0.7017991578410105
chr2	40	47	7705.0	0.6099935107073329
chr2	41	40	7560.0	0.5291005291005291
chr2	42	32	7426.0	0.43091839482897926
chr2	43	53	7297.0	0.7263258873509661
chr2	44	54	7154.0	0.7548224769359799
chr2	45	65	7008.0	0.9275114155251141
chr2	46	53	6878.0	0.7705728409421343
chr2	47	43	6744.0	0.6376037959667853
chr2	48	34	6617.0	0.51382801873961
chr2	49	57	6481.0	0.8794939052615337
chr2	50	52	6355.0	0.8182533438237608
chr2	51	45	6233.0	0.7219637413765442
chr2	52	28	6100.0	0.45901639344262296
chr2	53	46	5977.0	0.7696168646478165
chr2	54	32	5848.0	0.5471956224350205
chr2	55	33	5703.0	0.578642819568648
chr2	56	41	5568.0	0.7363505747126436
chr2	57	40	5439.0	0.7354293068578783
chr2	58	23	5296.0	0.4342900302114804
chr2	59	19	5157.0	0.3684312584836145
chr2	60	37	5023.0	0.7366115867011745
chr2	61	30	4887.0	0.6138735420503376
chr2	62	31	4753.0	0.6522196507468967
chr2	63	54	4620.0	1.1688311688311688
chr2	64	24	4468.0	0.5371530886302597
chr2	65	38	4353.0	0.8729611762003215
chr2	66	28	4180.0	0.6698564593301436
chr2	67	35	4031.0	0.8682709005209625
chr2	68	20	3884.0	0.5149330587023687
chr2	69	23	3766.0	0.6107275624004248
chr2	70	24	3620.0	0.6629834254143646
chr2	71	24	3508.0	0.6841505131128849
chr2	72	29	3375.0	0.8592592592592593
chr2	73	15	3233.0	0.46396535725332505
chr2	74	20	3115.0	0.6420545746388443
chr2	75	19	2993.0	0.6348145673237554
chr2	76	19	2849.0	0.666900666900667
chr2	77	18	2715.0	0.6629834254143646
chr2	78	18	2589.0	0.6952491309385863
chr2	79	4	2463.0	0.16240357287860333
chr2	80	16	2320.0	0.6896551724137931
chr2	81	20	2190.0	0.91324200913242
chr2	82	12	2062.0	0.5819592628516004
chr2	83	23	1926.0	1.1941848390446521
chr2	84	13	1799.0	0.7226236798221234
chr2	85	10	1660.0	0.6024096385542169
chr2	86	14	1563.0	0.8957133717210494
chr2	87	13	1443.0	0.9009009009009009
chr2	88	6	1332.0	0.45045045045045046
chr2	89	8	1236.0	0.6472491909385114
chr2	90	5	1135.0	0.4405286343612335
chr2	91	4	1040.0	0.38461538461538464
chr2	92	4	929.0	0.4305705059203444
chr2	93	8	838.0	0.9546539379474941
chr2	94	6	761.0	0.7884362680683311
chr2	95	7	671.0	1.0432190760059614
chr2	96	2	604.0	0.33112582781456956
chr2	97	8	537.0	1.48975791433892
chr2	98	4	483.0	0.8281573498964804
chr2	99	3	412.0	0.7281553398058253
chr2	100	3	349.0	0.8595988538681949
chr2	101	1	299.0	0.33444816053511706
chr2	102	1	249.0	0.4016064257028112
chr2	103	2	201.0	0.9950248756218906
chr2	104	1	165.0	0.6060606060606061
chr2	105	1	134.0	0.7462686567164178
chr2	106	0	98.0	0.0
chr2	107	0	74.0	0.0
chr2	108	0	52.0	0.0
chr2	109	1	45.0	2.2222222222222223
chr2	110	0	32.0	0.0
chr2	111	0	19.0	0.0
chr2	112	0	9.0	0.0
chr2	113	0	6.0	0.0
chr2	114	0	2.0	0.0
chr2	115	0	0.0	nan
chr2	116	0	0.0	nan
chr2	117	0	0.0	nan
chr2	118	0	0.0	nan
chr2	119	0	0.0	nan
chr2	120	0	0.0	nan
chr2	121	0	0.0	nan
chr2	122	0	0.0	nan
chr2	123	0	0.0	nan
chr2	124	0	0.0	nan
chr2	125	0	0.0	nan
chr2	126	0	0.0	nan
chr3	-125	0	1.0	0.0
chr3	-124	0	5.0	0.0
chr3	-123	0	7.0	0.0
chr3	-122	0	9.0	0.0
chr3	-121	0	16.0	0.0
chr3	-120	0	18.0	0.0
chr3	-119	0	31.0	0.0
chr3	-118	0	35.0	0.0
chr3	-117	0	53.0	0.0
chr3	-116	0	65.0	0.0
chr3	-115	0	84.0	0.0
chr3	-114	1	110.0	0.9090909090909091
chr3	-113	0	138.0	0.0
chr3	-112	0	169.0	0.0
chr3	-111	1	204.0	0.49019607843137253
chr3	-110	0	234.0	0.0
chr3	-109	0	265.0	0.0
chr3	-108	1	295.0	0.3389830508474576
chr3	-107	0	334.0	0.0
chr3	-106	1	376.0	0.26595744680851063
chr3	-105	1	411.0	0.24330900243309003
chr3	-104	1	450.0	0.2222222222222222
chr3	-103	3	488.0	0.6147540983606558
chr3	-102	2	531.0	0.3766478342749529
chr3	-101	0	580.0	0.0
chr3	-100	0	626.0	0.0
chr3	-99	0	674.0	0.0
chr3	-98	0	719.0	0.0
chr3	-97	1	774.0	0.12919896640826875
chr3	-96	1	826.0	0.12106537530266344
chr3	-95	2	886.0	0.2257336343115124
chr3	-94	2	944.0	0.211864406779661
chr3	-93	3	1002.0	0.29940119760479045
chr3	-92	1	1056.0	0.0946969696969697
chr3	-91	3	1116.0	0.2688172043010753
chr3	-90	3	1164.0	0.25773195876288657
chr3	-89	0	1215.0	0.0
chr3	-88	6	1269.0	0.4728132387706856
chr3	-87	4	1332.0	0.3003003003003003
chr3	-86	3	1403.0	0.21382751247327159
chr3	-85	4	1454.0	0.2751031636863824
chr3	-84	1	1520.0	0.06578947368421052
chr3	-83	6	1575.0	0.38095238095238093
chr3	-82	1	1627.0	0.06146281499692685
chr3	-81	4	1688.0	0.23696682464454977
chr3	-80	4	1751.0	0.2284408909194746
chr3	-79	4	1817.0	0.2201430930104568
chr3	-78	13	1882.0	0.6907545164718385
chr3	-77	4	1950.0	0.20512820512820512
chr3	-76	5	2006.0	0.24925224327018944
chr3	-75	5	2074.0	0.2410800385728062
chr3	-74	7	2141.0	0.3269500233535731
chr3	-73	3	2198.0	0.13648771610555052
chr3	-72	0	2273.0	0.0
chr3	-71	3	2334.0	0.12853470437017994
chr3	-70	6	2409.0	0.24906600249066002
chr3	-69	7	2479.0	0.28237192416296897
chr3	-68	2	2540.0	0.07874015748031496
chr3	-67	2	2607.0	0.07671653241273495
chr3	-66	5	2666.0	0.1875468867216804
chr3	-65	3	2724.0	0.11013215859030838
chr3	-64	3	2786.0	0.10768126346015792
chr3	-63	10	2859.0	0.3497726477789437
chr3	-62	3	2936.0	0.10217983651226158
chr3	-61	2	2991.0	0.06686726847208291
chr3	-60	5	3065.0	0.1631321370309951
chr3	-59	11	3124.0	0.35211267605633806
chr3	-58	10	3163.0	0.3161555485298767
chr3	-57	11	3219.0	0.3417210313762038
chr3	-56	9	3275.0	0.2748091603053435
chr3	-55	16	3328.0	0.4807692307692308
chr3	-54	14	3387.0	0.41334514319456744
chr3	-53	6	3431.0	0.17487612940833577
chr3	-52	5	3495.0	0.14306151645207438
chr3	-51	7	3564.0	0.1964085297418631
chr3	-50	8	3622.0	0.22087244616234128
chr3	-49	9	3676.0	0.24483133841131663
chr3	-48	6	3744.0	0.16025641025641024
chr3	-47	6	3814.0	0.15731515469323545
chr3	-46	5	3872.0	0.1291322314049587
chr3	-45	8	3917.0	0.20423793719683433
chr3	-44	24	3975.0	0.6037735849056604
chr3	-43	20	4050.0	0.49382716049382713
chr3	-42	11	4119.0	0.2670551104637048
chr3	-41	5	4171.0	0.11987532965715655
chr3	-40	9	4215.0	0.21352313167259787
chr3	-39	13	4264.0	0.3048780487804878
chr3	-38	6	4337.0	0.1383444777495965
chr3	-37	6	4386.0	0.13679890560875513
chr3	-36	16	4446.0	0.3598740440845704
chr3	-35	9	4507.0	0.19968937208786333
chr3	-34	22	4553.0	0.48319789150010983
chr3	-33	9	4621.0	0.19476303830339753
chr3	-32	19	4687.0	0.40537657350117345
chr3	-31	13	4740.0	0.27426160337552746
chr3	-30	13	4794.0	0.2711722987067167
chr3	-29	22	4872.0	0.45155993431855496
chr3	-28	16	4941.0	0.32382108884841126
chr3	-27	8	4986.0	0.1604492579221821
chr3	-26	4	5038.0	0.07939658594680428
chr3	-25	11	5083.0	0.21640763328742868
chr3	-24	13	5145.0	0.2526724975704568
chr3	-23	10	5211.0	0.19190174630589138
chr3	-22	6	5276.0	0.11372251705837756
chr3	-21	17	5334.0	0.31871016122984624
chr3	-20	14	5376.0	0.26041666666666663
chr3	-19	32	5439.0	0.5883434454863027
chr3	-18	29	5499.0	0.5273686124749954
chr3	-17	11	5553.0	0.1980911219160814
chr3	-16	18	5615.0	0.32056990204808544
chr3	-15	18	5660.0	0.3180212014134276
chr3	-14	15	5718.0	0.26232948583420773
chr3	-13	13	5770.0	0.22530329289428075
chr3	-12	20	5826.0	0.3432887058015791
chr3	-11	13	5894.0	0.22056328469630132
chr3	-10	11	5936.0	0.1853099730458221
chr3	-9	17	5938.0	0.2862916807005726
chr3	-8	21	5938.0	0.3536544291007073
chr3	-7	6	5938.0	0.10104412260020208
chr3	-6	19	5938.0	0.31997305490063993
chr3	-5	16	5940.0	0.26936026936026936
chr3	-4	18	5931.0	0.30349013657056145
chr3	-3	33	5938.0	0.5557426743011116
chr3	-2	22	5941.0	0.370308028951355
chr3	-1	42	5941.0	0.706951691634405
chr3	0	129	5766.0	2.237252861602497
chr3	1	48	5708.0	0.8409250175192713
chr3	2	84	5632.0	1.4914772727272727
chr3	3	33	5565.0	0.5929919137466307
chr3	4	30	5523.0	0.5431830526887561
chr3	5	45	5467.0	0.8231205414304006
chr3	6	22	5409.0	0.4067295248659641
chr3	7	39	5359.0	0.7277477141257698
chr3	8	30	5298.0	0.5662514156285391
chr3	9	34	5226.0	0.6505931879066207
chr3	10	34	5163.0	0.6585318613209374
chr3	11	36	5097.0	0.7062978222483813
chr3	12	22	5032.0	0.43720190779014306
chr3	13	28	4989.0	0.5612347163760273
chr3	14	30	4932.0	0.6082725060827251
chr3	15	35	4878.0	0.7175071750717508
chr3	16	24	4815.0	0.4984423676012461
chr3	17	59	4762.0	1.2389752204955902
chr3	18	36	4706.0	0.764980875478113
chr3	19	26	4655.0	0.5585392051557465
chr3	20	31	4590.0	0.6753812636165577
chr3	21	17	4544.0	0.37411971830985913
chr3	22	33	4487.0	0.7354579897481613
chr3	23	22	4428.0	0.49683830171635046
chr3	24	24	4356.0	0.5509641873278237
chr3	25	21	4297.0	0.4887130556202001
chr3	26	33	4231.0	0.779957456865989
chr3	27	36	4155.0	0.8664259927797834
chr3	28	31	4072.0	0.7612966601178782
chr3	29	25	4014.0	0.6228201295465869
chr3	30	34	3950.0	0.8607594936708861
chr3	31	26	3887.0	0.6688963210702341
chr3	32	25	3811.0	0.6559958016268695
chr3	33	22	3748.0	0.5869797225186766
chr3	34	22	3675.0	0.5986394557823129
chr3	35	27	3625.0	0.7448275862068966
chr3	36	22	3566.0	0.616937745372967
chr3	37	20	3517.0	0.5686664771111744
chr3	38	28	3456.0	0.8101851851851851
chr3	39	9	3398.0	0.26486168334314303
chr3	40	23	3338.0	0.689035350509287
chr3	41	20	3265.0	0.6125574272588056
chr3	42	21	3213.0	0.6535947712418301
chr3	43	23	3163.0	0.7271577616187164
chr3	44	15	3103.0	0.4834031582339671
chr3	45	15	3023.0	0.49619583195501155
chr3	46	15	2955.0	0.5076142131979695
chr3	47	18	2884.0	0.624133148404993
chr3	48	21	2836.0	0.7404795486600846
chr3	49	25	2775.0	0.9009009009009009
chr3	50	14	2723.0	0.5141388174807198
chr3	51	15	2664.0	0.5630630630630631
chr3	52	15	2611.0	0.5744925315970892
chr3	53	18	2568.0	0.7009345794392523
chr3	54	16	2505.0	0.6387225548902196
chr3	55	16	2450.0	0.653061224489796
chr3	56	16	2395.0	0.6680584551148225
chr3	57	22	2336.0	0.9417808219178082
chr3	58	10	2283.0	0.4380201489268506
chr3	59	11	2204.0	0.49909255898366606
chr3	60	13	2149.0	0.604932526756631
chr3	61	12	2084.0	0.5758157389635317
chr3	62	10	2017.0	0.495785820525533
chr3	63	7	1953.0	0.35842293906810035
chr3	64	16	1900.0	0.8421052631578947
chr3	65	10	1841.0	0.5431830526887561
chr3	66	9	1797.0	0.5008347245409015
chr3	67	6	1739.0	0.3450258769407705
chr3	68	10	1682.0	0.5945303210463734
chr3	69	14	1632.0	0.857843137254902
chr3	70	14	1577.0	0.8877615726062142
chr3	71	6	1520.0	0.39473684210526316
chr3	72	7	1467.0	0.47716428084526247
chr3	73	6	1391.0	0.4313443565780014
chr3	74	11	1320.0	0.8333333333333334
chr3	75	9	1265.0	0.7114624505928854
chr3	76	3	1207.0	0.24855012427506215
chr3	77	8	1148.0	0.6968641114982579
chr3	78	4	1096.0	0.36496350364963503
chr3	79	9	1035.0	0.8695652173913043
chr3	80	3	974.0	0.3080082135523614
chr3	81	8	919.0	0.8705114254624592
chr3	82	6	876.0	0.684931506849315
chr3	83	3	816.0	0.3676470588235294
chr3	84	4	745.0	0.5369127516778524
chr3	85	2	695.0	0.28776978417266186
chr3	86	4	647.0	0.6182380216383307
chr3	87	2	591.0	0.338409475465313
chr3	88	1	545.0	0.1834862385321101
chr3	89	6	497.0	1.2072434607645874
chr3	90	4	459.0	0.8714596949891068
chr3	91	2	417.0	0.4796163069544364
chr3	92	2	380.0	0.5263157894736842
chr3	93	0	336.0	0.0
chr3	94	2	313.0	0.6389776357827476
chr3	95	1	286.0	0.34965034965034963
chr3	96	1	257.0	0.38910505836575876
chr3	97	0	227.0	0.0
chr3	98	0	200.0	0.0
chr3	99	0	171.0	0.0
chr3	100	1	138.0	0.7246376811594203
chr3	101	2	124.0	1.6129032258064515
chr3	102	0	107.0	0.0
chr3	103	1	91.0	1.098901098901099
chr3	104	0	69.0	0.0
chr3	105	0	54.0	0.0
chr3	106	0	39.0	0.0
chr3	107	0	32.0	0.0
chr3	108	0	24.0	0.0
chr3	109	0	13.0	0.0
chr3	110	0	8.0	0.0
chr3	111	0	5.0	0.0
chr3	112	0	1.0	0.0
chr3	113	0	0.0	nan
chr3	114	0	0.0	nan
chr3	115	0	0.0	nan
chr3	116	0	0.0	nan
chr3	117	0	0.0	nan
chr3	118	0	0.0	nan
chr3	119	0	0.0	nan
chr3	120	0	0.0	nan
chr3	121	0	0.0	nan
chr3	122	0	0.0	nan
chr3	123	0	0.0	nan
chr4	-123	0	2.0	0.0
chr4	-122	0	4.0	0.0
chr4	-121	0	10.0	0.0
chr4	-120	0	16.0	0.0
chr4	-119	0	25.0	0.0
chr4	-118	0	37.0	0.0
chr4	-117	0	44.0	0.0
chr4	-116	1	50.0	2.0
chr4	-115	0	65.0	0.0
chr4	-114	0	82.0	0.0
chr4	-113	0	94.0	0.0
chr4	-112	0	109.0	0.0
chr4	-111	0	125.0	0.0
chr4	-110	0	146.0	0.0
chr4	-109	0	175.0	0.0
chr4	-108	0	191.0	0.0
chr4	-107	0	213.0	0.0
chr4	-106	0	239.0	0.0
chr4	-105	0	264.0	0.0
chr4	-104	2	296.0	0.6756756756756757
chr4	-103	0	319.0	0.0
chr4	-102	0	359.0	0.0
chr4	-101	0	397.0	0.0
chr4	-100	0	434.0	0.0
chr4	-99	0	465.0	0.0
chr4	-98	2	495.0	0.40404040404040403
chr4	-97	0	536.0	0.0
chr4	-96	0	578.0	0.0
chr4	-95	2	623.0	0.32102728731942215
chr4	-94	0	661.0	0.0
chr4	-93	0	698.0	0.0
chr4	-92	2	744.0	0.2688172043010753
chr4	-91	4	783.0	0.5108556832694764
chr4	-90	0	836.0	0.0
chr4	-89	1	876.0	0.1141552511415525
chr4	-88	4	914.0	0.437636761487965
chr4	-87	2	962.0	0.2079002079002079
chr4	-86	2	1002.0	0.19960079840319359
chr4	-85	0	1052.0	0.0
chr4	-84	2	1105.0	0.18099547511312217
chr4	-83	0	1148.0	0.0
chr4	-82	5	1194.0	0.41876046901172526
chr4	-81	3	1237.0	0.2425222312045271
chr4	-80	0	1278.0	0.0
chr4	-79	6	1315.0	0.45627376425855515
chr4	-78	1	1357.0	0.07369196757553427
chr4	-77	6	1407.0	0.42643923240938164
chr4	-76	1	1451.0	0.06891798759476223
chr4	-75	3	1502.0	0.1997336884154461
chr4	-74	1	1541.0	0.06489292667099286
chr4	-73	3	1591.0	0.18856065367693275
chr4	-72	1	1635.0	0.06116207951070336
chr4	-71	6	1683.0	0.35650623885918004
chr4	-70	6	1721.0	0.3486345148169669
chr4	-69	0	1753.0	0.0
chr4	-68	5	1802.0	0.27746947835738067
chr4	-67	2	1855.0	0.1078167115902965
chr4	-66	3	1900.0	0.15789473684210525
chr4	-65	9	1936.0	0.46487603305785125
chr4	-64	4	1976.0	0.20242914979757085
chr4	-63	10	2013.0	0.49677098857426727
chr4	-62	4	2057.0	0.19445794846864364
chr4	-61	1	2098.0	0.047664442326024785
chr4	-60	1	2136.0	0.04681647940074907
chr4	-59	7	2164.0	0.32347504621072093
chr4	-58	9	2225.0	0.40449438202247195
chr4	-57	6	2263.0	0.26513477684489617
chr4	-56	2	2308.0	0.08665511265164644
chr4	-55	11	2332.0	0.4716981132075472
chr4	-54	2	2384.0	0.08389261744966443
chr4	-53	2	2413.0	0.08288437629506838
chr4	-52	2	2459.0	0.08133387555917039
chr4	-51	2	2507.0	0.07977662544874352
chr4	-50	1	2541.0	0.03935458480913026
chr4	-49	4	2586.0	0.15467904098994587
chr4	-48	0	2624.0	0.0
chr4	-47	3	2685.0	0.11173184357541899
chr4	-46	4	2721.0	0.1470047776552738
chr4	-45	5	2761.0	0.18109380659181454
chr4	-44	9	2809.0	0.3203987184051264
chr4	-43	12	2855.0	0.42031523642732055
chr4	-42	1	2895.0	0.03454231433506045
chr4	-41	4	2924.0	0.13679890560875513
chr4	-40	1	2977.0	0.03359086328518643
chr4	-39	8	3016.0	0.2652519893899204
chr4	-38	8	3051.0	0.2622091117666339
chr4	-37	15	3088.0	0.48575129533678757
chr4	-36	1	3154.0	0.03170577045022194
chr4	-35	3	3203.0	0.09366219169528567
chr4	-34	2	3240.0	0.06172839506172839
chr4	-33	1	3274.0	0.030543677458766037
chr4	-32	3	3310.0	0.09063444108761329
chr4	-31	3	3331.0	0.09006304413089163
chr4	-30	18	3375.0	0.5333333333333333
chr4	-29	1	3417.0	0.029265437518290898
chr4	-28	3	3462.0	0.08665511265164644
chr4	-27	10	3497.0	0.28595939376608526
chr4	-26	1	3533.0	0.02830455703368242
chr4	-25	3	3564.0	0.08417508417508417
chr4	-24	8	3601.0	0.22216051096917525
chr4	-23	3	3645.0	0.0823045267489712
chr4	-22	4	3676.0	0.1088139281828074
chr4	-21	3	3720.0	0.08064516129032258
chr4	-20	1	3762.0	0.026581605528973953
chr4	-19	8	3808.0	0.21008403361344538
chr4	-18	5	3858.0	0.12960082944530846
chr4	-17	3	3899.0	0.07694280584765324
chr4	-16	3	3942.0	0.076103500761035
chr4	-15	1	3977.0	0.025144581342720643
chr4	-14	5	4005.0	0.12484394506866417
chr4	-13	13	4033.0	0.3223406893131664
chr4	-12	4	4073.0	0.09820770930518045
chr4	-11	7	4124.0	0.1697381183317168
chr4	-10	4	4166.0	0.09601536245799328
chr4	-9	10	4165.0	0.24009603841536614
chr4	-8	13	4164.0	0.31219980787704127
chr4	-7	12	4164.0	0.2881844380403458
chr4	-6	7	4166.0	0.16802688430148824
chr4	-5	12	4166.0	0.28804608737397985
chr4	-4	5	4168.0	0.11996161228406908
chr4	-3	21	4168.0	0.5038387715930902
chr4	-2	14	4168.0	0.33589251439539347
chr4	-1	8	4167.0	0.1919846412287017
chr4	0	74	4032.0	1.8353174603174605
chr4	1	27	3993.0	0.67618332081142
chr4	2	21	3955.0	0.5309734513274336
chr4	3	29	3923.0	0.7392301809839409
chr4	4	29	3871.0	0.7491604236631361
chr4	5	22	3827.0	0.5748628168278025
chr4	6	35	3793.0	0.9227524387028736
chr4	7	33	3748.0	0.8804695837780149
chr4	8	21	3709.0	0.5661903478026422
chr4	9	15	3663.0	0.4095004095004095
chr4	10	23	3630.0	0.6336088154269973
chr4	11	15	3580.0	0.41899441340782123
chr4	12	30	3538.0	0.8479366873940078
chr4	13	17	3501.0	0.485575549842902
chr4	14	24	3459.0	0.6938421509106678
chr4	15	16	3418.0	0.4681100058513751
chr4	16	20	3375.0	0.5925925925925926
chr4	17	27	3315.0	0.8144796380090499
chr4	18	18	3261.0	0.5519779208831647
chr4	19	12	3209.0	0.373948270489249
chr4	20	19	3169.0	0.5995582202587567
chr4	21	21	3126.0	0.6717850287907869
chr4	22	20	3087.0	0.6478781988986071
chr4	23	10	3047.0	0.32819166393173616
chr4	24	24	3001.0	0.7997334221926025
chr4	25	17	2953.0	0.5756857433118863
chr4	26	19	2915.0	0.6518010291595198
chr4	27	16	2868.0	0.5578800557880056
chr4	28	12	2819.0	0.4256828662646328
chr4	29	25	2769.0	0.9028530155290719
chr4	30	12	2722.0	0.440852314474651
chr4	31	13	2674.0	0.48616305160807777
chr4	32	20	2644.0	0.7564296520423601
chr4	33	7	2599.0	0.2693343593689881
chr4	34	14	2560.0	0.546875
chr4	35	10	2521.0	0.39666798889329624
chr4	36	13	2467.0	0.526955816781516
chr4	37	14	2418.0	0.5789909015715468
chr4	38	10	2364.0	0.4230118443316413
chr4	39	10	2325.0	0.43010752688172044
chr4	40	12	2284.0	0.5253940455341506
chr4	41	18	2251.0	0.7996446023989338
chr4	42	18	2208.0	0.8152173913043478
chr4	43	24	2178.0	1.1019283746556474
chr4	44	19	2139.0	0.8882655446470313
chr4	45	20	2104.0	0.9505703422053232
chr4	46	12	2062.0	0.5819592628516004
chr4	47	7	2020.0	0.34653465346534656
chr4	48	12	1973.0	0.6082108464267613
chr4	49	9	1945.0	0.46272493573264784
chr4	50	9	1899.0	0.47393364928909953
chr4	51	8	1862.0	0.4296455424274973
chr4	52	4	1833.0	0.2182214948172395
chr4	53	9	1806.0	0.4983388704318937
chr4	54	22	1760.0	1.25
chr4	55	10	1723.0	0.5803830528148578
chr4	56	5	1691.0	0.29568302779420463
chr4	57	16	1645.0	0.9726443768996961
chr4	58	10	1601.0	0.6246096189881324
chr4	59	6	1561.0	0.38436899423446513
chr4	60	11	1525.0	0.7213114754098361
chr4	61	10	1462.0	0.6839945280437756
chr4	62	18	1419.0	1.2684989429175475
chr4	63	14	1374.0	1.0189228529839884
chr4	64	13	1321.0	0.984102952308857
chr4	65	13	1287.0	1.0101010101010102
chr4	66	13	1243.0	1.0458567980691875
chr4	67	5	1199.0	0.4170141784820684
chr4	68	3	1160.0	0.25862068965517243
chr4	69	10	1128.0	0.8865248226950355
chr4	70	12	1084.0	1.107011070110701
chr4	71	6	1043.0	0.5752636625119847
chr4	72	11	989.0	1.1122345803842264
chr4	73	2	955.0	0.20942408376963353
chr4	74	12	908.0	1.3215859030837005
chr4	75	2	859.0	0.23282887077997672
chr4	76	4	821.0	0.48721071863580995
chr4	77	4	787.0	0.5082592121982211
chr4	78	4	744.0	0.5376344086021506
chr4	79	6	712.0	0.8426966292134831
chr4	80	3	670.0	0.44776119402985076
chr4	81	7	636.0	1.10062893081761
chr4	82	7	602.0	1.1627906976744187
chr4	83	4	560.0	0.7142857142857143
chr4	84	0	510.0	0.0
chr4	85	7	477.0	1.4675052410901468
chr4	86	1	441.0	0.22675736961451248
chr4	87	0	407.0	0.0
chr4	88	4	382.0	1.0471204188481675
chr4	89	1	356.0	0.2808988764044944
chr4	90	2	326.0	0.6134969325153374
chr4	91	6	303.0	1.9801980198019802
chr4	92	2	273.0	0.7326007326007326
chr4	93	2	248.0	0.8064516129032258
chr4	94	1	228.0	0.43859649122807015
chr4	95	0	198.0	0.0
chr4	96	1	174.0	0.5747126436781609
chr4	97	1	152.0	0.6578947368421052
chr4	98	1	129.0	0.7751937984496124
chr4	99	1	114.0	0.8771929824561403
chr4	100	0	94.0	0.0
chr4	101	1	75.0	1.3333333333333335
chr4	102	0	58.0	0.0
chr4	103	0	46.0	0.0
chr4	104	0	39.0	0.0
chr4	105	1	30.0	3.3333333333333335
chr4	106	1	22.0	4.545454545454546
chr4	107	0	17.0	0.0
chr4	108	0	13.0	0.0
chr4	109	0	9.0	0.0
chr4	110	0	5.0	0.0
chr4	111	0	4.0	0.0
chr4	112	0	2.0	0.0
chr4	113	0	1.0	0.0
chr4	114	0	1.0	0.0
chr4	115	0	0.0	nan
chr4	116	0	0.0	nan
chr4	117	0	0.0	nan
chr4	118	0	0.0	nan
chr4	119	0	0.0	nan
chr4	120	0	0.0	nan
chr4	121	0	0.0	nan
chr4	122	0	0.0	nan
chr4	123	0	0.0	nan
chr4	124	0	0.0	nan
chr4	125	0	0.0	nan
chr5	-124	0	1.0	0.0
chr5	-123	0	3.0	0.0
chr5	-122	0	5.0	0.0
chr5	-121	0	9.0	0.0
chr5	-120	0	15.0	0.0
chr5	-119	0	20.0	0.0
chr5	-118	0	24.0	0.0
chr5	-117	0	29.0	0.0
chr5	-116	0	44.0	0.0
chr5	-115	0	51.0	0.0
chr5	-114	0	62.0	0.0
chr5	-113	0	74.0	0.0
chr5	-112	0	86.0	0.0
chr5	-111	0	96.0	0.0
chr5	-110	0	108.0	0.0
chr5	-109	0	123.0	0.0
chr5	-108	0	137.0	0.0
chr5	-107	0	155.0	0.0
chr5	-106	1	170.0	0.5882352941176471
chr5	-105	0	188.0	0.0
chr5	-104	0	204.0	0.0
chr5	-103	0	223.0	0.0
chr5	-102	0	245.0	0.0
chr5	-101	0	264.0	0.0
chr5	-100	0	290.0	0.0
chr5	-99	0	311.0	0.0
chr5	-98	2	340.0	0.5882352941176471
chr5	-97	0	363.0	0.0
chr5	-96	1	384.0	0.26041666666666663
chr5	-95	1	416.0	0.2403846153846154
chr5	-94	1	447.0	0.22371364653243847
chr5	-93	1	474.0	0.21097046413502107
chr5	-92	0	493.0	0.0
chr5	-91	0	515.0	0.0
chr5	-90	1	537.0	0.186219739292365
chr5	-89	2	562.0	0.3558718861209964
chr5	-88	2	591.0	0.338409475465313
chr5	-87	2	620.0	0.3225806451612903
chr5	-86	3	655.0	0.45801526717557256
chr5	-85	0	692.0	0.0
chr5	-84	4	713.0	0.5610098176718092
chr5	-83	4	732.0	0.546448087431694
chr5	-82	0	753.0	0.0
chr5	-81	1	779.0	0.12836970474967907
chr5	-80	1	809.0	0.12360939431396785
chr5	-79	2	835.0	0.23952095808383234
chr5	-78	5	872.0	0.573394495412844
chr5	-77	3	889.0	0.3374578177727784
chr5	-76	2	927.0	0.2157497303128371
chr5	-75	5	948.0	0.5274261603375527
chr5	-74	1	979.0	0.10214504596527069
chr5	-73	4	1007.0	0.3972194637537239
chr5	-72	3	1034.0	0.2901353965183753
chr5	-71	5	1068.0	0.46816479400749067
chr5	-70	3	1109.0	0.2705139765554554
chr5	-69	0	1133.0	0.0
chr5	-68	3	1154.0	0.25996533795493937
chr5	-67	3	1180.0	0.2542372881355932
chr5	-66	2	1201.0	0.16652789342214822
chr5	-65	0	1233.0	0.0
chr5	-64	1	1253.0	0.07980845969672785
chr5	-63	6	1277.0	0.4698512137823023
chr5	-62	3	1309.0	0.2291825821237586
chr5	-61	0	1340.0	0.0
chr5	-60	1	1370.0	0.072992700729927
chr5	-59	2	1405.0	0.1423487544483986
chr5	-58	3	1428.0	0.21008403361344538
chr5	-57	2	1457.0	0.13726835964310227
chr5	-56	4	1486.0	0.2691790040376851
chr5	-55	3	1512.0	0.1984126984126984
chr5	-54	1	1533.0	0.06523157208088715
chr5	-53	2	1561.0	0.12812299807815503
chr5	-52	1	1597.0	0.06261740763932373
chr5	-51	6	1626.0	0.36900369003690037
chr5	-50	2	1651.0	0.12113870381586916
chr5	-49	10	1688.0	0.5924170616113744
chr5	-48	2	1721.0	0.11621150493898895
chr5	-47	2	1750.0	0.1142857142857143
chr5	-46	3	1771.0	0.16939582156973462
chr5	-45	2	1789.0	0.11179429849077697
chr5	-44	0	1822.0	0.0
chr5	-43	1	1866.0	0.05359056806002144
chr5	-42	0	1896.0	0.0
chr5	-41	3	1919.0	0.1563314226159458
chr5	-40	17	1948.0	0.8726899383983572
chr5	-39	8	1973.0	0.40547389761784086
chr5	-38	1	2006.0	0.049850448654037885
chr5	-37	1	2032.0	0.049212598425196846
chr5	-36	10	2053.0	0.4870920603994155
chr5	-35	2	2077.0	0.09629272989889263
chr5	-34	13	2111.0	0.6158218853623875
chr5	-33	10	2139.0	0.46750818139317435
chr5	-32	3	2164.0	0.13863216266173753
chr5	-31	1	2199.0	0.04547521600727603
chr5	-30	19	2234.0	0.8504923903312444
chr5	-29	8	2261.0	0.35382574082264484
chr5	-28	2	2287.0	0.08745080891998251
chr5	-27	7	2314.0	0.3025064822817632
chr5	-26	3	2331.0	0.1287001287001287
chr5	-25	6	2354.0	0.2548853016142736
chr5	-24	5	2377.0	0.2103491796381994
chr5	-23	5	2405.0	0.2079002079002079
chr5	-22	7	2427.0	0.288421920065925
chr5	-21	9	2453.0	0.36689767631471665
chr5	-20	3	2484.0	0.12077294685990338
chr5	-19	2	2506.0	0.07980845969672785
chr5	-18	1	2541.0	0.03935458480913026
chr5	-17	4	2556.0	0.1564945226917058
chr5	-16	6	2580.0	0.23255813953488372
chr5	-15	5	2609.0	0.19164430816404754
chr5	-14	0	2638.0	0.0
chr5	-13	9	2661.0	0.3382187147688839
chr5	-12	9	2695.0	0.3339517625231911
chr5	-11	6	2724.0	0.22026431718061676
chr5	-10	16	2746.0	0.5826656955571741
chr5	-9	7	2746.0	0.25491624180626365
chr5	-8	9	2746.0	0.3277494537509104
chr5	-7	12	2746.0	0.43699927166788055
chr5	-6	6	2746.0	0.21849963583394028
chr5	-5	12	2746.0	0.43699927166788055
chr5	-4	8	2746.0	0.29133284777858703
chr5	-3	2	2746.0	0.07283321194464676
chr5	-2	3	2746.0	0.10924981791697014
chr5	-1	10	2746.0	0.3641660597232338
chr5	0	47	2657.0	1.7689123071132857
chr5	1	38	2628.0	1.445966514459665
chr5	2	16	2602.0	0.6149116064565718
chr5	3	15	2577.0	0.5820721769499418
chr5	4	20	2547.0	0.7852375343541421
chr5	5	13	2514.0	0.5171042163882259
chr5	6	30	2487.0	1.2062726176115801
chr5	7	8	2459.0	0.32533550223668156
chr5	8	21	2428.0	0.8649093904448105
chr5	9	21	2406.0	0.8728179551122194
chr5	10	26	2384.0	1.0906040268456376
chr5	11	13	2353.0	0.5524861878453038
chr5	12	17	2335.0	0.7280513918629551
chr5	13	15	2301.0	0.651890482398957
chr5	14	16	2280.0	0.7017543859649122
chr5	15	16	2245.0	0.7126948775055679
chr5	16	14	2221.0	0.6303466906798739
chr5	17	16	2196.0	0.7285974499089253
chr5	18	19	2160.0	0.8796296296296297
chr5	19	11	2125.0	0.5176470588235295
chr5	20	16	2098.0	0.7626310772163966
chr5	21	14	2080.0	0.6730769230769231
chr5	22	11	2047.0	0.537371763556424
chr5	23	16	2014.0	0.7944389275074478
chr5	24	16	1981.0	0.8076728924785461
chr5	25	15	1962.0	0.764525993883792
chr5	26	5	1936.0	0.2582644628099174
chr5	27	13	1915.0	0.6788511749347258
chr5	28	18	1885.0	0.9549071618037135
chr5	29	27	1866.0	1.4469453376205788
chr5	30	8	1837.0	0.43549265106151336
chr5	31	23	1813.0	1.26861555432984
chr5	32	15	1788.0	0.8389261744966443
chr5	33	17	1756.0	0.9681093394077449
chr5	34	13	1730.0	0.7514450867052023
chr5	35	14	1704.0	0.8215962441314555
chr5	36	10	1680.0	0.5952380952380952
chr5	37	3	1649.0	0.18192844147968465
chr5	38	16	1623.0	0.9858287122612447
chr5	39	16	1595.0	1.0031347962382446
chr5	40	7	1567.0	0.4467134652201659
chr5	41	11	1543.0	0.712896953985742
chr5	42	6	1521.0	0.39447731755424065
chr5	43	10	1490.0	0.6711409395973155
chr5	44	5	1453.0	0.3441156228492774
chr5	45	16	1430.0	1.118881118881119
chr5	46	10	1410.0	0.7092198581560284
chr5	47	7	1379.0	0.5076142131979695
chr5	48	13	1354.0	0.9601181683899557
chr5	49	7	1331.0	0.5259203606311045
chr5	50	16	1305.0	1.2260536398467434
chr5	51	2	1281.0	0.156128024980484
chr5	52	8	1259.0	0.6354249404289118
chr5	53	20	1227.0	1.6299918500407498
chr5	54	11	1199.0	0.9174311926605505
chr5	55	6	1175.0	0.5106382978723404
chr5	56	9	1143.0	0.7874015748031495
chr5	57	8	1111.0	0.7200720072007201
chr5	58	8	1084.0	0.7380073800738007
chr5	59	13	1056.0	1.231060606060606
chr5	60	5	1024.0	0.48828125
chr5	61	7	999.0	0.7007007007007007
chr5	62	5	966.0	0.5175983436853002
chr5	63	4	939.0	0.42598509052183176
chr5	64	12	911.0	1.3172338090010975
chr5	65	7	882.0	0.7936507936507936
chr5	66	9	852.0	1.056338028169014
chr5	67	4	821.0	0.48721071863580995
chr5	68	8	792.0	1.0101010101010102
chr5	69	9	765.0	1.1764705882352942
chr5	70	7	737.0	0.9497964721845319
chr5	71	1	710.0	0.14084507042253522
chr5	72	9	681.0	1.3215859030837005
chr5	73	8	661.0	1.2102874432677762
chr5	74	4	634.0	0.6309148264984227
chr5	75	5	612.0	0.8169934640522877
chr5	76	0	587.0	0.0
chr5	77	6	569.0	1.054481546572935
chr5	78	13	533.0	2.4390243902439024
chr5	79	2	509.0	0.3929273084479371
chr5	80	2	475.0	0.42105263157894735
chr5	81	3	455.0	0.6593406593406593
chr5	82	3	427.0	0.702576112412178
chr5	83	0	389.0	0.0
chr5	84	4	361.0	1.10803324099723
chr5	85	6	339.0	1.7699115044247788
chr5	86	6	314.0	1.910828025477707
chr5	87	6	290.0	2.0689655172413794
chr5	88	2	266.0	0.7518796992481203
chr5	89	1	242.0	0.4132231404958678
chr5	90	3	219.0	1.36986301369863
chr5	91	3	203.0	1.477832512315271
chr5	92	1	185.0	0.5405405405405406
chr5	93	1	168.0	0.5952380952380952
chr5	94	2	151.0	1.3245033112582782
chr5	95	1	138.0	0.7246376811594203
chr5	96	0	121.0	0.0
chr5	97	2	102.0	1.9607843137254901
chr5	98	0	87.0	0.0
chr5	99	2	69.0	2.898550724637681
chr5	100	0	54.0	0.0
chr5	101	2	46.0	4.3478260869565215
chr5	102	0	37.0	0.0
chr5	103	0	29.0	0.0
chr5	104	0	21.0	0.0
chr5	105	0	15.0	0.0
chr5	106	0	12.0	0.0
chr5	107	0	9.0	0.0
chr5	108	0	7.0	0.0
chr5	109	0	4.0	0.0
chr5	110	0	2.0	0.0
chr5	111	0	1.0	0.0
chr5	112	0	0.0	nan
chr5	113	0	0.0	nan
chr5	114	0	0.0	nan
chr5	115	0	0.0	nan
chr5	116	0	0.0	nan
chr5	117	0	0.0	nan
chr5	118	0	0.0	nan
chr5	119	0	0.0	nan
chr5	120	0	0.0	nan
chr5	121	0	0.0	nan
chr5	122	0	0.0	nan
chr6	-146	0	0.0	nan
chr6	-145	0	0.0	nan
chr6	-144	0	0.0	nan
chr6	-143	0	0.0	nan
chr6	-142	0	0.0	nan
chr6	-141	0	0.0	nan
chr6	-140	0	0.0	nan
chr6	-139	0	1.0	0.0
chr6	-138	0	1.0	0.0
chr6	-137	0	1.0	0.0
chr6	-136	0	1.0	0.0
chr6	-135	0	1.0	0.0
chr6	-134	0	1.0	0.0
chr6	-133	0	1.0	0.0
chr6	-132	0	1.0	0.0
chr6	-131	0	1.0	0.0
chr6	-130	0	1.0	0.0
chr6	-129	0	1.0	0.0
chr6	-128	0	1.0	0.0
chr6	-127	0	1.0	0.0
chr6	-126	0	2.0	0.0
chr6	-125	0	5.0	0.0
chr6	-124	0	7.0	0.0
chr6	-123	0	17.0	0.0
chr6	-122	0	22.0	0.0
chr6	-121	0	32.0	0.0
chr6	-120	0	46.0	0.0
chr6	-119	0	55.0	0.0
chr6	-118	0	74.0	0.0
chr6	-117	0	91.0	0.0
chr6	-116	2	122.0	1.639344262295082
chr6	-115	0	152.0	0.0
chr6	-114	0	179.0	0.0
chr6	-113	0	217.0	0.0
chr6	-112	0	256.0	0.0
chr6	-111	2	284.0	0.7042253521126761
chr6	-110	0	330.0	0.0
chr6	-109	0	375.0	0.0
chr6	-108	2	427.0	0.468384074941452
chr6	-107	4	466.0	0.8583690987124464
chr6	-106	3	520.0	0.576923076923077
chr6	-105	1	574.0	0.17421602787456447
chr6	-104	0	632.0	0.0
chr6	-103	0	697.0	0.0
chr6	-102	0	754.0	0.0
chr6	-101	0	800.0	0.0
chr6	-100	1	879.0	0.11376564277588168
chr6	-99	0	942.0	0.0
chr6	-98	4	1011.0	0.3956478733926805
chr6	-97	1	1092.0	0.09157509157509157
chr6	-96	9	1162.0	0.774526678141136
chr6	-95	2	1220.0	0.16393442622950818
chr6	-94	1	1284.0	0.0778816199376947
chr6	-93	5	1365.0	0.3663003663003663
chr6	-92	6	1435.0	0.4181184668989547
chr6	-91	0	1510.0	0.0
chr6	-90	0	1589.0	0.0
chr6	-89	3	1675.0	0.1791044776119403
chr6	-88	1	1759.0	0.05685048322910744
chr6	-87	2	1846.0	0.10834236186348861
chr6	-86	2	1933.0	0.10346611484738748
chr6	-85	5	2014.0	0.24826216484607747
chr6	-84	6	2119.0	0.28315243039169424
chr6	-83	4	2191.0	0.18256503879507074
chr6	-82	5	2280.0	0.21929824561403508
chr6	-81	4	2361.0	0.16941973739940702
chr6	-80	6	2450.0	0.24489795918367346
chr6	-79	9	2538.0	0.3546099290780142
chr6	-78	5	2609.0	0.19164430816404754
chr6	-77	1	2688.0	0.03720238095238095
chr6	-76	4	2786.0	0.14357501794687724
chr6	-75	7	2870.0	0.24390243902439024
chr6	-74	2	2963.0	0.06749915626054674
chr6	-73	2	3049.0	0.06559527714004591
chr6	-72	1	3138.0	0.03186743148502231
chr6	-71	4	3212.0	0.12453300124533001
chr6	-70	5	3292.0	0.15188335358444716
chr6	-69	6	3370.0	0.17804154302670622
chr6	-68	5	3461.0	0.1444669170759896
chr6	-67	7	3534.0	0.19807583474816073
chr6	-66	6	3623.0	0.1656086116478057
chr6	-65	4	3706.0	0.10793308148947653
chr6	-64	3	3787.0	0.07921837866385001
chr6	-63	4	3861.0	0.1036001036001036
chr6	-62	19	3942.0	0.4819888381532217
chr6	-61	6	4033.0	0.14877262583684603
chr6	-60	20	4108.0	0.4868549172346641
chr6	-59	8	4172.0	0.19175455417066153
chr6	-58	18	4243.0	0.4242281404666509
chr6	-57	6	4347.0	0.13802622498274672
chr6	-56	10	4408.0	0.2268602540834846
chr6	-55	7	4472.0	0.15652951699463327
chr6	-54	18	4565.0	0.39430449069003287
chr6	-53	9	4644.0	0.1937984496124031
chr6	-52	18	4717.0	0.38159847360610555
chr6	-51	15	4801.0	0.3124349093938763
chr6	-50	10	4887.0	0.20462451401677922
chr6	-49	7	4972.0	0.1407884151246983
chr6	-48	15	5045.0	0.29732408325074333
chr6	-47	13	5138.0	0.253016738030362
chr6	-46	4	5220.0	0.07662835249042146
chr6	-45	6	5297.0	0.11327166320558807
chr6	-44	6	5358.0	0.11198208286674133
chr6	-43	6	5447.0	0.11015237745548008
chr6	-42	14	5538.0	0.2527988443481401
chr6	-41	10	5618.0	0.177999288002848
chr6	-40	20	5695.0	0.35118525021949076
chr6	-39	19	5771.0	0.329232368740253
chr6	-38	11	5852.0	0.18796992481203006
chr6	-37	16	5915.0	0.2704987320371936
chr6	-36	12	5996.0	0.20013342228152103
chr6	-35	12	6075.0	0.19753086419753088
chr6	-34	18	6176.0	0.2914507772020725
chr6	-33	6	6248.0	0.09603072983354673
chr6	-32	11	6338.0	0.1735563269170085
chr6	-31	8	6408.0	0.12484394506866417
chr6	-30	5	6483.0	0.07712478790683325
chr6	-29	14	6560.0	0.2134146341463415
chr6	-28	13	6648.0	0.19554753309265946
chr6	-27	8	6715.0	0.11913626209977662
chr6	-26	10	6790.0	0.14727540500736377
chr6	-25	23	6863.0	0.335130409441935
chr6	-24	15	6942.0	0.216076058772688
chr6	-23	29	7026.0	0.412752633077142
chr6	-22	29	7111.0	0.4078188721698776
chr6	-21	16	7177.0	0.2229343736937439
chr6	-20	15	7252.0	0.20683949255377826
chr6	-19	11	7324.0	0.15019115237575095
chr6	-18	16	7396.0	0.2163331530557058
chr6	-17	18	7473.0	0.24086712163789645
chr6	-16	23	7560.0	0.30423280423280424
chr6	-15	28	7631.0	0.36692438736731753
chr6	-14	25	7707.0	0.32438043337225897
chr6	-13	18	7788.0	0.23112480739599386
chr6	-12	20	7869.0	0.25416190113102044
chr6	-11	13	7930.0	0.16393442622950818
chr6	-10	14	7989.0	0.17524095631493303
chr6	-9	40	7989.0	0.5006884466140944
chr6	-8	25	7992.0	0.3128128128128128
chr6	-7	19	7991.0	0.23776748842447754
chr6	-6	30	7987.0	0.375610366846125
chr6	-5	18	7987.0	0.22536622010767499
chr6	-4	21	7987.0	0.26292725679228746
chr6	-3	21	7986.0	0.26296018031555224
chr6	-2	39	7989.0	0.488171235448742
chr6	-1	58	7982.0	0.726634928589326
chr6	0	155	7761.0	1.9971653137482286
chr6	1	61	7664.0	0.7959290187891441
chr6	2	38	7595.0	0.500329163923634
chr6	3	72	7526.0	0.956683497209673
chr6	4	46	7443.0	0.6180303641004972
chr6	5	53	7360.0	0.720108695652174
chr6	6	36	7274.0	0.4949133901567226
chr6	7	40	7182.0	0.556947925368978
chr6	8	45	7113.0	0.6326444538169549
chr6	9	31	7035.0	0.4406538734896943
chr6	10	30	6961.0	0.43097256141358997
chr6	11	33	6867.0	0.4805591961555264
chr6	12	31	6783.0	0.45702491522924954
chr6	13	31	6693.0	0.46317047661736144
chr6	14	47	6611.0	0.7109363182574496
chr6	15	46	6518.0	0.7057379564283522
chr6	16	28	6445.0	0.4344453064391001
chr6	17	48	6380.0	0.7523510971786834
chr6	18	25	6304.0	0.3965736040609137
chr6	19	35	6208.0	0.5637886597938144
chr6	20	34	6129.0	0.5547397617882199
chr6	21	40	6071.0	0.6588700378850272
chr6	22	39	5992.0	0.6508678237650201
chr6	23	37	5917.0	0.625316883555856
chr6	24	42	5832.0	0.720164609053498
chr6	25	31	5746.0	0.5395057431256526
chr6	26	31	5664.0	0.547316384180791
chr6	27	43	5578.0	0.7708856220867695
chr6	28	49	5486.0	0.8931826467371491
chr6	29	30	5404.0	0.5551443375277573
chr6	30	22	5329.0	0.4128354287858885
chr6	31	31	5245.0	0.5910390848427073
chr6	32	31	5167.0	0.5999612928198181
chr6	33	29	5084.0	0.5704169944925256
chr6	34	35	4998.0	0.700280112044818
chr6	35	21	4909.0	0.42778569973518027
chr6	36	30	4814.0	0.6231823847112589
chr6	37	10	4734.0	0.21123785382340513
chr6	38	31	4644.0	0.6675279931093885
chr6	39	30	4562.0	0.657606313020605
chr6	40	23	4484.0	0.5129348795718109
chr6	41	31	4397.0	0.7050261541960428
chr6	42	25	4320.0	0.5787037037037037
chr6	43	18	4245.0	0.4240282685512367
chr6	44	23	4140.0	0.5555555555555556
chr6	45	17	4067.0	0.4179985247110892
chr6	46	27	3974.0	0.6794162053346754
chr6	47	19	3883.0	0.48931238732938453
chr6	48	18	3813.0	0.47206923682140045
chr6	49	25	3736.0	0.6691648822269808
chr6	50	25	3667.0	0.6817562039814562
chr6	51	26	3584.0	0.7254464285714286
chr6	52	20	3508.0	0.5701254275940707
chr6	53	25	3434.0	0.7280139778683751
chr6	54	15	3361.0	0.44629574531389465
chr6	55	19	3276.0	0.57997557997558
chr6	56	21	3200.0	0.65625
chr6	57	20	3108.0	0.6435006435006435
chr6	58	25	3023.0	0.8269930532583526
chr6	59	22	2942.0	0.7477906186267845
chr6	60	23	2869.0	0.801673056814221
chr6	61	17	2795.0	0.6082289803220036
chr6	62	7	2711.0	0.25820730357801547
chr6	63	18	2634.0	0.683371298405467
chr6	64	21	2574.0	0.8158508158508158
chr6	65	12	2501.0	0.47980807676929227
chr6	66	13	2424.0	0.5363036303630363
chr6	67	8	2330.0	0.34334763948497854
chr6	68	16	2255.0	0.7095343680709534
chr6	69	15	2187.0	0.6858710562414266
chr6	70	15	2114.0	0.7095553453169348
chr6	71	9	2034.0	0.4424778761061947
chr6	72	21	1953.0	1.0752688172043012
chr6	73	3	1888.0	0.15889830508474578
chr6	74	9	1794.0	0.5016722408026756
chr6	75	9	1712.0	0.5257009345794392
chr6	76	4	1623.0	0.24645717806531117
chr6	77	7	1535.0	0.4560260586319218
chr6	78	12	1470.0	0.8163265306122449
chr6	79	12	1379.0	0.8701957940536621
chr6	80	9	1298.0	0.6933744221879815
chr6	81	8	1226.0	0.6525285481239804
chr6	82	11	1152.0	0.9548611111111112
chr6	83	6	1082.0	0.5545286506469501
chr6	84	5	1019.0	0.49067713444553485
chr6	85	4	944.0	0.423728813559322
chr6	86	4	883.0	0.4530011325028313
chr6	87	4	822.0	0.48661800486618007
chr6	88	9	774.0	1.1627906976744187
chr6	89	4	716.0	0.5586592178770949
chr6	90	0	656.0	0.0
chr6	91	0	603.0	0.0
chr6	92	2	552.0	0.36231884057971014
chr6	93	2	499.0	0.4008016032064128
chr6	94	3	438.0	0.684931506849315
chr6	95	3	398.0	0.7537688442211055
chr6	96	4	359.0	1.1142061281337048
chr6	97	2	324.0	0.6172839506172839
chr6	98	2	283.0	0.7067137809187279
chr6	99	0	251.0	0.0
chr6	100	0	210.0	0.0
chr6	101	2	177.0	1.1299435028248588
chr6	102	0	141.0	0.0
chr6	103	1	120.0	0.8333333333333334
chr6	104	1	96.0	1.0416666666666665
chr6	105	0	75.0	0.0
chr6	106	0	62.0	0.0
chr6	107	0	47.0	0.0
chr6	108	0	32.0	0.0
chr6	109	0	24.0	0.0
chr6	110	1	14.0	7.142857142857142
chr6	111	0	9.0	0.0
chr6	112	0	5.0	0.0
chr6	113	0	0.0	nan
chr6	114	0	0.0	nan
chr6	115	0	0.0	nan
chr6	116	0	0.0	nan
chr6	117	0	0.0	nan
chr6	118	0	0.0	nan
chr6	119	0	0.0	nan
chr6	120	0	0.0	nan
chr6	121	0	0.0	nan
chr6	122	0	0.0	nan
chr6	123	0	0.0	nan
chr6	124	0	0.0	nan
chr6	125	0	0.0	nan
chr6	126	0	0.0	nan
chr6	127	0	0.0	nan
chr6	128	0	0.0	nan
chr6	129	0	0.0	nan
chr6	130	0	0.0	nan
chr6	131	0	0.0	nan
chr6	132	0	0.0	nan
chr6	133	0	0.0	nan
chr6	134	0	0.0	nan
chr6	135	0	0.0	nan
chr6	136	0	0.0	nan
chr6	137	0	0.0	nan
chr7	-123	0	1.0	0.0
chr7	-122	0	1.0	0.0
chr7	-121	0	1.0	0.0
chr7	-120	0	1.0	0.0
chr7	-119	0	1.0	0.0
chr7	-118	0	2.0	0.0
chr7	-117	0	3.0	0.0
chr7	-116	0	5.0	0.0
chr7	-115	0	6.0	0.0
chr7	-114	0	8.0	0.0
chr7	-113	0	10.0	0.0
chr7	-112	0	11.0	0.0
chr7	-111	0	11.0	0.0
chr7	-110	0	11.0	0.0
chr7	-109	0	14.0	0.0
chr7	-108	0	18.0	0.0
chr7	-107	0	22.0	0.0
chr7	-106	0	25.0	0.0
chr7	-105	0	26.0	0.0
chr7	-104	0	28.0	0.0
chr7	-103	0	32.0	0.0
chr7	-102	0	35.0	0.0
chr7	-101	0	40.0	0.0
chr7	-100	0	45.0	0.0
chr7	-99	0	49.0	0.0
chr7	-98	0	51.0	0.0
chr7	-97	0	57.0	0.0
chr7	-96	0	64.0	0.0
chr7	-95	0	66.0	0.0
chr7	-94	0	69.0	0.0
chr7	-93	0	73.0	0.0
chr7	-92	0	76.0	0.0
chr7	-91	0	81.0	0.0
chr7	-90	0	85.0	0.0
chr7	-89	0	88.0	0.0
chr7	-88	0	97.0	0.0
chr7	-87	0	100.0	0.0
chr7	-86	0	107.0	0.0
chr7	-85	0	113.0	0.0
chr7	-84	0	117.0	0.0
chr7	-83	0	121.0	0.0
chr7	-82	0	127.0	0.0
chr7	-81	0	131.0	0.0
chr7	-80	0	134.0	0.0
chr7	-79	0	135.0	0.0
chr7	-78	0	137.0	0.0
chr7	-77	0	141.0	0.0
chr7	-76	0	146.0	0.0
chr7	-75	0	152.0	0.0
chr7	-74	0	158.0	0.0
chr7	-73	0	168.0	0.0
chr7	-72	0	169.0	0.0
chr7	-71	0	171.0	0.0
chr7	-70	0	179.0	0.0
chr7	-69	0	183.0	0.0
chr7	-68	0	186.0	0.0
chr7	-67	0	192.0	0.0
chr7	-66	0	194.0	0.0
chr7	-65	0	196.0	0.0
chr7	-64	0	201.0	0.0
chr7	-63	0	206.0	0.0
chr7	-62	2	212.0	0.9433962264150944
chr7	-61	0	222.0	0.0
chr7	-60	5	225.0	2.2222222222222223
chr7	-59	1	227.0	0.4405286343612335
chr7	-58	0	231.0	0.0
chr7	-57	0	233.0	0.0
chr7	-56	1	234.0	0.4273504273504274
chr7	-55	0	240.0	0.0
chr7	-54	0	245.0	0.0
chr7	-53	0	248.0	0.0
chr7	-52	0	251.0	0.0
chr7	-51	0	256.0	0.0
chr7	-50	0	260.0	0.0
chr7	-49	0	265.0	0.0
chr7	-48	0	268.0	0.0
chr7	-47	0	275.0	0.0
chr7	-46	0	282.0	0.0
chr7	-45	0	285.0	0.0
chr7	-44	0	291.0	0.0
chr7	-43	0	293.0	0.0
chr7	-42	0	295.0	0.0
chr7	-41	0	296.0	0.0
chr7	-40	0	304.0	0.0
chr7	-39	0	318.0	0.0
chr7	-38	1	320.0	0.3125
chr7	-37	2	321.0	0.6230529595015576
chr7	-36	0	325.0	0.0
chr7	-35	1	334.0	0.29940119760479045
chr7	-34	1	338.0	0.2958579881656805
chr7	-33	1	342.0	0.29239766081871343
chr7	-32	0	344.0	0.0
chr7	-31	0	356.0	0.0
chr7	-30	0	359.0	0.0
chr7	-29	2	363.0	0.5509641873278237
chr7	-28	0	364.0	0.0
chr7	-27	1	367.0	0.2724795640326975
chr7	-26	0	371.0	0.0
chr7	-25	0	373.0	0.0
chr7	-24	0	374.0	0.0
chr7	-23	1	375.0	0.26666666666666666
chr7	-22	0	381.0	0.0
chr7	-21	0	386.0	0.0
chr7	-20	1	389.0	0.2570694087403599
chr7	-19	2	395.0	0.5063291139240507
chr7	-18	0	397.0	0.0
chr7	-17	1	400.0	0.25
chr7	-16	1	405.0	0.24691358024691357
chr7	-15	13	408.0	3.1862745098039214
chr7	-14	0	410.0	0.0
chr7	-13	0	413.0	0.0
chr7	-12	1	418.0	0.23923444976076555
chr7	-11	1	422.0	0.23696682464454977
chr7	-10	3	426.0	0.7042253521126761
chr7	-9	1	426.0	0.2347417840375587
chr7	-8	1	426.0	0.2347417840375587
chr7	-7	3	426.0	0.7042253521126761
chr7	-6	1	426.0	0.2347417840375587
chr7	-5	1	426.0	0.2347417840375587
chr7	-4	0	426.0	0.0
chr7	-3	2	426.0	0.4694835680751174
chr7	-2	0	426.0	0.0
chr7	-1	0	425.0	0.0
chr7	0	1	414.0	0.24154589371980675
chr7	1	1	410.0	0.24390243902439024
chr7	2	0	405.0	0.0
chr7	3	2	403.0	0.49627791563275436
chr7	4	2	401.0	0.4987531172069825
chr7	5	0	395.0	0.0
chr7	6	1	391.0	0.2557544757033248
chr7	7	1	387.0	0.2583979328165375
chr7	8	0	382.0	0.0
chr7	9	0	379.0	0.0
chr7	10	0	374.0	0.0
chr7	11	1	370.0	0.2702702702702703
chr7	12	3	364.0	0.8241758241758242
chr7	13	1	355.0	0.28169014084507044
chr7	14	8	348.0	2.2988505747126435
chr7	15	0	346.0	0.0
chr7	16	0	341.0	0.0
chr7	17	1	334.0	0.29940119760479045
chr7	18	1	330.0	0.30303030303030304
chr7	19	0	327.0	0.0
chr7	20	1	321.0	0.3115264797507788
chr7	21	0	320.0	0.0
chr7	22	0	316.0	0.0
chr7	23	0	313.0	0.0
chr7	24	0	310.0	0.0
chr7	25	1	305.0	0.32786885245901637
chr7	26	1	300.0	0.33333333333333337
chr7	27	0	292.0	0.0
chr7	28	6	286.0	2.097902097902098
chr7	29	0	280.0	0.0
chr7	30	2	275.0	0.7272727272727273
chr7	31	1	268.0	0.3731343283582089
chr7	32	1	266.0	0.37593984962406013
chr7	33	0	264.0	0.0
chr7	34	0	265.0	0.0
chr7	35	0	261.0	0.0
chr7	36	4	253.0	1.5810276679841897
chr7	37	0	250.0	0.0
chr7	38	0	244.0	0.0
chr7	39	0	241.0	0.0
chr7	40	1	239.0	0.41841004184100417
chr7	41	3	238.0	1.2605042016806722
chr7	42	1	231.0	0.4329004329004329
chr7	43	1	227.0	0.4405286343612335
chr7	44	0	222.0	0.0
chr7	45	1	215.0	0.46511627906976744
chr7	46	1	210.0	0.4761904761904762
chr7	47	1	205.0	0.4878048780487805
chr7	48	1	202.0	0.49504950495049505
chr7	49	0	199.0	0.0
chr7	50	1	196.0	0.5102040816326531
chr7	51	4	192.0	2.083333333333333
chr7	52	0	190.0	0.0
chr7	53	0	190.0	0.0
chr7	54	0	185.0	0.0
chr7	55	1	182.0	0.5494505494505495
chr7	56	0	177.0	0.0
chr7	57	0	173.0	0.0
chr7	58	1	169.0	0.591715976331361
chr7	59	6	164.0	3.6585365853658534
chr7	60	3	160.0	1.875
chr7	61	0	154.0	0.0
chr7	62	2	151.0	1.3245033112582782
chr7	63	1	146.0	0.684931506849315
chr7	64	0	142.0	0.0
chr7	65	0	134.0	0.0
chr7	66	0	128.0	0.0
chr7	67	1	124.0	0.8064516129032258
chr7	68	1	117.0	0.8547008547008548
chr7	69	0	116.0	0.0
chr7	70	0	108.0	0.0
chr7	71	0	105.0	0.0
chr7	72	0	104.0	0.0
chr7	73	1	100.0	1.0
chr7	74	0	97.0	0.0
chr7	75	0	93.0	0.0
chr7	76	0	87.0	0.0
chr7	77	1	83.0	1.2048192771084338
chr7	78	1	81.0	1.2345679012345678
chr7	79	0	79.0	0.0
chr7	80	0	73.0	0.0
chr7	81	0	66.0	0.0
chr7	82	0	64.0	0.0
chr7	83	0	61.0	0.0
chr7	84	0	56.0	0.0
chr7	85	0	55.0	0.0
chr7	86	0	48.0	0.0
chr7	87	0	47.0	0.0
chr7	88	0	44.0	0.0
chr7	89	0	40.0	0.0
chr7	90	0	38.0	0.0
chr7	91	0	37.0	0.0
chr7	92	0	33.0	0.0
chr7	93	0	26.0	0.0
chr7	94	0	24.0	0.0
chr7	95	0	22.0	0.0
chr7	96	0	15.0	0.0
chr7	97	0	15.0	0.0
chr7	98	1	11.0	9.090909090909092
chr7	99	0	9.0	0.0
chr7	100	0	6.0	0.0
chr7	101	0	6.0	0.0
chr7	102	0	6.0	0.0
chr7	103	0	5.0	0.0
chr7	104	0	4.0	0.0
chr7	105	0	2.0	0.0
chr7	106	0	2.0	0.0
chr7	107	0	2.0	0.0
chr7	108	0	1.0	0.0
chr7	109	0	1.0	0.0
chr7	110	0	1.0	0.0
chr7	111	0	1.0	0.0
chr7	112	0	0.0	nan
chr7	113	0	0.0	nan
chr7	114	0	0.0	nan
chr7	115	0	0.0	nan
chr7	116	0	0.0	nan
chr7	117	0	0.0	nan
chr7	118	0	0.0	nan
chr7	119	0	0.0	nan
chr7	120	0	0.0	nan
chr7	121	0	0.0	nan
chr7	122	0	0.0	nan
chr8	-124	0	2.0	0.0
chr8	-123	0	6.0	0.0
chr8	-122	0	8.0	0.0
chr8	-121	0	11.0	0.0
chr8	-120	0	13.0	0.0
chr8	-119	0	16.0	0.0
chr8	-118	0	24.0	0.0
chr8	-117	0	30.0	0.0
chr8	-116	1	40.0	2.5
chr8	-115	0	46.0	0.0
chr8	-114	0	54.0	0.0
chr8	-113	0	68.0	0.0
chr8	-112	0	80.0	0.0
chr8	-111	0	88.0	0.0
chr8	-110	0	102.0	0.0
chr8	-109	0	111.0	0.0
chr8	-108	0	121.0	0.0
chr8	-107	0	136.0	0.0
chr8	-106	0	146.0	0.0
chr8	-105	0	159.0	0.0
chr8	-104	0	174.0	0.0
chr8	-103	0	197.0	0.0
chr8	-102	0	206.0	0.0
chr8	-101	0	218.0	0.0
chr8	-100	2	237.0	0.8438818565400843
chr8	-99	0	261.0	0.0
chr8	-98	0	280.0	0.0
chr8	-97	0	298.0	0.0
chr8	-96	0	317.0	0.0
chr8	-95	0	332.0	0.0
chr8	-94	1	351.0	0.2849002849002849
chr8	-93	0	364.0	0.0
chr8	-92	1	378.0	0.26455026455026454
chr8	-91	1	401.0	0.24937655860349126
chr8	-90	0	421.0	0.0
chr8	-89	1	448.0	0.2232142857142857
chr8	-88	0	467.0	0.0
chr8	-87	0	491.0	0.0
chr8	-86	0	515.0	0.0
chr8	-85	1	537.0	0.186219739292365
chr8	-84	7	559.0	1.2522361359570662
chr8	-83	0	572.0	0.0
chr8	-82	0	600.0	0.0
chr8	-81	0	616.0	0.0
chr8	-80	1	633.0	0.1579778830963665
chr8	-79	2	658.0	0.303951367781155
chr8	-78	2	681.0	0.2936857562408223
chr8	-77	0	697.0	0.0
chr8	-76	0	716.0	0.0
chr8	-75	5	735.0	0.6802721088435374
chr8	-74	12	765.0	1.5686274509803921
chr8	-73	1	781.0	0.12804097311139565
chr8	-72	0	803.0	0.0
chr8	-71	2	825.0	0.24242424242424243
chr8	-70	10	850.0	1.1764705882352942
chr8	-69	1	874.0	0.11441647597254005
chr8	-68	8	890.0	0.8988764044943821
chr8	-67	8	913.0	0.8762322015334063
chr8	-66	1	941.0	0.10626992561105207
chr8	-65	4	967.0	0.4136504653567736
chr8	-64	1	989.0	0.10111223458038424
chr8	-63	3	1013.0	0.29615004935834155
chr8	-62	4	1029.0	0.3887269193391642
chr8	-61	0	1057.0	0.0
chr8	-60	0	1074.0	0.0
chr8	-59	2	1092.0	0.18315018315018314
chr8	-58	1	1117.0	0.08952551477170993
chr8	-57	1	1135.0	0.0881057268722467
chr8	-56	4	1152.0	0.3472222222222222
chr8	-55	3	1171.0	0.25619128949615716
chr8	-54	5	1203.0	0.41562759767248547
chr8	-53	0	1231.0	0.0
chr8	-52	3	1246.0	0.2407704654895666
chr8	-51	2	1267.0	0.15785319652722968
chr8	-50	5	1283.0	0.3897116134060795
chr8	-49	1	1296.0	0.07716049382716049
chr8	-48	8	1312.0	0.6097560975609756
chr8	-47	6	1344.0	0.4464285714285714
chr8	-46	11	1367.0	0.8046817849305048
chr8	-45	13	1393.0	0.9332376166547021
chr8	-44	5	1407.0	0.35536602700781805
chr8	-43	1	1428.0	0.0700280112044818
chr8	-42	3	1453.0	0.20646937370956642
chr8	-41	7	1472.0	0.4755434782608696
chr8	-40	9	1490.0	0.6040268456375839
chr8	-39	0	1512.0	0.0
chr8	-38	14	1530.0	0.9150326797385622
chr8	-37	4	1544.0	0.2590673575129534
chr8	-36	2	1565.0	0.12779552715654952
chr8	-35	3	1591.0	0.18856065367693275
chr8	-34	12	1610.0	0.7453416149068323
chr8	-33	3	1630.0	0.18404907975460122
chr8	-32	2	1659.0	0.12055455093429776
chr8	-31	1	1676.0	0.05966587112171838
chr8	-30	3	1698.0	0.17667844522968199
chr8	-29	3	1715.0	0.1749271137026239
chr8	-28	5	1733.0	0.28851702250432776
chr8	-27	2	1755.0	0.11396011396011395
chr8	-26	10	1773.0	0.5640157924421884
chr8	-25	10	1800.0	0.5555555555555556
chr8	-24	18	1827.0	0.9852216748768473
chr8	-23	2	1847.0	0.10828370330265295
chr8	-22	3	1867.0	0.16068559185859668
chr8	-21	4	1889.0	0.21175224986765487
chr8	-20	26	1912.0	1.3598326359832638
chr8	-19	8	1930.0	0.41450777202072536
chr8	-18	3	1943.0	0.1544004117344313
chr8	-17	5	1959.0	0.2552322613578356
chr8	-16	10	1984.0	0.5040322580645161
chr8	-15	13	2002.0	0.6493506493506493
chr8	-14	8	2036.0	0.3929273084479371
chr8	-13	4	2066.0	0.1936108422071636
chr8	-12	4	2081.0	0.19221528111484865
chr8	-11	12	2093.0	0.5733397037744864
chr8	-10	19	2116.0	0.8979206049149339
chr8	-9	7	2116.0	0.33081285444234404
chr8	-8	2	2116.0	0.0945179584120983
chr8	-7	11	2116.0	0.5198487712665406
chr8	-6	3	2116.0	0.14177693761814747
chr8	-5	20	2116.0	0.945179584120983
chr8	-4	4	2114.0	0.1892147587511826
chr8	-3	10	2114.0	0.47303689687795647
chr8	-2	7	2110.0	0.33175355450236965
chr8	-1	11	2113.0	0.5205868433506862
chr8	0	26	2039.0	1.2751348700343306
chr8	1	9	2017.0	0.44620723847297966
chr8	2	20	1994.0	1.0030090270812437
chr8	3	10	1980.0	0.5050505050505051
chr8	4	28	1958.0	1.4300306435137897
chr8	5	16	1923.0	0.8320332813312533
chr8	6	14	1902.0	0.7360672975814931
chr8	7	6	1879.0	0.31931878658861096
chr8	8	13	1867.0	0.6963042313872523
chr8	9	16	1838.0	0.8705114254624592
chr8	10	9	1815.0	0.49586776859504134
chr8	11	12	1793.0	0.6692693809258227
chr8	12	9	1766.0	0.5096262740656852
chr8	13	13	1739.0	0.7475560667050029
chr8	14	24	1716.0	1.3986013986013985
chr8	15	9	1693.0	0.531600708800945
chr8	16	12	1682.0	0.713436385255648
chr8	17	5	1659.0	0.3013863773357444
chr8	18	10	1647.0	0.607164541590771
chr8	19	34	1621.0	2.0974706971005554
chr8	20	9	1594.0	0.5646173149309912
chr8	21	7	1571.0	0.4455760661998727
chr8	22	16	1554.0	1.0296010296010296
chr8	23	16	1540.0	1.0389610389610389
chr8	24	15	1518.0	0.9881422924901186
chr8	25	10	1500.0	0.6666666666666667
chr8	26	5	1478.0	0.3382949932341001
chr8	27	11	1464.0	0.7513661202185792
chr8	28	8	1442.0	0.5547850208044383
chr8	29	13	1426.0	0.9116409537166901
chr8	30	7	1399.0	0.5003573981415297
chr8	31	5	1370.0	0.36496350364963503
chr8	32	5	1358.0	0.3681885125184094
chr8	33	15	1340.0	1.1194029850746268
chr8	34	7	1312.0	0.5335365853658537
chr8	35	7	1286.0	0.5443234836702955
chr8	36	7	1265.0	0.5533596837944664
chr8	37	15	1244.0	1.2057877813504823
chr8	38	8	1221.0	0.6552006552006553
chr8	39	13	1204.0	1.0797342192691028
chr8	40	17	1176.0	1.445578231292517
chr8	41	7	1152.0	0.607638888888889
chr8	42	5	1132.0	0.441696113074205
chr8	43	9	1110.0	0.8108108108108109
chr8	44	8	1090.0	0.7339449541284404
chr8	45	5	1068.0	0.46816479400749067
chr8	46	6	1050.0	0.5714285714285714
chr8	47	8	1036.0	0.7722007722007722
chr8	48	4	1011.0	0.3956478733926805
chr8	49	7	987.0	0.7092198581560284
chr8	50	2	966.0	0.2070393374741201
chr8	51	7	954.0	0.7337526205450734
chr8	52	5	934.0	0.5353319057815845
chr8	53	12	914.0	1.312910284463895
chr8	54	6	883.0	0.6795016987542469
chr8	55	11	869.0	1.2658227848101267
chr8	56	5	849.0	0.5889281507656066
chr8	57	8	835.0	0.9580838323353293
chr8	58	4	821.0	0.48721071863580995
chr8	59	4	807.0	0.49566294919454773
chr8	60	4	786.0	0.5089058524173028
chr8	61	13	767.0	1.694915254237288
chr8	62	8	751.0	1.0652463382157125
chr8	63	5	729.0	0.6858710562414266
chr8	64	6	708.0	0.847457627118644
chr8	65	6	689.0	0.8708272859216255
chr8	66	6	670.0	0.8955223880597015
chr8	67	7	644.0	1.0869565217391304
chr8	68	7	625.0	1.1199999999999999
chr8	69	8	596.0	1.342281879194631
chr8	70	12	578.0	2.0761245674740483
chr8	71	2	561.0	0.35650623885918004
chr8	72	4	542.0	0.7380073800738007
chr8	73	10	514.0	1.9455252918287937
chr8	74	4	494.0	0.8097165991902834
chr8	75	3	471.0	0.6369426751592357
chr8	76	3	440.0	0.6818181818181818
chr8	77	4	419.0	0.9546539379474941
chr8	78	0	399.0	0.0
chr8	79	2	381.0	0.5249343832020997
chr8	80	1	365.0	0.273972602739726
chr8	81	4	353.0	1.13314447592068
chr8	82	2	327.0	0.6116207951070336
chr8	83	2	304.0	0.6578947368421052
chr8	84	3	290.0	1.0344827586206897
chr8	85	0	280.0	0.0
chr8	86	0	270.0	0.0
chr8	87	1	252.0	0.3968253968253968
chr8	88	2	238.0	0.8403361344537815
chr8	89	1	218.0	0.45871559633027525
chr8	90	4	198.0	2.0202020202020203
chr8	91	0	179.0	0.0
chr8	92	2	161.0	1.2422360248447204
chr8	93	0	145.0	0.0
chr8	94	1	130.0	0.7692307692307693
chr8	95	0	120.0	0.0
chr8	96	2	103.0	1.9417475728155338
chr8	97	1	94.0	1.0638297872340425
chr8	98	0	81.0	0.0
chr8	99	1	68.0	1.4705882352941175
chr8	100	2	60.0	3.3333333333333335
chr8	101	0	50.0	0.0
chr8	102	0	44.0	0.0
chr8	103	0	39.0	0.0
chr8	104	0	33.0	0.0
chr8	105	0	25.0	0.0
chr8	106	0	20.0	0.0
chr8	107	0	18.0	0.0
chr8	108	0	16.0	0.0
chr8	109	0	12.0	0.0
chr8	110	0	9.0	0.0
chr8	111	0	6.0	0.0
chr8	112	0	1.0	0.0
chr8	113	0	0.0	nan
chr8	114	0	0.0	nan
chr8	115	0	0.0	nan
chr8	116	0	0.0	nan
chr8	117	0	0.0	nan
chr8	118	0	0.0	nan
chr8	119	0	0.0	nan
chr8	120	0	0.0	nan
chr8	121	0	0.0	nan
chr8	122	0	0.0	nan
chr8	123	0	0.0	nan
chr9	-124	0	5.0	0.0
chr9	-123	0	9.0	0.0
chr9	-122	0	12.0	0.0
chr9	-121	0	19.0	0.0
chr9	-120	0	25.0	0.0
chr9	-119	1	36.0	2.7777777777777777
chr9	-118	0	44.0	0.0
chr9	-117	0	51.0	0.0
chr9	-116	0	63.0	0.0
chr9	-115	0	75.0	0.0
chr9	-114	0	88.0	0.0
chr9	-113	0	110.0	0.0
chr9	-112	0	127.0	0.0
chr9	-111	2	149.0	1.342281879194631
chr9	-110	0	184.0	0.0
chr9	-109	0	216.0	0.0
chr9	-108	0	236.0	0.0
chr9	-107	0	278.0	0.0
chr9	-106	0	298.0	0.0
chr9	-105	1	337.0	0.2967359050445104
chr9	-104	1	373.0	0.2680965147453083
chr9	-103	0	419.0	0.0
chr9	-102	1	457.0	0.2188183807439825
chr9	-101	0	497.0	0.0
chr9	-100	1	537.0	0.186219739292365
chr9	-99	3	580.0	0.5172413793103449
chr9	-98	3	625.0	0.48
chr9	-97	0	665.0	0.0
chr9	-96	2	722.0	0.2770083102493075
chr9	-95	1	782.0	0.1278772378516624
chr9	-94	0	832.0	0.0
chr9	-93	5	881.0	0.5675368898978433
chr9	-92	6	925.0	0.6486486486486486
chr9	-91	1	980.0	0.10204081632653061
chr9	-90	0	1027.0	0.0
chr9	-89	2	1078.0	0.1855287569573284
chr9	-88	5	1131.0	0.4420866489832007
chr9	-87	2	1167.0	0.17137960582690662
chr9	-86	0	1216.0	0.0
chr9	-85	0	1268.0	0.0
chr9	-84	2	1319.0	0.1516300227445034
chr9	-83	3	1359.0	0.22075055187637968
chr9	-82	3	1413.0	0.21231422505307856
chr9	-81	2	1468.0	0.13623978201634876
chr9	-80	1	1525.0	0.06557377049180328
chr9	-79	7	1570.0	0.445859872611465
chr9	-78	5	1622.0	0.3082614056720099
chr9	-77	4	1668.0	0.2398081534772182
chr9	-76	1	1715.0	0.05830903790087463
chr9	-75	6	1764.0	0.3401360544217687
chr9	-74	3	1815.0	0.1652892561983471
chr9	-73	7	1868.0	0.3747323340471092
chr9	-72	3	1906.0	0.15739769150052466
chr9	-71	3	1957.0	0.1532958610117527
chr9	-70	3	2003.0	0.14977533699450823
chr9	-69	7	2058.0	0.3401360544217687
chr9	-68	8	2111.0	0.37896731406916156
chr9	-67	7	2163.0	0.3236245954692557
chr9	-66	2	2211.0	0.09045680687471733
chr9	-65	4	2269.0	0.17628911414720141
chr9	-64	15	2318.0	0.6471095772217429
chr9	-63	6	2378.0	0.2523128679562658
chr9	-62	12	2438.0	0.4922067268252666
chr9	-61	6	2482.0	0.24174053182917005
chr9	-60	3	2546.0	0.1178318931657502
chr9	-59	12	2599.0	0.461716044632551
chr9	-58	3	2650.0	0.11320754716981132
chr9	-57	4	2692.0	0.1485884101040119
chr9	-56	10	2759.0	0.3624501631025734
chr9	-55	1	2807.0	0.035625222657641606
chr9	-54	7	2854.0	0.2452697967764541
chr9	-53	10	2904.0	0.34435261707988984
chr9	-52	8	2958.0	0.2704530087897228
chr9	-51	8	3006.0	0.2661343978709248
chr9	-50	5	3050.0	0.16393442622950818
chr9	-49	3	3095.0	0.09693053311793215
chr9	-48	10	3138.0	0.3186743148502231
chr9	-47	8	3186.0	0.25109855618330196
chr9	-46	16	3234.0	0.49474335188620905
chr9	-45	2	3282.0	0.06093845216331505
chr9	-44	7	3357.0	0.20851951146857312
chr9	-43	6	3391.0	0.17693895606015925
chr9	-42	22	3437.0	0.6400931044515566
chr9	-41	11	3489.0	0.31527658354829463
chr9	-40	14	3543.0	0.3951453570420547
chr9	-39	23	3595.0	0.6397774687065368
chr9	-38	4	3630.0	0.11019283746556473
chr9	-37	15	3681.0	0.40749796251018744
chr9	-36	17	3738.0	0.45478865703584803
chr9	-35	19	3792.0	0.5010548523206751
chr9	-34	6	3861.0	0.1554001554001554
chr9	-33	16	3907.0	0.4095213718965958
chr9	-32	18	3957.0	0.45489006823351025
chr9	-31	9	4016.0	0.22410358565737054
chr9	-30	11	4074.0	0.2700049091801669
chr9	-29	17	4111.0	0.4135246898564826
chr9	-28	13	4157.0	0.31272552321385616
chr9	-27	9	4213.0	0.21362449560882982
chr9	-26	17	4261.0	0.39896737854963626
chr9	-25	13	4302.0	0.302185030218503
chr9	-24	6	4346.0	0.13805798435342845
chr9	-23	12	4398.0	0.2728512960436562
chr9	-22	14	4457.0	0.3141126318151223
chr9	-21	11	4505.0	0.244173140954495
chr9	-20	20	4542.0	0.44033465433729635
chr9	-19	12	4591.0	0.2613809627532128
chr9	-18	9	4636.0	0.19413287316652286
chr9	-17	8	4682.0	0.17086715079026057
chr9	-16	15	4727.0	0.31732599957689867
chr9	-15	17	4764.0	0.3568429890848027
chr9	-14	19	4807.0	0.3952569169960474
chr9	-13	12	4852.0	0.24732069249793898
chr9	-12	21	4903.0	0.4283091984499286
chr9	-11	24	4943.0	0.4855351001416144
chr9	-10	33	4993.0	0.660925295413579
chr9	-9	12	4993.0	0.24033647105948328
chr9	-8	13	4987.0	0.2606777621816723
chr9	-7	23	4990.0	0.4609218436873747
chr9	-6	16	4990.0	0.32064128256513025
chr9	-5	19	4990.0	0.3807615230460922
chr9	-4	12	4994.0	0.24028834601521826
chr9	-3	28	4992.0	0.5608974358974359
chr9	-2	21	4988.0	0.4210104250200481
chr9	-1	19	4989.0	0.38083784325516135
chr9	0	60	4849.0	1.2373685295937307
chr9	1	50	4799.0	1.0418837257762035
chr9	2	29	4743.0	0.611427366645583
chr9	3	26	4693.0	0.554016620498615
chr9	4	26	4639.0	0.5604656175899978
chr9	5	32	4595.0	0.6964091403699674
chr9	6	52	4548.0	1.1433597185576077
chr9	7	22	4501.0	0.4887802710508776
chr9	8	32	4464.0	0.7168458781362007
chr9	9	30	4416.0	0.6793478260869565
chr9	10	24	4351.0	0.5515973339462192
chr9	11	23	4289.0	0.5362555374213103
chr9	12	30	4237.0	0.7080481472740147
chr9	13	20	4186.0	0.4777830864787387
chr9	14	19	4142.0	0.45871559633027525
chr9	15	32	4086.0	0.7831620166421929
chr9	16	15	4025.0	0.37267080745341613
chr9	17	15	3969.0	0.3779289493575208
chr9	18	27	3918.0	0.6891271056661562
chr9	19	28	3860.0	0.7253886010362695
chr9	20	17	3815.0	0.4456094364351245
chr9	21	25	3757.0	0.6654245408570668
chr9	22	22	3725.0	0.5906040268456375
chr9	23	14	3674.0	0.38105606967882416
chr9	24	21	3644.0	0.5762897914379802
chr9	25	24	3605.0	0.665742024965326
chr9	26	18	3560.0	0.5056179775280899
chr9	27	32	3507.0	0.9124607927003138
chr9	28	23	3453.0	0.666087460179554
chr9	29	15	3401.0	0.4410467509556013
chr9	30	26	3343.0	0.7777445408315884
chr9	31	27	3289.0	0.82091821222256
chr9	32	28	3233.0	0.8660686668728734
chr9	33	17	3194.0	0.5322479649342517
chr9	34	25	3151.0	0.7933989209774674
chr9	35	28	3099.0	0.9035172636334301
chr9	36	25	3047.0	0.8204791598293404
chr9	37	20	3001.0	0.6664445184938355
chr9	38	21	2948.0	0.7123473541383989
chr9	39	17	2898.0	0.5866114561766735
chr9	40	29	2833.0	1.0236498411577832
chr9	41	21	2777.0	0.7562117392870004
chr9	42	32	2723.0	1.175174439955931
chr9	43	27	2659.0	1.0154193305754042
chr9	44	18	2614.0	0.6885998469778117
chr9	45	15	2574.0	0.5827505827505828
chr9	46	24	2525.0	0.9504950495049505
chr9	47	19	2489.0	0.7633587786259541
chr9	48	12	2434.0	0.4930156121610517
chr9	49	12	2390.0	0.502092050209205
chr9	50	11	2325.0	0.4731182795698925
chr9	51	16	2281.0	0.7014467338886453
chr9	52	14	2219.0	0.6309148264984227
chr9	53	10	2155.0	0.46403712296983757
chr9	54	12	2115.0	0.5673758865248227
chr9	55	12	2072.0	0.5791505791505791
chr9	56	12	2024.0	0.592885375494071
chr9	57	10	1981.0	0.5047955577990914
chr9	58	17	1916.0	0.8872651356993737
chr9	59	10	1874.0	0.5336179295624333
chr9	60	11	1829.0	0.6014215418261345
chr9	61	11	1776.0	0.6193693693693694
chr9	62	8	1733.0	0.4616272360069244
chr9	63	22	1680.0	1.3095238095238095
chr9	64	9	1635.0	0.5504587155963303
chr9	65	6	1573.0	0.3814367450731087
chr9	66	12	1529.0	0.7848266841072596
chr9	67	10	1479.0	0.676132521974307
chr9	68	13	1419.0	0.9161381254404511
chr9	69	8	1361.0	0.5878030859662012
chr9	70	9	1329.0	0.6772009029345373
chr9	71	4	1282.0	0.31201248049922
chr9	72	8	1227.0	0.6519967400162999
chr9	73	6	1171.0	0.5123825789923143
chr9	74	10	1119.0	0.8936550491510277
chr9	75	7	1057.0	0.6622516556291391
chr9	76	5	1013.0	0.4935834155972359
chr9	77	8	973.0	0.8221993833504625
chr9	78	4	935.0	0.42780748663101603
chr9	79	5	880.0	0.5681818181818182
chr9	80	3	848.0	0.3537735849056604
chr9	81	4	792.0	0.5050505050505051
chr9	82	6	752.0	0.7978723404255319
chr9	83	6	706.0	0.84985835694051
chr9	84	6	653.0	0.9188361408882083
chr9	85	6	613.0	0.9787928221859705
chr9	86	1	587.0	0.17035775127768313
chr9	87	4	543.0	0.7366482504604052
chr9	88	1	501.0	0.19960079840319359
chr9	89	2	461.0	0.43383947939262474
chr9	90	4	423.0	0.9456264775413712
chr9	91	4	385.0	1.0389610389610389
chr9	92	1	338.0	0.2958579881656805
chr9	93	3	301.0	0.9966777408637874
chr9	94	5	265.0	1.8867924528301887
chr9	95	1	232.0	0.43103448275862066
chr9	96	1	211.0	0.47393364928909953
chr9	97	1	171.0	0.5847953216374269
chr9	98	2	148.0	1.3513513513513513
chr9	99	2	126.0	1.5873015873015872
chr9	100	0	108.0	0.0
chr9	101	0	87.0	0.0
chr9	102	1	77.0	1.2987012987012987
chr9	103	1	65.0	1.5384615384615385
chr9	104	1	51.0	1.9607843137254901
chr9	105	1	39.0	2.564102564102564
chr9	106	0	33.0	0.0
chr9	107	1	26.0	3.8461538461538463
chr9	108	0	24.0	0.0
chr9	109	0	22.0	0.0
chr9	110	1	17.0	5.88235294117647
chr9	111	0	7.0	0.0
chr9	112	0	2.0	0.0
chr9	113	0	0.0	nan
chr9	114	0	0.0	nan
chr9	115	0	0.0	nan
chr9	116	0	0.0	nan
chr9	117	0	0.0	nan
chr9	118	0	0.0	nan
chr9	119	0	0.0	nan
chr9	120	0	0.0	nan
chr9	121	0	0.0	nan
chr9	122	0	0.0	nan
chr9	123	0	0.0	nan
chr9	124	0	0.0	nan
chr9	125	0	0.0	nan
chr9	126	0	0.0	nan
chr9	127	0	0.0	nan
chr10	-125	0	1.0	0.0
chr10	-124	0	6.0	0.0
chr10	-123	0	19.0	0.0
chr10	-122	0	37.0	0.0
chr10	-121	0	54.0	0.0
chr10	-120	0	71.0	0.0
chr10	-119	0	89.0	0.0
chr10	-118	0	122.0	0.0
chr10	-117	1	167.0	0.5988023952095809
chr10	-116	2	194.0	1.0309278350515463
chr10	-115	0	246.0	0.0
chr10	-114	0	299.0	0.0
chr10	-113	2	349.0	0.5730659025787965
chr10	-112	0	408.0	0.0
chr10	-111	0	466.0	0.0
chr10	-110	1	544.0	0.1838235294117647
chr10	-109	0	629.0	0.0
chr10	-108	1	709.0	0.14104372355430184
chr10	-107	1	784.0	0.12755102040816327
chr10	-106	0	876.0	0.0
chr10	-105	0	954.0	0.0
chr10	-104	2	1041.0	0.19212295869356388
chr10	-103	1	1120.0	0.08928571428571429
chr10	-102	0	1215.0	0.0
chr10	-101	3	1298.0	0.23112480739599386
chr10	-100	5	1418.0	0.3526093088857546
chr10	-99	0	1535.0	0.0
chr10	-98	0	1649.0	0.0
chr10	-97	5	1751.0	0.2855511136493432
chr10	-96	8	1873.0	0.42712226374799783
chr10	-95	3	2022.0	0.1483679525222552
chr10	-94	3	2123.0	0.1413094677343382
chr10	-93	5	2241.0	0.22311468094600626
chr10	-92	5	2377.0	0.2103491796381994
chr10	-91	7	2497.0	0.2803364036844213
chr10	-90	4	2634.0	0.15186028853454822
chr10	-89	9	2775.0	0.3243243243243243
chr10	-88	2	2889.0	0.06922810661128419
chr10	-87	7	3008.0	0.2327127659574468
chr10	-86	6	3125.0	0.192
chr10	-85	6	3244.0	0.18495684340320592
chr10	-84	12	3365.0	0.35661218424962854
chr10	-83	2	3508.0	0.05701254275940707
chr10	-82	7	3620.0	0.19337016574585636
chr10	-81	1	3739.0	0.02674511901577962
chr10	-80	4	3863.0	0.1035464664768315
chr10	-79	9	4004.0	0.2247752247752248
chr10	-78	5	4136.0	0.12088974854932302
chr10	-77	6	4277.0	0.1402852466682254
chr10	-76	7	4404.0	0.15894641235240692
chr10	-75	4	4531.0	0.08828073273008166
chr10	-74	4	4664.0	0.08576329331046312
chr10	-73	5	4793.0	0.1043187982474442
chr10	-72	10	4938.0	0.2025111381125962
chr10	-71	24	5045.0	0.47571853320118934
chr10	-70	11	5171.0	0.2127248114484626
chr10	-69	13	5294.0	0.2455610124669437
chr10	-68	14	5422.0	0.25820730357801547
chr10	-67	9	5556.0	0.16198704103671707
chr10	-66	19	5668.0	0.3352152434721242
chr10	-65	3	5802.0	0.0517063081695967
chr10	-64	29	5934.0	0.4887091338051905
chr10	-63	20	6082.0	0.3288391976323578
chr10	-62	14	6206.0	0.2255881405091847
chr10	-61	9	6327.0	0.1422475106685633
chr10	-60	15	6452.0	0.2324860508369498
chr10	-59	12	6595.0	0.18195602729340407
chr10	-58	17	6713.0	0.25323998212423654
chr10	-57	25	6850.0	0.36496350364963503
chr10	-56	10	6963.0	0.14361625736033318
chr10	-55	16	7103.0	0.22525693368999014
chr10	-54	20	7227.0	0.2767400027674
chr10	-53	15	7362.0	0.20374898125509372
chr10	-52	8	7487.0	0.10685187658608253
chr10	-51	19	7618.0	0.24940929377789445
chr10	-50	14	7738.0	0.18092530369604548
chr10	-49	13	7839.0	0.16583747927031509
chr10	-48	17	7987.0	0.21284587454613746
chr10	-47	11	8114.0	0.13556815380823267
chr10	-46	12	8258.0	0.1453136352627755
chr10	-45	24	8366.0	0.28687544824288785
chr10	-44	30	8484.0	0.3536067892503536
chr10	-43	8	8586.0	0.09317493594223154
chr10	-42	30	8731.0	0.3436032527774596
chr10	-41	15	8861.0	0.16928111951247038
chr10	-40	21	9003.0	0.23325558147284237
chr10	-39	7	9121.0	0.07674597083653108
chr10	-38	24	9248.0	0.25951557093425603
chr10	-37	22	9351.0	0.23526895519195806
chr10	-36	25	9469.0	0.26401943183018267
chr10	-35	20	9621.0	0.20787859889824342
chr10	-34	31	9759.0	0.3176554974894969
chr10	-33	20	9887.0	0.20228582987761706
chr10	-32	31	10022.0	0.309319497106366
chr10	-31	28	10172.0	0.2752654345261502
chr10	-30	26	10298.0	0.252476208972616
chr10	-29	12	10432.0	0.11503067484662577
chr10	-28	15	10546.0	0.14223402237815286
chr10	-27	52	10667.0	0.48748476610105934
chr10	-26	37	10768.0	0.3436106983655275
chr10	-25	18	10888.0	0.16531961792799413
chr10	-24	35	11017.0	0.3176908414268857
chr10	-23	27	11113.0	0.24295869702150633
chr10	-22	34	11252.0	0.30216850337717743
chr10	-21	11	11383.0	0.0966353333919002
chr10	-20	46	11514.0	0.39951363557408376
chr10	-19	24	11620.0	0.2065404475043029
chr10	-18	31	11741.0	0.26403202452942676
chr10	-17	43	11859.0	0.3625938106079771
chr10	-16	30	11961.0	0.2508151492350138
chr10	-15	35	12063.0	0.290143413744508
chr10	-14	36	12181.0	0.2955422379115015
chr10	-13	25	12288.0	0.20345052083333334
chr10	-12	46	12406.0	0.3707883282282767
chr10	-11	53	12538.0	0.4227149465624501
chr10	-10	50	12641.0	0.39553832766395064
chr10	-9	22	12644.0	0.17399557102182853
chr10	-8	19	12644.0	0.15026890224612463
chr10	-7	38	12643.0	0.30056157557541724
chr10	-6	31	12643.0	0.2451949695483667
chr10	-5	55	12649.0	0.4348169815795715
chr10	-4	44	12649.0	0.34785358526365723
chr10	-3	21	12646.0	0.16606041436027202
chr10	-2	64	12649.0	0.5059688512925923
chr10	-1	61	12648.0	0.4822896900695762
chr10	0	228	12269.0	1.8583421631754828
chr10	1	105	12152.0	0.8640552995391706
chr10	2	72	12030.0	0.5985037406483791
chr10	3	104	11903.0	0.8737293119381668
chr10	4	99	11782.0	0.8402648107282294
chr10	5	78	11645.0	0.6698153714040361
chr10	6	85	11519.0	0.7379112770205748
chr10	7	44	11397.0	0.38606650873036763
chr10	8	68	11260.0	0.6039076376554174
chr10	9	84	11143.0	0.7538364892757785
chr10	10	107	11026.0	0.9704335207690913
chr10	11	80	10876.0	0.735564545788893
chr10	12	56	10757.0	0.5205912429115924
chr10	13	73	10620.0	0.687382297551789
chr10	14	65	10487.0	0.6198150090588347
chr10	15	55	10375.0	0.5301204819277108
chr10	16	56	10258.0	0.545915383115617
chr10	17	57	10139.0	0.5621856198836177
chr10	18	56	10023.0	0.5587149556021151
chr10	19	81	9887.0	0.8192576110043491
chr10	20	55	9757.0	0.5636978579481398
chr10	21	69	9631.0	0.7164365071124494
chr10	22	91	9499.0	0.9579955784819455
chr10	23	50	9365.0	0.5339028296849974
chr10	24	56	9241.0	0.6059950221837463
chr10	25	54	9115.0	0.5924300603400987
chr10	26	64	8988.0	0.7120605251446372
chr10	27	68	8852.0	0.7681879801174876
chr10	28	71	8724.0	0.8138468592388812
chr10	29	41	8585.0	0.477577169481654
chr10	30	47	8445.0	0.556542332741267
chr10	31	69	8315.0	0.8298256163559831
chr10	32	49	8184.0	0.5987292277614858
chr10	33	55	8080.0	0.6806930693069307
chr10	34	27	7945.0	0.3398363750786658
chr10	35	40	7822.0	0.5113781641523907
chr10	36	37	7693.0	0.4809567138957494
chr10	37	43	7551.0	0.5694609985432394
chr10	38	40	7427.0	0.5385754678874377
chr10	39	51	7310.0	0.6976744186046512
chr10	40	51	7179.0	0.710405348934392
chr10	41	52	7045.0	0.7381121362668559
chr10	42	49	6903.0	0.7098363030566421
chr10	43	45	6754.0	0.6662718389102754
chr10	44	38	6637.0	0.5725478378785596
chr10	45	70	6506.0	1.0759299108515217
chr10	46	40	6394.0	0.6255864873318737
chr10	47	44	6259.0	0.7029876977152899
chr10	48	38	6129.0	0.6200032631750694
chr10	49	33	6009.0	0.5491762356465303
chr10	50	43	5882.0	0.7310438626317579
chr10	51	44	5742.0	0.7662835249042145
chr10	52	37	5595.0	0.6613047363717605
chr10	53	24	5450.0	0.44036697247706424
chr10	54	26	5320.0	0.4887218045112782
chr10	55	39	5199.0	0.7501442585112521
chr10	56	50	5079.0	0.9844457570387871
chr10	57	24	4962.0	0.48367593712212814
chr10	58	56	4839.0	1.1572638974994833
chr10	59	21	4732.0	0.4437869822485207
chr10	60	30	4600.0	0.6521739130434783
chr10	61	31	4460.0	0.695067264573991
chr10	62	27	4367.0	0.6182734142431876
chr10	63	22	4224.0	0.5208333333333333
chr10	64	26	4090.0	0.6356968215158924
chr10	65	43	3978.0	1.0809451985922574
chr10	66	27	3850.0	0.7012987012987013
chr10	67	36	3739.0	0.9628242845680663
chr10	68	31	3600.0	0.8611111111111112
chr10	69	22	3471.0	0.6338231057332181
chr10	70	21	3345.0	0.6278026905829596
chr10	71	14	3220.0	0.43478260869565216
chr10	72	19	3109.0	0.6111289803795433
chr10	73	16	2999.0	0.53351117039013
chr10	74	15	2888.0	0.5193905817174516
chr10	75	25	2777.0	0.9002520705797623
chr10	76	15	2639.0	0.5683971201212581
chr10	77	15	2519.0	0.5954743946010321
chr10	78	11	2410.0	0.4564315352697096
chr10	79	10	2284.0	0.43782837127845886
chr10	80	10	2135.0	0.468384074941452
chr10	81	8	2012.0	0.3976143141153081
chr10	82	9	1912.0	0.47071129707112974
chr10	83	13	1800.0	0.7222222222222222
chr10	84	15	1677.0	0.8944543828264758
chr10	85	8	1569.0	0.5098789037603569
chr10	86	6	1471.0	0.4078857919782461
chr10	87	7	1350.0	0.5185185185185185
chr10	88	9	1272.0	0.7075471698113208
chr10	89	11	1169.0	0.9409751924721984
chr10	90	3	1079.0	0.27803521779425394
chr10	91	3	988.0	0.30364372469635625
chr10	92	8	894.0	0.8948545861297539
chr10	93	5	824.0	0.6067961165048543
chr10	94	5	744.0	0.6720430107526881
chr10	95	8	663.0	1.206636500754148
chr10	96	5	594.0	0.8417508417508417
chr10	97	3	521.0	0.5758157389635317
chr10	98	4	464.0	0.8620689655172413
chr10	99	5	400.0	1.25
chr10	100	2	332.0	0.6024096385542169
chr10	101	1	275.0	0.36363636363636365
chr10	102	0	239.0	0.0
chr10	103	1	197.0	0.5076142131979695
chr10	104	4	167.0	2.3952095808383236
chr10	105	2	135.0	1.4814814814814816
chr10	106	0	102.0	0.0
chr10	107	1	72.0	1.3888888888888888
chr10	108	0	54.0	0.0
chr10	109	0	46.0	0.0
chr10	110	1	29.0	3.4482758620689653
chr10	111	0	19.0	0.0
chr10	112	0	7.0	0.0
chr10	113	0	2.0	0.0
chr10	114	0	1.0	0.0
chr10	115	0	0.0	nan
chr10	116	0	0.0	nan
chr10	117	0	0.0	nan
chr10	118	0	0.0	nan
chr10	119	0	0.0	nan
chr10	120	0	0.0	nan
chr10	121	0	0.0	nan
chr10	122	0	0.0	nan
chr10	123	0	0.0	nan
chr10	124	0	0.0	nan
chr10	125	0	0.0	nan
chr10	126	0	0.0	nan
chr10	127	0	0.0	nan
chr11	-128	0	1.0	0.0
chr11	-127	0	1.0	0.0
chr11	-126	0	1.0	0.0
chr11	-125	0	2.0	0.0
chr11	-124	0	5.0	0.0
chr11	-123	0	8.0	0.0
chr11	-122	0	12.0	0.0
chr11	-121	0	23.0	0.0
chr11	-120	0	31.0	0.0
chr11	-119	0	41.0	0.0
chr11	-118	0	49.0	0.0
chr11	-117	0	57.0	0.0
chr11	-116	0	72.0	0.0
chr11	-115	0	96.0	0.0
chr11	-114	0	114.0	0.0
chr11	-113	0	128.0	0.0
chr11	-112	0	158.0	0.0
chr11	-111	0	183.0	0.0
chr11	-110	0	207.0	0.0
chr11	-109	1	231.0	0.4329004329004329
chr11	-108	0	254.0	0.0
chr11	-107	2	281.0	0.7117437722419928
chr11	-106	1	313.0	0.3194888178913738
chr11	-105	0	348.0	0.0
chr11	-104	1	394.0	0.25380710659898476
chr11	-103	3	434.0	0.6912442396313364
chr11	-102	1	499.0	0.2004008016032064
chr11	-101	0	543.0	0.0
chr11	-100	0	599.0	0.0
chr11	-99	2	653.0	0.3062787136294028
chr11	-98	3	717.0	0.41841004184100417
chr11	-97	0	768.0	0.0
chr11	-96	2	825.0	0.24242424242424243
chr11	-95	1	896.0	0.11160714285714285
chr11	-94	0	941.0	0.0
chr11	-93	0	1010.0	0.0
chr11	-92	0	1085.0	0.0
chr11	-91	3	1141.0	0.26292725679228746
chr11	-90	2	1237.0	0.16168148746968472
chr11	-89	1	1301.0	0.07686395080707148
chr11	-88	0	1358.0	0.0
chr11	-87	0	1414.0	0.0
chr11	-86	10	1478.0	0.6765899864682002
chr11	-85	8	1547.0	0.5171299288946347
chr11	-84	3	1613.0	0.18598884066955984
chr11	-83	3	1677.0	0.17889087656529518
chr11	-82	11	1740.0	0.632183908045977
chr11	-81	8	1809.0	0.44223327805417356
chr11	-80	1	1867.0	0.05356186395286556
chr11	-79	3	1939.0	0.15471892728210418
chr11	-78	1	2002.0	0.04995004995004995
chr11	-77	3	2051.0	0.14627011214041932
chr11	-76	11	2123.0	0.5181347150259068
chr11	-75	4	2189.0	0.1827318410232983
chr11	-74	4	2258.0	0.1771479185119575
chr11	-73	8	2317.0	0.3452740612861459
chr11	-72	3	2382.0	0.12594458438287154
chr11	-71	5	2439.0	0.2050020500205002
chr11	-70	1	2524.0	0.039619651347068144
chr11	-69	4	2583.0	0.15485869144405728
chr11	-68	8	2665.0	0.300187617260788
chr11	-67	7	2717.0	0.25763709974236293
chr11	-66	2	2773.0	0.0721240533717995
chr11	-65	6	2831.0	0.2119392440833628
chr11	-64	20	2896.0	0.6906077348066298
chr11	-63	12	2964.0	0.4048582995951417
chr11	-62	7	3022.0	0.2316346790205162
chr11	-61	12	3090.0	0.3883495145631068
chr11	-60	3	3162.0	0.09487666034155598
chr11	-59	4	3226.0	0.12399256044637322
chr11	-58	6	3300.0	0.18181818181818182
chr11	-57	11	3365.0	0.32689450222882616
chr11	-56	2	3429.0	0.058326042578011085
chr11	-55	4	3497.0	0.11438375750643409
chr11	-54	20	3551.0	0.5632216277105041
chr11	-53	5	3618.0	0.13819789939192925
chr11	-52	4	3689.0	0.10843046896177824
chr11	-51	7	3742.0	0.18706574024585784
chr11	-50	2	3805.0	0.052562417871222074
chr11	-49	3	3856.0	0.07780082987551867
chr11	-48	9	3946.0	0.2280790674100355
chr11	-47	11	4003.0	0.2747939045715713
chr11	-46	12	4072.0	0.29469548133595286
chr11	-45	2	4149.0	0.048204386599180526
chr11	-44	21	4216.0	0.4981024667931689
chr11	-43	2	4287.0	0.046652670865407045
chr11	-42	5	4358.0	0.11473152822395595
chr11	-41	11	4434.0	0.24808299503834008
chr11	-40	7	4512.0	0.15514184397163122
chr11	-39	9	4581.0	0.19646365422396855
chr11	-38	10	4662.0	0.21450021450021448
chr11	-37	6	4720.0	0.1271186440677966
chr11	-36	15	4766.0	0.3147293327738145
chr11	-35	9	4827.0	0.18645121193287756
chr11	-34	8	4895.0	0.1634320735444331
chr11	-33	6	4952.0	0.12116316639741519
chr11	-32	8	4997.0	0.16009605763458074
chr11	-31	19	5075.0	0.37438423645320196
chr11	-30	8	5142.0	0.15558148580318942
chr11	-29	7	5188.0	0.1349267540478026
chr11	-28	14	5253.0	0.266514372739387
chr11	-27	20	5334.0	0.3749531308586427
chr11	-26	13	5394.0	0.2410085279940675
chr11	-25	16	5457.0	0.2932013927066154
chr11	-24	12	5533.0	0.21688053497198626
chr11	-23	13	5600.0	0.23214285714285715
chr11	-22	7	5681.0	0.12321774335504314
chr11	-21	22	5736.0	0.38354253835425384
chr11	-20	8	5816.0	0.1375515818431912
chr11	-19	17	5861.0	0.29005289199795253
chr11	-18	10	5905.0	0.1693480101608806
chr11	-17	43	5973.0	0.7199062447681233
chr11	-16	24	6045.0	0.39702233250620345
chr11	-15	7	6106.0	0.11464133639043562
chr11	-14	14	6173.0	0.2267941033533128
chr11	-13	16	6245.0	0.2562049639711769
chr11	-12	23	6294.0	0.36542739116619
chr11	-11	21	6356.0	0.3303964757709251
chr11	-10	24	6420.0	0.3738317757009346
chr11	-9	13	6420.0	0.20249221183800625
chr11	-8	17	6420.0	0.26479750778816197
chr11	-7	14	6420.0	0.21806853582554517
chr11	-6	25	6420.0	0.3894080996884735
chr11	-5	19	6420.0	0.2959501557632399
chr11	-4	15	6420.0	0.23364485981308408
chr11	-3	15	6421.0	0.2336084722005918
chr11	-2	24	6421.0	0.3737735555209469
chr11	-1	29	6421.0	0.4516430462544775
chr11	0	83	6271.0	1.3235528623823951
chr11	1	43	6212.0	0.6922086284610431
chr11	2	38	6144.0	0.6184895833333333
chr11	3	30	6068.0	0.4943968358602505
chr11	4	42	6007.0	0.6991842850008324
chr11	5	35	5949.0	0.5883341738107245
chr11	6	27	5883.0	0.4589495155532891
chr11	7	22	5836.0	0.37697052775873885
chr11	8	28	5775.0	0.48484848484848486
chr11	9	25	5704.0	0.438288920056101
chr11	10	37	5631.0	0.6570768957556384
chr11	11	30	5569.0	0.5386963548213324
chr11	12	22	5503.0	0.39978193712520443
chr11	13	29	5445.0	0.5325987144168962
chr11	14	24	5375.0	0.44651162790697674
chr11	15	22	5310.0	0.4143126177024482
chr11	16	31	5235.0	0.5921680993314231
chr11	17	29	5162.0	0.5617977528089888
chr11	18	21	5110.0	0.410958904109589
chr11	19	30	5031.0	0.5963029218843172
chr11	20	21	4947.0	0.42449969678593086
chr11	21	16	4891.0	0.32713146595788184
chr11	22	22	4826.0	0.45586406962287607
chr11	23	27	4765.0	0.5666316894018888
chr11	24	20	4705.0	0.4250797024442083
chr11	25	20	4636.0	0.4314063848144953
chr11	26	18	4565.0	0.39430449069003287
chr11	27	21	4504.0	0.4662522202486678
chr11	28	20	4445.0	0.44994375703037126
chr11	29	16	4372.0	0.36596523330283626
chr11	30	20	4309.0	0.4641448131817127
chr11	31	17	4243.0	0.4006599104407259
chr11	32	16	4174.0	0.3833253473885961
chr11	33	22	4115.0	0.534629404617254
chr11	34	21	4051.0	0.5183905208590471
chr11	35	21	3990.0	0.5263157894736842
chr11	36	10	3932.0	0.254323499491353
chr11	37	17	3868.0	0.43950361944157185
chr11	38	18	3805.0	0.47306176084099866
chr11	39	15	3724.0	0.4027926960257788
chr11	40	23	3654.0	0.629447181171319
chr11	41	21	3587.0	0.5854474491218289
chr11	42	10	3532.0	0.28312570781426954
chr11	43	39	3460.0	1.1271676300578035
chr11	44	10	3395.0	0.29455081001472755
chr11	45	18	3332.0	0.5402160864345739
chr11	46	17	3272.0	0.519559902200489
chr11	47	41	3201.0	1.280849734457982
chr11	48	19	3140.0	0.605095541401274
chr11	49	14	3066.0	0.45662100456621
chr11	50	13	2986.0	0.4353650368385801
chr11	51	11	2925.0	0.37606837606837606
chr11	52	7	2860.0	0.24475524475524477
chr11	53	26	2791.0	0.9315657470440701
chr11	54	13	2730.0	0.4761904761904762
chr11	55	9	2662.0	0.33809166040571
chr11	56	11	2596.0	0.423728813559322
chr11	57	6	2529.0	0.2372479240806643
chr11	58	12	2458.0	0.4882017900732303
chr11	59	16	2402.0	0.6661115736885929
chr11	60	20	2339.0	0.8550662676357419
chr11	61	10	2268.0	0.4409171075837742
chr11	62	6	2207.0	0.2718622564567286
chr11	63	25	2151.0	1.1622501162250116
chr11	64	12	2073.0	0.5788712011577424
chr11	65	6	2014.0	0.29791459781529295
chr11	66	10	1959.0	0.5104645227156712
chr11	67	8	1886.0	0.4241781548250266
chr11	68	7	1828.0	0.38293216630196936
chr11	69	12	1759.0	0.6822057987492893
chr11	70	9	1693.0	0.531600708800945
chr11	71	6	1635.0	0.3669724770642202
chr11	72	6	1577.0	0.3804692454026633
chr11	73	7	1517.0	0.4614370468029005
chr11	74	12	1461.0	0.8213552361396305
chr11	75	11	1399.0	0.7862759113652609
chr11	76	4	1331.0	0.30052592036063114
chr11	77	8	1260.0	0.6349206349206349
chr11	78	8	1199.0	0.6672226855713094
chr11	79	7	1138.0	0.6151142355008787
chr11	80	10	1085.0	0.9216589861751152
chr11	81	10	1028.0	0.9727626459143969
chr11	82	2	975.0	0.20512820512820512
chr11	83	2	904.0	0.22123893805309736
chr11	84	6	853.0	0.7033997655334115
chr11	85	8	808.0	0.9900990099009901
chr11	86	3	755.0	0.3973509933774834
chr11	87	2	695.0	0.28776978417266186
chr11	88	2	645.0	0.31007751937984496
chr11	89	3	584.0	0.5136986301369862
chr11	90	5	544.0	0.9191176470588236
chr11	91	1	487.0	0.20533880903490762
chr11	92	0	442.0	0.0
chr11	93	2	399.0	0.5012531328320802
chr11	94	2	364.0	0.5494505494505495
chr11	95	2	328.0	0.6097560975609756
chr11	96	1	299.0	0.33444816053511706
chr11	97	3	251.0	1.1952191235059761
chr11	98	1	214.0	0.46728971962616817
chr11	99	2	180.0	1.1111111111111112
chr11	100	0	150.0	0.0
chr11	101	0	133.0	0.0
chr11	102	2	110.0	1.8181818181818181
chr11	103	0	87.0	0.0
chr11	104	0	69.0	0.0
chr11	105	1	50.0	2.0
chr11	106	0	36.0	0.0
chr11	107	0	30.0	0.0
chr11	108	0	22.0	0.0
chr11	109	0	15.0	0.0
chr11	110	0	11.0	0.0
chr11	111	0	7.0	0.0
chr11	112	0	4.0	0.0
chr11	113	0	3.0	0.0
chr11	114	0	0.0	nan
chr11	115	0	0.0	nan
chr11	116	0	0.0	nan
chr11	117	0	0.0	nan
chr11	118	0	0.0	nan
chr11	119	0	0.0	nan
chr11	120	0	0.0	nan
chr11	121	0	0.0	nan
chr11	122	0	0.0	nan
chr11	123	0	0.0	nan
chr11	124	0	0.0	nan
chr12	-125	0	1.0	0.0
chr12	-124	0	4.0	0.0
chr12	-123	0	7.0	0.0
chr12	-122	0	16.0	0.0
chr12	-121	0	21.0	0.0
chr12	-120	0	27.0	0.0
chr12	-119	1	34.0	2.941176470588235
chr12	-118	0	42.0	0.0
chr12	-117	0	51.0	0.0
chr12	-116	0	59.0	0.0
chr12	-115	0	69.0	0.0
chr12	-114	0	92.0	0.0
chr12	-113	0	106.0	0.0
chr12	-112	1	123.0	0.8130081300813009
chr12	-111	2	145.0	1.3793103448275863
chr12	-110	0	162.0	0.0
chr12	-109	0	176.0	0.0
chr12	-108	0	194.0	0.0
chr12	-107	1	212.0	0.4716981132075472
chr12	-106	0	235.0	0.0
chr12	-105	0	270.0	0.0
chr12	-104	0	301.0	0.0
chr12	-103	0	324.0	0.0
chr12	-102	0	352.0	0.0
chr12	-101	0	379.0	0.0
chr12	-100	0	412.0	0.0
chr12	-99	0	442.0	0.0
chr12	-98	1	485.0	0.2061855670103093
chr12	-97	0	518.0	0.0
chr12	-96	0	558.0	0.0
chr12	-95	2	597.0	0.33500837520938026
chr12	-94	5	638.0	0.7836990595611284
chr12	-93	6	684.0	0.8771929824561403
chr12	-92	3	723.0	0.4149377593360996
chr12	-91	1	775.0	0.12903225806451613
chr12	-90	2	819.0	0.2442002442002442
chr12	-89	2	863.0	0.2317497103128621
chr12	-88	2	895.0	0.22346368715083798
chr12	-87	2	942.0	0.21231422505307856
chr12	-86	3	1001.0	0.2997002997002997
chr12	-85	0	1041.0	0.0
chr12	-84	4	1079.0	0.3707136237256719
chr12	-83	6	1113.0	0.5390835579514826
chr12	-82	3	1148.0	0.2613240418118467
chr12	-81	6	1193.0	0.5029337803855826
chr12	-80	1	1241.0	0.08058017727639001
chr12	-79	0	1277.0	0.0
chr12	-78	3	1318.0	0.2276176024279211
chr12	-77	1	1358.0	0.07363770250368189
chr12	-76	5	1411.0	0.3543586109142452
chr12	-75	2	1462.0	0.13679890560875513
chr12	-74	1	1505.0	0.0664451827242525
chr12	-73	4	1552.0	0.25773195876288657
chr12	-72	3	1600.0	0.1875
chr12	-71	2	1643.0	0.12172854534388314
chr12	-70	9	1686.0	0.5338078291814947
chr12	-69	8	1727.0	0.4632310364794441
chr12	-68	2	1763.0	0.11344299489506524
chr12	-67	3	1815.0	0.1652892561983471
chr12	-66	7	1855.0	0.37735849056603776
chr12	-65	18	1897.0	0.9488666315234582
chr12	-64	13	1943.0	0.6690684508492023
chr12	-63	4	1990.0	0.20100502512562815
chr12	-62	2	2039.0	0.0980872976949485
chr12	-61	3	2070.0	0.14492753623188406
chr12	-60	8	2122.0	0.3770028275212064
chr12	-59	0	2174.0	0.0
chr12	-58	1	2216.0	0.04512635379061372
chr12	-57	11	2256.0	0.4875886524822695
chr12	-56	5	2311.0	0.21635655560363476
chr12	-55	13	2350.0	0.5531914893617021
chr12	-54	3	2393.0	0.12536564981195153
chr12	-53	7	2442.0	0.28665028665028663
chr12	-52	4	2490.0	0.1606425702811245
chr12	-51	4	2538.0	0.15760441292356187
chr12	-50	4	2579.0	0.15509887553315238
chr12	-49	7	2620.0	0.26717557251908397
chr12	-48	5	2652.0	0.1885369532428356
chr12	-47	3	2689.0	0.11156563778356265
chr12	-46	15	2739.0	0.547645125958379
chr12	-45	12	2793.0	0.4296455424274973
chr12	-44	3	2843.0	0.1055223355610271
chr12	-43	14	2889.0	0.4845967462789893
chr12	-42	5	2928.0	0.17076502732240437
chr12	-41	9	2983.0	0.30170968823332217
chr12	-40	1	3017.0	0.033145508783559825
chr12	-39	6	3053.0	0.1965280052407468
chr12	-38	3	3101.0	0.09674298613350532
chr12	-37	13	3152.0	0.4124365482233503
chr12	-36	4	3183.0	0.12566760917373546
chr12	-35	10	3228.0	0.30978934324659235
chr12	-34	7	3270.0	0.21406727828746178
chr12	-33	17	3305.0	0.5143721633888049
chr12	-32	3	3352.0	0.08949880668257756
chr12	-31	8	3396.0	0.23557126030624262
chr12	-30	7	3437.0	0.20366598778004072
chr12	-29	2	3472.0	0.0576036866359447
chr12	-28	7	3526.0	0.19852524106636413
chr12	-27	9	3566.0	0.2523836231071228
chr12	-26	7	3605.0	0.1941747572815534
chr12	-25	13	3653.0	0.3558718861209964
chr12	-24	1	3686.0	0.02712967986977754
chr12	-23	8	3723.0	0.21488047273704003
chr12	-22	12	3758.0	0.31931878658861096
chr12	-21	3	3782.0	0.07932310946589106
chr12	-20	8	3820.0	0.20942408376963353
chr12	-19	10	3865.0	0.258732212160414
chr12	-18	4	3906.0	0.10240655401945725
chr12	-17	2	3957.0	0.050543340914834464
chr12	-16	9	3992.0	0.22545090180360722
chr12	-15	6	4029.0	0.14892032762472077
chr12	-14	10	4074.0	0.24545900834560627
chr12	-13	13	4113.0	0.3160709944079747
chr12	-12	10	4168.0	0.23992322456813817
chr12	-11	11	4197.0	0.262091970455087
chr12	-10	5	4227.0	0.11828720132481667
chr12	-9	9	4225.0	0.21301775147928992
chr12	-8	4	4227.0	0.09462976105985332
chr12	-7	21	4227.0	0.49680624556423
chr12	-6	1	4227.0	0.02365744026496333
chr12	-5	27	4227.0	0.63875088715401
chr12	-4	7	4226.0	0.1656412683388547
chr12	-3	12	4226.0	0.28395646000946523
chr12	-2	17	4227.0	0.40217648450437665
chr12	-1	16	4223.0	0.37887757518351883
chr12	0	69	4097.0	1.6841591408347572
chr12	1	33	4063.0	0.8122077282795964
chr12	2	25	4017.0	0.6223549912870301
chr12	3	27	3992.0	0.6763527054108216
chr12	4	25	3958.0	0.631632137443153
chr12	5	18	3908.0	0.46059365404298874
chr12	6	45	3857.0	1.166709878143635
chr12	7	13	3807.0	0.3414762280010507
chr12	8	13	3769.0	0.344919076678164
chr12	9	18	3717.0	0.48426150121065376
chr12	10	27	3672.0	0.7352941176470588
chr12	11	31	3636.0	0.8525852585258527
chr12	12	21	3607.0	0.5822012752980316
chr12	13	24	3571.0	0.6720806496779613
chr12	14	25	3529.0	0.7084159818645509
chr12	15	12	3488.0	0.34403669724770647
chr12	16	12	3446.0	0.3482298316889147
chr12	17	28	3400.0	0.823529411764706
chr12	18	32	3354.0	0.9540846750149076
chr12	19	12	3322.0	0.3612281757977122
chr12	20	10	3282.0	0.30469226081657524
chr12	21	19	3239.0	0.5866008027168879
chr12	22	22	3192.0	0.6892230576441103
chr12	23	18	3145.0	0.5723370429252782
chr12	24	35	3102.0	1.1283043197936815
chr12	25	16	3069.0	0.5213424568263278
chr12	26	10	3027.0	0.33036009250082593
chr12	27	16	2987.0	0.5356545028456646
chr12	28	12	2942.0	0.4078857919782461
chr12	29	29	2903.0	0.9989665862900448
chr12	30	21	2857.0	0.7350367518375919
chr12	31	9	2810.0	0.3202846975088968
chr12	32	25	2768.0	0.9031791907514451
chr12	33	10	2713.0	0.36859565057132326
chr12	34	15	2665.0	0.5628517823639775
chr12	35	14	2617.0	0.5349636988918609
chr12	36	13	2588.0	0.5023183925811437
chr12	37	24	2541.0	0.9445100354191263
chr12	38	7	2503.0	0.2796644027167399
chr12	39	12	2453.0	0.48919690175295555
chr12	40	14	2402.0	0.5828476269775187
chr12	41	15	2363.0	0.6347862886161659
chr12	42	16	2315.0	0.6911447084233261
chr12	43	8	2265.0	0.35320088300220753
chr12	44	11	2223.0	0.4948268106162843
chr12	45	19	2173.0	0.8743672342383801
chr12	46	19	2133.0	0.8907641819034223
chr12	47	14	2094.0	0.6685768863419294
chr12	48	13	2048.0	0.634765625
chr12	49	10	2007.0	0.4982561036372696
chr12	50	13	1962.0	0.6625891946992865
chr12	51	13	1913.0	0.6795608991113434
chr12	52	4	1873.0	0.21356113187399892
chr12	53	8	1835.0	0.4359673024523161
chr12	54	16	1792.0	0.8928571428571428
chr12	55	7	1748.0	0.40045766590389015
chr12	56	20	1710.0	1.1695906432748537
chr12	57	4	1673.0	0.23909145248057379
chr12	58	11	1616.0	0.6806930693069307
chr12	59	9	1565.0	0.5750798722044729
chr12	60	7	1526.0	0.45871559633027525
chr12	61	10	1497.0	0.6680026720106881
chr12	62	2	1455.0	0.13745704467353953
chr12	63	10	1413.0	0.7077140835102618
chr12	64	12	1368.0	0.8771929824561403
chr12	65	20	1328.0	1.5060240963855422
chr12	66	5	1284.0	0.3894080996884735
chr12	67	5	1234.0	0.4051863857374392
chr12	68	8	1194.0	0.6700167504187605
chr12	69	8	1138.0	0.7029876977152899
chr12	70	7	1098.0	0.6375227686703097
chr12	71	6	1062.0	0.5649717514124294
chr12	72	3	1013.0	0.29615004935834155
chr12	73	3	973.0	0.3083247687564234
chr12	74	3	943.0	0.3181336161187699
chr12	75	4	890.0	0.44943820224719105
chr12	76	5	862.0	0.580046403712297
chr12	77	7	817.0	0.8567931456548347
chr12	78	2	772.0	0.2590673575129534
chr12	79	5	732.0	0.6830601092896175
chr12	80	4	689.0	0.5805515239477503
chr12	81	6	647.0	0.9273570324574961
chr12	82	5	613.0	0.8156606851549755
chr12	83	3	578.0	0.5190311418685121
chr12	84	2	533.0	0.37523452157598497
chr12	85	5	492.0	1.0162601626016259
chr12	86	1	448.0	0.2232142857142857
chr12	87	3	413.0	0.7263922518159807
chr12	88	0	374.0	0.0
chr12	89	2	351.0	0.5698005698005698
chr12	90	1	323.0	0.30959752321981426
chr12	91	2	302.0	0.6622516556291391
chr12	92	7	275.0	2.5454545454545454
chr12	93	6	242.0	2.479338842975207
chr12	94	0	219.0	0.0
chr12	95	0	199.0	0.0
chr12	96	1	177.0	0.5649717514124294
chr12	97	1	164.0	0.6097560975609756
chr12	98	0	145.0	0.0
chr12	99	0	114.0	0.0
chr12	100	0	101.0	0.0
chr12	101	0	87.0	0.0
chr12	102	1	70.0	1.4285714285714286
chr12	103	0	59.0	0.0
chr12	104	0	43.0	0.0
chr12	105	1	35.0	2.857142857142857
chr12	106	1	28.0	3.571428571428571
chr12	107	1	22.0	4.545454545454546
chr12	108	0	18.0	0.0
chr12	109	0	14.0	0.0
chr12	110	0	10.0	0.0
chr12	111	0	8.0	0.0
chr12	112	0	1.0	0.0
chr12	113	0	0.0	nan
chr12	114	0	0.0	nan
chr12	115	0	0.0	nan
chr12	116	0	0.0	nan
chr12	117	0	0.0	nan
chr12	118	0	0.0	nan
chr12	119	0	0.0	nan
chr12	120	0	0.0	nan
chr12	121	0	0.0	nan
chr12	122	0	0.0	nan
chr12	123	0	0.0	nan
chr17	-128	0	1.0	0.0
chr17	-127	0	1.0	0.0
chr17	-126	0	1.0	0.0
chr17	-125	1	7.0	14.285714285714285
chr17	-124	0	11.0	0.0
chr17	-123	0	26.0	0.0
chr17	-122	0	42.0	0.0
chr17	-121	0	60.0	0.0
chr17	-120	0	82.0	0.0
chr17	-119	0	109.0	0.0
chr17	-118	0	138.0	0.0
chr17	-117	0	179.0	0.0
chr17	-116	1	223.0	0.4484304932735426
chr17	-115	0	274.0	0.0
chr17	-114	0	347.0	0.0
chr17	-113	1	417.0	0.2398081534772182
chr17	-112	0	496.0	0.0
chr17	-111	0	586.0	0.0
chr17	-110	0	681.0	0.0
chr17	-109	1	806.0	0.12406947890818859
chr17	-108	4	896.0	0.4464285714285714
chr17	-107	4	1044.0	0.38314176245210724
chr17	-106	1	1154.0	0.08665511265164644
chr17	-105	0	1289.0	0.0
chr17	-104	3	1421.0	0.211118930330753
chr17	-103	2	1551.0	0.1289490651192779
chr17	-102	1	1725.0	0.057971014492753624
chr17	-101	1	1886.0	0.05302226935312832
chr17	-100	5	2079.0	0.24050024050024052
chr17	-99	3	2256.0	0.13297872340425532
chr17	-98	4	2436.0	0.16420361247947454
chr17	-97	0	2624.0	0.0
chr17	-96	6	2808.0	0.2136752136752137
chr17	-95	4	3016.0	0.1326259946949602
chr17	-94	6	3230.0	0.18575851393188852
chr17	-93	8	3430.0	0.23323615160349853
chr17	-92	10	3619.0	0.27631942525559544
chr17	-91	6	3841.0	0.15620932048945588
chr17	-90	10	4065.0	0.24600246002460024
chr17	-89	7	4300.0	0.16279069767441862
chr17	-88	11	4510.0	0.24390243902439024
chr17	-87	6	4733.0	0.1267694908092119
chr17	-86	10	4990.0	0.2004008016032064
chr17	-85	13	5179.0	0.2510137092102723
chr17	-84	12	5419.0	0.22144307067724672
chr17	-83	23	5637.0	0.4080184495298918
chr17	-82	7	5847.0	0.11971951428082776
chr17	-81	16	6066.0	0.26376524892845365
chr17	-80	12	6304.0	0.1903553299492386
chr17	-79	10	6497.0	0.15391719255040787
chr17	-78	10	6723.0	0.14874312063067083
chr17	-77	16	6945.0	0.23038156947444202
chr17	-76	16	7151.0	0.22374493077891205
chr17	-75	14	7355.0	0.1903467029231815
chr17	-74	4	7568.0	0.052854122621564484
chr17	-73	18	7781.0	0.23133273358180184
chr17	-72	12	7977.0	0.15043249341857842
chr17	-71	18	8226.0	0.2188183807439825
chr17	-70	20	8433.0	0.23716352424997034
chr17	-69	18	8632.0	0.20852641334569047
chr17	-68	15	8841.0	0.16966406515100102
chr17	-67	16	9047.0	0.176854205814082
chr17	-66	14	9275.0	0.1509433962264151
chr17	-65	16	9499.0	0.16843878302979262
chr17	-64	20	9743.0	0.20527558246946526
chr17	-63	22	9981.0	0.22041879571185252
chr17	-62	22	10205.0	0.2155805977462028
chr17	-61	34	10417.0	0.3263895555342229
chr17	-60	21	10617.0	0.19779598756710934
chr17	-59	47	10839.0	0.4336193375772673
chr17	-58	28	11053.0	0.253324889170361
chr17	-57	21	11258.0	0.18653402025226506
chr17	-56	34	11494.0	0.29580650774317035
chr17	-55	19	11710.0	0.16225448334756618
chr17	-54	27	11922.0	0.22647206844489182
chr17	-53	25	12162.0	0.20555829633284
chr17	-52	31	12382.0	0.25036343078662576
chr17	-51	21	12556.0	0.16725071678878625
chr17	-50	25	12772.0	0.19574068274350143
chr17	-49	26	12980.0	0.20030816640986132
chr17	-48	23	13221.0	0.1739656606913244
chr17	-47	42	13426.0	0.31282586027111575
chr17	-46	22	13634.0	0.16136130262578846
chr17	-45	39	13853.0	0.2815274669746625
chr17	-44	35	14091.0	0.24838549428713363
chr17	-43	33	14309.0	0.23062408274512544
chr17	-42	39	14507.0	0.26883573447301307
chr17	-41	44	14737.0	0.2985682296261111
chr17	-40	48	14954.0	0.32098435201283937
chr17	-39	48	15179.0	0.31622636537321297
chr17	-38	50	15384.0	0.3250130005200208
chr17	-37	51	15598.0	0.32696499551224517
chr17	-36	47	15785.0	0.29775102945834653
chr17	-35	51	16027.0	0.3182130155362825
chr17	-34	40	16247.0	0.24619929833199974
chr17	-33	41	16470.0	0.24893746205221615
chr17	-32	44	16687.0	0.26367831245880025
chr17	-31	41	16878.0	0.2429197772247897
chr17	-30	52	17099.0	0.3041113515410258
chr17	-29	40	17315.0	0.23101357204735778
chr17	-28	39	17516.0	0.22265357387531398
chr17	-27	25	17709.0	0.14117115590942458
chr17	-26	39	17913.0	0.21771897504605595
chr17	-25	36	18125.0	0.19862068965517243
chr17	-24	59	18367.0	0.3212282898676975
chr17	-23	45	18572.0	0.2423002369157872
chr17	-22	85	18804.0	0.45203148266326315
chr17	-21	51	18974.0	0.26878886897860227
chr17	-20	48	19203.0	0.24996094360256207
chr17	-19	47	19417.0	0.2420559303702941
chr17	-18	51	19619.0	0.2599520872623477
chr17	-17	65	19798.0	0.32831599151429436
chr17	-16	51	19977.0	0.25529358762576965
chr17	-15	59	20201.0	0.29206474926983816
chr17	-14	67	20419.0	0.3281257652186689
chr17	-13	85	20613.0	0.4123611313248921
chr17	-12	50	20822.0	0.24013063106329843
chr17	-11	69	21019.0	0.3282744183833674
chr17	-10	77	21233.0	0.3626430556209674
chr17	-9	57	21232.0	0.26846269781461946
chr17	-8	51	21227.0	0.24026004616761673
chr17	-7	64	21236.0	0.30137502354492374
chr17	-6	76	21234.0	0.35791654893095975
chr17	-5	64	21236.0	0.30137502354492374
chr17	-4	62	21236.0	0.29195705405914485
chr17	-3	68	21236.0	0.32021096251648146
chr17	-2	59	21231.0	0.2778955301210494
chr17	-1	87	21222.0	0.4099519366694939
chr17	0	350	20681.0	1.6923746433924858
chr17	1	154	20435.0	0.7536090041595302
chr17	2	107	20215.0	0.5293099183774426
chr17	3	157	19984.0	0.7856285028022418
chr17	4	129	19761.0	0.6528009716107485
chr17	5	132	19550.0	0.6751918158567776
chr17	6	140	19360.0	0.7231404958677686
chr17	7	88	19127.0	0.46008260574057613
chr17	8	167	18898.0	0.8836913959149116
chr17	9	151	18689.0	0.8079619027235273
chr17	10	136	18475.0	0.7361299052774019
chr17	11	99	18256.0	0.5422874671340929
chr17	12	121	18059.0	0.6700260258043081
chr17	13	150	17861.0	0.8398185991825766
chr17	14	135	17638.0	0.765392901689534
chr17	15	106	17419.0	0.6085309145186291
chr17	16	105	17169.0	0.6115673597763411
chr17	17	99	16942.0	0.5843465942627789
chr17	18	95	16727.0	0.5679440425659114
chr17	19	123	16504.0	0.7452738730004846
chr17	20	90	16303.0	0.5520456357725573
chr17	21	155	16087.0	0.9635109094299744
chr17	22	112	15862.0	0.706090026478376
chr17	23	117	15638.0	0.748177516306433
chr17	24	110	15408.0	0.7139148494288681
chr17	25	85	15227.0	0.5582189531752807
chr17	26	90	15018.0	0.5992808629644426
chr17	27	99	14808.0	0.6685575364667747
chr17	28	83	14561.0	0.5700157956184327
chr17	29	74	14338.0	0.5161110336169619
chr17	30	86	14100.0	0.6099290780141844
chr17	31	104	13877.0	0.749441521942783
chr17	32	111	13658.0	0.8127104993410456
chr17	33	85	13457.0	0.6316415248569518
chr17	34	88	13244.0	0.6644518272425249
chr17	35	96	13023.0	0.73715733701912
chr17	36	80	12802.0	0.6249023590064052
chr17	37	106	12595.0	0.8416038110361254
chr17	38	72	12370.0	0.582053354890865
chr17	39	89	12140.0	0.7331136738056013
chr17	40	82	11945.0	0.6864796986186689
chr17	41	80	11746.0	0.6810829218457347
chr17	42	66	11518.0	0.5730161486369161
chr17	43	86	11306.0	0.7606580576684946
chr17	44	61	11090.0	0.5500450856627592
chr17	45	55	10880.0	0.5055147058823529
chr17	46	83	10653.0	0.7791232516661973
chr17	47	69	10416.0	0.6624423963133641
chr17	48	64	10196.0	0.6276971361318164
chr17	49	57	9983.0	0.5709706501051788
chr17	50	53	9770.0	0.5424769703172978
chr17	51	60	9550.0	0.6282722513089005
chr17	52	48	9332.0	0.5143591941705958
chr17	53	57	9132.0	0.6241787122207622
chr17	54	57	8925.0	0.6386554621848739
chr17	55	65	8704.0	0.7467830882352942
chr17	56	67	8486.0	0.7895357058684892
chr17	57	52	8269.0	0.6288547587374531
chr17	58	51	8059.0	0.6328328576746495
chr17	59	30	7864.0	0.38148524923702953
chr17	60	53	7637.0	0.6939897865654052
chr17	61	63	7409.0	0.8503171818059118
chr17	62	43	7210.0	0.5963938973647711
chr17	63	44	6977.0	0.6306435430700874
chr17	64	40	6787.0	0.5893620156180934
chr17	65	49	6577.0	0.7450205260757183
chr17	66	43	6387.0	0.6732425238766244
chr17	67	49	6164.0	0.7949383517196625
chr17	68	51	5966.0	0.8548441166610795
chr17	69	36	5743.0	0.6268500783562598
chr17	70	54	5507.0	0.9805701834029417
chr17	71	24	5299.0	0.4529156444612191
chr17	72	33	5095.0	0.6476938174681061
chr17	73	30	4910.0	0.6109979633401221
chr17	74	37	4703.0	0.7867318732723793
chr17	75	26	4496.0	0.5782918149466192
chr17	76	34	4281.0	0.7942069609904228
chr17	77	24	4058.0	0.5914243469689502
chr17	78	28	3853.0	0.7267064624967557
chr17	79	31	3653.0	0.8486175745962223
chr17	80	21	3443.0	0.6099331977926228
chr17	81	26	3244.0	0.8014796547472256
chr17	82	27	3032.0	0.8905013192612138
chr17	83	14	2821.0	0.49627791563275436
chr17	84	19	2622.0	0.7246376811594203
chr17	85	18	2452.0	0.734094616639478
chr17	86	11	2274.0	0.4837291116974494
chr17	87	24	2106.0	1.1396011396011396
chr17	88	13	1944.0	0.668724279835391
chr17	89	13	1768.0	0.7352941176470588
chr17	90	4	1594.0	0.2509410288582183
chr17	91	9	1441.0	0.6245662734212353
chr17	92	9	1332.0	0.6756756756756757
chr17	93	4	1205.0	0.33195020746887965
chr17	94	6	1051.0	0.570884871550904
chr17	95	5	936.0	0.5341880341880342
chr17	96	6	818.0	0.7334963325183375
chr17	97	9	721.0	1.248266296809986
chr17	98	8	626.0	1.2779552715654952
chr17	99	4	539.0	0.7421150278293136
chr17	100	3	454.0	0.6607929515418502
chr17	101	0	389.0	0.0
chr17	102	3	322.0	0.9316770186335404
chr17	103	0	268.0	0.0
chr17	104	0	221.0	0.0
chr17	105	1	164.0	0.6097560975609756
chr17	106	3	119.0	2.5210084033613445
chr17	107	0	88.0	0.0
chr17	108	2	69.0	2.898550724637681
chr17	109	0	49.0	0.0
chr17	110	0	33.0	0.0
chr17	111	0	16.0	0.0
chr17	112	0	8.0	0.0
chr17	113	0	4.0	0.0
chr17	114	0	0.0	nan
chr17	115	0	0.0	nan
chr17	116	0	0.0	nan
chr17	117	0	0.0	nan
chr17	118	0	0.0	nan
chr17	119	0	0.0	nan
chr17	120	0	0.0	nan
chr17	121	0	0.0	nan
chr17	122	0	0.0	nan
chr17	123	0	0.0	nan
chr17	124	0	0.0	nan
chr17	125	0	0.0	nan
chr18	-140	0	0.0	nan
chr18	-139	0	1.0	0.0
chr18	-138	0	1.0	0.0
chr18	-137	0	1.0	0.0
chr18	-136	0	1.0	0.0
chr18	-135	0	1.0	0.0
chr18	-134	0	1.0	0.0
chr18	-133	0	1.0	0.0
chr18	-132	0	1.0	0.0
chr18	-131	0	1.0	0.0
chr18	-130	0	1.0	0.0
chr18	-129	0	1.0	0.0
chr18	-128	0	2.0	0.0
chr18	-127	0	3.0	0.0
chr18	-126	0	3.0	0.0
chr18	-125	0	4.0	0.0
chr18	-124	0	4.0	0.0
chr18	-123	0	5.0	0.0
chr18	-122	0	6.0	0.0
chr18	-121	0	6.0	0.0
chr18	-120	0	6.0	0.0
chr18	-119	0	10.0	0.0
chr18	-118	0	13.0	0.0
chr18	-117	0	20.0	0.0
chr18	-116	0	26.0	0.0
chr18	-115	0	32.0	0.0
chr18	-114	0	36.0	0.0
chr18	-113	0	39.0	0.0
chr18	-112	0	50.0	0.0
chr18	-111	0	59.0	0.0
chr18	-110	0	71.0	0.0
chr18	-109	0	87.0	0.0
chr18	-108	0	98.0	0.0
chr18	-107	0	109.0	0.0
chr18	-106	0	122.0	0.0
chr18	-105	0	131.0	0.0
chr18	-104	0	143.0	0.0
chr18	-103	1	154.0	0.6493506493506493
chr18	-102	0	168.0	0.0
chr18	-101	3	184.0	1.6304347826086956
chr18	-100	4	205.0	1.951219512195122
chr18	-99	0	218.0	0.0
chr18	-98	4	233.0	1.7167381974248928
chr18	-97	0	252.0	0.0
chr18	-96	1	270.0	0.3703703703703704
chr18	-95	1	283.0	0.35335689045936397
chr18	-94	1	298.0	0.33557046979865773
chr18	-93	0	312.0	0.0
chr18	-92	3	325.0	0.9230769230769231
chr18	-91	1	350.0	0.2857142857142857
chr18	-90	1	368.0	0.2717391304347826
chr18	-89	0	389.0	0.0
chr18	-88	0	411.0	0.0
chr18	-87	0	434.0	0.0
chr18	-86	0	449.0	0.0
chr18	-85	0	469.0	0.0
chr18	-84	0	482.0	0.0
chr18	-83	0	502.0	0.0
chr18	-82	0	529.0	0.0
chr18	-81	0	556.0	0.0
chr18	-80	4	572.0	0.6993006993006993
chr18	-79	1	605.0	0.1652892561983471
chr18	-78	2	618.0	0.3236245954692557
chr18	-77	2	629.0	0.3179650238473768
chr18	-76	0	653.0	0.0
chr18	-75	0	669.0	0.0
chr18	-74	0	691.0	0.0
chr18	-73	1	708.0	0.14124293785310735
chr18	-72	1	724.0	0.13812154696132595
chr18	-71	1	743.0	0.13458950201884254
chr18	-70	0	763.0	0.0
chr18	-69	0	790.0	0.0
chr18	-68	0	811.0	0.0
chr18	-67	0	840.0	0.0
chr18	-66	1	862.0	0.11600928074245939
chr18	-65	1	883.0	0.11325028312570783
chr18	-64	0	903.0	0.0
chr18	-63	1	925.0	0.10810810810810811
chr18	-62	1	955.0	0.10471204188481677
chr18	-61	12	974.0	1.2320328542094456
chr18	-60	0	988.0	0.0
chr18	-59	3	1004.0	0.29880478087649404
chr18	-58	16	1024.0	1.5625
chr18	-57	2	1046.0	0.19120458891013384
chr18	-56	3	1064.0	0.28195488721804507
chr18	-55	1	1089.0	0.09182736455463728
chr18	-54	0	1107.0	0.0
chr18	-53	2	1134.0	0.1763668430335097
chr18	-52	10	1164.0	0.859106529209622
chr18	-51	2	1182.0	0.1692047377326565
chr18	-50	1	1204.0	0.08305647840531562
chr18	-49	1	1219.0	0.08203445447087777
chr18	-48	3	1244.0	0.2411575562700965
chr18	-47	0	1261.0	0.0
chr18	-46	4	1283.0	0.3117692907248636
chr18	-45	0	1307.0	0.0
chr18	-44	2	1325.0	0.1509433962264151
chr18	-43	15	1338.0	1.1210762331838564
chr18	-42	3	1358.0	0.22091310751104565
chr18	-41	2	1375.0	0.14545454545454545
chr18	-40	1	1392.0	0.07183908045977011
chr18	-39	3	1404.0	0.2136752136752137
chr18	-38	1	1425.0	0.07017543859649122
chr18	-37	3	1443.0	0.2079002079002079
chr18	-36	3	1466.0	0.20463847203274216
chr18	-35	4	1482.0	0.2699055330634278
chr18	-34	2	1495.0	0.13377926421404682
chr18	-33	2	1521.0	0.13149243918474687
chr18	-32	16	1542.0	1.0376134889753565
chr18	-31	8	1565.0	0.5111821086261981
chr18	-30	6	1585.0	0.3785488958990536
chr18	-29	5	1610.0	0.3105590062111801
chr18	-28	7	1625.0	0.43076923076923074
chr18	-27	16	1640.0	0.975609756097561
chr18	-26	3	1659.0	0.18083182640144665
chr18	-25	10	1676.0	0.5966587112171837
chr18	-24	23	1690.0	1.36094674556213
chr18	-23	1	1711.0	0.058445353594389245
chr18	-22	1	1729.0	0.057836899942163095
chr18	-21	35	1747.0	2.003434459072696
chr18	-20	5	1760.0	0.2840909090909091
chr18	-19	6	1782.0	0.33670033670033667
chr18	-18	3	1805.0	0.16620498614958448
chr18	-17	5	1818.0	0.27502750275027504
chr18	-16	11	1849.0	0.5949161709031909
chr18	-15	4	1872.0	0.2136752136752137
chr18	-14	3	1891.0	0.15864621893178213
chr18	-13	5	1911.0	0.2616431187859759
chr18	-12	5	1928.0	0.2593360995850622
chr18	-11	10	1944.0	0.51440329218107
chr18	-10	7	1969.0	0.35551041137633316
chr18	-9	24	1967.0	1.2201321809862735
chr18	-8	5	1968.0	0.25406504065040647
chr18	-7	21	1969.0	1.0665312341289994
chr18	-6	0	1969.0	0.0
chr18	-5	16	1969.0	0.8125952260030471
chr18	-4	13	1969.0	0.6602336211274759
chr18	-3	2	1969.0	0.10157440325038089
chr18	-2	2	1969.0	0.10157440325038089
chr18	-1	11	1969.0	0.5586592178770949
chr18	0	19	1930.0	0.9844559585492229
chr18	1	11	1914.0	0.5747126436781609
chr18	2	16	1897.0	0.8434370057986295
chr18	3	22	1888.0	1.1652542372881356
chr18	4	32	1874.0	1.7075773745997866
chr18	5	16	1854.0	0.8629989212513484
chr18	6	24	1838.0	1.3057671381936888
chr18	7	25	1817.0	1.3758943313153549
chr18	8	19	1795.0	1.0584958217270195
chr18	9	18	1777.0	1.0129431626336522
chr18	10	11	1756.0	0.6264236902050113
chr18	11	12	1739.0	0.690051753881541
chr18	12	7	1719.0	0.4072134962187318
chr18	13	13	1702.0	0.763807285546416
chr18	14	10	1685.0	0.5934718100890208
chr18	15	15	1668.0	0.8992805755395683
chr18	16	4	1649.0	0.2425712553062462
chr18	17	10	1634.0	0.6119951040391677
chr18	18	13	1608.0	0.808457711442786
chr18	19	4	1590.0	0.25157232704402516
chr18	20	46	1569.0	2.9318036966220524
chr18	21	9	1549.0	0.5810200129115558
chr18	22	3	1532.0	0.19582245430809397
chr18	23	26	1507.0	1.7252820172528203
chr18	24	16	1488.0	1.0752688172043012
chr18	25	6	1461.0	0.41067761806981523
chr18	26	19	1440.0	1.3194444444444444
chr18	27	28	1428.0	1.9607843137254901
chr18	28	8	1412.0	0.56657223796034
chr18	29	14	1392.0	1.0057471264367817
chr18	30	6	1369.0	0.4382761139517896
chr18	31	11	1346.0	0.8172362555720655
chr18	32	5	1323.0	0.3779289493575208
chr18	33	3	1297.0	0.2313030069390902
chr18	34	11	1274.0	0.8634222919937204
chr18	35	11	1255.0	0.8764940239043826
chr18	36	7	1233.0	0.5677210056772101
chr18	37	6	1211.0	0.495458298926507
chr18	38	7	1191.0	0.5877413937867338
chr18	39	6	1180.0	0.5084745762711864
chr18	40	6	1157.0	0.5185825410544511
chr18	41	7	1136.0	0.6161971830985915
chr18	42	7	1111.0	0.6300630063006301
chr18	43	6	1093.0	0.5489478499542544
chr18	44	3	1075.0	0.27906976744186046
chr18	45	8	1054.0	0.7590132827324478
chr18	46	3	1037.0	0.28929604628736744
chr18	47	2	1009.0	0.19821605550049554
chr18	48	4	983.0	0.40691759918616477
chr18	49	7	951.0	0.7360672975814931
chr18	50	4	931.0	0.4296455424274973
chr18	51	12	920.0	1.3043478260869565
chr18	52	4	901.0	0.4439511653718091
chr18	53	5	884.0	0.5656108597285068
chr18	54	1	870.0	0.11494252873563218
chr18	55	7	849.0	0.8244994110718492
chr18	56	5	837.0	0.5973715651135006
chr18	57	17	810.0	2.0987654320987654
chr18	58	7	792.0	0.8838383838383838
chr18	59	3	782.0	0.3836317135549872
chr18	60	4	756.0	0.5291005291005291
chr18	61	5	742.0	0.6738544474393532
chr18	62	3	724.0	0.4143646408839779
chr18	63	5	709.0	0.7052186177715092
chr18	64	4	692.0	0.5780346820809248
chr18	65	3	668.0	0.4491017964071856
chr18	66	10	641.0	1.5600624024960998
chr18	67	2	612.0	0.32679738562091504
chr18	68	2	589.0	0.3395585738539898
chr18	69	5	570.0	0.8771929824561403
chr18	70	4	552.0	0.7246376811594203
chr18	71	4	535.0	0.7476635514018692
chr18	72	2	514.0	0.38910505836575876
chr18	73	2	495.0	0.40404040404040403
chr18	74	4	481.0	0.8316008316008316
chr18	75	2	460.0	0.43478260869565216
chr18	76	1	447.0	0.22371364653243847
chr18	77	2	419.0	0.47732696897374705
chr18	78	4	405.0	0.9876543209876543
chr18	79	6	390.0	1.5384615384615385
chr18	80	5	378.0	1.3227513227513228
chr18	81	2	365.0	0.547945205479452
chr18	82	1	349.0	0.28653295128939826
chr18	83	1	328.0	0.3048780487804878
chr18	84	1	306.0	0.32679738562091504
chr18	85	1	289.0	0.34602076124567477
chr18	86	2	269.0	0.7434944237918215
chr18	87	4	249.0	1.6064257028112447
chr18	88	0	233.0	0.0
chr18	89	4	219.0	1.82648401826484
chr18	90	1	204.0	0.49019607843137253
chr18	91	3	191.0	1.5706806282722512
chr18	92	1	171.0	0.5847953216374269
chr18	93	0	156.0	0.0
chr18	94	2	144.0	1.3888888888888888
chr18	95	0	118.0	0.0
chr18	96	0	101.0	0.0
chr18	97	0	83.0	0.0
chr18	98	0	75.0	0.0
chr18	99	0	68.0	0.0
chr18	100	2	58.0	3.4482758620689653
chr18	101	0	50.0	0.0
chr18	102	0	40.0	0.0
chr18	103	0	31.0	0.0
chr18	104	0	21.0	0.0
chr18	105	0	14.0	0.0
chr18	106	0	13.0	0.0
chr18	107	0	10.0	0.0
chr18	108	0	9.0	0.0
chr18	109	0	6.0	0.0
chr18	110	0	3.0	0.0
chr18	111	0	3.0	0.0
chr18	112	0	1.0	0.0
chr18	113	0	0.0	nan
chr18	114	0	0.0	nan
chr18	115	0	0.0	nan
chr18	116	0	0.0	nan
chr18	117	0	0.0	nan
chr18	118	0	0.0	nan
chr18	119	0	0.0	nan
chr18	120	0	0.0	nan
chr18	121	0	0.0	nan
chr18	122	0	0.0	nan
chr18	123	0	0.0	nan
chr18	124	0	0.0	nan
chr18	125	0	0.0	nan
chr18	126	0	0.0	nan
chr18	127	0	0.0	nan
chr18	128	0	0.0	nan
chr18	129	0	0.0	nan
chr18	130	0	0.0	nan
chr18	131	0	0.0	nan
chr18	132	0	0.0	nan
chr18	133	0	0.0	nan
chr18	134	0	0.0	nan
chr18	135	0	0.0	nan
chr18	136	0	0.0	nan
chr19	-122	0	1.0	0.0
chr19	-121	0	1.0	0.0
chr19	-120	0	2.0	0.0
chr19	-119	0	4.0	0.0
chr19	-118	0	5.0	0.0
chr19	-117	0	6.0	0.0
chr19	-116	0	9.0	0.0
chr19	-115	0	14.0	0.0
chr19	-114	0	19.0	0.0
chr19	-113	0	24.0	0.0
chr19	-112	0	28.0	0.0
chr19	-111	0	34.0	0.0
chr19	-110	1	42.0	2.380952380952381
chr19	-109	0	50.0	0.0
chr19	-108	0	59.0	0.0
chr19	-107	0	70.0	0.0
chr19	-106	0	79.0	0.0
chr19	-105	0	88.0	0.0
chr19	-104	0	97.0	0.0
chr19	-103	0	120.0	0.0
chr19	-102	0	132.0	0.0
chr19	-101	0	144.0	0.0
chr19	-100	0	157.0	0.0
chr19	-99	0	173.0	0.0
chr19	-98	0	191.0	0.0
chr19	-97	0	211.0	0.0
chr19	-96	0	219.0	0.0
chr19	-95	1	249.0	0.4016064257028112
chr19	-94	0	266.0	0.0
chr19	-93	0	290.0	0.0
chr19	-92	1	305.0	0.32786885245901637
chr19	-91	0	324.0	0.0
chr19	-90	0	359.0	0.0
chr19	-89	1	378.0	0.26455026455026454
chr19	-88	4	403.0	0.9925558312655087
chr19	-87	0	423.0	0.0
chr19	-86	0	456.0	0.0
chr19	-85	1	472.0	0.211864406779661
chr19	-84	0	487.0	0.0
chr19	-83	1	513.0	0.1949317738791423
chr19	-82	1	534.0	0.18726591760299627
chr19	-81	2	552.0	0.36231884057971014
chr19	-80	3	574.0	0.5226480836236934
chr19	-79	7	601.0	1.1647254575707155
chr19	-78	1	607.0	0.16474464579901155
chr19	-77	0	619.0	0.0
chr19	-76	2	640.0	0.3125
chr19	-75	4	663.0	0.603318250377074
chr19	-74	2	680.0	0.29411764705882354
chr19	-73	0	695.0	0.0
chr19	-72	1	714.0	0.1400560224089636
chr19	-71	4	730.0	0.547945205479452
chr19	-70	2	745.0	0.2684563758389262
chr19	-69	10	768.0	1.3020833333333335
chr19	-68	0	784.0	0.0
chr19	-67	2	797.0	0.2509410288582183
chr19	-66	1	818.0	0.12224938875305623
chr19	-65	2	843.0	0.2372479240806643
chr19	-64	1	859.0	0.11641443538998836
chr19	-63	1	883.0	0.11325028312570783
chr19	-62	2	906.0	0.22075055187637968
chr19	-61	0	927.0	0.0
chr19	-60	6	948.0	0.6329113924050633
chr19	-59	2	970.0	0.2061855670103093
chr19	-58	4	995.0	0.4020100502512563
chr19	-57	9	1016.0	0.8858267716535433
chr19	-56	14	1036.0	1.3513513513513513
chr19	-55	2	1056.0	0.1893939393939394
chr19	-54	5	1075.0	0.46511627906976744
chr19	-53	0	1092.0	0.0
chr19	-52	1	1106.0	0.09041591320072333
chr19	-51	6	1132.0	0.5300353356890459
chr19	-50	5	1151.0	0.4344048653344918
chr19	-49	8	1176.0	0.6802721088435374
chr19	-48	5	1208.0	0.4139072847682119
chr19	-47	1	1229.0	0.08136696501220504
chr19	-46	5	1246.0	0.40128410914927765
chr19	-45	3	1265.0	0.23715415019762848
chr19	-44	5	1287.0	0.3885003885003885
chr19	-43	1	1308.0	0.0764525993883792
chr19	-42	4	1335.0	0.299625468164794
chr19	-41	9	1362.0	0.6607929515418502
chr19	-40	4	1392.0	0.28735632183908044
chr19	-39	3	1421.0	0.211118930330753
chr19	-38	7	1448.0	0.48342541436464087
chr19	-37	14	1466.0	0.9549795361527967
chr19	-36	3	1483.0	0.20229265003371544
chr19	-35	4	1503.0	0.2661343978709248
chr19	-34	9	1517.0	0.5932762030323006
chr19	-33	2	1533.0	0.1304631441617743
chr19	-32	4	1560.0	0.2564102564102564
chr19	-31	20	1601.0	1.2492192379762648
chr19	-30	13	1631.0	0.797057020232986
chr19	-29	6	1658.0	0.3618817852834741
chr19	-28	3	1677.0	0.17889087656529518
chr19	-27	4	1701.0	0.23515579071134626
chr19	-26	4	1723.0	0.2321532211259431
chr19	-25	11	1746.0	0.6300114547537228
chr19	-24	2	1763.0	0.11344299489506524
chr19	-23	11	1784.0	0.6165919282511211
chr19	-22	3	1799.0	0.16675931072818231
chr19	-21	3	1815.0	0.1652892561983471
chr19	-20	2	1830.0	0.1092896174863388
chr19	-19	3	1855.0	0.16172506738544476
chr19	-18	18	1872.0	0.9615384615384616
chr19	-17	3	1888.0	0.15889830508474578
chr19	-16	12	1906.0	0.6295907660020986
chr19	-15	4	1928.0	0.2074688796680498
chr19	-14	5	1944.0	0.257201646090535
chr19	-13	10	1966.0	0.508646998982706
chr19	-12	8	1982.0	0.4036326942482341
chr19	-11	6	2002.0	0.2997002997002997
chr19	-10	14	2019.0	0.6934125804853888
chr19	-9	3	2020.0	0.1485148514851485
chr19	-8	6	2020.0	0.297029702970297
chr19	-7	14	2020.0	0.6930693069306931
chr19	-6	8	2020.0	0.39603960396039606
chr19	-5	3	2020.0	0.1485148514851485
chr19	-4	16	2020.0	0.7920792079207921
chr19	-3	5	2020.0	0.24752475247524752
chr19	-2	9	2020.0	0.4455445544554455
chr19	-1	26	2020.0	1.2871287128712872
chr19	0	35	1975.0	1.7721518987341773
chr19	1	18	1954.0	0.9211873080859775
chr19	2	6	1929.0	0.3110419906687403
chr19	3	28	1912.0	1.4644351464435146
chr19	4	9	1897.0	0.4744333157617291
chr19	5	7	1877.0	0.37293553542887586
chr19	6	19	1859.0	1.0220548682087143
chr19	7	10	1839.0	0.5437737901033171
chr19	8	6	1816.0	0.3303964757709251
chr19	9	18	1796.0	1.0022271714922049
chr19	10	8	1776.0	0.45045045045045046
chr19	11	25	1746.0	1.43184421534937
chr19	12	13	1724.0	0.7540603248259861
chr19	13	15	1701.0	0.8818342151675485
chr19	14	15	1682.0	0.89179548156956
chr19	15	11	1657.0	0.663850331925166
chr19	16	11	1631.0	0.6744328632740649
chr19	17	20	1616.0	1.2376237623762376
chr19	18	8	1600.0	0.5
chr19	19	19	1579.0	1.2032932235592146
chr19	20	12	1552.0	0.7731958762886598
chr19	21	9	1531.0	0.5878510777269758
chr19	22	20	1510.0	1.3245033112582782
chr19	23	14	1492.0	0.938337801608579
chr19	24	11	1470.0	0.7482993197278911
chr19	25	15	1455.0	1.0309278350515463
chr19	26	6	1437.0	0.41753653444676403
chr19	27	12	1415.0	0.8480565371024734
chr19	28	12	1390.0	0.8633093525179856
chr19	29	10	1371.0	0.7293946024799417
chr19	30	18	1347.0	1.3363028953229399
chr19	31	11	1335.0	0.8239700374531835
chr19	32	6	1314.0	0.45662100456621
chr19	33	20	1294.0	1.545595054095827
chr19	34	13	1278.0	1.0172143974960877
chr19	35	8	1253.0	0.6384676775738228
chr19	36	17	1235.0	1.376518218623482
chr19	37	11	1211.0	0.9083402146985963
chr19	38	9	1186.0	0.7588532883642496
chr19	39	12	1173.0	1.0230179028132993
chr19	40	13	1155.0	1.1255411255411256
chr19	41	10	1142.0	0.8756567425569177
chr19	42	5	1123.0	0.44523597506678536
chr19	43	7	1100.0	0.6363636363636364
chr19	44	4	1073.0	0.3727865796831314
chr19	45	9	1049.0	0.8579599618684461
chr19	46	8	1031.0	0.7759456838021339
chr19	47	13	1016.0	1.279527559055118
chr19	48	20	995.0	2.0100502512562812
chr19	49	10	979.0	1.0214504596527068
chr19	50	6	960.0	0.625
chr19	51	13	932.0	1.3948497854077253
chr19	52	9	897.0	1.0033444816053512
chr19	53	9	883.0	1.0192525481313703
chr19	54	9	874.0	1.0297482837528604
chr19	55	10	842.0	1.187648456057007
chr19	56	11	818.0	1.3447432762836184
chr19	57	3	794.0	0.3778337531486146
chr19	58	10	782.0	1.278772378516624
chr19	59	10	754.0	1.3262599469496021
chr19	60	5	739.0	0.6765899864682002
chr19	61	9	721.0	1.248266296809986
chr19	62	7	698.0	1.002865329512894
chr19	63	9	678.0	1.3274336283185841
chr19	64	2	658.0	0.303951367781155
chr19	65	6	638.0	0.9404388714733543
chr19	66	3	615.0	0.4878048780487805
chr19	67	6	594.0	1.0101010101010102
chr19	68	7	570.0	1.2280701754385965
chr19	69	3	555.0	0.5405405405405406
chr19	70	6	529.0	1.1342155009451798
chr19	71	3	501.0	0.5988023952095809
chr19	72	1	474.0	0.21097046413502107
chr19	73	4	457.0	0.87527352297593
chr19	74	6	431.0	1.3921113689095126
chr19	75	0	423.0	0.0
chr19	76	2	390.0	0.5128205128205128
chr19	77	1	375.0	0.26666666666666666
chr19	78	2	357.0	0.5602240896358543
chr19	79	2	341.0	0.5865102639296188
chr19	80	4	312.0	1.282051282051282
chr19	81	4	292.0	1.36986301369863
chr19	82	0	274.0	0.0
chr19	83	2	247.0	0.8097165991902834
chr19	84	2	233.0	0.8583690987124464
chr19	85	1	219.0	0.45662100456621
chr19	86	3	201.0	1.4925373134328357
chr19	87	2	184.0	1.0869565217391304
chr19	88	2	165.0	1.2121212121212122
chr19	89	0	148.0	0.0
chr19	90	0	135.0	0.0
chr19	91	1	122.0	0.819672131147541
chr19	92	0	106.0	0.0
chr19	93	0	95.0	0.0
chr19	94	0	85.0	0.0
chr19	95	1	73.0	1.36986301369863
chr19	96	0	66.0	0.0
chr19	97	0	51.0	0.0
chr19	98	0	41.0	0.0
chr19	99	0	35.0	0.0
chr19	100	0	28.0	0.0
chr19	101	0	22.0	0.0
chr19	102	0	21.0	0.0
chr19	103	0	18.0	0.0
chr19	104	0	15.0	0.0
chr19	105	0	9.0	0.0
chr19	106	0	9.0	0.0
chr19	107	0	6.0	0.0
chr19	108	0	6.0	0.0
chr19	109	0	3.0	0.0
chr19	110	0	2.0	0.0
chr19	111	0	1.0	0.0
chr19	112	0	0.0	nan
chr19	113	0	0.0	nan
chr19	114	0	0.0	nan
chr19	115	0	0.0	nan
chr19	116	0	0.0	nan
chr19	117	0	0.0	nan
chr19	118	0	0.0	nan
chr19	119	0	0.0	nan
chr19	120	0	0.0	nan
chr19	121	0	0.0	nan
chr19	122	0	0.0	nan
chr20	-123	0	1.0	0.0
chr20	-122	0	1.0	0.0
chr20	-121	0	1.0	0.0
chr20	-120	0	1.0	0.0
chr20	-119	0	1.0	0.0
chr20	-118	0	3.0	0.0
chr20	-117	0	5.0	0.0
chr20	-116	0	5.0	0.0
chr20	-115	0	6.0	0.0
chr20	-114	0	6.0	0.0
chr20	-113	0	8.0	0.0
chr20	-112	0	8.0	0.0
chr20	-111	0	10.0	0.0
chr20	-110	1	13.0	7.6923076923076925
chr20	-109	0	16.0	0.0
chr20	-108	0	20.0	0.0
chr20	-107	0	22.0	0.0
chr20	-106	0	23.0	0.0
chr20	-105	0	24.0	0.0
chr20	-104	0	27.0	0.0
chr20	-103	0	30.0	0.0
chr20	-102	0	35.0	0.0
chr20	-101	0	41.0	0.0
chr20	-100	0	45.0	0.0
chr20	-99	1	47.0	2.127659574468085
chr20	-98	0	51.0	0.0
chr20	-97	1	56.0	1.7857142857142856
chr20	-96	0	63.0	0.0
chr20	-95	0	68.0	0.0
chr20	-94	0	74.0	0.0
chr20	-93	0	77.0	0.0
chr20	-92	0	80.0	0.0
chr20	-91	1	83.0	1.2048192771084338
chr20	-90	0	87.0	0.0
chr20	-89	0	92.0	0.0
chr20	-88	0	95.0	0.0
chr20	-87	0	99.0	0.0
chr20	-86	0	102.0	0.0
chr20	-85	0	106.0	0.0
chr20	-84	1	108.0	0.9259259259259258
chr20	-83	0	111.0	0.0
chr20	-82	0	115.0	0.0
chr20	-81	0	123.0	0.0
chr20	-80	0	129.0	0.0
chr20	-79	4	136.0	2.941176470588235
chr20	-78	0	144.0	0.0
chr20	-77	1	153.0	0.6535947712418301
chr20	-76	0	157.0	0.0
chr20	-75	0	161.0	0.0
chr20	-74	0	163.0	0.0
chr20	-73	2	169.0	1.183431952662722
chr20	-72	0	174.0	0.0
chr20	-71	2	180.0	1.1111111111111112
chr20	-70	0	185.0	0.0
chr20	-69	0	187.0	0.0
chr20	-68	1	189.0	0.5291005291005291
chr20	-67	1	191.0	0.5235602094240838
chr20	-66	0	196.0	0.0
chr20	-65	0	202.0	0.0
chr20	-64	3	205.0	1.4634146341463417
chr20	-63	0	209.0	0.0
chr20	-62	1	215.0	0.46511627906976744
chr20	-61	0	221.0	0.0
chr20	-60	2	226.0	0.8849557522123894
chr20	-59	1	233.0	0.4291845493562232
chr20	-58	1	241.0	0.4149377593360996
chr20	-57	1	246.0	0.40650406504065045
chr20	-56	2	248.0	0.8064516129032258
chr20	-55	2	256.0	0.78125
chr20	-54	0	260.0	0.0
chr20	-53	0	265.0	0.0
chr20	-52	1	269.0	0.37174721189591076
chr20	-51	0	272.0	0.0
chr20	-50	0	277.0	0.0
chr20	-49	0	278.0	0.0
chr20	-48	5	283.0	1.76678445229682
chr20	-47	7	288.0	2.430555555555556
chr20	-46	3	292.0	1.0273972602739725
chr20	-45	0	297.0	0.0
chr20	-44	2	299.0	0.6688963210702341
chr20	-43	0	305.0	0.0
chr20	-42	0	309.0	0.0
chr20	-41	0	314.0	0.0
chr20	-40	1	320.0	0.3125
chr20	-39	0	325.0	0.0
chr20	-38	0	331.0	0.0
chr20	-37	1	333.0	0.3003003003003003
chr20	-36	1	336.0	0.2976190476190476
chr20	-35	6	342.0	1.7543859649122806
chr20	-34	0	344.0	0.0
chr20	-33	2	345.0	0.5797101449275363
chr20	-32	1	352.0	0.2840909090909091
chr20	-31	1	356.0	0.2808988764044944
chr20	-30	1	361.0	0.2770083102493075
chr20	-29	6	367.0	1.6348773841961852
chr20	-28	0	373.0	0.0
chr20	-27	1	377.0	0.2652519893899204
chr20	-26	2	378.0	0.5291005291005291
chr20	-25	3	387.0	0.7751937984496124
chr20	-24	1	390.0	0.2564102564102564
chr20	-23	0	392.0	0.0
chr20	-22	2	397.0	0.5037783375314862
chr20	-21	3	401.0	0.7481296758104738
chr20	-20	9	403.0	2.2332506203473943
chr20	-19	2	406.0	0.49261083743842365
chr20	-18	0	408.0	0.0
chr20	-17	3	413.0	0.7263922518159807
chr20	-16	1	415.0	0.24096385542168677
chr20	-15	1	418.0	0.23923444976076555
chr20	-14	2	426.0	0.4694835680751174
chr20	-13	0	430.0	0.0
chr20	-12	0	433.0	0.0
chr20	-11	1	436.0	0.22935779816513763
chr20	-10	1	441.0	0.22675736961451248
chr20	-9	1	441.0	0.22675736961451248
chr20	-8	4	441.0	0.9070294784580499
chr20	-7	1	441.0	0.22675736961451248
chr20	-6	2	441.0	0.45351473922902497
chr20	-5	1	441.0	0.22675736961451248
chr20	-4	0	441.0	0.0
chr20	-3	2	441.0	0.45351473922902497
chr20	-2	1	440.0	0.22727272727272727
chr20	-1	0	440.0	0.0
chr20	0	4	428.0	0.9345794392523363
chr20	1	4	420.0	0.9523809523809524
chr20	2	0	412.0	0.0
chr20	3	2	406.0	0.49261083743842365
chr20	4	2	401.0	0.4987531172069825
chr20	5	0	398.0	0.0
chr20	6	5	394.0	1.2690355329949239
chr20	7	8	391.0	2.0460358056265986
chr20	8	1	390.0	0.2564102564102564
chr20	9	0	384.0	0.0
chr20	10	0	379.0	0.0
chr20	11	2	378.0	0.5291005291005291
chr20	12	1	376.0	0.26595744680851063
chr20	13	0	373.0	0.0
chr20	14	2	370.0	0.5405405405405406
chr20	15	0	362.0	0.0
chr20	16	0	358.0	0.0
chr20	17	4	352.0	1.1363636363636365
chr20	18	7	348.0	2.0114942528735633
chr20	19	0	340.0	0.0
chr20	20	1	336.0	0.2976190476190476
chr20	21	0	330.0	0.0
chr20	22	3	327.0	0.9174311926605505
chr20	23	2	323.0	0.6191950464396285
chr20	24	3	317.0	0.9463722397476341
chr20	25	0	310.0	0.0
chr20	26	2	307.0	0.6514657980456027
chr20	27	2	304.0	0.6578947368421052
chr20	28	4	298.0	1.342281879194631
chr20	29	2	296.0	0.6756756756756757
chr20	30	2	289.0	0.6920415224913495
chr20	31	1	287.0	0.34843205574912894
chr20	32	0	282.0	0.0
chr20	33	1	278.0	0.3597122302158274
chr20	34	2	274.0	0.7299270072992701
chr20	35	0	268.0	0.0
chr20	36	0	264.0	0.0
chr20	37	2	255.0	0.7843137254901961
chr20	38	0	252.0	0.0
chr20	39	1	249.0	0.4016064257028112
chr20	40	0	244.0	0.0
chr20	41	0	238.0	0.0
chr20	42	2	231.0	0.8658008658008658
chr20	43	1	230.0	0.43478260869565216
chr20	44	0	219.0	0.0
chr20	45	2	215.0	0.9302325581395349
chr20	46	8	211.0	3.7914691943127963
chr20	47	1	207.0	0.4830917874396135
chr20	48	2	203.0	0.9852216748768473
chr20	49	0	199.0	0.0
chr20	50	1	196.0	0.5102040816326531
chr20	51	1	192.0	0.5208333333333333
chr20	52	0	191.0	0.0
chr20	53	1	185.0	0.5405405405405406
chr20	54	0	179.0	0.0
chr20	55	1	171.0	0.5847953216374269
chr20	56	0	164.0	0.0
chr20	57	1	160.0	0.625
chr20	58	1	157.0	0.6369426751592357
chr20	59	0	148.0	0.0
chr20	60	1	148.0	0.6756756756756757
chr20	61	1	145.0	0.6896551724137931
chr20	62	0	139.0	0.0
chr20	63	0	133.0	0.0
chr20	64	0	128.0	0.0
chr20	65	0	124.0	0.0
chr20	66	0	121.0	0.0
chr20	67	0	118.0	0.0
chr20	68	2	113.0	1.7699115044247788
chr20	69	0	110.0	0.0
chr20	70	0	105.0	0.0
chr20	71	0	102.0	0.0
chr20	72	0	97.0	0.0
chr20	73	0	94.0	0.0
chr20	74	0	92.0	0.0
chr20	75	0	85.0	0.0
chr20	76	0	79.0	0.0
chr20	77	0	78.0	0.0
chr20	78	5	72.0	6.944444444444445
chr20	79	1	65.0	1.5384615384615385
chr20	80	0	64.0	0.0
chr20	81	1	59.0	1.694915254237288
chr20	82	1	54.0	1.8518518518518516
chr20	83	0	52.0	0.0
chr20	84	0	49.0	0.0
chr20	85	0	45.0	0.0
chr20	86	0	42.0	0.0
chr20	87	0	41.0	0.0
chr20	88	0	37.0	0.0
chr20	89	0	33.0	0.0
chr20	90	0	31.0	0.0
chr20	91	0	30.0	0.0
chr20	92	0	25.0	0.0
chr20	93	0	22.0	0.0
chr20	94	0	18.0	0.0
chr20	95	0	18.0	0.0
chr20	96	1	13.0	7.6923076923076925
chr20	97	0	10.0	0.0
chr20	98	1	10.0	10.0
chr20	99	0	10.0	0.0
chr20	100	0	8.0	0.0
chr20	101	0	8.0	0.0
chr20	102	0	7.0	0.0
chr20	103	0	6.0	0.0
chr20	104	0	5.0	0.0
chr20	105	0	5.0	0.0
chr20	106	0	4.0	0.0
chr20	107	0	2.0	0.0
chr20	108	0	2.0	0.0
chr20	109	0	1.0	0.0
chr20	110	0	0.0	nan
chr20	111	0	0.0	nan
chr20	112	0	0.0	nan
chr20	113	0	0.0	nan
chr20	114	0	0.0	nan
chr20	115	0	0.0	nan
chr20	116	0	0.0	nan
chr20	117	0	0.0	nan
chr20	118	0	0.0	nan
chr20	119	0	0.0	nan
chr20	120	0	0.0	nan
chr21	-123	0	1.0	0.0
chr21	-122	0	1.0	0.0
chr21	-121	0	1.0	0.0
chr21	-120	0	3.0	0.0
chr21	-119	0	3.0	0.0
chr21	-118	0	4.0	0.0
chr21	-117	0	4.0	0.0
chr21	-116	0	5.0	0.0
chr21	-115	0	8.0	0.0
chr21	-114	0	9.0	0.0
chr21	-113	0	10.0	0.0
chr21	-112	0	14.0	0.0
chr21	-111	0	20.0	0.0
chr21	-110	0	20.0	0.0
chr21	-109	0	21.0	0.0
chr21	-108	1	26.0	3.8461538461538463
chr21	-107	0	31.0	0.0
chr21	-106	0	43.0	0.0
chr21	-105	0	49.0	0.0
chr21	-104	0	56.0	0.0
chr21	-103	0	60.0	0.0
chr21	-102	0	62.0	0.0
chr21	-101	0	66.0	0.0
chr21	-100	0	72.0	0.0
chr21	-99	0	75.0	0.0
chr21	-98	1	81.0	1.2345679012345678
chr21	-97	1	87.0	1.1494252873563218
chr21	-96	0	95.0	0.0
chr21	-95	2	98.0	2.0408163265306123
chr21	-94	1	106.0	0.9433962264150944
chr21	-93	1	109.0	0.9174311926605505
chr21	-92	1	115.0	0.8695652173913043
chr21	-91	0	118.0	0.0
chr21	-90	0	124.0	0.0
chr21	-89	0	130.0	0.0
chr21	-88	1	136.0	0.7352941176470588
chr21	-87	1	142.0	0.7042253521126761
chr21	-86	0	148.0	0.0
chr21	-85	1	155.0	0.6451612903225806
chr21	-84	5	160.0	3.125
chr21	-83	0	168.0	0.0
chr21	-82	0	172.0	0.0
chr21	-81	0	190.0	0.0
chr21	-80	0	197.0	0.0
chr21	-79	1	206.0	0.48543689320388345
chr21	-78	1	212.0	0.4716981132075472
chr21	-77	0	221.0	0.0
chr21	-76	0	226.0	0.0
chr21	-75	1	228.0	0.43859649122807015
chr21	-74	0	235.0	0.0
chr21	-73	1	242.0	0.4132231404958678
chr21	-72	0	255.0	0.0
chr21	-71	2	260.0	0.7692307692307693
chr21	-70	2	272.0	0.7352941176470588
chr21	-69	1	279.0	0.35842293906810035
chr21	-68	4	287.0	1.3937282229965158
chr21	-67	2	296.0	0.6756756756756757
chr21	-66	2	302.0	0.6622516556291391
chr21	-65	2	305.0	0.6557377049180327
chr21	-64	0	310.0	0.0
chr21	-63	0	316.0	0.0
chr21	-62	0	318.0	0.0
chr21	-61	11	322.0	3.4161490683229814
chr21	-60	1	329.0	0.303951367781155
chr21	-59	1	337.0	0.2967359050445104
chr21	-58	3	344.0	0.872093023255814
chr21	-57	0	345.0	0.0
chr21	-56	2	352.0	0.5681818181818182
chr21	-55	0	355.0	0.0
chr21	-54	0	361.0	0.0
chr21	-53	1	366.0	0.273224043715847
chr21	-52	1	368.0	0.2717391304347826
chr21	-51	0	371.0	0.0
chr21	-50	5	376.0	1.3297872340425532
chr21	-49	3	385.0	0.7792207792207793
chr21	-48	5	391.0	1.278772378516624
chr21	-47	2	400.0	0.5
chr21	-46	1	406.0	0.24630541871921183
chr21	-45	0	411.0	0.0
chr21	-44	1	417.0	0.2398081534772182
chr21	-43	3	422.0	0.7109004739336493
chr21	-42	0	431.0	0.0
chr21	-41	3	438.0	0.684931506849315
chr21	-40	2	440.0	0.45454545454545453
chr21	-39	1	444.0	0.22522522522522523
chr21	-38	11	448.0	2.455357142857143
chr21	-37	0	464.0	0.0
chr21	-36	2	467.0	0.4282655246252677
chr21	-35	4	475.0	0.8421052631578947
chr21	-34	3	486.0	0.6172839506172839
chr21	-33	1	499.0	0.2004008016032064
chr21	-32	0	504.0	0.0
chr21	-31	2	514.0	0.38910505836575876
chr21	-30	2	521.0	0.3838771593090211
chr21	-29	2	528.0	0.3787878787878788
chr21	-28	1	537.0	0.186219739292365
chr21	-27	1	540.0	0.1851851851851852
chr21	-26	4	547.0	0.7312614259597806
chr21	-25	4	556.0	0.7194244604316548
chr21	-24	12	564.0	2.127659574468085
chr21	-23	1	571.0	0.17513134851138354
chr21	-22	1	575.0	0.17391304347826086
chr21	-21	2	579.0	0.3454231433506045
chr21	-20	4	585.0	0.6837606837606838
chr21	-19	3	590.0	0.5084745762711864
chr21	-18	4	594.0	0.6734006734006733
chr21	-17	9	600.0	1.5
chr21	-16	6	606.0	0.9900990099009901
chr21	-15	6	613.0	0.9787928221859705
chr21	-14	4	624.0	0.641025641025641
chr21	-13	2	630.0	0.31746031746031744
chr21	-12	3	634.0	0.47318611987381703
chr21	-11	1	639.0	0.1564945226917058
chr21	-10	2	645.0	0.31007751937984496
chr21	-9	6	645.0	0.9302325581395349
chr21	-8	2	645.0	0.31007751937984496
chr21	-7	2	645.0	0.31007751937984496
chr21	-6	1	645.0	0.15503875968992248
chr21	-5	3	645.0	0.46511627906976744
chr21	-4	3	645.0	0.46511627906976744
chr21	-3	3	645.0	0.46511627906976744
chr21	-2	2	645.0	0.31007751937984496
chr21	-1	1	645.0	0.15503875968992248
chr21	0	10	614.0	1.6286644951140066
chr21	1	9	608.0	1.4802631578947367
chr21	2	9	603.0	1.4925373134328357
chr21	3	5	594.0	0.8417508417508417
chr21	4	4	580.0	0.6896551724137931
chr21	5	6	572.0	1.048951048951049
chr21	6	5	565.0	0.8849557522123894
chr21	7	1	559.0	0.17889087656529518
chr21	8	5	547.0	0.9140767824497258
chr21	9	2	540.0	0.3703703703703704
chr21	10	4	537.0	0.74487895716946
chr21	11	5	529.0	0.945179584120983
chr21	12	5	522.0	0.9578544061302682
chr21	13	10	515.0	1.9417475728155338
chr21	14	10	510.0	1.9607843137254901
chr21	15	9	505.0	1.782178217821782
chr21	16	10	497.0	2.0120724346076457
chr21	17	3	493.0	0.6085192697768762
chr21	18	1	485.0	0.2061855670103093
chr21	19	6	476.0	1.2605042016806722
chr21	20	1	470.0	0.2127659574468085
chr21	21	5	462.0	1.0822510822510822
chr21	22	2	457.0	0.437636761487965
chr21	23	8	454.0	1.762114537444934
chr21	24	6	450.0	1.3333333333333335
chr21	25	5	445.0	1.1235955056179776
chr21	26	3	434.0	0.6912442396313364
chr21	27	0	429.0	0.0
chr21	28	5	421.0	1.187648456057007
chr21	29	3	414.0	0.7246376811594203
chr21	30	1	406.0	0.24630541871921183
chr21	31	1	396.0	0.25252525252525254
chr21	32	3	392.0	0.7653061224489796
chr21	33	3	386.0	0.7772020725388601
chr21	34	1	383.0	0.26109660574412535
chr21	35	3	377.0	0.7957559681697612
chr21	36	3	372.0	0.8064516129032258
chr21	37	8	370.0	2.1621621621621623
chr21	38	3	359.0	0.8356545961002786
chr21	39	1	351.0	0.2849002849002849
chr21	40	1	337.0	0.2967359050445104
chr21	41	3	329.0	0.911854103343465
chr21	42	6	325.0	1.8461538461538463
chr21	43	1	318.0	0.3144654088050315
chr21	44	1	311.0	0.3215434083601286
chr21	45	1	302.0	0.33112582781456956
chr21	46	3	293.0	1.023890784982935
chr21	47	6	287.0	2.0905923344947737
chr21	48	1	281.0	0.3558718861209964
chr21	49	3	278.0	1.079136690647482
chr21	50	0	274.0	0.0
chr21	51	2	272.0	0.7352941176470588
chr21	52	4	266.0	1.5037593984962405
chr21	53	4	263.0	1.520912547528517
chr21	54	0	257.0	0.0
chr21	55	2	252.0	0.7936507936507936
chr21	56	1	244.0	0.4098360655737705
chr21	57	0	241.0	0.0
chr21	58	0	236.0	0.0
chr21	59	4	233.0	1.7167381974248928
chr21	60	3	228.0	1.3157894736842104
chr21	61	2	221.0	0.904977375565611
chr21	62	2	215.0	0.9302325581395349
chr21	63	1	209.0	0.4784688995215311
chr21	64	0	202.0	0.0
chr21	65	2	188.0	1.0638297872340425
chr21	66	2	185.0	1.0810810810810811
chr21	67	4	176.0	2.272727272727273
chr21	68	1	170.0	0.5882352941176471
chr21	69	2	165.0	1.2121212121212122
chr21	70	2	159.0	1.257861635220126
chr21	71	2	155.0	1.2903225806451613
chr21	72	0	150.0	0.0
chr21	73	1	142.0	0.7042253521126761
chr21	74	1	138.0	0.7246376811594203
chr21	75	3	134.0	2.2388059701492535
chr21	76	1	128.0	0.78125
chr21	77	2	119.0	1.680672268907563
chr21	78	3	113.0	2.6548672566371683
chr21	79	1	110.0	0.9090909090909091
chr21	80	1	103.0	0.9708737864077669
chr21	81	0	99.0	0.0
chr21	82	2	91.0	2.197802197802198
chr21	83	1	86.0	1.1627906976744187
chr21	84	0	78.0	0.0
chr21	85	1	74.0	1.3513513513513513
chr21	86	2	69.0	2.898550724637681
chr21	87	2	59.0	3.389830508474576
chr21	88	1	54.0	1.8518518518518516
chr21	89	0	43.0	0.0
chr21	90	1	40.0	2.5
chr21	91	0	37.0	0.0
chr21	92	2	31.0	6.451612903225806
chr21	93	0	27.0	0.0
chr21	94	0	24.0	0.0
chr21	95	0	22.0	0.0
chr21	96	1	20.0	5.0
chr21	97	0	17.0	0.0
chr21	98	1	14.0	7.142857142857142
chr21	99	0	10.0	0.0
chr21	100	0	7.0	0.0
chr21	101	0	6.0	0.0
chr21	102	0	5.0	0.0
chr21	103	0	5.0	0.0
chr21	104	0	4.0	0.0
chr21	105	0	4.0	0.0
chr21	106	0	1.0	0.0
chr21	107	0	1.0	0.0
chr21	108	0	1.0	0.0
chr21	109	0	0.0	nan
chr21	110	0	0.0	nan
chr21	111	0	0.0	nan
chr21	112	0	0.0	nan
chr21	113	0	0.0	nan
chr21	114	0	0.0	nan
chr21	115	0	0.0	nan
chr21	116	0	0.0	nan
chr21	117	0	0.0	nan
chr21	118	0	0.0	nan
chr21	119	0	0.0	nan
chr22	-128	0	1.0	0.0
chr22	-127	0	1.0	0.0
chr22	-126	0	1.0	0.0
chr22	-125	0	1.0	0.0
chr22	-124	0	1.0	0.0
chr22	-123	0	1.0	0.0
chr22	-122	0	1.0	0.0
chr22	-121	0	1.0	0.0
chr22	-120	0	1.0	0.0
chr22	-119	0	1.0	0.0
chr22	-118	0	1.0	0.0
chr22	-117	0	1.0	0.0
chr22	-116	0	3.0	0.0
chr22	-115	0	3.0	0.0
chr22	-114	0	3.0	0.0
chr22	-113	0	3.0	0.0
chr22	-112	0	4.0	0.0
chr22	-111	0	5.0	0.0
chr22	-110	0	5.0	0.0
chr22	-109	0	7.0	0.0
chr22	-108	0	8.0	0.0
chr22	-107	0	12.0	0.0
chr22	-106	0	16.0	0.0
chr22	-105	0	23.0	0.0
chr22	-104	0	24.0	0.0
chr22	-103	0	25.0	0.0
chr22	-102	0	27.0	0.0
chr22	-101	0	28.0	0.0
chr22	-100	0	31.0	0.0
chr22	-99	0	36.0	0.0
chr22	-98	0	37.0	0.0
chr22	-97	0	38.0	0.0
chr22	-96	0	46.0	0.0
chr22	-95	0	51.0	0.0
chr22	-94	0	56.0	0.0
chr22	-93	0	60.0	0.0
chr22	-92	0	64.0	0.0
chr22	-91	0	69.0	0.0
chr22	-90	0	70.0	0.0
chr22	-89	0	73.0	0.0
chr22	-88	0	75.0	0.0
chr22	-87	0	75.0	0.0
chr22	-86	0	81.0	0.0
chr22	-85	0	82.0	0.0
chr22	-84	0	85.0	0.0
chr22	-83	0	90.0	0.0
chr22	-82	0	95.0	0.0
chr22	-81	2	99.0	2.0202020202020203
chr22	-80	0	103.0	0.0
chr22	-79	0	105.0	0.0
chr22	-78	0	108.0	0.0
chr22	-77	0	113.0	0.0
chr22	-76	1	115.0	0.8695652173913043
chr22	-75	1	122.0	0.819672131147541
chr22	-74	0	125.0	0.0
chr22	-73	2	129.0	1.550387596899225
chr22	-72	1	133.0	0.7518796992481203
chr22	-71	0	138.0	0.0
chr22	-70	0	142.0	0.0
chr22	-69	0	146.0	0.0
chr22	-68	1	149.0	0.6711409395973155
chr22	-67	0	154.0	0.0
chr22	-66	1	160.0	0.625
chr22	-65	1	161.0	0.6211180124223602
chr22	-64	3	167.0	1.7964071856287425
chr22	-63	0	171.0	0.0
chr22	-62	1	171.0	0.5847953216374269
chr22	-61	0	174.0	0.0
chr22	-60	0	182.0	0.0
chr22	-59	1	186.0	0.5376344086021506
chr22	-58	1	187.0	0.53475935828877
chr22	-57	1	191.0	0.5235602094240838
chr22	-56	1	193.0	0.5181347150259068
chr22	-55	0	198.0	0.0
chr22	-54	0	204.0	0.0
chr22	-53	0	206.0	0.0
chr22	-52	0	206.0	0.0
chr22	-51	2	208.0	0.9615384615384616
chr22	-50	0	210.0	0.0
chr22	-49	4	213.0	1.8779342723004695
chr22	-48	1	213.0	0.4694835680751174
chr22	-47	1	217.0	0.4608294930875576
chr22	-46	0	218.0	0.0
chr22	-45	0	222.0	0.0
chr22	-44	0	227.0	0.0
chr22	-43	0	231.0	0.0
chr22	-42	3	232.0	1.293103448275862
chr22	-41	0	234.0	0.0
chr22	-40	0	236.0	0.0
chr22	-39	0	240.0	0.0
chr22	-38	3	237.0	1.2658227848101267
chr22	-37	1	238.0	0.42016806722689076
chr22	-36	0	239.0	0.0
chr22	-35	0	245.0	0.0
chr22	-34	0	254.0	0.0
chr22	-33	1	260.0	0.38461538461538464
chr22	-32	0	268.0	0.0
chr22	-31	1	273.0	0.3663003663003663
chr22	-30	1	278.0	0.3597122302158274
chr22	-29	0	284.0	0.0
chr22	-28	0	286.0	0.0
chr22	-27	0	288.0	0.0
chr22	-26	7	292.0	2.3972602739726026
chr22	-25	1	296.0	0.33783783783783783
chr22	-24	0	300.0	0.0
chr22	-23	2	306.0	0.6535947712418301
chr22	-22	0	309.0	0.0
chr22	-21	0	312.0	0.0
chr22	-20	0	316.0	0.0
chr22	-19	0	324.0	0.0
chr22	-18	8	328.0	2.4390243902439024
chr22	-17	3	332.0	0.9036144578313252
chr22	-16	0	337.0	0.0
chr22	-15	0	339.0	0.0
chr22	-14	0	343.0	0.0
chr22	-13	4	346.0	1.1560693641618496
chr22	-12	0	348.0	0.0
chr22	-11	0	349.0	0.0
chr22	-10	0	352.0	0.0
chr22	-9	0	352.0	0.0
chr22	-8	0	352.0	0.0
chr22	-7	1	352.0	0.2840909090909091
chr22	-6	0	352.0	0.0
chr22	-5	2	352.0	0.5681818181818182
chr22	-4	1	352.0	0.2840909090909091
chr22	-3	9	352.0	2.556818181818182
chr22	-2	2	351.0	0.5698005698005698
chr22	-1	2	351.0	0.5698005698005698
chr22	0	7	344.0	2.0348837209302326
chr22	1	3	340.0	0.8823529411764706
chr22	2	7	336.0	2.083333333333333
chr22	3	2	332.0	0.6024096385542169
chr22	4	4	327.0	1.2232415902140672
chr22	5	2	322.0	0.6211180124223602
chr22	6	0	316.0	0.0
chr22	7	3	312.0	0.9615384615384616
chr22	8	1	309.0	0.3236245954692557
chr22	9	0	303.0	0.0
chr22	10	5	298.0	1.6778523489932886
chr22	11	1	295.0	0.3389830508474576
chr22	12	2	292.0	0.684931506849315
chr22	13	3	289.0	1.0380622837370241
chr22	14	1	284.0	0.35211267605633806
chr22	15	2	280.0	0.7142857142857143
chr22	16	3	277.0	1.083032490974729
chr22	17	10	277.0	3.6101083032490973
chr22	18	0	272.0	0.0
chr22	19	1	270.0	0.3703703703703704
chr22	20	1	265.0	0.37735849056603776
chr22	21	5	264.0	1.893939393939394
chr22	22	3	260.0	1.153846153846154
chr22	23	1	257.0	0.38910505836575876
chr22	24	4	247.0	1.6194331983805668
chr22	25	10	245.0	4.081632653061225
chr22	26	2	244.0	0.819672131147541
chr22	27	2	241.0	0.8298755186721992
chr22	28	3	238.0	1.2605042016806722
chr22	29	1	236.0	0.423728813559322
chr22	30	1	231.0	0.4329004329004329
chr22	31	0	229.0	0.0
chr22	32	0	226.0	0.0
chr22	33	3	219.0	1.36986301369863
chr22	34	2	207.0	0.966183574879227
chr22	35	3	204.0	1.4705882352941175
chr22	36	2	202.0	0.9900990099009901
chr22	37	0	193.0	0.0
chr22	38	3	199.0	1.507537688442211
chr22	39	2	198.0	1.0101010101010102
chr22	40	0	195.0	0.0
chr22	41	1	192.0	0.5208333333333333
chr22	42	1	187.0	0.53475935828877
chr22	43	2	183.0	1.092896174863388
chr22	44	3	177.0	1.694915254237288
chr22	45	2	174.0	1.1494252873563218
chr22	46	0	166.0	0.0
chr22	47	0	164.0	0.0
chr22	48	3	163.0	1.8404907975460123
chr22	49	3	160.0	1.875
chr22	50	0	157.0	0.0
chr22	51	1	157.0	0.6369426751592357
chr22	52	4	157.0	2.547770700636943
chr22	53	1	153.0	0.6535947712418301
chr22	54	0	148.0	0.0
chr22	55	0	144.0	0.0
chr22	56	2	140.0	1.4285714285714286
chr22	57	0	139.0	0.0
chr22	58	0	136.0	0.0
chr22	59	1	136.0	0.7352941176470588
chr22	60	1	132.0	0.7575757575757576
chr22	61	1	128.0	0.78125
chr22	62	0	126.0	0.0
chr22	63	3	121.0	2.479338842975207
chr22	64	0	118.0	0.0
chr22	65	2	113.0	1.7699115044247788
chr22	66	0	110.0	0.0
chr22	67	0	107.0	0.0
chr22	68	0	102.0	0.0
chr22	69	1	98.0	1.0204081632653061
chr22	70	0	95.0	0.0
chr22	71	0	90.0	0.0
chr22	72	0	87.0	0.0
chr22	73	0	83.0	0.0
chr22	74	4	77.0	5.194805194805195
chr22	75	0	75.0	0.0
chr22	76	0	68.0	0.0
chr22	77	0	68.0	0.0
chr22	78	0	63.0	0.0
chr22	79	0	60.0	0.0
chr22	80	0	59.0	0.0
chr22	81	0	53.0	0.0
chr22	82	0	50.0	0.0
chr22	83	1	48.0	2.083333333333333
chr22	84	1	44.0	2.272727272727273
chr22	85	0	41.0	0.0
chr22	86	0	34.0	0.0
chr22	87	0	28.0	0.0
chr22	88	0	27.0	0.0
chr22	89	0	24.0	0.0
chr22	90	0	23.0	0.0
chr22	91	0	23.0	0.0
chr22	92	0	20.0	0.0
chr22	93	0	17.0	0.0
chr22	94	0	13.0	0.0
chr22	95	0	12.0	0.0
chr22	96	0	11.0	0.0
chr22	97	0	9.0	0.0
chr22	98	1	9.0	11.11111111111111
chr22	99	0	8.0	0.0
chr22	100	0	4.0	0.0
chr22	101	0	3.0	0.0
chr22	102	0	2.0	0.0
chr22	103	0	1.0	0.0
chr22	104	0	1.0	0.0
chr22	105	0	0.0	nan
chr22	106	0	0.0	nan
chr22	107	0	0.0	nan
chr22	108	0	0.0	nan
chr22	109	0	0.0	nan
chr22	110	0	0.0	nan
chr22	111	0	0.0	nan
chr22	112	0	0.0	nan
chr22	113	0	0.0	nan
chr22	114	0	0.0	nan
chr22	115	0	0.0	nan
chrX	-121	0	1.0	0.0
chrX	-120	0	3.0	0.0
chrX	-119	0	6.0	0.0
chrX	-118	0	8.0	0.0
chrX	-117	0	9.0	0.0
chrX	-116	0	12.0	0.0
chrX	-115	0	14.0	0.0
chrX	-114	0	15.0	0.0
chrX	-113	0	15.0	0.0
chrX	-112	0	18.0	0.0
chrX	-111	0	23.0	0.0
chrX	-110	0	25.0	0.0
chrX	-109	0	25.0	0.0
chrX	-108	0	30.0	0.0
chrX	-107	0	35.0	0.0
chrX	-106	1	37.0	2.7027027027027026
chrX	-105	3	41.0	7.317073170731707
chrX	-104	0	48.0	0.0
chrX	-103	0	56.0	0.0
chrX	-102	0	65.0	0.0
chrX	-101	0	72.0	0.0
chrX	-100	2	76.0	2.631578947368421
chrX	-99	0	84.0	0.0
chrX	-98	2	90.0	2.2222222222222223
chrX	-97	0	93.0	0.0
chrX	-96	0	103.0	0.0
chrX	-95	3	116.0	2.586206896551724
chrX	-94	0	119.0	0.0
chrX	-93	0	126.0	0.0
chrX	-92	0	135.0	0.0
chrX	-91	0	144.0	0.0
chrX	-90	0	147.0	0.0
chrX	-89	0	162.0	0.0
chrX	-88	0	166.0	0.0
chrX	-87	0	171.0	0.0
chrX	-86	1	176.0	0.5681818181818182
chrX	-85	0	192.0	0.0
chrX	-84	0	203.0	0.0
chrX	-83	0	206.0	0.0
chrX	-82	0	215.0	0.0
chrX	-81	1	222.0	0.45045045045045046
chrX	-80	0	226.0	0.0
chrX	-79	0	236.0	0.0
chrX	-78	0	247.0	0.0
chrX	-77	1	260.0	0.38461538461538464
chrX	-76	1	269.0	0.37174721189591076
chrX	-75	0	278.0	0.0
chrX	-74	0	284.0	0.0
chrX	-73	0	291.0	0.0
chrX	-72	0	298.0	0.0
chrX	-71	0	309.0	0.0
chrX	-70	0	319.0	0.0
chrX	-69	2	327.0	0.6116207951070336
chrX	-68	0	336.0	0.0
chrX	-67	0	348.0	0.0
chrX	-66	1	354.0	0.2824858757062147
chrX	-65	1	362.0	0.2762430939226519
chrX	-64	0	374.0	0.0
chrX	-63	1	383.0	0.26109660574412535
chrX	-62	2	392.0	0.5102040816326531
chrX	-61	1	400.0	0.25
chrX	-60	0	412.0	0.0
chrX	-59	1	423.0	0.2364066193853428
chrX	-58	4	431.0	0.9280742459396751
chrX	-57	2	440.0	0.45454545454545453
chrX	-56	0	449.0	0.0
chrX	-55	0	458.0	0.0
chrX	-54	1	463.0	0.21598272138228944
chrX	-53	1	474.0	0.21097046413502107
chrX	-52	0	481.0	0.0
chrX	-51	0	488.0	0.0
chrX	-50	0	495.0	0.0
chrX	-49	9	506.0	1.7786561264822136
chrX	-48	9	516.0	1.744186046511628
chrX	-47	0	521.0	0.0
chrX	-46	1	529.0	0.1890359168241966
chrX	-45	0	536.0	0.0
chrX	-44	1	545.0	0.1834862385321101
chrX	-43	2	549.0	0.36429872495446264
chrX	-42	0	558.0	0.0
chrX	-41	1	569.0	0.17574692442882248
chrX	-40	1	579.0	0.17271157167530224
chrX	-39	2	591.0	0.338409475465313
chrX	-38	0	596.0	0.0
chrX	-37	4	605.0	0.6611570247933884
chrX	-36	2	611.0	0.32733224222585927
chrX	-35	3	618.0	0.48543689320388345
chrX	-34	2	627.0	0.3189792663476874
chrX	-33	2	639.0	0.3129890453834116
chrX	-32	3	652.0	0.4601226993865031
chrX	-31	1	659.0	0.15174506828528073
chrX	-30	2	666.0	0.3003003003003003
chrX	-29	0	676.0	0.0
chrX	-28	3	683.0	0.43923865300146414
chrX	-27	2	685.0	0.291970802919708
chrX	-26	2	695.0	0.28776978417266186
chrX	-25	1	706.0	0.141643059490085
chrX	-24	0	716.0	0.0
chrX	-23	3	721.0	0.4160887656033287
chrX	-22	2	729.0	0.2743484224965706
chrX	-21	0	739.0	0.0
chrX	-20	1	746.0	0.13404825737265416
chrX	-19	6	755.0	0.7947019867549668
chrX	-18	0	764.0	0.0
chrX	-17	1	770.0	0.12987012987012986
chrX	-16	1	780.0	0.1282051282051282
chrX	-15	3	794.0	0.3778337531486146
chrX	-14	7	798.0	0.8771929824561403
chrX	-13	4	800.0	0.5
chrX	-12	2	813.0	0.24600246002460024
chrX	-11	5	820.0	0.6097560975609756
chrX	-10	0	826.0	0.0
chrX	-9	3	825.0	0.36363636363636365
chrX	-8	0	826.0	0.0
chrX	-7	2	825.0	0.24242424242424243
chrX	-6	1	826.0	0.12106537530266344
chrX	-5	2	826.0	0.24213075060532688
chrX	-4	3	826.0	0.36319612590799033
chrX	-3	1	826.0	0.12106537530266344
chrX	-2	2	825.0	0.24242424242424243
chrX	-1	3	825.0	0.36363636363636365
chrX	0	23	797.0	2.8858218318695106
chrX	1	2	792.0	0.25252525252525254
chrX	2	14	790.0	1.7721518987341773
chrX	3	8	781.0	1.0243277848911652
chrX	4	1	773.0	0.129366106080207
chrX	5	6	773.0	0.7761966364812419
chrX	6	9	766.0	1.1749347258485638
chrX	7	10	759.0	1.3175230566534915
chrX	8	7	750.0	0.9333333333333335
chrX	9	3	742.0	0.40431266846361186
chrX	10	4	730.0	0.547945205479452
chrX	11	2	728.0	0.27472527472527475
chrX	12	6	725.0	0.8275862068965517
chrX	13	5	719.0	0.6954102920723227
chrX	14	6	705.0	0.851063829787234
chrX	15	6	696.0	0.8620689655172413
chrX	16	6	685.0	0.8759124087591241
chrX	17	4	675.0	0.5925925925925926
chrX	18	5	664.0	0.7530120481927711
chrX	19	4	661.0	0.6051437216338881
chrX	20	4	657.0	0.60882800608828
chrX	21	4	644.0	0.6211180124223602
chrX	22	1	628.0	0.15923566878980894
chrX	23	8	628.0	1.2738853503184715
chrX	24	1	620.0	0.16129032258064516
chrX	25	5	616.0	0.8116883116883116
chrX	26	2	602.0	0.33222591362126247
chrX	27	2	592.0	0.33783783783783783
chrX	28	3	583.0	0.5145797598627788
chrX	29	5	574.0	0.8710801393728222
chrX	30	10	567.0	1.763668430335097
chrX	31	2	560.0	0.35714285714285715
chrX	32	2	550.0	0.36363636363636365
chrX	33	4	540.0	0.7407407407407408
chrX	34	1	531.0	0.18832391713747645
chrX	35	1	525.0	0.19047619047619047
chrX	36	3	521.0	0.5758157389635317
chrX	37	5	511.0	0.9784735812133072
chrX	38	2	500.0	0.4
chrX	39	4	492.0	0.8130081300813009
chrX	40	1	486.0	0.205761316872428
chrX	41	4	475.0	0.8421052631578947
chrX	42	4	468.0	0.8547008547008548
chrX	43	1	463.0	0.21598272138228944
chrX	44	3	456.0	0.6578947368421052
chrX	45	2	451.0	0.4434589800443459
chrX	46	6	438.0	1.36986301369863
chrX	47	8	423.0	1.8912529550827424
chrX	48	12	411.0	2.9197080291970803
chrX	49	3	401.0	0.7481296758104738
chrX	50	5	393.0	1.2722646310432568
chrX	51	2	387.0	0.516795865633075
chrX	52	1	373.0	0.2680965147453083
chrX	53	5	366.0	1.366120218579235
chrX	54	3	358.0	0.8379888268156425
chrX	55	2	353.0	0.56657223796034
chrX	56	5	347.0	1.440922190201729
chrX	57	14	341.0	4.105571847507331
chrX	58	1	331.0	0.3021148036253776
chrX	59	1	316.0	0.31645569620253167
chrX	60	1	306.0	0.32679738562091504
chrX	61	3	299.0	1.0033444816053512
chrX	62	1	288.0	0.3472222222222222
chrX	63	0	277.0	0.0
chrX	64	0	269.0	0.0
chrX	65	2	261.0	0.7662835249042145
chrX	66	0	251.0	0.0
chrX	67	1	240.0	0.4166666666666667
chrX	68	3	237.0	1.2658227848101267
chrX	69	1	230.0	0.43478260869565216
chrX	70	3	223.0	1.345291479820628
chrX	71	1	215.0	0.46511627906976744
chrX	72	0	206.0	0.0
chrX	73	0	200.0	0.0
chrX	74	4	194.0	2.0618556701030926
chrX	75	2	190.0	1.0526315789473684
chrX	76	2	180.0	1.1111111111111112
chrX	77	1	172.0	0.5813953488372093
chrX	78	2	159.0	1.257861635220126
chrX	79	2	148.0	1.3513513513513513
chrX	80	1	136.0	0.7352941176470588
chrX	81	1	133.0	0.7518796992481203
chrX	82	1	127.0	0.7874015748031495
chrX	83	1	118.0	0.847457627118644
chrX	84	0	106.0	0.0
chrX	85	0	102.0	0.0
chrX	86	0	94.0	0.0
chrX	87	1	91.0	1.098901098901099
chrX	88	0	81.0	0.0
chrX	89	2	73.0	2.73972602739726
chrX	90	2	66.0	3.0303030303030303
chrX	91	1	63.0	1.5873015873015872
chrX	92	0	57.0	0.0
chrX	93	0	54.0	0.0
chrX	94	0	52.0	0.0
chrX	95	0	50.0	0.0
chrX	96	0	46.0	0.0
chrX	97	2	43.0	4.651162790697675
chrX	98	0	37.0	0.0
chrX	99	0	31.0	0.0
chrX	100	0	25.0	0.0
chrX	101	0	17.0	0.0
chrX	102	0	14.0	0.0
chrX	103	0	8.0	0.0
chrX	104	0	5.0	0.0
chrX	105	0	4.0	0.0
chrX	106	0	2.0	0.0
chrX	107	0	2.0	0.0
chrX	108	0	1.0	0.0
chrX	109	0	1.0	0.0
chrX	110	0	1.0	0.0
chrX	111	0	1.0	0.0
chrX	112	0	0.0	nan
chrX	113	0	0.0	nan
chrX	114	0	0.0	nan
chrX	115	0	0.0	nan
chrX	116	0	0.0	nan
chrX	117	0	0.0	nan
chrX	118	0	0.0	nan
chrX	119	0	0.0	nan
chrX	120	0	0.0	nan
chrX	121	0	0.0	nan
chrX	122	0	0.0	nan
