chr1	-158	0	0.0	nan
chr1	-157	0	0.0	nan
chr1	-156	0	0.0	nan
chr1	-155	0	0.0	nan
chr1	-154	0	0.0	nan
chr1	-153	0	0.0	nan
chr1	-152	0	0.0	nan
chr1	-151	0	0.0	nan
chr1	-150	0	0.0	nan
chr1	-149	0	0.0	nan
chr1	-148	0	0.0	nan
chr1	-147	0	0.0	nan
chr1	-146	0	0.0	nan
chr1	-145	0	0.0	nan
chr1	-144	0	0.0	nan
chr1	-143	0	0.0	nan
chr1	-142	0	0.0	nan
chr1	-141	0	0.0	nan
chr1	-140	0	0.0	nan
chr1	-139	0	2.0	0.0
chr1	-138	0	4.0	0.0
chr1	-137	0	4.0	0.0
chr1	-136	0	5.0	0.0
chr1	-135	0	6.0	0.0
chr1	-134	0	8.0	0.0
chr1	-133	0	8.0	0.0
chr1	-132	0	8.0	0.0
chr1	-131	0	10.0	0.0
chr1	-130	0	87.0	0.0
chr1	-129	0	205.0	0.0
chr1	-128	0	354.0	0.0
chr1	-127	0	522.0	0.0
chr1	-126	1	717.0	0.1394700139470014
chr1	-125	0	892.0	0.0
chr1	-124	0	1092.0	0.0
chr1	-123	2	1269.0	0.15760441292356187
chr1	-122	2	1458.0	0.1371742112482853
chr1	-121	6	1675.0	0.3582089552238806
chr1	-120	1	1893.0	0.05282620179609086
chr1	-119	2	2107.0	0.09492168960607499
chr1	-118	5	2358.0	0.21204410517387615
chr1	-117	6	2576.0	0.2329192546583851
chr1	-116	6	2824.0	0.2124645892351275
chr1	-115	5	3036.0	0.16469038208168643
chr1	-114	1	3261.0	0.030665440049064706
chr1	-113	5	3489.0	0.14330753797649756
chr1	-112	2	3739.0	0.05349023803155924
chr1	-111	4	3991.0	0.10022550739163118
chr1	-110	8	4245.0	0.18845700824499412
chr1	-109	9	4512.0	0.19946808510638298
chr1	-108	10	4782.0	0.20911752404851527
chr1	-107	5	5033.0	0.09934432743890324
chr1	-106	8	5289.0	0.15125732652675364
chr1	-105	4	5550.0	0.07207207207207207
chr1	-104	10	5806.0	0.17223561832586978
chr1	-103	5	6064.0	0.08245382585751979
chr1	-102	2	6316.0	0.031665611146295125
chr1	-101	10	6563.0	0.15236934328813043
chr1	-100	13	6832.0	0.19028103044496486
chr1	-99	25	7146.0	0.3498460677301987
chr1	-98	10	7441.0	0.134390538906061
chr1	-97	17	7717.0	0.22029285991965789
chr1	-96	16	8003.0	0.1999250281144571
chr1	-95	9	8284.0	0.10864316755190728
chr1	-94	16	8575.0	0.18658892128279883
chr1	-93	0	8845.0	0.0
chr1	-92	24	9132.0	0.2628120893561104
chr1	-91	38	9418.0	0.4034826927160756
chr1	-90	15	9721.0	0.15430511264273222
chr1	-89	20	10018.0	0.19964064683569574
chr1	-88	9	10309.0	0.08730235716364342
chr1	-87	12	10622.0	0.1129730747505178
chr1	-86	28	10907.0	0.25671587054185385
chr1	-85	28	11206.0	0.24986614313760486
chr1	-84	22	11468.0	0.19183815835367982
chr1	-83	24	11764.0	0.20401224073444407
chr1	-82	29	12055.0	0.24056408129406884
chr1	-81	18	12321.0	0.1460920379839299
chr1	-80	25	12616.0	0.1981610653138871
chr1	-79	19	12891.0	0.147389651694981
chr1	-78	47	13195.0	0.3561955286093217
chr1	-77	29	13470.0	0.21529324424647364
chr1	-76	22	13748.0	0.16002327611288916
chr1	-75	29	14033.0	0.20665574004133117
chr1	-74	22	14303.0	0.15381388519890932
chr1	-73	22	14594.0	0.15074688228038918
chr1	-72	24	14863.0	0.16147480320258362
chr1	-71	24	15142.0	0.15849953770968167
chr1	-70	26	15420.0	0.16861219195849547
chr1	-69	20	15716.0	0.12725884448969205
chr1	-68	28	16021.0	0.1747706135696898
chr1	-67	32	16296.0	0.19636720667648502
chr1	-66	36	16599.0	0.21688053497198626
chr1	-65	50	16907.0	0.29573549417401074
chr1	-64	26	17223.0	0.15096092434535216
chr1	-63	52	17528.0	0.29666818804198997
chr1	-62	30	17799.0	0.16854879487611663
chr1	-61	39	18120.0	0.2152317880794702
chr1	-60	34	18466.0	0.18412217047546844
chr1	-59	46	18788.0	0.24483713008303173
chr1	-58	45	19095.0	0.2356637863315004
chr1	-57	41	19339.0	0.2120068255856042
chr1	-56	45	19623.0	0.22932273352698362
chr1	-55	33	19886.0	0.1659458915820175
chr1	-54	29	20208.0	0.14350752177355502
chr1	-53	40	20489.0	0.19522670701351943
chr1	-52	51	20792.0	0.24528664871104272
chr1	-51	30	21071.0	0.14237577713445018
chr1	-50	37	21343.0	0.1733589467272642
chr1	-49	61	21617.0	0.2821853171115326
chr1	-48	56	21905.0	0.25564939511527046
chr1	-47	40	22223.0	0.17999370022049227
chr1	-46	45	22518.0	0.19984012789768185
chr1	-45	51	22839.0	0.22330224615788782
chr1	-44	68	23146.0	0.2937872634580489
chr1	-43	44	23473.0	0.18744940996038
chr1	-42	44	23715.0	0.18553658022348724
chr1	-41	31	24029.0	0.12901077864247368
chr1	-40	55	24326.0	0.2260955356408781
chr1	-39	39	24618.0	0.15842066780404582
chr1	-38	52	24951.0	0.20840848062201917
chr1	-37	46	25238.0	0.18226483873524052
chr1	-36	54	25562.0	0.21125107581566388
chr1	-35	54	25896.0	0.20852641334569047
chr1	-34	50	26179.0	0.1909927804728981
chr1	-33	49	26473.0	0.18509424696860954
chr1	-32	51	26772.0	0.19049753473778575
chr1	-31	52	27057.0	0.19218686476697341
chr1	-30	86	27337.0	0.3145919449829901
chr1	-29	53	27645.0	0.1917164044130946
chr1	-28	102	27964.0	0.36475468459447863
chr1	-27	67	28284.0	0.23688304341677274
chr1	-26	65	28615.0	0.22715359077406955
chr1	-25	74	28929.0	0.25579867952573543
chr1	-24	58	29221.0	0.19848738920639264
chr1	-23	82	29509.0	0.27788132434172624
chr1	-22	58	29802.0	0.1946178108851755
chr1	-21	72	30127.0	0.23898828293557275
chr1	-20	65	30432.0	0.21359095688748686
chr1	-19	70	30753.0	0.227620069586707
chr1	-18	97	31071.0	0.3121882140903093
chr1	-17	55	31408.0	0.1751146204788589
chr1	-16	64	31759.0	0.20151768002770867
chr1	-15	102	32110.0	0.31765805045157275
chr1	-14	94	32463.0	0.28956042263499987
chr1	-13	81	32769.0	0.24718483932985444
chr1	-12	76	33094.0	0.22964887895086722
chr1	-11	67	33405.0	0.20056877712917226
chr1	-10	72	33717.0	0.21354213008274756
chr1	-9	81	33673.0	0.24054880765004605
chr1	-8	100	33663.0	0.2970620562635535
chr1	-7	65	33692.0	0.19292413629348212
chr1	-6	94	33689.0	0.27902282644186527
chr1	-5	127	33671.0	0.3771791749576787
chr1	-4	131	33670.0	0.38907038907038904
chr1	-3	110	33679.0	0.32661302295198785
chr1	-2	90	33673.0	0.2672764529444956
chr1	-1	304	33634.0	0.9038472973776536
chr1	0	295	32960.0	0.8950242718446602
chr1	1	101	32689.0	0.3089724372112943
chr1	2	145	32420.0	0.4472547809993831
chr1	3	135	32138.0	0.42006347625863466
chr1	4	135	31883.0	0.42342314085876487
chr1	5	123	31603.0	0.3892035566243711
chr1	6	85	31311.0	0.2714700903835713
chr1	7	98	31017.0	0.315955766192733
chr1	8	83	30711.0	0.27026146983165644
chr1	9	86	30464.0	0.2823004201680672
chr1	10	91	30144.0	0.3018842887473461
chr1	11	98	29834.0	0.328484279680901
chr1	12	78	29558.0	0.2638879491169903
chr1	13	86	29257.0	0.2939467477868544
chr1	14	109	28967.0	0.3762902613318604
chr1	15	99	28672.0	0.3452845982142857
chr1	16	80	28342.0	0.2822666008044598
chr1	17	83	28059.0	0.29580526747211233
chr1	18	64	27752.0	0.23061400980109542
chr1	19	65	27448.0	0.23681142524045468
chr1	20	101	27142.0	0.37211701422150173
chr1	21	67	26825.0	0.24976700838769805
chr1	22	107	26532.0	0.40328659731644806
chr1	23	74	26241.0	0.28200144811554434
chr1	24	100	25954.0	0.38529706403637204
chr1	25	80	25701.0	0.3112719349441656
chr1	26	68	25436.0	0.267337631703098
chr1	27	100	25150.0	0.3976143141153081
chr1	28	79	24861.0	0.31776678331523267
chr1	29	92	24546.0	0.3748064857817974
chr1	30	48	24247.0	0.19796263455272817
chr1	31	68	23926.0	0.2842096464097635
chr1	32	78	23616.0	0.3302845528455285
chr1	33	76	23296.0	0.32623626373626374
chr1	34	75	22998.0	0.32611531437516306
chr1	35	70	22689.0	0.3085195469170082
chr1	36	73	22386.0	0.3260966675600822
chr1	37	66	22123.0	0.2983320526149256
chr1	38	66	21817.0	0.30251638630425814
chr1	39	50	21506.0	0.23249325769552684
chr1	40	69	21197.0	0.3255177619474454
chr1	41	73	20901.0	0.34926558537869
chr1	42	67	20641.0	0.3245966765176106
chr1	43	85	20332.0	0.4180602006688963
chr1	44	70	19996.0	0.3500700140028006
chr1	45	57	19705.0	0.289266683582847
chr1	46	51	19443.0	0.2623051998148434
chr1	47	61	19136.0	0.31877090301003347
chr1	48	62	18856.0	0.3288078065337293
chr1	49	49	18555.0	0.2640797628671517
chr1	50	55	18262.0	0.30117183221991023
chr1	51	68	17975.0	0.37830319888734354
chr1	52	55	17688.0	0.3109452736318408
chr1	53	43	17414.0	0.24692775927414723
chr1	54	55	17135.0	0.32098044937262915
chr1	55	51	16840.0	0.3028503562945368
chr1	56	51	16546.0	0.30823159676054634
chr1	57	50	16261.0	0.3074841645655249
chr1	58	66	15972.0	0.4132231404958678
chr1	59	66	15680.0	0.42091836734693877
chr1	60	60	15385.0	0.3899902502437439
chr1	61	52	15079.0	0.3448504542741561
chr1	62	57	14764.0	0.3860742346247629
chr1	63	47	14462.0	0.32498962799059605
chr1	64	52	14129.0	0.3680373699483332
chr1	65	43	13786.0	0.31191063397649793
chr1	66	56	13496.0	0.4149377593360996
chr1	67	46	13195.0	0.34861690034103826
chr1	68	42	12905.0	0.3254552499031383
chr1	69	43	12572.0	0.34202990773146674
chr1	70	38	12288.0	0.30924479166666663
chr1	71	55	12003.0	0.45821877863867366
chr1	72	41	11744.0	0.34911444141689374
chr1	73	45	11486.0	0.3917812989726624
chr1	74	44	11194.0	0.3930677148472396
chr1	75	36	10891.0	0.3305481590303921
chr1	76	34	10610.0	0.32045240339302544
chr1	77	57	10330.0	0.5517909002904162
chr1	78	29	10060.0	0.2882703777335984
chr1	79	33	9790.0	0.33707865168539325
chr1	80	26	9518.0	0.27316663164530364
chr1	81	32	9230.0	0.3466955579631636
chr1	82	23	8952.0	0.25692582663092045
chr1	83	24	8652.0	0.27739251040221913
chr1	84	40	8396.0	0.47641734159123394
chr1	85	25	8107.0	0.3083754779819909
chr1	86	25	7826.0	0.3194479938665985
chr1	87	19	7541.0	0.25195597400875214
chr1	88	26	7234.0	0.35941387890517007
chr1	89	19	6986.0	0.2719725164614944
chr1	90	31	6716.0	0.46158427635497323
chr1	91	31	6457.0	0.48009911723710696
chr1	92	20	6218.0	0.32164683177870695
chr1	93	16	5943.0	0.26922429749284876
chr1	94	16	5692.0	0.28109627547434995
chr1	95	18	5414.0	0.33247137052087183
chr1	96	20	5163.0	0.38737168312996323
chr1	97	24	4898.0	0.4899959167006942
chr1	98	24	4634.0	0.5179110919292188
chr1	99	18	4366.0	0.4122766834631242
chr1	100	14	4124.0	0.3394762366634336
chr1	101	9	3874.0	0.23231801755291687
chr1	102	9	3622.0	0.2484815019326339
chr1	103	16	3368.0	0.4750593824228029
chr1	104	14	3126.0	0.4478566858605247
chr1	105	12	2886.0	0.4158004158004158
chr1	106	12	2643.0	0.4540295119182747
chr1	107	6	2406.0	0.24937655860349126
chr1	108	5	2169.0	0.23052097740894423
chr1	109	8	1927.0	0.4151530877010898
chr1	110	3	1652.0	0.18159806295399517
chr1	111	4	1405.0	0.2846975088967972
chr1	112	6	1193.0	0.5029337803855826
chr1	113	3	944.0	0.31779661016949157
chr1	114	2	720.0	0.2777777777777778
chr1	115	2	533.0	0.37523452157598497
chr1	116	2	368.0	0.5434782608695652
chr1	117	2	208.0	0.9615384615384616
chr1	118	0	86.0	0.0
chr1	119	0	0.0	nan
chr1	120	0	0.0	nan
chr1	121	0	0.0	nan
chr1	122	0	0.0	nan
chr1	123	0	0.0	nan
chr1	124	0	0.0	nan
chr1	125	0	0.0	nan
chr1	126	0	0.0	nan
chr1	127	0	0.0	nan
chr1	128	0	0.0	nan
chr1	129	0	0.0	nan
chr1	130	0	0.0	nan
chr1	131	0	0.0	nan
chr1	132	0	0.0	nan
chr1	133	0	0.0	nan
chr1	134	0	0.0	nan
chr1	135	0	0.0	nan
chr1	136	0	0.0	nan
chr1	137	0	0.0	nan
chr1	138	0	0.0	nan
chr1	139	0	0.0	nan
chr1	140	0	0.0	nan
chr1	141	0	0.0	nan
chr1	142	0	0.0	nan
chr1	143	0	0.0	nan
chr1	144	0	0.0	nan
chr1	145	0	0.0	nan
chr1	146	0	0.0	nan
chr1	147	0	0.0	nan
chr1	148	0	0.0	nan
chr1	149	0	0.0	nan
chr1	150	0	0.0	nan
chr1	151	0	0.0	nan
chr1	152	0	0.0	nan
chr2	-160	0	0.0	nan
chr2	-159	0	0.0	nan
chr2	-158	0	0.0	nan
chr2	-157	0	0.0	nan
chr2	-156	0	0.0	nan
chr2	-155	0	0.0	nan
chr2	-154	0	0.0	nan
chr2	-153	0	0.0	nan
chr2	-152	0	0.0	nan
chr2	-151	0	0.0	nan
chr2	-150	0	0.0	nan
chr2	-149	0	0.0	nan
chr2	-148	0	0.0	nan
chr2	-147	0	0.0	nan
chr2	-146	0	0.0	nan
chr2	-145	0	0.0	nan
chr2	-144	0	0.0	nan
chr2	-143	0	0.0	nan
chr2	-142	0	0.0	nan
chr2	-141	0	0.0	nan
chr2	-140	0	0.0	nan
chr2	-139	0	1.0	0.0
chr2	-138	0	1.0	0.0
chr2	-137	0	1.0	0.0
chr2	-136	0	1.0	0.0
chr2	-135	0	3.0	0.0
chr2	-134	0	4.0	0.0
chr2	-133	0	5.0	0.0
chr2	-132	0	6.0	0.0
chr2	-131	0	9.0	0.0
chr2	-130	0	35.0	0.0
chr2	-129	0	79.0	0.0
chr2	-128	0	129.0	0.0
chr2	-127	1	214.0	0.46728971962616817
chr2	-126	0	278.0	0.0
chr2	-125	1	364.0	0.27472527472527475
chr2	-124	0	424.0	0.0
chr2	-123	0	496.0	0.0
chr2	-122	2	579.0	0.3454231433506045
chr2	-121	1	655.0	0.15267175572519084
chr2	-120	0	749.0	0.0
chr2	-119	0	835.0	0.0
chr2	-118	3	925.0	0.3243243243243243
chr2	-117	1	1007.0	0.09930486593843098
chr2	-116	0	1097.0	0.0
chr2	-115	2	1193.0	0.16764459346186086
chr2	-114	2	1287.0	0.1554001554001554
chr2	-113	1	1374.0	0.0727802037845706
chr2	-112	3	1464.0	0.20491803278688525
chr2	-111	1	1569.0	0.06373486297004462
chr2	-110	1	1678.0	0.05959475566150178
chr2	-109	6	1774.0	0.3382187147688839
chr2	-108	9	1867.0	0.48205677557579
chr2	-107	6	1960.0	0.30612244897959184
chr2	-106	0	2055.0	0.0
chr2	-105	4	2157.0	0.18544274455261936
chr2	-104	1	2250.0	0.044444444444444446
chr2	-103	3	2361.0	0.12706480304955528
chr2	-102	2	2462.0	0.08123476848090982
chr2	-101	3	2554.0	0.11746280344557558
chr2	-100	6	2646.0	0.22675736961451248
chr2	-99	4	2739.0	0.14603870025556773
chr2	-98	5	2871.0	0.17415534656913967
chr2	-97	1	2982.0	0.0335345405767941
chr2	-96	1	3084.0	0.03242542153047989
chr2	-95	9	3210.0	0.2803738317757009
chr2	-94	8	3311.0	0.24161884627000907
chr2	-93	8	3412.0	0.23446658851113714
chr2	-92	5	3517.0	0.1421666192777936
chr2	-91	8	3625.0	0.2206896551724138
chr2	-90	5	3730.0	0.13404825737265416
chr2	-89	7	3843.0	0.18214936247723132
chr2	-88	7	3969.0	0.1763668430335097
chr2	-87	2	4079.0	0.049031625398381955
chr2	-86	7	4179.0	0.16750418760469013
chr2	-85	10	4293.0	0.23293733985557888
chr2	-84	7	4413.0	0.1586222524359846
chr2	-83	4	4532.0	0.088261253309797
chr2	-82	3	4648.0	0.06454388984509467
chr2	-81	5	4768.0	0.10486577181208054
chr2	-80	11	4858.0	0.22643062988884316
chr2	-79	19	4962.0	0.38291011688835147
chr2	-78	10	5073.0	0.19712201852946973
chr2	-77	18	5181.0	0.3474232773595831
chr2	-76	3	5300.0	0.05660377358490566
chr2	-75	20	5397.0	0.37057624606262735
chr2	-74	6	5524.0	0.10861694424330195
chr2	-73	13	5650.0	0.2300884955752212
chr2	-72	10	5779.0	0.17304031839418585
chr2	-71	12	5894.0	0.20359687818120123
chr2	-70	7	6019.0	0.11629838843661738
chr2	-69	5	6122.0	0.08167265599477296
chr2	-68	17	6238.0	0.272523244629689
chr2	-67	9	6358.0	0.14155394778232147
chr2	-66	16	6475.0	0.2471042471042471
chr2	-65	24	6565.0	0.36557501904036555
chr2	-64	15	6687.0	0.22431583669807087
chr2	-63	13	6807.0	0.1909798736594682
chr2	-62	27	6904.0	0.3910776361529548
chr2	-61	9	7030.0	0.12802275960170698
chr2	-60	20	7136.0	0.2802690582959641
chr2	-59	15	7265.0	0.20646937370956642
chr2	-58	19	7376.0	0.25759219088937096
chr2	-57	10	7479.0	0.13370771493515177
chr2	-56	20	7606.0	0.2629503023928477
chr2	-55	8	7728.0	0.10351966873706005
chr2	-54	17	7857.0	0.21636757031946036
chr2	-53	18	7982.0	0.22550739163117012
chr2	-52	19	8092.0	0.23479980227385072
chr2	-51	25	8222.0	0.30406227195329605
chr2	-50	7	8341.0	0.08392279103225032
chr2	-49	21	8464.0	0.24810964083175802
chr2	-48	19	8585.0	0.22131624927198604
chr2	-47	12	8689.0	0.1381056508228795
chr2	-46	10	8790.0	0.11376564277588168
chr2	-45	9	8925.0	0.10084033613445378
chr2	-44	10	9070.0	0.11025358324145534
chr2	-43	14	9196.0	0.15224010439321445
chr2	-42	21	9314.0	0.2254670388662229
chr2	-41	13	9434.0	0.1377994488022048
chr2	-40	24	9551.0	0.2512825882106586
chr2	-39	10	9649.0	0.1036376826614157
chr2	-38	33	9762.0	0.33804548248309774
chr2	-37	16	9885.0	0.16186140617096612
chr2	-36	24	10002.0	0.23995200959808036
chr2	-35	15	10142.0	0.14789982252021297
chr2	-34	9	10271.0	0.08762535293544932
chr2	-33	23	10379.0	0.2216013103381829
chr2	-32	24	10484.0	0.22892025944296068
chr2	-31	36	10600.0	0.33962264150943394
chr2	-30	12	10710.0	0.11204481792717086
chr2	-29	33	10854.0	0.30403537866224434
chr2	-28	17	10973.0	0.15492572678392416
chr2	-27	27	11107.0	0.24308994327901326
chr2	-26	14	11230.0	0.1246660730186999
chr2	-25	28	11348.0	0.24673951357067325
chr2	-24	28	11482.0	0.2438599547117227
chr2	-23	17	11623.0	0.14626172244687258
chr2	-22	32	11723.0	0.27296767039153796
chr2	-21	12	11864.0	0.10114632501685772
chr2	-20	32	12001.0	0.26664444629614203
chr2	-19	43	12127.0	0.35458068772161294
chr2	-18	22	12264.0	0.17938682322243965
chr2	-17	17	12363.0	0.13750707757016906
chr2	-16	22	12490.0	0.17614091273018415
chr2	-15	17	12619.0	0.13471748949996037
chr2	-14	9	12755.0	0.07056056448451588
chr2	-13	30	12908.0	0.23241400681747754
chr2	-12	33	13020.0	0.2534562211981567
chr2	-11	32	13128.0	0.2437538086532602
chr2	-10	39	13263.0	0.29405111965618635
chr2	-9	31	13273.0	0.2335568447223687
chr2	-8	28	13272.0	0.21097046413502107
chr2	-7	18	13277.0	0.1355727950591248
chr2	-6	45	13270.0	0.3391107761868877
chr2	-5	40	13268.0	0.3014772384684956
chr2	-4	21	13262.0	0.15834715729150958
chr2	-3	53	13250.0	0.4
chr2	-2	46	13238.0	0.34748451427708116
chr2	-1	138	13221.0	1.0437939641479466
chr2	0	130	12952.0	1.003705991352687
chr2	1	41	12871.0	0.31854556755496855
chr2	2	67	12754.0	0.525325388113533
chr2	3	31	12641.0	0.24523376315164938
chr2	4	54	12522.0	0.43124101581217056
chr2	5	45	12423.0	0.36223134508572813
chr2	6	20	12326.0	0.1622586402725945
chr2	7	33	12215.0	0.27015963978714697
chr2	8	20	12097.0	0.16533024716871952
chr2	9	47	11982.0	0.3922550492405275
chr2	10	29	11850.0	0.24472573839662445
chr2	11	50	11736.0	0.42603953646898435
chr2	12	28	11622.0	0.2409223885733953
chr2	13	27	11501.0	0.23476219459177464
chr2	14	24	11385.0	0.21080368906455862
chr2	15	29	11275.0	0.2572062084257206
chr2	16	25	11159.0	0.22403441168563493
chr2	17	36	11044.0	0.3259688518652662
chr2	18	44	10920.0	0.402930402930403
chr2	19	41	10790.0	0.37998146431881374
chr2	20	21	10684.0	0.19655559715462376
chr2	21	29	10552.0	0.2748294162244124
chr2	22	28	10456.0	0.26778882938026016
chr2	23	31	10347.0	0.299603749879192
chr2	24	26	10228.0	0.25420414548298786
chr2	25	25	10121.0	0.24701116490465372
chr2	26	29	9999.0	0.29002900290029
chr2	27	31	9877.0	0.3138604839526172
chr2	28	43	9771.0	0.44007778118923346
chr2	29	27	9651.0	0.27976375505129003
chr2	30	35	9542.0	0.366799413120939
chr2	31	45	9425.0	0.47745358090185674
chr2	32	33	9294.0	0.35506778566817304
chr2	33	22	9193.0	0.23931252039595344
chr2	34	19	9084.0	0.20915896081021576
chr2	35	30	8985.0	0.333889816360601
chr2	36	34	8893.0	0.3823231755313168
chr2	37	39	8770.0	0.4446978335233751
chr2	38	10	8664.0	0.11542012927054479
chr2	39	16	8547.0	0.18720018720018722
chr2	40	21	8424.0	0.24928774928774927
chr2	41	34	8295.0	0.4098854731766124
chr2	42	27	8189.0	0.32971058737330566
chr2	43	15	8058.0	0.18615040953090098
chr2	44	14	7930.0	0.17654476670870115
chr2	45	35	7814.0	0.4479140005119018
chr2	46	27	7715.0	0.34996759559300067
chr2	47	30	7613.0	0.3940627873374491
chr2	48	25	7508.0	0.33297815663292485
chr2	49	18	7394.0	0.2434406275358399
chr2	50	31	7280.0	0.4258241758241758
chr2	51	30	7184.0	0.41759465478841873
chr2	52	35	7065.0	0.4953998584571833
chr2	53	37	6958.0	0.5317620005748779
chr2	54	20	6854.0	0.29180040852057193
chr2	55	22	6729.0	0.326943082181602
chr2	56	16	6606.0	0.24220405691795338
chr2	57	28	6475.0	0.43243243243243246
chr2	58	15	6329.0	0.23700426607678937
chr2	59	23	6218.0	0.36989385654551304
chr2	60	15	6104.0	0.24574049803407602
chr2	61	23	6006.0	0.382950382950383
chr2	62	19	5875.0	0.32340425531914896
chr2	63	22	5757.0	0.3821434775056453
chr2	64	22	5657.0	0.3888987095633728
chr2	65	20	5552.0	0.36023054755043227
chr2	66	10	5456.0	0.18328445747800587
chr2	67	15	5356.0	0.28005974607916356
chr2	68	25	5223.0	0.47865211564235116
chr2	69	8	5114.0	0.1564333202972233
chr2	70	19	5008.0	0.37939297124600635
chr2	71	10	4873.0	0.20521239482864767
chr2	72	11	4752.0	0.23148148148148145
chr2	73	10	4647.0	0.2151925973746503
chr2	74	24	4526.0	0.5302695536897923
chr2	75	16	4393.0	0.3642157978602322
chr2	76	13	4270.0	0.3044496487119438
chr2	77	10	4109.0	0.24336821611097592
chr2	78	22	4005.0	0.5493133583021224
chr2	79	6	3895.0	0.1540436456996149
chr2	80	9	3774.0	0.23847376788553257
chr2	81	2	3669.0	0.05451076587626057
chr2	82	13	3554.0	0.36578503095104103
chr2	83	4	3442.0	0.11621150493898895
chr2	84	11	3325.0	0.33082706766917297
chr2	85	9	3203.0	0.280986575085857
chr2	86	15	3089.0	0.48559404337973455
chr2	87	8	2985.0	0.2680067001675042
chr2	88	7	2869.0	0.24398745207389336
chr2	89	7	2769.0	0.2527988443481401
chr2	90	16	2675.0	0.5981308411214953
chr2	91	11	2569.0	0.42818217205138187
chr2	92	7	2456.0	0.28501628664495116
chr2	93	8	2340.0	0.3418803418803419
chr2	94	9	2220.0	0.40540540540540543
chr2	95	4	2110.0	0.18957345971563982
chr2	96	1	2017.0	0.04957858205255329
chr2	97	5	1910.0	0.2617801047120419
chr2	98	13	1808.0	0.7190265486725663
chr2	99	3	1698.0	0.17667844522968199
chr2	100	2	1590.0	0.12578616352201258
chr2	101	1	1490.0	0.06711409395973154
chr2	102	5	1390.0	0.3597122302158274
chr2	103	4	1292.0	0.30959752321981426
chr2	104	3	1200.0	0.25
chr2	105	4	1103.0	0.3626473254759746
chr2	106	2	1014.0	0.19723865877712032
chr2	107	2	928.0	0.21551724137931033
chr2	108	1	830.0	0.12048192771084339
chr2	109	4	743.0	0.5383580080753702
chr2	110	1	656.0	0.1524390243902439
chr2	111	1	565.0	0.17699115044247787
chr2	112	0	481.0	0.0
chr2	113	0	400.0	0.0
chr2	114	0	308.0	0.0
chr2	115	1	227.0	0.4405286343612335
chr2	116	1	153.0	0.6535947712418301
chr2	117	0	86.0	0.0
chr2	118	0	32.0	0.0
chr2	119	0	0.0	nan
chr2	120	0	0.0	nan
chr2	121	0	0.0	nan
chr2	122	0	0.0	nan
chr2	123	0	0.0	nan
chr2	124	0	0.0	nan
chr2	125	0	0.0	nan
chr2	126	0	0.0	nan
chr2	127	0	0.0	nan
chr2	128	0	0.0	nan
chr2	129	0	0.0	nan
chr2	130	0	0.0	nan
chr2	131	0	0.0	nan
chr2	132	0	0.0	nan
chr2	133	0	0.0	nan
chr2	134	0	0.0	nan
chr2	135	0	0.0	nan
chr2	136	0	0.0	nan
chr2	137	0	0.0	nan
chr2	138	0	0.0	nan
chr2	139	0	0.0	nan
chr2	140	0	0.0	nan
chr2	141	0	0.0	nan
chr2	142	0	0.0	nan
chr2	143	0	0.0	nan
chr2	144	0	0.0	nan
chr2	145	0	0.0	nan
chr2	146	0	0.0	nan
chr2	147	0	0.0	nan
chr2	148	0	0.0	nan
chr2	149	0	0.0	nan
chr2	150	0	0.0	nan
chr2	151	0	0.0	nan
chr2	152	0	0.0	nan
chr2	153	0	0.0	nan
chr2	154	0	0.0	nan
chr3	-144	0	0.0	nan
chr3	-143	0	0.0	nan
chr3	-142	0	0.0	nan
chr3	-141	0	0.0	nan
chr3	-140	0	0.0	nan
chr3	-139	0	2.0	0.0
chr3	-138	0	2.0	0.0
chr3	-137	0	2.0	0.0
chr3	-136	0	2.0	0.0
chr3	-135	0	2.0	0.0
chr3	-134	0	2.0	0.0
chr3	-133	0	2.0	0.0
chr3	-132	0	2.0	0.0
chr3	-131	0	4.0	0.0
chr3	-130	0	30.0	0.0
chr3	-129	0	55.0	0.0
chr3	-128	0	98.0	0.0
chr3	-127	2	144.0	1.3888888888888888
chr3	-126	0	212.0	0.0
chr3	-125	0	264.0	0.0
chr3	-124	0	312.0	0.0
chr3	-123	0	359.0	0.0
chr3	-122	1	415.0	0.24096385542168677
chr3	-121	1	467.0	0.21413276231263384
chr3	-120	2	520.0	0.38461538461538464
chr3	-119	1	575.0	0.17391304347826086
chr3	-118	0	633.0	0.0
chr3	-117	1	702.0	0.14245014245014245
chr3	-116	2	749.0	0.26702269692923897
chr3	-115	1	801.0	0.12484394506866417
chr3	-114	2	859.0	0.23282887077997672
chr3	-113	1	921.0	0.10857763300760044
chr3	-112	1	983.0	0.10172939979654119
chr3	-111	5	1052.0	0.4752851711026616
chr3	-110	1	1137.0	0.08795074758135445
chr3	-109	4	1221.0	0.32760032760032765
chr3	-108	4	1273.0	0.3142183817753339
chr3	-107	1	1351.0	0.07401924500370095
chr3	-106	1	1427.0	0.0700770847932726
chr3	-105	2	1507.0	0.13271400132714
chr3	-104	2	1590.0	0.12578616352201258
chr3	-103	4	1656.0	0.24154589371980675
chr3	-102	7	1744.0	0.40137614678899086
chr3	-101	4	1805.0	0.221606648199446
chr3	-100	3	1872.0	0.16025641025641024
chr3	-99	3	1955.0	0.1534526854219949
chr3	-98	4	2018.0	0.19821605550049554
chr3	-97	1	2098.0	0.047664442326024785
chr3	-96	1	2186.0	0.04574565416285453
chr3	-95	3	2265.0	0.13245033112582782
chr3	-94	0	2344.0	0.0
chr3	-93	6	2416.0	0.24834437086092717
chr3	-92	5	2493.0	0.20056157240272765
chr3	-91	1	2577.0	0.038804811796662786
chr3	-90	14	2665.0	0.525328330206379
chr3	-89	8	2750.0	0.2909090909090909
chr3	-88	6	2844.0	0.21097046413502107
chr3	-87	11	2937.0	0.37453183520599254
chr3	-86	1	3015.0	0.03316749585406302
chr3	-85	5	3096.0	0.16149870801033592
chr3	-84	3	3174.0	0.0945179584120983
chr3	-83	2	3258.0	0.06138735420503376
chr3	-82	4	3355.0	0.11922503725782414
chr3	-81	4	3438.0	0.11634671320535195
chr3	-80	4	3530.0	0.11331444759206798
chr3	-79	5	3611.0	0.13846579894765992
chr3	-78	10	3698.0	0.2704164413196322
chr3	-77	18	3785.0	0.47556142668428003
chr3	-76	7	3867.0	0.18101887768295835
chr3	-75	5	3946.0	0.12671059300557527
chr3	-74	8	4031.0	0.19846192011907715
chr3	-73	2	4121.0	0.0485319097306479
chr3	-72	6	4203.0	0.14275517487508924
chr3	-71	6	4281.0	0.1401541695865452
chr3	-70	4	4375.0	0.09142857142857143
chr3	-69	8	4474.0	0.17881090746535538
chr3	-68	0	4567.0	0.0
chr3	-67	4	4645.0	0.0861141011840689
chr3	-66	5	4729.0	0.10573059843518715
chr3	-65	6	4822.0	0.1244296972210701
chr3	-64	9	4898.0	0.18374846876276033
chr3	-63	5	4990.0	0.1002004008016032
chr3	-62	15	5053.0	0.29685335444290517
chr3	-61	1	5139.0	0.01945903872348706
chr3	-60	10	5221.0	0.1915341888527102
chr3	-59	8	5315.0	0.15051740357478832
chr3	-58	5	5409.0	0.09243852837862822
chr3	-57	4	5492.0	0.07283321194464676
chr3	-56	7	5566.0	0.12576356449874238
chr3	-55	7	5654.0	0.12380615493455961
chr3	-54	11	5737.0	0.19173784207774097
chr3	-53	20	5810.0	0.34423407917383825
chr3	-52	9	5917.0	0.1521041068108839
chr3	-51	19	5995.0	0.316930775646372
chr3	-50	8	6085.0	0.13147082990961378
chr3	-49	7	6175.0	0.11336032388663966
chr3	-48	13	6271.0	0.20730346037314626
chr3	-47	27	6351.0	0.4251299008030231
chr3	-46	14	6441.0	0.2173575531749728
chr3	-45	15	6543.0	0.22925263640531865
chr3	-44	12	6633.0	0.18091361374943465
chr3	-43	13	6700.0	0.19402985074626866
chr3	-42	6	6802.0	0.08820935019112026
chr3	-41	18	6895.0	0.2610587382160986
chr3	-40	10	6987.0	0.1431229426077
chr3	-39	36	7055.0	0.5102763997165132
chr3	-38	24	7146.0	0.33585222502099077
chr3	-37	11	7231.0	0.15212280459134284
chr3	-36	19	7317.0	0.25966926335930024
chr3	-35	13	7382.0	0.1761040368463831
chr3	-34	12	7461.0	0.16083634901487737
chr3	-33	16	7553.0	0.21183635641466966
chr3	-32	15	7640.0	0.1963350785340314
chr3	-31	15	7717.0	0.19437605287028636
chr3	-30	9	7820.0	0.11508951406649616
chr3	-29	14	7911.0	0.1769687776513715
chr3	-28	20	8005.0	0.24984384759525297
chr3	-27	20	8105.0	0.24676125848241826
chr3	-26	17	8198.0	0.20736765064649915
chr3	-25	22	8283.0	0.2656042496679947
chr3	-24	19	8375.0	0.22686567164179106
chr3	-23	18	8453.0	0.21294215071572223
chr3	-22	26	8550.0	0.30409356725146197
chr3	-21	38	8633.0	0.4401714351905479
chr3	-20	17	8729.0	0.19475312177798143
chr3	-19	34	8813.0	0.3857937138318393
chr3	-18	21	8890.0	0.23622047244094488
chr3	-17	24	9006.0	0.2664890073284477
chr3	-16	23	9101.0	0.252719481375673
chr3	-15	25	9201.0	0.2717095967829584
chr3	-14	29	9309.0	0.3115264797507788
chr3	-13	35	9420.0	0.3715498938428875
chr3	-12	12	9527.0	0.12595780413561455
chr3	-11	22	9628.0	0.2285002077274616
chr3	-10	29	9733.0	0.29795540943182985
chr3	-9	56	9733.0	0.5753621699373266
chr3	-8	20	9732.0	0.2055076037813399
chr3	-7	16	9732.0	0.16440608302507193
chr3	-6	41	9737.0	0.42107425284995376
chr3	-5	35	9738.0	0.3594167180119121
chr3	-4	23	9730.0	0.236382322713258
chr3	-3	25	9724.0	0.25709584533113944
chr3	-2	30	9712.0	0.3088962108731466
chr3	-1	95	9702.0	0.9791795506081221
chr3	0	108	9510.0	1.135646687697161
chr3	1	29	9411.0	0.3081500371905217
chr3	2	31	9320.0	0.33261802575107297
chr3	3	34	9237.0	0.36808487604200496
chr3	4	53	9169.0	0.5780346820809248
chr3	5	35	9109.0	0.3842353716104951
chr3	6	28	9018.0	0.3104901308494123
chr3	7	22	8925.0	0.24649859943977592
chr3	8	38	8842.0	0.4297670210359647
chr3	9	28	8772.0	0.31919744642042863
chr3	10	28	8696.0	0.3219871205151794
chr3	11	20	8614.0	0.23218017181332712
chr3	12	32	8549.0	0.3743127851210668
chr3	13	33	8478.0	0.389242745930644
chr3	14	31	8394.0	0.36931141291398617
chr3	15	28	8318.0	0.3366193796585718
chr3	16	26	8262.0	0.31469377874606635
chr3	17	24	8169.0	0.29379360998898274
chr3	18	41	8089.0	0.50686116948943
chr3	19	23	7994.0	0.2877157868401301
chr3	20	36	7901.0	0.4556385267687635
chr3	21	24	7797.0	0.30781069642170067
chr3	22	23	7712.0	0.29823651452282157
chr3	23	20	7626.0	0.26226068712300027
chr3	24	13	7526.0	0.17273452032952433
chr3	25	21	7446.0	0.28203062046736505
chr3	26	9	7360.0	0.12228260869565219
chr3	27	17	7275.0	0.23367697594501718
chr3	28	16	7214.0	0.22179096201829776
chr3	29	9	7104.0	0.1266891891891892
chr3	30	15	7026.0	0.2134927412467976
chr3	31	21	6940.0	0.30259365994236315
chr3	32	15	6858.0	0.21872265966754156
chr3	33	15	6770.0	0.22156573116691286
chr3	34	21	6706.0	0.31315240083507306
chr3	35	24	6605.0	0.3633610900832702
chr3	36	11	6528.0	0.16850490196078433
chr3	37	39	6447.0	0.604932526756631
chr3	38	40	6358.0	0.6291286568103177
chr3	39	12	6272.0	0.1913265306122449
chr3	40	29	6203.0	0.4675157182008705
chr3	41	13	6123.0	0.21231422505307856
chr3	42	17	6028.0	0.28201725282017254
chr3	43	18	5938.0	0.30313236780060626
chr3	44	10	5867.0	0.17044486108743823
chr3	45	24	5785.0	0.41486603284356094
chr3	46	19	5699.0	0.33339182312686433
chr3	47	18	5590.0	0.3220035778175313
chr3	48	20	5511.0	0.36291054255126115
chr3	49	13	5425.0	0.23963133640552994
chr3	50	16	5320.0	0.30075187969924816
chr3	51	16	5236.0	0.30557677616501144
chr3	52	19	5146.0	0.3692188107267781
chr3	53	17	5074.0	0.33504138746551043
chr3	54	11	4979.0	0.22092789716810607
chr3	55	7	4881.0	0.14341323499282935
chr3	56	16	4791.0	0.3339595074097266
chr3	57	7	4701.0	0.14890448840672196
chr3	58	9	4626.0	0.19455252918287938
chr3	59	8	4546.0	0.1759788825340959
chr3	60	3	4449.0	0.06743088334457181
chr3	61	10	4373.0	0.22867596615595698
chr3	62	10	4291.0	0.23304591004427874
chr3	63	14	4205.0	0.3329369797859691
chr3	64	10	4121.0	0.24265954865323952
chr3	65	14	4031.0	0.347308360208385
chr3	66	7	3945.0	0.17743979721166034
chr3	67	4	3883.0	0.10301313417460728
chr3	68	9	3789.0	0.23752969121140144
chr3	69	7	3702.0	0.18908698001080498
chr3	70	6	3630.0	0.1652892561983471
chr3	71	12	3551.0	0.33793297662630245
chr3	72	4	3461.0	0.11557353366079169
chr3	73	9	3383.0	0.2660360626662725
chr3	74	9	3304.0	0.2723970944309927
chr3	75	3	3221.0	0.09313877677739833
chr3	76	13	3147.0	0.4130918334922148
chr3	77	11	3048.0	0.36089238845144356
chr3	78	2	2969.0	0.06736274840013473
chr3	79	6	2871.0	0.20898641588296762
chr3	80	3	2790.0	0.10752688172043011
chr3	81	5	2701.0	0.18511662347278787
chr3	82	7	2609.0	0.2683020314296665
chr3	83	8	2517.0	0.31783869686134286
chr3	84	8	2418.0	0.3308519437551696
chr3	85	3	2327.0	0.12892135797163728
chr3	86	10	2246.0	0.44523597506678536
chr3	87	8	2174.0	0.36798528058877644
chr3	88	1	2098.0	0.047664442326024785
chr3	89	16	2016.0	0.7936507936507936
chr3	90	4	1946.0	0.20554984583761562
chr3	91	6	1863.0	0.322061191626409
chr3	92	11	1791.0	0.6141820212171971
chr3	93	2	1717.0	0.11648223645894001
chr3	94	7	1642.0	0.42630937880633374
chr3	95	5	1565.0	0.3194888178913738
chr3	96	2	1480.0	0.13513513513513514
chr3	97	3	1416.0	0.211864406779661
chr3	98	6	1350.0	0.4444444444444444
chr3	99	3	1270.0	0.23622047244094488
chr3	100	4	1200.0	0.33333333333333337
chr3	101	4	1123.0	0.3561887800534283
chr3	102	6	1058.0	0.5671077504725899
chr3	103	3	993.0	0.3021148036253776
chr3	104	3	918.0	0.32679738562091504
chr3	105	0	843.0	0.0
chr3	106	5	778.0	0.6426735218508998
chr3	107	4	704.0	0.5681818181818182
chr3	108	1	632.0	0.15822784810126583
chr3	109	1	572.0	0.17482517482517482
chr3	110	1	505.0	0.19801980198019803
chr3	111	1	438.0	0.228310502283105
chr3	112	1	377.0	0.2652519893899204
chr3	113	2	313.0	0.6389776357827476
chr3	114	1	260.0	0.38461538461538464
chr3	115	0	193.0	0.0
chr3	116	4	131.0	3.0534351145038165
chr3	117	0	70.0	0.0
chr3	118	0	23.0	0.0
chr3	119	0	0.0	nan
chr3	120	0	0.0	nan
chr3	121	0	0.0	nan
chr3	122	0	0.0	nan
chr3	123	0	0.0	nan
chr3	124	0	0.0	nan
chr3	125	0	0.0	nan
chr3	126	0	0.0	nan
chr3	127	0	0.0	nan
chr3	128	0	0.0	nan
chr3	129	0	0.0	nan
chr3	130	0	0.0	nan
chr3	131	0	0.0	nan
chr3	132	0	0.0	nan
chr3	133	0	0.0	nan
chr3	134	0	0.0	nan
chr3	135	0	0.0	nan
chr3	136	0	0.0	nan
chr3	137	0	0.0	nan
chr3	138	0	0.0	nan
chr3	139	0	0.0	nan
chr3	140	0	0.0	nan
chr3	141	0	0.0	nan
chr3	142	0	0.0	nan
chr3	143	0	0.0	nan
chr3	144	0	0.0	nan
chr3	145	0	0.0	nan
chr4	-141	0	0.0	nan
chr4	-140	0	0.0	nan
chr4	-139	0	2.0	0.0
chr4	-138	0	3.0	0.0
chr4	-137	0	3.0	0.0
chr4	-136	0	3.0	0.0
chr4	-135	0	5.0	0.0
chr4	-134	0	7.0	0.0
chr4	-133	0	8.0	0.0
chr4	-132	0	11.0	0.0
chr4	-131	0	11.0	0.0
chr4	-130	0	40.0	0.0
chr4	-129	0	85.0	0.0
chr4	-128	0	140.0	0.0
chr4	-127	0	198.0	0.0
chr4	-126	0	274.0	0.0
chr4	-125	1	339.0	0.2949852507374631
chr4	-124	0	414.0	0.0
chr4	-123	2	489.0	0.408997955010225
chr4	-122	1	558.0	0.17921146953405018
chr4	-121	0	632.0	0.0
chr4	-120	0	695.0	0.0
chr4	-119	1	772.0	0.1295336787564767
chr4	-118	2	871.0	0.2296211251435132
chr4	-117	0	957.0	0.0
chr4	-116	0	1029.0	0.0
chr4	-115	5	1122.0	0.4456327985739751
chr4	-114	1	1202.0	0.08319467554076539
chr4	-113	1	1290.0	0.07751937984496124
chr4	-112	0	1398.0	0.0
chr4	-111	2	1474.0	0.13568521031207598
chr4	-110	0	1581.0	0.0
chr4	-109	3	1660.0	0.18072289156626506
chr4	-108	2	1757.0	0.11383039271485487
chr4	-107	3	1861.0	0.16120365394948952
chr4	-106	2	1946.0	0.10277492291880781
chr4	-105	5	2056.0	0.24319066147859922
chr4	-104	3	2157.0	0.13908205841446453
chr4	-103	1	2256.0	0.044326241134751775
chr4	-102	8	2349.0	0.34057045551298426
chr4	-101	7	2443.0	0.28653295128939826
chr4	-100	4	2543.0	0.15729453401494298
chr4	-99	4	2651.0	0.15088645794039984
chr4	-98	4	2762.0	0.1448225923244026
chr4	-97	1	2859.0	0.03497726477789437
chr4	-96	4	2957.0	0.13527223537368954
chr4	-95	4	3081.0	0.12982797792924375
chr4	-94	12	3175.0	0.3779527559055118
chr4	-93	1	3293.0	0.03036744609778318
chr4	-92	3	3420.0	0.08771929824561403
chr4	-91	3	3531.0	0.08496176720475786
chr4	-90	6	3648.0	0.1644736842105263
chr4	-89	11	3767.0	0.29200955667640033
chr4	-88	9	3902.0	0.23065094823167606
chr4	-87	12	4000.0	0.3
chr4	-86	9	4120.0	0.2184466019417476
chr4	-85	10	4222.0	0.23685457129322599
chr4	-84	10	4334.0	0.23073373327180433
chr4	-83	32	4463.0	0.7170064978713869
chr4	-82	10	4587.0	0.21800741225201656
chr4	-81	1	4702.0	0.02126754572522331
chr4	-80	10	4816.0	0.20764119601328906
chr4	-79	7	4930.0	0.14198782961460446
chr4	-78	10	5040.0	0.1984126984126984
chr4	-77	11	5165.0	0.21297192642788
chr4	-76	4	5268.0	0.07593014426727411
chr4	-75	12	5386.0	0.22279985146676567
chr4	-74	4	5515.0	0.07252946509519492
chr4	-73	12	5633.0	0.21303035682584767
chr4	-72	0	5729.0	0.0
chr4	-71	13	5847.0	0.2223362408072516
chr4	-70	12	5982.0	0.20060180541624875
chr4	-69	11	6095.0	0.1804757998359311
chr4	-68	13	6212.0	0.20927237604636187
chr4	-67	3	6320.0	0.04746835443037974
chr4	-66	27	6429.0	0.4199720018665422
chr4	-65	7	6548.0	0.10690287110568111
chr4	-64	16	6636.0	0.24110910186859552
chr4	-63	5	6743.0	0.07415097137772506
chr4	-62	9	6877.0	0.13087101933982842
chr4	-61	25	7002.0	0.3570408454727221
chr4	-60	8	7137.0	0.1120919153706039
chr4	-59	23	7244.0	0.3175041413583656
chr4	-58	11	7353.0	0.1495988032095743
chr4	-57	20	7487.0	0.2671296914652063
chr4	-56	14	7620.0	0.1837270341207349
chr4	-55	19	7738.0	0.2455414835874903
chr4	-54	18	7852.0	0.22924095771777891
chr4	-53	19	7961.0	0.23866348448687352
chr4	-52	33	8074.0	0.4087193460490463
chr4	-51	18	8187.0	0.21986075485525836
chr4	-50	17	8304.0	0.20472061657032756
chr4	-49	37	8434.0	0.43870049798434907
chr4	-48	19	8552.0	0.22217025257249765
chr4	-47	9	8678.0	0.10371053238073288
chr4	-46	25	8792.0	0.2843494085532302
chr4	-45	9	8899.0	0.10113495898415553
chr4	-44	21	9014.0	0.2329709341025072
chr4	-43	27	9130.0	0.29572836801752467
chr4	-42	21	9240.0	0.22727272727272727
chr4	-41	8	9353.0	0.08553405324494814
chr4	-40	17	9479.0	0.17934381263846397
chr4	-39	10	9594.0	0.10423181154888472
chr4	-38	9	9715.0	0.09264024704065878
chr4	-37	14	9826.0	0.14247913698351314
chr4	-36	33	9941.0	0.3319585554773162
chr4	-35	39	10073.0	0.387173632482875
chr4	-34	15	10209.0	0.14692918013517484
chr4	-33	8	10326.0	0.07747433662599264
chr4	-32	20	10441.0	0.19155253328225266
chr4	-31	23	10571.0	0.21757638823195535
chr4	-30	28	10705.0	0.2615600186828585
chr4	-29	21	10836.0	0.1937984496124031
chr4	-28	12	10958.0	0.10950903449534588
chr4	-27	14	11061.0	0.12657083446343007
chr4	-26	23	11175.0	0.2058165548098434
chr4	-25	17	11318.0	0.15020321611592155
chr4	-24	36	11441.0	0.31465780963202516
chr4	-23	20	11571.0	0.17284590787313112
chr4	-22	13	11715.0	0.11096884336320957
chr4	-21	27	11852.0	0.22780965237934525
chr4	-20	16	11958.0	0.1338016390700786
chr4	-19	24	12085.0	0.19859329747621018
chr4	-18	24	12174.0	0.19714144898965008
chr4	-17	35	12315.0	0.2842062525375558
chr4	-16	18	12441.0	0.14468290330359296
chr4	-15	34	12538.0	0.2711756260966662
chr4	-14	10	12669.0	0.07893282816323309
chr4	-13	42	12800.0	0.328125
chr4	-12	44	12932.0	0.3402412619857717
chr4	-11	32	13080.0	0.24464831804281345
chr4	-10	16	13200.0	0.12121212121212122
chr4	-9	21	13202.0	0.15906680805938495
chr4	-8	45	13204.0	0.3408058164192669
chr4	-7	45	13203.0	0.34083162917518744
chr4	-6	24	13194.0	0.18190086402910413
chr4	-5	43	13191.0	0.3259798347358047
chr4	-4	46	13194.0	0.3486433227224496
chr4	-3	59	13191.0	0.44727465696308094
chr4	-2	72	13170.0	0.5466970387243736
chr4	-1	132	13154.0	1.0034970351223962
chr4	0	127	12920.0	0.9829721362229102
chr4	1	62	12815.0	0.4838080374561062
chr4	2	90	12742.0	0.7063255375922147
chr4	3	45	12616.0	0.3566899175649968
chr4	4	53	12530.0	0.4229848363926576
chr4	5	27	12441.0	0.2170243549553894
chr4	6	37	12335.0	0.29995946493717063
chr4	7	43	12227.0	0.3516807066328617
chr4	8	28	12120.0	0.23102310231023102
chr4	9	30	12013.0	0.2497294597519354
chr4	10	38	11896.0	0.3194351042367182
chr4	11	36	11768.0	0.30591434398368456
chr4	12	36	11680.0	0.3082191780821918
chr4	13	19	11574.0	0.16416105063072403
chr4	14	28	11458.0	0.24437074533077327
chr4	15	14	11358.0	0.12326113752421201
chr4	16	30	11243.0	0.2668326958996709
chr4	17	19	11115.0	0.17094017094017094
chr4	18	35	11016.0	0.3177196804647785
chr4	19	27	10894.0	0.2478428492748302
chr4	20	28	10794.0	0.25940337224383914
chr4	21	25	10674.0	0.2342139778902005
chr4	22	27	10569.0	0.2554640931024695
chr4	23	20	10460.0	0.19120458891013384
chr4	24	27	10352.0	0.2608191653786708
chr4	25	24	10236.0	0.23446658851113714
chr4	26	20	10127.0	0.19749185346104475
chr4	27	30	10028.0	0.2991623454327882
chr4	28	24	9920.0	0.24193548387096775
chr4	29	30	9793.0	0.30634126416828344
chr4	30	21	9684.0	0.21685254027261464
chr4	31	37	9560.0	0.38702928870292885
chr4	32	30	9454.0	0.31732599957689867
chr4	33	21	9320.0	0.22532188841201717
chr4	34	29	9203.0	0.3151146365315658
chr4	35	28	9071.0	0.3086760004409657
chr4	36	16	8937.0	0.1790309947409645
chr4	37	14	8814.0	0.15883821193555708
chr4	38	22	8678.0	0.2535146347084582
chr4	39	25	8579.0	0.2914092551579438
chr4	40	18	8460.0	0.2127659574468085
chr4	41	19	8322.0	0.228310502283105
chr4	42	27	8200.0	0.32926829268292684
chr4	43	17	8092.0	0.21008403361344538
chr4	44	14	7985.0	0.17532874139010646
chr4	45	24	7848.0	0.3058103975535168
chr4	46	15	7724.0	0.19419989642672192
chr4	47	24	7620.0	0.31496062992125984
chr4	48	32	7507.0	0.4262688157719462
chr4	49	20	7387.0	0.27074590496818735
chr4	50	27	7289.0	0.3704211826039237
chr4	51	20	7188.0	0.27824151363383415
chr4	52	21	7086.0	0.29635901778154106
chr4	53	22	6971.0	0.3155931717113757
chr4	54	16	6865.0	0.23306627822286963
chr4	55	14	6711.0	0.20861272537624795
chr4	56	22	6592.0	0.33373786407766987
chr4	57	15	6471.0	0.23180343069077425
chr4	58	20	6357.0	0.3146138115463269
chr4	59	17	6243.0	0.2723049815793689
chr4	60	21	6133.0	0.3424099135822599
chr4	61	14	5999.0	0.2333722287047841
chr4	62	4	5892.0	0.0678886625933469
chr4	63	16	5773.0	0.2771522605231249
chr4	64	9	5671.0	0.15870216892964203
chr4	65	24	5566.0	0.4311893639956881
chr4	66	12	5456.0	0.21994134897360706
chr4	67	19	5327.0	0.35667354984043553
chr4	68	19	5198.0	0.36552520200076954
chr4	69	12	5066.0	0.23687327279905251
chr4	70	12	4954.0	0.24222850222042794
chr4	71	11	4831.0	0.2276961291658042
chr4	72	11	4707.0	0.23369449755683025
chr4	73	5	4572.0	0.10936132983377078
chr4	74	16	4461.0	0.3586639766868415
chr4	75	10	4335.0	0.2306805074971165
chr4	76	12	4218.0	0.2844950213371266
chr4	77	11	4103.0	0.2680965147453083
chr4	78	12	3989.0	0.3008272750062672
chr4	79	19	3865.0	0.49159120310478654
chr4	80	11	3741.0	0.29403902699812884
chr4	81	4	3629.0	0.11022320198401765
chr4	82	29	3513.0	0.825505266154284
chr4	83	16	3387.0	0.47239444936521996
chr4	84	17	3284.0	0.5176613885505481
chr4	85	2	3178.0	0.06293266205160479
chr4	86	17	3098.0	0.5487411233053583
chr4	87	9	2986.0	0.3014065639651708
chr4	88	10	2876.0	0.34770514603616137
chr4	89	10	2782.0	0.35945363048166784
chr4	90	8	2677.0	0.2988419872992156
chr4	91	9	2566.0	0.35074045206547155
chr4	92	2	2461.0	0.08126777732629012
chr4	93	8	2338.0	0.3421727972626176
chr4	94	6	2223.0	0.2699055330634278
chr4	95	9	2115.0	0.425531914893617
chr4	96	0	2012.0	0.0
chr4	97	1	1912.0	0.05230125523012552
chr4	98	8	1804.0	0.4434589800443459
chr4	99	3	1707.0	0.17574692442882248
chr4	100	5	1594.0	0.3136762860727729
chr4	101	8	1496.0	0.53475935828877
chr4	102	2	1406.0	0.1422475106685633
chr4	103	6	1295.0	0.4633204633204633
chr4	104	3	1192.0	0.25167785234899326
chr4	105	1	1105.0	0.09049773755656108
chr4	106	5	1013.0	0.4935834155972359
chr4	107	4	925.0	0.43243243243243246
chr4	108	0	836.0	0.0
chr4	109	1	758.0	0.13192612137203166
chr4	110	2	650.0	0.3076923076923077
chr4	111	3	569.0	0.5272407732864675
chr4	112	1	468.0	0.2136752136752137
chr4	113	0	391.0	0.0
chr4	114	0	307.0	0.0
chr4	115	2	215.0	0.9302325581395349
chr4	116	2	150.0	1.3333333333333335
chr4	117	2	86.0	2.3255813953488373
chr4	118	1	37.0	2.7027027027027026
chr4	119	0	0.0	nan
chr4	120	0	0.0	nan
chr4	121	0	0.0	nan
chr4	122	0	0.0	nan
chr4	123	0	0.0	nan
chr4	124	0	0.0	nan
chr4	125	0	0.0	nan
chr4	126	0	0.0	nan
chr4	127	0	0.0	nan
chr4	128	0	0.0	nan
chr4	129	0	0.0	nan
chr4	130	0	0.0	nan
chr4	131	0	0.0	nan
chr4	132	0	0.0	nan
chr4	133	0	0.0	nan
chr4	134	0	0.0	nan
chr4	135	0	0.0	nan
chr4	136	0	0.0	nan
chr4	137	0	0.0	nan
chr4	138	0	0.0	nan
chr4	139	0	0.0	nan
chr4	140	0	0.0	nan
chr4	141	0	0.0	nan
chr4	142	0	0.0	nan
chr4	143	0	0.0	nan
chr4	144	0	0.0	nan
chr4	145	0	0.0	nan
chr4	146	0	0.0	nan
chr5	-141	0	0.0	nan
chr5	-140	0	0.0	nan
chr5	-139	0	2.0	0.0
chr5	-138	0	3.0	0.0
chr5	-137	0	3.0	0.0
chr5	-136	0	3.0	0.0
chr5	-135	0	3.0	0.0
chr5	-134	0	4.0	0.0
chr5	-133	0	4.0	0.0
chr5	-132	0	4.0	0.0
chr5	-131	0	5.0	0.0
chr5	-130	0	20.0	0.0
chr5	-129	0	39.0	0.0
chr5	-128	0	55.0	0.0
chr5	-127	0	84.0	0.0
chr5	-126	0	105.0	0.0
chr5	-125	0	147.0	0.0
chr5	-124	0	175.0	0.0
chr5	-123	3	220.0	1.3636363636363635
chr5	-122	2	262.0	0.7633587786259541
chr5	-121	0	293.0	0.0
chr5	-120	0	332.0	0.0
chr5	-119	1	370.0	0.2702702702702703
chr5	-118	0	415.0	0.0
chr5	-117	3	452.0	0.6637168141592921
chr5	-116	0	507.0	0.0
chr5	-115	2	549.0	0.36429872495446264
chr5	-114	3	597.0	0.5025125628140703
chr5	-113	2	642.0	0.3115264797507788
chr5	-112	0	691.0	0.0
chr5	-111	2	738.0	0.27100271002710025
chr5	-110	0	773.0	0.0
chr5	-109	1	819.0	0.1221001221001221
chr5	-108	2	856.0	0.23364485981308408
chr5	-107	0	907.0	0.0
chr5	-106	0	953.0	0.0
chr5	-105	1	1001.0	0.0999000999000999
chr5	-104	1	1054.0	0.09487666034155598
chr5	-103	0	1112.0	0.0
chr5	-102	1	1168.0	0.08561643835616438
chr5	-101	0	1229.0	0.0
chr5	-100	1	1283.0	0.0779423226812159
chr5	-99	1	1328.0	0.07530120481927711
chr5	-98	5	1366.0	0.36603221083455345
chr5	-97	2	1411.0	0.14174344436569808
chr5	-96	3	1464.0	0.20491803278688525
chr5	-95	4	1521.0	0.26298487836949375
chr5	-94	6	1571.0	0.3819223424570337
chr5	-93	1	1613.0	0.06199628022318661
chr5	-92	0	1669.0	0.0
chr5	-91	1	1710.0	0.058479532163742694
chr5	-90	0	1762.0	0.0
chr5	-89	1	1809.0	0.055279159756771695
chr5	-88	3	1847.0	0.16242555495397942
chr5	-87	5	1894.0	0.26399155227032733
chr5	-86	0	1951.0	0.0
chr5	-85	0	2021.0	0.0
chr5	-84	0	2055.0	0.0
chr5	-83	7	2104.0	0.3326996197718631
chr5	-82	5	2157.0	0.23180343069077425
chr5	-81	4	2208.0	0.18115942028985507
chr5	-80	11	2261.0	0.4865103936311367
chr5	-79	5	2314.0	0.216076058772688
chr5	-78	8	2363.0	0.33855268726195514
chr5	-77	4	2429.0	0.16467682173734047
chr5	-76	11	2487.0	0.4422999597909127
chr5	-75	5	2551.0	0.1960015680125441
chr5	-74	6	2605.0	0.23032629558541268
chr5	-73	5	2656.0	0.18825301204819278
chr5	-72	1	2708.0	0.03692762186115214
chr5	-71	2	2757.0	0.07254261878853827
chr5	-70	6	2805.0	0.21390374331550802
chr5	-69	5	2861.0	0.17476406850751486
chr5	-68	2	2902.0	0.06891798759476223
chr5	-67	8	2960.0	0.2702702702702703
chr5	-66	11	3018.0	0.36447978793903246
chr5	-65	3	3064.0	0.09791122715404699
chr5	-64	8	3114.0	0.2569043031470777
chr5	-63	15	3170.0	0.47318611987381703
chr5	-62	6	3214.0	0.18668326073428748
chr5	-61	8	3261.0	0.24532352039251765
chr5	-60	1	3315.0	0.030165912518853696
chr5	-59	11	3360.0	0.3273809523809524
chr5	-58	6	3402.0	0.1763668430335097
chr5	-57	9	3457.0	0.26034133641886026
chr5	-56	6	3514.0	0.1707455890722823
chr5	-55	4	3575.0	0.11188811188811189
chr5	-54	13	3636.0	0.35753575357535755
chr5	-53	2	3698.0	0.05408328826392645
chr5	-52	2	3751.0	0.053319114902692616
chr5	-51	17	3793.0	0.44819404165568155
chr5	-50	4	3855.0	0.10376134889753567
chr5	-49	2	3914.0	0.0510986203372509
chr5	-48	5	3973.0	0.12584948401711551
chr5	-47	5	4026.0	0.12419274714356682
chr5	-46	9	4077.0	0.22075055187637968
chr5	-45	5	4126.0	0.12118274357731458
chr5	-44	8	4171.0	0.1918005274514505
chr5	-43	3	4231.0	0.07090522335145355
chr5	-42	10	4286.0	0.23331777881474566
chr5	-41	3	4322.0	0.06941230911614993
chr5	-40	16	4381.0	0.36521342159324355
chr5	-39	5	4446.0	0.11246063877642824
chr5	-38	13	4497.0	0.289081609962197
chr5	-37	4	4550.0	0.0879120879120879
chr5	-36	9	4597.0	0.1957798564281053
chr5	-35	2	4651.0	0.043001505052676844
chr5	-34	5	4722.0	0.10588733587462938
chr5	-33	8	4772.0	0.16764459346186086
chr5	-32	7	4837.0	0.1447178002894356
chr5	-31	7	4894.0	0.14303228442991417
chr5	-30	6	4959.0	0.12099213551119178
chr5	-29	12	5028.0	0.23866348448687352
chr5	-28	5	5089.0	0.09825112988799373
chr5	-27	9	5149.0	0.1747912215964265
chr5	-26	4	5189.0	0.07708614376565812
chr5	-25	3	5239.0	0.057262836419163965
chr5	-24	6	5287.0	0.11348590883298658
chr5	-23	3	5342.0	0.05615874204417821
chr5	-22	8	5407.0	0.14795635287590161
chr5	-21	6	5458.0	0.10993037742762918
chr5	-20	6	5509.0	0.10891268832819025
chr5	-19	11	5570.0	0.19748653500897667
chr5	-18	7	5638.0	0.12415750266051792
chr5	-17	2	5697.0	0.035106196243637006
chr5	-16	8	5736.0	0.1394700139470014
chr5	-15	13	5801.0	0.22409929322530597
chr5	-14	11	5874.0	0.18726591760299627
chr5	-13	10	5926.0	0.16874789065136686
chr5	-12	21	5989.0	0.35064284521622974
chr5	-11	7	6048.0	0.11574074074074073
chr5	-10	17	6122.0	0.27768703038222803
chr5	-9	10	6125.0	0.163265306122449
chr5	-8	4	6123.0	0.0653274538624857
chr5	-7	25	6125.0	0.40816326530612246
chr5	-6	24	6126.0	0.3917727717923604
chr5	-5	10	6126.0	0.1632386549134835
chr5	-4	9	6126.0	0.14691478942213515
chr5	-3	21	6126.0	0.3428011753183154
chr5	-2	19	6122.0	0.3103560927801372
chr5	-1	47	6107.0	0.7696086458162764
chr5	0	51	5992.0	0.8511348464619493
chr5	1	30	5954.0	0.5038629492777964
chr5	2	36	5917.0	0.6084164272435356
chr5	3	20	5873.0	0.34054146092286736
chr5	4	13	5810.0	0.22375215146299482
chr5	5	30	5749.0	0.5218298834579926
chr5	6	15	5685.0	0.2638522427440633
chr5	7	8	5630.0	0.14209591474245115
chr5	8	8	5581.0	0.14334348683031714
chr5	9	18	5537.0	0.32508578652700015
chr5	10	11	5483.0	0.20062009848623016
chr5	11	24	5429.0	0.4420703628660895
chr5	12	10	5371.0	0.1861850679575498
chr5	13	22	5308.0	0.4144687264506406
chr5	14	11	5253.0	0.20940415000951837
chr5	15	16	5194.0	0.3080477474008471
chr5	16	14	5144.0	0.27216174183514774
chr5	17	15	5089.0	0.2947533896639811
chr5	18	8	5035.0	0.15888778550148958
chr5	19	6	4989.0	0.12026458208057728
chr5	20	8	4934.0	0.16214025131738954
chr5	21	8	4874.0	0.16413623307345096
chr5	22	5	4829.0	0.10354110581901013
chr5	23	9	4772.0	0.18860016764459347
chr5	24	6	4708.0	0.1274426508071368
chr5	25	13	4646.0	0.27981058975462764
chr5	26	8	4576.0	0.17482517482517482
chr5	27	11	4526.0	0.24304021210782145
chr5	28	18	4474.0	0.4023245417970496
chr5	29	15	4414.0	0.33982782057091077
chr5	30	16	4368.0	0.3663003663003663
chr5	31	8	4314.0	0.18544274455261936
chr5	32	15	4256.0	0.3524436090225564
chr5	33	12	4201.0	0.28564627469650083
chr5	34	7	4150.0	0.1686746987951807
chr5	35	10	4104.0	0.24366471734892786
chr5	36	11	4048.0	0.2717391304347826
chr5	37	14	3993.0	0.3506135737540696
chr5	38	14	3964.0	0.35317860746720486
chr5	39	20	3920.0	0.5102040816326531
chr5	40	9	3869.0	0.23261824760920136
chr5	41	18	3803.0	0.473310544307126
chr5	42	5	3746.0	0.13347570742124934
chr5	43	7	3690.0	0.1897018970189702
chr5	44	10	3644.0	0.27442371020856204
chr5	45	9	3589.0	0.25076623014767346
chr5	46	9	3523.0	0.2554640931024695
chr5	47	16	3465.0	0.46176046176046176
chr5	48	5	3414.0	0.14645577035735208
chr5	49	9	3351.0	0.26857654431512984
chr5	50	13	3311.0	0.3926306251887647
chr5	51	9	3261.0	0.27598896044158233
chr5	52	5	3204.0	0.1560549313358302
chr5	53	24	3154.0	0.7609384908053266
chr5	54	7	3103.0	0.2255881405091847
chr5	55	6	3053.0	0.1965280052407468
chr5	56	8	3002.0	0.2664890073284477
chr5	57	8	2953.0	0.2709109380291229
chr5	58	3	2892.0	0.1037344398340249
chr5	59	6	2836.0	0.21156558533145275
chr5	60	3	2781.0	0.10787486515641855
chr5	61	6	2732.0	0.21961932650073207
chr5	62	6	2677.0	0.22413149047441167
chr5	63	13	2618.0	0.4965622612681436
chr5	64	2	2568.0	0.0778816199376947
chr5	65	9	2516.0	0.3577106518282989
chr5	66	4	2463.0	0.16240357287860333
chr5	67	2	2414.0	0.08285004142502071
chr5	68	3	2350.0	0.1276595744680851
chr5	69	8	2302.0	0.3475238922675934
chr5	70	4	2250.0	0.17777777777777778
chr5	71	4	2197.0	0.18206645425580337
chr5	72	5	2146.0	0.2329916123019571
chr5	73	5	2099.0	0.23820867079561697
chr5	74	10	2039.0	0.4904364884747425
chr5	75	8	1991.0	0.4018081366147665
chr5	76	3	1939.0	0.15471892728210418
chr5	77	5	1897.0	0.2635740643120717
chr5	78	8	1848.0	0.4329004329004329
chr5	79	10	1791.0	0.5583472920156337
chr5	80	2	1739.0	0.11500862564692352
chr5	81	4	1683.0	0.23767082590612004
chr5	82	4	1637.0	0.2443494196701283
chr5	83	2	1582.0	0.12642225031605564
chr5	84	5	1530.0	0.32679738562091504
chr5	85	3	1484.0	0.20215633423180593
chr5	86	1	1435.0	0.06968641114982578
chr5	87	4	1379.0	0.290065264684554
chr5	88	3	1334.0	0.22488755622188905
chr5	89	2	1276.0	0.1567398119122257
chr5	90	3	1232.0	0.2435064935064935
chr5	91	4	1180.0	0.3389830508474576
chr5	92	3	1131.0	0.2652519893899204
chr5	93	10	1075.0	0.9302325581395349
chr5	94	1	1035.0	0.0966183574879227
chr5	95	3	985.0	0.3045685279187817
chr5	96	1	936.0	0.10683760683760685
chr5	97	2	884.0	0.22624434389140274
chr5	98	3	835.0	0.3592814371257485
chr5	99	2	788.0	0.25380710659898476
chr5	100	5	738.0	0.6775067750677507
chr5	101	6	689.0	0.8708272859216255
chr5	102	2	645.0	0.31007751937984496
chr5	103	1	603.0	0.16583747927031509
chr5	104	0	562.0	0.0
chr5	105	1	513.0	0.1949317738791423
chr5	106	2	456.0	0.43859649122807015
chr5	107	0	403.0	0.0
chr5	108	2	371.0	0.5390835579514826
chr5	109	1	332.0	0.30120481927710846
chr5	110	2	283.0	0.7067137809187279
chr5	111	1	232.0	0.43103448275862066
chr5	112	3	188.0	1.5957446808510638
chr5	113	0	165.0	0.0
chr5	114	0	128.0	0.0
chr5	115	0	91.0	0.0
chr5	116	1	60.0	1.6666666666666667
chr5	117	1	35.0	2.857142857142857
chr5	118	0	18.0	0.0
chr5	119	0	0.0	nan
chr5	120	0	0.0	nan
chr5	121	0	0.0	nan
chr5	122	0	0.0	nan
chr5	123	0	0.0	nan
chr5	124	0	0.0	nan
chr5	125	0	0.0	nan
chr5	126	0	0.0	nan
chr5	127	0	0.0	nan
chr5	128	0	0.0	nan
chr5	129	0	0.0	nan
chr5	130	0	0.0	nan
chr5	131	0	0.0	nan
chr5	132	0	0.0	nan
chr5	133	0	0.0	nan
chr5	134	0	0.0	nan
chr5	135	0	0.0	nan
chr5	136	0	0.0	nan
chr5	137	0	0.0	nan
chr6	-130	0	3.0	0.0
chr6	-129	0	8.0	0.0
chr6	-128	0	19.0	0.0
chr6	-127	0	32.0	0.0
chr6	-126	0	38.0	0.0
chr6	-125	0	55.0	0.0
chr6	-124	0	63.0	0.0
chr6	-123	0	78.0	0.0
chr6	-122	0	93.0	0.0
chr6	-121	1	108.0	0.9259259259259258
chr6	-120	0	124.0	0.0
chr6	-119	0	138.0	0.0
chr6	-118	0	148.0	0.0
chr6	-117	0	166.0	0.0
chr6	-116	0	179.0	0.0
chr6	-115	2	200.0	1.0
chr6	-114	0	220.0	0.0
chr6	-113	0	234.0	0.0
chr6	-112	0	253.0	0.0
chr6	-111	0	268.0	0.0
chr6	-110	0	282.0	0.0
chr6	-109	0	307.0	0.0
chr6	-108	1	327.0	0.3058103975535168
chr6	-107	0	343.0	0.0
chr6	-106	0	360.0	0.0
chr6	-105	0	379.0	0.0
chr6	-104	1	406.0	0.24630541871921183
chr6	-103	0	422.0	0.0
chr6	-102	1	442.0	0.22624434389140274
chr6	-101	0	462.0	0.0
chr6	-100	0	477.0	0.0
chr6	-99	0	490.0	0.0
chr6	-98	0	504.0	0.0
chr6	-97	0	516.0	0.0
chr6	-96	0	532.0	0.0
chr6	-95	0	550.0	0.0
chr6	-94	2	563.0	0.3552397868561279
chr6	-93	2	584.0	0.3424657534246575
chr6	-92	0	599.0	0.0
chr6	-91	1	623.0	0.16051364365971107
chr6	-90	0	648.0	0.0
chr6	-89	0	666.0	0.0
chr6	-88	2	681.0	0.2936857562408223
chr6	-87	0	695.0	0.0
chr6	-86	0	711.0	0.0
chr6	-85	6	727.0	0.8253094910591471
chr6	-84	3	742.0	0.40431266846361186
chr6	-83	0	764.0	0.0
chr6	-82	3	786.0	0.38167938931297707
chr6	-81	0	806.0	0.0
chr6	-80	1	818.0	0.12224938875305623
chr6	-79	1	842.0	0.11876484560570072
chr6	-78	0	864.0	0.0
chr6	-77	1	883.0	0.11325028312570783
chr6	-76	3	902.0	0.3325942350332594
chr6	-75	0	921.0	0.0
chr6	-74	1	940.0	0.10638297872340426
chr6	-73	0	957.0	0.0
chr6	-72	6	981.0	0.6116207951070336
chr6	-71	1	1009.0	0.09910802775024777
chr6	-70	0	1025.0	0.0
chr6	-69	2	1049.0	0.19065776930409914
chr6	-68	0	1062.0	0.0
chr6	-67	2	1078.0	0.1855287569573284
chr6	-66	3	1091.0	0.27497708524289644
chr6	-65	3	1110.0	0.2702702702702703
chr6	-64	1	1126.0	0.08880994671403197
chr6	-63	2	1145.0	0.17467248908296942
chr6	-62	4	1164.0	0.3436426116838488
chr6	-61	2	1185.0	0.16877637130801687
chr6	-60	1	1209.0	0.0827129859387924
chr6	-59	1	1227.0	0.08149959250203749
chr6	-58	3	1249.0	0.24019215372297836
chr6	-57	2	1267.0	0.15785319652722968
chr6	-56	2	1280.0	0.15625
chr6	-55	0	1292.0	0.0
chr6	-54	3	1319.0	0.22744503411675512
chr6	-53	13	1339.0	0.9708737864077669
chr6	-52	1	1354.0	0.07385524372230429
chr6	-51	0	1377.0	0.0
chr6	-50	16	1392.0	1.1494252873563218
chr6	-49	3	1410.0	0.2127659574468085
chr6	-48	2	1428.0	0.1400560224089636
chr6	-47	1	1443.0	0.0693000693000693
chr6	-46	0	1463.0	0.0
chr6	-45	5	1492.0	0.3351206434316354
chr6	-44	0	1503.0	0.0
chr6	-43	1	1524.0	0.06561679790026247
chr6	-42	1	1551.0	0.06447453255963895
chr6	-41	1	1567.0	0.06381620931716657
chr6	-40	4	1585.0	0.2523659305993691
chr6	-39	8	1597.0	0.5009392611145899
chr6	-38	1	1629.0	0.06138735420503376
chr6	-37	4	1638.0	0.2442002442002442
chr6	-36	1	1667.0	0.05998800239952009
chr6	-35	8	1685.0	0.4747774480712166
chr6	-34	1	1706.0	0.058616647127784284
chr6	-33	11	1719.0	0.6399069226294357
chr6	-32	6	1739.0	0.3450258769407705
chr6	-31	1	1756.0	0.05694760820045558
chr6	-30	3	1780.0	0.16853932584269662
chr6	-29	1	1798.0	0.05561735261401557
chr6	-28	3	1817.0	0.1651073197578426
chr6	-27	0	1837.0	0.0
chr6	-26	15	1853.0	0.809498111171074
chr6	-25	0	1875.0	0.0
chr6	-24	6	1890.0	0.31746031746031744
chr6	-23	14	1915.0	0.7310704960835509
chr6	-22	7	1932.0	0.36231884057971014
chr6	-21	2	1954.0	0.1023541453428864
chr6	-20	13	1974.0	0.6585612968591692
chr6	-19	15	1995.0	0.7518796992481203
chr6	-18	5	2021.0	0.24740227610094012
chr6	-17	5	2032.0	0.24606299212598426
chr6	-16	0	2059.0	0.0
chr6	-15	4	2083.0	0.19203072491598655
chr6	-14	3	2102.0	0.142721217887726
chr6	-13	3	2113.0	0.14197823000473261
chr6	-12	1	2141.0	0.046707146193367584
chr6	-11	15	2163.0	0.6934812760055479
chr6	-10	11	2181.0	0.504355800091701
chr6	-9	10	2186.0	0.4574565416285453
chr6	-8	2	2186.0	0.09149130832570906
chr6	-7	3	2189.0	0.13704888076747374
chr6	-6	5	2187.0	0.2286236854138089
chr6	-5	10	2187.0	0.4572473708276178
chr6	-4	5	2183.0	0.22904260192395787
chr6	-3	18	2182.0	0.8249312557286892
chr6	-2	12	2188.0	0.5484460694698354
chr6	-1	25	2187.0	1.1431184270690442
chr6	0	22	2140.0	1.0280373831775702
chr6	1	14	2125.0	0.6588235294117647
chr6	2	12	2101.0	0.5711565920990005
chr6	3	6	2085.0	0.28776978417266186
chr6	4	20	2074.0	0.9643201542912248
chr6	5	3	2053.0	0.14612761811982464
chr6	6	1	2039.0	0.04904364884747425
chr6	7	5	2023.0	0.2471576866040534
chr6	8	11	2003.0	0.5491762356465303
chr6	9	15	1972.0	0.7606490872210954
chr6	10	8	1957.0	0.4087889626980072
chr6	11	9	1936.0	0.46487603305785125
chr6	12	3	1909.0	0.1571503404924044
chr6	13	2	1898.0	0.10537407797681769
chr6	14	4	1866.0	0.21436227224008575
chr6	15	2	1849.0	0.1081665765278529
chr6	16	4	1816.0	0.22026431718061676
chr6	17	4	1806.0	0.22148394241417496
chr6	18	17	1790.0	0.9497206703910615
chr6	19	19	1780.0	1.0674157303370786
chr6	20	1	1763.0	0.05672149744753262
chr6	21	4	1746.0	0.22909507445589922
chr6	22	9	1725.0	0.5217391304347827
chr6	23	8	1702.0	0.4700352526439483
chr6	24	3	1682.0	0.178359096313912
chr6	25	10	1659.0	0.6027727546714888
chr6	26	1	1645.0	0.060790273556231005
chr6	27	2	1633.0	0.1224739742804654
chr6	28	3	1615.0	0.18575851393188852
chr6	29	6	1600.0	0.375
chr6	30	3	1585.0	0.1892744479495268
chr6	31	9	1567.0	0.574345883854499
chr6	32	15	1540.0	0.974025974025974
chr6	33	1	1523.0	0.06565988181221273
chr6	34	6	1509.0	0.3976143141153081
chr6	35	2	1489.0	0.1343183344526528
chr6	36	4	1472.0	0.2717391304347826
chr6	37	1	1444.0	0.06925207756232687
chr6	38	2	1426.0	0.1402524544179523
chr6	39	6	1403.0	0.42765502494654317
chr6	40	4	1387.0	0.2883922134102379
chr6	41	2	1372.0	0.1457725947521866
chr6	42	0	1350.0	0.0
chr6	43	2	1326.0	0.1508295625942685
chr6	44	3	1316.0	0.22796352583586624
chr6	45	2	1294.0	0.1545595054095827
chr6	46	3	1270.0	0.23622047244094488
chr6	47	0	1257.0	0.0
chr6	48	4	1233.0	0.32441200324412006
chr6	49	7	1215.0	0.5761316872427984
chr6	50	1	1195.0	0.08368200836820083
chr6	51	0	1176.0	0.0
chr6	52	7	1144.0	0.6118881118881119
chr6	53	0	1122.0	0.0
chr6	54	1	1099.0	0.09099181073703368
chr6	55	2	1085.0	0.18433179723502305
chr6	56	4	1075.0	0.37209302325581395
chr6	57	2	1051.0	0.19029495718363465
chr6	58	4	1031.0	0.38797284190106696
chr6	59	2	1014.0	0.19723865877712032
chr6	60	2	997.0	0.20060180541624875
chr6	61	3	978.0	0.3067484662576687
chr6	62	1	963.0	0.10384215991692627
chr6	63	3	955.0	0.31413612565445026
chr6	64	5	935.0	0.53475935828877
chr6	65	1	912.0	0.10964912280701754
chr6	66	4	890.0	0.44943820224719105
chr6	67	2	876.0	0.228310502283105
chr6	68	2	860.0	0.23255813953488372
chr6	69	0	845.0	0.0
chr6	70	1	822.0	0.12165450121654502
chr6	71	1	803.0	0.12453300124533001
chr6	72	0	792.0	0.0
chr6	73	2	775.0	0.25806451612903225
chr6	74	2	760.0	0.2631578947368421
chr6	75	0	738.0	0.0
chr6	76	2	726.0	0.27548209366391185
chr6	77	2	710.0	0.28169014084507044
chr6	78	1	690.0	0.14492753623188406
chr6	79	0	671.0	0.0
chr6	80	0	645.0	0.0
chr6	81	4	631.0	0.6339144215530903
chr6	82	1	610.0	0.16393442622950818
chr6	83	5	586.0	0.8532423208191127
chr6	84	3	573.0	0.5235602094240838
chr6	85	2	556.0	0.3597122302158274
chr6	86	0	536.0	0.0
chr6	87	2	522.0	0.38314176245210724
chr6	88	0	502.0	0.0
chr6	89	0	487.0	0.0
chr6	90	2	464.0	0.43103448275862066
chr6	91	0	447.0	0.0
chr6	92	0	434.0	0.0
chr6	93	1	406.0	0.24630541871921183
chr6	94	0	382.0	0.0
chr6	95	2	370.0	0.5405405405405406
chr6	96	0	353.0	0.0
chr6	97	0	339.0	0.0
chr6	98	0	321.0	0.0
chr6	99	0	298.0	0.0
chr6	100	0	276.0	0.0
chr6	101	0	260.0	0.0
chr6	102	0	235.0	0.0
chr6	103	0	215.0	0.0
chr6	104	2	203.0	0.9852216748768473
chr6	105	1	188.0	0.5319148936170213
chr6	106	0	176.0	0.0
chr6	107	0	155.0	0.0
chr6	108	0	145.0	0.0
chr6	109	0	125.0	0.0
chr6	110	0	108.0	0.0
chr6	111	0	98.0	0.0
chr6	112	0	81.0	0.0
chr6	113	1	65.0	1.5384615384615385
chr6	114	1	48.0	2.083333333333333
chr6	115	0	30.0	0.0
chr6	116	0	18.0	0.0
chr6	117	0	10.0	0.0
chr6	118	0	4.0	0.0
chr6	119	0	0.0	nan
chr6	120	0	0.0	nan
chr6	121	0	0.0	nan
chr6	122	0	0.0	nan
chr6	123	0	0.0	nan
chr6	124	0	0.0	nan
chr6	125	0	0.0	nan
chr6	126	0	0.0	nan
chr6	127	0	0.0	nan
chr6	128	0	0.0	nan
chr6	129	0	0.0	nan
chr6	130	0	0.0	nan
chr6	131	0	0.0	nan
chr6	132	0	0.0	nan
chr6	133	0	0.0	nan
chr6	134	0	0.0	nan
chr6	135	0	0.0	nan
chr6	136	0	0.0	nan
chr7	-136	0	1.0	0.0
chr7	-135	0	1.0	0.0
chr7	-134	0	1.0	0.0
chr7	-133	0	5.0	0.0
chr7	-132	0	8.0	0.0
chr7	-131	0	9.0	0.0
chr7	-130	0	52.0	0.0
chr7	-129	0	106.0	0.0
chr7	-128	0	170.0	0.0
chr7	-127	1	243.0	0.411522633744856
chr7	-126	0	319.0	0.0
chr7	-125	0	403.0	0.0
chr7	-124	2	492.0	0.40650406504065045
chr7	-123	1	577.0	0.17331022530329288
chr7	-122	1	661.0	0.15128593040847202
chr7	-121	1	762.0	0.13123359580052493
chr7	-120	2	860.0	0.23255813953488372
chr7	-119	1	963.0	0.10384215991692627
chr7	-118	3	1070.0	0.2803738317757009
chr7	-117	0	1166.0	0.0
chr7	-116	1	1263.0	0.0791765637371338
chr7	-115	1	1360.0	0.07352941176470588
chr7	-114	1	1463.0	0.0683526999316473
chr7	-113	2	1566.0	0.1277139208173691
chr7	-112	3	1658.0	0.18094089264173704
chr7	-111	1	1780.0	0.05617977528089888
chr7	-110	2	1883.0	0.10621348911311736
chr7	-109	3	2002.0	0.14985014985014986
chr7	-108	1	2106.0	0.04748338081671415
chr7	-107	4	2240.0	0.17857142857142858
chr7	-106	3	2329.0	0.12881064834693
chr7	-105	9	2440.0	0.36885245901639346
chr7	-104	3	2550.0	0.1176470588235294
chr7	-103	8	2672.0	0.29940119760479045
chr7	-102	2	2796.0	0.07153075822603719
chr7	-101	1	2892.0	0.034578146611341634
chr7	-100	2	2996.0	0.06675567423230974
chr7	-99	7	3100.0	0.22580645161290325
chr7	-98	3	3226.0	0.09299442033477992
chr7	-97	11	3348.0	0.32855436081242534
chr7	-96	1	3469.0	0.028826751225136928
chr7	-95	7	3599.0	0.1944984717977216
chr7	-94	6	3718.0	0.16137708445400753
chr7	-93	5	3827.0	0.1306506401881369
chr7	-92	18	3937.0	0.4572009144018288
chr7	-91	3	4064.0	0.07381889763779527
chr7	-90	8	4201.0	0.19043084979766722
chr7	-89	9	4365.0	0.2061855670103093
chr7	-88	13	4485.0	0.2898550724637681
chr7	-87	7	4624.0	0.1513840830449827
chr7	-86	15	4738.0	0.3165892781764457
chr7	-85	5	4877.0	0.1025220422390814
chr7	-84	15	4996.0	0.300240192153723
chr7	-83	9	5121.0	0.17574692442882248
chr7	-82	4	5256.0	0.076103500761035
chr7	-81	13	5377.0	0.2417705039985122
chr7	-80	8	5491.0	0.145692952103442
chr7	-79	18	5617.0	0.32045575930211856
chr7	-78	9	5756.0	0.1563585823488534
chr7	-77	7	5882.0	0.11900714042842571
chr7	-76	12	6007.0	0.19976693857166639
chr7	-75	17	6125.0	0.27755102040816326
chr7	-74	3	6271.0	0.04783926008611067
chr7	-73	2	6404.0	0.03123048094940662
chr7	-72	8	6548.0	0.12217470983506415
chr7	-71	20	6663.0	0.30016509079993997
chr7	-70	14	6780.0	0.20648967551622419
chr7	-69	15	6917.0	0.21685701893884632
chr7	-68	19	7058.0	0.26919807310852933
chr7	-67	14	7179.0	0.1950132330408135
chr7	-66	14	7308.0	0.19157088122605362
chr7	-65	8	7427.0	0.10771509357748754
chr7	-64	39	7561.0	0.5158047877264913
chr7	-63	15	7710.0	0.19455252918287938
chr7	-62	19	7828.0	0.24271844660194172
chr7	-61	28	7963.0	0.35162627150571396
chr7	-60	14	8103.0	0.17277551524126866
chr7	-59	25	8233.0	0.30365601846228596
chr7	-58	21	8374.0	0.25077621208502504
chr7	-57	17	8509.0	0.1997884592784111
chr7	-56	25	8641.0	0.2893183659298692
chr7	-55	16	8778.0	0.18227386648439278
chr7	-54	14	8909.0	0.15714446065776183
chr7	-53	23	9060.0	0.25386313465783666
chr7	-52	10	9196.0	0.1087429317094389
chr7	-51	30	9340.0	0.32119914346895073
chr7	-50	11	9462.0	0.11625449165081378
chr7	-49	21	9592.0	0.2189324437030859
chr7	-48	9	9723.0	0.09256402344955261
chr7	-47	23	9854.0	0.2334077531966714
chr7	-46	23	9985.0	0.23034551827741612
chr7	-45	22	10127.0	0.2172410388071492
chr7	-44	18	10259.0	0.17545569743639733
chr7	-43	12	10389.0	0.11550678602367889
chr7	-42	15	10531.0	0.14243661570601082
chr7	-41	6	10674.0	0.056211354693648116
chr7	-40	30	10822.0	0.2772130844575864
chr7	-39	21	10969.0	0.1914486279514997
chr7	-38	24	11107.0	0.21607994958134508
chr7	-37	44	11224.0	0.3920171062009979
chr7	-36	31	11379.0	0.27243167237894367
chr7	-35	52	11513.0	0.4516633370971945
chr7	-34	29	11668.0	0.2485430236544395
chr7	-33	22	11821.0	0.18610946620421284
chr7	-32	30	11974.0	0.25054284282612327
chr7	-31	15	12103.0	0.12393621416177808
chr7	-30	13	12219.0	0.10639168508061216
chr7	-29	33	12366.0	0.26686074721009223
chr7	-28	39	12497.0	0.31207489797551413
chr7	-27	39	12637.0	0.3086175516340904
chr7	-26	11	12772.0	0.08612590040714062
chr7	-25	22	12917.0	0.17031818533715257
chr7	-24	39	13054.0	0.2987590010724682
chr7	-23	28	13196.0	0.2121855107608366
chr7	-22	25	13343.0	0.18736416098328712
chr7	-21	37	13472.0	0.2746437054631829
chr7	-20	34	13606.0	0.24988975452006468
chr7	-19	36	13758.0	0.26166593981683384
chr7	-18	24	13903.0	0.17262461339279292
chr7	-17	16	14051.0	0.11387089886840795
chr7	-16	31	14200.0	0.21830985915492956
chr7	-15	12	14321.0	0.08379303121290413
chr7	-14	38	14450.0	0.2629757785467128
chr7	-13	20	14563.0	0.13733434045183
chr7	-12	17	14701.0	0.11563839194612613
chr7	-11	28	14847.0	0.1885902876001886
chr7	-10	53	14973.0	0.3539704801976892
chr7	-9	40	14958.0	0.26741542987030353
chr7	-8	30	14990.0	0.20013342228152103
chr7	-7	25	14993.0	0.1667444807576869
chr7	-6	27	14991.0	0.18010806483890335
chr7	-5	35	14981.0	0.23362926373406315
chr7	-4	49	14981.0	0.3270809692276884
chr7	-3	51	14976.0	0.3405448717948718
chr7	-2	54	14965.0	0.3608419645840294
chr7	-1	166	14928.0	1.1120042872454448
chr7	0	169	14618.0	1.1561089068271995
chr7	1	68	14538.0	0.4677397166047599
chr7	2	65	14431.0	0.45041923636615616
chr7	3	57	14298.0	0.39865715484683173
chr7	4	48	14170.0	0.3387438249823571
chr7	5	48	14059.0	0.34141830855679633
chr7	6	23	13947.0	0.16491001649100165
chr7	7	27	13817.0	0.19541144966345805
chr7	8	48	13666.0	0.35123664569003366
chr7	9	58	13530.0	0.4286770140428677
chr7	10	36	13400.0	0.26865671641791045
chr7	11	25	13267.0	0.18843747644531544
chr7	12	28	13133.0	0.21320338079646695
chr7	13	41	13022.0	0.3148517892796805
chr7	14	29	12902.0	0.2247713532785615
chr7	15	35	12777.0	0.2739297174610628
chr7	16	32	12643.0	0.25310448469508817
chr7	17	35	12528.0	0.2793742017879949
chr7	18	38	12390.0	0.30669895076674736
chr7	19	46	12274.0	0.3747759491608278
chr7	20	37	12115.0	0.3054065208419315
chr7	21	42	12003.0	0.34991252186953264
chr7	22	61	11875.0	0.5136842105263157
chr7	23	61	11741.0	0.5195468869772591
chr7	24	31	11576.0	0.2677954388389772
chr7	25	26	11481.0	0.22646110965943733
chr7	26	46	11350.0	0.4052863436123348
chr7	27	40	11227.0	0.3562839583147769
chr7	28	40	11106.0	0.3601656762110571
chr7	29	33	10967.0	0.3009027081243731
chr7	30	26	10850.0	0.23963133640552994
chr7	31	46	10721.0	0.42906445294282247
chr7	32	40	10596.0	0.3775009437523594
chr7	33	31	10476.0	0.29591447117220315
chr7	34	51	10344.0	0.4930394431554524
chr7	35	36	10208.0	0.35266457680250785
chr7	36	56	10084.0	0.5553351844506148
chr7	37	20	9977.0	0.20046106043900974
chr7	38	28	9847.0	0.2843505636234386
chr7	39	39	9711.0	0.4016064257028112
chr7	40	17	9545.0	0.17810371922472498
chr7	41	37	9421.0	0.39273962424371084
chr7	42	34	9295.0	0.3657880580957504
chr7	43	23	9179.0	0.25057195772960017
chr7	44	29	9048.0	0.3205128205128205
chr7	45	22	8914.0	0.24680278214045323
chr7	46	30	8773.0	0.34195828108970705
chr7	47	14	8644.0	0.16196205460434984
chr7	48	33	8522.0	0.3872330438864116
chr7	49	14	8383.0	0.16700465227245617
chr7	50	28	8262.0	0.3389009924957638
chr7	51	21	8136.0	0.2581120943952802
chr7	52	23	8007.0	0.2872486574247533
chr7	53	29	7868.0	0.36858159633960347
chr7	54	15	7755.0	0.19342359767891684
chr7	55	18	7618.0	0.2362824888422158
chr7	56	23	7482.0	0.3074044373162256
chr7	57	13	7346.0	0.17696705690171524
chr7	58	30	7207.0	0.4162619675315666
chr7	59	29	7060.0	0.4107648725212465
chr7	60	23	6924.0	0.3321779318313114
chr7	61	32	6809.0	0.4699662211778528
chr7	62	29	6677.0	0.43432679347012126
chr7	63	22	6557.0	0.33551929235931066
chr7	64	14	6413.0	0.21830656479026977
chr7	65	24	6275.0	0.38247011952191234
chr7	66	12	6165.0	0.19464720194647203
chr7	67	24	6004.0	0.39973351099267157
chr7	68	27	5866.0	0.4602795772246846
chr7	69	12	5732.0	0.20935101186322402
chr7	70	25	5610.0	0.4456327985739751
chr7	71	19	5457.0	0.34817665383910573
chr7	72	9	5311.0	0.16945961212577668
chr7	73	13	5197.0	0.25014431402732346
chr7	74	9	5068.0	0.17758484609313338
chr7	75	16	4924.0	0.3249390739236393
chr7	76	13	4791.0	0.27134209977040286
chr7	77	10	4665.0	0.21436227224008575
chr7	78	14	4534.0	0.30877812086457873
chr7	79	8	4387.0	0.18235696375655347
chr7	80	13	4254.0	0.305594734367654
chr7	81	6	4126.0	0.1454192922927775
chr7	82	12	4003.0	0.2997751686235324
chr7	83	17	3870.0	0.43927648578811374
chr7	84	12	3741.0	0.32076984763432237
chr7	85	10	3606.0	0.27731558513588467
chr7	86	5	3477.0	0.14380212827149844
chr7	87	16	3356.0	0.47675804529201427
chr7	88	11	3229.0	0.3406627438835553
chr7	89	8	3108.0	0.2574002574002574
chr7	90	4	2989.0	0.13382402141184344
chr7	91	9	2853.0	0.31545741324921134
chr7	92	6	2733.0	0.21953896816684962
chr7	93	5	2617.0	0.19105846388995032
chr7	94	7	2489.0	0.28123744475693047
chr7	95	4	2348.0	0.17035775127768313
chr7	96	6	2232.0	0.2688172043010753
chr7	97	1	2120.0	0.04716981132075472
chr7	98	8	2006.0	0.3988035892323031
chr7	99	7	1906.0	0.36726128016789084
chr7	100	7	1801.0	0.3886729594669628
chr7	101	5	1685.0	0.2967359050445104
chr7	102	2	1568.0	0.12755102040816327
chr7	103	4	1457.0	0.27453671928620454
chr7	104	6	1335.0	0.44943820224719105
chr7	105	4	1240.0	0.3225806451612903
chr7	106	4	1136.0	0.35211267605633806
chr7	107	5	1014.0	0.4930966469428008
chr7	108	5	904.0	0.5530973451327433
chr7	109	2	819.0	0.2442002442002442
chr7	110	1	725.0	0.13793103448275862
chr7	111	1	634.0	0.15772870662460567
chr7	112	3	527.0	0.5692599620493358
chr7	113	2	411.0	0.48661800486618007
chr7	114	4	335.0	1.1940298507462688
chr7	115	1	254.0	0.39370078740157477
chr7	116	1	171.0	0.5847953216374269
chr7	117	2	102.0	1.9607843137254901
chr7	118	0	32.0	0.0
chr7	119	0	0.0	nan
chr7	120	0	0.0	nan
chr7	121	0	0.0	nan
chr7	122	0	0.0	nan
chr7	123	0	0.0	nan
chr7	124	0	0.0	nan
chr7	125	0	0.0	nan
chr7	126	0	0.0	nan
chr7	127	0	0.0	nan
chr7	128	0	0.0	nan
chr7	129	0	0.0	nan
chr7	130	0	0.0	nan
chr7	131	0	0.0	nan
chr7	132	0	0.0	nan
chr7	133	0	0.0	nan
chr7	134	0	0.0	nan
chr7	135	0	0.0	nan
chr7	136	0	0.0	nan
chr7	137	0	0.0	nan
chr7	138	0	0.0	nan
chr7	139	0	0.0	nan
chr7	140	0	0.0	nan
chr7	141	0	0.0	nan
chr8	-143	0	0.0	nan
chr8	-142	0	0.0	nan
chr8	-141	0	0.0	nan
chr8	-140	0	0.0	nan
chr8	-139	0	1.0	0.0
chr8	-138	0	2.0	0.0
chr8	-137	0	3.0	0.0
chr8	-136	0	3.0	0.0
chr8	-135	0	4.0	0.0
chr8	-134	0	5.0	0.0
chr8	-133	0	5.0	0.0
chr8	-132	0	6.0	0.0
chr8	-131	0	8.0	0.0
chr8	-130	0	18.0	0.0
chr8	-129	0	32.0	0.0
chr8	-128	0	44.0	0.0
chr8	-127	0	65.0	0.0
chr8	-126	2	87.0	2.2988505747126435
chr8	-125	0	107.0	0.0
chr8	-124	0	129.0	0.0
chr8	-123	1	144.0	0.6944444444444444
chr8	-122	2	156.0	1.282051282051282
chr8	-121	0	170.0	0.0
chr8	-120	1	198.0	0.5050505050505051
chr8	-119	0	212.0	0.0
chr8	-118	0	231.0	0.0
chr8	-117	0	266.0	0.0
chr8	-116	1	283.0	0.35335689045936397
chr8	-115	0	306.0	0.0
chr8	-114	1	327.0	0.3058103975535168
chr8	-113	0	348.0	0.0
chr8	-112	0	375.0	0.0
chr8	-111	0	397.0	0.0
chr8	-110	1	415.0	0.24096385542168677
chr8	-109	1	439.0	0.22779043280182232
chr8	-108	0	459.0	0.0
chr8	-107	0	480.0	0.0
chr8	-106	1	499.0	0.2004008016032064
chr8	-105	3	526.0	0.5703422053231939
chr8	-104	3	558.0	0.5376344086021506
chr8	-103	6	589.0	1.0186757215619695
chr8	-102	0	600.0	0.0
chr8	-101	0	618.0	0.0
chr8	-100	1	653.0	0.1531393568147014
chr8	-99	1	676.0	0.14792899408284024
chr8	-98	0	708.0	0.0
chr8	-97	2	739.0	0.2706359945872801
chr8	-96	1	759.0	0.13175230566534915
chr8	-95	0	782.0	0.0
chr8	-94	0	799.0	0.0
chr8	-93	0	823.0	0.0
chr8	-92	3	846.0	0.3546099290780142
chr8	-91	1	874.0	0.11441647597254005
chr8	-90	5	905.0	0.5524861878453038
chr8	-89	4	935.0	0.42780748663101603
chr8	-88	0	964.0	0.0
chr8	-87	0	996.0	0.0
chr8	-86	4	1015.0	0.3940886699507389
chr8	-85	7	1036.0	0.6756756756756757
chr8	-84	1	1070.0	0.09345794392523366
chr8	-83	0	1095.0	0.0
chr8	-82	1	1123.0	0.08904719501335707
chr8	-81	7	1149.0	0.6092254134029591
chr8	-80	1	1186.0	0.08431703204047217
chr8	-79	3	1206.0	0.24875621890547264
chr8	-78	5	1238.0	0.40387722132471726
chr8	-77	0	1268.0	0.0
chr8	-76	0	1296.0	0.0
chr8	-75	2	1321.0	0.1514004542013626
chr8	-74	0	1349.0	0.0
chr8	-73	1	1383.0	0.07230657989877079
chr8	-72	4	1414.0	0.2828854314002829
chr8	-71	0	1438.0	0.0
chr8	-70	1	1462.0	0.06839945280437756
chr8	-69	5	1485.0	0.33670033670033667
chr8	-68	1	1508.0	0.0663129973474801
chr8	-67	6	1537.0	0.3903708523096942
chr8	-66	1	1565.0	0.06389776357827476
chr8	-65	3	1598.0	0.18773466833541927
chr8	-64	0	1618.0	0.0
chr8	-63	4	1638.0	0.2442002442002442
chr8	-62	8	1651.0	0.48455481526347666
chr8	-61	7	1683.0	0.41592394533571003
chr8	-60	4	1714.0	0.2333722287047841
chr8	-59	4	1738.0	0.23014959723820483
chr8	-58	4	1762.0	0.22701475595913734
chr8	-57	0	1798.0	0.0
chr8	-56	4	1823.0	0.21941854086670326
chr8	-55	0	1871.0	0.0
chr8	-54	2	1892.0	0.10570824524312897
chr8	-53	17	1925.0	0.8831168831168832
chr8	-52	1	1962.0	0.05096839959225281
chr8	-51	4	1996.0	0.2004008016032064
chr8	-50	6	2025.0	0.2962962962962963
chr8	-49	4	2059.0	0.19426906265177268
chr8	-48	3	2092.0	0.14340344168260039
chr8	-47	3	2117.0	0.14170996693434107
chr8	-46	8	2148.0	0.37243947858473
chr8	-45	9	2171.0	0.4145555043758637
chr8	-44	3	2198.0	0.13648771610555052
chr8	-43	26	2220.0	1.1711711711711712
chr8	-42	2	2237.0	0.08940545373267769
chr8	-41	0	2264.0	0.0
chr8	-40	8	2296.0	0.34843205574912894
chr8	-39	5	2319.0	0.21561017680034494
chr8	-38	5	2347.0	0.21303792074989347
chr8	-37	6	2381.0	0.251994960100798
chr8	-36	2	2405.0	0.08316008316008316
chr8	-35	3	2433.0	0.12330456226880394
chr8	-34	1	2456.0	0.04071661237785017
chr8	-33	1	2480.0	0.04032258064516129
chr8	-32	5	2511.0	0.1991238550378335
chr8	-31	3	2537.0	0.11824990145841545
chr8	-30	6	2576.0	0.2329192546583851
chr8	-29	5	2601.0	0.1922337562475971
chr8	-28	11	2636.0	0.417298937784522
chr8	-27	5	2666.0	0.1875468867216804
chr8	-26	3	2684.0	0.11177347242921014
chr8	-25	1	2729.0	0.03664345914254306
chr8	-24	1	2760.0	0.036231884057971016
chr8	-23	1	2786.0	0.03589375448671931
chr8	-22	5	2816.0	0.17755681818181818
chr8	-21	5	2848.0	0.17556179775280897
chr8	-20	4	2887.0	0.13855213023900242
chr8	-19	3	2936.0	0.10217983651226158
chr8	-18	5	2962.0	0.1688048615800135
chr8	-17	13	3002.0	0.4330446369087275
chr8	-16	5	3040.0	0.1644736842105263
chr8	-15	11	3063.0	0.35912504080966373
chr8	-14	5	3101.0	0.16123831022250887
chr8	-13	7	3133.0	0.22342802425789976
chr8	-12	2	3166.0	0.06317119393556538
chr8	-11	8	3196.0	0.2503128911138924
chr8	-10	9	3233.0	0.27837921435199503
chr8	-9	2	3233.0	0.06186204763377668
chr8	-8	15	3233.0	0.46396535725332505
chr8	-7	12	3235.0	0.37094281298299847
chr8	-6	8	3231.0	0.24760136180748993
chr8	-5	3	3231.0	0.09285051067780872
chr8	-4	4	3230.0	0.12383900928792571
chr8	-3	14	3230.0	0.43343653250773995
chr8	-2	11	3228.0	0.34076827757125155
chr8	-1	18	3228.0	0.5576208178438662
chr8	0	9	3149.0	0.2858050174658622
chr8	1	9	3125.0	0.28800000000000003
chr8	2	18	3097.0	0.581207620277688
chr8	3	12	3072.0	0.390625
chr8	4	4	3042.0	0.13149243918474687
chr8	5	12	3018.0	0.3976143141153081
chr8	6	11	3006.0	0.36593479707252163
chr8	7	13	2985.0	0.43551088777219427
chr8	8	5	2955.0	0.1692047377326565
chr8	9	5	2925.0	0.17094017094017094
chr8	10	9	2894.0	0.31098825155494125
chr8	11	7	2867.0	0.24415765608650158
chr8	12	10	2845.0	0.35149384885764495
chr8	13	1	2818.0	0.035486160397444996
chr8	14	5	2788.0	0.1793400286944046
chr8	15	5	2769.0	0.18057060310581438
chr8	16	16	2731.0	0.585865983156353
chr8	17	3	2713.0	0.11057869517139698
chr8	18	7	2690.0	0.26022304832713755
chr8	19	3	2670.0	0.11235955056179776
chr8	20	5	2638.0	0.18953752843062927
chr8	21	5	2611.0	0.19149751053236308
chr8	22	3	2584.0	0.11609907120743033
chr8	23	3	2559.0	0.11723329425556857
chr8	24	3	2529.0	0.11862396204033215
chr8	25	6	2494.0	0.24057738572574178
chr8	26	4	2465.0	0.16227180527383367
chr8	27	7	2448.0	0.28594771241830064
chr8	28	2	2424.0	0.08250825082508251
chr8	29	11	2399.0	0.45852438516048355
chr8	30	3	2378.0	0.1261564339781329
chr8	31	3	2339.0	0.12825994014536127
chr8	32	7	2306.0	0.3035559410234172
chr8	33	6	2283.0	0.2628120893561104
chr8	34	4	2257.0	0.17722640673460346
chr8	35	5	2236.0	0.22361359570661896
chr8	36	7	2202.0	0.31789282470481384
chr8	37	10	2166.0	0.46168051708217916
chr8	38	5	2129.0	0.23485204321277595
chr8	39	8	2101.0	0.38077106139933364
chr8	40	6	2076.0	0.2890173410404624
chr8	41	10	2042.0	0.4897159647404506
chr8	42	22	2016.0	1.0912698412698412
chr8	43	5	1997.0	0.25037556334501754
chr8	44	19	1977.0	0.9610520991401114
chr8	45	7	1955.0	0.35805626598465473
chr8	46	7	1936.0	0.3615702479338843
chr8	47	8	1907.0	0.4195070791819612
chr8	48	4	1876.0	0.21321961620469082
chr8	49	5	1832.0	0.2729257641921397
chr8	50	10	1809.0	0.552791597567717
chr8	51	7	1770.0	0.39548022598870053
chr8	52	2	1744.0	0.11467889908256881
chr8	53	6	1716.0	0.34965034965034963
chr8	54	1	1693.0	0.05906674542232723
chr8	55	8	1664.0	0.4807692307692308
chr8	56	1	1640.0	0.06097560975609756
chr8	57	8	1610.0	0.4968944099378882
chr8	58	6	1582.0	0.37926675094816686
chr8	59	9	1549.0	0.5810200129115558
chr8	60	6	1518.0	0.3952569169960474
chr8	61	14	1497.0	0.9352037408149633
chr8	62	2	1471.0	0.13596193065941536
chr8	63	3	1443.0	0.2079002079002079
chr8	64	3	1409.0	0.21291696238466998
chr8	65	2	1377.0	0.14524328249818447
chr8	66	4	1350.0	0.2962962962962963
chr8	67	4	1319.0	0.3032600454890068
chr8	68	3	1287.0	0.2331002331002331
chr8	69	2	1249.0	0.16012810248198558
chr8	70	1	1211.0	0.08257638315441783
chr8	71	5	1189.0	0.42052144659377627
chr8	72	2	1158.0	0.17271157167530224
chr8	73	2	1136.0	0.17605633802816903
chr8	74	4	1110.0	0.36036036036036034
chr8	75	0	1087.0	0.0
chr8	76	3	1050.0	0.2857142857142857
chr8	77	9	1008.0	0.8928571428571428
chr8	78	2	985.0	0.20304568527918782
chr8	79	1	955.0	0.10471204188481677
chr8	80	4	926.0	0.4319654427645789
chr8	81	4	889.0	0.44994375703037126
chr8	82	2	866.0	0.23094688221709006
chr8	83	3	838.0	0.35799522673031026
chr8	84	9	819.0	1.098901098901099
chr8	85	1	795.0	0.12578616352201258
chr8	86	3	770.0	0.38961038961038963
chr8	87	2	745.0	0.2684563758389262
chr8	88	8	719.0	1.1126564673157162
chr8	89	4	690.0	0.5797101449275363
chr8	90	0	668.0	0.0
chr8	91	2	638.0	0.3134796238244514
chr8	92	2	608.0	0.3289473684210526
chr8	93	2	580.0	0.3448275862068966
chr8	94	2	552.0	0.36231884057971014
chr8	95	2	540.0	0.3703703703703704
chr8	96	3	509.0	0.5893909626719057
chr8	97	1	479.0	0.20876826722338201
chr8	98	2	460.0	0.43478260869565216
chr8	99	0	441.0	0.0
chr8	100	0	414.0	0.0
chr8	101	0	396.0	0.0
chr8	102	0	370.0	0.0
chr8	103	0	346.0	0.0
chr8	104	0	318.0	0.0
chr8	105	0	300.0	0.0
chr8	106	0	282.0	0.0
chr8	107	0	262.0	0.0
chr8	108	0	239.0	0.0
chr8	109	0	206.0	0.0
chr8	110	0	182.0	0.0
chr8	111	0	161.0	0.0
chr8	112	1	123.0	0.8130081300813009
chr8	113	0	103.0	0.0
chr8	114	0	81.0	0.0
chr8	115	0	60.0	0.0
chr8	116	0	42.0	0.0
chr8	117	0	28.0	0.0
chr8	118	0	12.0	0.0
chr8	119	0	0.0	nan
chr8	120	0	0.0	nan
chr8	121	0	0.0	nan
chr8	122	0	0.0	nan
chr8	123	0	0.0	nan
chr8	124	0	0.0	nan
chr8	125	0	0.0	nan
chr8	126	0	0.0	nan
chr8	127	0	0.0	nan
chr8	128	0	0.0	nan
chr8	129	0	0.0	nan
chr8	130	0	0.0	nan
chr8	131	0	0.0	nan
chr8	132	0	0.0	nan
chr8	133	0	0.0	nan
chr8	134	0	0.0	nan
chr8	135	0	0.0	nan
chr8	136	0	0.0	nan
chr8	137	0	0.0	nan
chr8	138	0	0.0	nan
chr9	-132	0	1.0	0.0
chr9	-131	0	2.0	0.0
chr9	-130	0	12.0	0.0
chr9	-129	0	22.0	0.0
chr9	-128	0	48.0	0.0
chr9	-127	0	62.0	0.0
chr9	-126	1	80.0	1.25
chr9	-125	1	100.0	1.0
chr9	-124	0	120.0	0.0
chr9	-123	2	138.0	1.4492753623188406
chr9	-122	0	160.0	0.0
chr9	-121	0	178.0	0.0
chr9	-120	0	208.0	0.0
chr9	-119	0	227.0	0.0
chr9	-118	0	264.0	0.0
chr9	-117	0	284.0	0.0
chr9	-116	0	305.0	0.0
chr9	-115	0	321.0	0.0
chr9	-114	0	343.0	0.0
chr9	-113	3	367.0	0.8174386920980926
chr9	-112	0	383.0	0.0
chr9	-111	0	416.0	0.0
chr9	-110	1	438.0	0.228310502283105
chr9	-109	0	466.0	0.0
chr9	-108	1	491.0	0.20366598778004072
chr9	-107	0	514.0	0.0
chr9	-106	1	534.0	0.18726591760299627
chr9	-105	1	563.0	0.17761989342806395
chr9	-104	0	584.0	0.0
chr9	-103	2	615.0	0.3252032520325203
chr9	-102	1	640.0	0.15625
chr9	-101	1	684.0	0.14619883040935672
chr9	-100	0	708.0	0.0
chr9	-99	1	739.0	0.13531799729364005
chr9	-98	1	776.0	0.12886597938144329
chr9	-97	0	806.0	0.0
chr9	-96	1	842.0	0.11876484560570072
chr9	-95	3	866.0	0.3464203233256351
chr9	-94	1	897.0	0.11148272017837235
chr9	-93	2	926.0	0.21598272138228944
chr9	-92	0	958.0	0.0
chr9	-91	5	1000.0	0.5
chr9	-90	2	1029.0	0.1943634596695821
chr9	-89	1	1065.0	0.09389671361502347
chr9	-88	1	1098.0	0.09107468123861566
chr9	-87	1	1131.0	0.08841732979664013
chr9	-86	0	1158.0	0.0
chr9	-85	2	1194.0	0.16750418760469013
chr9	-84	3	1226.0	0.24469820554649263
chr9	-83	0	1254.0	0.0
chr9	-82	4	1287.0	0.3108003108003108
chr9	-81	0	1326.0	0.0
chr9	-80	3	1348.0	0.22255192878338279
chr9	-79	3	1391.0	0.2156721782890007
chr9	-78	0	1424.0	0.0
chr9	-77	0	1449.0	0.0
chr9	-76	3	1488.0	0.20161290322580644
chr9	-75	0	1514.0	0.0
chr9	-74	7	1540.0	0.45454545454545453
chr9	-73	2	1574.0	0.12706480304955528
chr9	-72	1	1607.0	0.06222775357809583
chr9	-71	0	1639.0	0.0
chr9	-70	1	1665.0	0.06006006006006006
chr9	-69	6	1690.0	0.35502958579881655
chr9	-68	7	1721.0	0.40674026728646134
chr9	-67	1	1750.0	0.05714285714285715
chr9	-66	3	1780.0	0.16853932584269662
chr9	-65	0	1802.0	0.0
chr9	-64	12	1835.0	0.6539509536784741
chr9	-63	4	1863.0	0.2147074610842727
chr9	-62	2	1888.0	0.1059322033898305
chr9	-61	1	1913.0	0.052273915316257184
chr9	-60	11	1942.0	0.5664263645726055
chr9	-59	5	1965.0	0.2544529262086514
chr9	-58	3	2000.0	0.15
chr9	-57	3	2036.0	0.14734774066797643
chr9	-56	3	2068.0	0.14506769825918764
chr9	-55	1	2114.0	0.04730368968779565
chr9	-54	3	2159.0	0.13895321908290875
chr9	-53	2	2200.0	0.09090909090909091
chr9	-52	5	2236.0	0.22361359570661896
chr9	-51	3	2264.0	0.13250883392226148
chr9	-50	7	2286.0	0.30621172353455817
chr9	-49	5	2319.0	0.21561017680034494
chr9	-48	2	2358.0	0.08481764206955046
chr9	-47	6	2407.0	0.24927295388450355
chr9	-46	2	2439.0	0.08200082000820008
chr9	-45	8	2465.0	0.32454361054766734
chr9	-44	3	2503.0	0.11985617259288853
chr9	-43	14	2533.0	0.5527043031977892
chr9	-42	1	2562.0	0.039032006245121
chr9	-41	7	2594.0	0.2698535080956052
chr9	-40	7	2623.0	0.2668699961875715
chr9	-39	6	2650.0	0.22641509433962265
chr9	-38	0	2681.0	0.0
chr9	-37	10	2710.0	0.36900369003690037
chr9	-36	2	2749.0	0.07275372862859221
chr9	-35	6	2782.0	0.2156721782890007
chr9	-34	14	2810.0	0.498220640569395
chr9	-33	3	2837.0	0.10574550581600281
chr9	-32	2	2860.0	0.06993006993006994
chr9	-31	20	2888.0	0.6925207756232686
chr9	-30	4	2918.0	0.1370801919122687
chr9	-29	6	2955.0	0.20304568527918782
chr9	-28	3	2984.0	0.10053619302949061
chr9	-27	5	3014.0	0.16589250165892502
chr9	-26	4	3050.0	0.13114754098360656
chr9	-25	4	3079.0	0.12991230919129587
chr9	-24	3	3108.0	0.09652509652509653
chr9	-23	4	3139.0	0.12742911755336095
chr9	-22	3	3162.0	0.09487666034155598
chr9	-21	8	3201.0	0.24992189940643547
chr9	-20	6	3228.0	0.18587360594795538
chr9	-19	8	3269.0	0.2447231569287244
chr9	-18	5	3302.0	0.15142337976983647
chr9	-17	9	3333.0	0.27002700270027
chr9	-16	8	3369.0	0.23745918670228555
chr9	-15	14	3405.0	0.4111600587371512
chr9	-14	4	3438.0	0.11634671320535195
chr9	-13	6	3475.0	0.17266187050359713
chr9	-12	1	3522.0	0.028392958546280524
chr9	-11	3	3549.0	0.08453085376162299
chr9	-10	6	3580.0	0.16759776536312848
chr9	-9	5	3579.0	0.13970382788488406
chr9	-8	18	3580.0	0.5027932960893855
chr9	-7	2	3580.0	0.055865921787709494
chr9	-6	9	3580.0	0.25139664804469275
chr9	-5	5	3579.0	0.13970382788488406
chr9	-4	5	3579.0	0.13970382788488406
chr9	-3	10	3576.0	0.2796420581655481
chr9	-2	23	3575.0	0.6433566433566433
chr9	-1	41	3580.0	1.1452513966480447
chr9	0	35	3490.0	1.002865329512894
chr9	1	10	3445.0	0.29027576197387517
chr9	2	16	3420.0	0.46783625730994155
chr9	3	13	3392.0	0.38325471698113206
chr9	4	9	3365.0	0.2674591381872214
chr9	5	19	3337.0	0.5693736889421637
chr9	6	7	3313.0	0.21128886205855718
chr9	7	16	3279.0	0.48795364440378164
chr9	8	3	3240.0	0.0925925925925926
chr9	9	2	3202.0	0.06246096189881324
chr9	10	5	3166.0	0.15792798483891346
chr9	11	4	3137.0	0.1275103602167676
chr9	12	10	3111.0	0.32144005143040827
chr9	13	9	3069.0	0.2932551319648094
chr9	14	13	3040.0	0.4276315789473685
chr9	15	12	3013.0	0.39827414537006306
chr9	16	8	2985.0	0.2680067001675042
chr9	17	5	2958.0	0.16903313049357674
chr9	18	5	2917.0	0.17140898183064793
chr9	19	14	2882.0	0.4857737682165163
chr9	20	14	2858.0	0.489853044086774
chr9	21	6	2824.0	0.2124645892351275
chr9	22	8	2800.0	0.2857142857142857
chr9	23	6	2777.0	0.21606049693914295
chr9	24	5	2755.0	0.18148820326678766
chr9	25	4	2724.0	0.14684287812041116
chr9	26	3	2690.0	0.11152416356877323
chr9	27	4	2662.0	0.15026296018031557
chr9	28	5	2625.0	0.19047619047619047
chr9	29	17	2592.0	0.6558641975308641
chr9	30	15	2558.0	0.5863956215793589
chr9	31	6	2519.0	0.23818975784041285
chr9	32	5	2485.0	0.2012072434607646
chr9	33	9	2458.0	0.3661513425549227
chr9	34	9	2424.0	0.3712871287128713
chr9	35	4	2389.0	0.1674340728338217
chr9	36	5	2359.0	0.21195421788893598
chr9	37	6	2322.0	0.2583979328165375
chr9	38	11	2290.0	0.48034934497816595
chr9	39	6	2251.0	0.26654820079964464
chr9	40	4	2210.0	0.18099547511312217
chr9	41	5	2178.0	0.2295684113865932
chr9	42	10	2147.0	0.4657661853749418
chr9	43	8	2120.0	0.37735849056603776
chr9	44	2	2080.0	0.09615384615384616
chr9	45	1	2046.0	0.04887585532746823
chr9	46	11	2024.0	0.5434782608695652
chr9	47	3	1990.0	0.1507537688442211
chr9	48	5	1944.0	0.257201646090535
chr9	49	6	1916.0	0.31315240083507306
chr9	50	4	1882.0	0.21253985122210414
chr9	51	4	1852.0	0.21598272138228944
chr9	52	4	1829.0	0.2186987424822307
chr9	53	4	1794.0	0.2229654403567447
chr9	54	3	1760.0	0.17045454545454544
chr9	55	7	1733.0	0.4039238315060588
chr9	56	7	1693.0	0.4134672179562906
chr9	57	7	1671.0	0.41891083183722316
chr9	58	10	1644.0	0.6082725060827251
chr9	59	10	1620.0	0.6172839506172839
chr9	60	4	1595.0	0.25078369905956116
chr9	61	0	1559.0	0.0
chr9	62	4	1528.0	0.2617801047120419
chr9	63	10	1487.0	0.6724949562878278
chr9	64	3	1466.0	0.20463847203274216
chr9	65	8	1447.0	0.55286800276434
chr9	66	2	1422.0	0.14064697609001406
chr9	67	3	1391.0	0.2156721782890007
chr9	68	4	1369.0	0.2921840759678598
chr9	69	2	1336.0	0.14970059880239522
chr9	70	3	1309.0	0.2291825821237586
chr9	71	7	1284.0	0.5451713395638629
chr9	72	5	1245.0	0.4016064257028112
chr9	73	4	1209.0	0.3308519437551696
chr9	74	3	1176.0	0.25510204081632654
chr9	75	4	1137.0	0.3518029903254178
chr9	76	2	1098.0	0.18214936247723132
chr9	77	6	1061.0	0.5655042412818096
chr9	78	2	1036.0	0.19305019305019305
chr9	79	4	1008.0	0.3968253968253968
chr9	80	2	967.0	0.2068252326783868
chr9	81	3	932.0	0.3218884120171674
chr9	82	5	901.0	0.5549389567147613
chr9	83	5	872.0	0.573394495412844
chr9	84	2	853.0	0.23446658851113714
chr9	85	1	824.0	0.12135922330097086
chr9	86	0	802.0	0.0
chr9	87	7	775.0	0.903225806451613
chr9	88	2	749.0	0.26702269692923897
chr9	89	0	717.0	0.0
chr9	90	7	685.0	1.0218978102189782
chr9	91	1	660.0	0.15151515151515152
chr9	92	4	629.0	0.6359300476947536
chr9	93	4	600.0	0.6666666666666667
chr9	94	3	570.0	0.5263157894736842
chr9	95	0	550.0	0.0
chr9	96	1	527.0	0.18975332068311196
chr9	97	2	504.0	0.3968253968253968
chr9	98	1	488.0	0.20491803278688525
chr9	99	2	453.0	0.44150110375275936
chr9	100	3	424.0	0.7075471698113208
chr9	101	1	397.0	0.2518891687657431
chr9	102	2	376.0	0.5319148936170213
chr9	103	1	358.0	0.27932960893854747
chr9	104	1	335.0	0.2985074626865672
chr9	105	0	308.0	0.0
chr9	106	1	279.0	0.35842293906810035
chr9	107	1	251.0	0.398406374501992
chr9	108	0	226.0	0.0
chr9	109	1	205.0	0.4878048780487805
chr9	110	0	179.0	0.0
chr9	111	0	158.0	0.0
chr9	112	1	136.0	0.7352941176470588
chr9	113	0	110.0	0.0
chr9	114	0	85.0	0.0
chr9	115	0	70.0	0.0
chr9	116	0	41.0	0.0
chr9	117	0	17.0	0.0
chr9	118	0	5.0	0.0
chr9	119	0	0.0	nan
chr9	120	0	0.0	nan
chr9	121	0	0.0	nan
chr9	122	0	0.0	nan
chr9	123	0	0.0	nan
chr9	124	0	0.0	nan
chr9	125	0	0.0	nan
chr9	126	0	0.0	nan
chr9	127	0	0.0	nan
chr9	128	0	0.0	nan
chr9	129	0	0.0	nan
chr9	130	0	0.0	nan
chr9	131	0	0.0	nan
chr9	132	0	0.0	nan
chr9	133	0	0.0	nan
chr9	134	0	0.0	nan
chr9	135	0	0.0	nan
chr9	136	0	0.0	nan
chr9	137	0	0.0	nan
chr9	138	0	0.0	nan
chr9	139	0	0.0	nan
chr9	140	0	0.0	nan
chr9	141	0	0.0	nan
chr9	142	0	0.0	nan
chr9	143	0	0.0	nan
chr9	144	0	0.0	nan
chr9	145	0	0.0	nan
chr10	-130	0	5.0	0.0
chr10	-129	0	17.0	0.0
chr10	-128	2	29.0	6.896551724137931
chr10	-127	0	38.0	0.0
chr10	-126	0	53.0	0.0
chr10	-125	0	70.0	0.0
chr10	-124	0	90.0	0.0
chr10	-123	0	105.0	0.0
chr10	-122	0	112.0	0.0
chr10	-121	0	127.0	0.0
chr10	-120	0	145.0	0.0
chr10	-119	0	165.0	0.0
chr10	-118	0	181.0	0.0
chr10	-117	0	196.0	0.0
chr10	-116	0	220.0	0.0
chr10	-115	0	231.0	0.0
chr10	-114	0	245.0	0.0
chr10	-113	1	264.0	0.3787878787878788
chr10	-112	0	283.0	0.0
chr10	-111	1	310.0	0.3225806451612903
chr10	-110	0	331.0	0.0
chr10	-109	0	345.0	0.0
chr10	-108	0	357.0	0.0
chr10	-107	0	379.0	0.0
chr10	-106	1	393.0	0.2544529262086514
chr10	-105	0	422.0	0.0
chr10	-104	0	446.0	0.0
chr10	-103	0	472.0	0.0
chr10	-102	8	491.0	1.6293279022403258
chr10	-101	0	508.0	0.0
chr10	-100	1	529.0	0.1890359168241966
chr10	-99	0	549.0	0.0
chr10	-98	1	559.0	0.17889087656529518
chr10	-97	0	577.0	0.0
chr10	-96	1	594.0	0.16835016835016833
chr10	-95	3	615.0	0.4878048780487805
chr10	-94	0	646.0	0.0
chr10	-93	0	671.0	0.0
chr10	-92	0	686.0	0.0
chr10	-91	0	711.0	0.0
chr10	-90	1	735.0	0.13605442176870747
chr10	-89	0	758.0	0.0
chr10	-88	1	773.0	0.129366106080207
chr10	-87	0	793.0	0.0
chr10	-86	0	817.0	0.0
chr10	-85	0	847.0	0.0
chr10	-84	6	882.0	0.6802721088435374
chr10	-83	0	902.0	0.0
chr10	-82	0	922.0	0.0
chr10	-81	1	952.0	0.10504201680672269
chr10	-80	0	983.0	0.0
chr10	-79	1	1004.0	0.099601593625498
chr10	-78	1	1029.0	0.09718172983479105
chr10	-77	0	1057.0	0.0
chr10	-76	0	1084.0	0.0
chr10	-75	1	1111.0	0.09000900090009001
chr10	-74	1	1136.0	0.08802816901408451
chr10	-73	0	1161.0	0.0
chr10	-72	3	1178.0	0.2546689303904924
chr10	-71	0	1201.0	0.0
chr10	-70	2	1232.0	0.16233766233766234
chr10	-69	1	1255.0	0.0796812749003984
chr10	-68	0	1279.0	0.0
chr10	-67	4	1302.0	0.30721966205837176
chr10	-66	1	1317.0	0.07593014426727411
chr10	-65	4	1340.0	0.2985074626865672
chr10	-64	2	1370.0	0.145985401459854
chr10	-63	3	1399.0	0.21443888491779842
chr10	-62	0	1414.0	0.0
chr10	-61	19	1430.0	1.3286713286713288
chr10	-60	5	1453.0	0.3441156228492774
chr10	-59	14	1474.0	0.9497964721845319
chr10	-58	1	1495.0	0.06688963210702341
chr10	-57	2	1522.0	0.1314060446780552
chr10	-56	0	1531.0	0.0
chr10	-55	4	1554.0	0.2574002574002574
chr10	-54	5	1576.0	0.31725888324873097
chr10	-53	0	1599.0	0.0
chr10	-52	0	1619.0	0.0
chr10	-51	0	1651.0	0.0
chr10	-50	9	1682.0	0.535077288941736
chr10	-49	3	1706.0	0.1758499413833529
chr10	-48	6	1736.0	0.3456221198156682
chr10	-47	7	1769.0	0.395703787450537
chr10	-46	9	1795.0	0.5013927576601671
chr10	-45	5	1813.0	0.27578599007170435
chr10	-44	0	1842.0	0.0
chr10	-43	0	1871.0	0.0
chr10	-42	8	1885.0	0.42440318302387264
chr10	-41	3	1908.0	0.15723270440251574
chr10	-40	2	1938.0	0.10319917440660474
chr10	-39	1	1963.0	0.05094243504839531
chr10	-38	6	1978.0	0.3033367037411527
chr10	-37	0	2004.0	0.0
chr10	-36	2	2018.0	0.09910802775024777
chr10	-35	4	2045.0	0.19559902200488996
chr10	-34	2	2075.0	0.09638554216867469
chr10	-33	10	2103.0	0.47551117451260105
chr10	-32	12	2122.0	0.5655042412818096
chr10	-31	4	2143.0	0.18665422305179655
chr10	-30	0	2174.0	0.0
chr10	-29	3	2194.0	0.13673655423883319
chr10	-28	1	2228.0	0.04488330341113106
chr10	-27	1	2253.0	0.044385264092321346
chr10	-26	1	2273.0	0.04399472063352398
chr10	-25	1	2302.0	0.043440486533449174
chr10	-24	5	2325.0	0.21505376344086022
chr10	-23	3	2356.0	0.1273344651952462
chr10	-22	5	2380.0	0.21008403361344538
chr10	-21	1	2402.0	0.041631973355537054
chr10	-20	0	2420.0	0.0
chr10	-19	7	2435.0	0.2874743326488706
chr10	-18	1	2471.0	0.04046944556859571
chr10	-17	6	2496.0	0.2403846153846154
chr10	-16	5	2521.0	0.19833399444664812
chr10	-15	13	2544.0	0.511006289308176
chr10	-14	1	2569.0	0.038925652004671074
chr10	-13	10	2605.0	0.3838771593090211
chr10	-12	4	2636.0	0.15174506828528073
chr10	-11	0	2647.0	0.0
chr10	-10	4	2674.0	0.14958863126402394
chr10	-9	2	2674.0	0.07479431563201197
chr10	-8	3	2674.0	0.11219147344801794
chr10	-7	2	2674.0	0.07479431563201197
chr10	-6	1	2674.0	0.037397157816005985
chr10	-5	2	2662.0	0.07513148009015778
chr10	-4	2	2662.0	0.07513148009015778
chr10	-3	8	2669.0	0.29973772948669913
chr10	-2	2	2669.0	0.07493443237167478
chr10	-1	35	2668.0	1.3118440779610194
chr10	0	43	2624.0	1.638719512195122
chr10	1	1	2606.0	0.03837298541826554
chr10	2	7	2585.0	0.27079303675048355
chr10	3	2	2559.0	0.07815552950371239
chr10	4	6	2532.0	0.23696682464454977
chr10	5	6	2522.0	0.23790642347343377
chr10	6	3	2497.0	0.12014417300760913
chr10	7	2	2482.0	0.08058017727639001
chr10	8	1	2464.0	0.040584415584415584
chr10	9	2	2444.0	0.08183306055646482
chr10	10	3	2423.0	0.12381345439537762
chr10	11	0	2397.0	0.0
chr10	12	15	2371.0	0.6326444538169549
chr10	13	3	2345.0	0.1279317697228145
chr10	14	15	2319.0	0.646830530401035
chr10	15	3	2305.0	0.1301518438177874
chr10	16	3	2273.0	0.13198416190057194
chr10	17	4	2245.0	0.17817371937639198
chr10	18	5	2215.0	0.2257336343115124
chr10	19	6	2188.0	0.2742230347349177
chr10	20	2	2173.0	0.09203865623561897
chr10	21	14	2156.0	0.6493506493506493
chr10	22	1	2141.0	0.046707146193367584
chr10	23	2	2124.0	0.09416195856873823
chr10	24	3	2103.0	0.14265335235378032
chr10	25	1	2080.0	0.04807692307692308
chr10	26	3	2059.0	0.1457017969888295
chr10	27	0	2027.0	0.0
chr10	28	2	2008.0	0.099601593625498
chr10	29	3	1986.0	0.1510574018126888
chr10	30	4	1952.0	0.20491803278688525
chr10	31	7	1929.0	0.36288232244686364
chr10	32	5	1908.0	0.2620545073375262
chr10	33	7	1887.0	0.37095919448860626
chr10	34	1	1861.0	0.05373455131649651
chr10	35	2	1830.0	0.1092896174863388
chr10	36	1	1818.0	0.055005500550055
chr10	37	15	1785.0	0.8403361344537815
chr10	38	4	1765.0	0.22662889518413595
chr10	39	8	1733.0	0.4616272360069244
chr10	40	1	1709.0	0.058513750731421885
chr10	41	11	1686.0	0.6524317912218268
chr10	42	2	1657.0	0.12070006035003018
chr10	43	3	1634.0	0.18359853121175032
chr10	44	6	1604.0	0.3740648379052369
chr10	45	5	1580.0	0.31645569620253167
chr10	46	9	1551.0	0.5802707930367506
chr10	47	5	1528.0	0.32722513089005234
chr10	48	1	1495.0	0.06688963210702341
chr10	49	18	1471.0	1.2236573759347382
chr10	50	1	1449.0	0.06901311249137336
chr10	51	2	1426.0	0.1402524544179523
chr10	52	7	1398.0	0.5007153075822603
chr10	53	2	1374.0	0.1455604075691412
chr10	54	5	1346.0	0.3714710252600297
chr10	55	2	1318.0	0.15174506828528073
chr10	56	7	1313.0	0.5331302361005331
chr10	57	1	1293.0	0.07733952049497293
chr10	58	10	1268.0	0.7886435331230284
chr10	59	6	1252.0	0.4792332268370607
chr10	60	8	1233.0	0.6488240064882401
chr10	61	2	1201.0	0.16652789342214822
chr10	62	6	1172.0	0.5119453924914675
chr10	63	2	1151.0	0.1737619461337967
chr10	64	6	1128.0	0.5319148936170213
chr10	65	1	1098.0	0.09107468123861566
chr10	66	6	1081.0	0.5550416281221091
chr10	67	0	1063.0	0.0
chr10	68	3	1035.0	0.2898550724637681
chr10	69	3	1012.0	0.2964426877470355
chr10	70	1	990.0	0.10101010101010101
chr10	71	2	965.0	0.20725388601036268
chr10	72	3	947.0	0.31678986272439286
chr10	73	1	927.0	0.10787486515641855
chr10	74	2	892.0	0.2242152466367713
chr10	75	1	869.0	0.11507479861910241
chr10	76	3	848.0	0.3537735849056604
chr10	77	3	828.0	0.36231884057971014
chr10	78	0	806.0	0.0
chr10	79	1	777.0	0.1287001287001287
chr10	80	2	751.0	0.2663115845539281
chr10	81	0	721.0	0.0
chr10	82	4	701.0	0.5706134094151213
chr10	83	11	681.0	1.6152716593245229
chr10	84	0	658.0	0.0
chr10	85	2	626.0	0.3194888178913738
chr10	86	2	612.0	0.32679738562091504
chr10	87	1	593.0	0.16863406408094433
chr10	88	3	573.0	0.5235602094240838
chr10	89	0	544.0	0.0
chr10	90	1	521.0	0.19193857965451055
chr10	91	1	506.0	0.1976284584980237
chr10	92	2	481.0	0.4158004158004158
chr10	93	2	457.0	0.437636761487965
chr10	94	4	434.0	0.9216589861751152
chr10	95	1	414.0	0.24154589371980675
chr10	96	0	391.0	0.0
chr10	97	0	376.0	0.0
chr10	98	1	359.0	0.2785515320334262
chr10	99	3	339.0	0.8849557522123894
chr10	100	3	320.0	0.9375
chr10	101	4	299.0	1.3377926421404682
chr10	102	1	284.0	0.35211267605633806
chr10	103	1	257.0	0.38910505836575876
chr10	104	0	241.0	0.0
chr10	105	1	225.0	0.4444444444444444
chr10	106	1	204.0	0.49019607843137253
chr10	107	0	187.0	0.0
chr10	108	1	177.0	0.5649717514124294
chr10	109	1	158.0	0.6329113924050633
chr10	110	0	142.0	0.0
chr10	111	0	130.0	0.0
chr10	112	2	109.0	1.834862385321101
chr10	113	0	91.0	0.0
chr10	114	0	69.0	0.0
chr10	115	0	41.0	0.0
chr10	116	0	25.0	0.0
chr10	117	0	14.0	0.0
chr10	118	0	7.0	0.0
chr10	119	0	0.0	nan
chr10	120	0	0.0	nan
chr10	121	0	0.0	nan
chr10	122	0	0.0	nan
chr10	123	0	0.0	nan
chr10	124	0	0.0	nan
chr10	125	0	0.0	nan
chr10	126	0	0.0	nan
chr10	127	0	0.0	nan
chr10	128	0	0.0	nan
chr10	129	0	0.0	nan
chr10	130	0	0.0	nan
chr10	131	0	0.0	nan
chr12	-135	0	1.0	0.0
chr12	-134	0	1.0	0.0
chr12	-133	0	2.0	0.0
chr12	-132	0	2.0	0.0
chr12	-131	0	5.0	0.0
chr12	-130	0	21.0	0.0
chr12	-129	0	51.0	0.0
chr12	-128	0	72.0	0.0
chr12	-127	0	109.0	0.0
chr12	-126	0	159.0	0.0
chr12	-125	1	208.0	0.4807692307692308
chr12	-124	2	250.0	0.8
chr12	-123	1	291.0	0.3436426116838488
chr12	-122	0	333.0	0.0
chr12	-121	2	384.0	0.5208333333333333
chr12	-120	1	433.0	0.23094688221709006
chr12	-119	0	482.0	0.0
chr12	-118	0	538.0	0.0
chr12	-117	0	573.0	0.0
chr12	-116	0	623.0	0.0
chr12	-115	4	679.0	0.5891016200294551
chr12	-114	0	729.0	0.0
chr12	-113	0	792.0	0.0
chr12	-112	5	859.0	0.5820721769499418
chr12	-111	1	917.0	0.10905125408942204
chr12	-110	2	969.0	0.20639834881320948
chr12	-109	3	1022.0	0.29354207436399216
chr12	-108	5	1080.0	0.4629629629629629
chr12	-107	0	1135.0	0.0
chr12	-106	3	1180.0	0.2542372881355932
chr12	-105	7	1244.0	0.5627009646302251
chr12	-104	1	1311.0	0.07627765064836003
chr12	-103	2	1372.0	0.1457725947521866
chr12	-102	3	1419.0	0.21141649048625794
chr12	-101	3	1489.0	0.20147750167897915
chr12	-100	1	1536.0	0.06510416666666666
chr12	-99	1	1585.0	0.06309148264984228
chr12	-98	8	1643.0	0.48691418137553255
chr12	-97	2	1705.0	0.11730205278592376
chr12	-96	3	1754.0	0.17103762827822122
chr12	-95	3	1809.0	0.16583747927031509
chr12	-94	3	1859.0	0.16137708445400753
chr12	-93	8	1937.0	0.41300980898296336
chr12	-92	2	2000.0	0.1
chr12	-91	2	2072.0	0.09652509652509653
chr12	-90	2	2122.0	0.0942507068803016
chr12	-89	1	2197.0	0.04551661356395084
chr12	-88	7	2264.0	0.30918727915194344
chr12	-87	4	2324.0	0.17211703958691912
chr12	-86	8	2391.0	0.3345880384776244
chr12	-85	14	2445.0	0.5725971370143149
chr12	-84	2	2502.0	0.07993605115907274
chr12	-83	11	2566.0	0.4286827747466875
chr12	-82	19	2634.0	0.721336370539104
chr12	-81	17	2690.0	0.6319702602230484
chr12	-80	19	2736.0	0.6944444444444444
chr12	-79	1	2807.0	0.035625222657641606
chr12	-78	4	2878.0	0.13898540653231412
chr12	-77	5	2933.0	0.17047391749062393
chr12	-76	9	2999.0	0.3001000333444481
chr12	-75	5	3059.0	0.16345210853220007
chr12	-74	4	3119.0	0.12824623276691247
chr12	-73	6	3178.0	0.18879798615481436
chr12	-72	3	3237.0	0.09267840593141798
chr12	-71	2	3310.0	0.060422960725075525
chr12	-70	7	3376.0	0.20734597156398105
chr12	-69	5	3447.0	0.1450536698578474
chr12	-68	12	3511.0	0.3417829678154372
chr12	-67	4	3589.0	0.11145165784341043
chr12	-66	3	3647.0	0.08225939128050452
chr12	-65	10	3710.0	0.2695417789757413
chr12	-64	9	3761.0	0.23929805902685458
chr12	-63	4	3829.0	0.10446591799425438
chr12	-62	3	3891.0	0.07710100231303006
chr12	-61	8	3958.0	0.202122283981809
chr12	-60	5	4023.0	0.12428535918468804
chr12	-59	8	4085.0	0.19583843329253367
chr12	-58	9	4147.0	0.2170243549553894
chr12	-57	6	4224.0	0.14204545454545456
chr12	-56	13	4274.0	0.30416471689284047
chr12	-55	4	4323.0	0.09252833680314597
chr12	-54	13	4387.0	0.2963300661043994
chr12	-53	7	4449.0	0.1573387278040009
chr12	-52	5	4516.0	0.11071744906997344
chr12	-51	1	4581.0	0.021829294913774284
chr12	-50	13	4639.0	0.2802328087949989
chr12	-49	8	4703.0	0.17010418881564957
chr12	-48	19	4775.0	0.39790575916230364
chr12	-47	3	4834.0	0.062060405461315686
chr12	-46	9	4903.0	0.1835610850499694
chr12	-45	4	4983.0	0.08027292795504716
chr12	-44	10	5049.0	0.19805902158843333
chr12	-43	8	5117.0	0.15634160641000586
chr12	-42	12	5186.0	0.23139220979560357
chr12	-41	25	5229.0	0.47810288774144194
chr12	-40	19	5306.0	0.3580851865812288
chr12	-39	9	5383.0	0.16719301504737136
chr12	-38	10	5450.0	0.1834862385321101
chr12	-37	7	5530.0	0.12658227848101267
chr12	-36	11	5580.0	0.19713261648745523
chr12	-35	19	5657.0	0.3358670673501856
chr12	-34	7	5723.0	0.12231347195526823
chr12	-33	11	5794.0	0.18985157059026578
chr12	-32	9	5849.0	0.1538724568302274
chr12	-31	21	5907.0	0.35551041137633316
chr12	-30	11	5966.0	0.18437814280925244
chr12	-29	23	6038.0	0.38092083471348126
chr12	-28	17	6096.0	0.27887139107611547
chr12	-27	12	6185.0	0.19401778496362165
chr12	-26	12	6252.0	0.19193857965451055
chr12	-25	12	6318.0	0.1899335232668566
chr12	-24	7	6373.0	0.10983838066844501
chr12	-23	12	6435.0	0.1864801864801865
chr12	-22	25	6500.0	0.38461538461538464
chr12	-21	20	6561.0	0.30483158055174514
chr12	-20	15	6621.0	0.22655188038060714
chr12	-19	23	6689.0	0.3438481088354014
chr12	-18	11	6777.0	0.1623137081304412
chr12	-17	26	6827.0	0.38084077925882526
chr12	-16	13	6896.0	0.18851508120649652
chr12	-15	22	6974.0	0.31545741324921134
chr12	-14	15	7034.0	0.21324992891669034
chr12	-13	27	7119.0	0.37926675094816686
chr12	-12	45	7207.0	0.6243929512973498
chr12	-11	31	7281.0	0.42576569152588933
chr12	-10	24	7345.0	0.32675289312457456
chr12	-9	32	7346.0	0.4356112169888375
chr12	-8	15	7351.0	0.20405387022173854
chr12	-7	12	7350.0	0.163265306122449
chr12	-6	20	7338.0	0.2725538293813028
chr12	-5	29	7338.0	0.3952030526028891
chr12	-4	26	7333.0	0.3545615709804991
chr12	-3	48	7332.0	0.6546644844517185
chr12	-2	30	7316.0	0.4100601421541826
chr12	-1	46	7310.0	0.6292749658002736
chr12	0	47	7158.0	0.656607991058955
chr12	1	28	7112.0	0.39370078740157477
chr12	2	42	7059.0	0.5949851253718658
chr12	3	21	6998.0	0.30008573878250927
chr12	4	34	6936.0	0.49019607843137253
chr12	5	18	6882.0	0.26155187445510025
chr12	6	19	6828.0	0.27826596367896894
chr12	7	16	6756.0	0.2368265245707519
chr12	8	25	6681.0	0.374195479718605
chr12	9	27	6633.0	0.40705563093622793
chr12	10	22	6569.0	0.3349063784442077
chr12	11	40	6513.0	0.6141563027790573
chr12	12	28	6436.0	0.435052827843381
chr12	13	19	6370.0	0.29827315541601257
chr12	14	28	6307.0	0.4439511653718091
chr12	15	20	6255.0	0.31974420463629094
chr12	16	21	6175.0	0.340080971659919
chr12	17	26	6122.0	0.42469781117281935
chr12	18	16	6055.0	0.26424442609413706
chr12	19	16	5985.0	0.2673350041771094
chr12	20	16	5912.0	0.2706359945872801
chr12	21	16	5844.0	0.2737850787132101
chr12	22	13	5769.0	0.22534234702721442
chr12	23	19	5695.0	0.33362598770851626
chr12	24	27	5650.0	0.4778761061946903
chr12	25	13	5591.0	0.23251654444643174
chr12	26	17	5538.0	0.30697002527988443
chr12	27	16	5478.0	0.29207740051113545
chr12	28	22	5420.0	0.40590405904059035
chr12	29	20	5346.0	0.3741114852225963
chr12	30	23	5285.0	0.43519394512771997
chr12	31	20	5227.0	0.3826286588865506
chr12	32	12	5163.0	0.2324230098779779
chr12	33	10	5107.0	0.19580967299784607
chr12	34	18	5057.0	0.35594225825588294
chr12	35	15	4989.0	0.30066145520144316
chr12	36	14	4918.0	0.2846685644570964
chr12	37	11	4849.0	0.22685089709218398
chr12	38	14	4784.0	0.2926421404682274
chr12	39	19	4712.0	0.4032258064516129
chr12	40	11	4630.0	0.23758099352051837
chr12	41	17	4561.0	0.3727252795439596
chr12	42	10	4503.0	0.22207417277370642
chr12	43	23	4438.0	0.5182514646237044
chr12	44	18	4391.0	0.40992940104759734
chr12	45	5	4316.0	0.11584800741427247
chr12	46	11	4247.0	0.25900635742877326
chr12	47	14	4177.0	0.33516878142207324
chr12	48	9	4116.0	0.21865889212827988
chr12	49	20	4052.0	0.4935834155972359
chr12	50	5	3992.0	0.125250501002004
chr12	51	9	3941.0	0.2283684344075108
chr12	52	9	3878.0	0.23207839092315627
chr12	53	12	3811.0	0.3148779847808974
chr12	54	10	3743.0	0.26716537536735235
chr12	55	14	3680.0	0.3804347826086957
chr12	56	14	3621.0	0.38663352665009665
chr12	57	10	3555.0	0.2812939521800281
chr12	58	15	3482.0	0.43078690407811604
chr12	59	9	3426.0	0.2626970227670753
chr12	60	18	3363.0	0.535236396074933
chr12	61	9	3295.0	0.2731411229135053
chr12	62	12	3219.0	0.3727865796831314
chr12	63	15	3157.0	0.4751346214760849
chr12	64	11	3106.0	0.3541532517707663
chr12	65	8	3053.0	0.26203734032099574
chr12	66	6	2994.0	0.2004008016032064
chr12	67	5	2937.0	0.17024174327545114
chr12	68	10	2874.0	0.3479471120389701
chr12	69	10	2801.0	0.3570153516601214
chr12	70	8	2745.0	0.29143897996357016
chr12	71	9	2690.0	0.3345724907063197
chr12	72	13	2635.0	0.49335863377609107
chr12	73	14	2579.0	0.5428460643660333
chr12	74	8	2516.0	0.3179650238473768
chr12	75	8	2459.0	0.32533550223668156
chr12	76	4	2396.0	0.1669449081803005
chr12	77	8	2327.0	0.34379028792436617
chr12	78	10	2261.0	0.4422821760283061
chr12	79	15	2196.0	0.6830601092896175
chr12	80	11	2131.0	0.5161895823557016
chr12	81	22	2059.0	1.0684798445847499
chr12	82	10	1996.0	0.501002004008016
chr12	83	5	1925.0	0.2597402597402597
chr12	84	12	1840.0	0.6521739130434783
chr12	85	8	1772.0	0.4514672686230248
chr12	86	3	1702.0	0.17626321974148063
chr12	87	5	1659.0	0.3013863773357444
chr12	88	9	1607.0	0.5600497822028625
chr12	89	10	1540.0	0.6493506493506493
chr12	90	4	1482.0	0.2699055330634278
chr12	91	2	1417.0	0.14114326040931546
chr12	92	8	1346.0	0.5943536404160475
chr12	93	10	1286.0	0.7776049766718507
chr12	94	3	1222.0	0.24549918166939444
chr12	95	2	1151.0	0.1737619461337967
chr12	96	3	1095.0	0.273972602739726
chr12	97	6	1035.0	0.5797101449275363
chr12	98	4	985.0	0.40609137055837563
chr12	99	4	937.0	0.42689434364994666
chr12	100	6	891.0	0.6734006734006733
chr12	101	2	822.0	0.24330900243309003
chr12	102	6	767.0	0.7822685788787485
chr12	103	6	715.0	0.8391608391608392
chr12	104	3	650.0	0.46153846153846156
chr12	105	2	602.0	0.33222591362126247
chr12	106	0	556.0	0.0
chr12	107	5	508.0	0.984251968503937
chr12	108	3	470.0	0.6382978723404255
chr12	109	2	417.0	0.4796163069544364
chr12	110	2	370.0	0.5405405405405406
chr12	111	3	321.0	0.9345794392523363
chr12	112	0	275.0	0.0
chr12	113	0	232.0	0.0
chr12	114	1	190.0	0.5263157894736842
chr12	115	0	152.0	0.0
chr12	116	0	104.0	0.0
chr12	117	0	66.0	0.0
chr12	118	1	29.0	3.4482758620689653
chr12	119	0	0.0	nan
chr12	120	0	0.0	nan
chr12	121	0	0.0	nan
chr12	122	0	0.0	nan
chr12	123	0	0.0	nan
chr12	124	0	0.0	nan
chr12	125	0	0.0	nan
chr12	126	0	0.0	nan
chr12	127	0	0.0	nan
chr12	128	0	0.0	nan
chr12	129	0	0.0	nan
chr12	130	0	0.0	nan
chr12	131	0	0.0	nan
chr12	132	0	0.0	nan
chr12	133	0	0.0	nan
chr12	134	0	0.0	nan
chr12	135	0	0.0	nan
chr12	136	0	0.0	nan
chr12	137	0	0.0	nan
chr12	138	0	0.0	nan
chr12	139	0	0.0	nan
chr12	140	0	0.0	nan
chr13	-130	0	9.0	0.0
chr13	-129	0	17.0	0.0
chr13	-128	0	23.0	0.0
chr13	-127	0	27.0	0.0
chr13	-126	0	32.0	0.0
chr13	-125	0	44.0	0.0
chr13	-124	0	53.0	0.0
chr13	-123	0	68.0	0.0
chr13	-122	0	77.0	0.0
chr13	-121	0	91.0	0.0
chr13	-120	1	102.0	0.9803921568627451
chr13	-119	2	113.0	1.7699115044247788
chr13	-118	0	126.0	0.0
chr13	-117	0	146.0	0.0
chr13	-116	1	161.0	0.6211180124223602
chr13	-115	0	171.0	0.0
chr13	-114	0	190.0	0.0
chr13	-113	3	199.0	1.507537688442211
chr13	-112	0	219.0	0.0
chr13	-111	0	234.0	0.0
chr13	-110	1	247.0	0.4048582995951417
chr13	-109	0	257.0	0.0
chr13	-108	0	268.0	0.0
chr13	-107	0	288.0	0.0
chr13	-106	0	307.0	0.0
chr13	-105	0	325.0	0.0
chr13	-104	4	344.0	1.1627906976744187
chr13	-103	0	361.0	0.0
chr13	-102	3	378.0	0.7936507936507936
chr13	-101	2	392.0	0.5102040816326531
chr13	-100	2	407.0	0.4914004914004914
chr13	-99	2	424.0	0.4716981132075472
chr13	-98	3	439.0	0.683371298405467
chr13	-97	3	451.0	0.6651884700665188
chr13	-96	1	469.0	0.21321961620469082
chr13	-95	0	481.0	0.0
chr13	-94	1	492.0	0.20325203252032523
chr13	-93	0	508.0	0.0
chr13	-92	0	522.0	0.0
chr13	-91	3	529.0	0.5671077504725899
chr13	-90	0	539.0	0.0
chr13	-89	1	553.0	0.18083182640144665
chr13	-88	1	563.0	0.17761989342806395
chr13	-87	0	583.0	0.0
chr13	-86	1	602.0	0.16611295681063123
chr13	-85	1	615.0	0.16260162601626016
chr13	-84	2	623.0	0.32102728731942215
chr13	-83	1	633.0	0.1579778830963665
chr13	-82	0	647.0	0.0
chr13	-81	2	653.0	0.3062787136294028
chr13	-80	0	674.0	0.0
chr13	-79	1	692.0	0.1445086705202312
chr13	-78	0	707.0	0.0
chr13	-77	3	724.0	0.4143646408839779
chr13	-76	1	742.0	0.13477088948787064
chr13	-75	0	757.0	0.0
chr13	-74	0	770.0	0.0
chr13	-73	3	792.0	0.3787878787878788
chr13	-72	0	802.0	0.0
chr13	-71	0	820.0	0.0
chr13	-70	8	838.0	0.9546539379474941
chr13	-69	2	859.0	0.23282887077997672
chr13	-68	0	877.0	0.0
chr13	-67	2	891.0	0.22446689113355783
chr13	-66	1	906.0	0.11037527593818984
chr13	-65	1	925.0	0.10810810810810811
chr13	-64	1	946.0	0.10570824524312897
chr13	-63	0	964.0	0.0
chr13	-62	5	977.0	0.511770726714432
chr13	-61	0	999.0	0.0
chr13	-60	1	1018.0	0.09823182711198428
chr13	-59	15	1034.0	1.4506769825918762
chr13	-58	1	1052.0	0.09505703422053231
chr13	-57	1	1066.0	0.09380863039399624
chr13	-56	0	1081.0	0.0
chr13	-55	9	1100.0	0.8181818181818182
chr13	-54	0	1120.0	0.0
chr13	-53	0	1133.0	0.0
chr13	-52	0	1148.0	0.0
chr13	-51	5	1160.0	0.43103448275862066
chr13	-50	2	1178.0	0.1697792869269949
chr13	-49	3	1199.0	0.25020850708924103
chr13	-48	6	1218.0	0.49261083743842365
chr13	-47	6	1226.0	0.48939641109298526
chr13	-46	4	1262.0	0.31695721077654515
chr13	-45	2	1275.0	0.1568627450980392
chr13	-44	1	1296.0	0.07716049382716049
chr13	-43	4	1315.0	0.3041825095057034
chr13	-42	4	1335.0	0.299625468164794
chr13	-41	0	1357.0	0.0
chr13	-40	1	1376.0	0.07267441860465117
chr13	-39	0	1394.0	0.0
chr13	-38	5	1408.0	0.35511363636363635
chr13	-37	6	1429.0	0.4198740377886634
chr13	-36	9	1456.0	0.6181318681318682
chr13	-35	5	1482.0	0.33738191632928477
chr13	-34	7	1499.0	0.46697798532354906
chr13	-33	5	1512.0	0.3306878306878307
chr13	-32	6	1528.0	0.3926701570680628
chr13	-31	2	1545.0	0.12944983818770225
chr13	-30	26	1552.0	1.675257731958763
chr13	-29	3	1567.0	0.1914486279514997
chr13	-28	8	1580.0	0.5063291139240507
chr13	-27	9	1595.0	0.5642633228840125
chr13	-26	1	1606.0	0.062266500622665005
chr13	-25	10	1626.0	0.6150061500615006
chr13	-24	12	1651.0	0.7268322228952151
chr13	-23	8	1670.0	0.47904191616766467
chr13	-22	9	1693.0	0.531600708800945
chr13	-21	1	1708.0	0.0585480093676815
chr13	-20	9	1725.0	0.5217391304347827
chr13	-19	10	1744.0	0.573394495412844
chr13	-18	9	1760.0	0.5113636363636364
chr13	-17	4	1775.0	0.22535211267605634
chr13	-16	2	1796.0	0.11135857461024498
chr13	-15	1	1811.0	0.05521811154058532
chr13	-14	4	1826.0	0.21905805038335158
chr13	-13	5	1841.0	0.27159152634437805
chr13	-12	2	1854.0	0.10787486515641855
chr13	-11	13	1876.0	0.6929637526652452
chr13	-10	0	1899.0	0.0
chr13	-9	1	1897.0	0.05271481286241434
chr13	-8	4	1898.0	0.21074815595363539
chr13	-7	2	1898.0	0.10537407797681769
chr13	-6	5	1900.0	0.2631578947368421
chr13	-5	9	1898.0	0.4741833508956797
chr13	-4	1	1898.0	0.052687038988408846
chr13	-3	15	1900.0	0.7894736842105263
chr13	-2	2	1897.0	0.10542962572482868
chr13	-1	22	1897.0	1.1597258829731154
chr13	0	31	1865.0	1.6621983914209115
chr13	1	5	1856.0	0.26939655172413796
chr13	2	31	1844.0	1.6811279826464207
chr13	3	31	1829.0	1.694915254237288
chr13	4	16	1805.0	0.886426592797784
chr13	5	8	1778.0	0.44994375703037126
chr13	6	6	1777.0	0.3376477208778841
chr13	7	5	1769.0	0.2826455624646693
chr13	8	3	1750.0	0.17142857142857143
chr13	9	3	1732.0	0.17321016166281755
chr13	10	4	1717.0	0.23296447291788003
chr13	11	3	1692.0	0.1773049645390071
chr13	12	6	1671.0	0.3590664272890485
chr13	13	6	1658.0	0.3618817852834741
chr13	14	1	1647.0	0.060716454159077116
chr13	15	11	1629.0	0.6752608962553714
chr13	16	2	1618.0	0.12360939431396785
chr13	17	29	1603.0	1.8091079226450406
chr13	18	16	1590.0	1.0062893081761006
chr13	19	11	1577.0	0.6975269499048826
chr13	20	5	1560.0	0.3205128205128205
chr13	21	7	1547.0	0.4524886877828055
chr13	22	6	1526.0	0.39318479685452157
chr13	23	10	1510.0	0.6622516556291391
chr13	24	5	1488.0	0.33602150537634407
chr13	25	1	1471.0	0.06798096532970768
chr13	26	18	1455.0	1.2371134020618557
chr13	27	12	1440.0	0.8333333333333334
chr13	28	1	1418.0	0.07052186177715092
chr13	29	15	1403.0	1.069137562366358
chr13	30	2	1382.0	0.1447178002894356
chr13	31	2	1370.0	0.145985401459854
chr13	32	4	1359.0	0.29433406916850624
chr13	33	2	1340.0	0.1492537313432836
chr13	34	5	1332.0	0.37537537537537535
chr13	35	1	1306.0	0.0765696784073507
chr13	36	4	1284.0	0.3115264797507788
chr13	37	1	1269.0	0.07880220646178093
chr13	38	2	1261.0	0.1586042823156225
chr13	39	0	1246.0	0.0
chr13	40	1	1230.0	0.08130081300813008
chr13	41	4	1216.0	0.3289473684210526
chr13	42	4	1199.0	0.3336113427856547
chr13	43	1	1182.0	0.08460236886632826
chr13	44	1	1169.0	0.0855431993156544
chr13	45	7	1163.0	0.6018916595012898
chr13	46	6	1139.0	0.5267778753292361
chr13	47	6	1131.0	0.5305039787798408
chr13	48	5	1119.0	0.44682752457551383
chr13	49	4	1103.0	0.3626473254759746
chr13	50	4	1092.0	0.3663003663003663
chr13	51	4	1071.0	0.3734827264239029
chr13	52	4	1054.0	0.3795066413662239
chr13	53	1	1045.0	0.09569377990430622
chr13	54	7	1025.0	0.6829268292682927
chr13	55	6	1016.0	0.5905511811023622
chr13	56	0	996.0	0.0
chr13	57	1	984.0	0.10162601626016261
chr13	58	3	966.0	0.3105590062111801
chr13	59	2	951.0	0.2103049421661409
chr13	60	1	932.0	0.1072961373390558
chr13	61	1	913.0	0.10952902519167579
chr13	62	2	894.0	0.22371364653243847
chr13	63	2	875.0	0.2285714285714286
chr13	64	1	851.0	0.11750881316098707
chr13	65	3	836.0	0.3588516746411483
chr13	66	1	815.0	0.1226993865030675
chr13	67	0	804.0	0.0
chr13	68	0	789.0	0.0
chr13	69	13	766.0	1.6971279373368149
chr13	70	3	747.0	0.4016064257028112
chr13	71	3	729.0	0.411522633744856
chr13	72	2	716.0	0.27932960893854747
chr13	73	1	688.0	0.14534883720930233
chr13	74	1	673.0	0.1485884101040119
chr13	75	2	659.0	0.30349013657056145
chr13	76	5	642.0	0.778816199376947
chr13	77	0	620.0	0.0
chr13	78	4	603.0	0.6633499170812603
chr13	79	1	580.0	0.1724137931034483
chr13	80	2	559.0	0.35778175313059035
chr13	81	1	543.0	0.1841620626151013
chr13	82	1	525.0	0.19047619047619047
chr13	83	0	502.0	0.0
chr13	84	0	484.0	0.0
chr13	85	1	464.0	0.21551724137931033
chr13	86	3	450.0	0.6666666666666667
chr13	87	1	437.0	0.2288329519450801
chr13	88	2	423.0	0.4728132387706856
chr13	89	0	401.0	0.0
chr13	90	6	376.0	1.5957446808510638
chr13	91	0	359.0	0.0
chr13	92	2	340.0	0.5882352941176471
chr13	93	0	322.0	0.0
chr13	94	0	301.0	0.0
chr13	95	2	289.0	0.6920415224913495
chr13	96	2	278.0	0.7194244604316548
chr13	97	1	267.0	0.37453183520599254
chr13	98	1	255.0	0.39215686274509803
chr13	99	0	237.0	0.0
chr13	100	0	221.0	0.0
chr13	101	2	208.0	0.9615384615384616
chr13	102	0	198.0	0.0
chr13	103	0	182.0	0.0
chr13	104	2	168.0	1.1904761904761905
chr13	105	0	152.0	0.0
chr13	106	0	145.0	0.0
chr13	107	0	129.0	0.0
chr13	108	0	114.0	0.0
chr13	109	0	99.0	0.0
chr13	110	0	90.0	0.0
chr13	111	0	75.0	0.0
chr13	112	0	67.0	0.0
chr13	113	1	54.0	1.8518518518518516
chr13	114	0	44.0	0.0
chr13	115	0	37.0	0.0
chr13	116	0	29.0	0.0
chr13	117	0	19.0	0.0
chr13	118	0	6.0	0.0
chr13	119	0	0.0	nan
chr13	120	0	0.0	nan
chr13	121	0	0.0	nan
chr13	122	0	0.0	nan
chr13	123	0	0.0	nan
chr13	124	0	0.0	nan
chr13	125	0	0.0	nan
chr13	126	0	0.0	nan
chr13	127	0	0.0	nan
chr13	128	0	0.0	nan
chr13	129	0	0.0	nan
chr13	130	0	0.0	nan
chr13	131	0	0.0	nan
chr13	132	0	0.0	nan
chr13	133	0	0.0	nan
chr13	134	0	0.0	nan
chr13	135	0	0.0	nan
chr13	136	0	0.0	nan
chr13	137	0	0.0	nan
chr14	-130	0	4.0	0.0
chr14	-129	0	8.0	0.0
chr14	-128	0	11.0	0.0
chr14	-127	0	18.0	0.0
chr14	-126	0	26.0	0.0
chr14	-125	0	32.0	0.0
chr14	-124	0	42.0	0.0
chr14	-123	0	55.0	0.0
chr14	-122	0	69.0	0.0
chr14	-121	0	85.0	0.0
chr14	-120	0	97.0	0.0
chr14	-119	0	108.0	0.0
chr14	-118	0	116.0	0.0
chr14	-117	0	124.0	0.0
chr14	-116	0	141.0	0.0
chr14	-115	1	153.0	0.6535947712418301
chr14	-114	0	168.0	0.0
chr14	-113	0	183.0	0.0
chr14	-112	0	197.0	0.0
chr14	-111	0	209.0	0.0
chr14	-110	0	225.0	0.0
chr14	-109	0	238.0	0.0
chr14	-108	0	258.0	0.0
chr14	-107	2	276.0	0.7246376811594203
chr14	-106	2	289.0	0.6920415224913495
chr14	-105	0	298.0	0.0
chr14	-104	0	308.0	0.0
chr14	-103	1	315.0	0.31746031746031744
chr14	-102	1	333.0	0.3003003003003003
chr14	-101	0	352.0	0.0
chr14	-100	4	361.0	1.10803324099723
chr14	-99	0	379.0	0.0
chr14	-98	1	394.0	0.25380710659898476
chr14	-97	3	415.0	0.7228915662650602
chr14	-96	0	429.0	0.0
chr14	-95	0	440.0	0.0
chr14	-94	0	448.0	0.0
chr14	-93	3	466.0	0.6437768240343348
chr14	-92	0	484.0	0.0
chr14	-91	1	491.0	0.20366598778004072
chr14	-90	0	510.0	0.0
chr14	-89	0	526.0	0.0
chr14	-88	1	545.0	0.1834862385321101
chr14	-87	0	558.0	0.0
chr14	-86	1	583.0	0.17152658662092624
chr14	-85	1	597.0	0.16750418760469013
chr14	-84	0	607.0	0.0
chr14	-83	0	627.0	0.0
chr14	-82	3	643.0	0.46656298600311047
chr14	-81	1	661.0	0.15128593040847202
chr14	-80	0	681.0	0.0
chr14	-79	0	695.0	0.0
chr14	-78	1	705.0	0.14184397163120568
chr14	-77	0	714.0	0.0
chr14	-76	0	731.0	0.0
chr14	-75	0	748.0	0.0
chr14	-74	1	770.0	0.12987012987012986
chr14	-73	1	790.0	0.12658227848101267
chr14	-72	1	813.0	0.12300123001230012
chr14	-71	1	832.0	0.1201923076923077
chr14	-70	0	849.0	0.0
chr14	-69	0	873.0	0.0
chr14	-68	1	890.0	0.11235955056179776
chr14	-67	7	903.0	0.7751937984496124
chr14	-66	3	919.0	0.3264417845484222
chr14	-65	0	933.0	0.0
chr14	-64	1	945.0	0.10582010582010583
chr14	-63	0	950.0	0.0
chr14	-62	1	961.0	0.10405827263267431
chr14	-61	0	979.0	0.0
chr14	-60	2	992.0	0.20161290322580644
chr14	-59	7	1004.0	0.697211155378486
chr14	-58	0	1019.0	0.0
chr14	-57	2	1033.0	0.1936108422071636
chr14	-56	1	1046.0	0.09560229445506692
chr14	-55	0	1063.0	0.0
chr14	-54	4	1077.0	0.3714020427112349
chr14	-53	11	1091.0	1.008249312557287
chr14	-52	0	1101.0	0.0
chr14	-51	4	1113.0	0.3593890386343217
chr14	-50	1	1131.0	0.08841732979664013
chr14	-49	1	1145.0	0.08733624454148471
chr14	-48	7	1157.0	0.6050129645635264
chr14	-47	1	1177.0	0.08496176720475786
chr14	-46	3	1188.0	0.25252525252525254
chr14	-45	4	1202.0	0.33277870216306155
chr14	-44	1	1216.0	0.08223684210526315
chr14	-43	2	1236.0	0.16181229773462785
chr14	-42	3	1257.0	0.23866348448687352
chr14	-41	0	1270.0	0.0
chr14	-40	2	1288.0	0.15527950310559005
chr14	-39	2	1305.0	0.15325670498084293
chr14	-38	8	1319.0	0.6065200909780136
chr14	-37	1	1338.0	0.07473841554559044
chr14	-36	2	1354.0	0.14771048744460857
chr14	-35	3	1374.0	0.21834061135371177
chr14	-34	1	1386.0	0.07215007215007214
chr14	-33	1	1406.0	0.07112375533428165
chr14	-32	1	1420.0	0.07042253521126761
chr14	-31	2	1440.0	0.1388888888888889
chr14	-30	4	1450.0	0.27586206896551724
chr14	-29	5	1464.0	0.34153005464480873
chr14	-28	2	1489.0	0.1343183344526528
chr14	-27	0	1507.0	0.0
chr14	-26	0	1518.0	0.0
chr14	-25	4	1535.0	0.26058631921824105
chr14	-24	6	1553.0	0.38634900193174504
chr14	-23	7	1572.0	0.44529262086513993
chr14	-22	0	1591.0	0.0
chr14	-21	4	1603.0	0.2495321272613849
chr14	-20	0	1616.0	0.0
chr14	-19	3	1633.0	0.1837109614206981
chr14	-18	1	1644.0	0.06082725060827251
chr14	-17	0	1661.0	0.0
chr14	-16	1	1676.0	0.05966587112171838
chr14	-15	1	1697.0	0.05892751915144372
chr14	-14	0	1704.0	0.0
chr14	-13	5	1725.0	0.2898550724637681
chr14	-12	0	1741.0	0.0
chr14	-11	4	1755.0	0.2279202279202279
chr14	-10	9	1770.0	0.5084745762711864
chr14	-9	2	1769.0	0.11305822498586772
chr14	-8	12	1770.0	0.6779661016949152
chr14	-7	2	1769.0	0.11305822498586772
chr14	-6	0	1770.0	0.0
chr14	-5	1	1770.0	0.05649717514124294
chr14	-4	4	1770.0	0.22598870056497175
chr14	-3	5	1769.0	0.2826455624646693
chr14	-2	1	1770.0	0.05649717514124294
chr14	-1	21	1760.0	1.1931818181818183
chr14	0	21	1731.0	1.2131715771230502
chr14	1	3	1730.0	0.17341040462427745
chr14	2	5	1708.0	0.29274004683840754
chr14	3	5	1692.0	0.29550827423167847
chr14	4	10	1686.0	0.5931198102016607
chr14	5	6	1672.0	0.3588516746411483
chr14	6	3	1652.0	0.18159806295399517
chr14	7	6	1639.0	0.36607687614399026
chr14	8	5	1621.0	0.30845157310302285
chr14	9	9	1601.0	0.5621486570893192
chr14	10	6	1589.0	0.3775959723096287
chr14	11	3	1571.0	0.19096117122851686
chr14	12	5	1556.0	0.3213367609254499
chr14	13	4	1535.0	0.26058631921824105
chr14	14	4	1523.0	0.2626395272488509
chr14	15	2	1502.0	0.13315579227696406
chr14	16	2	1491.0	0.1341381623071764
chr14	17	3	1478.0	0.20297699594046006
chr14	18	2	1461.0	0.13689253935660506
chr14	19	1	1443.0	0.0693000693000693
chr14	20	10	1425.0	0.7017543859649122
chr14	21	0	1410.0	0.0
chr14	22	5	1397.0	0.35790980672870437
chr14	23	3	1385.0	0.21660649819494585
chr14	24	2	1372.0	0.1457725947521866
chr14	25	2	1360.0	0.14705882352941177
chr14	26	2	1346.0	0.1485884101040119
chr14	27	1	1325.0	0.07547169811320754
chr14	28	4	1305.0	0.30651340996168586
chr14	29	1	1285.0	0.07782101167315175
chr14	30	1	1265.0	0.07905138339920949
chr14	31	0	1242.0	0.0
chr14	32	5	1227.0	0.40749796251018744
chr14	33	0	1215.0	0.0
chr14	34	4	1203.0	0.3325020781379884
chr14	35	3	1189.0	0.2523128679562658
chr14	36	3	1176.0	0.25510204081632654
chr14	37	6	1159.0	0.5176876617773942
chr14	38	2	1144.0	0.17482517482517482
chr14	39	3	1128.0	0.26595744680851063
chr14	40	0	1111.0	0.0
chr14	41	2	1092.0	0.18315018315018314
chr14	42	8	1073.0	0.7455731593662628
chr14	43	0	1061.0	0.0
chr14	44	6	1045.0	0.5741626794258373
chr14	45	1	1031.0	0.09699321047526674
chr14	46	0	1015.0	0.0
chr14	47	8	1003.0	0.7976071784646062
chr14	48	3	985.0	0.3045685279187817
chr14	49	1	968.0	0.10330578512396695
chr14	50	5	953.0	0.5246589716684155
chr14	51	5	941.0	0.5313496280552604
chr14	52	2	928.0	0.21551724137931033
chr14	53	4	911.0	0.43907793633369924
chr14	54	3	891.0	0.33670033670033667
chr14	55	3	863.0	0.34762456546929316
chr14	56	3	840.0	0.35714285714285715
chr14	57	3	829.0	0.3618817852834741
chr14	58	1	817.0	0.12239902080783352
chr14	59	4	790.0	0.5063291139240507
chr14	60	1	776.0	0.12886597938144329
chr14	61	3	759.0	0.3952569169960474
chr14	62	1	735.0	0.13605442176870747
chr14	63	0	720.0	0.0
chr14	64	0	710.0	0.0
chr14	65	1	696.0	0.14367816091954022
chr14	66	6	687.0	0.8733624454148471
chr14	67	4	671.0	0.5961251862891207
chr14	68	1	661.0	0.15128593040847202
chr14	69	2	648.0	0.30864197530864196
chr14	70	0	638.0	0.0
chr14	71	3	625.0	0.48
chr14	72	1	606.0	0.16501650165016502
chr14	73	2	589.0	0.3395585738539898
chr14	74	0	574.0	0.0
chr14	75	0	557.0	0.0
chr14	76	1	538.0	0.18587360594795538
chr14	77	2	525.0	0.38095238095238093
chr14	78	0	508.0	0.0
chr14	79	1	488.0	0.20491803278688525
chr14	80	1	481.0	0.2079002079002079
chr14	81	1	468.0	0.2136752136752137
chr14	82	2	454.0	0.4405286343612335
chr14	83	0	437.0	0.0
chr14	84	3	415.0	0.7228915662650602
chr14	85	0	400.0	0.0
chr14	86	0	380.0	0.0
chr14	87	1	367.0	0.2724795640326975
chr14	88	0	350.0	0.0
chr14	89	0	330.0	0.0
chr14	90	0	315.0	0.0
chr14	91	0	297.0	0.0
chr14	92	2	288.0	0.6944444444444444
chr14	93	0	274.0	0.0
chr14	94	0	265.0	0.0
chr14	95	0	251.0	0.0
chr14	96	1	235.0	0.425531914893617
chr14	97	0	224.0	0.0
chr14	98	0	202.0	0.0
chr14	99	3	195.0	1.5384615384615385
chr14	100	0	181.0	0.0
chr14	101	0	170.0	0.0
chr14	102	0	161.0	0.0
chr14	103	0	152.0	0.0
chr14	104	0	140.0	0.0
chr14	105	0	125.0	0.0
chr14	106	0	112.0	0.0
chr14	107	0	100.0	0.0
chr14	108	0	96.0	0.0
chr14	109	0	83.0	0.0
chr14	110	1	67.0	1.4925373134328357
chr14	111	0	58.0	0.0
chr14	112	1	48.0	2.083333333333333
chr14	113	0	36.0	0.0
chr14	114	0	31.0	0.0
chr14	115	0	23.0	0.0
chr14	116	0	15.0	0.0
chr14	117	0	7.0	0.0
chr14	118	0	3.0	0.0
chr14	119	0	0.0	nan
chr14	120	0	0.0	nan
chr14	121	0	0.0	nan
chr14	122	0	0.0	nan
chr14	123	0	0.0	nan
chr14	124	0	0.0	nan
chr14	125	0	0.0	nan
chr14	126	0	0.0	nan
chr14	127	0	0.0	nan
chr14	128	0	0.0	nan
chr14	129	0	0.0	nan
chr17	-157	0	0.0	nan
chr17	-156	0	0.0	nan
chr17	-155	0	0.0	nan
chr17	-154	0	0.0	nan
chr17	-153	0	0.0	nan
chr17	-152	0	0.0	nan
chr17	-151	0	0.0	nan
chr17	-150	0	0.0	nan
chr17	-149	0	0.0	nan
chr17	-148	0	0.0	nan
chr17	-147	0	0.0	nan
chr17	-146	0	0.0	nan
chr17	-145	0	0.0	nan
chr17	-144	0	0.0	nan
chr17	-143	0	0.0	nan
chr17	-142	0	0.0	nan
chr17	-141	0	0.0	nan
chr17	-140	0	0.0	nan
chr17	-139	0	2.0	0.0
chr17	-138	0	3.0	0.0
chr17	-137	0	3.0	0.0
chr17	-136	0	3.0	0.0
chr17	-135	0	3.0	0.0
chr17	-134	0	3.0	0.0
chr17	-133	0	4.0	0.0
chr17	-132	0	4.0	0.0
chr17	-131	0	5.0	0.0
chr17	-130	0	14.0	0.0
chr17	-129	0	36.0	0.0
chr17	-128	0	56.0	0.0
chr17	-127	0	83.0	0.0
chr17	-126	0	108.0	0.0
chr17	-125	0	127.0	0.0
chr17	-124	0	149.0	0.0
chr17	-123	0	185.0	0.0
chr17	-122	0	207.0	0.0
chr17	-121	0	230.0	0.0
chr17	-120	0	266.0	0.0
chr17	-119	0	292.0	0.0
chr17	-118	0	329.0	0.0
chr17	-117	0	358.0	0.0
chr17	-116	0	378.0	0.0
chr17	-115	0	409.0	0.0
chr17	-114	0	435.0	0.0
chr17	-113	0	450.0	0.0
chr17	-112	0	483.0	0.0
chr17	-111	1	518.0	0.19305019305019305
chr17	-110	0	550.0	0.0
chr17	-109	2	581.0	0.34423407917383825
chr17	-108	1	609.0	0.16420361247947454
chr17	-107	1	632.0	0.15822784810126583
chr17	-106	0	666.0	0.0
chr17	-105	0	701.0	0.0
chr17	-104	2	739.0	0.2706359945872801
chr17	-103	2	783.0	0.2554278416347382
chr17	-102	4	809.0	0.4944375772558714
chr17	-101	0	846.0	0.0
chr17	-100	2	878.0	0.22779043280182232
chr17	-99	0	921.0	0.0
chr17	-98	0	947.0	0.0
chr17	-97	3	963.0	0.3115264797507788
chr17	-96	2	993.0	0.2014098690835851
chr17	-95	2	1024.0	0.1953125
chr17	-94	0	1064.0	0.0
chr17	-93	0	1095.0	0.0
chr17	-92	6	1122.0	0.53475935828877
chr17	-91	1	1152.0	0.08680555555555555
chr17	-90	1	1187.0	0.08424599831508003
chr17	-89	2	1223.0	0.1635322976287817
chr17	-88	8	1255.0	0.6374501992031872
chr17	-87	10	1284.0	0.778816199376947
chr17	-86	1	1334.0	0.07496251874062969
chr17	-85	4	1363.0	0.293470286133529
chr17	-84	5	1400.0	0.35714285714285715
chr17	-83	1	1433.0	0.06978367062107467
chr17	-82	5	1471.0	0.3399048266485384
chr17	-81	1	1500.0	0.06666666666666667
chr17	-80	0	1530.0	0.0
chr17	-79	9	1568.0	0.5739795918367347
chr17	-78	6	1607.0	0.37336652146857496
chr17	-77	8	1649.0	0.4851425106124924
chr17	-76	20	1686.0	1.1862396204033214
chr17	-75	1	1724.0	0.058004640371229696
chr17	-74	1	1758.0	0.05688282138794084
chr17	-73	6	1795.0	0.3342618384401114
chr17	-72	3	1837.0	0.16330974414806748
chr17	-71	2	1873.0	0.10678056593699946
chr17	-70	1	1912.0	0.05230125523012552
chr17	-69	10	1944.0	0.51440329218107
chr17	-68	2	1972.0	0.10141987829614604
chr17	-67	1	2018.0	0.049554013875123884
chr17	-66	13	2076.0	0.6262042389210019
chr17	-65	1	2126.0	0.047036688617121354
chr17	-64	6	2167.0	0.2768804799261652
chr17	-63	1	2202.0	0.045413260672116255
chr17	-62	2	2238.0	0.08936550491510277
chr17	-61	1	2275.0	0.04395604395604395
chr17	-60	2	2308.0	0.08665511265164644
chr17	-59	7	2361.0	0.29648454044896233
chr17	-58	7	2387.0	0.2932551319648094
chr17	-57	3	2436.0	0.12315270935960591
chr17	-56	1	2464.0	0.040584415584415584
chr17	-55	21	2498.0	0.8406725380304243
chr17	-54	3	2540.0	0.11811023622047244
chr17	-53	1	2572.0	0.038880248833592534
chr17	-52	0	2602.0	0.0
chr17	-51	3	2642.0	0.11355034065102196
chr17	-50	6	2693.0	0.22279985146676567
chr17	-49	4	2729.0	0.14657383657017223
chr17	-48	1	2763.0	0.036192544335866814
chr17	-47	3	2804.0	0.10699001426533523
chr17	-46	1	2844.0	0.035161744022503515
chr17	-45	11	2876.0	0.3824756606397775
chr17	-44	1	2900.0	0.034482758620689655
chr17	-43	5	2933.0	0.17047391749062393
chr17	-42	4	2966.0	0.13486176668914363
chr17	-41	8	3002.0	0.2664890073284477
chr17	-40	5	3050.0	0.16393442622950818
chr17	-39	3	3093.0	0.09699321047526674
chr17	-38	9	3140.0	0.28662420382165604
chr17	-37	3	3166.0	0.09475679090334807
chr17	-36	8	3202.0	0.24984384759525297
chr17	-35	7	3236.0	0.21631644004944375
chr17	-34	8	3286.0	0.24345709068776628
chr17	-33	4	3332.0	0.12004801920768307
chr17	-32	10	3384.0	0.29550827423167847
chr17	-31	13	3432.0	0.3787878787878788
chr17	-30	8	3474.0	0.2302820955670697
chr17	-29	3	3515.0	0.08534850640113799
chr17	-28	22	3533.0	0.6227002547410133
chr17	-27	13	3574.0	0.36373810856183547
chr17	-26	11	3607.0	0.3049625727751594
chr17	-25	8	3663.0	0.21840021840021842
chr17	-24	11	3697.0	0.29753854476602654
chr17	-23	12	3737.0	0.3211131924003211
chr17	-22	5	3771.0	0.13259082471492972
chr17	-21	16	3817.0	0.41917736442232123
chr17	-20	8	3859.0	0.20730759264058046
chr17	-19	11	3903.0	0.28183448629259544
chr17	-18	6	3945.0	0.1520912547528517
chr17	-17	15	3972.0	0.3776435045317221
chr17	-16	2	4008.0	0.049900199600798396
chr17	-15	16	4041.0	0.3959415986142044
chr17	-14	18	4099.0	0.4391314954867041
chr17	-13	20	4143.0	0.4827419744146753
chr17	-12	12	4191.0	0.28632784538296346
chr17	-11	14	4212.0	0.33238366571699907
chr17	-10	4	4239.0	0.09436187780136825
chr17	-9	19	4236.0	0.44853635505193573
chr17	-8	8	4240.0	0.18867924528301888
chr17	-7	21	4254.0	0.4936530324400564
chr17	-6	13	4255.0	0.30552291421856637
chr17	-5	11	4255.0	0.25851938895417154
chr17	-4	14	4249.0	0.3294892915980231
chr17	-3	11	4245.0	0.2591283863368669
chr17	-2	16	4247.0	0.37673651989639745
chr17	-1	74	4234.0	1.7477562588568731
chr17	0	74	4147.0	1.7844224740776464
chr17	1	24	4127.0	0.5815362248606736
chr17	2	31	4086.0	0.7586882036221243
chr17	3	15	4058.0	0.3696402168555939
chr17	4	8	4035.0	0.1982651796778191
chr17	5	19	4013.0	0.473461250934463
chr17	6	6	3974.0	0.1509813789632612
chr17	7	10	3917.0	0.2552974214960429
chr17	8	11	3884.0	0.28321318228630277
chr17	9	11	3852.0	0.28556593977154726
chr17	10	10	3818.0	0.26191723415400736
chr17	11	15	3787.0	0.39609189331925004
chr17	12	15	3748.0	0.40021344717182494
chr17	13	9	3720.0	0.24193548387096775
chr17	14	11	3682.0	0.29875067897881585
chr17	15	10	3647.0	0.2741979709350151
chr17	16	16	3607.0	0.4435819240365955
chr17	17	7	3578.0	0.1956400223588597
chr17	18	18	3534.0	0.5093378607809848
chr17	19	13	3495.0	0.37195994277539346
chr17	20	6	3469.0	0.17296050735082155
chr17	21	12	3433.0	0.34954849985435477
chr17	22	12	3386.0	0.3544004725339634
chr17	23	18	3351.0	0.5371530886302597
chr17	24	12	3319.0	0.3615546851461284
chr17	25	22	3268.0	0.6731946144430845
chr17	26	17	3234.0	0.525664811379097
chr17	27	8	3210.0	0.24922118380062305
chr17	28	7	3180.0	0.22012578616352202
chr17	29	12	3145.0	0.3815580286168521
chr17	30	12	3118.0	0.38486209108402825
chr17	31	14	3087.0	0.45351473922902497
chr17	32	10	3058.0	0.3270111183780248
chr17	33	15	3016.0	0.49734748010610075
chr17	34	9	2968.0	0.3032345013477089
chr17	35	12	2933.0	0.40913740197749743
chr17	36	10	2897.0	0.3451846738004833
chr17	37	12	2873.0	0.41768186564566656
chr17	38	9	2834.0	0.3175723359209598
chr17	39	11	2795.0	0.3935599284436494
chr17	40	3	2752.0	0.10901162790697674
chr17	41	3	2726.0	0.11005135730007337
chr17	42	7	2694.0	0.25983667409057165
chr17	43	14	2647.0	0.5289006422364941
chr17	44	14	2624.0	0.5335365853658537
chr17	45	2	2578.0	0.07757951900698215
chr17	46	12	2544.0	0.4716981132075472
chr17	47	10	2496.0	0.4006410256410256
chr17	48	6	2464.0	0.2435064935064935
chr17	49	6	2426.0	0.24732069249793898
chr17	50	5	2392.0	0.20903010033444816
chr17	51	7	2340.0	0.2991452991452992
chr17	52	4	2312.0	0.17301038062283738
chr17	53	4	2265.0	0.17660044150110377
chr17	54	16	2229.0	0.7178106774338268
chr17	55	4	2207.0	0.18124150430448574
chr17	56	4	2160.0	0.1851851851851852
chr17	57	7	2120.0	0.33018867924528306
chr17	58	9	2084.0	0.43186180422264875
chr17	59	3	2041.0	0.14698677119059284
chr17	60	8	2005.0	0.399002493765586
chr17	61	2	1961.0	0.10198878123406425
chr17	62	4	1914.0	0.20898641588296762
chr17	63	7	1854.0	0.37756202804746497
chr17	64	9	1822.0	0.49396267837541163
chr17	65	13	1777.0	0.7315700619020821
chr17	66	4	1746.0	0.22909507445589922
chr17	67	5	1710.0	0.29239766081871343
chr17	68	8	1670.0	0.47904191616766467
chr17	69	1	1627.0	0.06146281499692685
chr17	70	6	1592.0	0.37688442211055273
chr17	71	6	1555.0	0.3858520900321543
chr17	72	2	1514.0	0.13210039630118892
chr17	73	3	1475.0	0.2033898305084746
chr17	74	2	1442.0	0.13869625520110956
chr17	75	17	1397.0	1.2168933428775948
chr17	76	8	1356.0	0.5899705014749262
chr17	77	2	1321.0	0.1514004542013626
chr17	78	9	1286.0	0.6998444790046656
chr17	79	2	1238.0	0.16155088852988692
chr17	80	1	1204.0	0.08305647840531562
chr17	81	1	1178.0	0.08488964346349745
chr17	82	3	1141.0	0.26292725679228746
chr17	83	3	1092.0	0.27472527472527475
chr17	84	2	1066.0	0.18761726078799248
chr17	85	3	1042.0	0.28790786948176583
chr17	86	10	1008.0	0.992063492063492
chr17	87	5	984.0	0.5081300813008129
chr17	88	4	942.0	0.42462845010615713
chr17	89	2	912.0	0.21929824561403508
chr17	90	6	875.0	0.6857142857142857
chr17	91	2	826.0	0.24213075060532688
chr17	92	3	791.0	0.37926675094816686
chr17	93	2	756.0	0.26455026455026454
chr17	94	1	723.0	0.13831258644536654
chr17	95	2	677.0	0.29542097488921715
chr17	96	1	645.0	0.15503875968992248
chr17	97	2	608.0	0.3289473684210526
chr17	98	2	577.0	0.34662045060658575
chr17	99	2	545.0	0.3669724770642202
chr17	100	1	513.0	0.1949317738791423
chr17	101	4	486.0	0.823045267489712
chr17	102	1	449.0	0.22271714922048996
chr17	103	2	417.0	0.4796163069544364
chr17	104	0	395.0	0.0
chr17	105	1	363.0	0.27548209366391185
chr17	106	1	335.0	0.2985074626865672
chr17	107	0	306.0	0.0
chr17	108	0	274.0	0.0
chr17	109	1	233.0	0.4291845493562232
chr17	110	1	203.0	0.49261083743842365
chr17	111	0	175.0	0.0
chr17	112	1	140.0	0.7142857142857143
chr17	113	1	128.0	0.78125
chr17	114	0	98.0	0.0
chr17	115	1	71.0	1.4084507042253522
chr17	116	0	43.0	0.0
chr17	117	1	27.0	3.7037037037037033
chr17	118	0	12.0	0.0
chr17	119	0	0.0	nan
chr17	120	0	0.0	nan
chr17	121	0	0.0	nan
chr17	122	0	0.0	nan
chr17	123	0	0.0	nan
chr17	124	0	0.0	nan
chr17	125	0	0.0	nan
chr17	126	0	0.0	nan
chr17	127	0	0.0	nan
chr17	128	0	0.0	nan
chr17	129	0	0.0	nan
chr17	130	0	0.0	nan
chr17	131	0	0.0	nan
chr17	132	0	0.0	nan
chr17	133	0	0.0	nan
chr17	134	0	0.0	nan
chr17	135	0	0.0	nan
chr17	136	0	0.0	nan
chr17	137	0	0.0	nan
chr17	138	0	0.0	nan
chr17	139	0	0.0	nan
chr17	140	0	0.0	nan
chr17	141	0	0.0	nan
chr17	142	0	0.0	nan
chr17	143	0	0.0	nan
chr17	144	0	0.0	nan
chr17	145	0	0.0	nan
chr17	146	0	0.0	nan
chr17	147	0	0.0	nan
chr17	148	0	0.0	nan
chr17	149	0	0.0	nan
chr17	150	0	0.0	nan
chr17	151	0	0.0	nan
chr17	152	0	0.0	nan
chr17	153	0	0.0	nan
chr17	154	0	0.0	nan
chr18	-129	0	2.0	0.0
chr18	-128	0	2.0	0.0
chr18	-127	0	2.0	0.0
chr18	-126	0	2.0	0.0
chr18	-125	0	2.0	0.0
chr18	-124	0	3.0	0.0
chr18	-123	0	4.0	0.0
chr18	-122	0	4.0	0.0
chr18	-121	0	5.0	0.0
chr18	-120	0	5.0	0.0
chr18	-119	0	5.0	0.0
chr18	-118	0	5.0	0.0
chr18	-117	0	6.0	0.0
chr18	-116	0	7.0	0.0
chr18	-115	0	11.0	0.0
chr18	-114	0	15.0	0.0
chr18	-113	0	17.0	0.0
chr18	-112	0	21.0	0.0
chr18	-111	0	21.0	0.0
chr18	-110	0	21.0	0.0
chr18	-109	0	21.0	0.0
chr18	-108	0	25.0	0.0
chr18	-107	0	25.0	0.0
chr18	-106	0	25.0	0.0
chr18	-105	0	25.0	0.0
chr18	-104	0	26.0	0.0
chr18	-103	0	26.0	0.0
chr18	-102	0	28.0	0.0
chr18	-101	0	30.0	0.0
chr18	-100	0	31.0	0.0
chr18	-99	0	34.0	0.0
chr18	-98	0	34.0	0.0
chr18	-97	0	34.0	0.0
chr18	-96	0	34.0	0.0
chr18	-95	0	37.0	0.0
chr18	-94	0	38.0	0.0
chr18	-93	0	39.0	0.0
chr18	-92	0	42.0	0.0
chr18	-91	0	47.0	0.0
chr18	-90	0	47.0	0.0
chr18	-89	0	49.0	0.0
chr18	-88	0	49.0	0.0
chr18	-87	0	49.0	0.0
chr18	-86	0	50.0	0.0
chr18	-85	0	53.0	0.0
chr18	-84	0	53.0	0.0
chr18	-83	0	53.0	0.0
chr18	-82	0	53.0	0.0
chr18	-81	0	54.0	0.0
chr18	-80	0	55.0	0.0
chr18	-79	0	58.0	0.0
chr18	-78	0	59.0	0.0
chr18	-77	0	61.0	0.0
chr18	-76	0	62.0	0.0
chr18	-75	0	67.0	0.0
chr18	-74	0	69.0	0.0
chr18	-73	0	71.0	0.0
chr18	-72	0	74.0	0.0
chr18	-71	0	76.0	0.0
chr18	-70	0	77.0	0.0
chr18	-69	0	77.0	0.0
chr18	-68	0	81.0	0.0
chr18	-67	0	84.0	0.0
chr18	-66	0	85.0	0.0
chr18	-65	0	89.0	0.0
chr18	-64	0	91.0	0.0
chr18	-63	0	92.0	0.0
chr18	-62	0	93.0	0.0
chr18	-61	0	94.0	0.0
chr18	-60	0	94.0	0.0
chr18	-59	0	94.0	0.0
chr18	-58	0	96.0	0.0
chr18	-57	0	96.0	0.0
chr18	-56	0	97.0	0.0
chr18	-55	0	98.0	0.0
chr18	-54	0	100.0	0.0
chr18	-53	0	102.0	0.0
chr18	-52	0	105.0	0.0
chr18	-51	0	106.0	0.0
chr18	-50	0	108.0	0.0
chr18	-49	1	110.0	0.9090909090909091
chr18	-48	0	111.0	0.0
chr18	-47	1	112.0	0.8928571428571428
chr18	-46	0	113.0	0.0
chr18	-45	0	115.0	0.0
chr18	-44	0	118.0	0.0
chr18	-43	0	120.0	0.0
chr18	-42	0	120.0	0.0
chr18	-41	0	122.0	0.0
chr18	-40	0	122.0	0.0
chr18	-39	0	122.0	0.0
chr18	-38	0	123.0	0.0
chr18	-37	0	124.0	0.0
chr18	-36	0	126.0	0.0
chr18	-35	0	129.0	0.0
chr18	-34	0	133.0	0.0
chr18	-33	0	136.0	0.0
chr18	-32	0	138.0	0.0
chr18	-31	0	141.0	0.0
chr18	-30	0	142.0	0.0
chr18	-29	0	143.0	0.0
chr18	-28	1	144.0	0.6944444444444444
chr18	-27	0	145.0	0.0
chr18	-26	0	145.0	0.0
chr18	-25	1	147.0	0.6802721088435374
chr18	-24	0	150.0	0.0
chr18	-23	0	151.0	0.0
chr18	-22	0	152.0	0.0
chr18	-21	0	152.0	0.0
chr18	-20	0	153.0	0.0
chr18	-19	1	154.0	0.6493506493506493
chr18	-18	0	154.0	0.0
chr18	-17	0	156.0	0.0
chr18	-16	1	157.0	0.6369426751592357
chr18	-15	0	157.0	0.0
chr18	-14	0	160.0	0.0
chr18	-13	0	161.0	0.0
chr18	-12	0	162.0	0.0
chr18	-11	0	163.0	0.0
chr18	-10	1	163.0	0.6134969325153374
chr18	-9	0	163.0	0.0
chr18	-8	0	163.0	0.0
chr18	-7	0	163.0	0.0
chr18	-6	0	163.0	0.0
chr18	-5	0	163.0	0.0
chr18	-4	0	163.0	0.0
chr18	-3	1	163.0	0.6134969325153374
chr18	-2	0	163.0	0.0
chr18	-1	0	154.0	0.0
chr18	0	0	143.0	0.0
chr18	1	0	153.0	0.0
chr18	2	0	153.0	0.0
chr18	3	0	153.0	0.0
chr18	4	0	153.0	0.0
chr18	5	1	153.0	0.6535947712418301
chr18	6	1	152.0	0.6578947368421052
chr18	7	0	151.0	0.0
chr18	8	0	150.0	0.0
chr18	9	1	150.0	0.6666666666666667
chr18	10	0	149.0	0.0
chr18	11	0	148.0	0.0
chr18	12	0	146.0	0.0
chr18	13	1	145.0	0.6896551724137931
chr18	14	0	142.0	0.0
chr18	15	0	139.0	0.0
chr18	16	0	133.0	0.0
chr18	17	1	132.0	0.7575757575757576
chr18	18	0	132.0	0.0
chr18	19	0	132.0	0.0
chr18	20	1	129.0	0.7751937984496124
chr18	21	0	127.0	0.0
chr18	22	1	127.0	0.7874015748031495
chr18	23	1	123.0	0.8130081300813009
chr18	24	0	123.0	0.0
chr18	25	1	123.0	0.8130081300813009
chr18	26	1	122.0	0.819672131147541
chr18	27	0	122.0	0.0
chr18	28	0	118.0	0.0
chr18	29	0	118.0	0.0
chr18	30	0	118.0	0.0
chr18	31	1	117.0	0.8547008547008548
chr18	32	0	115.0	0.0
chr18	33	0	112.0	0.0
chr18	34	0	111.0	0.0
chr18	35	0	109.0	0.0
chr18	36	1	109.0	0.9174311926605505
chr18	37	0	107.0	0.0
chr18	38	0	106.0	0.0
chr18	39	0	106.0	0.0
chr18	40	0	106.0	0.0
chr18	41	1	103.0	0.9708737864077669
chr18	42	0	102.0	0.0
chr18	43	0	100.0	0.0
chr18	44	0	98.0	0.0
chr18	45	0	98.0	0.0
chr18	46	0	97.0	0.0
chr18	47	0	98.0	0.0
chr18	48	0	96.0	0.0
chr18	49	0	96.0	0.0
chr18	50	0	88.0	0.0
chr18	51	0	87.0	0.0
chr18	52	0	87.0	0.0
chr18	53	0	85.0	0.0
chr18	54	0	81.0	0.0
chr18	55	0	79.0	0.0
chr18	56	0	78.0	0.0
chr18	57	0	75.0	0.0
chr18	58	0	73.0	0.0
chr18	59	0	70.0	0.0
chr18	60	0	69.0	0.0
chr18	61	0	68.0	0.0
chr18	62	0	65.0	0.0
chr18	63	0	63.0	0.0
chr18	64	0	62.0	0.0
chr18	65	0	60.0	0.0
chr18	66	0	59.0	0.0
chr18	67	0	58.0	0.0
chr18	68	0	58.0	0.0
chr18	69	0	58.0	0.0
chr18	70	0	57.0	0.0
chr18	71	0	56.0	0.0
chr18	72	0	56.0	0.0
chr18	73	0	55.0	0.0
chr18	74	0	54.0	0.0
chr18	75	0	51.0	0.0
chr18	76	0	49.0	0.0
chr18	77	0	46.0	0.0
chr18	78	0	44.0	0.0
chr18	79	0	43.0	0.0
chr18	80	0	43.0	0.0
chr18	81	0	40.0	0.0
chr18	82	0	37.0	0.0
chr18	83	0	36.0	0.0
chr18	84	0	35.0	0.0
chr18	85	0	34.0	0.0
chr18	86	0	33.0	0.0
chr18	87	0	33.0	0.0
chr18	88	0	31.0	0.0
chr18	89	0	29.0	0.0
chr18	90	0	27.0	0.0
chr18	91	0	26.0	0.0
chr18	92	0	24.0	0.0
chr18	93	0	24.0	0.0
chr18	94	0	22.0	0.0
chr18	95	0	20.0	0.0
chr18	96	0	19.0	0.0
chr18	97	0	17.0	0.0
chr18	98	0	15.0	0.0
chr18	99	0	13.0	0.0
chr18	100	0	13.0	0.0
chr18	101	0	13.0	0.0
chr18	102	0	11.0	0.0
chr18	103	0	10.0	0.0
chr18	104	1	9.0	11.11111111111111
chr18	105	0	8.0	0.0
chr18	106	0	8.0	0.0
chr18	107	0	6.0	0.0
chr18	108	0	6.0	0.0
chr18	109	1	6.0	16.666666666666664
chr18	110	0	6.0	0.0
chr18	111	0	6.0	0.0
chr18	112	0	6.0	0.0
chr18	113	0	4.0	0.0
chr18	114	0	3.0	0.0
chr18	115	0	2.0	0.0
chr18	116	0	2.0	0.0
chr18	117	0	1.0	0.0
chr18	118	0	0.0	nan
chr18	119	0	0.0	nan
chr18	120	0	0.0	nan
chr18	121	0	0.0	nan
chr18	122	0	0.0	nan
chr18	123	0	0.0	nan
chr18	124	0	0.0	nan
chr18	125	0	0.0	nan
chr18	126	0	0.0	nan
chr18	127	0	0.0	nan
chr18	128	0	0.0	nan
chr19	-129	0	2.0	0.0
chr19	-128	0	3.0	0.0
chr19	-127	0	3.0	0.0
chr19	-126	0	4.0	0.0
chr19	-125	0	7.0	0.0
chr19	-124	0	11.0	0.0
chr19	-123	0	12.0	0.0
chr19	-122	0	13.0	0.0
chr19	-121	0	14.0	0.0
chr19	-120	0	14.0	0.0
chr19	-119	0	17.0	0.0
chr19	-118	0	21.0	0.0
chr19	-117	2	23.0	8.695652173913043
chr19	-116	0	24.0	0.0
chr19	-115	0	27.0	0.0
chr19	-114	0	28.0	0.0
chr19	-113	1	28.0	3.571428571428571
chr19	-112	0	28.0	0.0
chr19	-111	0	30.0	0.0
chr19	-110	0	30.0	0.0
chr19	-109	0	30.0	0.0
chr19	-108	0	32.0	0.0
chr19	-107	0	34.0	0.0
chr19	-106	0	37.0	0.0
chr19	-105	0	38.0	0.0
chr19	-104	0	38.0	0.0
chr19	-103	0	38.0	0.0
chr19	-102	0	38.0	0.0
chr19	-101	0	43.0	0.0
chr19	-100	0	45.0	0.0
chr19	-99	0	47.0	0.0
chr19	-98	0	48.0	0.0
chr19	-97	0	50.0	0.0
chr19	-96	0	51.0	0.0
chr19	-95	0	52.0	0.0
chr19	-94	0	55.0	0.0
chr19	-93	0	55.0	0.0
chr19	-92	0	55.0	0.0
chr19	-91	0	55.0	0.0
chr19	-90	0	58.0	0.0
chr19	-89	0	58.0	0.0
chr19	-88	0	59.0	0.0
chr19	-87	1	61.0	1.639344262295082
chr19	-86	0	64.0	0.0
chr19	-85	0	66.0	0.0
chr19	-84	0	68.0	0.0
chr19	-83	0	69.0	0.0
chr19	-82	0	69.0	0.0
chr19	-81	0	72.0	0.0
chr19	-80	0	74.0	0.0
chr19	-79	0	75.0	0.0
chr19	-78	0	77.0	0.0
chr19	-77	0	77.0	0.0
chr19	-76	0	78.0	0.0
chr19	-75	0	80.0	0.0
chr19	-74	0	82.0	0.0
chr19	-73	0	82.0	0.0
chr19	-72	0	83.0	0.0
chr19	-71	0	83.0	0.0
chr19	-70	0	84.0	0.0
chr19	-69	0	87.0	0.0
chr19	-68	0	90.0	0.0
chr19	-67	0	90.0	0.0
chr19	-66	0	93.0	0.0
chr19	-65	0	94.0	0.0
chr19	-64	0	95.0	0.0
chr19	-63	0	101.0	0.0
chr19	-62	0	103.0	0.0
chr19	-61	0	106.0	0.0
chr19	-60	0	109.0	0.0
chr19	-59	0	113.0	0.0
chr19	-58	1	117.0	0.8547008547008548
chr19	-57	1	117.0	0.8547008547008548
chr19	-56	4	119.0	3.361344537815126
chr19	-55	0	120.0	0.0
chr19	-54	0	121.0	0.0
chr19	-53	0	123.0	0.0
chr19	-52	0	123.0	0.0
chr19	-51	0	127.0	0.0
chr19	-50	1	127.0	0.7874015748031495
chr19	-49	0	127.0	0.0
chr19	-48	0	129.0	0.0
chr19	-47	0	130.0	0.0
chr19	-46	0	131.0	0.0
chr19	-45	0	131.0	0.0
chr19	-44	0	133.0	0.0
chr19	-43	0	134.0	0.0
chr19	-42	0	134.0	0.0
chr19	-41	0	137.0	0.0
chr19	-40	0	139.0	0.0
chr19	-39	0	139.0	0.0
chr19	-38	0	142.0	0.0
chr19	-37	0	144.0	0.0
chr19	-36	0	146.0	0.0
chr19	-35	1	148.0	0.6756756756756757
chr19	-34	0	148.0	0.0
chr19	-33	4	151.0	2.6490066225165565
chr19	-32	0	151.0	0.0
chr19	-31	0	155.0	0.0
chr19	-30	0	159.0	0.0
chr19	-29	0	161.0	0.0
chr19	-28	1	165.0	0.6060606060606061
chr19	-27	0	170.0	0.0
chr19	-26	1	171.0	0.5847953216374269
chr19	-25	0	175.0	0.0
chr19	-24	0	175.0	0.0
chr19	-23	0	178.0	0.0
chr19	-22	0	180.0	0.0
chr19	-21	0	184.0	0.0
chr19	-20	0	185.0	0.0
chr19	-19	0	186.0	0.0
chr19	-18	2	187.0	1.06951871657754
chr19	-17	0	189.0	0.0
chr19	-16	0	190.0	0.0
chr19	-15	0	191.0	0.0
chr19	-14	1	192.0	0.5208333333333333
chr19	-13	0	195.0	0.0
chr19	-12	0	196.0	0.0
chr19	-11	0	197.0	0.0
chr19	-10	0	199.0	0.0
chr19	-9	0	199.0	0.0
chr19	-8	0	199.0	0.0
chr19	-7	2	199.0	1.0050251256281406
chr19	-6	0	199.0	0.0
chr19	-5	0	199.0	0.0
chr19	-4	1	199.0	0.5025125628140703
chr19	-3	1	199.0	0.5025125628140703
chr19	-2	0	199.0	0.0
chr19	-1	9	199.0	4.522613065326634
chr19	0	16	194.0	8.24742268041237
chr19	1	0	192.0	0.0
chr19	2	2	188.0	1.0638297872340425
chr19	3	1	187.0	0.53475935828877
chr19	4	0	183.0	0.0
chr19	5	0	181.0	0.0
chr19	6	1	177.0	0.5649717514124294
chr19	7	0	176.0	0.0
chr19	8	1	176.0	0.5681818181818182
chr19	9	1	176.0	0.5681818181818182
chr19	10	0	174.0	0.0
chr19	11	0	171.0	0.0
chr19	12	0	168.0	0.0
chr19	13	1	168.0	0.5952380952380952
chr19	14	0	166.0	0.0
chr19	15	1	165.0	0.6060606060606061
chr19	16	2	164.0	1.2195121951219512
chr19	17	1	163.0	0.6134969325153374
chr19	18	2	162.0	1.2345679012345678
chr19	19	2	161.0	1.2422360248447204
chr19	20	0	161.0	0.0
chr19	21	0	158.0	0.0
chr19	22	0	156.0	0.0
chr19	23	1	155.0	0.6451612903225806
chr19	24	0	153.0	0.0
chr19	25	0	150.0	0.0
chr19	26	0	150.0	0.0
chr19	27	2	149.0	1.342281879194631
chr19	28	1	145.0	0.6896551724137931
chr19	29	1	145.0	0.6896551724137931
chr19	30	2	142.0	1.4084507042253522
chr19	31	0	141.0	0.0
chr19	32	2	140.0	1.4285714285714286
chr19	33	0	140.0	0.0
chr19	34	0	138.0	0.0
chr19	35	1	137.0	0.7299270072992701
chr19	36	0	136.0	0.0
chr19	37	0	136.0	0.0
chr19	38	0	136.0	0.0
chr19	39	1	134.0	0.7462686567164178
chr19	40	0	128.0	0.0
chr19	41	1	129.0	0.7751937984496124
chr19	42	1	128.0	0.78125
chr19	43	1	125.0	0.8
chr19	44	1	121.0	0.8264462809917356
chr19	45	0	117.0	0.0
chr19	46	0	113.0	0.0
chr19	47	0	111.0	0.0
chr19	48	0	109.0	0.0
chr19	49	1	107.0	0.9345794392523363
chr19	50	0	106.0	0.0
chr19	51	0	102.0	0.0
chr19	52	0	101.0	0.0
chr19	53	0	98.0	0.0
chr19	54	0	97.0	0.0
chr19	55	2	95.0	2.1052631578947367
chr19	56	3	94.0	3.1914893617021276
chr19	57	3	93.0	3.225806451612903
chr19	58	0	92.0	0.0
chr19	59	1	91.0	1.098901098901099
chr19	60	0	89.0	0.0
chr19	61	1	88.0	1.1363636363636365
chr19	62	0	86.0	0.0
chr19	63	0	85.0	0.0
chr19	64	0	85.0	0.0
chr19	65	0	85.0	0.0
chr19	66	0	83.0	0.0
chr19	67	0	83.0	0.0
chr19	68	0	81.0	0.0
chr19	69	1	80.0	1.25
chr19	70	0	75.0	0.0
chr19	71	0	72.0	0.0
chr19	72	0	72.0	0.0
chr19	73	0	70.0	0.0
chr19	74	1	68.0	1.4705882352941175
chr19	75	0	66.0	0.0
chr19	76	0	65.0	0.0
chr19	77	0	64.0	0.0
chr19	78	0	62.0	0.0
chr19	79	0	62.0	0.0
chr19	80	0	61.0	0.0
chr19	81	0	59.0	0.0
chr19	82	0	57.0	0.0
chr19	83	0	54.0	0.0
chr19	84	0	53.0	0.0
chr19	85	0	50.0	0.0
chr19	86	0	50.0	0.0
chr19	87	0	50.0	0.0
chr19	88	0	47.0	0.0
chr19	89	0	45.0	0.0
chr19	90	1	44.0	2.272727272727273
chr19	91	0	43.0	0.0
chr19	92	0	41.0	0.0
chr19	93	1	40.0	2.5
chr19	94	0	37.0	0.0
chr19	95	0	37.0	0.0
chr19	96	1	35.0	2.857142857142857
chr19	97	0	34.0	0.0
chr19	98	0	31.0	0.0
chr19	99	1	28.0	3.571428571428571
chr19	100	0	25.0	0.0
chr19	101	0	21.0	0.0
chr19	102	0	19.0	0.0
chr19	103	0	18.0	0.0
chr19	104	0	16.0	0.0
chr19	105	0	16.0	0.0
chr19	106	0	15.0	0.0
chr19	107	0	13.0	0.0
chr19	108	0	11.0	0.0
chr19	109	0	11.0	0.0
chr19	110	0	10.0	0.0
chr19	111	0	8.0	0.0
chr19	112	0	6.0	0.0
chr19	113	0	5.0	0.0
chr19	114	0	5.0	0.0
chr19	115	0	5.0	0.0
chr19	116	0	2.0	0.0
chr19	117	0	1.0	0.0
chr19	118	0	0.0	nan
chr19	119	0	0.0	nan
chr19	120	0	0.0	nan
chr19	121	0	0.0	nan
chr19	122	0	0.0	nan
chr19	123	0	0.0	nan
chr19	124	0	0.0	nan
chr19	125	0	0.0	nan
chr19	126	0	0.0	nan
chr19	127	0	0.0	nan
chr19	128	0	0.0	nan
chr20	-130	0	5.0	0.0
chr20	-129	0	9.0	0.0
chr20	-128	0	20.0	0.0
chr20	-127	0	33.0	0.0
chr20	-126	0	41.0	0.0
chr20	-125	0	53.0	0.0
chr20	-124	0	62.0	0.0
chr20	-123	0	82.0	0.0
chr20	-122	0	96.0	0.0
chr20	-121	0	105.0	0.0
chr20	-120	0	125.0	0.0
chr20	-119	0	140.0	0.0
chr20	-118	0	151.0	0.0
chr20	-117	0	166.0	0.0
chr20	-116	0	176.0	0.0
chr20	-115	0	194.0	0.0
chr20	-114	0	213.0	0.0
chr20	-113	0	227.0	0.0
chr20	-112	1	244.0	0.4098360655737705
chr20	-111	1	256.0	0.390625
chr20	-110	0	274.0	0.0
chr20	-109	0	293.0	0.0
chr20	-108	3	297.0	1.0101010101010102
chr20	-107	2	317.0	0.6309148264984227
chr20	-106	0	337.0	0.0
chr20	-105	0	350.0	0.0
chr20	-104	0	378.0	0.0
chr20	-103	1	395.0	0.25316455696202533
chr20	-102	0	411.0	0.0
chr20	-101	0	429.0	0.0
chr20	-100	0	452.0	0.0
chr20	-99	0	479.0	0.0
chr20	-98	0	504.0	0.0
chr20	-97	0	514.0	0.0
chr20	-96	3	544.0	0.5514705882352942
chr20	-95	5	557.0	0.8976660682226212
chr20	-94	3	575.0	0.5217391304347827
chr20	-93	1	595.0	0.16806722689075632
chr20	-92	2	613.0	0.3262642740619902
chr20	-91	0	632.0	0.0
chr20	-90	0	652.0	0.0
chr20	-89	0	673.0	0.0
chr20	-88	1	689.0	0.14513788098693758
chr20	-87	0	706.0	0.0
chr20	-86	4	728.0	0.5494505494505495
chr20	-85	2	738.0	0.27100271002710025
chr20	-84	1	760.0	0.13157894736842105
chr20	-83	2	779.0	0.25673940949935814
chr20	-82	0	799.0	0.0
chr20	-81	0	819.0	0.0
chr20	-80	1	843.0	0.11862396204033215
chr20	-79	0	857.0	0.0
chr20	-78	1	877.0	0.11402508551881414
chr20	-77	0	895.0	0.0
chr20	-76	9	908.0	0.9911894273127754
chr20	-75	0	924.0	0.0
chr20	-74	9	945.0	0.9523809523809524
chr20	-73	0	966.0	0.0
chr20	-72	6	984.0	0.6097560975609756
chr20	-71	0	1002.0	0.0
chr20	-70	0	1016.0	0.0
chr20	-69	1	1039.0	0.0962463907603465
chr20	-68	0	1055.0	0.0
chr20	-67	4	1075.0	0.37209302325581395
chr20	-66	6	1086.0	0.5524861878453038
chr20	-65	0	1097.0	0.0
chr20	-64	2	1120.0	0.17857142857142858
chr20	-63	4	1138.0	0.35149384885764495
chr20	-62	6	1157.0	0.5185825410544511
chr20	-61	3	1176.0	0.25510204081632654
chr20	-60	4	1200.0	0.33333333333333337
chr20	-59	1	1220.0	0.08196721311475409
chr20	-58	0	1247.0	0.0
chr20	-57	6	1268.0	0.47318611987381703
chr20	-56	2	1282.0	0.15600624024961
chr20	-55	0	1296.0	0.0
chr20	-54	0	1315.0	0.0
chr20	-53	1	1342.0	0.07451564828614009
chr20	-52	4	1356.0	0.2949852507374631
chr20	-51	7	1373.0	0.5098324836125273
chr20	-50	1	1391.0	0.07189072609633358
chr20	-49	3	1403.0	0.21382751247327159
chr20	-48	1	1421.0	0.07037297677691766
chr20	-47	2	1443.0	0.1386001386001386
chr20	-46	0	1459.0	0.0
chr20	-45	2	1476.0	0.13550135501355012
chr20	-44	3	1496.0	0.2005347593582888
chr20	-43	0	1513.0	0.0
chr20	-42	6	1525.0	0.39344262295081966
chr20	-41	9	1545.0	0.5825242718446602
chr20	-40	0	1565.0	0.0
chr20	-39	1	1588.0	0.06297229219143577
chr20	-38	3	1606.0	0.18679950186799502
chr20	-37	0	1621.0	0.0
chr20	-36	1	1635.0	0.06116207951070336
chr20	-35	2	1657.0	0.12070006035003018
chr20	-34	5	1678.0	0.29797377830750893
chr20	-33	2	1705.0	0.11730205278592376
chr20	-32	0	1726.0	0.0
chr20	-31	2	1742.0	0.1148105625717566
chr20	-30	10	1753.0	0.5704506560182544
chr20	-29	4	1775.0	0.22535211267605634
chr20	-28	10	1794.0	0.5574136008918618
chr20	-27	1	1815.0	0.055096418732782364
chr20	-26	1	1837.0	0.05443658138268917
chr20	-25	1	1856.0	0.05387931034482758
chr20	-24	0	1878.0	0.0
chr20	-23	0	1895.0	0.0
chr20	-22	0	1913.0	0.0
chr20	-21	3	1948.0	0.1540041067761807
chr20	-20	0	1967.0	0.0
chr20	-19	5	1988.0	0.2515090543259557
chr20	-18	1	2017.0	0.04957858205255329
chr20	-17	3	2040.0	0.14705882352941177
chr20	-16	6	2062.0	0.2909796314258002
chr20	-15	4	2083.0	0.19203072491598655
chr20	-14	10	2104.0	0.4752851711026616
chr20	-13	8	2125.0	0.3764705882352941
chr20	-12	3	2145.0	0.13986013986013987
chr20	-11	7	2162.0	0.32377428307123035
chr20	-10	3	2188.0	0.13711151736745886
chr20	-9	8	2188.0	0.3656307129798903
chr20	-8	4	2186.0	0.18298261665141813
chr20	-7	15	2186.0	0.6861848124428179
chr20	-6	5	2187.0	0.2286236854138089
chr20	-5	12	2184.0	0.5494505494505495
chr20	-4	5	2184.0	0.22893772893772896
chr20	-3	20	2183.0	0.9161704076958315
chr20	-2	24	2183.0	1.0994044892349977
chr20	-1	46	2180.0	2.1100917431192663
chr20	0	27	2127.0	1.2693935119887165
chr20	1	19	2108.0	0.9013282732447818
chr20	2	6	2091.0	0.2869440459110474
chr20	3	12	2075.0	0.5783132530120482
chr20	4	10	2059.0	0.48567265662943176
chr20	5	33	2047.0	1.612115290669272
chr20	6	3	2025.0	0.14814814814814814
chr20	7	13	1997.0	0.6509764646970456
chr20	8	5	1991.0	0.25113008538422904
chr20	9	0	1974.0	0.0
chr20	10	8	1946.0	0.41109969167523125
chr20	11	2	1929.0	0.10368066355624676
chr20	12	6	1909.0	0.3143006809848088
chr20	13	1	1896.0	0.05274261603375527
chr20	14	9	1873.0	0.4805125467164976
chr20	15	7	1850.0	0.3783783783783784
chr20	16	3	1833.0	0.16366612111292964
chr20	17	4	1822.0	0.21953896816684962
chr20	18	7	1802.0	0.388457269700333
chr20	19	4	1787.0	0.22383883603805263
chr20	20	5	1764.0	0.2834467120181406
chr20	21	3	1749.0	0.17152658662092624
chr20	22	2	1731.0	0.11554015020219525
chr20	23	4	1708.0	0.234192037470726
chr20	24	1	1688.0	0.05924170616113744
chr20	25	2	1672.0	0.11961722488038277
chr20	26	3	1650.0	0.18181818181818182
chr20	27	2	1634.0	0.12239902080783352
chr20	28	5	1604.0	0.3117206982543641
chr20	29	13	1587.0	0.8191556395715185
chr20	30	9	1569.0	0.5736137667304015
chr20	31	1	1542.0	0.06485084306095978
chr20	32	2	1520.0	0.13157894736842105
chr20	33	1	1502.0	0.06657789613848203
chr20	34	2	1480.0	0.13513513513513514
chr20	35	2	1456.0	0.13736263736263737
chr20	36	6	1440.0	0.4166666666666667
chr20	37	3	1417.0	0.2117148906139732
chr20	38	3	1399.0	0.21443888491779842
chr20	39	5	1378.0	0.36284470246734396
chr20	40	8	1366.0	0.5856515373352855
chr20	41	5	1346.0	0.3714710252600297
chr20	42	6	1329.0	0.4514672686230248
chr20	43	3	1306.0	0.22970903522205208
chr20	44	1	1291.0	0.0774593338497289
chr20	45	1	1274.0	0.07849293563579278
chr20	46	2	1254.0	0.1594896331738437
chr20	47	1	1236.0	0.08090614886731393
chr20	48	4	1210.0	0.3305785123966942
chr20	49	11	1192.0	0.9228187919463088
chr20	50	3	1177.0	0.2548853016142736
chr20	51	2	1157.0	0.17286084701815038
chr20	52	5	1144.0	0.4370629370629371
chr20	53	1	1124.0	0.0889679715302491
chr20	54	3	1107.0	0.27100271002710025
chr20	55	3	1086.0	0.2762430939226519
chr20	56	2	1065.0	0.18779342723004694
chr20	57	3	1050.0	0.2857142857142857
chr20	58	1	1029.0	0.09718172983479105
chr20	59	9	1015.0	0.8866995073891626
chr20	60	3	1000.0	0.3
chr20	61	9	979.0	0.9193054136874361
chr20	62	8	959.0	0.8342022940563086
chr20	63	0	946.0	0.0
chr20	64	2	925.0	0.21621621621621623
chr20	65	4	906.0	0.44150110375275936
chr20	66	5	888.0	0.5630630630630631
chr20	67	4	865.0	0.46242774566473993
chr20	68	0	849.0	0.0
chr20	69	1	839.0	0.11918951132300357
chr20	70	1	817.0	0.12239902080783352
chr20	71	4	790.0	0.5063291139240507
chr20	72	1	761.0	0.1314060446780552
chr20	73	0	746.0	0.0
chr20	74	0	732.0	0.0
chr20	75	1	709.0	0.14104372355430184
chr20	76	4	680.0	0.5882352941176471
chr20	77	2	666.0	0.3003003003003003
chr20	78	1	647.0	0.1545595054095827
chr20	79	2	630.0	0.31746031746031744
chr20	80	1	617.0	0.1620745542949757
chr20	81	5	598.0	0.8361204013377926
chr20	82	3	582.0	0.5154639175257731
chr20	83	2	565.0	0.35398230088495575
chr20	84	8	549.0	1.4571948998178506
chr20	85	3	530.0	0.5660377358490566
chr20	86	0	512.0	0.0
chr20	87	3	493.0	0.6085192697768762
chr20	88	3	478.0	0.6276150627615062
chr20	89	1	459.0	0.2178649237472767
chr20	90	2	445.0	0.44943820224719105
chr20	91	1	426.0	0.2347417840375587
chr20	92	0	416.0	0.0
chr20	93	2	397.0	0.5037783375314862
chr20	94	2	376.0	0.5319148936170213
chr20	95	0	356.0	0.0
chr20	96	0	339.0	0.0
chr20	97	0	317.0	0.0
chr20	98	2	304.0	0.6578947368421052
chr20	99	0	288.0	0.0
chr20	100	0	272.0	0.0
chr20	101	0	259.0	0.0
chr20	102	3	244.0	1.2295081967213115
chr20	103	0	219.0	0.0
chr20	104	0	201.0	0.0
chr20	105	0	187.0	0.0
chr20	106	1	172.0	0.5813953488372093
chr20	107	4	155.0	2.5806451612903225
chr20	108	0	139.0	0.0
chr20	109	0	120.0	0.0
chr20	110	0	105.0	0.0
chr20	111	0	91.0	0.0
chr20	112	0	81.0	0.0
chr20	113	0	69.0	0.0
chr20	114	0	52.0	0.0
chr20	115	0	38.0	0.0
chr20	116	0	27.0	0.0
chr20	117	0	16.0	0.0
chr20	118	0	8.0	0.0
chr20	119	0	0.0	nan
chr20	120	0	0.0	nan
chr20	121	0	0.0	nan
chr20	122	0	0.0	nan
chr20	123	0	0.0	nan
chr20	124	0	0.0	nan
chr20	125	0	0.0	nan
chr20	126	0	0.0	nan
chr20	127	0	0.0	nan
chr20	128	0	0.0	nan
chr20	129	0	0.0	nan
chr21	-129	0	1.0	0.0
chr21	-128	0	2.0	0.0
chr21	-127	0	3.0	0.0
chr21	-126	0	3.0	0.0
chr21	-125	0	5.0	0.0
chr21	-124	0	6.0	0.0
chr21	-123	0	6.0	0.0
chr21	-122	0	7.0	0.0
chr21	-121	0	10.0	0.0
chr21	-120	0	10.0	0.0
chr21	-119	0	10.0	0.0
chr21	-118	0	12.0	0.0
chr21	-117	0	12.0	0.0
chr21	-116	0	12.0	0.0
chr21	-115	0	13.0	0.0
chr21	-114	0	14.0	0.0
chr21	-113	0	15.0	0.0
chr21	-112	0	15.0	0.0
chr21	-111	0	16.0	0.0
chr21	-110	0	19.0	0.0
chr21	-109	0	19.0	0.0
chr21	-108	0	20.0	0.0
chr21	-107	0	21.0	0.0
chr21	-106	0	23.0	0.0
chr21	-105	2	24.0	8.333333333333332
chr21	-104	0	25.0	0.0
chr21	-103	0	27.0	0.0
chr21	-102	1	29.0	3.4482758620689653
chr21	-101	0	31.0	0.0
chr21	-100	0	32.0	0.0
chr21	-99	0	33.0	0.0
chr21	-98	0	35.0	0.0
chr21	-97	0	36.0	0.0
chr21	-96	0	37.0	0.0
chr21	-95	0	39.0	0.0
chr21	-94	0	39.0	0.0
chr21	-93	1	40.0	2.5
chr21	-92	1	40.0	2.5
chr21	-91	0	41.0	0.0
chr21	-90	0	42.0	0.0
chr21	-89	0	42.0	0.0
chr21	-88	0	44.0	0.0
chr21	-87	0	45.0	0.0
chr21	-86	0	45.0	0.0
chr21	-85	0	46.0	0.0
chr21	-84	0	46.0	0.0
chr21	-83	0	46.0	0.0
chr21	-82	0	51.0	0.0
chr21	-81	0	53.0	0.0
chr21	-80	0	54.0	0.0
chr21	-79	0	55.0	0.0
chr21	-78	0	56.0	0.0
chr21	-77	0	59.0	0.0
chr21	-76	0	59.0	0.0
chr21	-75	0	59.0	0.0
chr21	-74	0	60.0	0.0
chr21	-73	0	61.0	0.0
chr21	-72	1	61.0	1.639344262295082
chr21	-71	0	64.0	0.0
chr21	-70	0	66.0	0.0
chr21	-69	0	66.0	0.0
chr21	-68	0	67.0	0.0
chr21	-67	0	67.0	0.0
chr21	-66	0	68.0	0.0
chr21	-65	0	70.0	0.0
chr21	-64	0	71.0	0.0
chr21	-63	0	73.0	0.0
chr21	-62	0	74.0	0.0
chr21	-61	0	77.0	0.0
chr21	-60	0	78.0	0.0
chr21	-59	0	78.0	0.0
chr21	-58	0	79.0	0.0
chr21	-57	0	81.0	0.0
chr21	-56	0	84.0	0.0
chr21	-55	0	84.0	0.0
chr21	-54	0	83.0	0.0
chr21	-53	2	84.0	2.380952380952381
chr21	-52	0	87.0	0.0
chr21	-51	0	87.0	0.0
chr21	-50	1	87.0	1.1494252873563218
chr21	-49	0	87.0	0.0
chr21	-48	0	88.0	0.0
chr21	-47	0	91.0	0.0
chr21	-46	0	91.0	0.0
chr21	-45	0	94.0	0.0
chr21	-44	0	95.0	0.0
chr21	-43	0	95.0	0.0
chr21	-42	0	95.0	0.0
chr21	-41	0	95.0	0.0
chr21	-40	0	97.0	0.0
chr21	-39	0	100.0	0.0
chr21	-38	0	101.0	0.0
chr21	-37	0	104.0	0.0
chr21	-36	0	107.0	0.0
chr21	-35	0	107.0	0.0
chr21	-34	0	107.0	0.0
chr21	-33	0	107.0	0.0
chr21	-32	0	108.0	0.0
chr21	-31	0	110.0	0.0
chr21	-30	0	111.0	0.0
chr21	-29	1	114.0	0.8771929824561403
chr21	-28	0	115.0	0.0
chr21	-27	0	116.0	0.0
chr21	-26	0	117.0	0.0
chr21	-25	0	118.0	0.0
chr21	-24	0	119.0	0.0
chr21	-23	0	122.0	0.0
chr21	-22	0	125.0	0.0
chr21	-21	0	125.0	0.0
chr21	-20	0	124.0	0.0
chr21	-19	0	126.0	0.0
chr21	-18	0	127.0	0.0
chr21	-17	0	129.0	0.0
chr21	-16	0	133.0	0.0
chr21	-15	0	135.0	0.0
chr21	-14	1	138.0	0.7246376811594203
chr21	-13	0	142.0	0.0
chr21	-12	0	143.0	0.0
chr21	-11	0	145.0	0.0
chr21	-10	0	148.0	0.0
chr21	-9	0	148.0	0.0
chr21	-8	1	148.0	0.6756756756756757
chr21	-7	0	148.0	0.0
chr21	-6	0	148.0	0.0
chr21	-5	0	148.0	0.0
chr21	-4	0	148.0	0.0
chr21	-3	0	148.0	0.0
chr21	-2	0	148.0	0.0
chr21	-1	0	148.0	0.0
chr21	0	1	145.0	0.6896551724137931
chr21	1	0	144.0	0.0
chr21	2	2	143.0	1.3986013986013985
chr21	3	0	143.0	0.0
chr21	4	0	141.0	0.0
chr21	5	0	139.0	0.0
chr21	6	0	139.0	0.0
chr21	7	0	138.0	0.0
chr21	8	0	136.0	0.0
chr21	9	0	136.0	0.0
chr21	10	0	136.0	0.0
chr21	11	0	133.0	0.0
chr21	12	1	133.0	0.7518796992481203
chr21	13	0	132.0	0.0
chr21	14	0	130.0	0.0
chr21	15	0	129.0	0.0
chr21	16	0	128.0	0.0
chr21	17	0	127.0	0.0
chr21	18	0	127.0	0.0
chr21	19	0	126.0	0.0
chr21	20	0	126.0	0.0
chr21	21	0	125.0	0.0
chr21	22	0	124.0	0.0
chr21	23	0	121.0	0.0
chr21	24	0	115.0	0.0
chr21	25	0	115.0	0.0
chr21	26	0	116.0	0.0
chr21	27	0	115.0	0.0
chr21	28	0	114.0	0.0
chr21	29	0	113.0	0.0
chr21	30	1	111.0	0.9009009009009009
chr21	31	0	110.0	0.0
chr21	32	0	108.0	0.0
chr21	33	0	108.0	0.0
chr21	34	0	108.0	0.0
chr21	35	0	108.0	0.0
chr21	36	0	108.0	0.0
chr21	37	1	107.0	0.9345794392523363
chr21	38	0	106.0	0.0
chr21	39	0	106.0	0.0
chr21	40	0	106.0	0.0
chr21	41	0	103.0	0.0
chr21	42	0	101.0	0.0
chr21	43	0	98.0	0.0
chr21	44	0	97.0	0.0
chr21	45	0	96.0	0.0
chr21	46	0	96.0	0.0
chr21	47	0	94.0	0.0
chr21	48	0	93.0	0.0
chr21	49	0	92.0	0.0
chr21	50	1	91.0	1.098901098901099
chr21	51	0	89.0	0.0
chr21	52	0	86.0	0.0
chr21	53	0	86.0	0.0
chr21	54	0	85.0	0.0
chr21	55	0	83.0	0.0
chr21	56	0	83.0	0.0
chr21	57	1	82.0	1.2195121951219512
chr21	58	0	80.0	0.0
chr21	59	0	79.0	0.0
chr21	60	0	79.0	0.0
chr21	61	0	77.0	0.0
chr21	62	0	76.0	0.0
chr21	63	0	74.0	0.0
chr21	64	1	74.0	1.3513513513513513
chr21	65	0	74.0	0.0
chr21	66	0	71.0	0.0
chr21	67	0	69.0	0.0
chr21	68	1	65.0	1.5384615384615385
chr21	69	0	65.0	0.0
chr21	70	0	63.0	0.0
chr21	71	1	63.0	1.5873015873015872
chr21	72	0	63.0	0.0
chr21	73	0	61.0	0.0
chr21	74	0	61.0	0.0
chr21	75	0	58.0	0.0
chr21	76	0	56.0	0.0
chr21	77	0	55.0	0.0
chr21	78	0	55.0	0.0
chr21	79	0	55.0	0.0
chr21	80	0	54.0	0.0
chr21	81	0	52.0	0.0
chr21	82	0	50.0	0.0
chr21	83	0	49.0	0.0
chr21	84	0	48.0	0.0
chr21	85	0	48.0	0.0
chr21	86	0	47.0	0.0
chr21	87	0	46.0	0.0
chr21	88	0	43.0	0.0
chr21	89	0	42.0	0.0
chr21	90	1	42.0	2.380952380952381
chr21	91	0	39.0	0.0
chr21	92	0	36.0	0.0
chr21	93	1	36.0	2.7777777777777777
chr21	94	0	35.0	0.0
chr21	95	0	33.0	0.0
chr21	96	0	33.0	0.0
chr21	97	0	33.0	0.0
chr21	98	0	31.0	0.0
chr21	99	0	30.0	0.0
chr21	100	0	29.0	0.0
chr21	101	0	27.0	0.0
chr21	102	0	26.0	0.0
chr21	103	0	25.0	0.0
chr21	104	0	22.0	0.0
chr21	105	0	21.0	0.0
chr21	106	0	20.0	0.0
chr21	107	0	18.0	0.0
chr21	108	0	18.0	0.0
chr21	109	0	18.0	0.0
chr21	110	0	17.0	0.0
chr21	111	0	13.0	0.0
chr21	112	0	10.0	0.0
chr21	113	0	8.0	0.0
chr21	114	0	5.0	0.0
chr21	115	0	5.0	0.0
chr21	116	0	4.0	0.0
chr21	117	0	3.0	0.0
chr21	118	0	1.0	0.0
chr21	119	0	0.0	nan
chr21	120	0	0.0	nan
chr21	121	0	0.0	nan
chr21	122	0	0.0	nan
chr21	123	0	0.0	nan
chr21	124	0	0.0	nan
chr21	125	0	0.0	nan
chr21	126	0	0.0	nan
chr21	127	0	0.0	nan
chr21	128	0	0.0	nan
chr21	129	0	0.0	nan
chr22	-144	0	0.0	nan
chr22	-143	0	0.0	nan
chr22	-142	0	0.0	nan
chr22	-141	0	0.0	nan
chr22	-140	0	0.0	nan
chr22	-139	0	3.0	0.0
chr22	-138	0	3.0	0.0
chr22	-137	0	3.0	0.0
chr22	-136	0	3.0	0.0
chr22	-135	0	3.0	0.0
chr22	-134	0	3.0	0.0
chr22	-133	0	3.0	0.0
chr22	-132	0	3.0	0.0
chr22	-131	0	3.0	0.0
chr22	-130	0	10.0	0.0
chr22	-129	0	17.0	0.0
chr22	-128	0	30.0	0.0
chr22	-127	0	40.0	0.0
chr22	-126	0	50.0	0.0
chr22	-125	1	67.0	1.4925373134328357
chr22	-124	0	76.0	0.0
chr22	-123	0	85.0	0.0
chr22	-122	0	95.0	0.0
chr22	-121	0	117.0	0.0
chr22	-120	1	128.0	0.78125
chr22	-119	1	138.0	0.7246376811594203
chr22	-118	0	154.0	0.0
chr22	-117	3	166.0	1.8072289156626504
chr22	-116	1	177.0	0.5649717514124294
chr22	-115	1	189.0	0.5291005291005291
chr22	-114	1	197.0	0.5076142131979695
chr22	-113	0	208.0	0.0
chr22	-112	0	215.0	0.0
chr22	-111	0	227.0	0.0
chr22	-110	0	244.0	0.0
chr22	-109	1	256.0	0.390625
chr22	-108	0	266.0	0.0
chr22	-107	1	278.0	0.3597122302158274
chr22	-106	0	291.0	0.0
chr22	-105	1	305.0	0.32786885245901637
chr22	-104	0	317.0	0.0
chr22	-103	3	332.0	0.9036144578313252
chr22	-102	3	349.0	0.8595988538681949
chr22	-101	1	362.0	0.2762430939226519
chr22	-100	1	382.0	0.2617801047120419
chr22	-99	0	390.0	0.0
chr22	-98	0	408.0	0.0
chr22	-97	0	426.0	0.0
chr22	-96	3	438.0	0.684931506849315
chr22	-95	2	454.0	0.4405286343612335
chr22	-94	1	470.0	0.2127659574468085
chr22	-93	1	484.0	0.2066115702479339
chr22	-92	6	504.0	1.1904761904761905
chr22	-91	6	519.0	1.1560693641618496
chr22	-90	1	531.0	0.18832391713747645
chr22	-89	3	542.0	0.5535055350553505
chr22	-88	2	566.0	0.35335689045936397
chr22	-87	1	582.0	0.1718213058419244
chr22	-86	0	593.0	0.0
chr22	-85	0	616.0	0.0
chr22	-84	1	630.0	0.15873015873015872
chr22	-83	1	639.0	0.1564945226917058
chr22	-82	1	658.0	0.1519756838905775
chr22	-81	0	669.0	0.0
chr22	-80	1	682.0	0.1466275659824047
chr22	-79	2	698.0	0.28653295128939826
chr22	-78	5	716.0	0.6983240223463687
chr22	-77	0	734.0	0.0
chr22	-76	0	749.0	0.0
chr22	-75	0	759.0	0.0
chr22	-74	0	784.0	0.0
chr22	-73	1	801.0	0.12484394506866417
chr22	-72	6	811.0	0.7398273736128237
chr22	-71	1	833.0	0.12004801920768307
chr22	-70	1	848.0	0.1179245283018868
chr22	-69	2	858.0	0.2331002331002331
chr22	-68	2	871.0	0.2296211251435132
chr22	-67	2	888.0	0.22522522522522523
chr22	-66	9	907.0	0.9922822491730982
chr22	-65	0	919.0	0.0
chr22	-64	0	931.0	0.0
chr22	-63	4	944.0	0.423728813559322
chr22	-62	2	956.0	0.20920502092050208
chr22	-61	1	973.0	0.10277492291880781
chr22	-60	1	987.0	0.10131712259371835
chr22	-59	4	1010.0	0.39603960396039606
chr22	-58	2	1026.0	0.1949317738791423
chr22	-57	8	1037.0	0.7714561234329798
chr22	-56	1	1056.0	0.0946969696969697
chr22	-55	4	1065.0	0.3755868544600939
chr22	-54	2	1075.0	0.18604651162790697
chr22	-53	4	1100.0	0.36363636363636365
chr22	-52	1	1115.0	0.08968609865470852
chr22	-51	2	1134.0	0.1763668430335097
chr22	-50	2	1150.0	0.17391304347826086
chr22	-49	1	1161.0	0.08613264427217916
chr22	-48	3	1177.0	0.2548853016142736
chr22	-47	1	1188.0	0.08417508417508417
chr22	-46	5	1208.0	0.4139072847682119
chr22	-45	4	1227.0	0.32599837000814996
chr22	-44	1	1250.0	0.08
chr22	-43	0	1269.0	0.0
chr22	-42	7	1291.0	0.5422153369481022
chr22	-41	4	1303.0	0.3069838833461243
chr22	-40	0	1312.0	0.0
chr22	-39	3	1325.0	0.22641509433962265
chr22	-38	3	1348.0	0.22255192878338279
chr22	-37	0	1365.0	0.0
chr22	-36	2	1384.0	0.1445086705202312
chr22	-35	4	1402.0	0.28530670470756064
chr22	-34	11	1414.0	0.7779349363507779
chr22	-33	9	1439.0	0.6254343293954135
chr22	-32	14	1456.0	0.9615384615384616
chr22	-31	6	1464.0	0.4098360655737705
chr22	-30	1	1480.0	0.06756756756756757
chr22	-29	6	1499.0	0.40026684456304207
chr22	-28	8	1519.0	0.5266622778143515
chr22	-27	2	1539.0	0.1299545159194282
chr22	-26	5	1557.0	0.3211303789338471
chr22	-25	6	1571.0	0.3819223424570337
chr22	-24	9	1595.0	0.5642633228840125
chr22	-23	2	1607.0	0.12445550715619166
chr22	-22	8	1634.0	0.4895960832313341
chr22	-21	8	1649.0	0.4851425106124924
chr22	-20	7	1660.0	0.42168674698795183
chr22	-19	13	1671.0	0.7779772591262717
chr22	-18	3	1680.0	0.17857142857142858
chr22	-17	10	1699.0	0.5885815185403178
chr22	-16	7	1721.0	0.40674026728646134
chr22	-15	1	1728.0	0.057870370370370364
chr22	-14	3	1743.0	0.17211703958691912
chr22	-13	4	1769.0	0.22611644997173544
chr22	-12	10	1788.0	0.5592841163310962
chr22	-11	6	1806.0	0.33222591362126247
chr22	-10	4	1817.0	0.2201430930104568
chr22	-9	7	1812.0	0.3863134657836645
chr22	-8	4	1812.0	0.22075055187637968
chr22	-7	2	1817.0	0.1100715465052284
chr22	-6	9	1817.0	0.49532195927352773
chr22	-5	3	1816.0	0.16519823788546256
chr22	-4	2	1816.0	0.11013215859030838
chr22	-3	8	1816.0	0.4405286343612335
chr22	-2	7	1816.0	0.3854625550660793
chr22	-1	8	1810.0	0.44198895027624313
chr22	0	7	1778.0	0.39370078740157477
chr22	1	3	1767.0	0.1697792869269949
chr22	2	4	1754.0	0.22805017103762829
chr22	3	9	1737.0	0.5181347150259068
chr22	4	11	1721.0	0.6391632771644393
chr22	5	6	1707.0	0.35149384885764495
chr22	6	3	1687.0	0.17783046828689983
chr22	7	4	1661.0	0.2408187838651415
chr22	8	4	1644.0	0.24330900243309003
chr22	9	11	1638.0	0.6715506715506716
chr22	10	7	1624.0	0.43103448275862066
chr22	11	7	1611.0	0.4345127250155183
chr22	12	11	1601.0	0.6870705808869456
chr22	13	2	1577.0	0.12682308180088775
chr22	14	5	1557.0	0.3211303789338471
chr22	15	10	1545.0	0.6472491909385114
chr22	16	9	1535.0	0.5863192182410424
chr22	17	6	1525.0	0.39344262295081966
chr22	18	12	1511.0	0.7941760423560555
chr22	19	5	1503.0	0.332667997338656
chr22	20	12	1485.0	0.8080808080808081
chr22	21	13	1469.0	0.8849557522123894
chr22	22	5	1458.0	0.3429355281207133
chr22	23	11	1437.0	0.7654836464857342
chr22	24	2	1420.0	0.14084507042253522
chr22	25	3	1411.0	0.21261516654854712
chr22	26	4	1393.0	0.2871500358937545
chr22	27	3	1379.0	0.21754894851341552
chr22	28	10	1366.0	0.7320644216691069
chr22	29	5	1332.0	0.37537537537537535
chr22	30	6	1326.0	0.4524886877828055
chr22	31	23	1311.0	1.7543859649122806
chr22	32	5	1301.0	0.3843197540353574
chr22	33	9	1284.0	0.7009345794392523
chr22	34	8	1258.0	0.6359300476947536
chr22	35	1	1231.0	0.08123476848090982
chr22	36	5	1221.0	0.4095004095004095
chr22	37	2	1202.0	0.16638935108153077
chr22	38	8	1174.0	0.6814310051107325
chr22	39	0	1158.0	0.0
chr22	40	6	1144.0	0.5244755244755245
chr22	41	12	1122.0	1.06951871657754
chr22	42	3	1107.0	0.27100271002710025
chr22	43	4	1093.0	0.36596523330283626
chr22	44	8	1068.0	0.7490636704119851
chr22	45	4	1046.0	0.3824091778202677
chr22	46	7	1037.0	0.6750241080038573
chr22	47	9	1018.0	0.8840864440078585
chr22	48	2	1004.0	0.199203187250996
chr22	49	6	995.0	0.6030150753768844
chr22	50	2	983.0	0.20345879959308238
chr22	51	3	970.0	0.30927835051546393
chr22	52	3	955.0	0.31413612565445026
chr22	53	1	945.0	0.10582010582010583
chr22	54	7	933.0	0.7502679528403001
chr22	55	2	914.0	0.2188183807439825
chr22	56	8	893.0	0.8958566629339306
chr22	57	2	887.0	0.2254791431792559
chr22	58	5	876.0	0.5707762557077625
chr22	59	3	860.0	0.3488372093023256
chr22	60	5	845.0	0.591715976331361
chr22	61	6	826.0	0.7263922518159807
chr22	62	3	815.0	0.36809815950920244
chr22	63	4	792.0	0.5050505050505051
chr22	64	3	777.0	0.3861003861003861
chr22	65	3	763.0	0.39318479685452157
chr22	66	3	749.0	0.4005340453938585
chr22	67	1	737.0	0.13568521031207598
chr22	68	6	726.0	0.8264462809917356
chr22	69	0	709.0	0.0
chr22	70	9	687.0	1.3100436681222707
chr22	71	4	675.0	0.5925925925925926
chr22	72	2	658.0	0.303951367781155
chr22	73	3	644.0	0.4658385093167702
chr22	74	3	636.0	0.4716981132075472
chr22	75	3	623.0	0.4815409309791332
chr22	76	1	603.0	0.16583747927031509
chr22	77	8	593.0	1.3490725126475547
chr22	78	2	569.0	0.35149384885764495
chr22	79	1	549.0	0.18214936247723132
chr22	80	2	535.0	0.3738317757009346
chr22	81	4	528.0	0.7575757575757576
chr22	82	1	520.0	0.19230769230769232
chr22	83	3	497.0	0.6036217303822937
chr22	84	1	482.0	0.2074688796680498
chr22	85	4	464.0	0.8620689655172413
chr22	86	6	446.0	1.345291479820628
chr22	87	1	431.0	0.23201856148491878
chr22	88	1	412.0	0.24271844660194172
chr22	89	3	395.0	0.7594936708860759
chr22	90	5	387.0	1.2919896640826873
chr22	91	1	369.0	0.27100271002710025
chr22	92	1	355.0	0.28169014084507044
chr22	93	2	341.0	0.5865102639296188
chr22	94	6	325.0	1.8461538461538463
chr22	95	2	312.0	0.641025641025641
chr22	96	2	299.0	0.6688963210702341
chr22	97	1	288.0	0.3472222222222222
chr22	98	0	273.0	0.0
chr22	99	0	260.0	0.0
chr22	100	4	246.0	1.6260162601626018
chr22	101	1	228.0	0.43859649122807015
chr22	102	1	211.0	0.47393364928909953
chr22	103	0	189.0	0.0
chr22	104	1	174.0	0.5747126436781609
chr22	105	0	156.0	0.0
chr22	106	0	143.0	0.0
chr22	107	2	132.0	1.5151515151515151
chr22	108	1	124.0	0.8064516129032258
chr22	109	1	116.0	0.8620689655172413
chr22	110	0	102.0	0.0
chr22	111	1	85.0	1.1764705882352942
chr22	112	3	72.0	4.166666666666666
chr22	113	0	57.0	0.0
chr22	114	0	50.0	0.0
chr22	115	0	38.0	0.0
chr22	116	0	28.0	0.0
chr22	117	0	17.0	0.0
chr22	118	0	6.0	0.0
chr22	119	0	0.0	nan
chr22	120	0	0.0	nan
chr22	121	0	0.0	nan
chr22	122	0	0.0	nan
chr22	123	0	0.0	nan
chr22	124	0	0.0	nan
chr22	125	0	0.0	nan
chr22	126	0	0.0	nan
chr22	127	0	0.0	nan
chr22	128	0	0.0	nan
chr22	129	0	0.0	nan
chr22	130	0	0.0	nan
chr22	131	0	0.0	nan
chr22	132	0	0.0	nan
chr22	133	0	0.0	nan
chr22	134	0	0.0	nan
chr22	135	0	0.0	nan
chr22	136	0	0.0	nan
chr22	137	0	0.0	nan
chr22	138	0	0.0	nan
chr22	139	0	0.0	nan
chr22	140	0	0.0	nan
chr22	141	0	0.0	nan
chr22	142	0	0.0	nan
chr22	143	0	0.0	nan
chr22	144	0	0.0	nan
chr22	145	0	0.0	nan
chr22	146	0	0.0	nan
chr22	147	0	0.0	nan
chrX	-143	0	0.0	nan
chrX	-142	0	0.0	nan
chrX	-141	0	0.0	nan
chrX	-140	0	0.0	nan
chrX	-139	0	1.0	0.0
chrX	-138	0	1.0	0.0
chrX	-137	0	1.0	0.0
chrX	-136	0	1.0	0.0
chrX	-135	0	2.0	0.0
chrX	-134	0	2.0	0.0
chrX	-133	0	2.0	0.0
chrX	-132	0	2.0	0.0
chrX	-131	0	2.0	0.0
chrX	-130	0	16.0	0.0
chrX	-129	1	45.0	2.2222222222222223
chrX	-128	0	80.0	0.0
chrX	-127	0	117.0	0.0
chrX	-126	0	160.0	0.0
chrX	-125	0	205.0	0.0
chrX	-124	0	248.0	0.0
chrX	-123	1	283.0	0.35335689045936397
chrX	-122	0	329.0	0.0
chrX	-121	0	377.0	0.0
chrX	-120	0	427.0	0.0
chrX	-119	0	468.0	0.0
chrX	-118	0	511.0	0.0
chrX	-117	0	558.0	0.0
chrX	-116	0	609.0	0.0
chrX	-115	0	657.0	0.0
chrX	-114	0	711.0	0.0
chrX	-113	4	758.0	0.5277044854881267
chrX	-112	1	806.0	0.12406947890818859
chrX	-111	1	874.0	0.11441647597254005
chrX	-110	1	933.0	0.10718113612004287
chrX	-109	1	983.0	0.10172939979654119
chrX	-108	7	1032.0	0.6782945736434108
chrX	-107	1	1096.0	0.09124087591240876
chrX	-106	1	1140.0	0.08771929824561403
chrX	-105	0	1198.0	0.0
chrX	-104	2	1280.0	0.15625
chrX	-103	0	1327.0	0.0
chrX	-102	1	1394.0	0.07173601147776185
chrX	-101	2	1444.0	0.13850415512465375
chrX	-100	3	1499.0	0.20013342228152103
chrX	-99	0	1555.0	0.0
chrX	-98	1	1624.0	0.06157635467980296
chrX	-97	0	1667.0	0.0
chrX	-96	0	1727.0	0.0
chrX	-95	1	1798.0	0.05561735261401557
chrX	-94	4	1863.0	0.2147074610842727
chrX	-93	0	1944.0	0.0
chrX	-92	1	2017.0	0.04957858205255329
chrX	-91	4	2095.0	0.1909307875894988
chrX	-90	1	2169.0	0.04610419548178884
chrX	-89	4	2256.0	0.1773049645390071
chrX	-88	7	2319.0	0.301854247520483
chrX	-87	8	2389.0	0.3348681456676434
chrX	-86	1	2456.0	0.04071661237785017
chrX	-85	1	2499.0	0.040016006402561026
chrX	-84	1	2558.0	0.039093041438623924
chrX	-83	7	2619.0	0.26727758686521574
chrX	-82	1	2680.0	0.0373134328358209
chrX	-81	4	2740.0	0.145985401459854
chrX	-80	10	2816.0	0.35511363636363635
chrX	-79	3	2876.0	0.1043115438108484
chrX	-78	4	2936.0	0.13623978201634876
chrX	-77	5	2994.0	0.16700066800267202
chrX	-76	0	3050.0	0.0
chrX	-75	8	3112.0	0.2570694087403599
chrX	-74	7	3170.0	0.22082018927444794
chrX	-73	8	3232.0	0.24752475247524752
chrX	-72	2	3305.0	0.0605143721633888
chrX	-71	7	3373.0	0.20753038837829826
chrX	-70	8	3422.0	0.23378141437755698
chrX	-69	5	3484.0	0.14351320321469577
chrX	-68	3	3576.0	0.08389261744966443
chrX	-67	12	3658.0	0.3280481137233461
chrX	-66	4	3719.0	0.10755579456843238
chrX	-65	9	3786.0	0.2377179080824089
chrX	-64	5	3862.0	0.12946659761781462
chrX	-63	10	3944.0	0.2535496957403651
chrX	-62	1	4009.0	0.02494387627837366
chrX	-61	7	4079.0	0.17161068889433687
chrX	-60	8	4152.0	0.1926782273603083
chrX	-59	6	4230.0	0.14184397163120568
chrX	-58	5	4290.0	0.11655011655011654
chrX	-57	3	4356.0	0.06887052341597796
chrX	-56	5	4424.0	0.11301989150090416
chrX	-55	10	4494.0	0.22251891410769914
chrX	-54	12	4549.0	0.2637942404924159
chrX	-53	7	4622.0	0.15144958892254434
chrX	-52	6	4680.0	0.1282051282051282
chrX	-51	6	4745.0	0.12644889357218123
chrX	-50	12	4819.0	0.24901431832330356
chrX	-49	4	4908.0	0.08149959250203749
chrX	-48	13	4977.0	0.2612015270243118
chrX	-47	6	5033.0	0.11921319292668389
chrX	-46	12	5097.0	0.23543260741612712
chrX	-45	11	5156.0	0.21334367726920092
chrX	-44	7	5238.0	0.13363879343260787
chrX	-43	12	5304.0	0.22624434389140274
chrX	-42	5	5391.0	0.09274717121127805
chrX	-41	5	5451.0	0.091726288754357
chrX	-40	17	5517.0	0.30813848105854635
chrX	-39	5	5595.0	0.08936550491510277
chrX	-38	1	5668.0	0.017642907551164433
chrX	-37	3	5743.0	0.05223750652968832
chrX	-36	5	5809.0	0.0860733344809778
chrX	-35	5	5877.0	0.08507742045261188
chrX	-34	1	5949.0	0.01680954782316356
chrX	-33	5	6006.0	0.08325008325008325
chrX	-32	18	6065.0	0.2967848309975268
chrX	-31	4	6125.0	0.0653061224489796
chrX	-30	27	6205.0	0.43513295729250606
chrX	-29	7	6265.0	0.11173184357541899
chrX	-28	9	6343.0	0.141888696200536
chrX	-27	6	6430.0	0.09331259720062209
chrX	-26	11	6504.0	0.16912669126691268
chrX	-25	11	6568.0	0.16747868453105969
chrX	-24	7	6646.0	0.10532651218778212
chrX	-23	8	6742.0	0.11865915158706616
chrX	-22	11	6829.0	0.16107775662615317
chrX	-21	9	6901.0	0.1304158817562672
chrX	-20	8	6978.0	0.11464603038119806
chrX	-19	25	7069.0	0.3536568114301881
chrX	-18	4	7147.0	0.05596753882748006
chrX	-17	20	7218.0	0.2770850651149903
chrX	-16	17	7298.0	0.23294053165250753
chrX	-15	8	7374.0	0.10848928668294007
chrX	-14	13	7442.0	0.17468422467078742
chrX	-13	25	7515.0	0.332667997338656
chrX	-12	9	7596.0	0.11848341232227488
chrX	-11	11	7671.0	0.1433972102724547
chrX	-10	19	7736.0	0.24560496380558428
chrX	-9	27	7735.0	0.3490627020038785
chrX	-8	22	7736.0	0.2843846949327818
chrX	-7	25	7733.0	0.3232897969740075
chrX	-6	29	7733.0	0.3750161644898487
chrX	-5	21	7733.0	0.2715634294581663
chrX	-4	9	7733.0	0.1163843269106427
chrX	-3	29	7728.0	0.3752587991718426
chrX	-2	17	7713.0	0.22040710488785167
chrX	-1	56	7714.0	0.7259528130671506
chrX	0	45	7544.0	0.5965005302226936
chrX	1	18	7489.0	0.24035251702496993
chrX	2	27	7427.0	0.3635384408240205
chrX	3	19	7360.0	0.25815217391304346
chrX	4	21	7287.0	0.2881844380403458
chrX	5	40	7221.0	0.5539398975211189
chrX	6	18	7178.0	0.25076623014767346
chrX	7	30	7104.0	0.4222972972972973
chrX	8	19	7030.0	0.2702702702702703
chrX	9	16	6956.0	0.23001725129384704
chrX	10	20	6893.0	0.2901494269548818
chrX	11	14	6837.0	0.20476817317536933
chrX	12	13	6771.0	0.19199527396248708
chrX	13	32	6706.0	0.47718461079630187
chrX	14	18	6643.0	0.27096191479753123
chrX	15	24	6586.0	0.3644093531733981
chrX	16	15	6522.0	0.22999080036798528
chrX	17	8	6454.0	0.12395413696932135
chrX	18	21	6391.0	0.32858707557502737
chrX	19	20	6327.0	0.316105579263474
chrX	20	16	6257.0	0.2557136007671408
chrX	21	15	6199.0	0.24197451201806744
chrX	22	10	6131.0	0.1631055292774425
chrX	23	14	6070.0	0.23064250411861617
chrX	24	14	5998.0	0.23341113704568192
chrX	25	12	5946.0	0.20181634712411706
chrX	26	7	5879.0	0.11906786868515053
chrX	27	8	5812.0	0.13764624913971094
chrX	28	25	5740.0	0.4355400696864111
chrX	29	28	5684.0	0.49261083743842365
chrX	30	13	5622.0	0.23123443614372108
chrX	31	26	5548.0	0.4686373467916366
chrX	32	14	5480.0	0.25547445255474455
chrX	33	10	5406.0	0.1849796522382538
chrX	34	7	5331.0	0.13130744700806604
chrX	35	18	5244.0	0.34324942791762014
chrX	36	10	5163.0	0.19368584156498161
chrX	37	15	5090.0	0.29469548133595286
chrX	38	12	5016.0	0.23923444976076555
chrX	39	18	4940.0	0.3643724696356275
chrX	40	8	4861.0	0.16457519029006376
chrX	41	10	4794.0	0.20859407592824364
chrX	42	19	4736.0	0.4011824324324324
chrX	43	9	4683.0	0.19218449711723257
chrX	44	18	4626.0	0.38910505836575876
chrX	45	8	4547.0	0.17594018033868483
chrX	46	12	4479.0	0.26791694574681846
chrX	47	17	4417.0	0.38487661308580484
chrX	48	5	4366.0	0.11452130096197893
chrX	49	16	4293.0	0.3726997437689262
chrX	50	11	4220.0	0.26066350710900477
chrX	51	10	4171.0	0.2397506593143131
chrX	52	9	4105.0	0.21924482338611448
chrX	53	13	4052.0	0.32082922013820336
chrX	54	8	3992.0	0.2004008016032064
chrX	55	8	3926.0	0.20376974019358124
chrX	56	11	3846.0	0.2860114404576183
chrX	57	8	3791.0	0.21102611448166714
chrX	58	5	3733.0	0.13394053040450038
chrX	59	10	3670.0	0.2724795640326975
chrX	60	13	3580.0	0.36312849162011174
chrX	61	10	3500.0	0.2857142857142857
chrX	62	21	3427.0	0.612780857893201
chrX	63	13	3351.0	0.3879438973440764
chrX	64	7	3262.0	0.2145922746781116
chrX	65	5	3192.0	0.15664160401002505
chrX	66	9	3131.0	0.28744809964867457
chrX	67	4	3054.0	0.13097576948264572
chrX	68	10	2986.0	0.33489618218352313
chrX	69	10	2910.0	0.3436426116838488
chrX	70	8	2847.0	0.2809975412715139
chrX	71	6	2776.0	0.21613832853025938
chrX	72	6	2713.0	0.22115739034279397
chrX	73	5	2645.0	0.1890359168241966
chrX	74	4	2565.0	0.15594541910331383
chrX	75	9	2504.0	0.35942492012779553
chrX	76	4	2442.0	0.16380016380016382
chrX	77	6	2397.0	0.2503128911138924
chrX	78	8	2322.0	0.34453057708871665
chrX	79	10	2254.0	0.44365572315882873
chrX	80	5	2183.0	0.22904260192395787
chrX	81	6	2096.0	0.2862595419847328
chrX	82	1	2033.0	0.04918839153959665
chrX	83	1	1970.0	0.050761421319796954
chrX	84	5	1897.0	0.2635740643120717
chrX	85	5	1838.0	0.2720348204570185
chrX	86	2	1766.0	0.11325028312570783
chrX	87	3	1703.0	0.17615971814445097
chrX	88	6	1651.0	0.36341611144760755
chrX	89	4	1596.0	0.2506265664160401
chrX	90	4	1530.0	0.261437908496732
chrX	91	6	1467.0	0.408997955010225
chrX	92	3	1398.0	0.2145922746781116
chrX	93	7	1337.0	0.5235602094240838
chrX	94	3	1269.0	0.2364066193853428
chrX	95	5	1208.0	0.4139072847682119
chrX	96	4	1150.0	0.34782608695652173
chrX	97	3	1088.0	0.2757352941176471
chrX	98	6	1029.0	0.5830903790087464
chrX	99	1	973.0	0.10277492291880781
chrX	100	1	912.0	0.10964912280701754
chrX	101	1	865.0	0.11560693641618498
chrX	102	0	808.0	0.0
chrX	103	4	755.0	0.5298013245033113
chrX	104	3	673.0	0.44576523031203563
chrX	105	7	626.0	1.1182108626198082
chrX	106	3	552.0	0.5434782608695652
chrX	107	5	498.0	1.0040160642570282
chrX	108	5	457.0	1.0940919037199124
chrX	109	2	397.0	0.5037783375314862
chrX	110	0	342.0	0.0
chrX	111	1	292.0	0.3424657534246575
chrX	112	1	252.0	0.3968253968253968
chrX	113	1	213.0	0.4694835680751174
chrX	114	0	179.0	0.0
chrX	115	0	140.0	0.0
chrX	116	0	95.0	0.0
chrX	117	0	47.0	0.0
chrX	118	0	15.0	0.0
chrX	119	0	0.0	nan
chrX	120	0	0.0	nan
chrX	121	0	0.0	nan
chrX	122	0	0.0	nan
chrX	123	0	0.0	nan
chrX	124	0	0.0	nan
chrX	125	0	0.0	nan
chrX	126	0	0.0	nan
chrX	127	0	0.0	nan
chrX	128	0	0.0	nan
chrX	129	0	0.0	nan
chrX	130	0	0.0	nan
chrX	131	0	0.0	nan
chrX	132	0	0.0	nan
chrX	133	0	0.0	nan
chrX	134	0	0.0	nan
chrX	135	0	0.0	nan
chrX	136	0	0.0	nan
chrX	137	0	0.0	nan
chrX	138	0	0.0	nan
chrX	139	0	0.0	nan
chrX	140	0	0.0	nan
chrX	141	0	0.0	nan
chrX	142	0	0.0	nan
chrX	143	0	0.0	nan
chrX	144	0	0.0	nan
chrX	145	0	0.0	nan
chrX	146	0	0.0	nan
chrX	147	0	0.0	nan
