chr1	-158	0	0.0	nan
chr1	-157	0	0.0	nan
chr1	-156	0	0.0	nan
chr1	-155	0	0.0	nan
chr1	-154	0	0.0	nan
chr1	-153	0	0.0	nan
chr1	-152	0	0.0	nan
chr1	-151	0	0.0	nan
chr1	-150	0	0.0	nan
chr1	-149	0	0.0	nan
chr1	-148	0	0.0	nan
chr1	-147	0	0.0	nan
chr1	-146	0	0.0	nan
chr1	-145	0	0.0	nan
chr1	-144	0	0.0	nan
chr1	-143	0	0.0	nan
chr1	-142	0	0.0	nan
chr1	-141	0	0.0	nan
chr1	-140	0	0.0	nan
chr1	-139	0	2.0	0.0
chr1	-138	0	3.0	0.0
chr1	-137	0	3.0	0.0
chr1	-136	0	7.0	0.0
chr1	-135	0	7.0	0.0
chr1	-134	0	7.0	0.0
chr1	-133	0	8.0	0.0
chr1	-132	0	10.0	0.0
chr1	-131	1	12.0	8.333333333333332
chr1	-130	0	15.0	0.0
chr1	-129	0	18.0	0.0
chr1	-128	0	21.0	0.0
chr1	-127	0	27.0	0.0
chr1	-126	0	34.0	0.0
chr1	-125	0	46.0	0.0
chr1	-124	0	58.0	0.0
chr1	-123	0	78.0	0.0
chr1	-122	0	93.0	0.0
chr1	-121	1	310.0	0.3225806451612903
chr1	-120	0	577.0	0.0
chr1	-119	2	938.0	0.21321961620469082
chr1	-118	1	1338.0	0.07473841554559044
chr1	-117	2	1828.0	0.10940919037199125
chr1	-116	1	2377.0	0.04206983592763988
chr1	-115	3	2928.0	0.10245901639344263
chr1	-114	2	3492.0	0.057273768613974804
chr1	-113	5	4067.0	0.12294074256208506
chr1	-112	6	4649.0	0.1290600129060013
chr1	-111	7	5222.0	0.13404825737265416
chr1	-110	11	5880.0	0.18707482993197277
chr1	-109	17	6555.0	0.2593440122044241
chr1	-108	11	7233.0	0.15208074104797456
chr1	-107	12	7873.0	0.15241966213641558
chr1	-106	5	8541.0	0.05854115443156539
chr1	-105	5	9204.0	0.054324206866579745
chr1	-104	12	9885.0	0.12139605462822459
chr1	-103	19	10557.0	0.17997537179122858
chr1	-102	10	11252.0	0.08887308922858159
chr1	-101	16	12000.0	0.13333333333333333
chr1	-100	10	12713.0	0.07865963973885
chr1	-99	25	13440.0	0.18601190476190474
chr1	-98	26	14158.0	0.18364175731035456
chr1	-97	23	14878.0	0.15459067078908453
chr1	-96	17	15582.0	0.10910024387113335
chr1	-95	22	16343.0	0.13461420791776296
chr1	-94	25	17101.0	0.14619028127010117
chr1	-93	40	17815.0	0.22452989054167838
chr1	-92	22	18487.0	0.11900254232704063
chr1	-91	30	19216.0	0.15611990008326393
chr1	-90	33	19980.0	0.16516516516516516
chr1	-89	37	20749.0	0.1783218468359921
chr1	-88	41	21544.0	0.1903082064611957
chr1	-87	37	22292.0	0.1659788264848376
chr1	-86	29	23079.0	0.12565535768447506
chr1	-85	39	23850.0	0.16352201257861634
chr1	-84	35	24615.0	0.14218972171440178
chr1	-83	61	25384.0	0.240308855972266
chr1	-82	67	26182.0	0.2559010006874952
chr1	-81	33	26912.0	0.12262187871581451
chr1	-80	56	27677.0	0.20233406799869927
chr1	-79	66	28425.0	0.23218997361477575
chr1	-78	54	29201.0	0.18492517379541795
chr1	-77	46	29973.0	0.15347145764521403
chr1	-76	42	30747.0	0.13659869255537124
chr1	-75	57	31468.0	0.18113639252574043
chr1	-74	55	32191.0	0.170855207977385
chr1	-73	62	32903.0	0.18843266571437256
chr1	-72	51	33697.0	0.15134878475828709
chr1	-71	72	34481.0	0.2088106493431165
chr1	-70	62	35233.0	0.17597139045780946
chr1	-69	72	36008.0	0.19995556542990447
chr1	-68	70	36796.0	0.19023806935536472
chr1	-67	54	37569.0	0.14373552663099898
chr1	-66	48	38347.0	0.12517276449265913
chr1	-65	68	39132.0	0.1737708269447
chr1	-64	58	39909.0	0.14533062717682727
chr1	-63	88	40695.0	0.21624278166850966
chr1	-62	79	41467.0	0.19051293799889069
chr1	-61	70	42243.0	0.1657079279407239
chr1	-60	91	43023.0	0.21151477116890965
chr1	-59	94	43786.0	0.21468049148129542
chr1	-58	83	44524.0	0.18641631479651424
chr1	-57	119	45229.0	0.26310552963806405
chr1	-56	121	45981.0	0.2631521715491181
chr1	-55	84	46755.0	0.17965992941931344
chr1	-54	125	47583.0	0.2626988630393208
chr1	-53	124	48368.0	0.2563678465100893
chr1	-52	141	49189.0	0.2866494541462522
chr1	-51	109	50002.0	0.21799128034878604
chr1	-50	129	50808.0	0.25389702409069437
chr1	-49	91	51551.0	0.17652421873484508
chr1	-48	111	52387.0	0.2118846278656919
chr1	-47	95	53134.0	0.17879323973350397
chr1	-46	107	53927.0	0.19841637769577392
chr1	-45	146	54707.0	0.2668762681192535
chr1	-44	103	55552.0	0.185411866359447
chr1	-43	120	56372.0	0.21287163840204357
chr1	-42	101	57217.0	0.17652096404914625
chr1	-41	120	58103.0	0.20652978331583569
chr1	-40	135	58908.0	0.229170910572418
chr1	-39	113	59742.0	0.18914666398848382
chr1	-38	102	60539.0	0.1684864302350551
chr1	-37	116	61377.0	0.18899587793473124
chr1	-36	124	62224.0	0.19928002057084085
chr1	-35	119	63044.0	0.18875705856227395
chr1	-34	113	63884.0	0.1768831006198735
chr1	-33	100	64764.0	0.15440676919276142
chr1	-32	123	65665.0	0.1873143988426102
chr1	-31	98	66528.0	0.1473063973063973
chr1	-30	152	67433.0	0.22540892441386262
chr1	-29	121	68293.0	0.17717774881759477
chr1	-28	89	69250.0	0.12851985559566786
chr1	-27	101	70144.0	0.14398950729927007
chr1	-26	128	71028.0	0.18021062116348482
chr1	-25	190	71912.0	0.26421181443987096
chr1	-24	104	72833.0	0.1427924155259292
chr1	-23	201	73694.0	0.27274947756940865
chr1	-22	242	74649.0	0.32418384707095876
chr1	-21	200	75640.0	0.26441036488630354
chr1	-20	141	76586.0	0.18410675580393282
chr1	-19	170	77587.0	0.2191088713315375
chr1	-18	155	78615.0	0.19716339121032883
chr1	-17	237	79603.0	0.2977274725826916
chr1	-16	138	80629.0	0.17115429932158405
chr1	-15	162	81700.0	0.19828641370869035
chr1	-14	185	82807.0	0.22341106428200516
chr1	-13	258	83873.0	0.3076079310385941
chr1	-12	202	84935.0	0.2378289280037676
chr1	-11	254	86068.0	0.29511549007761306
chr1	-10	204	87186.0	0.23398252012937856
chr1	-9	270	87220.0	0.3095620270580142
chr1	-8	202	87181.0	0.23170186164416556
chr1	-7	193	87193.0	0.22134804399435737
chr1	-6	178	87139.0	0.2042713366001446
chr1	-5	278	87139.0	0.3190305144653944
chr1	-4	252	86995.0	0.28967182021955284
chr1	-3	123	86971.0	0.1414264524956595
chr1	-2	180	86919.0	0.2070893590584337
chr1	-1	1113	86746.0	1.2830562792520694
chr1	0	1018	84746.0	1.2012366365374176
chr1	1	136	84135.0	0.1616449753372556
chr1	2	150	83460.0	0.17972681524083392
chr1	3	304	82776.0	0.3672562095293322
chr1	4	243	82097.0	0.29599132733230205
chr1	5	214	81374.0	0.26298326246712705
chr1	6	201	80617.0	0.24932706501110188
chr1	7	246	79845.0	0.30809693781702047
chr1	8	289	79164.0	0.3650649285028548
chr1	9	233	78446.0	0.29701960584351017
chr1	10	278	77645.0	0.3580397965097559
chr1	11	214	76852.0	0.2784572945401551
chr1	12	235	76049.0	0.30901129534905125
chr1	13	232	75324.0	0.30800276140406774
chr1	14	152	74545.0	0.20390368233952644
chr1	15	239	73793.0	0.3238789587088206
chr1	16	242	72994.0	0.3315340986930433
chr1	17	189	72194.0	0.26179460897027457
chr1	18	240	71422.0	0.33603091484416564
chr1	19	144	70614.0	0.2039255671679837
chr1	20	216	69879.0	0.30910573992186496
chr1	21	307	69095.0	0.4443157970909617
chr1	22	196	68298.0	0.2869776567395824
chr1	23	186	67582.0	0.27522121274895683
chr1	24	196	66890.0	0.2930183883988638
chr1	25	146	66124.0	0.2207972899401125
chr1	26	167	65363.0	0.2554962287532702
chr1	27	221	64624.0	0.341978212428819
chr1	28	155	63825.0	0.24285154719937327
chr1	29	177	63076.0	0.28061386264189236
chr1	30	147	62299.0	0.23595884364114994
chr1	31	142	61453.0	0.231070899711975
chr1	32	126	60676.0	0.2076603599446239
chr1	33	164	59903.0	0.2737759377660551
chr1	34	151	59119.0	0.25541704020704004
chr1	35	154	58402.0	0.26368959967124417
chr1	36	173	57638.0	0.3001492071203026
chr1	37	165	56882.0	0.2900741886712844
chr1	38	161	56098.0	0.2869977539306214
chr1	39	155	55331.0	0.2801322947353202
chr1	40	142	54515.0	0.26047876731174907
chr1	41	171	53698.0	0.3184476144362919
chr1	42	170	52910.0	0.3213003213003213
chr1	43	182	52160.0	0.34892638036809814
chr1	44	216	51431.0	0.4199801676031965
chr1	45	228	50684.0	0.44984610527977265
chr1	46	196	49924.0	0.3925967470555244
chr1	47	183	49182.0	0.37208734903013296
chr1	48	161	48336.0	0.3330850711684873
chr1	49	178	47572.0	0.3741696796434878
chr1	50	135	46799.0	0.28846770230133123
chr1	51	161	46012.0	0.34990871946448754
chr1	52	183	45241.0	0.4045003426095798
chr1	53	137	44485.0	0.3079689783072946
chr1	54	127	43756.0	0.29024590913246184
chr1	55	136	43014.0	0.316176128702283
chr1	56	162	42161.0	0.3842413604990394
chr1	57	126	41375.0	0.30453172205438067
chr1	58	136	40622.0	0.33479395401506573
chr1	59	122	39818.0	0.3063940931237129
chr1	60	102	39061.0	0.2611300273930519
chr1	61	97	38252.0	0.25358151207779983
chr1	62	88	37512.0	0.23459159735551288
chr1	63	79	36798.0	0.21468558073808358
chr1	64	96	35968.0	0.26690391459074736
chr1	65	87	35144.0	0.24755292510812657
chr1	66	65	34365.0	0.1891459333624327
chr1	67	91	33589.0	0.2709220280448957
chr1	68	109	32758.0	0.3327431467122535
chr1	69	83	31982.0	0.25952098055156025
chr1	70	91	31141.0	0.29221926078160626
chr1	71	84	30327.0	0.27698090810169157
chr1	72	88	29509.0	0.29821410417160865
chr1	73	98	28737.0	0.341023767268678
chr1	74	66	27954.0	0.2361021678471775
chr1	75	53	27121.0	0.19542052284207811
chr1	76	71	26271.0	0.2702599824901983
chr1	77	79	25421.0	0.3107666889579481
chr1	78	70	24564.0	0.2849698746132552
chr1	79	77	23740.0	0.3243470935130581
chr1	80	49	22895.0	0.21402052849967243
chr1	81	80	22048.0	0.36284470246734396
chr1	82	74	21194.0	0.34915542134566385
chr1	83	64	20397.0	0.3137716330832966
chr1	84	61	19562.0	0.3118290563337082
chr1	85	49	18708.0	0.2619200342099637
chr1	86	63	17916.0	0.35164099129269927
chr1	87	53	17109.0	0.3097784791630136
chr1	88	52	16275.0	0.3195084485407066
chr1	89	31	15418.0	0.20106369178881828
chr1	90	45	14602.0	0.3081769620599918
chr1	91	31	13800.0	0.2246376811594203
chr1	92	38	12970.0	0.29298380878951424
chr1	93	41	12157.0	0.337254256806778
chr1	94	25	11402.0	0.21925977898614277
chr1	95	24	10627.0	0.22583984191211068
chr1	96	34	9794.0	0.34715131713293856
chr1	97	17	8977.0	0.1893728417065835
chr1	98	16	8135.0	0.19668100799016594
chr1	99	18	7305.0	0.24640657084188913
chr1	100	16	6486.0	0.2466851680542707
chr1	101	14	5620.0	0.2491103202846975
chr1	102	10	4776.0	0.20938023450586263
chr1	103	14	4048.0	0.3458498023715415
chr1	104	5	3293.0	0.1518372304889159
chr1	105	10	2576.0	0.38819875776397517
chr1	106	4	1869.0	0.2140181915462814
chr1	107	3	1329.0	0.2257336343115124
chr1	108	2	809.0	0.2472187886279357
chr1	109	1	351.0	0.2849002849002849
chr1	110	0	2.0	0.0
chr1	111	0	1.0	0.0
chr1	112	0	1.0	0.0
chr1	113	0	0.0	nan
chr1	114	0	0.0	nan
chr1	115	0	0.0	nan
chr1	116	0	0.0	nan
chr1	117	0	0.0	nan
chr1	118	0	0.0	nan
chr1	119	0	0.0	nan
chr1	120	0	0.0	nan
chr1	121	0	0.0	nan
chr1	122	0	0.0	nan
chr1	123	0	0.0	nan
chr1	124	0	0.0	nan
chr1	125	0	0.0	nan
chr1	126	0	0.0	nan
chr1	127	0	0.0	nan
chr1	128	0	0.0	nan
chr1	129	0	0.0	nan
chr1	130	0	0.0	nan
chr1	131	0	0.0	nan
chr1	132	0	0.0	nan
chr1	133	0	0.0	nan
chr1	134	0	0.0	nan
chr1	135	0	0.0	nan
chr1	136	0	0.0	nan
chr1	137	0	0.0	nan
chr1	138	0	0.0	nan
chr1	139	0	0.0	nan
chr1	140	0	0.0	nan
chr2	-127	0	1.0	0.0
chr2	-126	0	1.0	0.0
chr2	-125	0	2.0	0.0
chr2	-124	0	2.0	0.0
chr2	-123	0	5.0	0.0
chr2	-122	0	5.0	0.0
chr2	-121	0	23.0	0.0
chr2	-120	0	51.0	0.0
chr2	-119	0	84.0	0.0
chr2	-118	0	116.0	0.0
chr2	-117	1	158.0	0.6329113924050633
chr2	-116	0	216.0	0.0
chr2	-115	2	262.0	0.7633587786259541
chr2	-114	0	325.0	0.0
chr2	-113	2	371.0	0.5390835579514826
chr2	-112	1	421.0	0.23752969121140144
chr2	-111	0	477.0	0.0
chr2	-110	0	532.0	0.0
chr2	-109	0	610.0	0.0
chr2	-108	1	675.0	0.14814814814814814
chr2	-107	1	726.0	0.13774104683195593
chr2	-106	0	786.0	0.0
chr2	-105	0	840.0	0.0
chr2	-104	5	893.0	0.5599104143337066
chr2	-103	3	953.0	0.3147953830010493
chr2	-102	0	1024.0	0.0
chr2	-101	1	1079.0	0.09267840593141798
chr2	-100	3	1134.0	0.26455026455026454
chr2	-99	0	1199.0	0.0
chr2	-98	0	1274.0	0.0
chr2	-97	11	1330.0	0.8270676691729323
chr2	-96	1	1406.0	0.07112375533428165
chr2	-95	2	1470.0	0.13605442176870747
chr2	-94	1	1534.0	0.0651890482398957
chr2	-93	0	1598.0	0.0
chr2	-92	2	1673.0	0.11954572624028689
chr2	-91	3	1741.0	0.17231476163124643
chr2	-90	1	1804.0	0.05543237250554324
chr2	-89	1	1873.0	0.05339028296849973
chr2	-88	0	1946.0	0.0
chr2	-87	5	1996.0	0.250501002004008
chr2	-86	1	2056.0	0.048638132295719845
chr2	-85	3	2129.0	0.14091122592766556
chr2	-84	4	2199.0	0.18190086402910413
chr2	-83	0	2260.0	0.0
chr2	-82	1	2333.0	0.04286326618088298
chr2	-81	1	2403.0	0.04161464835622139
chr2	-80	1	2469.0	0.04050222762251924
chr2	-79	6	2545.0	0.2357563850687623
chr2	-78	0	2613.0	0.0
chr2	-77	2	2691.0	0.07432181345224824
chr2	-76	9	2767.0	0.32526201662450305
chr2	-75	5	2833.0	0.17649135192375573
chr2	-74	1	2897.0	0.03451846738004832
chr2	-73	1	2976.0	0.03360215053763441
chr2	-72	7	3047.0	0.2297341647522153
chr2	-71	11	3124.0	0.35211267605633806
chr2	-70	7	3194.0	0.21916092673763304
chr2	-69	7	3262.0	0.2145922746781116
chr2	-68	9	3337.0	0.26970332634102484
chr2	-67	9	3415.0	0.2635431918008785
chr2	-66	5	3497.0	0.14297969688304263
chr2	-65	2	3560.0	0.05617977528089888
chr2	-64	5	3634.0	0.13758943313153552
chr2	-63	14	3705.0	0.3778677462887989
chr2	-62	5	3782.0	0.13220518244315177
chr2	-61	6	3840.0	0.15625
chr2	-60	6	3943.0	0.1521683996956632
chr2	-59	3	4012.0	0.07477567298105683
chr2	-58	8	4085.0	0.19583843329253367
chr2	-57	18	4174.0	0.43124101581217056
chr2	-56	4	4243.0	0.09427292010370021
chr2	-55	14	4322.0	0.3239241092086997
chr2	-54	9	4403.0	0.20440608675902794
chr2	-53	18	4481.0	0.4016960499888418
chr2	-52	14	4546.0	0.3079630444346678
chr2	-51	15	4621.0	0.3246050638389959
chr2	-50	28	4692.0	0.5967604433077579
chr2	-49	20	4771.0	0.4191993292810731
chr2	-48	14	4831.0	0.2897950734837508
chr2	-47	15	4904.0	0.30587275693311583
chr2	-46	9	4987.0	0.180469219971927
chr2	-45	5	5054.0	0.09893153937475267
chr2	-44	6	5145.0	0.11661807580174927
chr2	-43	18	5227.0	0.34436579299789555
chr2	-42	5	5301.0	0.09432182607055273
chr2	-41	13	5360.0	0.2425373134328358
chr2	-40	17	5449.0	0.3119838502477519
chr2	-39	3	5504.0	0.05450581395348837
chr2	-38	15	5586.0	0.26852846401718583
chr2	-37	13	5682.0	0.2287926786342837
chr2	-36	8	5762.0	0.13884068031933355
chr2	-35	5	5831.0	0.08574858514834506
chr2	-34	8	5913.0	0.13529511246406223
chr2	-33	3	5995.0	0.0500417014178482
chr2	-32	20	6091.0	0.3283533081595797
chr2	-31	9	6172.0	0.1458198314970836
chr2	-30	8	6258.0	0.1278363694471077
chr2	-29	8	6336.0	0.12626262626262627
chr2	-28	9	6403.0	0.1405591129158207
chr2	-27	28	6502.0	0.4306367271608736
chr2	-26	15	6587.0	0.22772126916654015
chr2	-25	12	6671.0	0.1798830760005996
chr2	-24	16	6742.0	0.23731830317413233
chr2	-23	14	6831.0	0.20494803103498754
chr2	-22	19	6924.0	0.2744078567302138
chr2	-21	21	6995.0	0.30021443888491783
chr2	-20	8	7099.0	0.11269192844062545
chr2	-19	22	7200.0	0.3055555555555556
chr2	-18	14	7295.0	0.19191226867717615
chr2	-17	10	7409.0	0.13497098123903362
chr2	-16	24	7504.0	0.31982942430703626
chr2	-15	20	7601.0	0.2631232732535193
chr2	-14	10	7704.0	0.12980269989615784
chr2	-13	15	7810.0	0.19206145966709345
chr2	-12	32	7929.0	0.4035817883717997
chr2	-11	13	8053.0	0.1614305227865392
chr2	-10	15	8149.0	0.18407166523499816
chr2	-9	15	8151.0	0.18402649981597352
chr2	-8	18	8151.0	0.22083179977916823
chr2	-7	27	8140.0	0.3316953316953317
chr2	-6	13	8148.0	0.15954835542464407
chr2	-5	18	8136.0	0.22123893805309736
chr2	-4	24	8135.0	0.29502151198524895
chr2	-3	28	8137.0	0.3441071648027529
chr2	-2	15	8135.0	0.18438844499078058
chr2	-1	86	8126.0	1.0583312823037165
chr2	0	76	7903.0	0.961660129064912
chr2	1	13	7839.0	0.16583747927031509
chr2	2	38	7767.0	0.4892493884382645
chr2	3	31	7711.0	0.40202308390610814
chr2	4	20	7662.0	0.261028452101279
chr2	5	29	7601.0	0.3815287462176029
chr2	6	22	7526.0	0.29231995748073347
chr2	7	31	7472.0	0.4148822269807281
chr2	8	22	7398.0	0.2973776696404434
chr2	9	23	7317.0	0.31433647669810033
chr2	10	24	7240.0	0.3314917127071823
chr2	11	21	7167.0	0.2930096274591879
chr2	12	24	7087.0	0.3386482291519684
chr2	13	7	7026.0	0.09962994591517223
chr2	14	28	6963.0	0.4021255206089329
chr2	15	16	6880.0	0.23255813953488372
chr2	16	23	6819.0	0.3372928581903505
chr2	17	16	6740.0	0.2373887240356083
chr2	18	28	6680.0	0.41916167664670656
chr2	19	12	6618.0	0.1813236627379873
chr2	20	22	6561.0	0.3353147386069197
chr2	21	17	6483.0	0.2622242788832331
chr2	22	22	6429.0	0.3421994089282937
chr2	23	33	6358.0	0.5190311418685121
chr2	24	22	6273.0	0.3507093894468356
chr2	25	17	6196.0	0.27437056165267915
chr2	26	20	6124.0	0.32658393207054215
chr2	27	11	6054.0	0.18169805087545426
chr2	28	8	5990.0	0.1335559265442404
chr2	29	17	5923.0	0.28701671450278576
chr2	30	12	5850.0	0.20512820512820512
chr2	31	18	5790.0	0.31088082901554404
chr2	32	9	5724.0	0.15723270440251574
chr2	33	8	5664.0	0.14124293785310735
chr2	34	7	5573.0	0.1256055984209582
chr2	35	12	5505.0	0.21798365122615804
chr2	36	23	5440.0	0.4227941176470588
chr2	37	19	5385.0	0.3528319405756732
chr2	38	5	5319.0	0.09400263207369806
chr2	39	25	5248.0	0.4763719512195122
chr2	40	14	5163.0	0.2711601781909742
chr2	41	14	5106.0	0.27418723070896983
chr2	42	26	5030.0	0.5168986083499005
chr2	43	11	4955.0	0.22199798183652875
chr2	44	10	4880.0	0.20491803278688525
chr2	45	20	4805.0	0.41623309053069724
chr2	46	23	4720.0	0.4872881355932204
chr2	47	16	4654.0	0.34379028792436617
chr2	48	26	4576.0	0.5681818181818182
chr2	49	28	4491.0	0.6234691605433089
chr2	50	15	4412.0	0.3399818676337262
chr2	51	19	4353.0	0.43648058810016077
chr2	52	14	4277.0	0.32733224222585927
chr2	53	9	4206.0	0.21398002853067047
chr2	54	14	4132.0	0.3388189738625363
chr2	55	6	4059.0	0.14781966001478197
chr2	56	19	3982.0	0.4771471622300351
chr2	57	11	3895.0	0.28241335044929394
chr2	58	7	3821.0	0.18319811567652447
chr2	59	8	3756.0	0.21299254526091588
chr2	60	9	3676.0	0.24483133841131663
chr2	61	13	3601.0	0.36101083032490977
chr2	62	15	3505.0	0.42796005706134094
chr2	63	7	3444.0	0.20325203252032523
chr2	64	5	3370.0	0.1483679525222552
chr2	65	10	3298.0	0.3032140691328078
chr2	66	15	3229.0	0.4645401052957572
chr2	67	9	3156.0	0.28517110266159695
chr2	68	6	3087.0	0.1943634596695821
chr2	69	9	3011.0	0.29890401859847227
chr2	70	13	2940.0	0.44217687074829937
chr2	71	5	2873.0	0.17403411068569438
chr2	72	7	2801.0	0.24991074616208497
chr2	73	7	2723.0	0.2570694087403599
chr2	74	11	2644.0	0.41603630862329805
chr2	75	10	2568.0	0.3894080996884735
chr2	76	1	2485.0	0.04024144869215292
chr2	77	6	2416.0	0.24834437086092717
chr2	78	5	2356.0	0.21222410865874364
chr2	79	3	2275.0	0.13186813186813187
chr2	80	3	2198.0	0.13648771610555052
chr2	81	2	2128.0	0.09398496240601503
chr2	82	5	2048.0	0.244140625
chr2	83	4	1957.0	0.2043944813490036
chr2	84	6	1869.0	0.32102728731942215
chr2	85	2	1801.0	0.11104941699056081
chr2	86	8	1713.0	0.46701692936368944
chr2	87	3	1647.0	0.18214936247723132
chr2	88	7	1574.0	0.44472681067344344
chr2	89	2	1509.0	0.13253810470510272
chr2	90	9	1421.0	0.633356790992259
chr2	91	3	1345.0	0.22304832713754646
chr2	92	4	1273.0	0.3142183817753339
chr2	93	2	1193.0	0.16764459346186086
chr2	94	2	1114.0	0.17953321364452424
chr2	95	3	1050.0	0.2857142857142857
chr2	96	3	971.0	0.30895983522142123
chr2	97	1	884.0	0.11312217194570137
chr2	98	3	805.0	0.37267080745341613
chr2	99	1	710.0	0.14084507042253522
chr2	100	1	614.0	0.16286644951140067
chr2	101	0	537.0	0.0
chr2	102	2	460.0	0.43478260869565216
chr2	103	0	369.0	0.0
chr2	104	2	306.0	0.6535947712418301
chr2	105	1	242.0	0.4132231404958678
chr2	106	0	159.0	0.0
chr2	107	0	106.0	0.0
chr2	108	0	68.0	0.0
chr2	109	0	20.0	0.0
chr2	110	0	0.0	nan
chr2	111	0	0.0	nan
chr2	112	0	0.0	nan
chr2	113	0	0.0	nan
chr2	114	0	0.0	nan
chr2	115	0	0.0	nan
chr2	116	0	0.0	nan
chr2	117	0	0.0	nan
chr2	118	0	0.0	nan
chr2	119	0	0.0	nan
chr2	120	0	0.0	nan
chr2	121	0	0.0	nan
chr2	122	0	0.0	nan
chr2	123	0	0.0	nan
chr2	124	0	0.0	nan
chr2	125	0	0.0	nan
chr2	126	0	0.0	nan
chr2	127	0	0.0	nan
chr2	128	0	0.0	nan
chr2	129	0	0.0	nan
chr2	130	0	0.0	nan
chr10	-122	0	1.0	0.0
chr10	-121	0	9.0	0.0
chr10	-120	0	19.0	0.0
chr10	-119	0	24.0	0.0
chr10	-118	0	30.0	0.0
chr10	-117	0	40.0	0.0
chr10	-116	0	49.0	0.0
chr10	-115	0	64.0	0.0
chr10	-114	0	77.0	0.0
chr10	-113	0	88.0	0.0
chr10	-112	0	92.0	0.0
chr10	-111	1	99.0	1.0101010101010102
chr10	-110	1	105.0	0.9523809523809524
chr10	-109	0	117.0	0.0
chr10	-108	0	126.0	0.0
chr10	-107	1	134.0	0.7462686567164178
chr10	-106	0	143.0	0.0
chr10	-105	1	153.0	0.6535947712418301
chr10	-104	0	162.0	0.0
chr10	-103	0	175.0	0.0
chr10	-102	0	186.0	0.0
chr10	-101	1	200.0	0.5
chr10	-100	2	214.0	0.9345794392523363
chr10	-99	0	224.0	0.0
chr10	-98	1	232.0	0.43103448275862066
chr10	-97	1	246.0	0.40650406504065045
chr10	-96	0	260.0	0.0
chr10	-95	0	273.0	0.0
chr10	-94	1	287.0	0.34843205574912894
chr10	-93	0	304.0	0.0
chr10	-92	0	316.0	0.0
chr10	-91	0	326.0	0.0
chr10	-90	0	337.0	0.0
chr10	-89	1	351.0	0.2849002849002849
chr10	-88	2	358.0	0.5586592178770949
chr10	-87	3	374.0	0.8021390374331552
chr10	-86	0	390.0	0.0
chr10	-85	4	406.0	0.9852216748768473
chr10	-84	3	417.0	0.7194244604316548
chr10	-83	0	430.0	0.0
chr10	-82	1	442.0	0.22624434389140274
chr10	-81	3	451.0	0.6651884700665188
chr10	-80	2	461.0	0.43383947939262474
chr10	-79	3	467.0	0.6423982869379015
chr10	-78	2	481.0	0.4158004158004158
chr10	-77	0	497.0	0.0
chr10	-76	4	503.0	0.7952286282306162
chr10	-75	6	516.0	1.1627906976744187
chr10	-74	3	524.0	0.5725190839694656
chr10	-73	1	534.0	0.18726591760299627
chr10	-72	0	550.0	0.0
chr10	-71	0	566.0	0.0
chr10	-70	0	582.0	0.0
chr10	-69	1	598.0	0.16722408026755853
chr10	-68	3	612.0	0.49019607843137253
chr10	-67	1	624.0	0.16025641025641024
chr10	-66	0	641.0	0.0
chr10	-65	0	657.0	0.0
chr10	-64	8	669.0	1.195814648729447
chr10	-63	2	680.0	0.29411764705882354
chr10	-62	0	687.0	0.0
chr10	-61	1	702.0	0.14245014245014245
chr10	-60	1	709.0	0.14104372355430184
chr10	-59	0	719.0	0.0
chr10	-58	4	735.0	0.5442176870748299
chr10	-57	1	749.0	0.13351134846461948
chr10	-56	1	765.0	0.130718954248366
chr10	-55	3	775.0	0.3870967741935484
chr10	-54	1	790.0	0.12658227848101267
chr10	-53	3	810.0	0.3703703703703704
chr10	-52	1	820.0	0.12195121951219512
chr10	-51	1	830.0	0.12048192771084339
chr10	-50	1	839.0	0.11918951132300357
chr10	-49	5	849.0	0.5889281507656066
chr10	-48	4	865.0	0.46242774566473993
chr10	-47	4	881.0	0.4540295119182747
chr10	-46	1	891.0	0.11223344556677892
chr10	-45	2	902.0	0.22172949002217296
chr10	-44	0	915.0	0.0
chr10	-43	6	930.0	0.6451612903225806
chr10	-42	1	947.0	0.10559662090813093
chr10	-41	6	956.0	0.6276150627615062
chr10	-40	0	963.0	0.0
chr10	-39	4	972.0	0.411522633744856
chr10	-38	1	986.0	0.10141987829614604
chr10	-37	1	999.0	0.10010010010010009
chr10	-36	18	1010.0	1.782178217821782
chr10	-35	9	1019.0	0.8832188420019628
chr10	-34	1	1037.0	0.09643201542912247
chr10	-33	1	1053.0	0.0949667616334283
chr10	-32	5	1066.0	0.46904315196998125
chr10	-31	4	1085.0	0.3686635944700461
chr10	-30	12	1096.0	1.094890510948905
chr10	-29	5	1110.0	0.45045045045045046
chr10	-28	1	1120.0	0.08928571428571429
chr10	-27	6	1136.0	0.528169014084507
chr10	-26	0	1161.0	0.0
chr10	-25	1	1168.0	0.08561643835616438
chr10	-24	2	1185.0	0.16877637130801687
chr10	-23	2	1204.0	0.16611295681063123
chr10	-22	2	1224.0	0.16339869281045752
chr10	-21	0	1246.0	0.0
chr10	-20	4	1260.0	0.31746031746031744
chr10	-19	1	1273.0	0.07855459544383347
chr10	-18	5	1282.0	0.39001560062402496
chr10	-17	0	1294.0	0.0
chr10	-16	2	1301.0	0.15372790161414296
chr10	-15	1	1318.0	0.07587253414264036
chr10	-14	0	1335.0	0.0
chr10	-13	1	1361.0	0.07347538574577515
chr10	-12	3	1379.0	0.21754894851341552
chr10	-11	0	1395.0	0.0
chr10	-10	4	1413.0	0.28308563340410475
chr10	-9	7	1413.0	0.4953998584571833
chr10	-8	1	1407.0	0.07107320540156362
chr10	-7	3	1407.0	0.21321961620469082
chr10	-6	1	1407.0	0.07107320540156362
chr10	-5	0	1407.0	0.0
chr10	-4	1	1407.0	0.07107320540156362
chr10	-3	0	1406.0	0.0
chr10	-2	4	1405.0	0.2846975088967972
chr10	-1	19	1403.0	1.35424091233072
chr10	0	29	1363.0	2.127659574468085
chr10	1	3	1351.0	0.22205773501110287
chr10	2	1	1338.0	0.07473841554559044
chr10	3	3	1324.0	0.22658610271903326
chr10	4	0	1310.0	0.0
chr10	5	2	1297.0	0.15420200462606012
chr10	6	4	1290.0	0.31007751937984496
chr10	7	3	1282.0	0.234009360374415
chr10	8	2	1277.0	0.15661707126076743
chr10	9	2	1263.0	0.1583531274742676
chr10	10	2	1248.0	0.16025641025641024
chr10	11	2	1237.0	0.16168148746968472
chr10	12	2	1228.0	0.16286644951140067
chr10	13	1	1216.0	0.08223684210526315
chr10	14	0	1205.0	0.0
chr10	15	4	1195.0	0.33472803347280333
chr10	16	1	1185.0	0.08438818565400844
chr10	17	6	1175.0	0.5106382978723404
chr10	18	1	1159.0	0.08628127696289906
chr10	19	5	1149.0	0.4351610095735422
chr10	20	2	1135.0	0.1762114537444934
chr10	21	1	1117.0	0.08952551477170993
chr10	22	1	1108.0	0.09025270758122744
chr10	23	0	1090.0	0.0
chr10	24	1	1074.0	0.0931098696461825
chr10	25	0	1064.0	0.0
chr10	26	5	1049.0	0.47664442326024786
chr10	27	0	1048.0	0.0
chr10	28	4	1033.0	0.3872216844143272
chr10	29	15	1019.0	1.4720314033366046
chr10	30	5	1009.0	0.4955401387512388
chr10	31	2	993.0	0.2014098690835851
chr10	32	3	983.0	0.3051881993896236
chr10	33	4	969.0	0.41279669762641896
chr10	34	6	948.0	0.6329113924050633
chr10	35	7	937.0	0.7470651013874066
chr10	36	2	921.0	0.21715526601520088
chr10	37	2	912.0	0.21929824561403508
chr10	38	12	901.0	1.3318534961154271
chr10	39	0	894.0	0.0
chr10	40	6	879.0	0.6825938566552902
chr10	41	4	872.0	0.45871559633027525
chr10	42	3	849.0	0.35335689045936397
chr10	43	1	840.0	0.11904761904761905
chr10	44	1	830.0	0.12048192771084339
chr10	45	1	817.0	0.12239902080783352
chr10	46	2	808.0	0.24752475247524752
chr10	47	3	794.0	0.3778337531486146
chr10	48	8	779.0	1.0269576379974326
chr10	49	1	766.0	0.13054830287206268
chr10	50	3	749.0	0.4005340453938585
chr10	51	0	732.0	0.0
chr10	52	3	719.0	0.4172461752433936
chr10	53	1	707.0	0.14144271570014144
chr10	54	0	692.0	0.0
chr10	55	2	676.0	0.2958579881656805
chr10	56	3	668.0	0.4491017964071856
chr10	57	4	655.0	0.6106870229007634
chr10	58	3	647.0	0.46367851622874806
chr10	59	0	634.0	0.0
chr10	60	2	619.0	0.32310177705977383
chr10	61	2	610.0	0.32786885245901637
chr10	62	1	590.0	0.1694915254237288
chr10	63	5	574.0	0.8710801393728222
chr10	64	2	565.0	0.35398230088495575
chr10	65	0	549.0	0.0
chr10	66	1	538.0	0.18587360594795538
chr10	67	2	523.0	0.3824091778202677
chr10	68	0	506.0	0.0
chr10	69	3	492.0	0.6097560975609756
chr10	70	1	477.0	0.20964360587002098
chr10	71	0	473.0	0.0
chr10	72	1	457.0	0.2188183807439825
chr10	73	4	442.0	0.904977375565611
chr10	74	2	432.0	0.4629629629629629
chr10	75	1	415.0	0.24096385542168677
chr10	76	2	402.0	0.4975124378109453
chr10	77	0	397.0	0.0
chr10	78	3	385.0	0.7792207792207793
chr10	79	4	379.0	1.0554089709762533
chr10	80	3	368.0	0.8152173913043478
chr10	81	1	357.0	0.2801120448179272
chr10	82	0	339.0	0.0
chr10	83	0	327.0	0.0
chr10	84	5	319.0	1.5673981191222568
chr10	85	0	306.0	0.0
chr10	86	1	290.0	0.3448275862068966
chr10	87	4	276.0	1.4492753623188406
chr10	88	3	259.0	1.1583011583011582
chr10	89	0	242.0	0.0
chr10	90	0	229.0	0.0
chr10	91	1	219.0	0.45662100456621
chr10	92	0	208.0	0.0
chr10	93	0	188.0	0.0
chr10	94	0	174.0	0.0
chr10	95	1	164.0	0.6097560975609756
chr10	96	0	152.0	0.0
chr10	97	0	138.0	0.0
chr10	98	1	121.0	0.8264462809917356
chr10	99	1	104.0	0.9615384615384616
chr10	100	2	97.0	2.0618556701030926
chr10	101	0	87.0	0.0
chr10	102	0	80.0	0.0
chr10	103	0	63.0	0.0
chr10	104	0	56.0	0.0
chr10	105	0	42.0	0.0
chr10	106	0	32.0	0.0
chr10	107	0	20.0	0.0
chr10	108	0	15.0	0.0
chr10	109	0	6.0	0.0
chr10	110	0	0.0	nan
chr10	111	0	0.0	nan
chr10	112	0	0.0	nan
chr10	113	0	0.0	nan
chr10	114	0	0.0	nan
chr10	115	0	0.0	nan
chr10	116	0	0.0	nan
chr10	117	0	0.0	nan
chr10	118	0	0.0	nan
chr10	119	0	0.0	nan
chr10	120	0	0.0	nan
chr10	121	0	0.0	nan
chr11	-144	0	0.0	nan
chr11	-143	0	0.0	nan
chr11	-142	0	0.0	nan
chr11	-141	0	0.0	nan
chr11	-140	0	0.0	nan
chr11	-139	0	2.0	0.0
chr11	-138	0	2.0	0.0
chr11	-137	0	2.0	0.0
chr11	-136	0	2.0	0.0
chr11	-135	0	2.0	0.0
chr11	-134	0	2.0	0.0
chr11	-133	0	2.0	0.0
chr11	-132	0	2.0	0.0
chr11	-131	0	4.0	0.0
chr11	-130	0	4.0	0.0
chr11	-129	0	4.0	0.0
chr11	-128	0	5.0	0.0
chr11	-127	0	5.0	0.0
chr11	-126	0	5.0	0.0
chr11	-125	0	6.0	0.0
chr11	-124	0	10.0	0.0
chr11	-123	1	16.0	6.25
chr11	-122	1	20.0	5.0
chr11	-121	1	61.0	1.639344262295082
chr11	-120	0	120.0	0.0
chr11	-119	0	185.0	0.0
chr11	-118	0	254.0	0.0
chr11	-117	0	336.0	0.0
chr11	-116	0	429.0	0.0
chr11	-115	0	518.0	0.0
chr11	-114	1	618.0	0.16181229773462785
chr11	-113	1	722.0	0.13850415512465375
chr11	-112	1	838.0	0.11933174224343676
chr11	-111	2	940.0	0.2127659574468085
chr11	-110	4	1045.0	0.3827751196172249
chr11	-109	5	1149.0	0.4351610095735422
chr11	-108	2	1268.0	0.15772870662460567
chr11	-107	1	1398.0	0.07153075822603719
chr11	-106	9	1528.0	0.5890052356020943
chr11	-105	4	1653.0	0.24198427102238357
chr11	-104	3	1760.0	0.17045454545454544
chr11	-103	1	1854.0	0.05393743257820927
chr11	-102	1	1992.0	0.0502008032128514
chr11	-101	0	2105.0	0.0
chr11	-100	3	2213.0	0.13556258472661548
chr11	-99	2	2347.0	0.08521516829995739
chr11	-98	5	2473.0	0.20218358269308534
chr11	-97	7	2594.0	0.2698535080956052
chr11	-96	5	2709.0	0.18456995201181248
chr11	-95	2	2838.0	0.07047216349541931
chr11	-94	6	2968.0	0.20215633423180593
chr11	-93	4	3091.0	0.12940795858945325
chr11	-92	0	3215.0	0.0
chr11	-91	11	3357.0	0.3276735180220435
chr11	-90	8	3475.0	0.23021582733812948
chr11	-89	9	3587.0	0.25090604962364094
chr11	-88	0	3721.0	0.0
chr11	-87	5	3843.0	0.13010668748373666
chr11	-86	5	3974.0	0.12581781580271767
chr11	-85	12	4096.0	0.29296875
chr11	-84	8	4230.0	0.18912529550827423
chr11	-83	7	4359.0	0.1605872906629961
chr11	-82	4	4485.0	0.08918617614269789
chr11	-81	11	4597.0	0.23928649118990647
chr11	-80	7	4715.0	0.14846235418875928
chr11	-79	5	4852.0	0.1030502885408079
chr11	-78	12	4969.0	0.2414972831555645
chr11	-77	14	5078.0	0.27569909413154786
chr11	-76	19	5198.0	0.36552520200076954
chr11	-75	9	5331.0	0.16882386043894204
chr11	-74	8	5432.0	0.14727540500736377
chr11	-73	14	5562.0	0.25170801869830994
chr11	-72	7	5690.0	0.12302284710017575
chr11	-71	7	5808.0	0.12052341597796143
chr11	-70	28	5948.0	0.4707464694014795
chr11	-69	7	6075.0	0.11522633744855967
chr11	-68	10	6210.0	0.1610305958132045
chr11	-67	14	6338.0	0.2208898706216472
chr11	-66	8	6478.0	0.1234949058351343
chr11	-65	12	6587.0	0.1821770153332321
chr11	-64	12	6705.0	0.1789709172259508
chr11	-63	28	6842.0	0.40923706518561825
chr11	-62	8	6976.0	0.11467889908256881
chr11	-61	13	7102.0	0.18304702900591382
chr11	-60	11	7227.0	0.15220700152207
chr11	-59	14	7348.0	0.19052803483941208
chr11	-58	13	7454.0	0.174403005097934
chr11	-57	15	7584.0	0.19778481012658228
chr11	-56	26	7727.0	0.3364824640869678
chr11	-55	15	7847.0	0.19115585574104751
chr11	-54	18	7988.0	0.2253380070105158
chr11	-53	15	8086.0	0.18550581251545883
chr11	-52	17	8214.0	0.20696372047723396
chr11	-51	12	8344.0	0.14381591562799617
chr11	-50	14	8462.0	0.16544552115339162
chr11	-49	8	8584.0	0.09319664492078285
chr11	-48	12	8716.0	0.13767783386874713
chr11	-47	17	8861.0	0.19185193544746643
chr11	-46	11	8987.0	0.12239902080783352
chr11	-45	26	9138.0	0.2845261545195885
chr11	-44	20	9271.0	0.21572645885017797
chr11	-43	9	9389.0	0.0958568537650442
chr11	-42	12	9511.0	0.12616969824413837
chr11	-41	25	9666.0	0.25863852679495136
chr11	-40	7	9795.0	0.07146503318019398
chr11	-39	24	9946.0	0.24130303639654133
chr11	-38	24	10084.0	0.2380007933359778
chr11	-37	19	10221.0	0.1858917914098425
chr11	-36	29	10379.0	0.27941034781770885
chr11	-35	14	10540.0	0.13282732447817835
chr11	-34	14	10672.0	0.13118440779610197
chr11	-33	21	10831.0	0.19388791432000738
chr11	-32	30	10972.0	0.27342325920524974
chr11	-31	9	11126.0	0.0808916052489664
chr11	-30	13	11283.0	0.11521758397589293
chr11	-29	10	11435.0	0.08745080891998251
chr11	-28	18	11582.0	0.15541357278535659
chr11	-27	19	11747.0	0.1617434238528986
chr11	-26	12	11897.0	0.10086576447843995
chr11	-25	24	12063.0	0.19895548371051977
chr11	-24	10	12235.0	0.08173273395995095
chr11	-23	34	12383.0	0.27456997496567875
chr11	-22	16	12533.0	0.12766296975983404
chr11	-21	20	12681.0	0.1577162684330889
chr11	-20	35	12812.0	0.27318139244458317
chr11	-19	46	12972.0	0.3546099290780142
chr11	-18	29	13144.0	0.2206329884357882
chr11	-17	27	13329.0	0.2025658338960162
chr11	-16	21	13486.0	0.1557170398932226
chr11	-15	46	13638.0	0.3372928581903505
chr11	-14	32	13829.0	0.23139778725865934
chr11	-13	49	14019.0	0.3495256437691704
chr11	-12	51	14187.0	0.3594840346796363
chr11	-11	45	14380.0	0.3129346314325452
chr11	-10	23	14573.0	0.15782611679132644
chr11	-9	45	14571.0	0.3088326127239036
chr11	-8	27	14578.0	0.18521059130196185
chr11	-7	50	14580.0	0.3429355281207133
chr11	-6	28	14575.0	0.19210977701543738
chr11	-5	16	14582.0	0.10972431765189959
chr11	-4	32	14559.0	0.21979531561233603
chr11	-3	45	14526.0	0.30978934324659235
chr11	-2	20	14538.0	0.13757050488375291
chr11	-1	120	14518.0	0.8265601322496211
chr11	0	95	14142.0	0.6717578843162212
chr11	1	27	14017.0	0.19262324320468005
chr11	2	56	13906.0	0.402703868833597
chr11	3	45	13822.0	0.3255679351758067
chr11	4	18	13715.0	0.13124316441851985
chr11	5	55	13607.0	0.40420371867421184
chr11	6	49	13472.0	0.36371733966745845
chr11	7	29	13374.0	0.21683864214146853
chr11	8	70	13231.0	0.5290605396417504
chr11	9	32	13107.0	0.24414435034714274
chr11	10	46	12952.0	0.3551575046324892
chr11	11	57	12819.0	0.444652468991341
chr11	12	40	12670.0	0.31570639305445936
chr11	13	47	12533.0	0.3750099736695125
chr11	14	61	12415.0	0.49134111961337096
chr11	15	42	12291.0	0.3417134488650232
chr11	16	26	12172.0	0.21360499507065397
chr11	17	35	12038.0	0.29074597109154343
chr11	18	31	11901.0	0.2604823124107218
chr11	19	46	11792.0	0.39009497964721845
chr11	20	32	11666.0	0.2743013886507801
chr11	21	30	11539.0	0.25998786723286244
chr11	22	39	11403.0	0.342015259142331
chr11	23	21	11266.0	0.18640156222261672
chr11	24	33	11127.0	0.29657589646805066
chr11	25	28	10988.0	0.25482344375682564
chr11	26	39	10860.0	0.35911602209944754
chr11	27	26	10716.0	0.24262784621127287
chr11	28	26	10589.0	0.24553782226839171
chr11	29	21	10476.0	0.20045819014891178
chr11	30	17	10357.0	0.16414019503717292
chr11	31	32	10240.0	0.3125
chr11	32	38	10108.0	0.37593984962406013
chr11	33	16	9984.0	0.16025641025641024
chr11	34	13	9857.0	0.1318859693618748
chr11	35	26	9753.0	0.26658464062339793
chr11	36	19	9618.0	0.19754626741526304
chr11	37	29	9486.0	0.3057136833227915
chr11	38	40	9369.0	0.42693990820791977
chr11	39	22	9236.0	0.23819835426591596
chr11	40	38	9112.0	0.41703248463564535
chr11	41	32	8976.0	0.35650623885918004
chr11	42	33	8844.0	0.3731343283582089
chr11	43	24	8728.0	0.27497708524289644
chr11	44	57	8628.0	0.6606397774687065
chr11	45	30	8487.0	0.3534817956875221
chr11	46	53	8365.0	0.6335923490735206
chr11	47	29	8230.0	0.35236938031591736
chr11	48	16	8119.0	0.19706860450794433
chr11	49	22	7971.0	0.2760005018190942
chr11	50	26	7857.0	0.33091510754740994
chr11	51	21	7730.0	0.2716688227684347
chr11	52	15	7574.0	0.19804594665962502
chr11	53	19	7462.0	0.25462342535513266
chr11	54	14	7344.0	0.1906318082788671
chr11	55	31	7224.0	0.429125138427464
chr11	56	15	7104.0	0.21114864864864866
chr11	57	15	6996.0	0.21440823327615782
chr11	58	24	6863.0	0.34970129680897566
chr11	59	13	6727.0	0.19325107774639513
chr11	60	24	6601.0	0.36358127556430847
chr11	61	21	6477.0	0.3242241778601204
chr11	62	21	6348.0	0.33081285444234404
chr11	63	15	6227.0	0.24088646218082543
chr11	64	10	6108.0	0.16371971185330714
chr11	65	16	5977.0	0.2676928224861971
chr11	66	10	5834.0	0.17140898183064793
chr11	67	12	5713.0	0.2100472606336426
chr11	68	14	5592.0	0.2503576537911302
chr11	69	25	5465.0	0.4574565416285453
chr11	70	12	5327.0	0.22526750516238034
chr11	71	10	5201.0	0.19227071716977504
chr11	72	6	5046.0	0.11890606420927466
chr11	73	16	4915.0	0.32553407934893186
chr11	74	7	4783.0	0.14635166213673428
chr11	75	12	4646.0	0.2582866982350409
chr11	76	12	4518.0	0.2656042496679947
chr11	77	8	4362.0	0.18340210912425492
chr11	78	16	4218.0	0.3793266951161688
chr11	79	4	4074.0	0.09818360333824251
chr11	80	9	3934.0	0.22877478393492628
chr11	81	6	3773.0	0.1590246488205672
chr11	82	10	3606.0	0.27731558513588467
chr11	83	9	3484.0	0.2583237657864524
chr11	84	10	3348.0	0.2986857825567503
chr11	85	8	3203.0	0.2497658445207618
chr11	86	10	3077.0	0.3249918752031199
chr11	87	8	2956.0	0.2706359945872801
chr11	88	11	2809.0	0.3915984336062656
chr11	89	10	2676.0	0.37369207772795215
chr11	90	4	2504.0	0.1597444089456869
chr11	91	3	2372.0	0.12647554806070826
chr11	92	11	2219.0	0.4957187922487607
chr11	93	7	2094.0	0.3342884431709647
chr11	94	3	1960.0	0.15306122448979592
chr11	95	11	1815.0	0.6060606060606061
chr11	96	13	1657.0	0.7845503922751962
chr11	97	11	1521.0	0.7232084155161078
chr11	98	4	1393.0	0.2871500358937545
chr11	99	2	1252.0	0.1597444089456869
chr11	100	1	1119.0	0.08936550491510277
chr11	101	0	988.0	0.0
chr11	102	1	852.0	0.11737089201877934
chr11	103	2	703.0	0.2844950213371266
chr11	104	0	585.0	0.0
chr11	105	0	455.0	0.0
chr11	106	0	328.0	0.0
chr11	107	1	226.0	0.4424778761061947
chr11	108	1	136.0	0.7352941176470588
chr11	109	1	57.0	1.7543859649122806
chr11	110	0	2.0	0.0
chr11	111	0	1.0	0.0
chr11	112	0	1.0	0.0
chr11	113	0	0.0	nan
chr11	114	0	0.0	nan
chr11	115	0	0.0	nan
chr11	116	0	0.0	nan
chr11	117	0	0.0	nan
chr11	118	0	0.0	nan
chr11	119	0	0.0	nan
chr11	120	0	0.0	nan
chr11	121	0	0.0	nan
chr11	122	0	0.0	nan
chr11	123	0	0.0	nan
chr11	124	0	0.0	nan
chr11	125	0	0.0	nan
chr11	126	0	0.0	nan
chr11	127	0	0.0	nan
chr11	128	0	0.0	nan
chr11	129	0	0.0	nan
chr11	130	0	0.0	nan
chr11	131	0	0.0	nan
chr11	132	0	0.0	nan
chr11	133	0	0.0	nan
chr11	134	0	0.0	nan
chr11	135	0	0.0	nan
chr11	136	0	0.0	nan
chr11	137	0	0.0	nan
chr11	138	0	0.0	nan
chr11	139	0	0.0	nan
chr11	140	0	0.0	nan
chr11	141	0	0.0	nan
chr11	142	0	0.0	nan
chr11	143	0	0.0	nan
chr12	-147	0	0.0	nan
chr12	-146	0	0.0	nan
chr12	-145	0	0.0	nan
chr12	-144	0	0.0	nan
chr12	-143	0	0.0	nan
chr12	-142	0	0.0	nan
chr12	-141	0	0.0	nan
chr12	-140	0	0.0	nan
chr12	-139	0	2.0	0.0
chr12	-138	0	2.0	0.0
chr12	-137	0	3.0	0.0
chr12	-136	0	4.0	0.0
chr12	-135	0	4.0	0.0
chr12	-134	0	4.0	0.0
chr12	-133	0	4.0	0.0
chr12	-132	0	5.0	0.0
chr12	-131	0	4.0	0.0
chr12	-130	0	6.0	0.0
chr12	-129	0	7.0	0.0
chr12	-128	1	8.0	12.5
chr12	-127	0	11.0	0.0
chr12	-126	0	13.0	0.0
chr12	-125	0	17.0	0.0
chr12	-124	0	22.0	0.0
chr12	-123	0	25.0	0.0
chr12	-122	0	28.0	0.0
chr12	-121	0	70.0	0.0
chr12	-120	0	130.0	0.0
chr12	-119	0	208.0	0.0
chr12	-118	0	300.0	0.0
chr12	-117	0	393.0	0.0
chr12	-116	0	523.0	0.0
chr12	-115	2	642.0	0.3115264797507788
chr12	-114	0	745.0	0.0
chr12	-113	5	874.0	0.5720823798627002
chr12	-112	2	1010.0	0.19801980198019803
chr12	-111	2	1119.0	0.17873100983020554
chr12	-110	0	1281.0	0.0
chr12	-109	4	1400.0	0.2857142857142857
chr12	-108	2	1526.0	0.1310615989515072
chr12	-107	1	1661.0	0.060204695966285374
chr12	-106	1	1791.0	0.05583472920156338
chr12	-105	4	1911.0	0.20931449502878074
chr12	-104	2	2023.0	0.09886307464162135
chr12	-103	8	2143.0	0.3733084461035931
chr12	-102	1	2282.0	0.04382120946538125
chr12	-101	1	2417.0	0.04137360364087712
chr12	-100	6	2565.0	0.23391812865497078
chr12	-99	4	2722.0	0.1469507714915503
chr12	-98	4	2856.0	0.1400560224089636
chr12	-97	13	3015.0	0.4311774461028192
chr12	-96	2	3176.0	0.06297229219143577
chr12	-95	5	3325.0	0.15037593984962408
chr12	-94	4	3453.0	0.11584129742253113
chr12	-93	4	3623.0	0.11040574109853712
chr12	-92	1	3758.0	0.026609898882384245
chr12	-91	9	3918.0	0.22970903522205208
chr12	-90	9	4067.0	0.22129333661175316
chr12	-89	4	4256.0	0.09398496240601503
chr12	-88	3	4431.0	0.06770480704129993
chr12	-87	6	4578.0	0.1310615989515072
chr12	-86	7	4759.0	0.14708972473208656
chr12	-85	5	4928.0	0.10146103896103895
chr12	-84	10	5110.0	0.19569471624266144
chr12	-83	8	5275.0	0.15165876777251183
chr12	-82	2	5447.0	0.03671745915182669
chr12	-81	5	5606.0	0.08919015340706386
chr12	-80	7	5773.0	0.12125411397886715
chr12	-79	9	5946.0	0.15136226034308778
chr12	-78	10	6103.0	0.16385384237260364
chr12	-77	18	6266.0	0.28726460261729975
chr12	-76	14	6460.0	0.21671826625386997
chr12	-75	6	6640.0	0.09036144578313253
chr12	-74	10	6800.0	0.14705882352941177
chr12	-73	19	6940.0	0.2737752161383285
chr12	-72	18	7103.0	0.2534140504012389
chr12	-71	15	7262.0	0.20655466813549986
chr12	-70	15	7406.0	0.2025384823116392
chr12	-69	5	7579.0	0.06597176408497163
chr12	-68	13	7732.0	0.16813243662700464
chr12	-67	19	7898.0	0.24056723221068627
chr12	-66	9	8059.0	0.11167638664846755
chr12	-65	14	8199.0	0.1707525307964386
chr12	-64	17	8353.0	0.20351969352328503
chr12	-63	13	8489.0	0.1531393568147014
chr12	-62	15	8666.0	0.17309023771059312
chr12	-61	12	8838.0	0.1357773251866938
chr12	-60	14	8992.0	0.15569395017793594
chr12	-59	21	9130.0	0.23001095290251916
chr12	-58	15	9287.0	0.16151609777107784
chr12	-57	22	9434.0	0.2331990672037312
chr12	-56	21	9611.0	0.21849963583394028
chr12	-55	31	9772.0	0.31723291035611956
chr12	-54	17	9935.0	0.17111222949169602
chr12	-53	19	10091.0	0.18828659201268458
chr12	-52	18	10256.0	0.17550702028081125
chr12	-51	30	10400.0	0.2884615384615385
chr12	-50	26	10538.0	0.2467261339912697
chr12	-49	30	10693.0	0.28055737398297953
chr12	-48	22	10868.0	0.20242914979757085
chr12	-47	28	11030.0	0.2538531278331822
chr12	-46	20	11202.0	0.17853954650955187
chr12	-45	14	11368.0	0.12315270935960591
chr12	-44	18	11517.0	0.15629070070330814
chr12	-43	18	11674.0	0.15418879561418536
chr12	-42	21	11839.0	0.1773798462707999
chr12	-41	4	12014.0	0.0332944897619444
chr12	-40	21	12170.0	0.1725554642563681
chr12	-39	13	12346.0	0.10529726227118096
chr12	-38	29	12495.0	0.23209283713485396
chr12	-37	21	12666.0	0.16579819990525818
chr12	-36	15	12822.0	0.1169864295741694
chr12	-35	25	12997.0	0.1923520812495191
chr12	-34	21	13168.0	0.1594775212636695
chr12	-33	13	13336.0	0.09748050389922015
chr12	-32	20	13504.0	0.1481042654028436
chr12	-31	13	13665.0	0.0951335528723015
chr12	-30	23	13845.0	0.16612495485734924
chr12	-29	30	13993.0	0.21439291074108482
chr12	-28	16	14173.0	0.11289070768362379
chr12	-27	42	14351.0	0.2926625322277193
chr12	-26	31	14530.0	0.21335168616655195
chr12	-25	33	14731.0	0.22401737831783314
chr12	-24	36	14913.0	0.24140012070006037
chr12	-23	22	15108.0	0.14561821551495896
chr12	-22	39	15305.0	0.2548186867036916
chr12	-21	27	15509.0	0.1740924624411632
chr12	-20	29	15705.0	0.18465456860872334
chr12	-19	35	15900.0	0.22012578616352202
chr12	-18	23	16102.0	0.14283939883244318
chr12	-17	21	16292.0	0.12889761846304934
chr12	-16	49	16506.0	0.2968617472434266
chr12	-15	38	16702.0	0.2275176625553826
chr12	-14	78	16928.0	0.46077504725897916
chr12	-13	48	17127.0	0.28025923979681205
chr12	-12	33	17371.0	0.18997179206723852
chr12	-11	25	17600.0	0.14204545454545456
chr12	-10	39	17865.0	0.218303946263644
chr12	-9	37	17862.0	0.2071436569253163
chr12	-8	29	17864.0	0.16233766233766234
chr12	-7	36	17860.0	0.2015677491601344
chr12	-6	31	17869.0	0.17348480608875705
chr12	-5	56	17848.0	0.3137606454504706
chr12	-4	52	17815.0	0.2918888577041818
chr12	-3	39	17799.0	0.21911343333895164
chr12	-2	40	17801.0	0.22470647716420425
chr12	-1	233	17728.0	1.3143050541516246
chr12	0	206	17332.0	1.1885529656127394
chr12	1	49	17233.0	0.2843381883595428
chr12	2	49	17090.0	0.28671737858396723
chr12	3	70	16939.0	0.4132475352736289
chr12	4	41	16789.0	0.24420751682649355
chr12	5	48	16652.0	0.2882536632236368
chr12	6	43	16478.0	0.2609539992717563
chr12	7	34	16309.0	0.2084738487951438
chr12	8	41	16157.0	0.25375998019434304
chr12	9	36	16040.0	0.22443890274314215
chr12	10	32	15880.0	0.20151133501259444
chr12	11	46	15708.0	0.2928444104914693
chr12	12	59	15560.0	0.3791773778920309
chr12	13	63	15438.0	0.40808394869801784
chr12	14	49	15282.0	0.3206386598612747
chr12	15	41	15137.0	0.2708594833850829
chr12	16	26	14973.0	0.17364589594603622
chr12	17	41	14842.0	0.2762430939226519
chr12	18	47	14696.0	0.3198149156232989
chr12	19	36	14521.0	0.2479168101370429
chr12	20	26	14344.0	0.18126045733407697
chr12	21	59	14171.0	0.4163432361865782
chr12	22	38	14016.0	0.2711187214611872
chr12	23	38	13826.0	0.27484449587733256
chr12	24	43	13646.0	0.3151106551370365
chr12	25	28	13464.0	0.20796197266785502
chr12	26	27	13305.0	0.2029312288613303
chr12	27	28	13127.0	0.213300830349661
chr12	28	43	12956.0	0.3318925594319234
chr12	29	39	12798.0	0.30473511486169713
chr12	30	40	12628.0	0.31675641431738993
chr12	31	24	12457.0	0.19266275989403547
chr12	32	23	12294.0	0.18708312998210508
chr12	33	26	12144.0	0.21409749670619235
chr12	34	38	11964.0	0.31761952524239384
chr12	35	25	11774.0	0.2123322575165619
chr12	36	37	11587.0	0.31932337964960733
chr12	37	50	11433.0	0.43733053441791303
chr12	38	22	11281.0	0.19501817214785924
chr12	39	34	11117.0	0.30583790590986776
chr12	40	14	10953.0	0.12781886241212453
chr12	41	37	10797.0	0.34268778364360475
chr12	42	32	10631.0	0.30100649045245037
chr12	43	31	10483.0	0.2957168749403796
chr12	44	33	10323.0	0.31967451322290036
chr12	45	50	10146.0	0.4928050463236744
chr12	46	42	9982.0	0.42075736325385693
chr12	47	46	9836.0	0.4676697844652297
chr12	48	35	9688.0	0.36127167630057805
chr12	49	40	9517.0	0.4203005148681307
chr12	50	28	9373.0	0.2987303958177745
chr12	51	16	9217.0	0.1735922751437561
chr12	52	29	9076.0	0.3195240193918025
chr12	53	28	8930.0	0.3135498320268757
chr12	54	32	8757.0	0.36542194815576107
chr12	55	10	8609.0	0.11615750958299453
chr12	56	27	8478.0	0.3184713375796179
chr12	57	14	8336.0	0.16794625719769674
chr12	58	13	8175.0	0.15902140672782875
chr12	59	14	8020.0	0.1745635910224439
chr12	60	13	7879.0	0.16499555781190506
chr12	61	15	7727.0	0.19412449851171218
chr12	62	25	7567.0	0.33038192150125545
chr12	63	20	7399.0	0.27030679821597514
chr12	64	18	7240.0	0.24861878453038672
chr12	65	13	7079.0	0.18364175731035456
chr12	66	21	6908.0	0.3039953676896352
chr12	67	17	6759.0	0.2515164965231543
chr12	68	9	6613.0	0.13609556933313172
chr12	69	21	6439.0	0.3261375990060568
chr12	70	14	6292.0	0.22250476795931343
chr12	71	10	6125.0	0.163265306122449
chr12	72	18	5969.0	0.3015580499246105
chr12	73	18	5802.0	0.3102378490175801
chr12	74	7	5631.0	0.12431184514295864
chr12	75	6	5471.0	0.10966916468652897
chr12	76	6	5322.0	0.11273957158962795
chr12	77	14	5147.0	0.2720031086069555
chr12	78	20	4992.0	0.4006410256410256
chr12	79	16	4831.0	0.33119436969571514
chr12	80	1	4655.0	0.021482277121374866
chr12	81	14	4503.0	0.310903841883189
chr12	82	11	4331.0	0.2539829138767028
chr12	83	5	4153.0	0.12039489525644113
chr12	84	4	4009.0	0.09977550511349464
chr12	85	17	3835.0	0.4432855280312908
chr12	86	7	3673.0	0.19057990743261638
chr12	87	9	3497.0	0.25736345438947666
chr12	88	6	3308.0	0.18137847642079807
chr12	89	9	3162.0	0.2846299810246679
chr12	90	6	3000.0	0.2
chr12	91	3	2848.0	0.10533707865168539
chr12	92	10	2687.0	0.3721622627465575
chr12	93	5	2543.0	0.19661816751867872
chr12	94	4	2369.0	0.16884761502743773
chr12	95	1	2199.0	0.04547521600727603
chr12	96	8	2027.0	0.39467192895905284
chr12	97	11	1865.0	0.5898123324396782
chr12	98	2	1713.0	0.11675423234092236
chr12	99	4	1539.0	0.2599090318388564
chr12	100	1	1377.0	0.07262164124909223
chr12	101	3	1220.0	0.24590163934426232
chr12	102	2	1034.0	0.19342359767891684
chr12	103	1	868.0	0.1152073732718894
chr12	104	2	708.0	0.2824858757062147
chr12	105	0	560.0	0.0
chr12	106	1	409.0	0.24449877750611246
chr12	107	0	280.0	0.0
chr12	108	0	175.0	0.0
chr12	109	0	81.0	0.0
chr12	110	0	0.0	nan
chr12	111	0	0.0	nan
chr12	112	0	0.0	nan
chr12	113	0	0.0	nan
chr12	114	0	0.0	nan
chr12	115	0	0.0	nan
chr12	116	0	0.0	nan
chr12	117	0	0.0	nan
chr12	118	0	0.0	nan
chr12	119	0	0.0	nan
chr12	120	0	0.0	nan
chr12	121	0	0.0	nan
chr12	122	0	0.0	nan
chr12	123	0	0.0	nan
chr12	124	0	0.0	nan
chr12	125	0	0.0	nan
chr12	126	0	0.0	nan
chr12	127	0	0.0	nan
chr12	128	0	0.0	nan
chr12	129	0	0.0	nan
chr12	130	0	0.0	nan
chr12	131	0	0.0	nan
chr12	132	0	0.0	nan
chr12	133	0	0.0	nan
chr12	134	0	0.0	nan
chr12	135	0	0.0	nan
chr12	136	0	0.0	nan
chr12	137	0	0.0	nan
chr12	138	0	0.0	nan
chr12	139	0	0.0	nan
chr12	140	0	0.0	nan
chr12	141	0	0.0	nan
chr12	142	0	0.0	nan
chr12	143	0	0.0	nan
chr12	144	0	0.0	nan
chr13	-130	0	1.0	0.0
chr13	-129	0	1.0	0.0
chr13	-128	0	1.0	0.0
chr13	-127	0	1.0	0.0
chr13	-126	0	2.0	0.0
chr13	-125	0	2.0	0.0
chr13	-124	0	2.0	0.0
chr13	-123	0	2.0	0.0
chr13	-122	0	5.0	0.0
chr13	-121	0	15.0	0.0
chr13	-120	0	24.0	0.0
chr13	-119	0	36.0	0.0
chr13	-118	0	49.0	0.0
chr13	-117	2	72.0	2.7777777777777777
chr13	-116	0	97.0	0.0
chr13	-115	1	118.0	0.847457627118644
chr13	-114	0	130.0	0.0
chr13	-113	0	148.0	0.0
chr13	-112	0	168.0	0.0
chr13	-111	0	188.0	0.0
chr13	-110	1	210.0	0.4761904761904762
chr13	-109	0	227.0	0.0
chr13	-108	0	264.0	0.0
chr13	-107	1	283.0	0.35335689045936397
chr13	-106	0	305.0	0.0
chr13	-105	1	328.0	0.3048780487804878
chr13	-104	1	351.0	0.2849002849002849
chr13	-103	1	372.0	0.2688172043010753
chr13	-102	3	393.0	0.7633587786259541
chr13	-101	0	415.0	0.0
chr13	-100	0	436.0	0.0
chr13	-99	5	460.0	1.0869565217391304
chr13	-98	0	486.0	0.0
chr13	-97	0	507.0	0.0
chr13	-96	0	532.0	0.0
chr13	-95	0	559.0	0.0
chr13	-94	0	588.0	0.0
chr13	-93	1	612.0	0.16339869281045752
chr13	-92	1	641.0	0.15600624024961
chr13	-91	1	666.0	0.15015015015015015
chr13	-90	0	693.0	0.0
chr13	-89	0	716.0	0.0
chr13	-88	3	741.0	0.4048582995951417
chr13	-87	2	768.0	0.26041666666666663
chr13	-86	3	795.0	0.37735849056603776
chr13	-85	0	818.0	0.0
chr13	-84	2	848.0	0.2358490566037736
chr13	-83	0	871.0	0.0
chr13	-82	6	902.0	0.6651884700665188
chr13	-81	3	926.0	0.32397408207343414
chr13	-80	2	945.0	0.21164021164021166
chr13	-79	1	965.0	0.10362694300518134
chr13	-78	0	993.0	0.0
chr13	-77	2	1022.0	0.19569471624266144
chr13	-76	2	1051.0	0.19029495718363465
chr13	-75	3	1073.0	0.27958993476234856
chr13	-74	1	1115.0	0.08968609865470852
chr13	-73	0	1136.0	0.0
chr13	-72	1	1159.0	0.08628127696289906
chr13	-71	2	1184.0	0.16891891891891891
chr13	-70	3	1211.0	0.2477291494632535
chr13	-69	2	1239.0	0.16142050040355124
chr13	-68	4	1274.0	0.3139717425431711
chr13	-67	7	1298.0	0.539291217257319
chr13	-66	1	1325.0	0.07547169811320754
chr13	-65	4	1350.0	0.2962962962962963
chr13	-64	3	1386.0	0.21645021645021645
chr13	-63	8	1406.0	0.5689900426742532
chr13	-62	2	1430.0	0.13986013986013987
chr13	-61	1	1453.0	0.06882312456985547
chr13	-60	6	1493.0	0.4018754186202277
chr13	-59	0	1519.0	0.0
chr13	-58	0	1543.0	0.0
chr13	-57	3	1573.0	0.19071837253655435
chr13	-56	2	1596.0	0.12531328320802004
chr13	-55	1	1625.0	0.06153846153846154
chr13	-54	1	1650.0	0.06060606060606061
chr13	-53	2	1684.0	0.11876484560570072
chr13	-52	9	1714.0	0.5250875145857643
chr13	-51	4	1751.0	0.2284408909194746
chr13	-50	0	1779.0	0.0
chr13	-49	1	1803.0	0.055463117027176934
chr13	-48	2	1830.0	0.1092896174863388
chr13	-47	1	1850.0	0.05405405405405406
chr13	-46	11	1887.0	0.5829358770535241
chr13	-45	3	1912.0	0.15690376569037656
chr13	-44	10	1945.0	0.5141388174807198
chr13	-43	2	1974.0	0.10131712259371835
chr13	-42	4	2007.0	0.1993024414549078
chr13	-41	1	2037.0	0.049091801669121256
chr13	-40	0	2069.0	0.0
chr13	-39	10	2104.0	0.4752851711026616
chr13	-38	9	2143.0	0.4199720018665422
chr13	-37	32	2169.0	1.4753342554172428
chr13	-36	8	2189.0	0.3654636820465966
chr13	-35	7	2228.0	0.3141831238779174
chr13	-34	6	2256.0	0.26595744680851063
chr13	-33	6	2281.0	0.263042525208242
chr13	-32	4	2306.0	0.17346053772766695
chr13	-31	0	2338.0	0.0
chr13	-30	4	2384.0	0.16778523489932887
chr13	-29	6	2416.0	0.24834437086092717
chr13	-28	19	2455.0	0.7739307535641547
chr13	-27	13	2490.0	0.5220883534136547
chr13	-26	10	2521.0	0.39666798889329624
chr13	-25	0	2549.0	0.0
chr13	-24	22	2580.0	0.8527131782945736
chr13	-23	3	2623.0	0.1143728555089592
chr13	-22	2	2655.0	0.07532956685499058
chr13	-21	12	2696.0	0.44510385756676557
chr13	-20	8	2734.0	0.2926115581565472
chr13	-19	10	2781.0	0.35958288385472853
chr13	-18	4	2821.0	0.14179369018078697
chr13	-17	12	2863.0	0.41914076143905
chr13	-16	1	2905.0	0.034423407917383825
chr13	-15	19	2953.0	0.6434134778191669
chr13	-14	16	2988.0	0.535475234270415
chr13	-13	18	3014.0	0.5972130059721301
chr13	-12	15	3055.0	0.4909983633387889
chr13	-11	5	3090.0	0.16181229773462785
chr13	-10	1	3125.0	0.032
chr13	-9	6	3136.0	0.1913265306122449
chr13	-8	11	3137.0	0.35065349059611095
chr13	-7	14	3137.0	0.44628626075868666
chr13	-6	2	3137.0	0.0637551801083838
chr13	-5	6	3130.0	0.19169329073482427
chr13	-4	13	3128.0	0.41560102301790286
chr13	-3	0	3119.0	0.0
chr13	-2	3	3119.0	0.09618467457518436
chr13	-1	26	3121.0	0.8330663248958666
chr13	0	23	3054.0	0.7531106745252129
chr13	1	1	3031.0	0.03299241174529858
chr13	2	2	3001.0	0.06664445184938354
chr13	3	12	2988.0	0.4016064257028112
chr13	4	3	2966.0	0.10114632501685772
chr13	5	2	2944.0	0.06793478260869565
chr13	6	6	2926.0	0.2050580997949419
chr13	7	9	2895.0	0.31088082901554404
chr13	8	5	2870.0	0.17421602787456447
chr13	9	6	2833.0	0.2117896223085069
chr13	10	1	2812.0	0.03556187766714083
chr13	11	8	2801.0	0.28561228132809713
chr13	12	17	2768.0	0.6141618497109826
chr13	13	19	2743.0	0.6926722566532993
chr13	14	15	2713.0	0.5528934758569849
chr13	15	4	2684.0	0.14903129657228018
chr13	16	14	2664.0	0.5255255255255256
chr13	17	3	2641.0	0.1135933358576297
chr13	18	14	2618.0	0.53475935828877
chr13	19	9	2595.0	0.3468208092485549
chr13	20	14	2566.0	0.5455962587685114
chr13	21	2	2535.0	0.07889546351084813
chr13	22	8	2512.0	0.3184713375796179
chr13	23	28	2479.0	1.1294876966518759
chr13	24	1	2459.0	0.040666937779585195
chr13	25	6	2438.0	0.2461033634126333
chr13	26	13	2408.0	0.5398671096345514
chr13	27	13	2378.0	0.5466778805719091
chr13	28	5	2347.0	0.21303792074989347
chr13	29	12	2325.0	0.5161290322580645
chr13	30	3	2308.0	0.12998266897746968
chr13	31	9	2278.0	0.39508340649692714
chr13	32	8	2252.0	0.3552397868561279
chr13	33	10	2226.0	0.44923629829290207
chr13	34	14	2190.0	0.6392694063926941
chr13	35	9	2175.0	0.41379310344827586
chr13	36	33	2156.0	1.530612244897959
chr13	37	9	2132.0	0.42213883677298314
chr13	38	13	2113.0	0.6152389966871746
chr13	39	2	2081.0	0.09610764055742432
chr13	40	5	2052.0	0.24366471734892786
chr13	41	7	2021.0	0.34636318654131615
chr13	42	3	1989.0	0.1508295625942685
chr13	43	12	1967.0	0.6100660904931368
chr13	44	8	1938.0	0.41279669762641896
chr13	45	21	1908.0	1.10062893081761
chr13	46	8	1874.0	0.42689434364994666
chr13	47	11	1854.0	0.593311758360302
chr13	48	7	1830.0	0.3825136612021858
chr13	49	5	1802.0	0.27746947835738067
chr13	50	9	1782.0	0.5050505050505051
chr13	51	3	1751.0	0.17133066818960593
chr13	52	2	1721.0	0.11621150493898895
chr13	53	2	1693.0	0.11813349084465447
chr13	54	1	1666.0	0.060024009603841535
chr13	55	3	1637.0	0.1832620647525962
chr13	56	5	1601.0	0.3123048094940662
chr13	57	6	1565.0	0.38338658146964855
chr13	58	4	1539.0	0.2599090318388564
chr13	59	0	1522.0	0.0
chr13	60	3	1482.0	0.20242914979757085
chr13	61	5	1466.0	0.34106412005457026
chr13	62	13	1441.0	0.9021512838306732
chr13	63	5	1406.0	0.35561877667140823
chr13	64	3	1375.0	0.2181818181818182
chr13	65	0	1349.0	0.0
chr13	66	9	1322.0	0.680786686838124
chr13	67	5	1291.0	0.3872966692486445
chr13	68	3	1259.0	0.23828435266084197
chr13	69	3	1234.0	0.24311183144246357
chr13	70	6	1206.0	0.4975124378109453
chr13	71	1	1184.0	0.08445945945945946
chr13	72	0	1156.0	0.0
chr13	73	3	1122.0	0.267379679144385
chr13	74	5	1075.0	0.46511627906976744
chr13	75	1	1037.0	0.09643201542912247
chr13	76	8	1012.0	0.7905138339920948
chr13	77	1	980.0	0.10204081632653061
chr13	78	4	947.0	0.42238648363252373
chr13	79	4	921.0	0.43431053203040176
chr13	80	2	898.0	0.22271714922048996
chr13	81	1	862.0	0.11600928074245939
chr13	82	2	829.0	0.24125452352231602
chr13	83	4	804.0	0.4975124378109453
chr13	84	1	767.0	0.1303780964797914
chr13	85	3	736.0	0.4076086956521739
chr13	86	3	712.0	0.42134831460674155
chr13	87	10	680.0	1.4705882352941175
chr13	88	2	647.0	0.3091190108191654
chr13	89	0	617.0	0.0
chr13	90	2	586.0	0.3412969283276451
chr13	91	0	552.0	0.0
chr13	92	2	515.0	0.3883495145631068
chr13	93	1	478.0	0.20920502092050208
chr13	94	1	436.0	0.22935779816513763
chr13	95	0	399.0	0.0
chr13	96	1	364.0	0.27472527472527475
chr13	97	0	338.0	0.0
chr13	98	4	307.0	1.3029315960912053
chr13	99	2	269.0	0.7434944237918215
chr13	100	1	230.0	0.43478260869565216
chr13	101	2	201.0	0.9950248756218906
chr13	102	0	166.0	0.0
chr13	103	0	133.0	0.0
chr13	104	0	104.0	0.0
chr13	105	0	76.0	0.0
chr13	106	0	56.0	0.0
chr13	107	0	33.0	0.0
chr13	108	0	15.0	0.0
chr13	109	0	10.0	0.0
chr13	110	0	0.0	nan
chr13	111	0	0.0	nan
chr13	112	0	0.0	nan
chr13	113	0	0.0	nan
chr13	114	0	0.0	nan
chr13	115	0	0.0	nan
chr13	116	0	0.0	nan
chr13	117	0	0.0	nan
chr13	118	0	0.0	nan
chr13	119	0	0.0	nan
chr13	120	0	0.0	nan
chr13	121	0	0.0	nan
chr13	122	0	0.0	nan
chr13	123	0	0.0	nan
chr13	124	0	0.0	nan
chr13	125	0	0.0	nan
chr14	-128	0	1.0	0.0
chr14	-127	0	3.0	0.0
chr14	-126	0	3.0	0.0
chr14	-125	0	3.0	0.0
chr14	-124	0	3.0	0.0
chr14	-123	0	3.0	0.0
chr14	-122	0	3.0	0.0
chr14	-121	0	7.0	0.0
chr14	-120	0	17.0	0.0
chr14	-119	0	21.0	0.0
chr14	-118	0	29.0	0.0
chr14	-117	0	39.0	0.0
chr14	-116	0	47.0	0.0
chr14	-115	0	52.0	0.0
chr14	-114	0	58.0	0.0
chr14	-113	0	75.0	0.0
chr14	-112	0	81.0	0.0
chr14	-111	0	86.0	0.0
chr14	-110	0	93.0	0.0
chr14	-109	0	112.0	0.0
chr14	-108	0	125.0	0.0
chr14	-107	0	132.0	0.0
chr14	-106	0	150.0	0.0
chr14	-105	0	163.0	0.0
chr14	-104	0	175.0	0.0
chr14	-103	0	183.0	0.0
chr14	-102	0	195.0	0.0
chr14	-101	1	208.0	0.4807692307692308
chr14	-100	1	216.0	0.4629629629629629
chr14	-99	0	228.0	0.0
chr14	-98	1	237.0	0.42194092827004215
chr14	-97	0	249.0	0.0
chr14	-96	0	257.0	0.0
chr14	-95	0	262.0	0.0
chr14	-94	0	271.0	0.0
chr14	-93	0	281.0	0.0
chr14	-92	0	292.0	0.0
chr14	-91	1	311.0	0.3215434083601286
chr14	-90	1	321.0	0.3115264797507788
chr14	-89	0	336.0	0.0
chr14	-88	0	350.0	0.0
chr14	-87	0	360.0	0.0
chr14	-86	0	373.0	0.0
chr14	-85	0	388.0	0.0
chr14	-84	0	395.0	0.0
chr14	-83	0	406.0	0.0
chr14	-82	3	419.0	0.7159904534606205
chr14	-81	2	432.0	0.4629629629629629
chr14	-80	1	447.0	0.22371364653243847
chr14	-79	0	458.0	0.0
chr14	-78	0	471.0	0.0
chr14	-77	2	479.0	0.41753653444676403
chr14	-76	2	490.0	0.40816326530612246
chr14	-75	0	504.0	0.0
chr14	-74	1	520.0	0.19230769230769232
chr14	-73	1	536.0	0.18656716417910446
chr14	-72	1	553.0	0.18083182640144665
chr14	-71	0	565.0	0.0
chr14	-70	0	576.0	0.0
chr14	-69	0	595.0	0.0
chr14	-68	0	606.0	0.0
chr14	-67	0	617.0	0.0
chr14	-66	1	628.0	0.15923566878980894
chr14	-65	0	643.0	0.0
chr14	-64	4	652.0	0.6134969325153374
chr14	-63	0	667.0	0.0
chr14	-62	3	679.0	0.4418262150220913
chr14	-61	0	692.0	0.0
chr14	-60	2	707.0	0.2828854314002829
chr14	-59	0	718.0	0.0
chr14	-58	3	733.0	0.4092769440654843
chr14	-57	5	740.0	0.6756756756756757
chr14	-56	2	758.0	0.2638522427440633
chr14	-55	0	765.0	0.0
chr14	-54	2	772.0	0.2590673575129534
chr14	-53	0	782.0	0.0
chr14	-52	1	791.0	0.12642225031605564
chr14	-51	0	804.0	0.0
chr14	-50	1	815.0	0.1226993865030675
chr14	-49	0	827.0	0.0
chr14	-48	0	838.0	0.0
chr14	-47	0	852.0	0.0
chr14	-46	4	863.0	0.4634994206257242
chr14	-45	3	874.0	0.34324942791762014
chr14	-44	2	894.0	0.22371364653243847
chr14	-43	0	911.0	0.0
chr14	-42	3	916.0	0.32751091703056767
chr14	-41	1	935.0	0.10695187165775401
chr14	-40	0	947.0	0.0
chr14	-39	0	956.0	0.0
chr14	-38	0	975.0	0.0
chr14	-37	0	987.0	0.0
chr14	-36	10	1007.0	0.9930486593843099
chr14	-35	0	1018.0	0.0
chr14	-34	1	1032.0	0.09689922480620156
chr14	-33	6	1049.0	0.5719733079122974
chr14	-32	1	1065.0	0.09389671361502347
chr14	-31	0	1076.0	0.0
chr14	-30	1	1092.0	0.09157509157509157
chr14	-29	1	1106.0	0.09041591320072333
chr14	-28	2	1119.0	0.17873100983020554
chr14	-27	0	1135.0	0.0
chr14	-26	4	1150.0	0.34782608695652173
chr14	-25	3	1166.0	0.2572898799313894
chr14	-24	6	1185.0	0.5063291139240507
chr14	-23	0	1204.0	0.0
chr14	-22	0	1221.0	0.0
chr14	-21	4	1237.0	0.32336297493936944
chr14	-20	5	1251.0	0.3996802557953637
chr14	-19	0	1264.0	0.0
chr14	-18	2	1277.0	0.15661707126076743
chr14	-17	5	1287.0	0.3885003885003885
chr14	-16	9	1318.0	0.6828528072837633
chr14	-15	1	1329.0	0.07524454477050413
chr14	-14	3	1345.0	0.22304832713754646
chr14	-13	0	1364.0	0.0
chr14	-12	2	1380.0	0.14492753623188406
chr14	-11	1	1393.0	0.07178750897343862
chr14	-10	2	1409.0	0.14194464158977999
chr14	-9	0	1409.0	0.0
chr14	-8	1	1409.0	0.07097232079488999
chr14	-7	2	1412.0	0.141643059490085
chr14	-6	5	1412.0	0.3541076487252125
chr14	-5	1	1412.0	0.0708215297450425
chr14	-4	1	1412.0	0.0708215297450425
chr14	-3	1	1412.0	0.0708215297450425
chr14	-2	1	1412.0	0.0708215297450425
chr14	-1	11	1406.0	0.7823613086770981
chr14	0	14	1359.0	1.030169242089772
chr14	1	2	1347.0	0.14847809948032664
chr14	2	3	1338.0	0.2242152466367713
chr14	3	5	1321.0	0.3785011355034065
chr14	4	1	1311.0	0.07627765064836003
chr14	5	3	1300.0	0.23076923076923078
chr14	6	2	1293.0	0.15467904098994587
chr14	7	1	1277.0	0.07830853563038372
chr14	8	3	1266.0	0.23696682464454977
chr14	9	6	1257.0	0.47732696897374705
chr14	10	0	1244.0	0.0
chr14	11	4	1224.0	0.32679738562091504
chr14	12	1	1210.0	0.08264462809917356
chr14	13	3	1201.0	0.2497918401332223
chr14	14	1	1187.0	0.08424599831508003
chr14	15	13	1171.0	1.1101622544833476
chr14	16	7	1157.0	0.6050129645635264
chr14	17	1	1144.0	0.08741258741258741
chr14	18	0	1135.0	0.0
chr14	19	2	1131.0	0.17683465959328026
chr14	20	0	1117.0	0.0
chr14	21	0	1100.0	0.0
chr14	22	2	1089.0	0.18365472910927455
chr14	23	2	1078.0	0.1855287569573284
chr14	24	5	1069.0	0.4677268475210477
chr14	25	1	1057.0	0.0946073793755913
chr14	26	1	1048.0	0.09541984732824427
chr14	27	0	1032.0	0.0
chr14	28	0	1027.0	0.0
chr14	29	1	1006.0	0.09940357852882703
chr14	30	1	990.0	0.10101010101010101
chr14	31	0	979.0	0.0
chr14	32	2	968.0	0.2066115702479339
chr14	33	1	963.0	0.10384215991692627
chr14	34	4	949.0	0.42149631190727077
chr14	35	8	937.0	0.8537886872998933
chr14	36	2	921.0	0.21715526601520088
chr14	37	5	911.0	0.5488474204171241
chr14	38	4	895.0	0.44692737430167595
chr14	39	1	881.0	0.11350737797956867
chr14	40	0	863.0	0.0
chr14	41	3	853.0	0.3516998827667058
chr14	42	1	843.0	0.11862396204033215
chr14	43	1	832.0	0.1201923076923077
chr14	44	0	819.0	0.0
chr14	45	1	803.0	0.12453300124533001
chr14	46	2	784.0	0.25510204081632654
chr14	47	1	770.0	0.12987012987012986
chr14	48	0	760.0	0.0
chr14	49	4	751.0	0.5326231691078562
chr14	50	0	743.0	0.0
chr14	51	1	733.0	0.1364256480218281
chr14	52	3	724.0	0.4143646408839779
chr14	53	5	709.0	0.7052186177715092
chr14	54	0	695.0	0.0
chr14	55	2	681.0	0.2936857562408223
chr14	56	1	673.0	0.1485884101040119
chr14	57	1	657.0	0.15220700152207
chr14	58	2	650.0	0.3076923076923077
chr14	59	1	637.0	0.15698587127158556
chr14	60	1	627.0	0.1594896331738437
chr14	61	0	614.0	0.0
chr14	62	0	596.0	0.0
chr14	63	6	585.0	1.0256410256410255
chr14	64	0	580.0	0.0
chr14	65	2	570.0	0.3508771929824561
chr14	66	0	559.0	0.0
chr14	67	2	551.0	0.3629764065335753
chr14	68	2	537.0	0.37243947858473
chr14	69	1	523.0	0.19120458891013384
chr14	70	0	506.0	0.0
chr14	71	0	494.0	0.0
chr14	72	0	481.0	0.0
chr14	73	1	467.0	0.21413276231263384
chr14	74	0	460.0	0.0
chr14	75	6	447.0	1.342281879194631
chr14	76	0	429.0	0.0
chr14	77	2	409.0	0.4889975550122249
chr14	78	1	398.0	0.25125628140703515
chr14	79	0	382.0	0.0
chr14	80	1	368.0	0.2717391304347826
chr14	81	1	356.0	0.2808988764044944
chr14	82	0	338.0	0.0
chr14	83	4	318.0	1.257861635220126
chr14	84	1	309.0	0.3236245954692557
chr14	85	1	297.0	0.33670033670033667
chr14	86	0	279.0	0.0
chr14	87	0	259.0	0.0
chr14	88	0	239.0	0.0
chr14	89	1	227.0	0.4405286343612335
chr14	90	0	208.0	0.0
chr14	91	0	197.0	0.0
chr14	92	0	187.0	0.0
chr14	93	2	172.0	1.1627906976744187
chr14	94	1	164.0	0.6097560975609756
chr14	95	0	152.0	0.0
chr14	96	0	137.0	0.0
chr14	97	0	125.0	0.0
chr14	98	0	116.0	0.0
chr14	99	1	108.0	0.9259259259259258
chr14	100	0	102.0	0.0
chr14	101	0	93.0	0.0
chr14	102	0	79.0	0.0
chr14	103	0	68.0	0.0
chr14	104	0	49.0	0.0
chr14	105	0	41.0	0.0
chr14	106	0	28.0	0.0
chr14	107	0	20.0	0.0
chr14	108	0	11.0	0.0
chr14	109	0	3.0	0.0
chr14	110	0	0.0	nan
chr14	111	0	0.0	nan
chr14	112	0	0.0	nan
chr14	113	0	0.0	nan
chr14	114	0	0.0	nan
chr14	115	0	0.0	nan
chr14	116	0	0.0	nan
chr14	117	0	0.0	nan
chr14	118	0	0.0	nan
chr14	119	0	0.0	nan
chr14	120	0	0.0	nan
chr14	121	0	0.0	nan
chr14	122	0	0.0	nan
chr14	123	0	0.0	nan
chr15	-125	0	1.0	0.0
chr15	-124	0	3.0	0.0
chr15	-123	0	3.0	0.0
chr15	-122	0	5.0	0.0
chr15	-121	0	7.0	0.0
chr15	-120	0	13.0	0.0
chr15	-119	0	22.0	0.0
chr15	-118	0	27.0	0.0
chr15	-117	0	41.0	0.0
chr15	-116	0	49.0	0.0
chr15	-115	0	60.0	0.0
chr15	-114	0	71.0	0.0
chr15	-113	0	80.0	0.0
chr15	-112	0	96.0	0.0
chr15	-111	1	109.0	0.9174311926605505
chr15	-110	0	121.0	0.0
chr15	-109	0	138.0	0.0
chr15	-108	0	153.0	0.0
chr15	-107	0	168.0	0.0
chr15	-106	0	178.0	0.0
chr15	-105	0	192.0	0.0
chr15	-104	0	210.0	0.0
chr15	-103	0	219.0	0.0
chr15	-102	0	235.0	0.0
chr15	-101	0	244.0	0.0
chr15	-100	0	257.0	0.0
chr15	-99	1	272.0	0.3676470588235294
chr15	-98	0	284.0	0.0
chr15	-97	1	296.0	0.33783783783783783
chr15	-96	0	303.0	0.0
chr15	-95	2	320.0	0.625
chr15	-94	0	331.0	0.0
chr15	-93	0	339.0	0.0
chr15	-92	0	351.0	0.0
chr15	-91	1	370.0	0.2702702702702703
chr15	-90	0	388.0	0.0
chr15	-89	0	400.0	0.0
chr15	-88	1	416.0	0.2403846153846154
chr15	-87	1	439.0	0.22779043280182232
chr15	-86	3	461.0	0.6507592190889371
chr15	-85	1	473.0	0.21141649048625794
chr15	-84	1	487.0	0.20533880903490762
chr15	-83	0	501.0	0.0
chr15	-82	0	524.0	0.0
chr15	-81	0	542.0	0.0
chr15	-80	0	558.0	0.0
chr15	-79	0	568.0	0.0
chr15	-78	7	588.0	1.1904761904761905
chr15	-77	1	617.0	0.1620745542949757
chr15	-76	0	626.0	0.0
chr15	-75	0	638.0	0.0
chr15	-74	0	653.0	0.0
chr15	-73	5	668.0	0.7485029940119761
chr15	-72	0	682.0	0.0
chr15	-71	0	698.0	0.0
chr15	-70	1	717.0	0.1394700139470014
chr15	-69	0	733.0	0.0
chr15	-68	0	750.0	0.0
chr15	-67	1	760.0	0.13157894736842105
chr15	-66	6	776.0	0.7731958762886598
chr15	-65	2	798.0	0.2506265664160401
chr15	-64	2	811.0	0.2466091245376079
chr15	-63	2	828.0	0.24154589371980675
chr15	-62	3	844.0	0.35545023696682465
chr15	-61	0	866.0	0.0
chr15	-60	0	882.0	0.0
chr15	-59	1	894.0	0.11185682326621924
chr15	-58	4	904.0	0.4424778761061947
chr15	-57	0	922.0	0.0
chr15	-56	11	932.0	1.1802575107296138
chr15	-55	17	948.0	1.7932489451476792
chr15	-54	0	960.0	0.0
chr15	-53	6	976.0	0.6147540983606558
chr15	-52	2	998.0	0.2004008016032064
chr15	-51	6	1018.0	0.5893909626719057
chr15	-50	3	1033.0	0.29041626331074544
chr15	-49	0	1045.0	0.0
chr15	-48	1	1058.0	0.0945179584120983
chr15	-47	5	1084.0	0.46125461254612543
chr15	-46	2	1102.0	0.18148820326678766
chr15	-45	0	1121.0	0.0
chr15	-44	0	1135.0	0.0
chr15	-43	2	1148.0	0.17421602787456447
chr15	-42	0	1163.0	0.0
chr15	-41	1	1178.0	0.08488964346349745
chr15	-40	11	1198.0	0.9181969949916527
chr15	-39	2	1202.0	0.16638935108153077
chr15	-38	4	1219.0	0.3281378178835111
chr15	-37	4	1230.0	0.3252032520325203
chr15	-36	2	1246.0	0.16051364365971107
chr15	-35	3	1265.0	0.23715415019762848
chr15	-34	0	1276.0	0.0
chr15	-33	1	1299.0	0.07698229407236336
chr15	-32	4	1313.0	0.30464584920030463
chr15	-31	1	1360.0	0.07352941176470588
chr15	-30	8	1376.0	0.5813953488372093
chr15	-29	5	1396.0	0.35816618911174786
chr15	-28	3	1412.0	0.2124645892351275
chr15	-27	3	1425.0	0.21052631578947367
chr15	-26	1	1446.0	0.06915629322268327
chr15	-25	1	1471.0	0.06798096532970768
chr15	-24	0	1489.0	0.0
chr15	-23	1	1515.0	0.066006600660066
chr15	-22	0	1535.0	0.0
chr15	-21	0	1550.0	0.0
chr15	-20	4	1566.0	0.2554278416347382
chr15	-19	12	1585.0	0.7570977917981072
chr15	-18	1	1607.0	0.06222775357809583
chr15	-17	8	1625.0	0.49230769230769234
chr15	-16	2	1648.0	0.12135922330097086
chr15	-15	2	1663.0	0.12026458208057728
chr15	-14	5	1693.0	0.29533372711163614
chr15	-13	4	1719.0	0.2326934264107039
chr15	-12	0	1745.0	0.0
chr15	-11	3	1772.0	0.16930022573363432
chr15	-10	2	1785.0	0.11204481792717086
chr15	-9	1	1785.0	0.05602240896358543
chr15	-8	1	1787.0	0.05595970900951316
chr15	-7	8	1787.0	0.44767767207610526
chr15	-6	2	1787.0	0.11191941801902631
chr15	-5	14	1787.0	0.783435926133184
chr15	-4	3	1787.0	0.16787912702853947
chr15	-3	11	1787.0	0.6155567991046447
chr15	-2	2	1790.0	0.11173184357541899
chr15	-1	12	1783.0	0.6730229949523275
chr15	0	8	1746.0	0.45819014891179843
chr15	1	0	1736.0	0.0
chr15	2	4	1720.0	0.23255813953488372
chr15	3	5	1690.0	0.2958579881656805
chr15	4	11	1676.0	0.6563245823389021
chr15	5	8	1658.0	0.48250904704463204
chr15	6	7	1646.0	0.425273390036452
chr15	7	0	1628.0	0.0
chr15	8	10	1612.0	0.620347394540943
chr15	9	2	1595.0	0.12539184952978058
chr15	10	2	1581.0	0.1265022137887413
chr15	11	3	1569.0	0.19120458891013384
chr15	12	3	1556.0	0.1928020565552699
chr15	13	9	1533.0	0.5870841487279843
chr15	14	1	1517.0	0.06591957811470006
chr15	15	1	1502.0	0.06657789613848203
chr15	16	7	1493.0	0.46885465505693236
chr15	17	1	1478.0	0.06765899864682003
chr15	18	21	1464.0	1.4344262295081966
chr15	19	9	1449.0	0.6211180124223602
chr15	20	3	1441.0	0.2081887578070784
chr15	21	7	1427.0	0.4905395935529082
chr15	22	1	1415.0	0.0706713780918728
chr15	23	1	1413.0	0.07077140835102619
chr15	24	4	1388.0	0.2881844380403458
chr15	25	1	1373.0	0.07283321194464676
chr15	26	5	1361.0	0.36737692872887584
chr15	27	1	1338.0	0.07473841554559044
chr15	28	4	1322.0	0.30257186081694404
chr15	29	2	1303.0	0.15349194167306215
chr15	30	6	1282.0	0.46801872074883
chr15	31	4	1264.0	0.31645569620253167
chr15	32	1	1247.0	0.08019246190858059
chr15	33	4	1224.0	0.32679738562091504
chr15	34	5	1215.0	0.411522633744856
chr15	35	6	1194.0	0.5025125628140703
chr15	36	8	1183.0	0.6762468300929839
chr15	37	4	1174.0	0.34071550255536626
chr15	38	4	1153.0	0.3469210754553339
chr15	39	6	1140.0	0.5263157894736842
chr15	40	2	1129.0	0.1771479185119575
chr15	41	1	1113.0	0.08984725965858043
chr15	42	2	1089.0	0.18365472910927455
chr15	43	3	1080.0	0.2777777777777778
chr15	44	4	1067.0	0.37488284910965325
chr15	45	6	1057.0	0.5676442762535477
chr15	46	7	1040.0	0.6730769230769231
chr15	47	4	1024.0	0.390625
chr15	48	1	1008.0	0.0992063492063492
chr15	49	4	992.0	0.4032258064516129
chr15	50	7	973.0	0.7194244604316548
chr15	51	3	957.0	0.3134796238244514
chr15	52	1	942.0	0.10615711252653928
chr15	53	1	930.0	0.10752688172043011
chr15	54	11	913.0	1.2048192771084338
chr15	55	12	892.0	1.345291479820628
chr15	56	1	880.0	0.11363636363636363
chr15	57	7	867.0	0.8073817762399077
chr15	58	1	856.0	0.11682242990654204
chr15	59	2	837.0	0.23894862604540024
chr15	60	2	821.0	0.24360535931790497
chr15	61	3	800.0	0.375
chr15	62	4	784.0	0.5102040816326531
chr15	63	1	768.0	0.13020833333333331
chr15	64	0	757.0	0.0
chr15	65	8	741.0	1.0796221322537112
chr15	66	0	727.0	0.0
chr15	67	1	705.0	0.14184397163120568
chr15	68	3	692.0	0.4335260115606936
chr15	69	2	676.0	0.2958579881656805
chr15	70	3	657.0	0.45662100456621
chr15	71	3	635.0	0.47244094488188976
chr15	72	2	617.0	0.3241491085899514
chr15	73	0	602.0	0.0
chr15	74	0	586.0	0.0
chr15	75	1	566.0	0.17667844522968199
chr15	76	1	550.0	0.18181818181818182
chr15	77	4	529.0	0.7561436672967864
chr15	78	2	518.0	0.3861003861003861
chr15	79	0	499.0	0.0
chr15	80	0	483.0	0.0
chr15	81	2	474.0	0.42194092827004215
chr15	82	1	456.0	0.21929824561403508
chr15	83	1	441.0	0.22675736961451248
chr15	84	3	423.0	0.7092198581560284
chr15	85	2	407.0	0.4914004914004914
chr15	86	3	389.0	0.7712082262210797
chr15	87	1	368.0	0.2717391304347826
chr15	88	4	348.0	1.1494252873563218
chr15	89	0	330.0	0.0
chr15	90	1	314.0	0.3184713375796179
chr15	91	1	299.0	0.33444816053511706
chr15	92	0	285.0	0.0
chr15	93	3	269.0	1.1152416356877324
chr15	94	5	247.0	2.0242914979757085
chr15	95	1	227.0	0.4405286343612335
chr15	96	0	210.0	0.0
chr15	97	0	193.0	0.0
chr15	98	1	171.0	0.5847953216374269
chr15	99	2	160.0	1.25
chr15	100	0	144.0	0.0
chr15	101	2	118.0	1.694915254237288
chr15	102	0	102.0	0.0
chr15	103	0	90.0	0.0
chr15	104	0	77.0	0.0
chr15	105	0	67.0	0.0
chr15	106	0	54.0	0.0
chr15	107	0	33.0	0.0
chr15	108	0	15.0	0.0
chr15	109	0	6.0	0.0
chr15	110	0	0.0	nan
chr15	111	0	0.0	nan
chr15	112	0	0.0	nan
chr15	113	0	0.0	nan
chr15	114	0	0.0	nan
chr15	115	0	0.0	nan
chr15	116	0	0.0	nan
chr15	117	0	0.0	nan
chr15	118	0	0.0	nan
chr15	119	0	0.0	nan
chr15	120	0	0.0	nan
chr15	121	0	0.0	nan
chr15	122	0	0.0	nan
chr15	123	0	0.0	nan
chr15	124	0	0.0	nan
chr15	125	0	0.0	nan
chr15	126	0	0.0	nan
chr15	127	0	0.0	nan
chr15	128	0	0.0	nan
chr15	129	0	0.0	nan
chr15	130	0	0.0	nan
chr15	131	0	0.0	nan
chr15	132	0	0.0	nan
chr15	133	0	0.0	nan
chr15	134	0	0.0	nan
chr16	-122	0	1.0	0.0
chr16	-121	0	10.0	0.0
chr16	-120	0	19.0	0.0
chr16	-119	0	28.0	0.0
chr16	-118	1	34.0	2.941176470588235
chr16	-117	0	42.0	0.0
chr16	-116	0	47.0	0.0
chr16	-115	0	61.0	0.0
chr16	-114	0	72.0	0.0
chr16	-113	0	85.0	0.0
chr16	-112	2	97.0	2.0618556701030926
chr16	-111	0	105.0	0.0
chr16	-110	0	112.0	0.0
chr16	-109	0	121.0	0.0
chr16	-108	0	133.0	0.0
chr16	-107	0	146.0	0.0
chr16	-106	0	163.0	0.0
chr16	-105	0	171.0	0.0
chr16	-104	0	184.0	0.0
chr16	-103	0	197.0	0.0
chr16	-102	0	217.0	0.0
chr16	-101	0	234.0	0.0
chr16	-100	2	244.0	0.819672131147541
chr16	-99	0	270.0	0.0
chr16	-98	0	282.0	0.0
chr16	-97	0	297.0	0.0
chr16	-96	0	311.0	0.0
chr16	-95	0	332.0	0.0
chr16	-94	1	346.0	0.2890173410404624
chr16	-93	0	361.0	0.0
chr16	-92	0	375.0	0.0
chr16	-91	0	395.0	0.0
chr16	-90	1	403.0	0.24813895781637718
chr16	-89	1	414.0	0.24154589371980675
chr16	-88	5	421.0	1.187648456057007
chr16	-87	0	434.0	0.0
chr16	-86	0	457.0	0.0
chr16	-85	1	475.0	0.21052631578947367
chr16	-84	1	488.0	0.20491803278688525
chr16	-83	2	501.0	0.39920159680638717
chr16	-82	1	518.0	0.19305019305019305
chr16	-81	1	531.0	0.18832391713747645
chr16	-80	0	545.0	0.0
chr16	-79	1	561.0	0.17825311942959002
chr16	-78	5	574.0	0.8710801393728222
chr16	-77	1	592.0	0.16891891891891891
chr16	-76	0	614.0	0.0
chr16	-75	1	625.0	0.16
chr16	-74	1	638.0	0.1567398119122257
chr16	-73	2	654.0	0.3058103975535168
chr16	-72	0	663.0	0.0
chr16	-71	0	680.0	0.0
chr16	-70	1	699.0	0.14306151645207438
chr16	-69	9	719.0	1.2517385257301807
chr16	-68	1	736.0	0.1358695652173913
chr16	-67	2	757.0	0.26420079260237783
chr16	-66	0	775.0	0.0
chr16	-65	2	792.0	0.25252525252525254
chr16	-64	0	809.0	0.0
chr16	-63	5	819.0	0.6105006105006106
chr16	-62	2	838.0	0.23866348448687352
chr16	-61	3	859.0	0.3492433061699651
chr16	-60	7	871.0	0.8036739380022963
chr16	-59	1	890.0	0.11235955056179776
chr16	-58	4	912.0	0.43859649122807015
chr16	-57	7	925.0	0.7567567567567568
chr16	-56	0	938.0	0.0
chr16	-55	1	948.0	0.10548523206751054
chr16	-54	4	963.0	0.4153686396677051
chr16	-53	4	984.0	0.40650406504065045
chr16	-52	6	999.0	0.6006006006006006
chr16	-51	2	1023.0	0.19550342130987292
chr16	-50	3	1043.0	0.28763183125599234
chr16	-49	0	1058.0	0.0
chr16	-48	0	1075.0	0.0
chr16	-47	0	1089.0	0.0
chr16	-46	1	1100.0	0.09090909090909091
chr16	-45	0	1113.0	0.0
chr16	-44	0	1129.0	0.0
chr16	-43	7	1149.0	0.6092254134029591
chr16	-42	1	1163.0	0.08598452278589853
chr16	-41	0	1175.0	0.0
chr16	-40	0	1198.0	0.0
chr16	-39	5	1217.0	0.4108463434675432
chr16	-38	6	1240.0	0.4838709677419355
chr16	-37	2	1257.0	0.15910898965791567
chr16	-36	5	1276.0	0.3918495297805642
chr16	-35	1	1295.0	0.07722007722007722
chr16	-34	2	1316.0	0.1519756838905775
chr16	-33	3	1332.0	0.22522522522522523
chr16	-32	2	1347.0	0.14847809948032664
chr16	-31	1	1373.0	0.07283321194464676
chr16	-30	0	1395.0	0.0
chr16	-29	2	1415.0	0.1413427561837456
chr16	-28	0	1435.0	0.0
chr16	-27	0	1455.0	0.0
chr16	-26	2	1477.0	0.13540961408259986
chr16	-25	1	1491.0	0.0670690811535882
chr16	-24	1	1506.0	0.06640106241699867
chr16	-23	1	1526.0	0.0655307994757536
chr16	-22	7	1541.0	0.45425048669695006
chr16	-21	8	1563.0	0.5118362124120281
chr16	-20	5	1592.0	0.314070351758794
chr16	-19	8	1612.0	0.49627791563275436
chr16	-18	4	1641.0	0.2437538086532602
chr16	-17	4	1665.0	0.24024024024024024
chr16	-16	2	1685.0	0.11869436201780414
chr16	-15	4	1703.0	0.23487962419260128
chr16	-14	9	1726.0	0.5214368482039398
chr16	-13	7	1750.0	0.4
chr16	-12	1	1767.0	0.056593095642331635
chr16	-11	4	1778.0	0.22497187851518563
chr16	-10	0	1803.0	0.0
chr16	-9	2	1803.0	0.11092623405435387
chr16	-8	0	1803.0	0.0
chr16	-7	3	1802.0	0.1664816870144284
chr16	-6	4	1802.0	0.22197558268590456
chr16	-5	2	1803.0	0.11092623405435387
chr16	-4	6	1802.0	0.3329633740288568
chr16	-3	2	1802.0	0.11098779134295228
chr16	-2	0	1801.0	0.0
chr16	-1	18	1801.0	0.9994447529150472
chr16	0	13	1753.0	0.7415858528237307
chr16	1	2	1741.0	0.11487650775416428
chr16	2	4	1730.0	0.23121387283236997
chr16	3	3	1716.0	0.17482517482517482
chr16	4	8	1704.0	0.4694835680751174
chr16	5	6	1691.0	0.35481963335304556
chr16	6	3	1671.0	0.17953321364452424
chr16	7	4	1658.0	0.24125452352231602
chr16	8	4	1650.0	0.24242424242424243
chr16	9	2	1632.0	0.12254901960784313
chr16	10	3	1618.0	0.1854140914709518
chr16	11	7	1613.0	0.4339739615623063
chr16	12	7	1598.0	0.4380475594493116
chr16	13	9	1585.0	0.5678233438485805
chr16	14	3	1562.0	0.19206145966709345
chr16	15	2	1553.0	0.128783000643915
chr16	16	1	1541.0	0.06489292667099286
chr16	17	6	1522.0	0.39421813403416556
chr16	18	8	1507.0	0.53085600530856
chr16	19	2	1489.0	0.1343183344526528
chr16	20	10	1474.0	0.6784260515603799
chr16	21	9	1450.0	0.6206896551724138
chr16	22	3	1438.0	0.2086230876216968
chr16	23	6	1420.0	0.42253521126760557
chr16	24	3	1404.0	0.2136752136752137
chr16	25	3	1382.0	0.21707670043415342
chr16	26	7	1369.0	0.5113221329437546
chr16	27	12	1354.0	0.8862629246676514
chr16	28	7	1345.0	0.5204460966542751
chr16	29	2	1334.0	0.14992503748125938
chr16	30	3	1327.0	0.22607385079125847
chr16	31	8	1310.0	0.6106870229007634
chr16	32	3	1297.0	0.2313030069390902
chr16	33	5	1279.0	0.3909304143862392
chr16	34	4	1262.0	0.31695721077654515
chr16	35	13	1247.0	1.0425020048115476
chr16	36	5	1234.0	0.4051863857374392
chr16	37	10	1221.0	0.819000819000819
chr16	38	12	1205.0	0.9958506224066389
chr16	39	5	1188.0	0.42087542087542085
chr16	40	2	1178.0	0.1697792869269949
chr16	41	4	1162.0	0.34423407917383825
chr16	42	7	1148.0	0.6097560975609756
chr16	43	6	1136.0	0.528169014084507
chr16	44	2	1117.0	0.17905102954341987
chr16	45	10	1099.0	0.9099181073703366
chr16	46	2	1084.0	0.18450184501845018
chr16	47	2	1066.0	0.18761726078799248
chr16	48	5	1040.0	0.4807692307692308
chr16	49	5	1029.0	0.4859086491739553
chr16	50	4	1017.0	0.39331366764995085
chr16	51	4	996.0	0.4016064257028112
chr16	52	9	976.0	0.9221311475409836
chr16	53	2	957.0	0.20898641588296762
chr16	54	4	941.0	0.4250797024442083
chr16	55	1	929.0	0.1076426264800861
chr16	56	17	906.0	1.8763796909492272
chr16	57	6	887.0	0.6764374295377678
chr16	58	4	867.0	0.461361014994233
chr16	59	4	853.0	0.4689331770222743
chr16	60	3	835.0	0.3592814371257485
chr16	61	2	819.0	0.2442002442002442
chr16	62	5	799.0	0.6257822277847309
chr16	63	2	784.0	0.25510204081632654
chr16	64	3	768.0	0.390625
chr16	65	2	748.0	0.267379679144385
chr16	66	6	730.0	0.821917808219178
chr16	67	0	710.0	0.0
chr16	68	10	692.0	1.4450867052023122
chr16	69	1	665.0	0.15037593984962408
chr16	70	1	649.0	0.15408320493066258
chr16	71	3	637.0	0.47095761381475665
chr16	72	4	626.0	0.6389776357827476
chr16	73	3	612.0	0.49019607843137253
chr16	74	5	596.0	0.8389261744966443
chr16	75	5	580.0	0.8620689655172413
chr16	76	4	560.0	0.7142857142857143
chr16	77	5	539.0	0.927643784786642
chr16	78	6	519.0	1.1560693641618496
chr16	79	2	499.0	0.4008016032064128
chr16	80	5	465.0	1.0752688172043012
chr16	81	1	453.0	0.22075055187637968
chr16	82	2	438.0	0.45662100456621
chr16	83	3	425.0	0.7058823529411765
chr16	84	3	407.0	0.7371007371007371
chr16	85	0	385.0	0.0
chr16	86	1	372.0	0.2688172043010753
chr16	87	1	357.0	0.2801120448179272
chr16	88	2	343.0	0.5830903790087464
chr16	89	1	324.0	0.30864197530864196
chr16	90	1	303.0	0.33003300330033003
chr16	91	3	292.0	1.0273972602739725
chr16	92	1	270.0	0.3703703703703704
chr16	93	0	254.0	0.0
chr16	94	1	242.0	0.4132231404958678
chr16	95	2	223.0	0.8968609865470852
chr16	96	1	204.0	0.49019607843137253
chr16	97	0	187.0	0.0
chr16	98	1	172.0	0.5813953488372093
chr16	99	0	149.0	0.0
chr16	100	1	130.0	0.7692307692307693
chr16	101	2	104.0	1.9230769230769231
chr16	102	0	87.0	0.0
chr16	103	0	73.0	0.0
chr16	104	0	55.0	0.0
chr16	105	0	40.0	0.0
chr16	106	0	27.0	0.0
chr16	107	0	18.0	0.0
chr16	108	0	16.0	0.0
chr16	109	0	10.0	0.0
chr16	110	0	0.0	nan
chr16	111	0	0.0	nan
chr16	112	0	0.0	nan
chr16	113	0	0.0	nan
chr16	114	0	0.0	nan
chr16	115	0	0.0	nan
chr16	116	0	0.0	nan
chr16	117	0	0.0	nan
chr16	118	0	0.0	nan
chr16	119	0	0.0	nan
chr16	120	0	0.0	nan
chr16	121	0	0.0	nan
chr16	122	0	0.0	nan
chr16	123	0	0.0	nan
chr16	124	0	0.0	nan
chr16	125	0	0.0	nan
chr16	126	0	0.0	nan
chr16	127	0	0.0	nan
chr16	128	0	0.0	nan
chr16	129	0	0.0	nan
chr17	-130	0	1.0	0.0
chr17	-129	0	1.0	0.0
chr17	-128	0	1.0	0.0
chr17	-127	0	1.0	0.0
chr17	-126	0	1.0	0.0
chr17	-125	0	1.0	0.0
chr17	-124	0	2.0	0.0
chr17	-123	0	2.0	0.0
chr17	-122	0	2.0	0.0
chr17	-121	0	8.0	0.0
chr17	-120	0	13.0	0.0
chr17	-119	0	26.0	0.0
chr17	-118	0	41.0	0.0
chr17	-117	0	58.0	0.0
chr17	-116	0	76.0	0.0
chr17	-115	0	101.0	0.0
chr17	-114	0	118.0	0.0
chr17	-113	0	140.0	0.0
chr17	-112	0	162.0	0.0
chr17	-111	0	177.0	0.0
chr17	-110	1	205.0	0.4878048780487805
chr17	-109	1	226.0	0.4424778761061947
chr17	-108	0	254.0	0.0
chr17	-107	1	271.0	0.36900369003690037
chr17	-106	4	284.0	1.4084507042253522
chr17	-105	0	297.0	0.0
chr17	-104	0	318.0	0.0
chr17	-103	0	345.0	0.0
chr17	-102	0	363.0	0.0
chr17	-101	2	388.0	0.5154639175257731
chr17	-100	0	412.0	0.0
chr17	-99	0	429.0	0.0
chr17	-98	0	455.0	0.0
chr17	-97	0	482.0	0.0
chr17	-96	1	503.0	0.19880715705765406
chr17	-95	0	523.0	0.0
chr17	-94	0	546.0	0.0
chr17	-93	1	576.0	0.1736111111111111
chr17	-92	1	592.0	0.16891891891891891
chr17	-91	0	621.0	0.0
chr17	-90	0	635.0	0.0
chr17	-89	0	656.0	0.0
chr17	-88	0	677.0	0.0
chr17	-87	0	707.0	0.0
chr17	-86	0	735.0	0.0
chr17	-85	2	768.0	0.26041666666666663
chr17	-84	0	793.0	0.0
chr17	-83	1	824.0	0.12135922330097086
chr17	-82	0	847.0	0.0
chr17	-81	0	863.0	0.0
chr17	-80	0	897.0	0.0
chr17	-79	0	920.0	0.0
chr17	-78	0	946.0	0.0
chr17	-77	6	968.0	0.6198347107438017
chr17	-76	0	1000.0	0.0
chr17	-75	0	1026.0	0.0
chr17	-74	4	1042.0	0.3838771593090211
chr17	-73	0	1062.0	0.0
chr17	-72	2	1087.0	0.18399264029438822
chr17	-71	1	1115.0	0.08968609865470852
chr17	-70	1	1143.0	0.08748906386701663
chr17	-69	9	1174.0	0.7666098807495741
chr17	-68	0	1196.0	0.0
chr17	-67	2	1226.0	0.1631321370309951
chr17	-66	3	1244.0	0.2411575562700965
chr17	-65	1	1262.0	0.07923930269413629
chr17	-64	4	1282.0	0.31201248049922
chr17	-63	6	1315.0	0.45627376425855515
chr17	-62	2	1335.0	0.149812734082397
chr17	-61	0	1356.0	0.0
chr17	-60	11	1373.0	0.8011653313911145
chr17	-59	6	1394.0	0.430416068866571
chr17	-58	1	1418.0	0.07052186177715092
chr17	-57	3	1440.0	0.20833333333333334
chr17	-56	3	1476.0	0.20325203252032523
chr17	-55	0	1509.0	0.0
chr17	-54	3	1531.0	0.1959503592423253
chr17	-53	4	1547.0	0.25856496444731736
chr17	-52	3	1563.0	0.19193857965451055
chr17	-51	4	1587.0	0.2520478890989288
chr17	-50	2	1607.0	0.12445550715619166
chr17	-49	3	1635.0	0.1834862385321101
chr17	-48	7	1659.0	0.42194092827004215
chr17	-47	4	1677.0	0.2385211687537269
chr17	-46	4	1697.0	0.2357100766057749
chr17	-45	1	1720.0	0.05813953488372093
chr17	-44	7	1751.0	0.3997715591090805
chr17	-43	6	1784.0	0.336322869955157
chr17	-42	1	1812.0	0.05518763796909492
chr17	-41	4	1841.0	0.21727322107550243
chr17	-40	1	1862.0	0.05370569280343716
chr17	-39	11	1889.0	0.5823186871360508
chr17	-38	2	1916.0	0.10438413361169101
chr17	-37	1	1939.0	0.0515729757607014
chr17	-36	5	1962.0	0.254841997961264
chr17	-35	4	1992.0	0.2008032128514056
chr17	-34	3	2013.0	0.14903129657228018
chr17	-33	3	2045.0	0.1466992665036675
chr17	-32	1	2074.0	0.048216007714561235
chr17	-31	1	2096.0	0.047709923664122134
chr17	-30	11	2123.0	0.5181347150259068
chr17	-29	1	2153.0	0.046446818392940084
chr17	-28	4	2190.0	0.182648401826484
chr17	-27	2	2223.0	0.0899685110211426
chr17	-26	5	2257.0	0.2215330084182543
chr17	-25	0	2281.0	0.0
chr17	-24	4	2309.0	0.17323516673884798
chr17	-23	1	2344.0	0.042662116040955635
chr17	-22	3	2380.0	0.12605042016806722
chr17	-21	2	2407.0	0.08309098462816784
chr17	-20	4	2427.0	0.16481252575195715
chr17	-19	8	2451.0	0.3263973888208894
chr17	-18	3	2476.0	0.12116316639741519
chr17	-17	0	2509.0	0.0
chr17	-16	6	2544.0	0.2358490566037736
chr17	-15	2	2582.0	0.0774593338497289
chr17	-14	3	2618.0	0.1145912910618793
chr17	-13	7	2662.0	0.26296018031555224
chr17	-12	3	2713.0	0.11057869517139698
chr17	-11	5	2745.0	0.18214936247723132
chr17	-10	2	2778.0	0.07199424046076314
chr17	-9	13	2780.0	0.4676258992805755
chr17	-8	1	2775.0	0.036036036036036036
chr17	-7	5	2767.0	0.18070112034694613
chr17	-6	2	2780.0	0.07194244604316546
chr17	-5	3	2780.0	0.1079136690647482
chr17	-4	1	2776.0	0.03602305475504323
chr17	-3	3	2769.0	0.10834236186348861
chr17	-2	6	2770.0	0.21660649819494585
chr17	-1	24	2762.0	0.8689355539464156
chr17	0	44	2710.0	1.6236162361623614
chr17	1	12	2681.0	0.4475941812756434
chr17	2	5	2655.0	0.18832391713747645
chr17	3	3	2628.0	0.1141552511415525
chr17	4	11	2603.0	0.42258932001536686
chr17	5	4	2581.0	0.15497869043006587
chr17	6	5	2548.0	0.19623233908948193
chr17	7	3	2527.0	0.1187178472497032
chr17	8	11	2503.0	0.43947263284059124
chr17	9	5	2473.0	0.20218358269308534
chr17	10	8	2445.0	0.32719836400818
chr17	11	4	2424.0	0.16501650165016502
chr17	12	11	2411.0	0.45624222314392365
chr17	13	6	2391.0	0.2509410288582183
chr17	14	4	2371.0	0.1687051876845213
chr17	15	9	2347.0	0.3834682573498083
chr17	16	2	2321.0	0.08616975441619991
chr17	17	7	2297.0	0.30474531998258597
chr17	18	8	2274.0	0.3518029903254178
chr17	19	4	2247.0	0.1780151312861593
chr17	20	2	2224.0	0.08992805755395684
chr17	21	2	2206.0	0.09066183136899365
chr17	22	3	2183.0	0.1374255611543747
chr17	23	3	2156.0	0.13914656771799627
chr17	24	1	2127.0	0.04701457451810061
chr17	25	8	2108.0	0.3795066413662239
chr17	26	0	2090.0	0.0
chr17	27	5	2063.0	0.24236548715462916
chr17	28	6	2038.0	0.2944062806673209
chr17	29	15	2012.0	0.7455268389662028
chr17	30	4	1986.0	0.2014098690835851
chr17	31	3	1954.0	0.15353121801432956
chr17	32	1	1932.0	0.051759834368530024
chr17	33	1	1906.0	0.05246589716684155
chr17	34	0	1876.0	0.0
chr17	35	5	1846.0	0.27085590465872156
chr17	36	1	1821.0	0.054914881933003847
chr17	37	1	1792.0	0.055803571428571425
chr17	38	10	1777.0	0.5627462014631401
chr17	39	4	1751.0	0.2284408909194746
chr17	40	6	1725.0	0.34782608695652173
chr17	41	8	1695.0	0.471976401179941
chr17	42	4	1671.0	0.23937761819269898
chr17	43	8	1638.0	0.4884004884004884
chr17	44	8	1604.0	0.4987531172069825
chr17	45	6	1585.0	0.3785488958990536
chr17	46	6	1570.0	0.3821656050955414
chr17	47	15	1551.0	0.9671179883945842
chr17	48	1	1531.0	0.06531678641410843
chr17	49	5	1508.0	0.33156498673740054
chr17	50	6	1482.0	0.4048582995951417
chr17	51	4	1458.0	0.2743484224965706
chr17	52	0	1435.0	0.0
chr17	53	1	1405.0	0.0711743772241993
chr17	54	1	1393.0	0.07178750897343862
chr17	55	2	1372.0	0.1457725947521866
chr17	56	0	1354.0	0.0
chr17	57	2	1325.0	0.1509433962264151
chr17	58	5	1292.0	0.38699690402476783
chr17	59	3	1272.0	0.2358490566037736
chr17	60	2	1250.0	0.16
chr17	61	1	1232.0	0.08116883116883117
chr17	62	3	1211.0	0.2477291494632535
chr17	63	4	1191.0	0.33585222502099077
chr17	64	3	1160.0	0.25862068965517243
chr17	65	7	1132.0	0.6183745583038869
chr17	66	2	1112.0	0.1798561151079137
chr17	67	1	1086.0	0.09208103130755065
chr17	68	8	1066.0	0.7504690431519699
chr17	69	1	1037.0	0.09643201542912247
chr17	70	1	1013.0	0.09871668311944717
chr17	71	3	983.0	0.3051881993896236
chr17	72	1	961.0	0.10405827263267431
chr17	73	4	930.0	0.43010752688172044
chr17	74	4	906.0	0.44150110375275936
chr17	75	1	884.0	0.11312217194570137
chr17	76	4	852.0	0.4694835680751174
chr17	77	2	823.0	0.24301336573511542
chr17	78	2	799.0	0.2503128911138924
chr17	79	1	768.0	0.13020833333333331
chr17	80	2	746.0	0.2680965147453083
chr17	81	0	722.0	0.0
chr17	82	0	693.0	0.0
chr17	83	6	674.0	0.8902077151335311
chr17	84	0	643.0	0.0
chr17	85	1	613.0	0.1631321370309951
chr17	86	3	594.0	0.5050505050505051
chr17	87	0	568.0	0.0
chr17	88	0	544.0	0.0
chr17	89	0	519.0	0.0
chr17	90	1	481.0	0.2079002079002079
chr17	91	0	460.0	0.0
chr17	92	0	430.0	0.0
chr17	93	1	402.0	0.24875621890547264
chr17	94	1	380.0	0.2631578947368421
chr17	95	0	361.0	0.0
chr17	96	2	319.0	0.6269592476489028
chr17	97	0	298.0	0.0
chr17	98	0	273.0	0.0
chr17	99	1	245.0	0.40816326530612246
chr17	100	0	220.0	0.0
chr17	101	1	193.0	0.5181347150259068
chr17	102	0	171.0	0.0
chr17	103	0	140.0	0.0
chr17	104	0	111.0	0.0
chr17	105	1	92.0	1.0869565217391304
chr17	106	0	69.0	0.0
chr17	107	0	54.0	0.0
chr17	108	0	32.0	0.0
chr17	109	0	13.0	0.0
chr17	110	0	0.0	nan
chr17	111	0	0.0	nan
chr17	112	0	0.0	nan
chr17	113	0	0.0	nan
chr17	114	0	0.0	nan
chr17	115	0	0.0	nan
chr17	116	0	0.0	nan
chr17	117	0	0.0	nan
chr17	118	0	0.0	nan
chr17	119	0	0.0	nan
chr17	120	0	0.0	nan
chr17	121	0	0.0	nan
chr17	122	0	0.0	nan
chr17	123	0	0.0	nan
chr17	124	0	0.0	nan
chr17	125	0	0.0	nan
chr17	126	0	0.0	nan
chr17	127	0	0.0	nan
chr17	128	0	0.0	nan
chr17	129	0	0.0	nan
chr18	-123	0	1.0	0.0
chr18	-122	0	1.0	0.0
chr18	-121	0	3.0	0.0
chr18	-120	0	6.0	0.0
chr18	-119	0	10.0	0.0
chr18	-118	0	13.0	0.0
chr18	-117	0	22.0	0.0
chr18	-116	0	31.0	0.0
chr18	-115	0	40.0	0.0
chr18	-114	0	52.0	0.0
chr18	-113	0	60.0	0.0
chr18	-112	0	72.0	0.0
chr18	-111	0	81.0	0.0
chr18	-110	0	87.0	0.0
chr18	-109	0	94.0	0.0
chr18	-108	0	112.0	0.0
chr18	-107	2	120.0	1.6666666666666667
chr18	-106	0	128.0	0.0
chr18	-105	0	150.0	0.0
chr18	-104	0	165.0	0.0
chr18	-103	0	174.0	0.0
chr18	-102	0	185.0	0.0
chr18	-101	0	197.0	0.0
chr18	-100	0	208.0	0.0
chr18	-99	1	215.0	0.46511627906976744
chr18	-98	0	222.0	0.0
chr18	-97	0	229.0	0.0
chr18	-96	0	246.0	0.0
chr18	-95	0	257.0	0.0
chr18	-94	0	269.0	0.0
chr18	-93	1	280.0	0.35714285714285715
chr18	-92	0	295.0	0.0
chr18	-91	1	306.0	0.32679738562091504
chr18	-90	1	321.0	0.3115264797507788
chr18	-89	0	332.0	0.0
chr18	-88	0	346.0	0.0
chr18	-87	0	352.0	0.0
chr18	-86	1	366.0	0.273224043715847
chr18	-85	0	380.0	0.0
chr18	-84	2	390.0	0.5128205128205128
chr18	-83	3	404.0	0.7425742574257426
chr18	-82	0	419.0	0.0
chr18	-81	0	434.0	0.0
chr18	-80	1	447.0	0.22371364653243847
chr18	-79	0	466.0	0.0
chr18	-78	0	476.0	0.0
chr18	-77	0	490.0	0.0
chr18	-76	4	503.0	0.7952286282306162
chr18	-75	0	512.0	0.0
chr18	-74	0	532.0	0.0
chr18	-73	0	548.0	0.0
chr18	-72	0	563.0	0.0
chr18	-71	0	576.0	0.0
chr18	-70	0	584.0	0.0
chr18	-69	0	600.0	0.0
chr18	-68	0	611.0	0.0
chr18	-67	0	626.0	0.0
chr18	-66	0	637.0	0.0
chr18	-65	2	649.0	0.30816640986132515
chr18	-64	1	654.0	0.1529051987767584
chr18	-63	0	667.0	0.0
chr18	-62	1	679.0	0.14727540500736377
chr18	-61	0	695.0	0.0
chr18	-60	0	712.0	0.0
chr18	-59	3	729.0	0.411522633744856
chr18	-58	1	742.0	0.13477088948787064
chr18	-57	0	750.0	0.0
chr18	-56	1	760.0	0.13157894736842105
chr18	-55	0	768.0	0.0
chr18	-54	0	784.0	0.0
chr18	-53	4	799.0	0.5006257822277848
chr18	-52	3	811.0	0.36991368680641185
chr18	-51	0	826.0	0.0
chr18	-50	0	837.0	0.0
chr18	-49	0	845.0	0.0
chr18	-48	1	855.0	0.11695906432748539
chr18	-47	0	872.0	0.0
chr18	-46	0	882.0	0.0
chr18	-45	0	896.0	0.0
chr18	-44	1	908.0	0.11013215859030838
chr18	-43	0	920.0	0.0
chr18	-42	4	930.0	0.43010752688172044
chr18	-41	4	950.0	0.42105263157894735
chr18	-40	0	959.0	0.0
chr18	-39	0	971.0	0.0
chr18	-38	6	973.0	0.6166495375128468
chr18	-37	4	987.0	0.4052684903748734
chr18	-36	2	999.0	0.20020020020020018
chr18	-35	1	1011.0	0.09891196834817012
chr18	-34	0	1022.0	0.0
chr18	-33	0	1036.0	0.0
chr18	-32	2	1049.0	0.19065776930409914
chr18	-31	0	1054.0	0.0
chr18	-30	2	1071.0	0.18674136321195145
chr18	-29	1	1087.0	0.09199632014719411
chr18	-28	0	1094.0	0.0
chr18	-27	0	1105.0	0.0
chr18	-26	16	1120.0	1.4285714285714286
chr18	-25	0	1130.0	0.0
chr18	-24	0	1145.0	0.0
chr18	-23	1	1160.0	0.08620689655172414
chr18	-22	0	1170.0	0.0
chr18	-21	0	1191.0	0.0
chr18	-20	3	1216.0	0.24671052631578946
chr18	-19	4	1231.0	0.3249390739236393
chr18	-18	1	1247.0	0.08019246190858059
chr18	-17	0	1263.0	0.0
chr18	-16	2	1276.0	0.1567398119122257
chr18	-15	3	1288.0	0.2329192546583851
chr18	-14	2	1299.0	0.15396458814472672
chr18	-13	2	1314.0	0.15220700152207
chr18	-12	3	1330.0	0.2255639097744361
chr18	-11	13	1352.0	0.9615384615384616
chr18	-10	0	1358.0	0.0
chr18	-9	0	1346.0	0.0
chr18	-8	0	1345.0	0.0
chr18	-7	2	1364.0	0.1466275659824047
chr18	-6	0	1365.0	0.0
chr18	-5	1	1364.0	0.07331378299120235
chr18	-4	0	1364.0	0.0
chr18	-3	1	1364.0	0.07331378299120235
chr18	-2	1	1364.0	0.07331378299120235
chr18	-1	25	1363.0	1.834189288334556
chr18	0	37	1316.0	2.811550151975684
chr18	1	1	1304.0	0.07668711656441718
chr18	2	2	1294.0	0.1545595054095827
chr18	3	2	1280.0	0.15625
chr18	4	1	1269.0	0.07880220646178093
chr18	5	1	1256.0	0.07961783439490447
chr18	6	2	1242.0	0.1610305958132045
chr18	7	2	1213.0	0.16488046166529266
chr18	8	2	1204.0	0.16611295681063123
chr18	9	2	1200.0	0.16666666666666669
chr18	10	10	1203.0	0.8312551953449709
chr18	11	7	1198.0	0.5843071786310517
chr18	12	2	1181.0	0.1693480101608806
chr18	13	0	1171.0	0.0
chr18	14	2	1163.0	0.17196904557179707
chr18	15	2	1136.0	0.17605633802816903
chr18	16	1	1119.0	0.08936550491510277
chr18	17	1	1111.0	0.09000900090009001
chr18	18	9	1100.0	0.8181818181818182
chr18	19	5	1087.0	0.45998160073597055
chr18	20	5	1074.0	0.4655493482309125
chr18	21	2	1069.0	0.18709073900841908
chr18	22	7	1055.0	0.6635071090047393
chr18	23	7	1040.0	0.6730769230769231
chr18	24	2	1031.0	0.19398642095053348
chr18	25	6	1018.0	0.5893909626719057
chr18	26	2	1008.0	0.1984126984126984
chr18	27	6	993.0	0.6042296072507553
chr18	28	2	982.0	0.20366598778004072
chr18	29	4	970.0	0.4123711340206186
chr18	30	0	950.0	0.0
chr18	31	6	933.0	0.6430868167202572
chr18	32	1	924.0	0.10822510822510822
chr18	33	1	911.0	0.10976948408342481
chr18	34	2	903.0	0.22148394241417496
chr18	35	2	893.0	0.22396416573348266
chr18	36	9	874.0	1.0297482837528604
chr18	37	1	860.0	0.11627906976744186
chr18	38	1	856.0	0.11682242990654204
chr18	39	1	843.0	0.11862396204033215
chr18	40	5	827.0	0.6045949214026602
chr18	41	2	814.0	0.2457002457002457
chr18	42	0	798.0	0.0
chr18	43	2	784.0	0.25510204081632654
chr18	44	2	781.0	0.2560819462227913
chr18	45	3	765.0	0.39215686274509803
chr18	46	1	755.0	0.13245033112582782
chr18	47	3	744.0	0.4032258064516129
chr18	48	6	730.0	0.821917808219178
chr18	49	1	711.0	0.14064697609001406
chr18	50	1	697.0	0.1434720229555237
chr18	51	0	690.0	0.0
chr18	52	6	675.0	0.8888888888888888
chr18	53	1	660.0	0.15151515151515152
chr18	54	0	647.0	0.0
chr18	55	0	637.0	0.0
chr18	56	0	626.0	0.0
chr18	57	1	618.0	0.16181229773462785
chr18	58	2	604.0	0.33112582781456956
chr18	59	0	592.0	0.0
chr18	60	2	577.0	0.34662045060658575
chr18	61	0	567.0	0.0
chr18	62	1	557.0	0.17953321364452424
chr18	63	0	539.0	0.0
chr18	64	1	530.0	0.18867924528301888
chr18	65	0	513.0	0.0
chr18	66	0	504.0	0.0
chr18	67	0	493.0	0.0
chr18	68	0	483.0	0.0
chr18	69	0	475.0	0.0
chr18	70	0	460.0	0.0
chr18	71	2	444.0	0.45045045045045046
chr18	72	1	434.0	0.2304147465437788
chr18	73	0	420.0	0.0
chr18	74	0	406.0	0.0
chr18	75	2	396.0	0.5050505050505051
chr18	76	0	381.0	0.0
chr18	77	1	367.0	0.2724795640326975
chr18	78	0	356.0	0.0
chr18	79	1	347.0	0.2881844380403458
chr18	80	1	338.0	0.2958579881656805
chr18	81	1	322.0	0.3105590062111801
chr18	82	3	309.0	0.9708737864077669
chr18	83	0	298.0	0.0
chr18	84	0	281.0	0.0
chr18	85	2	268.0	0.7462686567164178
chr18	86	0	258.0	0.0
chr18	87	3	246.0	1.2195121951219512
chr18	88	1	230.0	0.43478260869565216
chr18	89	3	225.0	1.3333333333333335
chr18	90	1	217.0	0.4608294930875576
chr18	91	0	206.0	0.0
chr18	92	0	194.0	0.0
chr18	93	0	182.0	0.0
chr18	94	0	162.0	0.0
chr18	95	0	152.0	0.0
chr18	96	0	141.0	0.0
chr18	97	0	126.0	0.0
chr18	98	0	117.0	0.0
chr18	99	0	105.0	0.0
chr18	100	0	94.0	0.0
chr18	101	0	86.0	0.0
chr18	102	1	67.0	1.4925373134328357
chr18	103	0	51.0	0.0
chr18	104	0	38.0	0.0
chr18	105	0	31.0	0.0
chr18	106	0	25.0	0.0
chr18	107	0	19.0	0.0
chr18	108	0	8.0	0.0
chr18	109	0	5.0	0.0
chr18	110	0	0.0	nan
chr18	111	0	0.0	nan
chr18	112	0	0.0	nan
chr18	113	0	0.0	nan
chr18	114	0	0.0	nan
chr18	115	0	0.0	nan
chr18	116	0	0.0	nan
chr18	117	0	0.0	nan
chr18	118	0	0.0	nan
chr18	119	0	0.0	nan
chr18	120	0	0.0	nan
chr18	121	0	0.0	nan
chr18	122	0	0.0	nan
chr18	123	0	0.0	nan
chr18	124	0	0.0	nan
chr18	125	0	0.0	nan
chr18	126	0	0.0	nan
chr19	-128	0	1.0	0.0
chr19	-127	0	1.0	0.0
chr19	-126	0	1.0	0.0
chr19	-125	0	4.0	0.0
chr19	-124	0	4.0	0.0
chr19	-123	0	5.0	0.0
chr19	-122	0	10.0	0.0
chr19	-121	0	34.0	0.0
chr19	-120	0	53.0	0.0
chr19	-119	0	71.0	0.0
chr19	-118	0	83.0	0.0
chr19	-117	0	112.0	0.0
chr19	-116	0	148.0	0.0
chr19	-115	0	180.0	0.0
chr19	-114	0	212.0	0.0
chr19	-113	0	254.0	0.0
chr19	-112	0	286.0	0.0
chr19	-111	0	322.0	0.0
chr19	-110	1	361.0	0.2770083102493075
chr19	-109	1	410.0	0.24390243902439024
chr19	-108	0	431.0	0.0
chr19	-107	0	479.0	0.0
chr19	-106	0	529.0	0.0
chr19	-105	0	568.0	0.0
chr19	-104	0	608.0	0.0
chr19	-103	0	656.0	0.0
chr19	-102	1	685.0	0.145985401459854
chr19	-101	4	721.0	0.5547850208044383
chr19	-100	1	752.0	0.13297872340425532
chr19	-99	0	781.0	0.0
chr19	-98	1	820.0	0.12195121951219512
chr19	-97	0	872.0	0.0
chr19	-96	5	920.0	0.5434782608695652
chr19	-95	3	965.0	0.31088082901554404
chr19	-94	2	1003.0	0.19940179461615154
chr19	-93	2	1042.0	0.19193857965451055
chr19	-92	2	1087.0	0.18399264029438822
chr19	-91	1	1129.0	0.08857395925597875
chr19	-90	4	1168.0	0.3424657534246575
chr19	-89	1	1203.0	0.0831255195344971
chr19	-88	1	1257.0	0.07955449482895784
chr19	-87	1	1293.0	0.07733952049497293
chr19	-86	1	1323.0	0.07558578987150416
chr19	-85	4	1364.0	0.2932551319648094
chr19	-84	2	1414.0	0.14144271570014144
chr19	-83	2	1456.0	0.13736263736263737
chr19	-82	3	1509.0	0.19880715705765406
chr19	-81	0	1559.0	0.0
chr19	-80	0	1601.0	0.0
chr19	-79	1	1644.0	0.06082725060827251
chr19	-78	2	1690.0	0.1183431952662722
chr19	-77	2	1727.0	0.11580775911986102
chr19	-76	3	1776.0	0.16891891891891891
chr19	-75	2	1830.0	0.1092896174863388
chr19	-74	2	1875.0	0.10666666666666667
chr19	-73	5	1926.0	0.25960539979231567
chr19	-72	1	1977.0	0.05058168942842691
chr19	-71	1	2021.0	0.04948045522018803
chr19	-70	9	2068.0	0.43520309477756286
chr19	-69	7	2106.0	0.33238366571699907
chr19	-68	7	2138.0	0.32740879326473343
chr19	-67	3	2189.0	0.13704888076747374
chr19	-66	9	2228.0	0.4039497307001795
chr19	-65	6	2266.0	0.264783759929391
chr19	-64	3	2297.0	0.13060513713539398
chr19	-63	4	2339.0	0.17101325352714836
chr19	-62	8	2379.0	0.33627574611181166
chr19	-61	3	2427.0	0.12360939431396785
chr19	-60	4	2478.0	0.16142050040355124
chr19	-59	4	2525.0	0.15841584158415842
chr19	-58	4	2571.0	0.15558148580318942
chr19	-57	6	2628.0	0.228310502283105
chr19	-56	2	2670.0	0.0749063670411985
chr19	-55	5	2718.0	0.18395879323031641
chr19	-54	8	2766.0	0.28922631959508316
chr19	-53	14	2808.0	0.49857549857549854
chr19	-52	14	2861.0	0.4893393918210416
chr19	-51	5	2911.0	0.1717622810030917
chr19	-50	1	2967.0	0.03370407819346141
chr19	-49	3	3017.0	0.09943652635067948
chr19	-48	9	3062.0	0.2939255388634879
chr19	-47	4	3122.0	0.12812299807815503
chr19	-46	0	3168.0	0.0
chr19	-45	9	3218.0	0.27967681789931637
chr19	-44	9	3266.0	0.27556644213104714
chr19	-43	8	3308.0	0.24183796856106407
chr19	-42	10	3355.0	0.29806259314456035
chr19	-41	1	3407.0	0.0293513354857646
chr19	-40	14	3462.0	0.4043905257076834
chr19	-39	16	3512.0	0.45558086560364464
chr19	-38	4	3564.0	0.11223344556677892
chr19	-37	1	3602.0	0.027762354247640203
chr19	-36	3	3662.0	0.0819224467504096
chr19	-35	7	3716.0	0.1883745963401507
chr19	-34	2	3779.0	0.05292405398253506
chr19	-33	4	3828.0	0.10449320794148381
chr19	-32	8	3865.0	0.2069857697283312
chr19	-31	4	3915.0	0.10217113665389528
chr19	-30	3	3973.0	0.07550969041026932
chr19	-29	1	4038.0	0.024764735017335313
chr19	-28	7	4092.0	0.1710654936461388
chr19	-27	12	4139.0	0.2899251026818072
chr19	-26	3	4203.0	0.07137758743754462
chr19	-25	5	4258.0	0.11742602160638797
chr19	-24	18	4311.0	0.41753653444676403
chr19	-23	5	4383.0	0.11407711613050422
chr19	-22	20	4435.0	0.4509582863585118
chr19	-21	7	4497.0	0.155659328441183
chr19	-20	5	4563.0	0.10957703265395574
chr19	-19	7	4614.0	0.15171218032076292
chr19	-18	3	4688.0	0.06399317406143344
chr19	-17	21	4751.0	0.44201220795621976
chr19	-16	15	4839.0	0.3099814011159331
chr19	-15	10	4915.0	0.20345879959308238
chr19	-14	12	4979.0	0.24101225145611568
chr19	-13	4	5043.0	0.07931786634939521
chr19	-12	6	5118.0	0.11723329425556857
chr19	-11	8	5198.0	0.15390534821085033
chr19	-10	1	5261.0	0.019007793195210038
chr19	-9	3	5264.0	0.05699088145896656
chr19	-8	24	5269.0	0.45549440121465173
chr19	-7	3	5269.0	0.05693680015183147
chr19	-6	5	5268.0	0.09491268033409263
chr19	-5	5	5268.0	0.09491268033409263
chr19	-4	16	5267.0	0.30377824188342506
chr19	-3	5	5254.0	0.0951655881233346
chr19	-2	20	5257.0	0.38044512079132586
chr19	-1	49	5236.0	0.9358288770053476
chr19	0	69	5102.0	1.3524108192865543
chr19	1	27	5080.0	0.5314960629921259
chr19	2	8	5037.0	0.15882469724042086
chr19	3	17	4989.0	0.3407496492283023
chr19	4	4	4944.0	0.08090614886731393
chr19	5	17	4907.0	0.34644385571632363
chr19	6	6	4862.0	0.12340600575894693
chr19	7	26	4810.0	0.5405405405405406
chr19	8	12	4757.0	0.25225982762245114
chr19	9	21	4715.0	0.4453870625662778
chr19	10	16	4652.0	0.34393809114359414
chr19	11	18	4616.0	0.389948006932409
chr19	12	9	4568.0	0.19702276707530647
chr19	13	14	4530.0	0.3090507726269316
chr19	14	26	4496.0	0.5782918149466192
chr19	15	26	4450.0	0.5842696629213483
chr19	16	23	4392.0	0.5236794171220401
chr19	17	7	4338.0	0.16136468418626093
chr19	18	10	4310.0	0.23201856148491878
chr19	19	3	4259.0	0.0704390702042733
chr19	20	12	4226.0	0.28395646000946523
chr19	21	21	4184.0	0.5019120458891013
chr19	22	17	4140.0	0.41062801932367154
chr19	23	22	4090.0	0.5378973105134475
chr19	24	8	4037.0	0.19816695566014364
chr19	25	7	3987.0	0.17557060446450964
chr19	26	11	3960.0	0.2777777777777778
chr19	27	12	3928.0	0.30549898167006106
chr19	28	4	3868.0	0.1034126163391934
chr19	29	11	3825.0	0.2875816993464052
chr19	30	11	3792.0	0.290084388185654
chr19	31	13	3753.0	0.3463895550226485
chr19	32	4	3704.0	0.10799136069114472
chr19	33	7	3644.0	0.19209659714599342
chr19	34	8	3593.0	0.22265516281658781
chr19	35	6	3555.0	0.16877637130801687
chr19	36	14	3507.0	0.39920159680638717
chr19	37	6	3465.0	0.17316017316017315
chr19	38	25	3416.0	0.7318501170960188
chr19	39	11	3372.0	0.3262158956109134
chr19	40	8	3335.0	0.23988005997001496
chr19	41	11	3293.0	0.33404190707561493
chr19	42	13	3245.0	0.40061633281972264
chr19	43	13	3197.0	0.4066312167657179
chr19	44	8	3157.0	0.25340513145391197
chr19	45	11	3099.0	0.35495321071313324
chr19	46	10	3055.0	0.32733224222585927
chr19	47	11	3007.0	0.36581310276022616
chr19	48	9	2966.0	0.30343897505057316
chr19	49	10	2912.0	0.3434065934065934
chr19	50	4	2866.0	0.13956734124214934
chr19	51	17	2833.0	0.6000705965407696
chr19	52	19	2805.0	0.6773618538324421
chr19	53	9	2761.0	0.3259688518652662
chr19	54	7	2710.0	0.25830258302583026
chr19	55	3	2658.0	0.1128668171557562
chr19	56	7	2613.0	0.26789131266743205
chr19	57	4	2566.0	0.1558846453624318
chr19	58	5	2523.0	0.19817677368212444
chr19	59	6	2484.0	0.24154589371980675
chr19	60	6	2433.0	0.2466091245376079
chr19	61	10	2386.0	0.4191114836546521
chr19	62	5	2338.0	0.21385799828913601
chr19	63	6	2297.0	0.26121027427078797
chr19	64	6	2248.0	0.26690391459074736
chr19	65	5	2198.0	0.22747952684258416
chr19	66	0	2147.0	0.0
chr19	67	7	2092.0	0.33460803059273425
chr19	68	8	2048.0	0.390625
chr19	69	16	2003.0	0.798801797304044
chr19	70	5	1949.0	0.2565418163160595
chr19	71	5	1900.0	0.2631578947368421
chr19	72	10	1847.0	0.5414185165132648
chr19	73	11	1807.0	0.6087437742114
chr19	74	5	1751.0	0.2855511136493432
chr19	75	2	1701.0	0.11757789535567313
chr19	76	5	1655.0	0.3021148036253776
chr19	77	3	1615.0	0.18575851393188852
chr19	78	6	1563.0	0.3838771593090211
chr19	79	1	1517.0	0.06591957811470006
chr19	80	2	1456.0	0.13736263736263737
chr19	81	4	1408.0	0.2840909090909091
chr19	82	3	1368.0	0.21929824561403508
chr19	83	6	1326.0	0.4524886877828055
chr19	84	6	1268.0	0.47318611987381703
chr19	85	2	1201.0	0.16652789342214822
chr19	86	3	1148.0	0.2613240418118467
chr19	87	1	1094.0	0.09140767824497258
chr19	88	6	1054.0	0.5692599620493358
chr19	89	2	1015.0	0.19704433497536944
chr19	90	3	963.0	0.3115264797507788
chr19	91	5	899.0	0.5561735261401557
chr19	92	1	853.0	0.11723329425556857
chr19	93	0	808.0	0.0
chr19	94	0	750.0	0.0
chr19	95	2	691.0	0.2894356005788712
chr19	96	2	644.0	0.3105590062111801
chr19	97	2	588.0	0.3401360544217687
chr19	98	0	535.0	0.0
chr19	99	2	484.0	0.4132231404958678
chr19	100	2	416.0	0.4807692307692308
chr19	101	3	358.0	0.8379888268156425
chr19	102	0	311.0	0.0
chr19	103	0	257.0	0.0
chr19	104	2	211.0	0.9478672985781991
chr19	105	1	163.0	0.6134969325153374
chr19	106	1	119.0	0.8403361344537815
chr19	107	0	89.0	0.0
chr19	108	0	54.0	0.0
chr19	109	0	20.0	0.0
chr19	110	0	1.0	0.0
chr19	111	0	1.0	0.0
chr19	112	0	0.0	nan
chr19	113	0	0.0	nan
chr19	114	0	0.0	nan
chr19	115	0	0.0	nan
chr19	116	0	0.0	nan
chr19	117	0	0.0	nan
chr19	118	0	0.0	nan
chr19	119	0	0.0	nan
chr19	120	0	0.0	nan
chr19	121	0	0.0	nan
chr19	122	0	0.0	nan
chr19	123	0	0.0	nan
chr19	124	0	0.0	nan
chr19	125	0	0.0	nan
chr19	126	0	0.0	nan
chr19	127	0	0.0	nan
chr19	128	0	0.0	nan
chr20	-121	0	2.0	0.0
chr20	-120	0	14.0	0.0
chr20	-119	0	22.0	0.0
chr20	-118	0	32.0	0.0
chr20	-117	0	39.0	0.0
chr20	-116	0	51.0	0.0
chr20	-115	0	63.0	0.0
chr20	-114	0	77.0	0.0
chr20	-113	0	91.0	0.0
chr20	-112	0	106.0	0.0
chr20	-111	0	122.0	0.0
chr20	-110	0	133.0	0.0
chr20	-109	0	145.0	0.0
chr20	-108	3	168.0	1.7857142857142856
chr20	-107	0	177.0	0.0
chr20	-106	0	195.0	0.0
chr20	-105	0	213.0	0.0
chr20	-104	0	232.0	0.0
chr20	-103	0	248.0	0.0
chr20	-102	0	255.0	0.0
chr20	-101	0	273.0	0.0
chr20	-100	0	294.0	0.0
chr20	-99	0	307.0	0.0
chr20	-98	0	324.0	0.0
chr20	-97	2	344.0	0.5813953488372093
chr20	-96	0	358.0	0.0
chr20	-95	2	369.0	0.5420054200542005
chr20	-94	0	389.0	0.0
chr20	-93	0	406.0	0.0
chr20	-92	0	414.0	0.0
chr20	-91	4	426.0	0.9389671361502347
chr20	-90	0	447.0	0.0
chr20	-89	0	470.0	0.0
chr20	-88	0	503.0	0.0
chr20	-87	1	521.0	0.19193857965451055
chr20	-86	3	537.0	0.5586592178770949
chr20	-85	0	556.0	0.0
chr20	-84	0	567.0	0.0
chr20	-83	2	578.0	0.34602076124567477
chr20	-82	0	599.0	0.0
chr20	-81	0	615.0	0.0
chr20	-80	1	632.0	0.15822784810126583
chr20	-79	5	650.0	0.7692307692307693
chr20	-78	2	671.0	0.29806259314456035
chr20	-77	0	687.0	0.0
chr20	-76	0	708.0	0.0
chr20	-75	0	730.0	0.0
chr20	-74	3	750.0	0.4
chr20	-73	6	774.0	0.7751937984496124
chr20	-72	0	790.0	0.0
chr20	-71	0	810.0	0.0
chr20	-70	1	826.0	0.12106537530266344
chr20	-69	4	839.0	0.47675804529201427
chr20	-68	3	856.0	0.35046728971962615
chr20	-67	0	872.0	0.0
chr20	-66	0	887.0	0.0
chr20	-65	0	902.0	0.0
chr20	-64	1	920.0	0.10869565217391304
chr20	-63	0	937.0	0.0
chr20	-62	1	960.0	0.10416666666666667
chr20	-61	2	985.0	0.20304568527918782
chr20	-60	5	1004.0	0.49800796812749004
chr20	-59	0	1029.0	0.0
chr20	-58	2	1046.0	0.19120458891013384
chr20	-57	0	1060.0	0.0
chr20	-56	0	1084.0	0.0
chr20	-55	0	1102.0	0.0
chr20	-54	2	1124.0	0.1779359430604982
chr20	-53	2	1141.0	0.175284837861525
chr20	-52	3	1161.0	0.2583979328165375
chr20	-51	3	1181.0	0.2540220152413209
chr20	-50	4	1198.0	0.333889816360601
chr20	-49	0	1218.0	0.0
chr20	-48	2	1234.0	0.1620745542949757
chr20	-47	2	1253.0	0.1596169193934557
chr20	-46	2	1271.0	0.15735641227380015
chr20	-45	5	1294.0	0.38639876352395675
chr20	-44	1	1316.0	0.07598784194528875
chr20	-43	6	1330.0	0.4511278195488722
chr20	-42	3	1358.0	0.22091310751104565
chr20	-41	1	1377.0	0.07262164124909223
chr20	-40	1	1388.0	0.07204610951008646
chr20	-39	0	1418.0	0.0
chr20	-38	9	1439.0	0.6254343293954135
chr20	-37	0	1459.0	0.0
chr20	-36	5	1479.0	0.3380662609871535
chr20	-35	0	1505.0	0.0
chr20	-34	1	1524.0	0.06561679790026247
chr20	-33	6	1554.0	0.3861003861003861
chr20	-32	3	1574.0	0.1905972045743329
chr20	-31	0	1606.0	0.0
chr20	-30	0	1634.0	0.0
chr20	-29	2	1660.0	0.12048192771084339
chr20	-28	1	1670.0	0.059880239520958084
chr20	-27	5	1701.0	0.29394473838918284
chr20	-26	0	1738.0	0.0
chr20	-25	0	1767.0	0.0
chr20	-24	7	1793.0	0.39040713887339656
chr20	-23	1	1819.0	0.054975261132490384
chr20	-22	1	1848.0	0.05411255411255411
chr20	-21	0	1882.0	0.0
chr20	-20	4	1896.0	0.21097046413502107
chr20	-19	3	1924.0	0.15592515592515593
chr20	-18	2	1939.0	0.1031459515214028
chr20	-17	3	1973.0	0.15205271160669032
chr20	-16	1	1997.0	0.050075112669003496
chr20	-15	3	2028.0	0.14792899408284024
chr20	-14	1	2059.0	0.04856726566294317
chr20	-13	2	2081.0	0.09610764055742432
chr20	-12	7	2105.0	0.332541567695962
chr20	-11	5	2124.0	0.23540489642184556
chr20	-10	7	2156.0	0.3246753246753247
chr20	-9	3	2155.0	0.13921113689095127
chr20	-8	4	2156.0	0.1855287569573284
chr20	-7	2	2156.0	0.0927643784786642
chr20	-6	4	2163.0	0.18492834026814609
chr20	-5	6	2163.0	0.27739251040221913
chr20	-4	7	2161.0	0.3239241092086997
chr20	-3	7	2160.0	0.32407407407407407
chr20	-2	3	2162.0	0.13876040703052728
chr20	-1	23	2162.0	1.0638297872340425
chr20	0	29	2111.0	1.3737565135007106
chr20	1	8	2084.0	0.3838771593090211
chr20	2	4	2063.0	0.19389238972370335
chr20	3	7	2043.0	0.34263338228095935
chr20	4	9	2028.0	0.4437869822485207
chr20	5	9	2009.0	0.44798407167745147
chr20	6	1	1996.0	0.0501002004008016
chr20	7	3	1985.0	0.15113350125944583
chr20	8	7	1963.0	0.3565970453387672
chr20	9	7	1949.0	0.35915854284248333
chr20	10	8	1932.0	0.4140786749482402
chr20	11	9	1917.0	0.4694835680751174
chr20	12	3	1897.0	0.158144438587243
chr20	13	9	1883.0	0.4779607010090282
chr20	14	3	1869.0	0.16051364365971107
chr20	15	3	1842.0	0.16286644951140067
chr20	16	7	1827.0	0.38314176245210724
chr20	17	2	1800.0	0.1111111111111111
chr20	18	4	1795.0	0.22284122562674097
chr20	19	9	1766.0	0.5096262740656852
chr20	20	3	1758.0	0.17064846416382254
chr20	21	1	1735.0	0.05763688760806917
chr20	22	2	1720.0	0.11627906976744186
chr20	23	6	1699.0	0.35314891112419067
chr20	24	4	1689.0	0.2368265245707519
chr20	25	3	1673.0	0.17931858936043038
chr20	26	9	1655.0	0.5438066465256798
chr20	27	5	1636.0	0.3056234718826406
chr20	28	0	1624.0	0.0
chr20	29	3	1611.0	0.186219739292365
chr20	30	3	1587.0	0.1890359168241966
chr20	31	7	1566.0	0.4469987228607918
chr20	32	10	1543.0	0.6480881399870383
chr20	33	1	1525.0	0.06557377049180328
chr20	34	0	1515.0	0.0
chr20	35	5	1500.0	0.33333333333333337
chr20	36	2	1481.0	0.1350438892640108
chr20	37	10	1462.0	0.6839945280437756
chr20	38	4	1440.0	0.2777777777777778
chr20	39	4	1422.0	0.2812939521800281
chr20	40	4	1407.0	0.28429282160625446
chr20	41	0	1381.0	0.0
chr20	42	9	1362.0	0.6607929515418502
chr20	43	8	1345.0	0.5947955390334573
chr20	44	14	1322.0	1.059001512859304
chr20	45	4	1298.0	0.30816640986132515
chr20	46	6	1278.0	0.4694835680751174
chr20	47	3	1257.0	0.23866348448687352
chr20	48	1	1239.0	0.08071025020177562
chr20	49	6	1218.0	0.49261083743842365
chr20	50	7	1209.0	0.5789909015715468
chr20	51	9	1190.0	0.7563025210084033
chr20	52	4	1172.0	0.3412969283276451
chr20	53	0	1160.0	0.0
chr20	54	6	1137.0	0.5277044854881267
chr20	55	2	1113.0	0.17969451931716085
chr20	56	1	1090.0	0.09174311926605505
chr20	57	5	1072.0	0.46641791044776115
chr20	58	1	1053.0	0.0949667616334283
chr20	59	8	1039.0	0.769971126082772
chr20	60	3	1007.0	0.29791459781529295
chr20	61	2	992.0	0.20161290322580644
chr20	62	5	974.0	0.5133470225872689
chr20	63	0	957.0	0.0
chr20	64	1	932.0	0.1072961373390558
chr20	65	2	915.0	0.2185792349726776
chr20	66	0	893.0	0.0
chr20	67	4	875.0	0.4571428571428572
chr20	68	3	845.0	0.35502958579881655
chr20	69	2	827.0	0.24183796856106407
chr20	70	1	801.0	0.12484394506866417
chr20	71	2	782.0	0.2557544757033248
chr20	72	9	764.0	1.1780104712041886
chr20	73	3	746.0	0.40214477211796246
chr20	74	0	729.0	0.0
chr20	75	3	712.0	0.42134831460674155
chr20	76	0	697.0	0.0
chr20	77	6	678.0	0.8849557522123894
chr20	78	3	656.0	0.45731707317073167
chr20	79	1	638.0	0.1567398119122257
chr20	80	0	618.0	0.0
chr20	81	3	592.0	0.5067567567567568
chr20	82	2	566.0	0.35335689045936397
chr20	83	0	544.0	0.0
chr20	84	0	529.0	0.0
chr20	85	0	506.0	0.0
chr20	86	4	481.0	0.8316008316008316
chr20	87	0	447.0	0.0
chr20	88	1	428.0	0.23364485981308408
chr20	89	0	395.0	0.0
chr20	90	5	370.0	1.3513513513513513
chr20	91	0	345.0	0.0
chr20	92	1	323.0	0.30959752321981426
chr20	93	1	307.0	0.32573289902280134
chr20	94	0	285.0	0.0
chr20	95	0	257.0	0.0
chr20	96	0	238.0	0.0
chr20	97	0	216.0	0.0
chr20	98	1	190.0	0.5263157894736842
chr20	99	0	170.0	0.0
chr20	100	1	148.0	0.6756756756756757
chr20	101	0	129.0	0.0
chr20	102	0	100.0	0.0
chr20	103	0	80.0	0.0
chr20	104	0	65.0	0.0
chr20	105	0	45.0	0.0
chr20	106	0	29.0	0.0
chr20	107	1	18.0	5.555555555555555
chr20	108	0	9.0	0.0
chr20	109	0	3.0	0.0
chr20	110	0	0.0	nan
chr20	111	0	0.0	nan
chr20	112	0	0.0	nan
chr20	113	0	0.0	nan
chr20	114	0	0.0	nan
chr20	115	0	0.0	nan
chr20	116	0	0.0	nan
chr20	117	0	0.0	nan
chr20	118	0	0.0	nan
chr20	119	0	0.0	nan
chr20	120	0	0.0	nan
chr20	121	0	0.0	nan
chr20	122	0	0.0	nan
chr20	123	0	0.0	nan
chr20	124	0	0.0	nan
chr20	125	0	0.0	nan
chr20	126	0	0.0	nan
chr20	127	0	0.0	nan
chr20	128	0	0.0	nan
chr20	129	0	0.0	nan
chr20	130	0	0.0	nan
chr20	131	0	0.0	nan
chr21	-119	0	1.0	0.0
chr21	-118	0	2.0	0.0
chr21	-117	0	2.0	0.0
chr21	-116	0	3.0	0.0
chr21	-115	0	4.0	0.0
chr21	-114	0	5.0	0.0
chr21	-113	0	8.0	0.0
chr21	-112	0	9.0	0.0
chr21	-111	0	9.0	0.0
chr21	-110	0	14.0	0.0
chr21	-109	0	14.0	0.0
chr21	-108	0	16.0	0.0
chr21	-107	0	20.0	0.0
chr21	-106	0	21.0	0.0
chr21	-105	0	23.0	0.0
chr21	-104	0	24.0	0.0
chr21	-103	0	26.0	0.0
chr21	-102	0	31.0	0.0
chr21	-101	0	31.0	0.0
chr21	-100	0	31.0	0.0
chr21	-99	0	32.0	0.0
chr21	-98	0	33.0	0.0
chr21	-97	0	36.0	0.0
chr21	-96	0	36.0	0.0
chr21	-95	0	39.0	0.0
chr21	-94	0	41.0	0.0
chr21	-93	0	44.0	0.0
chr21	-92	0	49.0	0.0
chr21	-91	0	52.0	0.0
chr21	-90	0	52.0	0.0
chr21	-89	0	54.0	0.0
chr21	-88	0	56.0	0.0
chr21	-87	0	57.0	0.0
chr21	-86	0	62.0	0.0
chr21	-85	0	65.0	0.0
chr21	-84	1	72.0	1.3888888888888888
chr21	-83	0	76.0	0.0
chr21	-82	0	78.0	0.0
chr21	-81	0	83.0	0.0
chr21	-80	0	86.0	0.0
chr21	-79	0	88.0	0.0
chr21	-78	0	91.0	0.0
chr21	-77	0	91.0	0.0
chr21	-76	0	94.0	0.0
chr21	-75	0	95.0	0.0
chr21	-74	0	96.0	0.0
chr21	-73	0	97.0	0.0
chr21	-72	1	99.0	1.0101010101010102
chr21	-71	0	103.0	0.0
chr21	-70	0	107.0	0.0
chr21	-69	0	110.0	0.0
chr21	-68	0	113.0	0.0
chr21	-67	0	117.0	0.0
chr21	-66	0	123.0	0.0
chr21	-65	2	124.0	1.6129032258064515
chr21	-64	0	127.0	0.0
chr21	-63	0	131.0	0.0
chr21	-62	0	131.0	0.0
chr21	-61	0	133.0	0.0
chr21	-60	0	136.0	0.0
chr21	-59	0	137.0	0.0
chr21	-58	0	139.0	0.0
chr21	-57	0	142.0	0.0
chr21	-56	0	145.0	0.0
chr21	-55	0	149.0	0.0
chr21	-54	0	153.0	0.0
chr21	-53	0	154.0	0.0
chr21	-52	0	155.0	0.0
chr21	-51	0	160.0	0.0
chr21	-50	1	164.0	0.6097560975609756
chr21	-49	0	164.0	0.0
chr21	-48	0	168.0	0.0
chr21	-47	11	169.0	6.508875739644971
chr21	-46	0	171.0	0.0
chr21	-45	1	171.0	0.5847953216374269
chr21	-44	0	172.0	0.0
chr21	-43	0	176.0	0.0
chr21	-42	0	177.0	0.0
chr21	-41	0	180.0	0.0
chr21	-40	0	181.0	0.0
chr21	-39	0	184.0	0.0
chr21	-38	0	184.0	0.0
chr21	-37	2	186.0	1.0752688172043012
chr21	-36	4	190.0	2.1052631578947367
chr21	-35	0	193.0	0.0
chr21	-34	5	194.0	2.5773195876288657
chr21	-33	0	198.0	0.0
chr21	-32	2	202.0	0.9900990099009901
chr21	-31	0	204.0	0.0
chr21	-30	0	209.0	0.0
chr21	-29	1	212.0	0.4716981132075472
chr21	-28	2	215.0	0.9302325581395349
chr21	-27	0	217.0	0.0
chr21	-26	0	221.0	0.0
chr21	-25	0	225.0	0.0
chr21	-24	0	233.0	0.0
chr21	-23	0	236.0	0.0
chr21	-22	1	239.0	0.41841004184100417
chr21	-21	0	242.0	0.0
chr21	-20	3	244.0	1.2295081967213115
chr21	-19	0	246.0	0.0
chr21	-18	18	251.0	7.171314741035857
chr21	-17	0	255.0	0.0
chr21	-16	0	257.0	0.0
chr21	-15	1	261.0	0.38314176245210724
chr21	-14	1	262.0	0.38167938931297707
chr21	-13	3	265.0	1.1320754716981132
chr21	-12	6	270.0	2.2222222222222223
chr21	-11	0	270.0	0.0
chr21	-10	0	272.0	0.0
chr21	-9	1	272.0	0.3676470588235294
chr21	-8	0	272.0	0.0
chr21	-7	0	272.0	0.0
chr21	-6	0	272.0	0.0
chr21	-5	1	272.0	0.3676470588235294
chr21	-4	0	270.0	0.0
chr21	-3	0	272.0	0.0
chr21	-2	0	272.0	0.0
chr21	-1	1	272.0	0.3676470588235294
chr21	0	0	269.0	0.0
chr21	1	0	266.0	0.0
chr21	2	0	266.0	0.0
chr21	3	0	260.0	0.0
chr21	4	0	263.0	0.0
chr21	5	1	262.0	0.38167938931297707
chr21	6	0	260.0	0.0
chr21	7	0	258.0	0.0
chr21	8	0	255.0	0.0
chr21	9	0	253.0	0.0
chr21	10	0	248.0	0.0
chr21	11	4	247.0	1.6194331983805668
chr21	12	4	243.0	1.646090534979424
chr21	13	0	241.0	0.0
chr21	14	0	238.0	0.0
chr21	15	0	235.0	0.0
chr21	16	0	233.0	0.0
chr21	17	21	233.0	9.012875536480687
chr21	18	0	229.0	0.0
chr21	19	4	228.0	1.7543859649122806
chr21	20	0	226.0	0.0
chr21	21	0	224.0	0.0
chr21	22	0	221.0	0.0
chr21	23	0	220.0	0.0
chr21	24	1	216.0	0.4629629629629629
chr21	25	1	214.0	0.46728971962616817
chr21	26	0	212.0	0.0
chr21	27	1	211.0	0.47393364928909953
chr21	28	0	208.0	0.0
chr21	29	0	207.0	0.0
chr21	30	1	204.0	0.49019607843137253
chr21	31	3	201.0	1.4925373134328357
chr21	32	1	198.0	0.5050505050505051
chr21	33	7	194.0	3.608247422680412
chr21	34	0	193.0	0.0
chr21	35	0	189.0	0.0
chr21	36	2	184.0	1.0869565217391304
chr21	37	1	181.0	0.5524861878453038
chr21	38	1	179.0	0.5586592178770949
chr21	39	1	177.0	0.5649717514124294
chr21	40	0	173.0	0.0
chr21	41	2	166.0	1.2048192771084338
chr21	42	1	165.0	0.6060606060606061
chr21	43	0	164.0	0.0
chr21	44	6	161.0	3.7267080745341614
chr21	45	0	160.0	0.0
chr21	46	9	159.0	5.660377358490567
chr21	47	1	158.0	0.6329113924050633
chr21	48	0	155.0	0.0
chr21	49	3	152.0	1.9736842105263157
chr21	50	0	148.0	0.0
chr21	51	0	144.0	0.0
chr21	52	0	140.0	0.0
chr21	53	0	135.0	0.0
chr21	54	0	131.0	0.0
chr21	55	0	129.0	0.0
chr21	56	0	128.0	0.0
chr21	57	0	124.0	0.0
chr21	58	1	123.0	0.8130081300813009
chr21	59	0	119.0	0.0
chr21	60	0	118.0	0.0
chr21	61	0	117.0	0.0
chr21	62	1	116.0	0.8620689655172413
chr21	63	0	112.0	0.0
chr21	64	1	110.0	0.9090909090909091
chr21	65	0	107.0	0.0
chr21	66	0	105.0	0.0
chr21	67	0	103.0	0.0
chr21	68	0	100.0	0.0
chr21	69	0	96.0	0.0
chr21	70	0	93.0	0.0
chr21	71	0	91.0	0.0
chr21	72	1	88.0	1.1363636363636365
chr21	73	0	85.0	0.0
chr21	74	0	82.0	0.0
chr21	75	0	80.0	0.0
chr21	76	0	79.0	0.0
chr21	77	0	76.0	0.0
chr21	78	0	74.0	0.0
chr21	79	0	73.0	0.0
chr21	80	0	73.0	0.0
chr21	81	0	70.0	0.0
chr21	82	0	68.0	0.0
chr21	83	1	63.0	1.5873015873015872
chr21	84	0	59.0	0.0
chr21	85	0	54.0	0.0
chr21	86	0	53.0	0.0
chr21	87	0	50.0	0.0
chr21	88	0	48.0	0.0
chr21	89	0	42.0	0.0
chr21	90	0	41.0	0.0
chr21	91	0	38.0	0.0
chr21	92	0	35.0	0.0
chr21	93	0	31.0	0.0
chr21	94	0	24.0	0.0
chr21	95	0	23.0	0.0
chr21	96	0	20.0	0.0
chr21	97	0	18.0	0.0
chr21	98	0	16.0	0.0
chr21	99	0	14.0	0.0
chr21	100	0	12.0	0.0
chr21	101	0	11.0	0.0
chr21	102	0	9.0	0.0
chr21	103	1	7.0	14.285714285714285
chr21	104	0	6.0	0.0
chr21	105	0	5.0	0.0
chr21	106	0	5.0	0.0
chr21	107	0	4.0	0.0
chr21	108	0	0.0	nan
chr21	109	0	0.0	nan
chr21	110	0	0.0	nan
chr21	111	0	0.0	nan
chr21	112	0	0.0	nan
chr21	113	0	0.0	nan
chr21	114	0	0.0	nan
chr21	115	0	0.0	nan
chr21	116	0	0.0	nan
chr21	117	0	0.0	nan
chr21	118	0	0.0	nan
chr21	119	0	0.0	nan
chr21	120	0	0.0	nan
chr21	121	0	0.0	nan
chr21	122	0	0.0	nan
chr21	123	0	0.0	nan
chr21	124	0	0.0	nan
chr21	125	0	0.0	nan
chr21	126	0	0.0	nan
chr21	127	0	0.0	nan
chr21	128	0	0.0	nan
chr21	129	0	0.0	nan
chr21	130	0	0.0	nan
chr21	131	0	0.0	nan
chr21	132	0	0.0	nan
chr21	133	0	0.0	nan
chr21	134	0	0.0	nan
chr21	135	0	0.0	nan
chr21	136	0	0.0	nan
chr21	137	0	0.0	nan
chr21	138	0	0.0	nan
chr21	139	0	0.0	nan
chr21	140	0	0.0	nan
chr21	141	0	0.0	nan
chr21	142	0	0.0	nan
chr21	143	0	0.0	nan
chr21	144	0	0.0	nan
chr21	145	0	0.0	nan
chr21	146	0	0.0	nan
chr21	147	0	0.0	nan
chr21	148	0	0.0	nan
chr21	149	0	0.0	nan
chr21	150	0	0.0	nan
chr22	-123	0	1.0	0.0
chr22	-122	0	2.0	0.0
chr22	-121	0	3.0	0.0
chr22	-120	0	4.0	0.0
chr22	-119	0	9.0	0.0
chr22	-118	0	14.0	0.0
chr22	-117	0	19.0	0.0
chr22	-116	0	25.0	0.0
chr22	-115	0	29.0	0.0
chr22	-114	0	34.0	0.0
chr22	-113	0	36.0	0.0
chr22	-112	0	44.0	0.0
chr22	-111	0	51.0	0.0
chr22	-110	0	57.0	0.0
chr22	-109	1	61.0	1.639344262295082
chr22	-108	0	69.0	0.0
chr22	-107	0	81.0	0.0
chr22	-106	0	84.0	0.0
chr22	-105	0	92.0	0.0
chr22	-104	0	99.0	0.0
chr22	-103	2	110.0	1.8181818181818181
chr22	-102	0	120.0	0.0
chr22	-101	2	124.0	1.6129032258064515
chr22	-100	0	132.0	0.0
chr22	-99	0	139.0	0.0
chr22	-98	0	150.0	0.0
chr22	-97	0	154.0	0.0
chr22	-96	0	163.0	0.0
chr22	-95	1	171.0	0.5847953216374269
chr22	-94	0	187.0	0.0
chr22	-93	0	196.0	0.0
chr22	-92	0	204.0	0.0
chr22	-91	0	213.0	0.0
chr22	-90	1	220.0	0.45454545454545453
chr22	-89	1	230.0	0.43478260869565216
chr22	-88	0	239.0	0.0
chr22	-87	0	240.0	0.0
chr22	-86	0	251.0	0.0
chr22	-85	2	261.0	0.7662835249042145
chr22	-84	0	268.0	0.0
chr22	-83	0	279.0	0.0
chr22	-82	0	286.0	0.0
chr22	-81	0	295.0	0.0
chr22	-80	0	306.0	0.0
chr22	-79	0	313.0	0.0
chr22	-78	1	318.0	0.3144654088050315
chr22	-77	0	325.0	0.0
chr22	-76	2	334.0	0.5988023952095809
chr22	-75	0	345.0	0.0
chr22	-74	2	349.0	0.5730659025787965
chr22	-73	0	358.0	0.0
chr22	-72	0	366.0	0.0
chr22	-71	0	375.0	0.0
chr22	-70	1	385.0	0.2597402597402597
chr22	-69	0	395.0	0.0
chr22	-68	1	406.0	0.24630541871921183
chr22	-67	0	419.0	0.0
chr22	-66	0	427.0	0.0
chr22	-65	0	441.0	0.0
chr22	-64	7	456.0	1.5350877192982455
chr22	-63	1	457.0	0.2188183807439825
chr22	-62	4	468.0	0.8547008547008548
chr22	-61	0	475.0	0.0
chr22	-60	0	477.0	0.0
chr22	-59	0	486.0	0.0
chr22	-58	1	498.0	0.2008032128514056
chr22	-57	1	510.0	0.19607843137254902
chr22	-56	12	521.0	2.3032629558541267
chr22	-55	2	531.0	0.3766478342749529
chr22	-54	1	539.0	0.1855287569573284
chr22	-53	0	550.0	0.0
chr22	-52	2	561.0	0.35650623885918004
chr22	-51	0	571.0	0.0
chr22	-50	0	582.0	0.0
chr22	-49	1	590.0	0.1694915254237288
chr22	-48	1	599.0	0.1669449081803005
chr22	-47	3	607.0	0.4942339373970346
chr22	-46	1	612.0	0.16339869281045752
chr22	-45	0	618.0	0.0
chr22	-44	2	623.0	0.32102728731942215
chr22	-43	2	639.0	0.3129890453834116
chr22	-42	1	647.0	0.1545595054095827
chr22	-41	1	656.0	0.1524390243902439
chr22	-40	2	663.0	0.301659125188537
chr22	-39	1	674.0	0.1483679525222552
chr22	-38	0	683.0	0.0
chr22	-37	9	690.0	1.3043478260869565
chr22	-36	0	703.0	0.0
chr22	-35	1	712.0	0.1404494382022472
chr22	-34	0	721.0	0.0
chr22	-33	0	727.0	0.0
chr22	-32	0	737.0	0.0
chr22	-31	4	747.0	0.535475234270415
chr22	-30	7	758.0	0.9234828496042217
chr22	-29	1	765.0	0.130718954248366
chr22	-28	9	775.0	1.1612903225806452
chr22	-27	0	783.0	0.0
chr22	-26	1	800.0	0.125
chr22	-25	0	811.0	0.0
chr22	-24	3	824.0	0.3640776699029126
chr22	-23	0	834.0	0.0
chr22	-22	1	848.0	0.1179245283018868
chr22	-21	2	859.0	0.23282887077997672
chr22	-20	2	874.0	0.2288329519450801
chr22	-19	0	891.0	0.0
chr22	-18	1	901.0	0.11098779134295228
chr22	-17	0	918.0	0.0
chr22	-16	0	934.0	0.0
chr22	-15	0	951.0	0.0
chr22	-14	4	961.0	0.41623309053069724
chr22	-13	0	976.0	0.0
chr22	-12	2	983.0	0.20345879959308238
chr22	-11	5	998.0	0.501002004008016
chr22	-10	2	1011.0	0.19782393669634024
chr22	-9	0	1011.0	0.0
chr22	-8	1	1011.0	0.09891196834817012
chr22	-7	5	1009.0	0.4955401387512388
chr22	-6	6	1009.0	0.5946481665014867
chr22	-5	5	1009.0	0.4955401387512388
chr22	-4	6	1005.0	0.5970149253731344
chr22	-3	1	1007.0	0.09930486593843098
chr22	-2	11	1006.0	1.0934393638170974
chr22	-1	20	1007.0	1.9860973187686197
chr22	0	36	987.0	3.64741641337386
chr22	1	13	979.0	1.3278855975485189
chr22	2	4	970.0	0.4123711340206186
chr22	3	7	962.0	0.7276507276507277
chr22	4	5	953.0	0.5246589716684155
chr22	5	7	945.0	0.7407407407407408
chr22	6	12	938.0	1.279317697228145
chr22	7	8	929.0	0.8611410118406888
chr22	8	0	921.0	0.0
chr22	9	6	910.0	0.6593406593406593
chr22	10	9	904.0	0.995575221238938
chr22	11	3	893.0	0.33594624860022393
chr22	12	1	881.0	0.11350737797956867
chr22	13	5	872.0	0.573394495412844
chr22	14	1	865.0	0.11560693641618498
chr22	15	1	856.0	0.11682242990654204
chr22	16	1	848.0	0.1179245283018868
chr22	17	5	836.0	0.5980861244019139
chr22	18	0	825.0	0.0
chr22	19	2	811.0	0.2466091245376079
chr22	20	1	805.0	0.12422360248447205
chr22	21	0	798.0	0.0
chr22	22	1	792.0	0.12626262626262627
chr22	23	2	787.0	0.25412960609911056
chr22	24	0	775.0	0.0
chr22	25	2	762.0	0.26246719160104987
chr22	26	1	751.0	0.13315579227696406
chr22	27	3	743.0	0.4037685060565276
chr22	28	2	736.0	0.2717391304347826
chr22	29	4	730.0	0.547945205479452
chr22	30	2	724.0	0.2762430939226519
chr22	31	4	714.0	0.5602240896358543
chr22	32	1	710.0	0.14084507042253522
chr22	33	0	703.0	0.0
chr22	34	2	696.0	0.28735632183908044
chr22	35	3	685.0	0.43795620437956206
chr22	36	5	677.0	0.7385524372230428
chr22	37	1	668.0	0.14970059880239522
chr22	38	2	660.0	0.30303030303030304
chr22	39	2	648.0	0.30864197530864196
chr22	40	5	640.0	0.78125
chr22	41	1	635.0	0.15748031496062992
chr22	42	1	631.0	0.15847860538827258
chr22	43	11	622.0	1.7684887459807075
chr22	44	2	617.0	0.3241491085899514
chr22	45	1	611.0	0.16366612111292964
chr22	46	14	602.0	2.3255813953488373
chr22	47	3	591.0	0.5076142131979695
chr22	48	3	581.0	0.5163511187607573
chr22	49	1	568.0	0.17605633802816903
chr22	50	5	556.0	0.8992805755395683
chr22	51	1	548.0	0.18248175182481752
chr22	52	1	537.0	0.186219739292365
chr22	53	1	532.0	0.18796992481203006
chr22	54	2	523.0	0.3824091778202677
chr22	55	11	507.0	2.1696252465483234
chr22	56	2	494.0	0.4048582995951417
chr22	57	0	484.0	0.0
chr22	58	3	474.0	0.6329113924050633
chr22	59	2	465.0	0.43010752688172044
chr22	60	1	457.0	0.2188183807439825
chr22	61	1	448.0	0.2232142857142857
chr22	62	1	437.0	0.2288329519450801
chr22	63	4	426.0	0.9389671361502347
chr22	64	1	416.0	0.2403846153846154
chr22	65	1	404.0	0.24752475247524752
chr22	66	1	388.0	0.25773195876288657
chr22	67	0	384.0	0.0
chr22	68	1	375.0	0.26666666666666666
chr22	69	0	368.0	0.0
chr22	70	0	364.0	0.0
chr22	71	0	356.0	0.0
chr22	72	1	353.0	0.28328611898017
chr22	73	0	337.0	0.0
chr22	74	3	328.0	0.9146341463414633
chr22	75	1	321.0	0.3115264797507788
chr22	76	0	313.0	0.0
chr22	77	0	311.0	0.0
chr22	78	3	300.0	1.0
chr22	79	2	292.0	0.684931506849315
chr22	80	0	278.0	0.0
chr22	81	2	266.0	0.7518796992481203
chr22	82	0	256.0	0.0
chr22	83	0	246.0	0.0
chr22	84	1	232.0	0.43103448275862066
chr22	85	0	221.0	0.0
chr22	86	0	208.0	0.0
chr22	87	0	200.0	0.0
chr22	88	3	185.0	1.6216216216216217
chr22	89	0	175.0	0.0
chr22	90	0	165.0	0.0
chr22	91	0	156.0	0.0
chr22	92	0	149.0	0.0
chr22	93	0	139.0	0.0
chr22	94	0	134.0	0.0
chr22	95	2	122.0	1.639344262295082
chr22	96	0	111.0	0.0
chr22	97	0	108.0	0.0
chr22	98	0	95.0	0.0
chr22	99	0	89.0	0.0
chr22	100	0	78.0	0.0
chr22	101	0	69.0	0.0
chr22	102	4	62.0	6.451612903225806
chr22	103	0	50.0	0.0
chr22	104	0	38.0	0.0
chr22	105	0	26.0	0.0
chr22	106	0	18.0	0.0
chr22	107	0	12.0	0.0
chr22	108	0	5.0	0.0
chr22	109	0	1.0	0.0
chr22	110	0	0.0	nan
chr22	111	0	0.0	nan
chr22	112	0	0.0	nan
chr22	113	0	0.0	nan
chr22	114	0	0.0	nan
chr22	115	0	0.0	nan
chr22	116	0	0.0	nan
chr22	117	0	0.0	nan
chr22	118	0	0.0	nan
chr22	119	0	0.0	nan
chr22	120	0	0.0	nan
chrX	-128	0	1.0	0.0
chrX	-127	0	1.0	0.0
chrX	-126	0	1.0	0.0
chrX	-125	0	1.0	0.0
chrX	-124	0	2.0	0.0
chrX	-123	0	2.0	0.0
chrX	-122	0	2.0	0.0
chrX	-121	0	18.0	0.0
chrX	-120	0	26.0	0.0
chrX	-119	1	37.0	2.7027027027027026
chrX	-118	0	55.0	0.0
chrX	-117	0	76.0	0.0
chrX	-116	0	89.0	0.0
chrX	-115	2	119.0	1.680672268907563
chrX	-114	0	135.0	0.0
chrX	-113	0	154.0	0.0
chrX	-112	0	177.0	0.0
chrX	-111	0	194.0	0.0
chrX	-110	2	210.0	0.9523809523809524
chrX	-109	0	232.0	0.0
chrX	-108	0	260.0	0.0
chrX	-107	0	280.0	0.0
chrX	-106	0	307.0	0.0
chrX	-105	0	323.0	0.0
chrX	-104	0	345.0	0.0
chrX	-103	0	367.0	0.0
chrX	-102	0	391.0	0.0
chrX	-101	0	412.0	0.0
chrX	-100	3	439.0	0.683371298405467
chrX	-99	1	470.0	0.2127659574468085
chrX	-98	0	495.0	0.0
chrX	-97	0	509.0	0.0
chrX	-96	3	541.0	0.5545286506469501
chrX	-95	3	572.0	0.5244755244755245
chrX	-94	1	592.0	0.16891891891891891
chrX	-93	3	616.0	0.487012987012987
chrX	-92	0	645.0	0.0
chrX	-91	3	667.0	0.4497751124437781
chrX	-90	0	706.0	0.0
chrX	-89	0	726.0	0.0
chrX	-88	2	746.0	0.2680965147453083
chrX	-87	0	775.0	0.0
chrX	-86	0	805.0	0.0
chrX	-85	2	824.0	0.24271844660194172
chrX	-84	0	852.0	0.0
chrX	-83	0	880.0	0.0
chrX	-82	4	911.0	0.43907793633369924
chrX	-81	2	932.0	0.2145922746781116
chrX	-80	2	953.0	0.2098635886673662
chrX	-79	2	988.0	0.20242914979757085
chrX	-78	1	1004.0	0.099601593625498
chrX	-77	0	1032.0	0.0
chrX	-76	1	1066.0	0.09380863039399624
chrX	-75	4	1098.0	0.36429872495446264
chrX	-74	3	1124.0	0.26690391459074736
chrX	-73	3	1143.0	0.26246719160104987
chrX	-72	0	1170.0	0.0
chrX	-71	5	1199.0	0.4170141784820684
chrX	-70	2	1228.0	0.16286644951140067
chrX	-69	3	1257.0	0.23866348448687352
chrX	-68	4	1283.0	0.3117692907248636
chrX	-67	0	1308.0	0.0
chrX	-66	1	1328.0	0.07530120481927711
chrX	-65	0	1344.0	0.0
chrX	-64	1	1374.0	0.0727802037845706
chrX	-63	0	1403.0	0.0
chrX	-62	5	1427.0	0.35038542396636296
chrX	-61	1	1454.0	0.0687757909215956
chrX	-60	12	1488.0	0.8064516129032258
chrX	-59	2	1512.0	0.13227513227513227
chrX	-58	2	1544.0	0.1295336787564767
chrX	-57	1	1571.0	0.06365372374283895
chrX	-56	2	1596.0	0.12531328320802004
chrX	-55	7	1621.0	0.431832202344232
chrX	-54	2	1649.0	0.1212856276531231
chrX	-53	2	1684.0	0.11876484560570072
chrX	-52	5	1712.0	0.29205607476635514
chrX	-51	3	1742.0	0.1722158438576349
chrX	-50	2	1771.0	0.1129305477131564
chrX	-49	4	1787.0	0.22383883603805263
chrX	-48	1	1805.0	0.0554016620498615
chrX	-47	1	1838.0	0.0544069640914037
chrX	-46	4	1876.0	0.21321961620469082
chrX	-45	2	1903.0	0.10509721492380451
chrX	-44	0	1925.0	0.0
chrX	-43	3	1947.0	0.15408320493066258
chrX	-42	2	1970.0	0.10152284263959391
chrX	-41	2	2003.0	0.0998502246630055
chrX	-40	1	2042.0	0.04897159647404505
chrX	-39	9	2075.0	0.43373493975903615
chrX	-38	3	2095.0	0.1431980906921241
chrX	-37	7	2120.0	0.33018867924528306
chrX	-36	1	2157.0	0.04636068613815484
chrX	-35	1	2178.0	0.04591368227731864
chrX	-34	3	2207.0	0.1359311282283643
chrX	-33	2	2236.0	0.08944543828264759
chrX	-32	6	2259.0	0.2656042496679947
chrX	-31	5	2284.0	0.21891418563922943
chrX	-30	7	2310.0	0.30303030303030304
chrX	-29	9	2334.0	0.3856041131105398
chrX	-28	2	2362.0	0.0846740050804403
chrX	-27	1	2398.0	0.041701417848206836
chrX	-26	1	2427.0	0.04120313143798929
chrX	-25	15	2471.0	0.6070416835289356
chrX	-24	4	2485.0	0.16096579476861167
chrX	-23	3	2526.0	0.11876484560570072
chrX	-22	2	2557.0	0.07821666014861164
chrX	-21	4	2594.0	0.15420200462606012
chrX	-20	2	2640.0	0.07575757575757576
chrX	-19	3	2675.0	0.11214953271028037
chrX	-18	17	2718.0	0.6254598969830758
chrX	-17	4	2750.0	0.14545454545454545
chrX	-16	3	2785.0	0.10771992818671454
chrX	-15	12	2822.0	0.42523033309709424
chrX	-14	2	2855.0	0.07005253940455342
chrX	-13	2	2893.0	0.06913238852402351
chrX	-12	2	2957.0	0.06763611768684477
chrX	-11	2	3002.0	0.06662225183211193
chrX	-10	4	3037.0	0.1317089232795522
chrX	-9	3	3033.0	0.09891196834817012
chrX	-8	6	3028.0	0.19815059445178335
chrX	-7	5	3033.0	0.16485328058028356
chrX	-6	14	3027.0	0.46250412950115627
chrX	-5	4	3030.0	0.132013201320132
chrX	-4	4	3033.0	0.13188262446422683
chrX	-3	3	3033.0	0.09891196834817012
chrX	-2	5	3032.0	0.16490765171503957
chrX	-1	18	3024.0	0.5952380952380952
chrX	0	24	2949.0	0.8138351983723295
chrX	1	1	2930.0	0.034129692832764506
chrX	2	7	2906.0	0.24088093599449414
chrX	3	2	2876.0	0.06954102920723226
chrX	4	9	2853.0	0.31545741324921134
chrX	5	16	2835.0	0.5643738977072311
chrX	6	10	2818.0	0.35486160397444994
chrX	7	11	2782.0	0.39539899352983465
chrX	8	5	2754.0	0.18155410312273057
chrX	9	2	2733.0	0.07317965605561653
chrX	10	3	2705.0	0.11090573012939
chrX	11	5	2678.0	0.18670649738610903
chrX	12	2	2645.0	0.07561436672967864
chrX	13	3	2629.0	0.11411182959300115
chrX	14	7	2590.0	0.2702702702702703
chrX	15	4	2570.0	0.1556420233463035
chrX	16	1	2543.0	0.039323633503735744
chrX	17	7	2516.0	0.27821939586645467
chrX	18	4	2490.0	0.1606425702811245
chrX	19	5	2459.0	0.20333468889792597
chrX	20	5	2424.0	0.20627062706270624
chrX	21	4	2395.0	0.16701461377870563
chrX	22	7	2367.0	0.2957329953527672
chrX	23	3	2343.0	0.12804097311139565
chrX	24	8	2323.0	0.34438226431338786
chrX	25	4	2293.0	0.17444395987788924
chrX	26	4	2258.0	0.1771479185119575
chrX	27	3	2228.0	0.13464991023339318
chrX	28	7	2204.0	0.3176043557168784
chrX	29	5	2175.0	0.22988505747126436
chrX	30	8	2149.0	0.37226617031177295
chrX	31	6	2129.0	0.2818224518553311
chrX	32	3	2107.0	0.14238253440911247
chrX	33	11	2077.0	0.5296100144439095
chrX	34	4	2053.0	0.1948368241597662
chrX	35	5	2036.0	0.2455795677799607
chrX	36	9	1998.0	0.45045045045045046
chrX	37	6	1977.0	0.30349013657056145
chrX	38	6	1949.0	0.3078501795792714
chrX	39	4	1919.0	0.20844189682126105
chrX	40	2	1882.0	0.10626992561105207
chrX	41	11	1853.0	0.5936319481921208
chrX	42	6	1822.0	0.3293084522502744
chrX	43	9	1801.0	0.4997223764575236
chrX	44	4	1773.0	0.2256063169768754
chrX	45	8	1752.0	0.45662100456621
chrX	46	6	1730.0	0.3468208092485549
chrX	47	5	1701.0	0.29394473838918284
chrX	48	5	1669.0	0.2995805871779509
chrX	49	1	1637.0	0.061087354917532075
chrX	50	7	1616.0	0.4331683168316832
chrX	51	4	1586.0	0.25220680958385877
chrX	52	0	1559.0	0.0
chrX	53	10	1525.0	0.6557377049180327
chrX	54	9	1497.0	0.6012024048096193
chrX	55	3	1485.0	0.20202020202020202
chrX	56	3	1462.0	0.2051983584131327
chrX	57	5	1437.0	0.3479471120389701
chrX	58	3	1409.0	0.21291696238466998
chrX	59	6	1377.0	0.4357298474945534
chrX	60	1	1353.0	0.07390983000739099
chrX	61	5	1329.0	0.3762227238525207
chrX	62	4	1304.0	0.3067484662576687
chrX	63	2	1273.0	0.15710919088766695
chrX	64	3	1233.0	0.24330900243309003
chrX	65	1	1206.0	0.08291873963515754
chrX	66	1	1174.0	0.08517887563884156
chrX	67	5	1147.0	0.4359197907585004
chrX	68	1	1129.0	0.08857395925597875
chrX	69	0	1093.0	0.0
chrX	70	2	1073.0	0.1863932898415657
chrX	71	2	1045.0	0.19138755980861244
chrX	72	2	1024.0	0.1953125
chrX	73	5	1000.0	0.5
chrX	74	2	974.0	0.20533880903490762
chrX	75	2	953.0	0.2098635886673662
chrX	76	1	916.0	0.10917030567685589
chrX	77	4	897.0	0.4459308807134894
chrX	78	2	870.0	0.22988505747126436
chrX	79	1	838.0	0.11933174224343676
chrX	80	1	806.0	0.12406947890818859
chrX	81	1	780.0	0.1282051282051282
chrX	82	0	753.0	0.0
chrX	83	1	721.0	0.13869625520110956
chrX	84	0	694.0	0.0
chrX	85	1	672.0	0.1488095238095238
chrX	86	5	645.0	0.7751937984496124
chrX	87	0	618.0	0.0
chrX	88	0	585.0	0.0
chrX	89	2	563.0	0.3552397868561279
chrX	90	0	536.0	0.0
chrX	91	0	497.0	0.0
chrX	92	6	469.0	1.279317697228145
chrX	93	4	451.0	0.8869179600886918
chrX	94	3	424.0	0.7075471698113208
chrX	95	3	388.0	0.7731958762886598
chrX	96	1	364.0	0.27472527472527475
chrX	97	0	335.0	0.0
chrX	98	0	309.0	0.0
chrX	99	2	277.0	0.7220216606498195
chrX	100	0	244.0	0.0
chrX	101	2	213.0	0.9389671361502347
chrX	102	0	191.0	0.0
chrX	103	0	161.0	0.0
chrX	104	0	133.0	0.0
chrX	105	0	105.0	0.0
chrX	106	0	76.0	0.0
chrX	107	0	55.0	0.0
chrX	108	0	29.0	0.0
chrX	109	0	12.0	0.0
chrX	110	0	0.0	nan
chrX	111	0	0.0	nan
chrX	112	0	0.0	nan
chrX	113	0	0.0	nan
chrX	114	0	0.0	nan
chrX	115	0	0.0	nan
chrX	116	0	0.0	nan
chrX	117	0	0.0	nan
chrX	118	0	0.0	nan
chrX	119	0	0.0	nan
chrX	120	0	0.0	nan
chrX	121	0	0.0	nan
chrX	122	0	0.0	nan
chrX	123	0	0.0	nan
chrX	124	0	0.0	nan
chrX	125	0	0.0	nan
chrX	126	0	0.0	nan
chrX	127	0	0.0	nan
chrX	128	0	0.0	nan
chrX	129	0	0.0	nan
chrX	130	0	0.0	nan
chrX	131	0	0.0	nan
chrX	132	0	0.0	nan
chrX	133	0	0.0	nan
chrX	134	0	0.0	nan
chrX	135	0	0.0	nan
chrX	136	0	0.0	nan
