chr1	-146	0	0.0	nan
chr1	-145	0	0.0	nan
chr1	-144	0	0.0	nan
chr1	-143	0	0.0	nan
chr1	-142	0	0.0	nan
chr1	-141	0	0.0	nan
chr1	-140	0	0.0	nan
chr1	-139	0	1.0	0.0
chr1	-138	0	1.0	0.0
chr1	-137	0	1.0	0.0
chr1	-136	0	1.0	0.0
chr1	-135	0	2.0	0.0
chr1	-134	1	2.0	50.0
chr1	-133	0	4.0	0.0
chr1	-132	0	5.0	0.0
chr1	-131	0	5.0	0.0
chr1	-130	0	8.0	0.0
chr1	-129	0	15.0	0.0
chr1	-128	0	20.0	0.0
chr1	-127	0	25.0	0.0
chr1	-126	1	262.0	0.38167938931297707
chr1	-125	0	586.0	0.0
chr1	-124	2	991.0	0.20181634712411706
chr1	-123	0	1453.0	0.0
chr1	-122	2	1968.0	0.10162601626016261
chr1	-121	1	2494.0	0.040096230954290296
chr1	-120	7	3113.0	0.22486347574686796
chr1	-119	3	3719.0	0.08066684592632428
chr1	-118	4	4317.0	0.0926569376882094
chr1	-117	4	4964.0	0.08058017727639001
chr1	-116	2	5665.0	0.0353045013239188
chr1	-115	9	6322.0	0.14236001265422335
chr1	-114	14	7007.0	0.1998001998001998
chr1	-113	11	7654.0	0.14371570420695062
chr1	-112	16	8325.0	0.1921921921921922
chr1	-111	15	8952.0	0.1675603217158177
chr1	-110	12	9650.0	0.1243523316062176
chr1	-109	12	10392.0	0.11547344110854503
chr1	-108	8	11080.0	0.07220216606498195
chr1	-107	21	11781.0	0.17825311942959002
chr1	-106	24	12457.0	0.19266275989403547
chr1	-105	34	13174.0	0.2580841050554122
chr1	-104	17	13866.0	0.12260204817539305
chr1	-103	19	14560.0	0.13049450549450547
chr1	-102	26	15267.0	0.1703019584725224
chr1	-101	36	16022.0	0.22469104980651602
chr1	-100	30	16745.0	0.17915795759928338
chr1	-99	28	17469.0	0.16028393153586354
chr1	-98	27	18134.0	0.14889158486820336
chr1	-97	29	18832.0	0.15399320305862363
chr1	-96	41	19511.0	0.21013787094459535
chr1	-95	47	20239.0	0.23222491229803843
chr1	-94	27	20937.0	0.1289583034818742
chr1	-93	31	21681.0	0.14298233476315667
chr1	-92	25	22429.0	0.1114628382897142
chr1	-91	24	23169.0	0.1035866891104493
chr1	-90	36	23864.0	0.15085484411666109
chr1	-89	42	24544.0	0.1711212516297262
chr1	-88	32	25214.0	0.12691361941778379
chr1	-87	43	25982.0	0.16549919174813332
chr1	-86	33	26649.0	0.12383203872565575
chr1	-85	76	27357.0	0.2778082392075154
chr1	-84	45	28057.0	0.16038778201518336
chr1	-83	52	28792.0	0.18060572381217005
chr1	-82	61	29508.0	0.20672360037955806
chr1	-81	40	30209.0	0.13241087093250356
chr1	-80	79	30904.0	0.2556303391146777
chr1	-79	68	31571.0	0.21538753919736467
chr1	-78	44	32232.0	0.1365103003226607
chr1	-77	53	32905.0	0.16106974623917336
chr1	-76	61	33615.0	0.18146660716941843
chr1	-75	47	34337.0	0.13687858578210094
chr1	-74	57	35042.0	0.16266194851892016
chr1	-73	67	35734.0	0.18749650193093412
chr1	-72	69	36469.0	0.18920178781979213
chr1	-71	50	37204.0	0.13439415116654121
chr1	-70	41	37953.0	0.10802835085500487
chr1	-69	74	38680.0	0.19131334022750776
chr1	-68	42	39354.0	0.10672358591248667
chr1	-67	100	40043.0	0.24973153859600927
chr1	-66	48	40783.0	0.11769609886472304
chr1	-65	56	41499.0	0.134943010674956
chr1	-64	56	42219.0	0.13264170160354344
chr1	-63	57	42943.0	0.13273408937428685
chr1	-62	118	43655.0	0.27030122551826824
chr1	-61	78	44373.0	0.1757825704820499
chr1	-60	45	45065.0	0.09985576389659381
chr1	-59	84	45825.0	0.18330605564648117
chr1	-58	76	46539.0	0.1633038956574056
chr1	-57	78	47296.0	0.16491880920162383
chr1	-56	60	47993.0	0.12501823182547456
chr1	-55	102	48722.0	0.20935101186322402
chr1	-54	113	49465.0	0.22844435459415746
chr1	-53	102	50272.0	0.20289624443029916
chr1	-52	99	51025.0	0.19402253797158256
chr1	-51	129	51798.0	0.2490443646472837
chr1	-50	109	52530.0	0.20750047591852275
chr1	-49	107	53254.0	0.20092387426296618
chr1	-48	145	54012.0	0.26845886099385324
chr1	-47	83	54728.0	0.15165911416459582
chr1	-46	89	55492.0	0.16038347869963238
chr1	-45	125	56258.0	0.22219062177823598
chr1	-44	100	57028.0	0.17535245844146735
chr1	-43	131	57741.0	0.2268751840113611
chr1	-42	101	58484.0	0.17269680596402434
chr1	-41	105	59235.0	0.17726006583945303
chr1	-40	144	59999.0	0.24000400006666778
chr1	-39	78	60825.0	0.1282367447595561
chr1	-38	102	61552.0	0.16571354302053548
chr1	-37	126	62285.0	0.20229589788873728
chr1	-36	107	63048.0	0.16971196548661338
chr1	-35	127	63813.0	0.1990190086659458
chr1	-34	92	64571.0	0.14247882176209134
chr1	-33	147	65381.0	0.22483596151787213
chr1	-32	142	66168.0	0.2146052472494257
chr1	-31	175	66981.0	0.2612681208103791
chr1	-30	109	67756.0	0.16087136194580554
chr1	-29	126	68531.0	0.18385839984824387
chr1	-28	117	69289.0	0.16885797168381705
chr1	-27	161	70155.0	0.22949183949825389
chr1	-26	126	70973.0	0.17753230101587927
chr1	-25	149	71804.0	0.20750933095649268
chr1	-24	146	72643.0	0.200982888922539
chr1	-23	148	73484.0	0.20140438734962715
chr1	-22	149	74303.0	0.2005302612276759
chr1	-21	129	75209.0	0.1715220252895265
chr1	-20	116	76080.0	0.15247108307045215
chr1	-19	160	76924.0	0.20799750402995162
chr1	-18	208	77811.0	0.267314389996273
chr1	-17	139	78764.0	0.17647656289675487
chr1	-16	169	79675.0	0.21211170379667402
chr1	-15	215	80567.0	0.2668586393933
chr1	-14	175	81484.0	0.2147660890481567
chr1	-13	187	82397.0	0.22695001031590956
chr1	-12	136	83331.0	0.1632045697279524
chr1	-11	158	84290.0	0.18744809585953257
chr1	-10	145	85204.0	0.17017980376508146
chr1	-9	185	85223.0	0.2170775494878143
chr1	-8	181	85206.0	0.21242635495152923
chr1	-7	232	85218.0	0.27224295336665966
chr1	-6	106	85237.0	0.12435913981017634
chr1	-5	201	85225.0	0.2358462892343796
chr1	-4	176	85186.0	0.2066067194139882
chr1	-3	207	85168.0	0.24304903250046966
chr1	-2	194	85174.0	0.22776903749970648
chr1	-1	719	85135.0	0.8445410230809891
chr1	0	738	83490.0	0.8839381961911607
chr1	1	234	82775.0	0.2826940501359106
chr1	2	214	82069.0	0.2607561929595828
chr1	3	217	81363.0	0.2667059965832135
chr1	4	221	80703.0	0.2738435993705315
chr1	5	184	79945.0	0.2301582337857277
chr1	6	258	79183.0	0.3258275134814291
chr1	7	156	78417.0	0.19893645510539806
chr1	8	255	77701.0	0.3281811044902897
chr1	9	209	76980.0	0.27149909067290207
chr1	10	186	76287.0	0.24381611545872822
chr1	11	190	75592.0	0.25134934913747486
chr1	12	248	74877.0	0.33120985082201476
chr1	13	190	74130.0	0.25630648860110616
chr1	14	262	73438.0	0.3567635284185299
chr1	15	219	72657.0	0.30141624344522894
chr1	16	183	71891.0	0.2545520301567651
chr1	17	228	71152.0	0.3204407465707218
chr1	18	222	70407.0	0.3153095572883378
chr1	19	137	69716.0	0.19651156119111826
chr1	20	172	68940.0	0.24949231215549753
chr1	21	146	68235.0	0.2139664395105151
chr1	22	220	67531.0	0.3257763101390473
chr1	23	191	66793.0	0.28595810938271976
chr1	24	252	66106.0	0.3812059419719844
chr1	25	195	65381.0	0.2982517856869733
chr1	26	197	64695.0	0.3045057577865368
chr1	27	175	64000.0	0.2734375
chr1	28	143	63312.0	0.22586555471316655
chr1	29	126	62589.0	0.20131332981833866
chr1	30	168	61878.0	0.2715019877824105
chr1	31	216	61154.0	0.353206658599601
chr1	32	193	60434.0	0.31935665353939835
chr1	33	149	59662.0	0.24974020314438
chr1	34	165	58919.0	0.28004548617593644
chr1	35	153	58258.0	0.262624875553572
chr1	36	181	57578.0	0.314356177706763
chr1	37	172	56866.0	0.3024654450814195
chr1	38	148	56184.0	0.2634201908016517
chr1	39	177	55424.0	0.3193562355658199
chr1	40	181	54733.0	0.33069628925876526
chr1	41	157	54044.0	0.29050403375027756
chr1	42	183	53322.0	0.3431979295600315
chr1	43	162	52606.0	0.30794966353647873
chr1	44	189	51871.0	0.36436544504636503
chr1	45	142	51157.0	0.27757687120042224
chr1	46	170	50410.0	0.33723467565959137
chr1	47	210	49730.0	0.42228031369394736
chr1	48	163	49024.0	0.3324902088772846
chr1	49	144	48320.0	0.2980132450331126
chr1	50	184	47581.0	0.38670898047539987
chr1	51	129	46850.0	0.2753468516542156
chr1	52	165	46114.0	0.3578089083575487
chr1	53	137	45401.0	0.30175546794123476
chr1	54	155	44729.0	0.3465313331395739
chr1	55	133	44010.0	0.30220404453533284
chr1	56	112	43379.0	0.25818944650637404
chr1	57	104	42648.0	0.24385668730069407
chr1	58	145	41929.0	0.34582270027904316
chr1	59	98	41212.0	0.23779481704357952
chr1	60	122	40505.0	0.30119738303913096
chr1	61	156	39821.0	0.39175309510057504
chr1	62	81	39150.0	0.20689655172413793
chr1	63	103	38424.0	0.2680616281490735
chr1	64	108	37664.0	0.2867459643160578
chr1	65	95	36935.0	0.257208609719778
chr1	66	131	36175.0	0.36212854181064275
chr1	67	81	35471.0	0.22835555806151503
chr1	68	116	34745.0	0.3338609871924018
chr1	69	86	33976.0	0.25311984930539205
chr1	70	107	33227.0	0.3220272669816715
chr1	71	104	32453.0	0.3204634394354913
chr1	72	96	31655.0	0.30326962565155585
chr1	73	103	30919.0	0.3331284970406546
chr1	74	95	30116.0	0.31544693850444944
chr1	75	83	29380.0	0.2825051055139551
chr1	76	68	28636.0	0.23746333286771898
chr1	77	68	27919.0	0.24356173215373042
chr1	78	93	27110.0	0.3430468461822206
chr1	79	87	26368.0	0.32994538834951453
chr1	80	60	25582.0	0.23453991087483386
chr1	81	78	24860.0	0.3137570394207563
chr1	82	60	24110.0	0.2488593944421402
chr1	83	71	23349.0	0.3040815452481905
chr1	84	111	22611.0	0.49091150325063015
chr1	85	48	21851.0	0.21966958033957257
chr1	86	48	21081.0	0.2276931834353209
chr1	87	70	20329.0	0.3443356780953318
chr1	88	64	19569.0	0.32704788185395267
chr1	89	50	18809.0	0.2658301876761125
chr1	90	40	18111.0	0.22086025067638454
chr1	91	38	17289.0	0.21979293192203134
chr1	92	34	16525.0	0.20574886535552192
chr1	93	51	15760.0	0.3236040609137056
chr1	94	48	14958.0	0.3208985158443642
chr1	95	33	14159.0	0.23306730701320713
chr1	96	46	13322.0	0.34529349947455334
chr1	97	42	12563.0	0.33431505213722834
chr1	98	34	11772.0	0.28882093102276585
chr1	99	42	10984.0	0.3823743627093955
chr1	100	27	10182.0	0.26517383618149676
chr1	101	40	9328.0	0.42881646655231564
chr1	102	20	8524.0	0.2346316283435007
chr1	103	20	7705.0	0.25957170668397145
chr1	104	22	6913.0	0.3182409952263851
chr1	105	12	6140.0	0.19543973941368079
chr1	106	14	5397.0	0.25940337224383914
chr1	107	7	4616.0	0.15164644714038128
chr1	108	7	3861.0	0.1813001813001813
chr1	109	10	3108.0	0.32175032175032175
chr1	110	13	2442.0	0.5323505323505323
chr1	111	5	1800.0	0.2777777777777778
chr1	112	3	1165.0	0.2575107296137339
chr1	113	3	695.0	0.4316546762589928
chr1	114	2	305.0	0.6557377049180327
chr1	115	0	0.0	nan
chr1	116	0	0.0	nan
chr1	117	0	0.0	nan
chr1	118	0	0.0	nan
chr1	119	0	0.0	nan
chr1	120	0	0.0	nan
chr1	121	0	0.0	nan
chr1	122	0	0.0	nan
chr1	123	0	0.0	nan
chr1	124	0	0.0	nan
chr1	125	0	0.0	nan
chr1	126	0	0.0	nan
chr1	127	0	0.0	nan
chr1	128	0	0.0	nan
chr1	129	0	0.0	nan
chr1	130	0	0.0	nan
chr1	131	0	0.0	nan
chr1	132	0	0.0	nan
chr1	133	0	0.0	nan
chr1	134	0	0.0	nan
chr1	135	0	0.0	nan
chr1	136	0	0.0	nan
chr1	137	0	0.0	nan
chr1	138	0	0.0	nan
chr1	139	0	0.0	nan
chr1	140	0	0.0	nan
chr2	-141	0	0.0	nan
chr2	-140	0	0.0	nan
chr2	-139	0	2.0	0.0
chr2	-138	0	3.0	0.0
chr2	-137	0	3.0	0.0
chr2	-136	0	3.0	0.0
chr2	-135	0	3.0	0.0
chr2	-134	0	3.0	0.0
chr2	-133	0	3.0	0.0
chr2	-132	0	3.0	0.0
chr2	-131	0	3.0	0.0
chr2	-130	0	3.0	0.0
chr2	-129	0	5.0	0.0
chr2	-128	0	7.0	0.0
chr2	-127	0	12.0	0.0
chr2	-126	0	85.0	0.0
chr2	-125	0	165.0	0.0
chr2	-124	0	262.0	0.0
chr2	-123	1	378.0	0.26455026455026454
chr2	-122	1	521.0	0.19193857965451055
chr2	-121	0	645.0	0.0
chr2	-120	2	823.0	0.24301336573511542
chr2	-119	1	981.0	0.10193679918450561
chr2	-118	1	1147.0	0.08718395815170009
chr2	-117	3	1340.0	0.22388059701492538
chr2	-116	3	1503.0	0.19960079840319359
chr2	-115	1	1690.0	0.0591715976331361
chr2	-114	4	1884.0	0.21231422505307856
chr2	-113	2	2049.0	0.09760858955588092
chr2	-112	3	2226.0	0.13477088948787064
chr2	-111	2	2404.0	0.08319467554076539
chr2	-110	4	2594.0	0.15420200462606012
chr2	-109	11	2787.0	0.3946896304269824
chr2	-108	5	2988.0	0.16733601070950468
chr2	-107	3	3162.0	0.09487666034155598
chr2	-106	9	3347.0	0.268897520167314
chr2	-105	1	3512.0	0.02847380410022779
chr2	-104	4	3696.0	0.10822510822510822
chr2	-103	5	3867.0	0.12929919834497025
chr2	-102	15	4016.0	0.37350597609561753
chr2	-101	4	4184.0	0.09560229445506692
chr2	-100	5	4382.0	0.11410314924691922
chr2	-99	2	4579.0	0.04367765887748416
chr2	-98	5	4771.0	0.10479983232026828
chr2	-97	2	4967.0	0.040265753976243206
chr2	-96	7	5158.0	0.13571151609150833
chr2	-95	9	5365.0	0.16775396085740912
chr2	-94	5	5549.0	0.09010632546404757
chr2	-93	5	5744.0	0.08704735376044569
chr2	-92	8	5939.0	0.13470281192119885
chr2	-91	7	6127.0	0.11424840868287905
chr2	-90	9	6298.0	0.1429025087329311
chr2	-89	11	6494.0	0.16938712657838004
chr2	-88	11	6657.0	0.16523959741625358
chr2	-87	5	6857.0	0.07291818579553741
chr2	-86	6	7055.0	0.08504606661941885
chr2	-85	5	7257.0	0.0688989940746865
chr2	-84	15	7441.0	0.2015858083590915
chr2	-83	11	7614.0	0.14447071184659838
chr2	-82	7	7816.0	0.08955987717502559
chr2	-81	4	7990.0	0.05006257822277847
chr2	-80	13	8177.0	0.1589825119236884
chr2	-79	15	8362.0	0.17938292274575462
chr2	-78	6	8545.0	0.07021650087770626
chr2	-77	18	8749.0	0.20573779860555494
chr2	-76	22	8940.0	0.24608501118568235
chr2	-75	15	9119.0	0.1644917205833973
chr2	-74	25	9294.0	0.2689907467183129
chr2	-73	18	9474.0	0.18999366687777072
chr2	-72	16	9657.0	0.16568292430361398
chr2	-71	13	9843.0	0.13207355481052527
chr2	-70	10	10010.0	0.0999000999000999
chr2	-69	26	10188.0	0.2552021986650962
chr2	-68	16	10388.0	0.15402387370042356
chr2	-67	24	10565.0	0.2271651680075722
chr2	-66	14	10751.0	0.13022044460980373
chr2	-65	23	10936.0	0.21031455742501828
chr2	-64	16	11126.0	0.14380729822038468
chr2	-63	18	11321.0	0.15899655507464006
chr2	-62	17	11521.0	0.14755663570870584
chr2	-61	17	11721.0	0.1450388192133777
chr2	-60	23	11904.0	0.19321236559139784
chr2	-59	22	12108.0	0.18169805087545426
chr2	-58	18	12270.0	0.1466992665036675
chr2	-57	17	12438.0	0.13667792249557806
chr2	-56	26	12631.0	0.20584276779352387
chr2	-55	25	12833.0	0.1948102548118133
chr2	-54	13	13037.0	0.09971619237554652
chr2	-53	36	13216.0	0.2723970944309927
chr2	-52	19	13424.0	0.14153754469606675
chr2	-51	21	13643.0	0.1539250897896357
chr2	-50	17	13844.0	0.12279687951459116
chr2	-49	28	14022.0	0.19968620738838966
chr2	-48	21	14212.0	0.14776245426400225
chr2	-47	33	14399.0	0.2291825821237586
chr2	-46	28	14603.0	0.19174142299527494
chr2	-45	41	14820.0	0.2766531713900135
chr2	-44	25	15025.0	0.16638935108153077
chr2	-43	36	15211.0	0.23667083032016303
chr2	-42	27	15438.0	0.1748931208705791
chr2	-41	22	15647.0	0.14060203233846744
chr2	-40	29	15876.0	0.18266565885613506
chr2	-39	20	16072.0	0.12444001991040318
chr2	-38	20	16246.0	0.12310722639418935
chr2	-37	14	16450.0	0.0851063829787234
chr2	-36	33	16672.0	0.197936660268714
chr2	-35	20	16892.0	0.11839924224484963
chr2	-34	42	17082.0	0.24587284861257463
chr2	-33	33	17270.0	0.1910828025477707
chr2	-32	24	17500.0	0.13714285714285715
chr2	-31	51	17718.0	0.28784287165594313
chr2	-30	33	17933.0	0.18401829030279374
chr2	-29	52	18112.0	0.2871024734982332
chr2	-28	33	18334.0	0.17999345478346243
chr2	-27	36	18530.0	0.19427954668105774
chr2	-26	29	18731.0	0.1548235545352624
chr2	-25	31	18943.0	0.16364884126062398
chr2	-24	58	19157.0	0.30276139270240643
chr2	-23	37	19360.0	0.19111570247933884
chr2	-22	41	19592.0	0.2092690894242548
chr2	-21	49	19808.0	0.24737479806138934
chr2	-20	54	20026.0	0.26964945570758014
chr2	-19	27	20287.0	0.13309015625770196
chr2	-18	38	20494.0	0.18542012296281837
chr2	-17	56	20721.0	0.27025722696781046
chr2	-16	23	20930.0	0.10989010989010989
chr2	-15	48	21145.0	0.22700401986285174
chr2	-14	38	21370.0	0.17781937295273748
chr2	-13	44	21603.0	0.20367541545155765
chr2	-12	42	21892.0	0.19185090443997807
chr2	-11	35	22127.0	0.15817779183802594
chr2	-10	50	22362.0	0.22359359627940256
chr2	-9	42	22367.0	0.1877766352215317
chr2	-8	60	22379.0	0.268108494570803
chr2	-7	37	22379.0	0.1653335716519952
chr2	-6	38	22368.0	0.16988555078683834
chr2	-5	57	22378.0	0.25471445169362766
chr2	-4	41	22384.0	0.18316654753395284
chr2	-3	54	22379.0	0.24129764511372268
chr2	-2	92	22365.0	0.41135703107534094
chr2	-1	152	22359.0	0.6798157341562682
chr2	0	153	21924.0	0.6978653530377669
chr2	1	77	21733.0	0.35429991257534627
chr2	2	80	21544.0	0.37133308577794283
chr2	3	50	21339.0	0.23431276067294626
chr2	4	52	21166.0	0.24567702919776999
chr2	5	43	20949.0	0.20526039429089693
chr2	6	49	20779.0	0.2358150055344338
chr2	7	48	20554.0	0.2335311861438163
chr2	8	42	20341.0	0.2064795241138587
chr2	9	51	20145.0	0.25316455696202533
chr2	10	49	19967.0	0.24540491811488957
chr2	11	67	19744.0	0.33934359805510533
chr2	12	60	19559.0	0.3067641494963955
chr2	13	31	19378.0	0.15997522964186192
chr2	14	51	19190.0	0.2657634184471079
chr2	15	54	19001.0	0.28419556865428136
chr2	16	65	18828.0	0.34523050775440833
chr2	17	56	18631.0	0.3005743116311524
chr2	18	48	18435.0	0.2603742880390561
chr2	19	63	18240.0	0.34539473684210525
chr2	20	49	18079.0	0.2710326898611649
chr2	21	54	17905.0	0.30159173415247137
chr2	22	49	17717.0	0.2765705254839984
chr2	23	67	17541.0	0.3819622598483553
chr2	24	47	17334.0	0.271143417560863
chr2	25	37	17139.0	0.21588190676235486
chr2	26	41	16956.0	0.24180231186600615
chr2	27	49	16757.0	0.29241511010324045
chr2	28	52	16554.0	0.31412347468889695
chr2	29	63	16363.0	0.385014972804498
chr2	30	58	16144.0	0.35926660059464816
chr2	31	29	15951.0	0.18180678327377595
chr2	32	54	15765.0	0.3425309229305423
chr2	33	43	15564.0	0.27627859162169105
chr2	34	34	15382.0	0.22103757638798596
chr2	35	48	15193.0	0.3159349700519976
chr2	36	38	14993.0	0.2534516107516841
chr2	37	22	14812.0	0.14852822036186875
chr2	38	32	14613.0	0.2189830972421816
chr2	39	27	14444.0	0.1869288285793409
chr2	40	48	14257.0	0.3366767202076173
chr2	41	46	14059.0	0.3271925457002632
chr2	42	56	13882.0	0.4034000864428756
chr2	43	62	13692.0	0.4528191644756062
chr2	44	50	13510.0	0.3700962250185048
chr2	45	47	13333.0	0.35250881272031803
chr2	46	44	13151.0	0.3345753174663524
chr2	47	41	12958.0	0.31640685290939957
chr2	48	40	12761.0	0.3134550583810046
chr2	49	37	12560.0	0.29458598726114654
chr2	50	35	12383.0	0.2826455624646693
chr2	51	29	12177.0	0.23815389669048204
chr2	52	42	11995.0	0.35014589412255104
chr2	53	33	11820.0	0.27918781725888325
chr2	54	41	11626.0	0.35265783588508515
chr2	55	26	11449.0	0.22709406935103502
chr2	56	34	11246.0	0.3023297172327939
chr2	57	26	11060.0	0.23508137432188067
chr2	58	46	10869.0	0.42322200754439226
chr2	59	38	10703.0	0.35504064281042697
chr2	60	29	10500.0	0.2761904761904762
chr2	61	40	10313.0	0.3878599825463008
chr2	62	22	10135.0	0.217069560927479
chr2	63	26	9949.0	0.26133279726605685
chr2	64	40	9754.0	0.4100881689563256
chr2	65	24	9570.0	0.25078369905956116
chr2	66	33	9365.0	0.35237586759209827
chr2	67	23	9192.0	0.2502175805047868
chr2	68	32	8994.0	0.355792750722704
chr2	69	24	8808.0	0.2724795640326975
chr2	70	22	8630.0	0.2549246813441483
chr2	71	28	8434.0	0.3319895660422101
chr2	72	19	8224.0	0.23103112840466927
chr2	73	16	8023.0	0.19942664838589058
chr2	74	23	7799.0	0.2949096037953584
chr2	75	22	7587.0	0.2899696849874786
chr2	76	25	7396.0	0.33802055164954026
chr2	77	17	7204.0	0.2359800111049417
chr2	78	15	7004.0	0.2141633352370074
chr2	79	23	6794.0	0.3385340005887548
chr2	80	16	6599.0	0.24246097893620244
chr2	81	17	6406.0	0.2653762098033094
chr2	82	22	6216.0	0.35392535392535396
chr2	83	21	6015.0	0.3491271820448878
chr2	84	15	5802.0	0.25853154084798347
chr2	85	16	5566.0	0.2874595759971254
chr2	86	23	5389.0	0.42679532380775653
chr2	87	6	5182.0	0.11578541103820918
chr2	88	22	4971.0	0.4425668879501106
chr2	89	18	4764.0	0.3778337531486146
chr2	90	17	4535.0	0.37486218302094815
chr2	91	13	4355.0	0.2985074626865672
chr2	92	12	4151.0	0.2890869669959046
chr2	93	4	3963.0	0.10093363613424174
chr2	94	21	3761.0	0.5583621377293273
chr2	95	8	3574.0	0.22383883603805263
chr2	96	15	3380.0	0.4437869822485207
chr2	97	7	3181.0	0.22005658597925182
chr2	98	5	2982.0	0.1676727028839705
chr2	99	4	2783.0	0.1437297879985627
chr2	100	5	2569.0	0.1946282600233554
chr2	101	10	2378.0	0.42052144659377627
chr2	102	7	2185.0	0.3203661327231121
chr2	103	7	1965.0	0.356234096692112
chr2	104	4	1726.0	0.2317497103128621
chr2	105	3	1535.0	0.19543973941368079
chr2	106	4	1343.0	0.29784065524944153
chr2	107	2	1168.0	0.17123287671232876
chr2	108	4	977.0	0.4094165813715456
chr2	109	4	801.0	0.4993757802746567
chr2	110	1	641.0	0.15600624024961
chr2	111	0	476.0	0.0
chr2	112	3	313.0	0.9584664536741214
chr2	113	0	172.0	0.0
chr2	114	0	71.0	0.0
chr2	115	0	0.0	nan
chr2	116	0	0.0	nan
chr2	117	0	0.0	nan
chr2	118	0	0.0	nan
chr2	119	0	0.0	nan
chr2	120	0	0.0	nan
chr2	121	0	0.0	nan
chr2	122	0	0.0	nan
chr2	123	0	0.0	nan
chr2	124	0	0.0	nan
chr2	125	0	0.0	nan
chr2	126	0	0.0	nan
chr2	127	0	0.0	nan
chr2	128	0	0.0	nan
chr2	129	0	0.0	nan
chr2	130	0	0.0	nan
chr2	131	0	0.0	nan
chr2	132	0	0.0	nan
chr12	-137	0	1.0	0.0
chr12	-136	0	1.0	0.0
chr12	-135	0	1.0	0.0
chr12	-134	0	1.0	0.0
chr12	-133	0	1.0	0.0
chr12	-132	0	1.0	0.0
chr12	-131	0	3.0	0.0
chr12	-130	0	4.0	0.0
chr12	-129	0	4.0	0.0
chr12	-128	0	6.0	0.0
chr12	-127	0	8.0	0.0
chr12	-126	0	55.0	0.0
chr12	-125	0	106.0	0.0
chr12	-124	0	172.0	0.0
chr12	-123	0	262.0	0.0
chr12	-122	1	358.0	0.27932960893854747
chr12	-121	1	429.0	0.2331002331002331
chr12	-120	1	531.0	0.18832391713747645
chr12	-119	1	634.0	0.15772870662460567
chr12	-118	1	725.0	0.13793103448275862
chr12	-117	0	825.0	0.0
chr12	-116	0	948.0	0.0
chr12	-115	2	1049.0	0.19065776930409914
chr12	-114	0	1160.0	0.0
chr12	-113	1	1258.0	0.0794912559618442
chr12	-112	2	1388.0	0.1440922190201729
chr12	-111	3	1502.0	0.1997336884154461
chr12	-110	0	1613.0	0.0
chr12	-109	1	1730.0	0.05780346820809249
chr12	-108	1	1836.0	0.054466230936819175
chr12	-107	2	1958.0	0.10214504596527069
chr12	-106	3	2084.0	0.14395393474088292
chr12	-105	2	2208.0	0.09057971014492754
chr12	-104	5	2316.0	0.2158894645941278
chr12	-103	2	2471.0	0.08093889113719142
chr12	-102	4	2588.0	0.1545595054095827
chr12	-101	7	2701.0	0.259163272861903
chr12	-100	4	2820.0	0.14184397163120568
chr12	-99	6	2930.0	0.20477815699658702
chr12	-98	4	3057.0	0.13084723585214264
chr12	-97	6	3175.0	0.1889763779527559
chr12	-96	8	3313.0	0.24147298520977964
chr12	-95	3	3461.0	0.08668015024559377
chr12	-94	3	3572.0	0.08398656215005598
chr12	-93	2	3704.0	0.05399568034557236
chr12	-92	2	3830.0	0.05221932114882506
chr12	-91	1	3962.0	0.025239777889954566
chr12	-90	11	4080.0	0.2696078431372549
chr12	-89	7	4224.0	0.16571969696969696
chr12	-88	4	4351.0	0.09193288899103653
chr12	-87	13	4484.0	0.28991971454058874
chr12	-86	11	4619.0	0.23814678501840225
chr12	-85	9	4716.0	0.19083969465648853
chr12	-84	8	4833.0	0.16552865714876888
chr12	-83	2	4980.0	0.040160642570281124
chr12	-82	8	5088.0	0.15723270440251574
chr12	-81	6	5191.0	0.11558466576767482
chr12	-80	18	5327.0	0.3379012577435705
chr12	-79	26	5463.0	0.4759289767527
chr12	-78	5	5598.0	0.08931761343336907
chr12	-77	6	5738.0	0.10456605088881143
chr12	-76	11	5869.0	0.1874254557846311
chr12	-75	5	5986.0	0.0835282325425994
chr12	-74	5	6117.0	0.08173941474579043
chr12	-73	10	6243.0	0.1601794009290405
chr12	-72	5	6363.0	0.07857928650007859
chr12	-71	26	6517.0	0.3989565751112475
chr12	-70	13	6647.0	0.19557695200842487
chr12	-69	6	6771.0	0.08861320336730173
chr12	-68	12	6894.0	0.17406440382941687
chr12	-67	11	7019.0	0.15671748112266704
chr12	-66	9	7157.0	0.12575101299427133
chr12	-65	26	7294.0	0.3564573622155196
chr12	-64	19	7427.0	0.2558233472465329
chr12	-63	17	7556.0	0.2249867654843833
chr12	-62	8	7681.0	0.10415310506444472
chr12	-61	11	7822.0	0.14062899514190744
chr12	-60	21	7952.0	0.2640845070422535
chr12	-59	16	8086.0	0.19787286668315607
chr12	-58	8	8222.0	0.09729992702505473
chr12	-57	5	8349.0	0.0598874116660678
chr12	-56	20	8488.0	0.23562676720075398
chr12	-55	13	8604.0	0.1510925151092515
chr12	-54	19	8735.0	0.21751574127074985
chr12	-53	17	8869.0	0.19167888149735032
chr12	-52	29	8995.0	0.3224013340744858
chr12	-51	11	9126.0	0.12053473591935131
chr12	-50	21	9251.0	0.2270024862177062
chr12	-49	18	9388.0	0.19173412867490414
chr12	-48	16	9533.0	0.16783803629497535
chr12	-47	26	9644.0	0.26959767731231854
chr12	-46	16	9788.0	0.1634654679199019
chr12	-45	21	9915.0	0.2118003025718608
chr12	-44	19	10041.0	0.18922418085848022
chr12	-43	24	10169.0	0.23601140721801556
chr12	-42	18	10304.0	0.17468944099378883
chr12	-41	17	10454.0	0.16261718002678402
chr12	-40	12	10585.0	0.11336797354747286
chr12	-39	38	10711.0	0.3547754644757726
chr12	-38	21	10854.0	0.19347705914870095
chr12	-37	18	10975.0	0.16400911161731208
chr12	-36	19	11120.0	0.17086330935251798
chr12	-35	9	11242.0	0.08005692937199786
chr12	-34	25	11377.0	0.21974158389733672
chr12	-33	22	11499.0	0.191320984433429
chr12	-32	11	11649.0	0.09442870632672333
chr12	-31	44	11783.0	0.3734193329372825
chr12	-30	13	11909.0	0.10916113863464606
chr12	-29	38	12046.0	0.31545741324921134
chr12	-28	16	12168.0	0.13149243918474687
chr12	-27	13	12301.0	0.10568246484025688
chr12	-26	20	12444.0	0.16072002571520413
chr12	-25	15	12579.0	0.11924636298592892
chr12	-24	18	12713.0	0.14158735152993
chr12	-23	18	12866.0	0.1399036219493238
chr12	-22	15	12992.0	0.11545566502463055
chr12	-21	31	13112.0	0.23642464917632702
chr12	-20	35	13277.0	0.26361376817052046
chr12	-19	20	13416.0	0.1490757304710793
chr12	-18	29	13570.0	0.21370670596904937
chr12	-17	33	13709.0	0.2407177766430812
chr12	-16	32	13858.0	0.23091355173906766
chr12	-15	48	14009.0	0.3426368762938111
chr12	-14	23	14139.0	0.16267062734281065
chr12	-13	21	14283.0	0.14702793530770847
chr12	-12	59	14452.0	0.4082479933573208
chr12	-11	47	14600.0	0.3219178082191781
chr12	-10	31	14793.0	0.20955857500168998
chr12	-9	21	14799.0	0.1419014798297182
chr12	-8	19	14793.0	0.12843912661393903
chr12	-7	47	14789.0	0.31780377307458246
chr12	-6	38	14792.0	0.2568956192536506
chr12	-5	29	14789.0	0.19609168976942323
chr12	-4	28	14790.0	0.18931710615280595
chr12	-3	25	14783.0	0.16911317053372116
chr12	-2	47	14789.0	0.31780377307458246
chr12	-1	98	14783.0	0.662923628492187
chr12	0	104	14505.0	0.7169941399517408
chr12	1	48	14393.0	0.3334954491766831
chr12	2	28	14253.0	0.19644987020276433
chr12	3	50	14140.0	0.3536067892503536
chr12	4	44	14031.0	0.31359133347587487
chr12	5	43	13905.0	0.3092412801150665
chr12	6	38	13772.0	0.2759221609061865
chr12	7	39	13655.0	0.28560966678872207
chr12	8	30	13539.0	0.22158209616662972
chr12	9	39	13406.0	0.29091451588840817
chr12	10	54	13277.0	0.40671838517737435
chr12	11	68	13157.0	0.5168351447898457
chr12	12	28	13010.0	0.21521906225980014
chr12	13	26	12866.0	0.2020830094823566
chr12	14	39	12738.0	0.30617051342439944
chr12	15	34	12613.0	0.2695631491318481
chr12	16	30	12503.0	0.23994241382068304
chr12	17	53	12377.0	0.4282136220408823
chr12	18	23	12261.0	0.18758665687953674
chr12	19	30	12130.0	0.24732069249793898
chr12	20	42	12001.0	0.34997083576368637
chr12	21	28	11887.0	0.23555144275258683
chr12	22	26	11752.0	0.22123893805309736
chr12	23	27	11618.0	0.23239800309864003
chr12	24	19	11500.0	0.16521739130434784
chr12	25	27	11383.0	0.2371958183255732
chr12	26	38	11233.0	0.3382889699991098
chr12	27	20	11103.0	0.1801314959920742
chr12	28	40	10968.0	0.36469730123997085
chr12	29	36	10832.0	0.33234859675036926
chr12	30	44	10686.0	0.41175369642522924
chr12	31	25	10561.0	0.23672000757504025
chr12	32	32	10434.0	0.30668966839179607
chr12	33	31	10286.0	0.3013805172078553
chr12	34	14	10164.0	0.13774104683195593
chr12	35	30	10032.0	0.29904306220095694
chr12	36	21	9896.0	0.2122069523039612
chr12	37	48	9787.0	0.4904465106774293
chr12	38	55	9661.0	0.5692992443846393
chr12	39	27	9539.0	0.2830485375825558
chr12	40	18	9425.0	0.1909814323607427
chr12	41	43	9312.0	0.46176975945017185
chr12	42	40	9186.0	0.43544524276072283
chr12	43	21	9075.0	0.23140495867768596
chr12	44	49	8938.0	0.5482210785410607
chr12	45	33	8812.0	0.37448933272809803
chr12	46	41	8668.0	0.4730041532071989
chr12	47	42	8538.0	0.4919184820801124
chr12	48	21	8392.0	0.2502383222116301
chr12	49	35	8269.0	0.4232676260732858
chr12	50	25	8150.0	0.3067484662576687
chr12	51	25	8027.0	0.31144886009717204
chr12	52	27	7904.0	0.3415991902834008
chr12	53	28	7789.0	0.35948131980998843
chr12	54	15	7655.0	0.1959503592423253
chr12	55	18	7527.0	0.23913909924272617
chr12	56	18	7399.0	0.24327611839437763
chr12	57	29	7267.0	0.3990642631071969
chr12	58	21	7141.0	0.2940764598795687
chr12	59	31	7009.0	0.44228848623198747
chr12	60	26	6869.0	0.3785121560634736
chr12	61	17	6731.0	0.2525627692764819
chr12	62	19	6613.0	0.2873128685921669
chr12	63	24	6489.0	0.36985668053629217
chr12	64	30	6354.0	0.4721435316336166
chr12	65	21	6209.0	0.3382187147688839
chr12	66	13	6061.0	0.21448605840620358
chr12	67	13	5927.0	0.2193352454867555
chr12	68	23	5838.0	0.39397053785542996
chr12	69	23	5728.0	0.401536312849162
chr12	70	22	5590.0	0.3935599284436494
chr12	71	20	5444.0	0.36737692872887584
chr12	72	13	5317.0	0.24449877750611246
chr12	73	15	5181.0	0.2895193977996526
chr12	74	6	5055.0	0.11869436201780414
chr12	75	27	4923.0	0.5484460694698354
chr12	76	14	4806.0	0.2913025384935497
chr12	77	16	4667.0	0.3428326548103707
chr12	78	31	4524.0	0.6852343059239611
chr12	79	17	4391.0	0.38715554543384195
chr12	80	8	4253.0	0.1881025158711498
chr12	81	7	4123.0	0.1697792869269949
chr12	82	6	3983.0	0.1506402209389907
chr12	83	25	3836.0	0.6517205422314911
chr12	84	15	3692.0	0.40628385698808234
chr12	85	13	3561.0	0.3650659926986802
chr12	86	14	3435.0	0.40756914119359533
chr12	87	10	3301.0	0.3029385034837928
chr12	88	7	3189.0	0.21950454687989968
chr12	89	13	3042.0	0.4273504273504274
chr12	90	6	2909.0	0.2062564455139223
chr12	91	3	2787.0	0.1076426264800861
chr12	92	8	2663.0	0.3004130679684566
chr12	93	10	2516.0	0.39745627980922094
chr12	94	4	2384.0	0.16778523489932887
chr12	95	14	2269.0	0.617011899515205
chr12	96	5	2141.0	0.2335357309668379
chr12	97	9	2009.0	0.44798407167745147
chr12	98	6	1898.0	0.31612223393045313
chr12	99	11	1763.0	0.6239364719228588
chr12	100	6	1620.0	0.3703703703703704
chr12	101	3	1497.0	0.2004008016032064
chr12	102	8	1377.0	0.5809731299927379
chr12	103	4	1256.0	0.3184713375796179
chr12	104	2	1124.0	0.1779359430604982
chr12	105	2	1013.0	0.19743336623889435
chr12	106	2	868.0	0.2304147465437788
chr12	107	4	751.0	0.5326231691078562
chr12	108	3	637.0	0.47095761381475665
chr12	109	2	518.0	0.3861003861003861
chr12	110	2	391.0	0.5115089514066496
chr12	111	1	301.0	0.33222591362126247
chr12	112	1	194.0	0.5154639175257731
chr12	113	2	125.0	1.6
chr12	114	1	49.0	2.0408163265306123
chr12	115	0	0.0	nan
chr12	116	0	0.0	nan
chr12	117	0	0.0	nan
chr12	118	0	0.0	nan
chr12	119	0	0.0	nan
chr12	120	0	0.0	nan
chr12	121	0	0.0	nan
chr12	122	0	0.0	nan
chr12	123	0	0.0	nan
chr12	124	0	0.0	nan
chr12	125	0	0.0	nan
chr12	126	0	0.0	nan
chr12	127	0	0.0	nan
chr12	128	0	0.0	nan
chr12	129	0	0.0	nan
chr12	130	0	0.0	nan
chr12	131	0	0.0	nan
chr12	132	0	0.0	nan
chr12	133	0	0.0	nan
chr12	134	0	0.0	nan
chr12	135	0	0.0	nan
chr12	136	0	0.0	nan
chr12	137	0	0.0	nan
chr12	138	0	0.0	nan
chr12	139	0	0.0	nan
chr12	140	0	0.0	nan
chr12	141	0	0.0	nan
chr13	-134	0	1.0	0.0
chr13	-133	0	1.0	0.0
chr13	-132	0	1.0	0.0
chr13	-131	0	1.0	0.0
chr13	-130	0	2.0	0.0
chr13	-129	0	2.0	0.0
chr13	-128	0	2.0	0.0
chr13	-127	0	2.0	0.0
chr13	-126	0	19.0	0.0
chr13	-125	0	51.0	0.0
chr13	-124	1	87.0	1.1494252873563218
chr13	-123	0	136.0	0.0
chr13	-122	0	199.0	0.0
chr13	-121	2	250.0	0.8
chr13	-120	0	301.0	0.0
chr13	-119	0	360.0	0.0
chr13	-118	0	438.0	0.0
chr13	-117	1	509.0	0.19646365422396855
chr13	-116	0	579.0	0.0
chr13	-115	4	643.0	0.6220839813374806
chr13	-114	1	718.0	0.1392757660167131
chr13	-113	0	796.0	0.0
chr13	-112	1	866.0	0.11547344110854503
chr13	-111	0	934.0	0.0
chr13	-110	1	1000.0	0.1
chr13	-109	0	1076.0	0.0
chr13	-108	3	1121.0	0.2676181980374665
chr13	-107	1	1186.0	0.08431703204047217
chr13	-106	1	1269.0	0.07880220646178093
chr13	-105	0	1352.0	0.0
chr13	-104	0	1417.0	0.0
chr13	-103	0	1486.0	0.0
chr13	-102	0	1565.0	0.0
chr13	-101	1	1642.0	0.06090133982947624
chr13	-100	3	1708.0	0.1756440281030445
chr13	-99	2	1783.0	0.11217049915872125
chr13	-98	4	1868.0	0.21413276231263384
chr13	-97	4	1946.0	0.20554984583761562
chr13	-96	3	2016.0	0.1488095238095238
chr13	-95	3	2092.0	0.14340344168260039
chr13	-94	6	2164.0	0.27726432532347506
chr13	-93	3	2234.0	0.13428827215756492
chr13	-92	1	2309.0	0.043308791684711995
chr13	-91	1	2376.0	0.04208754208754208
chr13	-90	9	2453.0	0.36689767631471665
chr13	-89	1	2531.0	0.03951007506914263
chr13	-88	4	2603.0	0.1536688436419516
chr13	-87	0	2675.0	0.0
chr13	-86	1	2762.0	0.03620564808110065
chr13	-85	3	2832.0	0.1059322033898305
chr13	-84	6	2917.0	0.2056907781967775
chr13	-83	8	2984.0	0.2680965147453083
chr13	-82	3	3051.0	0.09832841691248771
chr13	-81	2	3122.0	0.06406149903907751
chr13	-80	6	3214.0	0.18668326073428748
chr13	-79	2	3281.0	0.06095702529716549
chr13	-78	13	3358.0	0.38713519952352593
chr13	-77	7	3439.0	0.20354754289037513
chr13	-76	5	3517.0	0.1421666192777936
chr13	-75	11	3580.0	0.3072625698324022
chr13	-74	21	3651.0	0.5751848808545604
chr13	-73	6	3726.0	0.1610305958132045
chr13	-72	1	3794.0	0.02635740643120717
chr13	-71	3	3853.0	0.07786140669608098
chr13	-70	4	3935.0	0.10165184243964422
chr13	-69	16	4007.0	0.39930122285999503
chr13	-68	3	4090.0	0.07334963325183375
chr13	-67	5	4173.0	0.11981787682722263
chr13	-66	5	4255.0	0.11750881316098707
chr13	-65	6	4333.0	0.13847219016847448
chr13	-64	2	4401.0	0.04544421722335833
chr13	-63	8	4481.0	0.17853157777281856
chr13	-62	7	4551.0	0.15381234893430015
chr13	-61	1	4631.0	0.021593608291945586
chr13	-60	9	4706.0	0.19124521886952825
chr13	-59	12	4807.0	0.249635947576451
chr13	-58	2	4871.0	0.04105933073290905
chr13	-57	9	4925.0	0.18274111675126903
chr13	-56	9	4988.0	0.18043303929430632
chr13	-55	6	5064.0	0.11848341232227488
chr13	-54	5	5139.0	0.0972951936174353
chr13	-53	13	5219.0	0.24908986395861277
chr13	-52	2	5304.0	0.037707390648567124
chr13	-51	7	5380.0	0.13011152416356878
chr13	-50	32	5463.0	0.5857587406187077
chr13	-49	21	5549.0	0.3784465669489998
chr13	-48	10	5638.0	0.17736786094359702
chr13	-47	10	5726.0	0.17464198393293748
chr13	-46	19	5798.0	0.3276992066229734
chr13	-45	4	5878.0	0.06805035726437564
chr13	-44	5	5951.0	0.08401949252226516
chr13	-43	9	6024.0	0.14940239043824702
chr13	-42	15	6092.0	0.24622455679579774
chr13	-41	3	6185.0	0.04850444624090541
chr13	-40	8	6252.0	0.12795905310300704
chr13	-39	21	6342.0	0.33112582781456956
chr13	-38	16	6418.0	0.24929884699283264
chr13	-37	3	6498.0	0.04616805170821791
chr13	-36	12	6592.0	0.1820388349514563
chr13	-35	7	6672.0	0.10491606714628297
chr13	-34	15	6739.0	0.22258495325715982
chr13	-33	21	6821.0	0.30787274593168157
chr13	-32	6	6916.0	0.08675534991324466
chr13	-31	6	6996.0	0.08576329331046312
chr13	-30	16	7065.0	0.2264685067232838
chr13	-29	17	7141.0	0.2380618960929842
chr13	-28	15	7225.0	0.20761245674740486
chr13	-27	4	7319.0	0.05465227490094275
chr13	-26	2	7404.0	0.02701242571582928
chr13	-25	28	7493.0	0.37368210329641
chr13	-24	14	7570.0	0.18494055482166447
chr13	-23	24	7666.0	0.31307070180015656
chr13	-22	4	7753.0	0.051592931768347734
chr13	-21	16	7834.0	0.20423793719683433
chr13	-20	12	7917.0	0.15157256536566882
chr13	-19	11	7995.0	0.13758599124452783
chr13	-18	13	8082.0	0.16085127443702052
chr13	-17	9	8174.0	0.1101052116466846
chr13	-16	5	8291.0	0.06030635628995296
chr13	-15	17	8377.0	0.20293661215232184
chr13	-14	15	8467.0	0.17715837959135466
chr13	-13	26	8574.0	0.30324236062514576
chr13	-12	18	8667.0	0.20768431983385255
chr13	-11	45	8763.0	0.5135227661759671
chr13	-10	16	8845.0	0.18089315997738836
chr13	-9	12	8856.0	0.13550135501355012
chr13	-8	29	8859.0	0.32735071678519023
chr13	-7	15	8859.0	0.16931933626820184
chr13	-6	8	8853.0	0.09036484807409918
chr13	-5	28	8853.0	0.3162769682593471
chr13	-4	15	8848.0	0.16952983725135623
chr13	-3	25	8848.0	0.2825497287522604
chr13	-2	31	8854.0	0.3501242376327084
chr13	-1	41	8844.0	0.4635911352329263
chr13	0	57	8669.0	0.6575152843465221
chr13	1	22	8626.0	0.2550428935775562
chr13	2	37	8543.0	0.43310312536579654
chr13	3	27	8470.0	0.3187721369539551
chr13	4	32	8409.0	0.3805446545368058
chr13	5	14	8330.0	0.16806722689075632
chr13	6	22	8260.0	0.26634382566585957
chr13	7	32	8184.0	0.39100684261974583
chr13	8	21	8095.0	0.25941939468807906
chr13	9	14	8005.0	0.1748906933166771
chr13	10	48	7936.0	0.6048387096774194
chr13	11	22	7855.0	0.2800763844684914
chr13	12	24	7766.0	0.3090394025238218
chr13	13	15	7685.0	0.1951854261548471
chr13	14	26	7635.0	0.34053700065487885
chr13	15	7	7568.0	0.09249471458773784
chr13	16	12	7499.0	0.1600213361781571
chr13	17	16	7420.0	0.215633423180593
chr13	18	27	7350.0	0.36734693877551017
chr13	19	19	7269.0	0.26138395927913055
chr13	20	36	7175.0	0.5017421602787456
chr13	21	12	7093.0	0.16918088256027067
chr13	22	53	7002.0	0.7569265924021709
chr13	23	12	6930.0	0.17316017316017315
chr13	24	40	6863.0	0.5828354946816261
chr13	25	11	6793.0	0.16193139997055792
chr13	26	14	6713.0	0.20855057351407716
chr13	27	29	6632.0	0.43727382388419783
chr13	28	22	6552.0	0.3357753357753358
chr13	29	17	6477.0	0.26246719160104987
chr13	30	14	6410.0	0.21840873634945399
chr13	31	9	6334.0	0.1420903062835491
chr13	32	24	6280.0	0.3821656050955414
chr13	33	26	6200.0	0.4193548387096774
chr13	34	12	6118.0	0.1961425302386401
chr13	35	12	6046.0	0.19847833278200464
chr13	36	7	5973.0	0.11719403984597354
chr13	37	13	5899.0	0.22037633497202913
chr13	38	14	5812.0	0.24088093599449414
chr13	39	12	5743.0	0.20895002611875327
chr13	40	16	5647.0	0.2833362847529662
chr13	41	26	5576.0	0.4662840746054519
chr13	42	13	5519.0	0.23554991846348977
chr13	43	4	5446.0	0.07344840249724569
chr13	44	10	5366.0	0.18635855385762207
chr13	45	37	5294.0	0.6989044200982244
chr13	46	17	5222.0	0.3255457679050172
chr13	47	21	5153.0	0.4075295944110227
chr13	48	20	5074.0	0.3941663381947182
chr13	49	27	5011.0	0.5388146078627021
chr13	50	18	4955.0	0.3632694248234107
chr13	51	9	4871.0	0.18476698829809074
chr13	52	17	4810.0	0.35343035343035345
chr13	53	11	4732.0	0.23245984784446322
chr13	54	16	4680.0	0.3418803418803419
chr13	55	3	4604.0	0.06516072980017376
chr13	56	17	4533.0	0.37502757555702626
chr13	57	12	4460.0	0.26905829596412556
chr13	58	17	4371.0	0.38892701898878973
chr13	59	13	4268.0	0.3045923149015933
chr13	60	19	4190.0	0.4534606205250597
chr13	61	15	4113.0	0.36469730123997085
chr13	62	10	4040.0	0.24752475247524752
chr13	63	8	3953.0	0.2023779408044523
chr13	64	8	3876.0	0.20639834881320948
chr13	65	9	3791.0	0.2374043787918755
chr13	66	8	3723.0	0.21488047273704003
chr13	67	9	3663.0	0.2457002457002457
chr13	68	20	3589.0	0.5572582892170521
chr13	69	9	3520.0	0.2556818181818182
chr13	70	7	3445.0	0.20319303338171263
chr13	71	7	3369.0	0.20777678836449986
chr13	72	10	3297.0	0.3033060357901122
chr13	73	12	3196.0	0.37546933667083854
chr13	74	8	3117.0	0.25665704202759065
chr13	75	10	3029.0	0.3301419610432486
chr13	76	9	2953.0	0.3047748052827633
chr13	77	11	2876.0	0.3824756606397775
chr13	78	4	2788.0	0.1434720229555237
chr13	79	7	2719.0	0.25744759102611253
chr13	80	5	2639.0	0.189465706707086
chr13	81	10	2565.0	0.3898635477582846
chr13	82	9	2480.0	0.3629032258064516
chr13	83	10	2405.0	0.4158004158004158
chr13	84	6	2336.0	0.2568493150684931
chr13	85	2	2255.0	0.08869179600886917
chr13	86	3	2181.0	0.1375515818431912
chr13	87	4	2113.0	0.18930430667297682
chr13	88	3	2022.0	0.1483679525222552
chr13	89	5	1952.0	0.25614754098360654
chr13	90	4	1864.0	0.2145922746781116
chr13	91	3	1800.0	0.16666666666666669
chr13	92	3	1720.0	0.1744186046511628
chr13	93	3	1637.0	0.1832620647525962
chr13	94	2	1541.0	0.12978585334198572
chr13	95	5	1460.0	0.3424657534246575
chr13	96	2	1373.0	0.14566642388929352
chr13	97	6	1291.0	0.46475600309837334
chr13	98	1	1203.0	0.0831255195344971
chr13	99	3	1120.0	0.26785714285714285
chr13	100	8	1037.0	0.7714561234329798
chr13	101	2	973.0	0.20554984583761562
chr13	102	2	884.0	0.22624434389140274
chr13	103	2	803.0	0.24906600249066002
chr13	104	3	741.0	0.4048582995951417
chr13	105	3	669.0	0.4484304932735426
chr13	106	0	602.0	0.0
chr13	107	0	522.0	0.0
chr13	108	0	434.0	0.0
chr13	109	2	347.0	0.5763688760806917
chr13	110	1	267.0	0.37453183520599254
chr13	111	0	198.0	0.0
chr13	112	0	131.0	0.0
chr13	113	0	84.0	0.0
chr13	114	0	38.0	0.0
chr13	115	0	0.0	nan
chr13	116	0	0.0	nan
chr13	117	0	0.0	nan
chr13	118	0	0.0	nan
chr13	119	0	0.0	nan
chr13	120	0	0.0	nan
chr13	121	0	0.0	nan
chr13	122	0	0.0	nan
chr13	123	0	0.0	nan
chr13	124	0	0.0	nan
chr13	125	0	0.0	nan
chr13	126	0	0.0	nan
chr13	127	0	0.0	nan
chr13	128	0	0.0	nan
chr13	129	0	0.0	nan
chr13	130	0	0.0	nan
chr14	-129	0	1.0	0.0
chr14	-128	0	3.0	0.0
chr14	-127	0	4.0	0.0
chr14	-126	0	33.0	0.0
chr14	-125	1	81.0	1.2345679012345678
chr14	-124	1	118.0	0.847457627118644
chr14	-123	0	162.0	0.0
chr14	-122	2	190.0	1.0526315789473684
chr14	-121	3	254.0	1.1811023622047243
chr14	-120	0	306.0	0.0
chr14	-119	0	361.0	0.0
chr14	-118	0	419.0	0.0
chr14	-117	1	493.0	0.2028397565922921
chr14	-116	1	564.0	0.1773049645390071
chr14	-115	1	621.0	0.1610305958132045
chr14	-114	1	685.0	0.145985401459854
chr14	-113	1	756.0	0.13227513227513227
chr14	-112	1	829.0	0.12062726176115801
chr14	-111	3	884.0	0.3393665158371041
chr14	-110	0	962.0	0.0
chr14	-109	3	1037.0	0.28929604628736744
chr14	-108	0	1088.0	0.0
chr14	-107	9	1174.0	0.7666098807495741
chr14	-106	0	1257.0	0.0
chr14	-105	2	1346.0	0.1485884101040119
chr14	-104	2	1419.0	0.14094432699083861
chr14	-103	2	1494.0	0.13386880856760375
chr14	-102	0	1575.0	0.0
chr14	-101	4	1638.0	0.2442002442002442
chr14	-100	0	1710.0	0.0
chr14	-99	6	1791.0	0.33500837520938026
chr14	-98	2	1851.0	0.10804970286331712
chr14	-97	0	1918.0	0.0
chr14	-96	6	1995.0	0.30075187969924816
chr14	-95	11	2068.0	0.5319148936170213
chr14	-94	4	2153.0	0.18578727357176034
chr14	-93	4	2225.0	0.1797752808988764
chr14	-92	7	2289.0	0.3058103975535168
chr14	-91	5	2348.0	0.21294718909710392
chr14	-90	5	2433.0	0.2055076037813399
chr14	-89	3	2514.0	0.11933174224343676
chr14	-88	8	2595.0	0.3082851637764933
chr14	-87	7	2656.0	0.2635542168674699
chr14	-86	10	2743.0	0.36456434560699963
chr14	-85	7	2810.0	0.2491103202846975
chr14	-84	3	2888.0	0.10387811634349031
chr14	-83	10	2965.0	0.33726812816188867
chr14	-82	14	3048.0	0.45931758530183725
chr14	-81	4	3120.0	0.1282051282051282
chr14	-80	4	3198.0	0.12507817385866166
chr14	-79	9	3273.0	0.27497708524289644
chr14	-78	3	3347.0	0.089632506722438
chr14	-77	1	3400.0	0.02941176470588235
chr14	-76	6	3465.0	0.17316017316017315
chr14	-75	7	3534.0	0.19807583474816073
chr14	-74	11	3599.0	0.30564045568213394
chr14	-73	7	3676.0	0.19042437431991296
chr14	-72	2	3742.0	0.053447354355959376
chr14	-71	1	3809.0	0.026253609871357313
chr14	-70	3	3884.0	0.07723995880535531
chr14	-69	10	3959.0	0.2525890376357666
chr14	-68	10	4028.0	0.24826216484607747
chr14	-67	8	4092.0	0.19550342130987292
chr14	-66	13	4169.0	0.31182537778843844
chr14	-65	7	4245.0	0.16489988221436985
chr14	-64	12	4326.0	0.27739251040221913
chr14	-63	9	4399.0	0.20459195271652647
chr14	-62	5	4492.0	0.11130899376669634
chr14	-61	11	4566.0	0.24091108190976784
chr14	-60	5	4658.0	0.10734220695577501
chr14	-59	7	4732.0	0.14792899408284024
chr14	-58	19	4818.0	0.39435450394354504
chr14	-57	14	4903.0	0.28553946563328575
chr14	-56	6	4970.0	0.12072434607645875
chr14	-55	11	5046.0	0.21799445105033688
chr14	-54	6	5129.0	0.11698186781048939
chr14	-53	21	5193.0	0.4043905257076834
chr14	-52	5	5273.0	0.09482268158543523
chr14	-51	10	5350.0	0.1869158878504673
chr14	-50	13	5423.0	0.2397197123363452
chr14	-49	23	5499.0	0.41825786506637574
chr14	-48	3	5564.0	0.053918044572250176
chr14	-47	16	5647.0	0.2833362847529662
chr14	-46	10	5707.0	0.17522340984755563
chr14	-45	5	5787.0	0.08640055296353896
chr14	-44	19	5857.0	0.32439815605258665
chr14	-43	30	5935.0	0.5054759898904801
chr14	-42	12	6023.0	0.1992362609995019
chr14	-41	16	6094.0	0.26255333114538887
chr14	-40	15	6189.0	0.24236548715462916
chr14	-39	14	6256.0	0.2237851662404092
chr14	-38	8	6332.0	0.12634238787113075
chr14	-37	2	6417.0	0.03116721209287829
chr14	-36	4	6492.0	0.06161429451632779
chr14	-35	3	6561.0	0.04572473708276177
chr14	-34	22	6643.0	0.3311756736414271
chr14	-33	9	6728.0	0.133769322235434
chr14	-32	14	6818.0	0.20533880903490762
chr14	-31	6	6911.0	0.08681811604688178
chr14	-30	14	7006.0	0.19982871824150727
chr14	-29	14	7075.0	0.1978798586572438
chr14	-28	14	7159.0	0.19555803883223913
chr14	-27	16	7243.0	0.220902940770399
chr14	-26	16	7334.0	0.218161985274066
chr14	-25	13	7416.0	0.17529665587918017
chr14	-24	25	7515.0	0.332667997338656
chr14	-23	23	7598.0	0.30271123979994735
chr14	-22	29	7683.0	0.37745672263438756
chr14	-21	16	7773.0	0.2058407307345941
chr14	-20	8	7847.0	0.10194978972855868
chr14	-19	9	7952.0	0.11317907444668009
chr14	-18	23	8045.0	0.28589185829707897
chr14	-17	9	8145.0	0.11049723756906078
chr14	-16	17	8247.0	0.20613556444767797
chr14	-15	15	8339.0	0.1798776831754407
chr14	-14	16	8445.0	0.18946121965660154
chr14	-13	13	8547.0	0.1521001521001521
chr14	-12	10	8649.0	0.11562030292519365
chr14	-11	17	8739.0	0.19453026662089484
chr14	-10	16	8836.0	0.1810774105930285
chr14	-9	21	8848.0	0.23734177215189875
chr14	-8	21	8852.0	0.23723452327157704
chr14	-7	21	8852.0	0.23723452327157704
chr14	-6	19	8853.0	0.21461651417598554
chr14	-5	20	8847.0	0.22606533288120267
chr14	-4	20	8844.0	0.22614201718679333
chr14	-3	13	8842.0	0.14702555982809318
chr14	-2	17	8838.0	0.19235121068114958
chr14	-1	63	8824.0	0.7139619220308251
chr14	0	80	8658.0	0.924000924000924
chr14	1	19	8601.0	0.22090454598302522
chr14	2	24	8546.0	0.28083313831032064
chr14	3	24	8476.0	0.28315243039169424
chr14	4	23	8394.0	0.2740052418394091
chr14	5	17	8315.0	0.20444978953698137
chr14	6	22	8236.0	0.26711996114618747
chr14	7	27	8162.0	0.3308012741975006
chr14	8	26	8081.0	0.3217423586189828
chr14	9	12	7988.0	0.15022533800701052
chr14	10	17	7902.0	0.21513540875727666
chr14	11	16	7836.0	0.20418580908626852
chr14	12	25	7768.0	0.32183316168898046
chr14	13	16	7681.0	0.20830621012888945
chr14	14	18	7620.0	0.23622047244094488
chr14	15	30	7537.0	0.3980363539869975
chr14	16	20	7443.0	0.2687088539567379
chr14	17	11	7376.0	0.14913232104121474
chr14	18	11	7294.0	0.1508088840142583
chr14	19	8	7214.0	0.11089548100914888
chr14	20	32	7129.0	0.44887080937017815
chr14	21	27	7058.0	0.38254463020685747
chr14	22	31	6979.0	0.44418971199312224
chr14	23	24	6908.0	0.3474232773595831
chr14	24	11	6832.0	0.16100702576112413
chr14	25	18	6751.0	0.2666271663457266
chr14	26	19	6679.0	0.28447372361131906
chr14	27	20	6616.0	0.3022974607013301
chr14	28	13	6537.0	0.19886798225485697
chr14	29	21	6453.0	0.3254300325430033
chr14	30	17	6374.0	0.26670850329463447
chr14	31	29	6289.0	0.46112259500715536
chr14	32	22	6213.0	0.35409624979880894
chr14	33	20	6140.0	0.32573289902280134
chr14	34	6	6081.0	0.09866798223976321
chr14	35	14	6024.0	0.23240371845949537
chr14	36	18	5940.0	0.30303030303030304
chr14	37	14	5862.0	0.2388263391334016
chr14	38	15	5783.0	0.2593809441466367
chr14	39	24	5702.0	0.4209049456331112
chr14	40	14	5632.0	0.24857954545454544
chr14	41	19	5554.0	0.34209578682030967
chr14	42	32	5490.0	0.5828779599271403
chr14	43	19	5423.0	0.3503595795685045
chr14	44	24	5358.0	0.4479283314669653
chr14	45	14	5279.0	0.2652017427543095
chr14	46	27	5216.0	0.5176380368098159
chr14	47	19	5151.0	0.36886041545331005
chr14	48	19	5091.0	0.3732076212924769
chr14	49	16	5015.0	0.3190428713858425
chr14	50	22	4938.0	0.44552450384771164
chr14	51	7	4871.0	0.14370765756518167
chr14	52	22	4797.0	0.45861997081509276
chr14	53	13	4721.0	0.2753653886888371
chr14	54	10	4665.0	0.21436227224008575
chr14	55	7	4587.0	0.1526051885764116
chr14	56	15	4517.0	0.3320788133717069
chr14	57	19	4450.0	0.4269662921348315
chr14	58	8	4377.0	0.18277358921635825
chr14	59	5	4286.0	0.11665888940737283
chr14	60	12	4204.0	0.285442435775452
chr14	61	13	4130.0	0.31476997578692495
chr14	62	6	4050.0	0.14814814814814814
chr14	63	20	3958.0	0.5053057099545225
chr14	64	6	3883.0	0.1545197012619109
chr14	65	14	3804.0	0.36803364879074657
chr14	66	13	3724.0	0.3490870032223416
chr14	67	11	3650.0	0.3013698630136986
chr14	68	17	3576.0	0.47539149888143173
chr14	69	10	3509.0	0.28498147620404674
chr14	70	5	3430.0	0.1457725947521866
chr14	71	10	3351.0	0.2984183825723664
chr14	72	8	3282.0	0.2437538086532602
chr14	73	15	3222.0	0.4655493482309125
chr14	74	14	3149.0	0.4445855827246745
chr14	75	11	3083.0	0.3567953292247811
chr14	76	3	3004.0	0.09986684420772304
chr14	77	10	2922.0	0.34223134839151265
chr14	78	8	2854.0	0.2803083391730904
chr14	79	7	2791.0	0.2508061626657112
chr14	80	1	2713.0	0.036859565057132324
chr14	81	8	2624.0	0.3048780487804878
chr14	82	13	2532.0	0.5134281200631912
chr14	83	10	2448.0	0.40849673202614384
chr14	84	5	2367.0	0.21123785382340513
chr14	85	10	2291.0	0.4364906154517678
chr14	86	7	2210.0	0.3167420814479638
chr14	87	7	2125.0	0.32941176470588235
chr14	88	4	2062.0	0.19398642095053348
chr14	89	7	1972.0	0.35496957403651114
chr14	90	4	1890.0	0.21164021164021166
chr14	91	4	1801.0	0.22209883398112162
chr14	92	5	1717.0	0.29120559114735
chr14	93	6	1623.0	0.36968576709796674
chr14	94	7	1558.0	0.4492939666238768
chr14	95	7	1472.0	0.4755434782608696
chr14	96	2	1403.0	0.14255167498218105
chr14	97	7	1326.0	0.5279034690799397
chr14	98	5	1223.0	0.4088307440719542
chr14	99	4	1155.0	0.3463203463203463
chr14	100	2	1077.0	0.18570102135561745
chr14	101	2	1011.0	0.19782393669634024
chr14	102	1	924.0	0.10822510822510822
chr14	103	3	834.0	0.3597122302158274
chr14	104	4	751.0	0.5326231691078562
chr14	105	0	664.0	0.0
chr14	106	0	580.0	0.0
chr14	107	0	491.0	0.0
chr14	108	0	410.0	0.0
chr14	109	0	331.0	0.0
chr14	110	0	265.0	0.0
chr14	111	0	187.0	0.0
chr14	112	2	112.0	1.7857142857142856
chr14	113	0	65.0	0.0
chr14	114	0	24.0	0.0
chr14	115	0	0.0	nan
chr14	116	0	0.0	nan
chr14	117	0	0.0	nan
chr14	118	0	0.0	nan
chr14	119	0	0.0	nan
chr14	120	0	0.0	nan
chr14	121	0	0.0	nan
chr14	122	0	0.0	nan
chr14	123	0	0.0	nan
chr14	124	0	0.0	nan
chr14	125	0	0.0	nan
chr14	126	0	0.0	nan
chr14	127	0	0.0	nan
chr14	128	0	0.0	nan
chr14	129	0	0.0	nan
chr15	-139	0	1.0	0.0
chr15	-138	0	1.0	0.0
chr15	-137	0	1.0	0.0
chr15	-136	0	1.0	0.0
chr15	-135	0	1.0	0.0
chr15	-134	0	1.0	0.0
chr15	-133	0	1.0	0.0
chr15	-132	0	1.0	0.0
chr15	-131	0	1.0	0.0
chr15	-130	0	1.0	0.0
chr15	-129	0	1.0	0.0
chr15	-128	0	1.0	0.0
chr15	-127	0	1.0	0.0
chr15	-126	0	12.0	0.0
chr15	-125	0	29.0	0.0
chr15	-124	0	62.0	0.0
chr15	-123	0	96.0	0.0
chr15	-122	0	120.0	0.0
chr15	-121	2	154.0	1.2987012987012987
chr15	-120	0	188.0	0.0
chr15	-119	0	225.0	0.0
chr15	-118	0	269.0	0.0
chr15	-117	2	309.0	0.6472491909385114
chr15	-116	0	358.0	0.0
chr15	-115	1	394.0	0.25380710659898476
chr15	-114	0	423.0	0.0
chr15	-113	0	467.0	0.0
chr15	-112	1	502.0	0.199203187250996
chr15	-111	0	546.0	0.0
chr15	-110	0	592.0	0.0
chr15	-109	4	630.0	0.6349206349206349
chr15	-108	0	671.0	0.0
chr15	-107	0	711.0	0.0
chr15	-106	0	746.0	0.0
chr15	-105	1	796.0	0.12562814070351758
chr15	-104	1	848.0	0.1179245283018868
chr15	-103	1	894.0	0.11185682326621924
chr15	-102	9	939.0	0.9584664536741214
chr15	-101	0	970.0	0.0
chr15	-100	1	1026.0	0.09746588693957114
chr15	-99	2	1063.0	0.18814675446848542
chr15	-98	3	1103.0	0.271985494106981
chr15	-97	3	1148.0	0.2613240418118467
chr15	-96	0	1194.0	0.0
chr15	-95	2	1243.0	0.16090104585679807
chr15	-94	8	1292.0	0.6191950464396285
chr15	-93	2	1336.0	0.14970059880239522
chr15	-92	1	1378.0	0.07256894049346879
chr15	-91	6	1416.0	0.423728813559322
chr15	-90	5	1463.0	0.3417634996582365
chr15	-89	2	1503.0	0.1330671989354624
chr15	-88	7	1540.0	0.45454545454545453
chr15	-87	5	1592.0	0.314070351758794
chr15	-86	0	1632.0	0.0
chr15	-85	2	1667.0	0.11997600479904018
chr15	-84	1	1713.0	0.05837711617046118
chr15	-83	1	1778.0	0.05624296962879641
chr15	-82	5	1829.0	0.2733734281027884
chr15	-81	2	1871.0	0.10689470871191875
chr15	-80	1	1918.0	0.05213764337851929
chr15	-79	1	1976.0	0.05060728744939271
chr15	-78	10	2025.0	0.49382716049382713
chr15	-77	3	2067.0	0.14513788098693758
chr15	-76	6	2124.0	0.2824858757062147
chr15	-75	9	2158.0	0.41705282669138094
chr15	-74	4	2190.0	0.182648401826484
chr15	-73	1	2231.0	0.04482294935006724
chr15	-72	2	2287.0	0.08745080891998251
chr15	-71	8	2347.0	0.34086067319982954
chr15	-70	6	2394.0	0.2506265664160401
chr15	-69	5	2433.0	0.2055076037813399
chr15	-68	18	2483.0	0.724929520741039
chr15	-67	4	2530.0	0.15810276679841898
chr15	-66	5	2583.0	0.19357336430507163
chr15	-65	1	2620.0	0.03816793893129771
chr15	-64	9	2654.0	0.3391107761868877
chr15	-63	8	2708.0	0.29542097488921715
chr15	-62	14	2748.0	0.5094614264919942
chr15	-61	3	2807.0	0.10687566797292483
chr15	-60	10	2842.0	0.3518648838845883
chr15	-59	22	2890.0	0.7612456747404844
chr15	-58	1	2932.0	0.034106412005457026
chr15	-57	3	2974.0	0.10087424344317418
chr15	-56	7	3034.0	0.23071852340145024
chr15	-55	7	3075.0	0.22764227642276422
chr15	-54	3	3119.0	0.09618467457518436
chr15	-53	6	3148.0	0.1905972045743329
chr15	-52	7	3190.0	0.219435736677116
chr15	-51	7	3244.0	0.21578298397040688
chr15	-50	6	3268.0	0.18359853121175032
chr15	-49	6	3316.0	0.18094089264173704
chr15	-48	11	3361.0	0.32728354656352276
chr15	-47	6	3404.0	0.17626321974148063
chr15	-46	9	3455.0	0.26049204052098407
chr15	-45	7	3505.0	0.19971469329529246
chr15	-44	6	3543.0	0.1693480101608806
chr15	-43	13	3584.0	0.3627232142857143
chr15	-42	12	3624.0	0.33112582781456956
chr15	-41	7	3674.0	0.19052803483941208
chr15	-40	5	3727.0	0.13415615776764153
chr15	-39	6	3779.0	0.15877216194760518
chr15	-38	9	3831.0	0.23492560689115116
chr15	-37	8	3872.0	0.2066115702479339
chr15	-36	1	3919.0	0.025516713447307986
chr15	-35	11	3965.0	0.27742749054224464
chr15	-34	5	4013.0	0.12459506603538499
chr15	-33	3	4064.0	0.07381889763779527
chr15	-32	2	4121.0	0.0485319097306479
chr15	-31	9	4168.0	0.21593090211132437
chr15	-30	4	4216.0	0.09487666034155598
chr15	-29	3	4269.0	0.07027406886858749
chr15	-28	5	4320.0	0.11574074074074073
chr15	-27	3	4364.0	0.06874427131072411
chr15	-26	4	4410.0	0.09070294784580499
chr15	-25	8	4448.0	0.1798561151079137
chr15	-24	7	4492.0	0.1558325912733749
chr15	-23	8	4533.0	0.17648356496801235
chr15	-22	18	4589.0	0.3922423185879277
chr15	-21	5	4650.0	0.10752688172043011
chr15	-20	16	4692.0	0.3410059676044331
chr15	-19	4	4760.0	0.08403361344537816
chr15	-18	8	4818.0	0.16604400166044
chr15	-17	19	4869.0	0.39022386527007596
chr15	-16	27	4937.0	0.5468908243872798
chr15	-15	25	4984.0	0.5016051364365971
chr15	-14	15	5047.0	0.2972062611452348
chr15	-13	10	5111.0	0.19565642731363725
chr15	-12	3	5157.0	0.058173356602675974
chr15	-11	13	5231.0	0.24851844771554193
chr15	-10	15	5304.0	0.2828054298642534
chr15	-9	23	5305.0	0.43355325164938735
chr15	-8	11	5304.0	0.20739064856711917
chr15	-7	8	5305.0	0.15080113100848258
chr15	-6	12	5305.0	0.22620169651272384
chr15	-5	12	5300.0	0.22641509433962265
chr15	-4	9	5301.0	0.1697792869269949
chr15	-3	6	5303.0	0.11314350367716387
chr15	-2	16	5301.0	0.3018298434257687
chr15	-1	37	5290.0	0.6994328922495274
chr15	0	48	5188.0	0.9252120277563608
chr15	1	23	5146.0	0.44694908666925764
chr15	2	14	5100.0	0.27450980392156865
chr15	3	7	5056.0	0.13844936708860758
chr15	4	7	5021.0	0.13941445927106152
chr15	5	11	4969.0	0.22137250955926746
chr15	6	13	4916.0	0.26444263628966636
chr15	7	8	4868.0	0.16433853738701726
chr15	8	28	4832.0	0.5794701986754967
chr15	9	24	4797.0	0.5003126954346466
chr15	10	15	4746.0	0.31605562579013907
chr15	11	10	4697.0	0.21290185224611455
chr15	12	8	4653.0	0.17193208682570385
chr15	13	22	4619.0	0.4762935700368045
chr15	14	23	4568.0	0.5035026269702276
chr15	15	17	4533.0	0.37502757555702626
chr15	16	16	4486.0	0.3566651805617477
chr15	17	9	4443.0	0.2025658338960162
chr15	18	6	4399.0	0.136394635144351
chr15	19	21	4358.0	0.48187241854061497
chr15	20	7	4303.0	0.16267720195212643
chr15	21	15	4257.0	0.3523608174770966
chr15	22	9	4229.0	0.2128162686214235
chr15	23	5	4189.0	0.11936022917164002
chr15	24	11	4148.0	0.2651880424300868
chr15	25	13	4097.0	0.31730534537466437
chr15	26	6	4056.0	0.14792899408284024
chr15	27	6	3993.0	0.15026296018031557
chr15	28	6	3947.0	0.15201418799087915
chr15	29	11	3899.0	0.28212362144139524
chr15	30	11	3844.0	0.2861602497398543
chr15	31	6	3805.0	0.15768725361366623
chr15	32	10	3769.0	0.26532236667551073
chr15	33	6	3735.0	0.1606425702811245
chr15	34	8	3688.0	0.21691973969631237
chr15	35	6	3647.0	0.16451878256100905
chr15	36	19	3597.0	0.52821795941062
chr15	37	8	3537.0	0.22618037885213457
chr15	38	8	3499.0	0.22863675335810232
chr15	39	8	3456.0	0.23148148148148145
chr15	40	8	3412.0	0.23446658851113714
chr15	41	4	3361.0	0.11901219875037192
chr15	42	9	3310.0	0.2719033232628399
chr15	43	9	3253.0	0.27666769136181985
chr15	44	18	3210.0	0.5607476635514018
chr15	45	12	3157.0	0.3801076971808679
chr15	46	20	3121.0	0.6408202499198975
chr15	47	11	3088.0	0.35621761658031087
chr15	48	10	3036.0	0.32938076416337286
chr15	49	7	2996.0	0.23364485981308408
chr15	50	11	2948.0	0.3731343283582089
chr15	51	6	2917.0	0.2056907781967775
chr15	52	5	2863.0	0.17464198393293748
chr15	53	7	2809.0	0.2491990032039872
chr15	54	6	2760.0	0.21739130434782608
chr15	55	10	2701.0	0.37023324694557574
chr15	56	7	2659.0	0.2632568634825122
chr15	57	6	2624.0	0.22865853658536583
chr15	58	30	2574.0	1.1655011655011656
chr15	59	15	2526.0	0.5938242280285035
chr15	60	9	2493.0	0.36101083032490977
chr15	61	13	2445.0	0.5316973415132925
chr15	62	11	2405.0	0.4573804573804574
chr15	63	5	2357.0	0.21213406873143828
chr15	64	5	2310.0	0.21645021645021645
chr15	65	3	2269.0	0.13221683561040104
chr15	66	13	2212.0	0.5877034358047016
chr15	67	18	2165.0	0.8314087759815243
chr15	68	4	2126.0	0.18814675446848542
chr15	69	5	2078.0	0.2406159769008662
chr15	70	6	2036.0	0.29469548133595286
chr15	71	4	1998.0	0.20020020020020018
chr15	72	5	1964.0	0.2545824847250509
chr15	73	6	1933.0	0.3103983445421624
chr15	74	22	1888.0	1.1652542372881356
chr15	75	9	1849.0	0.48674959437533805
chr15	76	6	1785.0	0.33613445378151263
chr15	77	15	1738.0	0.863060989643268
chr15	78	5	1693.0	0.29533372711163614
chr15	79	6	1638.0	0.3663003663003663
chr15	80	3	1586.0	0.18915510718789408
chr15	81	9	1552.0	0.5798969072164949
chr15	82	1	1505.0	0.0664451827242525
chr15	83	3	1454.0	0.20632737276478677
chr15	84	0	1408.0	0.0
chr15	85	2	1358.0	0.14727540500736377
chr15	86	7	1312.0	0.5335365853658537
chr15	87	7	1261.0	0.5551149881046789
chr15	88	7	1217.0	0.5751848808545604
chr15	89	4	1159.0	0.3451251078515962
chr15	90	7	1118.0	0.6261180679785331
chr15	91	3	1072.0	0.2798507462686567
chr15	92	2	1031.0	0.19398642095053348
chr15	93	4	985.0	0.40609137055837563
chr15	94	1	939.0	0.10649627263045794
chr15	95	0	890.0	0.0
chr15	96	3	836.0	0.3588516746411483
chr15	97	2	784.0	0.25510204081632654
chr15	98	2	748.0	0.267379679144385
chr15	99	1	698.0	0.14326647564469913
chr15	100	1	654.0	0.1529051987767584
chr15	101	3	599.0	0.5008347245409015
chr15	102	3	556.0	0.539568345323741
chr15	103	2	509.0	0.3929273084479371
chr15	104	0	462.0	0.0
chr15	105	2	406.0	0.49261083743842365
chr15	106	0	355.0	0.0
chr15	107	0	296.0	0.0
chr15	108	1	249.0	0.4016064257028112
chr15	109	0	199.0	0.0
chr15	110	0	146.0	0.0
chr15	111	0	102.0	0.0
chr15	112	0	71.0	0.0
chr15	113	0	44.0	0.0
chr15	114	0	15.0	0.0
chr15	115	0	0.0	nan
chr15	116	0	0.0	nan
chr15	117	0	0.0	nan
chr15	118	0	0.0	nan
chr15	119	0	0.0	nan
chr15	120	0	0.0	nan
chr15	121	0	0.0	nan
chr15	122	0	0.0	nan
chr15	123	0	0.0	nan
chr15	124	0	0.0	nan
chr15	125	0	0.0	nan
chr15	126	0	0.0	nan
chr15	127	0	0.0	nan
chr15	128	0	0.0	nan
chr15	129	0	0.0	nan
chr15	130	0	0.0	nan
chr16	-141	0	0.0	nan
chr16	-140	0	0.0	nan
chr16	-139	0	1.0	0.0
chr16	-138	0	1.0	0.0
chr16	-137	0	1.0	0.0
chr16	-136	0	1.0	0.0
chr16	-135	0	1.0	0.0
chr16	-134	0	1.0	0.0
chr16	-133	0	1.0	0.0
chr16	-132	0	1.0	0.0
chr16	-131	0	1.0	0.0
chr16	-130	0	1.0	0.0
chr16	-129	0	1.0	0.0
chr16	-128	0	1.0	0.0
chr16	-127	0	1.0	0.0
chr16	-126	0	11.0	0.0
chr16	-125	0	24.0	0.0
chr16	-124	0	39.0	0.0
chr16	-123	0	56.0	0.0
chr16	-122	0	74.0	0.0
chr16	-121	0	88.0	0.0
chr16	-120	0	106.0	0.0
chr16	-119	0	129.0	0.0
chr16	-118	0	149.0	0.0
chr16	-117	0	163.0	0.0
chr16	-116	0	178.0	0.0
chr16	-115	0	194.0	0.0
chr16	-114	1	217.0	0.4608294930875576
chr16	-113	0	228.0	0.0
chr16	-112	0	244.0	0.0
chr16	-111	0	262.0	0.0
chr16	-110	0	282.0	0.0
chr16	-109	1	294.0	0.3401360544217687
chr16	-108	0	314.0	0.0
chr16	-107	1	336.0	0.2976190476190476
chr16	-106	0	355.0	0.0
chr16	-105	0	376.0	0.0
chr16	-104	0	396.0	0.0
chr16	-103	2	414.0	0.4830917874396135
chr16	-102	1	434.0	0.2304147465437788
chr16	-101	0	462.0	0.0
chr16	-100	0	481.0	0.0
chr16	-99	0	507.0	0.0
chr16	-98	1	519.0	0.1926782273603083
chr16	-97	1	543.0	0.1841620626151013
chr16	-96	0	557.0	0.0
chr16	-95	0	577.0	0.0
chr16	-94	1	594.0	0.16835016835016833
chr16	-93	0	611.0	0.0
chr16	-92	1	628.0	0.15923566878980894
chr16	-91	1	653.0	0.1531393568147014
chr16	-90	1	684.0	0.14619883040935672
chr16	-89	0	697.0	0.0
chr16	-88	1	719.0	0.13908205841446453
chr16	-87	2	743.0	0.2691790040376851
chr16	-86	0	760.0	0.0
chr16	-85	0	788.0	0.0
chr16	-84	2	810.0	0.24691358024691357
chr16	-83	0	826.0	0.0
chr16	-82	1	844.0	0.11848341232227488
chr16	-81	1	860.0	0.11627906976744186
chr16	-80	2	879.0	0.22753128555176336
chr16	-79	1	900.0	0.1111111111111111
chr16	-78	17	918.0	1.8518518518518516
chr16	-77	1	941.0	0.10626992561105207
chr16	-76	6	959.0	0.6256517205422315
chr16	-75	1	979.0	0.10214504596527069
chr16	-74	4	997.0	0.4012036108324975
chr16	-73	1	1012.0	0.09881422924901186
chr16	-72	12	1041.0	1.1527377521613833
chr16	-71	1	1069.0	0.09354536950420954
chr16	-70	1	1085.0	0.09216589861751152
chr16	-69	2	1101.0	0.18165304268846502
chr16	-68	3	1125.0	0.26666666666666666
chr16	-67	9	1149.0	0.7832898172323759
chr16	-66	8	1166.0	0.6861063464837049
chr16	-65	0	1182.0	0.0
chr16	-64	10	1210.0	0.8264462809917356
chr16	-63	9	1226.0	0.734094616639478
chr16	-62	2	1251.0	0.15987210231814547
chr16	-61	4	1274.0	0.3139717425431711
chr16	-60	0	1289.0	0.0
chr16	-59	0	1309.0	0.0
chr16	-58	1	1333.0	0.07501875468867217
chr16	-57	2	1352.0	0.14792899408284024
chr16	-56	1	1369.0	0.07304601899196494
chr16	-55	0	1392.0	0.0
chr16	-54	4	1406.0	0.2844950213371266
chr16	-53	3	1424.0	0.21067415730337077
chr16	-52	1	1455.0	0.06872852233676977
chr16	-51	3	1471.0	0.20394289598912305
chr16	-50	2	1490.0	0.1342281879194631
chr16	-49	0	1512.0	0.0
chr16	-48	5	1537.0	0.32530904359141183
chr16	-47	0	1557.0	0.0
chr16	-46	5	1582.0	0.31605562579013907
chr16	-45	1	1603.0	0.06238303181534623
chr16	-44	1	1619.0	0.06176652254478073
chr16	-43	2	1637.0	0.12217470983506415
chr16	-42	2	1661.0	0.12040939193257075
chr16	-41	1	1687.0	0.05927682276229994
chr16	-40	6	1710.0	0.3508771929824561
chr16	-39	7	1723.0	0.4062681369704005
chr16	-38	4	1743.0	0.22948938611589212
chr16	-37	6	1761.0	0.34071550255536626
chr16	-36	2	1792.0	0.11160714285714285
chr16	-35	5	1817.0	0.27517886626307103
chr16	-34	1	1830.0	0.0546448087431694
chr16	-33	4	1858.0	0.2152852529601722
chr16	-32	3	1882.0	0.1594048884165781
chr16	-31	7	1910.0	0.36649214659685864
chr16	-30	12	1937.0	0.619514713474445
chr16	-29	3	1958.0	0.15321756894790603
chr16	-28	9	1987.0	0.45294413688978363
chr16	-27	33	2008.0	1.643426294820717
chr16	-26	3	2037.0	0.14727540500736377
chr16	-25	3	2052.0	0.14619883040935672
chr16	-24	4	2078.0	0.192492781520693
chr16	-23	15	2101.0	0.7139457401237506
chr16	-22	19	2128.0	0.8928571428571428
chr16	-21	2	2149.0	0.09306654257794324
chr16	-20	5	2174.0	0.22999080036798528
chr16	-19	3	2194.0	0.13673655423883319
chr16	-18	4	2225.0	0.1797752808988764
chr16	-17	4	2250.0	0.17777777777777778
chr16	-16	6	2278.0	0.2633889376646181
chr16	-15	1	2302.0	0.043440486533449174
chr16	-14	6	2343.0	0.2560819462227913
chr16	-13	2	2372.0	0.08431703204047217
chr16	-12	3	2403.0	0.12484394506866417
chr16	-11	3	2422.0	0.12386457473162675
chr16	-10	15	2461.0	0.609508329947176
chr16	-9	5	2461.0	0.2031694433157253
chr16	-8	2	2461.0	0.08126777732629012
chr16	-7	3	2461.0	0.12190166598943519
chr16	-6	4	2461.0	0.16253555465258024
chr16	-5	5	2461.0	0.2031694433157253
chr16	-4	22	2460.0	0.894308943089431
chr16	-3	4	2459.0	0.16266775111834078
chr16	-2	5	2455.0	0.20366598778004072
chr16	-1	16	2451.0	0.6527947776417788
chr16	0	13	2387.0	0.5446166736489317
chr16	1	5	2364.0	0.21150592216582065
chr16	2	5	2352.0	0.21258503401360546
chr16	3	13	2317.0	0.561070349589987
chr16	4	4	2303.0	0.17368649587494572
chr16	5	4	2283.0	0.17520805957074026
chr16	6	5	2259.0	0.22133687472332889
chr16	7	5	2242.0	0.22301516503122212
chr16	8	9	2221.0	0.40522287257991896
chr16	9	10	2202.0	0.4541326067211626
chr16	10	2	2187.0	0.09144947416552354
chr16	11	4	2166.0	0.18467220683287164
chr16	12	8	2147.0	0.37261294829995345
chr16	13	4	2134.0	0.18744142455482662
chr16	14	7	2110.0	0.33175355450236965
chr16	15	2	2089.0	0.09573958831977022
chr16	16	5	2055.0	0.24330900243309003
chr16	17	8	2019.0	0.396235760277365
chr16	18	2	1992.0	0.1004016064257028
chr16	19	1	1974.0	0.050658561296859174
chr16	20	1	1968.0	0.05081300813008131
chr16	21	8	1949.0	0.4104669061056952
chr16	22	16	1931.0	0.8285862247540134
chr16	23	4	1916.0	0.20876826722338201
chr16	24	3	1897.0	0.158144438587243
chr16	25	5	1866.0	0.2679528403001072
chr16	26	24	1847.0	1.2994044396318354
chr16	27	10	1836.0	0.5446623093681917
chr16	28	4	1817.0	0.2201430930104568
chr16	29	13	1802.0	0.7214206437291898
chr16	30	14	1776.0	0.7882882882882882
chr16	31	7	1757.0	0.398406374501992
chr16	32	1	1738.0	0.05753739930955121
chr16	33	4	1715.0	0.23323615160349853
chr16	34	6	1698.0	0.35335689045936397
chr16	35	9	1673.0	0.5379557680812911
chr16	36	8	1658.0	0.48250904704463204
chr16	37	4	1637.0	0.2443494196701283
chr16	38	2	1612.0	0.12406947890818859
chr16	39	3	1586.0	0.18915510718789408
chr16	40	2	1564.0	0.1278772378516624
chr16	41	4	1547.0	0.25856496444731736
chr16	42	6	1524.0	0.39370078740157477
chr16	43	4	1505.0	0.26578073089701
chr16	44	4	1485.0	0.26936026936026936
chr16	45	5	1460.0	0.3424657534246575
chr16	46	4	1448.0	0.2762430939226519
chr16	47	10	1428.0	0.700280112044818
chr16	48	2	1406.0	0.1422475106685633
chr16	49	3	1383.0	0.21691973969631237
chr16	50	8	1364.0	0.5865102639296188
chr16	51	4	1346.0	0.2971768202080238
chr16	52	4	1330.0	0.30075187969924816
chr16	53	5	1304.0	0.3834355828220859
chr16	54	2	1280.0	0.15625
chr16	55	2	1266.0	0.1579778830963665
chr16	56	1	1243.0	0.08045052292839903
chr16	57	1	1229.0	0.08136696501220504
chr16	58	3	1213.0	0.24732069249793898
chr16	59	0	1198.0	0.0
chr16	60	5	1174.0	0.42589437819420783
chr16	61	1	1148.0	0.08710801393728224
chr16	62	13	1126.0	1.1545293072824157
chr16	63	4	1101.0	0.36330608537693004
chr16	64	1	1075.0	0.09302325581395349
chr16	65	5	1061.0	0.47125353440150797
chr16	66	8	1041.0	0.7684918347742555
chr16	67	1	1014.0	0.09861932938856016
chr16	68	8	999.0	0.8008008008008007
chr16	69	2	984.0	0.20325203252032523
chr16	70	6	960.0	0.625
chr16	71	3	938.0	0.31982942430703626
chr16	72	3	924.0	0.3246753246753247
chr16	73	3	904.0	0.33185840707964603
chr16	74	6	882.0	0.6802721088435374
chr16	75	5	858.0	0.5827505827505828
chr16	76	1	837.0	0.11947431302270012
chr16	77	7	813.0	0.8610086100861009
chr16	78	2	793.0	0.25220680958385877
chr16	79	0	773.0	0.0
chr16	80	2	750.0	0.26666666666666666
chr16	81	4	732.0	0.546448087431694
chr16	82	1	712.0	0.1404494382022472
chr16	83	8	690.0	1.1594202898550725
chr16	84	1	663.0	0.1508295625942685
chr16	85	2	639.0	0.3129890453834116
chr16	86	3	618.0	0.48543689320388345
chr16	87	3	600.0	0.5
chr16	88	0	582.0	0.0
chr16	89	2	563.0	0.3552397868561279
chr16	90	2	540.0	0.3703703703703704
chr16	91	6	519.0	1.1560693641618496
chr16	92	0	494.0	0.0
chr16	93	2	475.0	0.42105263157894735
chr16	94	3	448.0	0.6696428571428571
chr16	95	1	422.0	0.23696682464454977
chr16	96	1	400.0	0.25
chr16	97	3	370.0	0.8108108108108109
chr16	98	0	349.0	0.0
chr16	99	1	330.0	0.30303030303030304
chr16	100	3	310.0	0.967741935483871
chr16	101	0	291.0	0.0
chr16	102	2	271.0	0.7380073800738007
chr16	103	0	249.0	0.0
chr16	104	2	224.0	0.8928571428571428
chr16	105	0	205.0	0.0
chr16	106	0	184.0	0.0
chr16	107	0	159.0	0.0
chr16	108	0	136.0	0.0
chr16	109	1	117.0	0.8547008547008548
chr16	110	1	94.0	1.0638297872340425
chr16	111	0	64.0	0.0
chr16	112	0	39.0	0.0
chr16	113	0	19.0	0.0
chr16	114	0	11.0	0.0
chr16	115	0	0.0	nan
chr16	116	0	0.0	nan
chr16	117	0	0.0	nan
chr16	118	0	0.0	nan
chr16	119	0	0.0	nan
chr16	120	0	0.0	nan
chr16	121	0	0.0	nan
chr16	122	0	0.0	nan
chr16	123	0	0.0	nan
chr16	124	0	0.0	nan
chr16	125	0	0.0	nan
chr16	126	0	0.0	nan
chr16	127	0	0.0	nan
chr16	128	0	0.0	nan
chr17	-126	0	6.0	0.0
chr17	-125	0	21.0	0.0
chr17	-124	1	31.0	3.225806451612903
chr17	-123	1	49.0	2.0408163265306123
chr17	-122	0	65.0	0.0
chr17	-121	0	92.0	0.0
chr17	-120	0	111.0	0.0
chr17	-119	0	132.0	0.0
chr17	-118	3	149.0	2.013422818791946
chr17	-117	0	173.0	0.0
chr17	-116	0	189.0	0.0
chr17	-115	0	215.0	0.0
chr17	-114	0	236.0	0.0
chr17	-113	1	257.0	0.38910505836575876
chr17	-112	0	278.0	0.0
chr17	-111	0	310.0	0.0
chr17	-110	2	328.0	0.6097560975609756
chr17	-109	0	352.0	0.0
chr17	-108	1	376.0	0.26595744680851063
chr17	-107	1	397.0	0.2518891687657431
chr17	-106	1	414.0	0.24154589371980675
chr17	-105	2	440.0	0.45454545454545453
chr17	-104	0	462.0	0.0
chr17	-103	1	486.0	0.205761316872428
chr17	-102	1	514.0	0.19455252918287938
chr17	-101	1	537.0	0.186219739292365
chr17	-100	2	558.0	0.35842293906810035
chr17	-99	2	579.0	0.3454231433506045
chr17	-98	2	601.0	0.33277870216306155
chr17	-97	1	621.0	0.1610305958132045
chr17	-96	7	646.0	1.08359133126935
chr17	-95	0	668.0	0.0
chr17	-94	0	688.0	0.0
chr17	-93	5	707.0	0.7072135785007072
chr17	-92	1	726.0	0.13774104683195593
chr17	-91	2	745.0	0.2684563758389262
chr17	-90	0	762.0	0.0
chr17	-89	6	795.0	0.7547169811320755
chr17	-88	5	820.0	0.6097560975609756
chr17	-87	1	843.0	0.11862396204033215
chr17	-86	2	863.0	0.2317497103128621
chr17	-85	2	880.0	0.22727272727272727
chr17	-84	1	905.0	0.11049723756906078
chr17	-83	0	928.0	0.0
chr17	-82	0	955.0	0.0
chr17	-81	3	978.0	0.3067484662576687
chr17	-80	10	993.0	1.0070493454179255
chr17	-79	0	1012.0	0.0
chr17	-78	0	1043.0	0.0
chr17	-77	1	1064.0	0.09398496240601503
chr17	-76	1	1094.0	0.09140767824497258
chr17	-75	7	1122.0	0.6238859180035651
chr17	-74	1	1149.0	0.08703220191470844
chr17	-73	1	1168.0	0.08561643835616438
chr17	-72	3	1191.0	0.2518891687657431
chr17	-71	0	1214.0	0.0
chr17	-70	5	1245.0	0.4016064257028112
chr17	-69	2	1274.0	0.15698587127158556
chr17	-68	1	1294.0	0.07727975270479134
chr17	-67	3	1323.0	0.22675736961451248
chr17	-66	2	1347.0	0.14847809948032664
chr17	-65	4	1371.0	0.29175784099197666
chr17	-64	1	1404.0	0.07122507122507123
chr17	-63	3	1429.0	0.2099370188943317
chr17	-62	6	1445.0	0.4152249134948097
chr17	-61	1	1470.0	0.06802721088435373
chr17	-60	2	1490.0	0.1342281879194631
chr17	-59	1	1508.0	0.0663129973474801
chr17	-58	2	1538.0	0.13003901170351106
chr17	-57	6	1563.0	0.3838771593090211
chr17	-56	3	1586.0	0.18915510718789408
chr17	-55	5	1610.0	0.3105590062111801
chr17	-54	1	1627.0	0.06146281499692685
chr17	-53	1	1643.0	0.06086427267194157
chr17	-52	2	1664.0	0.1201923076923077
chr17	-51	2	1689.0	0.11841326228537595
chr17	-50	4	1715.0	0.23323615160349853
chr17	-49	0	1734.0	0.0
chr17	-48	1	1760.0	0.056818181818181816
chr17	-47	0	1775.0	0.0
chr17	-46	0	1807.0	0.0
chr17	-45	6	1834.0	0.3271537622682661
chr17	-44	7	1854.0	0.37756202804746497
chr17	-43	9	1877.0	0.47948854555141185
chr17	-42	2	1892.0	0.10570824524312897
chr17	-41	4	1915.0	0.20887728459530025
chr17	-40	7	1930.0	0.3626943005181347
chr17	-39	2	1951.0	0.10251153254741158
chr17	-38	8	1978.0	0.40444893832153694
chr17	-37	3	2000.0	0.15
chr17	-36	3	2025.0	0.14814814814814814
chr17	-35	1	2047.0	0.048851978505129456
chr17	-34	1	2070.0	0.04830917874396135
chr17	-33	1	2094.0	0.04775549188156638
chr17	-32	2	2121.0	0.0942951438000943
chr17	-31	5	2149.0	0.23266635644485809
chr17	-30	6	2171.0	0.2763703362505758
chr17	-29	0	2196.0	0.0
chr17	-28	5	2222.0	0.22502250225022502
chr17	-27	10	2250.0	0.4444444444444444
chr17	-26	1	2278.0	0.043898156277436345
chr17	-25	1	2294.0	0.043591979075850044
chr17	-24	4	2322.0	0.17226528854435832
chr17	-23	6	2355.0	0.25477707006369427
chr17	-22	7	2382.0	0.2938706968933669
chr17	-21	1	2403.0	0.04161464835622139
chr17	-20	6	2425.0	0.24742268041237112
chr17	-19	4	2449.0	0.16333197223356472
chr17	-18	7	2485.0	0.28169014084507044
chr17	-17	2	2508.0	0.07974481658692185
chr17	-16	4	2537.0	0.15766653527788727
chr17	-15	10	2577.0	0.38804811796662786
chr17	-14	6	2609.0	0.22997316979685703
chr17	-13	10	2633.0	0.379794910748196
chr17	-12	3	2672.0	0.1122754491017964
chr17	-11	7	2689.0	0.26031982149497956
chr17	-10	13	2727.0	0.47671433810047675
chr17	-9	7	2727.0	0.2566923359002567
chr17	-8	2	2727.0	0.07334066740007333
chr17	-7	10	2721.0	0.3675119441381845
chr17	-6	13	2727.0	0.47671433810047675
chr17	-5	3	2726.0	0.11005135730007337
chr17	-4	1	2723.0	0.03672420124862284
chr17	-3	5	2727.0	0.18335166850018336
chr17	-2	4	2727.0	0.14668133480014667
chr17	-1	2	2724.0	0.07342143906020558
chr17	0	3	2661.0	0.11273957158962795
chr17	1	4	2637.0	0.15168752370117558
chr17	2	3	2616.0	0.11467889908256881
chr17	3	3	2589.0	0.11587485515643105
chr17	4	8	2566.0	0.3117692907248636
chr17	5	15	2543.0	0.5898545025560362
chr17	6	3	2512.0	0.11942675159235669
chr17	7	2	2504.0	0.07987220447284345
chr17	8	10	2479.0	0.40338846308995563
chr17	9	14	2453.0	0.5707297187117816
chr17	10	7	2428.0	0.2883031301482702
chr17	11	8	2394.0	0.3341687552213868
chr17	12	6	2369.0	0.2532714225411566
chr17	13	11	2348.0	0.46848381601362865
chr17	14	17	2325.0	0.7311827956989247
chr17	15	5	2302.0	0.2172024326672459
chr17	16	4	2267.0	0.17644464049404499
chr17	17	5	2247.0	0.22251891410769914
chr17	18	2	2224.0	0.08992805755395684
chr17	19	11	2201.0	0.49977283053157656
chr17	20	6	2167.0	0.2768804799261652
chr17	21	11	2145.0	0.5128205128205128
chr17	22	2	2123.0	0.09420631182289213
chr17	23	6	2095.0	0.2863961813842482
chr17	24	3	2078.0	0.14436958614051973
chr17	25	3	2066.0	0.14520813165537272
chr17	26	18	2035.0	0.8845208845208846
chr17	27	4	2018.0	0.19821605550049554
chr17	28	6	1995.0	0.30075187969924816
chr17	29	11	1974.0	0.5572441742654508
chr17	30	4	1951.0	0.20502306509482315
chr17	31	4	1929.0	0.20736132711249353
chr17	32	10	1905.0	0.5249343832020997
chr17	33	3	1885.0	0.15915119363395225
chr17	34	4	1853.0	0.21586616297895306
chr17	35	5	1833.0	0.27277686852154936
chr17	36	6	1814.0	0.33076074972436603
chr17	37	2	1792.0	0.11160714285714285
chr17	38	6	1764.0	0.3401360544217687
chr17	39	7	1745.0	0.40114613180515757
chr17	40	5	1723.0	0.2901915264074289
chr17	41	4	1692.0	0.2364066193853428
chr17	42	10	1675.0	0.5970149253731344
chr17	43	5	1653.0	0.3024803387779794
chr17	44	4	1628.0	0.2457002457002457
chr17	45	5	1615.0	0.30959752321981426
chr17	46	8	1588.0	0.5037783375314862
chr17	47	9	1562.0	0.5761843790012804
chr17	48	7	1534.0	0.45632333767926986
chr17	49	8	1506.0	0.5312084993359893
chr17	50	8	1483.0	0.5394470667565745
chr17	51	10	1457.0	0.6863417982155113
chr17	52	5	1433.0	0.34891835310537334
chr17	53	2	1408.0	0.14204545454545456
chr17	54	5	1392.0	0.35919540229885055
chr17	55	3	1364.0	0.21994134897360706
chr17	56	4	1334.0	0.29985007496251875
chr17	57	2	1312.0	0.1524390243902439
chr17	58	5	1282.0	0.39001560062402496
chr17	59	2	1259.0	0.15885623510722796
chr17	60	11	1234.0	0.8914100486223663
chr17	61	7	1213.0	0.5770816158285244
chr17	62	4	1187.0	0.33698399326032014
chr17	63	3	1168.0	0.2568493150684931
chr17	64	7	1143.0	0.6124234470691163
chr17	65	1	1118.0	0.08944543828264759
chr17	66	9	1096.0	0.8211678832116789
chr17	67	2	1062.0	0.18832391713747645
chr17	68	2	1042.0	0.19193857965451055
chr17	69	10	1023.0	0.9775171065493646
chr17	70	4	995.0	0.4020100502512563
chr17	71	1	982.0	0.10183299389002036
chr17	72	2	957.0	0.20898641588296762
chr17	73	2	937.0	0.21344717182497333
chr17	74	11	912.0	1.2061403508771928
chr17	75	0	896.0	0.0
chr17	76	5	866.0	0.5773672055427251
chr17	77	6	840.0	0.7142857142857143
chr17	78	2	818.0	0.24449877750611246
chr17	79	14	786.0	1.7811704834605597
chr17	80	6	764.0	0.7853403141361256
chr17	81	8	745.0	1.0738255033557047
chr17	82	2	724.0	0.2762430939226519
chr17	83	1	698.0	0.14326647564469913
chr17	84	4	678.0	0.5899705014749262
chr17	85	1	660.0	0.15151515151515152
chr17	86	2	636.0	0.3144654088050315
chr17	87	5	597.0	0.8375209380234505
chr17	88	5	577.0	0.8665511265164645
chr17	89	0	559.0	0.0
chr17	90	1	543.0	0.1841620626151013
chr17	91	2	518.0	0.3861003861003861
chr17	92	1	486.0	0.205761316872428
chr17	93	0	470.0	0.0
chr17	94	0	442.0	0.0
chr17	95	2	421.0	0.4750593824228029
chr17	96	0	398.0	0.0
chr17	97	1	375.0	0.26666666666666666
chr17	98	1	350.0	0.2857142857142857
chr17	99	2	333.0	0.6006006006006006
chr17	100	1	311.0	0.3215434083601286
chr17	101	0	285.0	0.0
chr17	102	0	265.0	0.0
chr17	103	0	238.0	0.0
chr17	104	1	218.0	0.45871559633027525
chr17	105	1	200.0	0.5
chr17	106	0	180.0	0.0
chr17	107	1	154.0	0.6493506493506493
chr17	108	1	115.0	0.8695652173913043
chr17	109	0	95.0	0.0
chr17	110	1	72.0	1.3888888888888888
chr17	111	0	52.0	0.0
chr17	112	0	42.0	0.0
chr17	113	0	24.0	0.0
chr17	114	0	16.0	0.0
chr17	115	0	0.0	nan
chr17	116	0	0.0	nan
chr17	117	0	0.0	nan
chr17	118	0	0.0	nan
chr17	119	0	0.0	nan
chr17	120	0	0.0	nan
chr17	121	0	0.0	nan
chr17	122	0	0.0	nan
chr17	123	0	0.0	nan
chr17	124	0	0.0	nan
chr17	125	0	0.0	nan
chr17	126	0	0.0	nan
chr18	-132	0	1.0	0.0
chr18	-131	0	1.0	0.0
chr18	-130	0	1.0	0.0
chr18	-129	0	2.0	0.0
chr18	-128	0	2.0	0.0
chr18	-127	0	2.0	0.0
chr18	-126	0	6.0	0.0
chr18	-125	0	9.0	0.0
chr18	-124	0	14.0	0.0
chr18	-123	0	21.0	0.0
chr18	-122	0	33.0	0.0
chr18	-121	0	42.0	0.0
chr18	-120	0	56.0	0.0
chr18	-119	0	65.0	0.0
chr18	-118	0	73.0	0.0
chr18	-117	0	80.0	0.0
chr18	-116	0	91.0	0.0
chr18	-115	0	98.0	0.0
chr18	-114	0	112.0	0.0
chr18	-113	0	121.0	0.0
chr18	-112	0	139.0	0.0
chr18	-111	0	150.0	0.0
chr18	-110	0	164.0	0.0
chr18	-109	0	174.0	0.0
chr18	-108	0	187.0	0.0
chr18	-107	0	195.0	0.0
chr18	-106	0	202.0	0.0
chr18	-105	0	215.0	0.0
chr18	-104	0	229.0	0.0
chr18	-103	4	240.0	1.6666666666666667
chr18	-102	3	250.0	1.2
chr18	-101	0	266.0	0.0
chr18	-100	4	276.0	1.4492753623188406
chr18	-99	0	292.0	0.0
chr18	-98	0	306.0	0.0
chr18	-97	0	314.0	0.0
chr18	-96	4	327.0	1.2232415902140672
chr18	-95	0	337.0	0.0
chr18	-94	0	351.0	0.0
chr18	-93	0	366.0	0.0
chr18	-92	1	378.0	0.26455026455026454
chr18	-91	2	386.0	0.5181347150259068
chr18	-90	0	400.0	0.0
chr18	-89	0	411.0	0.0
chr18	-88	0	423.0	0.0
chr18	-87	1	436.0	0.22935779816513763
chr18	-86	0	454.0	0.0
chr18	-85	0	478.0	0.0
chr18	-84	0	494.0	0.0
chr18	-83	0	506.0	0.0
chr18	-82	0	518.0	0.0
chr18	-81	0	533.0	0.0
chr18	-80	0	540.0	0.0
chr18	-79	1	558.0	0.17921146953405018
chr18	-78	0	566.0	0.0
chr18	-77	6	580.0	1.0344827586206897
chr18	-76	0	602.0	0.0
chr18	-75	1	610.0	0.16393442622950818
chr18	-74	0	628.0	0.0
chr18	-73	4	639.0	0.6259780907668232
chr18	-72	0	647.0	0.0
chr18	-71	4	661.0	0.6051437216338881
chr18	-70	1	678.0	0.14749262536873156
chr18	-69	0	695.0	0.0
chr18	-68	3	707.0	0.4243281471004243
chr18	-67	0	713.0	0.0
chr18	-66	1	727.0	0.1375515818431912
chr18	-65	3	737.0	0.40705563093622793
chr18	-64	0	748.0	0.0
chr18	-63	0	766.0	0.0
chr18	-62	1	774.0	0.12919896640826875
chr18	-61	2	791.0	0.2528445006321113
chr18	-60	1	808.0	0.12376237623762376
chr18	-59	0	821.0	0.0
chr18	-58	5	837.0	0.5973715651135006
chr18	-57	0	844.0	0.0
chr18	-56	0	858.0	0.0
chr18	-55	2	880.0	0.22727272727272727
chr18	-54	0	894.0	0.0
chr18	-53	0	909.0	0.0
chr18	-52	1	921.0	0.10857763300760044
chr18	-51	0	934.0	0.0
chr18	-50	4	947.0	0.42238648363252373
chr18	-49	0	963.0	0.0
chr18	-48	16	972.0	1.646090534979424
chr18	-47	1	987.0	0.10131712259371835
chr18	-46	8	1007.0	0.7944389275074478
chr18	-45	7	1015.0	0.6896551724137931
chr18	-44	1	1026.0	0.09746588693957114
chr18	-43	0	1040.0	0.0
chr18	-42	1	1058.0	0.0945179584120983
chr18	-41	0	1071.0	0.0
chr18	-40	3	1083.0	0.2770083102493075
chr18	-39	0	1091.0	0.0
chr18	-38	13	1107.0	1.1743450767841013
chr18	-37	1	1123.0	0.08904719501335707
chr18	-36	0	1140.0	0.0
chr18	-35	3	1152.0	0.26041666666666663
chr18	-34	7	1171.0	0.5977796754910333
chr18	-33	0	1186.0	0.0
chr18	-32	0	1205.0	0.0
chr18	-31	2	1218.0	0.16420361247947454
chr18	-30	0	1239.0	0.0
chr18	-29	0	1251.0	0.0
chr18	-28	1	1263.0	0.0791765637371338
chr18	-27	0	1278.0	0.0
chr18	-26	0	1295.0	0.0
chr18	-25	0	1320.0	0.0
chr18	-24	3	1331.0	0.2253944402704733
chr18	-23	1	1352.0	0.07396449704142012
chr18	-22	7	1361.0	0.5143277002204262
chr18	-21	8	1377.0	0.5809731299927379
chr18	-20	1	1391.0	0.07189072609633358
chr18	-19	2	1405.0	0.1423487544483986
chr18	-18	1	1417.0	0.07057163020465773
chr18	-17	1	1425.0	0.07017543859649122
chr18	-16	2	1444.0	0.13850415512465375
chr18	-15	2	1462.0	0.13679890560875513
chr18	-14	4	1472.0	0.2717391304347826
chr18	-13	1	1485.0	0.06734006734006734
chr18	-12	0	1500.0	0.0
chr18	-11	2	1518.0	0.13175230566534915
chr18	-10	4	1534.0	0.2607561929595828
chr18	-9	0	1534.0	0.0
chr18	-8	0	1535.0	0.0
chr18	-7	0	1535.0	0.0
chr18	-6	0	1535.0	0.0
chr18	-5	0	1535.0	0.0
chr18	-4	2	1527.0	0.13097576948264572
chr18	-3	0	1535.0	0.0
chr18	-2	11	1535.0	0.7166123778501629
chr18	-1	4	1530.0	0.261437908496732
chr18	0	3	1489.0	0.20147750167897915
chr18	1	3	1486.0	0.2018842530282638
chr18	2	2	1474.0	0.13568521031207598
chr18	3	0	1460.0	0.0
chr18	4	2	1452.0	0.13774104683195593
chr18	5	1	1439.0	0.06949270326615706
chr18	6	1	1431.0	0.06988120195667365
chr18	7	0	1420.0	0.0
chr18	8	1	1410.0	0.07092198581560284
chr18	9	0	1398.0	0.0
chr18	10	0	1390.0	0.0
chr18	11	0	1376.0	0.0
chr18	12	2	1362.0	0.14684287812041116
chr18	13	6	1348.0	0.44510385756676557
chr18	14	0	1335.0	0.0
chr18	15	4	1319.0	0.3032600454890068
chr18	16	5	1311.0	0.38138825324180015
chr18	17	1	1295.0	0.07722007722007722
chr18	18	2	1290.0	0.15503875968992248
chr18	19	1	1286.0	0.07776049766718507
chr18	20	10	1278.0	0.7824726134585289
chr18	21	7	1263.0	0.5542359461599367
chr18	22	0	1248.0	0.0
chr18	23	4	1229.0	0.32546786004882017
chr18	24	0	1211.0	0.0
chr18	25	1	1200.0	0.08333333333333334
chr18	26	1	1185.0	0.08438818565400844
chr18	27	1	1174.0	0.08517887563884156
chr18	28	2	1163.0	0.17196904557179707
chr18	29	1	1143.0	0.08748906386701663
chr18	30	3	1131.0	0.2652519893899204
chr18	31	0	1116.0	0.0
chr18	32	1	1104.0	0.09057971014492754
chr18	33	6	1093.0	0.5489478499542544
chr18	34	1	1084.0	0.09225092250922509
chr18	35	4	1069.0	0.37418147801683815
chr18	36	0	1054.0	0.0
chr18	37	17	1040.0	1.6346153846153848
chr18	38	1	1030.0	0.0970873786407767
chr18	39	6	1013.0	0.5923000987166831
chr18	40	0	989.0	0.0
chr18	41	3	976.0	0.3073770491803279
chr18	42	2	960.0	0.20833333333333334
chr18	43	3	943.0	0.3181336161187699
chr18	44	6	928.0	0.646551724137931
chr18	45	10	918.0	1.0893246187363834
chr18	46	1	899.0	0.11123470522803114
chr18	47	14	886.0	1.580135440180587
chr18	48	2	872.0	0.22935779816513763
chr18	49	9	863.0	1.0428736964078795
chr18	50	1	854.0	0.117096018735363
chr18	51	4	835.0	0.47904191616766467
chr18	52	2	825.0	0.24242424242424243
chr18	53	0	819.0	0.0
chr18	54	1	808.0	0.12376237623762376
chr18	55	0	798.0	0.0
chr18	56	2	786.0	0.2544529262086514
chr18	57	10	772.0	1.2953367875647668
chr18	58	5	765.0	0.6535947712418301
chr18	59	2	749.0	0.26702269692923897
chr18	60	10	737.0	1.3568521031207599
chr18	61	2	723.0	0.2766251728907331
chr18	62	2	704.0	0.2840909090909091
chr18	63	0	694.0	0.0
chr18	64	4	675.0	0.5925925925925926
chr18	65	1	658.0	0.1519756838905775
chr18	66	1	641.0	0.15600624024961
chr18	67	8	622.0	1.2861736334405145
chr18	68	3	612.0	0.49019607843137253
chr18	69	2	596.0	0.33557046979865773
chr18	70	4	575.0	0.6956521739130435
chr18	71	0	563.0	0.0
chr18	72	8	543.0	1.4732965009208103
chr18	73	2	527.0	0.3795066413662239
chr18	74	0	522.0	0.0
chr18	75	2	503.0	0.3976143141153081
chr18	76	9	489.0	1.8404907975460123
chr18	77	0	480.0	0.0
chr18	78	0	470.0	0.0
chr18	79	0	455.0	0.0
chr18	80	1	444.0	0.22522522522522523
chr18	81	0	427.0	0.0
chr18	82	0	408.0	0.0
chr18	83	1	398.0	0.25125628140703515
chr18	84	0	394.0	0.0
chr18	85	0	371.0	0.0
chr18	86	0	361.0	0.0
chr18	87	1	348.0	0.28735632183908044
chr18	88	1	335.0	0.2985074626865672
chr18	89	0	322.0	0.0
chr18	90	1	301.0	0.33222591362126247
chr18	91	0	287.0	0.0
chr18	92	0	270.0	0.0
chr18	93	0	263.0	0.0
chr18	94	0	250.0	0.0
chr18	95	6	231.0	2.5974025974025974
chr18	96	1	217.0	0.4608294930875576
chr18	97	0	207.0	0.0
chr18	98	0	197.0	0.0
chr18	99	4	181.0	2.209944751381215
chr18	100	0	167.0	0.0
chr18	101	1	158.0	0.6329113924050633
chr18	102	4	142.0	2.8169014084507045
chr18	103	3	132.0	2.272727272727273
chr18	104	0	120.0	0.0
chr18	105	0	105.0	0.0
chr18	106	0	89.0	0.0
chr18	107	0	79.0	0.0
chr18	108	0	72.0	0.0
chr18	109	0	60.0	0.0
chr18	110	0	48.0	0.0
chr18	111	0	34.0	0.0
chr18	112	0	24.0	0.0
chr18	113	0	18.0	0.0
chr18	114	0	7.0	0.0
chr18	115	0	0.0	nan
chr18	116	0	0.0	nan
chr18	117	0	0.0	nan
chr18	118	0	0.0	nan
chr18	119	0	0.0	nan
chr18	120	0	0.0	nan
chr18	121	0	0.0	nan
chr18	122	0	0.0	nan
chr18	123	0	0.0	nan
chr18	124	0	0.0	nan
chr18	125	0	0.0	nan
chr19	-126	0	1.0	0.0
chr19	-125	0	6.0	0.0
chr19	-124	0	16.0	0.0
chr19	-123	0	25.0	0.0
chr19	-122	0	42.0	0.0
chr19	-121	0	53.0	0.0
chr19	-120	0	65.0	0.0
chr19	-119	0	75.0	0.0
chr19	-118	0	89.0	0.0
chr19	-117	0	103.0	0.0
chr19	-116	0	122.0	0.0
chr19	-115	0	133.0	0.0
chr19	-114	0	142.0	0.0
chr19	-113	1	154.0	0.6493506493506493
chr19	-112	1	168.0	0.5952380952380952
chr19	-111	0	179.0	0.0
chr19	-110	0	190.0	0.0
chr19	-109	0	202.0	0.0
chr19	-108	0	214.0	0.0
chr19	-107	0	228.0	0.0
chr19	-106	0	238.0	0.0
chr19	-105	1	245.0	0.40816326530612246
chr19	-104	0	263.0	0.0
chr19	-103	0	275.0	0.0
chr19	-102	0	283.0	0.0
chr19	-101	2	291.0	0.6872852233676976
chr19	-100	0	298.0	0.0
chr19	-99	1	309.0	0.3236245954692557
chr19	-98	0	319.0	0.0
chr19	-97	0	330.0	0.0
chr19	-96	0	339.0	0.0
chr19	-95	0	351.0	0.0
chr19	-94	0	360.0	0.0
chr19	-93	1	367.0	0.2724795640326975
chr19	-92	0	375.0	0.0
chr19	-91	1	385.0	0.2597402597402597
chr19	-90	0	396.0	0.0
chr19	-89	0	410.0	0.0
chr19	-88	2	420.0	0.4761904761904762
chr19	-87	0	431.0	0.0
chr19	-86	0	436.0	0.0
chr19	-85	0	446.0	0.0
chr19	-84	0	457.0	0.0
chr19	-83	0	472.0	0.0
chr19	-82	1	487.0	0.20533880903490762
chr19	-81	0	500.0	0.0
chr19	-80	1	512.0	0.1953125
chr19	-79	0	525.0	0.0
chr19	-78	0	536.0	0.0
chr19	-77	0	547.0	0.0
chr19	-76	0	563.0	0.0
chr19	-75	0	569.0	0.0
chr19	-74	2	584.0	0.3424657534246575
chr19	-73	1	589.0	0.1697792869269949
chr19	-72	0	601.0	0.0
chr19	-71	0	616.0	0.0
chr19	-70	7	620.0	1.129032258064516
chr19	-69	2	633.0	0.315955766192733
chr19	-68	1	641.0	0.15600624024961
chr19	-67	0	655.0	0.0
chr19	-66	0	669.0	0.0
chr19	-65	0	684.0	0.0
chr19	-64	1	692.0	0.1445086705202312
chr19	-63	1	705.0	0.14184397163120568
chr19	-62	2	714.0	0.2801120448179272
chr19	-61	8	728.0	1.098901098901099
chr19	-60	1	737.0	0.13568521031207598
chr19	-59	0	745.0	0.0
chr19	-58	1	752.0	0.13297872340425532
chr19	-57	1	761.0	0.1314060446780552
chr19	-56	1	772.0	0.1295336787564767
chr19	-55	2	789.0	0.25348542458808615
chr19	-54	1	801.0	0.12484394506866417
chr19	-53	2	816.0	0.24509803921568626
chr19	-52	0	830.0	0.0
chr19	-51	4	841.0	0.47562425683709864
chr19	-50	2	852.0	0.2347417840375587
chr19	-49	4	864.0	0.4629629629629629
chr19	-48	1	874.0	0.11441647597254005
chr19	-47	4	892.0	0.4484304932735426
chr19	-46	0	908.0	0.0
chr19	-45	1	915.0	0.1092896174863388
chr19	-44	1	930.0	0.10752688172043011
chr19	-43	2	937.0	0.21344717182497333
chr19	-42	2	942.0	0.21231422505307856
chr19	-41	2	954.0	0.20964360587002098
chr19	-40	1	963.0	0.10384215991692627
chr19	-39	0	977.0	0.0
chr19	-38	10	986.0	1.0141987829614605
chr19	-37	3	998.0	0.30060120240480964
chr19	-36	1	1005.0	0.09950248756218905
chr19	-35	0	1016.0	0.0
chr19	-34	3	1032.0	0.29069767441860467
chr19	-33	4	1039.0	0.384985563041386
chr19	-32	1	1047.0	0.09551098376313276
chr19	-31	4	1063.0	0.37629350893697083
chr19	-30	1	1076.0	0.09293680297397769
chr19	-29	2	1094.0	0.18281535648994515
chr19	-28	0	1105.0	0.0
chr19	-27	0	1116.0	0.0
chr19	-26	7	1134.0	0.6172839506172839
chr19	-25	0	1150.0	0.0
chr19	-24	1	1168.0	0.08561643835616438
chr19	-23	5	1183.0	0.422654268808115
chr19	-22	8	1195.0	0.6694560669456067
chr19	-21	4	1207.0	0.33140016570008285
chr19	-20	2	1222.0	0.16366612111292964
chr19	-19	7	1230.0	0.5691056910569106
chr19	-18	0	1245.0	0.0
chr19	-17	1	1260.0	0.07936507936507936
chr19	-16	10	1280.0	0.78125
chr19	-15	0	1300.0	0.0
chr19	-14	0	1319.0	0.0
chr19	-13	2	1337.0	0.14958863126402394
chr19	-12	5	1351.0	0.3700962250185048
chr19	-11	0	1366.0	0.0
chr19	-10	5	1388.0	0.36023054755043227
chr19	-9	1	1388.0	0.07204610951008646
chr19	-8	9	1388.0	0.6484149855907781
chr19	-7	0	1388.0	0.0
chr19	-6	2	1388.0	0.1440922190201729
chr19	-5	2	1388.0	0.1440922190201729
chr19	-4	1	1388.0	0.07204610951008646
chr19	-3	3	1386.0	0.21645021645021645
chr19	-2	1	1381.0	0.0724112961622013
chr19	-1	14	1380.0	1.0144927536231882
chr19	0	22	1355.0	1.6236162361623614
chr19	1	2	1345.0	0.14869888475836432
chr19	2	4	1321.0	0.3028009084027252
chr19	3	4	1310.0	0.3053435114503817
chr19	4	4	1297.0	0.30840400925212025
chr19	5	2	1288.0	0.15527950310559005
chr19	6	1	1270.0	0.07874015748031496
chr19	7	8	1251.0	0.6394884092725819
chr19	8	0	1236.0	0.0
chr19	9	2	1224.0	0.16339869281045752
chr19	10	3	1216.0	0.24671052631578946
chr19	11	4	1198.0	0.333889816360601
chr19	12	2	1185.0	0.16877637130801687
chr19	13	5	1173.0	0.4262574595055414
chr19	14	3	1158.0	0.2590673575129534
chr19	15	12	1151.0	1.0425716768027802
chr19	16	4	1137.0	0.3518029903254178
chr19	17	5	1125.0	0.4444444444444444
chr19	18	7	1113.0	0.628930817610063
chr19	19	9	1108.0	0.8122743682310468
chr19	20	4	1094.0	0.3656307129798903
chr19	21	3	1079.0	0.27803521779425394
chr19	22	2	1072.0	0.18656716417910446
chr19	23	6	1064.0	0.5639097744360901
chr19	24	0	1054.0	0.0
chr19	25	1	1047.0	0.09551098376313276
chr19	26	6	1039.0	0.5774783445620789
chr19	27	2	1019.0	0.19627085377821393
chr19	28	3	1009.0	0.29732408325074333
chr19	29	2	997.0	0.20060180541624875
chr19	30	9	987.0	0.911854103343465
chr19	31	2	973.0	0.20554984583761562
chr19	32	7	974.0	0.7186858316221766
chr19	33	6	964.0	0.6224066390041494
chr19	34	3	953.0	0.3147953830010493
chr19	35	5	942.0	0.5307855626326964
chr19	36	0	931.0	0.0
chr19	37	12	924.0	1.2987012987012987
chr19	38	1	913.0	0.10952902519167579
chr19	39	3	901.0	0.3329633740288568
chr19	40	0	891.0	0.0
chr19	41	2	881.0	0.22701475595913734
chr19	42	1	867.0	0.11534025374855825
chr19	43	7	851.0	0.8225616921269095
chr19	44	2	840.0	0.2380952380952381
chr19	45	0	826.0	0.0
chr19	46	13	812.0	1.600985221674877
chr19	47	5	801.0	0.6242197253433208
chr19	48	3	787.0	0.3811944091486658
chr19	49	7	776.0	0.902061855670103
chr19	50	4	769.0	0.5201560468140443
chr19	51	1	759.0	0.13175230566534915
chr19	52	6	744.0	0.8064516129032258
chr19	53	2	734.0	0.2724795640326975
chr19	54	0	720.0	0.0
chr19	55	0	711.0	0.0
chr19	56	2	703.0	0.2844950213371266
chr19	57	2	690.0	0.2898550724637681
chr19	58	0	676.0	0.0
chr19	59	0	662.0	0.0
chr19	60	13	656.0	1.9817073170731707
chr19	61	2	642.0	0.3115264797507788
chr19	62	0	634.0	0.0
chr19	63	1	624.0	0.16025641025641024
chr19	64	2	608.0	0.3289473684210526
chr19	65	1	601.0	0.16638935108153077
chr19	66	1	582.0	0.1718213058419244
chr19	67	4	572.0	0.6993006993006993
chr19	68	5	559.0	0.8944543828264758
chr19	69	15	552.0	2.717391304347826
chr19	70	1	540.0	0.1851851851851852
chr19	71	1	530.0	0.18867924528301888
chr19	72	2	518.0	0.3861003861003861
chr19	73	0	505.0	0.0
chr19	74	3	492.0	0.6097560975609756
chr19	75	1	483.0	0.2070393374741201
chr19	76	0	471.0	0.0
chr19	77	0	458.0	0.0
chr19	78	0	438.0	0.0
chr19	79	4	424.0	0.9433962264150944
chr19	80	3	417.0	0.7194244604316548
chr19	81	1	410.0	0.24390243902439024
chr19	82	0	406.0	0.0
chr19	83	1	397.0	0.2518891687657431
chr19	84	0	385.0	0.0
chr19	85	1	373.0	0.2680965147453083
chr19	86	1	363.0	0.27548209366391185
chr19	87	2	351.0	0.5698005698005698
chr19	88	0	345.0	0.0
chr19	89	0	339.0	0.0
chr19	90	1	325.0	0.3076923076923077
chr19	91	0	313.0	0.0
chr19	92	0	303.0	0.0
chr19	93	1	287.0	0.34843205574912894
chr19	94	0	273.0	0.0
chr19	95	2	261.0	0.7662835249042145
chr19	96	0	248.0	0.0
chr19	97	1	233.0	0.4291845493562232
chr19	98	0	223.0	0.0
chr19	99	0	205.0	0.0
chr19	100	0	193.0	0.0
chr19	101	0	177.0	0.0
chr19	102	1	166.0	0.6024096385542169
chr19	103	0	154.0	0.0
chr19	104	1	138.0	0.7246376811594203
chr19	105	0	124.0	0.0
chr19	106	0	114.0	0.0
chr19	107	1	99.0	1.0101010101010102
chr19	108	0	74.0	0.0
chr19	109	0	56.0	0.0
chr19	110	0	46.0	0.0
chr19	111	1	35.0	2.857142857142857
chr19	112	0	24.0	0.0
chr19	113	0	19.0	0.0
chr19	114	0	6.0	0.0
chr19	115	0	0.0	nan
chr19	116	0	0.0	nan
chr19	117	0	0.0	nan
chr19	118	0	0.0	nan
chr19	119	0	0.0	nan
chr19	120	0	0.0	nan
chr19	121	0	0.0	nan
chr19	122	0	0.0	nan
chr19	123	0	0.0	nan
chr19	124	0	0.0	nan
chr19	125	0	0.0	nan
chr20	-140	0	0.0	nan
chr20	-139	0	1.0	0.0
chr20	-138	0	1.0	0.0
chr20	-137	0	2.0	0.0
chr20	-136	0	2.0	0.0
chr20	-135	0	2.0	0.0
chr20	-134	0	2.0	0.0
chr20	-133	0	2.0	0.0
chr20	-132	0	2.0	0.0
chr20	-131	0	2.0	0.0
chr20	-130	0	3.0	0.0
chr20	-129	0	3.0	0.0
chr20	-128	0	3.0	0.0
chr20	-127	0	3.0	0.0
chr20	-126	0	10.0	0.0
chr20	-125	0	18.0	0.0
chr20	-124	0	33.0	0.0
chr20	-123	0	48.0	0.0
chr20	-122	0	75.0	0.0
chr20	-121	0	96.0	0.0
chr20	-120	0	117.0	0.0
chr20	-119	0	142.0	0.0
chr20	-118	0	162.0	0.0
chr20	-117	1	184.0	0.5434782608695652
chr20	-116	0	197.0	0.0
chr20	-115	0	216.0	0.0
chr20	-114	2	244.0	0.819672131147541
chr20	-113	1	262.0	0.38167938931297707
chr20	-112	0	286.0	0.0
chr20	-111	0	305.0	0.0
chr20	-110	0	329.0	0.0
chr20	-109	2	356.0	0.5617977528089888
chr20	-108	1	386.0	0.2590673575129534
chr20	-107	0	403.0	0.0
chr20	-106	2	433.0	0.4618937644341801
chr20	-105	2	452.0	0.4424778761061947
chr20	-104	1	483.0	0.2070393374741201
chr20	-103	1	505.0	0.19801980198019803
chr20	-102	0	540.0	0.0
chr20	-101	0	561.0	0.0
chr20	-100	1	592.0	0.16891891891891891
chr20	-99	4	614.0	0.6514657980456027
chr20	-98	2	641.0	0.31201248049922
chr20	-97	0	662.0	0.0
chr20	-96	2	693.0	0.2886002886002886
chr20	-95	1	714.0	0.1400560224089636
chr20	-94	7	743.0	0.9421265141318977
chr20	-93	1	762.0	0.13123359580052493
chr20	-92	0	793.0	0.0
chr20	-91	0	805.0	0.0
chr20	-90	0	833.0	0.0
chr20	-89	5	860.0	0.5813953488372093
chr20	-88	0	886.0	0.0
chr20	-87	3	909.0	0.33003300330033003
chr20	-86	2	933.0	0.21436227224008575
chr20	-85	0	949.0	0.0
chr20	-84	3	970.0	0.30927835051546393
chr20	-83	1	999.0	0.10010010010010009
chr20	-82	3	1014.0	0.2958579881656805
chr20	-81	0	1038.0	0.0
chr20	-80	9	1063.0	0.8466603951081844
chr20	-79	8	1088.0	0.7352941176470588
chr20	-78	1	1109.0	0.09017132551848511
chr20	-77	3	1136.0	0.2640845070422535
chr20	-76	7	1149.0	0.6092254134029591
chr20	-75	2	1176.0	0.17006802721088435
chr20	-74	4	1187.0	0.33698399326032014
chr20	-73	5	1205.0	0.4149377593360996
chr20	-72	2	1236.0	0.16181229773462785
chr20	-71	5	1249.0	0.4003202562049639
chr20	-70	7	1272.0	0.550314465408805
chr20	-69	2	1295.0	0.15444015444015444
chr20	-68	1	1341.0	0.07457121551081282
chr20	-67	8	1365.0	0.5860805860805861
chr20	-66	3	1392.0	0.21551724137931033
chr20	-65	9	1404.0	0.641025641025641
chr20	-64	4	1431.0	0.2795248078266946
chr20	-63	2	1444.0	0.13850415512465375
chr20	-62	1	1460.0	0.0684931506849315
chr20	-61	3	1484.0	0.20215633423180593
chr20	-60	3	1517.0	0.1977587343441002
chr20	-59	3	1547.0	0.19392372333548805
chr20	-58	5	1578.0	0.3168567807351077
chr20	-57	0	1608.0	0.0
chr20	-56	8	1632.0	0.49019607843137253
chr20	-55	6	1656.0	0.36231884057971014
chr20	-54	7	1688.0	0.4146919431279621
chr20	-53	0	1717.0	0.0
chr20	-52	7	1741.0	0.402067777139575
chr20	-51	2	1774.0	0.11273957158962795
chr20	-50	20	1797.0	1.1129660545353366
chr20	-49	11	1818.0	0.605060506050605
chr20	-48	17	1838.0	0.9249183895538629
chr20	-47	5	1868.0	0.26766595289079226
chr20	-46	7	1907.0	0.36706869428421607
chr20	-45	13	1937.0	0.6711409395973155
chr20	-44	5	1972.0	0.2535496957403651
chr20	-43	9	1994.0	0.4513540621865597
chr20	-42	4	2013.0	0.19870839542970692
chr20	-41	13	2034.0	0.63913470993117
chr20	-40	11	2062.0	0.533462657613967
chr20	-39	3	2077.0	0.14443909484833894
chr20	-38	3	2100.0	0.14285714285714285
chr20	-37	6	2124.0	0.2824858757062147
chr20	-36	5	2149.0	0.23266635644485809
chr20	-35	4	2173.0	0.18407731247123793
chr20	-34	4	2191.0	0.18256503879507074
chr20	-33	19	2211.0	0.8593396653098146
chr20	-32	12	2239.0	0.5359535506922734
chr20	-31	14	2282.0	0.6134969325153374
chr20	-30	1	2315.0	0.04319654427645788
chr20	-29	4	2326.0	0.17196904557179707
chr20	-28	3	2353.0	0.1274968125796855
chr20	-27	3	2385.0	0.12578616352201258
chr20	-26	2	2419.0	0.0826787928896238
chr20	-25	19	2450.0	0.7755102040816326
chr20	-24	3	2483.0	0.12082158679017317
chr20	-23	40	2512.0	1.5923566878980893
chr20	-22	2	2538.0	0.07880220646178093
chr20	-21	3	2568.0	0.11682242990654204
chr20	-20	12	2593.0	0.46278441959120714
chr20	-19	4	2627.0	0.15226494099733537
chr20	-18	4	2648.0	0.1510574018126888
chr20	-17	9	2681.0	0.3356956359567326
chr20	-16	15	2710.0	0.5535055350553505
chr20	-15	7	2744.0	0.25510204081632654
chr20	-14	18	2785.0	0.6463195691202872
chr20	-13	4	2818.0	0.14194464158977999
chr20	-12	7	2827.0	0.24761230986911922
chr20	-11	13	2882.0	0.4510756419153366
chr20	-10	2	2899.0	0.0689893066574681
chr20	-9	1	2906.0	0.034411562284927734
chr20	-8	23	2900.0	0.7931034482758621
chr20	-7	18	2906.0	0.6194081211286993
chr20	-6	8	2906.0	0.27529249827942187
chr20	-5	3	2906.0	0.10323468685478321
chr20	-4	3	2905.0	0.10327022375215145
chr20	-3	15	2903.0	0.5167068549776094
chr20	-2	6	2901.0	0.2068252326783868
chr20	-1	49	2901.0	1.6890727335401585
chr20	0	61	2824.0	2.160056657223796
chr20	1	5	2804.0	0.1783166904422254
chr20	2	22	2778.0	0.7919366450683946
chr20	3	5	2754.0	0.18155410312273057
chr20	4	4	2732.0	0.14641288433382138
chr20	5	10	2710.0	0.36900369003690037
chr20	6	31	2686.0	1.154132539091586
chr20	7	34	2662.0	1.2772351615326822
chr20	8	8	2646.0	0.30234315948601664
chr20	9	4	2615.0	0.15296367112810708
chr20	10	18	2591.0	0.6947124662292551
chr20	11	7	2545.0	0.275049115913556
chr20	12	4	2541.0	0.15741833923652104
chr20	13	14	2517.0	0.5562177195073501
chr20	14	8	2494.0	0.32076984763432237
chr20	15	14	2466.0	0.5677210056772101
chr20	16	10	2447.0	0.4086636697997548
chr20	17	6	2430.0	0.24691358024691357
chr20	18	3	2405.0	0.12474012474012475
chr20	19	17	2373.0	0.7163927517909818
chr20	20	2	2347.0	0.08521516829995739
chr20	21	5	2329.0	0.21468441391155002
chr20	22	29	2301.0	1.2603215993046502
chr20	23	3	2271.0	0.13210039630118892
chr20	24	14	2246.0	0.6233303650934996
chr20	25	5	2219.0	0.22532672374943669
chr20	26	8	2195.0	0.36446469248291574
chr20	27	7	2162.0	0.32377428307123035
chr20	28	2	2132.0	0.09380863039399624
chr20	29	4	2105.0	0.19002375296912113
chr20	30	24	2081.0	1.1532916866890917
chr20	31	23	2047.0	1.1235955056179776
chr20	32	28	2026.0	1.3820335636722607
chr20	33	7	1988.0	0.35211267605633806
chr20	34	3	1970.0	0.15228426395939085
chr20	35	5	1946.0	0.2569373072970195
chr20	36	8	1938.0	0.41279669762641896
chr20	37	6	1918.0	0.31282586027111575
chr20	38	4	1897.0	0.21085925144965736
chr20	39	22	1882.0	1.1689691817215728
chr20	40	12	1862.0	0.644468313641246
chr20	41	1	1847.0	0.05414185165132648
chr20	42	9	1818.0	0.49504950495049505
chr20	43	2	1802.0	0.11098779134295228
chr20	44	12	1768.0	0.6787330316742082
chr20	45	4	1743.0	0.22948938611589212
chr20	46	1	1722.0	0.05807200929152149
chr20	47	23	1698.0	1.3545347467608952
chr20	48	7	1674.0	0.4181600955794504
chr20	49	23	1654.0	1.3905683192261185
chr20	50	3	1635.0	0.1834862385321101
chr20	51	5	1618.0	0.30902348578491967
chr20	52	2	1594.0	0.12547051442910914
chr20	53	6	1563.0	0.3838771593090211
chr20	54	3	1533.0	0.19569471624266144
chr20	55	7	1502.0	0.4660452729693742
chr20	56	3	1481.0	0.2025658338960162
chr20	57	5	1459.0	0.3427004797806717
chr20	58	4	1437.0	0.2783576896311761
chr20	59	4	1409.0	0.28388928317955997
chr20	60	3	1392.0	0.21551724137931033
chr20	61	1	1370.0	0.072992700729927
chr20	62	2	1347.0	0.14847809948032664
chr20	63	4	1329.0	0.3009781790820165
chr20	64	6	1309.0	0.4583651642475172
chr20	65	2	1279.0	0.1563721657544957
chr20	66	6	1252.0	0.4792332268370607
chr20	67	3	1226.0	0.24469820554649263
chr20	68	1	1183.0	0.08453085376162299
chr20	69	0	1152.0	0.0
chr20	70	6	1125.0	0.5333333333333333
chr20	71	4	1094.0	0.3656307129798903
chr20	72	18	1069.0	1.683816651075772
chr20	73	14	1032.0	1.3565891472868217
chr20	74	2	1003.0	0.19940179461615154
chr20	75	1	986.0	0.10141987829614604
chr20	76	2	969.0	0.20639834881320948
chr20	77	1	948.0	0.10548523206751054
chr20	78	3	919.0	0.3264417845484222
chr20	79	2	888.0	0.22522522522522523
chr20	80	0	857.0	0.0
chr20	81	3	830.0	0.3614457831325301
chr20	82	4	814.0	0.4914004914004914
chr20	83	5	792.0	0.6313131313131313
chr20	84	0	768.0	0.0
chr20	85	2	743.0	0.2691790040376851
chr20	86	3	719.0	0.4172461752433936
chr20	87	4	702.0	0.5698005698005698
chr20	88	1	684.0	0.14619883040935672
chr20	89	1	657.0	0.15220700152207
chr20	90	0	625.0	0.0
chr20	91	2	593.0	0.33726812816188867
chr20	92	3	570.0	0.5263157894736842
chr20	93	6	542.0	1.107011070110701
chr20	94	2	507.0	0.39447731755424065
chr20	95	1	472.0	0.211864406779661
chr20	96	0	452.0	0.0
chr20	97	2	422.0	0.47393364928909953
chr20	98	0	396.0	0.0
chr20	99	1	369.0	0.27100271002710025
chr20	100	1	344.0	0.29069767441860467
chr20	101	1	323.0	0.30959752321981426
chr20	102	1	293.0	0.3412969283276451
chr20	103	0	265.0	0.0
chr20	104	0	234.0	0.0
chr20	105	0	207.0	0.0
chr20	106	0	178.0	0.0
chr20	107	0	158.0	0.0
chr20	108	0	137.0	0.0
chr20	109	0	106.0	0.0
chr20	110	0	62.0	0.0
chr20	111	0	42.0	0.0
chr20	112	0	26.0	0.0
chr20	113	0	15.0	0.0
chr20	114	0	6.0	0.0
chr20	115	0	0.0	nan
chr20	116	0	0.0	nan
chr20	117	0	0.0	nan
chr20	118	0	0.0	nan
chr20	119	0	0.0	nan
chr20	120	0	0.0	nan
chr20	121	0	0.0	nan
chr20	122	0	0.0	nan
chr20	123	0	0.0	nan
chr20	124	0	0.0	nan
chr20	125	0	0.0	nan
chr20	126	0	0.0	nan
chr21	-131	0	1.0	0.0
chr21	-130	0	1.0	0.0
chr21	-129	0	1.0	0.0
chr21	-128	0	1.0	0.0
chr21	-127	0	1.0	0.0
chr21	-126	0	2.0	0.0
chr21	-125	0	7.0	0.0
chr21	-124	0	11.0	0.0
chr21	-123	0	15.0	0.0
chr21	-122	0	19.0	0.0
chr21	-121	0	26.0	0.0
chr21	-120	0	29.0	0.0
chr21	-119	0	32.0	0.0
chr21	-118	0	40.0	0.0
chr21	-117	1	53.0	1.8867924528301887
chr21	-116	0	62.0	0.0
chr21	-115	0	67.0	0.0
chr21	-114	1	71.0	1.4084507042253522
chr21	-113	1	78.0	1.282051282051282
chr21	-112	0	86.0	0.0
chr21	-111	0	94.0	0.0
chr21	-110	0	107.0	0.0
chr21	-109	0	114.0	0.0
chr21	-108	0	125.0	0.0
chr21	-107	0	131.0	0.0
chr21	-106	0	137.0	0.0
chr21	-105	0	144.0	0.0
chr21	-104	0	152.0	0.0
chr21	-103	0	159.0	0.0
chr21	-102	0	168.0	0.0
chr21	-101	0	171.0	0.0
chr21	-100	0	177.0	0.0
chr21	-99	0	184.0	0.0
chr21	-98	0	189.0	0.0
chr21	-97	0	198.0	0.0
chr21	-96	0	203.0	0.0
chr21	-95	1	210.0	0.4761904761904762
chr21	-94	0	223.0	0.0
chr21	-93	0	234.0	0.0
chr21	-92	2	236.0	0.847457627118644
chr21	-91	0	242.0	0.0
chr21	-90	0	255.0	0.0
chr21	-89	0	266.0	0.0
chr21	-88	0	271.0	0.0
chr21	-87	1	279.0	0.35842293906810035
chr21	-86	0	289.0	0.0
chr21	-85	0	293.0	0.0
chr21	-84	2	302.0	0.6622516556291391
chr21	-83	0	311.0	0.0
chr21	-82	0	315.0	0.0
chr21	-81	1	319.0	0.3134796238244514
chr21	-80	0	325.0	0.0
chr21	-79	1	335.0	0.2985074626865672
chr21	-78	0	341.0	0.0
chr21	-77	0	345.0	0.0
chr21	-76	2	353.0	0.56657223796034
chr21	-75	1	363.0	0.27548209366391185
chr21	-74	1	372.0	0.2688172043010753
chr21	-73	1	379.0	0.2638522427440633
chr21	-72	1	386.0	0.2590673575129534
chr21	-71	0	394.0	0.0
chr21	-70	1	404.0	0.24752475247524752
chr21	-69	1	412.0	0.24271844660194172
chr21	-68	0	414.0	0.0
chr21	-67	3	422.0	0.7109004739336493
chr21	-66	0	432.0	0.0
chr21	-65	0	436.0	0.0
chr21	-64	0	446.0	0.0
chr21	-63	0	450.0	0.0
chr21	-62	0	451.0	0.0
chr21	-61	0	456.0	0.0
chr21	-60	0	467.0	0.0
chr21	-59	0	478.0	0.0
chr21	-58	1	485.0	0.2061855670103093
chr21	-57	0	495.0	0.0
chr21	-56	2	504.0	0.3968253968253968
chr21	-55	0	509.0	0.0
chr21	-54	3	517.0	0.5802707930367506
chr21	-53	1	525.0	0.19047619047619047
chr21	-52	1	539.0	0.1855287569573284
chr21	-51	0	542.0	0.0
chr21	-50	6	548.0	1.094890510948905
chr21	-49	1	555.0	0.18018018018018017
chr21	-48	0	564.0	0.0
chr21	-47	1	569.0	0.17574692442882248
chr21	-46	0	576.0	0.0
chr21	-45	0	586.0	0.0
chr21	-44	0	593.0	0.0
chr21	-43	0	603.0	0.0
chr21	-42	0	615.0	0.0
chr21	-41	0	623.0	0.0
chr21	-40	0	628.0	0.0
chr21	-39	0	636.0	0.0
chr21	-38	0	639.0	0.0
chr21	-37	3	648.0	0.4629629629629629
chr21	-36	0	653.0	0.0
chr21	-35	0	660.0	0.0
chr21	-34	4	666.0	0.6006006006006006
chr21	-33	1	680.0	0.14705882352941177
chr21	-32	0	684.0	0.0
chr21	-31	7	691.0	1.0130246020260492
chr21	-30	0	701.0	0.0
chr21	-29	1	709.0	0.14104372355430184
chr21	-28	0	715.0	0.0
chr21	-27	0	718.0	0.0
chr21	-26	0	724.0	0.0
chr21	-25	0	728.0	0.0
chr21	-24	1	740.0	0.13513513513513514
chr21	-23	6	748.0	0.8021390374331552
chr21	-22	2	757.0	0.26420079260237783
chr21	-21	2	762.0	0.26246719160104987
chr21	-20	0	773.0	0.0
chr21	-19	1	779.0	0.12836970474967907
chr21	-18	1	786.0	0.1272264631043257
chr21	-17	1	798.0	0.12531328320802004
chr21	-16	2	803.0	0.24906600249066002
chr21	-15	0	807.0	0.0
chr21	-14	8	808.0	0.9900990099009901
chr21	-13	10	825.0	1.2121212121212122
chr21	-12	1	839.0	0.11918951132300357
chr21	-11	0	845.0	0.0
chr21	-10	3	851.0	0.35252643948296125
chr21	-9	2	851.0	0.23501762632197415
chr21	-8	0	851.0	0.0
chr21	-7	0	851.0	0.0
chr21	-6	2	851.0	0.23501762632197415
chr21	-5	0	851.0	0.0
chr21	-4	2	851.0	0.23501762632197415
chr21	-3	0	851.0	0.0
chr21	-2	0	851.0	0.0
chr21	-1	2	851.0	0.23501762632197415
chr21	0	1	834.0	0.1199040767386091
chr21	1	6	822.0	0.7299270072992701
chr21	2	1	819.0	0.1221001221001221
chr21	3	0	815.0	0.0
chr21	4	13	806.0	1.6129032258064515
chr21	5	2	794.0	0.2518891687657431
chr21	6	2	790.0	0.25316455696202533
chr21	7	5	783.0	0.6385696040868455
chr21	8	1	771.0	0.12970168612191957
chr21	9	3	765.0	0.39215686274509803
chr21	10	2	758.0	0.2638522427440633
chr21	11	0	756.0	0.0
chr21	12	3	749.0	0.4005340453938585
chr21	13	6	735.0	0.8163265306122449
chr21	14	3	729.0	0.411522633744856
chr21	15	3	719.0	0.4172461752433936
chr21	16	5	714.0	0.700280112044818
chr21	17	2	705.0	0.28368794326241137
chr21	18	2	699.0	0.28612303290414876
chr21	19	0	692.0	0.0
chr21	20	0	685.0	0.0
chr21	21	0	679.0	0.0
chr21	22	3	668.0	0.4491017964071856
chr21	23	0	663.0	0.0
chr21	24	1	661.0	0.15128593040847202
chr21	25	1	654.0	0.1529051987767584
chr21	26	0	644.0	0.0
chr21	27	0	641.0	0.0
chr21	28	2	629.0	0.3179650238473768
chr21	29	0	619.0	0.0
chr21	30	4	608.0	0.6578947368421052
chr21	31	5	597.0	0.8375209380234505
chr21	32	0	587.0	0.0
chr21	33	0	580.0	0.0
chr21	34	4	573.0	0.6980802792321117
chr21	35	3	566.0	0.5300353356890459
chr21	36	3	554.0	0.5415162454873645
chr21	37	3	552.0	0.5434782608695652
chr21	38	1	543.0	0.1841620626151013
chr21	39	0	539.0	0.0
chr21	40	1	535.0	0.1869158878504673
chr21	41	1	526.0	0.19011406844106463
chr21	42	0	521.0	0.0
chr21	43	0	515.0	0.0
chr21	44	2	506.0	0.3952569169960474
chr21	45	0	499.0	0.0
chr21	46	2	491.0	0.40733197556008144
chr21	47	0	478.0	0.0
chr21	48	9	474.0	1.89873417721519
chr21	49	13	462.0	2.813852813852814
chr21	50	2	453.0	0.44150110375275936
chr21	51	0	447.0	0.0
chr21	52	4	440.0	0.9090909090909091
chr21	53	1	436.0	0.22935779816513763
chr21	54	1	425.0	0.2352941176470588
chr21	55	0	419.0	0.0
chr21	56	3	414.0	0.7246376811594203
chr21	57	2	405.0	0.49382716049382713
chr21	58	1	398.0	0.25125628140703515
chr21	59	1	395.0	0.25316455696202533
chr21	60	3	390.0	0.7692307692307693
chr21	61	0	380.0	0.0
chr21	62	1	376.0	0.26595744680851063
chr21	63	1	370.0	0.2702702702702703
chr21	64	4	367.0	1.08991825613079
chr21	65	2	358.0	0.5586592178770949
chr21	66	3	351.0	0.8547008547008548
chr21	67	2	339.0	0.5899705014749262
chr21	68	0	331.0	0.0
chr21	69	1	323.0	0.30959752321981426
chr21	70	0	314.0	0.0
chr21	71	1	306.0	0.32679738562091504
chr21	72	0	300.0	0.0
chr21	73	0	286.0	0.0
chr21	74	1	282.0	0.3546099290780142
chr21	75	1	276.0	0.36231884057971014
chr21	76	0	268.0	0.0
chr21	77	2	263.0	0.7604562737642585
chr21	78	4	258.0	1.550387596899225
chr21	79	0	249.0	0.0
chr21	80	0	241.0	0.0
chr21	81	1	232.0	0.43103448275862066
chr21	82	0	228.0	0.0
chr21	83	1	213.0	0.4694835680751174
chr21	84	1	208.0	0.4807692307692308
chr21	85	1	199.0	0.5025125628140703
chr21	86	4	195.0	2.051282051282051
chr21	87	0	188.0	0.0
chr21	88	1	179.0	0.5586592178770949
chr21	89	1	174.0	0.5747126436781609
chr21	90	0	168.0	0.0
chr21	91	1	162.0	0.6172839506172839
chr21	92	0	153.0	0.0
chr21	93	0	145.0	0.0
chr21	94	2	135.0	1.4814814814814816
chr21	95	0	133.0	0.0
chr21	96	0	128.0	0.0
chr21	97	0	121.0	0.0
chr21	98	0	116.0	0.0
chr21	99	0	110.0	0.0
chr21	100	0	106.0	0.0
chr21	101	0	99.0	0.0
chr21	102	0	92.0	0.0
chr21	103	0	83.0	0.0
chr21	104	0	73.0	0.0
chr21	105	0	63.0	0.0
chr21	106	0	58.0	0.0
chr21	107	1	51.0	1.9607843137254901
chr21	108	0	41.0	0.0
chr21	109	0	31.0	0.0
chr21	110	2	25.0	8.0
chr21	111	0	20.0	0.0
chr21	112	0	10.0	0.0
chr21	113	0	3.0	0.0
chr21	114	0	1.0	0.0
chr21	115	0	0.0	nan
chr21	116	0	0.0	nan
chr21	117	0	0.0	nan
chr21	118	0	0.0	nan
chr21	119	0	0.0	nan
chr21	120	0	0.0	nan
chr21	121	0	0.0	nan
chr21	122	0	0.0	nan
chr21	123	0	0.0	nan
chr21	124	0	0.0	nan
chr21	125	0	0.0	nan
chr22	-127	0	1.0	0.0
chr22	-126	0	3.0	0.0
chr22	-125	0	8.0	0.0
chr22	-124	0	9.0	0.0
chr22	-123	0	11.0	0.0
chr22	-122	0	18.0	0.0
chr22	-121	0	20.0	0.0
chr22	-120	0	27.0	0.0
chr22	-119	0	32.0	0.0
chr22	-118	0	37.0	0.0
chr22	-117	0	43.0	0.0
chr22	-116	0	47.0	0.0
chr22	-115	0	51.0	0.0
chr22	-114	0	57.0	0.0
chr22	-113	0	58.0	0.0
chr22	-112	1	62.0	1.6129032258064515
chr22	-111	0	64.0	0.0
chr22	-110	2	66.0	3.0303030303030303
chr22	-109	0	71.0	0.0
chr22	-108	0	76.0	0.0
chr22	-107	1	79.0	1.2658227848101267
chr22	-106	0	82.0	0.0
chr22	-105	1	90.0	1.1111111111111112
chr22	-104	0	95.0	0.0
chr22	-103	0	95.0	0.0
chr22	-102	0	100.0	0.0
chr22	-101	0	104.0	0.0
chr22	-100	0	109.0	0.0
chr22	-99	0	114.0	0.0
chr22	-98	0	118.0	0.0
chr22	-97	1	125.0	0.8
chr22	-96	4	128.0	3.125
chr22	-95	0	139.0	0.0
chr22	-94	0	144.0	0.0
chr22	-93	2	149.0	1.342281879194631
chr22	-92	0	154.0	0.0
chr22	-91	1	166.0	0.6024096385542169
chr22	-90	0	172.0	0.0
chr22	-89	0	180.0	0.0
chr22	-88	0	188.0	0.0
chr22	-87	0	198.0	0.0
chr22	-86	3	206.0	1.4563106796116505
chr22	-85	0	210.0	0.0
chr22	-84	1	214.0	0.46728971962616817
chr22	-83	2	217.0	0.9216589861751152
chr22	-82	0	222.0	0.0
chr22	-81	0	228.0	0.0
chr22	-80	0	232.0	0.0
chr22	-79	0	237.0	0.0
chr22	-78	0	243.0	0.0
chr22	-77	0	248.0	0.0
chr22	-76	0	253.0	0.0
chr22	-75	0	257.0	0.0
chr22	-74	0	262.0	0.0
chr22	-73	0	263.0	0.0
chr22	-72	0	268.0	0.0
chr22	-71	0	271.0	0.0
chr22	-70	0	277.0	0.0
chr22	-69	4	284.0	1.4084507042253522
chr22	-68	3	277.0	1.083032490974729
chr22	-67	0	289.0	0.0
chr22	-66	1	291.0	0.3436426116838488
chr22	-65	0	294.0	0.0
chr22	-64	0	299.0	0.0
chr22	-63	7	307.0	2.2801302931596092
chr22	-62	2	311.0	0.6430868167202572
chr22	-61	0	316.0	0.0
chr22	-60	0	324.0	0.0
chr22	-59	4	331.0	1.2084592145015105
chr22	-58	1	336.0	0.2976190476190476
chr22	-57	0	341.0	0.0
chr22	-56	0	343.0	0.0
chr22	-55	0	347.0	0.0
chr22	-54	4	351.0	1.1396011396011396
chr22	-53	0	356.0	0.0
chr22	-52	0	360.0	0.0
chr22	-51	1	363.0	0.27548209366391185
chr22	-50	0	370.0	0.0
chr22	-49	3	375.0	0.8
chr22	-48	0	380.0	0.0
chr22	-47	1	387.0	0.2583979328165375
chr22	-46	0	395.0	0.0
chr22	-45	3	400.0	0.75
chr22	-44	3	402.0	0.7462686567164178
chr22	-43	0	410.0	0.0
chr22	-42	0	414.0	0.0
chr22	-41	0	416.0	0.0
chr22	-40	0	421.0	0.0
chr22	-39	5	423.0	1.1820330969267139
chr22	-38	2	426.0	0.4694835680751174
chr22	-37	1	434.0	0.2304147465437788
chr22	-36	0	439.0	0.0
chr22	-35	1	446.0	0.2242152466367713
chr22	-34	0	450.0	0.0
chr22	-33	0	451.0	0.0
chr22	-32	0	457.0	0.0
chr22	-31	1	462.0	0.21645021645021645
chr22	-30	0	466.0	0.0
chr22	-29	1	472.0	0.211864406779661
chr22	-28	1	477.0	0.20964360587002098
chr22	-27	1	482.0	0.2074688796680498
chr22	-26	1	484.0	0.2066115702479339
chr22	-25	3	493.0	0.6085192697768762
chr22	-24	0	492.0	0.0
chr22	-23	2	500.0	0.4
chr22	-22	1	514.0	0.19455252918287938
chr22	-21	0	516.0	0.0
chr22	-20	1	518.0	0.19305019305019305
chr22	-19	0	517.0	0.0
chr22	-18	1	530.0	0.18867924528301888
chr22	-17	11	536.0	2.0522388059701493
chr22	-16	0	543.0	0.0
chr22	-15	2	546.0	0.3663003663003663
chr22	-14	0	552.0	0.0
chr22	-13	0	556.0	0.0
chr22	-12	1	559.0	0.17889087656529518
chr22	-11	1	566.0	0.17667844522968199
chr22	-10	1	572.0	0.17482517482517482
chr22	-9	1	572.0	0.17482517482517482
chr22	-8	0	572.0	0.0
chr22	-7	0	572.0	0.0
chr22	-6	0	572.0	0.0
chr22	-5	1	572.0	0.17482517482517482
chr22	-4	3	572.0	0.5244755244755245
chr22	-3	2	572.0	0.34965034965034963
chr22	-2	0	572.0	0.0
chr22	-1	1	572.0	0.17482517482517482
chr22	0	2	560.0	0.35714285714285715
chr22	1	1	557.0	0.17953321364452424
chr22	2	0	550.0	0.0
chr22	3	2	543.0	0.3683241252302026
chr22	4	2	539.0	0.3710575139146568
chr22	5	0	530.0	0.0
chr22	6	0	526.0	0.0
chr22	7	0	521.0	0.0
chr22	8	1	515.0	0.1941747572815534
chr22	9	0	511.0	0.0
chr22	10	0	502.0	0.0
chr22	11	0	495.0	0.0
chr22	12	2	492.0	0.40650406504065045
chr22	13	0	489.0	0.0
chr22	14	0	487.0	0.0
chr22	15	2	483.0	0.4140786749482402
chr22	16	8	478.0	1.6736401673640167
chr22	17	0	472.0	0.0
chr22	18	0	464.0	0.0
chr22	19	0	466.0	0.0
chr22	20	1	454.0	0.22026431718061676
chr22	21	3	448.0	0.6696428571428571
chr22	22	5	442.0	1.1312217194570136
chr22	23	2	437.0	0.4576659038901602
chr22	24	4	431.0	0.9280742459396751
chr22	25	1	425.0	0.2352941176470588
chr22	26	1	420.0	0.2380952380952381
chr22	27	2	416.0	0.4807692307692308
chr22	28	6	409.0	1.466992665036675
chr22	29	0	402.0	0.0
chr22	30	5	391.0	1.278772378516624
chr22	31	1	389.0	0.2570694087403599
chr22	32	2	377.0	0.5305039787798408
chr22	33	2	374.0	0.53475935828877
chr22	34	0	372.0	0.0
chr22	35	0	364.0	0.0
chr22	36	1	357.0	0.2801120448179272
chr22	37	6	347.0	1.729106628242075
chr22	38	4	346.0	1.1560693641618496
chr22	39	1	339.0	0.2949852507374631
chr22	40	1	332.0	0.30120481927710846
chr22	41	2	326.0	0.6134969325153374
chr22	42	2	324.0	0.6172839506172839
chr22	43	5	322.0	1.5527950310559007
chr22	44	2	316.0	0.6329113924050633
chr22	45	2	311.0	0.6430868167202572
chr22	46	1	307.0	0.32573289902280134
chr22	47	0	300.0	0.0
chr22	48	3	293.0	1.023890784982935
chr22	49	2	289.0	0.6920415224913495
chr22	50	0	282.0	0.0
chr22	51	1	279.0	0.35842293906810035
chr22	52	0	273.0	0.0
chr22	53	3	268.0	1.1194029850746268
chr22	54	3	267.0	1.1235955056179776
chr22	55	4	265.0	1.509433962264151
chr22	56	2	261.0	0.7662835249042145
chr22	57	0	258.0	0.0
chr22	58	3	256.0	1.171875
chr22	59	1	249.0	0.4016064257028112
chr22	60	5	242.0	2.066115702479339
chr22	61	3	234.0	1.282051282051282
chr22	62	9	232.0	3.8793103448275863
chr22	63	2	226.0	0.8849557522123894
chr22	64	2	220.0	0.9090909090909091
chr22	65	3	216.0	1.3888888888888888
chr22	66	2	214.0	0.9345794392523363
chr22	67	16	204.0	7.8431372549019605
chr22	68	6	200.0	3.0
chr22	69	4	193.0	2.072538860103627
chr22	70	1	187.0	0.53475935828877
chr22	71	0	182.0	0.0
chr22	72	5	176.0	2.840909090909091
chr22	73	2	176.0	1.1363636363636365
chr22	74	1	172.0	0.5813953488372093
chr22	75	2	167.0	1.1976047904191618
chr22	76	4	159.0	2.515723270440252
chr22	77	0	154.0	0.0
chr22	78	3	150.0	2.0
chr22	79	2	143.0	1.3986013986013985
chr22	80	0	139.0	0.0
chr22	81	0	135.0	0.0
chr22	82	1	129.0	0.7751937984496124
chr22	83	1	126.0	0.7936507936507936
chr22	84	1	123.0	0.8130081300813009
chr22	85	1	120.0	0.8333333333333334
chr22	86	0	120.0	0.0
chr22	87	0	114.0	0.0
chr22	88	0	111.0	0.0
chr22	89	0	105.0	0.0
chr22	90	3	101.0	2.9702970297029703
chr22	91	0	95.0	0.0
chr22	92	3	88.0	3.4090909090909087
chr22	93	0	86.0	0.0
chr22	94	2	80.0	2.5
chr22	95	0	78.0	0.0
chr22	96	0	76.0	0.0
chr22	97	0	72.0	0.0
chr22	98	0	68.0	0.0
chr22	99	1	59.0	1.694915254237288
chr22	100	0	52.0	0.0
chr22	101	0	47.0	0.0
chr22	102	0	43.0	0.0
chr22	103	0	40.0	0.0
chr22	104	0	37.0	0.0
chr22	105	1	34.0	2.941176470588235
chr22	106	0	31.0	0.0
chr22	107	0	30.0	0.0
chr22	108	0	18.0	0.0
chr22	109	0	15.0	0.0
chr22	110	0	13.0	0.0
chr22	111	0	10.0	0.0
chr22	112	0	9.0	0.0
chr22	113	0	5.0	0.0
chr22	114	0	2.0	0.0
chr22	115	0	0.0	nan
chr22	116	0	0.0	nan
chr22	117	0	0.0	nan
chr22	118	0	0.0	nan
chr22	119	0	0.0	nan
chr22	120	0	0.0	nan
chr22	121	0	0.0	nan
chr22	122	0	0.0	nan
chr22	123	0	0.0	nan
chr22	124	0	0.0	nan
chr22	125	0	0.0	nan
chr22	126	0	0.0	nan
chr22	127	0	0.0	nan
chrX	-135	0	1.0	0.0
chrX	-134	0	1.0	0.0
chrX	-133	0	1.0	0.0
chrX	-132	0	2.0	0.0
chrX	-131	0	2.0	0.0
chrX	-130	0	2.0	0.0
chrX	-129	0	2.0	0.0
chrX	-128	0	2.0	0.0
chrX	-127	0	3.0	0.0
chrX	-126	0	15.0	0.0
chrX	-125	0	35.0	0.0
chrX	-124	0	56.0	0.0
chrX	-123	0	86.0	0.0
chrX	-122	0	122.0	0.0
chrX	-121	0	152.0	0.0
chrX	-120	0	194.0	0.0
chrX	-119	0	231.0	0.0
chrX	-118	0	266.0	0.0
chrX	-117	1	294.0	0.3401360544217687
chrX	-116	0	332.0	0.0
chrX	-115	0	371.0	0.0
chrX	-114	0	396.0	0.0
chrX	-113	1	431.0	0.23201856148491878
chrX	-112	1	471.0	0.21231422505307856
chrX	-111	1	498.0	0.2008032128514056
chrX	-110	3	533.0	0.5628517823639775
chrX	-109	0	561.0	0.0
chrX	-108	0	596.0	0.0
chrX	-107	0	625.0	0.0
chrX	-106	1	670.0	0.1492537313432836
chrX	-105	0	704.0	0.0
chrX	-104	0	740.0	0.0
chrX	-103	0	777.0	0.0
chrX	-102	1	804.0	0.12437810945273632
chrX	-101	0	844.0	0.0
chrX	-100	1	890.0	0.11235955056179776
chrX	-99	0	924.0	0.0
chrX	-98	2	954.0	0.20964360587002098
chrX	-97	1	992.0	0.10080645161290322
chrX	-96	1	1024.0	0.09765625
chrX	-95	1	1067.0	0.09372071227741331
chrX	-94	1	1105.0	0.09049773755656108
chrX	-93	0	1139.0	0.0
chrX	-92	1	1182.0	0.08460236886632826
chrX	-91	2	1227.0	0.16299918500407498
chrX	-90	1	1274.0	0.07849293563579278
chrX	-89	1	1307.0	0.07651109410864575
chrX	-88	3	1336.0	0.2245508982035928
chrX	-87	4	1367.0	0.2926115581565472
chrX	-86	2	1407.0	0.14214641080312723
chrX	-85	1	1442.0	0.06934812760055478
chrX	-84	0	1481.0	0.0
chrX	-83	4	1526.0	0.2621231979030144
chrX	-82	0	1571.0	0.0
chrX	-81	1	1604.0	0.062344139650872814
chrX	-80	3	1640.0	0.1829268292682927
chrX	-79	2	1680.0	0.11904761904761905
chrX	-78	3	1724.0	0.17401392111368907
chrX	-77	1	1754.0	0.05701254275940707
chrX	-76	3	1796.0	0.16703786191536749
chrX	-75	6	1844.0	0.32537960954446854
chrX	-74	3	1884.0	0.15923566878980894
chrX	-73	6	1919.0	0.3126628452318916
chrX	-72	1	1947.0	0.05136106831022085
chrX	-71	0	1986.0	0.0
chrX	-70	0	2019.0	0.0
chrX	-69	1	2050.0	0.04878048780487805
chrX	-68	10	2086.0	0.4793863854266539
chrX	-67	3	2128.0	0.14097744360902253
chrX	-66	1	2164.0	0.04621072088724584
chrX	-65	5	2207.0	0.22655188038060714
chrX	-64	6	2255.0	0.2660753880266075
chrX	-63	1	2297.0	0.043535045711798
chrX	-62	3	2330.0	0.12875536480686695
chrX	-61	1	2365.0	0.042283298097251586
chrX	-60	5	2411.0	0.2073828287017835
chrX	-59	2	2440.0	0.08196721311475409
chrX	-58	2	2489.0	0.08035355564483729
chrX	-57	6	2532.0	0.23696682464454977
chrX	-56	2	2582.0	0.0774593338497289
chrX	-55	8	2626.0	0.30464584920030463
chrX	-54	4	2662.0	0.15026296018031557
chrX	-53	1	2692.0	0.03714710252600297
chrX	-52	3	2741.0	0.10944910616563297
chrX	-51	1	2766.0	0.036153289949385395
chrX	-50	5	2803.0	0.17838030681412773
chrX	-49	6	2843.0	0.2110446711220542
chrX	-48	0	2872.0	0.0
chrX	-47	2	2907.0	0.06879944960440317
chrX	-46	1	2946.0	0.03394433129667345
chrX	-45	3	2976.0	0.10080645161290322
chrX	-44	6	3024.0	0.1984126984126984
chrX	-43	0	3067.0	0.0
chrX	-42	7	3108.0	0.22522522522522523
chrX	-41	2	3153.0	0.06343165239454487
chrX	-40	4	3191.0	0.12535255405828893
chrX	-39	9	3233.0	0.27837921435199503
chrX	-38	4	3274.0	0.12217470983506415
chrX	-37	3	3309.0	0.09066183136899365
chrX	-36	1	3343.0	0.029913251570445706
chrX	-35	4	3384.0	0.1182033096926714
chrX	-34	1	3422.0	0.029222676797194622
chrX	-33	12	3468.0	0.34602076124567477
chrX	-32	6	3513.0	0.1707941929974381
chrX	-31	12	3558.0	0.33726812816188867
chrX	-30	5	3608.0	0.1385809312638581
chrX	-29	5	3636.0	0.13751375137513752
chrX	-28	2	3693.0	0.05415651232060655
chrX	-27	0	3729.0	0.0
chrX	-26	6	3786.0	0.15847860538827258
chrX	-25	5	3819.0	0.13092432573972246
chrX	-24	3	3863.0	0.0776598498576236
chrX	-23	2	3930.0	0.05089058524173028
chrX	-22	3	3965.0	0.07566204287515763
chrX	-21	13	4011.0	0.3241087010720518
chrX	-20	19	4058.0	0.46821094135041896
chrX	-19	2	4112.0	0.048638132295719845
chrX	-18	7	4142.0	0.16900048285852245
chrX	-17	8	4183.0	0.19125029882859193
chrX	-16	2	4233.0	0.04724781478856603
chrX	-15	7	4284.0	0.16339869281045752
chrX	-14	11	4324.0	0.2543940795559667
chrX	-13	14	4384.0	0.3193430656934307
chrX	-12	14	4433.0	0.3158132190390255
chrX	-11	5	4490.0	0.11135857461024498
chrX	-10	13	4542.0	0.28621752531924266
chrX	-9	7	4541.0	0.15415106804668577
chrX	-8	8	4542.0	0.17613386173491855
chrX	-7	4	4542.0	0.08806693086745927
chrX	-6	11	4542.0	0.24218405988551298
chrX	-5	7	4542.0	0.15411712901805372
chrX	-4	14	4554.0	0.30742204655248134
chrX	-3	6	4552.0	0.13181019332161686
chrX	-2	7	4546.0	0.1539815222173339
chrX	-1	30	4539.0	0.6609385327164574
chrX	0	32	4445.0	0.7199100112485939
chrX	1	6	4399.0	0.136394635144351
chrX	2	12	4359.0	0.27529249827942187
chrX	3	24	4313.0	0.5564572223510317
chrX	4	5	4266.0	0.11720581340834506
chrX	5	18	4230.0	0.425531914893617
chrX	6	6	4188.0	0.14326647564469913
chrX	7	7	4153.0	0.16855285335901757
chrX	8	9	4106.0	0.219191427179737
chrX	9	9	4063.0	0.22151119862170812
chrX	10	2	4030.0	0.04962779156327543
chrX	11	15	3992.0	0.375751503006012
chrX	12	9	3955.0	0.2275600505689001
chrX	13	10	3917.0	0.2552974214960429
chrX	14	1	3889.0	0.025713551041398816
chrX	15	1	3850.0	0.025974025974025976
chrX	16	11	3817.0	0.2881844380403458
chrX	17	6	3780.0	0.15873015873015872
chrX	18	6	3741.0	0.16038492381716118
chrX	19	14	3702.0	0.37817396002160997
chrX	20	21	3667.0	0.5726752113444232
chrX	21	3	3625.0	0.08275862068965517
chrX	22	4	3585.0	0.11157601115760112
chrX	23	1	3556.0	0.028121484814398204
chrX	24	6	3518.0	0.17055144968732233
chrX	25	19	3461.0	0.5489742848887604
chrX	26	2	3433.0	0.05825808330905913
chrX	27	4	3390.0	0.11799410029498525
chrX	28	5	3357.0	0.14894250819183796
chrX	29	6	3315.0	0.18099547511312217
chrX	30	12	3290.0	0.364741641337386
chrX	31	0	3257.0	0.0
chrX	32	13	3221.0	0.40360136603539276
chrX	33	7	3171.0	0.22075055187637968
chrX	34	7	3131.0	0.2235707441711913
chrX	35	5	3087.0	0.16196954972465177
chrX	36	6	3052.0	0.19659239842726078
chrX	37	6	3009.0	0.19940179461615154
chrX	38	7	2973.0	0.23545240497813655
chrX	39	9	2944.0	0.30570652173913043
chrX	40	3	2914.0	0.10295126973232671
chrX	41	6	2879.0	0.20840569642236886
chrX	42	5	2838.0	0.1761804087385483
chrX	43	4	2799.0	0.1429081814933905
chrX	44	4	2758.0	0.145032632342277
chrX	45	5	2722.0	0.18368846436443792
chrX	46	4	2674.0	0.14958863126402394
chrX	47	8	2633.0	0.3038359285985568
chrX	48	12	2588.0	0.46367851622874806
chrX	49	2	2550.0	0.0784313725490196
chrX	50	8	2496.0	0.3205128205128205
chrX	51	4	2464.0	0.16233766233766234
chrX	52	3	2433.0	0.12330456226880394
chrX	53	3	2403.0	0.12484394506866417
chrX	54	11	2361.0	0.46590427784836935
chrX	55	2	2320.0	0.08620689655172414
chrX	56	7	2282.0	0.3067484662576687
chrX	57	7	2231.0	0.3137606454504706
chrX	58	1	2199.0	0.04547521600727603
chrX	59	5	2156.0	0.2319109461966605
chrX	60	4	2110.0	0.18957345971563982
chrX	61	4	2065.0	0.1937046004842615
chrX	62	8	2021.0	0.3958436417615042
chrX	63	8	1987.0	0.40261701056869653
chrX	64	6	1943.0	0.3088008234688626
chrX	65	2	1900.0	0.10526315789473684
chrX	66	3	1861.0	0.16120365394948952
chrX	67	5	1823.0	0.27427317608337903
chrX	68	8	1784.0	0.4484304932735426
chrX	69	1	1753.0	0.057045065601825436
chrX	70	4	1714.0	0.2333722287047841
chrX	71	2	1679.0	0.11911852293031568
chrX	72	1	1648.0	0.06067961165048543
chrX	73	2	1619.0	0.12353304508956146
chrX	74	7	1588.0	0.4408060453400504
chrX	75	5	1548.0	0.32299741602067183
chrX	76	3	1522.0	0.19710906701708278
chrX	77	2	1489.0	0.1343183344526528
chrX	78	0	1442.0	0.0
chrX	79	1	1406.0	0.07112375533428165
chrX	80	4	1366.0	0.29282576866764276
chrX	81	1	1323.0	0.07558578987150416
chrX	82	3	1291.0	0.23237800154918667
chrX	83	3	1254.0	0.23923444976076555
chrX	84	1	1203.0	0.0831255195344971
chrX	85	1	1156.0	0.08650519031141869
chrX	86	2	1108.0	0.18050541516245489
chrX	87	1	1067.0	0.09372071227741331
chrX	88	2	1041.0	0.19212295869356388
chrX	89	1	1009.0	0.09910802775024777
chrX	90	2	973.0	0.20554984583761562
chrX	91	2	937.0	0.21344717182497333
chrX	92	1	889.0	0.11248593925759282
chrX	93	2	842.0	0.23752969121140144
chrX	94	0	805.0	0.0
chrX	95	0	769.0	0.0
chrX	96	1	719.0	0.13908205841446453
chrX	97	0	684.0	0.0
chrX	98	1	644.0	0.15527950310559005
chrX	99	3	602.0	0.4983388704318937
chrX	100	1	561.0	0.17825311942959002
chrX	101	2	526.0	0.38022813688212925
chrX	102	1	485.0	0.2061855670103093
chrX	103	0	435.0	0.0
chrX	104	3	392.0	0.7653061224489796
chrX	105	0	348.0	0.0
chrX	106	1	309.0	0.3236245954692557
chrX	107	0	258.0	0.0
chrX	108	1	220.0	0.45454545454545453
chrX	109	0	173.0	0.0
chrX	110	1	141.0	0.7092198581560284
chrX	111	0	105.0	0.0
chrX	112	0	74.0	0.0
chrX	113	0	41.0	0.0
chrX	114	0	18.0	0.0
chrX	115	0	0.0	nan
chrX	116	0	0.0	nan
chrX	117	0	0.0	nan
chrX	118	0	0.0	nan
chrX	119	0	0.0	nan
chrX	120	0	0.0	nan
chrX	121	0	0.0	nan
chrX	122	0	0.0	nan
chrX	123	0	0.0	nan
chrX	124	0	0.0	nan
chrX	125	0	0.0	nan
