chr1	-147	0	0.0	nan
chr1	-146	0	0.0	nan
chr1	-145	0	0.0	nan
chr1	-144	0	0.0	nan
chr1	-143	0	0.0	nan
chr1	-142	0	0.0	nan
chr1	-141	0	0.0	nan
chr1	-140	0	0.0	nan
chr1	-139	0	11.0	0.0
chr1	-138	0	14.0	0.0
chr1	-137	0	17.0	0.0
chr1	-136	0	24.0	0.0
chr1	-135	0	37.0	0.0
chr1	-134	0	72.0	0.0
chr1	-133	2	1365.0	0.14652014652014653
chr1	-132	12	2978.0	0.4029550033579583
chr1	-131	5	4733.0	0.10564124234100994
chr1	-130	18	6447.0	0.2791996277338297
chr1	-129	39	8256.0	0.4723837209302325
chr1	-128	29	10164.0	0.28532073986619444
chr1	-127	37	11998.0	0.30838473078846473
chr1	-126	22	13846.0	0.1588906543406038
chr1	-125	24	15628.0	0.15357051446122344
chr1	-124	39	17513.0	0.2226917147262034
chr1	-123	52	19422.0	0.2677376171352075
chr1	-122	39	21272.0	0.18333960135389243
chr1	-121	48	23135.0	0.20747784741733305
chr1	-120	54	24974.0	0.21622487386882358
chr1	-119	34	26797.0	0.1268798746128298
chr1	-118	68	28635.0	0.23747162563296664
chr1	-117	79	30471.0	0.25926290571362937
chr1	-116	75	32339.0	0.23191811744333468
chr1	-115	44	34213.0	0.12860608540613216
chr1	-114	75	36077.0	0.2078886825401225
chr1	-113	84	37953.0	0.2213263773614734
chr1	-112	112	39816.0	0.2812939521800281
chr1	-111	105	41654.0	0.25207663129591396
chr1	-110	83	43610.0	0.19032332033937172
chr1	-109	103	45444.0	0.22665258339934863
chr1	-108	99	47329.0	0.20917407931712056
chr1	-107	95	49193.0	0.1931169068769947
chr1	-106	146	51100.0	0.2857142857142857
chr1	-105	114	52997.0	0.2151065154631394
chr1	-104	79	54843.0	0.14404755392666338
chr1	-103	128	56617.0	0.22608050585513187
chr1	-102	108	58450.0	0.18477331052181353
chr1	-101	146	60273.0	0.24223118145770078
chr1	-100	147	62171.0	0.23644464460922296
chr1	-99	156	63950.0	0.2439405785770133
chr1	-98	118	65707.0	0.17958512791635595
chr1	-97	201	67586.0	0.2973988695883763
chr1	-96	143	69483.0	0.20580573665500915
chr1	-95	119	71317.0	0.16686063631392237
chr1	-94	149	73111.0	0.20379970182325507
chr1	-93	135	74897.0	0.18024753995487136
chr1	-92	162	76806.0	0.21092102179517225
chr1	-91	139	78677.0	0.17667170837728943
chr1	-90	193	80469.0	0.23984391504803093
chr1	-89	201	82381.0	0.24398829827265997
chr1	-88	170	84296.0	0.2016703046407896
chr1	-87	174	86202.0	0.20185146516322125
chr1	-86	143	88106.0	0.16230449685605974
chr1	-85	223	90014.0	0.24773924056257912
chr1	-84	158	91779.0	0.17215267109033655
chr1	-83	259	93587.0	0.2767478389092502
chr1	-82	221	95388.0	0.23168532729483793
chr1	-81	230	97237.0	0.23653547517920132
chr1	-80	198	99103.0	0.19979213545503163
chr1	-79	185	100904.0	0.18334258304923493
chr1	-78	169	102744.0	0.16448649069532043
chr1	-77	275	104581.0	0.2629540738757518
chr1	-76	204	106450.0	0.19163926726162517
chr1	-75	200	108414.0	0.18447801944398326
chr1	-74	223	110181.0	0.20239424220146848
chr1	-73	219	111933.0	0.1956527565597277
chr1	-72	202	113819.0	0.177474762561611
chr1	-71	271	115802.0	0.23402013782145387
chr1	-70	248	117623.0	0.21084311741751188
chr1	-69	303	119429.0	0.2537072235386715
chr1	-68	220	121279.0	0.18139991259822394
chr1	-67	284	123097.0	0.23071236504545195
chr1	-66	281	124974.0	0.22484676812777057
chr1	-65	320	126953.0	0.2520617866454515
chr1	-64	379	128836.0	0.29417243627557516
chr1	-63	280	130768.0	0.21411966230270402
chr1	-62	351	132714.0	0.264478502644785
chr1	-61	321	134536.0	0.23859784741630496
chr1	-60	377	136404.0	0.276384856749069
chr1	-59	287	138311.0	0.20750338006376934
chr1	-58	372	140221.0	0.26529549782129636
chr1	-57	300	142188.0	0.21098826905224072
chr1	-56	379	143946.0	0.2632931793867145
chr1	-55	407	145863.0	0.27902895182465737
chr1	-54	373	147709.0	0.2525235429120771
chr1	-53	377	149586.0	0.25202893318893477
chr1	-52	294	151581.0	0.19395570684980307
chr1	-51	326	153466.0	0.21242490193267563
chr1	-50	390	155325.0	0.2510864316755191
chr1	-49	325	157179.0	0.2067706245745297
chr1	-48	430	159039.0	0.27037393343771027
chr1	-47	386	160914.0	0.23987968728637654
chr1	-46	525	162815.0	0.3224518625433775
chr1	-45	470	164726.0	0.2853222927770965
chr1	-44	348	166582.0	0.20890612431115008
chr1	-43	511	168452.0	0.30335050934390806
chr1	-42	423	170340.0	0.2483268756604438
chr1	-41	358	172149.0	0.20795938402198097
chr1	-40	492	174022.0	0.28272287411936425
chr1	-39	432	175934.0	0.24554662543908512
chr1	-38	424	177850.0	0.23840314872083215
chr1	-37	626	179650.0	0.3484553298079599
chr1	-36	502	181450.0	0.27666023697988423
chr1	-35	500	183333.0	0.27272776859594294
chr1	-34	477	185253.0	0.2574857087334618
chr1	-33	564	187116.0	0.30141730263579813
chr1	-32	550	189264.0	0.29059937441880124
chr1	-31	534	191191.0	0.27930184998247826
chr1	-30	522	193095.0	0.2703332556513633
chr1	-29	648	195115.0	0.33211183148399664
chr1	-28	467	196980.0	0.23707990658950145
chr1	-27	596	198847.0	0.299727931525243
chr1	-26	456	200739.0	0.22716064142991646
chr1	-25	730	202661.0	0.3602074400106582
chr1	-24	602	204561.0	0.29428874516647846
chr1	-23	674	206412.0	0.3265314032129915
chr1	-22	768	208392.0	0.36853622020039156
chr1	-21	1254	210258.0	0.5964101247039352
chr1	-20	642	212148.0	0.3026189264098648
chr1	-19	817	213943.0	0.3818774159472383
chr1	-18	638	216131.0	0.29519134228777916
chr1	-17	1733	218024.0	0.7948666201886031
chr1	-16	736	219806.0	0.3348407231831706
chr1	-15	736	221743.0	0.33191577637174563
chr1	-14	842	223589.0	0.37658382120766226
chr1	-13	744	225372.0	0.33012086683350195
chr1	-12	950	227208.0	0.41811908031407347
chr1	-11	1096	229036.0	0.47852739307357794
chr1	-10	1029	230792.0	0.4458560088737911
chr1	-9	919	230811.0	0.39816126614416125
chr1	-8	919	230825.0	0.3981371168634246
chr1	-7	844	230847.0	0.365610122721976
chr1	-6	912	230827.0	0.3951010930263791
chr1	-5	988	230822.0	0.42803545589241926
chr1	-4	946	230747.0	0.4099728273823712
chr1	-3	1310	230668.0	0.5679157923942637
chr1	-2	1495	230587.0	0.6483453100131404
chr1	-1	3133	229758.0	1.36360866650998
chr1	0	3380	225328.0	1.5000355037989066
chr1	1	1702	224258.0	0.7589472839318999
chr1	2	1628	222533.0	0.731576889719727
chr1	3	1249	220807.0	0.5656523570357823
chr1	4	1355	218902.0	0.6189984559300509
chr1	5	1299	217010.0	0.598589926731487
chr1	6	1495	215214.0	0.6946574107632404
chr1	7	1595	213378.0	0.7474997422414682
chr1	8	1503	211408.0	0.7109475516536744
chr1	9	1568	209379.0	0.7488812154036459
chr1	10	1879	207461.0	0.9057123989569124
chr1	11	1605	205566.0	0.7807711391961706
chr1	12	1574	203669.0	0.7728225699541904
chr1	13	1560	201768.0	0.7731652194599739
chr1	14	1328	199754.0	0.6648177258027373
chr1	15	1456	197810.0	0.7360598554168142
chr1	16	2112	195735.0	1.079009885815005
chr1	17	1344	193786.0	0.6935485535590806
chr1	18	1414	191187.0	0.7395900348873093
chr1	19	1413	189284.0	0.7464973267682424
chr1	20	1684	187355.0	0.8988284273171252
chr1	21	1473	185455.0	0.794262759159904
chr1	22	1351	183477.0	0.736332074319942
chr1	23	1283	181607.0	0.7064705655619001
chr1	24	1336	179644.0	0.7436930818730378
chr1	25	1172	177640.0	0.6597613150191398
chr1	26	1187	175721.0	0.6755026433949273
chr1	27	1212	173854.0	0.6971366779021478
chr1	28	1292	171948.0	0.7513899551027055
chr1	29	1109	170119.0	0.6518966135469877
chr1	30	1152	168164.0	0.6850455507718656
chr1	31	1260	166313.0	0.7576076434193358
chr1	32	1163	164237.0	0.7081230173468829
chr1	33	1167	162449.0	0.7183793067362679
chr1	34	1105	160604.0	0.6880276954496775
chr1	35	1169	158687.0	0.736670300654748
chr1	36	1262	156793.0	0.8048828710465391
chr1	37	1014	154989.0	0.6542399783210421
chr1	38	1133	153183.0	0.7396382105063878
chr1	39	1119	151308.0	0.7395511142834483
chr1	40	960	149472.0	0.6422607578676942
chr1	41	1027	147578.0	0.69590318340132
chr1	42	1131	145756.0	0.7759543346414556
chr1	43	984	143900.0	0.6838082001389854
chr1	44	946	142020.0	0.6661033657231376
chr1	45	1095	140079.0	0.7817017540102371
chr1	46	995	138142.0	0.720273341923528
chr1	47	994	136289.0	0.7293325213333431
chr1	48	844	134487.0	0.6275699509989814
chr1	49	935	132745.0	0.7043579795849184
chr1	50	889	130908.0	0.6791028814129006
chr1	51	825	129120.0	0.6389405204460966
chr1	52	938	127198.0	0.7374329785059514
chr1	53	877	125450.0	0.6990833001195695
chr1	54	902	123589.0	0.7298384160402624
chr1	55	924	121771.0	0.7588013566448498
chr1	56	844	119847.0	0.7042312281492236
chr1	57	961	117977.0	0.8145655509124661
chr1	58	745	116269.0	0.6407554894253842
chr1	59	885	114458.0	0.7732093868493247
chr1	60	818	112471.0	0.7272985925260733
chr1	61	879	110634.0	0.7945116329518954
chr1	62	764	108787.0	0.7022897956557309
chr1	63	891	107014.0	0.8326013418805017
chr1	64	791	105198.0	0.7519154356546702
chr1	65	725	103354.0	0.7014726087040657
chr1	66	746	101452.0	0.735323108465087
chr1	67	711	99561.0	0.7141350528821527
chr1	68	783	97741.0	0.8010967761737653
chr1	69	693	95740.0	0.7238353875078337
chr1	70	663	93886.0	0.7061755746330657
chr1	71	663	92027.0	0.7204407402175449
chr1	72	666	90269.0	0.7377948132803067
chr1	73	686	88383.0	0.7761673625018386
chr1	74	585	86499.0	0.6763083966288628
chr1	75	596	84508.0	0.7052586737350309
chr1	76	638	82778.0	0.770736185943125
chr1	77	580	80874.0	0.7171649726735415
chr1	78	575	79036.0	0.7275165747254415
chr1	79	596	77130.0	0.7727213794891741
chr1	80	574	75202.0	0.7632775724049893
chr1	81	548	73334.0	0.747265933946055
chr1	82	563	71551.0	0.7868513368087098
chr1	83	504	69743.0	0.7226531694937126
chr1	84	509	67902.0	0.7496097316721158
chr1	85	473	66033.0	0.7163085124104615
chr1	86	482	64190.0	0.7508957781585917
chr1	87	471	62378.0	0.7550739042611176
chr1	88	491	60517.0	0.8113422674620354
chr1	89	460	58712.0	0.7834854884861698
chr1	90	459	56832.0	0.807643581081081
chr1	91	430	54983.0	0.7820599094265501
chr1	92	408	53144.0	0.7677254252596718
chr1	93	398	51303.0	0.7757830926066702
chr1	94	388	49491.0	0.7839809258248974
chr1	95	405	47704.0	0.848985410028509
chr1	96	411	45923.0	0.894976373494763
chr1	97	350	44021.0	0.7950750778037755
chr1	98	307	42149.0	0.7283684073168996
chr1	99	327	40370.0	0.8100074312608372
chr1	100	321	38519.0	0.8333549676782885
chr1	101	284	36691.0	0.7740317789103595
chr1	102	281	34868.0	0.8058965240334978
chr1	103	234	33007.0	0.7089405277668374
chr1	104	233	31211.0	0.7465316715260646
chr1	105	235	29403.0	0.7992381729755468
chr1	106	229	27588.0	0.8300710453820501
chr1	107	202	25776.0	0.7836747361887028
chr1	108	215	24000.0	0.8958333333333334
chr1	109	157	22183.0	0.7077491772979309
chr1	110	141	20337.0	0.6933175984658504
chr1	111	147	18549.0	0.7924955523208799
chr1	112	133	16790.0	0.7921381774865992
chr1	113	102	15030.0	0.6786427145708582
chr1	114	103	13353.0	0.7713622406949749
chr1	115	92	11555.0	0.796192124621376
chr1	116	94	9810.0	0.9582059123343527
chr1	117	60	8104.0	0.7403751233958539
chr1	118	31	6307.0	0.4915173616616458
chr1	119	20	4597.0	0.4350663476180117
chr1	120	10	2881.0	0.3471017007983339
chr1	121	2	1256.0	0.15923566878980894
chr1	122	0	0.0	nan
chr1	123	0	0.0	nan
chr1	124	0	0.0	nan
chr1	125	0	0.0	nan
chr1	126	0	0.0	nan
chr1	127	0	0.0	nan
chr1	128	0	0.0	nan
chr1	129	0	0.0	nan
chr1	130	0	0.0	nan
chr1	131	0	0.0	nan
chr1	132	0	0.0	nan
chr1	133	0	0.0	nan
chr1	134	0	0.0	nan
chr1	135	0	0.0	nan
chr1	136	0	0.0	nan
chr1	137	0	0.0	nan
chr1	138	0	0.0	nan
chr1	139	0	0.0	nan
chr1	140	0	0.0	nan
chr1	141	0	0.0	nan
chr1	142	0	0.0	nan
chr1	143	0	0.0	nan
chr1	144	0	0.0	nan
chr1	145	0	0.0	nan
chr1	146	0	0.0	nan
chr1	147	0	0.0	nan
chr1	148	0	0.0	nan
chr2	-147	0	0.0	nan
chr2	-146	0	0.0	nan
chr2	-145	0	0.0	nan
chr2	-144	0	0.0	nan
chr2	-143	0	0.0	nan
chr2	-142	0	0.0	nan
chr2	-141	0	0.0	nan
chr2	-140	0	0.0	nan
chr2	-139	0	8.0	0.0
chr2	-138	0	11.0	0.0
chr2	-137	0	13.0	0.0
chr2	-136	0	17.0	0.0
chr2	-135	0	24.0	0.0
chr2	-134	1	40.0	2.5
chr2	-133	2	522.0	0.38314176245210724
chr2	-132	1	1083.0	0.09233610341643582
chr2	-131	3	1678.0	0.17878426698450536
chr2	-130	1	2263.0	0.04418912947414936
chr2	-129	8	2907.0	0.27519779841761266
chr2	-128	7	3502.0	0.19988577955454026
chr2	-127	16	4158.0	0.3848003848003848
chr2	-126	7	4822.0	0.14516798009124846
chr2	-125	5	5474.0	0.09134088417975886
chr2	-124	17	6127.0	0.277460421086992
chr2	-123	11	6773.0	0.16240956739997048
chr2	-122	17	7425.0	0.22895622895622897
chr2	-121	22	8076.0	0.27241208519068844
chr2	-120	16	8707.0	0.1837601929482026
chr2	-119	22	9332.0	0.23574796399485642
chr2	-118	20	10002.0	0.19996000799840033
chr2	-117	37	10664.0	0.34696174043510875
chr2	-116	22	11339.0	0.1940206367404533
chr2	-115	21	11938.0	0.17590886245602277
chr2	-114	28	12570.0	0.22275258552108193
chr2	-113	23	13229.0	0.1738604580845113
chr2	-112	30	13869.0	0.2163097555699762
chr2	-111	26	14507.0	0.17922382298200867
chr2	-110	21	15188.0	0.13826705293652886
chr2	-109	26	15844.0	0.16409997475385005
chr2	-108	22	16440.0	0.13381995133819952
chr2	-107	49	17088.0	0.28675093632958804
chr2	-106	45	17701.0	0.25422292525846
chr2	-105	46	18350.0	0.2506811989100818
chr2	-104	41	19006.0	0.2157213511522677
chr2	-103	28	19629.0	0.1426460848744205
chr2	-102	47	20270.0	0.23186975826344353
chr2	-101	25	20879.0	0.11973753532257292
chr2	-100	39	21459.0	0.18174192646442053
chr2	-99	34	22080.0	0.15398550724637683
chr2	-98	38	22751.0	0.16702562524724188
chr2	-97	55	23460.0	0.23444160272804776
chr2	-96	77	24100.0	0.31950207468879666
chr2	-95	29	24734.0	0.11724751354410934
chr2	-94	47	25348.0	0.18541896796591448
chr2	-93	70	25951.0	0.2697391237331895
chr2	-92	49	26599.0	0.18421745178390164
chr2	-91	65	27287.0	0.23820867079561697
chr2	-90	74	27968.0	0.26458810068649885
chr2	-89	69	28560.0	0.2415966386554622
chr2	-88	64	29204.0	0.21914806190932748
chr2	-87	41	29846.0	0.13737184212289755
chr2	-86	70	30519.0	0.22936531341131755
chr2	-85	41	31152.0	0.13161273754494093
chr2	-84	98	31750.0	0.30866141732283464
chr2	-83	47	32363.0	0.1452275746995025
chr2	-82	55	33008.0	0.16662627241880756
chr2	-81	112	33649.0	0.33284793010193464
chr2	-80	96	34326.0	0.27967138612130743
chr2	-79	81	34942.0	0.23181271821876254
chr2	-78	68	35579.0	0.19112397762725203
chr2	-77	69	36208.0	0.1905656208572691
chr2	-76	63	36815.0	0.17112589976911585
chr2	-75	62	37485.0	0.16539949313058558
chr2	-74	75	38093.0	0.1968865670858163
chr2	-73	170	38720.0	0.4390495867768595
chr2	-72	156	39325.0	0.39669421487603307
chr2	-71	129	39923.0	0.32312200986899786
chr2	-70	68	40575.0	0.16759088108441159
chr2	-69	73	41238.0	0.17702119404432803
chr2	-68	105	41851.0	0.2508900623641012
chr2	-67	95	42508.0	0.22348734355885952
chr2	-66	86	43211.0	0.19902339682025408
chr2	-65	125	43866.0	0.28495873797474125
chr2	-64	127	44490.0	0.28545740615868737
chr2	-63	96	45130.0	0.21271881231996453
chr2	-62	120	45764.0	0.26221484136002093
chr2	-61	77	46379.0	0.16602341577006835
chr2	-60	197	47037.0	0.4188192274167145
chr2	-59	147	47700.0	0.3081761006289308
chr2	-58	159	48379.0	0.32865499493581923
chr2	-57	123	48988.0	0.2510818976075774
chr2	-56	114	49659.0	0.2295656376487646
chr2	-55	169	50328.0	0.3357971705611191
chr2	-54	110	51006.0	0.21566090263890522
chr2	-53	195	51627.0	0.37770933813702134
chr2	-52	113	52318.0	0.21598684965021597
chr2	-51	136	53017.0	0.2565214931059849
chr2	-50	111	53642.0	0.20692740762835093
chr2	-49	167	54209.0	0.30806692615617337
chr2	-48	157	54856.0	0.2862038792474843
chr2	-47	228	55543.0	0.4104927713663288
chr2	-46	156	56208.0	0.2775405636208369
chr2	-45	140	56839.0	0.24630975210682807
chr2	-44	178	57534.0	0.30938227830500226
chr2	-43	136	58159.0	0.23384170979556043
chr2	-42	194	58799.0	0.32993758397251655
chr2	-41	157	59515.0	0.26379904225825423
chr2	-40	173	60129.0	0.28771474662808294
chr2	-39	189	60741.0	0.3111572084753297
chr2	-38	184	61453.0	0.29941581371129156
chr2	-37	179	62117.0	0.28816588051580083
chr2	-36	182	62729.0	0.2901369382582219
chr2	-35	255	63377.0	0.4023541663379459
chr2	-34	166	64014.0	0.2593182741275346
chr2	-33	171	64605.0	0.2646853958671929
chr2	-32	221	65266.0	0.3386142861520547
chr2	-31	234	65920.0	0.3549757281553398
chr2	-30	163	66577.0	0.24482929540231613
chr2	-29	214	67174.0	0.3185756393842856
chr2	-28	270	67865.0	0.3978486701539822
chr2	-27	226	68505.0	0.32990292679366473
chr2	-26	186	69100.0	0.2691751085383502
chr2	-25	175	69735.0	0.2509500250950025
chr2	-24	211	70362.0	0.2998777749353344
chr2	-23	234	71000.0	0.3295774647887324
chr2	-22	152	71661.0	0.21210979472795521
chr2	-21	265	72305.0	0.3665030080907268
chr2	-20	276	72986.0	0.37815471460280053
chr2	-19	391	73557.0	0.5315605584784588
chr2	-18	213	74239.0	0.28691119223049877
chr2	-17	243	74951.0	0.3242118183880135
chr2	-16	226	75627.0	0.29883507213032384
chr2	-15	234	76220.0	0.307006035161375
chr2	-14	293	76814.0	0.3814408831723384
chr2	-13	326	77398.0	0.4211995141993333
chr2	-12	342	77996.0	0.4384840248217857
chr2	-11	289	78616.0	0.36760964689121806
chr2	-10	296	79253.0	0.37348743896130115
chr2	-9	339	79257.0	0.42772247246300016
chr2	-8	319	79276.0	0.402391644381654
chr2	-7	288	79259.0	0.36336567456061775
chr2	-6	320	79266.0	0.4037039840536927
chr2	-5	345	79243.0	0.4353696856504675
chr2	-4	386	79299.0	0.48676528077277137
chr2	-3	405	79322.0	0.5105771412722826
chr2	-2	414	79204.0	0.5227008736932479
chr2	-1	1188	78974.0	1.5042925519791324
chr2	0	1320	77488.0	1.70348957257898
chr2	1	540	77047.0	0.7008708969849572
chr2	2	543	76511.0	0.7097018729333037
chr2	3	447	75796.0	0.5897408834239274
chr2	4	514	75142.0	0.6840382209683
chr2	5	485	74489.0	0.6511028474002872
chr2	6	449	73826.0	0.6081868176523176
chr2	7	562	73194.0	0.767822499111949
chr2	8	625	72507.0	0.861985739307929
chr2	9	540	71872.0	0.7513357079252003
chr2	10	494	71190.0	0.6939176850681276
chr2	11	616	70465.0	0.8741928617043923
chr2	12	588	69825.0	0.8421052631578947
chr2	13	517	69136.0	0.7478014348530433
chr2	14	510	68480.0	0.7447429906542056
chr2	15	494	67813.0	0.7284738914367451
chr2	16	428	67152.0	0.6373600190612342
chr2	17	461	66517.0	0.6930559105191154
chr2	18	681	65790.0	1.035111719106247
chr2	19	570	65108.0	0.8754684524175216
chr2	20	502	64409.0	0.7793941840426027
chr2	21	448	63756.0	0.7026789635485288
chr2	22	460	63071.0	0.7293367791853625
chr2	23	547	62432.0	0.8761532547411583
chr2	24	449	61792.0	0.7266312791299845
chr2	25	402	61144.0	0.6574643464608139
chr2	26	558	60522.0	0.9219787845742045
chr2	27	532	59846.0	0.888948300638305
chr2	28	432	59160.0	0.7302231237322515
chr2	29	402	58592.0	0.6861004915346804
chr2	30	466	57939.0	0.8042941714561868
chr2	31	447	57363.0	0.7792479472830919
chr2	32	397	56767.0	0.6993499744569909
chr2	33	403	56109.0	0.7182448448555491
chr2	34	499	55427.0	0.9002832554531185
chr2	35	397	54726.0	0.7254321529072105
chr2	36	383	54112.0	0.7077912477823773
chr2	37	428	53468.0	0.8004787910525921
chr2	38	431	52847.0	0.8155619051223343
chr2	39	399	52243.0	0.7637386826943322
chr2	40	365	51623.0	0.7070491835034771
chr2	41	449	50893.0	0.8822431375631226
chr2	42	374	50248.0	0.7443082311733801
chr2	43	387	49652.0	0.7794247965842261
chr2	44	386	49040.0	0.7871125611745513
chr2	45	449	48359.0	0.9284724663454579
chr2	46	374	47679.0	0.7844124247572306
chr2	47	348	47044.0	0.7397330159000085
chr2	48	374	46452.0	0.8051321794540602
chr2	49	371	45843.0	0.8092838601313178
chr2	50	357	45222.0	0.7894387687408784
chr2	51	302	44618.0	0.6768568739073917
chr2	52	346	43897.0	0.7882087614187757
chr2	53	253	43295.0	0.5843630904261462
chr2	54	367	42702.0	0.8594445225048007
chr2	55	313	42084.0	0.7437505940499953
chr2	56	329	41439.0	0.7939380776563141
chr2	57	322	40795.0	0.7893124157372228
chr2	58	369	40199.0	0.9179332819224358
chr2	59	388	39562.0	0.9807390930691067
chr2	60	316	38958.0	0.8111299348015811
chr2	61	342	38342.0	0.8919722497522299
chr2	62	303	37712.0	0.8034577853203224
chr2	63	283	37049.0	0.7638532753920483
chr2	64	305	36451.0	0.8367397327919672
chr2	65	294	35798.0	0.8212749315604223
chr2	66	290	35119.0	0.8257638315441783
chr2	67	248	34460.0	0.7196749854904236
chr2	68	275	33859.0	0.812191736318261
chr2	69	263	33217.0	0.791763253755607
chr2	70	254	32603.0	0.779069410790418
chr2	71	289	31955.0	0.9043968080112659
chr2	72	326	31286.0	1.0419996164418588
chr2	73	255	30644.0	0.8321367967628246
chr2	74	206	29997.0	0.6867353402006867
chr2	75	214	29382.0	0.7283370771220475
chr2	76	225	28746.0	0.7827175954915466
chr2	77	231	28097.0	0.8221518311563512
chr2	78	193	27438.0	0.7034040381952037
chr2	79	234	26808.0	0.8728737690241718
chr2	80	211	26156.0	0.8066982719070195
chr2	81	170	25469.0	0.6674781106443127
chr2	82	210	24856.0	0.8448664306404893
chr2	83	240	24246.0	0.989853996535511
chr2	84	168	23579.0	0.7124984096017642
chr2	85	196	22921.0	0.8551110335500196
chr2	86	144	22314.0	0.6453347674105943
chr2	87	191	21705.0	0.8799815710665746
chr2	88	190	21042.0	0.902955992776352
chr2	89	191	20432.0	0.9348081440877055
chr2	90	161	19762.0	0.8146948689403907
chr2	91	144	19077.0	0.7548356659852178
chr2	92	165	18463.0	0.8936792503926773
chr2	93	164	17855.0	0.9185102212265471
chr2	94	116	17176.0	0.6753609687936656
chr2	95	129	16517.0	0.7810135012411454
chr2	96	149	15933.0	0.935166007657064
chr2	97	104	15301.0	0.6796941376380629
chr2	98	127	14689.0	0.864592552249983
chr2	99	124	14050.0	0.8825622775800712
chr2	100	101	13439.0	0.7515440136914949
chr2	101	105	12790.0	0.8209538702111024
chr2	102	104	12117.0	0.8582982586448792
chr2	103	76	11551.0	0.6579516924941563
chr2	104	84	10899.0	0.7707129094412332
chr2	105	103	10282.0	1.001750632172729
chr2	106	69	9682.0	0.712662673001446
chr2	107	79	9068.0	0.8711954124393472
chr2	108	55	8415.0	0.6535947712418301
chr2	109	70	7782.0	0.8995116936520174
chr2	110	80	7178.0	1.1145165784341042
chr2	111	58	6543.0	0.8864435274338988
chr2	112	36	5908.0	0.6093432633716994
chr2	113	44	5269.0	0.8350730688935281
chr2	114	51	4600.0	1.1086956521739129
chr2	115	35	3965.0	0.8827238335435058
chr2	116	27	3327.0	0.8115419296663661
chr2	117	21	2733.0	0.7683863885839737
chr2	118	13	2117.0	0.6140765233821445
chr2	119	18	1557.0	1.1560693641618496
chr2	120	4	989.0	0.40444893832153694
chr2	121	5	457.0	1.0940919037199124
chr2	122	0	0.0	nan
chr2	123	0	0.0	nan
chr2	124	0	0.0	nan
chr2	125	0	0.0	nan
chr2	126	0	0.0	nan
chr2	127	0	0.0	nan
chr2	128	0	0.0	nan
chr2	129	0	0.0	nan
chr2	130	0	0.0	nan
chr2	131	0	0.0	nan
chr2	132	0	0.0	nan
chr2	133	0	0.0	nan
chr2	134	0	0.0	nan
chr2	135	0	0.0	nan
chr2	136	0	0.0	nan
chr2	137	0	0.0	nan
chr2	138	0	0.0	nan
chr2	139	0	0.0	nan
chr2	140	0	0.0	nan
chr2	141	0	0.0	nan
chr2	142	0	0.0	nan
chr2	143	0	0.0	nan
chr2	144	0	0.0	nan
chr2	145	0	0.0	nan
chr2	146	0	0.0	nan
chr13	-142	0	0.0	nan
chr13	-141	0	0.0	nan
chr13	-140	0	0.0	nan
chr13	-139	0	1.0	0.0
chr13	-138	0	1.0	0.0
chr13	-137	0	1.0	0.0
chr13	-136	0	1.0	0.0
chr13	-135	0	6.0	0.0
chr13	-134	0	11.0	0.0
chr13	-133	4	133.0	3.007518796992481
chr13	-132	0	292.0	0.0
chr13	-131	0	488.0	0.0
chr13	-130	2	662.0	0.3021148036253776
chr13	-129	1	831.0	0.12033694344163659
chr13	-128	2	975.0	0.20512820512820512
chr13	-127	6	1152.0	0.5208333333333333
chr13	-126	4	1317.0	0.30372057706909644
chr13	-125	2	1500.0	0.13333333333333333
chr13	-124	0	1662.0	0.0
chr13	-123	0	1852.0	0.0
chr13	-122	1	2023.0	0.049431537320810674
chr13	-121	13	2217.0	0.5863779882724403
chr13	-120	6	2359.0	0.2543450614667232
chr13	-119	4	2532.0	0.1579778830963665
chr13	-118	9	2679.0	0.33594624860022393
chr13	-117	2	2827.0	0.07074637424831977
chr13	-116	2	2963.0	0.06749915626054674
chr13	-115	4	3109.0	0.1286587327114828
chr13	-114	5	3268.0	0.15299877600979192
chr13	-113	15	3411.0	0.43975373790677225
chr13	-112	4	3552.0	0.11261261261261261
chr13	-111	10	3724.0	0.26852846401718583
chr13	-110	4	3896.0	0.10266940451745381
chr13	-109	9	4052.0	0.22211253701875616
chr13	-108	4	4226.0	0.09465215333648841
chr13	-107	3	4394.0	0.06827492034592626
chr13	-106	7	4592.0	0.1524390243902439
chr13	-105	22	4763.0	0.4618937644341801
chr13	-104	14	4898.0	0.28583095140873827
chr13	-103	13	5066.0	0.2566127121989736
chr13	-102	10	5227.0	0.1913143294432753
chr13	-101	11	5402.0	0.20362828582006662
chr13	-100	21	5593.0	0.37546933667083854
chr13	-99	7	5751.0	0.12171796209354896
chr13	-98	6	5897.0	0.10174665083940986
chr13	-97	17	6107.0	0.27836908465695104
chr13	-96	12	6265.0	0.19154030327214686
chr13	-95	20	6443.0	0.31041440322830977
chr13	-94	5	6624.0	0.07548309178743962
chr13	-93	8	6778.0	0.11802891708468574
chr13	-92	7	6922.0	0.10112684195319273
chr13	-91	26	7108.0	0.36578503095104103
chr13	-90	13	7282.0	0.17852238396045042
chr13	-89	7	7466.0	0.09375837128315027
chr13	-88	16	7606.0	0.2103602419142782
chr13	-87	23	7762.0	0.29631538263334195
chr13	-86	10	7926.0	0.12616704516780217
chr13	-85	21	8074.0	0.26009412930393855
chr13	-84	38	8216.0	0.4625121713729309
chr13	-83	42	8376.0	0.501432664756447
chr13	-82	51	8554.0	0.5962122983399579
chr13	-81	18	8726.0	0.20628008251203303
chr13	-80	25	8884.0	0.28140477262494373
chr13	-79	29	9071.0	0.3197001433138573
chr13	-78	46	9261.0	0.4967066191555987
chr13	-77	11	9416.0	0.11682242990654204
chr13	-76	19	9604.0	0.19783423573511036
chr13	-75	25	9757.0	0.2562262990673363
chr13	-74	35	9928.0	0.3525382755842063
chr13	-73	24	10076.0	0.23818975784041285
chr13	-72	20	10227.0	0.19556077050943582
chr13	-71	13	10386.0	0.1251684960523782
chr13	-70	42	10569.0	0.3973885892705081
chr13	-69	30	10744.0	0.27922561429635145
chr13	-68	45	10889.0	0.41326108917255944
chr13	-67	19	11024.0	0.1723512336719884
chr13	-66	14	11215.0	0.12483281319661169
chr13	-65	39	11374.0	0.34288728679444347
chr13	-64	18	11555.0	0.15577672003461704
chr13	-63	37	11737.0	0.3152423958422084
chr13	-62	9	11939.0	0.0753831979227741
chr13	-61	47	12108.0	0.38817310868847044
chr13	-60	15	12287.0	0.1220802474159681
chr13	-59	28	12449.0	0.22491766406940317
chr13	-58	22	12605.0	0.1745339151130504
chr13	-57	46	12790.0	0.3596559812353401
chr13	-56	31	12963.0	0.2391421738795032
chr13	-55	49	13147.0	0.37270860272305467
chr13	-54	29	13311.0	0.2178649237472767
chr13	-53	21	13489.0	0.15568240788790866
chr13	-52	35	13656.0	0.2562975981253662
chr13	-51	48	13826.0	0.34717199479242006
chr13	-50	15	13988.0	0.10723477266228196
chr13	-49	49	14139.0	0.34655916259990094
chr13	-48	26	14311.0	0.1816784291803508
chr13	-47	44	14478.0	0.30390937974858406
chr13	-46	24	14636.0	0.16397922929762232
chr13	-45	30	14790.0	0.2028397565922921
chr13	-44	70	14963.0	0.4678206242063757
chr13	-43	46	15128.0	0.3040719196192491
chr13	-42	33	15317.0	0.2154468890774956
chr13	-41	37	15475.0	0.23909531502423262
chr13	-40	28	15644.0	0.17898235745333674
chr13	-39	95	15823.0	0.6003918346710485
chr13	-38	62	15992.0	0.3876938469234617
chr13	-37	40	16164.0	0.24746349913387775
chr13	-36	32	16329.0	0.19597035948312816
chr13	-35	34	16482.0	0.2062856449460017
chr13	-34	127	16634.0	0.763496453047974
chr13	-33	87	16793.0	0.518073006609897
chr13	-32	77	16949.0	0.4543040887367986
chr13	-31	65	17130.0	0.37945125510799765
chr13	-30	32	17339.0	0.18455504931080224
chr13	-29	55	17497.0	0.3143396010744699
chr13	-28	40	17668.0	0.22639800769753224
chr13	-27	47	17817.0	0.26379300667901445
chr13	-26	37	17964.0	0.2059674905366288
chr13	-25	70	18139.0	0.38590881525993714
chr13	-24	55	18284.0	0.30080945088602057
chr13	-23	62	18432.0	0.3363715277777778
chr13	-22	45	18613.0	0.24176650727985816
chr13	-21	47	18799.0	0.2500132985797117
chr13	-20	55	18969.0	0.28994675523222097
chr13	-19	41	19139.0	0.21422226866607452
chr13	-18	60	19283.0	0.31115490328268425
chr13	-17	68	19431.0	0.3499562554680665
chr13	-16	53	19608.0	0.2702978376172991
chr13	-15	70	19734.0	0.3547177460220938
chr13	-14	82	19898.0	0.41210171876570506
chr13	-13	67	20092.0	0.33346605614174796
chr13	-12	57	20230.0	0.28175976272862086
chr13	-11	106	20428.0	0.5188956334442921
chr13	-10	120	20572.0	0.5833171300797201
chr13	-9	63	20574.0	0.30621172353455817
chr13	-8	140	20542.0	0.6815305228312726
chr13	-7	92	20556.0	0.44755789064020235
chr13	-6	75	20573.0	0.3645554853448695
chr13	-5	111	20579.0	0.5393848097575198
chr13	-4	71	20560.0	0.3453307392996109
chr13	-3	149	20565.0	0.724531971796742
chr13	-2	105	20570.0	0.5104521147301896
chr13	-1	188	20486.0	0.9176998926095871
chr13	0	204	20035.0	1.0182181182929873
chr13	1	114	19943.0	0.5716291430577145
chr13	2	116	19737.0	0.5877286315042812
chr13	3	90	19612.0	0.4589027126249235
chr13	4	133	19461.0	0.6834181182878578
chr13	5	137	19286.0	0.7103598465207922
chr13	6	140	19078.0	0.7338295418807003
chr13	7	156	18888.0	0.8259212198221092
chr13	8	135	18752.0	0.7199232081911263
chr13	9	166	18564.0	0.8942038353803059
chr13	10	146	18381.0	0.7942984603666831
chr13	11	118	18186.0	0.6488507643242054
chr13	12	117	18019.0	0.6493146123536268
chr13	13	127	17837.0	0.7120031395414027
chr13	14	131	17707.0	0.7398204100073418
chr13	15	112	17576.0	0.6372325898953117
chr13	16	106	17432.0	0.6080770995869664
chr13	17	125	17268.0	0.723882325689136
chr13	18	80	17114.0	0.4674535468037864
chr13	19	120	16962.0	0.7074637424831978
chr13	20	100	16823.0	0.5944243000653867
chr13	21	113	16660.0	0.6782713085234093
chr13	22	127	16498.0	0.7697902776094072
chr13	23	111	16336.0	0.6794809010773751
chr13	24	107	16162.0	0.6620467763890607
chr13	25	97	15975.0	0.6071987480438185
chr13	26	112	15777.0	0.7098941497116055
chr13	27	99	15599.0	0.6346560676966472
chr13	28	97	15463.0	0.6273038866972774
chr13	29	78	15291.0	0.5101039827349422
chr13	30	107	15128.0	0.7072977260708619
chr13	31	162	14950.0	1.0836120401337792
chr13	32	95	14768.0	0.6432827735644636
chr13	33	176	14629.0	1.2030897532298859
chr13	34	70	14465.0	0.48392671966816453
chr13	35	87	14264.0	0.6099270891755468
chr13	36	105	14093.0	0.7450507344071525
chr13	37	142	13934.0	1.0190899956939858
chr13	38	122	13748.0	0.8874018038987489
chr13	39	76	13595.0	0.5590290547995587
chr13	40	96	13421.0	0.7152969227330304
chr13	41	99	13232.0	0.748186215235792
chr13	42	102	13072.0	0.7802937576499388
chr13	43	140	12879.0	1.0870409193260346
chr13	44	66	12736.0	0.5182160804020101
chr13	45	96	12543.0	0.765367137048553
chr13	46	102	12411.0	0.8218515832729031
chr13	47	88	12269.0	0.7172548699975548
chr13	48	81	12116.0	0.6685374711125784
chr13	49	85	11966.0	0.7103459802774528
chr13	50	95	11803.0	0.8048801152249427
chr13	51	76	11618.0	0.6541573420554312
chr13	52	79	11467.0	0.6889334612365919
chr13	53	82	11300.0	0.7256637168141593
chr13	54	96	11109.0	0.8641641911963273
chr13	55	83	10945.0	0.758337140246688
chr13	56	75	10768.0	0.6965081723625558
chr13	57	67	10617.0	0.6310633889045869
chr13	58	89	10451.0	0.8515931489809588
chr13	59	56	10306.0	0.5433727925480303
chr13	60	80	10145.0	0.7885657959586003
chr13	61	72	9979.0	0.7215151818819521
chr13	62	91	9813.0	0.927341281972893
chr13	63	65	9644.0	0.6739941932807963
chr13	64	89	9487.0	0.9381258564351217
chr13	65	61	9333.0	0.6535947712418301
chr13	66	52	9137.0	0.5691145890335997
chr13	67	75	8981.0	0.8350963144415989
chr13	68	77	8803.0	0.874701806202431
chr13	69	76	8616.0	0.8820798514391829
chr13	70	38	8419.0	0.45136001900463235
chr13	71	75	8249.0	0.9092011152867014
chr13	72	80	8086.0	0.9893643334157805
chr13	73	62	7910.0	0.7838179519595448
chr13	74	61	7766.0	0.7854751480813804
chr13	75	63	7598.0	0.8291655698868123
chr13	76	59	7430.0	0.7940780619111709
chr13	77	56	7250.0	0.7724137931034483
chr13	78	55	7062.0	0.778816199376947
chr13	79	75	6893.0	1.0880603510808067
chr13	80	46	6718.0	0.6847275974992557
chr13	81	73	6543.0	1.1156961638392173
chr13	82	64	6388.0	1.0018785222291797
chr13	83	47	6237.0	0.7535674202340868
chr13	84	40	6068.0	0.6591957811470006
chr13	85	49	5905.0	0.8298052497883149
chr13	86	48	5735.0	0.8369659982563208
chr13	87	53	5565.0	0.9523809523809524
chr13	88	33	5390.0	0.6122448979591837
chr13	89	24	5244.0	0.4576659038901602
chr13	90	29	5073.0	0.5716538537354623
chr13	91	25	4931.0	0.5069965524234435
chr13	92	29	4754.0	0.6100126209507782
chr13	93	28	4585.0	0.6106870229007634
chr13	94	41	4427.0	0.9261350801897448
chr13	95	37	4256.0	0.869360902255639
chr13	96	31	4103.0	0.7555447233731416
chr13	97	33	3932.0	0.8392675483214649
chr13	98	23	3756.0	0.6123535676251332
chr13	99	27	3580.0	0.7541899441340782
chr13	100	21	3442.0	0.610110400929692
chr13	101	22	3258.0	0.6752608962553714
chr13	102	18	3081.0	0.5842259006815969
chr13	103	20	2943.0	0.6795786612300373
chr13	104	25	2773.0	0.9015506671474938
chr13	105	22	2619.0	0.8400152730049638
chr13	106	17	2463.0	0.6902151847340642
chr13	107	18	2327.0	0.7735281478298238
chr13	108	21	2190.0	0.9589041095890412
chr13	109	12	2048.0	0.5859375
chr13	110	15	1851.0	0.8103727714748784
chr13	111	10	1664.0	0.6009615384615385
chr13	112	12	1503.0	0.7984031936127743
chr13	113	11	1343.0	0.8190618019359642
chr13	114	12	1189.0	1.0092514718250631
chr13	115	6	1059.0	0.56657223796034
chr13	116	6	895.0	0.6703910614525139
chr13	117	6	755.0	0.7947019867549668
chr13	118	5	579.0	0.8635578583765112
chr13	119	5	419.0	1.1933174224343674
chr13	120	3	286.0	1.048951048951049
chr13	121	0	109.0	0.0
chr13	122	0	0.0	nan
chr13	123	0	0.0	nan
chr13	124	0	0.0	nan
chr13	125	0	0.0	nan
chr13	126	0	0.0	nan
chr13	127	0	0.0	nan
chr13	128	0	0.0	nan
chr13	129	0	0.0	nan
chr13	130	0	0.0	nan
chr13	131	0	0.0	nan
chr13	132	0	0.0	nan
chr13	133	0	0.0	nan
chr13	134	0	0.0	nan
chr13	135	0	0.0	nan
chr13	136	0	0.0	nan
chr13	137	0	0.0	nan
chr13	138	0	0.0	nan
chr13	139	0	0.0	nan
chr13	140	0	0.0	nan
chr13	141	0	0.0	nan
chr14	-148	0	0.0	nan
chr14	-147	0	0.0	nan
chr14	-146	0	0.0	nan
chr14	-145	0	0.0	nan
chr14	-144	0	0.0	nan
chr14	-143	0	0.0	nan
chr14	-142	0	0.0	nan
chr14	-141	0	0.0	nan
chr14	-140	0	0.0	nan
chr14	-139	0	3.0	0.0
chr14	-138	0	3.0	0.0
chr14	-137	0	3.0	0.0
chr14	-136	0	3.0	0.0
chr14	-135	0	4.0	0.0
chr14	-134	0	9.0	0.0
chr14	-133	1	102.0	0.9803921568627451
chr14	-132	1	230.0	0.43478260869565216
chr14	-131	3	368.0	0.8152173913043478
chr14	-130	3	490.0	0.6122448979591837
chr14	-129	0	599.0	0.0
chr14	-128	1	705.0	0.14184397163120568
chr14	-127	1	801.0	0.12484394506866417
chr14	-126	3	899.0	0.33370411568409347
chr14	-125	4	1032.0	0.3875968992248062
chr14	-124	0	1139.0	0.0
chr14	-123	0	1241.0	0.0
chr14	-122	0	1362.0	0.0
chr14	-121	3	1477.0	0.2031144211238998
chr14	-120	1	1601.0	0.06246096189881324
chr14	-119	0	1706.0	0.0
chr14	-118	5	1837.0	0.2721829069134458
chr14	-117	5	1958.0	0.2553626149131767
chr14	-116	3	2072.0	0.14478764478764478
chr14	-115	2	2209.0	0.09053870529651425
chr14	-114	5	2346.0	0.2131287297527707
chr14	-113	3	2455.0	0.12219959266802445
chr14	-112	12	2550.0	0.4705882352941176
chr14	-111	4	2667.0	0.14998125234345708
chr14	-110	2	2792.0	0.07163323782234957
chr14	-109	11	2905.0	0.37865748709122204
chr14	-108	5	3020.0	0.16556291390728478
chr14	-107	6	3145.0	0.19077901430842606
chr14	-106	2	3260.0	0.06134969325153375
chr14	-105	2	3355.0	0.05961251862891207
chr14	-104	5	3487.0	0.14338973329509608
chr14	-103	9	3587.0	0.25090604962364094
chr14	-102	10	3673.0	0.2722570106180234
chr14	-101	11	3783.0	0.2907745175786413
chr14	-100	5	3902.0	0.12813941568426446
chr14	-99	14	4017.0	0.34851879512073686
chr14	-98	13	4150.0	0.3132530120481927
chr14	-97	12	4260.0	0.28169014084507044
chr14	-96	9	4383.0	0.20533880903490762
chr14	-95	20	4514.0	0.4430660168365086
chr14	-94	9	4620.0	0.19480519480519481
chr14	-93	11	4743.0	0.23192072527935906
chr14	-92	12	4862.0	0.24681201151789386
chr14	-91	23	4957.0	0.4639903167238249
chr14	-90	17	5076.0	0.33490937746256894
chr14	-89	7	5186.0	0.1349787890474354
chr14	-88	16	5289.0	0.3025146530535073
chr14	-87	9	5395.0	0.16682113067655235
chr14	-86	5	5493.0	0.09102494083378845
chr14	-85	12	5608.0	0.21398002853067047
chr14	-84	26	5748.0	0.4523312456506611
chr14	-83	11	5879.0	0.18710665079095085
chr14	-82	14	5988.0	0.23380093520374082
chr14	-81	14	6125.0	0.2285714285714286
chr14	-80	6	6251.0	0.09598464245720685
chr14	-79	19	6344.0	0.2994955863808323
chr14	-78	16	6428.0	0.24891101431238333
chr14	-77	5	6537.0	0.07648768548263729
chr14	-76	10	6670.0	0.14992503748125938
chr14	-75	5	6800.0	0.07352941176470588
chr14	-74	18	6906.0	0.26064291920069504
chr14	-73	17	7011.0	0.24247610897161603
chr14	-72	8	7123.0	0.11231222799382283
chr14	-71	31	7250.0	0.42758620689655175
chr14	-70	15	7364.0	0.20369364475828355
chr14	-69	20	7497.0	0.26677337601707346
chr14	-68	8	7594.0	0.10534632604687912
chr14	-67	14	7724.0	0.18125323666494045
chr14	-66	16	7831.0	0.2043161792874473
chr14	-65	4	7932.0	0.05042864346949068
chr14	-64	11	8025.0	0.1370716510903427
chr14	-63	8	8145.0	0.09821976672805402
chr14	-62	17	8264.0	0.20571151984511132
chr14	-61	43	8368.0	0.5138623326959847
chr14	-60	16	8493.0	0.18839043918521134
chr14	-59	30	8595.0	0.34904013961605584
chr14	-58	11	8734.0	0.12594458438287154
chr14	-57	14	8849.0	0.15820996722793534
chr14	-56	30	8978.0	0.3341501447983961
chr14	-55	9	9099.0	0.09891196834817012
chr14	-54	30	9206.0	0.325874429719748
chr14	-53	35	9320.0	0.37553648068669526
chr14	-52	9	9450.0	0.09523809523809523
chr14	-51	18	9580.0	0.18789144050104384
chr14	-50	42	9693.0	0.4333023831631074
chr14	-49	29	9800.0	0.29591836734693877
chr14	-48	18	9928.0	0.18130539887187752
chr14	-47	39	10042.0	0.3883688508265286
chr14	-46	24	10143.0	0.23661638568470864
chr14	-45	27	10260.0	0.2631578947368421
chr14	-44	20	10391.0	0.192474256568184
chr14	-43	22	10499.0	0.20954376607295933
chr14	-42	43	10630.0	0.4045155221072436
chr14	-41	10	10759.0	0.09294544102611767
chr14	-40	29	10894.0	0.2662015788507435
chr14	-39	28	11002.0	0.2544991819669151
chr14	-38	23	11088.0	0.20743145743145744
chr14	-37	18	11192.0	0.16082916368834882
chr14	-36	26	11312.0	0.22984441301272984
chr14	-35	46	11423.0	0.402696314453296
chr14	-34	25	11534.0	0.21675047685104906
chr14	-33	18	11640.0	0.15463917525773196
chr14	-32	18	11721.0	0.15357051446122344
chr14	-31	18	11838.0	0.15205271160669032
chr14	-30	63	11966.0	0.5264917265585827
chr14	-29	41	12077.0	0.33948828351411775
chr14	-28	52	12205.0	0.42605489553461695
chr14	-27	67	12300.0	0.5447154471544715
chr14	-26	22	12417.0	0.17717645163888218
chr14	-25	21	12540.0	0.1674641148325359
chr14	-24	23	12656.0	0.18173198482932998
chr14	-23	61	12773.0	0.4775698739528694
chr14	-22	36	12918.0	0.27868091035764053
chr14	-21	34	13037.0	0.26079619544373706
chr14	-20	62	13182.0	0.4703383401608254
chr14	-19	47	13292.0	0.3535961480589829
chr14	-18	77	13396.0	0.5747984472977008
chr14	-17	48	13518.0	0.35508211273857077
chr14	-16	27	13656.0	0.19771528998242532
chr14	-15	50	13765.0	0.3632401017072285
chr14	-14	58	13886.0	0.41768687887080513
chr14	-13	47	13982.0	0.3361464740380489
chr14	-12	65	14098.0	0.4610583061427153
chr14	-11	36	14229.0	0.2530044275774826
chr14	-10	90	14339.0	0.6276588325545714
chr14	-9	57	14324.0	0.39793353811784415
chr14	-8	63	14338.0	0.43939182591714326
chr14	-7	59	14339.0	0.41146523467466345
chr14	-6	82	14338.0	0.5719068210350118
chr14	-5	52	14321.0	0.36310313525591786
chr14	-4	71	14304.0	0.49636465324384793
chr14	-3	90	14319.0	0.6285355122564426
chr14	-2	139	14310.0	0.9713487071977637
chr14	-1	220	14243.0	1.5446184090430388
chr14	0	194	13922.0	1.3934779485706077
chr14	1	151	13843.0	1.0908040164704182
chr14	2	99	13739.0	0.7205764611689351
chr14	3	84	13615.0	0.6169665809768637
chr14	4	78	13522.0	0.5768377458955776
chr14	5	88	13436.0	0.6549568323905924
chr14	6	107	13330.0	0.8027006751687922
chr14	7	92	13195.0	0.6972338006820765
chr14	8	84	13078.0	0.6423000458785747
chr14	9	101	12988.0	0.7776408992916538
chr14	10	78	12855.0	0.6067677946324388
chr14	11	93	12736.0	0.730213567839196
chr14	12	100	12617.0	0.792581437742728
chr14	13	96	12515.0	0.7670795045944866
chr14	14	96	12363.0	0.7765105556903664
chr14	15	70	12242.0	0.5718019931383761
chr14	16	94	12121.0	0.7755135714875011
chr14	17	100	11987.0	0.8342370901810294
chr14	18	85	11860.0	0.7166947723440135
chr14	19	123	11733.0	1.048325236512401
chr14	20	78	11639.0	0.6701606667239454
chr14	21	81	11525.0	0.7028199566160521
chr14	22	103	11370.0	0.9058927000879508
chr14	23	82	11277.0	0.7271437439035204
chr14	24	66	11155.0	0.5916629314208874
chr14	25	54	11029.0	0.48961827908241906
chr14	26	83	10920.0	0.76007326007326
chr14	27	85	10831.0	0.7847844151047919
chr14	28	87	10723.0	0.811340110043831
chr14	29	115	10616.0	1.0832705350414469
chr14	30	65	10502.0	0.6189297276709198
chr14	31	90	10388.0	0.8663842895648826
chr14	32	47	10279.0	0.4572429224632747
chr14	33	77	10159.0	0.7579486169898613
chr14	34	80	10045.0	0.7964161274265804
chr14	35	61	9932.0	0.6141763995167137
chr14	36	55	9810.0	0.5606523955147809
chr14	37	70	9680.0	0.7231404958677686
chr14	38	48	9557.0	0.502249659935126
chr14	39	61	9442.0	0.646049565769964
chr14	40	49	9313.0	0.5261462471813594
chr14	41	70	9231.0	0.7583143754739465
chr14	42	65	9112.0	0.7133450395083406
chr14	43	58	8996.0	0.6447309915518008
chr14	44	57	8902.0	0.6403055493147607
chr14	45	61	8799.0	0.693260597795204
chr14	46	84	8678.0	0.9679649688868404
chr14	47	56	8577.0	0.6529089425206949
chr14	48	48	8437.0	0.5689226028209079
chr14	49	64	8303.0	0.7708057328676382
chr14	50	51	8200.0	0.6219512195121951
chr14	51	49	8074.0	0.60688630170919
chr14	52	49	7970.0	0.6148055207026348
chr14	53	56	7878.0	0.7108403148007109
chr14	54	56	7778.0	0.7199794291591669
chr14	55	66	7673.0	0.8601589990877102
chr14	56	39	7540.0	0.5172413793103449
chr14	57	48	7416.0	0.6472491909385114
chr14	58	48	7300.0	0.6575342465753425
chr14	59	56	7180.0	0.7799442896935933
chr14	60	45	7072.0	0.6363122171945701
chr14	61	51	6960.0	0.7327586206896551
chr14	62	45	6842.0	0.6577024261911721
chr14	63	38	6700.0	0.5671641791044777
chr14	64	35	6595.0	0.530705079605762
chr14	65	58	6470.0	0.8964451313755796
chr14	66	48	6376.0	0.7528230865746549
chr14	67	33	6281.0	0.5253940455341506
chr14	68	44	6162.0	0.7140538786108407
chr14	69	54	6073.0	0.8891816235797793
chr14	70	47	5961.0	0.7884583123636975
chr14	71	44	5850.0	0.7521367521367521
chr14	72	42	5745.0	0.7310704960835509
chr14	73	41	5622.0	0.7292778370686589
chr14	74	57	5494.0	1.0374954495813615
chr14	75	20	5373.0	0.3722315280104225
chr14	76	30	5234.0	0.573175391669851
chr14	77	36	5138.0	0.7006617360840794
chr14	78	44	5018.0	0.876843363889996
chr14	79	41	4905.0	0.835881753312946
chr14	80	38	4779.0	0.7951454279137895
chr14	81	25	4663.0	0.5361355350632641
chr14	82	24	4554.0	0.5270092226613966
chr14	83	44	4437.0	0.9916610322289835
chr14	84	33	4309.0	0.7658389417498259
chr14	85	28	4196.0	0.667302192564347
chr14	86	30	4096.0	0.732421875
chr14	87	30	3972.0	0.7552870090634441
chr14	88	33	3841.0	0.8591512626920073
chr14	89	33	3738.0	0.8828250401284109
chr14	90	41	3621.0	1.132283899475283
chr14	91	30	3474.0	0.8635578583765112
chr14	92	27	3343.0	0.8076577924020341
chr14	93	32	3254.0	0.9834050399508296
chr14	94	26	3162.0	0.8222643896268185
chr14	95	22	3065.0	0.7177814029363785
chr14	96	28	2946.0	0.9504412763068567
chr14	97	22	2832.0	0.7768361581920904
chr14	98	28	2716.0	1.0309278350515463
chr14	99	15	2616.0	0.573394495412844
chr14	100	23	2516.0	0.9141494435612083
chr14	101	30	2392.0	1.254180602006689
chr14	102	16	2285.0	0.700218818380744
chr14	103	13	2178.0	0.5968778696051423
chr14	104	12	2064.0	0.5813953488372093
chr14	105	19	1953.0	0.9728622631848439
chr14	106	19	1838.0	1.0337323177366704
chr14	107	15	1719.0	0.8726003490401396
chr14	108	14	1611.0	0.8690254500310366
chr14	109	14	1479.0	0.9465855307640297
chr14	110	20	1346.0	1.4858841010401187
chr14	111	16	1234.0	1.2965964343598055
chr14	112	9	1094.0	0.8226691042047531
chr14	113	6	982.0	0.6109979633401221
chr14	114	6	881.0	0.681044267877412
chr14	115	6	752.0	0.7978723404255319
chr14	116	4	626.0	0.6389776357827476
chr14	117	1	508.0	0.19685039370078738
chr14	118	2	406.0	0.49261083743842365
chr14	119	2	294.0	0.6802721088435374
chr14	120	0	197.0	0.0
chr14	121	1	78.0	1.282051282051282
chr14	122	0	0.0	nan
chr14	123	0	0.0	nan
chr14	124	0	0.0	nan
chr14	125	0	0.0	nan
chr14	126	0	0.0	nan
chr14	127	0	0.0	nan
chr14	128	0	0.0	nan
chr14	129	0	0.0	nan
chr14	130	0	0.0	nan
chr14	131	0	0.0	nan
chr14	132	0	0.0	nan
chr14	133	0	0.0	nan
chr14	134	0	0.0	nan
chr15	-138	0	2.0	0.0
chr15	-137	0	2.0	0.0
chr15	-136	0	2.0	0.0
chr15	-135	0	6.0	0.0
chr15	-134	4	17.0	23.52941176470588
chr15	-133	3	195.0	1.5384615384615385
chr15	-132	2	434.0	0.4608294930875576
chr15	-131	0	641.0	0.0
chr15	-130	2	891.0	0.22446689113355783
chr15	-129	3	1123.0	0.26714158504007124
chr15	-128	1	1426.0	0.07012622720897616
chr15	-127	3	1725.0	0.17391304347826086
chr15	-126	9	1964.0	0.45824847250509165
chr15	-125	2	2186.0	0.09149130832570906
chr15	-124	6	2461.0	0.24380333197887039
chr15	-123	4	2760.0	0.14492753623188406
chr15	-122	5	3004.0	0.16644474034620504
chr15	-121	4	3298.0	0.1212856276531231
chr15	-120	2	3541.0	0.05648121999435188
chr15	-119	5	3768.0	0.1326963906581741
chr15	-118	2	4006.0	0.04992511233150275
chr15	-117	8	4275.0	0.18713450292397663
chr15	-116	8	4544.0	0.17605633802816903
chr15	-115	10	4821.0	0.20742584526031943
chr15	-114	8	5100.0	0.1568627450980392
chr15	-113	13	5357.0	0.24267313795034534
chr15	-112	10	5596.0	0.17869907076483202
chr15	-111	13	5860.0	0.2218430034129693
chr15	-110	12	6147.0	0.19521717911176184
chr15	-109	19	6418.0	0.29604238080398876
chr15	-108	8	6704.0	0.11933174224343676
chr15	-107	10	7003.0	0.14279594459517347
chr15	-106	31	7279.0	0.4258826761917846
chr15	-105	14	7501.0	0.1866417810958539
chr15	-104	20	7793.0	0.25664057487488773
chr15	-103	28	8068.0	0.34705007436787305
chr15	-102	17	8344.0	0.2037392138063279
chr15	-101	25	8610.0	0.29036004645760743
chr15	-100	27	8861.0	0.30470601512244666
chr15	-99	22	9132.0	0.24091108190976784
chr15	-98	17	9394.0	0.18096657440919736
chr15	-97	20	9641.0	0.20744736023234106
chr15	-96	9	9881.0	0.09108389839085113
chr15	-95	35	10167.0	0.34425100816366677
chr15	-94	35	10476.0	0.3340969835815197
chr15	-93	30	10738.0	0.2793816353138387
chr15	-92	28	10992.0	0.2547307132459971
chr15	-91	27	11248.0	0.24004267425320058
chr15	-90	24	11528.0	0.2081887578070784
chr15	-89	30	11792.0	0.2544097693351425
chr15	-88	22	12063.0	0.18237586006797646
chr15	-87	27	12349.0	0.21864118552109482
chr15	-86	37	12626.0	0.29304609535878345
chr15	-85	32	12902.0	0.24802356223841263
chr15	-84	28	13162.0	0.21273362710834218
chr15	-83	62	13398.0	0.4627556351694283
chr15	-82	42	13669.0	0.3072646133586948
chr15	-81	36	13921.0	0.2586021119172473
chr15	-80	20	14182.0	0.14102383302778168
chr15	-79	31	14490.0	0.2139406487232574
chr15	-78	26	14751.0	0.17625923666192123
chr15	-77	25	15005.0	0.16661112962345886
chr15	-76	25	15253.0	0.1639021831770799
chr15	-75	42	15512.0	0.2707581227436823
chr15	-74	25	15774.0	0.1584886522125016
chr15	-73	52	16041.0	0.3241693161274235
chr15	-72	34	16295.0	0.2086529610309911
chr15	-71	29	16573.0	0.17498340674591203
chr15	-70	46	16838.0	0.2731915904501722
chr15	-69	17	17101.0	0.0994093912636688
chr15	-68	18	17352.0	0.1037344398340249
chr15	-67	36	17603.0	0.20451059478497985
chr15	-66	39	17870.0	0.21824286513710128
chr15	-65	76	18148.0	0.4187789288075821
chr15	-64	53	18478.0	0.28682757874228815
chr15	-63	40	18739.0	0.21345856235658253
chr15	-62	31	18982.0	0.16331261194816143
chr15	-61	12	19226.0	0.062415479038801625
chr15	-60	32	19489.0	0.16419518702858021
chr15	-59	63	19770.0	0.3186646433990895
chr15	-58	35	20045.0	0.1746071339486156
chr15	-57	104	20315.0	0.5119369923701698
chr15	-56	62	20588.0	0.30114629881484356
chr15	-55	31	20863.0	0.1485884101040119
chr15	-54	54	21132.0	0.2555366269165247
chr15	-53	57	21427.0	0.2660195080972605
chr15	-52	105	21707.0	0.4837149306675266
chr15	-51	62	22004.0	0.2817669514633703
chr15	-50	46	22283.0	0.20643539918323386
chr15	-49	64	22557.0	0.28372567274016935
chr15	-48	37	22833.0	0.16204616125782859
chr15	-47	80	23060.0	0.3469210754553339
chr15	-46	85	23348.0	0.3640568785334932
chr15	-45	52	23636.0	0.22000338466745645
chr15	-44	68	23905.0	0.2844593181342815
chr15	-43	41	24147.0	0.16979334907027788
chr15	-42	42	24418.0	0.1720042591530838
chr15	-41	49	24696.0	0.1984126984126984
chr15	-40	65	24933.0	0.26069867244214495
chr15	-39	87	25201.0	0.34522439585730724
chr15	-38	86	25483.0	0.3374798885531531
chr15	-37	42	25727.0	0.16325261398530727
chr15	-36	85	26048.0	0.32632063882063883
chr15	-35	48	26257.0	0.18280839395208895
chr15	-34	47	26544.0	0.17706449668474986
chr15	-33	65	26803.0	0.24251016677237625
chr15	-32	55	27027.0	0.20350020350020348
chr15	-31	62	27318.0	0.22695658540156674
chr15	-30	77	27577.0	0.2792181890706023
chr15	-29	93	27842.0	0.33402772789311114
chr15	-28	116	28074.0	0.41319370235805375
chr15	-27	85	28363.0	0.29968621090857805
chr15	-26	86	28628.0	0.30040519770853713
chr15	-25	94	28964.0	0.3245408092804861
chr15	-24	95	29230.0	0.3250085528566541
chr15	-23	119	29470.0	0.40380047505938244
chr15	-22	64	29713.0	0.2153939353145088
chr15	-21	100	29974.0	0.3336224728097685
chr15	-20	82	30236.0	0.27119989416589496
chr15	-19	87	30560.0	0.2846858638743456
chr15	-18	103	30847.0	0.3339060524524265
chr15	-17	133	31094.0	0.42773525438991444
chr15	-16	115	31362.0	0.366685798099611
chr15	-15	87	31598.0	0.27533388189125896
chr15	-14	161	31868.0	0.5052089870716706
chr15	-13	113	32107.0	0.35194817329554307
chr15	-12	96	32388.0	0.29640607632456467
chr15	-11	134	32634.0	0.410614696328982
chr15	-10	126	32922.0	0.38272279934390374
chr15	-9	122	32923.0	0.3705616134617137
chr15	-8	173	32922.0	0.5254844784642488
chr15	-7	162	32925.0	0.49202733485193617
chr15	-6	223	32925.0	0.677296886864085
chr15	-5	141	32926.0	0.4282330073498148
chr15	-4	154	32899.0	0.4680993343262713
chr15	-3	168	32890.0	0.5107935542718152
chr15	-2	206	32882.0	0.6264825740526732
chr15	-1	418	32867.0	1.2717923753308789
chr15	0	514	32158.0	1.5983581068474406
chr15	1	287	31954.0	0.898166113788571
chr15	2	212	31669.0	0.6694243582051849
chr15	3	233	31456.0	0.7407171922685656
chr15	4	188	31201.0	0.6025447902310823
chr15	5	215	30898.0	0.6958379183118648
chr15	6	227	30675.0	0.7400162999185004
chr15	7	280	30431.0	0.9201143570700929
chr15	8	223	30149.0	0.7396596902053136
chr15	9	236	29837.0	0.7909642390320742
chr15	10	208	29588.0	0.7029876977152899
chr15	11	193	29287.0	0.658995458735958
chr15	12	240	28986.0	0.8279859242392879
chr15	13	247	28778.0	0.8582945305441656
chr15	14	219	28491.0	0.76866378856481
chr15	15	227	28246.0	0.803653614671104
chr15	16	241	27957.0	0.8620381299853347
chr15	17	192	27659.0	0.6941682634947034
chr15	18	218	27372.0	0.7964343124360661
chr15	19	227	27113.0	0.8372367498985727
chr15	20	240	26856.0	0.8936550491510277
chr15	21	198	26577.0	0.7450050795800881
chr15	22	260	26258.0	0.9901744230329804
chr15	23	174	25997.0	0.6693079970765857
chr15	24	181	25699.0	0.7043075606054711
chr15	25	217	25406.0	0.8541289459182869
chr15	26	206	25137.0	0.819509090185782
chr15	27	221	24904.0	0.8874076453581754
chr15	28	195	24621.0	0.792006823443402
chr15	29	149	24364.0	0.6115580364472172
chr15	30	164	24070.0	0.6813460739509762
chr15	31	143	23812.0	0.600537544095414
chr15	32	160	23555.0	0.6792613033326258
chr15	33	186	23279.0	0.7990033936165643
chr15	34	161	22998.0	0.7000608748586833
chr15	35	180	22801.0	0.7894390596903644
chr15	36	172	22539.0	0.7631217001641599
chr15	37	171	22284.0	0.7673667205169629
chr15	38	171	21977.0	0.7780861810074169
chr15	39	164	21723.0	0.7549601804538968
chr15	40	131	21441.0	0.610978965533324
chr15	41	160	21174.0	0.7556437139888542
chr15	42	145	20893.0	0.6940123486335137
chr15	43	141	20627.0	0.6835700780530373
chr15	44	143	20380.0	0.7016683022571149
chr15	45	164	20091.0	0.8162858991588273
chr15	46	177	19809.0	0.8935332424655459
chr15	47	125	19557.0	0.6391573349695762
chr15	48	135	19276.0	0.7003527702842913
chr15	49	132	19036.0	0.6934229880226939
chr15	50	137	18764.0	0.7301215092730762
chr15	51	150	18497.0	0.8109423149699951
chr15	52	141	18252.0	0.7725180802103879
chr15	53	126	17979.0	0.7008176205573169
chr15	54	89	17725.0	0.5021156558533145
chr15	55	141	17500.0	0.8057142857142856
chr15	56	175	17241.0	1.0150223304912709
chr15	57	99	16948.0	0.5841397215010621
chr15	58	150	16695.0	0.8984725965858041
chr15	59	121	16426.0	0.736637038840862
chr15	60	124	16171.0	0.766804773978109
chr15	61	118	15900.0	0.7421383647798742
chr15	62	116	15649.0	0.741261422455109
chr15	63	139	15389.0	0.9032425758658782
chr15	64	149	15138.0	0.9842779759545515
chr15	65	106	14883.0	0.7122219982530404
chr15	66	135	14602.0	0.9245308861799754
chr15	67	103	14319.0	0.7193239751379287
chr15	68	96	14000.0	0.6857142857142857
chr15	69	131	13761.0	0.951965700167139
chr15	70	97	13520.0	0.7174556213017751
chr15	71	101	13266.0	0.7613447911955374
chr15	72	104	13005.0	0.7996924259900038
chr15	73	111	12760.0	0.8699059561128526
chr15	74	111	12501.0	0.8879289656827454
chr15	75	98	12213.0	0.8024236469335955
chr15	76	88	11909.0	0.7389369384499118
chr15	77	91	11644.0	0.7815183785640674
chr15	78	124	11395.0	1.0881965774462483
chr15	79	89	11086.0	0.8028143604546274
chr15	80	117	10825.0	1.0808314087759814
chr15	81	80	10552.0	0.7581501137225171
chr15	82	98	10280.0	0.953307392996109
chr15	83	107	10006.0	1.0693583849690187
chr15	84	76	9737.0	0.7805278833316216
chr15	85	86	9492.0	0.9060261272650654
chr15	86	86	9220.0	0.9327548806941431
chr15	87	67	8941.0	0.749356895201879
chr15	88	67	8669.0	0.7728688430038066
chr15	89	73	8432.0	0.8657495256166983
chr15	90	63	8172.0	0.7709251101321586
chr15	91	68	7932.0	0.8572869389813415
chr15	92	78	7704.0	1.0124610591900312
chr15	93	77	7414.0	1.0385756676557862
chr15	94	49	7134.0	0.686851696103168
chr15	95	57	6866.0	0.8301776871540927
chr15	96	33	6583.0	0.5012912046179554
chr15	97	62	6339.0	0.9780722511437134
chr15	98	40	6103.0	0.6554153694904146
chr15	99	55	5847.0	0.9406533264922183
chr15	100	55	5602.0	0.9817922170653338
chr15	101	42	5336.0	0.7871064467766117
chr15	102	29	5056.0	0.5735759493670887
chr15	103	48	4823.0	0.9952311839104291
chr15	104	37	4585.0	0.806979280261723
chr15	105	31	4308.0	0.7195914577530177
chr15	106	32	4043.0	0.7914914667326243
chr15	107	32	3737.0	0.8563018464008563
chr15	108	30	3486.0	0.8605851979345954
chr15	109	30	3238.0	0.9264978381717109
chr15	110	20	3003.0	0.666000666000666
chr15	111	22	2766.0	0.7953723788864787
chr15	112	14	2487.0	0.5629272215520708
chr15	113	14	2203.0	0.6354970494779846
chr15	114	16	1946.0	0.8221993833504625
chr15	115	12	1673.0	0.7172743574417215
chr15	116	15	1420.0	1.056338028169014
chr15	117	9	1147.0	0.7846556233653008
chr15	118	3	933.0	0.3215434083601286
chr15	119	5	658.0	0.7598784194528876
chr15	120	4	441.0	0.9070294784580499
chr15	121	3	210.0	1.4285714285714286
chr15	122	0	0.0	nan
chr15	123	0	0.0	nan
chr15	124	0	0.0	nan
chr15	125	0	0.0	nan
chr15	126	0	0.0	nan
chr15	127	0	0.0	nan
chr15	128	0	0.0	nan
chr15	129	0	0.0	nan
chr15	130	0	0.0	nan
chr15	131	0	0.0	nan
chr15	132	0	0.0	nan
chr15	133	0	0.0	nan
chr15	134	0	0.0	nan
chr15	135	0	0.0	nan
chr15	136	0	0.0	nan
chr15	137	0	0.0	nan
chr15	138	0	0.0	nan
chr15	139	0	0.0	nan
chr15	140	0	0.0	nan
chr15	141	0	0.0	nan
chr16	-141	0	0.0	nan
chr16	-140	0	0.0	nan
chr16	-139	0	1.0	0.0
chr16	-138	0	1.0	0.0
chr16	-137	0	2.0	0.0
chr16	-136	0	7.0	0.0
chr16	-135	0	11.0	0.0
chr16	-134	0	17.0	0.0
chr16	-133	1	237.0	0.42194092827004215
chr16	-132	1	489.0	0.2044989775051125
chr16	-131	0	722.0	0.0
chr16	-130	2	1009.0	0.19821605550049554
chr16	-129	4	1304.0	0.3067484662576687
chr16	-128	6	1600.0	0.375
chr16	-127	1	1870.0	0.053475935828877004
chr16	-126	3	2132.0	0.14071294559099437
chr16	-125	7	2416.0	0.2897350993377483
chr16	-124	2	2692.0	0.07429420505200594
chr16	-123	3	2975.0	0.10084033613445378
chr16	-122	7	3268.0	0.21419828641370867
chr16	-121	16	3557.0	0.44981726173741915
chr16	-120	8	3862.0	0.20714655618850336
chr16	-119	11	4120.0	0.2669902912621359
chr16	-118	13	4381.0	0.2967359050445104
chr16	-117	12	4686.0	0.2560819462227913
chr16	-116	2	4998.0	0.040016006402561026
chr16	-115	6	5287.0	0.11348590883298658
chr16	-114	13	5573.0	0.2332675399246366
chr16	-113	20	5847.0	0.34205575508807934
chr16	-112	12	6163.0	0.19471036832711341
chr16	-111	10	6449.0	0.15506280043417583
chr16	-110	25	6724.0	0.37180249851279
chr16	-109	7	7029.0	0.09958742353108552
chr16	-108	14	7294.0	0.19193857965451055
chr16	-107	12	7562.0	0.15868817773075905
chr16	-106	10	7870.0	0.12706480304955528
chr16	-105	16	8150.0	0.19631901840490798
chr16	-104	18	8417.0	0.21385291671616966
chr16	-103	19	8699.0	0.21841590987469825
chr16	-102	26	9011.0	0.28853623349239815
chr16	-101	46	9301.0	0.4945704762928717
chr16	-100	16	9614.0	0.16642396505096732
chr16	-99	10	9870.0	0.10131712259371835
chr16	-98	14	10161.0	0.13778171439818915
chr16	-97	28	10515.0	0.26628625772705655
chr16	-96	16	10774.0	0.1485056617783553
chr16	-95	17	11041.0	0.15397156054705188
chr16	-94	48	11306.0	0.42455333451264815
chr16	-93	28	11573.0	0.2419424522595697
chr16	-92	19	11829.0	0.1606221996787556
chr16	-91	28	12131.0	0.2308136180034622
chr16	-90	27	12425.0	0.21730382293762576
chr16	-89	24	12675.0	0.1893491124260355
chr16	-88	35	12971.0	0.26983270372369134
chr16	-87	47	13263.0	0.35436929804719897
chr16	-86	34	13566.0	0.2506265664160401
chr16	-85	34	13839.0	0.24568249150950214
chr16	-84	42	14184.0	0.2961082910321489
chr16	-83	37	14467.0	0.2557544757033248
chr16	-82	45	14761.0	0.30485739448546845
chr16	-81	28	15082.0	0.18565177032223842
chr16	-80	23	15386.0	0.14948654621084104
chr16	-79	45	15710.0	0.2864417568427753
chr16	-78	41	15992.0	0.25637818909454724
chr16	-77	35	16236.0	0.21557033752155705
chr16	-76	50	16495.0	0.3031221582297666
chr16	-75	42	16802.0	0.24997024163790024
chr16	-74	26	17096.0	0.15208235844642023
chr16	-73	61	17361.0	0.3513622487183918
chr16	-72	25	17724.0	0.1410516813360415
chr16	-71	18	18025.0	0.09986130374479889
chr16	-70	33	18344.0	0.17989533362407326
chr16	-69	54	18644.0	0.28963741686333405
chr16	-68	54	18965.0	0.2847350382283153
chr16	-67	33	19235.0	0.17156225630361321
chr16	-66	61	19538.0	0.3122120994984134
chr16	-65	34	19829.0	0.17146603459579404
chr16	-64	81	20104.0	0.4029048945483486
chr16	-63	50	20439.0	0.24463036352072018
chr16	-62	56	20717.0	0.27030940773277984
chr16	-61	44	21010.0	0.20942408376963353
chr16	-60	22	21336.0	0.10311211098612673
chr16	-59	104	21608.0	0.4813032210292484
chr16	-58	79	21907.0	0.3606153284338339
chr16	-57	24	22212.0	0.10804970286331712
chr16	-56	83	22476.0	0.36928279053212315
chr16	-55	79	22774.0	0.3468868007376833
chr16	-54	55	23103.0	0.2380643206509977
chr16	-53	64	23400.0	0.27350427350427353
chr16	-52	45	23673.0	0.19008997592193638
chr16	-51	39	23991.0	0.16256096036013504
chr16	-50	54	24287.0	0.22234117017334376
chr16	-49	49	24566.0	0.19946267198567127
chr16	-48	58	24880.0	0.23311897106109325
chr16	-47	73	25173.0	0.28999324673261034
chr16	-46	53	25460.0	0.20816967792615867
chr16	-45	76	25779.0	0.2948136079754839
chr16	-44	80	26052.0	0.30707815138952865
chr16	-43	63	26356.0	0.2390347548945212
chr16	-42	85	26652.0	0.3189254089749362
chr16	-41	91	26905.0	0.3382270953354395
chr16	-40	103	27219.0	0.3784121385796686
chr16	-39	77	27531.0	0.2796847190439868
chr16	-38	89	27838.0	0.3197068754939292
chr16	-37	58	28130.0	0.2061855670103093
chr16	-36	69	28411.0	0.24286367956073354
chr16	-35	49	28669.0	0.17091632076458893
chr16	-34	96	29017.0	0.3308405417513871
chr16	-33	132	29287.0	0.4507119199644894
chr16	-32	113	29608.0	0.38165360713320723
chr16	-31	110	29913.0	0.36773309263530907
chr16	-30	60	30187.0	0.19876105608374467
chr16	-29	65	30481.0	0.21324759686361994
chr16	-28	91	30764.0	0.2958002860486283
chr16	-27	92	31088.0	0.2959341224909933
chr16	-26	113	31344.0	0.3605155691679428
chr16	-25	107	31639.0	0.33819020828724045
chr16	-24	142	31962.0	0.44427757962580566
chr16	-23	97	32238.0	0.30088715180842485
chr16	-22	95	32526.0	0.2920740330812273
chr16	-21	83	32861.0	0.2525790450686224
chr16	-20	121	33168.0	0.3648094548962856
chr16	-19	149	33444.0	0.4455208707092453
chr16	-18	104	33717.0	0.30844974345285764
chr16	-17	112	34008.0	0.32933427428840273
chr16	-16	118	34298.0	0.34404338445390403
chr16	-15	207	34636.0	0.5976440697540132
chr16	-14	193	34964.0	0.5519963390916371
chr16	-13	112	35254.0	0.3176944460203098
chr16	-12	151	35561.0	0.42462247968279854
chr16	-11	187	35827.0	0.5219527172244397
chr16	-10	98	36110.0	0.27139296593741347
chr16	-9	87	36109.0	0.24093716248026809
chr16	-8	146	36141.0	0.4039733266926759
chr16	-7	162	36128.0	0.4484056687333923
chr16	-6	118	36117.0	0.32671595093723177
chr16	-5	139	36106.0	0.3849775660555032
chr16	-4	186	36105.0	0.5151641046946406
chr16	-3	195	36096.0	0.5402260638297873
chr16	-2	166	36080.0	0.46008869179600886
chr16	-1	445	35924.0	1.2387261997550385
chr16	0	532	35290.0	1.5075092094077642
chr16	1	228	35181.0	0.6480770870640402
chr16	2	224	34889.0	0.6420361718593253
chr16	3	238	34601.0	0.687841391867287
chr16	4	193	34316.0	0.5624198624548316
chr16	5	210	34010.0	0.6174654513378418
chr16	6	222	33766.0	0.6574660901498549
chr16	7	247	33478.0	0.7377979568671964
chr16	8	199	33150.0	0.6003016591251885
chr16	9	172	32880.0	0.5231143552311436
chr16	10	277	32581.0	0.8501887603204321
chr16	11	246	32296.0	0.7617042358186772
chr16	12	225	31962.0	0.7039609536324386
chr16	13	306	31690.0	0.9656042915746291
chr16	14	312	31415.0	0.993156135604011
chr16	15	263	31063.0	0.8466664520490617
chr16	16	206	30764.0	0.6696138343518399
chr16	17	212	30454.0	0.6961318710185854
chr16	18	300	30166.0	0.9944971159583637
chr16	19	242	29894.0	0.809526995383689
chr16	20	203	29602.0	0.6857644753732856
chr16	21	235	29315.0	0.8016373870032407
chr16	22	239	29016.0	0.8236834849738075
chr16	23	255	28719.0	0.8879139245795467
chr16	24	238	28404.0	0.837910153499507
chr16	25	205	28111.0	0.7292518942762619
chr16	26	197	27852.0	0.7073100674996409
chr16	27	212	27556.0	0.769342429960807
chr16	28	186	27279.0	0.681843176069504
chr16	29	172	27003.0	0.636966263007814
chr16	30	198	26705.0	0.7414341883542408
chr16	31	185	26405.0	0.7006248816512024
chr16	32	285	26108.0	1.0916194269955568
chr16	33	174	25804.0	0.6743140598356844
chr16	34	162	25488.0	0.6355932203389831
chr16	35	168	25179.0	0.6672226855713094
chr16	36	190	24892.0	0.7632974449622368
chr16	37	206	24626.0	0.8365142532282953
chr16	38	187	24376.0	0.7671480144404332
chr16	39	213	24092.0	0.8841109081852897
chr16	40	220	23830.0	0.9232060428031893
chr16	41	190	23541.0	0.8071025020177561
chr16	42	176	23230.0	0.7576409814894534
chr16	43	186	22976.0	0.8095403899721447
chr16	44	172	22655.0	0.7592143014787023
chr16	45	194	22376.0	0.8670003575259205
chr16	46	189	22098.0	0.8552810209068694
chr16	47	149	21817.0	0.6829536599899161
chr16	48	166	21471.0	0.773135857668483
chr16	49	163	21183.0	0.7694849643582118
chr16	50	123	20892.0	0.5887421022400919
chr16	51	158	20574.0	0.7679595606104792
chr16	52	153	20280.0	0.7544378698224852
chr16	53	153	19976.0	0.7659191029235082
chr16	54	139	19700.0	0.7055837563451777
chr16	55	170	19461.0	0.8735419557062843
chr16	56	121	19189.0	0.6305695971650425
chr16	57	164	18890.0	0.868184224457385
chr16	58	156	18601.0	0.8386645879253803
chr16	59	121	18310.0	0.6608410704533042
chr16	60	108	17964.0	0.6012024048096193
chr16	61	145	17660.0	0.8210645526613816
chr16	62	135	17359.0	0.7776945676594273
chr16	63	162	17077.0	0.9486443754757861
chr16	64	156	16775.0	0.9299552906110283
chr16	65	137	16489.0	0.8308569349263144
chr16	66	125	16189.0	0.7721292235468528
chr16	67	156	15898.0	0.9812555038369607
chr16	68	155	15625.0	0.992
chr16	69	117	15313.0	0.7640566838633841
chr16	70	104	15016.0	0.6925945657964837
chr16	71	100	14730.0	0.6788866259334692
chr16	72	150	14402.0	1.041522010831829
chr16	73	91	14111.0	0.6448869676139182
chr16	74	155	13840.0	1.119942196531792
chr16	75	111	13542.0	0.819672131147541
chr16	76	128	13263.0	0.9650908542562014
chr16	77	103	12959.0	0.7948144146924917
chr16	78	115	12652.0	0.9089472020233955
chr16	79	101	12341.0	0.8184101774572563
chr16	80	85	12088.0	0.7031767041694242
chr16	81	121	11744.0	1.0303133514986376
chr16	82	83	11440.0	0.7255244755244755
chr16	83	122	11174.0	1.0918202971183102
chr16	84	95	10901.0	0.8714796807632328
chr16	85	90	10628.0	0.8468197214904027
chr16	86	100	10355.0	0.9657170449058425
chr16	87	100	10034.0	0.9966115208291808
chr16	88	70	9734.0	0.7191288267926854
chr16	89	68	9436.0	0.7206443408223824
chr16	90	94	9148.0	1.0275470048097943
chr16	91	67	8883.0	0.7542496904199032
chr16	92	66	8576.0	0.769589552238806
chr16	93	67	8308.0	0.8064516129032258
chr16	94	64	8014.0	0.7986024457199901
chr16	95	59	7735.0	0.7627666451195863
chr16	96	54	7458.0	0.7240547063555913
chr16	97	71	7173.0	0.9898229471629723
chr16	98	43	6843.0	0.6283793657752448
chr16	99	42	6556.0	0.6406345332519829
chr16	100	71	6252.0	1.1356365962891874
chr16	101	49	5969.0	0.8209080247947731
chr16	102	54	5688.0	0.949367088607595
chr16	103	34	5415.0	0.6278855032317636
chr16	104	37	5123.0	0.722233066562561
chr16	105	44	4811.0	0.914570775306589
chr16	106	42	4527.0	0.9277667329357191
chr16	107	32	4217.0	0.758833293810766
chr16	108	13	3940.0	0.3299492385786802
chr16	109	29	3668.0	0.7906215921483097
chr16	110	23	3385.0	0.6794682422451994
chr16	111	24	3082.0	0.7787151200519143
chr16	112	35	2803.0	1.2486621476988942
chr16	113	23	2511.0	0.9159697331740343
chr16	114	15	2237.0	0.6705409029950827
chr16	115	13	1958.0	0.6639427987742594
chr16	116	4	1663.0	0.24052916416115455
chr16	117	12	1320.0	0.9090909090909091
chr16	118	14	1019.0	1.3738959764474974
chr16	119	5	727.0	0.6877579092159559
chr16	120	3	443.0	0.6772009029345373
chr16	121	0	204.0	0.0
chr16	122	0	0.0	nan
chr16	123	0	0.0	nan
chr16	124	0	0.0	nan
chr16	125	0	0.0	nan
chr16	126	0	0.0	nan
chr16	127	0	0.0	nan
chr16	128	0	0.0	nan
chr16	129	0	0.0	nan
chr16	130	0	0.0	nan
chr16	131	0	0.0	nan
chr16	132	0	0.0	nan
chr16	133	0	0.0	nan
chr16	134	0	0.0	nan
chr16	135	0	0.0	nan
chr16	136	0	0.0	nan
chr16	137	0	0.0	nan
chr16	138	0	0.0	nan
chr17	-134	0	2.0	0.0
chr17	-133	0	37.0	0.0
chr17	-132	0	82.0	0.0
chr17	-131	0	130.0	0.0
chr17	-130	0	176.0	0.0
chr17	-129	0	235.0	0.0
chr17	-128	0	302.0	0.0
chr17	-127	1	351.0	0.2849002849002849
chr17	-126	0	421.0	0.0
chr17	-125	0	489.0	0.0
chr17	-124	1	535.0	0.1869158878504673
chr17	-123	3	588.0	0.5102040816326531
chr17	-122	2	628.0	0.3184713375796179
chr17	-121	0	690.0	0.0
chr17	-120	0	758.0	0.0
chr17	-119	2	816.0	0.24509803921568626
chr17	-118	0	871.0	0.0
chr17	-117	3	940.0	0.3191489361702127
chr17	-116	1	1000.0	0.1
chr17	-115	1	1066.0	0.09380863039399624
chr17	-114	0	1118.0	0.0
chr17	-113	2	1172.0	0.17064846416382254
chr17	-112	2	1223.0	0.1635322976287817
chr17	-111	2	1280.0	0.15625
chr17	-110	0	1328.0	0.0
chr17	-109	2	1405.0	0.1423487544483986
chr17	-108	1	1458.0	0.06858710562414265
chr17	-107	9	1522.0	0.5913272010512484
chr17	-106	0	1580.0	0.0
chr17	-105	15	1644.0	0.9124087591240875
chr17	-104	2	1689.0	0.11841326228537595
chr17	-103	0	1760.0	0.0
chr17	-102	3	1812.0	0.16556291390728478
chr17	-101	3	1881.0	0.1594896331738437
chr17	-100	3	1935.0	0.15503875968992248
chr17	-99	19	1994.0	0.9528585757271816
chr17	-98	5	2070.0	0.24154589371980675
chr17	-97	3	2130.0	0.14084507042253522
chr17	-96	3	2192.0	0.13686131386861314
chr17	-95	1	2245.0	0.044543429844097995
chr17	-94	4	2291.0	0.1745962461807071
chr17	-93	14	2362.0	0.5927180355630821
chr17	-92	3	2411.0	0.1244296972210701
chr17	-91	3	2478.0	0.12106537530266344
chr17	-90	8	2519.0	0.3175863437872171
chr17	-89	2	2573.0	0.0777302759424796
chr17	-88	11	2628.0	0.4185692541856925
chr17	-87	2	2689.0	0.07437709185570844
chr17	-86	10	2759.0	0.3624501631025734
chr17	-85	15	2830.0	0.5300353356890459
chr17	-84	8	2885.0	0.2772963604852686
chr17	-83	8	2950.0	0.2711864406779661
chr17	-82	6	3029.0	0.19808517662594916
chr17	-81	14	3089.0	0.45322110715441893
chr17	-80	6	3144.0	0.19083969465648853
chr17	-79	14	3194.0	0.4383218534752661
chr17	-78	12	3261.0	0.36798528058877644
chr17	-77	2	3324.0	0.060168471720818295
chr17	-76	3	3384.0	0.08865248226950355
chr17	-75	3	3442.0	0.08715862870424172
chr17	-74	3	3501.0	0.08568980291345331
chr17	-73	2	3557.0	0.056227157717177394
chr17	-72	5	3608.0	0.1385809312638581
chr17	-71	21	3664.0	0.5731441048034935
chr17	-70	5	3746.0	0.13347570742124934
chr17	-69	7	3805.0	0.18396846254927726
chr17	-68	8	3847.0	0.2079542500649857
chr17	-67	16	3909.0	0.40931184446149915
chr17	-66	6	3975.0	0.1509433962264151
chr17	-65	14	4019.0	0.34834535954217466
chr17	-64	28	4076.0	0.6869479882237487
chr17	-63	8	4144.0	0.19305019305019305
chr17	-62	4	4209.0	0.09503444998812069
chr17	-61	11	4266.0	0.2578527894983591
chr17	-60	6	4337.0	0.1383444777495965
chr17	-59	15	4403.0	0.34067681126504656
chr17	-58	9	4456.0	0.20197486535008974
chr17	-57	7	4524.0	0.15473032714412024
chr17	-56	47	4582.0	1.0257529463116544
chr17	-55	11	4627.0	0.23773503349902744
chr17	-54	5	4709.0	0.10617965597791462
chr17	-53	21	4770.0	0.44025157232704404
chr17	-52	10	4829.0	0.20708221163802026
chr17	-51	13	4900.0	0.2653061224489796
chr17	-50	25	4944.0	0.5056634304207119
chr17	-49	17	5000.0	0.33999999999999997
chr17	-48	6	5047.0	0.11888250445809391
chr17	-47	3	5114.0	0.05866249511145874
chr17	-46	17	5174.0	0.32856590645535366
chr17	-45	8	5229.0	0.15299292407726142
chr17	-44	5	5301.0	0.09432182607055273
chr17	-43	16	5389.0	0.29690109482278715
chr17	-42	7	5444.0	0.12858192505510654
chr17	-41	41	5512.0	0.7438316400580551
chr17	-40	12	5568.0	0.21551724137931033
chr17	-39	9	5640.0	0.15957446808510636
chr17	-38	10	5702.0	0.175377060680463
chr17	-37	18	5765.0	0.31222896790980054
chr17	-36	13	5824.0	0.2232142857142857
chr17	-35	10	5881.0	0.17003910899506888
chr17	-34	8	5936.0	0.13477088948787064
chr17	-33	12	5969.0	0.2010386999497403
chr17	-32	21	6046.0	0.3473370823685081
chr17	-31	43	6109.0	0.7038795220166967
chr17	-30	9	6158.0	0.14615134784020786
chr17	-29	14	6223.0	0.22497187851518563
chr17	-28	9	6296.0	0.14294790343074967
chr17	-27	19	6354.0	0.2990242367012905
chr17	-26	15	6413.0	0.2338998908467176
chr17	-25	17	6490.0	0.26194144838212635
chr17	-24	23	6553.0	0.3509842820082405
chr17	-23	23	6613.0	0.347799788295781
chr17	-22	67	6649.0	1.0076703263648668
chr17	-21	19	6702.0	0.28349746344374815
chr17	-20	25	6773.0	0.36911265318175107
chr17	-19	28	6858.0	0.4082822980460776
chr17	-18	22	6919.0	0.3179650238473768
chr17	-17	33	6970.0	0.47345767575322817
chr17	-16	21	7046.0	0.29804144195288107
chr17	-15	22	7112.0	0.3093363329583802
chr17	-14	47	7178.0	0.6547784898300362
chr17	-13	17	7228.0	0.23519645821804097
chr17	-12	24	7285.0	0.32944406314344543
chr17	-11	21	7307.0	0.2873956480087587
chr17	-10	34	7401.0	0.4593973787326037
chr17	-9	38	7400.0	0.5135135135135135
chr17	-8	40	7401.0	0.5404675043912984
chr17	-7	17	7401.0	0.22969868936630186
chr17	-6	23	7401.0	0.3107688150249966
chr17	-5	43	7401.0	0.5810025672206459
chr17	-4	28	7401.0	0.3783272530739089
chr17	-3	37	7401.0	0.49993244156195105
chr17	-2	33	7384.0	0.44691224268689056
chr17	-1	116	7384.0	1.570964247020585
chr17	0	106	7248.0	1.4624724061810155
chr17	1	48	7200.0	0.6666666666666667
chr17	2	56	7167.0	0.7813590065578345
chr17	3	36	7107.0	0.5065428450823132
chr17	4	67	7028.0	0.9533295389869094
chr17	5	40	6971.0	0.5738057667479558
chr17	6	52	6907.0	0.7528594179817576
chr17	7	67	6861.0	0.9765340329398046
chr17	8	49	6804.0	0.720164609053498
chr17	9	56	6737.0	0.8312305180347335
chr17	10	49	6687.0	0.7327650665470316
chr17	11	61	6623.0	0.9210327646081836
chr17	12	40	6560.0	0.6097560975609756
chr17	13	61	6494.0	0.9393286110255621
chr17	14	29	6430.0	0.4510108864696734
chr17	15	70	6382.0	1.0968348480100283
chr17	16	63	6308.0	0.9987317691819911
chr17	17	43	6238.0	0.6893235011221546
chr17	18	56	6193.0	0.9042467301792346
chr17	19	41	6125.0	0.6693877551020408
chr17	20	37	6070.0	0.6095551894563427
chr17	21	85	6007.0	1.4150158148826368
chr17	22	45	5972.0	0.753516409912927
chr17	23	31	5900.0	0.5254237288135594
chr17	24	38	5850.0	0.6495726495726496
chr17	25	33	5783.0	0.5706380771226007
chr17	26	40	5726.0	0.6985679357317499
chr17	27	53	5661.0	0.9362303479950538
chr17	28	32	5611.0	0.5703083229370879
chr17	29	33	5544.0	0.5952380952380952
chr17	30	68	5478.0	1.2413289521723256
chr17	31	49	5422.0	0.9037255625230542
chr17	32	51	5355.0	0.9523809523809524
chr17	33	36	5283.0	0.6814310051107325
chr17	34	43	5229.0	0.8223369669152802
chr17	35	34	5160.0	0.6589147286821705
chr17	36	55	5104.0	1.0775862068965518
chr17	37	40	5063.0	0.7900454276120877
chr17	38	26	5004.0	0.5195843325339728
chr17	39	33	4943.0	0.6676107626947198
chr17	40	57	4903.0	1.1625535386498063
chr17	41	34	4823.0	0.704955421936554
chr17	42	31	4777.0	0.648942851161817
chr17	43	31	4716.0	0.657336726039016
chr17	44	29	4656.0	0.622852233676976
chr17	45	57	4595.0	1.2404787812840044
chr17	46	37	4520.0	0.8185840707964601
chr17	47	28	4467.0	0.6268188941123797
chr17	48	38	4405.0	0.8626560726447219
chr17	49	40	4330.0	0.9237875288683602
chr17	50	28	4271.0	0.6555841723249825
chr17	51	36	4220.0	0.8530805687203791
chr17	52	50	4167.0	1.1999040076793857
chr17	53	31	4113.0	0.7537077558959396
chr17	54	33	4048.0	0.8152173913043478
chr17	55	64	3975.0	1.6100628930817609
chr17	56	31	3926.0	0.7896077432501274
chr17	57	23	3863.0	0.595392182241781
chr17	58	33	3808.0	0.8665966386554622
chr17	59	30	3755.0	0.7989347536617843
chr17	60	24	3701.0	0.6484733855714672
chr17	61	28	3646.0	0.7679648930334613
chr17	62	14	3569.0	0.3922667413841412
chr17	63	39	3520.0	1.1079545454545454
chr17	64	24	3475.0	0.6906474820143885
chr17	65	24	3415.0	0.7027818448023426
chr17	66	52	3344.0	1.555023923444976
chr17	67	19	3300.0	0.5757575757575757
chr17	68	24	3246.0	0.7393715341959335
chr17	69	15	3176.0	0.4722921914357683
chr17	70	30	3118.0	0.9621552277100706
chr17	71	23	3048.0	0.7545931758530183
chr17	72	21	2979.0	0.7049345417925479
chr17	73	26	2920.0	0.8904109589041096
chr17	74	23	2877.0	0.7994438651372958
chr17	75	21	2806.0	0.7483962936564506
chr17	76	22	2729.0	0.8061561011359473
chr17	77	17	2684.0	0.6333830104321907
chr17	78	25	2614.0	0.9563886763580718
chr17	79	14	2554.0	0.548159749412686
chr17	80	17	2500.0	0.6799999999999999
chr17	81	24	2440.0	0.9836065573770493
chr17	82	22	2380.0	0.9243697478991597
chr17	83	14	2326.0	0.6018916595012898
chr17	84	29	2280.0	1.2719298245614035
chr17	85	26	2216.0	1.1732851985559567
chr17	86	19	2159.0	0.8800370541917555
chr17	87	19	2093.0	0.9077878643096035
chr17	88	19	2020.0	0.9405940594059405
chr17	89	33	1937.0	1.7036654620547238
chr17	90	14	1880.0	0.7446808510638299
chr17	91	21	1816.0	1.1563876651982379
chr17	92	17	1761.0	0.9653605905735378
chr17	93	12	1695.0	0.7079646017699115
chr17	94	14	1631.0	0.8583690987124464
chr17	95	13	1562.0	0.8322663252240717
chr17	96	10	1510.0	0.6622516556291391
chr17	97	12	1461.0	0.8213552361396305
chr17	98	9	1409.0	0.63875088715401
chr17	99	16	1359.0	1.177336276674025
chr17	100	13	1302.0	0.9984639016897081
chr17	101	7	1237.0	0.5658852061438965
chr17	102	6	1180.0	0.5084745762711864
chr17	103	9	1124.0	0.800711743772242
chr17	104	8	1063.0	0.7525870178739417
chr17	105	7	1005.0	0.6965174129353234
chr17	106	12	926.0	1.2958963282937366
chr17	107	8	854.0	0.936768149882904
chr17	108	7	804.0	0.8706467661691543
chr17	109	4	748.0	0.53475935828877
chr17	110	5	699.0	0.7153075822603719
chr17	111	5	635.0	0.7874015748031495
chr17	112	1	565.0	0.17699115044247787
chr17	113	8	492.0	1.6260162601626018
chr17	114	1	442.0	0.22624434389140274
chr17	115	3	369.0	0.8130081300813009
chr17	116	1	306.0	0.32679738562091504
chr17	117	1	237.0	0.42194092827004215
chr17	118	3	185.0	1.6216216216216217
chr17	119	0	132.0	0.0
chr17	120	0	88.0	0.0
chr17	121	0	34.0	0.0
chr17	122	0	0.0	nan
chr17	123	0	0.0	nan
chr17	124	0	0.0	nan
chr17	125	0	0.0	nan
chr17	126	0	0.0	nan
chr17	127	0	0.0	nan
chr17	128	0	0.0	nan
chr17	129	0	0.0	nan
chr17	130	0	0.0	nan
chr17	131	0	0.0	nan
chr17	132	0	0.0	nan
chr17	133	0	0.0	nan
chr17	134	0	0.0	nan
chr17	135	0	0.0	nan
chr18	-135	0	1.0	0.0
chr18	-134	0	3.0	0.0
chr18	-133	0	31.0	0.0
chr18	-132	0	76.0	0.0
chr18	-131	0	116.0	0.0
chr18	-130	0	164.0	0.0
chr18	-129	0	207.0	0.0
chr18	-128	0	249.0	0.0
chr18	-127	1	298.0	0.33557046979865773
chr18	-126	0	354.0	0.0
chr18	-125	0	387.0	0.0
chr18	-124	2	435.0	0.45977011494252873
chr18	-123	0	477.0	0.0
chr18	-122	1	514.0	0.19455252918287938
chr18	-121	0	558.0	0.0
chr18	-120	1	605.0	0.1652892561983471
chr18	-119	1	667.0	0.14992503748125938
chr18	-118	8	720.0	1.1111111111111112
chr18	-117	0	756.0	0.0
chr18	-116	0	805.0	0.0
chr18	-115	1	863.0	0.11587485515643105
chr18	-114	6	903.0	0.6644518272425249
chr18	-113	4	949.0	0.42149631190727077
chr18	-112	1	999.0	0.10010010010010009
chr18	-111	1	1042.0	0.09596928982725528
chr18	-110	1	1079.0	0.09267840593141798
chr18	-109	1	1133.0	0.088261253309797
chr18	-108	4	1179.0	0.33927056827820185
chr18	-107	5	1232.0	0.4058441558441558
chr18	-106	0	1295.0	0.0
chr18	-105	1	1342.0	0.07451564828614009
chr18	-104	0	1381.0	0.0
chr18	-103	1	1437.0	0.06958942240779402
chr18	-102	0	1490.0	0.0
chr18	-101	5	1546.0	0.3234152652005175
chr18	-100	4	1591.0	0.251414204902577
chr18	-99	9	1626.0	0.5535055350553505
chr18	-98	1	1681.0	0.0594883997620464
chr18	-97	2	1723.0	0.11607661056297155
chr18	-96	1	1769.0	0.05652911249293386
chr18	-95	0	1813.0	0.0
chr18	-94	13	1866.0	0.6966773847802787
chr18	-93	1	1900.0	0.05263157894736842
chr18	-92	2	1949.0	0.1026167265264238
chr18	-91	1	1995.0	0.05012531328320802
chr18	-90	1	2046.0	0.04887585532746823
chr18	-89	3	2096.0	0.1431297709923664
chr18	-88	5	2141.0	0.2335357309668379
chr18	-87	4	2197.0	0.18206645425580337
chr18	-86	3	2240.0	0.13392857142857142
chr18	-85	7	2283.0	0.3066141042487955
chr18	-84	1	2327.0	0.04297378599054577
chr18	-83	3	2362.0	0.12701100762066045
chr18	-82	8	2407.0	0.3323639385126714
chr18	-81	3	2447.0	0.12259910093992644
chr18	-80	4	2487.0	0.16083634901487737
chr18	-79	2	2523.0	0.07927070947284978
chr18	-78	2	2563.0	0.07803355442840422
chr18	-77	2	2607.0	0.07671653241273495
chr18	-76	2	2643.0	0.07567158531971245
chr18	-75	5	2698.0	0.18532246108228317
chr18	-74	3	2746.0	0.10924981791697014
chr18	-73	4	2786.0	0.14357501794687724
chr18	-72	5	2831.0	0.17661603673613563
chr18	-71	5	2866.0	0.17445917655268667
chr18	-70	15	2899.0	0.5174197999310107
chr18	-69	5	2942.0	0.1699524133242692
chr18	-68	20	2981.0	0.6709158000670915
chr18	-67	4	3018.0	0.13253810470510272
chr18	-66	4	3050.0	0.13114754098360656
chr18	-65	1	3093.0	0.032331070158422244
chr18	-64	3	3145.0	0.09538950715421303
chr18	-63	4	3181.0	0.12574662055957245
chr18	-62	7	3242.0	0.215916101172116
chr18	-61	9	3294.0	0.273224043715847
chr18	-60	15	3342.0	0.4488330341113106
chr18	-59	4	3380.0	0.1183431952662722
chr18	-58	13	3430.0	0.37900874635568516
chr18	-57	5	3495.0	0.14306151645207438
chr18	-56	5	3557.0	0.1405678942929435
chr18	-55	17	3604.0	0.4716981132075472
chr18	-54	2	3651.0	0.054779512462339086
chr18	-53	13	3705.0	0.3508771929824561
chr18	-52	2	3762.0	0.053163211057947905
chr18	-51	20	3816.0	0.5241090146750524
chr18	-50	4	3875.0	0.1032258064516129
chr18	-49	4	3927.0	0.10185892538833714
chr18	-48	20	3964.0	0.5045408678102926
chr18	-47	17	4021.0	0.4227804028848545
chr18	-46	1	4072.0	0.02455795677799607
chr18	-45	9	4127.0	0.21807608432275258
chr18	-44	15	4171.0	0.35962598897146963
chr18	-43	12	4226.0	0.28395646000946523
chr18	-42	25	4273.0	0.5850690381465012
chr18	-41	7	4312.0	0.16233766233766234
chr18	-40	8	4385.0	0.18244013683010263
chr18	-39	4	4436.0	0.09017132551848511
chr18	-38	19	4476.0	0.42448614834673815
chr18	-37	24	4530.0	0.5298013245033113
chr18	-36	23	4585.0	0.5016357688113413
chr18	-35	15	4631.0	0.32390412437918376
chr18	-34	14	4687.0	0.2986985278429699
chr18	-33	5	4758.0	0.10508617065994115
chr18	-32	8	4810.0	0.16632016632016633
chr18	-31	10	4855.0	0.20597322348094746
chr18	-30	29	4909.0	0.5907516805866775
chr18	-29	7	4947.0	0.14149989892864362
chr18	-28	10	4997.0	0.20012007204322593
chr18	-27	20	5042.0	0.39666798889329624
chr18	-26	11	5091.0	0.21606757022196033
chr18	-25	9	5134.0	0.1753019088430074
chr18	-24	39	5181.0	0.7527504342790967
chr18	-23	9	5219.0	0.17244682889442423
chr18	-22	26	5266.0	0.49373338397265476
chr18	-21	8	5306.0	0.15077271013946475
chr18	-20	18	5352.0	0.336322869955157
chr18	-19	12	5392.0	0.22255192878338279
chr18	-18	24	5452.0	0.4402054292002935
chr18	-17	15	5487.0	0.2733734281027884
chr18	-16	12	5530.0	0.216998191681736
chr18	-15	13	5592.0	0.23247496423462088
chr18	-14	19	5633.0	0.3372980649742588
chr18	-13	14	5674.0	0.24673951357067325
chr18	-12	18	5717.0	0.3148504460381319
chr18	-11	26	5749.0	0.4522525656635937
chr18	-10	27	5799.0	0.46559751681324363
chr18	-9	35	5799.0	0.6035523366097603
chr18	-8	17	5799.0	0.29315399206759785
chr18	-7	25	5799.0	0.4311088118641145
chr18	-6	26	5799.0	0.44835316433867906
chr18	-5	39	5799.0	0.6725297465080186
chr18	-4	14	5798.0	0.2414625733011383
chr18	-3	72	5800.0	1.2413793103448276
chr18	-2	24	5799.0	0.4138644593895499
chr18	-1	57	5732.0	0.9944173063503141
chr18	0	84	5640.0	1.4893617021276597
chr18	1	22	5667.0	0.38821245809070054
chr18	2	80	5617.0	1.424247819120527
chr18	3	24	5568.0	0.43103448275862066
chr18	4	34	5533.0	0.6144948490872943
chr18	5	30	5476.0	0.547845142439737
chr18	6	36	5432.0	0.6627393225331369
chr18	7	53	5389.0	0.9834848766004824
chr18	8	43	5343.0	0.8047913157402208
chr18	9	31	5297.0	0.585236926562205
chr18	10	27	5247.0	0.5145797598627788
chr18	11	30	5196.0	0.5773672055427251
chr18	12	22	5143.0	0.42776589539179466
chr18	13	57	5079.0	1.1222681630242175
chr18	14	34	5038.0	0.6748709805478365
chr18	15	33	4991.0	0.6611901422560609
chr18	16	43	4945.0	0.8695652173913043
chr18	17	51	4891.0	1.0427315477407484
chr18	18	33	4859.0	0.6791520889071825
chr18	19	33	4810.0	0.6860706860706861
chr18	20	29	4758.0	0.6094997898276587
chr18	21	36	4714.0	0.7636826474331778
chr18	22	29	4675.0	0.6203208556149733
chr18	23	60	4615.0	1.3001083423618636
chr18	24	21	4574.0	0.4591167468299082
chr18	25	36	4506.0	0.7989347536617843
chr18	26	36	4441.0	0.8106282368835849
chr18	27	33	4396.0	0.7506824385805277
chr18	28	23	4352.0	0.5284926470588236
chr18	29	50	4292.0	1.1649580615097856
chr18	30	35	4236.0	0.8262511803588292
chr18	31	24	4184.0	0.5736137667304015
chr18	32	18	4150.0	0.43373493975903615
chr18	33	30	4118.0	0.7285089849441476
chr18	34	24	4060.0	0.5911330049261084
chr18	35	19	4013.0	0.473461250934463
chr18	36	22	3959.0	0.5556958827986865
chr18	37	35	3913.0	0.8944543828264758
chr18	38	21	3866.0	0.5431971029487842
chr18	39	11	3830.0	0.28720626631853785
chr18	40	21	3779.0	0.5557025668166181
chr18	41	44	3734.0	1.1783610069630424
chr18	42	31	3674.0	0.8437670114316821
chr18	43	35	3625.0	0.9655172413793104
chr18	44	21	3578.0	0.5869200670765791
chr18	45	18	3538.0	0.5087620124364047
chr18	46	26	3489.0	0.7451991974777874
chr18	47	50	3450.0	1.4492753623188406
chr18	48	14	3399.0	0.41188584877905265
chr18	49	13	3369.0	0.385871178391214
chr18	50	29	3322.0	0.872968091511138
chr18	51	16	3285.0	0.4870624048706241
chr18	52	26	3243.0	0.8017267961763799
chr18	53	20	3212.0	0.62266500622665
chr18	54	33	3171.0	1.0406811731315044
chr18	55	14	3130.0	0.44728434504792336
chr18	56	25	3077.0	0.8124796880077998
chr18	57	36	3031.0	1.187726822830749
chr18	58	17	2991.0	0.5683717820127048
chr18	59	17	2944.0	0.577445652173913
chr18	60	22	2901.0	0.7583591864874182
chr18	61	15	2867.0	0.5231949773282176
chr18	62	10	2828.0	0.3536067892503536
chr18	63	21	2785.0	0.7540394973070017
chr18	64	15	2749.0	0.5456529647144416
chr18	65	15	2708.0	0.5539143279172821
chr18	66	12	2679.0	0.4479283314669653
chr18	67	20	2630.0	0.7604562737642585
chr18	68	17	2579.0	0.6591702210158976
chr18	69	29	2553.0	1.1359185272228751
chr18	70	14	2482.0	0.5640612409347301
chr18	71	12	2424.0	0.49504950495049505
chr18	72	11	2383.0	0.46160302140159465
chr18	73	9	2342.0	0.3842869342442357
chr18	74	8	2285.0	0.350109409190372
chr18	75	16	2231.0	0.7171671896010758
chr18	76	20	2178.0	0.9182736455463728
chr18	77	11	2131.0	0.5161895823557016
chr18	78	22	2077.0	1.059220028887819
chr18	79	8	2036.0	0.3929273084479371
chr18	80	11	1977.0	0.556398583712696
chr18	81	13	1929.0	0.673924313115604
chr18	82	13	1872.0	0.6944444444444444
chr18	83	11	1828.0	0.6017505470459519
chr18	84	13	1785.0	0.7282913165266106
chr18	85	3	1724.0	0.17401392111368907
chr18	86	12	1678.0	0.7151370679380215
chr18	87	15	1629.0	0.9208103130755065
chr18	88	6	1577.0	0.3804692454026633
chr18	89	11	1526.0	0.7208387942332897
chr18	90	8	1474.0	0.5427408412483039
chr18	91	5	1432.0	0.34916201117318435
chr18	92	10	1363.0	0.7336757153338225
chr18	93	19	1316.0	1.4437689969604863
chr18	94	9	1274.0	0.7064364207221351
chr18	95	5	1226.0	0.40783034257748774
chr18	96	9	1175.0	0.7659574468085106
chr18	97	8	1124.0	0.7117437722419928
chr18	98	12	1068.0	1.1235955056179776
chr18	99	4	1000.0	0.4
chr18	100	10	960.0	1.0416666666666665
chr18	101	10	920.0	1.0869565217391304
chr18	102	4	860.0	0.46511627906976744
chr18	103	5	819.0	0.6105006105006106
chr18	104	4	773.0	0.517464424320828
chr18	105	4	723.0	0.5532503457814661
chr18	106	2	680.0	0.29411764705882354
chr18	107	5	638.0	0.7836990595611284
chr18	108	2	595.0	0.33613445378151263
chr18	109	2	549.0	0.36429872495446264
chr18	110	4	509.0	0.7858546168958742
chr18	111	3	464.0	0.646551724137931
chr18	112	4	428.0	0.9345794392523363
chr18	113	2	390.0	0.5128205128205128
chr18	114	1	327.0	0.3058103975535168
chr18	115	2	290.0	0.6896551724137931
chr18	116	0	238.0	0.0
chr18	117	2	187.0	1.06951871657754
chr18	118	1	143.0	0.6993006993006993
chr18	119	0	108.0	0.0
chr18	120	1	64.0	1.5625
chr18	121	0	35.0	0.0
chr18	122	0	0.0	nan
chr18	123	0	0.0	nan
chr18	124	0	0.0	nan
chr18	125	0	0.0	nan
chr18	126	0	0.0	nan
chr18	127	0	0.0	nan
chr18	128	0	0.0	nan
chr18	129	0	0.0	nan
chr18	130	0	0.0	nan
chr18	131	0	0.0	nan
chr18	132	0	0.0	nan
chr18	133	0	0.0	nan
chr18	134	0	0.0	nan
chr18	135	0	0.0	nan
chr19	-134	0	3.0	0.0
chr19	-133	1	52.0	1.9230769230769231
chr19	-132	0	92.0	0.0
chr19	-131	1	158.0	0.6329113924050633
chr19	-130	1	233.0	0.4291845493562232
chr19	-129	1	301.0	0.33222591362126247
chr19	-128	0	376.0	0.0
chr19	-127	1	436.0	0.22935779816513763
chr19	-126	0	497.0	0.0
chr19	-125	1	586.0	0.17064846416382254
chr19	-124	5	657.0	0.76103500761035
chr19	-123	0	725.0	0.0
chr19	-122	7	794.0	0.8816120906801008
chr19	-121	3	863.0	0.34762456546929316
chr19	-120	1	950.0	0.10526315789473684
chr19	-119	0	1031.0	0.0
chr19	-118	3	1114.0	0.26929982046678635
chr19	-117	1	1181.0	0.0846740050804403
chr19	-116	1	1250.0	0.08
chr19	-115	4	1306.0	0.3062787136294028
chr19	-114	2	1375.0	0.14545454545454545
chr19	-113	1	1449.0	0.06901311249137336
chr19	-112	0	1519.0	0.0
chr19	-111	0	1595.0	0.0
chr19	-110	1	1671.0	0.059844404548174746
chr19	-109	3	1756.0	0.17084282460136674
chr19	-108	2	1829.0	0.10934937124111535
chr19	-107	2	1890.0	0.10582010582010583
chr19	-106	3	1961.0	0.1529831718510964
chr19	-105	3	2012.0	0.14910536779324055
chr19	-104	2	2085.0	0.09592326139088729
chr19	-103	6	2146.0	0.27958993476234856
chr19	-102	6	2236.0	0.26833631484794274
chr19	-101	4	2304.0	0.1736111111111111
chr19	-100	6	2371.0	0.25305778152678193
chr19	-99	2	2439.0	0.08200082000820008
chr19	-98	3	2505.0	0.11976047904191617
chr19	-97	2	2570.0	0.07782101167315175
chr19	-96	1	2651.0	0.03772161448509996
chr19	-95	17	2714.0	0.6263817243920413
chr19	-94	2	2797.0	0.07150518412584912
chr19	-93	14	2884.0	0.48543689320388345
chr19	-92	3	2954.0	0.1015572105619499
chr19	-91	11	3024.0	0.3637566137566137
chr19	-90	7	3109.0	0.2251527822450949
chr19	-89	21	3180.0	0.6603773584905661
chr19	-88	3	3240.0	0.0925925925925926
chr19	-87	3	3323.0	0.09027986758952752
chr19	-86	1	3399.0	0.02942041776993233
chr19	-85	8	3456.0	0.23148148148148145
chr19	-84	9	3531.0	0.2548853016142736
chr19	-83	5	3606.0	0.13865779256794233
chr19	-82	4	3668.0	0.10905125408942204
chr19	-81	11	3731.0	0.2948271240954168
chr19	-80	8	3805.0	0.2102496714848883
chr19	-79	18	3871.0	0.4649961250322914
chr19	-78	5	3939.0	0.12693577050012694
chr19	-77	7	4023.0	0.17399950285856325
chr19	-76	12	4111.0	0.2918997810751642
chr19	-75	10	4181.0	0.2391772303276728
chr19	-74	25	4259.0	0.5869922517022775
chr19	-73	5	4328.0	0.11552680221811461
chr19	-72	15	4399.0	0.3409865878608775
chr19	-71	3	4475.0	0.0670391061452514
chr19	-70	5	4545.0	0.11001100110011
chr19	-69	14	4609.0	0.3037535257105663
chr19	-68	26	4680.0	0.5555555555555556
chr19	-67	8	4750.0	0.16842105263157894
chr19	-66	24	4828.0	0.4971002485501243
chr19	-65	16	4899.0	0.32659726474790773
chr19	-64	9	4977.0	0.18083182640144665
chr19	-63	7	5045.0	0.13875123885034688
chr19	-62	23	5113.0	0.4498337570897712
chr19	-61	5	5196.0	0.0962278675904542
chr19	-60	16	5293.0	0.3022860381636123
chr19	-59	21	5356.0	0.392083644510829
chr19	-58	12	5429.0	0.22103518143304474
chr19	-57	28	5507.0	0.5084437988015253
chr19	-56	9	5572.0	0.1615218951902369
chr19	-55	22	5648.0	0.3895184135977337
chr19	-54	34	5735.0	0.5928509154315605
chr19	-53	12	5810.0	0.2065404475043029
chr19	-52	14	5889.0	0.23773136355917812
chr19	-51	20	5947.0	0.3363040188330251
chr19	-50	13	6012.0	0.2162341982701264
chr19	-49	8	6083.0	0.13151405556468848
chr19	-48	82	6161.0	1.3309527674078883
chr19	-47	13	6241.0	0.20829995193078032
chr19	-46	17	6326.0	0.2687322162503952
chr19	-45	11	6389.0	0.17217091876663015
chr19	-44	27	6475.0	0.416988416988417
chr19	-43	52	6544.0	0.7946210268948656
chr19	-42	20	6626.0	0.3018412315122246
chr19	-41	64	6706.0	0.9543692215926037
chr19	-40	16	6777.0	0.23609266637155085
chr19	-39	16	6831.0	0.23422632118284292
chr19	-38	11	6883.0	0.15981403457794566
chr19	-37	12	6961.0	0.172389024565436
chr19	-36	19	7026.0	0.2704241389126103
chr19	-35	48	7124.0	0.673778775968557
chr19	-34	10	7212.0	0.13865779256794233
chr19	-33	36	7295.0	0.49348869088416725
chr19	-32	29	7365.0	0.39375424304141204
chr19	-31	27	7422.0	0.3637833468067906
chr19	-30	15	7502.0	0.19994668088509732
chr19	-29	11	7576.0	0.14519535374868003
chr19	-28	36	7658.0	0.47009663097414467
chr19	-27	21	7717.0	0.27212647401840095
chr19	-26	19	7778.0	0.24427873489328875
chr19	-25	66	7853.0	0.8404431427479944
chr19	-24	24	7937.0	0.3023812523623535
chr19	-23	35	7998.0	0.43760940235058765
chr19	-22	14	8060.0	0.17369727047146402
chr19	-21	20	8134.0	0.24588148512417013
chr19	-20	20	8220.0	0.24330900243309003
chr19	-19	47	8287.0	0.567153372752504
chr19	-18	26	8351.0	0.31133995928631303
chr19	-17	113	8428.0	1.3407688656858092
chr19	-16	22	8471.0	0.25970959745012395
chr19	-15	21	8588.0	0.24452724732184444
chr19	-14	22	8665.0	0.25389497980380843
chr19	-13	29	8745.0	0.3316180674671241
chr19	-12	50	8811.0	0.5674724775848372
chr19	-11	22	8895.0	0.2473299606520517
chr19	-10	24	8954.0	0.2680366316729953
chr19	-9	26	8972.0	0.28979045920642
chr19	-8	33	8973.0	0.36776997659645605
chr19	-7	17	8973.0	0.1894572606709016
chr19	-6	19	8973.0	0.21174635016159588
chr19	-5	40	8973.0	0.4457817898138861
chr19	-4	28	8973.0	0.3120472528697203
chr19	-3	28	8973.0	0.3120472528697203
chr19	-2	112	8972.0	1.2483281319661168
chr19	-1	252	8953.0	2.8146989835809224
chr19	0	238	8800.0	2.7045454545454546
chr19	1	109	8739.0	1.2472822977457376
chr19	2	45	8675.0	0.5187319884726225
chr19	3	42	8600.0	0.4883720930232558
chr19	4	52	8523.0	0.6101138096914231
chr19	5	48	8472.0	0.56657223796034
chr19	6	66	8404.0	0.7853403141361256
chr19	7	41	8318.0	0.4929069487857658
chr19	8	53	8249.0	0.642502121469269
chr19	9	49	8175.0	0.599388379204893
chr19	10	58	8094.0	0.7165801828514949
chr19	11	57	8018.0	0.7109004739336493
chr19	12	67	7905.0	0.8475648323845668
chr19	13	42	7847.0	0.535236396074933
chr19	14	47	7758.0	0.605826243877288
chr19	15	51	7669.0	0.6650149954361716
chr19	16	98	7623.0	1.285583103764922
chr19	17	63	7556.0	0.833774483853891
chr19	18	74	7469.0	0.9907618155040836
chr19	19	44	7404.0	0.5942733657482442
chr19	20	44	7331.0	0.6001909698540445
chr19	21	52	7264.0	0.7158590308370044
chr19	22	45	7192.0	0.6256952169076753
chr19	23	49	7105.0	0.6896551724137931
chr19	24	77	7031.0	1.0951500497795479
chr19	25	39	6968.0	0.5597014925373134
chr19	26	53	6876.0	0.7707969749854566
chr19	27	53	6824.0	0.7766705744431419
chr19	28	50	6735.0	0.7423904974016332
chr19	29	65	6664.0	0.9753901560624249
chr19	30	51	6588.0	0.7741347905282332
chr19	31	48	6519.0	0.7363092498849517
chr19	32	36	6454.0	0.5577936163619461
chr19	33	51	6394.0	0.797622771348139
chr19	34	53	6326.0	0.8378122036041732
chr19	35	53	6243.0	0.8489508249239148
chr19	36	46	6177.0	0.7446980734984621
chr19	37	38	6096.0	0.6233595800524935
chr19	38	59	6041.0	0.9766594934613475
chr19	39	39	5944.0	0.6561238223418573
chr19	40	82	5878.0	1.3950323239197007
chr19	41	48	5818.0	0.8250257820556892
chr19	42	81	5728.0	1.4141061452513968
chr19	43	47	5662.0	0.8300953726598375
chr19	44	33	5569.0	0.5925659903034657
chr19	45	41	5498.0	0.7457257184430701
chr19	46	40	5427.0	0.7370554634236226
chr19	47	82	5359.0	1.530136219443926
chr19	48	29	5291.0	0.5481005481005481
chr19	49	35	5233.0	0.6688324097076247
chr19	50	47	5160.0	0.9108527131782945
chr19	51	41	5093.0	0.8050265069703515
chr19	52	26	5020.0	0.5179282868525896
chr19	53	47	4949.0	0.9496868054152354
chr19	54	52	4873.0	1.067104453108968
chr19	55	38	4775.0	0.7958115183246073
chr19	56	51	4705.0	1.0839532412327313
chr19	57	40	4635.0	0.8629989212513484
chr19	58	40	4563.0	0.8766162612316459
chr19	59	58	4494.0	1.290609701824655
chr19	60	35	4422.0	0.7914970601537766
chr19	61	36	4353.0	0.8270158511371467
chr19	62	26	4278.0	0.6077606358111267
chr19	63	32	4212.0	0.7597340930674265
chr19	64	42	4158.0	1.0101010101010102
chr19	65	45	4095.0	1.098901098901099
chr19	66	29	4015.0	0.7222914072229141
chr19	67	60	3940.0	1.5228426395939088
chr19	68	29	3869.0	0.7495476867407599
chr19	69	34	3806.0	0.8933263268523385
chr19	70	24	3736.0	0.6423982869379015
chr19	71	25	3655.0	0.6839945280437756
chr19	72	25	3564.0	0.7014590347923682
chr19	73	40	3500.0	1.1428571428571428
chr19	74	40	3421.0	1.169248757673195
chr19	75	41	3349.0	1.224246043595103
chr19	76	26	3278.0	0.7931665649786455
chr19	77	30	3212.0	0.933997509339975
chr19	78	42	3132.0	1.3409961685823755
chr19	79	27	3061.0	0.8820646847435479
chr19	80	22	2981.0	0.7380073800738007
chr19	81	35	2929.0	1.194947080914988
chr19	82	22	2848.0	0.7724719101123595
chr19	83	20	2772.0	0.7215007215007215
chr19	84	23	2685.0	0.8566108007448789
chr19	85	13	2602.0	0.49961568024596464
chr19	86	15	2528.0	0.5933544303797469
chr19	87	33	2459.0	1.3420089467263114
chr19	88	24	2385.0	1.0062893081761006
chr19	89	20	2305.0	0.8676789587852495
chr19	90	29	2229.0	1.3010318528488112
chr19	91	7	2164.0	0.32347504621072093
chr19	92	33	2097.0	1.5736766809728182
chr19	93	19	2040.0	0.9313725490196079
chr19	94	32	1987.0	1.6104680422747861
chr19	95	12	1926.0	0.6230529595015576
chr19	96	13	1841.0	0.7061379684953829
chr19	97	13	1758.0	0.7394766780432309
chr19	98	14	1665.0	0.8408408408408409
chr19	99	11	1597.0	0.6887914840325611
chr19	100	12	1530.0	0.7843137254901961
chr19	101	5	1457.0	0.34317089910775567
chr19	102	9	1391.0	0.6470165348670022
chr19	103	14	1318.0	1.062215477996965
chr19	104	10	1245.0	0.8032128514056224
chr19	105	15	1177.0	1.274426508071368
chr19	106	7	1114.0	0.6283662477558348
chr19	107	9	1052.0	0.8555133079847909
chr19	108	4	971.0	0.4119464469618949
chr19	109	9	918.0	0.9803921568627451
chr19	110	6	867.0	0.6920415224913495
chr19	111	9	780.0	1.153846153846154
chr19	112	4	701.0	0.5706134094151213
chr19	113	5	636.0	0.7861635220125787
chr19	114	3	563.0	0.5328596802841918
chr19	115	1	492.0	0.20325203252032523
chr19	116	4	420.0	0.9523809523809524
chr19	117	4	330.0	1.2121212121212122
chr19	118	0	251.0	0.0
chr19	119	1	195.0	0.5128205128205128
chr19	120	1	133.0	0.7518796992481203
chr19	121	2	56.0	3.571428571428571
chr19	122	0	0.0	nan
chr19	123	0	0.0	nan
chr19	124	0	0.0	nan
chr19	125	0	0.0	nan
chr19	126	0	0.0	nan
chr19	127	0	0.0	nan
chr19	128	0	0.0	nan
chr19	129	0	0.0	nan
chr19	130	0	0.0	nan
chr19	131	0	0.0	nan
chr19	132	0	0.0	nan
chr19	133	0	0.0	nan
chr20	-134	0	1.0	0.0
chr20	-133	0	18.0	0.0
chr20	-132	0	35.0	0.0
chr20	-131	0	58.0	0.0
chr20	-130	0	79.0	0.0
chr20	-129	0	112.0	0.0
chr20	-128	0	135.0	0.0
chr20	-127	0	154.0	0.0
chr20	-126	0	176.0	0.0
chr20	-125	0	203.0	0.0
chr20	-124	0	225.0	0.0
chr20	-123	1	244.0	0.4098360655737705
chr20	-122	1	264.0	0.3787878787878788
chr20	-121	1	285.0	0.3508771929824561
chr20	-120	1	311.0	0.3215434083601286
chr20	-119	0	338.0	0.0
chr20	-118	0	371.0	0.0
chr20	-117	0	395.0	0.0
chr20	-116	0	430.0	0.0
chr20	-115	0	458.0	0.0
chr20	-114	0	479.0	0.0
chr20	-113	1	498.0	0.2008032128514056
chr20	-112	1	516.0	0.1937984496124031
chr20	-111	0	544.0	0.0
chr20	-110	0	576.0	0.0
chr20	-109	0	594.0	0.0
chr20	-108	0	613.0	0.0
chr20	-107	1	641.0	0.15600624024961
chr20	-106	1	660.0	0.15151515151515152
chr20	-105	0	696.0	0.0
chr20	-104	1	713.0	0.1402524544179523
chr20	-103	3	733.0	0.4092769440654843
chr20	-102	1	766.0	0.13054830287206268
chr20	-101	1	801.0	0.12484394506866417
chr20	-100	3	845.0	0.35502958579881655
chr20	-99	0	870.0	0.0
chr20	-98	3	905.0	0.3314917127071823
chr20	-97	1	930.0	0.10752688172043011
chr20	-96	1	964.0	0.1037344398340249
chr20	-95	1	987.0	0.10131712259371835
chr20	-94	2	1017.0	0.19665683382497542
chr20	-93	1	1051.0	0.09514747859181732
chr20	-92	1	1078.0	0.0927643784786642
chr20	-91	1	1109.0	0.09017132551848511
chr20	-90	2	1143.0	0.17497812773403326
chr20	-89	0	1165.0	0.0
chr20	-88	5	1189.0	0.42052144659377627
chr20	-87	1	1215.0	0.0823045267489712
chr20	-86	1	1241.0	0.08058017727639001
chr20	-85	3	1264.0	0.23734177215189875
chr20	-84	1	1291.0	0.0774593338497289
chr20	-83	1	1319.0	0.0758150113722517
chr20	-82	3	1338.0	0.2242152466367713
chr20	-81	2	1364.0	0.1466275659824047
chr20	-80	0	1388.0	0.0
chr20	-79	2	1413.0	0.14154281670205238
chr20	-78	3	1449.0	0.2070393374741201
chr20	-77	2	1478.0	0.13531799729364005
chr20	-76	2	1501.0	0.13324450366422386
chr20	-75	2	1523.0	0.13131976362442546
chr20	-74	2	1541.0	0.12978585334198572
chr20	-73	0	1573.0	0.0
chr20	-72	2	1594.0	0.12547051442910914
chr20	-71	7	1615.0	0.43343653250773995
chr20	-70	1	1636.0	0.061124694376528114
chr20	-69	17	1661.0	1.0234798314268514
chr20	-68	0	1691.0	0.0
chr20	-67	33	1724.0	1.91415313225058
chr20	-66	1	1763.0	0.05672149744753262
chr20	-65	4	1788.0	0.22371364653243847
chr20	-64	6	1820.0	0.32967032967032966
chr20	-63	3	1841.0	0.16295491580662683
chr20	-62	1	1865.0	0.05361930294906167
chr20	-61	5	1888.0	0.26483050847457623
chr20	-60	3	1942.0	0.15447991761071062
chr20	-59	16	1967.0	0.813421453990849
chr20	-58	2	1983.0	0.10085728693898136
chr20	-57	1	2003.0	0.04992511233150275
chr20	-56	6	2038.0	0.2944062806673209
chr20	-55	2	2064.0	0.09689922480620156
chr20	-54	5	2099.0	0.23820867079561697
chr20	-53	1	2124.0	0.047080979284369114
chr20	-52	18	2161.0	0.8329477093937991
chr20	-51	4	2186.0	0.18298261665141813
chr20	-50	39	2209.0	1.765504753282028
chr20	-49	6	2240.0	0.26785714285714285
chr20	-48	3	2265.0	0.13245033112582782
chr20	-47	6	2290.0	0.26200873362445415
chr20	-46	3	2305.0	0.1301518438177874
chr20	-45	2	2333.0	0.08572653236176596
chr20	-44	8	2366.0	0.33812341504649196
chr20	-43	3	2392.0	0.1254180602006689
chr20	-42	2	2414.0	0.08285004142502071
chr20	-41	14	2435.0	0.5749486652977412
chr20	-40	4	2456.0	0.16286644951140067
chr20	-39	3	2478.0	0.12106537530266344
chr20	-38	2	2509.0	0.07971303308090873
chr20	-37	3	2527.0	0.1187178472497032
chr20	-36	2	2547.0	0.07852375343541422
chr20	-35	2	2568.0	0.0778816199376947
chr20	-34	5	2586.0	0.19334880123743234
chr20	-33	7	2626.0	0.26656511805026656
chr20	-32	5	2653.0	0.18846588767433095
chr20	-31	7	2690.0	0.26022304832713755
chr20	-30	8	2721.0	0.2940095553105476
chr20	-29	8	2739.0	0.29207740051113545
chr20	-28	36	2773.0	1.298232960692391
chr20	-27	8	2801.0	0.28561228132809713
chr20	-26	18	2831.0	0.6358177322500883
chr20	-25	6	2857.0	0.21001050052502626
chr20	-24	8	2872.0	0.2785515320334262
chr20	-23	5	2898.0	0.1725327812284334
chr20	-22	6	2917.0	0.2056907781967775
chr20	-21	18	2947.0	0.6107906345436036
chr20	-20	5	2975.0	0.16806722689075632
chr20	-19	8	2998.0	0.26684456304202797
chr20	-18	5	3018.0	0.16567263088137837
chr20	-17	6	3048.0	0.19685039370078738
chr20	-16	31	3077.0	1.0074748131296718
chr20	-15	6	3102.0	0.19342359767891684
chr20	-14	60	3141.0	1.9102196752626552
chr20	-13	13	3166.0	0.410612760581175
chr20	-12	14	3183.0	0.43983663210807417
chr20	-11	8	3205.0	0.24960998439937598
chr20	-10	6	3231.0	0.18570102135561745
chr20	-9	5	3231.0	0.1547508511296812
chr20	-8	17	3231.0	0.5261528938409161
chr20	-7	12	3231.0	0.3714020427112349
chr20	-6	24	3231.0	0.7428040854224698
chr20	-5	56	3231.0	1.7332095326524295
chr20	-4	4	3231.0	0.12380068090374496
chr20	-3	10	3227.0	0.30988534242330334
chr20	-2	26	3227.0	0.8057018903005888
chr20	-1	30	3205.0	0.93603744149766
chr20	0	23	3165.0	0.7266982622432859
chr20	1	30	3155.0	0.9508716323296356
chr20	2	16	3135.0	0.5103668261562998
chr20	3	14	3107.0	0.45059542967492755
chr20	4	44	3082.0	1.427644386761843
chr20	5	14	3065.0	0.4567699836867863
chr20	6	12	3044.0	0.39421813403416556
chr20	7	43	3017.0	1.4252568776930727
chr20	8	15	2994.0	0.501002004008016
chr20	9	14	2973.0	0.4709048099562731
chr20	10	10	2953.0	0.3386386725364037
chr20	11	9	2928.0	0.3073770491803279
chr20	12	18	2897.0	0.6213324128408698
chr20	13	65	2870.0	2.264808362369338
chr20	14	20	2838.0	0.7047216349541932
chr20	15	42	2811.0	1.4941302027748131
chr20	16	11	2775.0	0.3963963963963964
chr20	17	15	2746.0	0.5462490895848506
chr20	18	12	2725.0	0.44036697247706424
chr20	19	10	2705.0	0.36968576709796674
chr20	20	23	2686.0	0.8562918838421444
chr20	21	8	2662.0	0.30052592036063114
chr20	22	14	2629.0	0.5325218714340053
chr20	23	8	2608.0	0.3067484662576687
chr20	24	15	2589.0	0.5793742757821553
chr20	25	20	2559.0	0.7815552950371238
chr20	26	11	2538.0	0.43341213553979513
chr20	27	53	2502.0	2.1183053557154277
chr20	28	16	2482.0	0.6446414182111201
chr20	29	12	2458.0	0.4882017900732303
chr20	30	14	2430.0	0.5761316872427984
chr20	31	7	2389.0	0.2930096274591879
chr20	32	9	2351.0	0.38281582305401957
chr20	33	19	2322.0	0.818260120585702
chr20	34	12	2287.0	0.524704853519895
chr20	35	13	2262.0	0.5747126436781609
chr20	36	17	2232.0	0.7616487455197133
chr20	37	11	2210.0	0.4977375565610859
chr20	38	13	2179.0	0.5966039467645708
chr20	39	9	2146.0	0.4193849021435228
chr20	40	25	2114.0	1.1825922421948913
chr20	41	10	2088.0	0.4789272030651341
chr20	42	13	2051.0	0.6338371526084837
chr20	43	22	2026.0	1.085883514313919
chr20	44	7	1993.0	0.35122930255895635
chr20	45	12	1975.0	0.6075949367088608
chr20	46	10	1947.0	0.5136106831022085
chr20	47	23	1925.0	1.194805194805195
chr20	48	14	1892.0	0.7399577167019027
chr20	49	35	1871.0	1.870657402458578
chr20	50	10	1855.0	0.5390835579514826
chr20	51	12	1828.0	0.6564551422319475
chr20	52	7	1805.0	0.3878116343490305
chr20	53	15	1780.0	0.8426966292134831
chr20	54	11	1744.0	0.6307339449541285
chr20	55	11	1718.0	0.6402793946449359
chr20	56	9	1697.0	0.5303476723629935
chr20	57	11	1675.0	0.6567164179104478
chr20	58	15	1654.0	0.9068923821039904
chr20	59	7	1626.0	0.43050430504305043
chr20	60	6	1605.0	0.3738317757009346
chr20	61	8	1580.0	0.5063291139240507
chr20	62	5	1558.0	0.3209242618741977
chr20	63	9	1534.0	0.5867014341590613
chr20	64	13	1506.0	0.8632138114209826
chr20	65	5	1472.0	0.33967391304347827
chr20	66	23	1437.0	1.6005567153792624
chr20	67	17	1405.0	1.2099644128113878
chr20	68	10	1376.0	0.7267441860465116
chr20	69	10	1351.0	0.7401924500370096
chr20	70	9	1330.0	0.6766917293233082
chr20	71	2	1310.0	0.15267175572519084
chr20	72	6	1259.0	0.47656870532168394
chr20	73	11	1238.0	0.8885298869143781
chr20	74	8	1221.0	0.6552006552006553
chr20	75	7	1194.0	0.5862646566164154
chr20	76	7	1164.0	0.6013745704467355
chr20	77	6	1138.0	0.5272407732864675
chr20	78	7	1098.0	0.6375227686703097
chr20	79	5	1077.0	0.4642525533890436
chr20	80	3	1048.0	0.2862595419847328
chr20	81	3	1021.0	0.2938295788442703
chr20	82	5	1002.0	0.499001996007984
chr20	83	6	968.0	0.6198347107438017
chr20	84	7	936.0	0.7478632478632479
chr20	85	5	918.0	0.5446623093681917
chr20	86	4	898.0	0.4454342984409799
chr20	87	6	870.0	0.6896551724137931
chr20	88	3	839.0	0.3575685339690107
chr20	89	1	822.0	0.12165450121654502
chr20	90	3	795.0	0.37735849056603776
chr20	91	6	778.0	0.7712082262210797
chr20	92	10	762.0	1.3123359580052494
chr20	93	6	734.0	0.8174386920980926
chr20	94	4	705.0	0.5673758865248227
chr20	95	0	686.0	0.0
chr20	96	5	668.0	0.7485029940119761
chr20	97	6	643.0	0.9331259720062209
chr20	98	6	623.0	0.9630818619582664
chr20	99	5	583.0	0.8576329331046313
chr20	100	1	547.0	0.18281535648994515
chr20	101	7	520.0	1.3461538461538463
chr20	102	1	494.0	0.20242914979757085
chr20	103	0	472.0	0.0
chr20	104	2	439.0	0.45558086560364464
chr20	105	3	410.0	0.7317073170731708
chr20	106	4	383.0	1.0443864229765014
chr20	107	4	361.0	1.10803324099723
chr20	108	1	337.0	0.2967359050445104
chr20	109	4	317.0	1.2618296529968454
chr20	110	1	297.0	0.33670033670033667
chr20	111	1	268.0	0.3731343283582089
chr20	112	3	242.0	1.2396694214876034
chr20	113	1	220.0	0.45454545454545453
chr20	114	1	203.0	0.49261083743842365
chr20	115	0	167.0	0.0
chr20	116	0	129.0	0.0
chr20	117	1	113.0	0.8849557522123894
chr20	118	1	76.0	1.3157894736842104
chr20	119	0	59.0	0.0
chr20	120	0	42.0	0.0
chr20	121	0	18.0	0.0
chr20	122	0	0.0	nan
chr20	123	0	0.0	nan
chr20	124	0	0.0	nan
chr20	125	0	0.0	nan
chr20	126	0	0.0	nan
chr20	127	0	0.0	nan
chr20	128	0	0.0	nan
chr20	129	0	0.0	nan
chr20	130	0	0.0	nan
chr20	131	0	0.0	nan
chr20	132	0	0.0	nan
chr20	133	0	0.0	nan
chr21	-145	0	0.0	nan
chr21	-144	0	0.0	nan
chr21	-143	0	0.0	nan
chr21	-142	0	0.0	nan
chr21	-141	0	0.0	nan
chr21	-140	0	0.0	nan
chr21	-139	0	1.0	0.0
chr21	-138	0	2.0	0.0
chr21	-137	0	2.0	0.0
chr21	-136	0	2.0	0.0
chr21	-135	0	4.0	0.0
chr21	-134	0	4.0	0.0
chr21	-133	0	41.0	0.0
chr21	-132	0	105.0	0.0
chr21	-131	0	159.0	0.0
chr21	-130	1	207.0	0.4830917874396135
chr21	-129	2	257.0	0.7782101167315175
chr21	-128	0	309.0	0.0
chr21	-127	0	352.0	0.0
chr21	-126	6	416.0	1.4423076923076923
chr21	-125	4	452.0	0.8849557522123894
chr21	-124	6	512.0	1.171875
chr21	-123	1	564.0	0.1773049645390071
chr21	-122	0	612.0	0.0
chr21	-121	6	662.0	0.906344410876133
chr21	-120	9	714.0	1.2605042016806722
chr21	-119	3	768.0	0.390625
chr21	-118	1	812.0	0.12315270935960591
chr21	-117	4	867.0	0.461361014994233
chr21	-116	4	920.0	0.43478260869565216
chr21	-115	3	963.0	0.3115264797507788
chr21	-114	2	993.0	0.2014098690835851
chr21	-113	1	1029.0	0.09718172983479105
chr21	-112	1	1074.0	0.0931098696461825
chr21	-111	1	1121.0	0.08920606601248886
chr21	-110	1	1169.0	0.0855431993156544
chr21	-109	7	1221.0	0.5733005733005733
chr21	-108	0	1273.0	0.0
chr21	-107	1	1332.0	0.07507507507507508
chr21	-106	7	1383.0	0.5061460592913956
chr21	-105	0	1434.0	0.0
chr21	-104	0	1487.0	0.0
chr21	-103	3	1531.0	0.1959503592423253
chr21	-102	4	1601.0	0.24984384759525297
chr21	-101	13	1651.0	0.7874015748031495
chr21	-100	6	1694.0	0.3541912632821724
chr21	-99	2	1744.0	0.11467889908256881
chr21	-98	2	1791.0	0.11166945840312675
chr21	-97	25	1836.0	1.3616557734204793
chr21	-96	0	1889.0	0.0
chr21	-95	2	1937.0	0.10325245224574084
chr21	-94	7	2001.0	0.3498250874562719
chr21	-93	2	2047.0	0.09770395701025891
chr21	-92	2	2091.0	0.09564801530368246
chr21	-91	18	2135.0	0.8430913348946136
chr21	-90	2	2184.0	0.09157509157509157
chr21	-89	0	2221.0	0.0
chr21	-88	0	2287.0	0.0
chr21	-87	1	2348.0	0.04258943781942078
chr21	-86	2	2400.0	0.08333333333333334
chr21	-85	2	2446.0	0.08176614881439084
chr21	-84	15	2493.0	0.601684717208183
chr21	-83	1	2546.0	0.03927729772191674
chr21	-82	5	2586.0	0.19334880123743234
chr21	-81	37	2623.0	1.4105985512771635
chr21	-80	5	2669.0	0.18733608092918697
chr21	-79	3	2710.0	0.11070110701107011
chr21	-78	1	2759.0	0.03624501631025734
chr21	-77	1	2808.0	0.03561253561253561
chr21	-76	4	2865.0	0.13961605584642234
chr21	-75	1	2922.0	0.034223134839151265
chr21	-74	11	2959.0	0.37174721189591076
chr21	-73	14	2996.0	0.46728971962616817
chr21	-72	2	3046.0	0.06565988181221273
chr21	-71	12	3087.0	0.3887269193391642
chr21	-70	1	3148.0	0.03176620076238882
chr21	-69	3	3215.0	0.09331259720062209
chr21	-68	18	3266.0	0.5511328842620943
chr21	-67	5	3309.0	0.1511030522816561
chr21	-66	5	3366.0	0.14854426619132502
chr21	-65	6	3420.0	0.17543859649122806
chr21	-64	5	3462.0	0.14442518775274407
chr21	-63	9	3515.0	0.25604551920341395
chr21	-62	4	3564.0	0.11223344556677892
chr21	-61	8	3605.0	0.2219140083217753
chr21	-60	7	3647.0	0.19193857965451055
chr21	-59	17	3684.0	0.4614549402823019
chr21	-58	4	3725.0	0.10738255033557045
chr21	-57	42	3768.0	1.1146496815286624
chr21	-56	10	3819.0	0.2618486514794449
chr21	-55	13	3865.0	0.33635187580853815
chr21	-54	33	3915.0	0.8429118773946359
chr21	-53	11	3970.0	0.2770780856423174
chr21	-52	3	4004.0	0.07492507492507493
chr21	-51	5	4067.0	0.12294074256208506
chr21	-50	5	4108.0	0.12171372930866603
chr21	-49	6	4149.0	0.14461315979754158
chr21	-48	24	4198.0	0.5717008099094807
chr21	-47	27	4257.0	0.6342494714587738
chr21	-46	13	4293.0	0.3028185418122525
chr21	-45	11	4340.0	0.2534562211981567
chr21	-44	6	4395.0	0.13651877133105803
chr21	-43	36	4435.0	0.8117249154453212
chr21	-42	72	4480.0	1.607142857142857
chr21	-41	26	4528.0	0.5742049469964664
chr21	-40	9	4593.0	0.1959503592423253
chr21	-39	22	4644.0	0.4737295434969853
chr21	-38	12	4702.0	0.25521054870267973
chr21	-37	8	4757.0	0.16817321841496743
chr21	-36	9	4819.0	0.1867607387424777
chr21	-35	11	4864.0	0.2261513157894737
chr21	-34	111	4898.0	2.2662311147407106
chr21	-33	40	4962.0	0.8061265618702136
chr21	-32	10	5011.0	0.19956096587507482
chr21	-31	12	5062.0	0.2370604504148558
chr21	-30	28	5110.0	0.547945205479452
chr21	-29	9	5172.0	0.17401392111368907
chr21	-28	11	5239.0	0.20996373353693454
chr21	-27	12	5272.0	0.2276176024279211
chr21	-26	29	5292.0	0.5479969765684051
chr21	-25	6	5349.0	0.11217049915872125
chr21	-24	22	5425.0	0.4055299539170507
chr21	-23	10	5468.0	0.18288222384784197
chr21	-22	21	5482.0	0.38307187157971545
chr21	-21	10	5537.0	0.18060321473722232
chr21	-20	8	5600.0	0.14285714285714285
chr21	-19	13	5635.0	0.23070097604259093
chr21	-18	12	5695.0	0.21071115013169445
chr21	-17	13	5750.0	0.2260869565217391
chr21	-16	18	5750.0	0.3130434782608696
chr21	-15	14	5803.0	0.24125452352231602
chr21	-14	30	5894.0	0.508992195453003
chr21	-13	21	5950.0	0.35294117647058826
chr21	-12	16	6003.0	0.26653339996668335
chr21	-11	18	6058.0	0.29712776493892373
chr21	-10	22	6098.0	0.36077402427025257
chr21	-9	17	6098.0	0.2787799278451951
chr21	-8	33	6128.0	0.5385117493472585
chr21	-7	12	6128.0	0.19582245430809397
chr21	-6	21	6128.0	0.3426892950391645
chr21	-5	62	6129.0	1.0115842714961658
chr21	-4	42	6129.0	0.6852667645619187
chr21	-3	16	6127.0	0.26113921984658073
chr21	-2	29	6127.0	0.4733148359719276
chr21	-1	84	6113.0	1.3741207263209554
chr21	0	106	6000.0	1.7666666666666668
chr21	1	18	5945.0	0.3027754415475189
chr21	2	36	5897.0	0.6104799050364592
chr21	3	50	5844.0	0.8555783709787816
chr21	4	74	5796.0	1.2767425810904072
chr21	5	22	5759.0	0.3820107657579441
chr21	6	29	5692.0	0.5094869992972593
chr21	7	42	5647.0	0.7437577474765362
chr21	8	35	5567.0	0.6287048679719777
chr21	9	52	5506.0	0.9444242644387941
chr21	10	38	5464.0	0.6954612005856515
chr21	11	33	5414.0	0.6095308459549317
chr21	12	38	5359.0	0.7090875163276731
chr21	13	53	5305.0	0.9990574929311969
chr21	14	26	5264.0	0.4939209726443769
chr21	15	34	5202.0	0.6535947712418301
chr21	16	24	5151.0	0.46592894583576006
chr21	17	36	5109.0	0.7046388725778039
chr21	18	25	5079.0	0.49222287851939356
chr21	19	20	5035.0	0.3972194637537239
chr21	20	26	4984.0	0.521669341894061
chr21	21	36	4939.0	0.7288924883579672
chr21	22	29	4905.0	0.5912334352701326
chr21	23	31	4848.0	0.6394389438943895
chr21	24	27	4780.0	0.5648535564853557
chr21	25	51	4698.0	1.0855683269476373
chr21	26	27	4667.0	0.5785301049925006
chr21	27	25	4619.0	0.5412426932236415
chr21	28	29	4556.0	0.636523266022827
chr21	29	40	4513.0	0.8863283846665189
chr21	30	14	4456.0	0.3141831238779174
chr21	31	23	4393.0	0.5235602094240838
chr21	32	49	4339.0	1.1292924637013135
chr21	33	107	4291.0	2.4935912374737823
chr21	34	28	4248.0	0.6591337099811676
chr21	35	19	4205.0	0.4518430439952438
chr21	36	25	4161.0	0.600817111271329
chr21	37	17	4115.0	0.4131227217496963
chr21	38	31	4050.0	0.7654320987654322
chr21	39	25	4011.0	0.6232859636000997
chr21	40	24	3961.0	0.6059075990911386
chr21	41	70	3919.0	1.7861699413115593
chr21	42	29	3871.0	0.7491604236631361
chr21	43	21	3824.0	0.5491631799163179
chr21	44	25	3740.0	0.6684491978609626
chr21	45	25	3686.0	0.6782419967444384
chr21	46	49	3645.0	1.3443072702331962
chr21	47	40	3597.0	1.1120378092855159
chr21	48	15	3548.0	0.4227733934611048
chr21	49	31	3500.0	0.8857142857142857
chr21	50	27	3451.0	0.7823819182845552
chr21	51	16	3414.0	0.46865846514352666
chr21	52	62	3369.0	1.8403086969427132
chr21	53	42	3324.0	1.263537906137184
chr21	54	20	3265.0	0.6125574272588056
chr21	55	14	3212.0	0.43586550435865506
chr21	56	50	3159.0	1.5827793605571385
chr21	57	19	3109.0	0.6111289803795433
chr21	58	17	3069.0	0.5539263603779733
chr21	59	17	3031.0	0.5608709996700759
chr21	60	25	2976.0	0.8400537634408601
chr21	61	22	2927.0	0.7516228220020499
chr21	62	22	2879.0	0.7641542202153525
chr21	63	17	2813.0	0.6043370067543549
chr21	64	13	2772.0	0.468975468975469
chr21	65	12	2723.0	0.44069041498347417
chr21	66	21	2674.0	0.7853403141361256
chr21	67	39	2625.0	1.4857142857142858
chr21	68	14	2572.0	0.5443234836702955
chr21	69	13	2515.0	0.5168986083499005
chr21	70	20	2470.0	0.8097165991902834
chr21	71	14	2429.0	0.5763688760806917
chr21	72	17	2393.0	0.710405348934392
chr21	73	27	2355.0	1.1464968152866242
chr21	74	17	2320.0	0.7327586206896551
chr21	75	13	2277.0	0.5709266578831796
chr21	76	20	2216.0	0.9025270758122743
chr21	77	17	2173.0	0.7823285780027611
chr21	78	11	2124.0	0.5178907721280603
chr21	79	13	2072.0	0.6274131274131274
chr21	80	30	2041.0	1.4698677119059285
chr21	81	18	1985.0	0.906801007556675
chr21	82	11	1947.0	0.5649717514124294
chr21	83	9	1907.0	0.47194546407970633
chr21	84	9	1863.0	0.4830917874396135
chr21	85	11	1811.0	0.6073992269464384
chr21	86	13	1762.0	0.7377979568671964
chr21	87	9	1712.0	0.5257009345794392
chr21	88	7	1667.0	0.4199160167966407
chr21	89	9	1617.0	0.5565862708719851
chr21	90	30	1574.0	1.9059720457433291
chr21	91	8	1526.0	0.5242463958060288
chr21	92	11	1464.0	0.7513661202185792
chr21	93	11	1417.0	0.776287932251235
chr21	94	9	1367.0	0.6583760058522311
chr21	95	7	1307.0	0.5355776587605203
chr21	96	17	1246.0	1.3643659711075442
chr21	97	7	1189.0	0.5887300252312868
chr21	98	6	1153.0	0.5203816131830009
chr21	99	5	1098.0	0.45537340619307837
chr21	100	8	1051.0	0.7611798287345386
chr21	101	3	1005.0	0.2985074626865672
chr21	102	9	960.0	0.9375
chr21	103	5	900.0	0.5555555555555556
chr21	104	10	836.0	1.1961722488038278
chr21	105	5	800.0	0.625
chr21	106	2	750.0	0.26666666666666666
chr21	107	4	712.0	0.5617977528089888
chr21	108	8	662.0	1.2084592145015105
chr21	109	7	620.0	1.129032258064516
chr21	110	4	577.0	0.6932409012131715
chr21	111	1	520.0	0.19230769230769232
chr21	112	3	465.0	0.6451612903225806
chr21	113	4	425.0	0.9411764705882352
chr21	114	2	367.0	0.544959128065395
chr21	115	2	315.0	0.6349206349206349
chr21	116	1	262.0	0.38167938931297707
chr21	117	0	216.0	0.0
chr21	118	2	177.0	1.1299435028248588
chr21	119	2	128.0	1.5625
chr21	120	1	77.0	1.2987012987012987
chr21	121	0	35.0	0.0
chr21	122	0	0.0	nan
chr21	123	0	0.0	nan
chr21	124	0	0.0	nan
chr21	125	0	0.0	nan
chr21	126	0	0.0	nan
chr21	127	0	0.0	nan
chr21	128	0	0.0	nan
chr21	129	0	0.0	nan
chr21	130	0	0.0	nan
chr21	131	0	0.0	nan
chr21	132	0	0.0	nan
chr21	133	0	0.0	nan
chr21	134	0	0.0	nan
chr21	135	0	0.0	nan
chr21	136	0	0.0	nan
chr21	137	0	0.0	nan
chr21	138	0	0.0	nan
chr21	139	0	0.0	nan
chr21	140	0	0.0	nan
chr21	141	0	0.0	nan
chr22	-134	0	1.0	0.0
chr22	-133	0	34.0	0.0
chr22	-132	0	84.0	0.0
chr22	-131	0	108.0	0.0
chr22	-130	1	149.0	0.6711409395973155
chr22	-129	1	177.0	0.5649717514124294
chr22	-128	0	216.0	0.0
chr22	-127	1	253.0	0.3952569169960474
chr22	-126	0	294.0	0.0
chr22	-125	5	335.0	1.4925373134328357
chr22	-124	0	387.0	0.0
chr22	-123	4	431.0	0.9280742459396751
chr22	-122	1	470.0	0.2127659574468085
chr22	-121	0	511.0	0.0
chr22	-120	0	543.0	0.0
chr22	-119	1	584.0	0.17123287671232876
chr22	-118	1	642.0	0.1557632398753894
chr22	-117	0	680.0	0.0
chr22	-116	3	727.0	0.41265474552957354
chr22	-115	3	762.0	0.39370078740157477
chr22	-114	1	792.0	0.12626262626262627
chr22	-113	4	825.0	0.48484848484848486
chr22	-112	0	862.0	0.0
chr22	-111	5	911.0	0.5488474204171241
chr22	-110	2	951.0	0.2103049421661409
chr22	-109	2	989.0	0.20222446916076847
chr22	-108	10	1025.0	0.975609756097561
chr22	-107	0	1064.0	0.0
chr22	-106	3	1100.0	0.27272727272727276
chr22	-105	4	1125.0	0.35555555555555557
chr22	-104	5	1169.0	0.42771599657827203
chr22	-103	11	1217.0	0.903861955628595
chr22	-102	5	1258.0	0.39745627980922094
chr22	-101	3	1298.0	0.23112480739599386
chr22	-100	2	1341.0	0.14914243102162564
chr22	-99	1	1389.0	0.07199424046076314
chr22	-98	8	1424.0	0.5617977528089888
chr22	-97	6	1471.0	0.4078857919782461
chr22	-96	2	1511.0	0.13236267372600927
chr22	-95	5	1548.0	0.32299741602067183
chr22	-94	14	1589.0	0.881057268722467
chr22	-93	2	1634.0	0.12239902080783352
chr22	-92	2	1677.0	0.11926058437686345
chr22	-91	13	1720.0	0.7558139534883721
chr22	-90	10	1776.0	0.5630630630630631
chr22	-89	7	1817.0	0.3852504127682994
chr22	-88	4	1862.0	0.21482277121374865
chr22	-87	0	1906.0	0.0
chr22	-86	4	1938.0	0.20639834881320948
chr22	-85	12	1981.0	0.6057546693589096
chr22	-84	9	2018.0	0.44598612487611494
chr22	-83	2	2070.0	0.0966183574879227
chr22	-82	13	2118.0	0.6137865911237016
chr22	-81	3	2159.0	0.13895321908290875
chr22	-80	1	2199.0	0.04547521600727603
chr22	-79	8	2253.0	0.35508211273857077
chr22	-78	3	2297.0	0.13060513713539398
chr22	-77	6	2332.0	0.2572898799313894
chr22	-76	1	2376.0	0.04208754208754208
chr22	-75	5	2422.0	0.20644095788604458
chr22	-74	5	2463.0	0.20300446609825418
chr22	-73	4	2510.0	0.1593625498007968
chr22	-72	15	2561.0	0.5857087075361187
chr22	-71	10	2599.0	0.38476337052712584
chr22	-70	4	2633.0	0.1519179642992784
chr22	-69	8	2675.0	0.29906542056074764
chr22	-68	13	2719.0	0.47811695476278043
chr22	-67	3	2756.0	0.10885341074020319
chr22	-66	5	2808.0	0.17806267806267806
chr22	-65	10	2844.0	0.35161744022503516
chr22	-64	23	2898.0	0.7936507936507936
chr22	-63	6	2945.0	0.20373514431239387
chr22	-62	7	2983.0	0.23466309084813944
chr22	-61	4	3021.0	0.132406487917908
chr22	-60	5	3071.0	0.16281341582546402
chr22	-59	5	3113.0	0.16061676839061997
chr22	-58	4	3154.0	0.12682308180088775
chr22	-57	3	3178.0	0.09439899307740718
chr22	-56	12	3229.0	0.37163208423660576
chr22	-55	3	3286.0	0.09129640900791236
chr22	-54	15	3320.0	0.4518072289156626
chr22	-53	9	3377.0	0.26650873556411014
chr22	-52	4	3429.0	0.11665208515602217
chr22	-51	14	3462.0	0.4043905257076834
chr22	-50	5	3500.0	0.14285714285714285
chr22	-49	15	3540.0	0.423728813559322
chr22	-48	6	3586.0	0.16731734523145567
chr22	-47	19	3620.0	0.5248618784530387
chr22	-46	4	3672.0	0.10893246187363835
chr22	-45	5	3715.0	0.13458950201884254
chr22	-44	23	3760.0	0.6117021276595744
chr22	-43	11	3799.0	0.2895498815477757
chr22	-42	6	3851.0	0.15580368735393405
chr22	-41	4	3891.0	0.10280133641737343
chr22	-40	24	3930.0	0.6106870229007634
chr22	-39	15	3963.0	0.3785011355034065
chr22	-38	13	3995.0	0.3254067584480601
chr22	-37	19	4033.0	0.4711133151500124
chr22	-36	5	4065.0	0.12300123001230012
chr22	-35	7	4094.0	0.1709819247679531
chr22	-34	15	4121.0	0.36398932297985925
chr22	-33	28	4177.0	0.6703375628441465
chr22	-32	6	4228.0	0.14191106906338694
chr22	-31	27	4260.0	0.6338028169014085
chr22	-30	7	4303.0	0.16267720195212643
chr22	-29	14	4328.0	0.32347504621072093
chr22	-28	21	4354.0	0.482315112540193
chr22	-27	10	4402.0	0.2271694684234439
chr22	-26	19	4437.0	0.42821726391706105
chr22	-25	6	4480.0	0.13392857142857142
chr22	-24	14	4539.0	0.30843798193434674
chr22	-23	15	4572.0	0.32808398950131235
chr22	-22	10	4601.0	0.21734405564007822
chr22	-21	13	4632.0	0.2806563039723662
chr22	-20	26	4670.0	0.556745182012848
chr22	-19	39	4720.0	0.826271186440678
chr22	-18	11	4755.0	0.23133543638275497
chr22	-17	22	4786.0	0.45967404931048894
chr22	-16	15	4812.0	0.3117206982543641
chr22	-15	19	4839.0	0.3926431080801819
chr22	-14	35	4879.0	0.7173601147776184
chr22	-13	23	4921.0	0.4673846779109937
chr22	-12	25	4968.0	0.5032206119162641
chr22	-11	12	5008.0	0.23961661341853036
chr22	-10	26	5015.0	0.518444666001994
chr22	-9	27	5054.0	0.5342303126236644
chr22	-8	29	5054.0	0.5738029283735655
chr22	-7	17	5005.0	0.33966033966033965
chr22	-6	27	5047.0	0.5349712700614226
chr22	-5	21	5054.0	0.41551246537396125
chr22	-4	21	5052.0	0.4156769596199525
chr22	-3	25	5052.0	0.49485352335708627
chr22	-2	40	5053.0	0.7916089451810805
chr22	-1	29	5043.0	0.5750545310331152
chr22	0	43	4937.0	0.870974275876038
chr22	1	41	4919.0	0.8335027444602562
chr22	2	40	4888.0	0.8183306055646482
chr22	3	20	4862.0	0.4113533525298231
chr22	4	20	4810.0	0.4158004158004158
chr22	5	30	4765.0	0.6295907660020986
chr22	6	31	4712.0	0.6578947368421052
chr22	7	45	4682.0	0.9611277231952157
chr22	8	39	4627.0	0.8428787551329154
chr22	9	46	4573.0	1.0059042204242292
chr22	10	34	4559.0	0.7457775828032464
chr22	11	69	4517.0	1.5275625415098517
chr22	12	20	4479.0	0.44652824291136417
chr22	13	38	4426.0	0.8585630366018979
chr22	14	37	4379.0	0.8449417675268326
chr22	15	27	4337.0	0.6225501498731842
chr22	16	51	4291.0	1.1885341412258215
chr22	17	23	4258.0	0.5401596993893847
chr22	18	58	4231.0	1.3708343181281022
chr22	19	20	4196.0	0.47664442326024786
chr22	20	32	4164.0	0.7684918347742555
chr22	21	24	4105.0	0.584652862362972
chr22	22	32	4058.0	0.7885657959586003
chr22	23	28	4019.0	0.6966907190843493
chr22	24	33	3976.0	0.829979879275654
chr22	25	21	3947.0	0.532049657968077
chr22	26	16	3907.0	0.4095213718965958
chr22	27	29	3866.0	0.7501293326435592
chr22	28	20	3821.0	0.5234231876472127
chr22	29	20	3782.0	0.5288207297726071
chr22	30	49	3738.0	1.3108614232209739
chr22	31	21	3703.0	0.5671077504725899
chr22	32	39	3656.0	1.0667396061269148
chr22	33	25	3621.0	0.6904170118751726
chr22	34	25	3575.0	0.6993006993006993
chr22	35	27	3531.0	0.7646559048428208
chr22	36	31	3484.0	0.8897818599311137
chr22	37	22	3458.0	0.6362058993637941
chr22	38	22	3408.0	0.6455399061032864
chr22	39	32	3370.0	0.9495548961424332
chr22	40	26	3326.0	0.7817197835237523
chr22	41	17	3278.0	0.5186089078706528
chr22	42	16	3219.0	0.4970487729108419
chr22	43	26	3181.0	0.817353033637221
chr22	44	14	3131.0	0.4471414883423826
chr22	45	29	3103.0	0.9345794392523363
chr22	46	21	3065.0	0.6851549755301795
chr22	47	14	3026.0	0.4626569729015202
chr22	48	31	2982.0	1.039570757880617
chr22	49	13	2926.0	0.4442925495557075
chr22	50	18	2887.0	0.6234845860755109
chr22	51	18	2850.0	0.631578947368421
chr22	52	13	2809.0	0.4627981488074048
chr22	53	25	2755.0	0.9074410163339384
chr22	54	24	2703.0	0.8879023307436182
chr22	55	26	2668.0	0.9745127436281859
chr22	56	25	2625.0	0.9523809523809524
chr22	57	14	2584.0	0.541795665634675
chr22	58	19	2543.0	0.7471490365709791
chr22	59	16	2492.0	0.6420545746388443
chr22	60	9	2447.0	0.36779730281977935
chr22	61	9	2406.0	0.3740648379052369
chr22	62	13	2367.0	0.5492184199408534
chr22	63	27	2319.0	1.1642949547218628
chr22	64	15	2281.0	0.657606313020605
chr22	65	14	2243.0	0.6241640659830584
chr22	66	9	2191.0	0.4107713372889092
chr22	67	15	2150.0	0.6976744186046512
chr22	68	8	2100.0	0.38095238095238093
chr22	69	6	2051.0	0.29254022428083865
chr22	70	21	2016.0	1.0416666666666665
chr22	71	30	1980.0	1.5151515151515151
chr22	72	8	1936.0	0.4132231404958678
chr22	73	16	1891.0	0.8461131676361713
chr22	74	15	1853.0	0.809498111171074
chr22	75	14	1814.0	0.7717750826901874
chr22	76	13	1768.0	0.7352941176470588
chr22	77	10	1718.0	0.5820721769499418
chr22	78	9	1690.0	0.5325443786982248
chr22	79	3	1633.0	0.1837109614206981
chr22	80	11	1575.0	0.6984126984126984
chr22	81	14	1546.0	0.9055627425614489
chr22	82	16	1506.0	1.0624169986719787
chr22	83	21	1463.0	1.4354066985645932
chr22	84	11	1421.0	0.7741027445460943
chr22	85	18	1383.0	1.3015184381778742
chr22	86	6	1334.0	0.4497751124437781
chr22	87	7	1282.0	0.5460218408736349
chr22	88	8	1246.0	0.6420545746388443
chr22	89	22	1209.0	1.8196856906534327
chr22	90	12	1167.0	1.0282776349614395
chr22	91	4	1125.0	0.35555555555555557
chr22	92	7	1084.0	0.6457564575645757
chr22	93	16	1049.0	1.5252621544327931
chr22	94	7	1016.0	0.6889763779527559
chr22	95	11	979.0	1.1235955056179776
chr22	96	2	954.0	0.20964360587002098
chr22	97	6	921.0	0.6514657980456027
chr22	98	4	874.0	0.4576659038901602
chr22	99	12	830.0	1.4457831325301205
chr22	100	5	784.0	0.6377551020408163
chr22	101	7	748.0	0.9358288770053476
chr22	102	14	713.0	1.9635343618513323
chr22	103	10	691.0	1.447178002894356
chr22	104	8	657.0	1.21765601217656
chr22	105	6	617.0	0.9724473257698543
chr22	106	4	574.0	0.6968641114982579
chr22	107	3	531.0	0.5649717514124294
chr22	108	5	486.0	1.02880658436214
chr22	109	2	452.0	0.4424778761061947
chr22	110	3	432.0	0.6944444444444444
chr22	111	3	397.0	0.7556675062972292
chr22	112	3	360.0	0.8333333333333334
chr22	113	2	317.0	0.6309148264984227
chr22	114	2	281.0	0.7117437722419928
chr22	115	2	250.0	0.8
chr22	116	1	224.0	0.4464285714285714
chr22	117	0	193.0	0.0
chr22	118	1	148.0	0.6756756756756757
chr22	119	0	111.0	0.0
chr22	120	0	67.0	0.0
chr22	121	0	30.0	0.0
chr22	122	0	0.0	nan
chr22	123	0	0.0	nan
chr22	124	0	0.0	nan
chr22	125	0	0.0	nan
chr22	126	0	0.0	nan
chr22	127	0	0.0	nan
chr22	128	0	0.0	nan
chr22	129	0	0.0	nan
chr22	130	0	0.0	nan
chr22	131	0	0.0	nan
chr22	132	0	0.0	nan
chr22	133	0	0.0	nan
chrX	-144	0	0.0	nan
chrX	-143	0	0.0	nan
chrX	-142	0	0.0	nan
chrX	-141	0	0.0	nan
chrX	-140	0	0.0	nan
chrX	-139	0	3.0	0.0
chrX	-138	0	3.0	0.0
chrX	-137	0	3.0	0.0
chrX	-136	0	4.0	0.0
chrX	-135	0	5.0	0.0
chrX	-134	0	5.0	0.0
chrX	-133	0	84.0	0.0
chrX	-132	0	190.0	0.0
chrX	-131	0	275.0	0.0
chrX	-130	5	373.0	1.3404825737265416
chrX	-129	0	460.0	0.0
chrX	-128	0	570.0	0.0
chrX	-127	2	669.0	0.29895366218236175
chrX	-126	1	763.0	0.1310615989515072
chrX	-125	0	867.0	0.0
chrX	-124	0	973.0	0.0
chrX	-123	2	1083.0	0.18467220683287164
chrX	-122	1	1174.0	0.08517887563884156
chrX	-121	3	1265.0	0.23715415019762848
chrX	-120	1	1354.0	0.07385524372230429
chrX	-119	1	1459.0	0.06854009595613435
chrX	-118	0	1547.0	0.0
chrX	-117	6	1644.0	0.36496350364963503
chrX	-116	1	1746.0	0.057273768613974804
chrX	-115	2	1848.0	0.10822510822510822
chrX	-114	1	1973.0	0.05068423720223011
chrX	-113	5	2081.0	0.2402691013935608
chrX	-112	4	2177.0	0.18373909049150206
chrX	-111	4	2277.0	0.1756697408871322
chrX	-110	0	2382.0	0.0
chrX	-109	6	2485.0	0.2414486921529175
chrX	-108	1	2577.0	0.038804811796662786
chrX	-107	8	2678.0	0.2987303958177745
chrX	-106	9	2779.0	0.3238575026988125
chrX	-105	6	2859.0	0.2098635886673662
chrX	-104	1	2958.0	0.03380662609871535
chrX	-103	1	3050.0	0.03278688524590164
chrX	-102	8	3146.0	0.25429116338207247
chrX	-101	7	3247.0	0.21558361564521095
chrX	-100	4	3339.0	0.11979634621144056
chrX	-99	6	3454.0	0.17371163867979156
chrX	-98	9	3542.0	0.2540937323546019
chrX	-97	2	3643.0	0.05489980785067252
chrX	-96	6	3765.0	0.1593625498007968
chrX	-95	3	3859.0	0.07774034724021767
chrX	-94	8	3965.0	0.201765447667087
chrX	-93	2	4055.0	0.04932182490752158
chrX	-92	2	4168.0	0.04798464491362764
chrX	-91	6	4270.0	0.1405152224824356
chrX	-90	1	4371.0	0.022878059940517045
chrX	-89	4	4453.0	0.08982708286548395
chrX	-88	5	4564.0	0.10955302366345311
chrX	-87	2	4688.0	0.042662116040955635
chrX	-86	5	4772.0	0.10477787091366303
chrX	-85	10	4881.0	0.2048760499897562
chrX	-84	7	4977.0	0.14064697609001406
chrX	-83	14	5076.0	0.27580772261623326
chrX	-82	11	5195.0	0.21174205967276227
chrX	-81	24	5303.0	0.4525740147086555
chrX	-80	8	5403.0	0.14806588932074774
chrX	-79	14	5500.0	0.2545454545454546
chrX	-78	21	5588.0	0.37580529706513954
chrX	-77	10	5696.0	0.17556179775280897
chrX	-76	7	5804.0	0.1206064782908339
chrX	-75	3	5915.0	0.0507185122569738
chrX	-74	23	6004.0	0.38307794803464357
chrX	-73	18	6130.0	0.2936378466557912
chrX	-72	3	6223.0	0.04820825968182549
chrX	-71	7	6321.0	0.11074197120708748
chrX	-70	10	6449.0	0.15506280043417583
chrX	-69	17	6557.0	0.25926490773219457
chrX	-68	17	6657.0	0.25537028691602826
chrX	-67	6	6787.0	0.08840430234271401
chrX	-66	6	6880.0	0.0872093023255814
chrX	-65	38	6982.0	0.5442566599828129
chrX	-64	18	7062.0	0.2548853016142736
chrX	-63	12	7164.0	0.16750418760469013
chrX	-62	13	7277.0	0.17864504603545417
chrX	-61	9	7381.0	0.12193469719550196
chrX	-60	31	7497.0	0.41349873282646393
chrX	-59	69	7590.0	0.9090909090909091
chrX	-58	16	7687.0	0.20814361909717705
chrX	-57	26	7768.0	0.33470648815653964
chrX	-56	6	7864.0	0.0762970498474059
chrX	-55	12	7963.0	0.15069697350244882
chrX	-54	18	8029.0	0.22418732096151453
chrX	-53	13	8140.0	0.15970515970515972
chrX	-52	19	8246.0	0.2304147465437788
chrX	-51	12	8329.0	0.14407491895785807
chrX	-50	3	8448.0	0.03551136363636364
chrX	-49	21	8557.0	0.24541311207198785
chrX	-48	29	8657.0	0.3349890262215548
chrX	-47	10	8752.0	0.11425959780621572
chrX	-46	20	8851.0	0.22596316800361538
chrX	-45	8	8947.0	0.08941544651838605
chrX	-44	30	9046.0	0.33163829316825116
chrX	-43	16	9129.0	0.1752656369810494
chrX	-42	13	9235.0	0.14076881429344884
chrX	-41	18	9339.0	0.19274012206874397
chrX	-40	39	9477.0	0.411522633744856
chrX	-39	33	9589.0	0.34414433204713735
chrX	-38	15	9704.0	0.15457543281121186
chrX	-37	14	9786.0	0.14306151645207438
chrX	-36	8	9875.0	0.0810126582278481
chrX	-35	16	9965.0	0.16056196688409433
chrX	-34	14	10077.0	0.13893023717376204
chrX	-33	20	10184.0	0.19638648860958366
chrX	-32	26	10316.0	0.2520356727413726
chrX	-31	43	10437.0	0.4119957842291846
chrX	-30	35	10523.0	0.33260477050270837
chrX	-29	35	10638.0	0.3290092122579432
chrX	-28	37	10749.0	0.34421806679691136
chrX	-27	16	10838.0	0.14762871378483114
chrX	-26	16	10967.0	0.14589222212090816
chrX	-25	31	11038.0	0.2808479797064686
chrX	-24	13	11158.0	0.11650833482702992
chrX	-23	43	11250.0	0.3822222222222222
chrX	-22	26	11359.0	0.228893388502509
chrX	-21	33	11466.0	0.28780743066457354
chrX	-20	33	11568.0	0.28526970954356845
chrX	-19	37	11660.0	0.31732418524871353
chrX	-18	30	11744.0	0.255449591280654
chrX	-17	28	11843.0	0.23642658110276113
chrX	-16	30	11927.0	0.2515301416953131
chrX	-15	37	12025.0	0.3076923076923077
chrX	-14	29	12129.0	0.23909638057548027
chrX	-13	67	12208.0	0.5488204456094364
chrX	-12	38	12288.0	0.30924479166666663
chrX	-11	33	12357.0	0.2670551104637048
chrX	-10	29	12430.0	0.23330651649235717
chrX	-9	48	12438.0	0.3859141341051616
chrX	-8	36	12436.0	0.2894821486008363
chrX	-7	46	12438.0	0.3698343785174465
chrX	-6	41	12438.0	0.32963498954815884
chrX	-5	49	12436.0	0.39401736892891603
chrX	-4	38	12421.0	0.30593349971821915
chrX	-3	37	12419.0	0.2979305902246558
chrX	-2	62	12419.0	0.4992350430791529
chrX	-1	125	12386.0	1.0092039399321815
chrX	0	132	12080.0	1.0927152317880795
chrX	1	75	12011.0	0.6244276080259762
chrX	2	47	11930.0	0.393964794635373
chrX	3	59	11833.0	0.4986055945237894
chrX	4	48	11775.0	0.4076433121019108
chrX	5	69	11666.0	0.5914623692782445
chrX	6	67	11558.0	0.5796850666205225
chrX	7	79	11440.0	0.6905594405594405
chrX	8	70	11338.0	0.6173928382430763
chrX	9	77	11238.0	0.6851752980957465
chrX	10	66	11131.0	0.5929386398346959
chrX	11	57	11041.0	0.5162575853636446
chrX	12	102	10942.0	0.9321878998354963
chrX	13	52	10832.0	0.48005908419497784
chrX	14	78	10737.0	0.726459905001397
chrX	15	66	10629.0	0.6209427039232289
chrX	16	66	10532.0	0.6266616027345234
chrX	17	57	10420.0	0.5470249520153552
chrX	18	101	10309.0	0.9797264526142206
chrX	19	67	10194.0	0.6572493623700216
chrX	20	79	10082.0	0.7835746875619917
chrX	21	64	9985.0	0.6409614421632449
chrX	22	71	9865.0	0.7197161682716675
chrX	23	61	9780.0	0.623721881390593
chrX	24	78	9685.0	0.8053691275167786
chrX	25	47	9582.0	0.4905030265080359
chrX	26	68	9476.0	0.7176023638666104
chrX	27	63	9381.0	0.6715701950751519
chrX	28	66	9286.0	0.7107473616196425
chrX	29	84	9205.0	0.9125475285171103
chrX	30	77	9107.0	0.8455034588777863
chrX	31	50	9008.0	0.5550621669626998
chrX	32	44	8910.0	0.49382716049382713
chrX	33	58	8810.0	0.6583427922814983
chrX	34	49	8726.0	0.5615402246160899
chrX	35	43	8622.0	0.49872419392252376
chrX	36	58	8497.0	0.6825938566552902
chrX	37	53	8385.0	0.6320810971973763
chrX	38	77	8268.0	0.9313014029995162
chrX	39	66	8174.0	0.8074382187423538
chrX	40	47	8060.0	0.5831265508684864
chrX	41	45	7962.0	0.5651846269781462
chrX	42	55	7872.0	0.6986788617886178
chrX	43	59	7782.0	0.7581598560781291
chrX	44	30	7664.0	0.3914405010438413
chrX	45	72	7559.0	0.9525069453631433
chrX	46	43	7466.0	0.5759442807393518
chrX	47	53	7370.0	0.7191316146540028
chrX	48	44	7273.0	0.6049773133507493
chrX	49	37	7160.0	0.5167597765363128
chrX	50	44	7049.0	0.6242020144701376
chrX	51	54	6959.0	0.7759735594194568
chrX	52	48	6858.0	0.699912510936133
chrX	53	50	6751.0	0.7406310176270182
chrX	54	42	6659.0	0.6307253341342545
chrX	55	43	6571.0	0.654390503728504
chrX	56	47	6467.0	0.7267666615122932
chrX	57	50	6351.0	0.7872775940796726
chrX	58	84	6258.0	1.342281879194631
chrX	59	56	6132.0	0.91324200913242
chrX	60	50	6033.0	0.8287750704458811
chrX	61	46	5938.0	0.7746716066015493
chrX	62	27	5816.0	0.4642365887207703
chrX	63	42	5708.0	0.7358093903293622
chrX	64	50	5599.0	0.8930166101089481
chrX	65	38	5473.0	0.694317558925635
chrX	66	49	5397.0	0.9079118028534372
chrX	67	41	5302.0	0.7732930969445493
chrX	68	41	5214.0	0.7863444572305333
chrX	69	40	5113.0	0.7823195775474282
chrX	70	38	4994.0	0.7609130957148579
chrX	71	22	4882.0	0.4506349856616141
chrX	72	45	4783.0	0.940832113736149
chrX	73	41	4691.0	0.8740140694947771
chrX	74	28	4582.0	0.6110868616324749
chrX	75	36	4498.0	0.8003557136505114
chrX	76	38	4409.0	0.8618734406894988
chrX	77	41	4317.0	0.9497336113041464
chrX	78	27	4236.0	0.6373937677053824
chrX	79	32	4137.0	0.7735073724921441
chrX	80	41	4041.0	1.0146003464488988
chrX	81	53	3964.0	1.3370332996972756
chrX	82	37	3852.0	0.9605399792315681
chrX	83	23	3741.0	0.6148088746324512
chrX	84	18	3639.0	0.49464138499587795
chrX	85	20	3549.0	0.5635390250774865
chrX	86	23	3442.0	0.6682161533991865
chrX	87	24	3355.0	0.7153502235469449
chrX	88	11	3259.0	0.33752684872660327
chrX	89	14	3185.0	0.43956043956043955
chrX	90	23	3066.0	0.7501630789302022
chrX	91	21	2958.0	0.7099391480730223
chrX	92	17	2823.0	0.602196245129295
chrX	93	15	2725.0	0.5504587155963303
chrX	94	12	2638.0	0.45489006823351025
chrX	95	33	2555.0	1.2915851272015655
chrX	96	20	2472.0	0.8090614886731391
chrX	97	21	2374.0	0.8845829823083403
chrX	98	18	2245.0	0.8017817371937639
chrX	99	20	2157.0	0.927213722763097
chrX	100	7	2033.0	0.3443187407771766
chrX	101	21	1901.0	1.1046817464492371
chrX	102	16	1807.0	0.8854454897620365
chrX	103	20	1715.0	1.1661807580174928
chrX	104	14	1594.0	0.8782936010037641
chrX	105	16	1506.0	1.0624169986719787
chrX	106	15	1409.0	1.0645848119233499
chrX	107	8	1331.0	0.6010518407212623
chrX	108	9	1226.0	0.734094616639478
chrX	109	10	1126.0	0.8880994671403196
chrX	110	8	1026.0	0.7797270955165692
chrX	111	7	911.0	0.7683863885839737
chrX	112	7	815.0	0.8588957055214724
chrX	113	4	726.0	0.5509641873278237
chrX	114	6	639.0	0.9389671361502347
chrX	115	4	543.0	0.7366482504604052
chrX	116	2	459.0	0.4357298474945534
chrX	117	4	368.0	1.0869565217391304
chrX	118	5	274.0	1.824817518248175
chrX	119	0	199.0	0.0
chrX	120	0	120.0	0.0
chrX	121	0	62.0	0.0
chrX	122	0	0.0	nan
chrX	123	0	0.0	nan
chrX	124	0	0.0	nan
chrX	125	0	0.0	nan
chrX	126	0	0.0	nan
chrX	127	0	0.0	nan
chrX	128	0	0.0	nan
chrX	129	0	0.0	nan
chrX	130	0	0.0	nan
chrX	131	0	0.0	nan
chrX	132	0	0.0	nan
chrX	133	0	0.0	nan
chrX	134	0	0.0	nan
chrX	135	0	0.0	nan
chrX	136	0	0.0	nan
chrX	137	0	0.0	nan
