chr1	-157	0	0.0	nan
chr1	-156	0	0.0	nan
chr1	-155	0	0.0	nan
chr1	-154	0	0.0	nan
chr1	-153	0	0.0	nan
chr1	-152	0	0.0	nan
chr1	-151	0	0.0	nan
chr1	-150	0	0.0	nan
chr1	-149	0	0.0	nan
chr1	-148	0	0.0	nan
chr1	-147	0	0.0	nan
chr1	-146	0	0.0	nan
chr1	-145	0	0.0	nan
chr1	-144	0	0.0	nan
chr1	-143	0	0.0	nan
chr1	-142	0	0.0	nan
chr1	-141	0	0.0	nan
chr1	-140	0	0.0	nan
chr1	-139	0	16.0	0.0
chr1	-138	0	17.0	0.0
chr1	-137	0	20.0	0.0
chr1	-136	0	23.0	0.0
chr1	-135	0	25.0	0.0
chr1	-134	0	30.0	0.0
chr1	-133	0	35.0	0.0
chr1	-132	0	43.0	0.0
chr1	-131	0	54.0	0.0
chr1	-130	0	58.0	0.0
chr1	-129	0	68.0	0.0
chr1	-128	0	84.0	0.0
chr1	-127	0	101.0	0.0
chr1	-126	2	117.0	1.7094017094017095
chr1	-125	2	160.0	1.25
chr1	-124	0	213.0	0.0
chr1	-123	0	278.0	0.0
chr1	-122	0	345.0	0.0
chr1	-121	3	1041.0	0.2881844380403458
chr1	-120	10	1885.0	0.5305039787798408
chr1	-119	9	2908.0	0.30949105914718017
chr1	-118	10	4019.0	0.2488181139586962
chr1	-117	15	5428.0	0.2763448784082535
chr1	-116	30	6966.0	0.4306632213608958
chr1	-115	24	8469.0	0.28338646829613884
chr1	-114	26	10129.0	0.25668871556915784
chr1	-113	45	11909.0	0.3778654798891595
chr1	-112	30	13648.0	0.2198124267291911
chr1	-111	26	15439.0	0.16840468942289008
chr1	-110	31	17231.0	0.1799083047994893
chr1	-109	54	19084.0	0.2829595472647244
chr1	-108	51	21037.0	0.24243000427817654
chr1	-107	54	22933.0	0.235468538786901
chr1	-106	43	24844.0	0.1730800193205603
chr1	-105	70	26766.0	0.2615258163341553
chr1	-104	42	28622.0	0.146740269722591
chr1	-103	89	30654.0	0.2903373132380766
chr1	-102	51	32634.0	0.15627872770729914
chr1	-101	79	34885.0	0.22645836319334955
chr1	-100	62	36945.0	0.1678170253078901
chr1	-99	111	39097.0	0.28390925134920836
chr1	-98	99	41202.0	0.2402795980777632
chr1	-97	101	43266.0	0.2334396523829335
chr1	-96	91	45395.0	0.20046260601387816
chr1	-95	114	47549.0	0.23975267618667062
chr1	-94	100	49652.0	0.20140175622331427
chr1	-93	137	51791.0	0.26452472437296054
chr1	-92	108	54036.0	0.19986675549633579
chr1	-91	105	56286.0	0.18654727640976443
chr1	-90	99	58462.0	0.16934076836235504
chr1	-89	149	60560.0	0.2460369881109643
chr1	-88	179	62822.0	0.28493203018051
chr1	-87	140	65121.0	0.2149844136300118
chr1	-86	165	67505.0	0.2444263387897193
chr1	-85	135	69755.0	0.19353451365493513
chr1	-84	177	71981.0	0.24589822314221807
chr1	-83	206	74250.0	0.27744107744107743
chr1	-82	193	76557.0	0.2520997426753922
chr1	-81	242	78869.0	0.3068379211096882
chr1	-80	200	81063.0	0.24672168560255603
chr1	-79	256	83431.0	0.3068403830710408
chr1	-78	294	85750.0	0.34285714285714286
chr1	-77	210	87974.0	0.23870689067224407
chr1	-76	202	90329.0	0.22362696365508306
chr1	-75	266	92628.0	0.2871701861208274
chr1	-74	242	94962.0	0.2548387776163097
chr1	-73	205	97178.0	0.21095309637983906
chr1	-72	228	99431.0	0.22930474399332199
chr1	-71	216	101751.0	0.21228292596632958
chr1	-70	224	103997.0	0.2153908285815937
chr1	-69	267	106294.0	0.251190095395789
chr1	-68	300	108584.0	0.2762837987180432
chr1	-67	250	110854.0	0.22552185757843649
chr1	-66	305	113054.0	0.26978258177508097
chr1	-65	225	115319.0	0.19511095309532686
chr1	-64	192	117568.0	0.16330974414806748
chr1	-63	239	119698.0	0.199669167404635
chr1	-62	323	121960.0	0.2648409314529354
chr1	-61	315	124286.0	0.2534476932236937
chr1	-60	308	126548.0	0.24338590890413125
chr1	-59	407	128867.0	0.31582949863037085
chr1	-58	333	131053.0	0.25409567121698856
chr1	-57	376	133307.0	0.28205570600193536
chr1	-56	366	135568.0	0.26997521539006253
chr1	-55	444	137905.0	0.3219607700953555
chr1	-54	403	140159.0	0.28753059025820676
chr1	-53	382	142605.0	0.2678727954840293
chr1	-52	384	145033.0	0.26476732881482146
chr1	-51	458	147383.0	0.31075497174029565
chr1	-50	355	149713.0	0.2371203569496303
chr1	-49	388	152165.0	0.2549863634870042
chr1	-48	333	154575.0	0.21542940320232895
chr1	-47	392	156854.0	0.24991393270174814
chr1	-46	492	159254.0	0.30894043477714844
chr1	-45	539	161643.0	0.3334508763138522
chr1	-44	488	164013.0	0.2975373903288154
chr1	-43	492	166463.0	0.29556117575677476
chr1	-42	468	168942.0	0.27701814824022447
chr1	-41	479	171327.0	0.27958231919078724
chr1	-40	491	173647.0	0.2827575483596031
chr1	-39	496	176040.0	0.28175414678482164
chr1	-38	515	178344.0	0.2887677746377787
chr1	-37	478	180699.0	0.26452830397511884
chr1	-36	607	183182.0	0.3313644353702875
chr1	-35	567	185576.0	0.30553519851704963
chr1	-34	610	188105.0	0.32428696738523693
chr1	-33	583	190613.0	0.30585531941682886
chr1	-32	570	193040.0	0.2952755905511811
chr1	-31	698	195487.0	0.3570569910019592
chr1	-30	642	198157.0	0.3239855266278759
chr1	-29	565	200658.0	0.28157362278105036
chr1	-28	720	203363.0	0.3540467046611232
chr1	-27	670	206068.0	0.3251353922006328
chr1	-26	564	208769.0	0.2701550517557683
chr1	-25	854	211385.0	0.4040021761241337
chr1	-24	597	213972.0	0.2790084683977343
chr1	-23	730	216683.0	0.3368976800210446
chr1	-22	1056	219543.0	0.48099916645030816
chr1	-21	832	222285.0	0.37429426187102144
chr1	-20	753	225052.0	0.334589339352683
chr1	-19	1002	227901.0	0.43966459120407547
chr1	-18	1052	230858.0	0.4556913773834998
chr1	-17	1080	233929.0	0.4616785434896913
chr1	-16	965	236822.0	0.4074790348869616
chr1	-15	1086	239946.0	0.45260183541296795
chr1	-14	990	243116.0	0.40721301765412393
chr1	-13	1116	246079.0	0.45351289626502056
chr1	-12	1160	249264.0	0.4653700494255087
chr1	-11	1216	252413.0	0.4817501475756003
chr1	-10	1221	255878.0	0.47718053134697
chr1	-9	1372	255938.0	0.5360673288061952
chr1	-8	1202	255737.0	0.4700141160645507
chr1	-7	1296	255759.0	0.5067270359987333
chr1	-6	1194	255731.0	0.46689685646245466
chr1	-5	1685	255633.0	0.6591480755614494
chr1	-4	1440	255378.0	0.5638700279585556
chr1	-3	1395	255171.0	0.5466922181595871
chr1	-2	1448	255013.0	0.5678141898648305
chr1	-1	4202	254361.0	1.65198281183043
chr1	0	3872	248655.0	1.5571776155717763
chr1	1	1452	247273.0	0.5872052347001088
chr1	2	1577	245421.0	0.6425692992857172
chr1	3	1736	243474.0	0.7130124777183601
chr1	4	1957	241398.0	0.8106943719500576
chr1	5	1520	239263.0	0.63528418518534
chr1	6	1547	237072.0	0.652544374704731
chr1	7	1472	234774.0	0.626985952447886
chr1	8	1541	232787.0	0.6619785469119839
chr1	9	1524	230538.0	0.6610623845092782
chr1	10	1407	228051.0	0.6169672573240196
chr1	11	1430	225891.0	0.6330486827717794
chr1	12	1340	223676.0	0.5990808133192653
chr1	13	1437	221384.0	0.6490983991616377
chr1	14	1492	219095.0	0.6809831351696752
chr1	15	1420	216718.0	0.6552293764246625
chr1	16	1489	214379.0	0.6945642996748749
chr1	17	1398	212025.0	0.6593562079943404
chr1	18	1443	209712.0	0.6880865186541543
chr1	19	1164	207308.0	0.5614833966851255
chr1	20	1314	205062.0	0.6407818123299295
chr1	21	1586	202795.0	0.7820705638699179
chr1	22	1162	200388.0	0.5798750424177096
chr1	23	1101	198133.0	0.555687341331328
chr1	24	1339	195906.0	0.6834910620399579
chr1	25	1074	193570.0	0.5548380430851888
chr1	26	1244	191205.0	0.6506106011872075
chr1	27	1266	188930.0	0.6700894511194622
chr1	28	1079	186648.0	0.5780935236380781
chr1	29	1060	184390.0	0.5748684852757742
chr1	30	1193	182041.0	0.6553468724078642
chr1	31	1086	179795.0	0.6040212464195334
chr1	32	1087	177559.0	0.6121908773984985
chr1	33	1150	175133.0	0.656643807848892
chr1	34	1026	172739.0	0.5939596732642889
chr1	35	989	170472.0	0.5801539255713548
chr1	36	1026	168207.0	0.6099627245001694
chr1	37	1089	165852.0	0.6566095072715433
chr1	38	989	163539.0	0.6047487143739414
chr1	39	1015	161192.0	0.6296838552781776
chr1	40	968	158873.0	0.6092916984006093
chr1	41	977	156647.0	0.6236953149437908
chr1	42	1023	154280.0	0.6630801140782991
chr1	43	1018	151979.0	0.669829384322834
chr1	44	1025	149620.0	0.6850688410640289
chr1	45	958	147347.0	0.6501659348340991
chr1	46	908	145149.0	0.6255640755361731
chr1	47	884	142924.0	0.6185105370686519
chr1	48	802	140669.0	0.5701327229169184
chr1	49	810	138328.0	0.5855647446648545
chr1	50	846	135938.0	0.6223425385102033
chr1	51	858	133595.0	0.6422396047756278
chr1	52	913	131390.0	0.6948778445848238
chr1	53	806	129117.0	0.624240030360061
chr1	54	793	126801.0	0.625389389673583
chr1	55	785	124596.0	0.6300362772480658
chr1	56	795	122305.0	0.6500143084910673
chr1	57	776	120056.0	0.6463650296528287
chr1	58	807	117774.0	0.6852106577003413
chr1	59	711	115471.0	0.6157390167228135
chr1	60	706	113149.0	0.6239560225896826
chr1	61	729	110888.0	0.6574200995599163
chr1	62	667	108555.0	0.6144350789922159
chr1	63	689	106388.0	0.6476294318908148
chr1	64	655	104007.0	0.6297653042583672
chr1	65	751	101791.0	0.737786248293071
chr1	66	655	99426.0	0.6587814052662282
chr1	67	707	97073.0	0.72831786387564
chr1	68	696	94589.0	0.7358149467697089
chr1	69	617	92311.0	0.6683927159276792
chr1	70	599	90015.0	0.6654446481142032
chr1	71	627	87656.0	0.7152961577074016
chr1	72	541	85307.0	0.6341800790087566
chr1	73	611	82962.0	0.7364817627347461
chr1	74	594	80503.0	0.7378607008434468
chr1	75	532	78158.0	0.6806724839427826
chr1	76	547	75770.0	0.7219216048568035
chr1	77	540	73398.0	0.7357148696149759
chr1	78	569	71017.0	0.8012166101074392
chr1	79	439	68584.0	0.6400909833197247
chr1	80	481	66169.0	0.7269265063700524
chr1	81	467	63759.0	0.7324456155209461
chr1	82	490	61331.0	0.7989434380655787
chr1	83	439	58919.0	0.7450907177650673
chr1	84	380	56502.0	0.6725425648649606
chr1	85	358	54181.0	0.6607482327753271
chr1	86	375	51802.0	0.7239102737346048
chr1	87	362	49452.0	0.7320229717706059
chr1	88	344	47087.0	0.7305625756578249
chr1	89	246	44639.0	0.5510876139698471
chr1	90	305	42170.0	0.7232629831633863
chr1	91	249	39770.0	0.626100075433744
chr1	92	289	37433.0	0.7720460556193732
chr1	93	222	35181.0	0.6310224268781445
chr1	94	232	32830.0	0.7066707279926896
chr1	95	245	30406.0	0.8057620206538184
chr1	96	208	28111.0	0.7399238732168901
chr1	97	192	25704.0	0.7469654528478058
chr1	98	168	23218.0	0.7235765354466362
chr1	99	141	20825.0	0.6770708283313326
chr1	100	141	18456.0	0.7639791937581275
chr1	101	99	16128.0	0.6138392857142857
chr1	102	131	13808.0	0.9487253765932793
chr1	103	96	11570.0	0.8297320656871219
chr1	104	64	9389.0	0.6816487378847588
chr1	105	49	7335.0	0.6680299931833674
chr1	106	42	5299.0	0.7926023778071334
chr1	107	27	3703.0	0.7291385363219012
chr1	108	18	2222.0	0.8100810081008101
chr1	109	11	945.0	1.164021164021164
chr1	110	0	5.0	0.0
chr1	111	0	3.0	0.0
chr1	112	1	2.0	50.0
chr1	113	0	0.0	nan
chr1	114	0	0.0	nan
chr1	115	0	0.0	nan
chr1	116	0	0.0	nan
chr1	117	0	0.0	nan
chr1	118	0	0.0	nan
chr1	119	0	0.0	nan
chr1	120	0	0.0	nan
chr1	121	0	0.0	nan
chr1	122	0	0.0	nan
chr1	123	0	0.0	nan
chr1	124	0	0.0	nan
chr1	125	0	0.0	nan
chr1	126	0	0.0	nan
chr1	127	0	0.0	nan
chr1	128	0	0.0	nan
chr1	129	0	0.0	nan
chr1	130	0	0.0	nan
chr1	131	0	0.0	nan
chr1	132	0	0.0	nan
chr1	133	0	0.0	nan
chr1	134	0	0.0	nan
chr1	135	0	0.0	nan
chr1	136	0	0.0	nan
chr1	137	0	0.0	nan
chr1	138	0	0.0	nan
chr1	139	0	0.0	nan
chr1	140	0	0.0	nan
chr1	141	0	0.0	nan
chr1	142	0	0.0	nan
chr1	143	0	0.0	nan
chr1	144	0	0.0	nan
chr1	145	0	0.0	nan
chr1	146	0	0.0	nan
chr1	147	0	0.0	nan
chr1	148	0	0.0	nan
chr1	149	0	0.0	nan
chr1	150	0	0.0	nan
chr2	-137	0	1.0	0.0
chr2	-136	0	2.0	0.0
chr2	-135	0	3.0	0.0
chr2	-134	0	3.0	0.0
chr2	-133	0	5.0	0.0
chr2	-132	0	6.0	0.0
chr2	-131	0	6.0	0.0
chr2	-130	0	7.0	0.0
chr2	-129	0	9.0	0.0
chr2	-128	0	9.0	0.0
chr2	-127	0	11.0	0.0
chr2	-126	0	13.0	0.0
chr2	-125	0	16.0	0.0
chr2	-124	0	18.0	0.0
chr2	-123	0	29.0	0.0
chr2	-122	0	39.0	0.0
chr2	-121	1	121.0	0.8264462809917356
chr2	-120	1	226.0	0.4424778761061947
chr2	-119	0	346.0	0.0
chr2	-118	2	495.0	0.40404040404040403
chr2	-117	3	642.0	0.46728971962616817
chr2	-116	0	785.0	0.0
chr2	-115	0	977.0	0.0
chr2	-114	3	1170.0	0.2564102564102564
chr2	-113	5	1367.0	0.36576444769568395
chr2	-112	4	1591.0	0.251414204902577
chr2	-111	2	1779.0	0.11242270938729623
chr2	-110	11	1996.0	0.5511022044088176
chr2	-109	9	2219.0	0.405588102748986
chr2	-108	1	2432.0	0.041118421052631575
chr2	-107	7	2650.0	0.2641509433962264
chr2	-106	8	2885.0	0.2772963604852686
chr2	-105	2	3120.0	0.0641025641025641
chr2	-104	14	3349.0	0.41803523439832785
chr2	-103	5	3592.0	0.13919821826280623
chr2	-102	6	3820.0	0.15706806282722513
chr2	-101	21	4047.0	0.5189028910303929
chr2	-100	18	4305.0	0.4181184668989547
chr2	-99	5	4545.0	0.11001100110011
chr2	-98	4	4778.0	0.08371703641691085
chr2	-97	9	5006.0	0.1797842588893328
chr2	-96	8	5227.0	0.15305146355462024
chr2	-95	8	5464.0	0.14641288433382138
chr2	-94	11	5728.0	0.19203910614525138
chr2	-93	6	6004.0	0.09993337774816789
chr2	-92	5	6247.0	0.08003841844085162
chr2	-91	15	6494.0	0.2309824453341546
chr2	-90	15	6738.0	0.22261798753339268
chr2	-89	14	7021.0	0.19940179461615154
chr2	-88	17	7270.0	0.23383768913342504
chr2	-87	23	7510.0	0.3062583222370173
chr2	-86	8	7777.0	0.10286742960010287
chr2	-85	18	8044.0	0.22376926902038788
chr2	-84	24	8316.0	0.2886002886002886
chr2	-83	22	8576.0	0.25652985074626866
chr2	-82	11	8791.0	0.12512797178933
chr2	-81	29	9083.0	0.3192777716613454
chr2	-80	19	9315.0	0.20397208803005903
chr2	-79	13	9542.0	0.13623978201634876
chr2	-78	15	9787.0	0.15326453458669664
chr2	-77	8	10030.0	0.07976071784646062
chr2	-76	49	10296.0	0.4759129759129759
chr2	-75	50	10599.0	0.4717426172280404
chr2	-74	31	10858.0	0.2855037760176828
chr2	-73	49	11108.0	0.44112351458408355
chr2	-72	30	11381.0	0.26359722344257974
chr2	-71	34	11685.0	0.29097133076593923
chr2	-70	47	11905.0	0.3947921041579168
chr2	-69	38	12169.0	0.31226887994083324
chr2	-68	25	12489.0	0.20017615501641445
chr2	-67	64	12780.0	0.5007824726134585
chr2	-66	23	13058.0	0.17613723387961402
chr2	-65	39	13331.0	0.2925511964593804
chr2	-64	31	13641.0	0.22725606627080125
chr2	-63	50	13870.0	0.3604902667627974
chr2	-62	36	14155.0	0.2543270929000353
chr2	-61	44	14450.0	0.3044982698961938
chr2	-60	24	14734.0	0.1628885570788652
chr2	-59	25	14978.0	0.16691147015622912
chr2	-58	38	15222.0	0.24963868085665486
chr2	-57	73	15508.0	0.4707247872066031
chr2	-56	38	15794.0	0.2405976953273395
chr2	-55	53	16026.0	0.33071259203793835
chr2	-54	51	16312.0	0.3126532614026484
chr2	-53	59	16596.0	0.3555073511689564
chr2	-52	55	16860.0	0.3262158956109134
chr2	-51	50	17165.0	0.29129041654529564
chr2	-50	73	17472.0	0.4178113553113553
chr2	-49	80	17761.0	0.4504250886774393
chr2	-48	33	18032.0	0.18300798580301686
chr2	-47	81	18331.0	0.44187442038077573
chr2	-46	62	18584.0	0.3336203185535945
chr2	-45	110	18852.0	0.5834924676426904
chr2	-44	38	19143.0	0.19850598129864702
chr2	-43	76	19454.0	0.3906651588362291
chr2	-42	31	19744.0	0.1570097244732577
chr2	-41	53	20027.0	0.26464273231137964
chr2	-40	81	20331.0	0.398406374501992
chr2	-39	50	20558.0	0.24321432045918862
chr2	-38	89	20810.0	0.4276790004805382
chr2	-37	78	21055.0	0.3704583234386132
chr2	-36	63	21329.0	0.29537249753856254
chr2	-35	50	21604.0	0.231438622477319
chr2	-34	48	21834.0	0.21984061555372353
chr2	-33	55	22171.0	0.2480718055117045
chr2	-32	75	22470.0	0.33377837116154874
chr2	-31	90	22821.0	0.39437360326015514
chr2	-30	62	23133.0	0.26801538927073876
chr2	-29	57	23397.0	0.24362097704833954
chr2	-28	50	23696.0	0.2110060769750169
chr2	-27	99	24074.0	0.4112320345601063
chr2	-26	103	24411.0	0.42194092827004215
chr2	-25	102	24726.0	0.41252123271050717
chr2	-24	102	24984.0	0.40826128722382327
chr2	-23	129	25311.0	0.50965983169373
chr2	-22	79	25626.0	0.30828065246234293
chr2	-21	161	25982.0	0.6196597644523132
chr2	-20	95	26299.0	0.3612304650366934
chr2	-19	56	26644.0	0.21017865185407597
chr2	-18	111	26980.0	0.4114158636026687
chr2	-17	97	27303.0	0.35527231439768525
chr2	-16	120	27646.0	0.4340591767344281
chr2	-15	163	28045.0	0.581208771617044
chr2	-14	110	28410.0	0.3871876099964801
chr2	-13	156	28705.0	0.5434593276432677
chr2	-12	103	29079.0	0.35420750369682585
chr2	-11	144	29441.0	0.4891138208620631
chr2	-10	140	29776.0	0.4701773240193444
chr2	-9	151	29810.0	0.5065414290506541
chr2	-8	111	29798.0	0.37250822202832407
chr2	-7	235	29782.0	0.7890672218118326
chr2	-6	138	29806.0	0.462994028048044
chr2	-5	148	29790.0	0.4968110104061766
chr2	-4	132	29746.0	0.44375714381765613
chr2	-3	151	29766.0	0.5072901968689109
chr2	-2	192	29719.0	0.646051347622733
chr2	-1	394	29652.0	1.3287467961688926
chr2	0	379	28950.0	1.3091537132987912
chr2	1	185	28762.0	0.6432097906960573
chr2	2	177	28553.0	0.619899835393829
chr2	3	194	28308.0	0.6853186378408931
chr2	4	196	28133.0	0.6966907190843493
chr2	5	158	27927.0	0.5657607333404949
chr2	6	230	27638.0	0.8321875678413778
chr2	7	156	27395.0	0.5694469793757986
chr2	8	192	27145.0	0.7073125805857432
chr2	9	133	26864.0	0.4950863609291245
chr2	10	205	26560.0	0.7718373493975903
chr2	11	143	26297.0	0.5437882648210822
chr2	12	182	26006.0	0.6998384988079673
chr2	13	135	25806.0	0.5231341548477099
chr2	14	191	25557.0	0.7473490628790547
chr2	15	175	25270.0	0.6925207756232686
chr2	16	143	25024.0	0.5714514066496164
chr2	17	146	24744.0	0.590042030391206
chr2	18	126	24472.0	0.5148741418764302
chr2	19	157	24175.0	0.6494312306101344
chr2	20	208	23905.0	0.870110855469567
chr2	21	132	23623.0	0.5587774626423401
chr2	22	149	23386.0	0.6371333276319165
chr2	23	148	23122.0	0.6400830377994983
chr2	24	167	22892.0	0.7295124934474926
chr2	25	153	22620.0	0.6763925729442971
chr2	26	143	22328.0	0.6404514510927983
chr2	27	97	22019.0	0.4405286343612335
chr2	28	147	21742.0	0.6761107533805538
chr2	29	159	21458.0	0.7409823841923758
chr2	30	125	21215.0	0.5892057506481263
chr2	31	150	20955.0	0.7158196134574087
chr2	32	120	20672.0	0.5804953560371517
chr2	33	140	20423.0	0.6855016403074964
chr2	34	112	20146.0	0.5559416261292565
chr2	35	136	19869.0	0.6844833660476118
chr2	36	157	19610.0	0.8006119326874044
chr2	37	140	19335.0	0.7240755107318334
chr2	38	111	19075.0	0.581913499344692
chr2	39	128	18827.0	0.6798746481117544
chr2	40	99	18570.0	0.5331179321486268
chr2	41	102	18313.0	0.5569813793480041
chr2	42	121	18056.0	0.6701373504652194
chr2	43	98	17801.0	0.5505308690523004
chr2	44	145	17550.0	0.8262108262108263
chr2	45	104	17258.0	0.6026190752114962
chr2	46	106	16990.0	0.6238964096527368
chr2	47	88	16747.0	0.5254672478652893
chr2	48	144	16463.0	0.8746886958634514
chr2	49	124	16165.0	0.7670893906588307
chr2	50	133	15888.0	0.8371097683786506
chr2	51	109	15613.0	0.6981361685774675
chr2	52	90	15279.0	0.589043785588062
chr2	53	67	14998.0	0.44672623016402185
chr2	54	132	14744.0	0.8952794357026587
chr2	55	109	14472.0	0.7531785516860144
chr2	56	117	14220.0	0.8227848101265823
chr2	57	99	13991.0	0.707597741405189
chr2	58	77	13718.0	0.5613063128735967
chr2	59	78	13429.0	0.5808325266214909
chr2	60	125	13194.0	0.9474003334849175
chr2	61	88	12917.0	0.6812727413486103
chr2	62	94	12645.0	0.7433768287860815
chr2	63	80	12373.0	0.6465691424876747
chr2	64	73	12118.0	0.6024096385542169
chr2	65	79	11865.0	0.6658238516645596
chr2	66	110	11566.0	0.9510634618710012
chr2	67	85	11315.0	0.7512152010605391
chr2	68	94	11025.0	0.8526077097505669
chr2	69	73	10741.0	0.6796387673400986
chr2	70	94	10473.0	0.8975460708488494
chr2	71	70	10168.0	0.6884343036978757
chr2	72	87	9877.0	0.8808342614154095
chr2	73	81	9611.0	0.8427843096451982
chr2	74	71	9325.0	0.7613941018766757
chr2	75	82	9047.0	0.9063778047971702
chr2	76	47	8730.0	0.5383734249713631
chr2	77	59	8410.0	0.7015457788347206
chr2	78	40	8144.0	0.4911591355599214
chr2	79	52	7882.0	0.659731032732809
chr2	80	46	7619.0	0.6037537734610842
chr2	81	53	7352.0	0.720892274211099
chr2	82	40	7056.0	0.5668934240362812
chr2	83	64	6803.0	0.94076142878142
chr2	84	53	6523.0	0.8125095814809138
chr2	85	34	6288.0	0.5407124681933841
chr2	86	52	6007.0	0.8656567338105544
chr2	87	36	5721.0	0.6292606187729418
chr2	88	25	5446.0	0.45905251560778554
chr2	89	31	5146.0	0.6024096385542169
chr2	90	38	4881.0	0.7785289899610736
chr2	91	18	4627.0	0.38902096390749946
chr2	92	23	4330.0	0.5311778290993071
chr2	93	23	4032.0	0.5704365079365079
chr2	94	21	3753.0	0.5595523581135092
chr2	95	29	3496.0	0.8295194508009153
chr2	96	23	3234.0	0.7111935683364254
chr2	97	17	2984.0	0.5697050938337802
chr2	98	11	2716.0	0.40500736377025043
chr2	99	28	2408.0	1.1627906976744187
chr2	100	14	2119.0	0.6606890042472865
chr2	101	10	1853.0	0.5396654074473827
chr2	102	9	1558.0	0.5776636713735559
chr2	103	9	1299.0	0.6928406466512702
chr2	104	11	1044.0	1.053639846743295
chr2	105	7	837.0	0.8363201911589008
chr2	106	6	600.0	1.0
chr2	107	5	396.0	1.2626262626262625
chr2	108	3	242.0	1.2396694214876034
chr2	109	2	114.0	1.7543859649122806
chr2	110	0	0.0	nan
chr2	111	0	0.0	nan
chr2	112	0	0.0	nan
chr2	113	0	0.0	nan
chr2	114	0	0.0	nan
chr2	115	0	0.0	nan
chr2	116	0	0.0	nan
chr2	117	0	0.0	nan
chr2	118	0	0.0	nan
chr2	119	0	0.0	nan
chr2	120	0	0.0	nan
chr2	121	0	0.0	nan
chr2	122	0	0.0	nan
chr2	123	0	0.0	nan
chr2	124	0	0.0	nan
chr2	125	0	0.0	nan
chr2	126	0	0.0	nan
chr2	127	0	0.0	nan
chr2	128	0	0.0	nan
chr2	129	0	0.0	nan
chr2	130	0	0.0	nan
chr2	131	0	0.0	nan
chr2	132	0	0.0	nan
chr2	133	0	0.0	nan
chr2	134	0	0.0	nan
chr2	135	0	0.0	nan
chr2	136	0	0.0	nan
chr2	137	0	0.0	nan
chr2	138	0	0.0	nan
chr2	139	0	0.0	nan
chr2	140	0	0.0	nan
chr10	-143	0	0.0	nan
chr10	-142	0	0.0	nan
chr10	-141	0	0.0	nan
chr10	-140	0	0.0	nan
chr10	-139	0	1.0	0.0
chr10	-138	0	1.0	0.0
chr10	-137	0	2.0	0.0
chr10	-136	0	2.0	0.0
chr10	-135	0	2.0	0.0
chr10	-134	0	2.0	0.0
chr10	-133	0	2.0	0.0
chr10	-132	0	4.0	0.0
chr10	-131	0	4.0	0.0
chr10	-130	0	5.0	0.0
chr10	-129	0	5.0	0.0
chr10	-128	0	5.0	0.0
chr10	-127	0	5.0	0.0
chr10	-126	0	5.0	0.0
chr10	-125	0	8.0	0.0
chr10	-124	0	8.0	0.0
chr10	-123	0	9.0	0.0
chr10	-122	0	9.0	0.0
chr10	-121	0	21.0	0.0
chr10	-120	0	36.0	0.0
chr10	-119	0	62.0	0.0
chr10	-118	0	89.0	0.0
chr10	-117	1	114.0	0.8771929824561403
chr10	-116	0	152.0	0.0
chr10	-115	0	170.0	0.0
chr10	-114	3	199.0	1.507537688442211
chr10	-113	0	231.0	0.0
chr10	-112	0	266.0	0.0
chr10	-111	1	301.0	0.33222591362126247
chr10	-110	5	339.0	1.4749262536873156
chr10	-109	0	376.0	0.0
chr10	-108	0	413.0	0.0
chr10	-107	1	452.0	0.22123893805309736
chr10	-106	3	495.0	0.6060606060606061
chr10	-105	1	548.0	0.18248175182481752
chr10	-104	2	610.0	0.32786885245901637
chr10	-103	1	647.0	0.1545595054095827
chr10	-102	3	688.0	0.436046511627907
chr10	-101	8	736.0	1.0869565217391304
chr10	-100	4	789.0	0.5069708491761723
chr10	-99	3	828.0	0.36231884057971014
chr10	-98	2	866.0	0.23094688221709006
chr10	-97	1	910.0	0.10989010989010989
chr10	-96	0	962.0	0.0
chr10	-95	1	1014.0	0.09861932938856016
chr10	-94	0	1072.0	0.0
chr10	-93	4	1106.0	0.3616636528028933
chr10	-92	2	1146.0	0.17452006980802792
chr10	-91	1	1197.0	0.0835421888053467
chr10	-90	0	1243.0	0.0
chr10	-89	2	1283.0	0.1558846453624318
chr10	-88	1	1324.0	0.0755287009063444
chr10	-87	2	1368.0	0.14619883040935672
chr10	-86	11	1432.0	0.7681564245810055
chr10	-85	3	1471.0	0.20394289598912305
chr10	-84	0	1529.0	0.0
chr10	-83	3	1583.0	0.18951358180669614
chr10	-82	5	1636.0	0.3056234718826406
chr10	-81	15	1676.0	0.8949880668257757
chr10	-80	9	1702.0	0.5287896592244419
chr10	-79	11	1749.0	0.628930817610063
chr10	-78	0	1810.0	0.0
chr10	-77	0	1856.0	0.0
chr10	-76	25	1899.0	1.3164823591363874
chr10	-75	5	1957.0	0.25549310168625444
chr10	-74	0	2006.0	0.0
chr10	-73	5	2057.0	0.24307243558580457
chr10	-72	1	2095.0	0.0477326968973747
chr10	-71	2	2153.0	0.09289363678588017
chr10	-70	0	2208.0	0.0
chr10	-69	2	2233.0	0.08956560680698611
chr10	-68	7	2281.0	0.3068829460762823
chr10	-67	7	2318.0	0.30198446937014667
chr10	-66	8	2356.0	0.3395585738539898
chr10	-65	6	2419.0	0.24803637866887143
chr10	-64	9	2458.0	0.3661513425549227
chr10	-63	13	2488.0	0.522508038585209
chr10	-62	4	2518.0	0.15885623510722796
chr10	-61	5	2566.0	0.19485580670303976
chr10	-60	0	2610.0	0.0
chr10	-59	11	2648.0	0.4154078549848943
chr10	-58	0	2700.0	0.0
chr10	-57	6	2742.0	0.2188183807439825
chr10	-56	6	2802.0	0.21413276231263384
chr10	-55	0	2842.0	0.0
chr10	-54	4	2882.0	0.13879250520471895
chr10	-53	3	2950.0	0.1016949152542373
chr10	-52	2	2999.0	0.06668889629876625
chr10	-51	3	3035.0	0.09884678747940692
chr10	-50	4	3087.0	0.12957563977972142
chr10	-49	8	3132.0	0.2554278416347382
chr10	-48	13	3171.0	0.4099653106275623
chr10	-47	9	3220.0	0.27950310559006214
chr10	-46	4	3271.0	0.12228676245796392
chr10	-45	7	3318.0	0.21097046413502107
chr10	-44	4	3371.0	0.11865915158706616
chr10	-43	9	3419.0	0.26323486399532026
chr10	-42	4	3478.0	0.11500862564692352
chr10	-41	16	3515.0	0.4551920341394026
chr10	-40	5	3587.0	0.1393922497909116
chr10	-39	5	3635.0	0.1375515818431912
chr10	-38	1	3679.0	0.02718129926610492
chr10	-37	1	3720.0	0.026881720430107527
chr10	-36	24	3792.0	0.6329113924050633
chr10	-35	14	3853.0	0.3633532312483779
chr10	-34	7	3913.0	0.17889087656529518
chr10	-33	10	3970.0	0.2518891687657431
chr10	-32	20	4003.0	0.4996252810392206
chr10	-31	21	4065.0	0.5166051660516605
chr10	-30	17	4117.0	0.41292203060480936
chr10	-29	15	4168.0	0.3598848368522073
chr10	-28	6	4225.0	0.14201183431952663
chr10	-27	10	4248.0	0.23540489642184556
chr10	-26	16	4325.0	0.3699421965317919
chr10	-25	12	4367.0	0.27478818410808337
chr10	-24	13	4433.0	0.2932551319648094
chr10	-23	2	4498.0	0.044464206313917294
chr10	-22	12	4572.0	0.26246719160104987
chr10	-21	20	4626.0	0.43233895373973197
chr10	-20	17	4696.0	0.36201022146507666
chr10	-19	14	4743.0	0.2951718321737297
chr10	-18	9	4806.0	0.18726591760299627
chr10	-17	6	4899.0	0.1224739742804654
chr10	-16	12	4962.0	0.24183796856106407
chr10	-15	8	5027.0	0.15914064054107818
chr10	-14	17	5073.0	0.3351074315000986
chr10	-13	31	5145.0	0.6025267249757046
chr10	-12	21	5211.0	0.40299366724237184
chr10	-11	9	5282.0	0.17039000378644453
chr10	-10	18	5355.0	0.33613445378151263
chr10	-9	50	5354.0	0.9338812103100484
chr10	-8	16	5353.0	0.29889781430973283
chr10	-7	13	5354.0	0.24280911468061261
chr10	-6	27	5356.0	0.5041075429424944
chr10	-5	24	5355.0	0.44817927170868344
chr10	-4	20	5355.0	0.3734827264239029
chr10	-3	27	5356.0	0.5041075429424944
chr10	-2	36	5356.0	0.6721433905899925
chr10	-1	55	5357.0	1.0266940451745379
chr10	0	71	5244.0	1.3539282990083905
chr10	1	28	5202.0	0.5382545174932718
chr10	2	27	5150.0	0.5242718446601942
chr10	3	28	5107.0	0.5482670843939691
chr10	4	19	5046.0	0.3765358699960365
chr10	5	30	5000.0	0.6
chr10	6	31	4953.0	0.6258833030486574
chr10	7	25	4915.0	0.508646998982706
chr10	8	36	4876.0	0.7383100902378998
chr10	9	34	4834.0	0.703351261894911
chr10	10	47	4783.0	0.9826468743466444
chr10	11	17	4727.0	0.35963613285381846
chr10	12	24	4681.0	0.5127109591967528
chr10	13	43	4639.0	0.9269239060142271
chr10	14	18	4588.0	0.3923278116826504
chr10	15	18	4545.0	0.39603960396039606
chr10	16	24	4508.0	0.5323868677905945
chr10	17	39	4450.0	0.8764044943820225
chr10	18	28	4405.0	0.6356413166855845
chr10	19	40	4356.0	0.9182736455463728
chr10	20	19	4297.0	0.44216895508494297
chr10	21	12	4232.0	0.28355387523629494
chr10	22	17	4176.0	0.407088122605364
chr10	23	20	4139.0	0.48320850446967867
chr10	24	26	4088.0	0.6360078277886496
chr10	25	27	4027.0	0.6704742984852247
chr10	26	19	3964.0	0.479313824419778
chr10	27	14	3938.0	0.35551041137633316
chr10	28	46	3890.0	1.1825192802056554
chr10	29	31	3834.0	0.8085550339071466
chr10	30	40	3784.0	1.0570824524312896
chr10	31	32	3762.0	0.8506113769271665
chr10	32	23	3717.0	0.6187785848802798
chr10	33	20	3678.0	0.5437737901033171
chr10	34	22	3624.0	0.6070640176600441
chr10	35	35	3583.0	0.9768350544236674
chr10	36	29	3507.0	0.8269175933846592
chr10	37	18	3460.0	0.5202312138728323
chr10	38	12	3413.0	0.3515968356284793
chr10	39	13	3369.0	0.385871178391214
chr10	40	36	3317.0	1.0853180584865842
chr10	41	18	3265.0	0.5513016845329249
chr10	42	16	3200.0	0.5
chr10	43	10	3156.0	0.3168567807351077
chr10	44	17	3114.0	0.5459216441875401
chr10	45	23	3067.0	0.7499184871209651
chr10	46	27	3026.0	0.8922670191672175
chr10	47	24	2971.0	0.8078088185796028
chr10	48	24	2932.0	0.8185538881309686
chr10	49	18	2877.0	0.6256517205422315
chr10	50	17	2834.0	0.5998588567395907
chr10	51	21	2794.0	0.7516105941302791
chr10	52	18	2738.0	0.6574141709276844
chr10	53	12	2704.0	0.4437869822485207
chr10	54	12	2664.0	0.45045045045045046
chr10	55	14	2622.0	0.5339435545385203
chr10	56	18	2563.0	0.702301989855638
chr10	57	21	2525.0	0.8316831683168318
chr10	58	29	2485.0	1.1670020120724347
chr10	59	9	2448.0	0.3676470588235294
chr10	60	14	2403.0	0.5826050769870994
chr10	61	14	2360.0	0.5932203389830508
chr10	62	30	2303.0	1.3026487190620928
chr10	63	27	2256.0	1.196808510638298
chr10	64	25	2199.0	1.1368804001819008
chr10	65	16	2147.0	0.7452258965999069
chr10	66	18	2098.0	0.8579599618684461
chr10	67	12	2042.0	0.5876591576885406
chr10	68	13	1996.0	0.6513026052104208
chr10	69	14	1965.0	0.712468193384224
chr10	70	14	1909.0	0.7333682556312205
chr10	71	6	1864.0	0.3218884120171674
chr10	72	12	1819.0	0.6597031335898845
chr10	73	12	1768.0	0.6787330316742082
chr10	74	22	1732.0	1.2702078521939952
chr10	75	14	1693.0	0.8269344359125812
chr10	76	12	1637.0	0.7330482590103848
chr10	77	16	1601.0	0.9993753903810119
chr10	78	19	1551.0	1.2250161186331399
chr10	79	10	1498.0	0.6675567423230975
chr10	80	14	1440.0	0.9722222222222222
chr10	81	7	1395.0	0.5017921146953405
chr10	82	9	1340.0	0.6716417910447761
chr10	83	9	1273.0	0.7069913589945012
chr10	84	16	1214.0	1.3179571663920924
chr10	85	14	1161.0	1.2058570198105083
chr10	86	13	1108.0	1.1732851985559567
chr10	87	6	1061.0	0.5655042412818096
chr10	88	5	1007.0	0.49652432969215493
chr10	89	6	954.0	0.628930817610063
chr10	90	7	893.0	0.7838745800671892
chr10	91	7	856.0	0.8177570093457943
chr10	92	2	801.0	0.24968789013732834
chr10	93	2	746.0	0.2680965147453083
chr10	94	4	717.0	0.5578800557880056
chr10	95	4	670.0	0.5970149253731344
chr10	96	5	618.0	0.8090614886731391
chr10	97	1	559.0	0.17889087656529518
chr10	98	8	488.0	1.639344262295082
chr10	99	4	430.0	0.9302325581395349
chr10	100	6	374.0	1.6042780748663104
chr10	101	3	338.0	0.8875739644970414
chr10	102	1	281.0	0.3558718861209964
chr10	103	2	240.0	0.8333333333333334
chr10	104	1	184.0	0.5434782608695652
chr10	105	3	147.0	2.0408163265306123
chr10	106	0	107.0	0.0
chr10	107	1	81.0	1.2345679012345678
chr10	108	0	47.0	0.0
chr10	109	1	19.0	5.263157894736842
chr10	110	0	0.0	nan
chr10	111	0	0.0	nan
chr10	112	0	0.0	nan
chr10	113	0	0.0	nan
chr10	114	0	0.0	nan
chr10	115	0	0.0	nan
chr10	116	0	0.0	nan
chr10	117	0	0.0	nan
chr10	118	0	0.0	nan
chr10	119	0	0.0	nan
chr10	120	0	0.0	nan
chr10	121	0	0.0	nan
chr10	122	0	0.0	nan
chr10	123	0	0.0	nan
chr10	124	0	0.0	nan
chr10	125	0	0.0	nan
chr10	126	0	0.0	nan
chr10	127	0	0.0	nan
chr10	128	0	0.0	nan
chr10	129	0	0.0	nan
chr10	130	0	0.0	nan
chr10	131	0	0.0	nan
chr10	132	0	0.0	nan
chr10	133	0	0.0	nan
chr10	134	0	0.0	nan
chr10	135	0	0.0	nan
chr10	136	0	0.0	nan
chr10	137	0	0.0	nan
chr10	138	0	0.0	nan
chr10	139	0	0.0	nan
chr10	140	0	0.0	nan
chr10	141	0	0.0	nan
chr11	-157	0	0.0	nan
chr11	-156	0	0.0	nan
chr11	-155	0	0.0	nan
chr11	-154	0	0.0	nan
chr11	-153	0	0.0	nan
chr11	-152	0	0.0	nan
chr11	-151	0	0.0	nan
chr11	-150	0	0.0	nan
chr11	-149	0	0.0	nan
chr11	-148	0	0.0	nan
chr11	-147	0	0.0	nan
chr11	-146	0	0.0	nan
chr11	-145	0	0.0	nan
chr11	-144	0	0.0	nan
chr11	-143	0	0.0	nan
chr11	-142	0	0.0	nan
chr11	-141	0	0.0	nan
chr11	-140	0	0.0	nan
chr11	-139	0	4.0	0.0
chr11	-138	0	5.0	0.0
chr11	-137	0	5.0	0.0
chr11	-136	0	5.0	0.0
chr11	-135	0	7.0	0.0
chr11	-134	0	9.0	0.0
chr11	-133	0	10.0	0.0
chr11	-132	0	10.0	0.0
chr11	-131	0	11.0	0.0
chr11	-130	0	15.0	0.0
chr11	-129	0	16.0	0.0
chr11	-128	0	18.0	0.0
chr11	-127	0	21.0	0.0
chr11	-126	0	26.0	0.0
chr11	-125	0	30.0	0.0
chr11	-124	0	38.0	0.0
chr11	-123	2	43.0	4.651162790697675
chr11	-122	0	52.0	0.0
chr11	-121	1	126.0	0.7936507936507936
chr11	-120	1	266.0	0.37593984962406013
chr11	-119	1	430.0	0.23255813953488372
chr11	-118	1	609.0	0.16420361247947454
chr11	-117	3	858.0	0.34965034965034963
chr11	-116	3	1127.0	0.26619343389529726
chr11	-115	1	1378.0	0.07256894049346879
chr11	-114	1	1675.0	0.05970149253731343
chr11	-113	4	1971.0	0.20294266869609334
chr11	-112	9	2263.0	0.3977021652673442
chr11	-111	7	2566.0	0.2727981293842557
chr11	-110	9	2908.0	0.30949105914718017
chr11	-109	9	3201.0	0.28116213683223995
chr11	-108	6	3554.0	0.16882386043894204
chr11	-107	1	3847.0	0.02599428125812321
chr11	-106	8	4178.0	0.19147917663954045
chr11	-105	15	4542.0	0.33025099075297226
chr11	-104	7	4856.0	0.1441515650741351
chr11	-103	3	5207.0	0.05761474937584021
chr11	-102	17	5534.0	0.30719190458980844
chr11	-101	27	5860.0	0.46075085324232085
chr11	-100	9	6198.0	0.14520813165537272
chr11	-99	6	6492.0	0.09242144177449169
chr11	-98	24	6826.0	0.3515968356284793
chr11	-97	12	7184.0	0.16703786191536749
chr11	-96	26	7491.0	0.3470831664664264
chr11	-95	18	7817.0	0.2302673659971856
chr11	-94	15	8134.0	0.1844111138431276
chr11	-93	15	8520.0	0.17605633802816903
chr11	-92	12	8855.0	0.13551665725578768
chr11	-91	19	9205.0	0.2064095600217273
chr11	-90	38	9560.0	0.39748953974895396
chr11	-89	34	9950.0	0.3417085427135678
chr11	-88	14	10253.0	0.1365454013459475
chr11	-87	19	10603.0	0.17919456757521454
chr11	-86	18	10998.0	0.16366612111292964
chr11	-85	31	11359.0	0.2729113478299146
chr11	-84	25	11719.0	0.21332878231931052
chr11	-83	27	12095.0	0.2232327408019843
chr11	-82	9	12470.0	0.07217321571772253
chr11	-81	41	12788.0	0.32061307475758527
chr11	-80	26	13138.0	0.1978992236261227
chr11	-79	35	13502.0	0.25922085616945634
chr11	-78	39	13888.0	0.2808179723502304
chr11	-77	39	14244.0	0.2737994945240101
chr11	-76	34	14610.0	0.2327173169062286
chr11	-75	35	15006.0	0.23324003731840598
chr11	-74	34	15363.0	0.221310941873332
chr11	-73	41	15723.0	0.2607644851491446
chr11	-72	37	16101.0	0.22979939134215266
chr11	-71	22	16502.0	0.13331717367591808
chr11	-70	57	16878.0	0.33771773906861
chr11	-69	41	17223.0	0.23805376531382452
chr11	-68	43	17629.0	0.24391627432072152
chr11	-67	42	17944.0	0.23406152474364691
chr11	-66	68	18306.0	0.37146290833606466
chr11	-65	31	18660.0	0.16613076098606644
chr11	-64	50	19049.0	0.2624809701296656
chr11	-63	87	19407.0	0.448291853454939
chr11	-62	62	19755.0	0.313844596304733
chr11	-61	59	20142.0	0.29292026611061467
chr11	-60	42	20525.0	0.20462850182704018
chr11	-59	48	20871.0	0.22998418858703462
chr11	-58	36	21215.0	0.1696912561866604
chr11	-57	52	21626.0	0.24045130861000646
chr11	-56	67	21985.0	0.3047532408460314
chr11	-55	41	22338.0	0.18354373712955502
chr11	-54	49	22708.0	0.21578298397040688
chr11	-53	63	23104.0	0.27268005540166207
chr11	-52	84	23478.0	0.35778175313059035
chr11	-51	41	23862.0	0.1718213058419244
chr11	-50	60	24217.0	0.24775983813023908
chr11	-49	63	24567.0	0.2564415679570155
chr11	-48	64	24936.0	0.25665704202759065
chr11	-47	74	25351.0	0.29190170013017236
chr11	-46	42	25722.0	0.16328434802892466
chr11	-45	108	26104.0	0.4137296965982225
chr11	-44	84	26537.0	0.3165391717225006
chr11	-43	59	26880.0	0.21949404761904762
chr11	-42	57	27294.0	0.2088371070564959
chr11	-41	123	27664.0	0.44462116830537884
chr11	-40	68	28029.0	0.24260587248920762
chr11	-39	71	28388.0	0.2501056784556855
chr11	-38	101	28761.0	0.3511699871353569
chr11	-37	64	29180.0	0.21932830705962986
chr11	-36	77	29542.0	0.26064586013133845
chr11	-35	136	30003.0	0.45328800453288004
chr11	-34	73	30363.0	0.24042420050719623
chr11	-33	120	30757.0	0.39015508664694215
chr11	-32	80	31163.0	0.25671469370728106
chr11	-31	90	31622.0	0.28461197900196067
chr11	-30	50	32043.0	0.15604032081889962
chr11	-29	92	32448.0	0.28353057199211046
chr11	-28	63	32835.0	0.19186843307446325
chr11	-27	81	33252.0	0.2435943702634428
chr11	-26	109	33692.0	0.32351893624599315
chr11	-25	140	34122.0	0.4102924799249751
chr11	-24	85	34534.0	0.2461342445126542
chr11	-23	169	34978.0	0.48316084395905995
chr11	-22	96	35440.0	0.27088036117381487
chr11	-21	134	35918.0	0.3730719973272454
chr11	-20	207	36414.0	0.5684626791893228
chr11	-19	102	36889.0	0.27650519124942396
chr11	-18	104	37415.0	0.27796338366965123
chr11	-17	106	37908.0	0.27962435369842775
chr11	-16	217	38357.0	0.5657376750006518
chr11	-15	272	38807.0	0.7009044759965986
chr11	-14	131	39329.0	0.3330875435429327
chr11	-13	259	39817.0	0.6504759273677073
chr11	-12	150	40259.0	0.37258749596363544
chr11	-11	210	40772.0	0.5150593544589424
chr11	-10	173	41337.0	0.41851126109780584
chr11	-9	267	41319.0	0.6461918245843317
chr11	-8	168	41319.0	0.4065926087272199
chr11	-7	240	41337.0	0.5805936570142971
chr11	-6	177	41332.0	0.42823962063292365
chr11	-5	265	41320.0	0.6413359148112294
chr11	-4	285	41290.0	0.6902397674981835
chr11	-3	260	41250.0	0.6303030303030304
chr11	-2	232	41242.0	0.5625333397992338
chr11	-1	621	41149.0	1.5091496755692726
chr11	0	696	40300.0	1.7270471464019852
chr11	1	285	40075.0	0.7111665626949469
chr11	2	316	39690.0	0.7961703199798439
chr11	3	295	39366.0	0.7493776355230403
chr11	4	327	39042.0	0.8375595512524974
chr11	5	245	38667.0	0.6336152274549357
chr11	6	274	38320.0	0.7150313152400836
chr11	7	249	37962.0	0.6559190769717086
chr11	8	325	37570.0	0.8650519031141869
chr11	9	240	37236.0	0.6445375443119562
chr11	10	256	36815.0	0.6953687355697405
chr11	11	227	36444.0	0.6228734496762155
chr11	12	274	36064.0	0.7597604259094942
chr11	13	185	35635.0	0.5191525185912726
chr11	14	312	35264.0	0.8847549909255897
chr11	15	283	34918.0	0.8104702445729997
chr11	16	214	34499.0	0.6203078350097104
chr11	17	216	34150.0	0.6325036603221084
chr11	18	193	33746.0	0.5719196349196941
chr11	19	294	33405.0	0.8801077682981588
chr11	20	251	33042.0	0.7596392470189456
chr11	21	164	32685.0	0.5017592167661006
chr11	22	198	32296.0	0.6130790190735695
chr11	23	195	31934.0	0.6106344335191332
chr11	24	231	31620.0	0.730550284629981
chr11	25	204	31257.0	0.6526538055475573
chr11	26	170	30881.0	0.5505003076325249
chr11	27	169	30490.0	0.554280091833388
chr11	28	209	30137.0	0.6934996847728705
chr11	29	153	29792.0	0.5135606874328679
chr11	30	180	29419.0	0.6118494850266835
chr11	31	192	29058.0	0.6607474705760892
chr11	32	216	28745.0	0.7514350321795095
chr11	33	161	28347.0	0.5679613362966099
chr11	34	181	27933.0	0.64797909282927
chr11	35	166	27547.0	0.6026064544233491
chr11	36	158	27116.0	0.582681811476619
chr11	37	227	26724.0	0.8494237389612334
chr11	38	158	26390.0	0.5987116331943918
chr11	39	180	26004.0	0.6922011998154131
chr11	40	180	25652.0	0.7016996725401528
chr11	41	178	25281.0	0.7040860725445988
chr11	42	164	24857.0	0.6597739067465905
chr11	43	177	24499.0	0.7224784685089187
chr11	44	192	24121.0	0.7959868993822811
chr11	45	144	23733.0	0.6067500948047023
chr11	46	173	23339.0	0.7412485539226188
chr11	47	166	22971.0	0.7226502982020808
chr11	48	157	22608.0	0.6944444444444444
chr11	49	162	22236.0	0.7285483000539665
chr11	50	141	21931.0	0.6429255391910993
chr11	51	208	21546.0	0.9653764039728951
chr11	52	160	21166.0	0.7559293206085231
chr11	53	146	20812.0	0.7015183547953104
chr11	54	146	20440.0	0.7142857142857143
chr11	55	166	20066.0	0.8272700089703976
chr11	56	144	19692.0	0.7312614259597806
chr11	57	140	19353.0	0.7234020565287036
chr11	58	128	19032.0	0.6725514922236233
chr11	59	148	18652.0	0.7934805918936307
chr11	60	128	18322.0	0.6986136884619583
chr11	61	144	17957.0	0.8019156874756362
chr11	62	132	17633.0	0.7485963817841547
chr11	63	101	17241.0	0.5858128878835334
chr11	64	134	16884.0	0.7936507936507936
chr11	65	132	16556.0	0.7972940323749699
chr11	66	121	16121.0	0.7505737857453012
chr11	67	128	15765.0	0.8119251506501745
chr11	68	87	15397.0	0.5650451386633759
chr11	69	119	14980.0	0.794392523364486
chr11	70	111	14625.0	0.7589743589743589
chr11	71	111	14287.0	0.7769300762931336
chr11	72	107	13911.0	0.7691754726475452
chr11	73	107	13560.0	0.7890855457227138
chr11	74	100	13162.0	0.759762953958365
chr11	75	101	12734.0	0.7931521909847652
chr11	76	86	12330.0	0.6974858069748581
chr11	77	81	11997.0	0.6751687921980495
chr11	78	88	11604.0	0.7583591864874182
chr11	79	78	11292.0	0.6907545164718385
chr11	80	100	10927.0	0.9151642719868217
chr11	81	72	10558.0	0.6819473385110817
chr11	82	70	10178.0	0.6877579092159559
chr11	83	94	9789.0	0.9602615180304422
chr11	84	57	9357.0	0.6091696056428343
chr11	85	57	8978.0	0.6348852751169526
chr11	86	60	8604.0	0.697350069735007
chr11	87	51	8207.0	0.6214207383940539
chr11	88	68	7786.0	0.8733624454148471
chr11	89	83	7426.0	1.1176945865876649
chr11	90	56	7051.0	0.7942135867252872
chr11	91	54	6656.0	0.811298076923077
chr11	92	31	6232.0	0.4974326059050065
chr11	93	41	5813.0	0.7053156717701703
chr11	94	30	5410.0	0.5545286506469501
chr11	95	55	5031.0	1.0932220234545815
chr11	96	35	4642.0	0.7539853511417492
chr11	97	45	4294.0	1.047973917093619
chr11	98	34	3871.0	0.8783260139498837
chr11	99	28	3504.0	0.7990867579908676
chr11	100	33	3094.0	1.0665804783451842
chr11	101	17	2667.0	0.6374203224596925
chr11	102	16	2272.0	0.7042253521126761
chr11	103	9	1882.0	0.4782146652497344
chr11	104	13	1548.0	0.8397932816537468
chr11	105	12	1170.0	1.0256410256410255
chr11	106	4	874.0	0.4576659038901602
chr11	107	3	598.0	0.5016722408026756
chr11	108	2	381.0	0.5249343832020997
chr11	109	2	157.0	1.2738853503184715
chr11	110	0	1.0	0.0
chr11	111	0	0.0	nan
chr11	112	0	0.0	nan
chr11	113	0	0.0	nan
chr11	114	0	0.0	nan
chr11	115	0	0.0	nan
chr11	116	0	0.0	nan
chr11	117	0	0.0	nan
chr11	118	0	0.0	nan
chr11	119	0	0.0	nan
chr11	120	0	0.0	nan
chr11	121	0	0.0	nan
chr11	122	0	0.0	nan
chr11	123	0	0.0	nan
chr11	124	0	0.0	nan
chr11	125	0	0.0	nan
chr11	126	0	0.0	nan
chr11	127	0	0.0	nan
chr11	128	0	0.0	nan
chr11	129	0	0.0	nan
chr11	130	0	0.0	nan
chr11	131	0	0.0	nan
chr11	132	0	0.0	nan
chr11	133	0	0.0	nan
chr11	134	0	0.0	nan
chr11	135	0	0.0	nan
chr11	136	0	0.0	nan
chr11	137	0	0.0	nan
chr11	138	0	0.0	nan
chr11	139	0	0.0	nan
chr11	140	0	0.0	nan
chr11	141	0	0.0	nan
chr11	142	0	0.0	nan
chr11	143	0	0.0	nan
chr11	144	0	0.0	nan
chr11	145	0	0.0	nan
chr11	146	0	0.0	nan
chr11	147	0	0.0	nan
chr11	148	0	0.0	nan
chr11	149	0	0.0	nan
chr11	150	0	0.0	nan
chr11	151	0	0.0	nan
chr11	152	0	0.0	nan
chr11	153	0	0.0	nan
chr11	154	0	0.0	nan
chr11	155	0	0.0	nan
chr12	-153	0	0.0	nan
chr12	-152	0	0.0	nan
chr12	-151	0	0.0	nan
chr12	-150	0	0.0	nan
chr12	-149	0	0.0	nan
chr12	-148	0	0.0	nan
chr12	-147	0	0.0	nan
chr12	-146	0	0.0	nan
chr12	-145	0	0.0	nan
chr12	-144	0	0.0	nan
chr12	-143	0	0.0	nan
chr12	-142	0	0.0	nan
chr12	-141	0	0.0	nan
chr12	-140	0	0.0	nan
chr12	-139	0	12.0	0.0
chr12	-138	0	12.0	0.0
chr12	-137	0	12.0	0.0
chr12	-136	0	12.0	0.0
chr12	-135	4	14.0	28.57142857142857
chr12	-134	0	15.0	0.0
chr12	-133	0	15.0	0.0
chr12	-132	0	17.0	0.0
chr12	-131	0	19.0	0.0
chr12	-130	1	21.0	4.761904761904762
chr12	-129	0	25.0	0.0
chr12	-128	0	31.0	0.0
chr12	-127	0	34.0	0.0
chr12	-126	0	34.0	0.0
chr12	-125	1	43.0	2.3255813953488373
chr12	-124	2	49.0	4.081632653061225
chr12	-123	0	59.0	0.0
chr12	-122	0	72.0	0.0
chr12	-121	0	215.0	0.0
chr12	-120	6	398.0	1.507537688442211
chr12	-119	1	594.0	0.16835016835016833
chr12	-118	5	838.0	0.5966587112171837
chr12	-117	0	1085.0	0.0
chr12	-116	8	1357.0	0.5895357406042742
chr12	-115	6	1660.0	0.3614457831325301
chr12	-114	2	1976.0	0.10121457489878542
chr12	-113	3	2297.0	0.13060513713539398
chr12	-112	13	2664.0	0.487987987987988
chr12	-111	8	2983.0	0.2681863895407308
chr12	-110	5	3340.0	0.14970059880239522
chr12	-109	11	3689.0	0.29818378964489023
chr12	-108	9	4037.0	0.2229378251176616
chr12	-107	8	4386.0	0.1823985408116735
chr12	-106	7	4700.0	0.14893617021276595
chr12	-105	10	5041.0	0.19837333862328904
chr12	-104	8	5415.0	0.1477377654662973
chr12	-103	11	5765.0	0.19080659150043364
chr12	-102	11	6168.0	0.17833981841763943
chr12	-101	15	6557.0	0.22876315388134816
chr12	-100	16	6904.0	0.2317497103128621
chr12	-99	10	7288.0	0.13721185510428102
chr12	-98	25	7666.0	0.32611531437516306
chr12	-97	22	8050.0	0.27329192546583847
chr12	-96	33	8457.0	0.3902092940759134
chr12	-95	20	8836.0	0.22634676324128564
chr12	-94	22	9231.0	0.23832737514895458
chr12	-93	9	9667.0	0.09310023792283025
chr12	-92	25	10083.0	0.24794208072994148
chr12	-91	16	10524.0	0.15203344735841884
chr12	-90	23	10898.0	0.21104789869700863
chr12	-89	8	11342.0	0.07053429730206312
chr12	-88	52	11758.0	0.442252083687702
chr12	-87	21	12136.0	0.17303889255108768
chr12	-86	18	12613.0	0.14270990248156665
chr12	-85	37	13020.0	0.28417818740399386
chr12	-84	34	13482.0	0.2521881026553924
chr12	-83	18	13888.0	0.12960829493087558
chr12	-82	17	14315.0	0.11875654907439748
chr12	-81	48	14724.0	0.32599837000814996
chr12	-80	49	15175.0	0.3228995057660626
chr12	-79	51	15613.0	0.3266508678665215
chr12	-78	39	16088.0	0.2424167081054202
chr12	-77	50	16535.0	0.3023888720895071
chr12	-76	41	16994.0	0.24126162174885252
chr12	-75	44	17371.0	0.253295722756318
chr12	-74	55	17814.0	0.30874593016728413
chr12	-73	52	18270.0	0.2846195949644225
chr12	-72	45	18680.0	0.24089935760171305
chr12	-71	44	19141.0	0.2298730473851941
chr12	-70	30	19573.0	0.15327236499259184
chr12	-69	59	19974.0	0.29538399919895864
chr12	-68	46	20449.0	0.22494987529952565
chr12	-67	72	20848.0	0.34535686876438987
chr12	-66	67	21305.0	0.31448016897441916
chr12	-65	55	21710.0	0.2533394748963611
chr12	-64	58	22136.0	0.26201662450307195
chr12	-63	46	22529.0	0.20418127746460119
chr12	-62	57	22989.0	0.24794466918961244
chr12	-61	102	23395.0	0.43599059628125664
chr12	-60	47	23838.0	0.19716419162681434
chr12	-59	63	24259.0	0.2596974318809514
chr12	-58	47	24661.0	0.19058432342565185
chr12	-57	75	25100.0	0.29880478087649404
chr12	-56	83	25532.0	0.32508224972583427
chr12	-55	88	25988.0	0.3386178236108973
chr12	-54	73	26448.0	0.27601330913490624
chr12	-53	78	26889.0	0.29008144594443824
chr12	-52	45	27327.0	0.16467230211878361
chr12	-51	97	27722.0	0.34990260442969484
chr12	-50	83	28183.0	0.29450377887378915
chr12	-49	73	28638.0	0.25490606885955724
chr12	-48	79	29060.0	0.2718513420509291
chr12	-47	118	29494.0	0.4000813724825388
chr12	-46	77	29964.0	0.25697503671071953
chr12	-45	107	30381.0	0.35219380533886313
chr12	-44	76	30858.0	0.24628945492254842
chr12	-43	76	31346.0	0.24245517769412367
chr12	-42	87	31786.0	0.2737054048952369
chr12	-41	70	32215.0	0.21729008225981686
chr12	-40	93	32647.0	0.2848653781358164
chr12	-39	85	33052.0	0.2571705191818952
chr12	-38	93	33503.0	0.2775870817538728
chr12	-37	94	33946.0	0.27691038708537086
chr12	-36	130	34384.0	0.3780828292228944
chr12	-35	96	34785.0	0.2759810263044416
chr12	-34	82	35285.0	0.23239336828680743
chr12	-33	190	35742.0	0.5315874881092272
chr12	-32	107	36202.0	0.2955637810065742
chr12	-31	99	36687.0	0.2698503557118325
chr12	-30	105	37144.0	0.28268360973508505
chr12	-29	144	37607.0	0.3829074374451565
chr12	-28	124	38107.0	0.3253995328942189
chr12	-27	142	38620.0	0.36768513723459345
chr12	-26	181	39036.0	0.4636745568193462
chr12	-25	140	39527.0	0.3541882763680522
chr12	-24	128	40132.0	0.3189474733379846
chr12	-23	127	40589.0	0.31289265564561825
chr12	-22	133	41190.0	0.32289390628793396
chr12	-21	130	41718.0	0.3116160889783786
chr12	-20	210	42273.0	0.49677098857426727
chr12	-19	155	42773.0	0.36237813573983585
chr12	-18	207	43238.0	0.47874554789768253
chr12	-17	152	43768.0	0.3472856881740084
chr12	-16	253	44303.0	0.5710674220707401
chr12	-15	203	44864.0	0.4524786019971469
chr12	-14	213	45447.0	0.46867780051488545
chr12	-13	256	46060.0	0.5557967867998264
chr12	-12	221	46643.0	0.4738117188002487
chr12	-11	188	47228.0	0.3980689421529601
chr12	-10	243	47850.0	0.5078369905956113
chr12	-9	285	47846.0	0.5956610792960749
chr12	-8	231	47861.0	0.4826476672029419
chr12	-7	253	47890.0	0.5282940070996033
chr12	-6	229	47909.0	0.47798952180174914
chr12	-5	348	47840.0	0.7274247491638796
chr12	-4	294	47792.0	0.6151657181118179
chr12	-3	349	47775.0	0.7305075876504449
chr12	-2	313	47741.0	0.6556209547349239
chr12	-1	841	47630.0	1.7656938904052066
chr12	0	757	46550.0	1.6262083780880774
chr12	1	296	46222.0	0.6403876941716066
chr12	2	330	45867.0	0.7194715154686375
chr12	3	275	45486.0	0.6045816295123774
chr12	4	384	45159.0	0.850328838105361
chr12	5	302	44779.0	0.6744232787690658
chr12	6	316	44351.0	0.7124980271019818
chr12	7	263	43913.0	0.5989114840707763
chr12	8	291	43471.0	0.6694117917692255
chr12	9	320	43035.0	0.7435808063204369
chr12	10	245	42640.0	0.574577861163227
chr12	11	305	42215.0	0.7224920052114178
chr12	12	329	41816.0	0.7867801798354698
chr12	13	304	41415.0	0.7340335627188217
chr12	14	314	40993.0	0.7659844363671847
chr12	15	326	40520.0	0.8045409674234946
chr12	16	183	40107.0	0.456279452464657
chr12	17	303	39698.0	0.7632626328782306
chr12	18	254	39338.0	0.6456861050383853
chr12	19	271	38888.0	0.6968730713844888
chr12	20	278	38460.0	0.7228289131565263
chr12	21	248	38051.0	0.6517568526451342
chr12	22	229	37633.0	0.6085084898891929
chr12	23	241	37191.0	0.6480062380683499
chr12	24	272	36712.0	0.7409021573327522
chr12	25	242	36242.0	0.6677335687875945
chr12	26	264	35849.0	0.7364222154034981
chr12	27	278	35381.0	0.7857324552726039
chr12	28	210	34983.0	0.6002915701912357
chr12	29	256	34493.0	0.7421795726669179
chr12	30	181	34056.0	0.5314775663612873
chr12	31	230	33634.0	0.6838318368317773
chr12	32	254	33170.0	0.7657521857099789
chr12	33	193	32726.0	0.5897451567560961
chr12	34	199	32241.0	0.6172265128252845
chr12	35	195	31796.0	0.6132846898981004
chr12	36	240	31327.0	0.7661122992945383
chr12	37	249	30946.0	0.8046274154979642
chr12	38	220	30476.0	0.7218795117469484
chr12	39	203	30047.0	0.6756082137983825
chr12	40	188	29644.0	0.6341924166779112
chr12	41	178	29193.0	0.6097352104956668
chr12	42	172	28792.0	0.5973881633787163
chr12	43	176	28355.0	0.6207018162581555
chr12	44	214	27957.0	0.7654612440533677
chr12	45	199	27547.0	0.7224017134352198
chr12	46	218	27102.0	0.8043686812781345
chr12	47	178	26676.0	0.667266456740141
chr12	48	194	26211.0	0.740147266414864
chr12	49	177	25746.0	0.6874854346306222
chr12	50	209	25274.0	0.8269367729682678
chr12	51	161	24845.0	0.6480177098007647
chr12	52	171	24417.0	0.7003317360855142
chr12	53	148	23984.0	0.6170780520346898
chr12	54	158	23575.0	0.6702014846235419
chr12	55	158	23172.0	0.6818574141204903
chr12	56	161	22778.0	0.7068223724646588
chr12	57	138	22353.0	0.6173667964031674
chr12	58	142	21945.0	0.6470722260195945
chr12	59	124	21516.0	0.5763153002416807
chr12	60	140	21080.0	0.6641366223908919
chr12	61	138	20651.0	0.6682485109679919
chr12	62	134	20214.0	0.6629068962105472
chr12	63	126	19734.0	0.638491942839769
chr12	64	159	19263.0	0.8254166017754244
chr12	65	152	18868.0	0.8055967776128896
chr12	66	139	18414.0	0.7548604322797872
chr12	67	113	18004.0	0.6276383025994223
chr12	68	133	17530.0	0.7586993725042784
chr12	69	110	17067.0	0.6445186617448878
chr12	70	110	16645.0	0.6608591168519075
chr12	71	145	16214.0	0.8942888861477736
chr12	72	139	15775.0	0.8811410459587955
chr12	73	118	15325.0	0.7699836867862969
chr12	74	115	14872.0	0.7732651963421194
chr12	75	116	14412.0	0.8048848182070497
chr12	76	100	13970.0	0.7158196134574087
chr12	77	127	13503.0	0.9405317336888099
chr12	78	105	13039.0	0.805276478257535
chr12	79	103	12633.0	0.8153249426106229
chr12	80	81	12185.0	0.6647517439474764
chr12	81	97	11767.0	0.8243392538455001
chr12	82	98	11329.0	0.8650366316532793
chr12	83	81	10864.0	0.7455817378497791
chr12	84	92	10424.0	0.8825786646201074
chr12	85	62	10001.0	0.6199380061993801
chr12	86	64	9578.0	0.668197953643767
chr12	87	70	9126.0	0.7670392285776901
chr12	88	58	8702.0	0.666513445185015
chr12	89	59	8249.0	0.7152382106922051
chr12	90	48	7844.0	0.6119326874043856
chr12	91	60	7402.0	0.810591731964334
chr12	92	43	6988.0	0.6153405838580424
chr12	93	72	6564.0	1.0968921389396709
chr12	94	34	6149.0	0.5529354366563668
chr12	95	54	5684.0	0.9500351864883884
chr12	96	59	5206.0	1.133307721859393
chr12	97	45	4789.0	0.9396533723115472
chr12	98	30	4305.0	0.6968641114982579
chr12	99	47	3810.0	1.2335958005249343
chr12	100	16	3384.0	0.4728132387706856
chr12	101	26	2976.0	0.8736559139784945
chr12	102	22	2578.0	0.8533747090768037
chr12	103	18	2186.0	0.8234217749313815
chr12	104	11	1798.0	0.6117908787541714
chr12	105	10	1436.0	0.6963788300835655
chr12	106	4	1040.0	0.38461538461538464
chr12	107	3	719.0	0.4172461752433936
chr12	108	4	431.0	0.9280742459396751
chr12	109	1	187.0	0.53475935828877
chr12	110	0	3.0	0.0
chr12	111	0	3.0	0.0
chr12	112	0	0.0	nan
chr12	113	0	0.0	nan
chr12	114	0	0.0	nan
chr12	115	0	0.0	nan
chr12	116	0	0.0	nan
chr12	117	0	0.0	nan
chr12	118	0	0.0	nan
chr12	119	0	0.0	nan
chr12	120	0	0.0	nan
chr12	121	0	0.0	nan
chr12	122	0	0.0	nan
chr12	123	0	0.0	nan
chr12	124	0	0.0	nan
chr12	125	0	0.0	nan
chr12	126	0	0.0	nan
chr12	127	0	0.0	nan
chr12	128	0	0.0	nan
chr12	129	0	0.0	nan
chr12	130	0	0.0	nan
chr12	131	0	0.0	nan
chr12	132	0	0.0	nan
chr12	133	0	0.0	nan
chr12	134	0	0.0	nan
chr12	135	0	0.0	nan
chr12	136	0	0.0	nan
chr12	137	0	0.0	nan
chr12	138	0	0.0	nan
chr12	139	0	0.0	nan
chr12	140	0	0.0	nan
chr12	141	0	0.0	nan
chr12	142	0	0.0	nan
chr12	143	0	0.0	nan
chr12	144	0	0.0	nan
chr12	145	0	0.0	nan
chr12	146	0	0.0	nan
chr12	147	0	0.0	nan
chr12	148	0	0.0	nan
chr12	149	0	0.0	nan
chr12	150	0	0.0	nan
chr12	151	0	0.0	nan
chr12	152	0	0.0	nan
chr13	-140	0	0.0	nan
chr13	-139	0	3.0	0.0
chr13	-138	0	3.0	0.0
chr13	-137	0	3.0	0.0
chr13	-136	0	3.0	0.0
chr13	-135	0	3.0	0.0
chr13	-134	0	3.0	0.0
chr13	-133	0	3.0	0.0
chr13	-132	0	3.0	0.0
chr13	-131	0	3.0	0.0
chr13	-130	0	3.0	0.0
chr13	-129	0	3.0	0.0
chr13	-128	0	3.0	0.0
chr13	-127	0	3.0	0.0
chr13	-126	0	7.0	0.0
chr13	-125	0	7.0	0.0
chr13	-124	0	7.0	0.0
chr13	-123	0	9.0	0.0
chr13	-122	0	9.0	0.0
chr13	-121	0	28.0	0.0
chr13	-120	1	57.0	1.7543859649122806
chr13	-119	0	81.0	0.0
chr13	-118	0	105.0	0.0
chr13	-117	1	142.0	0.7042253521126761
chr13	-116	0	172.0	0.0
chr13	-115	0	204.0	0.0
chr13	-114	1	263.0	0.38022813688212925
chr13	-113	2	307.0	0.6514657980456027
chr13	-112	2	358.0	0.5586592178770949
chr13	-111	2	409.0	0.4889975550122249
chr13	-110	0	459.0	0.0
chr13	-109	2	507.0	0.39447731755424065
chr13	-108	0	564.0	0.0
chr13	-107	2	601.0	0.33277870216306155
chr13	-106	3	663.0	0.4524886877828055
chr13	-105	0	701.0	0.0
chr13	-104	1	755.0	0.13245033112582782
chr13	-103	1	808.0	0.12376237623762376
chr13	-102	4	860.0	0.46511627906976744
chr13	-101	0	912.0	0.0
chr13	-100	3	964.0	0.3112033195020747
chr13	-99	1	1018.0	0.09823182711198428
chr13	-98	4	1064.0	0.37593984962406013
chr13	-97	1	1116.0	0.08960573476702509
chr13	-96	2	1154.0	0.17331022530329288
chr13	-95	1	1197.0	0.0835421888053467
chr13	-94	0	1246.0	0.0
chr13	-93	0	1287.0	0.0
chr13	-92	0	1345.0	0.0
chr13	-91	2	1403.0	0.14255167498218105
chr13	-90	2	1446.0	0.13831258644536654
chr13	-89	3	1507.0	0.19907100199071004
chr13	-88	12	1565.0	0.7667731629392971
chr13	-87	3	1627.0	0.18438844499078058
chr13	-86	1	1695.0	0.058997050147492625
chr13	-85	3	1757.0	0.1707455890722823
chr13	-84	0	1817.0	0.0
chr13	-83	0	1872.0	0.0
chr13	-82	11	1914.0	0.5747126436781609
chr13	-81	2	1964.0	0.10183299389002036
chr13	-80	3	2019.0	0.1485884101040119
chr13	-79	3	2068.0	0.14506769825918764
chr13	-78	2	2125.0	0.09411764705882353
chr13	-77	8	2165.0	0.3695150115473441
chr13	-76	3	2209.0	0.1358080579447714
chr13	-75	2	2269.0	0.08814455707360071
chr13	-74	5	2323.0	0.2152389151958674
chr13	-73	4	2369.0	0.16884761502743773
chr13	-72	3	2431.0	0.12340600575894693
chr13	-71	8	2495.0	0.32064128256513025
chr13	-70	16	2541.0	0.6296733569460842
chr13	-69	6	2591.0	0.23157082207641835
chr13	-68	6	2643.0	0.22701475595913734
chr13	-67	6	2710.0	0.22140221402214022
chr13	-66	6	2772.0	0.21645021645021645
chr13	-65	6	2830.0	0.21201413427561835
chr13	-64	8	2882.0	0.2775850104094379
chr13	-63	1	2940.0	0.03401360544217687
chr13	-62	23	2988.0	0.7697456492637216
chr13	-61	3	3044.0	0.09855453350854139
chr13	-60	4	3089.0	0.12949174490126256
chr13	-59	1	3152.0	0.031725888324873094
chr13	-58	14	3213.0	0.4357298474945534
chr13	-57	14	3263.0	0.4290530186944529
chr13	-56	4	3338.0	0.11983223487118035
chr13	-55	6	3412.0	0.1758499413833529
chr13	-54	8	3476.0	0.23014959723820483
chr13	-53	17	3526.0	0.4821327283040272
chr13	-52	2	3587.0	0.05575689991636465
chr13	-51	3	3662.0	0.0819224467504096
chr13	-50	19	3718.0	0.5110274341043571
chr13	-49	18	3778.0	0.4764425622022234
chr13	-48	11	3831.0	0.28713129731140696
chr13	-47	8	3875.0	0.2064516129032258
chr13	-46	30	3947.0	0.7600709399543958
chr13	-45	14	4034.0	0.34705007436787305
chr13	-44	8	4083.0	0.19593436198873376
chr13	-43	6	4144.0	0.14478764478764478
chr13	-42	7	4207.0	0.16638935108153077
chr13	-41	15	4272.0	0.35112359550561795
chr13	-40	5	4316.0	0.11584800741427247
chr13	-39	9	4379.0	0.20552637588490524
chr13	-38	9	4429.0	0.20320614134116052
chr13	-37	31	4482.0	0.6916555109326193
chr13	-36	24	4532.0	0.529567519858782
chr13	-35	5	4589.0	0.10895619960775767
chr13	-34	6	4647.0	0.12911555842479017
chr13	-33	8	4730.0	0.16913319238900634
chr13	-32	15	4793.0	0.31295639474233256
chr13	-31	8	4869.0	0.1643047853768741
chr13	-30	21	4950.0	0.4242424242424243
chr13	-29	22	5023.0	0.437985267768266
chr13	-28	32	5073.0	0.6307904592943032
chr13	-27	18	5136.0	0.35046728971962615
chr13	-26	19	5200.0	0.36538461538461536
chr13	-25	13	5267.0	0.2468198215302829
chr13	-24	34	5330.0	0.6378986866791745
chr13	-23	10	5383.0	0.1857700167193015
chr13	-22	20	5444.0	0.36737692872887584
chr13	-21	18	5507.0	0.3268567278009806
chr13	-20	22	5584.0	0.3939828080229226
chr13	-19	24	5654.0	0.4244782454899187
chr13	-18	30	5743.0	0.5223750652968832
chr13	-17	24	5810.0	0.4130808950086058
chr13	-16	34	5893.0	0.576955710164602
chr13	-15	31	5962.0	0.519959745051996
chr13	-14	51	6039.0	0.8445106805762544
chr13	-13	29	6126.0	0.47339209924910214
chr13	-12	46	6226.0	0.7388371345968519
chr13	-11	33	6292.0	0.5244755244755245
chr13	-10	12	6369.0	0.18841262364578426
chr13	-9	40	6385.0	0.6264682850430697
chr13	-8	34	6386.0	0.5324146570623238
chr13	-7	58	6385.0	0.9083790133124511
chr13	-6	26	6387.0	0.40707687490214495
chr13	-5	64	6386.0	1.0021922956467273
chr13	-4	19	6387.0	0.29747925473618286
chr13	-3	14	6386.0	0.2192295646727216
chr13	-2	29	6363.0	0.45575986170045574
chr13	-1	62	6346.0	0.9769933816577372
chr13	0	67	6192.0	1.0820413436692506
chr13	1	40	6160.0	0.6493506493506493
chr13	2	30	6117.0	0.4904364884747425
chr13	3	26	6078.0	0.42777229351760443
chr13	4	75	6036.0	1.242544731610338
chr13	5	50	5970.0	0.8375209380234505
chr13	6	50	5909.0	0.8461668641056016
chr13	7	41	5846.0	0.7013342456380431
chr13	8	41	5780.0	0.7093425605536332
chr13	9	25	5710.0	0.43782837127845886
chr13	10	26	5631.0	0.4617297105309891
chr13	11	26	5575.0	0.46636771300448426
chr13	12	21	5519.0	0.38050371444102193
chr13	13	85	5479.0	1.5513779886840664
chr13	14	40	5434.0	0.7361059992638941
chr13	15	26	5388.0	0.48255382331106156
chr13	16	31	5322.0	0.5824877865464111
chr13	17	24	5265.0	0.4558404558404558
chr13	18	37	5204.0	0.7109915449654112
chr13	19	35	5140.0	0.6809338521400778
chr13	20	30	5084.0	0.5900865460267506
chr13	21	25	5047.0	0.49534376857539136
chr13	22	15	5001.0	0.2999400119976005
chr13	23	58	4937.0	1.174802511646749
chr13	24	25	4886.0	0.511665984445354
chr13	25	35	4835.0	0.7238883143743536
chr13	26	27	4790.0	0.5636743215031316
chr13	27	30	4749.0	0.6317119393556538
chr13	28	36	4700.0	0.7659574468085106
chr13	29	33	4629.0	0.712896953985742
chr13	30	12	4568.0	0.2626970227670753
chr13	31	16	4512.0	0.3546099290780142
chr13	32	16	4476.0	0.3574620196604111
chr13	33	28	4414.0	0.6343452650657001
chr13	34	21	4348.0	0.4829806807727691
chr13	35	41	4311.0	0.951055439573185
chr13	36	30	4264.0	0.7035647279549718
chr13	37	18	4196.0	0.42897998093422307
chr13	38	21	4126.0	0.5089675230247213
chr13	39	22	4065.0	0.5412054120541205
chr13	40	17	4012.0	0.423728813559322
chr13	41	20	3963.0	0.5046681806712087
chr13	42	21	3891.0	0.5397070161912104
chr13	43	9	3833.0	0.2348030263501174
chr13	44	19	3781.0	0.5025125628140703
chr13	45	48	3722.0	1.2896292315959161
chr13	46	12	3663.0	0.32760032760032765
chr13	47	27	3613.0	0.747301411569333
chr13	48	13	3553.0	0.3658879819870532
chr13	49	32	3514.0	0.910643141718839
chr13	50	21	3454.0	0.6079907353792704
chr13	51	20	3415.0	0.5856515373352855
chr13	52	17	3352.0	0.5071599045346062
chr13	53	19	3282.0	0.578915295551493
chr13	54	17	3217.0	0.5284426484302145
chr13	55	7	3168.0	0.22095959595959594
chr13	56	27	3136.0	0.8609693877551019
chr13	57	20	3096.0	0.6459948320413437
chr13	58	22	3031.0	0.7258330583965688
chr13	59	9	2970.0	0.30303030303030304
chr13	60	16	2915.0	0.5488850771869639
chr13	61	29	2861.0	1.013631597343586
chr13	62	10	2798.0	0.35739814152966404
chr13	63	11	2739.0	0.4016064257028112
chr13	64	16	2648.0	0.6042296072507553
chr13	65	10	2604.0	0.38402457757296465
chr13	66	9	2546.0	0.3534956794972506
chr13	67	20	2501.0	0.7996801279488205
chr13	68	23	2457.0	0.9361009361009361
chr13	69	19	2393.0	0.7939824488090262
chr13	70	13	2325.0	0.5591397849462365
chr13	71	12	2279.0	0.5265467310223783
chr13	72	9	2218.0	0.40577096483318303
chr13	73	8	2146.0	0.3727865796831314
chr13	74	6	2069.0	0.28999516674722087
chr13	75	11	2016.0	0.5456349206349206
chr13	76	16	1970.0	0.8121827411167513
chr13	77	8	1919.0	0.4168837936425221
chr13	78	14	1861.0	0.7522837184309511
chr13	79	16	1794.0	0.8918617614269788
chr13	80	10	1735.0	0.5763688760806917
chr13	81	12	1670.0	0.718562874251497
chr13	82	10	1601.0	0.6246096189881324
chr13	83	8	1549.0	0.5164622336991607
chr13	84	7	1483.0	0.4720161834120027
chr13	85	6	1423.0	0.4216444132115249
chr13	86	12	1374.0	0.8733624454148471
chr13	87	13	1305.0	0.996168582375479
chr13	88	9	1223.0	0.7358953393295176
chr13	89	6	1170.0	0.5128205128205128
chr13	90	5	1104.0	0.4528985507246377
chr13	91	5	1037.0	0.4821600771456124
chr13	92	4	990.0	0.40404040404040403
chr13	93	4	940.0	0.425531914893617
chr13	94	2	870.0	0.22988505747126436
chr13	95	8	825.0	0.9696969696969697
chr13	96	2	763.0	0.2621231979030144
chr13	97	5	695.0	0.7194244604316548
chr13	98	6	631.0	0.9508716323296356
chr13	99	3	566.0	0.5300353356890459
chr13	100	1	500.0	0.2
chr13	101	8	438.0	1.82648401826484
chr13	102	3	385.0	0.7792207792207793
chr13	103	0	322.0	0.0
chr13	104	1	257.0	0.38910505836575876
chr13	105	5	204.0	2.450980392156863
chr13	106	1	159.0	0.628930817610063
chr13	107	0	94.0	0.0
chr13	108	0	47.0	0.0
chr13	109	0	23.0	0.0
chr13	110	0	0.0	nan
chr13	111	0	0.0	nan
chr13	112	0	0.0	nan
chr13	113	0	0.0	nan
chr13	114	0	0.0	nan
chr13	115	0	0.0	nan
chr13	116	0	0.0	nan
chr13	117	0	0.0	nan
chr13	118	0	0.0	nan
chr13	119	0	0.0	nan
chr13	120	0	0.0	nan
chr13	121	0	0.0	nan
chr13	122	0	0.0	nan
chr13	123	0	0.0	nan
chr13	124	0	0.0	nan
chr13	125	0	0.0	nan
chr13	126	0	0.0	nan
chr13	127	0	0.0	nan
chr13	128	0	0.0	nan
chr13	129	0	0.0	nan
chr13	130	0	0.0	nan
chr13	131	0	0.0	nan
chr13	132	0	0.0	nan
chr13	133	0	0.0	nan
chr13	134	0	0.0	nan
chr13	135	0	0.0	nan
chr14	-133	0	1.0	0.0
chr14	-132	0	1.0	0.0
chr14	-131	0	1.0	0.0
chr14	-130	0	1.0	0.0
chr14	-129	0	1.0	0.0
chr14	-128	0	1.0	0.0
chr14	-127	0	2.0	0.0
chr14	-126	0	3.0	0.0
chr14	-125	0	3.0	0.0
chr14	-124	0	4.0	0.0
chr14	-123	0	5.0	0.0
chr14	-122	0	5.0	0.0
chr14	-121	0	12.0	0.0
chr14	-120	0	25.0	0.0
chr14	-119	1	39.0	2.564102564102564
chr14	-118	0	55.0	0.0
chr14	-117	0	63.0	0.0
chr14	-116	0	74.0	0.0
chr14	-115	1	90.0	1.1111111111111112
chr14	-114	0	113.0	0.0
chr14	-113	0	130.0	0.0
chr14	-112	0	152.0	0.0
chr14	-111	1	165.0	0.6060606060606061
chr14	-110	1	186.0	0.5376344086021506
chr14	-109	0	207.0	0.0
chr14	-108	0	247.0	0.0
chr14	-107	1	264.0	0.3787878787878788
chr14	-106	0	286.0	0.0
chr14	-105	0	305.0	0.0
chr14	-104	1	328.0	0.3048780487804878
chr14	-103	1	352.0	0.2840909090909091
chr14	-102	0	371.0	0.0
chr14	-101	1	395.0	0.25316455696202533
chr14	-100	0	414.0	0.0
chr14	-99	1	439.0	0.22779043280182232
chr14	-98	0	468.0	0.0
chr14	-97	4	494.0	0.8097165991902834
chr14	-96	8	510.0	1.5686274509803921
chr14	-95	4	539.0	0.7421150278293136
chr14	-94	2	565.0	0.35398230088495575
chr14	-93	1	586.0	0.17064846416382254
chr14	-92	5	618.0	0.8090614886731391
chr14	-91	1	643.0	0.15552099533437014
chr14	-90	5	673.0	0.7429420505200593
chr14	-89	2	694.0	0.2881844380403458
chr14	-88	15	715.0	2.097902097902098
chr14	-87	1	729.0	0.1371742112482853
chr14	-86	2	757.0	0.26420079260237783
chr14	-85	1	794.0	0.12594458438287154
chr14	-84	3	812.0	0.3694581280788177
chr14	-83	6	839.0	0.7151370679380215
chr14	-82	0	860.0	0.0
chr14	-81	2	884.0	0.22624434389140274
chr14	-80	3	923.0	0.3250270855904659
chr14	-79	5	953.0	0.5246589716684155
chr14	-78	1	979.0	0.10214504596527069
chr14	-77	2	1003.0	0.19940179461615154
chr14	-76	9	1028.0	0.8754863813229572
chr14	-75	3	1062.0	0.2824858757062147
chr14	-74	1	1073.0	0.09319664492078285
chr14	-73	1	1106.0	0.09041591320072333
chr14	-72	8	1134.0	0.7054673721340388
chr14	-71	0	1162.0	0.0
chr14	-70	14	1196.0	1.1705685618729096
chr14	-69	2	1222.0	0.16366612111292964
chr14	-68	11	1255.0	0.8764940239043826
chr14	-67	5	1291.0	0.3872966692486445
chr14	-66	6	1320.0	0.45454545454545453
chr14	-65	10	1349.0	0.7412898443291327
chr14	-64	5	1371.0	0.36469730123997085
chr14	-63	3	1406.0	0.21337126600284498
chr14	-62	2	1442.0	0.13869625520110956
chr14	-61	4	1465.0	0.27303754266211605
chr14	-60	12	1492.0	0.8042895442359249
chr14	-59	5	1530.0	0.32679738562091504
chr14	-58	3	1566.0	0.19157088122605362
chr14	-57	3	1585.0	0.1892744479495268
chr14	-56	3	1616.0	0.18564356435643564
chr14	-55	10	1636.0	0.6112469437652812
chr14	-54	1	1664.0	0.06009615384615385
chr14	-53	6	1693.0	0.3544004725339634
chr14	-52	0	1723.0	0.0
chr14	-51	4	1756.0	0.22779043280182232
chr14	-50	9	1789.0	0.5030743432084964
chr14	-49	8	1816.0	0.4405286343612335
chr14	-48	6	1856.0	0.3232758620689655
chr14	-47	6	1892.0	0.3171247357293869
chr14	-46	2	1923.0	0.10400416016640666
chr14	-45	26	1941.0	1.3395157135497167
chr14	-44	3	1965.0	0.15267175572519084
chr14	-43	3	1996.0	0.15030060120240482
chr14	-42	7	2020.0	0.34653465346534656
chr14	-41	22	2044.0	1.076320939334638
chr14	-40	13	2061.0	0.6307617661329452
chr14	-39	2	2090.0	0.09569377990430622
chr14	-38	10	2109.0	0.474158368895211
chr14	-37	7	2135.0	0.32786885245901637
chr14	-36	11	2161.0	0.5090236001850995
chr14	-35	17	2190.0	0.776255707762557
chr14	-34	4	2217.0	0.18042399639152007
chr14	-33	7	2246.0	0.3116651825467498
chr14	-32	2	2291.0	0.08729812309035355
chr14	-31	16	2310.0	0.6926406926406926
chr14	-30	7	2339.0	0.2992731936725096
chr14	-29	11	2376.0	0.4629629629629629
chr14	-28	5	2407.0	0.2077274615704196
chr14	-27	4	2426.0	0.16488046166529266
chr14	-26	5	2455.0	0.20366598778004072
chr14	-25	6	2478.0	0.24213075060532688
chr14	-24	4	2499.0	0.1600640256102441
chr14	-23	9	2530.0	0.3557312252964427
chr14	-22	6	2568.0	0.23364485981308408
chr14	-21	10	2598.0	0.3849114703618168
chr14	-20	25	2627.0	0.9516558812333461
chr14	-19	11	2652.0	0.41478129713423834
chr14	-18	8	2668.0	0.29985007496251875
chr14	-17	7	2710.0	0.25830258302583026
chr14	-16	18	2731.0	0.6590992310508972
chr14	-15	10	2767.0	0.36140224069389226
chr14	-14	6	2800.0	0.2142857142857143
chr14	-13	19	2834.0	0.6704304869442484
chr14	-12	21	2886.0	0.7276507276507277
chr14	-11	10	2923.0	0.34211426616489904
chr14	-10	8	2958.0	0.2704530087897228
chr14	-9	25	2958.0	0.8451656524678837
chr14	-8	9	2957.0	0.3043625295908015
chr14	-7	15	2957.0	0.5072708826513358
chr14	-6	17	2957.0	0.5749070003381805
chr14	-5	19	2957.0	0.6425431180250254
chr14	-4	44	2956.0	1.4884979702300407
chr14	-3	43	2956.0	1.4546684709066307
chr14	-2	14	2949.0	0.47473719905052564
chr14	-1	45	2939.0	1.5311330384484518
chr14	0	43	2866.0	1.5003489183531054
chr14	1	21	2848.0	0.7373595505617977
chr14	2	31	2826.0	1.0969568294409058
chr14	3	28	2803.0	0.9989297181591152
chr14	4	18	2794.0	0.644237652111668
chr14	5	22	2766.0	0.7953723788864787
chr14	6	23	2730.0	0.8424908424908425
chr14	7	13	2703.0	0.4809470958194599
chr14	8	22	2674.0	0.8227374719521316
chr14	9	19	2651.0	0.7167106752168994
chr14	10	13	2611.0	0.49789352738414405
chr14	11	10	2572.0	0.38880248833592534
chr14	12	23	2534.0	0.9076558800315706
chr14	13	13	2512.0	0.5175159235668789
chr14	14	24	2489.0	0.9642426677380473
chr14	15	26	2465.0	1.054766734279919
chr14	16	25	2447.0	1.021659174499387
chr14	17	17	2422.0	0.7018992568125516
chr14	18	21	2421.0	0.8674101610904585
chr14	19	47	2395.0	1.962421711899791
chr14	20	12	2372.0	0.5059021922428331
chr14	21	11	2344.0	0.469283276450512
chr14	22	13	2320.0	0.5603448275862069
chr14	23	14	2290.0	0.611353711790393
chr14	24	9	2270.0	0.39647577092511016
chr14	25	18	2249.0	0.8003557136505114
chr14	26	7	2226.0	0.3144654088050315
chr14	27	15	2205.0	0.6802721088435374
chr14	28	7	2177.0	0.3215434083601286
chr14	29	19	2146.0	0.8853681267474371
chr14	30	28	2111.0	1.3263855992420654
chr14	31	9	2081.0	0.4324843825084094
chr14	32	11	2047.0	0.537371763556424
chr14	33	10	2024.0	0.4940711462450593
chr14	34	14	2001.0	0.6996501749125438
chr14	35	22	1961.0	1.1218765935747066
chr14	36	14	1934.0	0.7238883143743536
chr14	37	24	1910.0	1.256544502617801
chr14	38	4	1893.0	0.21130480718436345
chr14	39	20	1857.0	1.0770059235325793
chr14	40	12	1833.0	0.6546644844517185
chr14	41	18	1802.0	0.9988901220865706
chr14	42	11	1766.0	0.622876557191393
chr14	43	8	1739.0	0.46003450258769407
chr14	44	16	1708.0	0.936768149882904
chr14	45	11	1688.0	0.6516587677725119
chr14	46	21	1665.0	1.2612612612612613
chr14	47	11	1640.0	0.6707317073170732
chr14	48	9	1598.0	0.5632040050062578
chr14	49	20	1572.0	1.2722646310432568
chr14	50	7	1535.0	0.4560260586319218
chr14	51	5	1506.0	0.33200531208499334
chr14	52	12	1475.0	0.8135593220338984
chr14	53	6	1434.0	0.41841004184100417
chr14	54	16	1409.0	1.1355571327182399
chr14	55	4	1379.0	0.290065264684554
chr14	56	5	1350.0	0.3703703703703704
chr14	57	2	1317.0	0.15186028853454822
chr14	58	9	1292.0	0.696594427244582
chr14	59	11	1258.0	0.8744038155802861
chr14	60	13	1230.0	1.056910569105691
chr14	61	2	1196.0	0.16722408026755853
chr14	62	4	1159.0	0.3451251078515962
chr14	63	10	1143.0	0.8748906386701663
chr14	64	9	1120.0	0.8035714285714285
chr14	65	4	1101.0	0.36330608537693004
chr14	66	8	1068.0	0.7490636704119851
chr14	67	11	1047.0	1.0506208213944603
chr14	68	5	1020.0	0.49019607843137253
chr14	69	7	991.0	0.7063572149344097
chr14	70	12	958.0	1.2526096033402923
chr14	71	8	934.0	0.8565310492505354
chr14	72	7	906.0	0.772626931567329
chr14	73	5	885.0	0.5649717514124294
chr14	74	7	864.0	0.8101851851851851
chr14	75	13	838.0	1.5513126491646778
chr14	76	5	816.0	0.6127450980392157
chr14	77	3	789.0	0.38022813688212925
chr14	78	7	756.0	0.9259259259259258
chr14	79	7	729.0	0.9602194787379973
chr14	80	1	692.0	0.1445086705202312
chr14	81	4	665.0	0.6015037593984963
chr14	82	7	635.0	1.1023622047244095
chr14	83	4	603.0	0.6633499170812603
chr14	84	2	567.0	0.3527336860670194
chr14	85	3	523.0	0.5736137667304015
chr14	86	0	503.0	0.0
chr14	87	5	481.0	1.0395010395010396
chr14	88	1	457.0	0.2188183807439825
chr14	89	2	435.0	0.45977011494252873
chr14	90	0	420.0	0.0
chr14	91	4	403.0	0.9925558312655087
chr14	92	1	383.0	0.26109660574412535
chr14	93	0	350.0	0.0
chr14	94	10	319.0	3.1347962382445136
chr14	95	3	295.0	1.0169491525423728
chr14	96	4	277.0	1.444043321299639
chr14	97	0	248.0	0.0
chr14	98	1	233.0	0.4291845493562232
chr14	99	1	210.0	0.4761904761904762
chr14	100	0	186.0	0.0
chr14	101	0	170.0	0.0
chr14	102	1	142.0	0.7042253521126761
chr14	103	0	111.0	0.0
chr14	104	0	95.0	0.0
chr14	105	0	79.0	0.0
chr14	106	0	59.0	0.0
chr14	107	1	40.0	2.5
chr14	108	1	23.0	4.3478260869565215
chr14	109	0	10.0	0.0
chr14	110	0	1.0	0.0
chr14	111	0	0.0	nan
chr14	112	0	0.0	nan
chr14	113	0	0.0	nan
chr14	114	0	0.0	nan
chr14	115	0	0.0	nan
chr14	116	0	0.0	nan
chr14	117	0	0.0	nan
chr14	118	0	0.0	nan
chr14	119	0	0.0	nan
chr14	120	0	0.0	nan
chr14	121	0	0.0	nan
chr14	122	0	0.0	nan
chr14	123	0	0.0	nan
chr14	124	0	0.0	nan
chr14	125	0	0.0	nan
chr14	126	0	0.0	nan
chr14	127	0	0.0	nan
chr14	128	0	0.0	nan
chr14	129	0	0.0	nan
chr14	130	0	0.0	nan
chr14	131	0	0.0	nan
chr15	-126	0	3.0	0.0
chr15	-125	0	3.0	0.0
chr15	-124	0	4.0	0.0
chr15	-123	0	5.0	0.0
chr15	-122	0	6.0	0.0
chr15	-121	2	25.0	8.0
chr15	-120	0	46.0	0.0
chr15	-119	0	75.0	0.0
chr15	-118	0	95.0	0.0
chr15	-117	0	135.0	0.0
chr15	-116	0	184.0	0.0
chr15	-115	2	231.0	0.8658008658008658
chr15	-114	2	256.0	0.78125
chr15	-113	0	303.0	0.0
chr15	-112	0	342.0	0.0
chr15	-111	6	381.0	1.574803149606299
chr15	-110	1	428.0	0.23364485981308408
chr15	-109	0	488.0	0.0
chr15	-108	0	532.0	0.0
chr15	-107	1	595.0	0.16806722689075632
chr15	-106	0	656.0	0.0
chr15	-105	4	680.0	0.5882352941176471
chr15	-104	0	716.0	0.0
chr15	-103	0	775.0	0.0
chr15	-102	0	839.0	0.0
chr15	-101	4	896.0	0.4464285714285714
chr15	-100	1	943.0	0.10604453870625664
chr15	-99	1	1002.0	0.09980039920159679
chr15	-98	2	1051.0	0.19029495718363465
chr15	-97	1	1100.0	0.09090909090909091
chr15	-96	1	1140.0	0.08771929824561403
chr15	-95	2	1195.0	0.16736401673640167
chr15	-94	3	1234.0	0.24311183144246357
chr15	-93	4	1297.0	0.30840400925212025
chr15	-92	1	1349.0	0.07412898443291327
chr15	-91	6	1404.0	0.4273504273504274
chr15	-90	1	1448.0	0.06906077348066297
chr15	-89	0	1504.0	0.0
chr15	-88	3	1558.0	0.19255455712451863
chr15	-87	7	1613.0	0.4339739615623063
chr15	-86	13	1659.0	0.7836045810729355
chr15	-85	4	1721.0	0.2324230098779779
chr15	-84	2	1779.0	0.11242270938729623
chr15	-83	3	1837.0	0.16330974414806748
chr15	-82	2	1899.0	0.105318588730911
chr15	-81	4	1962.0	0.20387359836901123
chr15	-80	3	2023.0	0.14829461196243204
chr15	-79	2	2058.0	0.09718172983479105
chr15	-78	4	2096.0	0.19083969465648853
chr15	-77	4	2149.0	0.18613308515588647
chr15	-76	1	2183.0	0.04580852038479157
chr15	-75	4	2235.0	0.1789709172259508
chr15	-74	4	2296.0	0.17421602787456447
chr15	-73	4	2348.0	0.17035775127768313
chr15	-72	6	2420.0	0.24793388429752067
chr15	-71	0	2456.0	0.0
chr15	-70	1	2507.0	0.03988831272437176
chr15	-69	5	2573.0	0.194325689856199
chr15	-68	2	2630.0	0.07604562737642585
chr15	-67	4	2672.0	0.14970059880239522
chr15	-66	3	2722.0	0.11021307861866275
chr15	-65	9	2792.0	0.3223495702005731
chr15	-64	3	2840.0	0.10563380281690139
chr15	-63	1	2883.0	0.0346860908775581
chr15	-62	2	2929.0	0.06828269033799932
chr15	-61	5	2989.0	0.16728002676480427
chr15	-60	2	3042.0	0.06574621959237344
chr15	-59	6	3116.0	0.19255455712451863
chr15	-58	27	3174.0	0.8506616257088847
chr15	-57	18	3224.0	0.5583126550868486
chr15	-56	2	3292.0	0.060753341433778855
chr15	-55	16	3354.0	0.4770423375074538
chr15	-54	9	3410.0	0.26392961876832843
chr15	-53	7	3473.0	0.20155485171321624
chr15	-52	7	3530.0	0.19830028328611898
chr15	-51	41	3594.0	1.1407902058987203
chr15	-50	18	3643.0	0.4940982706560527
chr15	-49	8	3710.0	0.215633423180593
chr15	-48	25	3766.0	0.6638343069569835
chr15	-47	11	3836.0	0.2867570385818561
chr15	-46	6	3913.0	0.1533350370559673
chr15	-45	3	3962.0	0.0757193336698637
chr15	-44	4	4019.0	0.09952724558347847
chr15	-43	8	4075.0	0.19631901840490798
chr15	-42	6	4134.0	0.14513788098693758
chr15	-41	6	4186.0	0.1433349259436216
chr15	-40	13	4249.0	0.3059543421981643
chr15	-39	9	4318.0	0.20842982862436313
chr15	-38	15	4402.0	0.3407542026351658
chr15	-37	9	4451.0	0.20220175241518762
chr15	-36	22	4509.0	0.4879130627633622
chr15	-35	9	4560.0	0.19736842105263158
chr15	-34	8	4616.0	0.17331022530329288
chr15	-33	9	4678.0	0.19238991021804192
chr15	-32	46	4726.0	0.973338975878121
chr15	-31	28	4791.0	0.5844291379670216
chr15	-30	8	4847.0	0.16505054672993605
chr15	-29	27	4914.0	0.5494505494505495
chr15	-28	16	4978.0	0.32141422257934915
chr15	-27	21	5041.0	0.41658401110890697
chr15	-26	8	5117.0	0.15634160641000586
chr15	-25	28	5180.0	0.5405405405405406
chr15	-24	17	5253.0	0.3236245954692557
chr15	-23	20	5318.0	0.376081233546446
chr15	-22	11	5395.0	0.20389249304911955
chr15	-21	16	5472.0	0.29239766081871343
chr15	-20	37	5537.0	0.6682318945277226
chr15	-19	20	5599.0	0.3572066440435792
chr15	-18	11	5667.0	0.19410622904535027
chr15	-17	48	5720.0	0.8391608391608392
chr15	-16	42	5776.0	0.7271468144044322
chr15	-15	25	5853.0	0.42713138561421493
chr15	-14	36	5917.0	0.6084164272435356
chr15	-13	25	6014.0	0.4156967076820751
chr15	-12	21	6080.0	0.34539473684210525
chr15	-11	19	6164.0	0.3082414016872161
chr15	-10	22	6228.0	0.35324341682723187
chr15	-9	53	6228.0	0.8509955041746949
chr15	-8	14	6211.0	0.22540653678956687
chr15	-7	28	6213.0	0.45066795428939327
chr15	-6	20	6213.0	0.3219056816352809
chr15	-5	30	6213.0	0.48285852245292127
chr15	-4	20	6198.0	0.32268473701193934
chr15	-3	52	6207.0	0.837763815047527
chr15	-2	20	6204.0	0.3223726627981947
chr15	-1	95	6192.0	1.5342377260981912
chr15	0	99	6002.0	1.6494501832722428
chr15	1	15	5963.0	0.2515512326010398
chr15	2	46	5903.0	0.7792647806200237
chr15	3	31	5866.0	0.5284691442209343
chr15	4	54	5842.0	0.9243409791167408
chr15	5	22	5785.0	0.3802938634399309
chr15	6	24	5741.0	0.4180456366486675
chr15	7	37	5685.0	0.6508355321020229
chr15	8	59	5654.0	1.0435090201627166
chr15	9	20	5604.0	0.35688793718772305
chr15	10	24	5546.0	0.432744320230797
chr15	11	21	5490.0	0.3825136612021858
chr15	12	28	5435.0	0.515179392824287
chr15	13	56	5380.0	1.0408921933085502
chr15	14	26	5318.0	0.4889056036103798
chr15	15	28	5264.0	0.5319148936170213
chr15	16	41	5206.0	0.7875528236650019
chr15	17	32	5164.0	0.6196746707978312
chr15	18	19	5114.0	0.37152913570590534
chr15	19	42	5050.0	0.8316831683168318
chr15	20	23	4993.0	0.4606449028640096
chr15	21	19	4949.0	0.38391594261466966
chr15	22	26	4917.0	0.5287777099857637
chr15	23	26	4873.0	0.533552226554484
chr15	24	43	4797.0	0.8963935793204086
chr15	25	17	4739.0	0.3587254695083351
chr15	26	23	4681.0	0.4913480025635548
chr15	27	21	4610.0	0.455531453362256
chr15	28	33	4543.0	0.7263922518159807
chr15	29	19	4491.0	0.4230683589401024
chr15	30	57	4426.0	1.2878445549028468
chr15	31	43	4360.0	0.9862385321100918
chr15	32	10	4309.0	0.23207240659085634
chr15	33	17	4244.0	0.40056550424128184
chr15	34	15	4190.0	0.35799522673031026
chr15	35	36	4149.0	0.8676789587852495
chr15	36	14	4098.0	0.3416300634455832
chr15	37	14	4041.0	0.34644889878742885
chr15	38	15	3982.0	0.3766951280763436
chr15	39	47	3924.0	1.1977573904179408
chr15	40	25	3863.0	0.6471654154801968
chr15	41	15	3822.0	0.39246467817896385
chr15	42	15	3756.0	0.3993610223642172
chr15	43	23	3703.0	0.6211180124223602
chr15	44	12	3641.0	0.32957978577313923
chr15	45	21	3588.0	0.5852842809364548
chr15	46	25	3531.0	0.7080147267063155
chr15	47	47	3486.0	1.3482501434308662
chr15	48	16	3440.0	0.46511627906976744
chr15	49	30	3401.0	0.8820935019112026
chr15	50	36	3360.0	1.0714285714285714
chr15	51	24	3297.0	0.7279344858962694
chr15	52	19	3245.0	0.5855161787365177
chr15	53	15	3198.0	0.46904315196998125
chr15	54	27	3141.0	0.8595988538681949
chr15	55	16	3085.0	0.5186385737439222
chr15	56	26	3031.0	0.8578027053777632
chr15	57	26	2971.0	0.8751262201279031
chr15	58	27	2913.0	0.9268795056642637
chr15	59	17	2852.0	0.5960729312762973
chr15	60	12	2792.0	0.42979942693409745
chr15	61	9	2729.0	0.3297911322828875
chr15	62	5	2660.0	0.18796992481203006
chr15	63	10	2612.0	0.38284839203675347
chr15	64	15	2557.0	0.5866249511145875
chr15	65	10	2495.0	0.4008016032064128
chr15	66	13	2443.0	0.5321326238231682
chr15	67	9	2367.0	0.38022813688212925
chr15	68	7	2313.0	0.3026372676178124
chr15	69	7	2247.0	0.3115264797507788
chr15	70	10	2195.0	0.45558086560364464
chr15	71	15	2149.0	0.6979990693345742
chr15	72	24	2103.0	1.1412268188302426
chr15	73	12	2041.0	0.5879470847623713
chr15	74	14	1967.0	0.7117437722419928
chr15	75	8	1917.0	0.4173187271778821
chr15	76	11	1853.0	0.5936319481921208
chr15	77	6	1793.0	0.33463469046291133
chr15	78	5	1727.0	0.2895193977996526
chr15	79	10	1674.0	0.5973715651135006
chr15	80	7	1610.0	0.43478260869565216
chr15	81	4	1541.0	0.25957170668397145
chr15	82	8	1453.0	0.5505849965588437
chr15	83	12	1401.0	0.8565310492505354
chr15	84	13	1368.0	0.9502923976608186
chr15	85	2	1318.0	0.15174506828528073
chr15	86	10	1271.0	0.7867820613690008
chr15	87	7	1212.0	0.5775577557755776
chr15	88	2	1162.0	0.17211703958691912
chr15	89	5	1095.0	0.45662100456621
chr15	90	5	1041.0	0.48030739673390976
chr15	91	9	985.0	0.9137055837563453
chr15	92	3	925.0	0.3243243243243243
chr15	93	6	874.0	0.6864988558352403
chr15	94	3	821.0	0.3654080389768575
chr15	95	5	747.0	0.6693440428380187
chr15	96	1	685.0	0.145985401459854
chr15	97	2	620.0	0.3225806451612903
chr15	98	3	565.0	0.5309734513274336
chr15	99	1	494.0	0.20242914979757085
chr15	100	1	440.0	0.22727272727272727
chr15	101	2	383.0	0.5221932114882507
chr15	102	3	335.0	0.8955223880597015
chr15	103	1	280.0	0.35714285714285715
chr15	104	2	236.0	0.847457627118644
chr15	105	0	183.0	0.0
chr15	106	1	130.0	0.7692307692307693
chr15	107	0	103.0	0.0
chr15	108	1	57.0	1.7543859649122806
chr15	109	0	24.0	0.0
chr15	110	0	0.0	nan
chr15	111	0	0.0	nan
chr15	112	0	0.0	nan
chr15	113	0	0.0	nan
chr15	114	0	0.0	nan
chr15	115	0	0.0	nan
chr15	116	0	0.0	nan
chr15	117	0	0.0	nan
chr15	118	0	0.0	nan
chr15	119	0	0.0	nan
chr15	120	0	0.0	nan
chr15	121	0	0.0	nan
chr15	122	0	0.0	nan
chr15	123	0	0.0	nan
chr15	124	0	0.0	nan
chr16	-144	0	0.0	nan
chr16	-143	0	0.0	nan
chr16	-142	0	0.0	nan
chr16	-141	0	0.0	nan
chr16	-140	0	0.0	nan
chr16	-139	0	1.0	0.0
chr16	-138	0	1.0	0.0
chr16	-137	1	3.0	33.33333333333333
chr16	-136	0	3.0	0.0
chr16	-135	0	3.0	0.0
chr16	-134	0	3.0	0.0
chr16	-133	0	3.0	0.0
chr16	-132	0	4.0	0.0
chr16	-131	0	6.0	0.0
chr16	-130	0	6.0	0.0
chr16	-129	0	7.0	0.0
chr16	-128	0	7.0	0.0
chr16	-127	1	8.0	12.5
chr16	-126	0	8.0	0.0
chr16	-125	0	10.0	0.0
chr16	-124	0	12.0	0.0
chr16	-123	0	13.0	0.0
chr16	-122	0	13.0	0.0
chr16	-121	0	20.0	0.0
chr16	-120	0	34.0	0.0
chr16	-119	0	49.0	0.0
chr16	-118	0	64.0	0.0
chr16	-117	1	89.0	1.1235955056179776
chr16	-116	1	118.0	0.847457627118644
chr16	-115	0	145.0	0.0
chr16	-114	0	165.0	0.0
chr16	-113	1	195.0	0.5128205128205128
chr16	-112	0	229.0	0.0
chr16	-111	3	262.0	1.1450381679389312
chr16	-110	2	297.0	0.6734006734006733
chr16	-109	0	331.0	0.0
chr16	-108	1	366.0	0.273224043715847
chr16	-107	1	409.0	0.24449877750611246
chr16	-106	3	457.0	0.6564551422319475
chr16	-105	2	497.0	0.4024144869215292
chr16	-104	1	534.0	0.18726591760299627
chr16	-103	2	569.0	0.35149384885764495
chr16	-102	10	603.0	1.658374792703151
chr16	-101	6	640.0	0.9375
chr16	-100	3	679.0	0.4418262150220913
chr16	-99	1	710.0	0.14084507042253522
chr16	-98	2	756.0	0.26455026455026454
chr16	-97	1	798.0	0.12531328320802004
chr16	-96	5	824.0	0.6067961165048543
chr16	-95	1	869.0	0.11507479861910241
chr16	-94	7	909.0	0.77007700770077
chr16	-93	4	943.0	0.4241781548250266
chr16	-92	1	998.0	0.1002004008016032
chr16	-91	2	1034.0	0.19342359767891684
chr16	-90	1	1061.0	0.0942507068803016
chr16	-89	12	1087.0	1.1039558417663293
chr16	-88	0	1131.0	0.0
chr16	-87	1	1168.0	0.08561643835616438
chr16	-86	3	1206.0	0.24875621890547264
chr16	-85	1	1253.0	0.07980845969672785
chr16	-84	2	1293.0	0.15467904098994587
chr16	-83	11	1332.0	0.8258258258258258
chr16	-82	1	1375.0	0.07272727272727272
chr16	-81	2	1417.0	0.14114326040931546
chr16	-80	3	1454.0	0.20632737276478677
chr16	-79	8	1481.0	0.5401755570560433
chr16	-78	8	1509.0	0.5301524188204109
chr16	-77	3	1555.0	0.19292604501607716
chr16	-76	1	1582.0	0.06321112515802782
chr16	-75	1	1618.0	0.061804697156983925
chr16	-74	5	1647.0	0.3035822707953855
chr16	-73	2	1677.0	0.11926058437686345
chr16	-72	3	1720.0	0.1744186046511628
chr16	-71	2	1758.0	0.11376564277588168
chr16	-70	13	1797.0	0.7234279354479688
chr16	-69	14	1849.0	0.7571660356949702
chr16	-68	3	1905.0	0.15748031496062992
chr16	-67	26	1953.0	1.3312852022529442
chr16	-66	12	1985.0	0.6045340050377833
chr16	-65	8	2014.0	0.3972194637537239
chr16	-64	6	2077.0	0.2888781896966779
chr16	-63	10	2108.0	0.47438330170777987
chr16	-62	12	2143.0	0.5599626691553896
chr16	-61	4	2169.0	0.18441678192715535
chr16	-60	9	2195.0	0.4100227790432802
chr16	-59	7	2226.0	0.3144654088050315
chr16	-58	5	2296.0	0.21777003484320556
chr16	-57	31	2347.0	1.3208351086493395
chr16	-56	13	2383.0	0.5455308434746118
chr16	-55	7	2434.0	0.2875924404272802
chr16	-54	2	2490.0	0.08032128514056225
chr16	-53	7	2550.0	0.27450980392156865
chr16	-52	7	2605.0	0.2687140115163148
chr16	-51	5	2652.0	0.1885369532428356
chr16	-50	10	2684.0	0.37257824143070045
chr16	-49	24	2726.0	0.880410858400587
chr16	-48	3	2763.0	0.10857763300760044
chr16	-47	15	2815.0	0.5328596802841918
chr16	-46	21	2867.0	0.7324729682595047
chr16	-45	3	2906.0	0.10323468685478321
chr16	-44	8	2961.0	0.2701789935832489
chr16	-43	15	3006.0	0.499001996007984
chr16	-42	6	3041.0	0.19730351857941467
chr16	-41	11	3096.0	0.355297157622739
chr16	-40	4	3154.0	0.12682308180088775
chr16	-39	19	3212.0	0.5915317559153176
chr16	-38	17	3268.0	0.5201958384332925
chr16	-37	6	3304.0	0.18159806295399517
chr16	-36	32	3359.0	0.9526644834772254
chr16	-35	8	3398.0	0.23543260741612712
chr16	-34	7	3426.0	0.20431990659661414
chr16	-33	22	3475.0	0.6330935251798562
chr16	-32	18	3524.0	0.5107832009080591
chr16	-31	9	3558.0	0.25295109612141653
chr16	-30	21	3592.0	0.5846325167037862
chr16	-29	16	3641.0	0.43943971436418566
chr16	-28	11	3693.0	0.29786081776333606
chr16	-27	6	3753.0	0.15987210231814547
chr16	-26	12	3798.0	0.315955766192733
chr16	-25	7	3847.0	0.1819599688068625
chr16	-24	9	3905.0	0.23047375160051217
chr16	-23	10	3943.0	0.25361399949277197
chr16	-22	42	4009.0	1.0476428036916938
chr16	-21	8	4064.0	0.19685039370078738
chr16	-20	16	4108.0	0.3894839337877313
chr16	-19	22	4167.0	0.5279577633789296
chr16	-18	13	4213.0	0.30856871587942086
chr16	-17	16	4284.0	0.3734827264239029
chr16	-16	20	4328.0	0.46210720887245843
chr16	-15	51	4376.0	1.1654478976234004
chr16	-14	35	4433.0	0.7895330475975638
chr16	-13	24	4475.0	0.5363128491620112
chr16	-12	27	4516.0	0.5978742249778566
chr16	-11	10	4579.0	0.21838829438742083
chr16	-10	29	4642.0	0.6247307195174493
chr16	-9	19	4645.0	0.40904198062432723
chr16	-8	34	4646.0	0.7318123116659492
chr16	-7	32	4646.0	0.6887645286267757
chr16	-6	28	4642.0	0.6031882809133994
chr16	-5	44	4643.0	0.9476631488261898
chr16	-4	36	4643.0	0.7753607581305191
chr16	-3	44	4643.0	0.9476631488261898
chr16	-2	45	4640.0	0.9698275862068966
chr16	-1	99	4624.0	2.1410034602076125
chr16	0	112	4527.0	2.474044621161917
chr16	1	26	4510.0	0.5764966740576497
chr16	2	41	4475.0	0.9162011173184357
chr16	3	32	4442.0	0.7203962179198559
chr16	4	46	4412.0	1.042611060743427
chr16	5	30	4378.0	0.6852444038373686
chr16	6	28	4339.0	0.6453099792578935
chr16	7	30	4310.0	0.6960556844547563
chr16	8	39	4262.0	0.9150633505396527
chr16	9	42	4222.0	0.994789199431549
chr16	10	14	4178.0	0.3350885591191958
chr16	11	34	4135.0	0.8222490931076178
chr16	12	24	4101.0	0.5852231163130944
chr16	13	28	4060.0	0.6896551724137931
chr16	14	32	4018.0	0.7964161274265804
chr16	15	28	3979.0	0.7036943955767782
chr16	16	20	3946.0	0.5068423720223011
chr16	17	18	3894.0	0.46224961479198773
chr16	18	21	3856.0	0.5446058091286307
chr16	19	30	3814.0	0.7865757734661771
chr16	20	29	3781.0	0.7669928590320021
chr16	21	43	3730.0	1.1528150134048258
chr16	22	19	3688.0	0.5151843817787419
chr16	23	19	3639.0	0.5221214619400935
chr16	24	28	3603.0	0.7771301693033583
chr16	25	23	3554.0	0.6471581316826112
chr16	26	16	3512.0	0.45558086560364464
chr16	27	17	3478.0	0.48878665899942497
chr16	28	22	3436.0	0.6402793946449359
chr16	29	43	3402.0	1.2639623750734863
chr16	30	20	3361.0	0.5950609937518596
chr16	31	23	3327.0	0.6913134956417193
chr16	32	21	3289.0	0.638491942839769
chr16	33	34	3252.0	1.045510455104551
chr16	34	18	3202.0	0.5621486570893192
chr16	35	43	3156.0	1.3624841571609634
chr16	36	26	3111.0	0.8357441337190614
chr16	37	46	3079.0	1.4939915556999024
chr16	38	33	3036.0	1.0869565217391304
chr16	39	35	2999.0	1.1670556852284095
chr16	40	22	2962.0	0.7427413909520594
chr16	41	22	2916.0	0.7544581618655692
chr16	42	25	2894.0	0.8638562543192813
chr16	43	20	2853.0	0.7010164738871364
chr16	44	11	2822.0	0.38979447200566975
chr16	45	44	2791.0	1.5764958796130417
chr16	46	16	2737.0	0.5845816587504566
chr16	47	23	2709.0	0.8490217792543374
chr16	48	24	2674.0	0.8975317875841435
chr16	49	16	2635.0	0.6072106261859582
chr16	50	13	2594.0	0.5011565150346955
chr16	51	12	2550.0	0.4705882352941176
chr16	52	20	2491.0	0.8028904054596547
chr16	53	17	2442.0	0.6961506961506961
chr16	54	17	2388.0	0.7118927973199329
chr16	55	16	2345.0	0.6823027718550106
chr16	56	33	2316.0	1.4248704663212435
chr16	57	29	2283.0	1.2702584318878667
chr16	58	11	2246.0	0.4897595725734639
chr16	59	19	2210.0	0.8597285067873304
chr16	60	14	2159.0	0.6484483557202408
chr16	61	22	2108.0	1.0436432637571158
chr16	62	13	2045.0	0.6356968215158924
chr16	63	3	1992.0	0.15060240963855423
chr16	64	16	1935.0	0.8268733850129198
chr16	65	16	1895.0	0.8443271767810026
chr16	66	15	1851.0	0.8103727714748784
chr16	67	16	1809.0	0.8844665561083471
chr16	68	17	1764.0	0.9637188208616779
chr16	69	19	1730.0	1.0982658959537572
chr16	70	10	1672.0	0.5980861244019139
chr16	71	11	1623.0	0.6777572396796057
chr16	72	9	1580.0	0.569620253164557
chr16	73	10	1531.0	0.6531678641410843
chr16	74	8	1493.0	0.5358338914936369
chr16	75	7	1450.0	0.4827586206896552
chr16	76	9	1402.0	0.6419400855920114
chr16	77	10	1354.0	0.7385524372230428
chr16	78	11	1313.0	0.8377760853008377
chr16	79	19	1269.0	1.4972419227738378
chr16	80	7	1221.0	0.5733005733005733
chr16	81	7	1171.0	0.5977796754910333
chr16	82	10	1131.0	0.8841732979664014
chr16	83	9	1090.0	0.8256880733944955
chr16	84	11	1040.0	1.0576923076923077
chr16	85	3	1007.0	0.29791459781529295
chr16	86	9	968.0	0.9297520661157025
chr16	87	8	934.0	0.8565310492505354
chr16	88	14	896.0	1.5625
chr16	89	6	855.0	0.7017543859649122
chr16	90	9	817.0	1.101591187270502
chr16	91	5	760.0	0.6578947368421052
chr16	92	3	713.0	0.42075736325385693
chr16	93	8	659.0	1.2139605462822458
chr16	94	3	620.0	0.4838709677419355
chr16	95	8	568.0	1.4084507042253522
chr16	96	3	512.0	0.5859375
chr16	97	5	466.0	1.0729613733905579
chr16	98	4	419.0	0.9546539379474941
chr16	99	8	377.0	2.122015915119363
chr16	100	2	326.0	0.6134969325153374
chr16	101	6	286.0	2.097902097902098
chr16	102	0	244.0	0.0
chr16	103	1	200.0	0.5
chr16	104	1	159.0	0.628930817610063
chr16	105	0	121.0	0.0
chr16	106	1	91.0	1.098901098901099
chr16	107	2	68.0	2.941176470588235
chr16	108	0	39.0	0.0
chr16	109	0	16.0	0.0
chr16	110	0	2.0	0.0
chr16	111	0	0.0	nan
chr16	112	0	0.0	nan
chr16	113	0	0.0	nan
chr16	114	0	0.0	nan
chr16	115	0	0.0	nan
chr16	116	0	0.0	nan
chr16	117	0	0.0	nan
chr16	118	0	0.0	nan
chr16	119	0	0.0	nan
chr16	120	0	0.0	nan
chr16	121	0	0.0	nan
chr16	122	0	0.0	nan
chr16	123	0	0.0	nan
chr16	124	0	0.0	nan
chr16	125	0	0.0	nan
chr16	126	0	0.0	nan
chr16	127	0	0.0	nan
chr16	128	0	0.0	nan
chr16	129	0	0.0	nan
chr16	130	0	0.0	nan
chr16	131	0	0.0	nan
chr16	132	0	0.0	nan
chr16	133	0	0.0	nan
chr16	134	0	0.0	nan
chr16	135	0	0.0	nan
chr16	136	0	0.0	nan
chr16	137	0	0.0	nan
chr16	138	0	0.0	nan
chr16	139	0	0.0	nan
chr16	140	0	0.0	nan
chr16	141	0	0.0	nan
chr16	142	0	0.0	nan
chr16	143	0	0.0	nan
chr16	144	0	0.0	nan
chr16	145	0	0.0	nan
chr17	-141	0	0.0	nan
chr17	-140	0	0.0	nan
chr17	-139	0	4.0	0.0
chr17	-138	0	4.0	0.0
chr17	-137	0	4.0	0.0
chr17	-136	0	4.0	0.0
chr17	-135	0	4.0	0.0
chr17	-134	0	4.0	0.0
chr17	-133	0	5.0	0.0
chr17	-132	0	6.0	0.0
chr17	-131	0	7.0	0.0
chr17	-130	0	7.0	0.0
chr17	-129	0	7.0	0.0
chr17	-128	0	7.0	0.0
chr17	-127	0	7.0	0.0
chr17	-126	0	8.0	0.0
chr17	-125	0	8.0	0.0
chr17	-124	0	10.0	0.0
chr17	-123	0	11.0	0.0
chr17	-122	0	11.0	0.0
chr17	-121	0	26.0	0.0
chr17	-120	0	52.0	0.0
chr17	-119	0	79.0	0.0
chr17	-118	0	137.0	0.0
chr17	-117	0	197.0	0.0
chr17	-116	1	253.0	0.3952569169960474
chr17	-115	2	317.0	0.6309148264984227
chr17	-114	1	363.0	0.27548209366391185
chr17	-113	2	414.0	0.4830917874396135
chr17	-112	0	465.0	0.0
chr17	-111	0	531.0	0.0
chr17	-110	3	593.0	0.5059021922428331
chr17	-109	3	678.0	0.4424778761061947
chr17	-108	1	749.0	0.13351134846461948
chr17	-107	2	817.0	0.24479804161566704
chr17	-106	0	882.0	0.0
chr17	-105	1	955.0	0.10471204188481677
chr17	-104	6	1018.0	0.5893909626719057
chr17	-103	3	1086.0	0.2762430939226519
chr17	-102	1	1153.0	0.08673026886383348
chr17	-101	5	1256.0	0.3980891719745223
chr17	-100	3	1327.0	0.22607385079125847
chr17	-99	1	1411.0	0.07087172218284904
chr17	-98	3	1476.0	0.20325203252032523
chr17	-97	4	1552.0	0.25773195876288657
chr17	-96	3	1608.0	0.18656716417910446
chr17	-95	1	1701.0	0.058788947677836566
chr17	-94	3	1785.0	0.16806722689075632
chr17	-93	17	1857.0	0.9154550350026925
chr17	-92	1	1920.0	0.052083333333333336
chr17	-91	2	1979.0	0.1010611419909045
chr17	-90	2	2066.0	0.0968054211035818
chr17	-89	9	2152.0	0.4182156133828996
chr17	-88	2	2221.0	0.09004952723998198
chr17	-87	0	2308.0	0.0
chr17	-86	1	2378.0	0.04205214465937763
chr17	-85	3	2487.0	0.12062726176115801
chr17	-84	8	2563.0	0.3121342177136169
chr17	-83	7	2641.0	0.2650511170011359
chr17	-82	4	2738.0	0.1460920379839299
chr17	-81	4	2848.0	0.1404494382022472
chr17	-80	2	2927.0	0.0683293474547318
chr17	-79	3	3033.0	0.09891196834817012
chr17	-78	11	3115.0	0.3531300160513644
chr17	-77	22	3193.0	0.689007203257125
chr17	-76	13	3281.0	0.3962206644315757
chr17	-75	8	3367.0	0.23760023760023757
chr17	-74	8	3445.0	0.23222060957910012
chr17	-73	3	3491.0	0.08593526210254941
chr17	-72	4	3571.0	0.11201344161299356
chr17	-71	2	3652.0	0.054764512595837894
chr17	-70	7	3729.0	0.18771788683293109
chr17	-69	6	3800.0	0.15789473684210525
chr17	-68	3	3893.0	0.07706139224248652
chr17	-67	8	3997.0	0.20015011258443832
chr17	-66	6	4108.0	0.1460564751703992
chr17	-65	16	4209.0	0.38013779995248276
chr17	-64	2	4277.0	0.04676174888940846
chr17	-63	15	4348.0	0.34498620055197793
chr17	-62	22	4403.0	0.4996593231887349
chr17	-61	4	4476.0	0.08936550491510277
chr17	-60	28	4555.0	0.6147091108671789
chr17	-59	19	4647.0	0.4088659350118356
chr17	-58	15	4745.0	0.31612223393045313
chr17	-57	11	4825.0	0.22797927461139897
chr17	-56	5	4889.0	0.10227040294538761
chr17	-55	19	4971.0	0.38221685777509556
chr17	-54	11	5055.0	0.2176063303659743
chr17	-53	38	5146.0	0.7384376214535562
chr17	-52	20	5217.0	0.3833620854897451
chr17	-51	9	5300.0	0.16981132075471697
chr17	-50	22	5391.0	0.4080875533296235
chr17	-49	8	5479.0	0.14601204599379447
chr17	-48	18	5545.0	0.3246167718665464
chr17	-47	18	5660.0	0.3180212014134276
chr17	-46	13	5739.0	0.22652029970378113
chr17	-45	10	5830.0	0.17152658662092624
chr17	-44	11	5920.0	0.18581081081081083
chr17	-43	27	6005.0	0.4496253122398002
chr17	-42	33	6078.0	0.5429417571569595
chr17	-41	14	6176.0	0.22668393782383417
chr17	-40	5	6280.0	0.07961783439490447
chr17	-39	28	6358.0	0.4403900597672224
chr17	-38	22	6477.0	0.33966342442488806
chr17	-37	7	6565.0	0.10662604722010663
chr17	-36	14	6677.0	0.2096750037441965
chr17	-35	13	6776.0	0.19185360094451004
chr17	-34	5	6870.0	0.0727802037845706
chr17	-33	7	6944.0	0.10080645161290322
chr17	-32	13	7031.0	0.18489546294979378
chr17	-31	13	7146.0	0.18191995521970333
chr17	-30	23	7243.0	0.3175479773574486
chr17	-29	12	7328.0	0.16375545851528384
chr17	-28	29	7451.0	0.38920950208025773
chr17	-27	14	7541.0	0.18565177032223842
chr17	-26	46	7611.0	0.6043883852319012
chr17	-25	16	7707.0	0.20760347735824577
chr17	-24	39	7798.0	0.500128238009746
chr17	-23	27	7906.0	0.34151277510751327
chr17	-22	16	8005.0	0.19987507807620236
chr17	-21	41	8113.0	0.5053617650684087
chr17	-20	27	8252.0	0.3271934076587494
chr17	-19	39	8371.0	0.4658941584040139
chr17	-18	23	8468.0	0.271610769957487
chr17	-17	32	8574.0	0.37322136692325636
chr17	-16	38	8685.0	0.43753598157743234
chr17	-15	60	8826.0	0.6798096532970768
chr17	-14	28	8935.0	0.31337437045327365
chr17	-13	52	9064.0	0.5736981465136806
chr17	-12	54	9188.0	0.5877231171092729
chr17	-11	68	9313.0	0.73016213894556
chr17	-10	47	9452.0	0.4972492594159966
chr17	-9	54	9477.0	0.5698005698005698
chr17	-8	49	9465.0	0.5176967776016904
chr17	-7	40	9438.0	0.42381860563678747
chr17	-6	54	9454.0	0.5711867992384176
chr17	-5	46	9456.0	0.4864636209813875
chr17	-4	43	9450.0	0.455026455026455
chr17	-3	70	9431.0	0.7422330611812109
chr17	-2	48	9436.0	0.5086901229334464
chr17	-1	152	9398.0	1.6173653968929558
chr17	0	163	9243.0	1.763496700205561
chr17	1	67	9198.0	0.7284192215699065
chr17	2	78	9113.0	0.8559201141226819
chr17	3	69	9065.0	0.761169332597904
chr17	4	71	9003.0	0.7886260135510385
chr17	5	43	8918.0	0.4821708903341556
chr17	6	59	8827.0	0.6684037611872663
chr17	7	60	8760.0	0.684931506849315
chr17	8	102	8666.0	1.1770136164320333
chr17	9	54	8574.0	0.6298110566829951
chr17	10	65	8506.0	0.764166470726546
chr17	11	46	8399.0	0.5476842481247768
chr17	12	53	8324.0	0.6367131186929361
chr17	13	44	8239.0	0.5340453938584779
chr17	14	59	8172.0	0.7219774840920216
chr17	15	73	8103.0	0.9009009009009009
chr17	16	47	8030.0	0.5853051058530511
chr17	17	53	7946.0	0.6670022652907123
chr17	18	65	7859.0	0.8270772362896042
chr17	19	51	7765.0	0.6567933032839665
chr17	20	56	7688.0	0.72840790842872
chr17	21	41	7600.0	0.5394736842105263
chr17	22	54	7497.0	0.7202881152460985
chr17	23	60	7398.0	0.8110300081103
chr17	24	47	7332.0	0.641025641025641
chr17	25	68	7262.0	0.936381162214266
chr17	26	64	7181.0	0.8912407742654227
chr17	27	67	7113.0	0.9419372979052438
chr17	28	40	7033.0	0.5687473339968719
chr17	29	46	6948.0	0.6620610247553252
chr17	30	41	6853.0	0.5982781263680139
chr17	31	37	6755.0	0.5477424130273871
chr17	32	37	6691.0	0.5529816170975939
chr17	33	45	6617.0	0.6800664953906604
chr17	34	44	6527.0	0.6741228742148
chr17	35	43	6435.0	0.6682206682206682
chr17	36	61	6354.0	0.9600251809883538
chr17	37	31	6256.0	0.4955242966751918
chr17	38	71	6155.0	1.1535337124289196
chr17	39	34	6066.0	0.5605011539729641
chr17	40	36	5968.0	0.6032171581769437
chr17	41	49	5879.0	0.8334750807960537
chr17	42	57	5800.0	0.9827586206896551
chr17	43	40	5732.0	0.6978367062107467
chr17	44	40	5649.0	0.7080899274207825
chr17	45	37	5576.0	0.663558106169297
chr17	46	49	5493.0	0.8920444201711268
chr17	47	61	5421.0	1.1252536432392548
chr17	48	34	5354.0	0.6350392230108329
chr17	49	47	5253.0	0.8947268227679421
chr17	50	30	5175.0	0.5797101449275363
chr17	51	44	5088.0	0.8647798742138365
chr17	52	37	4988.0	0.7417802726543705
chr17	53	36	4903.0	0.7342443401998776
chr17	54	36	4793.0	0.7510953473815982
chr17	55	43	4712.0	0.9125636672325975
chr17	56	29	4634.0	0.6258092360811395
chr17	57	20	4556.0	0.4389815627743635
chr17	58	42	4469.0	0.9398075632132469
chr17	59	45	4395.0	1.023890784982935
chr17	60	30	4321.0	0.6942837306179125
chr17	61	36	4241.0	0.8488564017920301
chr17	62	47	4148.0	1.133076181292189
chr17	63	34	4063.0	0.8368200836820083
chr17	64	32	3997.0	0.8006004503377533
chr17	65	32	3915.0	0.8173690932311622
chr17	66	23	3814.0	0.6030414263240692
chr17	67	22	3741.0	0.5880780539962577
chr17	68	36	3649.0	0.9865716634694436
chr17	69	27	3556.0	0.7592800899887514
chr17	70	23	3475.0	0.6618705035971223
chr17	71	24	3382.0	0.7096392667060911
chr17	72	26	3289.0	0.7905138339920948
chr17	73	23	3193.0	0.7203257124960851
chr17	74	20	3119.0	0.6412311638345624
chr17	75	21	3034.0	0.6921555702043507
chr17	76	48	2948.0	1.6282225237449117
chr17	77	29	2856.0	1.015406162464986
chr17	78	26	2755.0	0.9437386569872959
chr17	79	29	2657.0	1.0914565299209635
chr17	80	21	2558.0	0.8209538702111024
chr17	81	13	2461.0	0.5282405526208858
chr17	82	22	2375.0	0.9263157894736843
chr17	83	17	2278.0	0.7462686567164178
chr17	84	23	2166.0	1.0618651892890119
chr17	85	16	2085.0	0.7673860911270983
chr17	86	19	2010.0	0.9452736318407959
chr17	87	20	1926.0	1.0384215991692627
chr17	88	21	1827.0	1.1494252873563218
chr17	89	9	1732.0	0.5196304849884527
chr17	90	14	1653.0	0.8469449485783425
chr17	91	13	1566.0	0.8301404853128991
chr17	92	13	1470.0	0.8843537414965987
chr17	93	10	1372.0	0.7288629737609329
chr17	94	9	1304.0	0.6901840490797546
chr17	95	8	1223.0	0.6541291905151267
chr17	96	3	1132.0	0.26501766784452296
chr17	97	9	1036.0	0.8687258687258688
chr17	98	4	958.0	0.41753653444676403
chr17	99	11	864.0	1.2731481481481481
chr17	100	4	772.0	0.5181347150259068
chr17	101	3	686.0	0.43731778425655976
chr17	102	10	596.0	1.6778523489932886
chr17	103	4	490.0	0.8163265306122449
chr17	104	5	405.0	1.2345679012345678
chr17	105	5	295.0	1.694915254237288
chr17	106	1	218.0	0.45871559633027525
chr17	107	2	161.0	1.2422360248447204
chr17	108	2	89.0	2.247191011235955
chr17	109	1	43.0	2.3255813953488373
chr17	110	1	2.0	50.0
chr17	111	0	1.0	0.0
chr17	112	0	0.0	nan
chr17	113	0	0.0	nan
chr17	114	0	0.0	nan
chr17	115	0	0.0	nan
chr17	116	0	0.0	nan
chr17	117	0	0.0	nan
chr17	118	0	0.0	nan
chr17	119	0	0.0	nan
chr17	120	0	0.0	nan
chr17	121	0	0.0	nan
chr17	122	0	0.0	nan
chr17	123	0	0.0	nan
chr17	124	0	0.0	nan
chr17	125	0	0.0	nan
chr17	126	0	0.0	nan
chr17	127	0	0.0	nan
chr17	128	0	0.0	nan
chr17	129	0	0.0	nan
chr17	130	0	0.0	nan
chr17	131	0	0.0	nan
chr17	132	0	0.0	nan
chr17	133	0	0.0	nan
chr17	134	0	0.0	nan
chr17	135	0	0.0	nan
chr17	136	0	0.0	nan
chr17	137	0	0.0	nan
chr17	138	0	0.0	nan
chr17	139	0	0.0	nan
chr17	140	0	0.0	nan
chr17	141	0	0.0	nan
chr17	142	0	0.0	nan
chr17	143	0	0.0	nan
chr17	144	0	0.0	nan
chr17	145	0	0.0	nan
chr17	146	0	0.0	nan
chr17	147	0	0.0	nan
chr17	148	0	0.0	nan
chr17	149	0	0.0	nan
chr18	-131	1	2.0	50.0
chr18	-130	0	3.0	0.0
chr18	-129	0	3.0	0.0
chr18	-128	0	3.0	0.0
chr18	-127	0	3.0	0.0
chr18	-126	0	3.0	0.0
chr18	-125	0	4.0	0.0
chr18	-124	0	4.0	0.0
chr18	-123	0	4.0	0.0
chr18	-122	0	4.0	0.0
chr18	-121	0	7.0	0.0
chr18	-120	0	24.0	0.0
chr18	-119	0	40.0	0.0
chr18	-118	1	51.0	1.9607843137254901
chr18	-117	0	75.0	0.0
chr18	-116	0	102.0	0.0
chr18	-115	0	125.0	0.0
chr18	-114	0	164.0	0.0
chr18	-113	4	190.0	2.1052631578947367
chr18	-112	0	222.0	0.0
chr18	-111	1	243.0	0.411522633744856
chr18	-110	0	270.0	0.0
chr18	-109	1	302.0	0.33112582781456956
chr18	-108	1	323.0	0.30959752321981426
chr18	-107	0	361.0	0.0
chr18	-106	1	384.0	0.26041666666666663
chr18	-105	0	414.0	0.0
chr18	-104	1	451.0	0.22172949002217296
chr18	-103	0	493.0	0.0
chr18	-102	0	540.0	0.0
chr18	-101	1	569.0	0.17574692442882248
chr18	-100	3	593.0	0.5059021922428331
chr18	-99	0	633.0	0.0
chr18	-98	1	674.0	0.1483679525222552
chr18	-97	2	703.0	0.2844950213371266
chr18	-96	1	731.0	0.13679890560875513
chr18	-95	0	758.0	0.0
chr18	-94	6	796.0	0.7537688442211055
chr18	-93	0	823.0	0.0
chr18	-92	6	858.0	0.6993006993006993
chr18	-91	9	910.0	0.9890109890109889
chr18	-90	7	944.0	0.7415254237288136
chr18	-89	2	992.0	0.20161290322580644
chr18	-88	1	1042.0	0.09596928982725528
chr18	-87	0	1084.0	0.0
chr18	-86	1	1112.0	0.08992805755395684
chr18	-85	0	1150.0	0.0
chr18	-84	6	1183.0	0.5071851225697379
chr18	-83	10	1231.0	0.8123476848090982
chr18	-82	0	1265.0	0.0
chr18	-81	1	1307.0	0.07651109410864575
chr18	-80	0	1337.0	0.0
chr18	-79	0	1378.0	0.0
chr18	-78	4	1411.0	0.28348688873139616
chr18	-77	0	1452.0	0.0
chr18	-76	7	1487.0	0.4707464694014795
chr18	-75	4	1530.0	0.261437908496732
chr18	-74	4	1561.0	0.25624599615631005
chr18	-73	7	1594.0	0.43914680050188204
chr18	-72	1	1618.0	0.061804697156983925
chr18	-71	2	1664.0	0.1201923076923077
chr18	-70	1	1709.0	0.058513750731421885
chr18	-69	1	1753.0	0.057045065601825436
chr18	-68	4	1787.0	0.22383883603805263
chr18	-67	2	1840.0	0.10869565217391304
chr18	-66	2	1878.0	0.10649627263045794
chr18	-65	2	1904.0	0.10504201680672269
chr18	-64	4	1939.0	0.2062919030428056
chr18	-63	2	1976.0	0.10121457489878542
chr18	-62	13	2014.0	0.6454816285998014
chr18	-61	9	2055.0	0.43795620437956206
chr18	-60	2	2085.0	0.09592326139088729
chr18	-59	6	2119.0	0.28315243039169424
chr18	-58	3	2169.0	0.13831258644536654
chr18	-57	11	2192.0	0.5018248175182481
chr18	-56	12	2227.0	0.5388414907947913
chr18	-55	4	2269.0	0.17628911414720141
chr18	-54	3	2312.0	0.12975778546712802
chr18	-53	2	2351.0	0.08507018290089324
chr18	-52	4	2387.0	0.1675743611227482
chr18	-51	0	2420.0	0.0
chr18	-50	3	2448.0	0.12254901960784313
chr18	-49	12	2475.0	0.48484848484848486
chr18	-48	5	2523.0	0.19817677368212444
chr18	-47	3	2553.0	0.11750881316098707
chr18	-46	1	2590.0	0.03861003861003861
chr18	-45	17	2634.0	0.64540622627183
chr18	-44	14	2664.0	0.5255255255255256
chr18	-43	13	2701.0	0.4813032210292484
chr18	-42	4	2729.0	0.14657383657017223
chr18	-41	9	2758.0	0.3263234227701233
chr18	-40	5	2802.0	0.17844396859386152
chr18	-39	16	2850.0	0.5614035087719298
chr18	-38	5	2896.0	0.17265193370165746
chr18	-37	16	2936.0	0.544959128065395
chr18	-36	4	2987.0	0.13391362571141616
chr18	-35	3	3018.0	0.09940357852882703
chr18	-34	18	3056.0	0.5890052356020943
chr18	-33	6	3108.0	0.19305019305019305
chr18	-32	6	3167.0	0.1894537417113988
chr18	-31	10	3218.0	0.3107520198881293
chr18	-30	36	3248.0	1.1083743842364533
chr18	-29	9	3277.0	0.274641440341776
chr18	-28	14	3315.0	0.42232277526395173
chr18	-27	8	3363.0	0.23788284269997023
chr18	-26	46	3397.0	1.3541360023550193
chr18	-25	6	3453.0	0.1737619461337967
chr18	-24	12	3472.0	0.3456221198156682
chr18	-23	9	3521.0	0.2556092019312695
chr18	-22	16	3580.0	0.44692737430167595
chr18	-21	19	3629.0	0.5235602094240838
chr18	-20	19	3677.0	0.5167255915148219
chr18	-19	33	3722.0	0.8866200967221923
chr18	-18	12	3760.0	0.3191489361702127
chr18	-17	7	3781.0	0.18513620735255223
chr18	-16	11	3834.0	0.28690662493479396
chr18	-15	22	3882.0	0.5667181865018033
chr18	-14	7	3921.0	0.17852588625350677
chr18	-13	14	3971.0	0.35255603122639134
chr18	-12	38	4005.0	0.9488139825218477
chr18	-11	27	4042.0	0.6679861454725383
chr18	-10	11	4076.0	0.2698724239450442
chr18	-9	7	4080.0	0.1715686274509804
chr18	-8	38	4080.0	0.9313725490196079
chr18	-7	47	4082.0	1.1513963743263105
chr18	-6	38	4082.0	0.9309162175404213
chr18	-5	33	4082.0	0.8084272415482606
chr18	-4	38	4071.0	0.9334315892901007
chr18	-3	26	4077.0	0.6377238165317636
chr18	-2	12	4077.0	0.29433406916850624
chr18	-1	157	4073.0	3.854652590228333
chr18	0	152	3931.0	3.8667005850928517
chr18	1	31	3900.0	0.7948717948717949
chr18	2	26	3868.0	0.672182006204757
chr18	3	44	3820.0	1.1518324607329842
chr18	4	33	3805.0	0.8672798948751642
chr18	5	49	3768.0	1.3004246284501062
chr18	6	25	3734.0	0.6695232994108195
chr18	7	31	3706.0	0.8364813815434431
chr18	8	21	3678.0	0.5709624796084829
chr18	9	25	3626.0	0.6894649751792609
chr18	10	13	3607.0	0.3604103132797339
chr18	11	40	3572.0	1.1198208286674132
chr18	12	20	3529.0	0.5667327854916406
chr18	13	17	3493.0	0.4866876610363584
chr18	14	36	3462.0	1.0398613518197575
chr18	15	12	3423.0	0.35056967572305
chr18	16	18	3392.0	0.5306603773584906
chr18	17	15	3346.0	0.4482964734010759
chr18	18	21	3300.0	0.6363636363636364
chr18	19	29	3266.0	0.8879363135333742
chr18	20	16	3233.0	0.49489638107021344
chr18	21	28	3202.0	0.8744534665833853
chr18	22	11	3108.0	0.35392535392535396
chr18	23	19	3075.0	0.6178861788617886
chr18	24	18	3088.0	0.582901554404145
chr18	25	30	3045.0	0.9852216748768473
chr18	26	17	3004.0	0.5659121171770972
chr18	27	20	2980.0	0.6711409395973155
chr18	28	22	2939.0	0.748553929908132
chr18	29	31	2903.0	1.0678608336203927
chr18	30	21	2864.0	0.7332402234636871
chr18	31	13	2815.0	0.4618117229129663
chr18	32	8	2774.0	0.2883922134102379
chr18	33	33	2743.0	1.203062340503099
chr18	34	12	2705.0	0.44362292051756
chr18	35	15	2658.0	0.5643340857787811
chr18	36	36	2633.0	1.3672616786935055
chr18	37	17	2595.0	0.6551059730250481
chr18	38	22	2561.0	0.8590394377196408
chr18	39	5	2512.0	0.19904458598726116
chr18	40	25	2481.0	1.007658202337767
chr18	41	16	2439.0	0.6560065600656007
chr18	42	17	2412.0	0.7048092868988391
chr18	43	16	2374.0	0.6739679865206403
chr18	44	25	2346.0	1.0656436487638534
chr18	45	14	2294.0	0.6102877070619006
chr18	46	7	2256.0	0.31028368794326244
chr18	47	9	2224.0	0.40467625899280574
chr18	48	17	2188.0	0.7769652650822669
chr18	49	11	2160.0	0.5092592592592593
chr18	50	12	2110.0	0.5687203791469194
chr18	51	16	2060.0	0.7766990291262136
chr18	52	10	2032.0	0.4921259842519685
chr18	53	15	1987.0	0.754906894816306
chr18	54	3	1952.0	0.15368852459016394
chr18	55	16	1924.0	0.8316008316008316
chr18	56	11	1901.0	0.578642819568648
chr18	57	11	1852.0	0.593952483801296
chr18	58	13	1798.0	0.7230255839822024
chr18	59	8	1761.0	0.4542873367404884
chr18	60	12	1739.0	0.690051753881541
chr18	61	15	1686.0	0.8896797153024912
chr18	62	13	1635.0	0.7951070336391437
chr18	63	8	1607.0	0.49782202862476665
chr18	64	10	1581.0	0.6325110689437065
chr18	65	6	1551.0	0.3868471953578337
chr18	66	9	1514.0	0.59445178335535
chr18	67	11	1484.0	0.7412398921832885
chr18	68	6	1438.0	0.4172461752433936
chr18	69	3	1404.0	0.2136752136752137
chr18	70	7	1375.0	0.5090909090909091
chr18	71	9	1334.0	0.6746626686656672
chr18	72	9	1290.0	0.6976744186046512
chr18	73	8	1257.0	0.6364359586316627
chr18	74	7	1206.0	0.5804311774461027
chr18	75	9	1170.0	0.7692307692307693
chr18	76	7	1134.0	0.6172839506172839
chr18	77	6	1100.0	0.5454545454545455
chr18	78	3	1060.0	0.2830188679245283
chr18	79	9	1025.0	0.878048780487805
chr18	80	4	982.0	0.40733197556008144
chr18	81	4	950.0	0.42105263157894735
chr18	82	15	906.0	1.6556291390728477
chr18	83	2	865.0	0.23121387283236997
chr18	84	2	831.0	0.24067388688327318
chr18	85	3	791.0	0.37926675094816686
chr18	86	4	749.0	0.5340453938584779
chr18	87	5	702.0	0.7122507122507122
chr18	88	6	657.0	0.91324200913242
chr18	89	9	613.0	1.468189233278956
chr18	90	0	588.0	0.0
chr18	91	6	558.0	1.0752688172043012
chr18	92	1	527.0	0.18975332068311196
chr18	93	2	487.0	0.41067761806981523
chr18	94	2	452.0	0.4424778761061947
chr18	95	4	421.0	0.9501187648456058
chr18	96	3	374.0	0.8021390374331552
chr18	97	3	328.0	0.9146341463414633
chr18	98	0	289.0	0.0
chr18	99	0	239.0	0.0
chr18	100	0	203.0	0.0
chr18	101	0	172.0	0.0
chr18	102	1	149.0	0.6711409395973155
chr18	103	0	127.0	0.0
chr18	104	0	86.0	0.0
chr18	105	1	67.0	1.4925373134328357
chr18	106	0	42.0	0.0
chr18	107	1	30.0	3.3333333333333335
chr18	108	1	18.0	5.555555555555555
chr18	109	0	8.0	0.0
chr18	110	0	0.0	nan
chr18	111	0	0.0	nan
chr18	112	0	0.0	nan
chr18	113	0	0.0	nan
chr18	114	0	0.0	nan
chr18	115	0	0.0	nan
chr18	116	0	0.0	nan
chr18	117	0	0.0	nan
chr18	118	0	0.0	nan
chr18	119	0	0.0	nan
chr18	120	0	0.0	nan
chr18	121	0	0.0	nan
chr18	122	0	0.0	nan
chr18	123	0	0.0	nan
chr18	124	0	0.0	nan
chr18	125	0	0.0	nan
chr18	126	0	0.0	nan
chr18	127	0	0.0	nan
chr19	-143	0	0.0	nan
chr19	-142	0	0.0	nan
chr19	-141	0	0.0	nan
chr19	-140	0	0.0	nan
chr19	-139	0	3.0	0.0
chr19	-138	0	3.0	0.0
chr19	-137	0	3.0	0.0
chr19	-136	0	4.0	0.0
chr19	-135	0	8.0	0.0
chr19	-134	0	8.0	0.0
chr19	-133	0	8.0	0.0
chr19	-132	0	8.0	0.0
chr19	-131	0	8.0	0.0
chr19	-130	0	8.0	0.0
chr19	-129	0	9.0	0.0
chr19	-128	2	9.0	22.22222222222222
chr19	-127	0	11.0	0.0
chr19	-126	0	17.0	0.0
chr19	-125	1	20.0	5.0
chr19	-124	0	23.0	0.0
chr19	-123	0	28.0	0.0
chr19	-122	0	37.0	0.0
chr19	-121	1	81.0	1.2345679012345678
chr19	-120	0	118.0	0.0
chr19	-119	0	159.0	0.0
chr19	-118	0	235.0	0.0
chr19	-117	0	333.0	0.0
chr19	-116	1	441.0	0.22675736961451248
chr19	-115	0	522.0	0.0
chr19	-114	0	625.0	0.0
chr19	-113	0	731.0	0.0
chr19	-112	3	854.0	0.351288056206089
chr19	-111	5	961.0	0.5202913631633715
chr19	-110	6	1053.0	0.5698005698005698
chr19	-109	4	1164.0	0.3436426116838488
chr19	-108	0	1281.0	0.0
chr19	-107	10	1401.0	0.7137758743754461
chr19	-106	2	1519.0	0.13166556945358787
chr19	-105	6	1626.0	0.36900369003690037
chr19	-104	3	1737.0	0.17271157167530224
chr19	-103	1	1839.0	0.0543773790103317
chr19	-102	5	1963.0	0.2547121752419766
chr19	-101	7	2086.0	0.33557046979865773
chr19	-100	2	2198.0	0.09099181073703368
chr19	-99	4	2321.0	0.17233950883239982
chr19	-98	3	2478.0	0.12106537530266344
chr19	-97	6	2601.0	0.2306805074971165
chr19	-96	13	2744.0	0.4737609329446064
chr19	-95	11	2850.0	0.3859649122807018
chr19	-94	8	2994.0	0.26720106880427524
chr19	-93	2	3128.0	0.0639386189258312
chr19	-92	4	3263.0	0.12258657676984369
chr19	-91	5	3419.0	0.14624159110851126
chr19	-90	6	3522.0	0.17035775127768313
chr19	-89	7	3649.0	0.1918333790079474
chr19	-88	5	3768.0	0.1326963906581741
chr19	-87	9	3905.0	0.23047375160051217
chr19	-86	9	4032.0	0.2232142857142857
chr19	-85	7	4152.0	0.16859344894026976
chr19	-84	18	4271.0	0.421446967923203
chr19	-83	8	4399.0	0.18185951352580132
chr19	-82	20	4529.0	0.44159858688452197
chr19	-81	3	4658.0	0.064405324173465
chr19	-80	9	4798.0	0.18757815756565235
chr19	-79	24	4941.0	0.4857316332726169
chr19	-78	8	5086.0	0.15729453401494298
chr19	-77	11	5228.0	0.21040550879877581
chr19	-76	22	5367.0	0.40991242779951553
chr19	-75	13	5488.0	0.2368804664723032
chr19	-74	14	5605.0	0.24977698483496877
chr19	-73	16	5735.0	0.2789886660854403
chr19	-72	27	5883.0	0.4589495155532891
chr19	-71	11	6014.0	0.18290655138011308
chr19	-70	28	6134.0	0.45647212259537007
chr19	-69	29	6272.0	0.46237244897959184
chr19	-68	12	6410.0	0.187207488299532
chr19	-67	14	6532.0	0.21432945499081446
chr19	-66	22	6649.0	0.3308768235824936
chr19	-65	9	6768.0	0.13297872340425532
chr19	-64	22	6898.0	0.3189330240649464
chr19	-63	2	7013.0	0.028518465706544985
chr19	-62	27	7137.0	0.37831021437578816
chr19	-61	34	7276.0	0.46728971962616817
chr19	-60	18	7397.0	0.243341895362985
chr19	-59	31	7549.0	0.4106504172738111
chr19	-58	13	7694.0	0.16896282817780087
chr19	-57	47	7822.0	0.600869342879059
chr19	-56	34	7928.0	0.4288597376387487
chr19	-55	33	8105.0	0.4071560764959901
chr19	-54	13	8269.0	0.15721368968436328
chr19	-53	51	8408.0	0.6065651760228354
chr19	-52	62	8576.0	0.7229477611940298
chr19	-51	19	8695.0	0.21851638872915471
chr19	-50	18	8822.0	0.20403536613012924
chr19	-49	33	8944.0	0.3689624329159213
chr19	-48	46	9103.0	0.5053279138745468
chr19	-47	7	9256.0	0.0756266205704408
chr19	-46	37	9415.0	0.39298990971853426
chr19	-45	19	9540.0	0.1991614255765199
chr19	-44	31	9700.0	0.31958762886597936
chr19	-43	12	9833.0	0.12203803518763348
chr19	-42	17	9974.0	0.17044315219570885
chr19	-41	53	10118.0	0.523818936548725
chr19	-40	52	10277.0	0.5059842366449353
chr19	-39	64	10399.0	0.6154437926723724
chr19	-38	14	10557.0	0.13261343184616842
chr19	-37	21	10688.0	0.1964820359281437
chr19	-36	26	10818.0	0.24034017378443337
chr19	-35	18	10966.0	0.16414371694327923
chr19	-34	12	11121.0	0.10790396547073104
chr19	-33	37	11273.0	0.3282178656967977
chr19	-32	34	11426.0	0.29756695256432697
chr19	-31	23	11573.0	0.19873844292750364
chr19	-30	18	11741.0	0.15330891746869943
chr19	-29	43	11910.0	0.3610411418975651
chr19	-28	24	12083.0	0.19862616899776545
chr19	-27	42	12249.0	0.3428851334802841
chr19	-26	28	12417.0	0.22549730208585006
chr19	-25	65	12605.0	0.5156683855612851
chr19	-24	47	12769.0	0.36807894118568407
chr19	-23	59	12946.0	0.455739224470879
chr19	-22	57	13125.0	0.43428571428571433
chr19	-21	41	13275.0	0.3088512241054614
chr19	-20	46	13447.0	0.34208373614932697
chr19	-19	49	13633.0	0.35942199075772024
chr19	-18	88	13807.0	0.6373578619540812
chr19	-17	79	14000.0	0.5642857142857143
chr19	-16	113	14147.0	0.7987559199830352
chr19	-15	49	14365.0	0.34110685694396103
chr19	-14	75	14534.0	0.5160313747075822
chr19	-13	57	14764.0	0.3860742346247629
chr19	-12	121	14962.0	0.8087154123780244
chr19	-11	127	15203.0	0.8353614418206933
chr19	-10	39	15409.0	0.25309883834122915
chr19	-9	86	15407.0	0.558187836697605
chr19	-8	142	15415.0	0.9211806681803438
chr19	-7	110	15419.0	0.7134055386211816
chr19	-6	105	15406.0	0.6815526418278592
chr19	-5	90	15395.0	0.5846053913608315
chr19	-4	119	15385.0	0.7734806629834254
chr19	-3	98	15356.0	0.6381870278718416
chr19	-2	141	15344.0	0.9189259645464024
chr19	-1	372	15342.0	2.4247164646069614
chr19	0	293	14946.0	1.9603907399973235
chr19	1	146	14843.0	0.9836286465000337
chr19	2	110	14724.0	0.7470795979353436
chr19	3	138	14588.0	0.945982999725802
chr19	4	132	14431.0	0.9146975261589634
chr19	5	112	14291.0	0.7837100272899028
chr19	6	153	14165.0	1.0801270737733852
chr19	7	125	14024.0	0.8913291500285225
chr19	8	126	13862.0	0.9089597460683885
chr19	9	96	13740.0	0.6986899563318777
chr19	10	104	13612.0	0.7640317367029091
chr19	11	114	13433.0	0.8486562942008486
chr19	12	95	13289.0	0.7148769659116563
chr19	13	127	13155.0	0.9654123907259597
chr19	14	90	13030.0	0.6907137375287797
chr19	15	140	12907.0	1.0846827303013868
chr19	16	126	12813.0	0.9833762584874737
chr19	17	110	12657.0	0.8690843011772142
chr19	18	93	12535.0	0.7419226166733147
chr19	19	77	12392.0	0.6213686249193028
chr19	20	74	12266.0	0.6032936572639818
chr19	21	94	12132.0	0.7748104187273327
chr19	22	102	11995.0	0.8503543142976241
chr19	23	88	11862.0	0.7418647782835947
chr19	24	122	11707.0	1.042111557188007
chr19	25	69	11553.0	0.5972474681900806
chr19	26	104	11410.0	0.9114811568799298
chr19	27	95	11256.0	0.843994314143568
chr19	28	99	11129.0	0.8895677958486836
chr19	29	87	10982.0	0.7922054270624659
chr19	30	70	10877.0	0.6435598050933162
chr19	31	106	10750.0	0.986046511627907
chr19	32	121	10590.0	1.1425873465533523
chr19	33	94	10487.0	0.8963478592543148
chr19	34	70	10337.0	0.6771790654928896
chr19	35	80	10194.0	0.7847753580537572
chr19	36	81	10076.0	0.8038904327113935
chr19	37	58	9908.0	0.5853855470327008
chr19	38	109	9782.0	1.114291555919035
chr19	39	103	9636.0	1.0689082606890827
chr19	40	110	9509.0	1.156798822168472
chr19	41	79	9360.0	0.844017094017094
chr19	42	67	9218.0	0.7268387936645694
chr19	43	85	9090.0	0.935093509350935
chr19	44	59	8958.0	0.6586291582942622
chr19	45	82	8862.0	0.9252990295644324
chr19	46	59	8723.0	0.6763728075203485
chr19	47	70	8589.0	0.8149959250203749
chr19	48	73	8424.0	0.8665716999050332
chr19	49	50	8288.0	0.6032818532818532
chr19	50	60	8167.0	0.7346638912697441
chr19	51	106	8047.0	1.317261091089847
chr19	52	88	7895.0	1.1146295123495884
chr19	53	66	7757.0	0.8508443986077092
chr19	54	62	7630.0	0.8125819134993446
chr19	55	77	7484.0	1.028861571352218
chr19	56	76	7386.0	1.0289737340915246
chr19	57	50	7246.0	0.6900358818658571
chr19	58	51	7104.0	0.7179054054054055
chr19	59	51	6962.0	0.732548118356794
chr19	60	53	6818.0	0.7773540627750073
chr19	61	78	6689.0	1.1660935864852744
chr19	62	67	6582.0	1.017927681555758
chr19	63	60	6436.0	0.9322560596643878
chr19	64	43	6305.0	0.6819984139571769
chr19	65	49	6187.0	0.7919831905608534
chr19	66	56	6075.0	0.9218106995884774
chr19	67	54	5915.0	0.9129332206255283
chr19	68	71	5796.0	1.2249827467218772
chr19	69	67	5649.0	1.1860506284298107
chr19	70	50	5516.0	0.9064539521392313
chr19	71	55	5401.0	1.0183299389002036
chr19	72	44	5269.0	0.8350730688935281
chr19	73	48	5125.0	0.9365853658536585
chr19	74	42	4973.0	0.8445606273878947
chr19	75	42	4839.0	0.8679479231246126
chr19	76	53	4688.0	1.1305460750853242
chr19	77	56	4570.0	1.225382932166302
chr19	78	50	4436.0	1.127141568981064
chr19	79	28	4293.0	0.6522245515956208
chr19	80	29	4147.0	0.6993006993006993
chr19	81	40	4013.0	0.9967605282830799
chr19	82	39	3861.0	1.0101010101010102
chr19	83	27	3742.0	0.7215392838054516
chr19	84	30	3562.0	0.8422234699606962
chr19	85	37	3407.0	1.0859994129732904
chr19	86	37	3239.0	1.1423278789749922
chr19	87	25	3090.0	0.8090614886731391
chr19	88	19	2948.0	0.644504748982361
chr19	89	26	2796.0	0.9298998569384835
chr19	90	25	2623.0	0.9531071292413268
chr19	91	21	2492.0	0.8426966292134831
chr19	92	22	2330.0	0.944206008583691
chr19	93	20	2193.0	0.9119927040583675
chr19	94	13	2042.0	0.6366307541625857
chr19	95	22	1912.0	1.1506276150627615
chr19	96	27	1763.0	1.5314804310833807
chr19	97	9	1594.0	0.5646173149309912
chr19	98	13	1422.0	0.9142053445850914
chr19	99	15	1256.0	1.194267515923567
chr19	100	7	1117.0	0.6266786034019696
chr19	101	11	962.0	1.1434511434511436
chr19	102	8	812.0	0.9852216748768473
chr19	103	7	698.0	1.002865329512894
chr19	104	5	579.0	0.8635578583765112
chr19	105	2	437.0	0.4576659038901602
chr19	106	7	323.0	2.1671826625387
chr19	107	2	227.0	0.881057268722467
chr19	108	0	167.0	0.0
chr19	109	0	60.0	0.0
chr19	110	0	4.0	0.0
chr19	111	0	4.0	0.0
chr19	112	0	2.0	0.0
chr19	113	0	0.0	nan
chr19	114	0	0.0	nan
chr19	115	0	0.0	nan
chr19	116	0	0.0	nan
chr19	117	0	0.0	nan
chr19	118	0	0.0	nan
chr19	119	0	0.0	nan
chr19	120	0	0.0	nan
chr19	121	0	0.0	nan
chr19	122	0	0.0	nan
chr19	123	0	0.0	nan
chr19	124	0	0.0	nan
chr19	125	0	0.0	nan
chr19	126	0	0.0	nan
chr19	127	0	0.0	nan
chr19	128	0	0.0	nan
chr19	129	0	0.0	nan
chr19	130	0	0.0	nan
chr19	131	0	0.0	nan
chr19	132	0	0.0	nan
chr19	133	0	0.0	nan
chr19	134	0	0.0	nan
chr19	135	0	0.0	nan
chr19	136	0	0.0	nan
chr19	137	0	0.0	nan
chr19	138	0	0.0	nan
chr19	139	0	0.0	nan
chr19	140	0	0.0	nan
chr19	141	0	0.0	nan
chr19	142	0	0.0	nan
chr19	143	0	0.0	nan
chr19	144	0	0.0	nan
chr19	145	0	0.0	nan
chr20	-135	0	1.0	0.0
chr20	-134	0	1.0	0.0
chr20	-133	0	1.0	0.0
chr20	-132	0	1.0	0.0
chr20	-131	0	1.0	0.0
chr20	-130	0	1.0	0.0
chr20	-129	0	1.0	0.0
chr20	-128	0	1.0	0.0
chr20	-127	0	1.0	0.0
chr20	-126	0	2.0	0.0
chr20	-125	0	2.0	0.0
chr20	-124	0	2.0	0.0
chr20	-123	0	2.0	0.0
chr20	-122	0	8.0	0.0
chr20	-121	0	20.0	0.0
chr20	-120	0	44.0	0.0
chr20	-119	0	62.0	0.0
chr20	-118	0	93.0	0.0
chr20	-117	0	126.0	0.0
chr20	-116	0	169.0	0.0
chr20	-115	0	201.0	0.0
chr20	-114	0	245.0	0.0
chr20	-113	0	283.0	0.0
chr20	-112	0	316.0	0.0
chr20	-111	1	362.0	0.2762430939226519
chr20	-110	0	402.0	0.0
chr20	-109	1	444.0	0.22522522522522523
chr20	-108	2	493.0	0.4056795131845842
chr20	-107	1	524.0	0.19083969465648853
chr20	-106	1	569.0	0.17574692442882248
chr20	-105	0	625.0	0.0
chr20	-104	1	674.0	0.1483679525222552
chr20	-103	1	727.0	0.1375515818431912
chr20	-102	1	764.0	0.13089005235602094
chr20	-101	0	827.0	0.0
chr20	-100	2	880.0	0.22727272727272727
chr20	-99	0	919.0	0.0
chr20	-98	0	977.0	0.0
chr20	-97	7	1028.0	0.6809338521400778
chr20	-96	1	1085.0	0.09216589861751152
chr20	-95	3	1139.0	0.2633889376646181
chr20	-94	1	1183.0	0.08453085376162299
chr20	-93	2	1239.0	0.16142050040355124
chr20	-92	0	1298.0	0.0
chr20	-91	7	1368.0	0.5116959064327485
chr20	-90	1	1412.0	0.0708215297450425
chr20	-89	0	1487.0	0.0
chr20	-88	0	1549.0	0.0
chr20	-87	5	1597.0	0.31308703819661865
chr20	-86	1	1646.0	0.060753341433778855
chr20	-85	0	1706.0	0.0
chr20	-84	9	1753.0	0.513405590416429
chr20	-83	2	1808.0	0.11061946902654868
chr20	-82	8	1858.0	0.4305705059203444
chr20	-81	1	1914.0	0.052246603970741906
chr20	-80	2	1976.0	0.10121457489878542
chr20	-79	20	2026.0	0.9871668311944718
chr20	-78	5	2084.0	0.23992322456813817
chr20	-77	2	2143.0	0.09332711152589827
chr20	-76	5	2176.0	0.2297794117647059
chr20	-75	4	2236.0	0.17889087656529518
chr20	-74	7	2303.0	0.303951367781155
chr20	-73	10	2344.0	0.42662116040955633
chr20	-72	2	2401.0	0.08329862557267806
chr20	-71	1	2443.0	0.04093327875562833
chr20	-70	7	2502.0	0.2797761790567546
chr20	-69	20	2566.0	0.779423226812159
chr20	-68	4	2627.0	0.15226494099733537
chr20	-67	2	2699.0	0.07410151908114117
chr20	-66	3	2760.0	0.10869565217391304
chr20	-65	5	2816.0	0.17755681818181818
chr20	-64	3	2868.0	0.10460251046025104
chr20	-63	9	2909.0	0.30938466827088346
chr20	-62	4	2966.0	0.13486176668914363
chr20	-61	5	3018.0	0.16567263088137837
chr20	-60	15	3083.0	0.4865390853065196
chr20	-59	5	3129.0	0.15979546180888463
chr20	-58	2	3198.0	0.06253908692933083
chr20	-57	7	3258.0	0.21485573971761818
chr20	-56	13	3320.0	0.391566265060241
chr20	-55	5	3385.0	0.14771048744460857
chr20	-54	7	3444.0	0.20325203252032523
chr20	-53	3	3487.0	0.08603383997705764
chr20	-52	17	3549.0	0.4790081713158636
chr20	-51	21	3602.0	0.5830094392004442
chr20	-50	16	3651.0	0.4382360996987127
chr20	-49	3	3708.0	0.08090614886731393
chr20	-48	2	3752.0	0.053304904051172705
chr20	-47	5	3816.0	0.1310272536687631
chr20	-46	7	3874.0	0.18069179143004646
chr20	-45	12	3919.0	0.3062005613676958
chr20	-44	22	3976.0	0.5533199195171026
chr20	-43	15	4029.0	0.37230081906180196
chr20	-42	5	4077.0	0.12263919548687761
chr20	-41	8	4133.0	0.19356399709654004
chr20	-40	6	4195.0	0.1430274135876043
chr20	-39	18	4245.0	0.4240282685512367
chr20	-38	31	4306.0	0.7199256850905713
chr20	-37	7	4347.0	0.1610305958132045
chr20	-36	22	4418.0	0.49796287913082843
chr20	-35	28	4492.0	0.6233303650934996
chr20	-34	6	4545.0	0.132013201320132
chr20	-33	19	4637.0	0.4097476816907484
chr20	-32	7	4696.0	0.14906303236797275
chr20	-31	8	4745.0	0.16859852476290835
chr20	-30	18	4824.0	0.3731343283582089
chr20	-29	10	4898.0	0.2041649652919559
chr20	-28	13	4924.0	0.26401299756295693
chr20	-27	12	4987.0	0.240625626629236
chr20	-26	21	5083.0	0.41314184536690934
chr20	-25	5	5140.0	0.09727626459143969
chr20	-24	36	5198.0	0.6925740669488265
chr20	-23	19	5248.0	0.3620426829268293
chr20	-22	9	5312.0	0.1694277108433735
chr20	-21	14	5397.0	0.25940337224383914
chr20	-20	15	5481.0	0.27367268746579093
chr20	-19	32	5568.0	0.5747126436781609
chr20	-18	22	5652.0	0.389242745930644
chr20	-17	22	5743.0	0.383075047884381
chr20	-16	20	5848.0	0.3419972640218878
chr20	-15	24	5943.0	0.40383644623927306
chr20	-14	35	5997.0	0.5836251459062864
chr20	-13	24	6074.0	0.39512676983865663
chr20	-12	19	6163.0	0.3082914165179296
chr20	-11	21	6259.0	0.33551685572775203
chr20	-10	19	6349.0	0.29925972594109307
chr20	-9	30	6328.0	0.47408343868520864
chr20	-8	11	6347.0	0.17331022530329288
chr20	-7	23	6347.0	0.3623759256341579
chr20	-6	22	6350.0	0.3464566929133858
chr20	-5	35	6350.0	0.5511811023622047
chr20	-4	29	6343.0	0.4571969099795049
chr20	-3	53	6336.0	0.836489898989899
chr20	-2	41	6349.0	0.6457709875570956
chr20	-1	125	6327.0	1.9756598703967125
chr20	0	90	6210.0	1.4492753623188406
chr20	1	26	6157.0	0.4222835796654215
chr20	2	44	6088.0	0.7227332457293035
chr20	3	31	6024.0	0.5146082337317397
chr20	4	49	5969.0	0.8209080247947731
chr20	5	25	5932.0	0.42144302090357383
chr20	6	27	5886.0	0.45871559633027525
chr20	7	19	5834.0	0.32567706547823105
chr20	8	53	5773.0	0.9180668629828512
chr20	9	24	5743.0	0.41790005223750654
chr20	10	22	5685.0	0.38698328935795956
chr20	11	22	5624.0	0.39118065433854904
chr20	12	47	5563.0	0.8448678770447601
chr20	13	37	5512.0	0.6712626995645864
chr20	14	32	5450.0	0.5871559633027523
chr20	15	33	5388.0	0.6124721603563474
chr20	16	24	5322.0	0.4509582863585118
chr20	17	43	5258.0	0.8178014454165081
chr20	18	56	5223.0	1.0721807390388665
chr20	19	28	5147.0	0.544006217213911
chr20	20	30	5088.0	0.589622641509434
chr20	21	29	5028.0	0.5767700875099443
chr20	22	38	4989.0	0.7616756865103227
chr20	23	68	4937.0	1.3773546688272231
chr20	24	31	4885.0	0.6345957011258956
chr20	25	28	4841.0	0.578392894030159
chr20	26	26	4768.0	0.5453020134228188
chr20	27	41	4706.0	0.8712282192945178
chr20	28	18	4656.0	0.3865979381443299
chr20	29	35	4600.0	0.7608695652173914
chr20	30	25	4544.0	0.5501760563380281
chr20	31	21	4486.0	0.46812304948729383
chr20	32	39	4418.0	0.882752376641014
chr20	33	30	4349.0	0.6898137502874223
chr20	34	46	4296.0	1.0707635009310987
chr20	35	50	4250.0	1.1764705882352942
chr20	36	23	4194.0	0.5484024797329518
chr20	37	41	4136.0	0.9912959381044486
chr20	38	54	4075.0	1.3251533742331287
chr20	39	27	3995.0	0.6758448060075094
chr20	40	19	3932.0	0.4832146490335707
chr20	41	18	3889.0	0.4628439187451787
chr20	42	47	3842.0	1.2233211868818323
chr20	43	30	3788.0	0.791974656810982
chr20	44	23	3727.0	0.6171183257311511
chr20	45	19	3663.0	0.5187005187005187
chr20	46	33	3612.0	0.9136212624584719
chr20	47	21	3546.0	0.5922165820642978
chr20	48	11	3506.0	0.31374786081003997
chr20	49	15	3453.0	0.4344048653344918
chr20	50	44	3401.0	1.2937371361364305
chr20	51	22	3346.0	0.657501494321578
chr20	52	25	3288.0	0.7603406326034063
chr20	53	15	3233.0	0.46396535725332505
chr20	54	18	3160.0	0.569620253164557
chr20	55	35	3117.0	1.122874558870709
chr20	56	14	3058.0	0.45781556572923476
chr20	57	25	3000.0	0.8333333333333334
chr20	58	17	2927.0	0.5807994533652203
chr20	59	27	2862.0	0.9433962264150944
chr20	60	16	2799.0	0.571632725973562
chr20	61	15	2757.0	0.544069640914037
chr20	62	18	2696.0	0.6676557863501483
chr20	63	14	2642.0	0.5299015897047691
chr20	64	8	2596.0	0.30816640986132515
chr20	65	15	2528.0	0.5933544303797469
chr20	66	9	2472.0	0.3640776699029126
chr20	67	22	2419.0	0.9094667217858619
chr20	68	19	2378.0	0.798990748528175
chr20	69	20	2323.0	0.8609556607834696
chr20	70	11	2277.0	0.4830917874396135
chr20	71	12	2209.0	0.5432322317790856
chr20	72	23	2144.0	1.0727611940298507
chr20	73	18	2092.0	0.8604206500956023
chr20	74	14	2022.0	0.6923837784371909
chr20	75	8	1960.0	0.40816326530612246
chr20	76	20	1886.0	1.0604453870625663
chr20	77	21	1840.0	1.141304347826087
chr20	78	25	1786.0	1.3997760358342666
chr20	79	7	1719.0	0.4072134962187318
chr20	80	14	1659.0	0.8438818565400843
chr20	81	17	1607.0	1.057871810827629
chr20	82	10	1537.0	0.6506180871828237
chr20	83	12	1490.0	0.8053691275167786
chr20	84	5	1429.0	0.34989503149055284
chr20	85	10	1367.0	0.7315288953913679
chr20	86	15	1307.0	1.1476664116296864
chr20	87	11	1263.0	0.870942201108472
chr20	88	7	1200.0	0.5833333333333334
chr20	89	7	1135.0	0.6167400881057269
chr20	90	10	1089.0	0.9182736455463728
chr20	91	4	1009.0	0.39643211100099107
chr20	92	9	957.0	0.9404388714733543
chr20	93	6	894.0	0.6711409395973155
chr20	94	3	829.0	0.3618817852834741
chr20	95	7	779.0	0.8985879332477535
chr20	96	10	725.0	1.3793103448275863
chr20	97	8	653.0	1.2251148545176112
chr20	98	1	569.0	0.17574692442882248
chr20	99	3	523.0	0.5736137667304015
chr20	100	2	461.0	0.43383947939262474
chr20	101	2	399.0	0.5012531328320802
chr20	102	1	353.0	0.28328611898017
chr20	103	1	294.0	0.3401360544217687
chr20	104	1	240.0	0.4166666666666667
chr20	105	0	185.0	0.0
chr20	106	0	133.0	0.0
chr20	107	0	108.0	0.0
chr20	108	0	70.0	0.0
chr20	109	0	34.0	0.0
chr20	110	0	0.0	nan
chr20	111	0	0.0	nan
chr20	112	0	0.0	nan
chr20	113	0	0.0	nan
chr20	114	0	0.0	nan
chr20	115	0	0.0	nan
chr20	116	0	0.0	nan
chr20	117	0	0.0	nan
chr20	118	0	0.0	nan
chr20	119	0	0.0	nan
chr20	120	0	0.0	nan
chr20	121	0	0.0	nan
chr20	122	0	0.0	nan
chr20	123	0	0.0	nan
chr20	124	0	0.0	nan
chr20	125	0	0.0	nan
chr20	126	0	0.0	nan
chr20	127	0	0.0	nan
chr20	128	0	0.0	nan
chr20	129	0	0.0	nan
chr20	130	0	0.0	nan
chr20	131	0	0.0	nan
chr20	132	0	0.0	nan
chr20	133	0	0.0	nan
chr20	134	0	0.0	nan
chr20	135	0	0.0	nan
chr21	-126	0	2.0	0.0
chr21	-125	0	2.0	0.0
chr21	-124	0	2.0	0.0
chr21	-123	0	2.0	0.0
chr21	-122	0	2.0	0.0
chr21	-121	0	4.0	0.0
chr21	-120	0	7.0	0.0
chr21	-119	0	14.0	0.0
chr21	-118	0	21.0	0.0
chr21	-117	1	32.0	3.125
chr21	-116	1	37.0	2.7027027027027026
chr21	-115	0	43.0	0.0
chr21	-114	1	50.0	2.0
chr21	-113	0	61.0	0.0
chr21	-112	0	71.0	0.0
chr21	-111	0	82.0	0.0
chr21	-110	3	93.0	3.225806451612903
chr21	-109	1	96.0	1.0416666666666665
chr21	-108	0	103.0	0.0
chr21	-107	0	108.0	0.0
chr21	-106	1	113.0	0.8849557522123894
chr21	-105	0	128.0	0.0
chr21	-104	0	141.0	0.0
chr21	-103	0	152.0	0.0
chr21	-102	1	165.0	0.6060606060606061
chr21	-101	0	177.0	0.0
chr21	-100	0	185.0	0.0
chr21	-99	0	197.0	0.0
chr21	-98	0	200.0	0.0
chr21	-97	1	212.0	0.4716981132075472
chr21	-96	0	225.0	0.0
chr21	-95	0	235.0	0.0
chr21	-94	0	246.0	0.0
chr21	-93	2	252.0	0.7936507936507936
chr21	-92	0	260.0	0.0
chr21	-91	0	278.0	0.0
chr21	-90	1	293.0	0.3412969283276451
chr21	-89	0	307.0	0.0
chr21	-88	1	310.0	0.3225806451612903
chr21	-87	0	319.0	0.0
chr21	-86	1	326.0	0.3067484662576687
chr21	-85	0	342.0	0.0
chr21	-84	0	343.0	0.0
chr21	-83	0	354.0	0.0
chr21	-82	0	367.0	0.0
chr21	-81	0	382.0	0.0
chr21	-80	1	392.0	0.25510204081632654
chr21	-79	0	404.0	0.0
chr21	-78	2	415.0	0.48192771084337355
chr21	-77	0	425.0	0.0
chr21	-76	0	441.0	0.0
chr21	-75	1	449.0	0.22271714922048996
chr21	-74	2	463.0	0.4319654427645789
chr21	-73	0	475.0	0.0
chr21	-72	0	484.0	0.0
chr21	-71	1	496.0	0.20161290322580644
chr21	-70	1	504.0	0.1984126984126984
chr21	-69	0	513.0	0.0
chr21	-68	0	518.0	0.0
chr21	-67	1	524.0	0.19083969465648853
chr21	-66	3	537.0	0.5586592178770949
chr21	-65	3	548.0	0.5474452554744526
chr21	-64	1	555.0	0.18018018018018017
chr21	-63	0	567.0	0.0
chr21	-62	0	578.0	0.0
chr21	-61	1	587.0	0.17035775127768313
chr21	-60	2	592.0	0.33783783783783783
chr21	-59	0	612.0	0.0
chr21	-58	7	626.0	1.1182108626198082
chr21	-57	2	636.0	0.3144654088050315
chr21	-56	2	643.0	0.3110419906687403
chr21	-55	0	661.0	0.0
chr21	-54	1	675.0	0.14814814814814814
chr21	-53	1	681.0	0.14684287812041116
chr21	-52	1	691.0	0.1447178002894356
chr21	-51	1	703.0	0.1422475106685633
chr21	-50	2	718.0	0.2785515320334262
chr21	-49	3	729.0	0.411522633744856
chr21	-48	0	737.0	0.0
chr21	-47	19	750.0	2.533333333333333
chr21	-46	1	758.0	0.13192612137203166
chr21	-45	18	776.0	2.3195876288659796
chr21	-44	2	788.0	0.25380710659898476
chr21	-43	1	799.0	0.1251564455569462
chr21	-42	4	814.0	0.4914004914004914
chr21	-41	16	820.0	1.951219512195122
chr21	-40	2	829.0	0.24125452352231602
chr21	-39	0	850.0	0.0
chr21	-38	14	855.0	1.6374269005847955
chr21	-37	13	870.0	1.4942528735632183
chr21	-36	1	883.0	0.11325028312570783
chr21	-35	0	891.0	0.0
chr21	-34	1	907.0	0.11025358324145534
chr21	-33	7	919.0	0.7616974972796519
chr21	-32	2	929.0	0.2152852529601722
chr21	-31	1	949.0	0.10537407797681769
chr21	-30	2	967.0	0.2068252326783868
chr21	-29	0	979.0	0.0
chr21	-28	14	988.0	1.417004048582996
chr21	-27	5	998.0	0.501002004008016
chr21	-26	1	1011.0	0.09891196834817012
chr21	-25	58	1026.0	5.653021442495127
chr21	-24	2	1037.0	0.19286403085824494
chr21	-23	1	1050.0	0.09523809523809523
chr21	-22	1	1064.0	0.09398496240601503
chr21	-21	4	1073.0	0.3727865796831314
chr21	-20	17	1078.0	1.5769944341372915
chr21	-19	1	1089.0	0.09182736455463728
chr21	-18	32	1095.0	2.922374429223744
chr21	-17	11	1102.0	0.9981851179673321
chr21	-16	0	1124.0	0.0
chr21	-15	5	1132.0	0.441696113074205
chr21	-14	0	1144.0	0.0
chr21	-13	3	1159.0	0.2588438308886971
chr21	-12	27	1176.0	2.295918367346939
chr21	-11	5	1198.0	0.41736227045075125
chr21	-10	2	1207.0	0.16570008285004142
chr21	-9	1	1207.0	0.08285004142502071
chr21	-8	4	1207.0	0.33140016570008285
chr21	-7	5	1207.0	0.4142502071251036
chr21	-6	2	1207.0	0.16570008285004142
chr21	-5	5	1207.0	0.4142502071251036
chr21	-4	1	1207.0	0.08285004142502071
chr21	-3	2	1204.0	0.16611295681063123
chr21	-2	4	1207.0	0.33140016570008285
chr21	-1	4	1205.0	0.33195020746887965
chr21	0	19	1184.0	1.6047297297297296
chr21	1	5	1170.0	0.4273504273504274
chr21	2	3	1161.0	0.2583979328165375
chr21	3	7	1148.0	0.6097560975609756
chr21	4	22	1140.0	1.9298245614035088
chr21	5	5	1129.0	0.44286979627989376
chr21	6	10	1121.0	0.8920606601248885
chr21	7	2	1106.0	0.18083182640144665
chr21	8	6	1096.0	0.5474452554744526
chr21	9	5	1080.0	0.4629629629629629
chr21	10	6	1074.0	0.5586592178770949
chr21	11	26	1063.0	2.4459078080903107
chr21	12	9	1056.0	0.8522727272727272
chr21	13	7	1047.0	0.6685768863419294
chr21	14	1	1035.0	0.0966183574879227
chr21	15	13	1016.0	1.279527559055118
chr21	16	11	991.0	1.109989909182644
chr21	17	37	983.0	3.7639877924720246
chr21	18	7	970.0	0.7216494845360825
chr21	19	13	963.0	1.3499480789200415
chr21	20	9	953.0	0.944386149003148
chr21	21	6	944.0	0.6355932203389831
chr21	22	5	931.0	0.5370569280343717
chr21	23	6	923.0	0.6500541711809318
chr21	24	29	918.0	3.159041394335512
chr21	25	6	910.0	0.6593406593406593
chr21	26	3	893.0	0.33594624860022393
chr21	27	17	882.0	1.9274376417233559
chr21	28	2	874.0	0.2288329519450801
chr21	29	8	859.0	0.9313154831199069
chr21	30	3	849.0	0.35335689045936397
chr21	31	4	842.0	0.4750593824228029
chr21	32	17	837.0	2.031063321385902
chr21	33	2	828.0	0.24154589371980675
chr21	34	3	817.0	0.36719706242350064
chr21	35	8	800.0	1.0
chr21	36	13	796.0	1.6331658291457287
chr21	37	12	789.0	1.520912547528517
chr21	38	5	769.0	0.6501950585175552
chr21	39	8	750.0	1.0666666666666667
chr21	40	27	733.0	3.6834924965893587
chr21	41	1	724.0	0.13812154696132595
chr21	42	1	713.0	0.1402524544179523
chr21	43	5	701.0	0.7132667617689016
chr21	44	16	689.0	2.3222060957910013
chr21	45	2	677.0	0.29542097488921715
chr21	46	23	672.0	3.422619047619048
chr21	47	7	657.0	1.06544901065449
chr21	48	7	649.0	1.078582434514638
chr21	49	1	639.0	0.1564945226917058
chr21	50	5	629.0	0.7949125596184419
chr21	51	4	626.0	0.6389776357827476
chr21	52	8	623.0	1.2841091492776886
chr21	53	1	612.0	0.16339869281045752
chr21	54	3	594.0	0.5050505050505051
chr21	55	4	586.0	0.6825938566552902
chr21	56	5	575.0	0.8695652173913043
chr21	57	9	565.0	1.592920353982301
chr21	58	5	558.0	0.8960573476702508
chr21	59	7	549.0	1.2750455373406193
chr21	60	5	537.0	0.931098696461825
chr21	61	2	518.0	0.3861003861003861
chr21	62	2	507.0	0.39447731755424065
chr21	63	3	496.0	0.6048387096774194
chr21	64	11	490.0	2.2448979591836733
chr21	65	4	472.0	0.847457627118644
chr21	66	2	456.0	0.43859649122807015
chr21	67	4	451.0	0.8869179600886918
chr21	68	5	444.0	1.1261261261261262
chr21	69	5	434.0	1.1520737327188941
chr21	70	3	419.0	0.7159904534606205
chr21	71	5	408.0	1.2254901960784315
chr21	72	1	396.0	0.25252525252525254
chr21	73	11	383.0	2.8720626631853787
chr21	74	2	375.0	0.5333333333333333
chr21	75	1	364.0	0.27472527472527475
chr21	76	5	357.0	1.400560224089636
chr21	77	2	339.0	0.5899705014749262
chr21	78	2	323.0	0.6191950464396285
chr21	79	2	314.0	0.6369426751592357
chr21	80	2	286.0	0.6993006993006993
chr21	81	2	281.0	0.7117437722419928
chr21	82	2	263.0	0.7604562737642585
chr21	83	2	253.0	0.7905138339920948
chr21	84	3	240.0	1.25
chr21	85	1	223.0	0.4484304932735426
chr21	86	0	211.0	0.0
chr21	87	2	200.0	1.0
chr21	88	4	193.0	2.072538860103627
chr21	89	2	180.0	1.1111111111111112
chr21	90	1	170.0	0.5882352941176471
chr21	91	2	160.0	1.25
chr21	92	5	155.0	3.225806451612903
chr21	93	4	152.0	2.631578947368421
chr21	94	1	142.0	0.7042253521126761
chr21	95	2	135.0	1.4814814814814816
chr21	96	1	120.0	0.8333333333333334
chr21	97	1	111.0	0.9009009009009009
chr21	98	1	98.0	1.0204081632653061
chr21	99	0	89.0	0.0
chr21	100	0	82.0	0.0
chr21	101	0	75.0	0.0
chr21	102	0	64.0	0.0
chr21	103	1	58.0	1.7241379310344827
chr21	104	1	50.0	2.0
chr21	105	0	39.0	0.0
chr21	106	0	30.0	0.0
chr21	107	0	22.0	0.0
chr21	108	0	13.0	0.0
chr21	109	0	4.0	0.0
chr21	110	0	0.0	nan
chr21	111	0	0.0	nan
chr21	112	0	0.0	nan
chr21	113	0	0.0	nan
chr21	114	0	0.0	nan
chr21	115	0	0.0	nan
chr21	116	0	0.0	nan
chr21	117	0	0.0	nan
chr21	118	0	0.0	nan
chr21	119	0	0.0	nan
chr21	120	0	0.0	nan
chr21	121	0	0.0	nan
chr21	122	0	0.0	nan
chr21	123	0	0.0	nan
chr21	124	0	0.0	nan
chr21	125	0	0.0	nan
chr22	-131	0	2.0	0.0
chr22	-130	0	2.0	0.0
chr22	-129	0	2.0	0.0
chr22	-128	0	2.0	0.0
chr22	-127	0	2.0	0.0
chr22	-126	0	2.0	0.0
chr22	-125	0	4.0	0.0
chr22	-124	0	4.0	0.0
chr22	-123	0	7.0	0.0
chr22	-122	0	7.0	0.0
chr22	-121	0	13.0	0.0
chr22	-120	0	34.0	0.0
chr22	-119	0	44.0	0.0
chr22	-118	0	63.0	0.0
chr22	-117	0	83.0	0.0
chr22	-116	0	100.0	0.0
chr22	-115	0	116.0	0.0
chr22	-114	0	137.0	0.0
chr22	-113	0	154.0	0.0
chr22	-112	1	180.0	0.5555555555555556
chr22	-111	0	202.0	0.0
chr22	-110	0	226.0	0.0
chr22	-109	0	242.0	0.0
chr22	-108	4	272.0	1.4705882352941175
chr22	-107	1	300.0	0.33333333333333337
chr22	-106	0	314.0	0.0
chr22	-105	0	336.0	0.0
chr22	-104	0	360.0	0.0
chr22	-103	1	384.0	0.26041666666666663
chr22	-102	1	422.0	0.23696682464454977
chr22	-101	5	453.0	1.1037527593818985
chr22	-100	0	469.0	0.0
chr22	-99	0	505.0	0.0
chr22	-98	0	533.0	0.0
chr22	-97	1	559.0	0.17889087656529518
chr22	-96	0	590.0	0.0
chr22	-95	0	633.0	0.0
chr22	-94	0	661.0	0.0
chr22	-93	0	691.0	0.0
chr22	-92	1	726.0	0.13774104683195593
chr22	-91	0	757.0	0.0
chr22	-90	1	778.0	0.12853470437017994
chr22	-89	14	798.0	1.7543859649122806
chr22	-88	11	819.0	1.3431013431013432
chr22	-87	0	847.0	0.0
chr22	-86	0	887.0	0.0
chr22	-85	4	921.0	0.43431053203040176
chr22	-84	5	950.0	0.5263157894736842
chr22	-83	0	974.0	0.0
chr22	-82	1	1012.0	0.09881422924901186
chr22	-81	1	1047.0	0.09551098376313276
chr22	-80	2	1078.0	0.1855287569573284
chr22	-79	2	1107.0	0.18066847335140018
chr22	-78	3	1141.0	0.26292725679228746
chr22	-77	2	1176.0	0.17006802721088435
chr22	-76	1	1202.0	0.08319467554076539
chr22	-75	3	1229.0	0.24410089503661514
chr22	-74	3	1251.0	0.2398081534772182
chr22	-73	3	1273.0	0.2356637863315004
chr22	-72	1	1298.0	0.07704160246533129
chr22	-71	3	1332.0	0.22522522522522523
chr22	-70	2	1374.0	0.1455604075691412
chr22	-69	7	1416.0	0.49435028248587576
chr22	-68	2	1444.0	0.13850415512465375
chr22	-67	3	1464.0	0.20491803278688525
chr22	-66	2	1501.0	0.13324450366422386
chr22	-65	4	1520.0	0.2631578947368421
chr22	-64	17	1543.0	1.1017498379779649
chr22	-63	4	1576.0	0.25380710659898476
chr22	-62	1	1609.0	0.06215040397762585
chr22	-61	0	1630.0	0.0
chr22	-60	1	1669.0	0.05991611743559017
chr22	-59	3	1691.0	0.17740981667652278
chr22	-58	1	1714.0	0.05834305717619603
chr22	-57	2	1734.0	0.11534025374855825
chr22	-56	16	1773.0	0.9024252679075015
chr22	-55	2	1807.0	0.11068068622025456
chr22	-54	2	1842.0	0.10857763300760044
chr22	-53	0	1868.0	0.0
chr22	-52	0	1893.0	0.0
chr22	-51	1	1932.0	0.051759834368530024
chr22	-50	20	1969.0	1.015744032503809
chr22	-49	3	2006.0	0.14955134596211367
chr22	-48	5	2021.0	0.24740227610094012
chr22	-47	5	2048.0	0.244140625
chr22	-46	7	2078.0	0.3368623676612127
chr22	-45	4	2108.0	0.18975332068311196
chr22	-44	12	2145.0	0.5594405594405595
chr22	-43	7	2168.0	0.32287822878228783
chr22	-42	4	2197.0	0.18206645425580337
chr22	-41	10	2235.0	0.44742729306487694
chr22	-40	5	2257.0	0.2215330084182543
chr22	-39	8	2301.0	0.3476749239461104
chr22	-38	21	2325.0	0.903225806451613
chr22	-37	29	2364.0	1.2267343485617597
chr22	-36	17	2391.0	0.7109995817649519
chr22	-35	8	2422.0	0.3303055326176713
chr22	-34	5	2458.0	0.20341741253051263
chr22	-33	7	2474.0	0.28294260307194824
chr22	-32	11	2500.0	0.44
chr22	-31	21	2529.0	0.8303677342823249
chr22	-30	17	2560.0	0.6640625
chr22	-29	15	2589.0	0.5793742757821553
chr22	-28	17	2609.0	0.6515906477577615
chr22	-27	8	2635.0	0.3036053130929791
chr22	-26	22	2681.0	0.8205893323386795
chr22	-25	3	2722.0	0.11021307861866275
chr22	-24	9	2755.0	0.32667876588021777
chr22	-23	6	2781.0	0.2157497303128371
chr22	-22	7	2818.0	0.248403122782115
chr22	-21	13	2858.0	0.45486354093771875
chr22	-20	8	2896.0	0.2762430939226519
chr22	-19	27	2925.0	0.9230769230769231
chr22	-18	6	2966.0	0.20229265003371544
chr22	-17	8	3011.0	0.2656924609764198
chr22	-16	8	3044.0	0.2628120893561104
chr22	-15	17	3078.0	0.5523066926575698
chr22	-14	15	3114.0	0.48169556840077066
chr22	-13	5	3159.0	0.15827793605571383
chr22	-12	8	3198.0	0.2501563477173233
chr22	-11	15	3224.0	0.46526054590570715
chr22	-10	10	3267.0	0.3060912151821243
chr22	-9	12	3268.0	0.36719706242350064
chr22	-8	52	3266.0	1.5921616656460504
chr22	-7	20	3269.0	0.611807892321811
chr22	-6	13	3269.0	0.39767513000917715
chr22	-5	13	3269.0	0.39767513000917715
chr22	-4	31	3262.0	0.950337216431637
chr22	-3	15	3261.0	0.45998160073597055
chr22	-2	41	3270.0	1.2538226299694188
chr22	-1	56	3270.0	1.7125382262996942
chr22	0	77	3190.0	2.413793103448276
chr22	1	30	3168.0	0.946969696969697
chr22	2	13	3127.0	0.4157339302846178
chr22	3	26	3099.0	0.8389803162310423
chr22	4	10	3072.0	0.32552083333333337
chr22	5	21	3043.0	0.6901084456128821
chr22	6	22	3011.0	0.7306542676851544
chr22	7	57	2994.0	1.903807615230461
chr22	8	32	2965.0	1.0792580101180438
chr22	9	9	2926.0	0.30758714969241285
chr22	10	32	2891.0	1.106883431338637
chr22	11	7	2854.0	0.2452697967764541
chr22	12	15	2819.0	0.5321035828307911
chr22	13	13	2796.0	0.46494992846924177
chr22	14	12	2781.0	0.4314994606256742
chr22	15	11	2751.0	0.39985459832788073
chr22	16	21	2716.0	0.7731958762886598
chr22	17	17	2686.0	0.6329113924050633
chr22	18	26	2636.0	0.9863429438543246
chr22	19	11	2599.0	0.42323970757983836
chr22	20	22	2561.0	0.8590394377196408
chr22	21	10	2536.0	0.3943217665615142
chr22	22	12	2510.0	0.4780876494023904
chr22	23	13	2473.0	0.5256773150020219
chr22	24	13	2440.0	0.5327868852459016
chr22	25	19	2415.0	0.7867494824016562
chr22	26	15	2370.0	0.6329113924050633
chr22	27	40	2342.0	1.7079419299743808
chr22	28	18	2303.0	0.7815892314372557
chr22	29	6	2276.0	0.26362038664323373
chr22	30	21	2257.0	0.930438635356668
chr22	31	9	2209.0	0.4074241738343142
chr22	32	12	2180.0	0.5504587155963303
chr22	33	7	2162.0	0.32377428307123035
chr22	34	8	2133.0	0.3750586029067042
chr22	35	23	2098.0	1.09628217349857
chr22	36	31	2051.0	1.5114578254509994
chr22	37	28	2022.0	1.3847675568743818
chr22	38	27	1985.0	1.3602015113350125
chr22	39	11	1967.0	0.5592272496187087
chr22	40	12	1944.0	0.6172839506172839
chr22	41	9	1919.0	0.46899426784783743
chr22	42	23	1892.0	1.215644820295983
chr22	43	20	1862.0	1.0741138560687433
chr22	44	8	1840.0	0.43478260869565216
chr22	45	7	1809.0	0.3869541182974019
chr22	46	8	1776.0	0.45045045045045046
chr22	47	13	1747.0	0.7441327990841442
chr22	48	13	1718.0	0.7566938300349243
chr22	49	16	1693.0	0.9450679267572357
chr22	50	10	1668.0	0.5995203836930456
chr22	51	7	1638.0	0.4273504273504274
chr22	52	7	1600.0	0.43750000000000006
chr22	53	14	1568.0	0.8928571428571428
chr22	54	9	1539.0	0.5847953216374269
chr22	55	36	1507.0	2.3888520238885205
chr22	56	10	1471.0	0.6798096532970768
chr22	57	8	1447.0	0.55286800276434
chr22	58	4	1413.0	0.28308563340410475
chr22	59	7	1395.0	0.5017921146953405
chr22	60	9	1372.0	0.6559766763848397
chr22	61	5	1344.0	0.3720238095238095
chr22	62	10	1312.0	0.7621951219512195
chr22	63	16	1287.0	1.2432012432012431
chr22	64	8	1263.0	0.6334125098970704
chr22	65	10	1232.0	0.8116883116883116
chr22	66	5	1201.0	0.4163197335553705
chr22	67	6	1176.0	0.5102040816326531
chr22	68	14	1147.0	1.2205754141238012
chr22	69	5	1122.0	0.4456327985739751
chr22	70	8	1086.0	0.7366482504604052
chr22	71	6	1060.0	0.5660377358490566
chr22	72	6	1025.0	0.5853658536585366
chr22	73	5	996.0	0.5020080321285141
chr22	74	11	961.0	1.1446409989594173
chr22	75	10	928.0	1.0775862068965518
chr22	76	4	898.0	0.4454342984409799
chr22	77	7	859.0	0.8149010477299184
chr22	78	7	823.0	0.850546780072904
chr22	79	5	801.0	0.6242197253433208
chr22	80	4	777.0	0.5148005148005148
chr22	81	2	741.0	0.2699055330634278
chr22	82	7	713.0	0.9817671809256662
chr22	83	6	678.0	0.8849557522123894
chr22	84	9	651.0	1.3824884792626728
chr22	85	6	621.0	0.966183574879227
chr22	86	4	588.0	0.6802721088435374
chr22	87	6	567.0	1.0582010582010581
chr22	88	11	535.0	2.0560747663551404
chr22	89	4	504.0	0.7936507936507936
chr22	90	4	484.0	0.8264462809917356
chr22	91	3	459.0	0.6535947712418301
chr22	92	2	437.0	0.4576659038901602
chr22	93	3	407.0	0.7371007371007371
chr22	94	3	370.0	0.8108108108108109
chr22	95	1	349.0	0.28653295128939826
chr22	96	4	325.0	1.2307692307692308
chr22	97	1	298.0	0.33557046979865773
chr22	98	0	263.0	0.0
chr22	99	1	233.0	0.4291845493562232
chr22	100	3	207.0	1.4492753623188406
chr22	101	0	182.0	0.0
chr22	102	5	151.0	3.3112582781456954
chr22	103	0	123.0	0.0
chr22	104	0	98.0	0.0
chr22	105	0	75.0	0.0
chr22	106	0	55.0	0.0
chr22	107	0	37.0	0.0
chr22	108	1	16.0	6.25
chr22	109	0	8.0	0.0
chr22	110	0	1.0	0.0
chr22	111	0	0.0	nan
chr22	112	0	0.0	nan
chr22	113	0	0.0	nan
chr22	114	0	0.0	nan
chr22	115	0	0.0	nan
chr22	116	0	0.0	nan
chr22	117	0	0.0	nan
chr22	118	0	0.0	nan
chr22	119	0	0.0	nan
chr22	120	0	0.0	nan
chr22	121	0	0.0	nan
chr22	122	0	0.0	nan
chr22	123	0	0.0	nan
chr22	124	0	0.0	nan
chr22	125	0	0.0	nan
chr22	126	0	0.0	nan
chr22	127	0	0.0	nan
chr22	128	0	0.0	nan
chrX	-138	0	1.0	0.0
chrX	-137	0	1.0	0.0
chrX	-136	0	2.0	0.0
chrX	-135	0	4.0	0.0
chrX	-134	0	4.0	0.0
chrX	-133	0	4.0	0.0
chrX	-132	0	4.0	0.0
chrX	-131	0	5.0	0.0
chrX	-130	0	8.0	0.0
chrX	-129	0	9.0	0.0
chrX	-128	0	9.0	0.0
chrX	-127	0	9.0	0.0
chrX	-126	0	9.0	0.0
chrX	-125	0	11.0	0.0
chrX	-124	0	13.0	0.0
chrX	-123	0	14.0	0.0
chrX	-122	0	16.0	0.0
chrX	-121	0	55.0	0.0
chrX	-120	0	91.0	0.0
chrX	-119	0	118.0	0.0
chrX	-118	0	161.0	0.0
chrX	-117	0	212.0	0.0
chrX	-116	1	268.0	0.3731343283582089
chrX	-115	0	323.0	0.0
chrX	-114	0	370.0	0.0
chrX	-113	2	431.0	0.46403712296983757
chrX	-112	1	495.0	0.20202020202020202
chrX	-111	0	566.0	0.0
chrX	-110	5	639.0	0.7824726134585289
chrX	-109	4	719.0	0.5563282336578581
chrX	-108	2	772.0	0.2590673575129534
chrX	-107	0	845.0	0.0
chrX	-106	1	918.0	0.10893246187363835
chrX	-105	4	998.0	0.4008016032064128
chrX	-104	1	1084.0	0.09225092250922509
chrX	-103	4	1168.0	0.3424657534246575
chrX	-102	6	1249.0	0.4803843074459567
chrX	-101	4	1346.0	0.2971768202080238
chrX	-100	7	1429.0	0.489853044086774
chrX	-99	1	1502.0	0.06657789613848203
chrX	-98	1	1576.0	0.06345177664974619
chrX	-97	3	1676.0	0.17899761336515513
chrX	-96	2	1737.0	0.11514104778353484
chrX	-95	8	1831.0	0.43691971600218454
chrX	-94	2	1930.0	0.10362694300518134
chrX	-93	10	2011.0	0.49726504226752855
chrX	-92	6	2112.0	0.2840909090909091
chrX	-91	17	2219.0	0.7661108607480848
chrX	-90	4	2310.0	0.17316017316017315
chrX	-89	3	2419.0	0.12401818933443572
chrX	-88	0	2489.0	0.0
chrX	-87	3	2590.0	0.11583011583011582
chrX	-86	4	2676.0	0.14947683109118087
chrX	-85	5	2783.0	0.17966223499820336
chrX	-84	2	2870.0	0.06968641114982578
chrX	-83	6	2946.0	0.20366598778004072
chrX	-82	13	3033.0	0.42861852950873724
chrX	-81	17	3120.0	0.5448717948717948
chrX	-80	1	3221.0	0.03104625892579944
chrX	-79	6	3319.0	0.1807773425730642
chrX	-78	3	3422.0	0.08766803039158387
chrX	-77	5	3524.0	0.14188422247446084
chrX	-76	2	3609.0	0.05541701302299806
chrX	-75	18	3699.0	0.48661800486618007
chrX	-74	12	3766.0	0.3186404673393521
chrX	-73	6	3837.0	0.1563721657544957
chrX	-72	5	3939.0	0.12693577050012694
chrX	-71	16	4041.0	0.3959415986142044
chrX	-70	7	4138.0	0.1691638472692122
chrX	-69	12	4236.0	0.28328611898017
chrX	-68	2	4356.0	0.04591368227731864
chrX	-67	8	4472.0	0.17889087656529518
chrX	-66	3	4555.0	0.06586169045005488
chrX	-65	3	4650.0	0.06451612903225806
chrX	-64	16	4772.0	0.3352891869237217
chrX	-63	4	4868.0	0.08216926869350863
chrX	-62	1	4986.0	0.02005615724027276
chrX	-61	12	5073.0	0.2365464222353637
chrX	-60	40	5183.0	0.7717538105344395
chrX	-59	12	5291.0	0.22680022680022677
chrX	-58	33	5367.0	0.6148686416992734
chrX	-57	12	5459.0	0.2198204799413812
chrX	-56	17	5564.0	0.3055355859094177
chrX	-55	5	5668.0	0.08821453775582216
chrX	-54	9	5777.0	0.15579020252726328
chrX	-53	1	5886.0	0.016989466530750934
chrX	-52	29	5977.0	0.4851932407562322
chrX	-51	12	6095.0	0.19688269073010667
chrX	-50	36	6178.0	0.5827128520556815
chrX	-49	21	6277.0	0.3345547235940736
chrX	-48	11	6369.0	0.17271157167530224
chrX	-47	4	6475.0	0.06177606177606178
chrX	-46	31	6562.0	0.4724169460530326
chrX	-45	12	6668.0	0.1799640071985603
chrX	-44	12	6775.0	0.1771217712177122
chrX	-43	17	6849.0	0.24821141772521535
chrX	-42	26	6948.0	0.37420840529648824
chrX	-41	12	7040.0	0.17045454545454544
chrX	-40	19	7142.0	0.2660319238308597
chrX	-39	22	7260.0	0.30303030303030304
chrX	-38	20	7377.0	0.27111291853056796
chrX	-37	21	7493.0	0.28026157747230745
chrX	-36	20	7588.0	0.2635740643120717
chrX	-35	14	7676.0	0.18238665971860343
chrX	-34	26	7776.0	0.3343621399176955
chrX	-33	43	7872.0	0.546239837398374
chrX	-32	28	7980.0	0.3508771929824561
chrX	-31	32	8058.0	0.3971208736659221
chrX	-30	22	8162.0	0.2695417789757413
chrX	-29	37	8267.0	0.4475625982823273
chrX	-28	47	8379.0	0.5609261248358993
chrX	-27	29	8479.0	0.3420214647953768
chrX	-26	49	8593.0	0.5702315838473175
chrX	-25	12	8714.0	0.1377094330961671
chrX	-24	22	8812.0	0.24965955515206537
chrX	-23	34	8935.0	0.38052602126468943
chrX	-22	35	9090.0	0.385038503850385
chrX	-21	37	9226.0	0.40104053761109903
chrX	-20	33	9353.0	0.35282796963541113
chrX	-19	43	9481.0	0.4535386562598882
chrX	-18	46	9627.0	0.47782279006959594
chrX	-17	44	9776.0	0.4500818330605565
chrX	-16	36	9914.0	0.3631228565664717
chrX	-15	81	10005.0	0.8095952023988006
chrX	-14	45	10155.0	0.4431314623338257
chrX	-13	43	10288.0	0.4179626749611197
chrX	-12	43	10432.0	0.4121932515337423
chrX	-11	32	10540.0	0.3036053130929791
chrX	-10	41	10695.0	0.38335670874240296
chrX	-9	78	10674.0	0.7307476110174256
chrX	-8	56	10670.0	0.5248359887535146
chrX	-7	51	10671.0	0.4779308405960078
chrX	-6	57	10670.0	0.5342080599812559
chrX	-5	57	10682.0	0.5336079385882794
chrX	-4	55	10685.0	0.5147402901263454
chrX	-3	40	10668.0	0.3749531308586427
chrX	-2	51	10656.0	0.47860360360360354
chrX	-1	105	10648.0	0.9861006761833208
chrX	0	136	10411.0	1.3063106329843435
chrX	1	52	10348.0	0.5025125628140703
chrX	2	46	10278.0	0.44755789064020235
chrX	3	69	10225.0	0.6748166259168704
chrX	4	74	10138.0	0.7299270072992701
chrX	5	93	10023.0	0.9278659084106555
chrX	6	60	9939.0	0.6036824630244492
chrX	7	70	9845.0	0.7110208227526663
chrX	8	61	9769.0	0.6244241989968268
chrX	9	64	9710.0	0.659114315139032
chrX	10	45	9617.0	0.46792138920661325
chrX	11	64	9511.0	0.6729050573020713
chrX	12	53	9428.0	0.5621552821383115
chrX	13	43	9327.0	0.46102712554948
chrX	14	83	9218.0	0.9004122369277501
chrX	15	47	9139.0	0.5142794616478827
chrX	16	71	9039.0	0.785485120035402
chrX	17	55	8949.0	0.6145938093641748
chrX	18	73	8853.0	0.824579238676155
chrX	19	48	8767.0	0.5475076993270217
chrX	20	45	8665.0	0.51933064050779
chrX	21	57	8577.0	0.6645680307799929
chrX	22	61	8493.0	0.7182385493936183
chrX	23	56	8387.0	0.6677000119232145
chrX	24	55	8279.0	0.6643314409952893
chrX	25	73	8186.0	0.8917664304910823
chrX	26	74	8051.0	0.9191404794435474
chrX	27	65	7947.0	0.8179187114634454
chrX	28	59	7827.0	0.7538009454452537
chrX	29	49	7712.0	0.6353734439834025
chrX	30	65	7623.0	0.852682670864489
chrX	31	44	7539.0	0.5836317814033691
chrX	32	46	7456.0	0.6169527896995708
chrX	33	50	7357.0	0.6796248470844094
chrX	34	29	7245.0	0.4002760524499655
chrX	35	33	7160.0	0.4608938547486034
chrX	36	31	7069.0	0.43853444617343335
chrX	37	49	6973.0	0.7027104546106411
chrX	38	40	6872.0	0.5820721769499418
chrX	39	36	6771.0	0.5316792202038104
chrX	40	45	6681.0	0.673551863493489
chrX	41	43	6557.0	0.6557877077931982
chrX	42	46	6462.0	0.7118539151965335
chrX	43	39	6362.0	0.6130147752279157
chrX	44	36	6288.0	0.5725190839694656
chrX	45	49	6201.0	0.7901951298177713
chrX	46	33	6105.0	0.5405405405405406
chrX	47	46	6002.0	0.7664111962679107
chrX	48	41	5899.0	0.6950330564502458
chrX	49	62	5789.0	1.0709967179132838
chrX	50	39	5680.0	0.6866197183098592
chrX	51	30	5547.0	0.5408328826392644
chrX	52	39	5448.0	0.7158590308370044
chrX	53	31	5342.0	0.5803070011231749
chrX	54	23	5248.0	0.43826219512195125
chrX	55	28	5147.0	0.544006217213911
chrX	56	26	5054.0	0.5144440047487139
chrX	57	34	4960.0	0.685483870967742
chrX	58	28	4874.0	0.5744768157570783
chrX	59	66	4783.0	1.3798871001463515
chrX	60	27	4659.0	0.5795235028976174
chrX	61	35	4560.0	0.7675438596491228
chrX	62	27	4482.0	0.6024096385542169
chrX	63	27	4389.0	0.6151742993848257
chrX	64	26	4282.0	0.6071929005137786
chrX	65	29	4192.0	0.691793893129771
chrX	66	22	4097.0	0.5369782767878936
chrX	67	26	3993.0	0.6511394941147007
chrX	68	33	3900.0	0.8461538461538461
chrX	69	28	3818.0	0.7333682556312205
chrX	70	32	3715.0	0.8613728129205921
chrX	71	33	3638.0	0.9070918086860913
chrX	72	23	3544.0	0.6489841986455982
chrX	73	26	3429.0	0.758238553514144
chrX	74	44	3349.0	1.3138250223947445
chrX	75	17	3231.0	0.5261528938409161
chrX	76	24	3140.0	0.7643312101910829
chrX	77	16	3037.0	0.5268356931182088
chrX	78	24	2911.0	0.8244589488148402
chrX	79	21	2825.0	0.7433628318584071
chrX	80	19	2717.0	0.6993006993006993
chrX	81	28	2611.0	1.0723860589812333
chrX	82	23	2502.0	0.9192645883293364
chrX	83	10	2393.0	0.41788549937317176
chrX	84	29	2299.0	1.2614180078294912
chrX	85	5	2215.0	0.2257336343115124
chrX	86	14	2126.0	0.658513640639699
chrX	87	15	2048.0	0.732421875
chrX	88	14	1949.0	0.7183170856849667
chrX	89	12	1872.0	0.641025641025641
chrX	90	16	1781.0	0.8983717012914094
chrX	91	8	1690.0	0.4733727810650888
chrX	92	9	1600.0	0.5625
chrX	93	14	1510.0	0.9271523178807948
chrX	94	19	1394.0	1.362984218077475
chrX	95	8	1289.0	0.6206361520558572
chrX	96	3	1186.0	0.25295109612141653
chrX	97	7	1073.0	0.65237651444548
chrX	98	4	962.0	0.4158004158004158
chrX	99	6	851.0	0.7050528789659225
chrX	100	5	767.0	0.651890482398957
chrX	101	2	656.0	0.3048780487804878
chrX	102	2	574.0	0.34843205574912894
chrX	103	2	487.0	0.41067761806981523
chrX	104	3	409.0	0.7334963325183375
chrX	105	2	339.0	0.5899705014749262
chrX	106	1	254.0	0.39370078740157477
chrX	107	1	184.0	0.5434782608695652
chrX	108	0	110.0	0.0
chrX	109	0	47.0	0.0
chrX	110	0	0.0	nan
chrX	111	0	0.0	nan
chrX	112	0	0.0	nan
chrX	113	0	0.0	nan
chrX	114	0	0.0	nan
chrX	115	0	0.0	nan
chrX	116	0	0.0	nan
chrX	117	0	0.0	nan
chrX	118	0	0.0	nan
chrX	119	0	0.0	nan
chrX	120	0	0.0	nan
chrX	121	0	0.0	nan
chrX	122	0	0.0	nan
chrX	123	0	0.0	nan
chrX	124	0	0.0	nan
chrX	125	0	0.0	nan
chrX	126	0	0.0	nan
chrX	127	0	0.0	nan
chrX	128	0	0.0	nan
chrX	129	0	0.0	nan
chrX	130	0	0.0	nan
chrX	131	0	0.0	nan
chrX	132	0	0.0	nan
chrX	133	0	0.0	nan
