chr1	-143	0	0.0	nan
chr1	-142	0	0.0	nan
chr1	-141	0	0.0	nan
chr1	-140	0	0.0	nan
chr1	-139	0	1.0	0.0
chr1	-138	0	1.0	0.0
chr1	-137	0	1.0	0.0
chr1	-136	0	2.0	0.0
chr1	-135	0	7.0	0.0
chr1	-134	0	8.0	0.0
chr1	-133	0	8.0	0.0
chr1	-132	0	9.0	0.0
chr1	-131	0	13.0	0.0
chr1	-130	0	30.0	0.0
chr1	-129	1	245.0	0.40816326530612246
chr1	-128	3	555.0	0.5405405405405406
chr1	-127	1	1012.0	0.09881422924901186
chr1	-126	1	1475.0	0.06779661016949153
chr1	-125	3	2028.0	0.14792899408284024
chr1	-124	9	2672.0	0.33682634730538924
chr1	-123	5	3366.0	0.14854426619132502
chr1	-122	12	4107.0	0.2921840759678598
chr1	-121	14	4873.0	0.2872973527601067
chr1	-120	15	5767.0	0.2601005722212589
chr1	-119	14	6554.0	0.21361000915471468
chr1	-118	12	7377.0	0.16266775111834078
chr1	-117	13	8227.0	0.15801628783274582
chr1	-116	40	9159.0	0.43672890053499286
chr1	-115	20	10066.0	0.1986886548778065
chr1	-114	21	10962.0	0.19157088122605362
chr1	-113	11	11858.0	0.0927643784786642
chr1	-112	29	12769.0	0.22711253817840082
chr1	-111	20	13636.0	0.14667057788207685
chr1	-110	39	14540.0	0.26822558459422285
chr1	-109	25	15376.0	0.1625910509885536
chr1	-108	31	16321.0	0.18993934195208628
chr1	-107	37	17247.0	0.214530063199397
chr1	-106	48	18112.0	0.26501766784452296
chr1	-105	26	19018.0	0.1367125880744558
chr1	-104	48	19988.0	0.24014408645187113
chr1	-103	32	20915.0	0.15300023906287355
chr1	-102	33	21822.0	0.15122353588122078
chr1	-101	53	22806.0	0.23239498377619927
chr1	-100	68	23748.0	0.28633990230756273
chr1	-99	39	24765.0	0.15748031496062992
chr1	-98	40	25672.0	0.1558117793705204
chr1	-97	51	26602.0	0.1917149086534847
chr1	-96	21	27548.0	0.07623057935240307
chr1	-95	54	28507.0	0.18942715824183534
chr1	-94	52	29393.0	0.17691287041132242
chr1	-93	54	30401.0	0.17762573599552647
chr1	-92	74	31364.0	0.23593929345746717
chr1	-91	58	32382.0	0.17911185226360324
chr1	-90	57	33299.0	0.17117631160094898
chr1	-89	96	34217.0	0.28056229359675017
chr1	-88	52	35065.0	0.14829602167403394
chr1	-87	67	35962.0	0.18630776931205162
chr1	-86	91	36916.0	0.24650558023621194
chr1	-85	69	37934.0	0.18189487003743343
chr1	-84	75	38853.0	0.19303528685043625
chr1	-83	105	39822.0	0.2636733463914419
chr1	-82	83	40759.0	0.20363600677151059
chr1	-81	73	41580.0	0.17556517556517556
chr1	-80	58	42458.0	0.1366055866974422
chr1	-79	102	43379.0	0.2351368173540192
chr1	-78	124	44332.0	0.27970766038076333
chr1	-77	163	45221.0	0.36045200238827096
chr1	-76	137	46186.0	0.2966266834105573
chr1	-75	108	47123.0	0.22918744562103432
chr1	-74	176	47990.0	0.3667430714732236
chr1	-73	115	48916.0	0.2350969008095511
chr1	-72	118	49790.0	0.23699538059851377
chr1	-71	127	50754.0	0.2502265831264531
chr1	-70	97	51684.0	0.18767897221577276
chr1	-69	131	52624.0	0.2489358467619337
chr1	-68	160	53615.0	0.2984239485218689
chr1	-67	99	54561.0	0.1814482872381371
chr1	-66	181	55435.0	0.3265085234959863
chr1	-65	143	56322.0	0.2538972337630056
chr1	-64	107	57246.0	0.18691262271599762
chr1	-63	73	58155.0	0.12552660992176082
chr1	-62	143	59084.0	0.24202829869338569
chr1	-61	97	59979.0	0.16172326981110055
chr1	-60	150	60832.0	0.24658074697527618
chr1	-59	102	61785.0	0.16508861374119932
chr1	-58	120	62698.0	0.1913936648696928
chr1	-57	130	63614.0	0.20435753136102117
chr1	-56	174	64495.0	0.2697883556864873
chr1	-55	106	65426.0	0.1620151010301715
chr1	-54	165	66236.0	0.24910924572739898
chr1	-53	141	67178.0	0.2098901426062104
chr1	-52	169	68105.0	0.24814624476910654
chr1	-51	135	69116.0	0.19532380346084843
chr1	-50	189	70066.0	0.2697456683698227
chr1	-49	181	71014.0	0.25487931957078885
chr1	-48	235	71921.0	0.3267474034009538
chr1	-47	220	72829.0	0.3020774691400404
chr1	-46	170	73817.0	0.2302992535594782
chr1	-45	179	74712.0	0.23958667951600815
chr1	-44	181	75655.0	0.23924393628973628
chr1	-43	219	76555.0	0.28606883939651234
chr1	-42	229	77503.0	0.2954724333251616
chr1	-41	197	78391.0	0.2513043589187534
chr1	-40	241	79320.0	0.3038325769036813
chr1	-39	189	80258.0	0.23549054299882877
chr1	-38	196	81220.0	0.241319871952721
chr1	-37	201	82139.0	0.24470714277018227
chr1	-36	242	83099.0	0.29121890756808144
chr1	-35	169	84019.0	0.20114497911186754
chr1	-34	200	85000.0	0.2352941176470588
chr1	-33	175	85908.0	0.20370629045024913
chr1	-32	252	86868.0	0.29009531703273933
chr1	-31	218	87847.0	0.24815873052010884
chr1	-30	247	88812.0	0.27811556996802234
chr1	-29	204	89766.0	0.22725753626094514
chr1	-28	209	90817.0	0.2301331248554786
chr1	-27	242	91853.0	0.263464448629876
chr1	-26	274	92877.0	0.29501383550286936
chr1	-25	290	93822.0	0.30909594764554155
chr1	-24	252	94850.0	0.2656826568265683
chr1	-23	294	95933.0	0.30646388625394805
chr1	-22	333	96999.0	0.3433025082732812
chr1	-21	271	98038.0	0.2764234276505029
chr1	-20	366	99129.0	0.3692158702297007
chr1	-19	295	100216.0	0.29436417338548737
chr1	-18	299	101384.0	0.29491833030853
chr1	-17	223	102518.0	0.21752277648803137
chr1	-16	276	103754.0	0.26601384043024845
chr1	-15	326	104960.0	0.31059451219512196
chr1	-14	301	106229.0	0.2833501209650849
chr1	-13	490	107597.0	0.45540303168303947
chr1	-12	295	108931.0	0.27081363431897254
chr1	-11	383	110316.0	0.3471844519380688
chr1	-10	348	111625.0	0.31175811870100784
chr1	-9	624	111603.0	0.5591247547108948
chr1	-8	303	111617.0	0.27146402429737404
chr1	-7	312	111600.0	0.27956989247311825
chr1	-6	406	111631.0	0.3636982558608272
chr1	-5	526	111627.0	0.47121216193214904
chr1	-4	407	111596.0	0.36470841248790276
chr1	-3	286	111583.0	0.2563114452918455
chr1	-2	459	111537.0	0.411522633744856
chr1	-1	934	111319.0	0.8390301745434292
chr1	0	3918	106993.0	3.6619218079687452
chr1	1	1609	106486.0	1.5109967507465771
chr1	2	1465	105725.0	1.3856703712461576
chr1	3	1646	104834.0	1.5701013030123816
chr1	4	1821	103927.0	1.7521914420699145
chr1	5	1339	103048.0	1.2993944569521
chr1	6	1399	102004.0	1.371514842555194
chr1	7	1258	100998.0	1.2455692191924594
chr1	8	1511	99996.0	1.5110604424176968
chr1	9	1120	99082.0	1.1303768595708605
chr1	10	1268	98166.0	1.2916895870260579
chr1	11	1420	97240.0	1.4603044014808721
chr1	12	1225	96264.0	1.272542175683537
chr1	13	1763	95359.0	1.848802944661752
chr1	14	1204	94398.0	1.2754507510752346
chr1	15	1355	93408.0	1.4506252141144227
chr1	16	1193	92483.0	1.2899668047100548
chr1	17	1133	91532.0	1.2378184678582353
chr1	18	1655	90557.0	1.8275782104089138
chr1	19	1340	89741.0	1.4931859462230195
chr1	20	1204	88780.0	1.3561612975895472
chr1	21	1651	87868.0	1.8789547958301087
chr1	22	1186	86944.0	1.3640964298859035
chr1	23	1001	86028.0	1.1635746501139164
chr1	24	1015	85090.0	1.1928546245152192
chr1	25	1151	84090.0	1.3687715542870733
chr1	26	1235	83121.0	1.4857857821729767
chr1	27	1069	82164.0	1.30105642373789
chr1	28	1000	81198.0	1.2315574275228454
chr1	29	1035	80294.0	1.289012877674546
chr1	30	917	79399.0	1.1549263844632804
chr1	31	955	78477.0	1.2169170585012168
chr1	32	909	77517.0	1.172646000232207
chr1	33	900	76633.0	1.1744287708950454
chr1	34	770	75681.0	1.0174284166435434
chr1	35	1005	74708.0	1.345237457835841
chr1	36	961	73735.0	1.303315928663457
chr1	37	899	72817.0	1.2346018100168916
chr1	38	915	71954.0	1.2716457736887457
chr1	39	817	70987.0	1.1509149562595968
chr1	40	769	70059.0	1.0976462695727887
chr1	41	837	69119.0	1.2109550196038716
chr1	42	800	68240.0	1.1723329425556859
chr1	43	946	67421.0	1.4031236558342355
chr1	44	895	66517.0	1.3455206939579356
chr1	45	846	65611.0	1.2894179329685571
chr1	46	946	64664.0	1.4629469256464185
chr1	47	937	63796.0	1.4687441218885198
chr1	48	858	62951.0	1.3629648456736192
chr1	49	774	62034.0	1.2477028726182415
chr1	50	687	61177.0	1.1229710512120568
chr1	51	765	60274.0	1.2692039685436507
chr1	52	771	59340.0	1.2992922143579373
chr1	53	729	58468.0	1.246835876034754
chr1	54	779	57612.0	1.3521488578768313
chr1	55	754	56747.0	1.3287046011242885
chr1	56	844	55826.0	1.5118403611220579
chr1	57	784	54933.0	1.4271931261718822
chr1	58	732	54046.0	1.3544018058690745
chr1	59	797	53151.0	1.4995014204812704
chr1	60	633	52233.0	1.2118775486761242
chr1	61	656	51308.0	1.2785530521556092
chr1	62	629	50420.0	1.2475208250694167
chr1	63	663	49495.0	1.339529245378321
chr1	64	598	48599.0	1.2304779933743493
chr1	65	723	47738.0	1.5145167371904982
chr1	66	611	46839.0	1.3044684984734944
chr1	67	624	45988.0	1.3568757067060973
chr1	68	685	45109.0	1.5185439712695914
chr1	69	538	44230.0	1.2163689803300928
chr1	70	550	43327.0	1.269416299305283
chr1	71	654	42463.0	1.540164378400019
chr1	72	483	41569.0	1.1619235487983834
chr1	73	520	40600.0	1.2807881773399015
chr1	74	525	39702.0	1.322351518815173
chr1	75	464	38740.0	1.1977284460505937
chr1	76	530	37857.0	1.400005283038804
chr1	77	460	37004.0	1.2431088530969625
chr1	78	394	36077.0	1.092108545610777
chr1	79	349	35115.0	0.9938772604300157
chr1	80	411	34219.0	1.201087115345276
chr1	81	444	33351.0	1.3312944139606009
chr1	82	404	32444.0	1.2452225372950314
chr1	83	510	31502.0	1.6189448288997523
chr1	84	391	30585.0	1.2784044466241622
chr1	85	357	29629.0	1.2049006041378378
chr1	86	394	28745.0	1.3706731605496607
chr1	87	312	27846.0	1.1204481792717087
chr1	88	337	26933.0	1.2512531095681878
chr1	89	321	25958.0	1.2366129902149625
chr1	90	306	25025.0	1.2227772227772227
chr1	91	299	24058.0	1.24282982791587
chr1	92	263	23117.0	1.1376908768438811
chr1	93	302	22189.0	1.3610347469466852
chr1	94	301	21255.0	1.4161373794401317
chr1	95	264	20242.0	1.3042189506965716
chr1	96	243	19332.0	1.2569832402234637
chr1	97	190	18333.0	1.036382479681449
chr1	98	219	17391.0	1.259272037260652
chr1	99	207	16376.0	1.2640449438202246
chr1	100	197	15315.0	1.2863206007182502
chr1	101	169	14350.0	1.1777003484320556
chr1	102	159	13319.0	1.1937833170658458
chr1	103	152	12360.0	1.2297734627831716
chr1	104	130	11342.0	1.146182331158526
chr1	105	124	10306.0	1.2031826120706386
chr1	106	117	9278.0	1.2610476395774952
chr1	107	84	8195.0	1.0250152532031727
chr1	108	78	7159.0	1.0895376449224754
chr1	109	64	6207.0	1.0310939262123409
chr1	110	46	5282.0	0.870882241575161
chr1	111	46	4336.0	1.0608856088560885
chr1	112	34	3461.0	0.9823750361167293
chr1	113	21	2637.0	0.7963594994311717
chr1	114	13	1862.0	0.6981740064446832
chr1	115	17	1119.0	1.519213583556747
chr1	116	5	607.0	0.8237232289950577
chr1	117	0	205.0	0.0
chr1	118	0	0.0	nan
chr1	119	0	0.0	nan
chr1	120	0	0.0	nan
chr1	121	0	0.0	nan
chr1	122	0	0.0	nan
chr1	123	0	0.0	nan
chr1	124	0	0.0	nan
chr1	125	0	0.0	nan
chr1	126	0	0.0	nan
chr1	127	0	0.0	nan
chr1	128	0	0.0	nan
chr1	129	0	0.0	nan
chr1	130	0	0.0	nan
chr1	131	0	0.0	nan
chr1	132	0	0.0	nan
chr1	133	0	0.0	nan
chr1	134	0	0.0	nan
chr1	135	0	0.0	nan
chr1	136	0	0.0	nan
chr1	137	0	0.0	nan
chr1	138	0	0.0	nan
chr1	139	0	0.0	nan
chr1	140	0	0.0	nan
chr2	-134	0	3.0	0.0
chr2	-133	0	4.0	0.0
chr2	-132	0	6.0	0.0
chr2	-131	0	7.0	0.0
chr2	-130	0	12.0	0.0
chr2	-129	1	112.0	0.8928571428571428
chr2	-128	0	288.0	0.0
chr2	-127	3	475.0	0.631578947368421
chr2	-126	4	736.0	0.5434782608695652
chr2	-125	0	1014.0	0.0
chr2	-124	3	1314.0	0.228310502283105
chr2	-123	3	1649.0	0.18192844147968465
chr2	-122	6	1997.0	0.30045067601402103
chr2	-121	5	2332.0	0.21440823327615782
chr2	-120	3	2672.0	0.1122754491017964
chr2	-119	5	3003.0	0.1665001665001665
chr2	-118	10	3350.0	0.2985074626865672
chr2	-117	5	3716.0	0.13455328310010764
chr2	-116	6	4065.0	0.14760147601476015
chr2	-115	8	4540.0	0.1762114537444934
chr2	-114	10	4958.0	0.20169423154497781
chr2	-113	6	5353.0	0.11208668036614981
chr2	-112	12	5787.0	0.20736132711249353
chr2	-111	5	6144.0	0.08138020833333334
chr2	-110	7	6573.0	0.10649627263045794
chr2	-109	16	6948.0	0.2302820955670697
chr2	-108	13	7384.0	0.17605633802816903
chr2	-107	11	7807.0	0.14089919303189447
chr2	-106	13	8235.0	0.1578627808136005
chr2	-105	10	8664.0	0.11542012927054479
chr2	-104	12	9119.0	0.13159337646671784
chr2	-103	15	9499.0	0.15791135909043058
chr2	-102	20	9901.0	0.201999798000202
chr2	-101	38	10316.0	0.3683598293912369
chr2	-100	16	10759.0	0.14871270564178826
chr2	-99	23	11174.0	0.20583497404689458
chr2	-98	15	11630.0	0.1289767841788478
chr2	-97	24	12016.0	0.1997336884154461
chr2	-96	23	12443.0	0.18484288354898337
chr2	-95	37	12865.0	0.28760202098717447
chr2	-94	36	13313.0	0.27041237887778863
chr2	-93	18	13676.0	0.13161743199766013
chr2	-92	39	14069.0	0.27720520292842415
chr2	-91	32	14460.0	0.22130013831258644
chr2	-90	32	14912.0	0.2145922746781116
chr2	-89	57	15323.0	0.37198981922600016
chr2	-88	39	15731.0	0.24791812345051173
chr2	-87	22	16179.0	0.1359787378700785
chr2	-86	40	16626.0	0.24058703235895584
chr2	-85	18	17048.0	0.1055842327545753
chr2	-84	36	17453.0	0.20626826333581622
chr2	-83	22	17879.0	0.12304938754963925
chr2	-82	24	18289.0	0.13122642025261086
chr2	-81	31	18728.0	0.16552755232806493
chr2	-80	35	19121.0	0.18304481983159876
chr2	-79	49	19553.0	0.25060093080345724
chr2	-78	19	19985.0	0.0950713034776082
chr2	-77	41	20398.0	0.20100009804882832
chr2	-76	39	20817.0	0.18734687995388385
chr2	-75	39	21188.0	0.18406645270908062
chr2	-74	57	21608.0	0.26379118844872274
chr2	-73	89	22025.0	0.4040862656072645
chr2	-72	76	22447.0	0.33857531073194636
chr2	-71	75	22880.0	0.3277972027972028
chr2	-70	54	23326.0	0.23150132898911088
chr2	-69	33	23729.0	0.1390703358759324
chr2	-68	36	24134.0	0.1491671500787271
chr2	-67	27	24587.0	0.10981412941798513
chr2	-66	65	24963.0	0.2603853703481152
chr2	-65	26	25337.0	0.1026167265264238
chr2	-64	60	25775.0	0.23278370514064015
chr2	-63	50	26228.0	0.19063596156779014
chr2	-62	56	26629.0	0.21029704457546286
chr2	-61	39	27033.0	0.14426811674619908
chr2	-60	65	27408.0	0.23715703444249855
chr2	-59	80	27782.0	0.28795623065294074
chr2	-58	101	28210.0	0.35802906770648707
chr2	-57	67	28623.0	0.23407749013031479
chr2	-56	78	29042.0	0.26857654431512984
chr2	-55	65	29483.0	0.22046603127225858
chr2	-54	66	29901.0	0.22072840373231667
chr2	-53	62	30342.0	0.20433722233208093
chr2	-52	52	30739.0	0.16916620579719577
chr2	-51	34	31196.0	0.10898833183741505
chr2	-50	64	31575.0	0.20269200316706254
chr2	-49	96	31978.0	0.30020639189442744
chr2	-48	82	32365.0	0.25336011123126834
chr2	-47	54	32729.0	0.16499129212624888
chr2	-46	130	33149.0	0.39216869287157985
chr2	-45	99	33541.0	0.2951611460600459
chr2	-44	53	33959.0	0.15607055567007272
chr2	-43	76	34396.0	0.22095592510757064
chr2	-42	47	34759.0	0.13521677838833107
chr2	-41	84	35156.0	0.23893503242689726
chr2	-40	134	35596.0	0.37644679177435664
chr2	-39	117	36001.0	0.32499097247298686
chr2	-38	68	36432.0	0.18664909969257795
chr2	-37	81	36814.0	0.22002499049274732
chr2	-36	76	37295.0	0.203780667649819
chr2	-35	49	37702.0	0.12996658002227998
chr2	-34	67	38128.0	0.17572387746537976
chr2	-33	76	38559.0	0.19710054721336134
chr2	-32	95	38993.0	0.24363347267458263
chr2	-31	65	39429.0	0.16485328058028356
chr2	-30	139	39852.0	0.34879052494228646
chr2	-29	123	40326.0	0.30501413480136885
chr2	-28	128	40759.0	0.31404107068377535
chr2	-27	90	41229.0	0.21829294913774283
chr2	-26	109	41653.0	0.2616858329532087
chr2	-25	64	42042.0	0.1522287236572951
chr2	-24	121	42437.0	0.285128543487994
chr2	-23	60	42878.0	0.13993189980875975
chr2	-22	137	43272.0	0.3166019596968016
chr2	-21	189	43695.0	0.43254376930998967
chr2	-20	120	44170.0	0.2716776092370387
chr2	-19	138	44677.0	0.3088837656959957
chr2	-18	116	45131.0	0.25702953623894886
chr2	-17	107	45609.0	0.23460281961893487
chr2	-16	168	46138.0	0.3641250162555811
chr2	-15	107	46606.0	0.22958417371153927
chr2	-14	127	47129.0	0.2694731481677948
chr2	-13	225	47703.0	0.47166844852525003
chr2	-12	112	48264.0	0.23205701972484669
chr2	-11	143	48809.0	0.2929787539183347
chr2	-10	152	49336.0	0.3080914545159721
chr2	-9	208	49321.0	0.42172705338496785
chr2	-8	120	49341.0	0.24320544780203077
chr2	-7	228	49341.0	0.46209035082385846
chr2	-6	151	49342.0	0.3060273195249483
chr2	-5	194	49343.0	0.3931662039195023
chr2	-4	154	49341.0	0.31211365801260615
chr2	-3	202	49331.0	0.4094788267012629
chr2	-2	119	49259.0	0.24158021884325706
chr2	-1	409	49186.0	0.831537429349815
chr2	0	1375	47593.0	2.8890803269388354
chr2	1	473	47350.0	0.9989440337909187
chr2	2	578	46975.0	1.2304417243214476
chr2	3	639	46581.0	1.3718039544020093
chr2	4	639	46141.0	1.3848854597863072
chr2	5	503	45776.0	1.0988290807409995
chr2	6	539	45381.0	1.1877217337652322
chr2	7	482	44981.0	1.071563549054045
chr2	8	474	44547.0	1.0640447168159473
chr2	9	495	44146.0	1.1212793911113124
chr2	10	432	43735.0	0.9877672344803933
chr2	11	477	43386.0	1.0994329968192504
chr2	12	502	42985.0	1.1678492497382806
chr2	13	671	42523.0	1.5779695694094962
chr2	14	421	42132.0	0.9992404822937435
chr2	15	570	41674.0	1.3677592743677114
chr2	16	429	41204.0	1.041161052325017
chr2	17	465	40772.0	1.1404885705876582
chr2	18	568	40351.0	1.407647889767292
chr2	19	471	39881.0	1.181013515207743
chr2	20	451	39446.0	1.143335192414947
chr2	21	554	39026.0	1.4195664428842312
chr2	22	420	38595.0	1.0882238631947143
chr2	23	400	38145.0	1.0486302267662866
chr2	24	297	37737.0	0.7870259957071308
chr2	25	426	37369.0	1.139982338301801
chr2	26	451	36958.0	1.2203041290113101
chr2	27	452	36540.0	1.237000547345375
chr2	28	389	36095.0	1.077711594403657
chr2	29	381	35701.0	1.0671969972829893
chr2	30	319	35233.0	0.9054011863877615
chr2	31	315	34815.0	0.904782421370099
chr2	32	328	34409.0	0.9532389781743148
chr2	33	360	33965.0	1.0599146179891064
chr2	34	320	33522.0	0.9545969810870473
chr2	35	359	33148.0	1.0830216000965367
chr2	36	388	32768.0	1.18408203125
chr2	37	328	32379.0	1.0130022545477007
chr2	38	372	31989.0	1.1628997467879585
chr2	39	305	31576.0	0.9659234861920446
chr2	40	281	31109.0	0.9032755794143175
chr2	41	285	30702.0	0.9282782880594097
chr2	42	385	30263.0	1.2721805505072201
chr2	43	309	29858.0	1.0348985196597227
chr2	44	381	29415.0	1.295257521672616
chr2	45	364	28947.0	1.257470549625177
chr2	46	298	28520.0	1.0448807854137447
chr2	47	350	28110.0	1.2451085023123443
chr2	48	343	27671.0	1.2395648874272704
chr2	49	301	27260.0	1.1041819515774027
chr2	50	261	26829.0	0.9728279100972829
chr2	51	259	26452.0	0.979132012702253
chr2	52	265	26058.0	1.0169621613324122
chr2	53	314	25667.0	1.2233607355748628
chr2	54	281	25264.0	1.1122545915136162
chr2	55	285	24861.0	1.1463738385422952
chr2	56	326	24448.0	1.3334424083769634
chr2	57	318	24079.0	1.3206528510320197
chr2	58	271	23642.0	1.146265121394129
chr2	59	277	23279.0	1.1899136560848833
chr2	60	236	22888.0	1.0311080041943377
chr2	61	258	22437.0	1.1498863484423052
chr2	62	245	22066.0	1.1103054472944802
chr2	63	263	21653.0	1.2146122939084654
chr2	64	191	21307.0	0.8964190172243863
chr2	65	256	20929.0	1.2231831430073103
chr2	66	225	20541.0	1.0953702351394772
chr2	67	191	20132.0	0.9487383270415259
chr2	68	222	19744.0	1.1243922204213939
chr2	69	195	19345.0	1.008012406306539
chr2	70	222	18942.0	1.1719987329743429
chr2	71	211	18441.0	1.1441895775717152
chr2	72	195	18013.0	1.0825514905901292
chr2	73	194	17595.0	1.1025859619210003
chr2	74	208	17234.0	1.2069165602878031
chr2	75	159	16815.0	0.9455842997323818
chr2	76	180	16429.0	1.0956235924280235
chr2	77	148	16009.0	0.9244799800112437
chr2	78	170	15628.0	1.0877911441003327
chr2	79	135	15254.0	0.8850137668808181
chr2	80	122	14835.0	0.8223795079204584
chr2	81	140	14449.0	0.9689251851339193
chr2	82	138	14028.0	0.9837467921300257
chr2	83	169	13646.0	1.2384581562362598
chr2	84	147	13226.0	1.1114471495539089
chr2	85	155	12845.0	1.2066952121448034
chr2	86	124	12418.0	0.9985504912224191
chr2	87	133	12041.0	1.104559421974919
chr2	88	125	11597.0	1.0778649650771752
chr2	89	137	11222.0	1.2208162537872036
chr2	90	116	10824.0	1.0716925351071693
chr2	91	96	10430.0	0.9204218600191754
chr2	92	100	9992.0	1.00080064051241
chr2	93	100	9594.0	1.0423181154888472
chr2	94	118	9167.0	1.2872259190574888
chr2	95	103	8715.0	1.1818703384968445
chr2	96	97	8296.0	1.16923818707811
chr2	97	88	7886.0	1.1159015977681968
chr2	98	88	7462.0	1.1793084963816671
chr2	99	65	6996.0	0.9291023441966839
chr2	100	95	6563.0	1.447508761237239
chr2	101	60	6151.0	0.9754511461550968
chr2	102	52	5733.0	0.9070294784580499
chr2	103	49	5332.0	0.918979744936234
chr2	104	49	4933.0	0.9933103588080275
chr2	105	33	4515.0	0.7308970099667774
chr2	106	32	4091.0	0.7822048398924468
chr2	107	31	3633.0	0.853289292595651
chr2	108	36	3207.0	1.1225444340505144
chr2	109	24	2763.0	0.8686210640608035
chr2	110	20	2351.0	0.8507018290089324
chr2	111	20	1944.0	1.02880658436214
chr2	112	13	1577.0	0.8243500317057704
chr2	113	10	1195.0	0.8368200836820083
chr2	114	7	854.0	0.819672131147541
chr2	115	2	551.0	0.3629764065335753
chr2	116	1	300.0	0.33333333333333337
chr2	117	0	100.0	0.0
chr2	118	0	0.0	nan
chr2	119	0	0.0	nan
chr2	120	0	0.0	nan
chr2	121	0	0.0	nan
chr2	122	0	0.0	nan
chr2	123	0	0.0	nan
chr2	124	0	0.0	nan
chr2	125	0	0.0	nan
chr2	126	0	0.0	nan
chr2	127	0	0.0	nan
chr2	128	0	0.0	nan
chr2	129	0	0.0	nan
chr2	130	0	0.0	nan
chr2	131	0	0.0	nan
chr2	132	0	0.0	nan
chr2	133	0	0.0	nan
chr2	134	0	0.0	nan
chr2	135	0	0.0	nan
chr3	-139	0	1.0	0.0
chr3	-138	0	1.0	0.0
chr3	-137	0	1.0	0.0
chr3	-136	0	1.0	0.0
chr3	-135	0	1.0	0.0
chr3	-134	0	4.0	0.0
chr3	-133	0	4.0	0.0
chr3	-132	0	5.0	0.0
chr3	-131	0	6.0	0.0
chr3	-130	0	8.0	0.0
chr3	-129	0	76.0	0.0
chr3	-128	0	151.0	0.0
chr3	-127	0	250.0	0.0
chr3	-126	0	377.0	0.0
chr3	-125	0	489.0	0.0
chr3	-124	2	647.0	0.3091190108191654
chr3	-123	6	752.0	0.7978723404255319
chr3	-122	1	881.0	0.11350737797956867
chr3	-121	2	1002.0	0.19960079840319359
chr3	-120	2	1140.0	0.17543859649122806
chr3	-119	3	1293.0	0.23201856148491878
chr3	-118	7	1474.0	0.47489823609226595
chr3	-117	3	1617.0	0.1855287569573284
chr3	-116	2	1769.0	0.11305822498586772
chr3	-115	2	1930.0	0.10362694300518134
chr3	-114	1	2082.0	0.04803073967339097
chr3	-113	3	2248.0	0.13345195729537368
chr3	-112	3	2406.0	0.12468827930174563
chr3	-111	5	2584.0	0.19349845201238391
chr3	-110	4	2727.0	0.14668133480014667
chr3	-109	10	2892.0	0.3457814661134163
chr3	-108	5	3063.0	0.1632386549134835
chr3	-107	3	3233.0	0.09279307145066501
chr3	-106	2	3385.0	0.059084194977843424
chr3	-105	2	3578.0	0.05589714924538849
chr3	-104	3	3747.0	0.08006405124099279
chr3	-103	5	3893.0	0.12843565373747753
chr3	-102	3	4063.0	0.07383706620723603
chr3	-101	7	4223.0	0.16575893914278947
chr3	-100	2	4371.0	0.04575611988103409
chr3	-99	8	4524.0	0.17683465959328026
chr3	-98	13	4700.0	0.2765957446808511
chr3	-97	1	4856.0	0.020593080724876443
chr3	-96	8	5038.0	0.15879317189360856
chr3	-95	17	5232.0	0.32492354740061163
chr3	-94	4	5390.0	0.07421150278293136
chr3	-93	11	5563.0	0.19773503505302895
chr3	-92	18	5712.0	0.31512605042016806
chr3	-91	9	5891.0	0.15277542013240536
chr3	-90	9	6038.0	0.14905597880092747
chr3	-89	7	6190.0	0.11308562197092084
chr3	-88	7	6368.0	0.1099246231155779
chr3	-87	23	6562.0	0.3505028954587016
chr3	-86	23	6722.0	0.34216007140731924
chr3	-85	14	6866.0	0.20390329158170697
chr3	-84	6	7039.0	0.08523938059383435
chr3	-83	27	7215.0	0.37422037422037424
chr3	-82	15	7375.0	0.2033898305084746
chr3	-81	14	7545.0	0.1855533465871438
chr3	-80	3	7725.0	0.03883495145631068
chr3	-79	26	7946.0	0.32720865844450037
chr3	-78	13	8123.0	0.16003939431244615
chr3	-77	24	8299.0	0.28919146885166885
chr3	-76	28	8468.0	0.33065658951346244
chr3	-75	11	8623.0	0.12756581236228692
chr3	-74	63	8792.0	0.7165605095541402
chr3	-73	10	8976.0	0.11140819964349377
chr3	-72	9	9132.0	0.09855453350854139
chr3	-71	15	9256.0	0.162057044079516
chr3	-70	10	9423.0	0.10612331529236974
chr3	-69	41	9583.0	0.4278409683815089
chr3	-68	14	9740.0	0.1437371663244353
chr3	-67	25	9935.0	0.25163563160543534
chr3	-66	9	10078.0	0.08930343322087715
chr3	-65	15	10250.0	0.14634146341463414
chr3	-64	24	10396.0	0.2308580223162755
chr3	-63	30	10548.0	0.2844141069397042
chr3	-62	34	10708.0	0.31751961150541647
chr3	-61	26	10855.0	0.23952095808383234
chr3	-60	21	11006.0	0.1908050154461203
chr3	-59	19	11186.0	0.16985517611299839
chr3	-58	14	11348.0	0.12336975678533663
chr3	-57	14	11514.0	0.12159110647906896
chr3	-56	15	11671.0	0.12852369120041127
chr3	-55	68	11815.0	0.5755395683453237
chr3	-54	57	11986.0	0.47555481394960786
chr3	-53	38	12165.0	0.31237155774763664
chr3	-52	14	12328.0	0.11356262167423752
chr3	-51	8	12513.0	0.0639335091504835
chr3	-50	15	12659.0	0.1184927719409116
chr3	-49	18	12835.0	0.14024152707440593
chr3	-48	22	13019.0	0.16898379291804286
chr3	-47	26	13184.0	0.19720873786407767
chr3	-46	35	13340.0	0.26236881559220393
chr3	-45	54	13490.0	0.4002965159377317
chr3	-44	48	13642.0	0.3518545667790647
chr3	-43	45	13826.0	0.3254737451178938
chr3	-42	33	13985.0	0.23596710761530212
chr3	-41	34	14172.0	0.23990968106124755
chr3	-40	16	14323.0	0.11170844096907073
chr3	-39	13	14498.0	0.08966754035039315
chr3	-38	38	14649.0	0.25940337224383914
chr3	-37	56	14812.0	0.3780718336483932
chr3	-36	21	14994.0	0.1400560224089636
chr3	-35	38	15141.0	0.2509741760781983
chr3	-34	19	15337.0	0.12388341918236943
chr3	-33	28	15464.0	0.1810657009829281
chr3	-32	68	15638.0	0.43483821460544825
chr3	-31	32	15823.0	0.2022372495734058
chr3	-30	83	16005.0	0.5185879412683536
chr3	-29	12	16169.0	0.07421609252272868
chr3	-28	63	16335.0	0.3856749311294766
chr3	-27	23	16500.0	0.1393939393939394
chr3	-26	9	16665.0	0.054005400540054004
chr3	-25	71	16848.0	0.4214150047483381
chr3	-24	24	17035.0	0.14088641033167007
chr3	-23	49	17181.0	0.285198766078808
chr3	-22	24	17368.0	0.1381851681252879
chr3	-21	50	17537.0	0.28511147858812796
chr3	-20	58	17695.0	0.3277762079683526
chr3	-19	28	17894.0	0.1564770314071756
chr3	-18	26	18064.0	0.14393268379096547
chr3	-17	14	18261.0	0.07666611905153059
chr3	-16	61	18453.0	0.33056955508589386
chr3	-15	50	18649.0	0.2681108906643788
chr3	-14	28	18887.0	0.14825011912956002
chr3	-13	56	19110.0	0.29304029304029305
chr3	-12	56	19331.0	0.28969013501629504
chr3	-11	18	19579.0	0.09193523673323459
chr3	-10	71	19771.0	0.3591118304587527
chr3	-9	34	19780.0	0.17189079878665317
chr3	-8	41	19758.0	0.20751088166818507
chr3	-7	64	19747.0	0.32409986327037016
chr3	-6	35	19759.0	0.1771344703679336
chr3	-5	47	19759.0	0.23786628877979654
chr3	-4	78	19748.0	0.39497670650192424
chr3	-3	48	19746.0	0.24308720753570343
chr3	-2	98	19739.0	0.4964790516236891
chr3	-1	67	19726.0	0.33965324951840214
chr3	0	415	19108.0	2.1718651873560813
chr3	1	250	18954.0	1.318982800464282
chr3	2	187	18813.0	0.9939935151225217
chr3	3	243	18645.0	1.3032984714400644
chr3	4	226	18475.0	1.2232746955345062
chr3	5	155	18305.0	0.8467631794591642
chr3	6	190	18145.0	1.0471204188481675
chr3	7	173	17997.0	0.9612713229982774
chr3	8	176	17832.0	0.986989681471512
chr3	9	178	17646.0	1.0087271902980846
chr3	10	119	17496.0	0.6801554641060814
chr3	11	185	17305.0	1.069055186362323
chr3	12	127	17125.0	0.7416058394160584
chr3	13	199	16935.0	1.1750811927959846
chr3	14	181	16787.0	1.0782152856376959
chr3	15	209	16626.0	1.2570672440755444
chr3	16	142	16482.0	0.8615459288921247
chr3	17	122	16295.0	0.7486959189935564
chr3	18	181	16130.0	1.1221326720396776
chr3	19	152	15956.0	0.952619704186513
chr3	20	143	15796.0	0.9052924791086351
chr3	21	192	15633.0	1.2281711763577048
chr3	22	153	15442.0	0.9908042999611449
chr3	23	106	15265.0	0.6943989518506387
chr3	24	125	15097.0	0.8279790686891435
chr3	25	135	14965.0	0.9021049114600734
chr3	26	151	14814.0	1.0193060618334007
chr3	27	130	14648.0	0.8874931731294375
chr3	28	100	14474.0	0.6908940168578139
chr3	29	190	14285.0	1.3300665033251664
chr3	30	107	14128.0	0.757361268403171
chr3	31	149	13972.0	1.0664185513884914
chr3	32	110	13796.0	0.7973325601623659
chr3	33	94	13573.0	0.6925513887865615
chr3	34	112	13417.0	0.8347618692703287
chr3	35	103	13271.0	0.7761284002712682
chr3	36	131	13109.0	0.9993134487756503
chr3	37	99	12895.0	0.7677394338891044
chr3	38	96	12780.0	0.7511737089201878
chr3	39	82	12622.0	0.6496593249881161
chr3	40	90	12454.0	0.7226593865424763
chr3	41	92	12299.0	0.748028294983332
chr3	42	135	12133.0	1.1126679304376492
chr3	43	125	11981.0	1.0433185877639595
chr3	44	132	11834.0	1.1154301166131486
chr3	45	114	11641.0	0.9792973112275578
chr3	46	93	11477.0	0.8103162847433999
chr3	47	100	11297.0	0.8851907586084802
chr3	48	100	11137.0	0.8979078746520607
chr3	49	101	10971.0	0.9206088779509616
chr3	50	73	10785.0	0.6768660176170608
chr3	51	72	10605.0	0.6789250353606789
chr3	52	106	10441.0	1.015228426395939
chr3	53	111	10255.0	1.082398829839103
chr3	54	112	10112.0	1.1075949367088607
chr3	55	81	9930.0	0.8157099697885197
chr3	56	94	9779.0	0.9612434809285203
chr3	57	83	9633.0	0.8616215093947888
chr3	58	92	9494.0	0.969033073520118
chr3	59	108	9343.0	1.155945627742695
chr3	60	82	9162.0	0.8950010914647456
chr3	61	93	9012.0	1.0319573901464714
chr3	62	89	8833.0	1.0075851918940337
chr3	63	112	8695.0	1.2880966072455435
chr3	64	84	8555.0	0.9818819403857393
chr3	65	93	8393.0	1.1080662456809247
chr3	66	96	8246.0	1.1642008246422508
chr3	67	72	8085.0	0.8905380333951763
chr3	68	108	7938.0	1.3605442176870748
chr3	69	89	7797.0	1.14146466589714
chr3	70	62	7643.0	0.8111997906581186
chr3	71	92	7450.0	1.2348993288590604
chr3	72	69	7282.0	0.9475418840977754
chr3	73	93	7125.0	1.3052631578947367
chr3	74	58	6958.0	0.8335728657660249
chr3	75	63	6794.0	0.9272887842213717
chr3	76	74	6639.0	1.1146256966410604
chr3	77	46	6476.0	0.7103150092649784
chr3	78	57	6298.0	0.9050492219752302
chr3	79	53	6108.0	0.8677144728225278
chr3	80	46	5934.0	0.7751937984496124
chr3	81	66	5766.0	1.1446409989594173
chr3	82	55	5632.0	0.9765625
chr3	83	52	5494.0	0.9464870768110666
chr3	84	49	5319.0	0.9212257943222409
chr3	85	59	5117.0	1.1530193472737933
chr3	86	51	4975.0	1.0251256281407035
chr3	87	53	4761.0	1.1132115101869355
chr3	88	25	4605.0	0.5428881650380022
chr3	89	32	4445.0	0.7199100112485939
chr3	90	35	4296.0	0.8147113594040969
chr3	91	33	4147.0	0.7957559681697612
chr3	92	44	3969.0	1.1085915847820609
chr3	93	31	3815.0	0.8125819134993446
chr3	94	47	3653.0	1.2866137421297563
chr3	95	38	3505.0	1.0841654778887304
chr3	96	27	3351.0	0.8057296329453895
chr3	97	31	3182.0	0.9742300439974859
chr3	98	20	3033.0	0.6594131223211342
chr3	99	20	2861.0	0.6990562740300594
chr3	100	38	2692.0	1.411589895988113
chr3	101	30	2498.0	1.200960768614892
chr3	102	16	2315.0	0.6911447084233261
chr3	103	14	2146.0	0.65237651444548
chr3	104	15	1982.0	0.756811301715439
chr3	105	13	1820.0	0.7142857142857143
chr3	106	16	1692.0	0.9456264775413712
chr3	107	9	1522.0	0.5913272010512484
chr3	108	7	1364.0	0.5131964809384164
chr3	109	6	1213.0	0.49464138499587795
chr3	110	15	1087.0	1.3799448022079117
chr3	111	5	888.0	0.5630630630630631
chr3	112	7	700.0	1.0
chr3	113	4	557.0	0.718132854578097
chr3	114	8	422.0	1.8957345971563981
chr3	115	3	289.0	1.0380622837370241
chr3	116	1	185.0	0.5405405405405406
chr3	117	0	57.0	0.0
chr3	118	0	0.0	nan
chr3	119	0	0.0	nan
chr3	120	0	0.0	nan
chr3	121	0	0.0	nan
chr3	122	0	0.0	nan
chr3	123	0	0.0	nan
chr3	124	0	0.0	nan
chr3	125	0	0.0	nan
chr3	126	0	0.0	nan
chr3	127	0	0.0	nan
chr3	128	0	0.0	nan
chr3	129	0	0.0	nan
chr3	130	0	0.0	nan
chr3	131	0	0.0	nan
chr3	132	0	0.0	nan
chr3	133	0	0.0	nan
chr3	134	0	0.0	nan
chr3	135	0	0.0	nan
chr4	-148	0	0.0	nan
chr4	-147	0	0.0	nan
chr4	-146	0	0.0	nan
chr4	-145	0	0.0	nan
chr4	-144	0	0.0	nan
chr4	-143	0	0.0	nan
chr4	-142	0	0.0	nan
chr4	-141	0	0.0	nan
chr4	-140	0	0.0	nan
chr4	-139	0	2.0	0.0
chr4	-138	0	2.0	0.0
chr4	-137	0	2.0	0.0
chr4	-136	0	3.0	0.0
chr4	-135	0	3.0	0.0
chr4	-134	0	3.0	0.0
chr4	-133	0	6.0	0.0
chr4	-132	0	7.0	0.0
chr4	-131	0	7.0	0.0
chr4	-130	0	14.0	0.0
chr4	-129	0	95.0	0.0
chr4	-128	0	216.0	0.0
chr4	-127	0	372.0	0.0
chr4	-126	1	528.0	0.1893939393939394
chr4	-125	1	709.0	0.14104372355430184
chr4	-124	4	904.0	0.4424778761061947
chr4	-123	5	1106.0	0.45207956600361665
chr4	-122	10	1330.0	0.7518796992481203
chr4	-121	6	1605.0	0.3738317757009346
chr4	-120	6	1886.0	0.3181336161187699
chr4	-119	3	2138.0	0.1403180542563143
chr4	-118	5	2420.0	0.2066115702479339
chr4	-117	8	2692.0	0.2971768202080238
chr4	-116	8	2952.0	0.27100271002710025
chr4	-115	1	3225.0	0.0310077519379845
chr4	-114	2	3490.0	0.05730659025787965
chr4	-113	5	3758.0	0.13304949441192124
chr4	-112	16	4037.0	0.3963339113202873
chr4	-111	4	4286.0	0.09332711152589827
chr4	-110	10	4579.0	0.21838829438742083
chr4	-109	12	4830.0	0.2484472049689441
chr4	-108	6	5113.0	0.11734793663211421
chr4	-107	19	5346.0	0.3554059109614665
chr4	-106	12	5656.0	0.21216407355021216
chr4	-105	10	5968.0	0.1675603217158177
chr4	-104	3	6235.0	0.048115477145148355
chr4	-103	9	6496.0	0.13854679802955666
chr4	-102	15	6791.0	0.2208805772345752
chr4	-101	6	7076.0	0.0847936687394008
chr4	-100	5	7353.0	0.06799945600435196
chr4	-99	30	7607.0	0.39437360326015514
chr4	-98	10	7873.0	0.12701638511367966
chr4	-97	4	8143.0	0.049121945229031065
chr4	-96	17	8418.0	0.20194820622475648
chr4	-95	11	8704.0	0.12637867647058823
chr4	-94	18	8969.0	0.20069126992975803
chr4	-93	12	9241.0	0.12985607618223136
chr4	-92	14	9512.0	0.1471825063078217
chr4	-91	15	9757.0	0.15373577944040176
chr4	-90	34	10036.0	0.3387803905938621
chr4	-89	21	10309.0	0.2037055000485013
chr4	-88	8	10572.0	0.07567158531971245
chr4	-87	11	10839.0	0.10148537687978595
chr4	-86	14	11093.0	0.126205715315965
chr4	-85	5	11365.0	0.04399472063352398
chr4	-84	17	11639.0	0.14606065813214192
chr4	-83	26	11884.0	0.21878155503197577
chr4	-82	10	12186.0	0.08206138191367143
chr4	-81	16	12444.0	0.12857602057216327
chr4	-80	34	12702.0	0.26767438198708865
chr4	-79	36	13002.0	0.2768804799261652
chr4	-78	23	13304.0	0.17288033674082984
chr4	-77	19	13621.0	0.13949049262168708
chr4	-76	13	13882.0	0.09364644863852471
chr4	-75	11	14181.0	0.077568577674353
chr4	-74	29	14463.0	0.2005116504183088
chr4	-73	83	14763.0	0.5622163516900359
chr4	-72	32	15043.0	0.21272352589244165
chr4	-71	35	15333.0	0.22826583186591012
chr4	-70	37	15592.0	0.23730118009235504
chr4	-69	37	15873.0	0.2331002331002331
chr4	-68	39	16181.0	0.24102342253259995
chr4	-67	28	16455.0	0.1701610452749924
chr4	-66	43	16780.0	0.2562574493444577
chr4	-65	29	17083.0	0.16975940993970615
chr4	-64	28	17354.0	0.1613460873573816
chr4	-63	25	17635.0	0.14176353841791892
chr4	-62	62	17898.0	0.3464074198234439
chr4	-61	29	18153.0	0.15975320883600508
chr4	-60	23	18450.0	0.12466124661246612
chr4	-59	27	18756.0	0.14395393474088292
chr4	-58	86	19069.0	0.4509937595049557
chr4	-57	17	19338.0	0.08790981487227222
chr4	-56	29	19636.0	0.14768792014666937
chr4	-55	33	19881.0	0.1659876263769428
chr4	-54	52	20145.0	0.2581285678828493
chr4	-53	46	20417.0	0.22530244404172992
chr4	-52	52	20709.0	0.25109855618330196
chr4	-51	34	21001.0	0.1618970525213085
chr4	-50	28	21263.0	0.13168414616940224
chr4	-49	20	21533.0	0.09288069474759672
chr4	-48	25	21794.0	0.11471047077177204
chr4	-47	25	22101.0	0.11311705352698974
chr4	-46	30	22374.0	0.13408420488066505
chr4	-45	109	22642.0	0.4814062361982157
chr4	-44	23	22901.0	0.10043229553294616
chr4	-43	45	23167.0	0.19424180947036734
chr4	-42	63	23448.0	0.2686796315250768
chr4	-41	120	23770.0	0.5048380311316786
chr4	-40	28	24009.0	0.11662293306676663
chr4	-39	41	24240.0	0.16914191419141913
chr4	-38	37	24465.0	0.1512364602493358
chr4	-37	39	24734.0	0.15767769062828496
chr4	-36	40	25027.0	0.15982738642266353
chr4	-35	74	25352.0	0.29189018617860524
chr4	-34	38	25645.0	0.1481770325599532
chr4	-33	58	25899.0	0.2239468705355419
chr4	-32	76	26184.0	0.2902535899786129
chr4	-31	62	26438.0	0.23451093123534306
chr4	-30	42	26735.0	0.1570974378155975
chr4	-29	47	26996.0	0.17409986664691066
chr4	-28	77	27264.0	0.2824237089201878
chr4	-27	52	27530.0	0.1888848528877588
chr4	-26	62	27818.0	0.2228772737076713
chr4	-25	41	28107.0	0.14587113530437257
chr4	-24	66	28388.0	0.23249260250810203
chr4	-23	51	28649.0	0.17801668470103668
chr4	-22	47	28910.0	0.16257350397786233
chr4	-21	107	29216.0	0.36623767798466594
chr4	-20	57	29512.0	0.19314177283816752
chr4	-19	68	29828.0	0.22797371597157035
chr4	-18	125	30066.0	0.41575201223973923
chr4	-17	38	30356.0	0.12518118329160627
chr4	-16	69	30673.0	0.22495354220324065
chr4	-15	53	31020.0	0.1708575112830432
chr4	-14	64	31345.0	0.20417929494337214
chr4	-13	70	31701.0	0.22081322355761648
chr4	-12	87	32050.0	0.27145085803432134
chr4	-11	90	32439.0	0.27744381762693054
chr4	-10	97	32868.0	0.29511987343312646
chr4	-9	98	32874.0	0.29810792723733043
chr4	-8	97	32878.0	0.29503011132063994
chr4	-7	74	32854.0	0.22523893589821634
chr4	-6	112	32853.0	0.3409125498432411
chr4	-5	139	32839.0	0.42327720088918663
chr4	-4	158	32855.0	0.4809009283214123
chr4	-3	116	32851.0	0.3531094943837326
chr4	-2	81	32848.0	0.2465903555772041
chr4	-1	162	32844.0	0.49324077457069787
chr4	0	875	31776.0	2.7536505538771396
chr4	1	321	31574.0	1.0166592766200038
chr4	2	383	31297.0	1.2237594657634916
chr4	3	424	31033.0	1.366287500402797
chr4	4	413	30724.0	1.3442260122379899
chr4	5	351	30414.0	1.154073781811008
chr4	6	282	30118.0	0.9363171525333688
chr4	7	314	29840.0	1.052278820375335
chr4	8	303	29506.0	1.0269097810614791
chr4	9	272	29230.0	0.9305508039685255
chr4	10	269	28954.0	0.9290598880983628
chr4	11	279	28666.0	0.9732784483360079
chr4	12	238	28376.0	0.8387369608119538
chr4	13	364	28093.0	1.2956964368347987
chr4	14	250	27815.0	0.8987956138774043
chr4	15	258	27536.0	0.9369552585705985
chr4	16	278	27268.0	1.0195100484083908
chr4	17	274	26980.0	1.0155670867309117
chr4	18	339	26723.0	1.2685701455674887
chr4	19	236	26464.0	0.8917775090689238
chr4	20	328	26172.0	1.2532477456824087
chr4	21	347	25911.0	1.3391995677511481
chr4	22	199	25617.0	0.7768278877308038
chr4	23	223	25330.0	0.8803789972364785
chr4	24	225	25082.0	0.8970576509050315
chr4	25	240	24813.0	0.9672349171805101
chr4	26	248	24534.0	1.0108420966821554
chr4	27	251	24279.0	1.0338152312698217
chr4	28	215	24065.0	0.8934136713068773
chr4	29	196	23787.0	0.8239794845924244
chr4	30	231	23474.0	0.9840674789128397
chr4	31	227	23203.0	0.9783217687368013
chr4	32	209	22951.0	0.9106357021480546
chr4	33	173	22664.0	0.7633250970702435
chr4	34	244	22401.0	1.0892370876300164
chr4	35	191	22156.0	0.8620689655172413
chr4	36	188	21862.0	0.859939621260635
chr4	37	201	21619.0	0.9297377306998474
chr4	38	205	21391.0	0.9583469683511756
chr4	39	173	21106.0	0.819672131147541
chr4	40	205	20824.0	0.9844410295812523
chr4	41	201	20514.0	0.9798186604270254
chr4	42	207	20240.0	1.0227272727272727
chr4	43	194	19947.0	0.9725773299242993
chr4	44	211	19680.0	1.0721544715447153
chr4	45	208	19439.0	1.0700138896033746
chr4	46	175	19106.0	0.9159426358212079
chr4	47	223	18871.0	1.1817073816967834
chr4	48	146	18567.0	0.786341358323908
chr4	49	168	18283.0	0.9188863971995843
chr4	50	175	17981.0	0.9732495411823592
chr4	51	160	17703.0	0.9038016155453878
chr4	52	155	17439.0	0.8888124319054992
chr4	53	167	17129.0	0.9749547550937007
chr4	54	168	16852.0	0.9969143128412059
chr4	55	158	16587.0	0.9525532043166335
chr4	56	179	16313.0	1.097284374425305
chr4	57	222	16020.0	1.3857677902621723
chr4	58	161	15738.0	1.0230016520523573
chr4	59	151	15487.0	0.9750112997998321
chr4	60	134	15191.0	0.882101244157725
chr4	61	165	14916.0	1.1061946902654867
chr4	62	140	14657.0	0.9551750017056696
chr4	63	134	14389.0	0.9312669400236291
chr4	64	166	14128.0	1.1749716874292186
chr4	65	143	13840.0	1.033236994219653
chr4	66	126	13532.0	0.9311262193319538
chr4	67	118	13277.0	0.8887549898320404
chr4	68	130	12980.0	1.0015408320493067
chr4	69	119	12700.0	0.9370078740157481
chr4	70	117	12440.0	0.9405144694533762
chr4	71	117	12188.0	0.9599606170003282
chr4	72	137	11908.0	1.1504870675176353
chr4	73	110	11612.0	0.9472959007922839
chr4	74	112	11341.0	0.9875672339299886
chr4	75	91	11042.0	0.8241260641188192
chr4	76	91	10797.0	0.8428267111234603
chr4	77	96	10553.0	0.9096939258978489
chr4	78	94	10296.0	0.912975912975913
chr4	79	101	10023.0	1.007682330639529
chr4	80	81	9762.0	0.8297480024585127
chr4	81	75	9482.0	0.7909723686985868
chr4	82	105	9208.0	1.1403127715030408
chr4	83	77	8942.0	0.8611048982330574
chr4	84	80	8638.0	0.9261403102570039
chr4	85	86	8353.0	1.0295702142942655
chr4	86	73	8102.0	0.9010120957788201
chr4	87	59	7852.0	0.7514009169638309
chr4	88	73	7598.0	0.9607791524085285
chr4	89	75	7356.0	1.0195758564437194
chr4	90	84	7113.0	1.180936313791649
chr4	91	65	6823.0	0.9526601201817383
chr4	92	68	6494.0	1.0471204188481675
chr4	93	56	6205.0	0.9024979854955681
chr4	94	68	5959.0	1.1411310622587683
chr4	95	56	5699.0	0.9826285313212845
chr4	96	50	5402.0	0.9255831173639394
chr4	97	62	5142.0	1.205756514974718
chr4	98	65	4877.0	1.3327865491080582
chr4	99	47	4630.0	1.0151187904967602
chr4	100	42	4348.0	0.9659613615455382
chr4	101	34	4079.0	0.8335376317724933
chr4	102	45	3813.0	1.1801730920535012
chr4	103	39	3572.0	1.0918253079507279
chr4	104	49	3274.0	1.4966401954795359
chr4	105	38	2980.0	1.2751677852348993
chr4	106	17	2727.0	0.6233956729006234
chr4	107	21	2479.0	0.8471157724889069
chr4	108	18	2203.0	0.8170676350431231
chr4	109	13	1929.0	0.673924313115604
chr4	110	14	1677.0	0.8348240906380441
chr4	111	10	1425.0	0.7017543859649122
chr4	112	7	1185.0	0.5907172995780591
chr4	113	4	912.0	0.43859649122807015
chr4	114	0	661.0	0.0
chr4	115	0	439.0	0.0
chr4	116	4	271.0	1.4760147601476015
chr4	117	0	99.0	0.0
chr4	118	0	0.0	nan
chr4	119	0	0.0	nan
chr4	120	0	0.0	nan
chr4	121	0	0.0	nan
chr4	122	0	0.0	nan
chr4	123	0	0.0	nan
chr4	124	0	0.0	nan
chr4	125	0	0.0	nan
chr4	126	0	0.0	nan
chr4	127	0	0.0	nan
chr4	128	0	0.0	nan
chr4	129	0	0.0	nan
chr4	130	0	0.0	nan
chr4	131	0	0.0	nan
chr4	132	0	0.0	nan
chr4	133	0	0.0	nan
chr4	134	0	0.0	nan
chr4	135	0	0.0	nan
chr4	136	0	0.0	nan
chr4	137	0	0.0	nan
chr4	138	0	0.0	nan
chr4	139	0	0.0	nan
chr4	140	0	0.0	nan
chr5	-132	0	1.0	0.0
chr5	-131	0	3.0	0.0
chr5	-130	0	4.0	0.0
chr5	-129	0	30.0	0.0
chr5	-128	0	43.0	0.0
chr5	-127	0	69.0	0.0
chr5	-126	0	109.0	0.0
chr5	-125	0	148.0	0.0
chr5	-124	0	208.0	0.0
chr5	-123	3	253.0	1.185770750988142
chr5	-122	1	311.0	0.3215434083601286
chr5	-121	0	351.0	0.0
chr5	-120	0	407.0	0.0
chr5	-119	1	473.0	0.21141649048625794
chr5	-118	1	532.0	0.18796992481203006
chr5	-117	1	590.0	0.1694915254237288
chr5	-116	1	660.0	0.15151515151515152
chr5	-115	2	703.0	0.2844950213371266
chr5	-114	0	788.0	0.0
chr5	-113	0	887.0	0.0
chr5	-112	4	946.0	0.42283298097251587
chr5	-111	0	1017.0	0.0
chr5	-110	0	1096.0	0.0
chr5	-109	2	1159.0	0.1725625539257981
chr5	-108	0	1231.0	0.0
chr5	-107	4	1309.0	0.30557677616501144
chr5	-106	1	1390.0	0.07194244604316546
chr5	-105	3	1441.0	0.2081887578070784
chr5	-104	4	1526.0	0.2621231979030144
chr5	-103	1	1581.0	0.06325110689437065
chr5	-102	7	1639.0	0.4270896888346553
chr5	-101	5	1716.0	0.2913752913752914
chr5	-100	1	1780.0	0.05617977528089888
chr5	-99	7	1846.0	0.37919826652221017
chr5	-98	1	1940.0	0.051546391752577324
chr5	-97	2	2000.0	0.1
chr5	-96	4	2061.0	0.19408054342552158
chr5	-95	4	2135.0	0.18735362997658078
chr5	-94	2	2193.0	0.09119927040583675
chr5	-93	1	2249.0	0.044464206313917294
chr5	-92	8	2320.0	0.3448275862068966
chr5	-91	5	2364.0	0.21150592216582065
chr5	-90	1	2431.0	0.04113533525298231
chr5	-89	10	2499.0	0.4001600640256103
chr5	-88	6	2545.0	0.2357563850687623
chr5	-87	2	2623.0	0.07624857033930614
chr5	-86	2	2711.0	0.07377351530800443
chr5	-85	14	2785.0	0.5026929982046678
chr5	-84	7	2822.0	0.24805102763997164
chr5	-83	26	2914.0	0.8922443376801648
chr5	-82	5	2972.0	0.16823687752355315
chr5	-81	0	3035.0	0.0
chr5	-80	13	3094.0	0.42016806722689076
chr5	-79	3	3173.0	0.09454774661203907
chr5	-78	15	3253.0	0.46111281893636646
chr5	-77	3	3339.0	0.08984725965858043
chr5	-76	6	3413.0	0.17579841781423966
chr5	-75	3	3480.0	0.08620689655172414
chr5	-74	4	3545.0	0.11283497884344146
chr5	-73	7	3610.0	0.19390581717451524
chr5	-72	12	3688.0	0.32537960954446854
chr5	-71	3	3743.0	0.08014961261020571
chr5	-70	6	3807.0	0.15760441292356187
chr5	-69	8	3880.0	0.2061855670103093
chr5	-68	6	3969.0	0.15117157974300832
chr5	-67	4	4052.0	0.09871668311944717
chr5	-66	11	4117.0	0.2671848433325237
chr5	-65	6	4189.0	0.14323227500596802
chr5	-64	20	4233.0	0.4724781478856603
chr5	-63	19	4294.0	0.4424778761061947
chr5	-62	5	4362.0	0.11462631820265932
chr5	-61	4	4447.0	0.08994827973914998
chr5	-60	8	4516.0	0.1771479185119575
chr5	-59	4	4565.0	0.08762322015334063
chr5	-58	8	4629.0	0.17282350399654353
chr5	-57	3	4687.0	0.06400682739492213
chr5	-56	11	4761.0	0.23104389834068476
chr5	-55	40	4844.0	0.8257638315441783
chr5	-54	27	4911.0	0.5497861942577886
chr5	-53	13	4975.0	0.26130653266331655
chr5	-52	3	5040.0	0.05952380952380953
chr5	-51	2	5101.0	0.03920799843168006
chr5	-50	19	5164.0	0.36793183578621225
chr5	-49	1	5220.0	0.019157088122605366
chr5	-48	11	5293.0	0.20782165123748347
chr5	-47	11	5358.0	0.20530048525569242
chr5	-46	2	5427.0	0.03685277317118113
chr5	-45	8	5521.0	0.14490128599891325
chr5	-44	5	5612.0	0.08909479686386315
chr5	-43	10	5688.0	0.17580872011251758
chr5	-42	30	5765.0	0.5203816131830009
chr5	-41	9	5840.0	0.1541095890410959
chr5	-40	20	5909.0	0.33846674564224066
chr5	-39	17	5978.0	0.2843760455001673
chr5	-38	15	6033.0	0.24863252113376427
chr5	-37	5	6086.0	0.0821557673348669
chr5	-36	5	6157.0	0.08120838070488874
chr5	-35	12	6220.0	0.19292604501607716
chr5	-34	3	6293.0	0.04767201652629906
chr5	-33	6	6360.0	0.09433962264150944
chr5	-32	8	6450.0	0.124031007751938
chr5	-31	13	6514.0	0.19957015658581514
chr5	-30	8	6582.0	0.12154360376785171
chr5	-29	8	6646.0	0.12037315678603672
chr5	-28	11	6701.0	0.16415460379047903
chr5	-27	10	6777.0	0.14755791648221928
chr5	-26	36	6847.0	0.525777712866949
chr5	-25	11	6885.0	0.15976761074800291
chr5	-24	11	6970.0	0.15781922525107603
chr5	-23	35	7048.0	0.4965947786606129
chr5	-22	10	7152.0	0.13982102908277405
chr5	-21	19	7221.0	0.2631214513225315
chr5	-20	23	7293.0	0.31537090360619774
chr5	-19	20	7356.0	0.27188689505165853
chr5	-18	19	7434.0	0.2555824589722895
chr5	-17	18	7508.0	0.23974427277570592
chr5	-16	63	7573.0	0.831902812623795
chr5	-15	15	7679.0	0.19533793462690455
chr5	-14	27	7751.0	0.3483421494000774
chr5	-13	28	7850.0	0.35668789808917195
chr5	-12	10	7957.0	0.12567550584391102
chr5	-11	16	8033.0	0.1991783891447778
chr5	-10	21	8122.0	0.25855700566362966
chr5	-9	18	8123.0	0.22159300750954083
chr5	-8	9	8123.0	0.11079650375477042
chr5	-7	15	8122.0	0.18468357547402117
chr5	-6	60	8123.0	0.7386433583651361
chr5	-5	36	8121.0	0.4432951606944958
chr5	-4	12	8107.0	0.14802022943135562
chr5	-3	28	8106.0	0.3454231433506045
chr5	-2	48	8105.0	0.5922270203578038
chr5	-1	79	8098.0	0.9755495183996049
chr5	0	203	7774.0	2.611268330331875
chr5	1	78	7780.0	1.0025706940874035
chr5	2	116	7712.0	1.504149377593361
chr5	3	88	7649.0	1.1504771865603347
chr5	4	110	7610.0	1.445466491458607
chr5	5	106	7547.0	1.404531601961044
chr5	6	68	7482.0	0.90884790163058
chr5	7	95	7417.0	1.2808413105028986
chr5	8	60	7326.0	0.819000819000819
chr5	9	96	7249.0	1.3243205959442683
chr5	10	71	7174.0	0.9896849735154726
chr5	11	80	7084.0	1.129305477131564
chr5	12	89	7005.0	1.270521056388294
chr5	13	105	6930.0	1.5151515151515151
chr5	14	69	6856.0	1.0064177362893816
chr5	15	131	6800.0	1.9264705882352942
chr5	16	67	6734.0	0.994950994950995
chr5	17	66	6652.0	0.9921828021647625
chr5	18	85	6554.0	1.2969179127250534
chr5	19	73	6493.0	1.1242876944401663
chr5	20	79	6438.0	1.227089158123641
chr5	21	85	6367.0	1.335008638291189
chr5	22	82	6287.0	1.30427867027199
chr5	23	64	6223.0	1.028442873212277
chr5	24	54	6152.0	0.8777633289986996
chr5	25	74	6087.0	1.215705602102842
chr5	26	60	6026.0	0.9956853634251577
chr5	27	35	5947.0	0.5885320329577938
chr5	28	56	5876.0	0.9530292716133424
chr5	29	53	5809.0	0.9123773454983646
chr5	30	53	5739.0	0.923505837253877
chr5	31	41	5672.0	0.7228490832157969
chr5	32	32	5616.0	0.5698005698005698
chr5	33	43	5565.0	0.7726864330637916
chr5	34	60	5506.0	1.0897203051216855
chr5	35	52	5447.0	0.9546539379474941
chr5	36	50	5376.0	0.9300595238095238
chr5	37	51	5316.0	0.9593679458239277
chr5	38	51	5255.0	0.9705042816365367
chr5	39	46	5179.0	0.8882023556671172
chr5	40	49	5088.0	0.9630503144654088
chr5	41	80	5028.0	1.591089896579157
chr5	42	53	4944.0	1.0720064724919094
chr5	43	43	4869.0	0.8831382214006983
chr5	44	65	4789.0	1.3572770933389018
chr5	45	54	4724.0	1.1430990685859441
chr5	46	58	4679.0	1.2395811070741611
chr5	47	57	4600.0	1.2391304347826086
chr5	48	55	4521.0	1.2165450121654502
chr5	49	47	4436.0	1.0595130748422004
chr5	50	31	4372.0	0.7090576395242452
chr5	51	42	4307.0	0.975156721615974
chr5	52	57	4246.0	1.3424399434762129
chr5	53	59	4178.0	1.412158927716611
chr5	54	53	4117.0	1.2873451542385232
chr5	55	32	4044.0	0.791295746785361
chr5	56	48	3981.0	1.2057272042200453
chr5	57	38	3929.0	0.9671672181216595
chr5	58	44	3836.0	1.1470281543274243
chr5	59	50	3764.0	1.3283740701381508
chr5	60	28	3698.0	0.7571660356949702
chr5	61	36	3623.0	0.9936516698868341
chr5	62	28	3557.0	0.7871802080404836
chr5	63	39	3509.0	1.1114277571957822
chr5	64	46	3440.0	1.3372093023255813
chr5	65	44	3380.0	1.301775147928994
chr5	66	24	3342.0	0.718132854578097
chr5	67	32	3272.0	0.9779951100244498
chr5	68	40	3219.0	1.2426219322771046
chr5	69	24	3161.0	0.7592534008225245
chr5	70	36	3100.0	1.1612903225806452
chr5	71	32	3038.0	1.053324555628703
chr5	72	27	2981.0	0.9057363300905736
chr5	73	37	2911.0	1.271040879422879
chr5	74	17	2846.0	0.5973295853829936
chr5	75	28	2773.0	1.009736747205193
chr5	76	25	2717.0	0.9201324990798674
chr5	77	37	2643.0	1.3999243284146803
chr5	78	27	2575.0	1.0485436893203883
chr5	79	20	2504.0	0.7987220447284344
chr5	80	23	2416.0	0.9519867549668874
chr5	81	31	2336.0	1.327054794520548
chr5	82	31	2270.0	1.3656387665198237
chr5	83	22	2193.0	1.0031919744642042
chr5	84	29	2104.0	1.3783269961977187
chr5	85	19	2048.0	0.927734375
chr5	86	23	1967.0	1.1692933401118455
chr5	87	13	1904.0	0.6827731092436975
chr5	88	22	1845.0	1.1924119241192412
chr5	89	26	1791.0	1.4517029592406476
chr5	90	17	1721.0	0.9877977919814062
chr5	91	22	1666.0	1.3205282112845138
chr5	92	18	1586.0	1.1349306431273645
chr5	93	14	1518.0	0.922266139657444
chr5	94	15	1444.0	1.0387811634349031
chr5	95	11	1385.0	0.7942238267148014
chr5	96	12	1319.0	0.9097801364670205
chr5	97	14	1256.0	1.1146496815286624
chr5	98	28	1192.0	2.348993288590604
chr5	99	12	1119.0	1.0723860589812333
chr5	100	13	1061.0	1.2252591894439209
chr5	101	8	988.0	0.8097165991902834
chr5	102	7	910.0	0.7692307692307693
chr5	103	13	830.0	1.566265060240964
chr5	104	12	743.0	1.6150740242261103
chr5	105	6	690.0	0.8695652173913043
chr5	106	5	637.0	0.7849293563579277
chr5	107	2	570.0	0.3508771929824561
chr5	108	9	518.0	1.7374517374517375
chr5	109	6	464.0	1.293103448275862
chr5	110	6	382.0	1.5706806282722512
chr5	111	7	312.0	2.2435897435897436
chr5	112	0	254.0	0.0
chr5	113	1	185.0	0.5405405405405406
chr5	114	1	144.0	0.6944444444444444
chr5	115	1	99.0	1.0101010101010102
chr5	116	0	41.0	0.0
chr5	117	0	12.0	0.0
chr5	118	0	0.0	nan
chr5	119	0	0.0	nan
chr5	120	0	0.0	nan
chr5	121	0	0.0	nan
chr5	122	0	0.0	nan
chr5	123	0	0.0	nan
chr5	124	0	0.0	nan
chr5	125	0	0.0	nan
chr5	126	0	0.0	nan
chr5	127	0	0.0	nan
chr5	128	0	0.0	nan
chr5	129	0	0.0	nan
chr5	130	0	0.0	nan
chr5	131	0	0.0	nan
chr5	132	0	0.0	nan
chr5	133	0	0.0	nan
chr5	134	0	0.0	nan
chr6	-139	0	1.0	0.0
chr6	-138	0	1.0	0.0
chr6	-137	0	2.0	0.0
chr6	-136	0	2.0	0.0
chr6	-135	0	2.0	0.0
chr6	-134	0	2.0	0.0
chr6	-133	0	2.0	0.0
chr6	-132	0	5.0	0.0
chr6	-131	0	6.0	0.0
chr6	-130	4	11.0	36.36363636363637
chr6	-129	2	88.0	2.272727272727273
chr6	-128	0	207.0	0.0
chr6	-127	2	375.0	0.5333333333333333
chr6	-126	1	547.0	0.18281535648994515
chr6	-125	1	725.0	0.13793103448275862
chr6	-124	1	945.0	0.10582010582010583
chr6	-123	3	1148.0	0.2613240418118467
chr6	-122	2	1380.0	0.14492753623188406
chr6	-121	4	1593.0	0.25109855618330196
chr6	-120	2	1827.0	0.10946907498631638
chr6	-119	10	2097.0	0.4768717215069146
chr6	-118	5	2351.0	0.2126754572522331
chr6	-117	0	2599.0	0.0
chr6	-116	8	2847.0	0.2809975412715139
chr6	-115	2	3095.0	0.06462035541195477
chr6	-114	18	3335.0	0.5397301349325337
chr6	-113	6	3571.0	0.16802016241949033
chr6	-112	2	3850.0	0.05194805194805195
chr6	-111	7	4142.0	0.16900048285852245
chr6	-110	26	4419.0	0.5883684091423399
chr6	-109	13	4663.0	0.27879047823289727
chr6	-108	15	4925.0	0.3045685279187817
chr6	-107	5	5201.0	0.09613535858488752
chr6	-106	12	5460.0	0.21978021978021978
chr6	-105	8	5737.0	0.13944570332926615
chr6	-104	7	6016.0	0.1163563829787234
chr6	-103	7	6304.0	0.11104060913705585
chr6	-102	5	6575.0	0.07604562737642585
chr6	-101	15	6866.0	0.21846781240897176
chr6	-100	9	7117.0	0.12645777715329493
chr6	-99	18	7405.0	0.24307900067521948
chr6	-98	10	7664.0	0.1304801670146138
chr6	-97	15	7935.0	0.1890359168241966
chr6	-96	32	8228.0	0.3889158969372873
chr6	-95	18	8490.0	0.21201413427561835
chr6	-94	26	8747.0	0.2972447696353035
chr6	-93	12	9030.0	0.132890365448505
chr6	-92	25	9288.0	0.2691645133505599
chr6	-91	15	9563.0	0.15685454355327824
chr6	-90	21	9799.0	0.21430758240636802
chr6	-89	18	10073.0	0.17869552268440386
chr6	-88	22	10389.0	0.21176244104341133
chr6	-87	36	10642.0	0.338282277767337
chr6	-86	21	10877.0	0.19306794152799484
chr6	-85	13	11126.0	0.11684342980406255
chr6	-84	38	11415.0	0.33289531318440646
chr6	-83	30	11726.0	0.2558417192563534
chr6	-82	12	11988.0	0.10010010010010009
chr6	-81	47	12261.0	0.3833292553625316
chr6	-80	12	12522.0	0.09583133684714902
chr6	-79	43	12768.0	0.33677944862155385
chr6	-78	40	13038.0	0.3067955207853965
chr6	-77	16	13310.0	0.12021036814425246
chr6	-76	41	13564.0	0.30227071660277205
chr6	-75	42	13844.0	0.30338052585957814
chr6	-74	41	14113.0	0.29051229362998654
chr6	-73	46	14409.0	0.31924491637171215
chr6	-72	39	14666.0	0.2659211782353743
chr6	-71	35	14932.0	0.23439592820787572
chr6	-70	35	15203.0	0.23021772018680525
chr6	-69	21	15470.0	0.13574660633484162
chr6	-68	40	15715.0	0.2545338848234171
chr6	-67	31	15941.0	0.19446709742174267
chr6	-66	43	16189.0	0.26561245290011737
chr6	-65	23	16432.0	0.13997078870496593
chr6	-64	35	16701.0	0.20956828932399257
chr6	-63	35	16958.0	0.20639226323858947
chr6	-62	37	17237.0	0.21465452224865117
chr6	-61	51	17507.0	0.29131204660992743
chr6	-60	25	17802.0	0.14043365913942255
chr6	-59	28	18090.0	0.15478164731896074
chr6	-58	38	18376.0	0.2067914671310405
chr6	-57	45	18595.0	0.24200053777897285
chr6	-56	63	18900.0	0.33333333333333337
chr6	-55	24	19171.0	0.1251890876845235
chr6	-54	34	19422.0	0.17505921120378953
chr6	-53	57	19696.0	0.2893988627132413
chr6	-52	64	20001.0	0.31998400079996
chr6	-51	60	20300.0	0.2955665024630542
chr6	-50	66	20593.0	0.32049725634924486
chr6	-49	39	20842.0	0.18712215718261202
chr6	-48	35	21131.0	0.1656334295584686
chr6	-47	68	21396.0	0.3178164142830436
chr6	-46	73	21700.0	0.3364055299539171
chr6	-45	97	21984.0	0.44122998544395925
chr6	-44	63	22273.0	0.28285367934270195
chr6	-43	45	22564.0	0.19943272469420317
chr6	-42	27	22802.0	0.11841066573107621
chr6	-41	83	23065.0	0.3598525905050943
chr6	-40	52	23349.0	0.22270761060430855
chr6	-39	85	23608.0	0.3600474415452389
chr6	-38	76	23876.0	0.31831127492042216
chr6	-37	58	24132.0	0.2403447704293055
chr6	-36	83	24431.0	0.3397323073144775
chr6	-35	40	24694.0	0.16198266785453957
chr6	-34	97	24971.0	0.388450602699131
chr6	-33	47	25270.0	0.18599129402453501
chr6	-32	41	25539.0	0.16053878382082304
chr6	-31	71	25778.0	0.2754286600977578
chr6	-30	47	26049.0	0.18042919113977504
chr6	-29	85	26300.0	0.3231939163498099
chr6	-28	87	26504.0	0.3282523392695442
chr6	-27	47	26792.0	0.1754255001492983
chr6	-26	111	27100.0	0.40959409594095947
chr6	-25	90	27400.0	0.3284671532846715
chr6	-24	38	27673.0	0.13731796335778557
chr6	-23	63	27965.0	0.22528160200250313
chr6	-22	71	28220.0	0.2515946137491141
chr6	-21	66	28519.0	0.2314246642589151
chr6	-20	102	28816.0	0.3539700166574125
chr6	-19	68	29089.0	0.23376534085049333
chr6	-18	101	29411.0	0.34340892863214445
chr6	-17	76	29757.0	0.2554020902644756
chr6	-16	105	30090.0	0.3489531405782652
chr6	-15	68	30399.0	0.22369156880160534
chr6	-14	147	30712.0	0.4786402709038812
chr6	-13	133	31065.0	0.42813455657492355
chr6	-12	120	31433.0	0.38176438774536314
chr6	-11	67	31835.0	0.21046018533061095
chr6	-10	97	32230.0	0.3009618367980143
chr6	-9	134	32234.0	0.415710119749333
chr6	-8	106	32220.0	0.32898820608317814
chr6	-7	73	32220.0	0.22656734947237742
chr6	-6	123	32235.0	0.38157282456956726
chr6	-5	81	32233.0	0.25129525641423384
chr6	-4	99	32246.0	0.30701482354400544
chr6	-3	127	32230.0	0.39404281725100837
chr6	-2	114	32225.0	0.3537626066718386
chr6	-1	242	32135.0	0.7530729733934962
chr6	0	874	30976.0	2.8215392561983474
chr6	1	335	30854.0	1.0857587346859403
chr6	2	368	30595.0	1.2028109168164733
chr6	3	420	30389.0	1.3820790417585311
chr6	4	336	30084.0	1.1168727562824092
chr6	5	298	29824.0	0.9991952789699572
chr6	6	320	29540.0	1.0832769126607988
chr6	7	283	29302.0	0.9658043819534503
chr6	8	364	29024.0	1.2541345093715546
chr6	9	287	28714.0	0.999512432959532
chr6	10	278	28405.0	0.9787009329343425
chr6	11	303	28121.0	1.077486575868568
chr6	12	293	27832.0	1.0527450416786432
chr6	13	430	27550.0	1.560798548094374
chr6	14	260	27308.0	0.9521019481470631
chr6	15	336	27011.0	1.2439376550294323
chr6	16	286	26768.0	1.0684399282725643
chr6	17	315	26483.0	1.1894422837291847
chr6	18	380	26220.0	1.4492753623188406
chr6	19	357	25980.0	1.374133949191686
chr6	20	266	25707.0	1.0347376201034737
chr6	21	327	25435.0	1.2856300373501082
chr6	22	256	25166.0	1.0172454899467536
chr6	23	174	24891.0	0.699047848619983
chr6	24	245	24579.0	0.9967858741201839
chr6	25	301	24315.0	1.237918980053465
chr6	26	271	24049.0	1.1268659819535116
chr6	27	282	23766.0	1.1865690482201465
chr6	28	227	23531.0	0.9646848837703454
chr6	29	194	23245.0	0.8345880834588083
chr6	30	234	23009.0	1.0169933504280935
chr6	31	196	22742.0	0.8618415266907045
chr6	32	198	22474.0	0.8810180653199252
chr6	33	258	22179.0	1.1632625456512917
chr6	34	197	21930.0	0.898312813497492
chr6	35	283	21570.0	1.3120074177097822
chr6	36	192	21275.0	0.9024676850763808
chr6	37	239	21023.0	1.1368501165390286
chr6	38	248	20762.0	1.194489933532415
chr6	39	199	20511.0	0.9702111062356784
chr6	40	174	20237.0	0.8598112368434055
chr6	41	190	20009.0	0.9495726922884702
chr6	42	222	19751.0	1.123993721836869
chr6	43	210	19457.0	1.0793030785835431
chr6	44	239	19221.0	1.2434316632849487
chr6	45	210	18951.0	1.108120943485832
chr6	46	232	18714.0	1.2397135834134871
chr6	47	201	18448.0	1.089549002601908
chr6	48	182	18180.0	1.001100110011001
chr6	49	186	17921.0	1.0378885106857876
chr6	50	232	17675.0	1.3125884016973126
chr6	51	186	17383.0	1.0700109302191796
chr6	52	204	17102.0	1.1928429423459244
chr6	53	170	16843.0	1.009321379801698
chr6	54	155	16578.0	0.9349740620098925
chr6	55	130	16315.0	0.796812749003984
chr6	56	217	16052.0	1.3518564664839272
chr6	57	186	15768.0	1.1796042617960425
chr6	58	158	15549.0	1.0161425172036787
chr6	59	179	15277.0	1.1716960136152386
chr6	60	175	15019.0	1.165190758372728
chr6	61	146	14769.0	0.9885571128715553
chr6	62	141	14524.0	0.9708069402368494
chr6	63	172	14273.0	1.2050725145379388
chr6	64	139	13988.0	0.9937088933371462
chr6	65	162	13739.0	1.1791251182764393
chr6	66	126	13457.0	0.9363156721408932
chr6	67	136	13210.0	1.0295230885692657
chr6	68	160	12962.0	1.2343774108933807
chr6	69	111	12719.0	0.8727101187200251
chr6	70	117	12452.0	0.9396080950851269
chr6	71	163	12190.0	1.3371616078753077
chr6	72	133	11930.0	1.1148365465213745
chr6	73	128	11658.0	1.0979584834448446
chr6	74	127	11409.0	1.1131562801297221
chr6	75	133	11137.0	1.1942174732872406
chr6	76	98	10868.0	0.90172984909827
chr6	77	105	10594.0	0.9911270530488956
chr6	78	124	10304.0	1.203416149068323
chr6	79	72	10023.0	0.7183478000598623
chr6	80	117	9749.0	1.2001230895476458
chr6	81	92	9487.0	0.9697480763149573
chr6	82	108	9224.0	1.1708586296617518
chr6	83	81	8953.0	0.9047246732938681
chr6	84	97	8679.0	1.11764028113838
chr6	85	77	8423.0	0.9141635996675769
chr6	86	92	8159.0	1.1275891653388896
chr6	87	91	7896.0	1.152482269503546
chr6	88	82	7625.0	1.0754098360655737
chr6	89	79	7340.0	1.0762942779291553
chr6	90	94	7062.0	1.3310676862078732
chr6	91	80	6790.0	1.1782032400589102
chr6	92	58	6518.0	0.8898435102792267
chr6	93	65	6278.0	1.0353615801210576
chr6	94	70	6034.0	1.160092807424594
chr6	95	61	5750.0	1.0608695652173914
chr6	96	48	5492.0	0.8739985433357611
chr6	97	53	5265.0	1.00664767331434
chr6	98	47	5008.0	0.9384984025559105
chr6	99	39	4718.0	0.8266214497668503
chr6	100	47	4456.0	1.05475763016158
chr6	101	46	4214.0	1.0915994304698624
chr6	102	33	3938.0	0.8379888268156425
chr6	103	36	3663.0	0.9828009828009828
chr6	104	28	3390.0	0.8259587020648967
chr6	105	25	3082.0	0.8111615833874107
chr6	106	19	2806.0	0.67712045616536
chr6	107	30	2514.0	1.1933174224343674
chr6	108	18	2237.0	0.8046490835940991
chr6	109	10	1954.0	0.511770726714432
chr6	110	12	1679.0	0.714711137581894
chr6	111	13	1430.0	0.9090909090909091
chr6	112	5	1162.0	0.4302925989672977
chr6	113	14	923.0	1.5167930660888407
chr6	114	3	675.0	0.4444444444444444
chr6	115	2	502.0	0.398406374501992
chr6	116	2	288.0	0.6944444444444444
chr6	117	1	112.0	0.8928571428571428
chr6	118	0	0.0	nan
chr6	119	0	0.0	nan
chr6	120	0	0.0	nan
chr6	121	0	0.0	nan
chr6	122	0	0.0	nan
chr6	123	0	0.0	nan
chr6	124	0	0.0	nan
chr6	125	0	0.0	nan
chr6	126	0	0.0	nan
chr6	127	0	0.0	nan
chr6	128	0	0.0	nan
chr6	129	0	0.0	nan
chr6	130	0	0.0	nan
chr6	131	0	0.0	nan
chr6	132	0	0.0	nan
chr6	133	0	0.0	nan
chr6	134	0	0.0	nan
chr7	-128	0	2.0	0.0
chr7	-127	0	2.0	0.0
chr7	-126	0	2.0	0.0
chr7	-125	0	2.0	0.0
chr7	-124	0	2.0	0.0
chr7	-123	0	2.0	0.0
chr7	-122	0	2.0	0.0
chr7	-121	0	2.0	0.0
chr7	-120	0	3.0	0.0
chr7	-119	0	3.0	0.0
chr7	-118	0	4.0	0.0
chr7	-117	0	4.0	0.0
chr7	-116	0	4.0	0.0
chr7	-115	0	4.0	0.0
chr7	-114	0	7.0	0.0
chr7	-113	0	7.0	0.0
chr7	-112	0	7.0	0.0
chr7	-111	0	7.0	0.0
chr7	-110	0	7.0	0.0
chr7	-109	0	7.0	0.0
chr7	-108	0	7.0	0.0
chr7	-107	0	7.0	0.0
chr7	-106	0	8.0	0.0
chr7	-105	0	8.0	0.0
chr7	-104	0	8.0	0.0
chr7	-103	0	8.0	0.0
chr7	-102	0	8.0	0.0
chr7	-101	0	9.0	0.0
chr7	-100	0	9.0	0.0
chr7	-99	0	9.0	0.0
chr7	-98	0	10.0	0.0
chr7	-97	0	11.0	0.0
chr7	-96	0	12.0	0.0
chr7	-95	0	12.0	0.0
chr7	-94	0	12.0	0.0
chr7	-93	0	12.0	0.0
chr7	-92	0	12.0	0.0
chr7	-91	0	12.0	0.0
chr7	-90	0	15.0	0.0
chr7	-89	0	15.0	0.0
chr7	-88	0	15.0	0.0
chr7	-87	0	15.0	0.0
chr7	-86	0	15.0	0.0
chr7	-85	0	16.0	0.0
chr7	-84	0	16.0	0.0
chr7	-83	0	16.0	0.0
chr7	-82	0	16.0	0.0
chr7	-81	0	17.0	0.0
chr7	-80	0	17.0	0.0
chr7	-79	0	17.0	0.0
chr7	-78	0	17.0	0.0
chr7	-77	0	17.0	0.0
chr7	-76	0	18.0	0.0
chr7	-75	0	19.0	0.0
chr7	-74	0	19.0	0.0
chr7	-73	0	19.0	0.0
chr7	-72	0	19.0	0.0
chr7	-71	0	22.0	0.0
chr7	-70	0	23.0	0.0
chr7	-69	0	24.0	0.0
chr7	-68	0	25.0	0.0
chr7	-67	0	25.0	0.0
chr7	-66	0	25.0	0.0
chr7	-65	0	25.0	0.0
chr7	-64	0	26.0	0.0
chr7	-63	0	26.0	0.0
chr7	-62	18	26.0	69.23076923076923
chr7	-61	0	27.0	0.0
chr7	-60	0	27.0	0.0
chr7	-59	0	27.0	0.0
chr7	-58	0	27.0	0.0
chr7	-57	0	27.0	0.0
chr7	-56	0	27.0	0.0
chr7	-55	0	27.0	0.0
chr7	-54	0	27.0	0.0
chr7	-53	0	27.0	0.0
chr7	-52	0	27.0	0.0
chr7	-51	0	28.0	0.0
chr7	-50	0	29.0	0.0
chr7	-49	0	30.0	0.0
chr7	-48	0	30.0	0.0
chr7	-47	0	30.0	0.0
chr7	-46	0	30.0	0.0
chr7	-45	0	31.0	0.0
chr7	-44	0	31.0	0.0
chr7	-43	0	34.0	0.0
chr7	-42	0	34.0	0.0
chr7	-41	0	35.0	0.0
chr7	-40	0	36.0	0.0
chr7	-39	0	36.0	0.0
chr7	-38	0	36.0	0.0
chr7	-37	0	36.0	0.0
chr7	-36	0	36.0	0.0
chr7	-35	0	36.0	0.0
chr7	-34	0	36.0	0.0
chr7	-33	0	36.0	0.0
chr7	-32	0	36.0	0.0
chr7	-31	0	36.0	0.0
chr7	-30	0	37.0	0.0
chr7	-29	0	37.0	0.0
chr7	-28	0	37.0	0.0
chr7	-27	0	38.0	0.0
chr7	-26	0	42.0	0.0
chr7	-25	0	42.0	0.0
chr7	-24	0	42.0	0.0
chr7	-23	0	42.0	0.0
chr7	-22	0	43.0	0.0
chr7	-21	0	44.0	0.0
chr7	-20	0	45.0	0.0
chr7	-19	0	45.0	0.0
chr7	-18	0	45.0	0.0
chr7	-17	0	45.0	0.0
chr7	-16	1	45.0	2.2222222222222223
chr7	-15	0	45.0	0.0
chr7	-14	0	46.0	0.0
chr7	-13	0	48.0	0.0
chr7	-12	0	49.0	0.0
chr7	-11	0	49.0	0.0
chr7	-10	0	49.0	0.0
chr7	-9	0	49.0	0.0
chr7	-8	0	49.0	0.0
chr7	-7	0	49.0	0.0
chr7	-6	0	49.0	0.0
chr7	-5	0	49.0	0.0
chr7	-4	0	49.0	0.0
chr7	-3	0	49.0	0.0
chr7	-2	0	49.0	0.0
chr7	-1	0	49.0	0.0
chr7	0	0	47.0	0.0
chr7	1	0	47.0	0.0
chr7	2	0	47.0	0.0
chr7	3	0	47.0	0.0
chr7	4	0	47.0	0.0
chr7	5	0	47.0	0.0
chr7	6	0	47.0	0.0
chr7	7	0	46.0	0.0
chr7	8	0	46.0	0.0
chr7	9	0	45.0	0.0
chr7	10	0	45.0	0.0
chr7	11	0	45.0	0.0
chr7	12	0	45.0	0.0
chr7	13	0	42.0	0.0
chr7	14	0	42.0	0.0
chr7	15	0	42.0	0.0
chr7	16	0	42.0	0.0
chr7	17	0	42.0	0.0
chr7	18	0	42.0	0.0
chr7	19	0	42.0	0.0
chr7	20	0	42.0	0.0
chr7	21	0	41.0	0.0
chr7	22	0	41.0	0.0
chr7	23	0	41.0	0.0
chr7	24	0	41.0	0.0
chr7	25	0	41.0	0.0
chr7	26	0	40.0	0.0
chr7	27	0	40.0	0.0
chr7	28	2	40.0	5.0
chr7	29	0	39.0	0.0
chr7	30	0	38.0	0.0
chr7	31	0	37.0	0.0
chr7	32	0	37.0	0.0
chr7	33	0	37.0	0.0
chr7	34	0	37.0	0.0
chr7	35	0	37.0	0.0
chr7	36	0	37.0	0.0
chr7	37	0	34.0	0.0
chr7	38	0	34.0	0.0
chr7	39	0	34.0	0.0
chr7	40	0	34.0	0.0
chr7	41	0	34.0	0.0
chr7	42	0	33.0	0.0
chr7	43	0	33.0	0.0
chr7	44	0	33.0	0.0
chr7	45	0	33.0	0.0
chr7	46	0	32.0	0.0
chr7	47	0	32.0	0.0
chr7	48	1	32.0	3.125
chr7	49	0	32.0	0.0
chr7	50	0	32.0	0.0
chr7	51	1	31.0	3.225806451612903
chr7	52	0	30.0	0.0
chr7	53	0	30.0	0.0
chr7	54	0	30.0	0.0
chr7	55	0	30.0	0.0
chr7	56	0	27.0	0.0
chr7	57	0	26.0	0.0
chr7	58	0	25.0	0.0
chr7	59	0	24.0	0.0
chr7	60	0	24.0	0.0
chr7	61	7	24.0	29.166666666666668
chr7	62	0	24.0	0.0
chr7	63	0	23.0	0.0
chr7	64	0	23.0	0.0
chr7	65	0	23.0	0.0
chr7	66	0	22.0	0.0
chr7	67	0	22.0	0.0
chr7	68	0	22.0	0.0
chr7	69	0	22.0	0.0
chr7	70	0	22.0	0.0
chr7	71	0	22.0	0.0
chr7	72	0	22.0	0.0
chr7	73	0	22.0	0.0
chr7	74	0	22.0	0.0
chr7	75	0	22.0	0.0
chr7	76	0	21.0	0.0
chr7	77	0	20.0	0.0
chr7	78	0	19.0	0.0
chr7	79	0	19.0	0.0
chr7	80	0	19.0	0.0
chr7	81	0	19.0	0.0
chr7	82	0	18.0	0.0
chr7	83	0	18.0	0.0
chr7	84	0	15.0	0.0
chr7	85	0	15.0	0.0
chr7	86	0	14.0	0.0
chr7	87	0	13.0	0.0
chr7	88	0	13.0	0.0
chr7	89	0	13.0	0.0
chr7	90	0	13.0	0.0
chr7	91	0	13.0	0.0
chr7	92	0	13.0	0.0
chr7	93	0	13.0	0.0
chr7	94	0	13.0	0.0
chr7	95	0	13.0	0.0
chr7	96	0	13.0	0.0
chr7	97	0	12.0	0.0
chr7	98	0	12.0	0.0
chr7	99	0	12.0	0.0
chr7	100	0	11.0	0.0
chr7	101	0	7.0	0.0
chr7	102	0	7.0	0.0
chr7	103	0	7.0	0.0
chr7	104	0	7.0	0.0
chr7	105	0	6.0	0.0
chr7	106	0	5.0	0.0
chr7	107	0	4.0	0.0
chr7	108	0	4.0	0.0
chr7	109	0	4.0	0.0
chr7	110	0	4.0	0.0
chr7	111	0	4.0	0.0
chr7	112	0	4.0	0.0
chr7	113	0	3.0	0.0
chr7	114	0	1.0	0.0
chr7	115	0	0.0	nan
chr7	116	0	0.0	nan
chr7	117	0	0.0	nan
chr7	118	0	0.0	nan
chr7	119	0	0.0	nan
chr7	120	0	0.0	nan
chr7	121	0	0.0	nan
chr7	122	0	0.0	nan
chr7	123	0	0.0	nan
chr7	124	0	0.0	nan
chr7	125	0	0.0	nan
chr8	-130	0	2.0	0.0
chr8	-129	0	38.0	0.0
chr8	-128	0	111.0	0.0
chr8	-127	1	178.0	0.5617977528089888
chr8	-126	3	307.0	0.9771986970684038
chr8	-125	2	424.0	0.4716981132075472
chr8	-124	1	572.0	0.17482517482517482
chr8	-123	0	698.0	0.0
chr8	-122	5	837.0	0.5973715651135006
chr8	-121	1	990.0	0.10101010101010101
chr8	-120	4	1134.0	0.3527336860670194
chr8	-119	3	1268.0	0.23659305993690852
chr8	-118	1	1405.0	0.0711743772241993
chr8	-117	3	1567.0	0.1914486279514997
chr8	-116	0	1731.0	0.0
chr8	-115	6	1885.0	0.3183023872679045
chr8	-114	2	2042.0	0.0979431929480901
chr8	-113	2	2206.0	0.09066183136899365
chr8	-112	3	2384.0	0.12583892617449663
chr8	-111	2	2567.0	0.07791195948578107
chr8	-110	7	2750.0	0.2545454545454546
chr8	-109	6	2937.0	0.20429009193054137
chr8	-108	10	3108.0	0.32175032175032175
chr8	-107	4	3309.0	0.12088244182532487
chr8	-106	8	3481.0	0.2298190175237001
chr8	-105	3	3652.0	0.08214676889375684
chr8	-104	4	3829.0	0.10446591799425438
chr8	-103	4	3998.0	0.10005002501250625
chr8	-102	9	4205.0	0.2140309155766944
chr8	-101	6	4372.0	0.1372369624885636
chr8	-100	3	4543.0	0.06603565925599823
chr8	-99	2	4741.0	0.04218519299725796
chr8	-98	6	4916.0	0.12205044751830757
chr8	-97	9	5079.0	0.1772002362669817
chr8	-96	5	5222.0	0.09574875526618154
chr8	-95	23	5412.0	0.4249815225424981
chr8	-94	8	5595.0	0.14298480786416443
chr8	-93	8	5764.0	0.13879250520471895
chr8	-92	29	5947.0	0.48764082730788627
chr8	-91	6	6138.0	0.09775171065493646
chr8	-90	5	6289.0	0.07950389569088886
chr8	-89	2	6445.0	0.03103180760279286
chr8	-88	25	6644.0	0.37627934978928357
chr8	-87	11	6858.0	0.16039661708953046
chr8	-86	22	7044.0	0.3123225440090857
chr8	-85	32	7221.0	0.4431519180168952
chr8	-84	17	7385.0	0.23019634394041977
chr8	-83	3	7564.0	0.03966155473294553
chr8	-82	27	7748.0	0.34847702632937533
chr8	-81	9	7926.0	0.11355034065102196
chr8	-80	12	8115.0	0.14787430683918668
chr8	-79	9	8323.0	0.10813408626697105
chr8	-78	8	8479.0	0.09435074890906947
chr8	-77	8	8660.0	0.09237875288683603
chr8	-76	16	8864.0	0.18050541516245489
chr8	-75	27	9031.0	0.29897021370833793
chr8	-74	6	9211.0	0.06513950711106287
chr8	-73	15	9364.0	0.1601879538658693
chr8	-72	17	9552.0	0.17797319932998323
chr8	-71	15	9733.0	0.1541148669474982
chr8	-70	17	9937.0	0.17107779007748816
chr8	-69	26	10116.0	0.2570185844207196
chr8	-68	26	10298.0	0.252476208972616
chr8	-67	38	10465.0	0.3631151457238414
chr8	-66	19	10637.0	0.17862179185860674
chr8	-65	22	10817.0	0.20338356291023388
chr8	-64	16	10986.0	0.14563990533406151
chr8	-63	25	11181.0	0.22359359627940256
chr8	-62	17	11363.0	0.14960837806917188
chr8	-61	29	11539.0	0.2513216049917671
chr8	-60	28	11697.0	0.23937761819269898
chr8	-59	54	11878.0	0.45462199023404615
chr8	-58	13	12032.0	0.10804521276595745
chr8	-57	16	12198.0	0.13116904410559108
chr8	-56	40	12369.0	0.32338911795618075
chr8	-55	15	12527.0	0.11974135866528299
chr8	-54	26	12668.0	0.20524155352068205
chr8	-53	25	12839.0	0.19471921489212554
chr8	-52	38	13006.0	0.29217284330309085
chr8	-51	18	13182.0	0.13654984069185253
chr8	-50	35	13366.0	0.26185844680532694
chr8	-49	12	13567.0	0.0884499152354979
chr8	-48	60	13740.0	0.43668122270742354
chr8	-47	60	13869.0	0.4326195111399524
chr8	-46	30	14059.0	0.21338644284799774
chr8	-45	39	14265.0	0.2733964248159832
chr8	-44	47	14456.0	0.3251245157719978
chr8	-43	39	14620.0	0.2667578659370725
chr8	-42	17	14802.0	0.11484934468315093
chr8	-41	17	15013.0	0.11323519616332511
chr8	-40	25	15221.0	0.16424676433874252
chr8	-39	25	15353.0	0.1628346251546929
chr8	-38	34	15543.0	0.21874798944862642
chr8	-37	53	15717.0	0.3372144811350767
chr8	-36	29	15908.0	0.18229821473472468
chr8	-35	53	16105.0	0.3290903446134741
chr8	-34	42	16292.0	0.2577952369260987
chr8	-33	34	16492.0	0.20616056269706523
chr8	-32	25	16647.0	0.15017720910674595
chr8	-31	41	16815.0	0.2438299137674695
chr8	-30	18	17029.0	0.10570203770039345
chr8	-29	75	17194.0	0.4361986739560311
chr8	-28	34	17371.0	0.19572851303897298
chr8	-27	39	17526.0	0.22252653200958575
chr8	-26	21	17711.0	0.11857037998983683
chr8	-25	44	17860.0	0.24636058230683092
chr8	-24	91	18052.0	0.5040992687790826
chr8	-23	34	18238.0	0.18642394999451695
chr8	-22	55	18420.0	0.2985884907709012
chr8	-21	53	18618.0	0.28467074873778064
chr8	-20	48	18796.0	0.2553734837199404
chr8	-19	33	19057.0	0.17316471637718425
chr8	-18	67	19267.0	0.3477448487050397
chr8	-17	50	19489.0	0.2565549797321566
chr8	-16	49	19736.0	0.24827725982975274
chr8	-15	60	19955.0	0.3006765221748935
chr8	-14	45	20156.0	0.2232585830521929
chr8	-13	40	20424.0	0.19584802193497847
chr8	-12	59	20682.0	0.2852722173870999
chr8	-11	60	20953.0	0.28635517586980386
chr8	-10	69	21210.0	0.32531824611032534
chr8	-9	57	21209.0	0.2687538309208355
chr8	-8	76	21210.0	0.3583215464403583
chr8	-7	67	21224.0	0.3156803618545043
chr8	-6	59	21223.0	0.2780002827121519
chr8	-5	106	21213.0	0.4996935841229435
chr8	-4	41	21220.0	0.19321394910461828
chr8	-3	80	21215.0	0.37709168041480084
chr8	-2	84	21206.0	0.3961143072715269
chr8	-1	174	21173.0	0.8218013507769328
chr8	0	707	20389.0	3.4675560351169747
chr8	1	268	20293.0	1.320652441728675
chr8	2	259	20119.0	1.2873403250658582
chr8	3	259	19950.0	1.2982456140350878
chr8	4	325	19761.0	1.6446536106472347
chr8	5	197	19617.0	1.0042310241117398
chr8	6	250	19419.0	1.287398939183274
chr8	7	233	19245.0	1.2107040789815537
chr8	8	218	19077.0	1.1427373276720658
chr8	9	226	18897.0	1.1959570302164364
chr8	10	228	18696.0	1.2195121951219512
chr8	11	233	18503.0	1.2592552559044479
chr8	12	209	18298.0	1.1422013334790688
chr8	13	282	18119.0	1.5563772835145426
chr8	14	214	17948.0	1.1923334076220193
chr8	15	230	17749.0	1.2958476533889234
chr8	16	187	17576.0	1.063950842057351
chr8	17	218	17376.0	1.2546040515653774
chr8	18	216	17186.0	1.2568369603165368
chr8	19	211	17007.0	1.2406656082789438
chr8	20	205	16832.0	1.2179182509505704
chr8	21	259	16639.0	1.5565839293226758
chr8	22	190	16470.0	1.153612629022465
chr8	23	174	16281.0	1.0687304219642528
chr8	24	174	16085.0	1.0817531861983214
chr8	25	185	15908.0	1.1629368871008299
chr8	26	191	15746.0	1.2130064778356409
chr8	27	181	15577.0	1.1619695705206394
chr8	28	223	15401.0	1.4479579248100771
chr8	29	164	15234.0	1.0765393199422344
chr8	30	174	15094.0	1.1527759374585929
chr8	31	153	14925.0	1.0251256281407035
chr8	32	134	14772.0	0.9071215813701597
chr8	33	154	14586.0	1.0558069381598794
chr8	34	164	14403.0	1.1386516697910158
chr8	35	140	14218.0	0.9846673231115488
chr8	36	178	14038.0	1.2679868927197608
chr8	37	153	13888.0	1.1016705069124424
chr8	38	151	13711.0	1.1013055211144338
chr8	39	138	13537.0	1.0194282337297778
chr8	40	124	13333.0	0.9300232505812646
chr8	41	106	13197.0	0.8032128514056224
chr8	42	155	13009.0	1.1914828195864402
chr8	43	180	12847.0	1.401105316416284
chr8	44	150	12658.0	1.185021330383947
chr8	45	154	12454.0	1.2365505058615707
chr8	46	166	12271.0	1.3527829842718604
chr8	47	163	12104.0	1.346662260409782
chr8	48	125	11907.0	1.0498026371042244
chr8	49	131	11701.0	1.1195624305614904
chr8	50	153	11544.0	1.3253638253638254
chr8	51	140	11382.0	1.2300123001230012
chr8	52	147	11204.0	1.3120314173509462
chr8	53	143	11032.0	1.296229151559101
chr8	54	127	10887.0	1.1665288876641866
chr8	55	139	10722.0	1.2963999253870546
chr8	56	126	10541.0	1.19533251114695
chr8	57	102	10344.0	0.9860788863109048
chr8	58	142	10152.0	1.3987391646966114
chr8	59	127	10025.0	1.2668329177057358
chr8	60	122	9853.0	1.2382015629757435
chr8	61	99	9678.0	1.022938623682579
chr8	62	87	9508.0	0.9150189314261673
chr8	63	121	9333.0	1.2964748741026466
chr8	64	106	9148.0	1.1587232181897682
chr8	65	128	8995.0	1.4230127848804892
chr8	66	137	8814.0	1.554345359655094
chr8	67	135	8633.0	1.5637669408085253
chr8	68	127	8465.0	1.5002953337271117
chr8	69	85	8304.0	1.0236030828516378
chr8	70	87	8176.0	1.0640900195694716
chr8	71	78	8011.0	0.9736612158282362
chr8	72	86	7820.0	1.0997442455242967
chr8	73	70	7673.0	0.9122898475172683
chr8	74	85	7491.0	1.1346949672940863
chr8	75	67	7339.0	0.9129309170186675
chr8	76	73	7178.0	1.0169963778211202
chr8	77	52	7012.0	0.7415858528237307
chr8	78	67	6841.0	0.9793889782195586
chr8	79	64	6655.0	0.9616829451540196
chr8	80	67	6456.0	1.0377942998760843
chr8	81	70	6290.0	1.1128775834658187
chr8	82	71	6128.0	1.1586161879895562
chr8	83	58	5956.0	0.9738079247817327
chr8	84	72	5795.0	1.2424503882657463
chr8	85	57	5618.0	1.0145959416162336
chr8	86	64	5442.0	1.1760382212421905
chr8	87	59	5264.0	1.1208206686930091
chr8	88	63	5096.0	1.2362637362637363
chr8	89	55	4924.0	1.1169780666125102
chr8	90	57	4755.0	1.1987381703470033
chr8	91	58	4538.0	1.27809607756721
chr8	92	52	4350.0	1.1954022988505748
chr8	93	47	4182.0	1.1238641798182687
chr8	94	51	4000.0	1.275
chr8	95	47	3814.0	1.232302045097011
chr8	96	36	3621.0	0.9942004971002486
chr8	97	44	3443.0	1.2779552715654952
chr8	98	24	3226.0	0.7439553626782394
chr8	99	39	3033.0	1.2858555885262115
chr8	100	32	2855.0	1.1208406304728546
chr8	101	41	2696.0	1.5207715133531157
chr8	102	27	2513.0	1.0744130521289297
chr8	103	21	2309.0	0.9094846253789519
chr8	104	23	2139.0	1.0752688172043012
chr8	105	19	1959.0	0.9698825931597753
chr8	106	13	1759.0	0.7390562819783968
chr8	107	15	1597.0	0.939261114589856
chr8	108	19	1428.0	1.330532212885154
chr8	109	6	1239.0	0.48426150121065376
chr8	110	10	1079.0	0.9267840593141797
chr8	111	6	895.0	0.6703910614525139
chr8	112	5	699.0	0.7153075822603719
chr8	113	8	548.0	1.4598540145985401
chr8	114	2	405.0	0.49382716049382713
chr8	115	3	242.0	1.2396694214876034
chr8	116	3	125.0	2.4
chr8	117	0	46.0	0.0
chr8	118	0	0.0	nan
chr8	119	0	0.0	nan
chr8	120	0	0.0	nan
chr8	121	0	0.0	nan
chr8	122	0	0.0	nan
chr8	123	0	0.0	nan
chr8	124	0	0.0	nan
chr8	125	0	0.0	nan
chr8	126	0	0.0	nan
chr8	127	0	0.0	nan
chr8	128	0	0.0	nan
chr8	129	0	0.0	nan
chr8	130	0	0.0	nan
chr8	131	0	0.0	nan
chr8	132	0	0.0	nan
chr8	133	0	0.0	nan
chr8	134	0	0.0	nan
chr11	-135	0	0.0	nan
chr11	-134	0	0.0	nan
chr11	-133	0	1.0	0.0
chr11	-132	0	2.0	0.0
chr11	-131	0	2.0	0.0
chr11	-130	0	16.0	0.0
chr11	-129	0	115.0	0.0
chr11	-128	3	313.0	0.9584664536741214
chr11	-127	1	590.0	0.1694915254237288
chr11	-126	1	832.0	0.1201923076923077
chr11	-125	2	1123.0	0.17809439002671415
chr11	-124	0	1458.0	0.0
chr11	-123	3	1808.0	0.16592920353982302
chr11	-122	4	2179.0	0.18357044515832951
chr11	-121	5	2522.0	0.19825535289452814
chr11	-120	7	2913.0	0.2403020940611054
chr11	-119	5	3290.0	0.1519756838905775
chr11	-118	5	3694.0	0.1353546291283162
chr11	-117	6	4083.0	0.1469507714915503
chr11	-116	13	4484.0	0.28991971454058874
chr11	-115	8	4947.0	0.16171417020416412
chr11	-114	5	5334.0	0.09373828271466067
chr11	-113	13	5787.0	0.22464143770520134
chr11	-112	8	6249.0	0.12802048327732438
chr11	-111	18	6731.0	0.2674194027633338
chr11	-110	13	7194.0	0.1807061440088963
chr11	-109	12	7635.0	0.15717092337917485
chr11	-108	11	8132.0	0.13526807673389082
chr11	-107	18	8616.0	0.20891364902506965
chr11	-106	11	9101.0	0.12086583891880014
chr11	-105	9	9538.0	0.0943594044873139
chr11	-104	20	10044.0	0.1991238550378335
chr11	-103	13	10435.0	0.12458073790129372
chr11	-102	7	10881.0	0.06433232239683853
chr11	-101	13	11344.0	0.11459802538787023
chr11	-100	11	11825.0	0.09302325581395349
chr11	-99	18	12339.0	0.14587892049598833
chr11	-98	30	12796.0	0.2344482650828384
chr11	-97	20	13212.0	0.15137753557372086
chr11	-96	10	13550.0	0.07380073800738007
chr11	-95	29	13959.0	0.2077512715810588
chr11	-94	36	14446.0	0.24920393188425863
chr11	-93	31	14930.0	0.20763563295378434
chr11	-92	35	15364.0	0.22780525904712315
chr11	-91	29	15809.0	0.18343981276488078
chr11	-90	21	16245.0	0.12927054478301017
chr11	-89	34	16688.0	0.2037392138063279
chr11	-88	32	17146.0	0.1866324507173685
chr11	-87	40	17596.0	0.22732439190725162
chr11	-86	38	18043.0	0.21060799201906558
chr11	-85	33	18488.0	0.1784941583729987
chr11	-84	38	18974.0	0.20027405923895855
chr11	-83	27	19398.0	0.13918960717599752
chr11	-82	25	19852.0	0.12593189603062663
chr11	-81	25	20315.0	0.12306177701206006
chr11	-80	56	20816.0	0.2690238278247502
chr11	-79	32	21269.0	0.15045371197517513
chr11	-78	42	21724.0	0.19333456085435463
chr11	-77	54	22196.0	0.24328707875292846
chr11	-76	88	22700.0	0.3876651982378855
chr11	-75	32	23134.0	0.13832454396126911
chr11	-74	56	23583.0	0.23745918670228555
chr11	-73	44	24012.0	0.18324171247709478
chr11	-72	54	24474.0	0.22064231429271883
chr11	-71	54	24946.0	0.21646756995109434
chr11	-70	30	25410.0	0.11806375442739078
chr11	-69	46	25905.0	0.17757189731712025
chr11	-68	49	26417.0	0.18548661846538214
chr11	-67	56	26853.0	0.2085428071351432
chr11	-66	37	27292.0	0.13557086325663198
chr11	-65	31	27754.0	0.11169561144339554
chr11	-64	60	28179.0	0.21292451825827746
chr11	-63	56	28663.0	0.19537382688483412
chr11	-62	66	29123.0	0.22662500429214022
chr11	-61	81	29538.0	0.2742230347349177
chr11	-60	71	29956.0	0.23701428762184537
chr11	-59	115	30412.0	0.3781402078127055
chr11	-58	61	30867.0	0.1976220559173227
chr11	-57	38	31333.0	0.12127788593495675
chr11	-56	76	31778.0	0.23915916671911386
chr11	-55	57	32245.0	0.17677159249496047
chr11	-54	95	32743.0	0.29013835018171824
chr11	-53	53	33219.0	0.1595472470574069
chr11	-52	42	33668.0	0.12474753475109897
chr11	-51	137	34180.0	0.4008191925102399
chr11	-50	69	34618.0	0.19931827373042926
chr11	-49	135	35084.0	0.3847907878235093
chr11	-48	68	35551.0	0.1912745070462153
chr11	-47	84	36006.0	0.23329445092484585
chr11	-46	51	36461.0	0.13987548339321468
chr11	-45	85	36936.0	0.23012778860732078
chr11	-44	64	37414.0	0.17105896188592506
chr11	-43	108	37854.0	0.28530670470756064
chr11	-42	68	38333.0	0.17739284689432083
chr11	-41	70	38792.0	0.18044957723241906
chr11	-40	114	39276.0	0.2902535899786129
chr11	-39	101	39744.0	0.2541264090177134
chr11	-38	147	40217.0	0.36551706989581517
chr11	-37	68	40674.0	0.16718296700594973
chr11	-36	96	41166.0	0.23320215711995335
chr11	-35	124	41687.0	0.2974548420370859
chr11	-34	79	42118.0	0.18756826060116813
chr11	-33	131	42573.0	0.3077067625020553
chr11	-32	73	43061.0	0.16952695014049837
chr11	-31	108	43547.0	0.2480078995108733
chr11	-30	158	43965.0	0.35937677698168996
chr11	-29	100	44425.0	0.22509848058525606
chr11	-28	117	44916.0	0.2604862409831686
chr11	-27	128	45324.0	0.2824110846350719
chr11	-26	113	45878.0	0.24630541871921183
chr11	-25	100	46353.0	0.21573576683278323
chr11	-24	157	46805.0	0.33543424847772674
chr11	-23	96	47287.0	0.20301562797386172
chr11	-22	156	47836.0	0.32611422359729075
chr11	-21	137	48357.0	0.28330955187459933
chr11	-20	175	48902.0	0.35785857429144
chr11	-19	133	49449.0	0.2689639830936925
chr11	-18	105	50064.0	0.20973154362416108
chr11	-17	158	50644.0	0.3119816760129531
chr11	-16	88	51185.0	0.171925368760379
chr11	-15	95	51763.0	0.18352877538009774
chr11	-14	123	52387.0	0.23479107412144234
chr11	-13	192	52932.0	0.36272953978689637
chr11	-12	170	53592.0	0.31721152410807585
chr11	-11	176	54318.0	0.3240178209801539
chr11	-10	240	54981.0	0.4365144322584166
chr11	-9	259	54997.0	0.47093477826063246
chr11	-8	186	54999.0	0.33818796705394644
chr11	-7	238	54987.0	0.432829577900231
chr11	-6	214	54989.0	0.389168742839477
chr11	-5	153	55000.0	0.2781818181818182
chr11	-4	226	54992.0	0.4109688681990108
chr11	-3	185	54955.0	0.3366390683286325
chr11	-2	180	54932.0	0.32767785625864704
chr11	-1	412	54831.0	0.7513997556127009
chr11	0	1687	52692.0	3.2016245350337815
chr11	1	687	52421.0	1.3105434844814101
chr11	2	707	52018.0	1.359144911376831
chr11	3	774	51577.0	1.5006689028055142
chr11	4	822	51098.0	1.6086735292966459
chr11	5	662	50631.0	1.3074993581007683
chr11	6	680	50184.0	1.3550135501355014
chr11	7	602	49794.0	1.2089810017271159
chr11	8	612	49375.0	1.239493670886076
chr11	9	635	48845.0	1.3000307093868357
chr11	10	594	48431.0	1.2264871673101938
chr11	11	596	47981.0	1.2421583543485963
chr11	12	546	47511.0	1.1492075519353413
chr11	13	727	47043.0	1.545394638947346
chr11	14	531	46538.0	1.1410030512699298
chr11	15	645	46012.0	1.4018082239415803
chr11	16	478	45514.0	1.0502263039943753
chr11	17	524	45014.0	1.1640822855111743
chr11	18	644	44556.0	1.445372115988868
chr11	19	608	44090.0	1.378997505103198
chr11	20	521	43633.0	1.1940503747163844
chr11	21	751	43177.0	1.7393519697987354
chr11	22	479	42707.0	1.1215959912894842
chr11	23	464	42270.0	1.0977052282942985
chr11	24	505	41799.0	1.2081628747099213
chr11	25	476	41402.0	1.1497029129027583
chr11	26	563	40935.0	1.3753511664834495
chr11	27	545	40544.0	1.34421862667719
chr11	28	408	40090.0	1.0177101521576453
chr11	29	423	39597.0	1.0682627471778166
chr11	30	449	39200.0	1.1454081632653061
chr11	31	324	38768.0	0.835740817168799
chr11	32	409	38358.0	1.0662703999165755
chr11	33	352	37942.0	0.9277318011702071
chr11	34	429	37502.0	1.1439389899205377
chr11	35	451	37036.0	1.2177340965547034
chr11	36	379	36570.0	1.0363686081487558
chr11	37	451	36112.0	1.2488923349579086
chr11	38	398	35670.0	1.1157835716288196
chr11	39	396	35225.0	1.1242015613910574
chr11	40	381	34719.0	1.0973818370344768
chr11	41	362	34299.0	1.0554243563952301
chr11	42	351	33864.0	1.0364989369241673
chr11	43	385	33414.0	1.1522116478122943
chr11	44	351	33005.0	1.0634752310256022
chr11	45	355	32546.0	1.090763841946783
chr11	46	455	32066.0	1.4189484188860475
chr11	47	361	31580.0	1.143128562381254
chr11	48	416	31137.0	1.3360310884157112
chr11	49	323	30647.0	1.0539367637941723
chr11	50	461	30230.0	1.5249751902084023
chr11	51	331	29764.0	1.112081709447655
chr11	52	363	29306.0	1.238654200505016
chr11	53	363	28871.0	1.2573170309306916
chr11	54	385	28433.0	1.3540604227482151
chr11	55	316	27998.0	1.1286520465747554
chr11	56	373	27553.0	1.3537545820781764
chr11	57	296	27100.0	1.0922509225092252
chr11	58	336	26667.0	1.2599842501968725
chr11	59	353	26200.0	1.3473282442748091
chr11	60	285	25778.0	1.1055939172938165
chr11	61	311	25361.0	1.22629233863018
chr11	62	301	24905.0	1.208592652077896
chr11	63	295	24439.0	1.207087033020991
chr11	64	227	24004.0	0.9456757207132145
chr11	65	288	23550.0	1.2229299363057324
chr11	66	265	23123.0	1.1460450633568309
chr11	67	275	22706.0	1.2111336210693209
chr11	68	313	22266.0	1.4057307105003143
chr11	69	240	21819.0	1.099958751546817
chr11	70	238	21347.0	1.1149107602941866
chr11	71	259	20822.0	1.243876668907886
chr11	72	224	20372.0	1.0995483997643825
chr11	73	208	19935.0	1.0433910208176573
chr11	74	204	19494.0	1.046475838719606
chr11	75	290	19024.0	1.524390243902439
chr11	76	195	18590.0	1.048951048951049
chr11	77	169	18097.0	0.9338564402939713
chr11	78	174	17680.0	0.9841628959276018
chr11	79	189	17212.0	1.0980711131768535
chr11	80	174	16776.0	1.0371959942775395
chr11	81	216	16318.0	1.3236916288760878
chr11	82	152	15878.0	0.9572994079858924
chr11	83	204	15393.0	1.325277723640616
chr11	84	172	14939.0	1.1513488185286833
chr11	85	162	14497.0	1.1174725805339034
chr11	86	175	14046.0	1.24590630784565
chr11	87	147	13586.0	1.081996172530546
chr11	88	163	13161.0	1.2385077121799255
chr11	89	122	12738.0	0.9577641701994034
chr11	90	127	12306.0	1.0320169023240697
chr11	91	146	11844.0	1.232691658223573
chr11	92	136	11324.0	1.2009890498057225
chr11	93	110	10843.0	1.0144793876233515
chr11	94	157	10399.0	1.5097605538994134
chr11	95	107	9987.0	1.07139281065385
chr11	96	116	9483.0	1.2232415902140672
chr11	97	96	9054.0	1.0603048376408217
chr11	98	96	8509.0	1.128217181807498
chr11	99	84	8080.0	1.0396039603960396
chr11	100	103	7602.0	1.354906603525388
chr11	101	87	7117.0	1.2224251791485177
chr11	102	67	6651.0	1.007367313185987
chr11	103	69	6160.0	1.12012987012987
chr11	104	61	5634.0	1.0827121050763224
chr11	105	37	5146.0	0.7190050524679362
chr11	106	53	4618.0	1.147682979644868
chr11	107	44	4130.0	1.0653753026634383
chr11	108	38	3673.0	1.0345766403484888
chr11	109	22	3117.0	0.7058068655758742
chr11	110	25	2669.0	0.9366804046459348
chr11	111	14	2244.0	0.6238859180035651
chr11	112	13	1839.0	0.7069059271343121
chr11	113	5	1423.0	0.35137034434293746
chr11	114	6	1044.0	0.5747126436781609
chr11	115	9	683.0	1.3177159590043925
chr11	116	4	385.0	1.0389610389610389
chr11	117	2	133.0	1.5037593984962405
chr11	118	0	0.0	nan
chr11	119	0	0.0	nan
chr11	120	0	0.0	nan
chr11	121	0	0.0	nan
chr11	122	0	0.0	nan
chr11	123	0	0.0	nan
chr11	124	0	0.0	nan
chr11	125	0	0.0	nan
chr11	126	0	0.0	nan
chr11	127	0	0.0	nan
chr11	128	0	0.0	nan
chr11	129	0	0.0	nan
chr11	130	0	0.0	nan
chr11	131	0	0.0	nan
chr11	132	0	0.0	nan
chr11	133	0	0.0	nan
chr11	134	0	0.0	nan
chr11	135	0	0.0	nan
chr11	136	0	0.0	nan
chr11	137	0	0.0	nan
chr11	138	0	0.0	nan
chr11	139	0	0.0	nan
chr11	140	0	0.0	nan
chr11	141	0	0.0	nan
chr12	-132	0	1.0	0.0
chr12	-131	0	1.0	0.0
chr12	-130	0	3.0	0.0
chr12	-129	0	56.0	0.0
chr12	-128	1	124.0	0.8064516129032258
chr12	-127	0	197.0	0.0
chr12	-126	1	272.0	0.3676470588235294
chr12	-125	0	404.0	0.0
chr12	-124	0	515.0	0.0
chr12	-123	1	623.0	0.16051364365971107
chr12	-122	4	752.0	0.5319148936170213
chr12	-121	1	893.0	0.11198208286674133
chr12	-120	1	1021.0	0.0979431929480901
chr12	-119	1	1164.0	0.0859106529209622
chr12	-118	0	1304.0	0.0
chr12	-117	5	1423.0	0.35137034434293746
chr12	-116	2	1589.0	0.12586532410320958
chr12	-115	3	1734.0	0.17301038062283738
chr12	-114	2	1901.0	0.10520778537611783
chr12	-113	4	2069.0	0.1933301111648139
chr12	-112	3	2274.0	0.13192612137203166
chr12	-111	3	2461.0	0.12190166598943519
chr12	-110	5	2614.0	0.1912777352716144
chr12	-109	2	2786.0	0.07178750897343862
chr12	-108	0	2988.0	0.0
chr12	-107	7	3149.0	0.22229279136233726
chr12	-106	6	3313.0	0.18110473890733475
chr12	-105	4	3489.0	0.11464603038119806
chr12	-104	5	3634.0	0.13758943313153552
chr12	-103	7	3793.0	0.18455048774057475
chr12	-102	2	3963.0	0.05046681806712087
chr12	-101	7	4128.0	0.1695736434108527
chr12	-100	3	4286.0	0.0699953336444237
chr12	-99	13	4477.0	0.2903730176457449
chr12	-98	7	4634.0	0.1510574018126888
chr12	-97	5	4803.0	0.10410160316468875
chr12	-96	3	4973.0	0.06032575909913533
chr12	-95	16	5126.0	0.3121342177136169
chr12	-94	8	5331.0	0.15006565372350403
chr12	-93	27	5507.0	0.49028509170147083
chr12	-92	17	5676.0	0.29950669485553205
chr12	-91	10	5850.0	0.17094017094017094
chr12	-90	14	6020.0	0.23255813953488372
chr12	-89	4	6188.0	0.06464124111182934
chr12	-88	18	6404.0	0.2810743285446596
chr12	-87	22	6589.0	0.333889816360601
chr12	-86	21	6754.0	0.3109268581581285
chr12	-85	7	6926.0	0.10106843777071904
chr12	-84	37	7108.0	0.5205402363534046
chr12	-83	48	7252.0	0.6618863761720905
chr12	-82	20	7418.0	0.26961445133459155
chr12	-81	22	7593.0	0.28974055050704595
chr12	-80	23	7738.0	0.29723442750064616
chr12	-79	6	7894.0	0.07600709399543958
chr12	-78	37	8086.0	0.45758100420479847
chr12	-77	18	8260.0	0.2179176755447942
chr12	-76	18	8465.0	0.212640283520378
chr12	-75	14	8662.0	0.16162549064881088
chr12	-74	8	8808.0	0.09082652134423251
chr12	-73	11	8976.0	0.12254901960784313
chr12	-72	21	9149.0	0.22953328232593728
chr12	-71	13	9316.0	0.1395448690425075
chr12	-70	25	9503.0	0.26307481847837527
chr12	-69	29	9681.0	0.29955583100919325
chr12	-68	20	9877.0	0.20249063480814014
chr12	-67	10	10073.0	0.09927529038022437
chr12	-66	13	10252.0	0.12680452594615685
chr12	-65	32	10434.0	0.30668966839179607
chr12	-64	12	10612.0	0.11307953260459858
chr12	-63	19	10797.0	0.1759748078169862
chr12	-62	33	10959.0	0.3011223651793047
chr12	-61	18	11120.0	0.1618705035971223
chr12	-60	7	11288.0	0.06201275690999291
chr12	-59	11	11451.0	0.09606147934678194
chr12	-58	32	11602.0	0.27581451473883817
chr12	-57	18	11770.0	0.15293118096856415
chr12	-56	43	11942.0	0.36007368949924634
chr12	-55	12	12092.0	0.09923916639100232
chr12	-54	18	12271.0	0.14668731154755113
chr12	-53	54	12430.0	0.4344328238133548
chr12	-52	15	12621.0	0.11884953648680771
chr12	-51	40	12789.0	0.3127687856751896
chr12	-50	32	12997.0	0.24621066399938446
chr12	-49	28	13187.0	0.2123303253203913
chr12	-48	31	13360.0	0.2320359281437126
chr12	-47	17	13508.0	0.1258513473497187
chr12	-46	46	13664.0	0.3366510538641686
chr12	-45	54	13855.0	0.38975099242150846
chr12	-44	17	14016.0	0.12128995433789953
chr12	-43	44	14179.0	0.3103180760279286
chr12	-42	16	14353.0	0.11147495297150421
chr12	-41	44	14534.0	0.3027384064951149
chr12	-40	12	14701.0	0.08162710019726549
chr12	-39	13	14898.0	0.08726003490401396
chr12	-38	35	15092.0	0.2319109461966605
chr12	-37	54	15220.0	0.354796320630749
chr12	-36	21	15375.0	0.13658536585365852
chr12	-35	62	15597.0	0.39751234211707376
chr12	-34	19	15767.0	0.12050485190587938
chr12	-33	36	15943.0	0.2258044282757323
chr12	-32	20	16131.0	0.12398487384539086
chr12	-31	32	16253.0	0.19688672860395
chr12	-30	37	16413.0	0.22543106074453179
chr12	-29	62	16579.0	0.3739670667712166
chr12	-28	44	16757.0	0.26257683356209344
chr12	-27	23	16923.0	0.135909708680494
chr12	-26	29	17135.0	0.16924423694193172
chr12	-25	63	17339.0	0.3633427533306419
chr12	-24	18	17530.0	0.10268111808328578
chr12	-23	61	17745.0	0.3437588052972668
chr12	-22	25	17939.0	0.1393611684040359
chr12	-21	22	18152.0	0.12119876597620097
chr12	-20	20	18356.0	0.10895619960775767
chr12	-19	19	18569.0	0.10232107275566805
chr12	-18	68	18779.0	0.3621066084456041
chr12	-17	85	18937.0	0.44885673549136607
chr12	-16	31	19151.0	0.1618714427445042
chr12	-15	34	19354.0	0.17567427921876616
chr12	-14	38	19571.0	0.19416483572632978
chr12	-13	45	19775.0	0.2275600505689001
chr12	-12	49	20011.0	0.24486532407176054
chr12	-11	71	20227.0	0.3510159687546349
chr12	-10	29	20464.0	0.14171227521501173
chr12	-9	55	20466.0	0.2687383953874719
chr12	-8	32	20467.0	0.15634924512630088
chr12	-7	62	20467.0	0.30292666243220795
chr12	-6	109	20468.0	0.5325385968340824
chr12	-5	80	20467.0	0.3908731128157522
chr12	-4	81	20446.0	0.39616550914604326
chr12	-3	53	20445.0	0.25923208608461723
chr12	-2	53	20443.0	0.25925744753705426
chr12	-1	123	20365.0	0.6039774122268599
chr12	0	656	19616.0	3.3442088091353996
chr12	1	225	19567.0	1.1498952317677722
chr12	2	226	19403.0	1.1647683347935887
chr12	3	302	19264.0	1.5676910299003322
chr12	4	301	19142.0	1.572458468289625
chr12	5	210	18956.0	1.1078286558345642
chr12	6	217	18814.0	1.1533964069310088
chr12	7	195	18631.0	1.0466426922870484
chr12	8	169	18493.0	0.9138592981127994
chr12	9	175	18295.0	0.95654550423613
chr12	10	205	18154.0	1.129227718409166
chr12	11	233	17987.0	1.2953799966642576
chr12	12	181	17813.0	1.0161118284399033
chr12	13	278	17649.0	1.5751600657261036
chr12	14	190	17466.0	1.0878277796862477
chr12	15	226	17325.0	1.3044733044733046
chr12	16	218	17138.0	1.272027074337729
chr12	17	218	16956.0	1.2856805850436424
chr12	18	267	16777.0	1.591464504977052
chr12	19	194	16587.0	1.1695906432748537
chr12	20	160	16412.0	0.9748964172556666
chr12	21	245	16279.0	1.505006450027643
chr12	22	160	16122.0	0.9924327006574866
chr12	23	137	15949.0	0.8589880243275441
chr12	24	190	15802.0	1.2023794456397923
chr12	25	160	15625.0	1.024
chr12	26	211	15435.0	1.3670229996760608
chr12	27	147	15297.0	0.9609727397528927
chr12	28	206	15133.0	1.3612634639529504
chr12	29	178	14951.0	1.1905558156645042
chr12	30	176	14782.0	1.1906372615342986
chr12	31	128	14611.0	0.8760522893710219
chr12	32	114	14445.0	0.7892004153686396
chr12	33	147	14259.0	1.0309278350515463
chr12	34	175	14089.0	1.2421037688977217
chr12	35	174	13864.0	1.2550490478938259
chr12	36	158	13691.0	1.1540428018406252
chr12	37	141	13540.0	1.0413589364844904
chr12	38	130	13364.0	0.9727626459143969
chr12	39	135	13145.0	1.0270064663370102
chr12	40	158	12970.0	1.2181958365458752
chr12	41	107	12806.0	0.8355458378884897
chr12	42	139	12646.0	1.0991617902894195
chr12	43	153	12464.0	1.2275353016688062
chr12	44	147	12288.0	1.1962890625
chr12	45	185	12137.0	1.5242646452994975
chr12	46	123	11979.0	1.0267968945654895
chr12	47	191	11837.0	1.6135845231055168
chr12	48	113	11668.0	0.9684607473431608
chr12	49	143	11481.0	1.2455361031269052
chr12	50	123	11308.0	1.0877255040679166
chr12	51	126	11110.0	1.134113411341134
chr12	52	146	10965.0	1.3315093479252167
chr12	53	130	10802.0	1.2034808368820589
chr12	54	125	10632.0	1.175696012039127
chr12	55	103	10454.0	0.9852687966328677
chr12	56	151	10284.0	1.4683002722676002
chr12	57	129	10112.0	1.2757120253164558
chr12	58	125	9950.0	1.256281407035176
chr12	59	121	9757.0	1.2401352874859075
chr12	60	107	9581.0	1.116793654107087
chr12	61	99	9422.0	1.0507323285926555
chr12	62	85	9233.0	0.9206108523773422
chr12	63	112	9073.0	1.2344318307064919
chr12	64	107	8890.0	1.2035995500562429
chr12	65	104	8752.0	1.1882998171846435
chr12	66	88	8587.0	1.024804937696518
chr12	67	91	8434.0	1.0789660896371829
chr12	68	117	8252.0	1.4178380998545808
chr12	69	96	8082.0	1.1878247958426131
chr12	70	85	7936.0	1.0710685483870968
chr12	71	97	7770.0	1.2483912483912485
chr12	72	84	7593.0	1.1062821019359936
chr12	73	85	7413.0	1.1466342911102119
chr12	74	82	7269.0	1.1280781400467739
chr12	75	76	7118.0	1.0677156504636134
chr12	76	78	6945.0	1.123110151187905
chr12	77	90	6770.0	1.329394387001477
chr12	78	61	6575.0	0.9277566539923954
chr12	79	83	6408.0	1.2952559300873907
chr12	80	62	6225.0	0.995983935742972
chr12	81	86	6087.0	1.4128470510924922
chr12	82	99	5944.0	1.6655450874831765
chr12	83	76	5784.0	1.313969571230982
chr12	84	56	5591.0	1.0016097299230908
chr12	85	68	5447.0	1.2483936111621077
chr12	86	89	5251.0	1.694915254237288
chr12	87	68	5065.0	1.3425468904244817
chr12	88	65	4912.0	1.3232899022801303
chr12	89	54	4748.0	1.1373209772535804
chr12	90	41	4587.0	0.8938303902332679
chr12	91	79	4449.0	1.7756799280737243
chr12	92	58	4249.0	1.36502706519181
chr12	93	46	4063.0	1.1321683485109524
chr12	94	47	3888.0	1.2088477366255144
chr12	95	40	3722.0	1.07469102632993
chr12	96	28	3551.0	0.7885102787947058
chr12	97	52	3427.0	1.517362124306974
chr12	98	32	3242.0	0.987045033929673
chr12	99	28	3063.0	0.9141364675155077
chr12	100	32	2888.0	1.10803324099723
chr12	101	35	2674.0	1.3089005235602094
chr12	102	26	2479.0	1.0488100040338848
chr12	103	25	2260.0	1.1061946902654867
chr12	104	20	2038.0	0.9813542688910697
chr12	105	12	1820.0	0.6593406593406593
chr12	106	21	1655.0	1.2688821752265862
chr12	107	14	1472.0	0.9510869565217392
chr12	108	16	1291.0	1.2393493415956625
chr12	109	6	1117.0	0.5371530886302597
chr12	110	10	967.0	1.0341261633919339
chr12	111	5	807.0	0.6195786864931847
chr12	112	5	627.0	0.7974481658692184
chr12	113	3	479.0	0.6263048016701461
chr12	114	0	334.0	0.0
chr12	115	4	209.0	1.9138755980861244
chr12	116	3	117.0	2.564102564102564
chr12	117	0	51.0	0.0
chr12	118	0	0.0	nan
chr12	119	0	0.0	nan
chr12	120	0	0.0	nan
chr12	121	0	0.0	nan
chr12	122	0	0.0	nan
chr12	123	0	0.0	nan
chr12	124	0	0.0	nan
chr12	125	0	0.0	nan
chr12	126	0	0.0	nan
chr12	127	0	0.0	nan
chr12	128	0	0.0	nan
chr12	129	0	0.0	nan
chr12	130	0	0.0	nan
chr12	131	0	0.0	nan
chr12	132	0	0.0	nan
chr13	-129	0	10.0	0.0
chr13	-128	0	12.0	0.0
chr13	-127	0	15.0	0.0
chr13	-126	0	30.0	0.0
chr13	-125	0	44.0	0.0
chr13	-124	0	58.0	0.0
chr13	-123	0	66.0	0.0
chr13	-122	4	72.0	5.555555555555555
chr13	-121	0	86.0	0.0
chr13	-120	0	99.0	0.0
chr13	-119	0	119.0	0.0
chr13	-118	0	147.0	0.0
chr13	-117	0	158.0	0.0
chr13	-116	0	171.0	0.0
chr13	-115	0	185.0	0.0
chr13	-114	0	195.0	0.0
chr13	-113	1	205.0	0.4878048780487805
chr13	-112	0	222.0	0.0
chr13	-111	0	232.0	0.0
chr13	-110	3	244.0	1.2295081967213115
chr13	-109	0	258.0	0.0
chr13	-108	0	278.0	0.0
chr13	-107	0	298.0	0.0
chr13	-106	0	312.0	0.0
chr13	-105	0	322.0	0.0
chr13	-104	0	334.0	0.0
chr13	-103	1	349.0	0.28653295128939826
chr13	-102	2	363.0	0.5509641873278237
chr13	-101	0	378.0	0.0
chr13	-100	0	387.0	0.0
chr13	-99	0	406.0	0.0
chr13	-98	2	418.0	0.4784688995215311
chr13	-97	1	434.0	0.2304147465437788
chr13	-96	0	448.0	0.0
chr13	-95	0	463.0	0.0
chr13	-94	0	474.0	0.0
chr13	-93	1	484.0	0.2066115702479339
chr13	-92	0	494.0	0.0
chr13	-91	8	505.0	1.5841584158415842
chr13	-90	0	513.0	0.0
chr13	-89	0	549.0	0.0
chr13	-88	4	567.0	0.7054673721340388
chr13	-87	0	589.0	0.0
chr13	-86	0	603.0	0.0
chr13	-85	1	623.0	0.16051364365971107
chr13	-84	1	636.0	0.15723270440251574
chr13	-83	0	662.0	0.0
chr13	-82	0	675.0	0.0
chr13	-81	0	694.0	0.0
chr13	-80	0	708.0	0.0
chr13	-79	1	723.0	0.13831258644536654
chr13	-78	2	738.0	0.27100271002710025
chr13	-77	0	748.0	0.0
chr13	-76	0	767.0	0.0
chr13	-75	0	782.0	0.0
chr13	-74	11	791.0	1.390644753476612
chr13	-73	2	809.0	0.2472187886279357
chr13	-72	0	817.0	0.0
chr13	-71	1	835.0	0.11976047904191617
chr13	-70	0	852.0	0.0
chr13	-69	0	862.0	0.0
chr13	-68	1	876.0	0.1141552511415525
chr13	-67	2	886.0	0.2257336343115124
chr13	-66	1	905.0	0.11049723756906078
chr13	-65	1	928.0	0.10775862068965517
chr13	-64	1	941.0	0.10626992561105207
chr13	-63	6	958.0	0.6263048016701461
chr13	-62	0	974.0	0.0
chr13	-61	4	992.0	0.4032258064516129
chr13	-60	1	1007.0	0.09930486593843098
chr13	-59	2	1025.0	0.1951219512195122
chr13	-58	2	1039.0	0.192492781520693
chr13	-57	1	1057.0	0.0946073793755913
chr13	-56	0	1069.0	0.0
chr13	-55	1	1075.0	0.09302325581395349
chr13	-54	1	1093.0	0.09149130832570906
chr13	-53	4	1113.0	0.3593890386343217
chr13	-52	24	1140.0	2.1052631578947367
chr13	-51	2	1151.0	0.1737619461337967
chr13	-50	2	1177.0	0.16992353440951571
chr13	-49	2	1186.0	0.16863406408094433
chr13	-48	2	1198.0	0.1669449081803005
chr13	-47	0	1220.0	0.0
chr13	-46	2	1243.0	0.16090104585679807
chr13	-45	3	1262.0	0.2377179080824089
chr13	-44	1	1282.0	0.078003120124805
chr13	-43	3	1302.0	0.2304147465437788
chr13	-42	14	1322.0	1.059001512859304
chr13	-41	1	1335.0	0.0749063670411985
chr13	-40	2	1348.0	0.1483679525222552
chr13	-39	4	1362.0	0.2936857562408223
chr13	-38	1	1388.0	0.07204610951008646
chr13	-37	3	1404.0	0.2136752136752137
chr13	-36	4	1420.0	0.28169014084507044
chr13	-35	2	1437.0	0.13917884481558804
chr13	-34	2	1456.0	0.13736263736263737
chr13	-33	2	1467.0	0.136332651670075
chr13	-32	9	1476.0	0.6097560975609756
chr13	-31	1	1488.0	0.06720430107526883
chr13	-30	14	1508.0	0.9283819628647214
chr13	-29	3	1523.0	0.1969796454366382
chr13	-28	0	1538.0	0.0
chr13	-27	2	1554.0	0.1287001287001287
chr13	-26	14	1571.0	0.8911521323997454
chr13	-25	5	1594.0	0.3136762860727729
chr13	-24	7	1608.0	0.43532338308457713
chr13	-23	0	1622.0	0.0
chr13	-22	2	1638.0	0.1221001221001221
chr13	-21	0	1660.0	0.0
chr13	-20	1	1682.0	0.05945303210463733
chr13	-19	2	1699.0	0.11771630370806356
chr13	-18	12	1713.0	0.7005253940455342
chr13	-17	16	1725.0	0.927536231884058
chr13	-16	2	1740.0	0.11494252873563218
chr13	-15	3	1753.0	0.17113519680547634
chr13	-14	1	1770.0	0.05649717514124294
chr13	-13	5	1783.0	0.28042624789680315
chr13	-12	14	1795.0	0.7799442896935933
chr13	-11	2	1815.0	0.11019283746556473
chr13	-10	19	1834.0	1.0359869138495092
chr13	-9	2	1836.0	0.10893246187363835
chr13	-8	2	1836.0	0.10893246187363835
chr13	-7	37	1836.0	2.0152505446623095
chr13	-6	3	1836.0	0.16339869281045752
chr13	-5	4	1836.0	0.2178649237472767
chr13	-4	5	1833.0	0.27277686852154936
chr13	-3	16	1831.0	0.8738394320043691
chr13	-2	5	1832.0	0.2729257641921397
chr13	-1	17	1822.0	0.9330406147091108
chr13	0	60	1750.0	3.428571428571429
chr13	1	37	1751.0	2.11307824100514
chr13	2	21	1729.0	1.214574898785425
chr13	3	17	1708.0	0.9953161592505856
chr13	4	23	1697.0	1.3553329404832055
chr13	5	20	1690.0	1.183431952662722
chr13	6	42	1681.0	2.498512790005949
chr13	7	15	1673.0	0.8965929468021518
chr13	8	20	1650.0	1.2121212121212122
chr13	9	33	1626.0	2.029520295202952
chr13	10	14	1609.0	0.870105655686762
chr13	11	32	1595.0	2.0062695924764893
chr13	12	15	1587.0	0.945179584120983
chr13	13	16	1573.0	1.0171646535282899
chr13	14	19	1565.0	1.2140575079872205
chr13	15	11	1551.0	0.7092198581560284
chr13	16	19	1534.0	1.2385919165580181
chr13	17	34	1521.0	2.235371466140697
chr13	18	17	1507.0	1.1280690112806901
chr13	19	13	1488.0	0.8736559139784945
chr13	20	16	1470.0	1.0884353741496597
chr13	21	23	1455.0	1.5807560137457044
chr13	22	11	1447.0	0.7601935038009675
chr13	23	16	1429.0	1.119664100769769
chr13	24	12	1412.0	0.84985835694051
chr13	25	25	1394.0	1.7934002869440457
chr13	26	18	1383.0	1.3015184381778742
chr13	27	17	1373.0	1.2381646030589948
chr13	28	32	1361.0	2.351212343864805
chr13	29	28	1348.0	2.0771513353115725
chr13	30	14	1334.0	1.0494752623688157
chr13	31	25	1318.0	1.896813353566009
chr13	32	23	1311.0	1.7543859649122806
chr13	33	11	1296.0	0.8487654320987654
chr13	34	13	1277.0	1.0180109631949883
chr13	35	18	1267.0	1.420678768745067
chr13	36	13	1256.0	1.0350318471337578
chr13	37	20	1234.0	1.6207455429497568
chr13	38	15	1213.0	1.2366034624896949
chr13	39	22	1196.0	1.839464882943144
chr13	40	12	1183.0	1.0143702451394758
chr13	41	28	1160.0	2.413793103448276
chr13	42	18	1142.0	1.5761821366024518
chr13	43	10	1131.0	0.8841732979664014
chr13	44	11	1115.0	0.9865470852017937
chr13	45	20	1102.0	1.8148820326678767
chr13	46	8	1082.0	0.7393715341959335
chr13	47	12	1071.0	1.1204481792717087
chr13	48	13	1055.0	1.2322274881516588
chr13	49	9	1042.0	0.8637236084452975
chr13	50	16	1028.0	1.556420233463035
chr13	51	15	1011.0	1.483679525222552
chr13	52	6	996.0	0.6024096385542169
chr13	53	14	984.0	1.4227642276422763
chr13	54	13	971.0	1.3388259526261586
chr13	55	14	960.0	1.4583333333333333
chr13	56	8	944.0	0.847457627118644
chr13	57	12	930.0	1.2903225806451613
chr13	58	3	918.0	0.32679738562091504
chr13	59	2	905.0	0.22099447513812157
chr13	60	5	896.0	0.5580357142857143
chr13	61	9	877.0	1.0262257696693273
chr13	62	14	860.0	1.627906976744186
chr13	63	18	847.0	2.125147579693034
chr13	64	11	829.0	1.3268998793727382
chr13	65	13	811.0	1.6029593094944512
chr13	66	7	802.0	0.8728179551122194
chr13	67	13	783.0	1.6602809706257982
chr13	68	12	759.0	1.5810276679841897
chr13	69	6	739.0	0.8119079837618403
chr13	70	14	729.0	1.9204389574759946
chr13	71	12	718.0	1.6713091922005572
chr13	72	1	706.0	0.141643059490085
chr13	73	25	687.0	3.6390101892285296
chr13	74	12	664.0	1.8072289156626504
chr13	75	2	652.0	0.3067484662576687
chr13	76	3	630.0	0.4761904761904762
chr13	77	4	616.0	0.6493506493506493
chr13	78	5	603.0	0.8291873963515755
chr13	79	4	594.0	0.6734006734006733
chr13	80	10	574.0	1.7421602787456445
chr13	81	4	554.0	0.7220216606498195
chr13	82	7	540.0	1.2962962962962963
chr13	83	6	516.0	1.1627906976744187
chr13	84	1	494.0	0.20242914979757085
chr13	85	2	475.0	0.42105263157894735
chr13	86	7	451.0	1.5521064301552108
chr13	87	8	436.0	1.834862385321101
chr13	88	5	425.0	1.1764705882352942
chr13	89	3	409.0	0.7334963325183375
chr13	90	8	393.0	2.035623409669211
chr13	91	2	383.0	0.5221932114882507
chr13	92	5	366.0	1.366120218579235
chr13	93	6	353.0	1.69971671388102
chr13	94	5	331.0	1.5105740181268883
chr13	95	9	318.0	2.8301886792452833
chr13	96	1	295.0	0.3389830508474576
chr13	97	2	287.0	0.6968641114982579
chr13	98	1	265.0	0.37735849056603776
chr13	99	2	255.0	0.7843137254901961
chr13	100	1	232.0	0.43103448275862066
chr13	101	2	221.0	0.904977375565611
chr13	102	1	202.0	0.49504950495049505
chr13	103	1	181.0	0.5524861878453038
chr13	104	0	169.0	0.0
chr13	105	0	152.0	0.0
chr13	106	1	134.0	0.7462686567164178
chr13	107	3	112.0	2.6785714285714284
chr13	108	0	99.0	0.0
chr13	109	4	90.0	4.444444444444445
chr13	110	0	82.0	0.0
chr13	111	1	67.0	1.4925373134328357
chr13	112	3	54.0	5.555555555555555
chr13	113	0	47.0	0.0
chr13	114	1	36.0	2.7777777777777777
chr13	115	0	24.0	0.0
chr13	116	0	17.0	0.0
chr13	117	0	8.0	0.0
chr13	118	0	0.0	nan
chr13	119	0	0.0	nan
chr13	120	0	0.0	nan
chr13	121	0	0.0	nan
chr13	122	0	0.0	nan
chr13	123	0	0.0	nan
chr13	124	0	0.0	nan
chr13	125	0	0.0	nan
chr13	126	0	0.0	nan
chr13	127	0	0.0	nan
chr13	128	0	0.0	nan
chr14	-130	0	1.0	0.0
chr14	-129	0	6.0	0.0
chr14	-128	0	6.0	0.0
chr14	-127	0	10.0	0.0
chr14	-126	0	13.0	0.0
chr14	-125	0	18.0	0.0
chr14	-124	0	31.0	0.0
chr14	-123	0	37.0	0.0
chr14	-122	0	44.0	0.0
chr14	-121	0	47.0	0.0
chr14	-120	0	49.0	0.0
chr14	-119	0	54.0	0.0
chr14	-118	0	61.0	0.0
chr14	-117	0	62.0	0.0
chr14	-116	1	69.0	1.4492753623188406
chr14	-115	0	75.0	0.0
chr14	-114	0	78.0	0.0
chr14	-113	0	89.0	0.0
chr14	-112	0	96.0	0.0
chr14	-111	0	112.0	0.0
chr14	-110	0	121.0	0.0
chr14	-109	0	132.0	0.0
chr14	-108	0	134.0	0.0
chr14	-107	0	138.0	0.0
chr14	-106	0	143.0	0.0
chr14	-105	0	154.0	0.0
chr14	-104	0	167.0	0.0
chr14	-103	0	176.0	0.0
chr14	-102	0	187.0	0.0
chr14	-101	0	193.0	0.0
chr14	-100	0	206.0	0.0
chr14	-99	0	214.0	0.0
chr14	-98	0	220.0	0.0
chr14	-97	0	231.0	0.0
chr14	-96	0	238.0	0.0
chr14	-95	1	235.0	0.425531914893617
chr14	-94	2	254.0	0.7874015748031495
chr14	-93	0	259.0	0.0
chr14	-92	0	267.0	0.0
chr14	-91	7	273.0	2.564102564102564
chr14	-90	0	278.0	0.0
chr14	-89	0	286.0	0.0
chr14	-88	1	294.0	0.3401360544217687
chr14	-87	1	299.0	0.33444816053511706
chr14	-86	0	307.0	0.0
chr14	-85	0	311.0	0.0
chr14	-84	0	321.0	0.0
chr14	-83	0	327.0	0.0
chr14	-82	1	331.0	0.3021148036253776
chr14	-81	0	342.0	0.0
chr14	-80	5	350.0	1.4285714285714286
chr14	-79	0	358.0	0.0
chr14	-78	1	369.0	0.27100271002710025
chr14	-77	1	381.0	0.26246719160104987
chr14	-76	14	394.0	3.5532994923857872
chr14	-75	9	398.0	2.261306532663317
chr14	-74	1	410.0	0.24390243902439024
chr14	-73	2	418.0	0.4784688995215311
chr14	-72	1	425.0	0.2352941176470588
chr14	-71	0	442.0	0.0
chr14	-70	1	449.0	0.22271714922048996
chr14	-69	1	455.0	0.21978021978021978
chr14	-68	1	463.0	0.21598272138228944
chr14	-67	1	472.0	0.211864406779661
chr14	-66	1	479.0	0.20876826722338201
chr14	-65	0	483.0	0.0
chr14	-64	0	494.0	0.0
chr14	-63	3	509.0	0.5893909626719057
chr14	-62	0	511.0	0.0
chr14	-61	1	522.0	0.19157088122605362
chr14	-60	0	522.0	0.0
chr14	-59	2	528.0	0.3787878787878788
chr14	-58	1	537.0	0.186219739292365
chr14	-57	1	546.0	0.18315018315018314
chr14	-56	1	551.0	0.18148820326678766
chr14	-55	2	554.0	0.36101083032490977
chr14	-54	3	556.0	0.539568345323741
chr14	-53	1	569.0	0.17574692442882248
chr14	-52	0	581.0	0.0
chr14	-51	0	582.0	0.0
chr14	-50	3	599.0	0.5008347245409015
chr14	-49	0	607.0	0.0
chr14	-48	3	616.0	0.487012987012987
chr14	-47	2	622.0	0.3215434083601286
chr14	-46	0	634.0	0.0
chr14	-45	9	645.0	1.3953488372093024
chr14	-44	1	655.0	0.15267175572519084
chr14	-43	1	666.0	0.15015015015015015
chr14	-42	2	674.0	0.2967359050445104
chr14	-41	0	681.0	0.0
chr14	-40	0	688.0	0.0
chr14	-39	1	705.0	0.14184397163120568
chr14	-38	2	717.0	0.2789400278940028
chr14	-37	3	722.0	0.41551246537396125
chr14	-36	0	730.0	0.0
chr14	-35	1	737.0	0.13568521031207598
chr14	-34	2	742.0	0.2695417789757413
chr14	-33	2	747.0	0.2677376171352075
chr14	-32	0	756.0	0.0
chr14	-31	3	760.0	0.39473684210526316
chr14	-30	1	763.0	0.1310615989515072
chr14	-29	10	770.0	1.2987012987012987
chr14	-28	3	773.0	0.38809831824062097
chr14	-27	0	783.0	0.0
chr14	-26	13	790.0	1.6455696202531647
chr14	-25	3	796.0	0.37688442211055273
chr14	-24	3	809.0	0.3708281829419036
chr14	-23	1	818.0	0.12224938875305623
chr14	-22	2	825.0	0.24242424242424243
chr14	-21	0	839.0	0.0
chr14	-20	0	847.0	0.0
chr14	-19	1	852.0	0.11737089201877934
chr14	-18	2	858.0	0.2331002331002331
chr14	-17	0	867.0	0.0
chr14	-16	2	875.0	0.2285714285714286
chr14	-15	0	886.0	0.0
chr14	-14	0	900.0	0.0
chr14	-13	1	917.0	0.10905125408942204
chr14	-12	2	924.0	0.21645021645021645
chr14	-11	2	930.0	0.21505376344086022
chr14	-10	1	942.0	0.10615711252653928
chr14	-9	7	942.0	0.743099787685775
chr14	-8	2	942.0	0.21231422505307856
chr14	-7	4	942.0	0.42462845010615713
chr14	-6	9	942.0	0.9554140127388535
chr14	-5	7	942.0	0.743099787685775
chr14	-4	1	942.0	0.10615711252653928
chr14	-3	3	942.0	0.3184713375796179
chr14	-2	5	942.0	0.5307855626326964
chr14	-1	12	942.0	1.2738853503184715
chr14	0	43	918.0	4.684095860566448
chr14	1	15	909.0	1.65016501650165
chr14	2	11	900.0	1.2222222222222223
chr14	3	19	892.0	2.130044843049327
chr14	4	13	878.0	1.4806378132118452
chr14	5	16	873.0	1.8327605956471937
chr14	6	16	869.0	1.8411967779056386
chr14	7	9	865.0	1.0404624277456647
chr14	8	12	862.0	1.3921113689095126
chr14	9	10	852.0	1.1737089201877933
chr14	10	19	842.0	2.2565320665083135
chr14	11	11	839.0	1.3110846245530394
chr14	12	12	832.0	1.4423076923076923
chr14	13	25	827.0	3.0229746070133015
chr14	14	11	818.0	1.3447432762836184
chr14	15	12	799.0	1.5018773466833542
chr14	16	10	791.0	1.2642225031605563
chr14	17	16	782.0	2.0460358056265986
chr14	18	9	773.0	1.1642949547218628
chr14	19	16	762.0	2.099737532808399
chr14	20	15	754.0	1.989389920424403
chr14	21	8	753.0	1.0624169986719787
chr14	22	13	749.0	1.7356475300400533
chr14	23	7	740.0	0.945945945945946
chr14	24	10	731.0	1.3679890560875512
chr14	25	23	720.0	3.194444444444444
chr14	26	7	709.0	0.9873060648801129
chr14	27	10	700.0	1.4285714285714286
chr14	28	7	689.0	1.0159651669085632
chr14	29	6	679.0	0.8836524300441826
chr14	30	3	673.0	0.44576523031203563
chr14	31	5	670.0	0.7462686567164178
chr14	32	7	664.0	1.0542168674698795
chr14	33	8	657.0	1.21765601217656
chr14	34	13	648.0	2.006172839506173
chr14	35	11	643.0	1.7107309486780715
chr14	36	10	631.0	1.5847860538827259
chr14	37	8	622.0	1.2861736334405145
chr14	38	8	618.0	1.2944983818770228
chr14	39	8	603.0	1.3266998341625207
chr14	40	7	593.0	1.1804384485666104
chr14	41	7	585.0	1.1965811965811968
chr14	42	9	584.0	1.5410958904109588
chr14	43	7	571.0	1.2259194395796849
chr14	44	13	562.0	2.3131672597864767
chr14	45	10	556.0	1.7985611510791366
chr14	46	11	549.0	2.0036429872495445
chr14	47	3	538.0	0.5576208178438662
chr14	48	9	525.0	1.7142857142857144
chr14	49	10	520.0	1.9230769230769231
chr14	50	10	506.0	1.9762845849802373
chr14	51	10	503.0	1.9880715705765408
chr14	52	2	494.0	0.4048582995951417
chr14	53	7	490.0	1.4285714285714286
chr14	54	7	476.0	1.4705882352941175
chr14	55	9	469.0	1.9189765458422177
chr14	56	3	464.0	0.646551724137931
chr14	57	9	454.0	1.9823788546255507
chr14	58	2	445.0	0.44943820224719105
chr14	59	7	437.0	1.6018306636155606
chr14	60	6	434.0	1.3824884792626728
chr14	61	3	430.0	0.6976744186046512
chr14	62	21	423.0	4.964539007092199
chr14	63	7	415.0	1.6867469879518073
chr14	64	10	399.0	2.506265664160401
chr14	65	7	386.0	1.8134715025906734
chr14	66	6	380.0	1.5789473684210527
chr14	67	6	375.0	1.6
chr14	68	3	370.0	0.8108108108108109
chr14	69	6	364.0	1.6483516483516485
chr14	70	8	350.0	2.2857142857142856
chr14	71	4	345.0	1.1594202898550725
chr14	72	4	343.0	1.1661807580174928
chr14	73	2	334.0	0.5988023952095809
chr14	74	6	323.0	1.8575851393188854
chr14	75	15	315.0	4.761904761904762
chr14	76	3	302.0	0.9933774834437087
chr14	77	3	296.0	1.0135135135135136
chr14	78	3	287.0	1.0452961672473868
chr14	79	10	283.0	3.53356890459364
chr14	80	0	276.0	0.0
chr14	81	5	264.0	1.893939393939394
chr14	82	4	258.0	1.550387596899225
chr14	83	7	247.0	2.834008097165992
chr14	84	2	232.0	0.8620689655172413
chr14	85	2	223.0	0.8968609865470852
chr14	86	1	217.0	0.4608294930875576
chr14	87	4	211.0	1.8957345971563981
chr14	88	0	201.0	0.0
chr14	89	2	192.0	1.0416666666666665
chr14	90	7	180.0	3.888888888888889
chr14	91	4	171.0	2.3391812865497075
chr14	92	4	169.0	2.366863905325444
chr14	93	1	162.0	0.6172839506172839
chr14	94	1	158.0	0.6329113924050633
chr14	95	2	155.0	1.2903225806451613
chr14	96	1	148.0	0.6756756756756757
chr14	97	1	140.0	0.7142857142857143
chr14	98	2	130.0	1.5384615384615385
chr14	99	0	119.0	0.0
chr14	100	0	116.0	0.0
chr14	101	2	108.0	1.8518518518518516
chr14	102	1	101.0	0.9900990099009901
chr14	103	1	98.0	1.0204081632653061
chr14	104	3	86.0	3.488372093023256
chr14	105	2	78.0	2.564102564102564
chr14	106	2	70.0	2.857142857142857
chr14	107	0	67.0	0.0
chr14	108	1	63.0	1.5873015873015872
chr14	109	0	56.0	0.0
chr14	110	0	46.0	0.0
chr14	111	0	39.0	0.0
chr14	112	0	30.0	0.0
chr14	113	1	19.0	5.263157894736842
chr14	114	0	16.0	0.0
chr14	115	0	10.0	0.0
chr14	116	0	6.0	0.0
chr14	117	0	1.0	0.0
chr14	118	0	0.0	nan
chr14	119	0	0.0	nan
chr14	120	0	0.0	nan
chr14	121	0	0.0	nan
chr14	122	0	0.0	nan
chr14	123	0	0.0	nan
chr14	124	0	0.0	nan
chr14	125	0	0.0	nan
chr14	126	0	0.0	nan
chr14	127	0	0.0	nan
chr14	128	0	0.0	nan
chr15	-129	0	1.0	0.0
chr15	-128	0	8.0	0.0
chr15	-127	0	12.0	0.0
chr15	-126	0	20.0	0.0
chr15	-125	0	32.0	0.0
chr15	-124	1	39.0	2.564102564102564
chr15	-123	0	45.0	0.0
chr15	-122	0	53.0	0.0
chr15	-121	0	64.0	0.0
chr15	-120	0	78.0	0.0
chr15	-119	0	83.0	0.0
chr15	-118	0	98.0	0.0
chr15	-117	0	103.0	0.0
chr15	-116	0	117.0	0.0
chr15	-115	0	130.0	0.0
chr15	-114	0	142.0	0.0
chr15	-113	0	163.0	0.0
chr15	-112	0	169.0	0.0
chr15	-111	1	176.0	0.5681818181818182
chr15	-110	0	189.0	0.0
chr15	-109	0	200.0	0.0
chr15	-108	0	205.0	0.0
chr15	-107	0	212.0	0.0
chr15	-106	0	221.0	0.0
chr15	-105	2	223.0	0.8968609865470852
chr15	-104	0	234.0	0.0
chr15	-103	10	247.0	4.048582995951417
chr15	-102	1	260.0	0.38461538461538464
chr15	-101	0	265.0	0.0
chr15	-100	0	278.0	0.0
chr15	-99	1	284.0	0.35211267605633806
chr15	-98	0	303.0	0.0
chr15	-97	0	311.0	0.0
chr15	-96	0	328.0	0.0
chr15	-95	0	337.0	0.0
chr15	-94	0	344.0	0.0
chr15	-93	1	349.0	0.28653295128939826
chr15	-92	6	357.0	1.680672268907563
chr15	-91	1	366.0	0.273224043715847
chr15	-90	0	376.0	0.0
chr15	-89	0	391.0	0.0
chr15	-88	0	405.0	0.0
chr15	-87	8	412.0	1.9417475728155338
chr15	-86	0	414.0	0.0
chr15	-85	0	426.0	0.0
chr15	-84	1	433.0	0.23094688221709006
chr15	-83	1	445.0	0.22471910112359553
chr15	-82	1	453.0	0.22075055187637968
chr15	-81	0	472.0	0.0
chr15	-80	0	485.0	0.0
chr15	-79	17	484.0	3.512396694214876
chr15	-78	0	495.0	0.0
chr15	-77	0	500.0	0.0
chr15	-76	1	510.0	0.19607843137254902
chr15	-75	1	519.0	0.1926782273603083
chr15	-74	1	524.0	0.19083969465648853
chr15	-73	0	536.0	0.0
chr15	-72	0	554.0	0.0
chr15	-71	13	566.0	2.2968197879858656
chr15	-70	1	575.0	0.17391304347826086
chr15	-69	4	585.0	0.6837606837606838
chr15	-68	0	594.0	0.0
chr15	-67	1	602.0	0.16611295681063123
chr15	-66	0	611.0	0.0
chr15	-65	0	619.0	0.0
chr15	-64	0	625.0	0.0
chr15	-63	2	630.0	0.31746031746031744
chr15	-62	0	643.0	0.0
chr15	-61	1	662.0	0.1510574018126888
chr15	-60	2	675.0	0.2962962962962963
chr15	-59	1	691.0	0.1447178002894356
chr15	-58	1	698.0	0.14326647564469913
chr15	-57	0	705.0	0.0
chr15	-56	4	720.0	0.5555555555555556
chr15	-55	2	736.0	0.2717391304347826
chr15	-54	3	751.0	0.3994673768308922
chr15	-53	1	759.0	0.13175230566534915
chr15	-52	0	767.0	0.0
chr15	-51	2	780.0	0.2564102564102564
chr15	-50	1	792.0	0.12626262626262627
chr15	-49	0	800.0	0.0
chr15	-48	2	810.0	0.24691358024691357
chr15	-47	0	827.0	0.0
chr15	-46	2	836.0	0.23923444976076555
chr15	-45	4	841.0	0.47562425683709864
chr15	-44	1	855.0	0.11695906432748539
chr15	-43	0	867.0	0.0
chr15	-42	0	887.0	0.0
chr15	-41	3	895.0	0.33519553072625696
chr15	-40	0	901.0	0.0
chr15	-39	0	917.0	0.0
chr15	-38	1	936.0	0.10683760683760685
chr15	-37	0	939.0	0.0
chr15	-36	17	947.0	1.7951425554382259
chr15	-35	0	960.0	0.0
chr15	-34	0	971.0	0.0
chr15	-33	0	983.0	0.0
chr15	-32	0	987.0	0.0
chr15	-31	1	998.0	0.1002004008016032
chr15	-30	0	1011.0	0.0
chr15	-29	0	1019.0	0.0
chr15	-28	8	1027.0	0.7789678675754625
chr15	-27	3	1036.0	0.28957528957528955
chr15	-26	2	1049.0	0.19065776930409914
chr15	-25	0	1064.0	0.0
chr15	-24	0	1076.0	0.0
chr15	-23	0	1081.0	0.0
chr15	-22	2	1088.0	0.1838235294117647
chr15	-21	7	1101.0	0.6357856494096277
chr15	-20	1	1120.0	0.08928571428571429
chr15	-19	2	1132.0	0.17667844522968199
chr15	-18	1	1138.0	0.08787346221441124
chr15	-17	2	1155.0	0.17316017316017315
chr15	-16	2	1162.0	0.17211703958691912
chr15	-15	1	1168.0	0.08561643835616438
chr15	-14	3	1185.0	0.25316455696202533
chr15	-13	3	1194.0	0.25125628140703515
chr15	-12	3	1205.0	0.24896265560165973
chr15	-11	5	1215.0	0.411522633744856
chr15	-10	3	1226.0	0.24469820554649263
chr15	-9	14	1227.0	1.140994295028525
chr15	-8	0	1227.0	0.0
chr15	-7	0	1227.0	0.0
chr15	-6	2	1227.0	0.16299918500407498
chr15	-5	2	1227.0	0.16299918500407498
chr15	-4	1	1227.0	0.08149959250203749
chr15	-3	3	1227.0	0.24449877750611246
chr15	-2	8	1227.0	0.6519967400162999
chr15	-1	9	1227.0	0.7334963325183375
chr15	0	53	1176.0	4.506802721088436
chr15	1	11	1180.0	0.9322033898305085
chr15	2	13	1175.0	1.1063829787234043
chr15	3	10	1164.0	0.859106529209622
chr15	4	13	1154.0	1.1265164644714039
chr15	5	8	1141.0	0.7011393514461
chr15	6	16	1122.0	1.4260249554367201
chr15	7	5	1111.0	0.45004500450045004
chr15	8	35	1102.0	3.176043557168784
chr15	9	10	1094.0	0.9140767824497258
chr15	10	13	1090.0	1.1926605504587156
chr15	11	8	1082.0	0.7393715341959335
chr15	12	10	1070.0	0.9345794392523363
chr15	13	11	1064.0	1.0338345864661653
chr15	14	13	1050.0	1.2380952380952381
chr15	15	23	1027.0	2.239532619279455
chr15	16	14	1022.0	1.36986301369863
chr15	17	8	1011.0	0.791295746785361
chr15	18	21	1000.0	2.1
chr15	19	11	992.0	1.1088709677419355
chr15	20	10	985.0	1.015228426395939
chr15	21	9	976.0	0.9221311475409836
chr15	22	15	963.0	1.557632398753894
chr15	23	10	959.0	1.0427528675703857
chr15	24	15	942.0	1.5923566878980893
chr15	25	13	930.0	1.3978494623655915
chr15	26	11	922.0	1.193058568329718
chr15	27	22	918.0	2.3965141612200433
chr15	28	4	907.0	0.4410143329658214
chr15	29	5	899.0	0.5561735261401557
chr15	30	9	887.0	1.0146561443066515
chr15	31	7	881.0	0.7945516458569807
chr15	32	9	865.0	1.0404624277456647
chr15	33	14	853.0	1.6412661195779603
chr15	34	15	844.0	1.7772511848341233
chr15	35	16	836.0	1.9138755980861244
chr15	36	5	817.0	0.6119951040391677
chr15	37	6	812.0	0.7389162561576355
chr15	38	11	798.0	1.3784461152882206
chr15	39	2	786.0	0.2544529262086514
chr15	40	7	776.0	0.902061855670103
chr15	41	5	770.0	0.6493506493506493
chr15	42	2	766.0	0.26109660574412535
chr15	43	11	748.0	1.4705882352941175
chr15	44	2	738.0	0.27100271002710025
chr15	45	7	736.0	0.9510869565217392
chr15	46	13	730.0	1.7808219178082192
chr15	47	5	715.0	0.6993006993006993
chr15	48	8	705.0	1.1347517730496455
chr15	49	6	698.0	0.8595988538681949
chr15	50	4	681.0	0.5873715124816447
chr15	51	6	666.0	0.9009009009009009
chr15	52	10	655.0	1.5267175572519083
chr15	53	7	647.0	1.0819165378670788
chr15	54	15	641.0	2.3400936037441498
chr15	55	15	634.0	2.365930599369085
chr15	56	13	633.0	2.0537124802527646
chr15	57	3	622.0	0.482315112540193
chr15	58	4	610.0	0.6557377049180327
chr15	59	10	603.0	1.658374792703151
chr15	60	4	595.0	0.6722689075630253
chr15	61	9	580.0	1.5517241379310345
chr15	62	9	571.0	1.5761821366024518
chr15	63	6	563.0	1.0657193605683837
chr15	64	2	549.0	0.36429872495446264
chr15	65	15	532.0	2.819548872180451
chr15	66	5	524.0	0.9541984732824428
chr15	67	5	509.0	0.9823182711198428
chr15	68	16	498.0	3.2128514056224895
chr15	69	5	485.0	1.0309278350515463
chr15	70	7	475.0	1.4736842105263157
chr15	71	6	455.0	1.3186813186813187
chr15	72	4	452.0	0.8849557522123894
chr15	73	7	448.0	1.5625
chr15	74	6	436.0	1.3761467889908259
chr15	75	5	422.0	1.1848341232227488
chr15	76	3	419.0	0.7159904534606205
chr15	77	4	409.0	0.9779951100244498
chr15	78	14	400.0	3.5000000000000004
chr15	79	2	391.0	0.5115089514066496
chr15	80	3	376.0	0.7978723404255319
chr15	81	5	368.0	1.358695652173913
chr15	82	2	360.0	0.5555555555555556
chr15	83	5	350.0	1.4285714285714286
chr15	84	7	330.0	2.1212121212121215
chr15	85	5	318.0	1.5723270440251573
chr15	86	8	304.0	2.631578947368421
chr15	87	4	297.0	1.3468013468013467
chr15	88	4	291.0	1.3745704467353952
chr15	89	2	283.0	0.7067137809187279
chr15	90	2	264.0	0.7575757575757576
chr15	91	4	255.0	1.5686274509803921
chr15	92	3	244.0	1.2295081967213115
chr15	93	3	234.0	1.282051282051282
chr15	94	1	222.0	0.45045045045045046
chr15	95	3	211.0	1.4218009478672986
chr15	96	2	205.0	0.975609756097561
chr15	97	2	191.0	1.0471204188481675
chr15	98	3	178.0	1.6853932584269662
chr15	99	1	168.0	0.5952380952380952
chr15	100	4	161.0	2.484472049689441
chr15	101	4	153.0	2.6143790849673203
chr15	102	3	139.0	2.158273381294964
chr15	103	1	132.0	0.7575757575757576
chr15	104	0	118.0	0.0
chr15	105	1	107.0	0.9345794392523363
chr15	106	0	103.0	0.0
chr15	107	2	90.0	2.2222222222222223
chr15	108	0	78.0	0.0
chr15	109	2	66.0	3.0303030303030303
chr15	110	1	56.0	1.7857142857142856
chr15	111	1	44.0	2.272727272727273
chr15	112	0	31.0	0.0
chr15	113	0	25.0	0.0
chr15	114	0	16.0	0.0
chr15	115	0	15.0	0.0
chr15	116	0	12.0	0.0
chr15	117	0	2.0	0.0
chr15	118	0	0.0	nan
chr15	119	0	0.0	nan
chr15	120	0	0.0	nan
chr15	121	0	0.0	nan
chr15	122	0	0.0	nan
chr15	123	0	0.0	nan
chr15	124	0	0.0	nan
chr15	125	0	0.0	nan
chr15	126	0	0.0	nan
chr15	127	0	0.0	nan
chr15	128	0	0.0	nan
chr16	-136	0	2.0	0.0
chr16	-135	0	2.0	0.0
chr16	-134	0	3.0	0.0
chr16	-133	0	3.0	0.0
chr16	-132	0	3.0	0.0
chr16	-131	0	3.0	0.0
chr16	-130	0	3.0	0.0
chr16	-129	0	6.0	0.0
chr16	-128	0	13.0	0.0
chr16	-127	0	18.0	0.0
chr16	-126	0	25.0	0.0
chr16	-125	0	43.0	0.0
chr16	-124	0	59.0	0.0
chr16	-123	0	78.0	0.0
chr16	-122	1	101.0	0.9900990099009901
chr16	-121	0	118.0	0.0
chr16	-120	1	149.0	0.6711409395973155
chr16	-119	0	164.0	0.0
chr16	-118	1	186.0	0.5376344086021506
chr16	-117	0	207.0	0.0
chr16	-116	0	235.0	0.0
chr16	-115	0	263.0	0.0
chr16	-114	0	278.0	0.0
chr16	-113	0	298.0	0.0
chr16	-112	1	323.0	0.30959752321981426
chr16	-111	0	350.0	0.0
chr16	-110	0	372.0	0.0
chr16	-109	0	387.0	0.0
chr16	-108	0	402.0	0.0
chr16	-107	1	415.0	0.24096385542168677
chr16	-106	1	452.0	0.22123893805309736
chr16	-105	0	471.0	0.0
chr16	-104	0	490.0	0.0
chr16	-103	2	514.0	0.38910505836575876
chr16	-102	3	547.0	0.5484460694698354
chr16	-101	2	558.0	0.35842293906810035
chr16	-100	1	578.0	0.17301038062283738
chr16	-99	0	598.0	0.0
chr16	-98	0	612.0	0.0
chr16	-97	2	634.0	0.31545741324921134
chr16	-96	1	662.0	0.1510574018126888
chr16	-95	0	677.0	0.0
chr16	-94	3	699.0	0.4291845493562232
chr16	-93	2	710.0	0.28169014084507044
chr16	-92	0	742.0	0.0
chr16	-91	6	761.0	0.7884362680683311
chr16	-90	2	779.0	0.25673940949935814
chr16	-89	0	796.0	0.0
chr16	-88	2	824.0	0.24271844660194172
chr16	-87	2	837.0	0.23894862604540024
chr16	-86	0	862.0	0.0
chr16	-85	3	888.0	0.33783783783783783
chr16	-84	1	908.0	0.11013215859030838
chr16	-83	2	934.0	0.21413276231263384
chr16	-82	1	962.0	0.10395010395010396
chr16	-81	9	974.0	0.9240246406570842
chr16	-80	1	1000.0	0.1
chr16	-79	0	1019.0	0.0
chr16	-78	1	1047.0	0.09551098376313276
chr16	-77	0	1070.0	0.0
chr16	-76	1	1085.0	0.09216589861751152
chr16	-75	3	1105.0	0.27149321266968324
chr16	-74	13	1116.0	1.1648745519713262
chr16	-73	2	1142.0	0.17513134851138354
chr16	-72	4	1165.0	0.34334763948497854
chr16	-71	3	1182.0	0.25380710659898476
chr16	-70	4	1196.0	0.33444816053511706
chr16	-69	0	1218.0	0.0
chr16	-68	4	1241.0	0.32232070910556004
chr16	-67	5	1264.0	0.39556962025316456
chr16	-66	2	1291.0	0.1549186676994578
chr16	-65	0	1328.0	0.0
chr16	-64	1	1358.0	0.07363770250368189
chr16	-63	8	1379.0	0.580130529369108
chr16	-62	12	1409.0	0.8516678495386799
chr16	-61	1	1423.0	0.07027406886858749
chr16	-60	4	1436.0	0.2785515320334262
chr16	-59	1	1448.0	0.06906077348066297
chr16	-58	0	1464.0	0.0
chr16	-57	0	1485.0	0.0
chr16	-56	1	1505.0	0.0664451827242525
chr16	-55	3	1519.0	0.19749835418038184
chr16	-54	1	1532.0	0.06527415143603134
chr16	-53	4	1547.0	0.25856496444731736
chr16	-52	3	1561.0	0.19218449711723257
chr16	-51	0	1581.0	0.0
chr16	-50	2	1601.0	0.12492192379762648
chr16	-49	2	1622.0	0.12330456226880394
chr16	-48	2	1659.0	0.12055455093429776
chr16	-47	2	1680.0	0.11904761904761905
chr16	-46	1	1698.0	0.058892815076560655
chr16	-45	4	1716.0	0.2331002331002331
chr16	-44	1	1739.0	0.05750431282346176
chr16	-43	0	1766.0	0.0
chr16	-42	1	1789.0	0.05589714924538849
chr16	-41	9	1817.0	0.49532195927352773
chr16	-40	2	1844.0	0.10845986984815618
chr16	-39	3	1864.0	0.1609442060085837
chr16	-38	1	1894.0	0.05279831045406547
chr16	-37	2	1928.0	0.1037344398340249
chr16	-36	1	1957.0	0.0510986203372509
chr16	-35	11	1978.0	0.5561172901921132
chr16	-34	15	2001.0	0.7496251874062968
chr16	-33	4	2021.0	0.1979218208807521
chr16	-32	1	2043.0	0.048947626040137054
chr16	-31	1	2060.0	0.04854368932038835
chr16	-30	2	2092.0	0.09560229445506692
chr16	-29	1	2067.0	0.04837929366231253
chr16	-28	1	2123.0	0.047103155911446065
chr16	-27	5	2150.0	0.23255813953488372
chr16	-26	4	2171.0	0.18424689083371718
chr16	-25	1	2192.0	0.04562043795620438
chr16	-24	3	2211.0	0.13568521031207598
chr16	-23	3	2235.0	0.1342281879194631
chr16	-22	19	2254.0	0.8429458740017746
chr16	-21	2	2278.0	0.08779631255487269
chr16	-20	2	2308.0	0.08665511265164644
chr16	-19	30	2326.0	1.2897678417884781
chr16	-18	2	2368.0	0.08445945945945946
chr16	-17	2	2387.0	0.0837871805613741
chr16	-16	8	2414.0	0.33140016570008285
chr16	-15	4	2441.0	0.1638672675133142
chr16	-14	9	2463.0	0.3654080389768575
chr16	-13	3	2488.0	0.12057877813504825
chr16	-12	3	2521.0	0.1190003966679889
chr16	-11	4	2552.0	0.1567398119122257
chr16	-10	5	2579.0	0.19387359441644048
chr16	-9	3	2580.0	0.11627906976744186
chr16	-8	3	2580.0	0.11627906976744186
chr16	-7	2	2580.0	0.07751937984496124
chr16	-6	4	2580.0	0.15503875968992248
chr16	-5	31	2580.0	1.2015503875968991
chr16	-4	28	2579.0	1.0856921287320667
chr16	-3	3	2580.0	0.11627906976744186
chr16	-2	3	2580.0	0.11627906976744186
chr16	-1	3	2580.0	0.11627906976744186
chr16	0	63	2493.0	2.527075812274368
chr16	1	40	2469.0	1.6200891049007695
chr16	2	44	2453.0	1.7937219730941705
chr16	3	70	2426.0	2.8854080791426218
chr16	4	45	2407.0	1.8695471541337765
chr16	5	22	2382.0	0.9235936188077246
chr16	6	32	2358.0	1.3570822731128074
chr16	7	23	2330.0	0.9871244635193134
chr16	8	20	2308.0	0.8665511265164645
chr16	9	30	2289.0	1.310615989515072
chr16	10	28	2266.0	1.235657546337158
chr16	11	35	2244.0	1.5597147950089125
chr16	12	18	2222.0	0.8100810081008101
chr16	13	46	2193.0	2.097583219334245
chr16	14	24	2161.0	1.1105969458583989
chr16	15	39	2142.0	1.8207282913165268
chr16	16	18	2119.0	0.8494572911750826
chr16	17	20	2102.0	0.9514747859181731
chr16	18	56	2073.0	2.7013989387361312
chr16	19	20	2060.0	0.9708737864077669
chr16	20	29	2025.0	1.432098765432099
chr16	21	32	1998.0	1.6016016016016015
chr16	22	24	1983.0	1.2102874432677762
chr16	23	8	1957.0	0.4087889626980072
chr16	24	23	1932.0	1.1904761904761905
chr16	25	22	1920.0	1.1458333333333333
chr16	26	39	1904.0	2.0483193277310923
chr16	27	25	1883.0	1.327668613913967
chr16	28	21	1856.0	1.1314655172413792
chr16	29	15	1853.0	0.809498111171074
chr16	30	31	1832.0	1.6921397379912666
chr16	31	9	1810.0	0.49723756906077343
chr16	32	15	1786.0	0.8398656215005599
chr16	33	21	1764.0	1.1904761904761905
chr16	34	34	1746.0	1.9473081328751431
chr16	35	18	1724.0	1.0440835266821344
chr16	36	13	1678.0	0.7747318235995232
chr16	37	16	1665.0	0.960960960960961
chr16	38	14	1644.0	0.851581508515815
chr16	39	10	1627.0	0.6146281499692685
chr16	40	43	1611.0	2.6691495965238983
chr16	41	13	1589.0	0.8181246066708621
chr16	42	20	1567.0	1.2763241863433312
chr16	43	16	1550.0	1.032258064516129
chr16	44	26	1526.0	1.7038007863695939
chr16	45	19	1507.0	1.26078301260783
chr16	46	13	1475.0	0.8813559322033898
chr16	47	19	1458.0	1.3031550068587106
chr16	48	19	1434.0	1.3249651324965133
chr16	49	11	1416.0	0.7768361581920904
chr16	50	16	1394.0	1.1477761836441895
chr16	51	14	1381.0	1.0137581462708183
chr16	52	15	1366.0	1.0980966325036603
chr16	53	6	1349.0	0.4447739065974796
chr16	54	17	1334.0	1.2743628185907045
chr16	55	14	1307.0	1.0711553175210407
chr16	56	16	1289.0	1.2412723041117144
chr16	57	14	1263.0	1.1084718923198733
chr16	58	18	1249.0	1.4411529223378703
chr16	59	18	1222.0	1.4729950900163666
chr16	60	9	1205.0	0.7468879668049793
chr16	61	23	1180.0	1.9491525423728815
chr16	62	23	1145.0	2.0087336244541487
chr16	63	12	1115.0	1.0762331838565022
chr16	64	15	1106.0	1.3562386980108498
chr16	65	15	1086.0	1.3812154696132597
chr16	66	15	1064.0	1.4097744360902256
chr16	67	9	1049.0	0.8579599618684461
chr16	68	19	1038.0	1.8304431599229287
chr16	69	22	1023.0	2.1505376344086025
chr16	70	12	997.0	1.2036108324974923
chr16	71	8	982.0	0.8146639511201629
chr16	72	15	970.0	1.5463917525773196
chr16	73	15	958.0	1.5657620041753653
chr16	74	12	937.0	1.2806830309498398
chr16	75	14	917.0	1.5267175572519083
chr16	76	9	899.0	1.0011123470522802
chr16	77	8	884.0	0.904977375565611
chr16	78	5	865.0	0.5780346820809248
chr16	79	7	837.0	0.8363201911589008
chr16	80	22	802.0	2.7431421446384037
chr16	81	11	779.0	1.4120667522464698
chr16	82	11	758.0	1.4511873350923483
chr16	83	10	739.0	1.3531799729364005
chr16	84	8	716.0	1.1173184357541899
chr16	85	8	698.0	1.146131805157593
chr16	86	9	673.0	1.337295690936107
chr16	87	9	640.0	1.40625
chr16	88	8	614.0	1.3029315960912053
chr16	89	7	588.0	1.1904761904761905
chr16	90	10	563.0	1.7761989342806392
chr16	91	4	537.0	0.74487895716946
chr16	92	3	521.0	0.5758157389635317
chr16	93	6	494.0	1.214574898785425
chr16	94	5	468.0	1.0683760683760684
chr16	95	9	456.0	1.9736842105263157
chr16	96	8	442.0	1.809954751131222
chr16	97	8	420.0	1.9047619047619049
chr16	98	6	396.0	1.5151515151515151
chr16	99	4	378.0	1.0582010582010581
chr16	100	5	357.0	1.400560224089636
chr16	101	5	333.0	1.5015015015015014
chr16	102	0	313.0	0.0
chr16	103	0	292.0	0.0
chr16	104	4	276.0	1.4492753623188406
chr16	105	1	250.0	0.4
chr16	106	1	233.0	0.4291845493562232
chr16	107	4	214.0	1.8691588785046727
chr16	108	2	189.0	1.0582010582010581
chr16	109	1	175.0	0.5714285714285714
chr16	110	1	142.0	0.7042253521126761
chr16	111	1	108.0	0.9259259259259258
chr16	112	0	80.0	0.0
chr16	113	0	63.0	0.0
chr16	114	0	43.0	0.0
chr16	115	0	23.0	0.0
chr16	116	0	11.0	0.0
chr16	117	0	3.0	0.0
chr16	118	0	0.0	nan
chr16	119	0	0.0	nan
chr16	120	0	0.0	nan
chr16	121	0	0.0	nan
chr16	122	0	0.0	nan
chr16	123	0	0.0	nan
chr16	124	0	0.0	nan
chr16	125	0	0.0	nan
chr16	126	0	0.0	nan
chr16	127	0	0.0	nan
chr16	128	0	0.0	nan
chr17	-129	0	1.0	0.0
chr17	-128	0	2.0	0.0
chr17	-127	0	11.0	0.0
chr17	-126	0	23.0	0.0
chr17	-125	0	31.0	0.0
chr17	-124	0	42.0	0.0
chr17	-123	0	53.0	0.0
chr17	-122	0	62.0	0.0
chr17	-121	0	67.0	0.0
chr17	-120	0	75.0	0.0
chr17	-119	0	85.0	0.0
chr17	-118	0	94.0	0.0
chr17	-117	0	96.0	0.0
chr17	-116	1	103.0	0.9708737864077669
chr17	-115	1	110.0	0.9090909090909091
chr17	-114	0	112.0	0.0
chr17	-113	0	124.0	0.0
chr17	-112	0	127.0	0.0
chr17	-111	0	140.0	0.0
chr17	-110	0	148.0	0.0
chr17	-109	0	156.0	0.0
chr17	-108	0	161.0	0.0
chr17	-107	0	162.0	0.0
chr17	-106	0	167.0	0.0
chr17	-105	1	174.0	0.5747126436781609
chr17	-104	1	189.0	0.5291005291005291
chr17	-103	0	197.0	0.0
chr17	-102	1	208.0	0.4807692307692308
chr17	-101	0	222.0	0.0
chr17	-100	0	222.0	0.0
chr17	-99	3	229.0	1.3100436681222707
chr17	-98	0	241.0	0.0
chr17	-97	0	248.0	0.0
chr17	-96	2	260.0	0.7692307692307693
chr17	-95	0	268.0	0.0
chr17	-94	0	280.0	0.0
chr17	-93	0	284.0	0.0
chr17	-92	0	297.0	0.0
chr17	-91	1	302.0	0.33112582781456956
chr17	-90	0	314.0	0.0
chr17	-89	0	319.0	0.0
chr17	-88	0	329.0	0.0
chr17	-87	3	340.0	0.8823529411764706
chr17	-86	0	349.0	0.0
chr17	-85	0	358.0	0.0
chr17	-84	0	369.0	0.0
chr17	-83	0	374.0	0.0
chr17	-82	0	381.0	0.0
chr17	-81	0	388.0	0.0
chr17	-80	0	397.0	0.0
chr17	-79	0	405.0	0.0
chr17	-78	0	411.0	0.0
chr17	-77	0	417.0	0.0
chr17	-76	0	430.0	0.0
chr17	-75	7	441.0	1.5873015873015872
chr17	-74	0	459.0	0.0
chr17	-73	0	468.0	0.0
chr17	-72	0	484.0	0.0
chr17	-71	3	496.0	0.6048387096774194
chr17	-70	2	501.0	0.39920159680638717
chr17	-69	17	513.0	3.313840155945419
chr17	-68	3	522.0	0.5747126436781609
chr17	-67	0	532.0	0.0
chr17	-66	0	548.0	0.0
chr17	-65	0	555.0	0.0
chr17	-64	0	563.0	0.0
chr17	-63	0	567.0	0.0
chr17	-62	1	573.0	0.17452006980802792
chr17	-61	0	582.0	0.0
chr17	-60	0	598.0	0.0
chr17	-59	0	615.0	0.0
chr17	-58	1	623.0	0.16051364365971107
chr17	-57	1	630.0	0.15873015873015872
chr17	-56	1	638.0	0.1567398119122257
chr17	-55	9	649.0	1.386748844375963
chr17	-54	37	671.0	5.514157973174367
chr17	-53	0	688.0	0.0
chr17	-52	3	699.0	0.4291845493562232
chr17	-51	0	709.0	0.0
chr17	-50	1	717.0	0.1394700139470014
chr17	-49	1	724.0	0.13812154696132595
chr17	-48	9	727.0	1.2379642365887207
chr17	-47	1	738.0	0.13550135501355012
chr17	-46	3	750.0	0.4
chr17	-45	0	755.0	0.0
chr17	-44	1	769.0	0.13003901170351106
chr17	-43	2	775.0	0.25806451612903225
chr17	-42	1	782.0	0.1278772378516624
chr17	-41	1	795.0	0.12578616352201258
chr17	-40	1	802.0	0.12468827930174563
chr17	-39	2	815.0	0.245398773006135
chr17	-38	1	826.0	0.12106537530266344
chr17	-37	0	839.0	0.0
chr17	-36	1	848.0	0.1179245283018868
chr17	-35	1	852.0	0.11737089201877934
chr17	-34	1	864.0	0.11574074074074073
chr17	-33	2	874.0	0.2288329519450801
chr17	-32	2	882.0	0.22675736961451248
chr17	-31	0	892.0	0.0
chr17	-30	1	905.0	0.11049723756906078
chr17	-29	3	919.0	0.3264417845484222
chr17	-28	1	929.0	0.1076426264800861
chr17	-27	1	937.0	0.10672358591248667
chr17	-26	2	947.0	0.21119324181626187
chr17	-25	2	960.0	0.20833333333333334
chr17	-24	3	969.0	0.30959752321981426
chr17	-23	1	965.0	0.10362694300518134
chr17	-22	2	987.0	0.2026342451874367
chr17	-21	2	999.0	0.20020020020020018
chr17	-20	46	1012.0	4.545454545454546
chr17	-19	14	1022.0	1.36986301369863
chr17	-18	1	1040.0	0.09615384615384616
chr17	-17	2	1051.0	0.19029495718363465
chr17	-16	2	1065.0	0.18779342723004694
chr17	-15	8	1081.0	0.7400555041628123
chr17	-14	3	1089.0	0.27548209366391185
chr17	-13	1	1097.0	0.09115770282588878
chr17	-12	2	1108.0	0.18050541516245489
chr17	-11	4	1118.0	0.35778175313059035
chr17	-10	3	1130.0	0.2654867256637168
chr17	-9	9	1130.0	0.7964601769911505
chr17	-8	2	1130.0	0.17699115044247787
chr17	-7	1	1130.0	0.08849557522123894
chr17	-6	1	1130.0	0.08849557522123894
chr17	-5	41	1130.0	3.6283185840707963
chr17	-4	3	1129.0	0.2657218777679362
chr17	-3	0	1129.0	0.0
chr17	-2	1	1130.0	0.08849557522123894
chr17	-1	8	1121.0	0.7136485280999109
chr17	0	22	1090.0	2.0183486238532113
chr17	1	13	1082.0	1.2014787430683918
chr17	2	9	1070.0	0.8411214953271028
chr17	3	18	1055.0	1.7061611374407581
chr17	4	27	1049.0	2.5738798856053386
chr17	5	7	1039.0	0.6737247353224254
chr17	6	12	1029.0	1.1661807580174928
chr17	7	9	1026.0	0.8771929824561403
chr17	8	16	1020.0	1.5686274509803921
chr17	9	9	1014.0	0.8875739644970414
chr17	10	12	1004.0	1.1952191235059761
chr17	11	4	1000.0	0.4
chr17	12	9	995.0	0.9045226130653266
chr17	13	11	987.0	1.1144883485309016
chr17	14	12	983.0	1.2207527975584944
chr17	15	16	971.0	1.6477857878475797
chr17	16	11	966.0	1.1387163561076603
chr17	17	11	958.0	1.1482254697286012
chr17	18	50	950.0	5.263157894736842
chr17	19	72	940.0	7.659574468085106
chr17	20	6	930.0	0.6451612903225806
chr17	21	13	923.0	1.4084507042253522
chr17	22	17	889.0	1.9122609673790776
chr17	23	8	907.0	0.8820286659316428
chr17	24	8	900.0	0.8888888888888888
chr17	25	7	886.0	0.7900677200902935
chr17	26	10	877.0	1.1402508551881414
chr17	27	15	864.0	1.7361111111111112
chr17	28	10	861.0	1.1614401858304297
chr17	29	5	853.0	0.5861664712778429
chr17	30	6	844.0	0.7109004739336493
chr17	31	9	834.0	1.079136690647482
chr17	32	9	823.0	1.0935601458080195
chr17	33	13	815.0	1.5950920245398774
chr17	34	11	802.0	1.3715710723192018
chr17	35	11	793.0	1.3871374527112232
chr17	36	5	786.0	0.6361323155216284
chr17	37	6	774.0	0.7751937984496124
chr17	38	8	765.0	1.045751633986928
chr17	39	11	759.0	1.4492753623188406
chr17	40	3	752.0	0.39893617021276595
chr17	41	7	749.0	0.9345794392523363
chr17	42	17	742.0	2.2911051212938007
chr17	43	11	736.0	1.4945652173913044
chr17	44	4	724.0	0.5524861878453038
chr17	45	14	712.0	1.9662921348314606
chr17	46	9	707.0	1.272984441301273
chr17	47	29	701.0	4.136947218259629
chr17	48	7	681.0	1.0279001468428781
chr17	49	4	676.0	0.591715976331361
chr17	50	9	662.0	1.3595166163141994
chr17	51	6	657.0	0.91324200913242
chr17	52	12	646.0	1.8575851393188854
chr17	53	22	630.0	3.492063492063492
chr17	54	8	622.0	1.2861736334405145
chr17	55	10	611.0	1.6366612111292964
chr17	56	6	597.0	1.0050251256281406
chr17	57	6	587.0	1.0221465076660987
chr17	58	4	580.0	0.6896551724137931
chr17	59	11	573.0	1.9197207678883073
chr17	60	7	559.0	1.2522361359570662
chr17	61	5	551.0	0.9074410163339384
chr17	62	7	541.0	1.2939001848428837
chr17	63	4	517.0	0.7736943907156674
chr17	64	9	502.0	1.7928286852589643
chr17	65	1	498.0	0.2008032128514056
chr17	66	5	487.0	1.0266940451745379
chr17	67	20	483.0	4.140786749482402
chr17	68	8	468.0	1.7094017094017095
chr17	69	5	458.0	1.0917030567685588
chr17	70	13	445.0	2.9213483146067416
chr17	71	4	435.0	0.9195402298850575
chr17	72	10	419.0	2.386634844868735
chr17	73	1	409.0	0.24449877750611246
chr17	74	23	405.0	5.679012345679013
chr17	75	3	389.0	0.7712082262210797
chr17	76	6	383.0	1.5665796344647518
chr17	77	5	375.0	1.3333333333333335
chr17	78	2	367.0	0.544959128065395
chr17	79	2	359.0	0.5571030640668524
chr17	80	5	355.0	1.4084507042253522
chr17	81	0	343.0	0.0
chr17	82	2	335.0	0.5970149253731344
chr17	83	3	323.0	0.9287925696594427
chr17	84	3	317.0	0.9463722397476341
chr17	85	2	308.0	0.6493506493506493
chr17	86	9	300.0	3.0
chr17	87	6	288.0	2.083333333333333
chr17	88	1	278.0	0.3597122302158274
chr17	89	0	273.0	0.0
chr17	90	2	265.0	0.7547169811320755
chr17	91	5	256.0	1.953125
chr17	92	0	248.0	0.0
chr17	93	7	237.0	2.9535864978902953
chr17	94	3	230.0	1.3043478260869565
chr17	95	11	219.0	5.0228310502283104
chr17	96	1	206.0	0.48543689320388345
chr17	97	0	189.0	0.0
chr17	98	3	184.0	1.6304347826086956
chr17	99	1	176.0	0.5681818181818182
chr17	100	0	173.0	0.0
chr17	101	3	159.0	1.8867924528301887
chr17	102	1	145.0	0.6896551724137931
chr17	103	0	134.0	0.0
chr17	104	2	119.0	1.680672268907563
chr17	105	4	114.0	3.508771929824561
chr17	106	1	106.0	0.9433962264150944
chr17	107	1	91.0	1.098901098901099
chr17	108	3	82.0	3.6585365853658534
chr17	109	1	75.0	1.3333333333333335
chr17	110	0	61.0	0.0
chr17	111	0	49.0	0.0
chr17	112	0	35.0	0.0
chr17	113	0	27.0	0.0
chr17	114	1	19.0	5.263157894736842
chr17	115	0	14.0	0.0
chr17	116	0	5.0	0.0
chr17	117	0	2.0	0.0
chr17	118	0	0.0	nan
chr17	119	0	0.0	nan
chr17	120	0	0.0	nan
chr17	121	0	0.0	nan
chr17	122	0	0.0	nan
chr17	123	0	0.0	nan
chr17	124	0	0.0	nan
chr17	125	0	0.0	nan
chr17	126	0	0.0	nan
chr17	127	0	0.0	nan
chr17	128	0	0.0	nan
chr18	-133	0	1.0	0.0
chr18	-132	0	1.0	0.0
chr18	-131	0	1.0	0.0
chr18	-130	0	1.0	0.0
chr18	-129	0	6.0	0.0
chr18	-128	0	12.0	0.0
chr18	-127	0	25.0	0.0
chr18	-126	0	42.0	0.0
chr18	-125	0	50.0	0.0
chr18	-124	0	59.0	0.0
chr18	-123	0	78.0	0.0
chr18	-122	0	97.0	0.0
chr18	-121	0	123.0	0.0
chr18	-120	0	143.0	0.0
chr18	-119	2	164.0	1.2195121951219512
chr18	-118	0	188.0	0.0
chr18	-117	0	206.0	0.0
chr18	-116	1	239.0	0.41841004184100417
chr18	-115	0	261.0	0.0
chr18	-114	1	279.0	0.35842293906810035
chr18	-113	0	310.0	0.0
chr18	-112	0	332.0	0.0
chr18	-111	0	354.0	0.0
chr18	-110	0	379.0	0.0
chr18	-109	0	409.0	0.0
chr18	-108	1	436.0	0.22935779816513763
chr18	-107	1	465.0	0.21505376344086022
chr18	-106	1	493.0	0.2028397565922921
chr18	-105	0	506.0	0.0
chr18	-104	0	533.0	0.0
chr18	-103	0	560.0	0.0
chr18	-102	0	581.0	0.0
chr18	-101	1	599.0	0.1669449081803005
chr18	-100	0	620.0	0.0
chr18	-99	1	636.0	0.15723270440251574
chr18	-98	5	652.0	0.7668711656441718
chr18	-97	0	680.0	0.0
chr18	-96	0	708.0	0.0
chr18	-95	2	737.0	0.27137042062415195
chr18	-94	2	748.0	0.267379679144385
chr18	-93	1	777.0	0.1287001287001287
chr18	-92	1	806.0	0.12406947890818859
chr18	-91	0	831.0	0.0
chr18	-90	0	862.0	0.0
chr18	-89	2	886.0	0.2257336343115124
chr18	-88	1	903.0	0.11074197120708748
chr18	-87	1	929.0	0.1076426264800861
chr18	-86	0	948.0	0.0
chr18	-85	1	968.0	0.10330578512396695
chr18	-84	0	1001.0	0.0
chr18	-83	3	1035.0	0.2898550724637681
chr18	-82	0	1045.0	0.0
chr18	-81	1	1069.0	0.09354536950420954
chr18	-80	1	1086.0	0.09208103130755065
chr18	-79	2	1116.0	0.17921146953405018
chr18	-78	2	1148.0	0.17421602787456447
chr18	-77	0	1172.0	0.0
chr18	-76	7	1203.0	0.5818786367414797
chr18	-75	2	1222.0	0.16366612111292964
chr18	-74	19	1249.0	1.521216973578863
chr18	-73	0	1276.0	0.0
chr18	-72	1	1300.0	0.07692307692307693
chr18	-71	6	1322.0	0.45385779122541603
chr18	-70	1	1353.0	0.07390983000739099
chr18	-69	1	1367.0	0.0731528895391368
chr18	-68	1	1400.0	0.07142857142857142
chr18	-67	13	1420.0	0.9154929577464789
chr18	-66	0	1442.0	0.0
chr18	-65	8	1462.0	0.5471956224350205
chr18	-64	2	1492.0	0.13404825737265416
chr18	-63	0	1519.0	0.0
chr18	-62	2	1539.0	0.1299545159194282
chr18	-61	2	1562.0	0.12804097311139565
chr18	-60	2	1575.0	0.12698412698412698
chr18	-59	13	1604.0	0.8104738154613467
chr18	-58	2	1627.0	0.1229256299938537
chr18	-57	5	1653.0	0.3024803387779794
chr18	-56	0	1671.0	0.0
chr18	-55	4	1699.0	0.23543260741612712
chr18	-54	8	1716.0	0.4662004662004662
chr18	-53	11	1736.0	0.6336405529953917
chr18	-52	2	1765.0	0.11331444759206798
chr18	-51	1	1796.0	0.05567928730512249
chr18	-50	6	1811.0	0.3313086692435119
chr18	-49	1	1834.0	0.05452562704471102
chr18	-48	1	1863.0	0.05367686527106817
chr18	-47	3	1888.0	0.15889830508474578
chr18	-46	1	1914.0	0.052246603970741906
chr18	-45	4	1931.0	0.20714655618850336
chr18	-44	11	1964.0	0.560081466395112
chr18	-43	3	1991.0	0.15067805123053743
chr18	-42	2	2004.0	0.09980039920159679
chr18	-41	5	2035.0	0.2457002457002457
chr18	-40	3	2062.0	0.1454898157129001
chr18	-39	5	2083.0	0.2400384061449832
chr18	-38	7	2111.0	0.33159639981051636
chr18	-37	18	2143.0	0.8399440037330844
chr18	-36	1	2167.0	0.046146746654360866
chr18	-35	8	2193.0	0.364797081623347
chr18	-34	3	2227.0	0.13471037269869782
chr18	-33	3	2251.0	0.13327410039982232
chr18	-32	10	2283.0	0.4380201489268506
chr18	-31	19	2318.0	0.819672131147541
chr18	-30	3	2354.0	0.1274426508071368
chr18	-29	1	2376.0	0.04208754208754208
chr18	-28	5	2412.0	0.20729684908789386
chr18	-27	2	2438.0	0.08203445447087777
chr18	-26	4	2459.0	0.16266775111834078
chr18	-25	7	2477.0	0.28259991925716593
chr18	-24	4	2497.0	0.16019223067681218
chr18	-23	9	2522.0	0.3568596352101507
chr18	-22	7	2549.0	0.2746174970576697
chr18	-21	12	2571.0	0.4667444574095682
chr18	-20	9	2593.0	0.34708831469340534
chr18	-19	14	2629.0	0.5325218714340053
chr18	-18	9	2664.0	0.33783783783783783
chr18	-17	9	2687.0	0.33494603647190174
chr18	-16	10	2734.0	0.36576444769568395
chr18	-15	7	2764.0	0.2532561505065123
chr18	-14	8	2790.0	0.2867383512544803
chr18	-13	10	2832.0	0.3531073446327684
chr18	-12	35	2866.0	1.2212142358688067
chr18	-11	11	2894.0	0.38009675190048375
chr18	-10	6	2933.0	0.20456870098874871
chr18	-9	20	2933.0	0.6818956699624957
chr18	-8	15	2934.0	0.5112474437627812
chr18	-7	11	2935.0	0.3747870528109029
chr18	-6	11	2935.0	0.3747870528109029
chr18	-5	7	2935.0	0.2385008517887564
chr18	-4	14	2935.0	0.4770017035775128
chr18	-3	14	2935.0	0.4770017035775128
chr18	-2	29	2935.0	0.9880749574105622
chr18	-1	22	2934.0	0.7498295841854125
chr18	0	85	2851.0	2.981410031567871
chr18	1	47	2822.0	1.6654854712969525
chr18	2	38	2792.0	1.361031518624642
chr18	3	33	2768.0	1.1921965317919074
chr18	4	61	2744.0	2.2230320699708455
chr18	5	32	2706.0	1.1825572801182558
chr18	6	45	2690.0	1.6728624535315983
chr18	7	20	2660.0	0.7518796992481203
chr18	8	37	2624.0	1.4100609756097562
chr18	9	30	2599.0	1.1542901115813775
chr18	10	28	2580.0	1.0852713178294573
chr18	11	60	2552.0	2.3510971786833856
chr18	12	21	2525.0	0.8316831683168318
chr18	13	50	2515.0	1.9880715705765408
chr18	14	33	2488.0	1.3263665594855305
chr18	15	36	2463.0	1.46163215590743
chr18	16	31	2439.0	1.2710127101271012
chr18	17	23	2418.0	0.9511993382961125
chr18	18	58	2392.0	2.4247491638795986
chr18	19	17	2372.0	0.7166947723440135
chr18	20	37	2350.0	1.574468085106383
chr18	21	40	2335.0	1.7130620985010707
chr18	22	36	2315.0	1.5550755939524838
chr18	23	8	2290.0	0.34934497816593885
chr18	24	23	2268.0	1.0141093474426808
chr18	25	12	2255.0	0.532150776053215
chr18	26	26	2235.0	1.1633109619686801
chr18	27	28	2219.0	1.2618296529968454
chr18	28	16	2197.0	0.7282658170232135
chr18	29	24	2171.0	1.105481345002303
chr18	30	28	2146.0	1.30475302889096
chr18	31	23	2111.0	1.0895310279488395
chr18	32	20	2088.0	0.9578544061302682
chr18	33	21	2056.0	1.0214007782101167
chr18	34	33	2036.0	1.6208251473477406
chr18	35	25	2016.0	1.2400793650793651
chr18	36	19	1981.0	0.9591115598182737
chr18	37	20	1948.0	1.0266940451745379
chr18	38	29	1929.0	1.503369621565578
chr18	39	17	1906.0	0.8919202518363064
chr18	40	20	1877.0	1.0655301012253597
chr18	41	15	1857.0	0.8077544426494345
chr18	42	22	1838.0	1.1969532100108813
chr18	43	35	1814.0	1.9294377067254687
chr18	44	17	1801.0	0.9439200444197668
chr18	45	19	1780.0	1.0674157303370786
chr18	46	27	1750.0	1.542857142857143
chr18	47	13	1715.0	0.7580174927113703
chr18	48	17	1684.0	1.009501187648456
chr18	49	11	1647.0	0.6678809957498483
chr18	50	11	1635.0	0.672782874617737
chr18	51	20	1602.0	1.2484394506866416
chr18	52	16	1574.0	1.0165184243964422
chr18	53	26	1543.0	1.6850291639662993
chr18	54	18	1524.0	1.1811023622047243
chr18	55	14	1506.0	0.9296148738379815
chr18	56	25	1485.0	1.6835016835016834
chr18	57	9	1456.0	0.6181318681318682
chr18	58	18	1429.0	1.2596221133659902
chr18	59	17	1397.0	1.2168933428775948
chr18	60	15	1368.0	1.0964912280701753
chr18	61	19	1343.0	1.4147431124348473
chr18	62	10	1323.0	0.7558578987150416
chr18	63	11	1303.0	0.844205679201842
chr18	64	17	1282.0	1.326053042121685
chr18	65	23	1257.0	1.8297533810660305
chr18	66	10	1238.0	0.8077544426494345
chr18	67	16	1217.0	1.314708299096138
chr18	68	13	1200.0	1.0833333333333335
chr18	69	10	1182.0	0.8460236886632826
chr18	70	14	1160.0	1.206896551724138
chr18	71	13	1140.0	1.1403508771929824
chr18	72	12	1125.0	1.0666666666666667
chr18	73	23	1100.0	2.090909090909091
chr18	74	20	1080.0	1.8518518518518516
chr18	75	14	1046.0	1.338432122370937
chr18	76	13	1019.0	1.2757605495583906
chr18	77	10	1002.0	0.998003992015968
chr18	78	6	983.0	0.6103763987792472
chr18	79	6	954.0	0.628930817610063
chr18	80	10	908.0	1.1013215859030838
chr18	81	14	890.0	1.5730337078651686
chr18	82	7	869.0	0.805523590333717
chr18	83	12	841.0	1.426872770511296
chr18	84	9	821.0	1.0962241169305724
chr18	85	7	795.0	0.8805031446540881
chr18	86	8	757.0	1.0568031704095113
chr18	87	11	728.0	1.510989010989011
chr18	88	6	705.0	0.851063829787234
chr18	89	7	678.0	1.0324483775811208
chr18	90	7	657.0	1.06544901065449
chr18	91	8	626.0	1.2779552715654952
chr18	92	3	606.0	0.49504950495049505
chr18	93	5	572.0	0.8741258741258742
chr18	94	11	537.0	2.0484171322160147
chr18	95	4	513.0	0.7797270955165692
chr18	96	4	491.0	0.8146639511201629
chr18	97	10	453.0	2.207505518763797
chr18	98	3	427.0	0.702576112412178
chr18	99	8	411.0	1.9464720194647203
chr18	100	7	391.0	1.7902813299232736
chr18	101	3	368.0	0.8152173913043478
chr18	102	9	347.0	2.5936599423631126
chr18	103	5	327.0	1.529051987767584
chr18	104	4	303.0	1.3201320132013201
chr18	105	2	280.0	0.7142857142857143
chr18	106	3	245.0	1.2244897959183674
chr18	107	1	213.0	0.4694835680751174
chr18	108	1	191.0	0.5235602094240838
chr18	109	0	147.0	0.0
chr18	110	2	123.0	1.6260162601626018
chr18	111	1	100.0	1.0
chr18	112	0	82.0	0.0
chr18	113	0	53.0	0.0
chr18	114	0	37.0	0.0
chr18	115	0	23.0	0.0
chr18	116	0	13.0	0.0
chr18	117	0	8.0	0.0
chr18	118	0	0.0	nan
chr18	119	0	0.0	nan
chr18	120	0	0.0	nan
chr18	121	0	0.0	nan
chr18	122	0	0.0	nan
chr18	123	0	0.0	nan
chr18	124	0	0.0	nan
chr18	125	0	0.0	nan
chr18	126	0	0.0	nan
chr18	127	0	0.0	nan
chr18	128	0	0.0	nan
chr18	129	0	0.0	nan
chr18	130	0	0.0	nan
chr18	131	0	0.0	nan
chr18	132	0	0.0	nan
chr18	133	0	0.0	nan
chr18	134	0	0.0	nan
chr18	135	0	0.0	nan
chr18	136	0	0.0	nan
chr18	137	0	0.0	nan
chr18	138	0	0.0	nan
chr18	139	0	0.0	nan
chr18	140	0	0.0	nan
chr18	141	0	0.0	nan
chr19	-129	0	2.0	0.0
chr19	-128	0	4.0	0.0
chr19	-127	0	12.0	0.0
chr19	-126	0	19.0	0.0
chr19	-125	0	32.0	0.0
chr19	-124	0	49.0	0.0
chr19	-123	0	57.0	0.0
chr19	-122	0	67.0	0.0
chr19	-121	0	77.0	0.0
chr19	-120	0	82.0	0.0
chr19	-119	0	100.0	0.0
chr19	-118	0	127.0	0.0
chr19	-117	0	134.0	0.0
chr19	-116	0	148.0	0.0
chr19	-115	0	153.0	0.0
chr19	-114	0	171.0	0.0
chr19	-113	1	177.0	0.5649717514124294
chr19	-112	1	193.0	0.5181347150259068
chr19	-111	0	217.0	0.0
chr19	-110	1	225.0	0.4444444444444444
chr19	-109	0	241.0	0.0
chr19	-108	0	254.0	0.0
chr19	-107	0	262.0	0.0
chr19	-106	0	279.0	0.0
chr19	-105	0	291.0	0.0
chr19	-104	1	303.0	0.33003300330033003
chr19	-103	0	318.0	0.0
chr19	-102	0	330.0	0.0
chr19	-101	0	344.0	0.0
chr19	-100	0	354.0	0.0
chr19	-99	0	359.0	0.0
chr19	-98	2	372.0	0.5376344086021506
chr19	-97	0	388.0	0.0
chr19	-96	0	400.0	0.0
chr19	-95	1	413.0	0.24213075060532688
chr19	-94	2	425.0	0.4705882352941176
chr19	-93	5	439.0	1.1389521640091116
chr19	-92	1	453.0	0.22075055187637968
chr19	-91	1	464.0	0.21551724137931033
chr19	-90	0	469.0	0.0
chr19	-89	0	481.0	0.0
chr19	-88	1	494.0	0.20242914979757085
chr19	-87	0	500.0	0.0
chr19	-86	0	512.0	0.0
chr19	-85	0	525.0	0.0
chr19	-84	5	532.0	0.9398496240601504
chr19	-83	1	552.0	0.18115942028985507
chr19	-82	0	571.0	0.0
chr19	-81	1	581.0	0.17211703958691912
chr19	-80	2	601.0	0.33277870216306155
chr19	-79	4	609.0	0.6568144499178982
chr19	-78	2	625.0	0.32
chr19	-77	1	648.0	0.15432098765432098
chr19	-76	2	652.0	0.3067484662576687
chr19	-75	0	663.0	0.0
chr19	-74	1	679.0	0.14727540500736377
chr19	-73	2	686.0	0.2915451895043732
chr19	-72	0	700.0	0.0
chr19	-71	2	707.0	0.2828854314002829
chr19	-70	1	711.0	0.14064697609001406
chr19	-69	1	726.0	0.13774104683195593
chr19	-68	2	746.0	0.2680965147453083
chr19	-67	1	750.0	0.13333333333333333
chr19	-66	2	758.0	0.2638522427440633
chr19	-65	8	769.0	1.0403120936280885
chr19	-64	1	782.0	0.1278772378516624
chr19	-63	1	797.0	0.12547051442910914
chr19	-62	1	810.0	0.12345679012345678
chr19	-61	1	820.0	0.12195121951219512
chr19	-60	1	834.0	0.1199040767386091
chr19	-59	1	844.0	0.11848341232227488
chr19	-58	0	860.0	0.0
chr19	-57	4	875.0	0.4571428571428572
chr19	-56	1	888.0	0.11261261261261261
chr19	-55	2	903.0	0.22148394241417496
chr19	-54	10	915.0	1.092896174863388
chr19	-53	5	930.0	0.5376344086021506
chr19	-52	12	940.0	1.276595744680851
chr19	-51	0	954.0	0.0
chr19	-50	0	966.0	0.0
chr19	-49	5	983.0	0.508646998982706
chr19	-48	1	997.0	0.10030090270812438
chr19	-47	0	1004.0	0.0
chr19	-46	0	1001.0	0.0
chr19	-45	0	1019.0	0.0
chr19	-44	16	1045.0	1.5311004784688995
chr19	-43	3	1060.0	0.2830188679245283
chr19	-42	4	1077.0	0.3714020427112349
chr19	-41	1	1093.0	0.09149130832570906
chr19	-40	1	1105.0	0.09049773755656108
chr19	-39	1	1118.0	0.08944543828264759
chr19	-38	1	1135.0	0.0881057268722467
chr19	-37	0	1152.0	0.0
chr19	-36	0	1167.0	0.0
chr19	-35	1	1181.0	0.0846740050804403
chr19	-34	1	1198.0	0.08347245409015025
chr19	-33	5	1226.0	0.40783034257748774
chr19	-32	1	1238.0	0.08077544426494346
chr19	-31	3	1260.0	0.2380952380952381
chr19	-30	5	1278.0	0.39123630672926446
chr19	-29	4	1291.0	0.3098373353989156
chr19	-28	13	1299.0	1.0007698229407236
chr19	-27	1	1318.0	0.07587253414264036
chr19	-26	3	1331.0	0.2253944402704733
chr19	-25	10	1343.0	0.7446016381236039
chr19	-24	3	1360.0	0.22058823529411764
chr19	-23	4	1378.0	0.29027576197387517
chr19	-22	1	1396.0	0.07163323782234957
chr19	-21	2	1409.0	0.14194464158977999
chr19	-20	3	1422.0	0.21097046413502107
chr19	-19	1	1433.0	0.06978367062107467
chr19	-18	5	1432.0	0.34916201117318435
chr19	-17	4	1443.0	0.2772002772002772
chr19	-16	3	1465.0	0.20477815699658702
chr19	-15	3	1488.0	0.20161290322580644
chr19	-14	2	1515.0	0.132013201320132
chr19	-13	1	1544.0	0.06476683937823835
chr19	-12	6	1565.0	0.38338658146964855
chr19	-11	3	1592.0	0.18844221105527637
chr19	-10	5	1621.0	0.30845157310302285
chr19	-9	5	1621.0	0.30845157310302285
chr19	-8	4	1621.0	0.24676125848241826
chr19	-7	5	1621.0	0.30845157310302285
chr19	-6	2	1621.0	0.12338062924120913
chr19	-5	12	1621.0	0.7402837754472548
chr19	-4	37	1621.0	2.282541640962369
chr19	-3	4	1621.0	0.24676125848241826
chr19	-2	0	1621.0	0.0
chr19	-1	15	1621.0	0.9253547193090685
chr19	0	84	1528.0	5.49738219895288
chr19	1	34	1519.0	2.238314680710994
chr19	2	15	1509.0	0.9940357852882704
chr19	3	47	1507.0	3.11877903118779
chr19	4	30	1496.0	2.0053475935828877
chr19	5	34	1484.0	2.2911051212938007
chr19	6	31	1469.0	2.110279101429544
chr19	7	22	1450.0	1.5172413793103448
chr19	8	24	1432.0	1.675977653631285
chr19	9	18	1420.0	1.267605633802817
chr19	10	22	1410.0	1.5602836879432624
chr19	11	21	1393.0	1.507537688442211
chr19	12	33	1377.0	2.3965141612200433
chr19	13	30	1374.0	2.1834061135371177
chr19	14	16	1342.0	1.1922503725782414
chr19	15	17	1318.0	1.289833080424886
chr19	16	16	1291.0	1.2393493415956625
chr19	17	38	1275.0	2.980392156862745
chr19	18	26	1284.0	2.0249221183800623
chr19	19	16	1275.0	1.2549019607843137
chr19	20	29	1263.0	2.2961203483768804
chr19	21	34	1250.0	2.7199999999999998
chr19	22	24	1240.0	1.935483870967742
chr19	23	12	1231.0	0.974817221770918
chr19	24	29	1222.0	2.3731587561374794
chr19	25	21	1210.0	1.7355371900826446
chr19	26	23	1200.0	1.9166666666666665
chr19	27	29	1190.0	2.4369747899159666
chr19	28	15	1172.0	1.2798634812286689
chr19	29	20	1157.0	1.728608470181504
chr19	30	19	1142.0	1.6637478108581436
chr19	31	18	1131.0	1.5915119363395225
chr19	32	33	1119.0	2.949061662198391
chr19	33	20	1111.0	1.8001800180018002
chr19	34	10	1095.0	0.91324200913242
chr19	35	18	1084.0	1.6605166051660518
chr19	36	22	1074.0	2.0484171322160147
chr19	37	15	1069.0	1.4031805425631432
chr19	38	13	1058.0	1.2287334593572778
chr19	39	11	1046.0	1.0516252390057361
chr19	40	14	1033.0	1.3552758954501452
chr19	41	28	1022.0	2.73972602739726
chr19	42	20	1004.0	1.9920318725099602
chr19	43	10	988.0	1.0121457489878543
chr19	44	25	965.0	2.5906735751295336
chr19	45	21	952.0	2.2058823529411766
chr19	46	20	951.0	2.1030494216614093
chr19	47	16	938.0	1.7057569296375266
chr19	48	20	922.0	2.1691973969631237
chr19	49	11	913.0	1.2048192771084338
chr19	50	15	899.0	1.668520578420467
chr19	51	23	891.0	2.581369248035915
chr19	52	30	882.0	3.4013605442176873
chr19	53	15	869.0	1.726121979286536
chr19	54	20	860.0	2.3255813953488373
chr19	55	12	854.0	1.405152224824356
chr19	56	21	848.0	2.4764150943396226
chr19	57	15	826.0	1.8159806295399514
chr19	58	10	813.0	1.2300123001230012
chr19	59	13	805.0	1.6149068322981366
chr19	60	15	801.0	1.8726591760299627
chr19	61	13	790.0	1.6455696202531647
chr19	62	21	772.0	2.7202072538860103
chr19	63	14	757.0	1.8494055482166447
chr19	64	24	742.0	3.234501347708895
chr19	65	7	731.0	0.957592339261286
chr19	66	12	718.0	1.6713091922005572
chr19	67	9	705.0	1.276595744680851
chr19	68	11	692.0	1.5895953757225432
chr19	69	14	678.0	2.0648967551622417
chr19	70	5	658.0	0.7598784194528876
chr19	71	20	643.0	3.1104199066874028
chr19	72	4	631.0	0.6339144215530903
chr19	73	15	624.0	2.403846153846154
chr19	74	11	616.0	1.7857142857142856
chr19	75	10	610.0	1.639344262295082
chr19	76	5	596.0	0.8389261744966443
chr19	77	12	579.0	2.072538860103627
chr19	78	8	561.0	1.4260249554367201
chr19	79	7	549.0	1.2750455373406193
chr19	80	4	537.0	0.74487895716946
chr19	81	14	527.0	2.6565464895635675
chr19	82	10	515.0	1.9417475728155338
chr19	83	13	500.0	2.6
chr19	84	12	488.0	2.459016393442623
chr19	85	9	473.0	1.9027484143763214
chr19	86	5	454.0	1.1013215859030838
chr19	87	10	434.0	2.3041474654377883
chr19	88	5	422.0	1.1848341232227488
chr19	89	8	411.0	1.9464720194647203
chr19	90	6	393.0	1.5267175572519083
chr19	91	2	383.0	0.5221932114882507
chr19	92	2	366.0	0.546448087431694
chr19	93	8	349.0	2.292263610315186
chr19	94	12	331.0	3.625377643504532
chr19	95	5	311.0	1.607717041800643
chr19	96	5	293.0	1.7064846416382253
chr19	97	8	277.0	2.888086642599278
chr19	98	6	267.0	2.247191011235955
chr19	99	3	250.0	1.2
chr19	100	2	238.0	0.8403361344537815
chr19	101	0	222.0	0.0
chr19	102	4	207.0	1.932367149758454
chr19	103	5	187.0	2.6737967914438503
chr19	104	1	176.0	0.5681818181818182
chr19	105	2	158.0	1.2658227848101267
chr19	106	2	143.0	1.3986013986013985
chr19	107	1	134.0	0.7462686567164178
chr19	108	0	111.0	0.0
chr19	109	1	93.0	1.0752688172043012
chr19	110	0	77.0	0.0
chr19	111	0	65.0	0.0
chr19	112	0	48.0	0.0
chr19	113	0	41.0	0.0
chr19	114	0	24.0	0.0
chr19	115	0	16.0	0.0
chr19	116	0	7.0	0.0
chr19	117	0	4.0	0.0
chr19	118	0	0.0	nan
chr19	119	0	0.0	nan
chr19	120	0	0.0	nan
chr19	121	0	0.0	nan
chr19	122	0	0.0	nan
chr19	123	0	0.0	nan
chr19	124	0	0.0	nan
chr19	125	0	0.0	nan
chr19	126	0	0.0	nan
chr19	127	0	0.0	nan
chr19	128	0	0.0	nan
chr20	-136	0	1.0	0.0
chr20	-135	0	1.0	0.0
chr20	-134	0	1.0	0.0
chr20	-133	0	1.0	0.0
chr20	-132	0	1.0	0.0
chr20	-131	0	2.0	0.0
chr20	-130	0	2.0	0.0
chr20	-129	0	6.0	0.0
chr20	-128	0	9.0	0.0
chr20	-127	0	16.0	0.0
chr20	-126	0	23.0	0.0
chr20	-125	0	32.0	0.0
chr20	-124	0	43.0	0.0
chr20	-123	0	48.0	0.0
chr20	-122	0	59.0	0.0
chr20	-121	0	61.0	0.0
chr20	-120	0	70.0	0.0
chr20	-119	0	71.0	0.0
chr20	-118	1	81.0	1.2345679012345678
chr20	-117	2	101.0	1.9801980198019802
chr20	-116	0	110.0	0.0
chr20	-115	0	119.0	0.0
chr20	-114	0	126.0	0.0
chr20	-113	0	129.0	0.0
chr20	-112	1	134.0	0.7462686567164178
chr20	-111	0	142.0	0.0
chr20	-110	0	152.0	0.0
chr20	-109	0	156.0	0.0
chr20	-108	0	161.0	0.0
chr20	-107	0	167.0	0.0
chr20	-106	0	173.0	0.0
chr20	-105	0	179.0	0.0
chr20	-104	0	181.0	0.0
chr20	-103	1	198.0	0.5050505050505051
chr20	-102	0	202.0	0.0
chr20	-101	1	212.0	0.4716981132075472
chr20	-100	0	217.0	0.0
chr20	-99	0	224.0	0.0
chr20	-98	0	229.0	0.0
chr20	-97	1	239.0	0.41841004184100417
chr20	-96	0	250.0	0.0
chr20	-95	0	254.0	0.0
chr20	-94	0	260.0	0.0
chr20	-93	0	267.0	0.0
chr20	-92	0	273.0	0.0
chr20	-91	1	280.0	0.35714285714285715
chr20	-90	0	285.0	0.0
chr20	-89	0	291.0	0.0
chr20	-88	0	296.0	0.0
chr20	-87	0	304.0	0.0
chr20	-86	0	307.0	0.0
chr20	-85	0	311.0	0.0
chr20	-84	0	326.0	0.0
chr20	-83	1	338.0	0.2958579881656805
chr20	-82	0	345.0	0.0
chr20	-81	0	351.0	0.0
chr20	-80	0	368.0	0.0
chr20	-79	11	377.0	2.9177718832891246
chr20	-78	0	386.0	0.0
chr20	-77	0	395.0	0.0
chr20	-76	1	403.0	0.24813895781637718
chr20	-75	2	414.0	0.4830917874396135
chr20	-74	1	437.0	0.2288329519450801
chr20	-73	0	442.0	0.0
chr20	-72	0	448.0	0.0
chr20	-71	0	453.0	0.0
chr20	-70	0	461.0	0.0
chr20	-69	0	469.0	0.0
chr20	-68	0	475.0	0.0
chr20	-67	2	480.0	0.4166666666666667
chr20	-66	7	485.0	1.443298969072165
chr20	-65	0	496.0	0.0
chr20	-64	2	507.0	0.39447731755424065
chr20	-63	1	513.0	0.1949317738791423
chr20	-62	0	515.0	0.0
chr20	-61	1	529.0	0.1890359168241966
chr20	-60	2	536.0	0.3731343283582089
chr20	-59	0	550.0	0.0
chr20	-58	7	560.0	1.25
chr20	-57	0	567.0	0.0
chr20	-56	0	577.0	0.0
chr20	-55	0	581.0	0.0
chr20	-54	4	588.0	0.6802721088435374
chr20	-53	0	591.0	0.0
chr20	-52	15	601.0	2.4958402662229617
chr20	-51	0	607.0	0.0
chr20	-50	6	613.0	0.9787928221859705
chr20	-49	0	617.0	0.0
chr20	-48	0	631.0	0.0
chr20	-47	0	638.0	0.0
chr20	-46	20	646.0	3.0959752321981426
chr20	-45	2	649.0	0.30816640986132515
chr20	-44	1	660.0	0.15151515151515152
chr20	-43	0	671.0	0.0
chr20	-42	1	675.0	0.14814814814814814
chr20	-41	0	679.0	0.0
chr20	-40	0	690.0	0.0
chr20	-39	2	695.0	0.28776978417266186
chr20	-38	8	707.0	1.1315417256011315
chr20	-37	13	716.0	1.8156424581005588
chr20	-36	1	724.0	0.13812154696132595
chr20	-35	2	727.0	0.2751031636863824
chr20	-34	1	735.0	0.13605442176870747
chr20	-33	3	742.0	0.40431266846361186
chr20	-32	0	750.0	0.0
chr20	-31	1	759.0	0.13175230566534915
chr20	-30	0	771.0	0.0
chr20	-29	3	784.0	0.3826530612244898
chr20	-28	1	788.0	0.12690355329949238
chr20	-27	1	797.0	0.12547051442910914
chr20	-26	1	808.0	0.12376237623762376
chr20	-25	1	821.0	0.12180267965895249
chr20	-24	0	832.0	0.0
chr20	-23	4	846.0	0.4728132387706856
chr20	-22	1	858.0	0.11655011655011654
chr20	-21	1	862.0	0.11600928074245939
chr20	-20	1	872.0	0.11467889908256881
chr20	-19	3	882.0	0.3401360544217687
chr20	-18	2	903.0	0.22148394241417496
chr20	-17	10	910.0	1.098901098901099
chr20	-16	4	921.0	0.43431053203040176
chr20	-15	3	941.0	0.3188097768331562
chr20	-14	0	951.0	0.0
chr20	-13	2	963.0	0.20768431983385255
chr20	-12	0	980.0	0.0
chr20	-11	3	990.0	0.30303030303030304
chr20	-10	3	998.0	0.30060120240480964
chr20	-9	0	998.0	0.0
chr20	-8	0	998.0	0.0
chr20	-7	3	998.0	0.30060120240480964
chr20	-6	3	998.0	0.30060120240480964
chr20	-5	7	998.0	0.7014028056112225
chr20	-4	5	998.0	0.501002004008016
chr20	-3	6	998.0	0.6012024048096193
chr20	-2	19	998.0	1.903807615230461
chr20	-1	1	987.0	0.10131712259371835
chr20	0	25	966.0	2.587991718426501
chr20	1	18	958.0	1.8789144050104383
chr20	2	8	945.0	0.8465608465608466
chr20	3	5	936.0	0.5341880341880342
chr20	4	6	921.0	0.6514657980456027
chr20	5	4	915.0	0.4371584699453552
chr20	6	7	903.0	0.7751937984496124
chr20	7	8	898.0	0.8908685968819599
chr20	8	14	887.0	1.5783540022547913
chr20	9	7	876.0	0.7990867579908676
chr20	10	7	863.0	0.8111239860950173
chr20	11	7	857.0	0.8168028004667445
chr20	12	8	848.0	0.9433962264150944
chr20	13	8	845.0	0.9467455621301776
chr20	14	18	833.0	2.1608643457382954
chr20	15	9	828.0	1.0869565217391304
chr20	16	19	822.0	2.3114355231143553
chr20	17	3	818.0	0.36674816625916873
chr20	18	9	813.0	1.107011070110701
chr20	19	4	807.0	0.49566294919454773
chr20	20	7	806.0	0.8684863523573202
chr20	21	5	799.0	0.6257822277847309
chr20	22	10	786.0	1.2722646310432568
chr20	23	7	779.0	0.8985879332477535
chr20	24	7	773.0	0.9055627425614489
chr20	25	3	767.0	0.3911342894393742
chr20	26	6	755.0	0.7947019867549668
chr20	27	14	749.0	1.8691588785046727
chr20	28	6	740.0	0.8108108108108109
chr20	29	4	735.0	0.5442176870748299
chr20	30	3	725.0	0.41379310344827586
chr20	31	6	708.0	0.847457627118644
chr20	32	4	697.0	0.5738880918220948
chr20	33	7	693.0	1.0101010101010102
chr20	34	4	686.0	0.5830903790087464
chr20	35	9	679.0	1.3254786450662739
chr20	36	15	673.0	2.2288261515601784
chr20	37	5	666.0	0.7507507507507507
chr20	38	9	658.0	1.3677811550151975
chr20	39	1	648.0	0.15432098765432098
chr20	40	11	635.0	1.7322834645669292
chr20	41	4	628.0	0.6369426751592357
chr20	42	7	622.0	1.1254019292604502
chr20	43	6	616.0	0.974025974025974
chr20	44	7	606.0	1.155115511551155
chr20	45	22	598.0	3.678929765886288
chr20	46	6	582.0	1.0309278350515463
chr20	47	4	571.0	0.7005253940455342
chr20	48	4	569.0	0.7029876977152899
chr20	49	13	564.0	2.304964539007092
chr20	50	5	557.0	0.8976660682226212
chr20	51	16	546.0	2.93040293040293
chr20	52	4	532.0	0.7518796992481203
chr20	53	9	529.0	1.7013232514177694
chr20	54	4	516.0	0.7751937984496124
chr20	55	8	510.0	1.5686274509803921
chr20	56	2	503.0	0.3976143141153081
chr20	57	19	497.0	3.8229376257545273
chr20	58	3	491.0	0.6109979633401221
chr20	59	3	486.0	0.6172839506172839
chr20	60	2	479.0	0.41753653444676403
chr20	61	1	471.0	0.21231422505307856
chr20	62	1	459.0	0.2178649237472767
chr20	63	1	445.0	0.22471910112359553
chr20	64	7	439.0	1.5945330296127564
chr20	65	6	434.0	1.3824884792626728
chr20	66	3	428.0	0.7009345794392523
chr20	67	7	423.0	1.6548463356973995
chr20	68	6	419.0	1.431980906921241
chr20	69	3	410.0	0.7317073170731708
chr20	70	2	402.0	0.4975124378109453
chr20	71	3	397.0	0.7556675062972292
chr20	72	6	391.0	1.5345268542199488
chr20	73	1	387.0	0.2583979328165375
chr20	74	5	381.0	1.3123359580052494
chr20	75	2	372.0	0.5376344086021506
chr20	76	11	362.0	3.0386740331491713
chr20	77	2	352.0	0.5681818181818182
chr20	78	20	347.0	5.763688760806916
chr20	79	6	342.0	1.7543859649122806
chr20	80	5	330.0	1.5151515151515151
chr20	81	4	321.0	1.2461059190031152
chr20	82	7	309.0	2.26537216828479
chr20	83	5	301.0	1.6611295681063125
chr20	84	4	289.0	1.384083044982699
chr20	85	4	282.0	1.4184397163120568
chr20	86	4	272.0	1.4705882352941175
chr20	87	4	267.0	1.4981273408239701
chr20	88	2	263.0	0.7604562737642585
chr20	89	3	255.0	1.1764705882352942
chr20	90	1	251.0	0.398406374501992
chr20	91	4	243.0	1.646090534979424
chr20	92	3	229.0	1.3100436681222707
chr20	93	0	220.0	0.0
chr20	94	3	215.0	1.3953488372093024
chr20	95	0	200.0	0.0
chr20	96	1	189.0	0.5291005291005291
chr20	97	0	176.0	0.0
chr20	98	2	161.0	1.2422360248447204
chr20	99	4	155.0	2.5806451612903225
chr20	100	0	146.0	0.0
chr20	101	0	138.0	0.0
chr20	102	0	128.0	0.0
chr20	103	0	110.0	0.0
chr20	104	2	104.0	1.9230769230769231
chr20	105	0	97.0	0.0
chr20	106	0	85.0	0.0
chr20	107	1	73.0	1.36986301369863
chr20	108	0	63.0	0.0
chr20	109	0	58.0	0.0
chr20	110	1	50.0	2.0
chr20	111	0	44.0	0.0
chr20	112	0	31.0	0.0
chr20	113	0	24.0	0.0
chr20	114	0	17.0	0.0
chr20	115	0	11.0	0.0
chr20	116	0	8.0	0.0
chr20	117	0	2.0	0.0
chr20	118	0	0.0	nan
chr20	119	0	0.0	nan
chr20	120	0	0.0	nan
chr20	121	0	0.0	nan
chr20	122	0	0.0	nan
chr20	123	0	0.0	nan
chr20	124	0	0.0	nan
chr20	125	0	0.0	nan
chr20	126	0	0.0	nan
chr20	127	0	0.0	nan
chr20	128	0	0.0	nan
chr20	129	0	0.0	nan
chr20	130	0	0.0	nan
chr20	131	0	0.0	nan
chr20	132	0	0.0	nan
chr20	133	0	0.0	nan
chr21	-128	0	10.0	0.0
chr21	-127	0	19.0	0.0
chr21	-126	0	32.0	0.0
chr21	-125	0	43.0	0.0
chr21	-124	0	52.0	0.0
chr21	-123	0	70.0	0.0
chr21	-122	0	82.0	0.0
chr21	-121	0	93.0	0.0
chr21	-120	0	115.0	0.0
chr21	-119	0	131.0	0.0
chr21	-118	0	142.0	0.0
chr21	-117	2	159.0	1.257861635220126
chr21	-116	0	177.0	0.0
chr21	-115	0	187.0	0.0
chr21	-114	0	210.0	0.0
chr21	-113	0	220.0	0.0
chr21	-112	6	230.0	2.608695652173913
chr21	-111	11	238.0	4.621848739495799
chr21	-110	0	249.0	0.0
chr21	-109	0	276.0	0.0
chr21	-108	11	287.0	3.8327526132404177
chr21	-107	0	296.0	0.0
chr21	-106	1	313.0	0.3194888178913738
chr21	-105	0	330.0	0.0
chr21	-104	1	344.0	0.29069767441860467
chr21	-103	0	358.0	0.0
chr21	-102	2	381.0	0.5249343832020997
chr21	-101	0	396.0	0.0
chr21	-100	10	410.0	2.4390243902439024
chr21	-99	0	428.0	0.0
chr21	-98	2	451.0	0.4434589800443459
chr21	-97	0	466.0	0.0
chr21	-96	1	484.0	0.2066115702479339
chr21	-95	2	500.0	0.4
chr21	-94	0	514.0	0.0
chr21	-93	5	525.0	0.9523809523809524
chr21	-92	0	539.0	0.0
chr21	-91	0	553.0	0.0
chr21	-90	0	568.0	0.0
chr21	-89	0	586.0	0.0
chr21	-88	0	599.0	0.0
chr21	-87	0	616.0	0.0
chr21	-86	0	629.0	0.0
chr21	-85	0	649.0	0.0
chr21	-84	0	663.0	0.0
chr21	-83	0	676.0	0.0
chr21	-82	0	686.0	0.0
chr21	-81	0	692.0	0.0
chr21	-80	8	719.0	1.1126564673157162
chr21	-79	0	732.0	0.0
chr21	-78	1	750.0	0.13333333333333333
chr21	-77	0	770.0	0.0
chr21	-76	3	784.0	0.3826530612244898
chr21	-75	0	807.0	0.0
chr21	-74	0	821.0	0.0
chr21	-73	0	833.0	0.0
chr21	-72	2	841.0	0.23781212841854932
chr21	-71	3	859.0	0.3492433061699651
chr21	-70	0	870.0	0.0
chr21	-69	0	889.0	0.0
chr21	-68	3	906.0	0.33112582781456956
chr21	-67	0	915.0	0.0
chr21	-66	2	928.0	0.21551724137931033
chr21	-65	0	944.0	0.0
chr21	-64	1	959.0	0.10427528675703858
chr21	-63	0	979.0	0.0
chr21	-62	0	990.0	0.0
chr21	-61	0	1005.0	0.0
chr21	-60	0	1020.0	0.0
chr21	-59	0	1032.0	0.0
chr21	-58	1	1052.0	0.09505703422053231
chr21	-57	1	1065.0	0.09389671361502347
chr21	-56	7	1088.0	0.6433823529411764
chr21	-55	5	1099.0	0.4549590536851683
chr21	-54	4	1109.0	0.36068530207394045
chr21	-53	0	1144.0	0.0
chr21	-52	2	1155.0	0.17316017316017315
chr21	-51	2	1167.0	0.17137960582690662
chr21	-50	0	1179.0	0.0
chr21	-49	1	1155.0	0.08658008658008658
chr21	-48	18	1202.0	1.497504159733777
chr21	-47	37	1215.0	3.0452674897119345
chr21	-46	2	1234.0	0.1620745542949757
chr21	-45	2	1254.0	0.1594896331738437
chr21	-44	3	1267.0	0.23677979479084454
chr21	-43	0	1273.0	0.0
chr21	-42	4	1292.0	0.30959752321981426
chr21	-41	8	1306.0	0.6125574272588056
chr21	-40	27	1327.0	2.0346646571213265
chr21	-39	5	1336.0	0.37425149700598803
chr21	-38	3	1346.0	0.22288261515601782
chr21	-37	1	1366.0	0.07320644216691069
chr21	-36	3	1382.0	0.21707670043415342
chr21	-35	5	1385.0	0.36101083032490977
chr21	-34	3	1393.0	0.21536252692031585
chr21	-33	3	1405.0	0.21352313167259787
chr21	-32	3	1417.0	0.2117148906139732
chr21	-31	1	1430.0	0.06993006993006994
chr21	-30	4	1437.0	0.2783576896311761
chr21	-29	2	1464.0	0.1366120218579235
chr21	-28	3	1476.0	0.20325203252032523
chr21	-27	1	1494.0	0.06693440428380187
chr21	-26	1	1507.0	0.06635700066357
chr21	-25	3	1523.0	0.1969796454366382
chr21	-24	1	1530.0	0.065359477124183
chr21	-23	9	1542.0	0.5836575875486382
chr21	-22	2	1513.0	0.13218770654329146
chr21	-21	0	1571.0	0.0
chr21	-20	0	1585.0	0.0
chr21	-19	2	1609.0	0.1243008079552517
chr21	-18	1	1627.0	0.06146281499692685
chr21	-17	6	1651.0	0.36341611144760755
chr21	-16	1	1672.0	0.05980861244019139
chr21	-15	2	1688.0	0.11848341232227488
chr21	-14	1	1702.0	0.05875440658049354
chr21	-13	9	1742.0	0.5166475315729048
chr21	-12	1	1769.0	0.05652911249293386
chr21	-11	7	1781.0	0.39303761931499154
chr21	-10	2	1805.0	0.110803324099723
chr21	-9	0	1805.0	0.0
chr21	-8	4	1805.0	0.221606648199446
chr21	-7	7	1805.0	0.3878116343490305
chr21	-6	2	1805.0	0.110803324099723
chr21	-5	2	1805.0	0.110803324099723
chr21	-4	1	1804.0	0.05543237250554324
chr21	-3	3	1805.0	0.16620498614958448
chr21	-2	5	1804.0	0.2771618625277162
chr21	-1	3	1805.0	0.16620498614958448
chr21	0	32	1746.0	1.8327605956471937
chr21	1	9	1738.0	0.5178365937859608
chr21	2	17	1720.0	0.9883720930232558
chr21	3	18	1706.0	1.0550996483001172
chr21	4	40	1693.0	2.362669816893089
chr21	5	12	1680.0	0.7142857142857143
chr21	6	21	1662.0	1.263537906137184
chr21	7	11	1638.0	0.6715506715506716
chr21	8	21	1619.0	1.2970969734403952
chr21	9	10	1603.0	0.6238303181534623
chr21	10	13	1589.0	0.8181246066708621
chr21	11	36	1576.0	2.284263959390863
chr21	12	5	1555.0	0.3215434083601286
chr21	13	20	1542.0	1.297016861219196
chr21	14	26	1521.0	1.7094017094017095
chr21	15	13	1510.0	0.8609271523178808
chr21	16	16	1502.0	1.0652463382157125
chr21	17	9	1490.0	0.6040268456375839
chr21	18	12	1476.0	0.8130081300813009
chr21	19	14	1465.0	0.955631399317406
chr21	20	24	1445.0	1.6608996539792389
chr21	21	16	1390.0	1.1510791366906474
chr21	22	14	1421.0	0.9852216748768473
chr21	23	11	1401.0	0.7851534618129907
chr21	24	11	1382.0	0.7959479015918958
chr21	25	20	1370.0	1.4598540145985401
chr21	26	12	1357.0	0.8843036109064112
chr21	27	11	1342.0	0.819672131147541
chr21	28	14	1325.0	1.0566037735849056
chr21	29	13	1299.0	1.0007698229407236
chr21	30	9	1277.0	0.7047768206734534
chr21	31	6	1263.0	0.4750593824228029
chr21	32	11	1247.0	0.8821170809943866
chr21	33	10	1234.0	0.8103727714748784
chr21	34	6	1218.0	0.49261083743842365
chr21	35	17	1202.0	1.4143094841930115
chr21	36	9	1182.0	0.7614213197969544
chr21	37	12	1166.0	1.0291595197255576
chr21	38	7	1148.0	0.6097560975609756
chr21	39	34	1136.0	2.992957746478873
chr21	40	9	1127.0	0.7985803016858917
chr21	41	7	1114.0	0.6283662477558348
chr21	42	11	1094.0	1.0054844606946984
chr21	43	15	1074.0	1.3966480446927374
chr21	44	10	1059.0	0.9442870632672332
chr21	45	16	1046.0	1.5296367112810707
chr21	46	44	1038.0	4.238921001926782
chr21	47	28	1027.0	2.726387536514119
chr21	48	12	969.0	1.238390092879257
chr21	49	6	981.0	0.6116207951070336
chr21	50	5	971.0	0.5149330587023687
chr21	51	7	952.0	0.7352941176470588
chr21	52	6	939.0	0.6389776357827476
chr21	53	8	931.0	0.8592910848549946
chr21	54	16	920.0	1.7391304347826086
chr21	55	3	910.0	0.32967032967032966
chr21	56	15	896.0	1.6741071428571428
chr21	57	7	878.0	0.7972665148063782
chr21	58	15	858.0	1.7482517482517483
chr21	59	10	845.0	1.183431952662722
chr21	60	2	835.0	0.23952095808383234
chr21	61	10	822.0	1.2165450121654502
chr21	62	9	810.0	1.1111111111111112
chr21	63	5	788.0	0.6345177664974619
chr21	64	1	770.0	0.12987012987012986
chr21	65	11	750.0	1.4666666666666666
chr21	66	2	734.0	0.2724795640326975
chr21	67	6	724.0	0.8287292817679558
chr21	68	13	711.0	1.8284106891701828
chr21	69	9	700.0	1.2857142857142856
chr21	70	3	668.0	0.4491017964071856
chr21	71	7	656.0	1.0670731707317074
chr21	72	5	636.0	0.7861635220125787
chr21	73	5	623.0	0.8025682182985553
chr21	74	5	614.0	0.8143322475570033
chr21	75	19	591.0	3.2148900169204735
chr21	76	6	581.0	1.0327022375215147
chr21	77	2	567.0	0.3527336860670194
chr21	78	5	553.0	0.9041591320072333
chr21	79	19	541.0	3.512014787430684
chr21	80	3	520.0	0.576923076923077
chr21	81	5	513.0	0.9746588693957114
chr21	82	5	499.0	1.002004008016032
chr21	83	2	476.0	0.42016806722689076
chr21	84	7	467.0	1.4989293361884368
chr21	85	8	455.0	1.7582417582417582
chr21	86	4	433.0	0.9237875288683602
chr21	87	2	419.0	0.47732696897374705
chr21	88	4	405.0	0.9876543209876543
chr21	89	6	395.0	1.5189873417721518
chr21	90	4	381.0	1.0498687664041995
chr21	91	6	368.0	1.6304347826086956
chr21	92	6	353.0	1.69971671388102
chr21	93	8	348.0	2.2988505747126435
chr21	94	6	338.0	1.7751479289940828
chr21	95	3	319.0	0.9404388714733543
chr21	96	4	304.0	1.3157894736842104
chr21	97	2	290.0	0.6896551724137931
chr21	98	1	282.0	0.3546099290780142
chr21	99	7	261.0	2.681992337164751
chr21	100	5	252.0	1.984126984126984
chr21	101	2	241.0	0.8298755186721992
chr21	102	0	232.0	0.0
chr21	103	0	214.0	0.0
chr21	104	0	203.0	0.0
chr21	105	1	188.0	0.5319148936170213
chr21	106	2	176.0	1.1363636363636365
chr21	107	9	168.0	5.357142857142857
chr21	108	3	156.0	1.9230769230769231
chr21	109	3	135.0	2.2222222222222223
chr21	110	2	115.0	1.7391304347826086
chr21	111	4	98.0	4.081632653061225
chr21	112	1	82.0	1.2195121951219512
chr21	113	2	70.0	2.857142857142857
chr21	114	0	62.0	0.0
chr21	115	1	32.0	3.125
chr21	116	0	9.0	0.0
chr21	117	0	4.0	0.0
chr21	118	0	0.0	nan
chr21	119	0	0.0	nan
chr21	120	0	0.0	nan
chr21	121	0	0.0	nan
chr21	122	0	0.0	nan
chr21	123	0	0.0	nan
chr21	124	0	0.0	nan
chr21	125	0	0.0	nan
chr21	126	0	0.0	nan
chr21	127	0	0.0	nan
chr21	128	0	0.0	nan
chr22	-147	0	0.0	nan
chr22	-146	0	0.0	nan
chr22	-145	0	0.0	nan
chr22	-144	0	0.0	nan
chr22	-143	0	0.0	nan
chr22	-142	0	0.0	nan
chr22	-141	0	0.0	nan
chr22	-140	0	0.0	nan
chr22	-139	0	1.0	0.0
chr22	-138	0	2.0	0.0
chr22	-137	0	2.0	0.0
chr22	-136	0	2.0	0.0
chr22	-135	0	2.0	0.0
chr22	-134	0	7.0	0.0
chr22	-133	0	7.0	0.0
chr22	-132	0	8.0	0.0
chr22	-131	0	10.0	0.0
chr22	-130	0	17.0	0.0
chr22	-129	0	130.0	0.0
chr22	-128	1	287.0	0.34843205574912894
chr22	-127	4	494.0	0.8097165991902834
chr22	-126	0	748.0	0.0
chr22	-125	1	990.0	0.10101010101010101
chr22	-124	3	1305.0	0.22988505747126436
chr22	-123	4	1665.0	0.24024024024024024
chr22	-122	2	2031.0	0.09847365829640572
chr22	-121	9	2406.0	0.3740648379052369
chr22	-120	8	2820.0	0.28368794326241137
chr22	-119	10	3194.0	0.31308703819661865
chr22	-118	11	3629.0	0.3031138054560485
chr22	-117	10	4034.0	0.2478929102627665
chr22	-116	9	4466.0	0.20152261531571877
chr22	-115	16	4909.0	0.3259319617029945
chr22	-114	12	5391.0	0.22259321090706735
chr22	-113	18	5832.0	0.30864197530864196
chr22	-112	12	6343.0	0.18918492826738137
chr22	-111	14	6826.0	0.20509815411661297
chr22	-110	11	7285.0	0.15099519560741248
chr22	-109	26	7751.0	0.3354405883111857
chr22	-108	20	8240.0	0.24271844660194172
chr22	-107	13	8702.0	0.1493909446104344
chr22	-106	13	9187.0	0.1415042995537172
chr22	-105	24	9588.0	0.2503128911138924
chr22	-104	11	10027.0	0.1097037997407001
chr22	-103	28	10464.0	0.2675840978593272
chr22	-102	30	10886.0	0.275583318023149
chr22	-101	12	11357.0	0.10566170643655896
chr22	-100	31	11821.0	0.2622451569241181
chr22	-99	14	12307.0	0.11375639879743235
chr22	-98	25	12781.0	0.19560284797746655
chr22	-97	38	13216.0	0.28753026634382567
chr22	-96	27	13665.0	0.19758507135016465
chr22	-95	34	14129.0	0.24063981881237173
chr22	-94	14	14661.0	0.09549143987449696
chr22	-93	48	15121.0	0.31743932279611137
chr22	-92	25	15566.0	0.16060644995503018
chr22	-91	22	15998.0	0.1375171896487061
chr22	-90	56	16453.0	0.3403634595514496
chr22	-89	30	16988.0	0.1765952437014363
chr22	-88	43	17416.0	0.2468994028479559
chr22	-87	33	17830.0	0.18508132361189006
chr22	-86	71	18298.0	0.38802054869384633
chr22	-85	56	18731.0	0.2989696225508515
chr22	-84	38	19238.0	0.19752573032539764
chr22	-83	66	19711.0	0.33483841509816853
chr22	-82	30	20193.0	0.14856633486851878
chr22	-81	35	20634.0	0.16962295240864592
chr22	-80	34	21129.0	0.1609162762080553
chr22	-79	30	21577.0	0.1390369374797238
chr22	-78	62	22002.0	0.28179256431233524
chr22	-77	44	22446.0	0.19602601799875255
chr22	-76	41	22917.0	0.17890648863289263
chr22	-75	72	23428.0	0.3073245688919242
chr22	-74	29	23909.0	0.1212932368564139
chr22	-73	46	24400.0	0.18852459016393444
chr22	-72	69	24875.0	0.27738693467336684
chr22	-71	50	25328.0	0.1974099810486418
chr22	-70	61	25788.0	0.23654412905227237
chr22	-69	59	26237.0	0.22487327057209286
chr22	-68	95	26709.0	0.3556853495076566
chr22	-67	73	27105.0	0.2693230031359528
chr22	-66	57	27583.0	0.2066490229489178
chr22	-65	62	28074.0	0.2208449098810287
chr22	-64	71	28517.0	0.24897429603394466
chr22	-63	90	28970.0	0.3106662064204349
chr22	-62	66	29453.0	0.22408583166400706
chr22	-61	50	29910.0	0.1671681711802073
chr22	-60	68	30385.0	0.22379463551094292
chr22	-59	56	30852.0	0.18151173343705432
chr22	-58	86	31358.0	0.2742521844505389
chr22	-57	48	31812.0	0.15088645794039984
chr22	-56	102	32263.0	0.3161516288007935
chr22	-55	57	32691.0	0.1743599155730935
chr22	-54	68	33187.0	0.20489950884382438
chr22	-53	118	33621.0	0.3509711192409506
chr22	-52	56	34160.0	0.16393442622950818
chr22	-51	56	34631.0	0.16170483093182408
chr22	-50	63	35127.0	0.17934921854983346
chr22	-49	102	35650.0	0.2861150070126227
chr22	-48	58	36105.0	0.1606425702811245
chr22	-47	111	36551.0	0.30368526168914667
chr22	-46	98	37047.0	0.26452884174157154
chr22	-45	91	37504.0	0.24264078498293518
chr22	-44	118	37969.0	0.31077984671705866
chr22	-43	98	38499.0	0.25455206628743604
chr22	-42	62	38980.0	0.1590559261159569
chr22	-41	114	39477.0	0.28877574283760166
chr22	-40	100	39934.0	0.2504131817498873
chr22	-39	92	40430.0	0.2275537966856295
chr22	-38	73	40896.0	0.17850156494522693
chr22	-37	76	41359.0	0.18375686065910685
chr22	-36	70	41839.0	0.1673080140538732
chr22	-35	72	42360.0	0.16997167138810199
chr22	-34	92	42848.0	0.2147124719940254
chr22	-33	134	43349.0	0.3091190108191654
chr22	-32	107	43853.0	0.24399698994367544
chr22	-31	101	44228.0	0.22836212354164784
chr22	-30	152	44773.0	0.3394903178254752
chr22	-29	82	45258.0	0.1811834371823766
chr22	-28	138	45814.0	0.30121796830663117
chr22	-27	161	46305.0	0.3476946334089191
chr22	-26	120	46818.0	0.2563116749967961
chr22	-25	86	47312.0	0.18177206628339534
chr22	-24	161	47786.0	0.3369187628175616
chr22	-23	120	48293.0	0.24848321702938314
chr22	-22	144	48796.0	0.29510615624231495
chr22	-21	210	49365.0	0.42540261318748096
chr22	-20	133	49953.0	0.26625027525874323
chr22	-19	162	50565.0	0.3203797092850786
chr22	-18	117	51159.0	0.22869876268105319
chr22	-17	233	51710.0	0.4505898278862889
chr22	-16	189	52284.0	0.3614872618774386
chr22	-15	181	52897.0	0.3421744144280394
chr22	-14	141	53581.0	0.2631529833336444
chr22	-13	229	54273.0	0.42194092827004215
chr22	-12	166	54981.0	0.3019224823120714
chr22	-11	198	55673.0	0.3556481597902035
chr22	-10	177	56392.0	0.31387430841254077
chr22	-9	345	56394.0	0.6117672092775828
chr22	-8	199	56422.0	0.3526993016908298
chr22	-7	270	56425.0	0.4785112981834293
chr22	-6	202	56429.0	0.35797196476988785
chr22	-5	276	56415.0	0.4892315873437915
chr22	-4	210	56417.0	0.3722282290798873
chr22	-3	137	56385.0	0.24297242174337147
chr22	-2	218	56284.0	0.38732144126217044
chr22	-1	361	56214.0	0.6421887785960793
chr22	0	1903	53820.0	3.5358602749907098
chr22	1	875	53538.0	1.634353169711233
chr22	2	785	53151.0	1.4769242347274745
chr22	3	934	52744.0	1.7708175337479144
chr22	4	1105	52265.0	2.114225581172869
chr22	5	779	51818.0	1.5033386082056428
chr22	6	851	51340.0	1.6575769380599923
chr22	7	689	50838.0	1.3552854164207877
chr22	8	789	50343.0	1.5672486740957035
chr22	9	627	49834.0	1.2581771481317976
chr22	10	674	49375.0	1.3650632911392406
chr22	11	726	48843.0	1.4863951845709722
chr22	12	670	48405.0	1.384154529490755
chr22	13	1075	47846.0	2.2467917903273
chr22	14	686	47352.0	1.4487244466970772
chr22	15	854	46870.0	1.8220610198421165
chr22	16	749	46378.0	1.6149898658846868
chr22	17	573	45902.0	1.2483116204086968
chr22	18	926	45393.0	2.0399621086951734
chr22	19	652	44947.0	1.450597370236056
chr22	20	636	44463.0	1.4304028068281494
chr22	21	989	44016.0	2.246910214467466
chr22	22	593	43544.0	1.3618408965643947
chr22	23	541	43117.0	1.2547255142983045
chr22	24	528	42623.0	1.2387678014217676
chr22	25	662	42181.0	1.5694269931959888
chr22	26	725	41731.0	1.7373175816539264
chr22	27	612	41304.0	1.4816966879721092
chr22	28	564	40834.0	1.3812019395601705
chr22	29	585	40423.0	1.447195903322366
chr22	30	491	39950.0	1.2290362953692116
chr22	31	476	39538.0	1.2039051039506299
chr22	32	511	39085.0	1.3074069336062428
chr22	33	466	38629.0	1.2063475627119522
chr22	34	433	38142.0	1.1352315033296627
chr22	35	537	37699.0	1.4244409666038886
chr22	36	493	37197.0	1.3253757023415866
chr22	37	504	36727.0	1.3722874179758762
chr22	38	484	36240.0	1.335540838852097
chr22	39	430	35832.0	1.2000446528242912
chr22	40	439	35350.0	1.241867043847242
chr22	41	368	34884.0	1.0549248939341818
chr22	42	436	34414.0	1.266926250944383
chr22	43	552	33951.0	1.6258725810727224
chr22	44	445	33477.0	1.3292708426681006
chr22	45	472	33021.0	1.4293934163108324
chr22	46	487	32618.0	1.493040652400515
chr22	47	487	32149.0	1.5148216118697315
chr22	48	454	31638.0	1.4349832479929199
chr22	49	409	31191.0	1.3112756884998877
chr22	50	431	30784.0	1.4000779625779625
chr22	51	418	30324.0	1.3784461152882206
chr22	52	488	29881.0	1.6331448077373583
chr22	53	390	29395.0	1.326756251063106
chr22	54	423	28969.0	1.4601815734060548
chr22	55	439	28518.0	1.5393786380531593
chr22	56	510	28037.0	1.8190248600064203
chr22	57	385	27640.0	1.3929088277858177
chr22	58	415	27227.0	1.524222279355052
chr22	59	409	26803.0	1.5259485878446442
chr22	60	361	26333.0	1.370903429157331
chr22	61	358	25874.0	1.3836283527865811
chr22	62	347	25415.0	1.3653354318315956
chr22	63	383	25010.0	1.531387445021991
chr22	64	355	24573.0	1.4446750498514631
chr22	65	443	24076.0	1.8400066456221962
chr22	66	302	23619.0	1.2786316101443753
chr22	67	365	23171.0	1.5752449182167363
chr22	68	397	22718.0	1.7475129852980016
chr22	69	338	22267.0	1.5179413481834105
chr22	70	289	21725.0	1.3302646720368239
chr22	71	335	21313.0	1.5718106320086331
chr22	72	256	20846.0	1.2280533435671113
chr22	73	223	20399.0	1.0931908426883672
chr22	74	269	19919.0	1.3504694010743512
chr22	75	276	19466.0	1.4178567759169833
chr22	76	242	18998.0	1.2738182966628067
chr22	77	197	18511.0	1.0642320782237589
chr22	78	170	17996.0	0.9446543676372527
chr22	79	199	17500.0	1.1371428571428572
chr22	80	208	17071.0	1.2184406303087107
chr22	81	214	16597.0	1.2893896487316985
chr22	82	242	16171.0	1.4965060911508254
chr22	83	235	15700.0	1.496815286624204
chr22	84	209	15220.0	1.3731931668856767
chr22	85	224	14753.0	1.5183352538466752
chr22	86	236	14261.0	1.6548629128392118
chr22	87	214	13811.0	1.5494895373253204
chr22	88	187	13373.0	1.3983399386824198
chr22	89	175	12895.0	1.3571151609150833
chr22	90	153	12426.0	1.2312892322549494
chr22	91	153	11939.0	1.2815143646871596
chr22	92	142	11441.0	1.2411502491040993
chr22	93	162	10938.0	1.4810751508502469
chr22	94	151	10454.0	1.4444231872967286
chr22	95	136	9973.0	1.3636819412413517
chr22	96	117	9460.0	1.236786469344609
chr22	97	116	9002.0	1.2886025327704953
chr22	98	84	8503.0	0.9878866282488532
chr22	99	115	8026.0	1.4328432594069276
chr22	100	124	7539.0	1.6447804748640402
chr22	101	89	7022.0	1.2674451723155795
chr22	102	79	6510.0	1.2135176651305684
chr22	103	63	6025.0	1.045643153526971
chr22	104	79	5508.0	1.4342774146695716
chr22	105	55	5005.0	1.098901098901099
chr22	106	60	4493.0	1.3354106387714222
chr22	107	42	3975.0	1.0566037735849056
chr22	108	36	3466.0	1.03866128101558
chr22	109	40	2964.0	1.349527665317139
chr22	110	27	2522.0	1.070578905630452
chr22	111	27	2114.0	1.2771996215704824
chr22	112	14	1726.0	0.8111239860950173
chr22	113	17	1292.0	1.3157894736842104
chr22	114	6	921.0	0.6514657980456027
chr22	115	7	599.0	1.1686143572621035
chr22	116	3	313.0	0.9584664536741214
chr22	117	1	97.0	1.0309278350515463
chr22	118	0	0.0	nan
chr22	119	0	0.0	nan
chr22	120	0	0.0	nan
chr22	121	0	0.0	nan
chr22	122	0	0.0	nan
chr22	123	0	0.0	nan
chr22	124	0	0.0	nan
chr22	125	0	0.0	nan
chr22	126	0	0.0	nan
chr22	127	0	0.0	nan
chr22	128	0	0.0	nan
chr22	129	0	0.0	nan
chr22	130	0	0.0	nan
chr22	131	0	0.0	nan
chr22	132	0	0.0	nan
chr22	133	0	0.0	nan
chr22	134	0	0.0	nan
chr22	135	0	0.0	nan
chr22	136	0	0.0	nan
chr22	137	0	0.0	nan
chr22	138	0	0.0	nan
chr22	139	0	0.0	nan
chr22	140	0	0.0	nan
chr22	141	0	0.0	nan
chr22	142	0	0.0	nan
chr22	143	0	0.0	nan
chr22	144	0	0.0	nan
chrX	-130	0	2.0	0.0
chrX	-129	2	35.0	5.714285714285714
chrX	-128	0	92.0	0.0
chrX	-127	0	158.0	0.0
chrX	-126	3	221.0	1.3574660633484164
chrX	-125	1	329.0	0.303951367781155
chrX	-124	1	410.0	0.24390243902439024
chrX	-123	0	517.0	0.0
chrX	-122	1	637.0	0.15698587127158556
chrX	-121	0	736.0	0.0
chrX	-120	2	833.0	0.24009603841536614
chrX	-119	0	948.0	0.0
chrX	-118	2	1082.0	0.18484288354898337
chrX	-117	2	1214.0	0.16474464579901155
chrX	-116	1	1356.0	0.07374631268436578
chrX	-115	1	1495.0	0.06688963210702341
chrX	-114	0	1633.0	0.0
chrX	-113	0	1753.0	0.0
chrX	-112	5	1891.0	0.26441036488630354
chrX	-111	3	2012.0	0.14910536779324055
chrX	-110	3	2135.0	0.1405152224824356
chrX	-109	2	2273.0	0.08798944126704795
chrX	-108	3	2410.0	0.12448132780082986
chrX	-107	5	2544.0	0.19654088050314467
chrX	-106	2	2681.0	0.07459903021260723
chrX	-105	1	2815.0	0.035523978685612786
chrX	-104	16	2959.0	0.5407232173031429
chrX	-103	4	3106.0	0.128783000643915
chrX	-102	3	3269.0	0.09177118384827164
chrX	-101	4	3401.0	0.11761246692149367
chrX	-100	2	3568.0	0.05605381165919283
chrX	-99	3	3684.0	0.08143322475570033
chrX	-98	6	3810.0	0.15748031496062992
chrX	-97	13	3946.0	0.3294475418144957
chrX	-96	2	4066.0	0.04918839153959665
chrX	-95	4	4199.0	0.09526077637532746
chrX	-94	4	4340.0	0.09216589861751152
chrX	-93	5	4479.0	0.11163206072784104
chrX	-92	1	4595.0	0.02176278563656148
chrX	-91	1	4724.0	0.021168501270110076
chrX	-90	12	4867.0	0.2465584549003493
chrX	-89	11	5002.0	0.21991203518592564
chrX	-88	1	5146.0	0.0194325689856199
chrX	-87	16	5279.0	0.3030877060049252
chrX	-86	13	5423.0	0.2397197123363452
chrX	-85	20	5556.0	0.3599712023038157
chrX	-84	3	5716.0	0.052484254723582924
chrX	-83	8	5847.0	0.13682230203523174
chrX	-82	6	5972.0	0.10046885465505692
chrX	-81	14	6085.0	0.23007395234182415
chrX	-80	16	6235.0	0.2566158781074579
chrX	-79	5	6369.0	0.07850525985241011
chrX	-78	13	6518.0	0.19944768333844737
chrX	-77	10	6673.0	0.14985763524651582
chrX	-76	11	6829.0	0.16107775662615317
chrX	-75	10	6987.0	0.1431229426077
chrX	-74	24	7132.0	0.33651149747616377
chrX	-73	7	7263.0	0.09637890678782872
chrX	-72	15	7391.0	0.20294953321607362
chrX	-71	11	7545.0	0.145791915175613
chrX	-70	9	7704.0	0.11682242990654204
chrX	-69	13	7845.0	0.165710643722116
chrX	-68	5	7976.0	0.06268806419257773
chrX	-67	12	8121.0	0.1477650535648319
chrX	-66	13	8260.0	0.15738498789346247
chrX	-65	19	8412.0	0.22586780789348548
chrX	-64	32	8555.0	0.3740502630040912
chrX	-63	8	8691.0	0.09204924634679554
chrX	-62	10	8827.0	0.11328877308258753
chrX	-61	29	8972.0	0.32322781988408383
chrX	-60	14	9138.0	0.15320639089516305
chrX	-59	10	9278.0	0.10778184953653806
chrX	-58	26	9407.0	0.2763899223982141
chrX	-57	15	9551.0	0.15705161763166162
chrX	-56	13	9678.0	0.13432527381690432
chrX	-55	11	9821.0	0.11200488748599939
chrX	-54	34	9969.0	0.34105727756043736
chrX	-53	23	10142.0	0.22677972786432657
chrX	-52	6	10287.0	0.058326042578011085
chrX	-51	19	10450.0	0.18181818181818182
chrX	-50	26	10572.0	0.24593265228906544
chrX	-49	27	10708.0	0.2521479267837131
chrX	-48	26	10858.0	0.2394547798857985
chrX	-47	15	10991.0	0.13647529797106722
chrX	-46	28	11157.0	0.25096352065967553
chrX	-45	24	11301.0	0.2123705866737457
chrX	-44	24	11492.0	0.20884093282283328
chrX	-43	27	11636.0	0.2320385012031626
chrX	-42	41	11768.0	0.34840244731475184
chrX	-41	18	11894.0	0.15133680847486128
chrX	-40	26	12013.0	0.21643219845167735
chrX	-39	33	12157.0	0.271448548161553
chrX	-38	25	12306.0	0.20315293352836014
chrX	-37	25	12466.0	0.2005454837157067
chrX	-36	16	12582.0	0.12716579240184392
chrX	-35	24	12720.0	0.18867924528301888
chrX	-34	27	12852.0	0.21008403361344538
chrX	-33	36	12975.0	0.2774566473988439
chrX	-32	11	13123.0	0.08382229673093043
chrX	-31	22	13255.0	0.16597510373443983
chrX	-30	26	13404.0	0.1939719486720382
chrX	-29	22	13551.0	0.16234964209283448
chrX	-28	28	13689.0	0.20454379428738403
chrX	-27	33	13864.0	0.2380265435660704
chrX	-26	22	14021.0	0.15690749589900863
chrX	-25	18	14182.0	0.12692144972500352
chrX	-24	51	14345.0	0.3555245730219589
chrX	-23	32	14474.0	0.22108608539450048
chrX	-22	25	14638.0	0.1707883590654461
chrX	-21	26	14790.0	0.1757944557133198
chrX	-20	53	14969.0	0.35406506780680075
chrX	-19	36	15155.0	0.23754536456614977
chrX	-18	31	15342.0	0.20205970538391343
chrX	-17	25	15501.0	0.16127991742468228
chrX	-16	30	15675.0	0.19138755980861244
chrX	-15	26	15831.0	0.16423472932853264
chrX	-14	46	16046.0	0.2866758070547177
chrX	-13	55	16258.0	0.3382949932341001
chrX	-12	43	16466.0	0.2611441758775659
chrX	-11	32	16660.0	0.19207683073229292
chrX	-10	42	16854.0	0.2491990032039872
chrX	-9	60	16857.0	0.3559352197899982
chrX	-8	67	16869.0	0.3971782559724939
chrX	-7	78	16866.0	0.46246887228744216
chrX	-6	53	16867.0	0.3142230390703741
chrX	-5	83	16863.0	0.49220186206487576
chrX	-4	40	16870.0	0.23710729104919975
chrX	-3	55	16868.0	0.3260611809343135
chrX	-2	47	16863.0	0.2787167170728814
chrX	-1	132	16848.0	0.7834757834757835
chrX	0	552	16202.0	3.406986791754105
chrX	1	243	16148.0	1.5048303195442159
chrX	2	231	16001.0	1.443659771264296
chrX	3	224	15872.0	1.411290322580645
chrX	4	300	15690.0	1.9120458891013385
chrX	5	227	15556.0	1.459244021599383
chrX	6	234	15431.0	1.5164279696714407
chrX	7	186	15303.0	1.215447951382082
chrX	8	202	15179.0	1.330785954278938
chrX	9	172	15022.0	1.1449873518839035
chrX	10	159	14869.0	1.0693388929988568
chrX	11	219	14720.0	1.4877717391304348
chrX	12	160	14572.0	1.0979961570134504
chrX	13	273	14398.0	1.8960966800944576
chrX	14	162	14260.0	1.1360448807854138
chrX	15	206	14135.0	1.4573753095153872
chrX	16	183	13992.0	1.3078902229845626
chrX	17	180	13830.0	1.3015184381778742
chrX	18	208	13681.0	1.5203566990717055
chrX	19	176	13520.0	1.301775147928994
chrX	20	134	13366.0	1.002543767768966
chrX	21	229	13250.0	1.728301886792453
chrX	22	156	13146.0	1.1866727521679599
chrX	23	174	13003.0	1.3381527339844652
chrX	24	111	12852.0	0.8636788048552755
chrX	25	137	12708.0	1.078061063896758
chrX	26	192	12576.0	1.5267175572519083
chrX	27	157	12445.0	1.2615508236239454
chrX	28	158	12332.0	1.2812195913071682
chrX	29	127	12199.0	1.0410689400770554
chrX	30	118	12058.0	0.9786034168187095
chrX	31	116	11929.0	0.9724201525693689
chrX	32	138	11803.0	1.1691942726425484
chrX	33	146	11663.0	1.2518220012003773
chrX	34	131	11534.0	1.135772498699497
chrX	35	130	11387.0	1.1416527619214893
chrX	36	163	11236.0	1.4506941972232112
chrX	37	136	11131.0	1.2218129548108885
chrX	38	115	10988.0	1.0465962868583911
chrX	39	130	10848.0	1.198377581120944
chrX	40	118	10724.0	1.1003356956359567
chrX	41	100	10599.0	0.9434852344560808
chrX	42	151	10443.0	1.4459446519199464
chrX	43	133	10306.0	1.290510382301572
chrX	44	116	10170.0	1.1406096361848574
chrX	45	108	10027.0	1.0770918519996011
chrX	46	141	9877.0	1.4275589753973879
chrX	47	150	9742.0	1.5397249024840896
chrX	48	125	9606.0	1.3012700395586092
chrX	49	94	9465.0	0.9931325937665082
chrX	50	125	9317.0	1.3416335730385318
chrX	51	98	9203.0	1.0648701510377052
chrX	52	117	9023.0	1.296686246259559
chrX	53	129	8875.0	1.4535211267605632
chrX	54	127	8740.0	1.4530892448512587
chrX	55	86	8622.0	0.9974483878450475
chrX	56	118	8463.0	1.3943046201110718
chrX	57	116	8336.0	1.3915547024952015
chrX	58	114	8152.0	1.3984298331697742
chrX	59	110	7998.0	1.3753438359589898
chrX	60	126	7861.0	1.6028495102404272
chrX	61	81	7733.0	1.0474589421957843
chrX	62	84	7579.0	1.1083256366275234
chrX	63	117	7443.0	1.5719467956469164
chrX	64	91	7311.0	1.2446997674736697
chrX	65	95	7177.0	1.3236728438066045
chrX	66	89	7030.0	1.2660028449502134
chrX	67	68	6898.0	0.9857929834734707
chrX	68	97	6733.0	1.4406653794742315
chrX	69	82	6605.0	1.2414837244511734
chrX	70	87	6477.0	1.3432144511347845
chrX	71	88	6343.0	1.3873561406274633
chrX	72	75	6207.0	1.208313194780087
chrX	73	61	6054.0	1.007598282127519
chrX	74	76	5914.0	1.2850862360500508
chrX	75	66	5755.0	1.1468288444830583
chrX	76	68	5624.0	1.209103840682788
chrX	77	64	5520.0	1.1594202898550725
chrX	78	57	5405.0	1.0545790934320074
chrX	79	47	5250.0	0.8952380952380953
chrX	80	51	5086.0	1.0027526543452614
chrX	81	48	4958.0	0.9681323114158934
chrX	82	66	4796.0	1.3761467889908259
chrX	83	61	4648.0	1.3123924268502583
chrX	84	52	4507.0	1.1537608165076547
chrX	85	79	4361.0	1.8115111213024535
chrX	86	87	4239.0	2.0523708421797595
chrX	87	48	4111.0	1.1675991243006567
chrX	88	52	3960.0	1.3131313131313131
chrX	89	44	3857.0	1.1407829919626653
chrX	90	39	3715.0	1.0497981157469718
chrX	91	43	3563.0	1.2068481616615212
chrX	92	35	3447.0	1.015375689004932
chrX	93	33	3302.0	0.9993943064809206
chrX	94	44	3154.0	1.3950538998097652
chrX	95	38	3004.0	1.2649800266311584
chrX	96	32	2865.0	1.1169284467713787
chrX	97	33	2713.0	1.2163656468853667
chrX	98	28	2563.0	1.0924697619976589
chrX	99	38	2419.0	1.5708970649028524
chrX	100	37	2267.0	1.6321129245699162
chrX	101	21	2116.0	0.9924385633270321
chrX	102	22	1950.0	1.1282051282051282
chrX	103	36	1801.0	1.9988895058300944
chrX	104	16	1655.0	0.9667673716012084
chrX	105	12	1503.0	0.7984031936127743
chrX	106	16	1389.0	1.1519078473722102
chrX	107	13	1219.0	1.0664479081214109
chrX	108	13	1073.0	1.211556383970177
chrX	109	11	928.0	1.1853448275862069
chrX	110	4	785.0	0.5095541401273885
chrX	111	13	657.0	1.97869101978691
chrX	112	3	545.0	0.5504587155963303
chrX	113	5	419.0	1.1933174224343674
chrX	114	3	298.0	1.006711409395973
chrX	115	1	191.0	0.5235602094240838
chrX	116	1	98.0	1.0204081632653061
chrX	117	1	42.0	2.380952380952381
chrX	118	0	0.0	nan
chrX	119	0	0.0	nan
chrX	120	0	0.0	nan
chrX	121	0	0.0	nan
chrX	122	0	0.0	nan
chrX	123	0	0.0	nan
chrX	124	0	0.0	nan
chrX	125	0	0.0	nan
chrX	126	0	0.0	nan
chrX	127	0	0.0	nan
chrX	128	0	0.0	nan
chrX	129	0	0.0	nan
chrX	130	0	0.0	nan
