chr1	-153	0	0.0	nan
chr1	-152	0	0.0	nan
chr1	-151	0	0.0	nan
chr1	-150	0	0.0	nan
chr1	-149	0	0.0	nan
chr1	-148	0	0.0	nan
chr1	-147	0	0.0	nan
chr1	-146	0	0.0	nan
chr1	-145	0	0.0	nan
chr1	-144	0	0.0	nan
chr1	-143	0	0.0	nan
chr1	-142	0	0.0	nan
chr1	-141	0	0.0	nan
chr1	-140	0	0.0	nan
chr1	-139	0	6.0	0.0
chr1	-138	4	6.0	66.66666666666666
chr1	-137	0	8.0	0.0
chr1	-136	0	11.0	0.0
chr1	-135	0	13.0	0.0
chr1	-134	0	17.0	0.0
chr1	-133	1	20.0	5.0
chr1	-132	2	30.0	6.666666666666667
chr1	-131	0	46.0	0.0
chr1	-130	2	314.0	0.6369426751592357
chr1	-129	0	710.0	0.0
chr1	-128	2	1235.0	0.16194331983805668
chr1	-127	4	1786.0	0.22396416573348266
chr1	-126	2	2444.0	0.08183306055646482
chr1	-125	7	3067.0	0.22823606129768503
chr1	-124	13	3767.0	0.34510220334483677
chr1	-123	10	4498.0	0.22232103156958646
chr1	-122	5	5165.0	0.0968054211035818
chr1	-121	12	5860.0	0.20477815699658702
chr1	-120	17	6591.0	0.2579274768623881
chr1	-119	25	7350.0	0.3401360544217687
chr1	-118	22	8079.0	0.2723109295704914
chr1	-117	38	8849.0	0.429427053904396
chr1	-116	16	9625.0	0.16623376623376623
chr1	-115	28	10414.0	0.2688688304205877
chr1	-114	21	11213.0	0.18728261838936947
chr1	-113	37	12004.0	0.3082305898033989
chr1	-112	17	12847.0	0.1323266132170935
chr1	-111	40	13712.0	0.29171528588098017
chr1	-110	53	14592.0	0.3632127192982456
chr1	-109	39	15471.0	0.2520845452782626
chr1	-108	36	16316.0	0.22064231429271883
chr1	-107	52	17105.0	0.3040046769950307
chr1	-106	34	17939.0	0.18953118902948882
chr1	-105	35	18825.0	0.18592297476759628
chr1	-104	34	19714.0	0.17246626762706707
chr1	-103	24	20591.0	0.11655577679568743
chr1	-102	30	21480.0	0.13966480446927373
chr1	-101	87	22412.0	0.38818490094592184
chr1	-100	47	23390.0	0.2009405728943993
chr1	-99	85	24323.0	0.34946347078896517
chr1	-98	40	25213.0	0.1586483163447428
chr1	-97	48	26156.0	0.1835142988224499
chr1	-96	60	27120.0	0.22123893805309736
chr1	-95	45	28074.0	0.16029066039752085
chr1	-94	46	28982.0	0.15871920502380787
chr1	-93	62	29875.0	0.2075313807531381
chr1	-92	73	30789.0	0.23709766475039787
chr1	-91	124	31826.0	0.38961855087035757
chr1	-90	50	32759.0	0.15262981165481243
chr1	-89	67	33793.0	0.19826591305891753
chr1	-88	77	34782.0	0.2213788741302973
chr1	-87	77	35693.0	0.21572857423024122
chr1	-86	99	36642.0	0.27018175863762894
chr1	-85	84	37604.0	0.22338049143708116
chr1	-84	70	38582.0	0.18143175574101914
chr1	-83	55	39603.0	0.13887836780041915
chr1	-82	106	40711.0	0.2603718896612709
chr1	-81	112	41689.0	0.2686560003837943
chr1	-80	92	42623.0	0.21584590479318677
chr1	-79	91	43626.0	0.20859120707834777
chr1	-78	128	44653.0	0.2866548720130786
chr1	-77	131	45699.0	0.28665835138624474
chr1	-76	70	46674.0	0.1499764322749282
chr1	-75	125	47717.0	0.2619611459228367
chr1	-74	165	48684.0	0.3389203845205817
chr1	-73	88	49748.0	0.17689153332797297
chr1	-72	94	50699.0	0.18540799621294307
chr1	-71	97	51714.0	0.18757009707235953
chr1	-70	181	52622.0	0.3439626011934172
chr1	-69	170	53596.0	0.31718784983954024
chr1	-68	108	54633.0	0.1976827192356268
chr1	-67	154	55624.0	0.27685890982309797
chr1	-66	97	56612.0	0.17134176499682047
chr1	-65	157	57543.0	0.2728394418087343
chr1	-64	147	58558.0	0.2510331637009461
chr1	-63	175	59581.0	0.29371779594165925
chr1	-62	146	60661.0	0.2406818219284219
chr1	-61	193	61623.0	0.3131947487139542
chr1	-60	177	62559.0	0.2829329113317029
chr1	-59	177	63574.0	0.2784157045332998
chr1	-58	175	64654.0	0.2706715748445572
chr1	-57	169	65639.0	0.25746888282880603
chr1	-56	157	66634.0	0.23561545157126992
chr1	-55	150	67609.0	0.2218639530240057
chr1	-54	185	68598.0	0.2696871628910464
chr1	-53	162	69598.0	0.23276530934796977
chr1	-52	163	70595.0	0.23089453927331965
chr1	-51	154	71589.0	0.21511684756037938
chr1	-50	170	72680.0	0.23390203632361034
chr1	-49	238	73780.0	0.3225806451612903
chr1	-48	228	74730.0	0.3050983540746688
chr1	-47	149	75769.0	0.19665034512795473
chr1	-46	189	76857.0	0.24591123775323004
chr1	-45	205	77903.0	0.26314776067673906
chr1	-44	254	78907.0	0.3218979304751163
chr1	-43	187	79902.0	0.23403669495131535
chr1	-42	190	80998.0	0.23457369317760932
chr1	-41	180	81994.0	0.21952825816523158
chr1	-40	227	83008.0	0.27346761757902854
chr1	-39	220	84026.0	0.2618237212291434
chr1	-38	260	85018.0	0.30581759156884425
chr1	-37	245	85995.0	0.2849002849002849
chr1	-36	227	87112.0	0.2605840756726972
chr1	-35	254	88156.0	0.28812559553518763
chr1	-34	246	89238.0	0.2756673166139985
chr1	-33	252	90273.0	0.2791532351866007
chr1	-32	201	91312.0	0.22012440862099175
chr1	-31	260	92369.0	0.2814797172211456
chr1	-30	335	93383.0	0.3587376717389675
chr1	-29	224	94464.0	0.23712737127371272
chr1	-28	368	95539.0	0.38518301426642526
chr1	-27	339	96582.0	0.35099708020127973
chr1	-26	289	97679.0	0.2958670748062531
chr1	-25	359	98751.0	0.3635406223734443
chr1	-24	236	99776.0	0.236529826812059
chr1	-23	291	100815.0	0.2886475226900759
chr1	-22	245	101998.0	0.24020078825075
chr1	-21	385	103193.0	0.3730873218144642
chr1	-20	333	104274.0	0.3193509407906094
chr1	-19	281	105294.0	0.2668718065606777
chr1	-18	305	106322.0	0.28686443069167245
chr1	-17	275	107411.0	0.25602591913304973
chr1	-16	286	108473.0	0.2636600813105565
chr1	-15	418	109529.0	0.3816340877758402
chr1	-14	426	110708.0	0.3847960400332406
chr1	-13	328	111817.0	0.2933364336371035
chr1	-12	412	112891.0	0.3649538049977412
chr1	-11	448	113997.0	0.39299279805608917
chr1	-10	463	115052.0	0.40242672878350655
chr1	-9	474	114999.0	0.41217749719562774
chr1	-8	454	114978.0	0.394858146775905
chr1	-7	417	115036.0	0.3624952188880003
chr1	-6	494	115054.0	0.42936360317763833
chr1	-5	578	115022.0	0.5025125628140703
chr1	-4	541	114984.0	0.4705002435121408
chr1	-3	617	114992.0	0.5365590649784333
chr1	-2	482	114938.0	0.41935652264699236
chr1	-1	1274	114750.0	1.110239651416122
chr1	0	1690	111597.0	1.5143776266387088
chr1	1	669	110819.0	0.6036870933684657
chr1	2	830	109979.0	0.7546895316378581
chr1	3	879	108958.0	0.8067328695460636
chr1	4	920	108104.0	0.8510323392288907
chr1	5	918	107153.0	0.8567188972777244
chr1	6	787	106229.0	0.7408523096329628
chr1	7	851	105264.0	0.8084435324517404
chr1	8	870	104316.0	0.8340043713332567
chr1	9	807	103389.0	0.7805472535762992
chr1	10	865	102394.0	0.84477606109733
chr1	11	794	101446.0	0.7826824123178835
chr1	12	801	100525.0	0.7968167122606318
chr1	13	799	99552.0	0.8025956284153005
chr1	14	892	98526.0	0.9053447820879768
chr1	15	791	97495.0	0.8113236576234679
chr1	16	741	96510.0	0.7677960833074293
chr1	17	782	95508.0	0.8187795786740377
chr1	18	809	94481.0	0.8562568135392301
chr1	19	788	93432.0	0.8433941262094357
chr1	20	827	92435.0	0.894682750040569
chr1	21	704	91412.0	0.7701395878002888
chr1	22	780	90441.0	0.8624407072013798
chr1	23	676	89486.0	0.7554254296761505
chr1	24	868	88457.0	0.9812677346055145
chr1	25	673	87413.0	0.7699083660325123
chr1	26	810	86379.0	0.9377279199805508
chr1	27	816	85361.0	0.9559400663066271
chr1	28	618	84296.0	0.7331308721647528
chr1	29	733	83324.0	0.8796985262349384
chr1	30	689	82374.0	0.8364289703061646
chr1	31	618	81314.0	0.7600167252871585
chr1	32	707	80259.0	0.8808980924257717
chr1	33	704	79348.0	0.8872309320965872
chr1	34	697	78364.0	0.8894390281251595
chr1	35	661	77417.0	0.8538176369531241
chr1	36	649	76424.0	0.8492096723542344
chr1	37	602	75454.0	0.7978370927982611
chr1	38	667	74334.0	0.8973013694944441
chr1	39	583	73335.0	0.7949819322288131
chr1	40	625	72388.0	0.8634027739404322
chr1	41	638	71373.0	0.8938954506606139
chr1	42	552	70399.0	0.7841020469040753
chr1	43	637	69417.0	0.9176426523762191
chr1	44	597	68387.0	0.8729729334522642
chr1	45	596	67366.0	0.8847192945996497
chr1	46	557	66357.0	0.8393990083939901
chr1	47	555	65257.0	0.8504834730373754
chr1	48	546	64305.0	0.8490786097504082
chr1	49	578	63318.0	0.912852585362772
chr1	50	514	62231.0	0.8259549099323489
chr1	51	550	61292.0	0.8973438621679828
chr1	52	535	60336.0	0.8867011402810926
chr1	53	470	59349.0	0.7919257274764527
chr1	54	487	58330.0	0.8349048517058119
chr1	55	480	57382.0	0.836499250636088
chr1	56	517	56405.0	0.9165854090949385
chr1	57	504	55414.0	0.9095174504637817
chr1	58	480	54424.0	0.8819638394825812
chr1	59	433	53513.0	0.8091491787042401
chr1	60	458	52478.0	0.8727466747970578
chr1	61	436	51525.0	0.846191169335274
chr1	62	489	50563.0	0.9671103375986393
chr1	63	406	49594.0	0.8186474170262532
chr1	64	424	48645.0	0.8716209271250899
chr1	65	396	47614.0	0.8316881589448482
chr1	66	428	46632.0	0.9178246697546749
chr1	67	375	45630.0	0.8218277449046679
chr1	68	453	44619.0	1.015262556310092
chr1	69	431	43673.0	0.9868797655301903
chr1	70	338	42731.0	0.7909948281107393
chr1	71	334	41701.0	0.8009400254190547
chr1	72	330	40756.0	0.8096967317695554
chr1	73	375	39799.0	0.942234729515817
chr1	74	324	38829.0	0.8344278760720081
chr1	75	288	37784.0	0.7622273978403556
chr1	76	332	36766.0	0.9030082141108633
chr1	77	271	35807.0	0.7568352556762644
chr1	78	305	34864.0	0.8748279027076641
chr1	79	277	33800.0	0.8195266272189349
chr1	80	233	32820.0	0.7099329677026204
chr1	81	266	31947.0	0.8326290418505651
chr1	82	226	30935.0	0.7305640859867464
chr1	83	236	29921.0	0.7887436917215335
chr1	84	230	28885.0	0.7962610351393457
chr1	85	278	27899.0	0.9964514857163339
chr1	86	235	26982.0	0.870951004373286
chr1	87	216	26015.0	0.8302902171823948
chr1	88	206	25078.0	0.8214371161974638
chr1	89	174	24161.0	0.7201688671826497
chr1	90	192	23162.0	0.8289439599343753
chr1	91	193	22270.0	0.8666367310282893
chr1	92	185	21298.0	0.8686261620809466
chr1	93	147	20326.0	0.723211650103316
chr1	94	177	19414.0	0.9117131966622026
chr1	95	161	18467.0	0.8718254183137488
chr1	96	137	17636.0	0.7768201406214561
chr1	97	137	16758.0	0.8175199904523213
chr1	98	144	15817.0	0.9104128469368401
chr1	99	124	14974.0	0.8281020435421397
chr1	100	107	14056.0	0.7612407512805919
chr1	101	110	13171.0	0.8351681725001898
chr1	102	91	12251.0	0.7427965064076402
chr1	103	82	11343.0	0.7229128096623468
chr1	104	72	10486.0	0.6866297921037574
chr1	105	60	9714.0	0.6176652254478072
chr1	106	74	8836.0	0.8374830239927569
chr1	107	56	7983.0	0.7014906676687962
chr1	108	55	7119.0	0.7725804185981177
chr1	109	47	6320.0	0.7436708860759493
chr1	110	52	5525.0	0.9411764705882352
chr1	111	27	4759.0	0.5673460811094768
chr1	112	30	4002.0	0.7496251874062968
chr1	113	16	3269.0	0.4894463138574488
chr1	114	20	2537.0	0.7883326763894364
chr1	115	6	1883.0	0.3186404673393521
chr1	116	13	1275.0	1.019607843137255
chr1	117	1	692.0	0.1445086705202312
chr1	118	1	279.0	0.35842293906810035
chr1	119	0	0.0	nan
chr1	120	0	0.0	nan
chr1	121	0	0.0	nan
chr1	122	0	0.0	nan
chr1	123	0	0.0	nan
chr1	124	0	0.0	nan
chr1	125	0	0.0	nan
chr1	126	0	0.0	nan
chr1	127	0	0.0	nan
chr1	128	0	0.0	nan
chr1	129	0	0.0	nan
chr1	130	0	0.0	nan
chr1	131	0	0.0	nan
chr1	132	0	0.0	nan
chr1	133	0	0.0	nan
chr1	134	0	0.0	nan
chr1	135	0	0.0	nan
chr1	136	0	0.0	nan
chr1	137	0	0.0	nan
chr1	138	0	0.0	nan
chr1	139	0	0.0	nan
chr1	140	0	0.0	nan
chr1	141	0	0.0	nan
chr1	142	0	0.0	nan
chr1	143	0	0.0	nan
chr1	144	0	0.0	nan
chr1	145	0	0.0	nan
chr1	146	0	0.0	nan
chr1	147	0	0.0	nan
chr1	148	0	0.0	nan
chr1	149	0	0.0	nan
chr1	150	0	0.0	nan
chr1	151	0	0.0	nan
chr1	152	0	0.0	nan
chr1	153	0	0.0	nan
chr1	154	0	0.0	nan
chr1	155	0	0.0	nan
chr1	156	0	0.0	nan
chr1	157	0	0.0	nan
chr1	158	0	0.0	nan
chr1	159	0	0.0	nan
chr1	160	0	0.0	nan
chr1	161	0	0.0	nan
chr1	162	0	0.0	nan
chr1	163	0	0.0	nan
chr2	-154	0	0.0	nan
chr2	-153	0	0.0	nan
chr2	-152	0	0.0	nan
chr2	-151	0	0.0	nan
chr2	-150	0	0.0	nan
chr2	-149	0	0.0	nan
chr2	-148	0	0.0	nan
chr2	-147	0	0.0	nan
chr2	-146	0	0.0	nan
chr2	-145	0	0.0	nan
chr2	-144	0	0.0	nan
chr2	-143	0	0.0	nan
chr2	-142	0	0.0	nan
chr2	-141	0	0.0	nan
chr2	-140	0	0.0	nan
chr2	-139	0	3.0	0.0
chr2	-138	0	3.0	0.0
chr2	-137	0	3.0	0.0
chr2	-136	0	3.0	0.0
chr2	-135	0	5.0	0.0
chr2	-134	1	11.0	9.090909090909092
chr2	-133	0	14.0	0.0
chr2	-132	0	23.0	0.0
chr2	-131	0	39.0	0.0
chr2	-130	1	140.0	0.7142857142857143
chr2	-129	2	309.0	0.6472491909385114
chr2	-128	3	499.0	0.6012024048096193
chr2	-127	2	776.0	0.25773195876288657
chr2	-126	1	1023.0	0.09775171065493646
chr2	-125	6	1347.0	0.4454342984409799
chr2	-124	7	1630.0	0.4294478527607362
chr2	-123	4	1900.0	0.21052631578947367
chr2	-122	7	2169.0	0.32272936837252186
chr2	-121	5	2461.0	0.2031694433157253
chr2	-120	21	2741.0	0.7661437431594309
chr2	-119	9	3088.0	0.2914507772020725
chr2	-118	8	3407.0	0.2348106838861168
chr2	-117	4	3684.0	0.10857763300760044
chr2	-116	5	4038.0	0.12382367508667656
chr2	-115	4	4431.0	0.09027307605506657
chr2	-114	8	4731.0	0.16909744240118368
chr2	-113	9	5096.0	0.17660910518053377
chr2	-112	14	5449.0	0.2569278766746192
chr2	-111	6	5842.0	0.10270455323519344
chr2	-110	21	6177.0	0.3399708596406022
chr2	-109	18	6535.0	0.2754399387911247
chr2	-108	25	6900.0	0.36231884057971014
chr2	-107	42	7258.0	0.5786718104160926
chr2	-106	18	7613.0	0.23643767240246943
chr2	-105	32	7969.0	0.4015560296147572
chr2	-104	6	8329.0	0.07203745947892903
chr2	-103	20	8706.0	0.2297266253158741
chr2	-102	20	9119.0	0.2193222941111964
chr2	-101	16	9458.0	0.16916895749629943
chr2	-100	24	9861.0	0.2433830240340736
chr2	-99	40	10271.0	0.38944601304644144
chr2	-98	18	10615.0	0.16957136128120584
chr2	-97	24	10969.0	0.21879843194457108
chr2	-96	4	11344.0	0.03526093088857546
chr2	-95	31	11711.0	0.26470839381777816
chr2	-94	19	12082.0	0.15725873199801357
chr2	-93	32	12429.0	0.2574623863544935
chr2	-92	23	12853.0	0.17894654944370963
chr2	-91	25	13249.0	0.1886934863008529
chr2	-90	11	13639.0	0.08065107412566903
chr2	-89	19	14017.0	0.1355496896625526
chr2	-88	14	14417.0	0.09710758132759936
chr2	-87	36	14815.0	0.24299696253796826
chr2	-86	27	15211.0	0.17750312274012228
chr2	-85	37	15568.0	0.23766700924974307
chr2	-84	17	15961.0	0.10650961719190527
chr2	-83	63	16354.0	0.38522685581509114
chr2	-82	22	16709.0	0.13166556945358787
chr2	-81	21	17124.0	0.12263489838822705
chr2	-80	26	17520.0	0.14840182648401826
chr2	-79	62	17961.0	0.3451923612271032
chr2	-78	41	18351.0	0.22342106697182718
chr2	-77	62	18740.0	0.3308431163287086
chr2	-76	51	19134.0	0.266541235497021
chr2	-75	53	19542.0	0.2712107256166206
chr2	-74	57	19935.0	0.28592927012791575
chr2	-73	70	20340.0	0.344149459193707
chr2	-72	56	20716.0	0.27032245607260086
chr2	-71	49	21137.0	0.23182097743293748
chr2	-70	24	21531.0	0.11146718684687194
chr2	-69	30	21933.0	0.1367801942278758
chr2	-68	50	22308.0	0.22413483951945493
chr2	-67	46	22731.0	0.2023668118428578
chr2	-66	67	23081.0	0.29028205017113645
chr2	-65	83	23512.0	0.3530112283089486
chr2	-64	82	23893.0	0.34319675218683293
chr2	-63	55	24370.0	0.22568732047599507
chr2	-62	61	24764.0	0.24632531093522858
chr2	-61	62	25238.0	0.24566130438228068
chr2	-60	61	25612.0	0.23816960799625175
chr2	-59	66	26055.0	0.2533103051237766
chr2	-58	82	26472.0	0.309761257177395
chr2	-57	48	26871.0	0.17863123813776935
chr2	-56	49	27298.0	0.17950032969448312
chr2	-55	76	27685.0	0.2745168864005779
chr2	-54	70	28065.0	0.2494209869944771
chr2	-53	95	28451.0	0.33390741977434885
chr2	-52	94	28912.0	0.3251245157719978
chr2	-51	70	29330.0	0.23866348448687352
chr2	-50	44	29703.0	0.14813318520014812
chr2	-49	119	30117.0	0.3951256765282066
chr2	-48	72	30585.0	0.23540951446787642
chr2	-47	47	30951.0	0.15185292882297824
chr2	-46	98	31313.0	0.3129690543863571
chr2	-45	92	31780.0	0.289490245437382
chr2	-44	64	32257.0	0.19840654741606475
chr2	-43	129	32687.0	0.3946523082571053
chr2	-42	84	33127.0	0.25356959579798954
chr2	-41	69	33497.0	0.2059885959936711
chr2	-40	121	33928.0	0.35663758547512375
chr2	-39	99	34349.0	0.2882179976127398
chr2	-38	125	34750.0	0.3597122302158274
chr2	-37	161	35194.0	0.45746434051258733
chr2	-36	101	35589.0	0.28379555480626034
chr2	-35	75	36018.0	0.20822921872397138
chr2	-34	95	36419.0	0.26085285153354015
chr2	-33	60	36855.0	0.1628001628001628
chr2	-32	135	37322.0	0.36171694978832863
chr2	-31	100	37732.0	0.26502703275734124
chr2	-30	75	38142.0	0.19663363221645427
chr2	-29	120	38538.0	0.31138097462245057
chr2	-28	97	38927.0	0.2491843707452411
chr2	-27	110	39389.0	0.27926578486379444
chr2	-26	143	39804.0	0.35926037584162396
chr2	-25	118	40291.0	0.29286937529473084
chr2	-24	149	40699.0	0.3661023612373768
chr2	-23	137	41146.0	0.3329606766149808
chr2	-22	145	41580.0	0.3487253487253487
chr2	-21	81	42024.0	0.1927470017133067
chr2	-20	106	42441.0	0.24975848825428243
chr2	-19	168	42847.0	0.39209279529488644
chr2	-18	127	43320.0	0.2931671283471837
chr2	-17	117	43756.0	0.26739190053935463
chr2	-16	126	44161.0	0.28531962591426824
chr2	-15	147	44584.0	0.3297146958550152
chr2	-14	99	45038.0	0.21981437896887074
chr2	-13	218	45465.0	0.47948971736500606
chr2	-12	207	45899.0	0.45099021765180075
chr2	-11	136	46353.0	0.29340064289258516
chr2	-10	183	46732.0	0.39159462466832146
chr2	-9	175	46768.0	0.3741874786178584
chr2	-8	165	46777.0	0.3527374564422686
chr2	-7	177	46792.0	0.37826978970764236
chr2	-6	207	46790.0	0.4424022226971575
chr2	-5	301	46780.0	0.6434373663958957
chr2	-4	198	46759.0	0.4234478923843538
chr2	-3	225	46732.0	0.4814688008217068
chr2	-2	243	46710.0	0.5202312138728323
chr2	-1	636	46630.0	1.3639288012009436
chr2	0	734	45313.0	1.6198441948226778
chr2	1	252	45013.0	0.5598382689445272
chr2	2	381	44640.0	0.853494623655914
chr2	3	291	44255.0	0.6575528188905209
chr2	4	368	43870.0	0.8388420332801458
chr2	5	278	43508.0	0.6389629493426496
chr2	6	318	43101.0	0.7378019071483259
chr2	7	275	42704.0	0.6439677781940801
chr2	8	367	42287.0	0.8678790171920449
chr2	9	323	41836.0	0.7720623386557033
chr2	10	314	41420.0	0.7580878802510864
chr2	11	310	40991.0	0.7562635700519627
chr2	12	345	40583.0	0.8501096518246556
chr2	13	286	40159.0	0.7121691277173237
chr2	14	315	39697.0	0.7935108446482103
chr2	15	307	39257.0	0.7820261354662863
chr2	16	281	38826.0	0.723741822490084
chr2	17	287	38408.0	0.7472401583003542
chr2	18	281	37965.0	0.740155406295272
chr2	19	305	37564.0	0.8119476094132679
chr2	20	234	37187.0	0.6292521580122086
chr2	21	282	36786.0	0.7665959876039798
chr2	22	259	36368.0	0.7121645402551694
chr2	23	291	35928.0	0.8099532398129593
chr2	24	287	35516.0	0.8080864962270525
chr2	25	274	35099.0	0.7806490213396393
chr2	26	261	34684.0	0.7525083612040134
chr2	27	225	34259.0	0.6567617268455004
chr2	28	279	33909.0	0.8227904096257631
chr2	29	234	33455.0	0.6994470183829025
chr2	30	246	33067.0	0.7439441134665982
chr2	31	272	32681.0	0.8322878736880757
chr2	32	217	32252.0	0.6728264913803795
chr2	33	225	31887.0	0.7056167090036692
chr2	34	229	31463.0	0.7278390490417316
chr2	35	254	31085.0	0.8171143638410809
chr2	36	327	30671.0	1.0661536956734374
chr2	37	239	30241.0	0.7903177804966768
chr2	38	195	29844.0	0.6533976678729393
chr2	39	286	29419.0	0.9721608484312858
chr2	40	215	29037.0	0.7404346179012983
chr2	41	294	28650.0	1.0261780104712042
chr2	42	244	28248.0	0.8637779665817049
chr2	43	206	27819.0	0.7405010963729826
chr2	44	221	27409.0	0.8063044985223832
chr2	45	251	27025.0	0.9287696577243293
chr2	46	201	26612.0	0.7552983616413648
chr2	47	222	26269.0	0.8451025924093037
chr2	48	242	25818.0	0.9373305445812999
chr2	49	189	25415.0	0.7436553216604368
chr2	50	158	25022.0	0.6314443289904883
chr2	51	220	24661.0	0.8920968330562427
chr2	52	191	24234.0	0.7881488817364035
chr2	53	180	23816.0	0.7557944239166946
chr2	54	213	23419.0	0.9095179128058415
chr2	55	165	23019.0	0.7167991659064251
chr2	56	171	22595.0	0.7568046027882275
chr2	57	179	22229.0	0.8052543974087902
chr2	58	173	21809.0	0.7932504929157687
chr2	59	164	21455.0	0.7643905849452343
chr2	60	156	21051.0	0.7410574319509762
chr2	61	178	20674.0	0.8609848118409597
chr2	62	145	20245.0	0.7162262286984441
chr2	63	196	19818.0	0.988999899081643
chr2	64	150	19445.0	0.7714065312419645
chr2	65	210	19037.0	1.1031149866050323
chr2	66	155	18659.0	0.8306983225253229
chr2	67	117	18252.0	0.641025641025641
chr2	68	145	17862.0	0.811779196058672
chr2	69	143	17484.0	0.8178906428734842
chr2	70	123	17081.0	0.7200983548972543
chr2	71	130	16655.0	0.7805463824677273
chr2	72	121	16285.0	0.7430150445194965
chr2	73	114	15888.0	0.7175226586102719
chr2	74	110	15486.0	0.7103189978044685
chr2	75	111	15061.0	0.7370028550561052
chr2	76	136	14681.0	0.9263674136639194
chr2	77	100	14286.0	0.6999860002799945
chr2	78	103	13870.0	0.7426099495313626
chr2	79	115	13471.0	0.85368569519709
chr2	80	91	13084.0	0.6955059614796698
chr2	81	84	12710.0	0.6608969315499607
chr2	82	103	12333.0	0.8351577069650531
chr2	83	69	11904.0	0.5796370967741935
chr2	84	70	11507.0	0.6083253671678109
chr2	85	82	11098.0	0.7388718688051901
chr2	86	84	10648.0	0.7888805409466567
chr2	87	65	10263.0	0.6333430770729807
chr2	88	55	9896.0	0.5557801131770412
chr2	89	61	9515.0	0.6410930110352075
chr2	90	57	9148.0	0.6230870135548754
chr2	91	45	8732.0	0.5153458543289051
chr2	92	51	8355.0	0.6104129263913823
chr2	93	52	7967.0	0.6526923559683696
chr2	94	46	7598.0	0.6054224795998947
chr2	95	34	7235.0	0.469937802349689
chr2	96	32	6855.0	0.4668125455871626
chr2	97	45	6505.0	0.6917755572636434
chr2	98	51	6165.0	0.827250608272506
chr2	99	32	5827.0	0.549167667753561
chr2	100	37	5451.0	0.6787745367822418
chr2	101	30	5104.0	0.5877742946708464
chr2	102	26	4799.0	0.5417795374036257
chr2	103	25	4483.0	0.5576622797233994
chr2	104	28	4119.0	0.6797766448167031
chr2	105	21	3804.0	0.5520504731861199
chr2	106	24	3471.0	0.6914433880726015
chr2	107	27	3151.0	0.8568708346556649
chr2	108	22	2809.0	0.7831968672125312
chr2	109	11	2482.0	0.4431909750201451
chr2	110	14	2171.0	0.6448641179180101
chr2	111	15	1845.0	0.8130081300813009
chr2	112	11	1554.0	0.7078507078507079
chr2	113	4	1274.0	0.3139717425431711
chr2	114	6	994.0	0.6036217303822937
chr2	115	6	756.0	0.7936507936507936
chr2	116	3	498.0	0.6024096385542169
chr2	117	3	287.0	1.0452961672473868
chr2	118	1	109.0	0.9174311926605505
chr2	119	0	0.0	nan
chr2	120	0	0.0	nan
chr2	121	0	0.0	nan
chr2	122	0	0.0	nan
chr2	123	0	0.0	nan
chr2	124	0	0.0	nan
chr2	125	0	0.0	nan
chr2	126	0	0.0	nan
chr2	127	0	0.0	nan
chr2	128	0	0.0	nan
chr2	129	0	0.0	nan
chr2	130	0	0.0	nan
chr2	131	0	0.0	nan
chr2	132	0	0.0	nan
chr2	133	0	0.0	nan
chr2	134	0	0.0	nan
chr2	135	0	0.0	nan
chr2	136	0	0.0	nan
chr2	137	0	0.0	nan
chr2	138	0	0.0	nan
chr2	139	0	0.0	nan
chr2	140	0	0.0	nan
chr2	141	0	0.0	nan
chr2	142	0	0.0	nan
chr2	143	0	0.0	nan
chr2	144	0	0.0	nan
chr2	145	0	0.0	nan
chr2	146	0	0.0	nan
chr2	147	0	0.0	nan
chr2	148	0	0.0	nan
chr2	149	0	0.0	nan
chr3	-159	0	0.0	nan
chr3	-158	0	0.0	nan
chr3	-157	0	0.0	nan
chr3	-156	0	0.0	nan
chr3	-155	0	0.0	nan
chr3	-154	0	0.0	nan
chr3	-153	0	0.0	nan
chr3	-152	0	0.0	nan
chr3	-151	0	0.0	nan
chr3	-150	0	0.0	nan
chr3	-149	0	0.0	nan
chr3	-148	0	0.0	nan
chr3	-147	0	0.0	nan
chr3	-146	0	0.0	nan
chr3	-145	0	0.0	nan
chr3	-144	0	0.0	nan
chr3	-143	0	0.0	nan
chr3	-142	0	0.0	nan
chr3	-141	0	0.0	nan
chr3	-140	0	0.0	nan
chr3	-139	0	10.0	0.0
chr3	-138	0	11.0	0.0
chr3	-137	0	11.0	0.0
chr3	-136	0	12.0	0.0
chr3	-135	0	13.0	0.0
chr3	-134	0	15.0	0.0
chr3	-133	0	15.0	0.0
chr3	-132	0	16.0	0.0
chr3	-131	0	22.0	0.0
chr3	-130	0	112.0	0.0
chr3	-129	0	245.0	0.0
chr3	-128	0	396.0	0.0
chr3	-127	1	597.0	0.16750418760469013
chr3	-126	3	772.0	0.38860103626943004
chr3	-125	2	971.0	0.20597322348094746
chr3	-124	3	1170.0	0.2564102564102564
chr3	-123	0	1385.0	0.0
chr3	-122	6	1623.0	0.36968576709796674
chr3	-121	5	1859.0	0.26896180742334586
chr3	-120	6	2129.0	0.2818224518553311
chr3	-119	6	2386.0	0.2514668901927913
chr3	-118	7	2609.0	0.2683020314296665
chr3	-117	9	2876.0	0.3129346314325452
chr3	-116	14	3111.0	0.4500160720025715
chr3	-115	8	3383.0	0.23647650014779784
chr3	-114	7	3655.0	0.19151846785225718
chr3	-113	6	3939.0	0.15232292460015232
chr3	-112	11	4257.0	0.2583979328165375
chr3	-111	14	4530.0	0.3090507726269316
chr3	-110	14	4813.0	0.2908788697278205
chr3	-109	13	5098.0	0.2550019615535504
chr3	-108	10	5385.0	0.18570102135561745
chr3	-107	5	5619.0	0.08898380494749955
chr3	-106	16	5913.0	0.27059022492812446
chr3	-105	10	6193.0	0.16147263038914905
chr3	-104	17	6495.0	0.2617397998460354
chr3	-103	19	6829.0	0.2782252159906282
chr3	-102	29	7125.0	0.4070175438596491
chr3	-101	12	7408.0	0.16198704103671707
chr3	-100	12	7699.0	0.15586439797376284
chr3	-99	18	8002.0	0.22494376405898525
chr3	-98	8	8283.0	0.09658336351563443
chr3	-97	11	8592.0	0.12802607076350092
chr3	-96	16	8937.0	0.1790309947409645
chr3	-95	25	9226.0	0.27097333622371556
chr3	-94	12	9557.0	0.1255624149837815
chr3	-93	33	9862.0	0.33461772459947275
chr3	-92	30	10180.0	0.29469548133595286
chr3	-91	17	10520.0	0.16159695817490494
chr3	-90	45	10870.0	0.41398344066237347
chr3	-89	33	11223.0	0.29403902699812884
chr3	-88	31	11570.0	0.2679343128781331
chr3	-87	51	11892.0	0.4288597376387487
chr3	-86	12	12216.0	0.09823182711198428
chr3	-85	33	12530.0	0.2633679169992019
chr3	-84	21	12872.0	0.16314481044126788
chr3	-83	23	13162.0	0.17474547941042395
chr3	-82	23	13486.0	0.17054723416876763
chr3	-81	11	13827.0	0.07955449482895784
chr3	-80	16	14168.0	0.1129305477131564
chr3	-79	15	14500.0	0.10344827586206896
chr3	-78	33	14803.0	0.22292778490846452
chr3	-77	47	15136.0	0.3105179704016913
chr3	-76	13	15450.0	0.08414239482200647
chr3	-75	35	15797.0	0.22156105589668926
chr3	-74	34	16145.0	0.21059151440074325
chr3	-73	29	16467.0	0.1761097953482723
chr3	-72	46	16791.0	0.2739562861056518
chr3	-71	64	17157.0	0.37302558722387363
chr3	-70	15	17523.0	0.08560178051703475
chr3	-69	17	17835.0	0.09531819456125595
chr3	-68	20	18166.0	0.11009578333149841
chr3	-67	25	18511.0	0.13505483226189832
chr3	-66	41	18899.0	0.21694269538070796
chr3	-65	39	19235.0	0.20275539381336108
chr3	-64	90	19533.0	0.46075871601904467
chr3	-63	25	19909.0	0.12557134964086594
chr3	-62	49	20218.0	0.24235829458898012
chr3	-61	40	20573.0	0.19442959218393038
chr3	-60	44	20894.0	0.21058677132191062
chr3	-59	52	21235.0	0.24487873793265835
chr3	-58	29	21590.0	0.13432144511347846
chr3	-57	43	21936.0	0.19602479941648435
chr3	-56	35	22269.0	0.15716915892047242
chr3	-55	34	22601.0	0.1504358214238308
chr3	-54	67	22933.0	0.29215540923559935
chr3	-53	72	23280.0	0.30927835051546393
chr3	-52	92	23633.0	0.38928616764693436
chr3	-51	71	23948.0	0.2964756973442459
chr3	-50	56	24271.0	0.23072802933542086
chr3	-49	31	24615.0	0.12593946780418444
chr3	-48	69	25007.0	0.2759227416323429
chr3	-47	112	25355.0	0.4417274699270361
chr3	-46	114	25706.0	0.44347623123006297
chr3	-45	50	26103.0	0.19154886411523578
chr3	-44	81	26460.0	0.30612244897959184
chr3	-43	28	26796.0	0.10449320794148381
chr3	-42	49	27156.0	0.18043894535277655
chr3	-41	80	27508.0	0.2908244874218409
chr3	-40	45	27836.0	0.16166115821238683
chr3	-39	122	28174.0	0.4330233548661887
chr3	-38	118	28510.0	0.4138898632058926
chr3	-37	92	28853.0	0.31885765778255293
chr3	-36	100	29191.0	0.34257134048165533
chr3	-35	83	29504.0	0.2813177874186551
chr3	-34	73	29860.0	0.2444742129939719
chr3	-33	80	30204.0	0.2648655807177857
chr3	-32	92	30525.0	0.3013923013923014
chr3	-31	88	30908.0	0.2847159311505112
chr3	-30	60	31233.0	0.19210450485063874
chr3	-29	55	31553.0	0.17430989129401325
chr3	-28	53	31924.0	0.16601929582759054
chr3	-27	131	32257.0	0.40611340174225746
chr3	-26	129	32594.0	0.395778364116095
chr3	-25	134	32882.0	0.40751779088863205
chr3	-24	117	33259.0	0.35178447938903756
chr3	-23	93	33542.0	0.27726432532347506
chr3	-22	116	33883.0	0.34235457308975004
chr3	-21	123	34278.0	0.3588307369158061
chr3	-20	232	34626.0	0.6700167504187605
chr3	-19	117	35008.0	0.334209323583181
chr3	-18	96	35354.0	0.2715392883407818
chr3	-17	81	35702.0	0.22687804604784048
chr3	-16	114	36031.0	0.3163942160916988
chr3	-15	111	36389.0	0.30503723652752207
chr3	-14	117	36758.0	0.31829805756569995
chr3	-13	120	37099.0	0.32345885333836494
chr3	-12	106	37462.0	0.2829533927713416
chr3	-11	161	37918.0	0.4246004536104225
chr3	-10	138	38301.0	0.360303908514138
chr3	-9	214	38270.0	0.559184740005226
chr3	-8	204	38328.0	0.5322479649342517
chr3	-7	121	38333.0	0.31565491873842383
chr3	-6	217	38315.0	0.566357823306799
chr3	-5	182	38312.0	0.47504698266861556
chr3	-4	71	38287.0	0.18544153367983912
chr3	-3	205	38306.0	0.5351642040411424
chr3	-2	156	38254.0	0.40780049145187436
chr3	-1	433	38206.0	1.1333298434800818
chr3	0	577	37132.0	1.5539157599913822
chr3	1	202	36878.0	0.5477520472910679
chr3	2	299	36632.0	0.8162262502729855
chr3	3	224	36298.0	0.6171138905724833
chr3	4	330	35986.0	0.9170232868337687
chr3	5	305	35693.0	0.854509287535371
chr3	6	216	35370.0	0.6106870229007634
chr3	7	334	35063.0	0.9525710863303197
chr3	8	301	34691.0	0.8676602000518866
chr3	9	247	34425.0	0.7175018155410312
chr3	10	302	34075.0	0.8862802641232576
chr3	11	227	33691.0	0.6737704431450535
chr3	12	280	33328.0	0.8401344215074411
chr3	13	220	33053.0	0.6655976764590203
chr3	14	262	32660.0	0.8022045315370483
chr3	15	240	32362.0	0.7416105308695383
chr3	16	236	32038.0	0.7366252575067108
chr3	17	217	31685.0	0.6848666561464416
chr3	18	239	31358.0	0.7621659544613815
chr3	19	319	31005.0	1.0288663118851797
chr3	20	263	30678.0	0.8572918703957233
chr3	21	262	30351.0	0.8632335013673356
chr3	22	240	30039.0	0.798961350244682
chr3	23	273	29713.0	0.9187897553259516
chr3	24	264	29323.0	0.9003171571803704
chr3	25	219	29048.0	0.7539245386945745
chr3	26	283	28692.0	0.986337655095497
chr3	27	178	28407.0	0.6266061182103002
chr3	28	171	28066.0	0.6092781301218556
chr3	29	212	27762.0	0.763633743966573
chr3	30	227	27405.0	0.8283160007297938
chr3	31	228	27059.0	0.8426032004139103
chr3	32	198	26702.0	0.7415174893266422
chr3	33	223	26387.0	0.8451131238867624
chr3	34	169	26025.0	0.6493756003842459
chr3	35	225	25669.0	0.876543690833301
chr3	36	213	25351.0	0.8402035422665772
chr3	37	252	24935.0	1.0106276318427914
chr3	38	246	24616.0	0.9993500162495937
chr3	39	171	24285.0	0.7041383570105003
chr3	40	244	23971.0	1.0178966250886488
chr3	41	158	23647.0	0.6681608660718061
chr3	42	131	23295.0	0.5623524361450956
chr3	43	207	22949.0	0.902000087149767
chr3	44	133	22651.0	0.587170544346828
chr3	45	245	22311.0	1.0981130384115458
chr3	46	184	22011.0	0.8359456635318705
chr3	47	157	21698.0	0.7235689925338741
chr3	48	176	21356.0	0.8241243678591496
chr3	49	160	21039.0	0.7604924188411997
chr3	50	149	20723.0	0.719007865656517
chr3	51	216	20396.0	1.0590311825848207
chr3	52	197	20041.0	0.9829848809939624
chr3	53	181	19707.0	0.9184553711879028
chr3	54	136	19335.0	0.7033876389966383
chr3	55	141	18993.0	0.7423787711262044
chr3	56	133	18643.0	0.7134044949847128
chr3	57	134	18310.0	0.7318405243036592
chr3	58	144	17990.0	0.8004446914952751
chr3	59	146	17687.0	0.8254650308135918
chr3	60	124	17372.0	0.7137923094635045
chr3	61	120	17034.0	0.7044734061289186
chr3	62	109	16745.0	0.6509405792773962
chr3	63	174	16388.0	1.0617525018306078
chr3	64	106	16065.0	0.6598194833488952
chr3	65	123	15700.0	0.7834394904458598
chr3	66	123	15374.0	0.8000520359047744
chr3	67	86	15045.0	0.5716184778996344
chr3	68	99	14697.0	0.6736068585425597
chr3	69	71	14364.0	0.49429128376496795
chr3	70	136	13979.0	0.9728879032834967
chr3	71	116	13680.0	0.8479532163742689
chr3	72	90	13326.0	0.675371454299865
chr3	73	82	13008.0	0.6303813038130381
chr3	74	93	12650.0	0.7351778656126482
chr3	75	71	12301.0	0.5771888464352491
chr3	76	105	11943.0	0.8791760864104498
chr3	77	92	11636.0	0.790649707803369
chr3	78	67	11336.0	0.5910374029640085
chr3	79	72	10994.0	0.6549026741859196
chr3	80	49	10655.0	0.4598779915532614
chr3	81	75	10337.0	0.7255489987423818
chr3	82	65	9988.0	0.6507809371245494
chr3	83	64	9655.0	0.6628689798032108
chr3	84	74	9307.0	0.7951004620178361
chr3	85	52	9005.0	0.5774569683509162
chr3	86	72	8690.0	0.8285385500575374
chr3	87	62	8353.0	0.7422482940260984
chr3	88	56	8052.0	0.6954793840039741
chr3	89	62	7737.0	0.8013441902546206
chr3	90	29	7432.0	0.39020452099031216
chr3	91	37	7129.0	0.5190068733342685
chr3	92	59	6811.0	0.8662457788870944
chr3	93	45	6518.0	0.6903958269407794
chr3	94	41	6203.0	0.6609704981460583
chr3	95	34	5912.0	0.5751014884979702
chr3	96	33	5589.0	0.5904455179817499
chr3	97	35	5294.0	0.6611258027956176
chr3	98	31	5021.0	0.6174068910575582
chr3	99	25	4760.0	0.5252100840336135
chr3	100	26	4491.0	0.5789356490759296
chr3	101	19	4236.0	0.44853635505193573
chr3	102	26	3927.0	0.6620830150241914
chr3	103	18	3673.0	0.4900626191124422
chr3	104	24	3408.0	0.7042253521126761
chr3	105	15	3140.0	0.47770700636942676
chr3	106	16	2877.0	0.5561348627042058
chr3	107	15	2587.0	0.5798221878623889
chr3	108	14	2342.0	0.5977796754910333
chr3	109	11	2068.0	0.5319148936170213
chr3	110	12	1827.0	0.6568144499178982
chr3	111	12	1528.0	0.7853403141361256
chr3	112	6	1287.0	0.4662004662004662
chr3	113	6	1088.0	0.5514705882352942
chr3	114	2	855.0	0.23391812865497078
chr3	115	6	660.0	0.9090909090909091
chr3	116	2	440.0	0.45454545454545453
chr3	117	1	236.0	0.423728813559322
chr3	118	0	89.0	0.0
chr3	119	0	0.0	nan
chr3	120	0	0.0	nan
chr3	121	0	0.0	nan
chr3	122	0	0.0	nan
chr3	123	0	0.0	nan
chr3	124	0	0.0	nan
chr3	125	0	0.0	nan
chr3	126	0	0.0	nan
chr3	127	0	0.0	nan
chr3	128	0	0.0	nan
chr3	129	0	0.0	nan
chr3	130	0	0.0	nan
chr3	131	0	0.0	nan
chr3	132	0	0.0	nan
chr3	133	0	0.0	nan
chr3	134	0	0.0	nan
chr3	135	0	0.0	nan
chr3	136	0	0.0	nan
chr3	137	0	0.0	nan
chr3	138	0	0.0	nan
chr3	139	0	0.0	nan
chr3	140	0	0.0	nan
chr3	141	0	0.0	nan
chr3	142	0	0.0	nan
chr3	143	0	0.0	nan
chr3	144	0	0.0	nan
chr3	145	0	0.0	nan
chr3	146	0	0.0	nan
chr3	147	0	0.0	nan
chr3	148	0	0.0	nan
chr3	149	0	0.0	nan
chr3	150	0	0.0	nan
chr3	151	0	0.0	nan
chr3	152	0	0.0	nan
chr3	153	0	0.0	nan
chr3	154	0	0.0	nan
chr3	155	0	0.0	nan
chr3	156	0	0.0	nan
chr4	-155	0	0.0	nan
chr4	-154	0	0.0	nan
chr4	-153	0	0.0	nan
chr4	-152	0	0.0	nan
chr4	-151	0	0.0	nan
chr4	-150	0	0.0	nan
chr4	-149	0	0.0	nan
chr4	-148	0	0.0	nan
chr4	-147	0	0.0	nan
chr4	-146	0	0.0	nan
chr4	-145	0	0.0	nan
chr4	-144	0	0.0	nan
chr4	-143	0	0.0	nan
chr4	-142	0	0.0	nan
chr4	-141	0	0.0	nan
chr4	-140	0	0.0	nan
chr4	-139	0	15.0	0.0
chr4	-138	0	15.0	0.0
chr4	-137	0	15.0	0.0
chr4	-136	0	17.0	0.0
chr4	-135	0	23.0	0.0
chr4	-134	0	24.0	0.0
chr4	-133	0	24.0	0.0
chr4	-132	0	28.0	0.0
chr4	-131	0	34.0	0.0
chr4	-130	0	109.0	0.0
chr4	-129	1	245.0	0.40816326530612246
chr4	-128	1	398.0	0.25125628140703515
chr4	-127	1	567.0	0.1763668430335097
chr4	-126	0	761.0	0.0
chr4	-125	1	999.0	0.10010010010010009
chr4	-124	2	1205.0	0.16597510373443983
chr4	-123	3	1432.0	0.20949720670391062
chr4	-122	6	1660.0	0.3614457831325301
chr4	-121	0	1897.0	0.0
chr4	-120	16	2143.0	0.7466168922071862
chr4	-119	5	2377.0	0.2103491796381994
chr4	-118	7	2630.0	0.2661596958174905
chr4	-117	8	2869.0	0.27884280237016384
chr4	-116	9	3146.0	0.28607755880483154
chr4	-115	17	3418.0	0.497366881217086
chr4	-114	7	3665.0	0.19099590723055934
chr4	-113	5	3919.0	0.12758356723653994
chr4	-112	3	4212.0	0.07122507122507123
chr4	-111	9	4511.0	0.19951230325870095
chr4	-110	11	4759.0	0.2311409960075646
chr4	-109	3	5020.0	0.0597609561752988
chr4	-108	8	5267.0	0.15188912094171253
chr4	-107	16	5574.0	0.2870470039468963
chr4	-106	12	5865.0	0.20460358056265981
chr4	-105	14	6146.0	0.22779043280182232
chr4	-104	13	6438.0	0.20192606399502952
chr4	-103	6	6744.0	0.0889679715302491
chr4	-102	10	7027.0	0.14230823964707556
chr4	-101	15	7354.0	0.20397062822953496
chr4	-100	16	7689.0	0.20808947847574458
chr4	-99	20	8020.0	0.24937655860349126
chr4	-98	7	8350.0	0.08383233532934131
chr4	-97	5	8642.0	0.057856977551492716
chr4	-96	17	8961.0	0.18971096975783952
chr4	-95	29	9294.0	0.31202926619324295
chr4	-94	26	9614.0	0.2704389432078219
chr4	-93	4	9948.0	0.04020908725371934
chr4	-92	20	10274.0	0.19466614755693984
chr4	-91	29	10573.0	0.2742835524449068
chr4	-90	32	10847.0	0.29501244583755876
chr4	-89	20	11171.0	0.1790350013427625
chr4	-88	13	11497.0	0.11307297555884144
chr4	-87	36	11830.0	0.3043110735418428
chr4	-86	27	12113.0	0.2229010154379592
chr4	-85	25	12433.0	0.20107777688409878
chr4	-84	35	12790.0	0.2736512900703675
chr4	-83	82	13122.0	0.6249047401310776
chr4	-82	24	13470.0	0.17817371937639198
chr4	-81	20	13811.0	0.14481210629208602
chr4	-80	31	14138.0	0.21926722308671667
chr4	-79	17	14463.0	0.11754131231418101
chr4	-78	70	14761.0	0.47422261364406204
chr4	-77	18	15109.0	0.11913429082004104
chr4	-76	13	15440.0	0.08419689119170985
chr4	-75	40	15753.0	0.25391988827524914
chr4	-74	26	16053.0	0.16196349591976578
chr4	-73	28	16386.0	0.17087757842060297
chr4	-72	24	16691.0	0.14379006650290577
chr4	-71	25	16947.0	0.14751873487932968
chr4	-70	31	17241.0	0.17980395568702512
chr4	-69	14	17622.0	0.0794461468618772
chr4	-68	50	17986.0	0.27799399532970087
chr4	-67	43	18310.0	0.23484434735117424
chr4	-66	30	18626.0	0.1610651777085794
chr4	-65	33	18931.0	0.17431725740848344
chr4	-64	21	19273.0	0.10896072225393036
chr4	-63	50	19557.0	0.2556629339878304
chr4	-62	35	19907.0	0.1758175516150098
chr4	-61	67	20219.0	0.3313714822691528
chr4	-60	51	20566.0	0.24798210638918602
chr4	-59	42	20845.0	0.2014871671863756
chr4	-58	33	21115.0	0.1562869997632015
chr4	-57	28	21447.0	0.13055438989136012
chr4	-56	57	21791.0	0.26157587995043824
chr4	-55	43	22161.0	0.19403456522720094
chr4	-54	60	22488.0	0.26680896478121663
chr4	-53	61	22824.0	0.26726253066947075
chr4	-52	102	23184.0	0.4399585921325052
chr4	-51	79	23504.0	0.33611300204220557
chr4	-50	67	23815.0	0.281335292882637
chr4	-49	133	24139.0	0.5509755996520155
chr4	-48	70	24456.0	0.286228328426562
chr4	-47	76	24782.0	0.3066741990154144
chr4	-46	79	25097.0	0.3147786588038411
chr4	-45	70	25391.0	0.27568823598913
chr4	-44	80	25721.0	0.3110298977489211
chr4	-43	58	26100.0	0.2222222222222222
chr4	-42	55	26476.0	0.20773530744825505
chr4	-41	55	26784.0	0.20534647550776586
chr4	-40	54	27145.0	0.1989316632897403
chr4	-39	83	27434.0	0.302544288109645
chr4	-38	85	27764.0	0.30615185131825384
chr4	-37	62	28111.0	0.22055423143964997
chr4	-36	89	28395.0	0.3134354639901391
chr4	-35	72	28768.0	0.25027808676307006
chr4	-34	66	29154.0	0.2263840296357275
chr4	-33	92	29488.0	0.31199131850244166
chr4	-32	62	29801.0	0.2080467098419516
chr4	-31	102	30159.0	0.33820750024868196
chr4	-30	97	30480.0	0.31824146981627294
chr4	-29	91	30758.0	0.2958579881656805
chr4	-28	69	31148.0	0.2215230512392449
chr4	-27	76	31403.0	0.2420150940992899
chr4	-26	104	31765.0	0.32740437588540844
chr4	-25	56	32110.0	0.17440049828713797
chr4	-24	83	32463.0	0.2556756923266488
chr4	-23	106	32838.0	0.32279675985139167
chr4	-22	132	33160.0	0.3980699638118214
chr4	-21	50	33499.0	0.14925818681154662
chr4	-20	96	33888.0	0.28328611898017
chr4	-19	117	34180.0	0.34230544177881805
chr4	-18	93	34481.0	0.2697137554015255
chr4	-17	105	34818.0	0.30156815440289503
chr4	-16	88	35161.0	0.2502772958675806
chr4	-15	150	35505.0	0.42247570764681025
chr4	-14	50	35892.0	0.13930680931683942
chr4	-13	169	36261.0	0.46606546978847796
chr4	-12	89	36650.0	0.24283765347885403
chr4	-11	101	36954.0	0.27331276722411646
chr4	-10	153	37314.0	0.41003376748673415
chr4	-9	141	37335.0	0.37766171153073524
chr4	-8	115	37344.0	0.3079477292202228
chr4	-7	116	37325.0	0.31078365706630945
chr4	-6	133	37324.0	0.3563390847711928
chr4	-5	203	37325.0	0.5438713998660415
chr4	-4	186	37297.0	0.4986996273158699
chr4	-3	226	37313.0	0.6056870259695013
chr4	-2	228	37294.0	0.6113583954523516
chr4	-1	323	37272.0	0.8666022751663447
chr4	0	474	36250.0	1.3075862068965518
chr4	1	309	36018.0	0.8579043811427619
chr4	2	362	35724.0	1.0133243757697907
chr4	3	266	35403.0	0.7513487557551619
chr4	4	329	35051.0	0.9386322786796383
chr4	5	264	34761.0	0.7594718218693364
chr4	6	283	34442.0	0.8216712153765751
chr4	7	240	34126.0	0.703276094473422
chr4	8	232	33784.0	0.6867156050201279
chr4	9	290	33466.0	0.8665511265164645
chr4	10	263	33156.0	0.7932199300277476
chr4	11	221	32872.0	0.6723046970065709
chr4	12	304	32523.0	0.9347231190234604
chr4	13	188	32217.0	0.5835428500481112
chr4	14	255	31887.0	0.799698936870825
chr4	15	220	31538.0	0.6975711839685459
chr4	16	281	31255.0	0.8990561510158375
chr4	17	216	30948.0	0.6979449398991857
chr4	18	252	30629.0	0.8227496816742303
chr4	19	236	30315.0	0.7784924954642917
chr4	20	206	29994.0	0.6868040274721611
chr4	21	230	29644.0	0.7758737012548914
chr4	22	224	29349.0	0.7632287301100549
chr4	23	206	29029.0	0.7096351923938131
chr4	24	187	28706.0	0.6514317564272277
chr4	25	249	28353.0	0.8782139456142207
chr4	26	201	27995.0	0.7179853545275943
chr4	27	173	27724.0	0.6240080796421873
chr4	28	188	27363.0	0.6870591674889449
chr4	29	196	27009.0	0.725684031248843
chr4	30	206	26670.0	0.7724034495688039
chr4	31	215	26300.0	0.817490494296578
chr4	32	211	25956.0	0.8129141624287255
chr4	33	175	25668.0	0.6817827645317126
chr4	34	207	25322.0	0.8174709738567253
chr4	35	229	24931.0	0.9185351570334122
chr4	36	187	24632.0	0.7591750568366352
chr4	37	177	24273.0	0.7292052898282042
chr4	38	211	23973.0	0.8801568431151713
chr4	39	159	23660.0	0.6720202874049028
chr4	40	155	23339.0	0.6641244269248897
chr4	41	174	23027.0	0.7556346897120771
chr4	42	205	22691.0	0.9034418932616455
chr4	43	155	22388.0	0.6923351795604789
chr4	44	195	22018.0	0.8856390226178581
chr4	45	189	21685.0	0.871570209822458
chr4	46	191	21344.0	0.8948650674662668
chr4	47	180	21035.0	0.8557166627050155
chr4	48	152	20703.0	0.7341931121093561
chr4	49	145	20306.0	0.7140746577366295
chr4	50	181	20039.0	0.9032386845650981
chr4	51	136	19715.0	0.6898300786203398
chr4	52	156	19409.0	0.8037508372404554
chr4	53	180	19144.0	0.9402423735896365
chr4	54	138	18855.0	0.7319013524264121
chr4	55	136	18516.0	0.73449989198531
chr4	56	99	18158.0	0.5452142306421411
chr4	57	119	17840.0	0.6670403587443946
chr4	58	122	17516.0	0.6965060516099566
chr4	59	132	17196.0	0.7676203768318213
chr4	60	124	16843.0	0.7362108887965327
chr4	61	119	16517.0	0.72046981897439
chr4	62	131	16191.0	0.8090914705700699
chr4	63	102	15897.0	0.6416304963200604
chr4	64	125	15601.0	0.8012306903403629
chr4	65	96	15268.0	0.6287660466334818
chr4	66	115	14963.0	0.7685624540533316
chr4	67	89	14656.0	0.607259825327511
chr4	68	110	14325.0	0.7678883071553229
chr4	69	103	14040.0	0.7336182336182336
chr4	70	98	13759.0	0.7122610654844103
chr4	71	84	13420.0	0.6259314456035767
chr4	72	109	13111.0	0.8313629776523531
chr4	73	80	12817.0	0.6241710228602637
chr4	74	93	12506.0	0.743643051335359
chr4	75	78	12151.0	0.6419224755164185
chr4	76	65	11795.0	0.5510809665112336
chr4	77	86	11483.0	0.7489332056082906
chr4	78	62	11181.0	0.5545121187729184
chr4	79	82	10842.0	0.7563180225050729
chr4	80	72	10559.0	0.6818827540486788
chr4	81	59	10248.0	0.5757220921155348
chr4	82	109	9920.0	1.0987903225806452
chr4	83	66	9635.0	0.6850025947067981
chr4	84	72	9308.0	0.7735281478298238
chr4	85	61	8999.0	0.6778530947883098
chr4	86	72	8693.0	0.8282526170481996
chr4	87	42	8369.0	0.5018520731270164
chr4	88	55	8096.0	0.6793478260869565
chr4	89	54	7780.0	0.6940874035989717
chr4	90	61	7505.0	0.8127914723517655
chr4	91	46	7203.0	0.6386227960571983
chr4	92	33	6905.0	0.4779145546705286
chr4	93	45	6607.0	0.6810958074769184
chr4	94	55	6301.0	0.8728773210601491
chr4	95	42	5963.0	0.7043434512829113
chr4	96	39	5651.0	0.6901433374623961
chr4	97	17	5392.0	0.31528189910979226
chr4	98	34	5097.0	0.6670590543456936
chr4	99	34	4804.0	0.7077435470441299
chr4	100	31	4524.0	0.6852343059239611
chr4	101	23	4265.0	0.5392731535756156
chr4	102	21	3982.0	0.527373179306881
chr4	103	27	3697.0	0.7303218826075196
chr4	104	19	3392.0	0.5601415094339622
chr4	105	10	3138.0	0.3186743148502231
chr4	106	18	2861.0	0.6291506466270534
chr4	107	12	2603.0	0.46100653092585475
chr4	108	10	2324.0	0.4302925989672977
chr4	109	9	2029.0	0.44356826022671264
chr4	110	6	1811.0	0.3313086692435119
chr4	111	9	1541.0	0.5840363400389358
chr4	112	5	1292.0	0.38699690402476783
chr4	113	8	1025.0	0.7804878048780488
chr4	114	9	812.0	1.1083743842364533
chr4	115	2	592.0	0.33783783783783783
chr4	116	4	423.0	0.9456264775413712
chr4	117	3	256.0	1.171875
chr4	118	0	108.0	0.0
chr4	119	0	0.0	nan
chr4	120	0	0.0	nan
chr4	121	0	0.0	nan
chr4	122	0	0.0	nan
chr4	123	0	0.0	nan
chr4	124	0	0.0	nan
chr4	125	0	0.0	nan
chr4	126	0	0.0	nan
chr4	127	0	0.0	nan
chr4	128	0	0.0	nan
chr4	129	0	0.0	nan
chr4	130	0	0.0	nan
chr4	131	0	0.0	nan
chr4	132	0	0.0	nan
chr4	133	0	0.0	nan
chr4	134	0	0.0	nan
chr4	135	0	0.0	nan
chr4	136	0	0.0	nan
chr4	137	0	0.0	nan
chr4	138	0	0.0	nan
chr4	139	0	0.0	nan
chr4	140	0	0.0	nan
chr4	141	0	0.0	nan
chr4	142	0	0.0	nan
chr4	143	0	0.0	nan
chr4	144	0	0.0	nan
chr4	145	0	0.0	nan
chr4	146	0	0.0	nan
chr4	147	0	0.0	nan
chr4	148	0	0.0	nan
chr5	-153	0	0.0	nan
chr5	-152	0	0.0	nan
chr5	-151	0	0.0	nan
chr5	-150	0	0.0	nan
chr5	-149	0	0.0	nan
chr5	-148	0	0.0	nan
chr5	-147	0	0.0	nan
chr5	-146	0	0.0	nan
chr5	-145	0	0.0	nan
chr5	-144	0	0.0	nan
chr5	-143	0	0.0	nan
chr5	-142	0	0.0	nan
chr5	-141	0	0.0	nan
chr5	-140	0	0.0	nan
chr5	-139	0	8.0	0.0
chr5	-138	0	10.0	0.0
chr5	-137	0	15.0	0.0
chr5	-136	0	19.0	0.0
chr5	-135	0	19.0	0.0
chr5	-134	0	19.0	0.0
chr5	-133	0	27.0	0.0
chr5	-132	0	29.0	0.0
chr5	-131	0	30.0	0.0
chr5	-130	0	81.0	0.0
chr5	-129	0	160.0	0.0
chr5	-128	0	257.0	0.0
chr5	-127	1	360.0	0.2777777777777778
chr5	-126	2	467.0	0.4282655246252677
chr5	-125	0	576.0	0.0
chr5	-124	2	686.0	0.2915451895043732
chr5	-123	0	832.0	0.0
chr5	-122	5	975.0	0.5128205128205128
chr5	-121	1	1107.0	0.09033423667570009
chr5	-120	5	1244.0	0.40192926045016075
chr5	-119	8	1378.0	0.5805515239477503
chr5	-118	1	1506.0	0.06640106241699867
chr5	-117	2	1642.0	0.12180267965895249
chr5	-116	6	1790.0	0.33519553072625696
chr5	-115	9	1977.0	0.4552352048558422
chr5	-114	6	2142.0	0.2801120448179272
chr5	-113	7	2294.0	0.3051438535309503
chr5	-112	2	2461.0	0.08126777732629012
chr5	-111	11	2610.0	0.42145593869731796
chr5	-110	3	2780.0	0.1079136690647482
chr5	-109	3	2930.0	0.10238907849829351
chr5	-108	4	3075.0	0.13008130081300812
chr5	-107	6	3248.0	0.18472906403940886
chr5	-106	3	3447.0	0.08703220191470844
chr5	-105	10	3640.0	0.27472527472527475
chr5	-104	5	3826.0	0.13068478829064298
chr5	-103	18	3994.0	0.4506760140210316
chr5	-102	3	4170.0	0.07194244604316546
chr5	-101	10	4346.0	0.23009664058904739
chr5	-100	4	4495.0	0.08898776418242492
chr5	-99	2	4663.0	0.04289084280506112
chr5	-98	22	4824.0	0.45605306799336653
chr5	-97	9	4992.0	0.18028846153846154
chr5	-96	5	5216.0	0.09585889570552147
chr5	-95	14	5431.0	0.2577794144724728
chr5	-94	28	5620.0	0.498220640569395
chr5	-93	8	5801.0	0.13790725736941908
chr5	-92	3	5952.0	0.05040322580645161
chr5	-91	7	6161.0	0.11361791916896609
chr5	-90	3	6401.0	0.0468676769254804
chr5	-89	29	6578.0	0.4408634843417452
chr5	-88	9	6770.0	0.1329394387001477
chr5	-87	7	6960.0	0.10057471264367816
chr5	-86	14	7145.0	0.1959412176347096
chr5	-85	34	7373.0	0.4611420046114201
chr5	-84	34	7573.0	0.44896342268585765
chr5	-83	25	7781.0	0.3212954633080581
chr5	-82	18	7939.0	0.22672880715455349
chr5	-81	21	8155.0	0.2575107296137339
chr5	-80	31	8329.0	0.37219354064113336
chr5	-79	16	8519.0	0.18781547129944828
chr5	-78	54	8660.0	0.6235565819861432
chr5	-77	14	8829.0	0.15856835428700872
chr5	-76	15	9019.0	0.1663155560483424
chr5	-75	22	9183.0	0.239573124251334
chr5	-74	34	9356.0	0.36340316374519027
chr5	-73	31	9577.0	0.32369217917928367
chr5	-72	19	9792.0	0.1940359477124183
chr5	-71	24	9985.0	0.24036054081121683
chr5	-70	16	10180.0	0.15717092337917485
chr5	-69	15	10347.0	0.14496955639315745
chr5	-68	22	10540.0	0.20872865275142313
chr5	-67	41	10722.0	0.38239134489833987
chr5	-66	29	10923.0	0.26549482742836217
chr5	-65	12	11097.0	0.10813733441470669
chr5	-64	44	11305.0	0.3892083149049093
chr5	-63	30	11485.0	0.26121027427078797
chr5	-62	58	11666.0	0.4971712669295389
chr5	-61	16	11846.0	0.13506668917778153
chr5	-60	47	12043.0	0.3902682055966121
chr5	-59	34	12222.0	0.27818687612502047
chr5	-58	48	12404.0	0.3869719445340213
chr5	-57	21	12596.0	0.16671959352175292
chr5	-56	45	12779.0	0.3521402300649503
chr5	-55	20	12970.0	0.15420200462606012
chr5	-54	58	13149.0	0.441098182371283
chr5	-53	26	13348.0	0.1947857356907402
chr5	-52	40	13496.0	0.2963841138114997
chr5	-51	45	13691.0	0.3286830764735958
chr5	-50	15	13916.0	0.10778959471112387
chr5	-49	10	14095.0	0.0709471443774388
chr5	-48	48	14302.0	0.33561739616836805
chr5	-47	14	14503.0	0.09653175205129973
chr5	-46	38	14687.0	0.258732212160414
chr5	-45	47	14904.0	0.3153515834675255
chr5	-44	31	15071.0	0.20569305288302037
chr5	-43	40	15253.0	0.2622434930833279
chr5	-42	41	15445.0	0.2654580770475882
chr5	-41	21	15611.0	0.13452053039523412
chr5	-40	52	15810.0	0.3289057558507274
chr5	-39	47	16019.0	0.29340158561707974
chr5	-38	33	16182.0	0.2039302929180571
chr5	-37	22	16437.0	0.1338443754943116
chr5	-36	37	16680.0	0.22182254196642684
chr5	-35	37	16875.0	0.21925925925925926
chr5	-34	23	17086.0	0.13461313355963947
chr5	-33	28	17239.0	0.16242241429317247
chr5	-32	33	17446.0	0.18915510718789408
chr5	-31	67	17642.0	0.379775535653554
chr5	-30	56	17876.0	0.3132691877377489
chr5	-29	93	18064.0	0.5148361381753764
chr5	-28	87	18275.0	0.47606019151846785
chr5	-27	37	18482.0	0.20019478411427336
chr5	-26	43	18699.0	0.22995882132734372
chr5	-25	53	18893.0	0.28052717937860583
chr5	-24	55	19071.0	0.2883959939174663
chr5	-23	36	19320.0	0.18633540372670807
chr5	-22	37	19516.0	0.18958803033408486
chr5	-21	48	19714.0	0.24348178959115346
chr5	-20	39	19919.0	0.1957929614940509
chr5	-19	82	20137.0	0.4072106073397229
chr5	-18	93	20328.0	0.45749704840613925
chr5	-17	33	20549.0	0.1605917562898438
chr5	-16	107	20759.0	0.5154390866612072
chr5	-15	43	20944.0	0.20530939648586705
chr5	-14	69	21113.0	0.3268128641121584
chr5	-13	84	21342.0	0.3935901040202418
chr5	-12	80	21515.0	0.37183360446200325
chr5	-11	52	21767.0	0.23889373822759222
chr5	-10	74	22001.0	0.3363483478023726
chr5	-9	51	21995.0	0.23187087974539666
chr5	-8	68	22026.0	0.3087260510306002
chr5	-7	60	22027.0	0.27239297226131565
chr5	-6	61	22033.0	0.2768574411110607
chr5	-5	77	22033.0	0.3494757863205192
chr5	-4	101	22025.0	0.4585698070374574
chr5	-3	126	22022.0	0.5721551176096631
chr5	-2	97	21957.0	0.4417725554492873
chr5	-1	190	21918.0	0.8668674149101196
chr5	0	326	21257.0	1.5336124570729641
chr5	1	153	21101.0	0.7250841192360552
chr5	2	192	20983.0	0.91502644998332
chr5	3	159	20794.0	0.7646436472059248
chr5	4	128	20636.0	0.6202752471409188
chr5	5	130	20460.0	0.635386119257087
chr5	6	147	20251.0	0.7258900795022468
chr5	7	154	20076.0	0.7670850767085077
chr5	8	142	19846.0	0.7155094225536631
chr5	9	137	19680.0	0.6961382113821138
chr5	10	117	19517.0	0.5994773786954962
chr5	11	174	19304.0	0.9013675922088685
chr5	12	131	19131.0	0.6847524959489832
chr5	13	144	18943.0	0.7601752626299952
chr5	14	116	18722.0	0.61959192393975
chr5	15	157	18530.0	0.8472746896923906
chr5	16	137	18353.0	0.746471966436005
chr5	17	157	18144.0	0.8652998236331569
chr5	18	124	17947.0	0.6909232740848053
chr5	19	104	17785.0	0.584762440258645
chr5	20	135	17579.0	0.7679617725695432
chr5	21	118	17323.0	0.6811753160538013
chr5	22	111	17152.0	0.6471548507462687
chr5	23	129	16942.0	0.7614213197969544
chr5	24	171	16735.0	1.0218105766357932
chr5	25	110	16543.0	0.6649338088617542
chr5	26	112	16319.0	0.6863165635149213
chr5	27	163	16098.0	1.0125481426264131
chr5	28	143	15943.0	0.8969453678730477
chr5	29	104	15780.0	0.6590621039290241
chr5	30	105	15589.0	0.673551863493489
chr5	31	108	15394.0	0.7015720410549564
chr5	32	87	15189.0	0.5727829350187637
chr5	33	105	15005.0	0.6997667444185272
chr5	34	92	14792.0	0.6219578150351541
chr5	35	98	14587.0	0.6718310824706931
chr5	36	90	14385.0	0.6256517205422315
chr5	37	111	14177.0	0.7829583127601044
chr5	38	109	13976.0	0.7799084144247281
chr5	39	109	13775.0	0.7912885662431942
chr5	40	91	13569.0	0.6706463261846857
chr5	41	106	13415.0	0.7901602683563176
chr5	42	103	13259.0	0.7768308318877744
chr5	43	101	13072.0	0.7726438188494492
chr5	44	91	12896.0	0.7056451612903225
chr5	45	88	12682.0	0.6938968616937391
chr5	46	76	12484.0	0.6087792374239026
chr5	47	99	12269.0	0.8069117287472491
chr5	48	64	12074.0	0.5300646016233228
chr5	49	59	11907.0	0.4955068447131939
chr5	50	97	11754.0	0.8252509783903352
chr5	51	116	11589.0	1.0009491759427043
chr5	52	63	11407.0	0.552292452003156
chr5	53	95	11222.0	0.8465514168597399
chr5	54	88	11045.0	0.7967406066093256
chr5	55	74	10841.0	0.6825938566552902
chr5	56	54	10674.0	0.5059021922428331
chr5	57	72	10459.0	0.6884023329190171
chr5	58	79	10272.0	0.7690809968847352
chr5	59	83	10061.0	0.8249676970480072
chr5	60	74	9875.0	0.7493670886075949
chr5	61	87	9682.0	0.8985746746539971
chr5	62	83	9521.0	0.8717571683646677
chr5	63	67	9328.0	0.7182675814751287
chr5	64	53	9130.0	0.5805038335158816
chr5	65	75	8943.0	0.8386447500838645
chr5	66	89	8753.0	1.0167942419741802
chr5	67	51	8594.0	0.5934372818245288
chr5	68	67	8431.0	0.7946862768354881
chr5	69	63	8285.0	0.76041038020519
chr5	70	47	8115.0	0.5791743684534811
chr5	71	46	7941.0	0.5792721319733032
chr5	72	71	7760.0	0.9149484536082475
chr5	73	61	7562.0	0.806664903464692
chr5	74	57	7376.0	0.7727765726681127
chr5	75	49	7198.0	0.6807446512920255
chr5	76	43	7021.0	0.6124483691781798
chr5	77	59	6839.0	0.8626992250328995
chr5	78	44	6647.0	0.6619527606438995
chr5	79	47	6467.0	0.7267666615122932
chr5	80	50	6263.0	0.7983394539358136
chr5	81	41	6077.0	0.674675004113872
chr5	82	57	5911.0	0.96430384029775
chr5	83	43	5723.0	0.7513541848680763
chr5	84	52	5502.0	0.9451108687749908
chr5	85	37	5349.0	0.6917180781454477
chr5	86	35	5161.0	0.6781631466770006
chr5	87	36	4966.0	0.724929520741039
chr5	88	45	4793.0	0.9388691842269977
chr5	89	26	4599.0	0.5653402913676886
chr5	90	27	4400.0	0.6136363636363636
chr5	91	28	4220.0	0.6635071090047393
chr5	92	26	4019.0	0.6469270962926101
chr5	93	42	3842.0	1.0931806350858928
chr5	94	27	3663.0	0.7371007371007371
chr5	95	19	3493.0	0.5439450329229888
chr5	96	38	3322.0	1.1438892233594222
chr5	97	17	3157.0	0.5384859043395629
chr5	98	10	2985.0	0.33500837520938026
chr5	99	13	2805.0	0.4634581105169341
chr5	100	17	2635.0	0.6451612903225806
chr5	101	13	2461.0	0.5282405526208858
chr5	102	11	2304.0	0.4774305555555556
chr5	103	12	2158.0	0.5560704355885079
chr5	104	13	1995.0	0.6516290726817042
chr5	105	4	1843.0	0.2170374389582203
chr5	106	9	1669.0	0.5392450569203115
chr5	107	6	1496.0	0.4010695187165776
chr5	108	8	1348.0	0.5934718100890208
chr5	109	6	1190.0	0.5042016806722689
chr5	110	5	1031.0	0.4849660523763337
chr5	111	9	876.0	1.0273972602739725
chr5	112	3	753.0	0.398406374501992
chr5	113	3	601.0	0.49916805324459235
chr5	114	2	501.0	0.39920159680638717
chr5	115	1	389.0	0.2570694087403599
chr5	116	3	252.0	1.1904761904761905
chr5	117	0	145.0	0.0
chr5	118	0	57.0	0.0
chr5	119	0	0.0	nan
chr5	120	0	0.0	nan
chr5	121	0	0.0	nan
chr5	122	0	0.0	nan
chr5	123	0	0.0	nan
chr5	124	0	0.0	nan
chr5	125	0	0.0	nan
chr5	126	0	0.0	nan
chr5	127	0	0.0	nan
chr5	128	0	0.0	nan
chr5	129	0	0.0	nan
chr5	130	0	0.0	nan
chr5	131	0	0.0	nan
chr5	132	0	0.0	nan
chr5	133	0	0.0	nan
chr5	134	0	0.0	nan
chr5	135	0	0.0	nan
chr5	136	0	0.0	nan
chr5	137	0	0.0	nan
chr5	138	0	0.0	nan
chr5	139	0	0.0	nan
chr5	140	0	0.0	nan
chr5	141	0	0.0	nan
chr5	142	0	0.0	nan
chr5	143	0	0.0	nan
chr5	144	0	0.0	nan
chr5	145	0	0.0	nan
chr5	146	0	0.0	nan
chr5	147	0	0.0	nan
chr6	-149	0	0.0	nan
chr6	-148	0	0.0	nan
chr6	-147	0	0.0	nan
chr6	-146	0	0.0	nan
chr6	-145	0	0.0	nan
chr6	-144	0	0.0	nan
chr6	-143	0	0.0	nan
chr6	-142	0	0.0	nan
chr6	-141	0	0.0	nan
chr6	-140	0	0.0	nan
chr6	-139	0	2.0	0.0
chr6	-138	0	2.0	0.0
chr6	-137	0	3.0	0.0
chr6	-136	0	3.0	0.0
chr6	-135	0	5.0	0.0
chr6	-134	0	5.0	0.0
chr6	-133	0	5.0	0.0
chr6	-132	0	7.0	0.0
chr6	-131	0	7.0	0.0
chr6	-130	0	21.0	0.0
chr6	-129	0	48.0	0.0
chr6	-128	0	74.0	0.0
chr6	-127	0	114.0	0.0
chr6	-126	0	148.0	0.0
chr6	-125	2	189.0	1.0582010582010581
chr6	-124	2	248.0	0.8064516129032258
chr6	-123	0	282.0	0.0
chr6	-122	0	337.0	0.0
chr6	-121	8	376.0	2.127659574468085
chr6	-120	1	411.0	0.24330900243309003
chr6	-119	1	458.0	0.21834061135371177
chr6	-118	0	494.0	0.0
chr6	-117	2	538.0	0.37174721189591076
chr6	-116	1	598.0	0.16722408026755853
chr6	-115	3	659.0	0.4552352048558422
chr6	-114	0	728.0	0.0
chr6	-113	1	777.0	0.1287001287001287
chr6	-112	0	831.0	0.0
chr6	-111	0	873.0	0.0
chr6	-110	0	929.0	0.0
chr6	-109	2	989.0	0.20222446916076847
chr6	-108	2	1058.0	0.1890359168241966
chr6	-107	1	1116.0	0.08960573476702509
chr6	-106	4	1180.0	0.3389830508474576
chr6	-105	3	1264.0	0.23734177215189875
chr6	-104	3	1326.0	0.22624434389140274
chr6	-103	11	1408.0	0.78125
chr6	-102	2	1447.0	0.138217000691085
chr6	-101	1	1510.0	0.06622516556291391
chr6	-100	7	1581.0	0.4427577482605946
chr6	-99	3	1643.0	0.18259281801582472
chr6	-98	1	1678.0	0.05959475566150178
chr6	-97	12	1716.0	0.6993006993006993
chr6	-96	1	1790.0	0.055865921787709494
chr6	-95	0	1841.0	0.0
chr6	-94	2	1901.0	0.10520778537611783
chr6	-93	4	1957.0	0.2043944813490036
chr6	-92	1	2032.0	0.049212598425196846
chr6	-91	19	2104.0	0.9030418250950569
chr6	-90	1	2170.0	0.04608294930875576
chr6	-89	7	2224.0	0.3147482014388489
chr6	-88	14	2304.0	0.607638888888889
chr6	-87	3	2340.0	0.1282051282051282
chr6	-86	0	2401.0	0.0
chr6	-85	0	2471.0	0.0
chr6	-84	9	2522.0	0.3568596352101507
chr6	-83	1	2584.0	0.03869969040247678
chr6	-82	11	2664.0	0.4129129129129129
chr6	-81	8	2728.0	0.2932551319648094
chr6	-80	4	2805.0	0.14260249554367202
chr6	-79	0	2860.0	0.0
chr6	-78	5	2929.0	0.1707067258449983
chr6	-77	2	3001.0	0.06664445184938354
chr6	-76	10	3074.0	0.32530904359141183
chr6	-75	2	3129.0	0.06391818472355384
chr6	-74	0	3190.0	0.0
chr6	-73	2	3258.0	0.06138735420503376
chr6	-72	3	3308.0	0.09068923821039904
chr6	-71	9	3385.0	0.2658788774002954
chr6	-70	4	3432.0	0.11655011655011654
chr6	-69	13	3478.0	0.3737780333525014
chr6	-68	7	3523.0	0.19869429463525404
chr6	-67	8	3575.0	0.22377622377622378
chr6	-66	13	3670.0	0.35422343324250677
chr6	-65	6	3738.0	0.16051364365971107
chr6	-64	15	3811.0	0.39359748097612174
chr6	-63	7	3888.0	0.1800411522633745
chr6	-62	14	3961.0	0.35344609946983085
chr6	-61	6	4031.0	0.14884644008930786
chr6	-60	5	4097.0	0.12204051745179399
chr6	-59	9	4168.0	0.21593090211132437
chr6	-58	4	4222.0	0.09474182851729039
chr6	-57	8	4290.0	0.1864801864801865
chr6	-56	26	4357.0	0.5967408767500574
chr6	-55	5	4406.0	0.11348161597821153
chr6	-54	7	4471.0	0.156564526951465
chr6	-53	13	4547.0	0.28590279305036287
chr6	-52	6	4615.0	0.13001083423618637
chr6	-51	13	4670.0	0.278372591006424
chr6	-50	41	4722.0	0.868276154171961
chr6	-49	4	4778.0	0.08371703641691085
chr6	-48	8	4837.0	0.16539177175935496
chr6	-47	6	4898.0	0.12249897917517355
chr6	-46	6	4953.0	0.12113870381586916
chr6	-45	35	5022.0	0.6969334926324173
chr6	-44	10	5082.0	0.19677292404565133
chr6	-43	10	5150.0	0.1941747572815534
chr6	-42	8	5201.0	0.15381657373582003
chr6	-41	5	5251.0	0.09521995810321843
chr6	-40	18	5327.0	0.3379012577435705
chr6	-39	12	5389.0	0.2226758211170904
chr6	-38	14	5470.0	0.25594149908592323
chr6	-37	11	5521.0	0.1992392682485057
chr6	-36	34	5580.0	0.6093189964157707
chr6	-35	19	5635.0	0.33717834960070986
chr6	-34	24	5687.0	0.42201512220854576
chr6	-33	59	5757.0	1.024839326037867
chr6	-32	30	5815.0	0.5159071367153912
chr6	-31	12	5894.0	0.20359687818120123
chr6	-30	10	5964.0	0.1676727028839705
chr6	-29	16	6057.0	0.26415717351824336
chr6	-28	6	6118.0	0.09807126511932004
chr6	-27	8	6179.0	0.1294707881534229
chr6	-26	28	6253.0	0.44778506316967853
chr6	-25	31	6315.0	0.4908946951702296
chr6	-24	43	6372.0	0.674827369742624
chr6	-23	17	6449.0	0.26360676073809897
chr6	-22	5	6519.0	0.07669888019634913
chr6	-21	11	6593.0	0.16684362202335812
chr6	-20	24	6661.0	0.3603062603212731
chr6	-19	46	6710.0	0.6855439642324889
chr6	-18	13	6757.0	0.19239307384934143
chr6	-17	9	6816.0	0.13204225352112675
chr6	-16	13	6911.0	0.1881059181015772
chr6	-15	18	6983.0	0.25776886724903336
chr6	-14	7	7044.0	0.09937535491198182
chr6	-13	54	7094.0	0.7612066535100085
chr6	-12	75	7180.0	1.0445682451253482
chr6	-11	69	7246.0	0.9522495169748827
chr6	-10	39	7313.0	0.5332968685901819
chr6	-9	47	7315.0	0.6425153793574846
chr6	-8	11	7323.0	0.1502116618872047
chr6	-7	16	7323.0	0.21848969001775229
chr6	-6	17	7317.0	0.23233565668990025
chr6	-5	69	7326.0	0.9418509418509419
chr6	-4	20	7304.0	0.2738225629791895
chr6	-3	36	7303.0	0.49294810351910173
chr6	-2	35	7340.0	0.4768392370572207
chr6	-1	84	7330.0	1.145975443383356
chr6	0	101	7109.0	1.4207342804895204
chr6	1	42	7035.0	0.5970149253731344
chr6	2	45	6969.0	0.6457167455876023
chr6	3	30	6923.0	0.4333381482016467
chr6	4	92	6865.0	1.3401310997815004
chr6	5	62	6814.0	0.9098914000587026
chr6	6	31	6756.0	0.4588513913558318
chr6	7	24	6698.0	0.35831591519856676
chr6	8	75	6638.0	1.129858391081651
chr6	9	46	6557.0	0.7015403385694677
chr6	10	65	6481.0	1.0029316463508717
chr6	11	67	6419.0	1.043776289141611
chr6	12	79	6341.0	1.245860274404668
chr6	13	31	6302.0	0.4919073310060298
chr6	14	52	6225.0	0.8353413654618475
chr6	15	30	6181.0	0.4853583562530335
chr6	16	35	6085.0	0.5751848808545604
chr6	17	20	6057.0	0.3301964668978042
chr6	18	89	6025.0	1.4771784232365146
chr6	19	34	5972.0	0.5693235097119892
chr6	20	28	5898.0	0.47473719905052564
chr6	21	43	5815.0	0.7394668959587274
chr6	22	30	5746.0	0.5221023320570832
chr6	23	54	5683.0	0.9502023579095548
chr6	24	50	5626.0	0.8887308922858158
chr6	25	35	5568.0	0.6285919540229885
chr6	26	23	5504.0	0.41787790697674415
chr6	27	23	5431.0	0.42349475234763395
chr6	28	26	5369.0	0.48426150121065376
chr6	29	31	5290.0	0.5860113421550095
chr6	30	31	5216.0	0.5943251533742332
chr6	31	58	5159.0	1.1242488854429153
chr6	32	72	5098.0	1.4123185562965868
chr6	33	47	5031.0	0.934207910952097
chr6	34	44	4962.0	0.8867392180572351
chr6	35	41	4904.0	0.8360522022838499
chr6	36	42	4829.0	0.8697452888796852
chr6	37	31	4784.0	0.6479933110367893
chr6	38	40	4719.0	0.8476372112735749
chr6	39	34	4660.0	0.7296137339055794
chr6	40	25	4604.0	0.5430060816681147
chr6	41	22	4562.0	0.48224462954844366
chr6	42	23	4510.0	0.5099778270509978
chr6	43	26	4437.0	0.5859815190443994
chr6	44	55	4374.0	1.2574302697759487
chr6	45	16	4313.0	0.3709714815673545
chr6	46	20	4262.0	0.4692632566870014
chr6	47	51	4190.0	1.2171837708830548
chr6	48	26	4118.0	0.6313744536182613
chr6	49	32	4056.0	0.7889546351084813
chr6	50	31	3967.0	0.7814469372321654
chr6	51	27	3899.0	0.6924852526288792
chr6	52	21	3831.0	0.548159749412686
chr6	53	22	3770.0	0.583554376657825
chr6	54	28	3719.0	0.7528905619790266
chr6	55	29	3670.0	0.7901907356948229
chr6	56	22	3630.0	0.6060606060606061
chr6	57	24	3568.0	0.672645739910314
chr6	58	23	3513.0	0.6547110731568461
chr6	59	24	3435.0	0.6986899563318777
chr6	60	20	3376.0	0.5924170616113744
chr6	61	20	3314.0	0.6035003017501509
chr6	62	21	3236.0	0.6489493201483313
chr6	63	28	3153.0	0.8880431335236283
chr6	64	24	3091.0	0.7764477515367195
chr6	65	30	3027.0	0.9910802775024776
chr6	66	16	2934.0	0.5453306066803
chr6	67	18	2881.0	0.6247830614370011
chr6	68	25	2826.0	0.8846426043878274
chr6	69	26	2776.0	0.9365994236311239
chr6	70	18	2715.0	0.6629834254143646
chr6	71	9	2651.0	0.33949453036589966
chr6	72	16	2583.0	0.6194347657762291
chr6	73	8	2511.0	0.31859816806053365
chr6	74	11	2458.0	0.44751830756712774
chr6	75	14	2392.0	0.5852842809364548
chr6	76	16	2331.0	0.6864006864006864
chr6	77	14	2267.0	0.6175562417291575
chr6	78	11	2223.0	0.4948268106162843
chr6	79	16	2170.0	0.7373271889400922
chr6	80	13	2109.0	0.6164058795637744
chr6	81	26	2053.0	1.2664393570384802
chr6	82	11	1989.0	0.5530417295123178
chr6	83	17	1934.0	0.8790072388831437
chr6	84	13	1862.0	0.6981740064446832
chr6	85	13	1801.0	0.7218212104386451
chr6	86	14	1730.0	0.8092485549132947
chr6	87	20	1661.0	1.2040939193257074
chr6	88	8	1607.0	0.49782202862476665
chr6	89	6	1552.0	0.3865979381443299
chr6	90	10	1495.0	0.6688963210702341
chr6	91	9	1453.0	0.6194081211286993
chr6	92	8	1391.0	0.5751258087706687
chr6	93	7	1344.0	0.5208333333333333
chr6	94	11	1267.0	0.8681925808997633
chr6	95	1	1211.0	0.08257638315441783
chr6	96	9	1153.0	0.7805724197745013
chr6	97	4	1092.0	0.3663003663003663
chr6	98	8	1027.0	0.7789678675754625
chr6	99	6	965.0	0.6217616580310881
chr6	100	7	903.0	0.7751937984496124
chr6	101	5	848.0	0.589622641509434
chr6	102	13	794.0	1.63727959697733
chr6	103	3	741.0	0.4048582995951417
chr6	104	7	695.0	1.0071942446043165
chr6	105	4	636.0	0.628930817610063
chr6	106	1	588.0	0.17006802721088435
chr6	107	2	521.0	0.3838771593090211
chr6	108	3	459.0	0.6535947712418301
chr6	109	1	411.0	0.24330900243309003
chr6	110	2	359.0	0.5571030640668524
chr6	111	4	300.0	1.3333333333333335
chr6	112	0	251.0	0.0
chr6	113	1	211.0	0.47393364928909953
chr6	114	0	160.0	0.0
chr6	115	0	110.0	0.0
chr6	116	0	68.0	0.0
chr6	117	1	37.0	2.7027027027027026
chr6	118	0	6.0	0.0
chr6	119	0	0.0	nan
chr6	120	0	0.0	nan
chr6	121	0	0.0	nan
chr6	122	0	0.0	nan
chr6	123	0	0.0	nan
chr6	124	0	0.0	nan
chr6	125	0	0.0	nan
chr6	126	0	0.0	nan
chr6	127	0	0.0	nan
chr6	128	0	0.0	nan
chr6	129	0	0.0	nan
chr6	130	0	0.0	nan
chr6	131	0	0.0	nan
chr6	132	0	0.0	nan
chr6	133	0	0.0	nan
chr6	134	0	0.0	nan
chr6	135	0	0.0	nan
chr6	136	0	0.0	nan
chr6	137	0	0.0	nan
chr6	138	0	0.0	nan
chr6	139	0	0.0	nan
chr6	140	0	0.0	nan
chr6	141	0	0.0	nan
chr6	142	0	0.0	nan
chr7	-153	0	0.0	nan
chr7	-152	0	0.0	nan
chr7	-151	0	0.0	nan
chr7	-150	0	0.0	nan
chr7	-149	0	0.0	nan
chr7	-148	0	0.0	nan
chr7	-147	0	0.0	nan
chr7	-146	0	0.0	nan
chr7	-145	0	0.0	nan
chr7	-144	0	0.0	nan
chr7	-143	0	0.0	nan
chr7	-142	0	0.0	nan
chr7	-141	0	0.0	nan
chr7	-140	0	0.0	nan
chr7	-139	0	9.0	0.0
chr7	-138	0	11.0	0.0
chr7	-137	0	15.0	0.0
chr7	-136	0	17.0	0.0
chr7	-135	0	21.0	0.0
chr7	-134	0	27.0	0.0
chr7	-133	1	33.0	3.0303030303030303
chr7	-132	2	42.0	4.761904761904762
chr7	-131	0	51.0	0.0
chr7	-130	2	182.0	1.098901098901099
chr7	-129	2	400.0	0.5
chr7	-128	2	623.0	0.32102728731942215
chr7	-127	1	935.0	0.10695187165775401
chr7	-126	1	1237.0	0.08084074373484236
chr7	-125	10	1543.0	0.6480881399870383
chr7	-124	7	1878.0	0.3727369542066028
chr7	-123	11	2171.0	0.5066789497927222
chr7	-122	10	2531.0	0.39510075069142636
chr7	-121	3	2870.0	0.10452961672473868
chr7	-120	8	3210.0	0.24922118380062305
chr7	-119	6	3594.0	0.1669449081803005
chr7	-118	22	3974.0	0.5535983895319577
chr7	-117	5	4359.0	0.11470520761642578
chr7	-116	18	4749.0	0.3790271636133923
chr7	-115	19	5123.0	0.37087643958618
chr7	-114	23	5482.0	0.4195549069682597
chr7	-113	20	5875.0	0.3404255319148936
chr7	-112	15	6305.0	0.23790642347343377
chr7	-111	14	6670.0	0.2098950524737631
chr7	-110	11	7046.0	0.15611694578484245
chr7	-109	21	7453.0	0.2817657319200322
chr7	-108	8	7888.0	0.10141987829614604
chr7	-107	22	8284.0	0.2655721873491067
chr7	-106	28	8677.0	0.3226921747147632
chr7	-105	22	9101.0	0.24173167783760027
chr7	-104	35	9544.0	0.36672254819782063
chr7	-103	20	9928.0	0.201450443190975
chr7	-102	11	10371.0	0.10606498891138753
chr7	-101	23	10779.0	0.21337786436589667
chr7	-100	33	11235.0	0.2937249666221629
chr7	-99	29	11672.0	0.24845784784098698
chr7	-98	22	12163.0	0.18087642851270247
chr7	-97	31	12639.0	0.24527256903236014
chr7	-96	25	13083.0	0.19108767102346558
chr7	-95	44	13587.0	0.32383896371531606
chr7	-94	55	14077.0	0.39070824749591526
chr7	-93	18	14534.0	0.12384752992981973
chr7	-92	12	14977.0	0.0801228550444014
chr7	-91	26	15446.0	0.16832836980448013
chr7	-90	50	15942.0	0.3136369338853343
chr7	-89	46	16389.0	0.28067606321313077
chr7	-88	40	16842.0	0.23750148438427737
chr7	-87	18	17316.0	0.10395010395010396
chr7	-86	25	17788.0	0.14054418709242184
chr7	-85	36	18222.0	0.19756338491932832
chr7	-84	54	18714.0	0.28855402372555305
chr7	-83	57	19198.0	0.29690592770080215
chr7	-82	43	19650.0	0.2188295165394402
chr7	-81	67	20104.0	0.33326701153999205
chr7	-80	41	20614.0	0.1988939555641797
chr7	-79	68	21034.0	0.3232861082057621
chr7	-78	50	21491.0	0.23265553022195337
chr7	-77	46	21979.0	0.20929068656444788
chr7	-76	41	22438.0	0.18272573313129514
chr7	-75	58	22900.0	0.25327510917030566
chr7	-74	53	23425.0	0.22625400213447172
chr7	-73	38	23901.0	0.15898916363332077
chr7	-72	48	24433.0	0.1964556133098678
chr7	-71	64	24899.0	0.25703843527852527
chr7	-70	51	25395.0	0.2008269344359126
chr7	-69	59	25899.0	0.2278080234758099
chr7	-68	74	26395.0	0.2803561280545558
chr7	-67	72	26812.0	0.26853647620468446
chr7	-66	64	27282.0	0.23458690711824645
chr7	-65	60	27761.0	0.2161305428478801
chr7	-64	90	28277.0	0.3182798741026276
chr7	-63	90	28723.0	0.31333774327194236
chr7	-62	60	29180.0	0.205620287868403
chr7	-61	96	29686.0	0.3233847604931618
chr7	-60	49	30187.0	0.16232152913505812
chr7	-59	92	30720.0	0.2994791666666667
chr7	-58	54	31157.0	0.17331578778444653
chr7	-57	87	31647.0	0.27490757417764716
chr7	-56	64	32116.0	0.19927761863245733
chr7	-55	117	32602.0	0.3588736887307527
chr7	-54	84	33133.0	0.25352367730057646
chr7	-53	79	33624.0	0.234951225315251
chr7	-52	90	34129.0	0.26370535321867034
chr7	-51	151	34640.0	0.4359122401847575
chr7	-50	79	35083.0	0.2251802867485677
chr7	-49	130	35543.0	0.36575415693666824
chr7	-48	69	35976.0	0.19179452968645763
chr7	-47	90	36461.0	0.24683908834096704
chr7	-46	112	36965.0	0.3029893142161504
chr7	-45	110	37460.0	0.2936465563267485
chr7	-44	92	37923.0	0.24259684096722306
chr7	-43	59	38430.0	0.15352589123080926
chr7	-42	120	38925.0	0.3082851637764933
chr7	-41	132	39418.0	0.3348723933228474
chr7	-40	104	39902.0	0.2606385644829833
chr7	-39	109	40460.0	0.2694018783984182
chr7	-38	88	40896.0	0.21517996870109546
chr7	-37	143	41417.0	0.3452688509549219
chr7	-36	137	41962.0	0.32648586816643627
chr7	-35	140	42434.0	0.32992411745298583
chr7	-34	156	42943.0	0.36327224460331137
chr7	-33	115	43413.0	0.2648976113145832
chr7	-32	119	43923.0	0.2709286706281447
chr7	-31	138	44423.0	0.31064988857123566
chr7	-30	110	44884.0	0.2450761964174316
chr7	-29	126	45446.0	0.277252123399199
chr7	-28	158	45895.0	0.34426408105458106
chr7	-27	185	46385.0	0.3988358305486687
chr7	-26	127	46927.0	0.2706331110021949
chr7	-25	184	47403.0	0.38816108685104317
chr7	-24	138	47903.0	0.28808216604388037
chr7	-23	231	48381.0	0.47746015998015745
chr7	-22	140	48921.0	0.28617567097974284
chr7	-21	179	49410.0	0.3622748431491601
chr7	-20	236	49931.0	0.47265226011896416
chr7	-19	218	50409.0	0.4324624571009145
chr7	-18	196	50941.0	0.38475883865648497
chr7	-17	132	51487.0	0.2563753957309612
chr7	-16	173	51960.0	0.3329484218629715
chr7	-15	138	52490.0	0.2629072204229377
chr7	-14	211	53011.0	0.3980305974231763
chr7	-13	177	53463.0	0.331070085853768
chr7	-12	177	53898.0	0.3283980852721808
chr7	-11	196	54518.0	0.35951428885872555
chr7	-10	229	55037.0	0.4160837254937587
chr7	-9	283	55046.0	0.5141154670639102
chr7	-8	237	55064.0	0.4304082522156037
chr7	-7	177	55063.0	0.321449975482629
chr7	-6	193	55019.0	0.3507879096312183
chr7	-5	181	55077.0	0.32863082593460063
chr7	-4	243	55059.0	0.44134473927968176
chr7	-3	304	55055.0	0.552175097629643
chr7	-2	308	54980.0	0.56020371044016
chr7	-1	534	54917.0	0.9723764954385709
chr7	0	820	53355.0	1.5368756442695155
chr7	1	413	52968.0	0.7797160549765896
chr7	2	470	52583.0	0.8938250004754388
chr7	3	465	52124.0	0.8921034456296525
chr7	4	350	51761.0	0.6761847723189274
chr7	5	325	51294.0	0.6336023706476391
chr7	6	363	50860.0	0.7137239480928038
chr7	7	371	50386.0	0.7363156432342317
chr7	8	511	49934.0	1.023350823086474
chr7	9	471	49450.0	0.9524772497472195
chr7	10	354	48938.0	0.7233642568147453
chr7	11	372	48377.0	0.7689604564152386
chr7	12	422	47931.0	0.8804322880807828
chr7	13	352	47503.0	0.7410058312106604
chr7	14	320	47028.0	0.680445691928213
chr7	15	407	46546.0	0.8744038155802861
chr7	16	366	46076.0	0.7943397864397951
chr7	17	334	45561.0	0.7330831193345185
chr7	18	457	45045.0	1.0145410145410145
chr7	19	392	44555.0	0.8798114689709348
chr7	20	388	44064.0	0.8805374001452433
chr7	21	350	43590.0	0.8029364533149804
chr7	22	463	43115.0	1.073872202249797
chr7	23	354	42684.0	0.8293505763283667
chr7	24	350	42193.0	0.8295214846064513
chr7	25	301	41761.0	0.7207681808385814
chr7	26	413	41328.0	0.9993224932249323
chr7	27	349	40894.0	0.8534259304543453
chr7	28	290	40335.0	0.7189785546051817
chr7	29	307	39868.0	0.7700411357479683
chr7	30	307	39449.0	0.7782199802276356
chr7	31	296	38939.0	0.7601633323916895
chr7	32	310	38408.0	0.8071235159341803
chr7	33	313	37923.0	0.8253566437254436
chr7	34	375	37468.0	1.0008540621330202
chr7	35	341	36952.0	0.9228187919463088
chr7	36	362	36495.0	0.9919167009179339
chr7	37	276	36012.0	0.7664111962679107
chr7	38	304	35540.0	0.855374226223973
chr7	39	280	35023.0	0.7994746309567998
chr7	40	307	34507.0	0.8896745587851741
chr7	41	308	34033.0	0.905003966738166
chr7	42	242	33562.0	0.7210535724927001
chr7	43	289	33102.0	0.8730590296658812
chr7	44	273	32656.0	0.8359872611464968
chr7	45	275	32153.0	0.8552856654122478
chr7	46	267	31634.0	0.8440285768476954
chr7	47	249	31181.0	0.7985632276065554
chr7	48	282	30745.0	0.9172223125711497
chr7	49	205	30308.0	0.6763890721921605
chr7	50	289	29852.0	0.9681093394077449
chr7	51	251	29380.0	0.8543226684819605
chr7	52	266	28942.0	0.919079538387119
chr7	53	213	28464.0	0.7483136593591905
chr7	54	221	27946.0	0.7908108494954555
chr7	55	226	27437.0	0.8237052155847943
chr7	56	227	26930.0	0.8429261047159301
chr7	57	191	26448.0	0.7221718088324258
chr7	58	197	25935.0	0.7595912859070754
chr7	59	200	25436.0	0.7862871520679352
chr7	60	251	24992.0	1.0043213828425097
chr7	61	217	24508.0	0.8854251672923128
chr7	62	203	24075.0	0.8431983385254413
chr7	63	209	23617.0	0.8849557522123894
chr7	64	151	23113.0	0.6533119889239822
chr7	65	162	22630.0	0.7158638974812196
chr7	66	197	22149.0	0.8894306740710641
chr7	67	159	21694.0	0.7329215451276851
chr7	68	197	21167.0	0.9306940048188217
chr7	69	129	20635.0	0.6251514417252241
chr7	70	149	20133.0	0.7400784781204987
chr7	71	136	19694.0	0.6905656545140652
chr7	72	141	19193.0	0.7346428385348825
chr7	73	152	18765.0	0.8100186517452704
chr7	74	160	18277.0	0.8754171910050883
chr7	75	118	17809.0	0.6625863327531024
chr7	76	138	17324.0	0.796582775340568
chr7	77	131	16893.0	0.7754691292251229
chr7	78	144	16390.0	0.8785845027455765
chr7	79	103	15949.0	0.6458085146404163
chr7	80	148	15499.0	0.954900316149429
chr7	81	103	15052.0	0.6842944459208079
chr7	82	122	14582.0	0.8366479220957344
chr7	83	130	14109.0	0.921397689418102
chr7	84	86	13607.0	0.6320276328360402
chr7	85	104	13168.0	0.7897934386391251
chr7	86	88	12729.0	0.6913347474271349
chr7	87	118	12290.0	0.9601301871440195
chr7	88	85	11857.0	0.7168761069410475
chr7	89	99	11393.0	0.8689546212586676
chr7	90	72	10962.0	0.6568144499178982
chr7	91	67	10504.0	0.6378522467631378
chr7	92	56	10046.0	0.5574357953414294
chr7	93	102	9634.0	1.0587502594976126
chr7	94	65	9200.0	0.7065217391304348
chr7	95	57	8770.0	0.6499429874572406
chr7	96	76	8343.0	0.9109433057653122
chr7	97	32	7944.0	0.4028197381671702
chr7	98	78	7570.0	1.0303830911492733
chr7	99	44	7126.0	0.6174571989896155
chr7	100	45	6694.0	0.672243800418285
chr7	101	34	6286.0	0.5408845052497614
chr7	102	42	5871.0	0.7153806847215125
chr7	103	38	5445.0	0.6978879706152433
chr7	104	32	5095.0	0.6280667320902846
chr7	105	42	4694.0	0.8947592671495527
chr7	106	33	4311.0	0.7654836464857342
chr7	107	24	3926.0	0.6113092205807438
chr7	108	34	3540.0	0.96045197740113
chr7	109	27	3157.0	0.8552423186569529
chr7	110	19	2783.0	0.6827164929931728
chr7	111	14	2392.0	0.5852842809364548
chr7	112	19	2055.0	0.9245742092457422
chr7	113	11	1698.0	0.6478209658421673
chr7	114	6	1327.0	0.45214770158251694
chr7	115	10	990.0	1.0101010101010102
chr7	116	3	666.0	0.45045045045045046
chr7	117	1	370.0	0.2702702702702703
chr7	118	2	156.0	1.282051282051282
chr7	119	0	0.0	nan
chr7	120	0	0.0	nan
chr7	121	0	0.0	nan
chr7	122	0	0.0	nan
chr7	123	0	0.0	nan
chr7	124	0	0.0	nan
chr7	125	0	0.0	nan
chr7	126	0	0.0	nan
chr7	127	0	0.0	nan
chr7	128	0	0.0	nan
chr7	129	0	0.0	nan
chr7	130	0	0.0	nan
chr7	131	0	0.0	nan
chr7	132	0	0.0	nan
chr7	133	0	0.0	nan
chr7	134	0	0.0	nan
chr7	135	0	0.0	nan
chr7	136	0	0.0	nan
chr7	137	0	0.0	nan
chr7	138	0	0.0	nan
chr7	139	0	0.0	nan
chr7	140	0	0.0	nan
chr7	141	0	0.0	nan
chr7	142	0	0.0	nan
chr7	143	0	0.0	nan
chr7	144	0	0.0	nan
chr7	145	0	0.0	nan
chr7	146	0	0.0	nan
chr7	147	0	0.0	nan
chr7	148	0	0.0	nan
chr7	149	0	0.0	nan
chr7	150	0	0.0	nan
chr7	151	0	0.0	nan
chr7	152	0	0.0	nan
chr7	153	0	0.0	nan
chr7	154	0	0.0	nan
chr7	155	0	0.0	nan
chr7	156	0	0.0	nan
chr8	-143	0	0.0	nan
chr8	-142	0	0.0	nan
chr8	-141	0	0.0	nan
chr8	-140	0	0.0	nan
chr8	-139	0	1.0	0.0
chr8	-138	0	1.0	0.0
chr8	-137	0	1.0	0.0
chr8	-136	0	3.0	0.0
chr8	-135	0	3.0	0.0
chr8	-134	0	3.0	0.0
chr8	-133	0	3.0	0.0
chr8	-132	0	4.0	0.0
chr8	-131	0	4.0	0.0
chr8	-130	0	37.0	0.0
chr8	-129	0	69.0	0.0
chr8	-128	0	109.0	0.0
chr8	-127	0	162.0	0.0
chr8	-126	2	225.0	0.8888888888888888
chr8	-125	0	272.0	0.0
chr8	-124	0	347.0	0.0
chr8	-123	0	397.0	0.0
chr8	-122	1	451.0	0.22172949002217296
chr8	-121	1	506.0	0.1976284584980237
chr8	-120	0	559.0	0.0
chr8	-119	2	622.0	0.3215434083601286
chr8	-118	5	681.0	0.7342143906020557
chr8	-117	0	736.0	0.0
chr8	-116	5	810.0	0.6172839506172839
chr8	-115	3	889.0	0.3374578177727784
chr8	-114	0	938.0	0.0
chr8	-113	4	1005.0	0.3980099502487562
chr8	-112	2	1063.0	0.18814675446848542
chr8	-111	1	1120.0	0.08928571428571429
chr8	-110	2	1181.0	0.1693480101608806
chr8	-109	3	1253.0	0.23942537909018355
chr8	-108	3	1339.0	0.22404779686333084
chr8	-107	2	1432.0	0.13966480446927373
chr8	-106	8	1515.0	0.528052805280528
chr8	-105	3	1579.0	0.18999366687777072
chr8	-104	1	1650.0	0.06060606060606061
chr8	-103	5	1708.0	0.29274004683840754
chr8	-102	2	1800.0	0.1111111111111111
chr8	-101	3	1890.0	0.15873015873015872
chr8	-100	14	1969.0	0.7110208227526663
chr8	-99	6	2052.0	0.29239766081871343
chr8	-98	4	2126.0	0.18814675446848542
chr8	-97	10	2202.0	0.4541326067211626
chr8	-96	5	2292.0	0.2181500872600349
chr8	-95	5	2360.0	0.211864406779661
chr8	-94	21	2435.0	0.862422997946612
chr8	-93	1	2516.0	0.0397456279809221
chr8	-92	13	2594.0	0.5011565150346955
chr8	-91	2	2671.0	0.07487832272557095
chr8	-90	8	2752.0	0.29069767441860467
chr8	-89	11	2828.0	0.38896746817538896
chr8	-88	5	2891.0	0.17295053614666206
chr8	-87	4	2977.0	0.13436345314074571
chr8	-86	2	3054.0	0.06548788474132286
chr8	-85	7	3141.0	0.22285896211397643
chr8	-84	5	3217.0	0.1554243083618278
chr8	-83	17	3308.0	0.5139056831922612
chr8	-82	3	3392.0	0.0884433962264151
chr8	-81	24	3478.0	0.690051753881541
chr8	-80	2	3553.0	0.056290458767238954
chr8	-79	16	3643.0	0.43919846280538016
chr8	-78	31	3727.0	0.8317681781593774
chr8	-77	2	3808.0	0.052521008403361345
chr8	-76	11	3879.0	0.28357824181490077
chr8	-75	9	3972.0	0.22658610271903326
chr8	-74	7	4071.0	0.17194792434291328
chr8	-73	6	4151.0	0.1445434834979523
chr8	-72	27	4235.0	0.6375442739079102
chr8	-71	10	4315.0	0.2317497103128621
chr8	-70	9	4397.0	0.20468501250852852
chr8	-69	20	4477.0	0.4467277194549922
chr8	-68	11	4554.0	0.24154589371980675
chr8	-67	27	4632.0	0.582901554404145
chr8	-66	6	4718.0	0.1271725307333616
chr8	-65	11	4817.0	0.2283578991073282
chr8	-64	6	4910.0	0.12219959266802445
chr8	-63	6	4987.0	0.120312813314618
chr8	-62	39	5055.0	0.771513353115727
chr8	-61	45	5135.0	0.8763388510223954
chr8	-60	18	5223.0	0.34462952326249285
chr8	-59	24	5287.0	0.4539436353319463
chr8	-58	5	5368.0	0.09314456035767511
chr8	-57	13	5447.0	0.23866348448687352
chr8	-56	33	5521.0	0.5977178047455172
chr8	-55	10	5626.0	0.17774617845716317
chr8	-54	17	5706.0	0.2979320014020329
chr8	-53	58	5793.0	1.0012083549110995
chr8	-52	11	5887.0	0.18685238661457448
chr8	-51	16	5980.0	0.26755852842809363
chr8	-50	14	6052.0	0.2313284864507601
chr8	-49	24	6137.0	0.3910705556460812
chr8	-48	9	6246.0	0.1440922190201729
chr8	-47	10	6313.0	0.1584032947885316
chr8	-46	8	6388.0	0.12523481527864747
chr8	-45	17	6466.0	0.2629137024435509
chr8	-44	16	6555.0	0.24408848207475212
chr8	-43	72	6652.0	1.0823812387251954
chr8	-42	27	6743.0	0.40041524543971524
chr8	-41	24	6813.0	0.3522677234698371
chr8	-40	9	6862.0	0.1311570970562518
chr8	-39	23	6933.0	0.33174671859224003
chr8	-38	26	7016.0	0.37058152793614596
chr8	-37	17	7087.0	0.23987582898264428
chr8	-36	15	7154.0	0.2096729102599944
chr8	-35	11	7243.0	0.15187077177964933
chr8	-34	14	7326.0	0.19110019110019108
chr8	-33	18	7412.0	0.24284943335132217
chr8	-32	20	7473.0	0.26763013515321826
chr8	-31	22	7597.0	0.28958799526128737
chr8	-30	34	7693.0	0.4419602235798778
chr8	-29	32	7783.0	0.41115251188487734
chr8	-28	24	7882.0	0.304491245876681
chr8	-27	13	7982.0	0.16286644951140067
chr8	-26	28	8063.0	0.3472652858737443
chr8	-25	27	8166.0	0.33063923585598826
chr8	-24	15	8249.0	0.1818402230573403
chr8	-23	22	8332.0	0.2640422467594815
chr8	-22	32	8413.0	0.380363722809937
chr8	-21	11	8499.0	0.1294269914107542
chr8	-20	14	8579.0	0.16318918288844855
chr8	-19	23	8662.0	0.26552759178018936
chr8	-18	26	8741.0	0.29744880448461275
chr8	-17	61	8821.0	0.6915315723840835
chr8	-16	23	8915.0	0.2579921480650589
chr8	-15	24	8996.0	0.2667852378835038
chr8	-14	39	9087.0	0.4291845493562232
chr8	-13	24	9176.0	0.26155187445510025
chr8	-12	18	9252.0	0.19455252918287938
chr8	-11	41	9347.0	0.43864341499946513
chr8	-10	12	9421.0	0.12737501326823053
chr8	-9	27	9421.0	0.28659377985351875
chr8	-8	56	9421.0	0.5944167285850759
chr8	-7	29	9421.0	0.30782294873155713
chr8	-6	38	9419.0	0.40343985561099904
chr8	-5	38	9419.0	0.40343985561099904
chr8	-4	28	9419.0	0.297271472555473
chr8	-3	47	9419.0	0.4989914003609725
chr8	-2	57	9413.0	0.6055455221502178
chr8	-1	81	9362.0	0.8651997436445205
chr8	0	123	9131.0	1.3470594677472347
chr8	1	103	9106.0	1.1311223369207117
chr8	2	86	9039.0	0.9514326806062617
chr8	3	48	8960.0	0.5357142857142857
chr8	4	98	8881.0	1.1034793379123973
chr8	5	57	8809.0	0.6470655011919627
chr8	6	79	8741.0	0.9037867520878617
chr8	7	88	8660.0	1.0161662817551964
chr8	8	66	8581.0	0.7691411257429204
chr8	9	47	8500.0	0.5529411764705883
chr8	10	63	8427.0	0.7475970096119616
chr8	11	53	8329.0	0.6363308920638732
chr8	12	60	8249.0	0.7273608922293612
chr8	13	57	8163.0	0.6982726938625505
chr8	14	73	8076.0	0.9039128281327391
chr8	15	63	8014.0	0.7861242825056151
chr8	16	76	7939.0	0.9572994079858924
chr8	17	54	7842.0	0.6885998469778117
chr8	18	67	7760.0	0.8634020618556701
chr8	19	62	7673.0	0.8080281506581519
chr8	20	61	7577.0	0.805067968853108
chr8	21	55	7480.0	0.7352941176470588
chr8	22	81	7359.0	1.10069302894415
chr8	23	42	7253.0	0.579070729353371
chr8	24	46	7181.0	0.6405793065032725
chr8	25	104	7086.0	1.4676827547276319
chr8	26	45	7014.0	0.6415739948674081
chr8	27	43	6913.0	0.6220164906697526
chr8	28	63	6833.0	0.9219961949363383
chr8	29	49	6764.0	0.7244234180958012
chr8	30	61	6671.0	0.9144056363363814
chr8	31	62	6586.0	0.9413908290312785
chr8	32	27	6500.0	0.41538461538461535
chr8	33	45	6407.0	0.7023567972530045
chr8	34	51	6329.0	0.805814504661084
chr8	35	43	6262.0	0.6866815713829448
chr8	36	68	6173.0	1.1015713591446623
chr8	37	41	6093.0	0.6729033316921057
chr8	38	43	5995.0	0.7172643869891576
chr8	39	42	5918.0	0.7096992227103751
chr8	40	42	5844.0	0.7186858316221766
chr8	41	42	5784.0	0.7261410788381742
chr8	42	88	5700.0	1.5438596491228072
chr8	43	36	5615.0	0.6411398040961709
chr8	44	50	5517.0	0.906289650172195
chr8	45	35	5481.0	0.6385696040868455
chr8	46	55	5423.0	1.0141987829614605
chr8	47	26	5321.0	0.48862995677504234
chr8	48	42	5241.0	0.8013737836290785
chr8	49	47	5168.0	0.9094427244582043
chr8	50	42	5086.0	0.8257963035784506
chr8	51	31	4993.0	0.6208692169036651
chr8	52	75	4910.0	1.5274949083503055
chr8	53	25	4831.0	0.517491202649555
chr8	54	28	4747.0	0.5898462186644196
chr8	55	38	4659.0	0.815625670744795
chr8	56	25	4572.0	0.5468066491688539
chr8	57	39	4482.0	0.8701472556894244
chr8	58	60	4414.0	1.359311282283643
chr8	59	46	4319.0	1.0650613567955545
chr8	60	53	4247.0	1.2479397221568167
chr8	61	42	4170.0	1.0071942446043165
chr8	62	36	4091.0	0.8799804448790027
chr8	63	35	3981.0	0.8791760864104498
chr8	64	35	3891.0	0.8995116936520174
chr8	65	29	3823.0	0.7585665707559508
chr8	66	47	3726.0	1.261406333870102
chr8	67	45	3652.0	1.2322015334063527
chr8	68	46	3574.0	1.2870733072188025
chr8	69	33	3499.0	0.943126607602172
chr8	70	33	3419.0	0.9651945013161742
chr8	71	59	3327.0	1.7733694018635406
chr8	72	21	3262.0	0.6437768240343348
chr8	73	24	3183.0	0.7540056550424128
chr8	74	25	3107.0	0.804634695848085
chr8	75	27	3034.0	0.8899143045484509
chr8	76	23	2970.0	0.7744107744107744
chr8	77	39	2885.0	1.3518197573656845
chr8	78	17	2790.0	0.6093189964157707
chr8	79	17	2704.0	0.628698224852071
chr8	80	42	2621.0	1.6024418161007248
chr8	81	19	2534.0	0.749802683504341
chr8	82	17	2446.0	0.6950122649223222
chr8	83	10	2359.0	0.42390843577787196
chr8	84	29	2305.0	1.2581344902386116
chr8	85	15	2236.0	0.6708407871198568
chr8	86	19	2152.0	0.8828996282527881
chr8	87	16	2075.0	0.7710843373493975
chr8	88	28	2010.0	1.3930348258706469
chr8	89	20	1940.0	1.0309278350515463
chr8	90	6	1858.0	0.32292787944025836
chr8	91	17	1789.0	0.9502515371716043
chr8	92	7	1725.0	0.4057971014492754
chr8	93	16	1674.0	0.955794504181601
chr8	94	16	1603.0	0.9981285090455396
chr8	95	8	1514.0	0.5284015852047557
chr8	96	13	1438.0	0.9040333796940195
chr8	97	7	1355.0	0.5166051660516605
chr8	98	6	1276.0	0.4702194357366771
chr8	99	13	1229.0	1.0577705451586654
chr8	100	12	1134.0	1.0582010582010581
chr8	101	4	1047.0	0.38204393505253104
chr8	102	8	958.0	0.8350730688935281
chr8	103	9	876.0	1.0273972602739725
chr8	104	6	806.0	0.7444168734491315
chr8	105	5	758.0	0.6596306068601583
chr8	106	5	702.0	0.7122507122507122
chr8	107	3	636.0	0.4716981132075472
chr8	108	3	569.0	0.5272407732864675
chr8	109	4	496.0	0.8064516129032258
chr8	110	4	445.0	0.8988764044943821
chr8	111	2	372.0	0.5376344086021506
chr8	112	5	318.0	1.5723270440251573
chr8	113	3	263.0	1.1406844106463878
chr8	114	1	206.0	0.48543689320388345
chr8	115	2	144.0	1.3888888888888888
chr8	116	0	105.0	0.0
chr8	117	0	58.0	0.0
chr8	118	0	19.0	0.0
chr8	119	0	0.0	nan
chr8	120	0	0.0	nan
chr8	121	0	0.0	nan
chr8	122	0	0.0	nan
chr8	123	0	0.0	nan
chr8	124	0	0.0	nan
chr8	125	0	0.0	nan
chr8	126	0	0.0	nan
chr8	127	0	0.0	nan
chr8	128	0	0.0	nan
chr8	129	0	0.0	nan
chr8	130	0	0.0	nan
chr8	131	0	0.0	nan
chr8	132	0	0.0	nan
chr8	133	0	0.0	nan
chr8	134	0	0.0	nan
chr8	135	0	0.0	nan
chr8	136	0	0.0	nan
chr8	137	0	0.0	nan
chr8	138	0	0.0	nan
chr8	139	0	0.0	nan
chr8	140	0	0.0	nan
chr8	141	0	0.0	nan
chr8	142	0	0.0	nan
chr8	143	0	0.0	nan
chr8	144	0	0.0	nan
chr8	145	0	0.0	nan
chr8	146	0	0.0	nan
chr8	147	0	0.0	nan
chr8	148	0	0.0	nan
chr8	149	0	0.0	nan
chr8	150	0	0.0	nan
chr9	-141	0	0.0	nan
chr9	-140	0	0.0	nan
chr9	-139	0	2.0	0.0
chr9	-138	0	2.0	0.0
chr9	-137	0	3.0	0.0
chr9	-136	0	3.0	0.0
chr9	-135	0	3.0	0.0
chr9	-134	0	3.0	0.0
chr9	-133	0	3.0	0.0
chr9	-132	0	3.0	0.0
chr9	-131	0	4.0	0.0
chr9	-130	0	29.0	0.0
chr9	-129	0	67.0	0.0
chr9	-128	1	127.0	0.7874015748031495
chr9	-127	0	180.0	0.0
chr9	-126	0	236.0	0.0
chr9	-125	1	306.0	0.32679738562091504
chr9	-124	1	402.0	0.24875621890547264
chr9	-123	2	487.0	0.41067761806981523
chr9	-122	1	561.0	0.17825311942959002
chr9	-121	5	671.0	0.7451564828614009
chr9	-120	0	757.0	0.0
chr9	-119	4	833.0	0.4801920768307323
chr9	-118	1	911.0	0.10976948408342481
chr9	-117	6	1005.0	0.5970149253731344
chr9	-116	3	1091.0	0.27497708524289644
chr9	-115	2	1203.0	0.1662510390689942
chr9	-114	1	1302.0	0.07680491551459294
chr9	-113	1	1401.0	0.07137758743754462
chr9	-112	9	1500.0	0.6
chr9	-111	13	1579.0	0.8233058898036731
chr9	-110	4	1686.0	0.2372479240806643
chr9	-109	2	1778.0	0.11248593925759282
chr9	-108	1	1888.0	0.05296610169491525
chr9	-107	9	1971.0	0.45662100456621
chr9	-106	1	2080.0	0.04807692307692308
chr9	-105	3	2184.0	0.13736263736263737
chr9	-104	6	2272.0	0.2640845070422535
chr9	-103	8	2360.0	0.3389830508474576
chr9	-102	3	2464.0	0.12175324675324675
chr9	-101	1	2560.0	0.0390625
chr9	-100	4	2672.0	0.14970059880239522
chr9	-99	9	2782.0	0.3235082674335011
chr9	-98	2	2873.0	0.06961364427427777
chr9	-97	6	2989.0	0.20073603211776514
chr9	-96	4	3092.0	0.129366106080207
chr9	-95	7	3204.0	0.2184769038701623
chr9	-94	7	3327.0	0.21039975954313195
chr9	-93	6	3442.0	0.17431725740848344
chr9	-92	6	3534.0	0.1697792869269949
chr9	-91	4	3672.0	0.10893246187363835
chr9	-90	4	3755.0	0.10652463382157124
chr9	-89	5	3862.0	0.12946659761781462
chr9	-88	1	3968.0	0.025201612903225805
chr9	-87	9	4082.0	0.22048015678588928
chr9	-86	2	4179.0	0.04785833931562575
chr9	-85	15	4284.0	0.350140056022409
chr9	-84	10	4359.0	0.22941041523285155
chr9	-83	4	4477.0	0.08934554389099844
chr9	-82	2	4574.0	0.043725404459991256
chr9	-81	11	4677.0	0.23519350010690615
chr9	-80	3	4771.0	0.06287989939216097
chr9	-79	14	4871.0	0.28741531513036334
chr9	-78	9	4979.0	0.18075918859208676
chr9	-77	12	5079.0	0.23626698168930893
chr9	-76	8	5188.0	0.15420200462606012
chr9	-75	4	5307.0	0.07537214999057848
chr9	-74	26	5440.0	0.47794117647058826
chr9	-73	6	5542.0	0.10826416456153012
chr9	-72	6	5669.0	0.10583877227024166
chr9	-71	9	5773.0	0.15589814654425777
chr9	-70	13	5887.0	0.2208255478172244
chr9	-69	15	5989.0	0.2504591751544498
chr9	-68	14	6116.0	0.22890778286461738
chr9	-67	3	6244.0	0.04804612427930814
chr9	-66	15	6350.0	0.23622047244094488
chr9	-65	8	6454.0	0.12395413696932135
chr9	-64	44	6557.0	0.6710385847186213
chr9	-63	25	6678.0	0.37436358191075175
chr9	-62	10	6779.0	0.1475143826523086
chr9	-61	19	6887.0	0.27588209670393493
chr9	-60	22	7017.0	0.31352429813310534
chr9	-59	14	7140.0	0.19607843137254902
chr9	-58	14	7258.0	0.19289060347203085
chr9	-57	12	7360.0	0.16304347826086957
chr9	-56	17	7483.0	0.22718161165308032
chr9	-55	6	7602.0	0.07892659826361484
chr9	-54	10	7717.0	0.1295840352468576
chr9	-53	6	7821.0	0.07671653241273495
chr9	-52	24	7927.0	0.3027627097262521
chr9	-51	16	8051.0	0.19873307663644266
chr9	-50	38	8183.0	0.46437736771355254
chr9	-49	14	8304.0	0.16859344894026976
chr9	-48	9	8438.0	0.10666034605356721
chr9	-47	11	8577.0	0.12824997085227935
chr9	-46	14	8683.0	0.16123459633767132
chr9	-45	19	8783.0	0.21632699533189115
chr9	-44	19	8934.0	0.21267069621670026
chr9	-43	24	9035.0	0.26563364692861097
chr9	-42	9	9142.0	0.09844672938087945
chr9	-41	36	9250.0	0.38918918918918916
chr9	-40	44	9359.0	0.47013569825836093
chr9	-39	34	9451.0	0.35975029097450006
chr9	-38	24	9548.0	0.25136154168412234
chr9	-37	12	9678.0	0.12399256044637322
chr9	-36	14	9807.0	0.14275517487508924
chr9	-35	27	9925.0	0.27204030226700254
chr9	-34	53	10030.0	0.5284147557328016
chr9	-33	15	10150.0	0.1477832512315271
chr9	-32	17	10266.0	0.1655951685174362
chr9	-31	95	10398.0	0.9136372379303712
chr9	-30	63	10510.0	0.5994291151284491
chr9	-29	33	10649.0	0.30988825241806744
chr9	-28	16	10759.0	0.14871270564178826
chr9	-27	39	10867.0	0.3588846967884421
chr9	-26	29	10959.0	0.26462268455151017
chr9	-25	22	11058.0	0.19895098571170192
chr9	-24	15	11187.0	0.13408420488066505
chr9	-23	38	11298.0	0.33634271552487166
chr9	-22	19	11420.0	0.16637478108581435
chr9	-21	28	11531.0	0.24282369265458328
chr9	-20	23	11640.0	0.19759450171821305
chr9	-19	38	11745.0	0.32354193273733506
chr9	-18	11	11893.0	0.09249138148490708
chr9	-17	35	12001.0	0.2916423631364053
chr9	-16	29	12103.0	0.23961001404610424
chr9	-15	99	12245.0	0.8084932625561453
chr9	-14	19	12373.0	0.15356017134082275
chr9	-13	26	12508.0	0.2078669651423089
chr9	-12	51	12625.0	0.403960396039604
chr9	-11	22	12729.0	0.1728336868567837
chr9	-10	42	12858.0	0.3266448903406439
chr9	-9	21	12849.0	0.1634368433341116
chr9	-8	62	12849.0	0.4825278231769009
chr9	-7	51	12849.0	0.3969180480971282
chr9	-6	44	12840.0	0.3426791277258567
chr9	-5	57	12850.0	0.443579766536965
chr9	-4	32	12843.0	0.24916296815385813
chr9	-3	56	12850.0	0.4357976653696498
chr9	-2	52	12846.0	0.4047952670091858
chr9	-1	143	12845.0	1.113273647333593
chr9	0	168	12468.0	1.3474494706448508
chr9	1	101	12372.0	0.8163595215001617
chr9	2	89	12278.0	0.7248737579410328
chr9	3	77	12182.0	0.632080118207191
chr9	4	83	12061.0	0.6881684769090457
chr9	5	71	11929.0	0.5951881968312516
chr9	6	86	11846.0	0.7259834543305757
chr9	7	90	11744.0	0.7663487738419619
chr9	8	64	11609.0	0.5512964079593419
chr9	9	84	11493.0	0.7308796658835813
chr9	10	80	11368.0	0.7037297677691766
chr9	11	114	11247.0	1.0136036276340359
chr9	12	72	11122.0	0.6473655817299047
chr9	13	54	11017.0	0.4901515839157666
chr9	14	128	10888.0	1.1756061719324025
chr9	15	76	10799.0	0.7037688674877304
chr9	16	117	10674.0	1.0961214165261384
chr9	17	78	10545.0	0.7396870554765291
chr9	18	68	10443.0	0.6511538829838169
chr9	19	66	10344.0	0.6380510440835266
chr9	20	71	10228.0	0.6941728588189284
chr9	21	56	10098.0	0.5545652604476135
chr9	22	61	10001.0	0.6099390060993901
chr9	23	59	9872.0	0.5976499189627229
chr9	24	59	9759.0	0.604570140383236
chr9	25	81	9647.0	0.8396392660930859
chr9	26	70	9535.0	0.7341373885684321
chr9	27	58	9434.0	0.6147975408098367
chr9	28	88	9316.0	0.9446114212108201
chr9	29	102	9188.0	1.110143665650849
chr9	30	117	9077.0	1.288972127354853
chr9	31	70	8957.0	0.7815116668527409
chr9	32	44	8845.0	0.49745618993781804
chr9	33	76	8725.0	0.8710601719197708
chr9	34	66	8606.0	0.7669068092028817
chr9	35	73	8491.0	0.8597338358261689
chr9	36	66	8364.0	0.7890961262553802
chr9	37	41	8243.0	0.49739172631323547
chr9	38	71	8145.0	0.8717004297114795
chr9	39	48	8035.0	0.59738643434972
chr9	40	69	7938.0	0.8692365835222978
chr9	41	51	7836.0	0.6508422664624809
chr9	42	40	7752.0	0.5159958720330238
chr9	43	96	7649.0	1.2550660217021832
chr9	44	54	7532.0	0.7169410515135423
chr9	45	50	7438.0	0.6722237160527024
chr9	46	53	7345.0	0.7215793056501021
chr9	47	37	7255.0	0.5099931082012404
chr9	48	42	7154.0	0.5870841487279843
chr9	49	59	7029.0	0.8393797126191492
chr9	50	65	6917.0	0.9397137487350007
chr9	51	76	6790.0	1.1192930780559647
chr9	52	42	6688.0	0.6279904306220095
chr9	53	31	6591.0	0.4703383401608254
chr9	54	32	6495.0	0.4926866820631255
chr9	55	40	6377.0	0.6272541947624275
chr9	56	40	6272.0	0.6377551020408163
chr9	57	52	6158.0	0.8444300097434233
chr9	58	41	6061.0	0.6764560303580267
chr9	59	52	5955.0	0.873215785054576
chr9	60	44	5821.0	0.7558838687510737
chr9	61	40	5698.0	0.7020007020007021
chr9	62	47	5572.0	0.8435032304379038
chr9	63	55	5471.0	1.0053006762931822
chr9	64	27	5369.0	0.5028869435649097
chr9	65	26	5252.0	0.49504950495049505
chr9	66	39	5142.0	0.7584597432905484
chr9	67	44	5014.0	0.8775428799361786
chr9	68	49	4927.0	0.9945199918814694
chr9	69	48	4806.0	0.9987515605493134
chr9	70	35	4707.0	0.7435734013171872
chr9	71	33	4602.0	0.7170795306388527
chr9	72	22	4502.0	0.48867170146601513
chr9	73	41	4385.0	0.9350057012542758
chr9	74	32	4275.0	0.7485380116959065
chr9	75	20	4160.0	0.4807692307692308
chr9	76	20	4069.0	0.4915212582944212
chr9	77	49	3942.0	1.2430238457635716
chr9	78	37	3837.0	0.9642950221527234
chr9	79	22	3722.0	0.5910800644814616
chr9	80	32	3589.0	0.8916132627472835
chr9	81	17	3478.0	0.48878665899942497
chr9	82	19	3347.0	0.5676725425754408
chr9	83	19	3237.0	0.5869632375656472
chr9	84	17	3131.0	0.5429575215586074
chr9	85	18	3020.0	0.5960264900662252
chr9	86	19	2913.0	0.6522485410230003
chr9	87	18	2817.0	0.6389776357827476
chr9	88	12	2713.0	0.44231478068558794
chr9	89	13	2621.0	0.49599389545974815
chr9	90	9	2521.0	0.3570011900039667
chr9	91	15	2430.0	0.6172839506172839
chr9	92	15	2327.0	0.6446067898581865
chr9	93	21	2200.0	0.9545454545454546
chr9	94	19	2099.0	0.9051929490233445
chr9	95	13	1979.0	0.6568974229408793
chr9	96	10	1868.0	0.5353319057815845
chr9	97	6	1790.0	0.33519553072625696
chr9	98	8	1682.0	0.47562425683709864
chr9	99	15	1595.0	0.9404388714733543
chr9	100	10	1509.0	0.6626905235255135
chr9	101	13	1418.0	0.9167842031029618
chr9	102	11	1330.0	0.8270676691729323
chr9	103	8	1231.0	0.6498781478472786
chr9	104	5	1143.0	0.4374453193350831
chr9	105	5	1055.0	0.47393364928909953
chr9	106	10	951.0	1.0515247108307046
chr9	107	4	890.0	0.44943820224719105
chr9	108	7	793.0	0.8827238335435058
chr9	109	7	715.0	0.9790209790209791
chr9	110	5	624.0	0.8012820512820512
chr9	111	10	547.0	1.8281535648994516
chr9	112	2	458.0	0.43668122270742354
chr9	113	1	392.0	0.25510204081632654
chr9	114	2	280.0	0.7142857142857143
chr9	115	2	206.0	0.9708737864077669
chr9	116	0	141.0	0.0
chr9	117	1	67.0	1.4925373134328357
chr9	118	0	26.0	0.0
chr9	119	0	0.0	nan
chr9	120	0	0.0	nan
chr9	121	0	0.0	nan
chr9	122	0	0.0	nan
chr9	123	0	0.0	nan
chr9	124	0	0.0	nan
chr9	125	0	0.0	nan
chr9	126	0	0.0	nan
chr9	127	0	0.0	nan
chr9	128	0	0.0	nan
chr9	129	0	0.0	nan
chr9	130	0	0.0	nan
chr9	131	0	0.0	nan
chr9	132	0	0.0	nan
chr9	133	0	0.0	nan
chr9	134	0	0.0	nan
chr9	135	0	0.0	nan
chr9	136	0	0.0	nan
chr9	137	0	0.0	nan
chr9	138	0	0.0	nan
chr9	139	0	0.0	nan
chr9	140	0	0.0	nan
chr9	141	0	0.0	nan
chr9	142	0	0.0	nan
chr9	143	0	0.0	nan
chr9	144	0	0.0	nan
chr9	145	0	0.0	nan
chr9	146	0	0.0	nan
chr9	147	0	0.0	nan
chr9	148	0	0.0	nan
chr9	149	0	0.0	nan
chr9	150	0	0.0	nan
chr9	151	0	0.0	nan
chr9	152	0	0.0	nan
chr9	153	0	0.0	nan
chr9	154	0	0.0	nan
chr9	155	0	0.0	nan
chr10	-140	0	0.0	nan
chr10	-139	0	1.0	0.0
chr10	-138	0	1.0	0.0
chr10	-137	0	1.0	0.0
chr10	-136	0	1.0	0.0
chr10	-135	0	3.0	0.0
chr10	-134	0	3.0	0.0
chr10	-133	0	3.0	0.0
chr10	-132	0	5.0	0.0
chr10	-131	0	11.0	0.0
chr10	-130	0	21.0	0.0
chr10	-129	0	50.0	0.0
chr10	-128	0	91.0	0.0
chr10	-127	0	122.0	0.0
chr10	-126	1	161.0	0.6211180124223602
chr10	-125	1	216.0	0.4629629629629629
chr10	-124	0	267.0	0.0
chr10	-123	0	327.0	0.0
chr10	-122	2	409.0	0.4889975550122249
chr10	-121	1	468.0	0.2136752136752137
chr10	-120	2	529.0	0.3780718336483932
chr10	-119	0	593.0	0.0
chr10	-118	0	650.0	0.0
chr10	-117	2	715.0	0.27972027972027974
chr10	-116	0	778.0	0.0
chr10	-115	0	838.0	0.0
chr10	-114	2	916.0	0.21834061135371177
chr10	-113	8	967.0	0.8273009307135472
chr10	-112	3	1036.0	0.28957528957528955
chr10	-111	6	1107.0	0.5420054200542005
chr10	-110	4	1158.0	0.3454231433506045
chr10	-109	3	1232.0	0.2435064935064935
chr10	-108	2	1306.0	0.1531393568147014
chr10	-107	4	1375.0	0.2909090909090909
chr10	-106	4	1451.0	0.2756719503790489
chr10	-105	7	1515.0	0.46204620462046203
chr10	-104	2	1598.0	0.1251564455569462
chr10	-103	4	1654.0	0.24183796856106407
chr10	-102	15	1727.0	0.8685581933989578
chr10	-101	1	1803.0	0.055463117027176934
chr10	-100	7	1868.0	0.3747323340471092
chr10	-99	4	1929.0	0.20736132711249353
chr10	-98	4	1979.0	0.202122283981809
chr10	-97	5	2049.0	0.2440214738897023
chr10	-96	1	2137.0	0.04679457182966776
chr10	-95	9	2212.0	0.406871609403255
chr10	-94	3	2293.0	0.13083296990841692
chr10	-93	0	2366.0	0.0
chr10	-92	1	2458.0	0.04068348250610252
chr10	-91	15	2530.0	0.592885375494071
chr10	-90	1	2609.0	0.038328861632809505
chr10	-89	3	2691.0	0.11148272017837235
chr10	-88	5	2786.0	0.17946877243359655
chr10	-87	4	2862.0	0.1397624039133473
chr10	-86	10	2948.0	0.33921302578018997
chr10	-85	6	3016.0	0.1989389920424403
chr10	-84	13	3090.0	0.4207119741100324
chr10	-83	1	3168.0	0.03156565656565657
chr10	-82	9	3225.0	0.27906976744186046
chr10	-81	11	3310.0	0.3323262839879154
chr10	-80	6	3410.0	0.17595307917888564
chr10	-79	4	3480.0	0.11494252873563218
chr10	-78	4	3557.0	0.11245431543435479
chr10	-77	6	3634.0	0.1651073197578426
chr10	-76	7	3713.0	0.18852679773767841
chr10	-75	10	3818.0	0.26191723415400736
chr10	-74	2	3886.0	0.0514668039114771
chr10	-73	9	3973.0	0.22652907123080793
chr10	-72	17	4041.0	0.4206879485275922
chr10	-71	2	4122.0	0.048520135856380396
chr10	-70	6	4188.0	0.14326647564469913
chr10	-69	12	4278.0	0.2805049088359046
chr10	-68	26	4356.0	0.5968778696051423
chr10	-67	19	4429.0	0.4289907428313389
chr10	-66	6	4526.0	0.13256738842244808
chr10	-65	4	4607.0	0.08682439765574126
chr10	-64	4	4687.0	0.08534243652656284
chr10	-63	14	4771.0	0.2934395304967512
chr10	-62	23	4850.0	0.4742268041237114
chr10	-61	19	4912.0	0.38680781758957655
chr10	-60	6	5007.0	0.11983223487118035
chr10	-59	10	5102.0	0.1960015680125441
chr10	-58	11	5173.0	0.2126425671757201
chr10	-57	13	5247.0	0.24776062511911567
chr10	-56	29	5332.0	0.5438859714928732
chr10	-55	18	5425.0	0.3317972350230415
chr10	-54	14	5488.0	0.25510204081632654
chr10	-53	6	5558.0	0.10795250089960418
chr10	-52	8	5654.0	0.14149274849663954
chr10	-51	3	5758.0	0.052101424105592216
chr10	-50	23	5839.0	0.39390306559342353
chr10	-49	5	5908.0	0.08463100880162493
chr10	-48	3	6007.0	0.049941734642916596
chr10	-47	13	6076.0	0.2139565503620803
chr10	-46	23	6155.0	0.3736799350121852
chr10	-45	19	6222.0	0.3053680488588878
chr10	-44	14	6300.0	0.2222222222222222
chr10	-43	3	6393.0	0.04692632566870014
chr10	-42	51	6471.0	0.7881316643486325
chr10	-41	17	6567.0	0.25887010811633926
chr10	-40	11	6647.0	0.16548819016097488
chr10	-39	13	6751.0	0.19256406458302472
chr10	-38	32	6839.0	0.4679046644246235
chr10	-37	18	6931.0	0.2597027845909681
chr10	-36	21	7022.0	0.29906009683850754
chr10	-35	19	7095.0	0.2677942212825934
chr10	-34	16	7186.0	0.22265516281658781
chr10	-33	10	7274.0	0.13747594171020072
chr10	-32	53	7359.0	0.7202065498029623
chr10	-31	24	7434.0	0.3228410008071025
chr10	-30	15	7514.0	0.19962736225712005
chr10	-29	17	7600.0	0.22368421052631576
chr10	-28	18	7682.0	0.2343139807341838
chr10	-27	21	7737.0	0.27142303218301667
chr10	-26	12	7849.0	0.15288571792585043
chr10	-25	15	7954.0	0.18858436007040483
chr10	-24	40	8028.0	0.4982561036372696
chr10	-23	16	8098.0	0.19757964929612248
chr10	-22	23	8163.0	0.2817591571726081
chr10	-21	10	8243.0	0.1213150551983501
chr10	-20	23	8328.0	0.2761767531219981
chr10	-19	17	8406.0	0.20223649773970973
chr10	-18	14	8490.0	0.16489988221436985
chr10	-17	13	8557.0	0.15192240271123056
chr10	-16	36	8635.0	0.4169079328314997
chr10	-15	61	8728.0	0.6989000916590284
chr10	-14	20	8805.0	0.2271436683702442
chr10	-13	18	8878.0	0.20274836674926783
chr10	-12	44	8964.0	0.4908522980812137
chr10	-11	36	9042.0	0.3981420039814201
chr10	-10	37	9134.0	0.40507992117363695
chr10	-9	22	9133.0	0.24088470382130733
chr10	-8	23	9134.0	0.25180643748631487
chr10	-7	58	9135.0	0.6349206349206349
chr10	-6	21	9135.0	0.22988505747126436
chr10	-5	28	9135.0	0.30651340996168586
chr10	-4	31	9123.0	0.33980050422010305
chr10	-3	28	9107.0	0.3074558032282859
chr10	-2	26	9095.0	0.28587135788894996
chr10	-1	48	9060.0	0.5298013245033113
chr10	0	108	8831.0	1.2229645566753482
chr10	1	58	8779.0	0.6606675019933933
chr10	2	65	8739.0	0.7437921959034214
chr10	3	69	8696.0	0.7934682612695492
chr10	4	81	8627.0	0.9389127158919671
chr10	5	54	8553.0	0.6313574184496668
chr10	6	83	8457.0	0.9814354972212369
chr10	7	66	8380.0	0.7875894988066826
chr10	8	66	8289.0	0.7962359753890699
chr10	9	57	8200.0	0.6951219512195123
chr10	10	48	8126.0	0.5906965296578882
chr10	11	80	8030.0	0.9962640099626401
chr10	12	54	7949.0	0.6793307334255881
chr10	13	43	7886.0	0.5452700989094599
chr10	14	97	7822.0	1.2400920480695474
chr10	15	86	7731.0	1.1124046048376666
chr10	16	47	7623.0	0.6165551620097074
chr10	17	51	7566.0	0.6740681998413958
chr10	18	49	7454.0	0.6573651730614435
chr10	19	52	7378.0	0.7047980482515587
chr10	20	53	7289.0	0.7271230621484428
chr10	21	51	7202.0	0.708136628714246
chr10	22	57	7135.0	0.7988787666433076
chr10	23	63	7060.0	0.8923512747875353
chr10	24	52	6973.0	0.7457335436684355
chr10	25	49	6900.0	0.7101449275362319
chr10	26	31	6823.0	0.4543455957789828
chr10	27	39	6739.0	0.5787208784686155
chr10	28	52	6665.0	0.7801950487621906
chr10	29	72	6597.0	1.0914051841746248
chr10	30	44	6538.0	0.672988681553992
chr10	31	57	6481.0	0.8794939052615337
chr10	32	44	6386.0	0.689007203257125
chr10	33	42	6298.0	0.6668783740870117
chr10	34	42	6207.0	0.6766553890768487
chr10	35	54	6113.0	0.8833633240634712
chr10	36	35	6022.0	0.5812022583859183
chr10	37	63	5922.0	1.0638297872340425
chr10	38	51	5849.0	0.8719439220379552
chr10	39	50	5769.0	0.8667013347200554
chr10	40	49	5696.0	0.8602528089887641
chr10	41	68	5600.0	1.2142857142857142
chr10	42	35	5524.0	0.6335988414192614
chr10	43	38	5439.0	0.6986578415149843
chr10	44	34	5362.0	0.6340917568071615
chr10	45	46	5293.0	0.8690723597203855
chr10	46	50	5214.0	0.9589566551591868
chr10	47	32	5089.0	0.6288072312831597
chr10	48	25	5013.0	0.4987033712347895
chr10	49	56	4948.0	1.131770412287793
chr10	50	29	4864.0	0.596217105263158
chr10	51	34	4771.0	0.7126388597778244
chr10	52	28	4694.0	0.5965061780997017
chr10	53	29	4612.0	0.6287944492627927
chr10	54	35	4520.0	0.7743362831858407
chr10	55	32	4460.0	0.7174887892376681
chr10	56	34	4391.0	0.7743110908676839
chr10	57	31	4300.0	0.7209302325581395
chr10	58	35	4244.0	0.824693685202639
chr10	59	38	4164.0	0.9125840537944284
chr10	60	39	4090.0	0.9535452322738386
chr10	61	39	4023.0	0.9694258016405668
chr10	62	41	3933.0	1.0424612255275871
chr10	63	12	3847.0	0.3119313750974786
chr10	64	22	3773.0	0.5830903790087464
chr10	65	17	3694.0	0.46020573903627504
chr10	66	39	3628.0	1.0749724366041897
chr10	67	40	3560.0	1.1235955056179776
chr10	68	25	3480.0	0.7183908045977011
chr10	69	18	3386.0	0.531600708800945
chr10	70	23	3293.0	0.698451260249013
chr10	71	34	3220.0	1.0559006211180124
chr10	72	20	3137.0	0.637551801083838
chr10	73	12	3051.0	0.39331366764995085
chr10	74	17	2961.0	0.5741303613644039
chr10	75	11	2887.0	0.38101835815725665
chr10	76	16	2810.0	0.5693950177935944
chr10	77	15	2698.0	0.5559673832468496
chr10	78	15	2613.0	0.5740528128587831
chr10	79	24	2546.0	0.9426551453260016
chr10	80	14	2477.0	0.5651998385143319
chr10	81	7	2406.0	0.29093931837073983
chr10	82	7	2358.0	0.2968617472434266
chr10	83	22	2271.0	0.9687362395420519
chr10	84	21	2201.0	0.9541117673784643
chr10	85	16	2132.0	0.7504690431519699
chr10	86	8	2040.0	0.39215686274509803
chr10	87	15	1979.0	0.7579585649317837
chr10	88	8	1895.0	0.4221635883905013
chr10	89	8	1811.0	0.44174489232468256
chr10	90	18	1735.0	1.037463976945245
chr10	91	7	1654.0	0.42321644498186217
chr10	92	11	1578.0	0.697084917617237
chr10	93	10	1500.0	0.6666666666666667
chr10	94	8	1437.0	0.5567153792623522
chr10	95	10	1370.0	0.7299270072992701
chr10	96	13	1280.0	1.015625
chr10	97	2	1225.0	0.163265306122449
chr10	98	8	1163.0	0.6878761822871883
chr10	99	7	1088.0	0.6433823529411764
chr10	100	5	1017.0	0.4916420845624385
chr10	101	10	956.0	1.0460251046025104
chr10	102	4	886.0	0.4514672686230248
chr10	103	7	824.0	0.8495145631067961
chr10	104	4	765.0	0.522875816993464
chr10	105	1	691.0	0.1447178002894356
chr10	106	1	645.0	0.15503875968992248
chr10	107	2	587.0	0.34071550255536626
chr10	108	0	522.0	0.0
chr10	109	8	455.0	1.7582417582417582
chr10	110	3	393.0	0.7633587786259541
chr10	111	2	337.0	0.5934718100890208
chr10	112	4	282.0	1.4184397163120568
chr10	113	0	216.0	0.0
chr10	114	0	171.0	0.0
chr10	115	0	123.0	0.0
chr10	116	0	72.0	0.0
chr10	117	0	42.0	0.0
chr10	118	0	15.0	0.0
chr10	119	0	0.0	nan
chr10	120	0	0.0	nan
chr10	121	0	0.0	nan
chr10	122	0	0.0	nan
chr10	123	0	0.0	nan
chr10	124	0	0.0	nan
chr10	125	0	0.0	nan
chr10	126	0	0.0	nan
chr10	127	0	0.0	nan
chr10	128	0	0.0	nan
chr10	129	0	0.0	nan
chr10	130	0	0.0	nan
chr10	131	0	0.0	nan
chr10	132	0	0.0	nan
chr10	133	0	0.0	nan
chr10	134	0	0.0	nan
chr10	135	0	0.0	nan
chr10	136	0	0.0	nan
chr10	137	0	0.0	nan
chr12	-139	0	2.0	0.0
chr12	-138	0	2.0	0.0
chr12	-137	0	2.0	0.0
chr12	-136	0	3.0	0.0
chr12	-135	0	4.0	0.0
chr12	-134	0	4.0	0.0
chr12	-133	0	7.0	0.0
chr12	-132	0	8.0	0.0
chr12	-131	0	8.0	0.0
chr12	-130	0	36.0	0.0
chr12	-129	0	89.0	0.0
chr12	-128	0	138.0	0.0
chr12	-127	0	210.0	0.0
chr12	-126	5	293.0	1.7064846416382253
chr12	-125	2	365.0	0.547945205479452
chr12	-124	2	439.0	0.45558086560364464
chr12	-123	0	522.0	0.0
chr12	-122	0	638.0	0.0
chr12	-121	1	715.0	0.13986013986013987
chr12	-120	1	804.0	0.12437810945273632
chr12	-119	1	897.0	0.11148272017837235
chr12	-118	1	985.0	0.10152284263959391
chr12	-117	3	1073.0	0.27958993476234856
chr12	-116	1	1186.0	0.08431703204047217
chr12	-115	4	1277.0	0.31323414252153486
chr12	-114	0	1372.0	0.0
chr12	-113	2	1471.0	0.13596193065941536
chr12	-112	4	1578.0	0.25348542458808615
chr12	-111	5	1671.0	0.2992220227408737
chr12	-110	2	1784.0	0.11210762331838565
chr12	-109	3	1913.0	0.15682174594877157
chr12	-108	6	2044.0	0.29354207436399216
chr12	-107	5	2158.0	0.23169601482854493
chr12	-106	2	2276.0	0.08787346221441124
chr12	-105	8	2389.0	0.3348681456676434
chr12	-104	2	2504.0	0.07987220447284345
chr12	-103	12	2641.0	0.4543733434305188
chr12	-102	12	2750.0	0.4363636363636364
chr12	-101	20	2892.0	0.6915629322268326
chr12	-100	2	3003.0	0.0666000666000666
chr12	-99	7	3114.0	0.22479126525369297
chr12	-98	13	3236.0	0.40173053152039556
chr12	-97	2	3339.0	0.05989817310572028
chr12	-96	3	3461.0	0.08668015024559377
chr12	-95	7	3569.0	0.1961333706920706
chr12	-94	14	3696.0	0.3787878787878788
chr12	-93	23	3800.0	0.6052631578947368
chr12	-92	11	3884.0	0.28321318228630277
chr12	-91	5	3972.0	0.12588116817724068
chr12	-90	7	4086.0	0.17131669114047968
chr12	-89	10	4212.0	0.23741690408357075
chr12	-88	4	4296.0	0.0931098696461825
chr12	-87	10	4390.0	0.22779043280182232
chr12	-86	23	4501.0	0.5109975560986447
chr12	-85	10	4618.0	0.21654395842356
chr12	-84	12	4737.0	0.253324889170361
chr12	-83	30	4848.0	0.6188118811881188
chr12	-82	37	4948.0	0.7477768795472919
chr12	-81	34	5068.0	0.6708760852407262
chr12	-80	21	5173.0	0.40595399188092013
chr12	-79	10	5295.0	0.18885741265344666
chr12	-78	10	5390.0	0.1855287569573284
chr12	-77	6	5489.0	0.1093095281472035
chr12	-76	8	5611.0	0.14257708073427197
chr12	-75	8	5728.0	0.13966480446927373
chr12	-74	14	5839.0	0.23976708340469258
chr12	-73	5	5959.0	0.08390669575432119
chr12	-72	7	6085.0	0.11503697617091208
chr12	-71	7	6190.0	0.11308562197092084
chr12	-70	16	6311.0	0.2535255902392648
chr12	-69	10	6460.0	0.15479876160990713
chr12	-68	30	6594.0	0.4549590536851683
chr12	-67	10	6749.0	0.14817009927396652
chr12	-66	8	6873.0	0.11639749745380473
chr12	-65	27	6969.0	0.38743004735256137
chr12	-64	25	7086.0	0.3528083545018346
chr12	-63	19	7202.0	0.2638156067758956
chr12	-62	10	7346.0	0.1361285053090117
chr12	-61	21	7467.0	0.28123744475693047
chr12	-60	33	7600.0	0.43421052631578944
chr12	-59	12	7724.0	0.15535991714137753
chr12	-58	39	7870.0	0.4955527318932656
chr12	-57	9	7993.0	0.11259852370824472
chr12	-56	13	8108.0	0.16033547113961522
chr12	-55	12	8245.0	0.14554275318374774
chr12	-54	26	8357.0	0.31111642934067246
chr12	-53	16	8484.0	0.1885902876001886
chr12	-52	17	8593.0	0.1978354474572326
chr12	-51	23	8745.0	0.2630074328187536
chr12	-50	49	8874.0	0.552174892945684
chr12	-49	19	8988.0	0.2113929684023142
chr12	-48	20	9124.0	0.21920210434020165
chr12	-47	24	9232.0	0.25996533795493937
chr12	-46	13	9356.0	0.13894826849080805
chr12	-45	7	9500.0	0.0736842105263158
chr12	-44	59	9621.0	0.6132418667498182
chr12	-43	41	9756.0	0.42025420254202545
chr12	-42	23	9879.0	0.23281708674967103
chr12	-41	28	9987.0	0.28036447381596075
chr12	-40	42	10107.0	0.41555357672899973
chr12	-39	34	10270.0	0.3310613437195716
chr12	-38	20	10387.0	0.1925483777799172
chr12	-37	46	10496.0	0.43826219512195125
chr12	-36	16	10607.0	0.15084378240784388
chr12	-35	63	10739.0	0.5866468013781544
chr12	-34	25	10874.0	0.2299061982711054
chr12	-33	34	11007.0	0.30889433996547655
chr12	-32	18	11137.0	0.16162341743737094
chr12	-31	26	11251.0	0.23109056972713538
chr12	-30	15	11385.0	0.13175230566534915
chr12	-29	29	11514.0	0.25186729199235713
chr12	-28	43	11651.0	0.3690670328727148
chr12	-27	50	11816.0	0.42315504400812454
chr12	-26	36	11962.0	0.30095301788998496
chr12	-25	40	12074.0	0.3312903760145768
chr12	-24	28	12182.0	0.22984731571170577
chr12	-23	61	12324.0	0.4949691658552418
chr12	-22	28	12466.0	0.22461094176159155
chr12	-21	19	12592.0	0.15088945362134687
chr12	-20	49	12719.0	0.3852504127682994
chr12	-19	24	12852.0	0.18674136321195145
chr12	-18	56	13008.0	0.43050430504305043
chr12	-17	73	13121.0	0.5563600335340294
chr12	-16	27	13244.0	0.20386590154032014
chr12	-15	56	13391.0	0.4181913225300575
chr12	-14	38	13498.0	0.2815231886205364
chr12	-13	69	13635.0	0.506050605060506
chr12	-12	66	13759.0	0.4796860236935823
chr12	-11	78	13890.0	0.5615550755939525
chr12	-10	56	14033.0	0.39905936007981185
chr12	-9	66	14036.0	0.4702194357366771
chr12	-8	37	14025.0	0.26381461675579326
chr12	-7	45	14025.0	0.32085561497326204
chr12	-6	54	14011.0	0.38541146242238244
chr12	-5	50	14011.0	0.35686246520590964
chr12	-4	33	14005.0	0.2356301320956801
chr12	-3	80	14008.0	0.5711022272986864
chr12	-2	89	14024.0	0.634626354820308
chr12	-1	166	14019.0	1.184107282973108
chr12	0	237	13607.0	1.7417505695597852
chr12	1	160	13522.0	1.183256914657595
chr12	2	112	13402.0	0.8356961647515296
chr12	3	113	13257.0	0.8523798747831334
chr12	4	101	13123.0	0.7696410881658158
chr12	5	88	12993.0	0.6772877703378742
chr12	6	104	12888.0	0.8069522036002483
chr12	7	89	12773.0	0.6967822751115634
chr12	8	124	12656.0	0.9797724399494312
chr12	9	104	12527.0	0.8302067534126286
chr12	10	95	12413.0	0.7653266736485942
chr12	11	114	12298.0	0.9269799967474386
chr12	12	100	12197.0	0.8198737394441257
chr12	13	94	12038.0	0.7808606080744309
chr12	14	108	11939.0	0.9045983750732893
chr12	15	105	11823.0	0.8880994671403196
chr12	16	114	11695.0	0.9747755451047456
chr12	17	98	11597.0	0.8450461326205053
chr12	18	76	11461.0	0.6631184015356426
chr12	19	102	11338.0	0.8996295642970541
chr12	20	82	11212.0	0.7313592579379237
chr12	21	76	11101.0	0.6846230069363121
chr12	22	108	10973.0	0.984234028980224
chr12	23	76	10830.0	0.7017543859649122
chr12	24	89	10727.0	0.8296821105621329
chr12	25	70	10599.0	0.6604396641192566
chr12	26	101	10451.0	0.9664146971581666
chr12	27	67	10322.0	0.6490990118194149
chr12	28	89	10198.0	0.8727201412041576
chr12	29	81	10074.0	0.8040500297796307
chr12	30	81	9937.0	0.8151353527221495
chr12	31	69	9821.0	0.702576112412178
chr12	32	92	9727.0	0.9458209108666599
chr12	33	78	9614.0	0.8113168296234657
chr12	34	97	9501.0	1.0209451636669824
chr12	35	64	9395.0	0.6812134113890367
chr12	36	74	9275.0	0.797843665768194
chr12	37	86	9175.0	0.9373297002724795
chr12	38	72	9073.0	0.7935633197398876
chr12	39	102	8944.0	1.1404293381037567
chr12	40	86	8823.0	0.9747251501756772
chr12	41	72	8745.0	0.823327615780446
chr12	42	51	8630.0	0.5909617612977984
chr12	43	99	8500.0	1.164705882352941
chr12	44	63	8383.0	0.7515209352260527
chr12	45	48	8226.0	0.5835156819839533
chr12	46	77	8134.0	0.9466437177280551
chr12	47	58	8042.0	0.7212136284506341
chr12	48	71	7915.0	0.8970309538850285
chr12	49	95	7795.0	1.2187299550994226
chr12	50	70	7693.0	0.9099181073703366
chr12	51	53	7580.0	0.6992084432717679
chr12	52	52	7464.0	0.6966773847802787
chr12	53	58	7351.0	0.7890082981907224
chr12	54	54	7202.0	0.7497917245209664
chr12	55	56	7077.0	0.791295746785361
chr12	56	50	6938.0	0.7206687806284232
chr12	57	77	6816.0	1.1296948356807512
chr12	58	57	6703.0	0.8503655079815008
chr12	59	64	6597.0	0.9701379414885555
chr12	60	76	6441.0	1.1799410029498525
chr12	61	60	6323.0	0.9489166534872686
chr12	62	50	6186.0	0.8082767539605561
chr12	63	63	6097.0	1.0332950631458095
chr12	64	52	5967.0	0.8714596949891068
chr12	65	56	5856.0	0.9562841530054645
chr12	66	43	5734.0	0.749912800837112
chr12	67	49	5622.0	0.8715759516186411
chr12	68	52	5492.0	0.9468317552804079
chr12	69	49	5351.0	0.9157166884694449
chr12	70	32	5215.0	0.6136145733461169
chr12	71	45	5074.0	0.8868742609381159
chr12	72	49	4943.0	0.991300829455796
chr12	73	42	4805.0	0.874089490114464
chr12	74	27	4689.0	0.5758157389635317
chr12	75	41	4585.0	0.8942202835332607
chr12	76	35	4457.0	0.7852815795378058
chr12	77	41	4334.0	0.9460083064143978
chr12	78	38	4215.0	0.9015421115065243
chr12	79	32	4084.0	0.7835455435847208
chr12	80	43	3957.0	1.0866818296689411
chr12	81	37	3833.0	0.9653013305504826
chr12	82	41	3709.0	1.1054192504718252
chr12	83	22	3621.0	0.607566970450152
chr12	84	20	3517.0	0.5686664771111744
chr12	85	30	3384.0	0.8865248226950355
chr12	86	21	3267.0	0.642791551882461
chr12	87	19	3143.0	0.6045179764556157
chr12	88	24	3058.0	0.7848266841072596
chr12	89	32	2931.0	1.0917775503241216
chr12	90	21	2805.0	0.7486631016042781
chr12	91	9	2697.0	0.33370411568409347
chr12	92	18	2591.0	0.6947124662292551
chr12	93	20	2488.0	0.8038585209003215
chr12	94	16	2368.0	0.6756756756756757
chr12	95	18	2250.0	0.8
chr12	96	18	2137.0	0.8423022929340197
chr12	97	18	2017.0	0.8924144769459593
chr12	98	15	1909.0	0.7857517024620221
chr12	99	10	1804.0	0.5543237250554324
chr12	100	17	1690.0	1.0059171597633136
chr12	101	7	1576.0	0.4441624365482234
chr12	102	17	1468.0	1.1580381471389645
chr12	103	6	1361.0	0.440852314474651
chr12	104	17	1260.0	1.3492063492063493
chr12	105	6	1171.0	0.5123825789923143
chr12	106	8	1062.0	0.7532956685499058
chr12	107	9	962.0	0.9355509355509356
chr12	108	3	864.0	0.3472222222222222
chr12	109	8	758.0	1.0554089709762533
chr12	110	5	655.0	0.7633587786259541
chr12	111	1	576.0	0.1736111111111111
chr12	112	4	487.0	0.8213552361396305
chr12	113	3	395.0	0.7594936708860759
chr12	114	3	312.0	0.9615384615384616
chr12	115	0	250.0	0.0
chr12	116	2	176.0	1.1363636363636365
chr12	117	2	108.0	1.8518518518518516
chr12	118	0	47.0	0.0
chr12	119	0	0.0	nan
chr12	120	0	0.0	nan
chr12	121	0	0.0	nan
chr12	122	0	0.0	nan
chr12	123	0	0.0	nan
chr12	124	0	0.0	nan
chr12	125	0	0.0	nan
chr12	126	0	0.0	nan
chr12	127	0	0.0	nan
chr12	128	0	0.0	nan
chr12	129	0	0.0	nan
chr12	130	0	0.0	nan
chr12	131	0	0.0	nan
chr12	132	0	0.0	nan
chr12	133	0	0.0	nan
chr12	134	0	0.0	nan
chr12	135	0	0.0	nan
chr12	136	0	0.0	nan
chr12	137	0	0.0	nan
chr12	138	0	0.0	nan
chr12	139	0	0.0	nan
chr12	140	0	0.0	nan
chr12	141	0	0.0	nan
chr12	142	0	0.0	nan
chr12	143	0	0.0	nan
chr12	144	0	0.0	nan
chr12	145	0	0.0	nan
chr12	146	0	0.0	nan
chr12	147	0	0.0	nan
chr13	-141	0	0.0	nan
chr13	-140	0	0.0	nan
chr13	-139	0	1.0	0.0
chr13	-138	0	1.0	0.0
chr13	-137	0	1.0	0.0
chr13	-136	0	1.0	0.0
chr13	-135	0	2.0	0.0
chr13	-134	0	3.0	0.0
chr13	-133	0	4.0	0.0
chr13	-132	0	4.0	0.0
chr13	-131	0	6.0	0.0
chr13	-130	0	12.0	0.0
chr13	-129	0	31.0	0.0
chr13	-128	0	59.0	0.0
chr13	-127	2	81.0	2.4691358024691357
chr13	-126	0	112.0	0.0
chr13	-125	0	152.0	0.0
chr13	-124	0	183.0	0.0
chr13	-123	1	208.0	0.4807692307692308
chr13	-122	0	245.0	0.0
chr13	-121	1	280.0	0.35714285714285715
chr13	-120	0	314.0	0.0
chr13	-119	0	339.0	0.0
chr13	-118	3	359.0	0.8356545961002786
chr13	-117	1	388.0	0.25773195876288657
chr13	-116	0	414.0	0.0
chr13	-115	1	443.0	0.2257336343115124
chr13	-114	0	477.0	0.0
chr13	-113	3	506.0	0.592885375494071
chr13	-112	0	546.0	0.0
chr13	-111	2	584.0	0.3424657534246575
chr13	-110	6	616.0	0.974025974025974
chr13	-109	1	653.0	0.1531393568147014
chr13	-108	1	687.0	0.1455604075691412
chr13	-107	4	746.0	0.5361930294906166
chr13	-106	0	793.0	0.0
chr13	-105	3	835.0	0.3592814371257485
chr13	-104	2	880.0	0.22727272727272727
chr13	-103	0	928.0	0.0
chr13	-102	5	970.0	0.5154639175257731
chr13	-101	0	1014.0	0.0
chr13	-100	3	1054.0	0.2846299810246679
chr13	-99	3	1098.0	0.273224043715847
chr13	-98	8	1134.0	0.7054673721340388
chr13	-97	0	1170.0	0.0
chr13	-96	1	1208.0	0.08278145695364239
chr13	-95	0	1250.0	0.0
chr13	-94	1	1293.0	0.07733952049497293
chr13	-93	2	1346.0	0.1485884101040119
chr13	-92	3	1390.0	0.2158273381294964
chr13	-91	6	1437.0	0.41753653444676403
chr13	-90	1	1483.0	0.06743088334457181
chr13	-89	9	1528.0	0.5890052356020943
chr13	-88	6	1585.0	0.3785488958990536
chr13	-87	2	1638.0	0.1221001221001221
chr13	-86	7	1668.0	0.4196642685851319
chr13	-85	3	1712.0	0.17523364485981308
chr13	-84	9	1764.0	0.5102040816326531
chr13	-83	4	1802.0	0.22197558268590456
chr13	-82	1	1862.0	0.05370569280343716
chr13	-81	2	1906.0	0.1049317943336831
chr13	-80	0	1944.0	0.0
chr13	-79	4	2002.0	0.1998001998001998
chr13	-78	1	2065.0	0.048426150121065374
chr13	-77	4	2132.0	0.18761726078799248
chr13	-76	1	2174.0	0.045998160073597055
chr13	-75	4	2220.0	0.18018018018018017
chr13	-74	2	2253.0	0.08877052818464269
chr13	-73	8	2301.0	0.3476749239461104
chr13	-72	2	2341.0	0.08543357539513029
chr13	-71	5	2389.0	0.2092925910422771
chr13	-70	13	2427.0	0.5356407086938607
chr13	-69	2	2459.0	0.08133387555917039
chr13	-68	8	2504.0	0.3194888178913738
chr13	-67	8	2558.0	0.3127443315089914
chr13	-66	4	2616.0	0.1529051987767584
chr13	-65	8	2647.0	0.3022289384208538
chr13	-64	3	2697.0	0.11123470522803114
chr13	-63	4	2737.0	0.14614541468761416
chr13	-62	15	2795.0	0.5366726296958855
chr13	-61	3	2839.0	0.10567101091933778
chr13	-60	8	2897.0	0.2761477390403866
chr13	-59	10	2935.0	0.34071550255536626
chr13	-58	4	2992.0	0.1336898395721925
chr13	-57	2	3053.0	0.06550933508024893
chr13	-56	5	3088.0	0.16191709844559585
chr13	-55	14	3131.0	0.4471414883423826
chr13	-54	10	3181.0	0.31436655139893116
chr13	-53	2	3232.0	0.06188118811881188
chr13	-52	3	3282.0	0.09140767824497258
chr13	-51	12	3330.0	0.36036036036036034
chr13	-50	3	3370.0	0.08902077151335311
chr13	-49	8	3409.0	0.23467292461132297
chr13	-48	27	3458.0	0.7807981492192019
chr13	-47	5	3509.0	0.14249073810202337
chr13	-46	5	3569.0	0.14009526478005044
chr13	-45	4	3605.0	0.11095700416088765
chr13	-44	13	3642.0	0.35694673256452497
chr13	-43	4	3690.0	0.10840108401084012
chr13	-42	8	3745.0	0.2136181575433912
chr13	-41	16	3803.0	0.4207204838285564
chr13	-40	9	3834.0	0.2347417840375587
chr13	-39	6	3876.0	0.15479876160990713
chr13	-38	4	3930.0	0.10178117048346055
chr13	-37	18	3969.0	0.45351473922902497
chr13	-36	5	4012.0	0.12462612163509472
chr13	-35	16	4048.0	0.3952569169960474
chr13	-34	7	4086.0	0.17131669114047968
chr13	-33	6	4130.0	0.14527845036319612
chr13	-32	12	4186.0	0.2866698518872432
chr13	-31	6	4221.0	0.14214641080312723
chr13	-30	21	4265.0	0.492379835873388
chr13	-29	5	4310.0	0.11600928074245939
chr13	-28	12	4353.0	0.2756719503790489
chr13	-27	22	4400.0	0.5
chr13	-26	12	4436.0	0.2705139765554554
chr13	-25	37	4487.0	0.8246044127479386
chr13	-24	32	4546.0	0.7039155301363836
chr13	-23	12	4567.0	0.26275454346398075
chr13	-22	14	4616.0	0.30329289428076256
chr13	-21	6	4673.0	0.12839717526214423
chr13	-20	23	4705.0	0.4888416578108395
chr13	-19	31	4774.0	0.6493506493506493
chr13	-18	21	4823.0	0.43541364296081275
chr13	-17	23	4871.0	0.47218230342845413
chr13	-16	13	4914.0	0.26455026455026454
chr13	-15	7	4957.0	0.14121444422029455
chr13	-14	34	5019.0	0.6774257820282925
chr13	-13	27	5060.0	0.5335968379446641
chr13	-12	10	5107.0	0.19580967299784607
chr13	-11	11	5173.0	0.2126425671757201
chr13	-10	16	5223.0	0.30633735401110473
chr13	-9	13	5224.0	0.24885145482388973
chr13	-8	11	5224.0	0.2105666156202144
chr13	-7	4	5208.0	0.07680491551459294
chr13	-6	17	5210.0	0.32629558541266795
chr13	-5	12	5222.0	0.2297970126388357
chr13	-4	34	5224.0	0.6508422664624809
chr13	-3	27	5223.0	0.5169442848937392
chr13	-2	22	5205.0	0.42267050912584053
chr13	-1	108	5206.0	2.0745293891663468
chr13	0	114	5068.0	2.249408050513023
chr13	1	49	5039.0	0.9724151617384401
chr13	2	56	5008.0	1.1182108626198082
chr13	3	64	4958.0	1.290843081887858
chr13	4	40	4908.0	0.8149959250203749
chr13	5	27	4845.0	0.5572755417956656
chr13	6	32	4811.0	0.6651423820411556
chr13	7	34	4785.0	0.7105538140020898
chr13	8	27	4734.0	0.5703422053231939
chr13	9	29	4683.0	0.6192611573777493
chr13	10	28	4652.0	0.6018916595012898
chr13	11	38	4616.0	0.8232235701906412
chr13	12	50	4569.0	1.094331363536879
chr13	13	27	4533.0	0.5956320317670417
chr13	14	38	4502.0	0.8440693025322079
chr13	15	41	4456.0	0.9201077199281867
chr13	16	50	4421.0	1.130965844831486
chr13	17	47	4378.0	1.0735495660118775
chr13	18	33	4329.0	0.7623007623007623
chr13	19	43	4267.0	1.0077337707991563
chr13	20	30	4218.0	0.7112375533428165
chr13	21	31	4175.0	0.7425149700598803
chr13	22	39	4124.0	0.9456838021338506
chr13	23	42	4074.0	1.0309278350515463
chr13	24	48	4004.0	1.1988011988011988
chr13	25	30	3955.0	0.7585335018963337
chr13	26	51	3921.0	1.300688599846978
chr13	27	38	3867.0	0.9826739074217741
chr13	28	29	3819.0	0.7593610892903901
chr13	29	44	3775.0	1.1655629139072847
chr13	30	27	3750.0	0.72
chr13	31	44	3708.0	1.186623516720604
chr13	32	42	3660.0	1.1475409836065573
chr13	33	32	3620.0	0.8839779005524863
chr13	34	35	3565.0	0.9817671809256662
chr13	35	38	3528.0	1.0770975056689343
chr13	36	25	3482.0	0.7179781734635268
chr13	37	15	3432.0	0.4370629370629371
chr13	38	25	3378.0	0.7400828892835998
chr13	39	28	3314.0	0.8449004224502112
chr13	40	26	3246.0	0.8009858287122612
chr13	41	27	3208.0	0.841645885286783
chr13	42	26	3163.0	0.8220044261776794
chr13	43	17	3114.0	0.5459216441875401
chr13	44	16	3080.0	0.5194805194805194
chr13	45	24	3041.0	0.7892140743176587
chr13	46	20	2986.0	0.6697923643670463
chr13	47	60	2944.0	2.0380434782608696
chr13	48	20	2898.0	0.6901311249137336
chr13	49	35	2845.0	1.2302284710017575
chr13	50	50	2799.0	1.7863522686673812
chr13	51	37	2739.0	1.3508579773640015
chr13	52	21	2685.0	0.782122905027933
chr13	53	25	2630.0	0.9505703422053232
chr13	54	18	2583.0	0.6968641114982579
chr13	55	19	2561.0	0.741897696212417
chr13	56	12	2509.0	0.47827819848545233
chr13	57	12	2474.0	0.4850444624090542
chr13	58	37	2417.0	1.5308233347124536
chr13	59	31	2380.0	1.3025210084033614
chr13	60	18	2337.0	0.7702182284980745
chr13	61	21	2286.0	0.9186351706036745
chr13	62	28	2236.0	1.2522361359570662
chr13	63	20	2202.0	0.9082652134423252
chr13	64	15	2164.0	0.6931608133086876
chr13	65	15	2128.0	0.7048872180451128
chr13	66	14	2086.0	0.6711409395973155
chr13	67	19	2031.0	0.9354997538158543
chr13	68	11	1986.0	0.5538771399798591
chr13	69	22	1927.0	1.1416709911779968
chr13	70	12	1887.0	0.6359300476947536
chr13	71	12	1832.0	0.6550218340611353
chr13	72	15	1776.0	0.8445945945945946
chr13	73	10	1728.0	0.5787037037037037
chr13	74	17	1690.0	1.0059171597633136
chr13	75	11	1653.0	0.6654567453115547
chr13	76	16	1618.0	0.9888751545117428
chr13	77	18	1575.0	1.1428571428571428
chr13	78	16	1523.0	1.0505581089954037
chr13	79	15	1485.0	1.0101010101010102
chr13	80	11	1451.0	0.7580978635423846
chr13	81	12	1398.0	0.8583690987124464
chr13	82	11	1350.0	0.8148148148148148
chr13	83	9	1301.0	0.6917755572636434
chr13	84	6	1262.0	0.4754358161648178
chr13	85	17	1206.0	1.4096185737976783
chr13	86	9	1158.0	0.7772020725388601
chr13	87	11	1120.0	0.9821428571428571
chr13	88	13	1078.0	1.2059369202226344
chr13	89	8	1037.0	0.7714561234329798
chr13	90	9	1002.0	0.8982035928143712
chr13	91	10	953.0	1.049317943336831
chr13	92	5	915.0	0.546448087431694
chr13	93	5	881.0	0.5675368898978433
chr13	94	6	846.0	0.7092198581560284
chr13	95	10	809.0	1.2360939431396787
chr13	96	6	776.0	0.7731958762886598
chr13	97	11	738.0	1.4905149051490514
chr13	98	6	702.0	0.8547008547008548
chr13	99	4	660.0	0.6060606060606061
chr13	100	3	622.0	0.482315112540193
chr13	101	6	598.0	1.0033444816053512
chr13	102	4	553.0	0.7233273056057866
chr13	103	1	515.0	0.1941747572815534
chr13	104	1	479.0	0.20876826722338201
chr13	105	2	440.0	0.45454545454545453
chr13	106	4	414.0	0.966183574879227
chr13	107	6	382.0	1.5706806282722512
chr13	108	0	336.0	0.0
chr13	109	3	296.0	1.0135135135135136
chr13	110	0	263.0	0.0
chr13	111	1	238.0	0.42016806722689076
chr13	112	0	202.0	0.0
chr13	113	1	163.0	0.6134969325153374
chr13	114	2	133.0	1.5037593984962405
chr13	115	0	87.0	0.0
chr13	116	0	62.0	0.0
chr13	117	0	41.0	0.0
chr13	118	0	17.0	0.0
chr13	119	0	0.0	nan
chr13	120	0	0.0	nan
chr13	121	0	0.0	nan
chr13	122	0	0.0	nan
chr13	123	0	0.0	nan
chr13	124	0	0.0	nan
chr13	125	0	0.0	nan
chr13	126	0	0.0	nan
chr13	127	0	0.0	nan
chr13	128	0	0.0	nan
chr13	129	0	0.0	nan
chr13	130	0	0.0	nan
chr14	-130	0	7.0	0.0
chr14	-129	1	24.0	4.166666666666666
chr14	-128	0	35.0	0.0
chr14	-127	0	53.0	0.0
chr14	-126	0	74.0	0.0
chr14	-125	1	95.0	1.0526315789473684
chr14	-124	2	123.0	1.6260162601626018
chr14	-123	0	145.0	0.0
chr14	-122	5	167.0	2.9940119760479043
chr14	-121	0	202.0	0.0
chr14	-120	0	227.0	0.0
chr14	-119	1	268.0	0.3731343283582089
chr14	-118	0	295.0	0.0
chr14	-117	0	321.0	0.0
chr14	-116	1	346.0	0.2890173410404624
chr14	-115	1	372.0	0.2688172043010753
chr14	-114	2	399.0	0.5012531328320802
chr14	-113	4	427.0	0.936768149882904
chr14	-112	0	456.0	0.0
chr14	-111	0	488.0	0.0
chr14	-110	0	511.0	0.0
chr14	-109	3	540.0	0.5555555555555556
chr14	-108	0	575.0	0.0
chr14	-107	0	614.0	0.0
chr14	-106	3	634.0	0.47318611987381703
chr14	-105	4	664.0	0.6024096385542169
chr14	-104	0	694.0	0.0
chr14	-103	1	729.0	0.1371742112482853
chr14	-102	1	757.0	0.13210039630118892
chr14	-101	1	785.0	0.12738853503184713
chr14	-100	7	803.0	0.8717310087173101
chr14	-99	0	826.0	0.0
chr14	-98	0	855.0	0.0
chr14	-97	11	884.0	1.244343891402715
chr14	-96	0	916.0	0.0
chr14	-95	1	946.0	0.10570824524312897
chr14	-94	0	973.0	0.0
chr14	-93	0	1002.0	0.0
chr14	-92	3	1037.0	0.28929604628736744
chr14	-91	2	1059.0	0.18885741265344666
chr14	-90	1	1096.0	0.09124087591240876
chr14	-89	1	1133.0	0.088261253309797
chr14	-88	1	1173.0	0.08525149190110827
chr14	-87	2	1205.0	0.16597510373443983
chr14	-86	4	1238.0	0.32310177705977383
chr14	-85	6	1277.0	0.4698512137823023
chr14	-84	3	1298.0	0.23112480739599386
chr14	-83	0	1339.0	0.0
chr14	-82	3	1371.0	0.2188183807439825
chr14	-81	12	1405.0	0.8540925266903915
chr14	-80	6	1436.0	0.4178272980501393
chr14	-79	3	1466.0	0.20463847203274216
chr14	-78	2	1503.0	0.1330671989354624
chr14	-77	3	1534.0	0.1955671447196871
chr14	-76	2	1556.0	0.12853470437017994
chr14	-75	3	1597.0	0.18785222291797118
chr14	-74	1	1628.0	0.06142506142506143
chr14	-73	2	1655.0	0.12084592145015105
chr14	-72	2	1682.0	0.11890606420927466
chr14	-71	5	1722.0	0.29036004645760743
chr14	-70	8	1759.0	0.45480386583285953
chr14	-69	0	1786.0	0.0
chr14	-68	1	1815.0	0.055096418732782364
chr14	-67	8	1839.0	0.4350190320826536
chr14	-66	2	1865.0	0.10723860589812334
chr14	-65	1	1882.0	0.053134962805526036
chr14	-64	0	1908.0	0.0
chr14	-63	3	1938.0	0.15479876160990713
chr14	-62	4	1965.0	0.2035623409669211
chr14	-61	4	1996.0	0.2004008016032064
chr14	-60	3	2032.0	0.14763779527559054
chr14	-59	1	2064.0	0.04844961240310078
chr14	-58	3	2098.0	0.14299332697807435
chr14	-57	1	2121.0	0.04714757190004715
chr14	-56	2	2145.0	0.09324009324009325
chr14	-55	3	2177.0	0.13780431786862654
chr14	-54	2	2220.0	0.09009009009009009
chr14	-53	3	2242.0	0.13380909901873325
chr14	-52	0	2285.0	0.0
chr14	-51	7	2323.0	0.30133448127421436
chr14	-50	2	2369.0	0.08442380751371886
chr14	-49	13	2407.0	0.540091400083091
chr14	-48	22	2426.0	0.9068425391591096
chr14	-47	7	2462.0	0.2843216896831844
chr14	-46	0	2488.0	0.0
chr14	-45	7	2513.0	0.2785515320334262
chr14	-44	7	2551.0	0.27440219521756176
chr14	-43	27	2580.0	1.0465116279069768
chr14	-42	2	2617.0	0.07642338555598013
chr14	-41	6	2648.0	0.22658610271903326
chr14	-40	4	2678.0	0.14936519790888725
chr14	-39	9	2709.0	0.33222591362126247
chr14	-38	4	2728.0	0.1466275659824047
chr14	-37	4	2769.0	0.1444564824846515
chr14	-36	5	2811.0	0.17787264318747778
chr14	-35	5	2848.0	0.17556179775280897
chr14	-34	5	2888.0	0.17313019390581716
chr14	-33	4	2930.0	0.13651877133105803
chr14	-32	8	2967.0	0.2696326255476913
chr14	-31	7	3005.0	0.23294509151414308
chr14	-30	7	3030.0	0.23102310231023102
chr14	-29	20	3057.0	0.6542361792607131
chr14	-28	8	3092.0	0.258732212160414
chr14	-27	7	3135.0	0.22328548644338117
chr14	-26	5	3176.0	0.15743073047858944
chr14	-25	3	3212.0	0.09339975093399751
chr14	-24	31	3239.0	0.9570855202222908
chr14	-23	3	3278.0	0.09151921903599756
chr14	-22	6	3300.0	0.18181818181818182
chr14	-21	7	3339.0	0.20964360587002098
chr14	-20	5	3372.0	0.14827995255041518
chr14	-19	5	3417.0	0.1463271875914545
chr14	-18	7	3437.0	0.20366598778004072
chr14	-17	3	3477.0	0.08628127696289906
chr14	-16	1	3529.0	0.028336639274582034
chr14	-15	30	3580.0	0.8379888268156425
chr14	-14	11	3613.0	0.3044561306393579
chr14	-13	12	3647.0	0.3290375651220181
chr14	-12	10	3683.0	0.27151778441487917
chr14	-11	20	3710.0	0.5390835579514826
chr14	-10	8	3732.0	0.21436227224008575
chr14	-9	9	3732.0	0.2411575562700965
chr14	-8	6	3732.0	0.1607717041800643
chr14	-7	15	3732.0	0.40192926045016075
chr14	-6	7	3733.0	0.18751674256630055
chr14	-5	6	3733.0	0.16072863648540048
chr14	-4	2	3733.0	0.05357621216180017
chr14	-3	12	3732.0	0.3215434083601286
chr14	-2	6	3732.0	0.1607717041800643
chr14	-1	19	3724.0	0.5102040816326531
chr14	0	37	3596.0	1.028921023359288
chr14	1	15	3581.0	0.4188774085450991
chr14	2	31	3564.0	0.8698092031425365
chr14	3	17	3523.0	0.4825432869713313
chr14	4	14	3489.0	0.40126110633419315
chr14	5	12	3456.0	0.3472222222222222
chr14	6	26	3428.0	0.7584597432905484
chr14	7	20	3401.0	0.5880623346074685
chr14	8	14	3358.0	0.4169148302561048
chr14	9	16	3323.0	0.48149262714414687
chr14	10	43	3271.0	1.3145826964231122
chr14	11	15	3228.0	0.4646840148698885
chr14	12	24	3205.0	0.748829953198128
chr14	13	28	3173.0	0.8824456350456981
chr14	14	39	3142.0	1.2412476129853598
chr14	15	14	3093.0	0.45263498221791143
chr14	16	10	3055.0	0.32733224222585927
chr14	17	15	2999.0	0.5001667222407469
chr14	18	23	2985.0	0.7705192629815745
chr14	19	30	2950.0	1.0169491525423728
chr14	20	17	2916.0	0.5829903978052127
chr14	21	19	2881.0	0.6594932315168344
chr14	22	24	2851.0	0.8418098912662224
chr14	23	40	2821.0	1.4179369018078696
chr14	24	15	2789.0	0.5378271782000718
chr14	25	17	2757.0	0.6166122597025753
chr14	26	12	2736.0	0.43859649122807015
chr14	27	18	2710.0	0.6642066420664207
chr14	28	23	2681.0	0.8578888474449832
chr14	29	17	2655.0	0.64030131826742
chr14	30	15	2629.0	0.5705591479650057
chr14	31	18	2601.0	0.6920415224913495
chr14	32	17	2560.0	0.6640625
chr14	33	11	2535.0	0.4339250493096647
chr14	34	26	2504.0	1.038338658146965
chr14	35	9	2477.0	0.3633427533306419
chr14	36	11	2435.0	0.4517453798767967
chr14	37	19	2408.0	0.7890365448504983
chr14	38	17	2376.0	0.7154882154882155
chr14	39	12	2336.0	0.5136986301369862
chr14	40	24	2309.0	1.0394110004330879
chr14	41	12	2268.0	0.5291005291005291
chr14	42	26	2240.0	1.1607142857142858
chr14	43	13	2193.0	0.5927952576379389
chr14	44	11	2170.0	0.5069124423963134
chr14	45	13	2143.0	0.6066262249183387
chr14	46	12	2110.0	0.5687203791469194
chr14	47	29	2073.0	1.3989387361312107
chr14	48	15	2058.0	0.7288629737609329
chr14	49	7	2042.0	0.3428011753183154
chr14	50	17	1999.0	0.8504252126063032
chr14	51	14	1970.0	0.7106598984771574
chr14	52	13	1950.0	0.6666666666666667
chr14	53	7	1918.0	0.36496350364963503
chr14	54	8	1873.0	0.42712226374799783
chr14	55	6	1845.0	0.3252032520325203
chr14	56	9	1819.0	0.4947773501924134
chr14	57	11	1782.0	0.6172839506172839
chr14	58	10	1743.0	0.5737234652897304
chr14	59	12	1720.0	0.6976744186046512
chr14	60	11	1695.0	0.6489675516224189
chr14	61	11	1669.0	0.659077291791492
chr14	62	13	1635.0	0.7951070336391437
chr14	63	14	1610.0	0.8695652173913043
chr14	64	10	1586.0	0.6305170239596469
chr14	65	12	1564.0	0.7672634271099744
chr14	66	5	1528.0	0.32722513089005234
chr14	67	8	1501.0	0.5329780146568954
chr14	68	5	1459.0	0.3427004797806717
chr14	69	16	1424.0	1.1235955056179776
chr14	70	7	1395.0	0.5017921146953405
chr14	71	7	1366.0	0.5124450951683748
chr14	72	9	1337.0	0.6731488406881078
chr14	73	5	1313.0	0.38080731150038083
chr14	74	2	1286.0	0.15552099533437014
chr14	75	5	1251.0	0.3996802557953637
chr14	76	10	1215.0	0.823045267489712
chr14	77	7	1173.0	0.5967604433077579
chr14	78	13	1123.0	1.157613535173642
chr14	79	8	1083.0	0.7386888273314866
chr14	80	10	1055.0	0.9478672985781991
chr14	81	7	1025.0	0.6829268292682927
chr14	82	1	993.0	0.10070493454179255
chr14	83	2	967.0	0.2068252326783868
chr14	84	5	924.0	0.5411255411255411
chr14	85	10	898.0	1.1135857461024499
chr14	86	8	871.0	0.9184845005740528
chr14	87	5	837.0	0.5973715651135006
chr14	88	3	812.0	0.3694581280788177
chr14	89	6	794.0	0.7556675062972292
chr14	90	5	741.0	0.6747638326585695
chr14	91	4	713.0	0.5610098176718092
chr14	92	3	671.0	0.44709388971684055
chr14	93	2	636.0	0.3144654088050315
chr14	94	5	614.0	0.8143322475570033
chr14	95	5	587.0	0.8517887563884157
chr14	96	5	555.0	0.9009009009009009
chr14	97	3	519.0	0.5780346820809248
chr14	98	4	490.0	0.8163265306122449
chr14	99	5	458.0	1.0917030567685588
chr14	100	2	438.0	0.45662100456621
chr14	101	3	400.0	0.75
chr14	102	3	376.0	0.7978723404255319
chr14	103	0	340.0	0.0
chr14	104	0	315.0	0.0
chr14	105	3	291.0	1.0309278350515463
chr14	106	1	258.0	0.3875968992248062
chr14	107	0	235.0	0.0
chr14	108	0	218.0	0.0
chr14	109	3	197.0	1.5228426395939088
chr14	110	1	170.0	0.5882352941176471
chr14	111	0	138.0	0.0
chr14	112	2	105.0	1.9047619047619049
chr14	113	2	83.0	2.4096385542168677
chr14	114	0	65.0	0.0
chr14	115	0	50.0	0.0
chr14	116	1	31.0	3.225806451612903
chr14	117	1	15.0	6.666666666666667
chr14	118	0	4.0	0.0
chr14	119	0	0.0	nan
chr14	120	0	0.0	nan
chr14	121	0	0.0	nan
chr14	122	0	0.0	nan
chr14	123	0	0.0	nan
chr14	124	0	0.0	nan
chr14	125	0	0.0	nan
chr14	126	0	0.0	nan
chr14	127	0	0.0	nan
chr14	128	0	0.0	nan
chr14	129	0	0.0	nan
chr14	130	0	0.0	nan
chr14	131	0	0.0	nan
chr14	132	0	0.0	nan
chr14	133	0	0.0	nan
chr14	134	0	0.0	nan
chr14	135	0	0.0	nan
chr14	136	0	0.0	nan
chr14	137	0	0.0	nan
chr14	138	0	0.0	nan
chr14	139	0	0.0	nan
chr14	140	0	0.0	nan
chr14	141	0	0.0	nan
chr14	142	0	0.0	nan
chr14	143	0	0.0	nan
chr14	144	0	0.0	nan
chr14	145	0	0.0	nan
chr14	146	0	0.0	nan
chr14	147	0	0.0	nan
chr14	148	0	0.0	nan
chr14	149	0	0.0	nan
chr14	150	0	0.0	nan
chr14	151	0	0.0	nan
chr14	152	0	0.0	nan
chr17	-140	0	0.0	nan
chr17	-139	0	1.0	0.0
chr17	-138	0	1.0	0.0
chr17	-137	0	1.0	0.0
chr17	-136	0	2.0	0.0
chr17	-135	0	5.0	0.0
chr17	-134	0	7.0	0.0
chr17	-133	0	10.0	0.0
chr17	-132	0	10.0	0.0
chr17	-131	0	11.0	0.0
chr17	-130	1	45.0	2.2222222222222223
chr17	-129	1	97.0	1.0309278350515463
chr17	-128	0	155.0	0.0
chr17	-127	0	229.0	0.0
chr17	-126	0	294.0	0.0
chr17	-125	0	383.0	0.0
chr17	-124	0	456.0	0.0
chr17	-123	1	532.0	0.18796992481203006
chr17	-122	1	615.0	0.16260162601626016
chr17	-121	2	692.0	0.2890173410404624
chr17	-120	2	771.0	0.25940337224383914
chr17	-119	1	831.0	0.12033694344163659
chr17	-118	3	931.0	0.322234156820623
chr17	-117	4	1027.0	0.3894839337877313
chr17	-116	1	1097.0	0.09115770282588878
chr17	-115	6	1191.0	0.5037783375314862
chr17	-114	1	1286.0	0.07776049766718507
chr17	-113	1	1380.0	0.07246376811594203
chr17	-112	2	1486.0	0.13458950201884254
chr17	-111	1	1564.0	0.0639386189258312
chr17	-110	2	1655.0	0.12084592145015105
chr17	-109	1	1724.0	0.058004640371229696
chr17	-108	1	1806.0	0.05537098560354374
chr17	-107	2	1893.0	0.10565240359218173
chr17	-106	1	1971.0	0.050735667174023336
chr17	-105	3	2039.0	0.14713094654242276
chr17	-104	11	2129.0	0.5166744950681071
chr17	-103	19	2227.0	0.8531656937584194
chr17	-102	5	2328.0	0.2147766323024055
chr17	-101	2	2413.0	0.08288437629506838
chr17	-100	0	2497.0	0.0
chr17	-99	2	2616.0	0.0764525993883792
chr17	-98	0	2705.0	0.0
chr17	-97	7	2817.0	0.24849130280440185
chr17	-96	5	2935.0	0.17035775127768313
chr17	-95	4	3005.0	0.13311148086522462
chr17	-94	2	3092.0	0.0646830530401035
chr17	-93	2	3176.0	0.06297229219143577
chr17	-92	23	3266.0	0.7042253521126761
chr17	-91	14	3371.0	0.4153070305547315
chr17	-90	3	3472.0	0.08640552995391705
chr17	-89	19	3549.0	0.5353620738236123
chr17	-88	12	3671.0	0.3268864069735767
chr17	-87	36	3787.0	0.9506205439662001
chr17	-86	6	3860.0	0.15544041450777202
chr17	-85	21	3945.0	0.532319391634981
chr17	-84	13	4049.0	0.3210669301061991
chr17	-83	4	4176.0	0.09578544061302681
chr17	-82	18	4279.0	0.42065903248422526
chr17	-81	12	4365.0	0.27491408934707906
chr17	-80	6	4471.0	0.13419816595839856
chr17	-79	20	4580.0	0.43668122270742354
chr17	-78	23	4674.0	0.4920838682071031
chr17	-77	16	4774.0	0.3351487222454964
chr17	-76	25	4871.0	0.5132416341613631
chr17	-75	31	4956.0	0.6255044390637611
chr17	-74	3	5048.0	0.05942947702060222
chr17	-73	12	5147.0	0.23314552166310473
chr17	-72	9	5231.0	0.17205123303383674
chr17	-71	11	5338.0	0.20606968902210565
chr17	-70	3	5453.0	0.05501558774986246
chr17	-69	15	5564.0	0.2695902228612509
chr17	-68	6	5655.0	0.10610079575596816
chr17	-67	2	5762.0	0.03471017007983339
chr17	-66	49	5868.0	0.8350374914792094
chr17	-65	16	5969.0	0.2680515999329871
chr17	-64	11	6099.0	0.18035743564518775
chr17	-63	24	6209.0	0.38653567402158157
chr17	-62	13	6323.0	0.20559860825557488
chr17	-61	9	6412.0	0.140361821584529
chr17	-60	8	6533.0	0.1224552273075157
chr17	-59	26	6654.0	0.39074241058010223
chr17	-58	17	6795.0	0.2501839587932303
chr17	-57	12	6893.0	0.17408965617292904
chr17	-56	21	6996.0	0.3001715265866209
chr17	-55	49	7093.0	0.6908219371211053
chr17	-54	22	7212.0	0.3050471436494731
chr17	-53	13	7303.0	0.17800903738189786
chr17	-52	19	7412.0	0.2563410685375067
chr17	-51	18	7527.0	0.23913909924272617
chr17	-50	34	7676.0	0.44293903074517976
chr17	-49	17	7795.0	0.21808851828094933
chr17	-48	12	7919.0	0.15153428463189797
chr17	-47	13	8020.0	0.1620947630922693
chr17	-46	14	8125.0	0.1723076923076923
chr17	-45	55	8207.0	0.6701596198367248
chr17	-44	11	8320.0	0.13221153846153846
chr17	-43	25	8431.0	0.29652473016249553
chr17	-42	18	8544.0	0.21067415730337077
chr17	-41	50	8650.0	0.5780346820809248
chr17	-40	31	8748.0	0.3543667123914037
chr17	-39	21	8882.0	0.23643323575771222
chr17	-38	25	8997.0	0.2778704012448594
chr17	-37	31	9141.0	0.33913138606279397
chr17	-36	26	9257.0	0.2808685319217889
chr17	-35	23	9376.0	0.2453071672354949
chr17	-34	34	9481.0	0.35861196076363255
chr17	-33	48	9605.0	0.4997397188964081
chr17	-32	31	9735.0	0.31843862352336927
chr17	-31	30	9803.0	0.3060287667040702
chr17	-30	28	9913.0	0.2824573791990316
chr17	-29	56	10026.0	0.5585477757829643
chr17	-28	21	10110.0	0.20771513353115725
chr17	-27	36	10219.0	0.35228495938937276
chr17	-26	18	10328.0	0.17428350116189
chr17	-25	52	10444.0	0.49789352738414405
chr17	-24	58	10552.0	0.5496588324488249
chr17	-23	36	10729.0	0.33553919284183054
chr17	-22	38	10860.0	0.34990791896869244
chr17	-21	55	10990.0	0.5004549590536852
chr17	-20	46	11099.0	0.41445175241012705
chr17	-19	42	11223.0	0.37423148890670943
chr17	-18	18	11348.0	0.15861825872400423
chr17	-17	33	11457.0	0.2880335166273894
chr17	-16	38	11574.0	0.32832210126144806
chr17	-15	50	11699.0	0.4273869561500983
chr17	-14	43	11829.0	0.3635133992729732
chr17	-13	47	11921.0	0.394262226323295
chr17	-12	31	12033.0	0.25762486495470793
chr17	-11	34	12173.0	0.2793066622853857
chr17	-10	34	12290.0	0.2766476810414972
chr17	-9	101	12285.0	0.8221408221408221
chr17	-8	32	12284.0	0.2605014653207424
chr17	-7	79	12290.0	0.6427990235964198
chr17	-6	47	12291.0	0.3823936213489545
chr17	-5	41	12297.0	0.3334146539806457
chr17	-4	40	12277.0	0.32581249490917974
chr17	-3	47	12264.0	0.38323548597521195
chr17	-2	63	12261.0	0.5138243210178615
chr17	-1	169	12197.0	1.3855866196605722
chr17	0	244	11840.0	2.060810810810811
chr17	1	97	11763.0	0.8246195698376264
chr17	2	75	11663.0	0.6430592471919746
chr17	3	95	11584.0	0.8200966850828729
chr17	4	80	11520.0	0.6944444444444444
chr17	5	85	11446.0	0.7426175082998427
chr17	6	87	11343.0	0.7669928590320021
chr17	7	103	11220.0	0.9180035650623886
chr17	8	127	11143.0	1.1397289778336175
chr17	9	106	11026.0	0.9613640486123707
chr17	10	88	10910.0	0.8065994500458294
chr17	11	76	10775.0	0.7053364269141531
chr17	12	86	10670.0	0.8059981255857545
chr17	13	122	10583.0	1.1527922139279978
chr17	14	80	10463.0	0.7645990633661474
chr17	15	80	10346.0	0.7732456988208003
chr17	16	89	10232.0	0.8698201720093824
chr17	17	66	10135.0	0.651208682782437
chr17	18	80	10042.0	0.7966540529774946
chr17	19	94	9925.0	0.947103274559194
chr17	20	121	9827.0	1.2313015162307928
chr17	21	95	9734.0	0.9759605506472159
chr17	22	70	9618.0	0.727802037845706
chr17	23	90	9491.0	0.9482667790538404
chr17	24	113	9395.0	1.2027674294837678
chr17	25	69	9265.0	0.744738262277388
chr17	26	83	9164.0	0.9057180270624181
chr17	27	91	9067.0	1.0036395720745561
chr17	28	80	9024.0	0.8865248226950355
chr17	29	77	8912.0	0.8640035906642729
chr17	30	99	8789.0	1.1264080100125156
chr17	31	101	8702.0	1.1606527235118365
chr17	32	104	8595.0	1.2100058173356603
chr17	33	67	8491.0	0.7890707808267579
chr17	34	60	8381.0	0.7159050232669132
chr17	35	79	8289.0	0.9530703341778259
chr17	36	64	8183.0	0.782109250885983
chr17	37	69	8083.0	0.8536434492144005
chr17	38	54	7976.0	0.6770310932798395
chr17	39	71	7872.0	0.9019308943089431
chr17	40	73	7782.0	0.9380621948085326
chr17	41	53	7664.0	0.691544885177453
chr17	42	54	7549.0	0.715326533315671
chr17	43	59	7468.0	0.790037493304767
chr17	44	68	7374.0	0.9221589368049905
chr17	45	55	7292.0	0.7542512342292923
chr17	46	59	7192.0	0.8203559510567298
chr17	47	58	7087.0	0.818399887117257
chr17	48	59	6962.0	0.847457627118644
chr17	49	60	6862.0	0.8743806470416788
chr17	50	62	6756.0	0.9177027827116636
chr17	51	69	6671.0	1.0343276870034477
chr17	52	36	6574.0	0.5476118040766657
chr17	53	74	6500.0	1.1384615384615386
chr17	54	62	6398.0	0.9690528290090653
chr17	55	68	6296.0	1.0800508259212198
chr17	56	54	6209.0	0.8697052665485585
chr17	57	75	6094.0	1.2307187397440105
chr17	58	48	5989.0	0.8014693604942394
chr17	59	46	5894.0	0.7804546996946047
chr17	60	44	5806.0	0.7578367206338271
chr17	61	39	5713.0	0.6826535970593384
chr17	62	51	5597.0	0.9112024298731463
chr17	63	39	5467.0	0.7133711359063472
chr17	64	53	5363.0	0.9882528435577101
chr17	65	86	5233.0	1.643416778138735
chr17	66	39	5093.0	0.7657569212644807
chr17	67	43	4997.0	0.8605163097858715
chr17	68	43	4905.0	0.8766564729867482
chr17	69	45	4800.0	0.9375
chr17	70	35	4695.0	0.7454739084132056
chr17	71	51	4593.0	1.1103853690398433
chr17	72	50	4473.0	1.11781801922647
chr17	73	31	4388.0	0.7064721969006381
chr17	74	40	4275.0	0.9356725146198831
chr17	75	49	4133.0	1.185579482216308
chr17	76	26	4042.0	0.6432459178624443
chr17	77	46	3940.0	1.16751269035533
chr17	78	50	3842.0	1.3014055179593962
chr17	79	22	3708.0	0.593311758360302
chr17	80	34	3615.0	0.9405255878284924
chr17	81	39	3520.0	1.1079545454545454
chr17	82	31	3418.0	0.9069631363370393
chr17	83	24	3300.0	0.7272727272727273
chr17	84	26	3197.0	0.8132624335314358
chr17	85	11	3102.0	0.3546099290780142
chr17	86	56	2982.0	1.8779342723004695
chr17	87	25	2879.0	0.868357068426537
chr17	88	33	2768.0	1.1921965317919074
chr17	89	24	2665.0	0.900562851782364
chr17	90	23	2551.0	0.901607212857703
chr17	91	28	2456.0	1.1400651465798046
chr17	92	21	2352.0	0.8928571428571428
chr17	93	19	2251.0	0.8440693025322079
chr17	94	16	2151.0	0.7438400743840075
chr17	95	17	2067.0	0.822447992259313
chr17	96	16	1951.0	0.8200922603792926
chr17	97	24	1864.0	1.2875536480686696
chr17	98	13	1781.0	0.7299270072992701
chr17	99	8	1673.0	0.47818290496114757
chr17	100	15	1577.0	0.9511731135066582
chr17	101	8	1479.0	0.5409060175794456
chr17	102	18	1378.0	1.3062409288824384
chr17	103	15	1285.0	1.1673151750972763
chr17	104	10	1190.0	0.8403361344537815
chr17	105	7	1098.0	0.6375227686703097
chr17	106	9	1011.0	0.8902077151335311
chr17	107	5	922.0	0.5422993492407809
chr17	108	7	836.0	0.8373205741626795
chr17	109	8	740.0	1.0810810810810811
chr17	110	5	648.0	0.7716049382716049
chr17	111	4	564.0	0.7092198581560284
chr17	112	4	472.0	0.847457627118644
chr17	113	2	384.0	0.5208333333333333
chr17	114	2	320.0	0.625
chr17	115	3	227.0	1.3215859030837005
chr17	116	0	141.0	0.0
chr17	117	0	87.0	0.0
chr17	118	0	39.0	0.0
chr17	119	0	0.0	nan
chr17	120	0	0.0	nan
chr17	121	0	0.0	nan
chr17	122	0	0.0	nan
chr17	123	0	0.0	nan
chr17	124	0	0.0	nan
chr17	125	0	0.0	nan
chr17	126	0	0.0	nan
chr17	127	0	0.0	nan
chr17	128	0	0.0	nan
chr17	129	0	0.0	nan
chr17	130	0	0.0	nan
chr17	131	0	0.0	nan
chr17	132	0	0.0	nan
chr17	133	0	0.0	nan
chr17	134	0	0.0	nan
chr17	135	0	0.0	nan
chr17	136	0	0.0	nan
chr17	137	0	0.0	nan
chr17	138	0	0.0	nan
chr17	139	0	0.0	nan
chr17	140	0	0.0	nan
chr17	141	0	0.0	nan
chr17	142	0	0.0	nan
chr18	-128	0	1.0	0.0
chr18	-127	0	3.0	0.0
chr18	-126	0	4.0	0.0
chr18	-125	0	11.0	0.0
chr18	-124	0	16.0	0.0
chr18	-123	0	20.0	0.0
chr18	-122	0	21.0	0.0
chr18	-121	0	23.0	0.0
chr18	-120	0	23.0	0.0
chr18	-119	0	25.0	0.0
chr18	-118	0	26.0	0.0
chr18	-117	0	26.0	0.0
chr18	-116	0	31.0	0.0
chr18	-115	0	33.0	0.0
chr18	-114	0	38.0	0.0
chr18	-113	0	41.0	0.0
chr18	-112	0	42.0	0.0
chr18	-111	0	44.0	0.0
chr18	-110	0	45.0	0.0
chr18	-109	0	52.0	0.0
chr18	-108	0	57.0	0.0
chr18	-107	0	63.0	0.0
chr18	-106	0	64.0	0.0
chr18	-105	0	65.0	0.0
chr18	-104	0	65.0	0.0
chr18	-103	0	66.0	0.0
chr18	-102	0	71.0	0.0
chr18	-101	0	74.0	0.0
chr18	-100	0	81.0	0.0
chr18	-99	0	86.0	0.0
chr18	-98	0	90.0	0.0
chr18	-97	0	91.0	0.0
chr18	-96	0	97.0	0.0
chr18	-95	0	109.0	0.0
chr18	-94	0	112.0	0.0
chr18	-93	0	116.0	0.0
chr18	-92	0	117.0	0.0
chr18	-91	0	122.0	0.0
chr18	-90	0	131.0	0.0
chr18	-89	0	135.0	0.0
chr18	-88	1	140.0	0.7142857142857143
chr18	-87	0	149.0	0.0
chr18	-86	0	154.0	0.0
chr18	-85	0	155.0	0.0
chr18	-84	0	160.0	0.0
chr18	-83	0	162.0	0.0
chr18	-82	1	164.0	0.6097560975609756
chr18	-81	2	168.0	1.1904761904761905
chr18	-80	0	171.0	0.0
chr18	-79	0	171.0	0.0
chr18	-78	1	172.0	0.5813953488372093
chr18	-77	0	175.0	0.0
chr18	-76	0	177.0	0.0
chr18	-75	0	185.0	0.0
chr18	-74	0	187.0	0.0
chr18	-73	0	192.0	0.0
chr18	-72	0	194.0	0.0
chr18	-71	0	198.0	0.0
chr18	-70	0	202.0	0.0
chr18	-69	0	208.0	0.0
chr18	-68	0	217.0	0.0
chr18	-67	0	220.0	0.0
chr18	-66	0	222.0	0.0
chr18	-65	0	230.0	0.0
chr18	-64	0	234.0	0.0
chr18	-63	0	239.0	0.0
chr18	-62	2	246.0	0.8130081300813009
chr18	-61	1	252.0	0.3968253968253968
chr18	-60	0	253.0	0.0
chr18	-59	1	255.0	0.39215686274509803
chr18	-58	1	261.0	0.38314176245210724
chr18	-57	0	268.0	0.0
chr18	-56	0	271.0	0.0
chr18	-55	0	272.0	0.0
chr18	-54	0	276.0	0.0
chr18	-53	0	279.0	0.0
chr18	-52	0	282.0	0.0
chr18	-51	0	290.0	0.0
chr18	-50	1	293.0	0.3412969283276451
chr18	-49	0	299.0	0.0
chr18	-48	0	302.0	0.0
chr18	-47	1	309.0	0.3236245954692557
chr18	-46	0	314.0	0.0
chr18	-45	0	318.0	0.0
chr18	-44	0	319.0	0.0
chr18	-43	0	320.0	0.0
chr18	-42	1	329.0	0.303951367781155
chr18	-41	2	330.0	0.6060606060606061
chr18	-40	2	334.0	0.5988023952095809
chr18	-39	0	343.0	0.0
chr18	-38	0	345.0	0.0
chr18	-37	0	353.0	0.0
chr18	-36	0	355.0	0.0
chr18	-35	0	359.0	0.0
chr18	-34	0	365.0	0.0
chr18	-33	2	367.0	0.544959128065395
chr18	-32	2	374.0	0.53475935828877
chr18	-31	0	377.0	0.0
chr18	-30	0	379.0	0.0
chr18	-29	0	383.0	0.0
chr18	-28	1	385.0	0.2597402597402597
chr18	-27	2	395.0	0.5063291139240507
chr18	-26	2	398.0	0.5025125628140703
chr18	-25	0	400.0	0.0
chr18	-24	1	407.0	0.2457002457002457
chr18	-23	0	409.0	0.0
chr18	-22	0	415.0	0.0
chr18	-21	1	421.0	0.23752969121140144
chr18	-20	0	418.0	0.0
chr18	-19	0	420.0	0.0
chr18	-18	2	424.0	0.4716981132075472
chr18	-17	0	428.0	0.0
chr18	-16	0	435.0	0.0
chr18	-15	0	439.0	0.0
chr18	-14	0	440.0	0.0
chr18	-13	0	443.0	0.0
chr18	-12	7	446.0	1.5695067264573992
chr18	-11	1	448.0	0.2232142857142857
chr18	-10	9	450.0	2.0
chr18	-9	1	450.0	0.2222222222222222
chr18	-8	0	450.0	0.0
chr18	-7	0	450.0	0.0
chr18	-6	0	450.0	0.0
chr18	-5	1	450.0	0.2222222222222222
chr18	-4	0	449.0	0.0
chr18	-3	0	447.0	0.0
chr18	-2	0	447.0	0.0
chr18	-1	2	447.0	0.44742729306487694
chr18	0	4	425.0	0.9411764705882352
chr18	1	3	423.0	0.7092198581560284
chr18	2	2	422.0	0.47393364928909953
chr18	3	4	427.0	0.936768149882904
chr18	4	2	424.0	0.4716981132075472
chr18	5	3	421.0	0.7125890736342043
chr18	6	2	416.0	0.4807692307692308
chr18	7	5	412.0	1.2135922330097086
chr18	8	2	410.0	0.4878048780487805
chr18	9	7	409.0	1.7114914425427872
chr18	10	1	401.0	0.24937655860349126
chr18	11	3	401.0	0.7481296758104738
chr18	12	6	395.0	1.5189873417721518
chr18	13	0	393.0	0.0
chr18	14	5	388.0	1.2886597938144329
chr18	15	3	382.0	0.7853403141361256
chr18	16	5	378.0	1.3227513227513228
chr18	17	4	377.0	1.0610079575596816
chr18	18	0	373.0	0.0
chr18	19	2	366.0	0.546448087431694
chr18	20	4	362.0	1.1049723756906076
chr18	21	1	357.0	0.2801120448179272
chr18	22	1	353.0	0.28328611898017
chr18	23	1	346.0	0.2890173410404624
chr18	24	5	344.0	1.4534883720930232
chr18	25	3	341.0	0.8797653958944283
chr18	26	12	335.0	3.582089552238806
chr18	27	7	333.0	2.1021021021021022
chr18	28	3	322.0	0.9316770186335404
chr18	29	5	320.0	1.5625
chr18	30	5	317.0	1.5772870662460567
chr18	31	13	314.0	4.140127388535031
chr18	32	1	310.0	0.3225806451612903
chr18	33	1	305.0	0.32786885245901637
chr18	34	4	295.0	1.3559322033898304
chr18	35	3	294.0	1.0204081632653061
chr18	36	5	292.0	1.7123287671232876
chr18	37	8	284.0	2.8169014084507045
chr18	38	7	277.0	2.527075812274368
chr18	39	8	273.0	2.93040293040293
chr18	40	13	265.0	4.905660377358491
chr18	41	3	261.0	1.1494252873563218
chr18	42	8	259.0	3.088803088803089
chr18	43	0	255.0	0.0
chr18	44	3	251.0	1.1952191235059761
chr18	45	8	248.0	3.225806451612903
chr18	46	2	245.0	0.8163265306122449
chr18	47	2	246.0	0.8130081300813009
chr18	48	1	244.0	0.4098360655737705
chr18	49	8	240.0	3.3333333333333335
chr18	50	1	236.0	0.423728813559322
chr18	51	6	232.0	2.586206896551724
chr18	52	1	231.0	0.4329004329004329
chr18	53	3	227.0	1.3215859030837005
chr18	54	1	225.0	0.4444444444444444
chr18	55	4	220.0	1.8181818181818181
chr18	56	1	214.0	0.46728971962616817
chr18	57	1	214.0	0.46728971962616817
chr18	58	3	212.0	1.4150943396226416
chr18	59	1	203.0	0.49261083743842365
chr18	60	0	196.0	0.0
chr18	61	1	193.0	0.5181347150259068
chr18	62	4	185.0	2.1621621621621623
chr18	63	0	185.0	0.0
chr18	64	3	180.0	1.6666666666666667
chr18	65	2	180.0	1.1111111111111112
chr18	66	6	177.0	3.389830508474576
chr18	67	2	174.0	1.1494252873563218
chr18	68	6	170.0	3.5294117647058822
chr18	69	0	168.0	0.0
chr18	70	3	161.0	1.8633540372670807
chr18	71	2	157.0	1.2738853503184715
chr18	72	3	148.0	2.027027027027027
chr18	73	0	143.0	0.0
chr18	74	2	140.0	1.4285714285714286
chr18	75	5	139.0	3.597122302158273
chr18	76	1	135.0	0.7407407407407408
chr18	77	2	132.0	1.5151515151515151
chr18	78	0	125.0	0.0
chr18	79	6	122.0	4.918032786885246
chr18	80	0	121.0	0.0
chr18	81	3	120.0	2.5
chr18	82	1	112.0	0.8928571428571428
chr18	83	0	110.0	0.0
chr18	84	0	107.0	0.0
chr18	85	0	100.0	0.0
chr18	86	1	100.0	1.0
chr18	87	1	94.0	1.0638297872340425
chr18	88	2	91.0	2.197802197802198
chr18	89	0	87.0	0.0
chr18	90	0	81.0	0.0
chr18	91	1	78.0	1.282051282051282
chr18	92	2	73.0	2.73972602739726
chr18	93	1	71.0	1.4084507042253522
chr18	94	5	67.0	7.462686567164178
chr18	95	0	66.0	0.0
chr18	96	0	62.0	0.0
chr18	97	1	51.0	1.9607843137254901
chr18	98	2	50.0	4.0
chr18	99	0	44.0	0.0
chr18	100	0	44.0	0.0
chr18	101	1	44.0	2.272727272727273
chr18	102	0	41.0	0.0
chr18	103	0	41.0	0.0
chr18	104	0	37.0	0.0
chr18	105	0	29.0	0.0
chr18	106	0	27.0	0.0
chr18	107	0	21.0	0.0
chr18	108	0	20.0	0.0
chr18	109	0	20.0	0.0
chr18	110	0	18.0	0.0
chr18	111	0	13.0	0.0
chr18	112	0	12.0	0.0
chr18	113	0	7.0	0.0
chr18	114	0	6.0	0.0
chr18	115	0	4.0	0.0
chr18	116	0	1.0	0.0
chr18	117	0	1.0	0.0
chr18	118	0	0.0	nan
chr18	119	0	0.0	nan
chr18	120	0	0.0	nan
chr18	121	0	0.0	nan
chr18	122	0	0.0	nan
chr18	123	0	0.0	nan
chr18	124	0	0.0	nan
chr18	125	0	0.0	nan
chr18	126	0	0.0	nan
chr18	127	0	0.0	nan
chr18	128	0	0.0	nan
chr19	-132	0	1.0	0.0
chr19	-131	0	1.0	0.0
chr19	-130	0	3.0	0.0
chr19	-129	0	5.0	0.0
chr19	-128	0	5.0	0.0
chr19	-127	0	6.0	0.0
chr19	-126	0	11.0	0.0
chr19	-125	0	11.0	0.0
chr19	-124	0	12.0	0.0
chr19	-123	0	19.0	0.0
chr19	-122	0	24.0	0.0
chr19	-121	0	24.0	0.0
chr19	-120	0	29.0	0.0
chr19	-119	0	30.0	0.0
chr19	-118	1	35.0	2.857142857142857
chr19	-117	3	36.0	8.333333333333332
chr19	-116	0	40.0	0.0
chr19	-115	0	46.0	0.0
chr19	-114	0	46.0	0.0
chr19	-113	0	47.0	0.0
chr19	-112	0	48.0	0.0
chr19	-111	0	48.0	0.0
chr19	-110	0	48.0	0.0
chr19	-109	0	56.0	0.0
chr19	-108	0	60.0	0.0
chr19	-107	0	62.0	0.0
chr19	-106	0	65.0	0.0
chr19	-105	0	70.0	0.0
chr19	-104	0	74.0	0.0
chr19	-103	0	74.0	0.0
chr19	-102	0	83.0	0.0
chr19	-101	3	85.0	3.5294117647058822
chr19	-100	0	90.0	0.0
chr19	-99	0	95.0	0.0
chr19	-98	0	100.0	0.0
chr19	-97	1	101.0	0.9900990099009901
chr19	-96	12	103.0	11.650485436893204
chr19	-95	0	110.0	0.0
chr19	-94	0	116.0	0.0
chr19	-93	0	121.0	0.0
chr19	-92	0	122.0	0.0
chr19	-91	0	130.0	0.0
chr19	-90	1	131.0	0.7633587786259541
chr19	-89	0	135.0	0.0
chr19	-88	0	140.0	0.0
chr19	-87	0	140.0	0.0
chr19	-86	0	145.0	0.0
chr19	-85	0	145.0	0.0
chr19	-84	0	151.0	0.0
chr19	-83	1	159.0	0.628930817610063
chr19	-82	0	163.0	0.0
chr19	-81	1	169.0	0.591715976331361
chr19	-80	4	176.0	2.272727272727273
chr19	-79	0	176.0	0.0
chr19	-78	0	183.0	0.0
chr19	-77	1	188.0	0.5319148936170213
chr19	-76	0	193.0	0.0
chr19	-75	0	197.0	0.0
chr19	-74	2	201.0	0.9950248756218906
chr19	-73	0	205.0	0.0
chr19	-72	0	209.0	0.0
chr19	-71	1	212.0	0.4716981132075472
chr19	-70	0	214.0	0.0
chr19	-69	1	216.0	0.4629629629629629
chr19	-68	1	223.0	0.4484304932735426
chr19	-67	0	225.0	0.0
chr19	-66	1	231.0	0.4329004329004329
chr19	-65	4	233.0	1.7167381974248928
chr19	-64	5	239.0	2.092050209205021
chr19	-63	0	241.0	0.0
chr19	-62	0	244.0	0.0
chr19	-61	1	247.0	0.4048582995951417
chr19	-60	0	253.0	0.0
chr19	-59	1	255.0	0.39215686274509803
chr19	-58	16	256.0	6.25
chr19	-57	29	260.0	11.153846153846155
chr19	-56	14	261.0	5.363984674329502
chr19	-55	1	264.0	0.3787878787878788
chr19	-54	0	259.0	0.0
chr19	-53	3	268.0	1.1194029850746268
chr19	-52	0	277.0	0.0
chr19	-51	1	280.0	0.35714285714285715
chr19	-50	0	282.0	0.0
chr19	-49	1	285.0	0.3508771929824561
chr19	-48	1	295.0	0.3389830508474576
chr19	-47	0	301.0	0.0
chr19	-46	0	304.0	0.0
chr19	-45	1	312.0	0.3205128205128205
chr19	-44	1	314.0	0.3184713375796179
chr19	-43	1	316.0	0.31645569620253167
chr19	-42	0	321.0	0.0
chr19	-41	0	326.0	0.0
chr19	-40	1	332.0	0.30120481927710846
chr19	-39	0	337.0	0.0
chr19	-38	0	338.0	0.0
chr19	-37	1	341.0	0.2932551319648094
chr19	-36	1	350.0	0.2857142857142857
chr19	-35	2	348.0	0.5747126436781609
chr19	-34	1	352.0	0.2840909090909091
chr19	-33	5	360.0	1.3888888888888888
chr19	-32	3	367.0	0.8174386920980926
chr19	-31	2	382.0	0.5235602094240838
chr19	-30	11	385.0	2.857142857142857
chr19	-29	2	386.0	0.5181347150259068
chr19	-28	1	391.0	0.2557544757033248
chr19	-27	1	398.0	0.25125628140703515
chr19	-26	1	403.0	0.24813895781637718
chr19	-25	9	408.0	2.2058823529411766
chr19	-24	1	412.0	0.24271844660194172
chr19	-23	1	415.0	0.24096385542168677
chr19	-22	0	415.0	0.0
chr19	-21	3	418.0	0.7177033492822966
chr19	-20	0	433.0	0.0
chr19	-19	1	440.0	0.22727272727272727
chr19	-18	2	445.0	0.44943820224719105
chr19	-17	0	450.0	0.0
chr19	-16	3	454.0	0.6607929515418502
chr19	-15	0	457.0	0.0
chr19	-14	1	467.0	0.21413276231263384
chr19	-13	0	471.0	0.0
chr19	-12	3	478.0	0.6276150627615062
chr19	-11	1	483.0	0.2070393374741201
chr19	-10	12	485.0	2.4742268041237114
chr19	-9	0	485.0	0.0
chr19	-8	1	485.0	0.2061855670103093
chr19	-7	3	485.0	0.6185567010309279
chr19	-6	0	474.0	0.0
chr19	-5	1	474.0	0.21097046413502107
chr19	-4	3	469.0	0.6396588486140725
chr19	-3	1	469.0	0.21321961620469082
chr19	-2	4	459.0	0.8714596949891068
chr19	-1	47	459.0	10.239651416122005
chr19	0	16	453.0	3.532008830022075
chr19	1	2	452.0	0.4424778761061947
chr19	2	2	457.0	0.437636761487965
chr19	3	1	455.0	0.21978021978021978
chr19	4	2	460.0	0.43478260869565216
chr19	5	1	456.0	0.21929824561403508
chr19	6	4	456.0	0.8771929824561403
chr19	7	3	452.0	0.6637168141592921
chr19	8	2	449.0	0.4454342984409799
chr19	9	11	444.0	2.4774774774774775
chr19	10	0	441.0	0.0
chr19	11	4	437.0	0.9153318077803204
chr19	12	2	433.0	0.4618937644341801
chr19	13	3	430.0	0.6976744186046512
chr19	14	5	423.0	1.1820330969267139
chr19	15	2	422.0	0.47393364928909953
chr19	16	3	420.0	0.7142857142857143
chr19	17	2	417.0	0.4796163069544364
chr19	18	1	417.0	0.2398081534772182
chr19	19	1	411.0	0.24330900243309003
chr19	20	1	401.0	0.24937655860349126
chr19	21	1	397.0	0.2518891687657431
chr19	22	0	394.0	0.0
chr19	23	4	390.0	1.0256410256410255
chr19	24	15	384.0	3.90625
chr19	25	1	382.0	0.2617801047120419
chr19	26	1	382.0	0.2617801047120419
chr19	27	0	374.0	0.0
chr19	28	4	372.0	1.0752688172043012
chr19	29	13	370.0	3.5135135135135136
chr19	30	3	363.0	0.8264462809917356
chr19	31	3	350.0	0.8571428571428572
chr19	32	12	350.0	3.428571428571429
chr19	33	3	344.0	0.872093023255814
chr19	34	1	336.0	0.2976190476190476
chr19	35	2	340.0	0.5882352941176471
chr19	36	1	339.0	0.2949852507374631
chr19	37	3	336.0	0.8928571428571428
chr19	38	0	329.0	0.0
chr19	39	3	327.0	0.9174311926605505
chr19	40	0	325.0	0.0
chr19	41	4	321.0	1.2461059190031152
chr19	42	1	321.0	0.3115264797507788
chr19	43	1	312.0	0.3205128205128205
chr19	44	1	310.0	0.3225806451612903
chr19	45	1	301.0	0.33222591362126247
chr19	46	2	296.0	0.6756756756756757
chr19	47	1	291.0	0.3436426116838488
chr19	48	3	287.0	1.0452961672473868
chr19	49	0	284.0	0.0
chr19	50	0	280.0	0.0
chr19	51	1	275.0	0.36363636363636365
chr19	52	2	264.0	0.7575757575757576
chr19	53	3	257.0	1.1673151750972763
chr19	54	2	260.0	0.7692307692307693
chr19	55	8	255.0	3.1372549019607843
chr19	56	19	253.0	7.5098814229249005
chr19	57	12	251.0	4.780876494023905
chr19	58	2	251.0	0.796812749003984
chr19	59	1	250.0	0.4
chr19	60	2	249.0	0.8032128514056224
chr19	61	3	241.0	1.2448132780082988
chr19	62	4	238.0	1.680672268907563
chr19	63	6	232.0	2.586206896551724
chr19	64	2	227.0	0.881057268722467
chr19	65	1	223.0	0.4484304932735426
chr19	66	5	220.0	2.272727272727273
chr19	67	13	218.0	5.963302752293578
chr19	68	1	212.0	0.4716981132075472
chr19	69	1	210.0	0.4761904761904762
chr19	70	1	201.0	0.4975124378109453
chr19	71	1	196.0	0.5102040816326531
chr19	72	1	188.0	0.5319148936170213
chr19	73	2	183.0	1.092896174863388
chr19	74	2	181.0	1.1049723756906076
chr19	75	2	178.0	1.1235955056179776
chr19	76	1	166.0	0.6024096385542169
chr19	77	0	162.0	0.0
chr19	78	2	159.0	1.257861635220126
chr19	79	3	156.0	1.9230769230769231
chr19	80	0	152.0	0.0
chr19	81	1	142.0	0.7042253521126761
chr19	82	2	138.0	1.4492753623188406
chr19	83	0	135.0	0.0
chr19	84	0	129.0	0.0
chr19	85	0	129.0	0.0
chr19	86	0	127.0	0.0
chr19	87	1	125.0	0.8
chr19	88	1	124.0	0.8064516129032258
chr19	89	0	118.0	0.0
chr19	90	0	111.0	0.0
chr19	91	0	108.0	0.0
chr19	92	0	105.0	0.0
chr19	93	1	97.0	1.0309278350515463
chr19	94	0	92.0	0.0
chr19	95	6	88.0	6.8181818181818175
chr19	96	0	78.0	0.0
chr19	97	1	71.0	1.4084507042253522
chr19	98	0	67.0	0.0
chr19	99	0	62.0	0.0
chr19	100	2	62.0	3.225806451612903
chr19	101	0	60.0	0.0
chr19	102	0	56.0	0.0
chr19	103	0	54.0	0.0
chr19	104	0	50.0	0.0
chr19	105	0	46.0	0.0
chr19	106	0	41.0	0.0
chr19	107	5	39.0	12.82051282051282
chr19	108	0	35.0	0.0
chr19	109	1	22.0	4.545454545454546
chr19	110	0	21.0	0.0
chr19	111	0	18.0	0.0
chr19	112	0	17.0	0.0
chr19	113	0	14.0	0.0
chr19	114	0	14.0	0.0
chr19	115	0	9.0	0.0
chr19	116	0	7.0	0.0
chr19	117	0	7.0	0.0
chr19	118	0	2.0	0.0
chr19	119	0	0.0	nan
chr19	120	0	0.0	nan
chr19	121	0	0.0	nan
chr19	122	0	0.0	nan
chr19	123	0	0.0	nan
chr19	124	0	0.0	nan
chr19	125	0	0.0	nan
chr19	126	0	0.0	nan
chr19	127	0	0.0	nan
chr19	128	0	0.0	nan
chr19	129	0	0.0	nan
chr20	-133	0	1.0	0.0
chr20	-132	0	1.0	0.0
chr20	-131	0	2.0	0.0
chr20	-130	0	15.0	0.0
chr20	-129	0	27.0	0.0
chr20	-128	0	48.0	0.0
chr20	-127	0	85.0	0.0
chr20	-126	0	110.0	0.0
chr20	-125	0	143.0	0.0
chr20	-124	1	178.0	0.5617977528089888
chr20	-123	0	205.0	0.0
chr20	-122	1	247.0	0.4048582995951417
chr20	-121	1	290.0	0.3448275862068966
chr20	-120	1	323.0	0.30959752321981426
chr20	-119	1	361.0	0.2770083102493075
chr20	-118	0	398.0	0.0
chr20	-117	0	433.0	0.0
chr20	-116	2	471.0	0.42462845010615713
chr20	-115	2	520.0	0.38461538461538464
chr20	-114	0	562.0	0.0
chr20	-113	2	615.0	0.3252032520325203
chr20	-112	1	662.0	0.1510574018126888
chr20	-111	5	692.0	0.7225433526011561
chr20	-110	1	724.0	0.13812154696132595
chr20	-109	2	767.0	0.2607561929595828
chr20	-108	19	816.0	2.3284313725490198
chr20	-107	6	867.0	0.6920415224913495
chr20	-106	9	902.0	0.9977827050997782
chr20	-105	0	951.0	0.0
chr20	-104	2	993.0	0.2014098690835851
chr20	-103	8	1036.0	0.7722007722007722
chr20	-102	2	1089.0	0.18365472910927455
chr20	-101	5	1132.0	0.441696113074205
chr20	-100	2	1191.0	0.16792611251049538
chr20	-99	4	1223.0	0.3270645952575634
chr20	-98	4	1264.0	0.31645569620253167
chr20	-97	1	1306.0	0.0765696784073507
chr20	-96	7	1345.0	0.5204460966542751
chr20	-95	12	1400.0	0.8571428571428572
chr20	-94	5	1463.0	0.3417634996582365
chr20	-93	1	1525.0	0.06557377049180328
chr20	-92	2	1577.0	0.12682308180088775
chr20	-91	1	1615.0	0.061919504643962855
chr20	-90	1	1671.0	0.059844404548174746
chr20	-89	7	1713.0	0.4086398131932283
chr20	-88	16	1755.0	0.9116809116809116
chr20	-87	0	1822.0	0.0
chr20	-86	11	1882.0	0.5844845908607864
chr20	-85	8	1929.0	0.41472265422498705
chr20	-84	9	1978.0	0.455005055611729
chr20	-83	2	2040.0	0.09803921568627451
chr20	-82	4	2090.0	0.19138755980861244
chr20	-81	0	2132.0	0.0
chr20	-80	2	2190.0	0.091324200913242
chr20	-79	1	2239.0	0.044662795891022775
chr20	-78	0	2285.0	0.0
chr20	-77	11	2344.0	0.469283276450512
chr20	-76	19	2395.0	0.7933194154488519
chr20	-75	4	2433.0	0.16440608302507193
chr20	-74	3	2498.0	0.12009607686148918
chr20	-73	6	2548.0	0.23547880690737832
chr20	-72	11	2610.0	0.42145593869731796
chr20	-71	4	2657.0	0.1505457282649605
chr20	-70	4	2716.0	0.14727540500736377
chr20	-69	7	2763.0	0.2533478103510677
chr20	-68	5	2810.0	0.1779359430604982
chr20	-67	4	2863.0	0.13971358714635
chr20	-66	13	2923.0	0.4447485460143688
chr20	-65	13	2980.0	0.436241610738255
chr20	-64	13	3039.0	0.42777229351760443
chr20	-63	12	3089.0	0.38847523470378764
chr20	-62	13	3149.0	0.412829469672912
chr20	-61	5	3209.0	0.1558117793705204
chr20	-60	18	3266.0	0.5511328842620943
chr20	-59	7	3322.0	0.2107164358819988
chr20	-58	3	3367.0	0.0891000891000891
chr20	-57	12	3412.0	0.3516998827667058
chr20	-56	4	3454.0	0.11580775911986102
chr20	-55	7	3509.0	0.19948703334283271
chr20	-54	7	3560.0	0.19662921348314608
chr20	-53	3	3601.0	0.0833101916134407
chr20	-52	3	3654.0	0.08210180623973727
chr20	-51	5	3719.0	0.13444474321054048
chr20	-50	5	3760.0	0.13297872340425532
chr20	-49	13	3813.0	0.34093889325990034
chr20	-48	30	3862.0	0.7767995857068877
chr20	-47	9	3919.0	0.22965042102577188
chr20	-46	5	4000.0	0.125
chr20	-45	6	4048.0	0.14822134387351776
chr20	-44	9	4112.0	0.2188715953307393
chr20	-43	21	4157.0	0.5051719990377677
chr20	-42	27	4212.0	0.641025641025641
chr20	-41	19	4265.0	0.44548651817116064
chr20	-40	4	4318.0	0.09263547938860583
chr20	-39	7	4365.0	0.16036655211912942
chr20	-38	4	4409.0	0.09072352007257882
chr20	-37	8	4454.0	0.17961383026493039
chr20	-36	8	4507.0	0.17750166407810075
chr20	-35	4	4556.0	0.08779631255487269
chr20	-34	28	4604.0	0.6081668114682884
chr20	-33	7	4657.0	0.1503113592441486
chr20	-32	10	4694.0	0.21303792074989347
chr20	-31	26	4750.0	0.5473684210526315
chr20	-30	22	4807.0	0.4576659038901602
chr20	-29	11	4862.0	0.22624434389140274
chr20	-28	30	4908.0	0.6112469437652812
chr20	-27	6	4960.0	0.12096774193548387
chr20	-26	5	5036.0	0.09928514694201747
chr20	-25	31	5087.0	0.6093965008846078
chr20	-24	13	5126.0	0.2536090518923137
chr20	-23	17	5177.0	0.3283755070504153
chr20	-22	11	5238.0	0.21000381825124095
chr20	-21	11	5289.0	0.20797882397428627
chr20	-20	13	5337.0	0.24358253700580854
chr20	-19	30	5401.0	0.5554526939455656
chr20	-18	7	5451.0	0.1284168042560998
chr20	-17	15	5513.0	0.27208416470161434
chr20	-16	10	5568.0	0.17959770114942528
chr20	-15	17	5621.0	0.3024372887386586
chr20	-14	25	5689.0	0.43944454209878714
chr20	-13	45	5746.0	0.7831534980856248
chr20	-12	18	5799.0	0.3103983445421624
chr20	-11	26	5855.0	0.4440649017933391
chr20	-10	22	5893.0	0.37332428304768367
chr20	-9	9	5901.0	0.1525165226232842
chr20	-8	15	5903.0	0.2541080806369643
chr20	-7	26	5903.0	0.44045400643740473
chr20	-6	31	5906.0	0.5248899424314257
chr20	-5	16	5907.0	0.27086507533434906
chr20	-4	13	5906.0	0.22011513714866238
chr20	-3	40	5893.0	0.6787714237230613
chr20	-2	53	5890.0	0.8998302207130731
chr20	-1	76	5892.0	1.2898845892735913
chr20	0	147	5766.0	2.5494276795005204
chr20	1	74	5719.0	1.2939325056828117
chr20	2	49	5673.0	0.8637405252952584
chr20	3	30	5647.0	0.5312555339118116
chr20	4	28	5584.0	0.501432664756447
chr20	5	86	5537.0	1.553187646740112
chr20	6	29	5486.0	0.5286183011301494
chr20	7	29	5415.0	0.5355493998153278
chr20	8	37	5362.0	0.6900410294666169
chr20	9	27	5311.0	0.5083788363773301
chr20	10	69	5285.0	1.30558183538316
chr20	11	45	5229.0	0.8605851979345954
chr20	12	56	5194.0	1.078167115902965
chr20	13	45	5160.0	0.872093023255814
chr20	14	41	5105.0	0.803134182174339
chr20	15	33	5049.0	0.6535947712418301
chr20	16	36	4988.0	0.7217321571772253
chr20	17	43	4940.0	0.8704453441295547
chr20	18	41	4896.0	0.8374183006535948
chr20	19	24	4848.0	0.49504950495049505
chr20	20	42	4786.0	0.8775595486836606
chr20	21	38	4739.0	0.8018569318421608
chr20	22	41	4688.0	0.8745733788395904
chr20	23	46	4622.0	0.99524015577672
chr20	24	68	4580.0	1.48471615720524
chr20	25	29	4529.0	0.6403179509825568
chr20	26	33	4473.0	0.7377598926894702
chr20	27	34	4401.0	0.7725516927970916
chr20	28	41	4348.0	0.9429622815087397
chr20	29	47	4288.0	1.096082089552239
chr20	30	53	4254.0	1.2458862247296663
chr20	31	37	4205.0	0.8799048751486327
chr20	32	22	4170.0	0.5275779376498801
chr20	33	62	4125.0	1.5030303030303032
chr20	34	36	4074.0	0.8836524300441826
chr20	35	30	4012.0	0.7477567298105683
chr20	36	47	3952.0	1.1892712550607287
chr20	37	49	3900.0	1.2564102564102564
chr20	38	45	3848.0	1.1694386694386696
chr20	39	28	3803.0	0.7362608466999737
chr20	40	54	3732.0	1.4469453376205788
chr20	41	24	3675.0	0.653061224489796
chr20	42	43	3600.0	1.1944444444444444
chr20	43	28	3559.0	0.7867378477100309
chr20	44	35	3513.0	0.9962994591517221
chr20	45	32	3449.0	0.9278051609162076
chr20	46	21	3388.0	0.6198347107438017
chr20	47	51	3342.0	1.526032315978456
chr20	48	27	3298.0	0.818677986658581
chr20	49	35	3247.0	1.077918078226055
chr20	50	21	3202.0	0.655840099937539
chr20	51	37	3147.0	1.1757229107086113
chr20	52	23	3081.0	0.7465108730931516
chr20	53	13	3036.0	0.4281949934123847
chr20	54	41	2990.0	1.37123745819398
chr20	55	16	2941.0	0.5440326419585175
chr20	56	21	2891.0	0.7263922518159807
chr20	57	19	2835.0	0.6701940035273368
chr20	58	17	2779.0	0.6117308384310903
chr20	59	31	2736.0	1.1330409356725146
chr20	60	29	2687.0	1.0792705619650167
chr20	61	17	2613.0	0.6505931879066207
chr20	62	44	2557.0	1.7207665232694564
chr20	63	18	2505.0	0.718562874251497
chr20	64	33	2447.0	1.3485901103391909
chr20	65	16	2383.0	0.6714225765841376
chr20	66	26	2345.0	1.1087420042643923
chr20	67	12	2294.0	0.5231037489102005
chr20	68	13	2255.0	0.5764966740576497
chr20	69	15	2197.0	0.6827492034592627
chr20	70	13	2162.0	0.6012950971322849
chr20	71	14	2106.0	0.6647673314339981
chr20	72	14	2065.0	0.6779661016949152
chr20	73	16	2010.0	0.7960199004975124
chr20	74	9	1949.0	0.46177526936890717
chr20	75	21	1890.0	1.1111111111111112
chr20	76	26	1843.0	1.410743353228432
chr20	77	10	1792.0	0.5580357142857143
chr20	78	21	1737.0	1.2089810017271159
chr20	79	8	1691.0	0.4730928444707274
chr20	80	18	1638.0	1.098901098901099
chr20	81	14	1594.0	0.8782936010037641
chr20	82	11	1536.0	0.7161458333333333
chr20	83	15	1492.0	1.0053619302949062
chr20	84	12	1435.0	0.8362369337979094
chr20	85	22	1394.0	1.5781922525107603
chr20	86	11	1354.0	0.8124076809453471
chr20	87	28	1292.0	2.1671826625387
chr20	88	20	1252.0	1.5974440894568689
chr20	89	5	1209.0	0.41356492969396197
chr20	90	7	1150.0	0.6086956521739131
chr20	91	13	1101.0	1.1807447774750226
chr20	92	5	1063.0	0.4703668861712135
chr20	93	14	1020.0	1.3725490196078431
chr20	94	7	978.0	0.7157464212678937
chr20	95	13	936.0	1.3888888888888888
chr20	96	5	899.0	0.5561735261401557
chr20	97	5	851.0	0.5875440658049353
chr20	98	6	791.0	0.7585335018963337
chr20	99	5	733.0	0.6821282401091405
chr20	100	3	694.0	0.43227665706051877
chr20	101	5	656.0	0.7621951219512195
chr20	102	4	615.0	0.6504065040650406
chr20	103	2	559.0	0.35778175313059035
chr20	104	4	524.0	0.7633587786259541
chr20	105	4	482.0	0.8298755186721992
chr20	106	3	436.0	0.6880733944954129
chr20	107	6	404.0	1.4851485148514851
chr20	108	0	369.0	0.0
chr20	109	2	323.0	0.6191950464396285
chr20	110	3	282.0	1.0638297872340425
chr20	111	0	246.0	0.0
chr20	112	0	194.0	0.0
chr20	113	0	157.0	0.0
chr20	114	2	125.0	1.6
chr20	115	1	88.0	1.1363636363636365
chr20	116	1	59.0	1.694915254237288
chr20	117	0	33.0	0.0
chr20	118	0	10.0	0.0
chr20	119	0	0.0	nan
chr20	120	0	0.0	nan
chr20	121	0	0.0	nan
chr20	122	0	0.0	nan
chr20	123	0	0.0	nan
chr20	124	0	0.0	nan
chr20	125	0	0.0	nan
chr20	126	0	0.0	nan
chr20	127	0	0.0	nan
chr20	128	0	0.0	nan
chr20	129	0	0.0	nan
chr20	130	0	0.0	nan
chr20	131	0	0.0	nan
chr20	132	0	0.0	nan
chr20	133	0	0.0	nan
chr20	134	0	0.0	nan
chr20	135	0	0.0	nan
chr21	-130	0	4.0	0.0
chr21	-129	0	7.0	0.0
chr21	-128	0	12.0	0.0
chr21	-127	0	17.0	0.0
chr21	-126	0	25.0	0.0
chr21	-125	0	31.0	0.0
chr21	-124	0	35.0	0.0
chr21	-123	2	42.0	4.761904761904762
chr21	-122	0	49.0	0.0
chr21	-121	0	53.0	0.0
chr21	-120	0	61.0	0.0
chr21	-119	0	65.0	0.0
chr21	-118	0	70.0	0.0
chr21	-117	0	79.0	0.0
chr21	-116	0	83.0	0.0
chr21	-115	0	93.0	0.0
chr21	-114	0	99.0	0.0
chr21	-113	0	103.0	0.0
chr21	-112	0	110.0	0.0
chr21	-111	0	116.0	0.0
chr21	-110	0	120.0	0.0
chr21	-109	0	126.0	0.0
chr21	-108	0	132.0	0.0
chr21	-107	1	141.0	0.7092198581560284
chr21	-106	2	145.0	1.3793103448275863
chr21	-105	11	151.0	7.28476821192053
chr21	-104	0	156.0	0.0
chr21	-103	0	158.0	0.0
chr21	-102	5	171.0	2.923976608187134
chr21	-101	1	179.0	0.5586592178770949
chr21	-100	0	186.0	0.0
chr21	-99	0	197.0	0.0
chr21	-98	0	200.0	0.0
chr21	-97	0	209.0	0.0
chr21	-96	1	220.0	0.45454545454545453
chr21	-95	0	223.0	0.0
chr21	-94	0	236.0	0.0
chr21	-93	7	241.0	2.904564315352697
chr21	-92	7	247.0	2.834008097165992
chr21	-91	0	251.0	0.0
chr21	-90	1	262.0	0.38167938931297707
chr21	-89	5	270.0	1.8518518518518516
chr21	-88	0	279.0	0.0
chr21	-87	1	284.0	0.35211267605633806
chr21	-86	0	293.0	0.0
chr21	-85	0	307.0	0.0
chr21	-84	0	311.0	0.0
chr21	-83	0	316.0	0.0
chr21	-82	0	318.0	0.0
chr21	-81	1	324.0	0.30864197530864196
chr21	-80	1	327.0	0.3058103975535168
chr21	-79	1	335.0	0.2985074626865672
chr21	-78	0	340.0	0.0
chr21	-77	2	350.0	0.5714285714285714
chr21	-76	0	353.0	0.0
chr21	-75	0	368.0	0.0
chr21	-74	1	374.0	0.267379679144385
chr21	-73	1	382.0	0.2617801047120419
chr21	-72	11	385.0	2.857142857142857
chr21	-71	0	390.0	0.0
chr21	-70	1	399.0	0.2506265664160401
chr21	-69	0	405.0	0.0
chr21	-68	0	413.0	0.0
chr21	-67	0	414.0	0.0
chr21	-66	0	419.0	0.0
chr21	-65	0	425.0	0.0
chr21	-64	1	429.0	0.2331002331002331
chr21	-63	0	434.0	0.0
chr21	-62	1	443.0	0.2257336343115124
chr21	-61	2	453.0	0.44150110375275936
chr21	-60	1	457.0	0.2188183807439825
chr21	-59	0	464.0	0.0
chr21	-58	1	472.0	0.211864406779661
chr21	-57	1	474.0	0.21097046413502107
chr21	-56	0	474.0	0.0
chr21	-55	2	480.0	0.4166666666666667
chr21	-54	1	485.0	0.2061855670103093
chr21	-53	0	491.0	0.0
chr21	-52	1	496.0	0.20161290322580644
chr21	-51	2	507.0	0.39447731755424065
chr21	-50	1	512.0	0.1953125
chr21	-49	0	524.0	0.0
chr21	-48	1	528.0	0.1893939393939394
chr21	-47	0	533.0	0.0
chr21	-46	4	536.0	0.7462686567164178
chr21	-45	0	546.0	0.0
chr21	-44	1	551.0	0.18148820326678766
chr21	-43	0	557.0	0.0
chr21	-42	2	560.0	0.35714285714285715
chr21	-41	2	577.0	0.34662045060658575
chr21	-40	0	587.0	0.0
chr21	-39	3	598.0	0.5016722408026756
chr21	-38	0	606.0	0.0
chr21	-37	3	615.0	0.4878048780487805
chr21	-36	0	610.0	0.0
chr21	-35	1	617.0	0.1620745542949757
chr21	-34	1	629.0	0.1589825119236884
chr21	-33	0	633.0	0.0
chr21	-32	1	642.0	0.1557632398753894
chr21	-31	4	645.0	0.6201550387596899
chr21	-30	0	649.0	0.0
chr21	-29	1	653.0	0.1531393568147014
chr21	-28	2	663.0	0.301659125188537
chr21	-27	2	669.0	0.29895366218236175
chr21	-26	0	666.0	0.0
chr21	-25	2	675.0	0.2962962962962963
chr21	-24	5	691.0	0.723589001447178
chr21	-23	2	701.0	0.28530670470756064
chr21	-22	3	707.0	0.4243281471004243
chr21	-21	2	720.0	0.2777777777777778
chr21	-20	4	729.0	0.5486968449931412
chr21	-19	4	738.0	0.5420054200542005
chr21	-18	1	745.0	0.1342281879194631
chr21	-17	6	753.0	0.796812749003984
chr21	-16	13	759.0	1.7127799736495388
chr21	-15	2	765.0	0.261437908496732
chr21	-14	5	779.0	0.6418485237483954
chr21	-13	2	782.0	0.2557544757033248
chr21	-12	3	784.0	0.3826530612244898
chr21	-11	5	792.0	0.6313131313131313
chr21	-10	4	800.0	0.5
chr21	-9	6	800.0	0.75
chr21	-8	3	800.0	0.375
chr21	-7	4	800.0	0.5
chr21	-6	4	800.0	0.5
chr21	-5	4	800.0	0.5
chr21	-4	1	799.0	0.1251564455569462
chr21	-3	2	799.0	0.2503128911138924
chr21	-2	3	799.0	0.37546933667083854
chr21	-1	7	798.0	0.8771929824561403
chr21	0	9	777.0	1.1583011583011582
chr21	1	3	772.0	0.38860103626943004
chr21	2	3	763.0	0.39318479685452157
chr21	3	4	758.0	0.5277044854881267
chr21	4	4	754.0	0.5305039787798408
chr21	5	5	751.0	0.6657789613848202
chr21	6	4	740.0	0.5405405405405406
chr21	7	2	732.0	0.273224043715847
chr21	8	5	729.0	0.6858710562414266
chr21	9	5	720.0	0.6944444444444444
chr21	10	5	710.0	0.7042253521126761
chr21	11	4	707.0	0.5657708628005658
chr21	12	8	697.0	1.1477761836441895
chr21	13	6	690.0	0.8695652173913043
chr21	14	3	680.0	0.4411764705882353
chr21	15	24	674.0	3.5608308605341246
chr21	16	2	671.0	0.29806259314456035
chr21	17	4	668.0	0.5988023952095809
chr21	18	2	662.0	0.3021148036253776
chr21	19	5	660.0	0.7575757575757576
chr21	20	7	654.0	1.0703363914373087
chr21	21	9	648.0	1.3888888888888888
chr21	22	1	639.0	0.1564945226917058
chr21	23	1	635.0	0.15748031496062992
chr21	24	2	627.0	0.3189792663476874
chr21	25	1	617.0	0.1620745542949757
chr21	26	2	618.0	0.3236245954692557
chr21	27	2	609.0	0.3284072249589491
chr21	28	5	603.0	0.8291873963515755
chr21	29	4	596.0	0.6711409395973155
chr21	30	1	580.0	0.1724137931034483
chr21	31	5	572.0	0.8741258741258742
chr21	32	0	567.0	0.0
chr21	33	0	556.0	0.0
chr21	34	7	541.0	1.2939001848428837
chr21	35	2	533.0	0.37523452157598497
chr21	36	6	537.0	1.1173184357541899
chr21	37	4	530.0	0.7547169811320755
chr21	38	4	521.0	0.7677543186180422
chr21	39	5	511.0	0.9784735812133072
chr21	40	1	500.0	0.2
chr21	41	3	491.0	0.6109979633401221
chr21	42	4	488.0	0.819672131147541
chr21	43	2	483.0	0.4140786749482402
chr21	44	2	471.0	0.42462845010615713
chr21	45	2	469.0	0.42643923240938164
chr21	46	3	463.0	0.6479481641468683
chr21	47	4	462.0	0.8658008658008658
chr21	48	1	457.0	0.2188183807439825
chr21	49	8	447.0	1.7897091722595078
chr21	50	4	439.0	0.9111617312072893
chr21	51	1	428.0	0.23364485981308408
chr21	52	4	425.0	0.9411764705882352
chr21	53	5	421.0	1.187648456057007
chr21	54	5	414.0	1.2077294685990339
chr21	55	4	411.0	0.9732360097323601
chr21	56	3	400.0	0.75
chr21	57	4	397.0	1.0075566750629723
chr21	58	0	392.0	0.0
chr21	59	1	385.0	0.2597402597402597
chr21	60	4	377.0	1.0610079575596816
chr21	61	6	370.0	1.6216216216216217
chr21	62	4	366.0	1.092896174863388
chr21	63	2	363.0	0.5509641873278237
chr21	64	1	357.0	0.2801120448179272
chr21	65	5	353.0	1.41643059490085
chr21	66	1	346.0	0.2890173410404624
chr21	67	1	342.0	0.29239766081871343
chr21	68	2	335.0	0.5970149253731344
chr21	69	4	327.0	1.2232415902140672
chr21	70	0	321.0	0.0
chr21	71	16	318.0	5.031446540880504
chr21	72	1	314.0	0.3184713375796179
chr21	73	5	310.0	1.6129032258064515
chr21	74	2	305.0	0.6557377049180327
chr21	75	2	298.0	0.6711409395973155
chr21	76	1	296.0	0.33783783783783783
chr21	77	2	288.0	0.6944444444444444
chr21	78	3	273.0	1.098901098901099
chr21	79	4	269.0	1.486988847583643
chr21	80	3	263.0	1.1406844106463878
chr21	81	1	260.0	0.38461538461538464
chr21	82	0	254.0	0.0
chr21	83	5	251.0	1.9920318725099602
chr21	84	2	243.0	0.823045267489712
chr21	85	1	235.0	0.425531914893617
chr21	86	3	221.0	1.3574660633484164
chr21	87	1	212.0	0.4716981132075472
chr21	88	6	201.0	2.9850746268656714
chr21	89	1	192.0	0.5208333333333333
chr21	90	2	187.0	1.06951871657754
chr21	91	7	183.0	3.825136612021858
chr21	92	4	175.0	2.2857142857142856
chr21	93	1	168.0	0.5952380952380952
chr21	94	1	160.0	0.625
chr21	95	4	156.0	2.564102564102564
chr21	96	1	145.0	0.6896551724137931
chr21	97	0	140.0	0.0
chr21	98	2	135.0	1.4814814814814816
chr21	99	0	125.0	0.0
chr21	100	0	119.0	0.0
chr21	101	4	114.0	3.508771929824561
chr21	102	1	105.0	0.9523809523809524
chr21	103	0	95.0	0.0
chr21	104	6	87.0	6.896551724137931
chr21	105	3	85.0	3.5294117647058822
chr21	106	2	81.0	2.4691358024691357
chr21	107	1	71.0	1.4084507042253522
chr21	108	0	58.0	0.0
chr21	109	0	51.0	0.0
chr21	110	0	49.0	0.0
chr21	111	0	44.0	0.0
chr21	112	0	39.0	0.0
chr21	113	0	29.0	0.0
chr21	114	1	20.0	5.0
chr21	115	0	8.0	0.0
chr21	116	0	7.0	0.0
chr21	117	1	5.0	20.0
chr21	118	0	1.0	0.0
chr21	119	0	0.0	nan
chr21	120	0	0.0	nan
chr21	121	0	0.0	nan
chr21	122	0	0.0	nan
chr21	123	0	0.0	nan
chr21	124	0	0.0	nan
chr21	125	0	0.0	nan
chr21	126	0	0.0	nan
chr21	127	0	0.0	nan
chr21	128	0	0.0	nan
chr21	129	0	0.0	nan
chr21	130	0	0.0	nan
chr21	131	0	0.0	nan
chr21	132	0	0.0	nan
chr21	133	0	0.0	nan
chr21	134	0	0.0	nan
chr21	135	0	0.0	nan
chr21	136	0	0.0	nan
chr21	137	0	0.0	nan
chr21	138	0	0.0	nan
chr21	139	0	0.0	nan
chr22	-164	0	0.0	nan
chr22	-163	0	0.0	nan
chr22	-162	0	0.0	nan
chr22	-161	0	0.0	nan
chr22	-160	0	0.0	nan
chr22	-159	0	0.0	nan
chr22	-158	0	0.0	nan
chr22	-157	0	0.0	nan
chr22	-156	0	0.0	nan
chr22	-155	0	0.0	nan
chr22	-154	0	0.0	nan
chr22	-153	0	0.0	nan
chr22	-152	0	0.0	nan
chr22	-151	0	0.0	nan
chr22	-150	0	0.0	nan
chr22	-149	0	0.0	nan
chr22	-148	0	0.0	nan
chr22	-147	0	0.0	nan
chr22	-146	0	0.0	nan
chr22	-145	0	0.0	nan
chr22	-144	0	0.0	nan
chr22	-143	0	0.0	nan
chr22	-142	0	0.0	nan
chr22	-141	0	0.0	nan
chr22	-140	0	0.0	nan
chr22	-139	0	3.0	0.0
chr22	-138	0	3.0	0.0
chr22	-137	0	3.0	0.0
chr22	-136	0	3.0	0.0
chr22	-135	0	4.0	0.0
chr22	-134	0	4.0	0.0
chr22	-133	0	6.0	0.0
chr22	-132	0	8.0	0.0
chr22	-131	0	8.0	0.0
chr22	-130	2	27.0	7.4074074074074066
chr22	-129	2	47.0	4.25531914893617
chr22	-128	1	79.0	1.2658227848101267
chr22	-127	0	96.0	0.0
chr22	-126	0	132.0	0.0
chr22	-125	0	176.0	0.0
chr22	-124	0	214.0	0.0
chr22	-123	0	250.0	0.0
chr22	-122	1	287.0	0.34843205574912894
chr22	-121	0	320.0	0.0
chr22	-120	3	358.0	0.8379888268156425
chr22	-119	2	401.0	0.4987531172069825
chr22	-118	1	436.0	0.22935779816513763
chr22	-117	5	474.0	1.0548523206751055
chr22	-116	0	522.0	0.0
chr22	-115	3	555.0	0.5405405405405406
chr22	-114	4	595.0	0.6722689075630253
chr22	-113	5	642.0	0.778816199376947
chr22	-112	0	667.0	0.0
chr22	-111	1	707.0	0.14144271570014144
chr22	-110	1	765.0	0.130718954248366
chr22	-109	0	800.0	0.0
chr22	-108	1	833.0	0.12004801920768307
chr22	-107	2	870.0	0.22988505747126436
chr22	-106	0	904.0	0.0
chr22	-105	4	940.0	0.425531914893617
chr22	-104	2	980.0	0.20408163265306123
chr22	-103	1	1013.0	0.09871668311944717
chr22	-102	0	1051.0	0.0
chr22	-101	1	1101.0	0.09082652134423251
chr22	-100	1	1142.0	0.08756567425569177
chr22	-99	0	1190.0	0.0
chr22	-98	0	1238.0	0.0
chr22	-97	2	1283.0	0.1558846453624318
chr22	-96	6	1336.0	0.4491017964071856
chr22	-95	6	1382.0	0.43415340086830684
chr22	-94	8	1444.0	0.554016620498615
chr22	-93	3	1496.0	0.2005347593582888
chr22	-92	8	1556.0	0.5141388174807198
chr22	-91	2	1616.0	0.12376237623762376
chr22	-90	9	1679.0	0.5360333531864204
chr22	-89	1	1733.0	0.05770340450086555
chr22	-88	3	1792.0	0.16741071428571427
chr22	-87	22	1850.0	1.1891891891891893
chr22	-86	0	1913.0	0.0
chr22	-85	8	1972.0	0.4056795131845842
chr22	-84	8	2017.0	0.39662865642042633
chr22	-83	2	2057.0	0.09722897423432182
chr22	-82	8	2104.0	0.38022813688212925
chr22	-81	4	2168.0	0.18450184501845018
chr22	-80	1	2195.0	0.04555808656036447
chr22	-79	4	2255.0	0.17738359201773835
chr22	-78	2	2334.0	0.08568980291345331
chr22	-77	6	2368.0	0.2533783783783784
chr22	-76	3	2414.0	0.12427506213753108
chr22	-75	1	2479.0	0.04033884630899556
chr22	-74	5	2530.0	0.1976284584980237
chr22	-73	2	2590.0	0.07722007722007722
chr22	-72	3	2644.0	0.11346444780635401
chr22	-71	16	2689.0	0.5950167348456675
chr22	-70	1	2744.0	0.03644314868804665
chr22	-69	6	2802.0	0.21413276231263384
chr22	-68	5	2848.0	0.17556179775280897
chr22	-67	5	2915.0	0.17152658662092624
chr22	-66	5	2965.0	0.16863406408094433
chr22	-65	4	3006.0	0.1330671989354624
chr22	-64	6	3069.0	0.19550342130987292
chr22	-63	39	3124.0	1.2483994878361075
chr22	-62	9	3177.0	0.28328611898017
chr22	-61	9	3224.0	0.2791563275434243
chr22	-60	7	3272.0	0.2139364303178484
chr22	-59	15	3332.0	0.4501800720288115
chr22	-58	10	3387.0	0.29524653085326247
chr22	-57	15	3434.0	0.43680838672102507
chr22	-56	14	3480.0	0.40229885057471265
chr22	-55	5	3535.0	0.14144271570014144
chr22	-54	22	3595.0	0.611961057023644
chr22	-53	20	3646.0	0.5485463521667581
chr22	-52	1	3673.0	0.027225701061802342
chr22	-51	28	3730.0	0.7506702412868633
chr22	-50	18	3778.0	0.4764425622022234
chr22	-49	9	3834.0	0.2347417840375587
chr22	-48	25	3901.0	0.640861317610869
chr22	-47	13	3952.0	0.3289473684210526
chr22	-46	11	4036.0	0.27254707631318137
chr22	-45	16	4091.0	0.3911024199462234
chr22	-44	10	4161.0	0.2403268445085316
chr22	-43	11	4217.0	0.2608489447474508
chr22	-42	26	4284.0	0.6069094304388423
chr22	-41	17	4325.0	0.39306358381502887
chr22	-40	17	4369.0	0.38910505836575876
chr22	-39	11	4423.0	0.24869997739091115
chr22	-38	9	4483.0	0.20075842070042382
chr22	-37	11	4539.0	0.24234412866270105
chr22	-36	60	4585.0	1.3086150490730644
chr22	-35	14	4655.0	0.30075187969924816
chr22	-34	32	4716.0	0.6785411365564037
chr22	-33	21	4774.0	0.43988269794721413
chr22	-32	51	4820.0	1.058091286307054
chr22	-31	30	4846.0	0.6190672719768882
chr22	-30	15	4896.0	0.30637254901960786
chr22	-29	51	4942.0	1.0319708619991905
chr22	-28	20	5010.0	0.39920159680638717
chr22	-27	15	5064.0	0.2962085308056872
chr22	-26	9	5117.0	0.17588430721125659
chr22	-25	18	5179.0	0.3475574435219154
chr22	-24	78	5212.0	1.4965464313123562
chr22	-23	16	5281.0	0.30297292179511454
chr22	-22	27	5326.0	0.5069470521967706
chr22	-21	25	5387.0	0.4640801930573603
chr22	-20	17	5429.0	0.3131331736968134
chr22	-19	33	5491.0	0.6009834274266983
chr22	-18	18	5553.0	0.3241491085899514
chr22	-17	23	5615.0	0.40961709706144256
chr22	-16	18	5664.0	0.31779661016949157
chr22	-15	23	5722.0	0.4019573575672841
chr22	-14	13	5779.0	0.2249524139124416
chr22	-13	19	5837.0	0.32550967962994687
chr22	-12	28	5901.0	0.4744958481613286
chr22	-11	95	5947.0	1.5974440894568689
chr22	-10	19	5992.0	0.31708945260347127
chr22	-9	20	5987.0	0.3340571237681644
chr22	-8	16	5995.0	0.26688907422852376
chr22	-7	17	6001.0	0.28328611898017
chr22	-6	19	6002.0	0.31656114628457177
chr22	-5	31	6003.0	0.5164084624354489
chr22	-4	20	6003.0	0.33316674995835416
chr22	-3	26	6002.0	0.433188937020993
chr22	-2	38	6001.0	0.6332277953674388
chr22	-1	53	5991.0	0.884660323819062
chr22	0	102	5866.0	1.7388339584043642
chr22	1	45	5839.0	0.7706799109436547
chr22	2	49	5809.0	0.8435186779135825
chr22	3	44	5769.0	0.7626971745536488
chr22	4	38	5708.0	0.6657323055360898
chr22	5	54	5670.0	0.9523809523809524
chr22	6	35	5621.0	0.62266500622665
chr22	7	47	5576.0	0.8428981348637016
chr22	8	49	5524.0	0.8870383779869659
chr22	9	34	5478.0	0.6206644760861628
chr22	10	85	5448.0	1.5602055800293686
chr22	11	57	5399.0	1.0557510650120392
chr22	12	47	5343.0	0.8796556241811717
chr22	13	39	5289.0	0.737379466817924
chr22	14	44	5240.0	0.8396946564885497
chr22	15	42	5188.0	0.8095605242868157
chr22	16	62	5141.0	1.2059910523244506
chr22	17	45	5102.0	0.8820070560564485
chr22	18	65	5048.0	1.2876386687797148
chr22	19	43	4994.0	0.8610332398878654
chr22	20	57	4950.0	1.1515151515151514
chr22	21	48	4910.0	0.9775967413441956
chr22	22	48	4857.0	0.9882643607164917
chr22	23	96	4798.0	2.0008336807002918
chr22	24	32	4757.0	0.6726928736598697
chr22	25	37	4706.0	0.786230344241394
chr22	26	43	4656.0	0.9235395189003437
chr22	27	35	4581.0	0.7640253219820999
chr22	28	68	4520.0	1.5044247787610618
chr22	29	40	4445.0	0.8998875140607425
chr22	30	57	4399.0	1.2957490338713344
chr22	31	66	4343.0	1.5196868524061709
chr22	32	40	4289.0	0.932618325950105
chr22	33	49	4223.0	1.1603125739995264
chr22	34	34	4168.0	0.8157389635316697
chr22	35	59	4104.0	1.4376218323586745
chr22	36	40	4066.0	0.9837678307919331
chr22	37	36	4016.0	0.8964143426294822
chr22	38	36	3947.0	0.9120851279452749
chr22	39	33	3884.0	0.8496395468589083
chr22	40	41	3837.0	1.0685431326557204
chr22	41	55	3772.0	1.4581124072110285
chr22	42	33	3715.0	0.8882907133243608
chr22	43	40	3656.0	1.0940919037199124
chr22	44	49	3606.0	1.3588463671658346
chr22	45	43	3555.0	1.209563994374121
chr22	46	38	3505.0	1.0841654778887304
chr22	47	34	3448.0	0.9860788863109048
chr22	48	30	3387.0	0.8857395925597875
chr22	49	27	3340.0	0.8083832335329342
chr22	50	56	3268.0	1.7135862913096693
chr22	51	26	3236.0	0.8034610630407911
chr22	52	23	3210.0	0.7165109034267912
chr22	53	30	3154.0	0.9511731135066582
chr22	54	42	3110.0	1.35048231511254
chr22	55	38	3053.0	1.2446773665247297
chr22	56	39	3001.0	1.299566811062979
chr22	57	31	2954.0	1.049424509140149
chr22	58	52	2899.0	1.7937219730941705
chr22	59	29	2833.0	1.0236498411577832
chr22	60	25	2780.0	0.8992805755395683
chr22	61	24	2714.0	0.8843036109064112
chr22	62	65	2671.0	2.4335454885810557
chr22	63	23	2614.0	0.8798775822494262
chr22	64	25	2559.0	0.9769441187964049
chr22	65	16	2503.0	0.6392329204954055
chr22	66	18	2460.0	0.7317073170731708
chr22	67	23	2416.0	0.9519867549668874
chr22	68	15	2366.0	0.6339814032121724
chr22	69	17	2319.0	0.733074601121173
chr22	70	36	2274.0	1.58311345646438
chr22	71	18	2234.0	0.8057296329453895
chr22	72	25	2192.0	1.1405109489051095
chr22	73	27	2140.0	1.2616822429906542
chr22	74	21	2093.0	1.0033444816053512
chr22	75	21	2031.0	1.03397341211226
chr22	76	22	1968.0	1.1178861788617886
chr22	77	21	1922.0	1.09261186264308
chr22	78	20	1870.0	1.06951871657754
chr22	79	11	1811.0	0.6073992269464384
chr22	80	11	1751.0	0.6282124500285551
chr22	81	15	1698.0	0.88339222614841
chr22	82	12	1648.0	0.7281553398058253
chr22	83	23	1574.0	1.4612452350698857
chr22	84	18	1529.0	1.1772400261608895
chr22	85	11	1465.0	0.7508532423208191
chr22	86	29	1417.0	2.046577275935074
chr22	87	16	1373.0	1.1653313911143481
chr22	88	16	1335.0	1.198501872659176
chr22	89	19	1299.0	1.4626635873749037
chr22	90	14	1251.0	1.1191047162270185
chr22	91	18	1199.0	1.5012510425354462
chr22	92	12	1157.0	1.0371650821089022
chr22	93	11	1097.0	1.0027347310847767
chr22	94	18	1035.0	1.7391304347826086
chr22	95	14	992.0	1.411290322580645
chr22	96	11	938.0	1.1727078891257996
chr22	97	9	901.0	0.9988901220865706
chr22	98	8	859.0	0.9313154831199069
chr22	99	11	811.0	1.3563501849568433
chr22	100	5	771.0	0.648508430609598
chr22	101	7	714.0	0.9803921568627451
chr22	102	1	671.0	0.14903129657228018
chr22	103	6	634.0	0.9463722397476341
chr22	104	6	594.0	1.0101010101010102
chr22	105	3	550.0	0.5454545454545455
chr22	106	4	502.0	0.796812749003984
chr22	107	4	456.0	0.8771929824561403
chr22	108	2	412.0	0.48543689320388345
chr22	109	3	374.0	0.8021390374331552
chr22	110	2	328.0	0.6097560975609756
chr22	111	4	272.0	1.4705882352941175
chr22	112	6	239.0	2.510460251046025
chr22	113	1	194.0	0.5154639175257731
chr22	114	5	158.0	3.1645569620253164
chr22	115	2	114.0	1.7543859649122806
chr22	116	2	67.0	2.9850746268656714
chr22	117	0	44.0	0.0
chr22	118	0	13.0	0.0
chr22	119	0	0.0	nan
chr22	120	0	0.0	nan
chr22	121	0	0.0	nan
chr22	122	0	0.0	nan
chr22	123	0	0.0	nan
chr22	124	0	0.0	nan
chr22	125	0	0.0	nan
chr22	126	0	0.0	nan
chr22	127	0	0.0	nan
chr22	128	0	0.0	nan
chr22	129	0	0.0	nan
chr22	130	0	0.0	nan
chr22	131	0	0.0	nan
chr22	132	0	0.0	nan
chr22	133	0	0.0	nan
chr22	134	0	0.0	nan
chr22	135	0	0.0	nan
chr22	136	0	0.0	nan
chr22	137	0	0.0	nan
chr22	138	0	0.0	nan
chr22	139	0	0.0	nan
chr22	140	0	0.0	nan
chr22	141	0	0.0	nan
chr22	142	0	0.0	nan
chr22	143	0	0.0	nan
chr22	144	0	0.0	nan
chr22	145	0	0.0	nan
chr22	146	0	0.0	nan
chr22	147	0	0.0	nan
chr22	148	0	0.0	nan
chr22	149	0	0.0	nan
chr22	150	0	0.0	nan
chr22	151	0	0.0	nan
chr22	152	0	0.0	nan
chr22	153	0	0.0	nan
chr22	154	0	0.0	nan
chr22	155	0	0.0	nan
chr22	156	0	0.0	nan
chr22	157	0	0.0	nan
chr22	158	0	0.0	nan
chr22	159	0	0.0	nan
chr22	160	0	0.0	nan
chr22	161	0	0.0	nan
chrX	-144	0	0.0	nan
chrX	-143	0	0.0	nan
chrX	-142	0	0.0	nan
chrX	-141	0	0.0	nan
chrX	-140	0	0.0	nan
chrX	-139	0	7.0	0.0
chrX	-138	0	10.0	0.0
chrX	-137	0	10.0	0.0
chrX	-136	0	14.0	0.0
chrX	-135	0	15.0	0.0
chrX	-134	0	17.0	0.0
chrX	-133	0	17.0	0.0
chrX	-132	0	17.0	0.0
chrX	-131	0	18.0	0.0
chrX	-130	0	55.0	0.0
chrX	-129	0	138.0	0.0
chrX	-128	0	245.0	0.0
chrX	-127	1	368.0	0.2717391304347826
chrX	-126	1	492.0	0.20325203252032523
chrX	-125	3	662.0	0.4531722054380665
chrX	-124	2	805.0	0.2484472049689441
chrX	-123	4	993.0	0.4028197381671702
chrX	-122	2	1145.0	0.17467248908296942
chrX	-121	1	1314.0	0.076103500761035
chrX	-120	4	1491.0	0.2682763246143528
chrX	-119	1	1659.0	0.06027727546714888
chrX	-118	6	1836.0	0.32679738562091504
chrX	-117	7	2038.0	0.34347399411187435
chrX	-116	3	2225.0	0.1348314606741573
chrX	-115	3	2412.0	0.12437810945273632
chrX	-114	1	2606.0	0.03837298541826554
chrX	-113	8	2796.0	0.28612303290414876
chrX	-112	9	3026.0	0.29742233972240584
chrX	-111	2	3244.0	0.06165228113440197
chrX	-110	5	3435.0	0.1455604075691412
chrX	-109	6	3669.0	0.1635322976287817
chrX	-108	15	3898.0	0.38481272447408926
chrX	-107	6	4109.0	0.14602092966658553
chrX	-106	5	4312.0	0.11595547309833025
chrX	-105	10	4505.0	0.22197558268590456
chrX	-104	11	4770.0	0.23060796645702308
chrX	-103	14	4974.0	0.2814636107760354
chrX	-102	13	5180.0	0.25096525096525096
chrX	-101	8	5405.0	0.14801110083256244
chrX	-100	15	5624.0	0.26671408250355616
chrX	-99	17	5879.0	0.2891648239496513
chrX	-98	7	6088.0	0.11498028909329829
chrX	-97	18	6286.0	0.28635062042634424
chrX	-96	7	6540.0	0.10703363914373089
chrX	-95	20	6761.0	0.29581422866439877
chrX	-94	9	6989.0	0.12877378738016884
chrX	-93	15	7214.0	0.20792902689215415
chrX	-92	9	7463.0	0.12059493501272946
chrX	-91	16	7716.0	0.20736132711249353
chrX	-90	10	7930.0	0.12610340479192939
chrX	-89	13	8155.0	0.15941140404659718
chrX	-88	15	8383.0	0.17893355600620303
chrX	-87	37	8569.0	0.43178900688528415
chrX	-86	13	8811.0	0.14754284417205765
chrX	-85	13	9044.0	0.1437417072091995
chrX	-84	21	9270.0	0.22653721682847897
chrX	-83	35	9516.0	0.36780159730979406
chrX	-82	20	9748.0	0.2051702913418137
chrX	-81	18	9944.0	0.18101367658889783
chrX	-80	18	10202.0	0.17643599294256027
chrX	-79	44	10412.0	0.42258932001536686
chrX	-78	17	10642.0	0.1597444089456869
chrX	-77	22	10895.0	0.20192748967416246
chrX	-76	23	11088.0	0.20743145743145744
chrX	-75	43	11333.0	0.3794229242036531
chrX	-74	23	11566.0	0.1988587238457548
chrX	-73	40	11825.0	0.3382663847780127
chrX	-72	14	12036.0	0.1163177135260884
chrX	-71	45	12264.0	0.3669275929549902
chrX	-70	20	12488.0	0.1601537475976938
chrX	-69	15	12715.0	0.11797090051120723
chrX	-68	23	12971.0	0.17731863387556857
chrX	-67	25	13212.0	0.18922191946715108
chrX	-66	30	13428.0	0.22341376228775692
chrX	-65	13	13659.0	0.09517534226517314
chrX	-64	31	13840.0	0.2239884393063584
chrX	-63	47	14057.0	0.33435299139218894
chrX	-62	28	14279.0	0.19609216331675888
chrX	-61	24	14540.0	0.16506189821182946
chrX	-60	23	14797.0	0.15543691288774752
chrX	-59	26	15041.0	0.17286084701815038
chrX	-58	18	15276.0	0.1178318931657502
chrX	-57	39	15533.0	0.25107834932080086
chrX	-56	31	15757.0	0.196737957733071
chrX	-55	45	16006.0	0.2811445707859553
chrX	-54	29	16286.0	0.17806705145523763
chrX	-53	31	16519.0	0.18766269144621345
chrX	-52	35	16782.0	0.20855678703372663
chrX	-51	35	17038.0	0.2054231717337716
chrX	-50	62	17274.0	0.35892092161630196
chrX	-49	32	17503.0	0.1828258012912072
chrX	-48	42	17748.0	0.23664638269100743
chrX	-47	20	17983.0	0.11121614858477451
chrX	-46	25	18225.0	0.1371742112482853
chrX	-45	51	18463.0	0.2762281319395548
chrX	-44	35	18692.0	0.18724588059062702
chrX	-43	43	18929.0	0.2271646679697818
chrX	-42	34	19188.0	0.17719407963310402
chrX	-41	27	19462.0	0.13873188778131743
chrX	-40	47	19690.0	0.23869984763839514
chrX	-39	42	19933.0	0.210705864646566
chrX	-38	58	20187.0	0.2873136176747412
chrX	-37	57	20433.0	0.2789605050653355
chrX	-36	50	20665.0	0.24195499637067508
chrX	-35	39	20890.0	0.18669219722355193
chrX	-34	40	21169.0	0.18895554820728425
chrX	-33	64	21450.0	0.29836829836829837
chrX	-32	56	21735.0	0.25764895330112725
chrX	-31	73	22011.0	0.33165235564036166
chrX	-30	58	22239.0	0.2608030936642835
chrX	-29	67	22470.0	0.29817534490431685
chrX	-28	37	22723.0	0.16283061215508515
chrX	-27	43	22968.0	0.18721699756182514
chrX	-26	46	23205.0	0.19823313940961
chrX	-25	53	23448.0	0.2260320709655408
chrX	-24	86	23699.0	0.36288450989493226
chrX	-23	51	23924.0	0.21317505433873932
chrX	-22	70	24187.0	0.2894116674246496
chrX	-21	85	24440.0	0.34779050736497547
chrX	-20	42	24697.0	0.1700611410292748
chrX	-19	67	24934.0	0.268709392796984
chrX	-18	84	25162.0	0.3338367379381607
chrX	-17	90	25395.0	0.3544004725339634
chrX	-16	69	25657.0	0.26893245508048486
chrX	-15	84	25928.0	0.32397408207343414
chrX	-14	114	26126.0	0.43634693408864733
chrX	-13	110	26416.0	0.4164142943670503
chrX	-12	68	26650.0	0.2551594746716698
chrX	-11	89	26901.0	0.3308427196015018
chrX	-10	106	27167.0	0.3901792616041521
chrX	-9	93	27159.0	0.34242792444493536
chrX	-8	87	27164.0	0.320276836990134
chrX	-7	103	27138.0	0.379541602181443
chrX	-6	112	27125.0	0.4129032258064516
chrX	-5	59	27121.0	0.21754360089967184
chrX	-4	89	27104.0	0.32836481700118064
chrX	-3	154	27112.0	0.5680141634700502
chrX	-2	162	27075.0	0.5983379501385042
chrX	-1	265	27076.0	0.9787265474959373
chrX	0	421	26281.0	1.6019177352459952
chrX	1	214	26043.0	0.8217179280420842
chrX	2	297	25868.0	1.148136693984846
chrX	3	197	25648.0	0.7680910792264504
chrX	4	170	25421.0	0.668738444593053
chrX	5	196	25169.0	0.7787357463546426
chrX	6	218	24958.0	0.8734674252744611
chrX	7	194	24735.0	0.7843137254901961
chrX	8	210	24504.0	0.8570029382957884
chrX	9	219	24280.0	0.901976935749588
chrX	10	197	24052.0	0.8190587061367037
chrX	11	235	23826.0	0.9863174683119282
chrX	12	177	23548.0	0.7516561916086292
chrX	13	179	23287.0	0.7686692145832439
chrX	14	206	23060.0	0.8933217692974847
chrX	15	150	22811.0	0.6575774845469291
chrX	16	182	22560.0	0.8067375886524822
chrX	17	204	22292.0	0.9151265027812667
chrX	18	172	22037.0	0.7805055134546445
chrX	19	161	21820.0	0.7378551787351054
chrX	20	213	21564.0	0.9877573734001113
chrX	21	140	21306.0	0.6570918989955882
chrX	22	159	21049.0	0.7553803031022851
chrX	23	157	20796.0	0.754952875552991
chrX	24	141	20555.0	0.6859644855266358
chrX	25	158	20312.0	0.7778653012997243
chrX	26	133	20049.0	0.6633747319068283
chrX	27	136	19843.0	0.6853802348435216
chrX	28	157	19603.0	0.8008978217619752
chrX	29	132	19358.0	0.6818886248579399
chrX	30	155	19126.0	0.8104151416919376
chrX	31	121	18902.0	0.6401439001163898
chrX	32	172	18693.0	0.920130530144974
chrX	33	123	18420.0	0.6677524429967427
chrX	34	152	18185.0	0.8358537255980203
chrX	35	134	17979.0	0.7453139774180989
chrX	36	156	17704.0	0.8811568007230005
chrX	37	150	17448.0	0.859697386519945
chrX	38	149	17206.0	0.8659769847727536
chrX	39	128	16980.0	0.7538280329799765
chrX	40	131	16779.0	0.7807378270457119
chrX	41	114	16562.0	0.6883226663446443
chrX	42	150	16336.0	0.9182174338883446
chrX	43	127	16105.0	0.7885749767153057
chrX	44	145	15863.0	0.9140767824497258
chrX	45	115	15621.0	0.7361884642468471
chrX	46	127	15380.0	0.8257477243172952
chrX	47	145	15134.0	0.9581075723536407
chrX	48	104	14908.0	0.697612020391736
chrX	49	113	14650.0	0.7713310580204779
chrX	50	134	14395.0	0.9308787773532476
chrX	51	135	14149.0	0.9541310339953355
chrX	52	107	13909.0	0.769286073765188
chrX	53	108	13699.0	0.788378713774728
chrX	54	106	13489.0	0.7858254874342055
chrX	55	111	13224.0	0.8393829401088929
chrX	56	106	12980.0	0.8166409861325115
chrX	57	84	12791.0	0.6567117504495348
chrX	58	99	12573.0	0.7874015748031495
chrX	59	102	12348.0	0.8260447035957239
chrX	60	103	12096.0	0.8515211640211641
chrX	61	80	11863.0	0.6743656747871534
chrX	62	111	11636.0	0.9539360605018907
chrX	63	71	11418.0	0.6218251882991768
chrX	64	69	11204.0	0.6158514816137094
chrX	65	75	10998.0	0.6819421713038734
chrX	66	95	10796.0	0.8799555390885514
chrX	67	87	10557.0	0.8240977550440466
chrX	68	63	10330.0	0.6098741529525654
chrX	69	69	10095.0	0.6835066864784547
chrX	70	85	9823.0	0.8653160948793648
chrX	71	59	9586.0	0.6154809096599207
chrX	72	70	9359.0	0.7479431563201197
chrX	73	67	9151.0	0.7321604196262704
chrX	74	78	8930.0	0.8734602463605823
chrX	75	64	8693.0	0.7362245484872887
chrX	76	78	8419.0	0.9264758284831929
chrX	77	57	8183.0	0.6965660515703288
chrX	78	69	7961.0	0.8667252857681196
chrX	79	70	7743.0	0.9040423608420509
chrX	80	49	7529.0	0.650816841546022
chrX	81	42	7329.0	0.5730659025787965
chrX	82	44	7064.0	0.622876557191393
chrX	83	32	6833.0	0.4683155275867115
chrX	84	58	6613.0	0.8770603357024044
chrX	85	30	6398.0	0.4688965301656768
chrX	86	50	6165.0	0.8110300081103
chrX	87	58	5934.0	0.977418267610381
chrX	88	37	5744.0	0.6441504178272981
chrX	89	37	5557.0	0.6658268850098974
chrX	90	34	5344.0	0.6362275449101796
chrX	91	36	5123.0	0.7027132539527621
chrX	92	36	4928.0	0.7305194805194805
chrX	93	29	4715.0	0.6150583244962884
chrX	94	23	4476.0	0.5138516532618409
chrX	95	25	4227.0	0.5914360066240832
chrX	96	31	4011.0	0.7728745948641236
chrX	97	25	3784.0	0.6606765327695561
chrX	98	25	3551.0	0.7040270346381301
chrX	99	30	3359.0	0.8931229532598988
chrX	100	25	3171.0	0.7883948281299276
chrX	101	16	2960.0	0.5405405405405406
chrX	102	15	2727.0	0.5500550055005501
chrX	103	18	2534.0	0.7103393843725335
chrX	104	14	2327.0	0.6016330038676407
chrX	105	10	2125.0	0.4705882352941176
chrX	106	20	1965.0	1.0178117048346056
chrX	107	17	1777.0	0.9566685424873381
chrX	108	7	1606.0	0.43586550435865506
chrX	109	6	1403.0	0.42765502494654317
chrX	110	3	1216.0	0.24671052631578946
chrX	111	10	1031.0	0.9699321047526674
chrX	112	5	870.0	0.5747126436781609
chrX	113	7	696.0	1.0057471264367817
chrX	114	7	559.0	1.2522361359570662
chrX	115	2	428.0	0.46728971962616817
chrX	116	3	286.0	1.048951048951049
chrX	117	2	148.0	1.3513513513513513
chrX	118	0	72.0	0.0
chrX	119	0	0.0	nan
chrX	120	0	0.0	nan
chrX	121	0	0.0	nan
chrX	122	0	0.0	nan
chrX	123	0	0.0	nan
chrX	124	0	0.0	nan
chrX	125	0	0.0	nan
chrX	126	0	0.0	nan
chrX	127	0	0.0	nan
chrX	128	0	0.0	nan
chrX	129	0	0.0	nan
chrX	130	0	0.0	nan
chrX	131	0	0.0	nan
chrX	132	0	0.0	nan
chrX	133	0	0.0	nan
chrX	134	0	0.0	nan
chrX	135	0	0.0	nan
chrX	136	0	0.0	nan
chrX	137	0	0.0	nan
chrX	138	0	0.0	nan
chrX	139	0	0.0	nan
chrX	140	0	0.0	nan
chrX	141	0	0.0	nan
chrX	142	0	0.0	nan
