chr1	-149	0	0.0	nan
chr1	-148	0	0.0	nan
chr1	-147	0	0.0	nan
chr1	-146	0	0.0	nan
chr1	-145	0	0.0	nan
chr1	-144	0	0.0	nan
chr1	-143	0	0.0	nan
chr1	-142	0	0.0	nan
chr1	-141	0	0.0	nan
chr1	-140	0	0.0	nan
chr1	-139	0	14.0	0.0
chr1	-138	0	18.0	0.0
chr1	-137	0	28.0	0.0
chr1	-136	0	33.0	0.0
chr1	-135	0	40.0	0.0
chr1	-134	0	73.0	0.0
chr1	-133	3	913.0	0.32858707557502737
chr1	-132	5	1989.0	0.2513826043237808
chr1	-131	15	3269.0	0.4588559192413582
chr1	-130	11	4511.0	0.2438483706495234
chr1	-129	10	5940.0	0.16835016835016833
chr1	-128	23	7286.0	0.315673895141367
chr1	-127	22	8579.0	0.25644014453899056
chr1	-126	21	9885.0	0.21244309559939303
chr1	-125	25	11237.0	0.22247930942422356
chr1	-124	38	12624.0	0.3010139416983523
chr1	-123	15	13931.0	0.10767353384538081
chr1	-122	33	15322.0	0.21537658269155463
chr1	-121	16	16711.0	0.09574531745556819
chr1	-120	31	18022.0	0.17201198535123738
chr1	-119	58	19381.0	0.2992621639750271
chr1	-118	22	20760.0	0.10597302504816955
chr1	-117	56	22046.0	0.25401433366597115
chr1	-116	22	23382.0	0.09408947053288855
chr1	-115	60	24732.0	0.24260067928190196
chr1	-114	42	26086.0	0.16100590354979682
chr1	-113	55	27399.0	0.2007372531844228
chr1	-112	46	28763.0	0.15992768487292702
chr1	-111	54	30033.0	0.17980221756068324
chr1	-110	54	31339.0	0.17230926321835413
chr1	-109	77	32656.0	0.23579127878490935
chr1	-108	89	33988.0	0.2618571260444863
chr1	-107	73	35263.0	0.20701585230978647
chr1	-106	92	36550.0	0.25170998632010944
chr1	-105	52	37833.0	0.13744614489995508
chr1	-104	91	39207.0	0.23210141046241742
chr1	-103	69	40474.0	0.17047981420170974
chr1	-102	50	41788.0	0.11965157461472194
chr1	-101	98	43128.0	0.22723056946763123
chr1	-100	85	44473.0	0.191127200773503
chr1	-99	92	45811.0	0.20082512933574906
chr1	-98	88	47170.0	0.18655925376298493
chr1	-97	82	48461.0	0.16920822929778584
chr1	-96	73	49769.0	0.1466776507464486
chr1	-95	92	51057.0	0.18019076718177723
chr1	-94	80	52373.0	0.15275046302484105
chr1	-93	104	53694.0	0.19369017022386115
chr1	-92	82	55002.0	0.14908548780044362
chr1	-91	90	56259.0	0.15997440409534475
chr1	-90	132	57529.0	0.22944949503728554
chr1	-89	110	58836.0	0.18696036440274663
chr1	-88	104	60211.0	0.1727259138695587
chr1	-87	112	61525.0	0.18203982121088988
chr1	-86	135	62770.0	0.21507089373904734
chr1	-85	134	64092.0	0.2090744554702615
chr1	-84	110	65466.0	0.1680261509791342
chr1	-83	106	66718.0	0.1588776641985671
chr1	-82	214	68077.0	0.31434992728821776
chr1	-81	130	69460.0	0.18715807659084366
chr1	-80	105	70767.0	0.1483742422315486
chr1	-79	100	72128.0	0.138642413487134
chr1	-78	151	73505.0	0.20542820216311813
chr1	-77	211	74800.0	0.2820855614973262
chr1	-76	120	76219.0	0.15744105800390978
chr1	-75	145	77547.0	0.18698337782248187
chr1	-74	160	78768.0	0.20312817387771687
chr1	-73	224	80037.0	0.27987055986606196
chr1	-72	152	81393.0	0.186748246163675
chr1	-71	187	82762.0	0.22594910707812765
chr1	-70	158	84105.0	0.1878604125795137
chr1	-69	233	85368.0	0.2729359947521319
chr1	-68	121	86598.0	0.13972609067184
chr1	-67	221	87924.0	0.251353441608662
chr1	-66	204	89322.0	0.22838718344864645
chr1	-65	128	90701.0	0.1411230306170825
chr1	-64	156	91985.0	0.1695928684024569
chr1	-63	164	93259.0	0.17585434113597614
chr1	-62	252	94614.0	0.2663453611516266
chr1	-61	290	95955.0	0.302225001302694
chr1	-60	152	97223.0	0.15634160641000586
chr1	-59	156	98585.0	0.15823908302480094
chr1	-58	234	99924.0	0.23417797526119855
chr1	-57	189	101256.0	0.1866556055937426
chr1	-56	230	102586.0	0.22420213284463766
chr1	-55	193	103987.0	0.1856001230923096
chr1	-54	263	105288.0	0.2497910493123623
chr1	-53	285	106640.0	0.2672543135783946
chr1	-52	256	108060.0	0.23690542291319636
chr1	-51	189	109412.0	0.17274156399663657
chr1	-50	300	110797.0	0.2707654539382835
chr1	-49	241	112232.0	0.21473376577090314
chr1	-48	252	113574.0	0.2218817687146706
chr1	-47	280	114892.0	0.24370713365595517
chr1	-46	198	116100.0	0.17054263565891473
chr1	-45	394	117402.0	0.3355990528270387
chr1	-44	185	118704.0	0.1558498449925866
chr1	-43	271	120073.0	0.22569603491209514
chr1	-42	217	121560.0	0.17851266864100032
chr1	-41	260	122945.0	0.21147667656269062
chr1	-40	282	124465.0	0.22656971839472945
chr1	-39	376	125771.0	0.2989560391505196
chr1	-38	408	127127.0	0.32093890361606897
chr1	-37	359	128523.0	0.27932743555628176
chr1	-36	410	129780.0	0.3159192479580829
chr1	-35	324	131305.0	0.24675374128936448
chr1	-34	373	132737.0	0.28100680292608693
chr1	-33	237	134114.0	0.176715331732705
chr1	-32	327	135453.0	0.24141215033997035
chr1	-31	380	136867.0	0.27764179824208907
chr1	-30	348	138291.0	0.25164327396576786
chr1	-29	456	139663.0	0.3265002183828215
chr1	-28	340	141123.0	0.24092458351934126
chr1	-27	322	142558.0	0.22587297801596545
chr1	-26	366	144029.0	0.25411549063035915
chr1	-25	407	145537.0	0.27965397115510143
chr1	-24	398	147023.0	0.27070594396795056
chr1	-23	369	148513.0	0.24846309750661558
chr1	-22	426	149967.0	0.2840624937486247
chr1	-21	402	151451.0	0.26543238407141584
chr1	-20	484	153033.0	0.3162716538262989
chr1	-19	407	154597.0	0.26326513451101896
chr1	-18	433	156225.0	0.27716434629540726
chr1	-17	352	157696.0	0.2232142857142857
chr1	-16	446	159333.0	0.2799169035918485
chr1	-15	477	161015.0	0.2962456913952116
chr1	-14	547	162741.0	0.3361168974013924
chr1	-13	436	164423.0	0.26516971469928174
chr1	-12	489	166273.0	0.29409465156700126
chr1	-11	608	167945.0	0.362023281431421
chr1	-10	666	169726.0	0.3923971577719383
chr1	-9	711	169735.0	0.41888826700444814
chr1	-8	581	169762.0	0.34224384726852886
chr1	-7	699	169792.0	0.4116801733886167
chr1	-6	653	169833.0	0.3844953572038414
chr1	-5	721	169806.0	0.42460219309093905
chr1	-4	696	169742.0	0.4100340516784296
chr1	-3	510	169729.0	0.3004789988746767
chr1	-2	526	169747.0	0.3098729285348195
chr1	-1	1542	169627.0	0.9090533936224776
chr1	0	2250	166601.0	1.3505321096512026
chr1	1	727	165307.0	0.4397877887808744
chr1	2	785	163966.0	0.4787577912494054
chr1	3	924	162549.0	0.5684439768931214
chr1	4	815	161261.0	0.5053918802438283
chr1	5	836	159994.0	0.5225195944847932
chr1	6	844	158669.0	0.5319249506834983
chr1	7	721	157207.0	0.4586309769921187
chr1	8	792	155853.0	0.508171161286597
chr1	9	750	154473.0	0.4855217416635917
chr1	10	734	153031.0	0.47964137985114125
chr1	11	618	151762.0	0.40721656277592544
chr1	12	560	150379.0	0.3723924218142161
chr1	13	776	149029.0	0.5207040240490106
chr1	14	656	147645.0	0.4443089843882285
chr1	15	688	146293.0	0.47028907739946546
chr1	16	548	144966.0	0.37801967357863225
chr1	17	639	143580.0	0.4450480568324279
chr1	18	686	142233.0	0.482307200157488
chr1	19	676	140936.0	0.4796503377419538
chr1	20	575	139515.0	0.41214206357739314
chr1	21	685	138155.0	0.49581991241721257
chr1	22	540	136876.0	0.3945176656243607
chr1	23	616	135570.0	0.4543778122003393
chr1	24	609	134236.0	0.45367859590571835
chr1	25	637	132958.0	0.4790986627356007
chr1	26	595	131679.0	0.4518564083870625
chr1	27	609	130310.0	0.4673470953879211
chr1	28	711	129005.0	0.5511414286267974
chr1	29	550	127696.0	0.43071043728856034
chr1	30	618	126370.0	0.4890401202817124
chr1	31	648	125023.0	0.5183046319477217
chr1	32	469	123683.0	0.3791952006338785
chr1	33	645	122318.0	0.5273140502624307
chr1	34	636	120999.0	0.5256241787122208
chr1	35	689	119709.0	0.5755624055000041
chr1	36	591	118424.0	0.49905424576099433
chr1	37	680	117026.0	0.5810674550954489
chr1	38	650	115761.0	0.561501714739852
chr1	39	554	114467.0	0.48398228310342717
chr1	40	533	113150.0	0.47105612019443216
chr1	41	517	111906.0	0.46199488856719034
chr1	42	579	110615.0	0.5234371468607332
chr1	43	488	109236.0	0.4467391702369182
chr1	44	573	107884.0	0.5311260242482667
chr1	45	535	106566.0	0.5020362967550626
chr1	46	522	105308.0	0.49568883655562734
chr1	47	517	103964.0	0.4972875226039783
chr1	48	506	102658.0	0.4928987511932825
chr1	49	551	101365.0	0.5435801312089972
chr1	50	449	99997.0	0.4490134704041121
chr1	51	489	98576.0	0.4960639506573608
chr1	52	558	97208.0	0.5740268290675665
chr1	53	598	95886.0	0.623657259662516
chr1	54	404	94503.0	0.4274996560955737
chr1	55	473	93150.0	0.5077831454643048
chr1	56	460	91818.0	0.5009910910714674
chr1	57	465	90522.0	0.513687280440114
chr1	58	448	89239.0	0.5020226582547989
chr1	59	430	87983.0	0.48873077753656957
chr1	60	545	86653.0	0.6289453336872354
chr1	61	495	85287.0	0.5803932604031095
chr1	62	430	83985.0	0.5119961897957969
chr1	63	415	82806.0	0.5011714126995628
chr1	64	382	81493.0	0.46875191734259386
chr1	65	424	80110.0	0.5292722506553489
chr1	66	415	78754.0	0.5269573608959545
chr1	67	394	77431.0	0.5088401286306518
chr1	68	405	76204.0	0.5314681644008189
chr1	69	376	74843.0	0.5023849925844769
chr1	70	421	73470.0	0.5730230025860895
chr1	71	393	72163.0	0.5446004184970137
chr1	72	467	70863.0	0.6590181053582265
chr1	73	370	69594.0	0.5316550277322757
chr1	74	379	68236.0	0.55542528870391
chr1	75	359	66814.0	0.5373125392881731
chr1	76	413	65436.0	0.6311510483525888
chr1	77	397	64089.0	0.6194510758476494
chr1	78	294	62789.0	0.4682348819060663
chr1	79	339	61352.0	0.552549224149172
chr1	80	339	60055.0	0.5644825576554825
chr1	81	348	58740.0	0.5924412665985699
chr1	82	332	57386.0	0.5785383194507371
chr1	83	311	56054.0	0.5548221357976237
chr1	84	353	54692.0	0.6454326044028377
chr1	85	320	53332.0	0.6000150003750094
chr1	86	284	52029.0	0.5458494301255069
chr1	87	265	50720.0	0.5224763406940063
chr1	88	271	49416.0	0.5484053747774
chr1	89	288	48026.0	0.5996751759463623
chr1	90	286	46647.0	0.6131155272579158
chr1	91	266	45278.0	0.5874817792305314
chr1	92	252	43833.0	0.5749093148997331
chr1	93	219	42453.0	0.5158646032082538
chr1	94	254	41083.0	0.6182605944064455
chr1	95	174	39786.0	0.43733976775750266
chr1	96	234	38450.0	0.6085825747724317
chr1	97	206	36946.0	0.5575705083094246
chr1	98	192	35530.0	0.5403884041654939
chr1	99	225	34160.0	0.6586651053864169
chr1	100	195	32749.0	0.5954380286420959
chr1	101	200	31335.0	0.6382639221318015
chr1	102	161	29900.0	0.5384615384615384
chr1	103	182	28587.0	0.6366530241018644
chr1	104	131	27221.0	0.4812460967635282
chr1	105	145	25772.0	0.5626261058513115
chr1	106	154	24250.0	0.6350515463917527
chr1	107	154	22738.0	0.6772803236872196
chr1	108	118	21250.0	0.5552941176470588
chr1	109	140	19812.0	0.7066424389259035
chr1	110	110	18316.0	0.6005678095654072
chr1	111	89	16768.0	0.5307729007633588
chr1	112	103	15228.0	0.6763856054636196
chr1	113	86	13616.0	0.6316098707403055
chr1	114	70	12067.0	0.5800944725283832
chr1	115	63	10524.0	0.5986316989737742
chr1	116	61	8898.0	0.6855473140031468
chr1	117	30	7259.0	0.41328006612481055
chr1	118	33	5519.0	0.5979344084073202
chr1	119	16	3871.0	0.41332988891759237
chr1	120	8	2355.0	0.3397027600849257
chr1	121	9	1028.0	0.8754863813229572
chr1	122	0	0.0	nan
chr1	123	0	0.0	nan
chr1	124	0	0.0	nan
chr1	125	0	0.0	nan
chr1	126	0	0.0	nan
chr1	127	0	0.0	nan
chr1	128	0	0.0	nan
chr1	129	0	0.0	nan
chr1	130	0	0.0	nan
chr1	131	0	0.0	nan
chr1	132	0	0.0	nan
chr1	133	0	0.0	nan
chr1	134	0	0.0	nan
chr1	135	0	0.0	nan
chr1	136	0	0.0	nan
chr1	137	0	0.0	nan
chr1	138	0	0.0	nan
chr1	139	0	0.0	nan
chr1	140	0	0.0	nan
chr1	141	0	0.0	nan
chr1	142	0	0.0	nan
chr1	143	0	0.0	nan
chr1	144	0	0.0	nan
chr1	145	0	0.0	nan
chr1	146	0	0.0	nan
chr1	147	0	0.0	nan
chr1	148	0	0.0	nan
chr1	149	0	0.0	nan
chr2	-137	0	1.0	0.0
chr2	-136	0	1.0	0.0
chr2	-135	0	7.0	0.0
chr2	-134	0	12.0	0.0
chr2	-133	3	186.0	1.6129032258064515
chr2	-132	1	460.0	0.21739130434782608
chr2	-131	1	793.0	0.12610340479192939
chr2	-130	0	1110.0	0.0
chr2	-129	3	1488.0	0.20161290322580644
chr2	-128	6	1829.0	0.3280481137233461
chr2	-127	6	2233.0	0.2686968204209583
chr2	-126	10	2602.0	0.3843197540353574
chr2	-125	5	2977.0	0.16795431642593214
chr2	-124	4	3353.0	0.11929615269907547
chr2	-123	6	3705.0	0.16194331983805668
chr2	-122	24	4079.0	0.5883795047805834
chr2	-121	9	4431.0	0.2031144211238998
chr2	-120	8	4795.0	0.16684045881126172
chr2	-119	20	5122.0	0.3904724716907458
chr2	-118	16	5492.0	0.29133284777858703
chr2	-117	25	5797.0	0.43125754700707264
chr2	-116	8	6147.0	0.1301447860745079
chr2	-115	17	6541.0	0.25989909799724814
chr2	-114	14	6898.0	0.2029573789504204
chr2	-113	6	7254.0	0.0827129859387924
chr2	-112	17	7628.0	0.22286313581541686
chr2	-111	21	7987.0	0.26292725679228746
chr2	-110	8	8362.0	0.09567089213106912
chr2	-109	18	8725.0	0.20630372492836677
chr2	-108	16	9045.0	0.17689331122166943
chr2	-107	8	9422.0	0.08490766291657822
chr2	-106	21	9757.0	0.21523009121656245
chr2	-105	35	10115.0	0.34602076124567477
chr2	-104	14	10499.0	0.13334603295551958
chr2	-103	46	10855.0	0.42376784891754954
chr2	-102	20	11209.0	0.1784280488892854
chr2	-101	22	11559.0	0.19032788303486461
chr2	-100	20	11929.0	0.16765864699471875
chr2	-99	8	12270.0	0.06519967400162999
chr2	-98	33	12663.0	0.2606017531390666
chr2	-97	27	13037.0	0.20710286108767353
chr2	-96	36	13385.0	0.268957788569294
chr2	-95	17	13752.0	0.12361838278068643
chr2	-94	14	14092.0	0.09934714731762702
chr2	-93	17	14434.0	0.11777746986282389
chr2	-92	20	14838.0	0.13478905512872355
chr2	-91	13	15207.0	0.08548694680081541
chr2	-90	42	15552.0	0.2700617283950617
chr2	-89	35	15913.0	0.2199459561364922
chr2	-88	17	16244.0	0.10465402610194534
chr2	-87	28	16576.0	0.16891891891891891
chr2	-86	31	16924.0	0.183171826991255
chr2	-85	30	17298.0	0.1734304543877905
chr2	-84	52	17659.0	0.29446741038563906
chr2	-83	18	18000.0	0.1
chr2	-82	30	18342.0	0.16355904481517827
chr2	-81	70	18750.0	0.37333333333333335
chr2	-80	27	19097.0	0.14138346337121013
chr2	-79	39	19455.0	0.20046260601387816
chr2	-78	61	19825.0	0.3076923076923077
chr2	-77	54	20167.0	0.2677641691872862
chr2	-76	49	20552.0	0.23841961852861035
chr2	-75	20	20908.0	0.09565716472163766
chr2	-74	23	21238.0	0.1082964497598644
chr2	-73	28	21591.0	0.12968366448983373
chr2	-72	41	21940.0	0.18687329079307202
chr2	-71	44	22315.0	0.19717678691463142
chr2	-70	89	22703.0	0.3920186759459102
chr2	-69	52	22989.0	0.2261951368045587
chr2	-68	108	23336.0	0.4628042509427494
chr2	-67	60	23715.0	0.2530044275774826
chr2	-66	57	24104.0	0.23647527381347494
chr2	-65	66	24523.0	0.26913509766341803
chr2	-64	53	24903.0	0.21282576396418101
chr2	-63	48	25206.0	0.19043084979766722
chr2	-62	62	25544.0	0.24271844660194172
chr2	-61	37	25896.0	0.14287920914426938
chr2	-60	39	26236.0	0.148650708949535
chr2	-59	37	26594.0	0.13912912687072274
chr2	-58	68	26970.0	0.25213199851687057
chr2	-57	28	27307.0	0.10253781081773904
chr2	-56	53	27672.0	0.1915293437409656
chr2	-55	49	28039.0	0.17475658903669888
chr2	-54	87	28382.0	0.3065323092100627
chr2	-53	68	28782.0	0.23625877284413868
chr2	-52	54	29154.0	0.18522329697468615
chr2	-51	61	29489.0	0.20685679405880159
chr2	-50	65	29837.0	0.21785032007239333
chr2	-49	45	30225.0	0.1488833746898263
chr2	-48	62	30592.0	0.2026673640167364
chr2	-47	80	30972.0	0.2582978173834431
chr2	-46	64	31302.0	0.20445977892786402
chr2	-45	65	31678.0	0.20518972157333165
chr2	-44	99	32061.0	0.30878637597080566
chr2	-43	88	32434.0	0.27132021952272306
chr2	-42	34	32794.0	0.10367750198206989
chr2	-41	82	33194.0	0.24703259625233476
chr2	-40	142	33576.0	0.42292113414343585
chr2	-39	126	33916.0	0.37150607382946105
chr2	-38	74	34265.0	0.21596381146942947
chr2	-37	111	34571.0	0.32107836047554306
chr2	-36	97	34950.0	0.27753934191702434
chr2	-35	79	35330.0	0.22360600056609112
chr2	-34	76	35676.0	0.2130283664087902
chr2	-33	86	36052.0	0.2385443248640852
chr2	-32	75	36432.0	0.20586297760210806
chr2	-31	76	36804.0	0.20649929355504837
chr2	-30	56	37134.0	0.15080519200732484
chr2	-29	71	37556.0	0.18905101714772604
chr2	-28	96	37921.0	0.25315788085757235
chr2	-27	74	38302.0	0.19320139940473083
chr2	-26	57	38672.0	0.14739346297062472
chr2	-25	74	39044.0	0.18952976129494928
chr2	-24	114	39462.0	0.28888551011099284
chr2	-23	69	39828.0	0.17324495329918652
chr2	-22	102	40225.0	0.2535736482287135
chr2	-21	156	40595.0	0.38428377879049147
chr2	-20	103	40978.0	0.2513543852799063
chr2	-19	133	41354.0	0.32161338685495966
chr2	-18	73	41798.0	0.17464950476099333
chr2	-17	96	42180.0	0.2275960170697013
chr2	-16	130	42604.0	0.30513566801239317
chr2	-15	108	42997.0	0.2511803149056911
chr2	-14	130	43460.0	0.2991256327657616
chr2	-13	128	43916.0	0.29146552509336004
chr2	-12	90	44398.0	0.20271183386639038
chr2	-11	138	44912.0	0.3072675454221589
chr2	-10	146	45335.0	0.32204698356678063
chr2	-9	162	45354.0	0.3571901045111787
chr2	-8	125	45376.0	0.27547602256699577
chr2	-7	173	45374.0	0.38127562039934765
chr2	-6	128	45355.0	0.2822180575460258
chr2	-5	239	45355.0	0.52695402932422
chr2	-4	107	45370.0	0.2358386599074278
chr2	-3	120	45372.0	0.26448029621793173
chr2	-2	252	45361.0	0.5555433081281277
chr2	-1	315	45358.0	0.6944750650381409
chr2	0	575	44592.0	1.2894689630426983
chr2	1	321	44230.0	0.7257517522043861
chr2	2	201	43906.0	0.4577962009748098
chr2	3	190	43506.0	0.43672137176481407
chr2	4	275	43181.0	0.6368541719737848
chr2	5	177	42745.0	0.41408351854018016
chr2	6	243	42404.0	0.573059145363645
chr2	7	223	42066.0	0.5301193362810821
chr2	8	198	41641.0	0.4754929036286352
chr2	9	224	41242.0	0.5431356384268464
chr2	10	178	40901.0	0.43519718344294755
chr2	11	152	40554.0	0.3748088967796025
chr2	12	202	40240.0	0.5019880715705766
chr2	13	151	39894.0	0.3785030330375495
chr2	14	161	39528.0	0.40730621331714223
chr2	15	218	39208.0	0.5560089777596409
chr2	16	152	38856.0	0.3911879761169446
chr2	17	149	38496.0	0.38705320033250207
chr2	18	195	38086.0	0.5119991597962505
chr2	19	158	37743.0	0.418620671382773
chr2	20	229	37371.0	0.6127746113296406
chr2	21	159	36999.0	0.42974134436065836
chr2	22	153	36642.0	0.41755362698542653
chr2	23	200	36260.0	0.5515719801434087
chr2	24	124	35936.0	0.3450578806767587
chr2	25	123	35567.0	0.3458261871959963
chr2	26	151	35228.0	0.42863631202452596
chr2	27	170	34855.0	0.48773490173576245
chr2	28	143	34497.0	0.4145287996057628
chr2	29	123	34107.0	0.3606297827425455
chr2	30	178	33757.0	0.5272980418876085
chr2	31	115	33387.0	0.3444454428370324
chr2	32	159	33039.0	0.48124943248887675
chr2	33	147	32680.0	0.44981640146878826
chr2	34	137	32315.0	0.4239517252050132
chr2	35	190	31958.0	0.5945303210463734
chr2	36	200	31617.0	0.6325710851756966
chr2	37	180	31237.0	0.5762397157217403
chr2	38	193	30872.0	0.6251619590567504
chr2	39	177	30526.0	0.5798335844853567
chr2	40	135	30134.0	0.4479989380765912
chr2	41	139	29763.0	0.46702281356046094
chr2	42	139	29378.0	0.4731431683572741
chr2	43	148	29056.0	0.5093612334801761
chr2	44	184	28753.0	0.6399332243591973
chr2	45	120	28404.0	0.42247570764681025
chr2	46	158	28066.0	0.5629587401125917
chr2	47	116	27709.0	0.4186365440831499
chr2	48	124	27324.0	0.4538134972917582
chr2	49	121	26928.0	0.44934640522875813
chr2	50	150	26564.0	0.5646739948802891
chr2	51	112	26178.0	0.4278401711360684
chr2	52	124	25845.0	0.4797833236602825
chr2	53	164	25511.0	0.6428599427697855
chr2	54	125	25144.0	0.49713649379573654
chr2	55	90	24782.0	0.3631668146235171
chr2	56	97	24429.0	0.3970690572680012
chr2	57	141	24070.0	0.5857914416285833
chr2	58	98	23737.0	0.41285756414037156
chr2	59	100	23351.0	0.42824718427476344
chr2	60	102	22981.0	0.44384491536486664
chr2	61	112	22599.0	0.4955971503163857
chr2	62	126	22250.0	0.5662921348314607
chr2	63	89	21913.0	0.40615159950714186
chr2	64	115	21552.0	0.5335931700074239
chr2	65	131	21185.0	0.6183620486193061
chr2	66	122	20832.0	0.5856374807987712
chr2	67	123	20436.0	0.6018790369935408
chr2	68	132	20054.0	0.6582227984442006
chr2	69	122	19736.0	0.6181597081475476
chr2	70	100	19424.0	0.514827018121911
chr2	71	93	19043.0	0.48836842934411595
chr2	72	80	18679.0	0.4282884522726056
chr2	73	82	18323.0	0.44752496861867597
chr2	74	66	17970.0	0.36727879799666113
chr2	75	104	17641.0	0.5895357406042742
chr2	76	100	17284.0	0.578569775514927
chr2	77	121	16947.0	0.7139906768159556
chr2	78	104	16580.0	0.6272617611580217
chr2	79	85	16176.0	0.5254698318496538
chr2	80	115	15804.0	0.7276638825613768
chr2	81	69	15477.0	0.4458228338825354
chr2	82	65	15125.0	0.4297520661157025
chr2	83	76	14763.0	0.5148005148005148
chr2	84	84	14377.0	0.5842665368296585
chr2	85	93	13986.0	0.6649506649506649
chr2	86	71	13630.0	0.520909757887014
chr2	87	70	13263.0	0.5277840609213602
chr2	88	79	12877.0	0.6134969325153374
chr2	89	82	12506.0	0.6556852710698865
chr2	90	48	12140.0	0.3953871499176277
chr2	91	71	11770.0	0.6032285471537808
chr2	92	59	11425.0	0.5164113785557988
chr2	93	55	11089.0	0.4959870141581748
chr2	94	48	10760.0	0.44609665427509293
chr2	95	71	10428.0	0.6808592251630227
chr2	96	53	10055.0	0.5271009448035803
chr2	97	54	9677.0	0.5580241810478453
chr2	98	39	9360.0	0.4166666666666667
chr2	99	53	8957.0	0.591715976331361
chr2	100	47	8584.0	0.5475302889095992
chr2	101	47	8254.0	0.569420886842743
chr2	102	40	7873.0	0.5080655404547186
chr2	103	56	7461.0	0.7505696287360943
chr2	104	52	7085.0	0.7339449541284404
chr2	105	48	6681.0	0.7184553210597215
chr2	106	29	6330.0	0.45813586097946285
chr2	107	35	5946.0	0.5886310124453414
chr2	108	20	5530.0	0.3616636528028933
chr2	109	30	5181.0	0.5790387955993052
chr2	110	21	4805.0	0.437044745057232
chr2	111	30	4412.0	0.6799637352674524
chr2	112	23	4032.0	0.5704365079365079
chr2	113	18	3651.0	0.4930156121610517
chr2	114	24	3194.0	0.7514088916718847
chr2	115	16	2784.0	0.5747126436781609
chr2	116	21	2355.0	0.89171974522293
chr2	117	4	1931.0	0.20714655618850336
chr2	118	18	1471.0	1.2236573759347382
chr2	119	6	1036.0	0.5791505791505791
chr2	120	1	614.0	0.16286644951140067
chr2	121	1	238.0	0.42016806722689076
chr2	122	0	0.0	nan
chr2	123	0	0.0	nan
chr2	124	0	0.0	nan
chr2	125	0	0.0	nan
chr2	126	0	0.0	nan
chr2	127	0	0.0	nan
chr2	128	0	0.0	nan
chr2	129	0	0.0	nan
chr2	130	0	0.0	nan
chr2	131	0	0.0	nan
chr2	132	0	0.0	nan
chr2	133	0	0.0	nan
chr2	134	0	0.0	nan
chr2	135	0	0.0	nan
chr2	136	0	0.0	nan
chr2	137	0	0.0	nan
chr2	138	0	0.0	nan
chr2	139	0	0.0	nan
chr3	-138	0	1.0	0.0
chr3	-137	0	1.0	0.0
chr3	-136	0	2.0	0.0
chr3	-135	0	2.0	0.0
chr3	-134	0	5.0	0.0
chr3	-133	1	185.0	0.5405405405405406
chr3	-132	3	421.0	0.7125890736342043
chr3	-131	2	690.0	0.2898550724637681
chr3	-130	1	983.0	0.10172939979654119
chr3	-129	4	1240.0	0.3225806451612903
chr3	-128	3	1495.0	0.2006688963210702
chr3	-127	3	1749.0	0.17152658662092624
chr3	-126	2	2051.0	0.09751340809361286
chr3	-125	6	2314.0	0.25929127052722556
chr3	-124	1	2577.0	0.038804811796662786
chr3	-123	1	2862.0	0.034940600978336823
chr3	-122	6	3154.0	0.19023462270133165
chr3	-121	11	3420.0	0.32163742690058483
chr3	-120	8	3710.0	0.215633423180593
chr3	-119	21	3986.0	0.5268439538384345
chr3	-118	12	4282.0	0.2802428771602055
chr3	-117	6	4539.0	0.13218770654329146
chr3	-116	6	4828.0	0.12427506213753108
chr3	-115	12	5085.0	0.2359882005899705
chr3	-114	16	5364.0	0.2982848620432513
chr3	-113	20	5619.0	0.3559352197899982
chr3	-112	21	5911.0	0.35526983589917105
chr3	-111	13	6203.0	0.20957601160728678
chr3	-110	11	6547.0	0.16801588513823124
chr3	-109	20	6870.0	0.2911208151382824
chr3	-108	7	7145.0	0.0979706088173548
chr3	-107	30	7474.0	0.4013914905004014
chr3	-106	12	7748.0	0.15487867836861124
chr3	-105	12	8030.0	0.14943960149439603
chr3	-104	29	8302.0	0.3493134184533847
chr3	-103	24	8556.0	0.2805049088359046
chr3	-102	13	8824.0	0.14732547597461468
chr3	-101	24	9116.0	0.26327336551118913
chr3	-100	22	9369.0	0.2348169495143559
chr3	-99	15	9644.0	0.1555371215263376
chr3	-98	9	9924.0	0.09068923821039904
chr3	-97	20	10196.0	0.1961553550411926
chr3	-96	17	10523.0	0.16155088852988692
chr3	-95	32	10795.0	0.29643353404353867
chr3	-94	28	11077.0	0.2527760223887334
chr3	-93	31	11359.0	0.2729113478299146
chr3	-92	29	11638.0	0.24918370854098643
chr3	-91	39	11928.0	0.3269617706237425
chr3	-90	37	12221.0	0.30275754848212094
chr3	-89	17	12456.0	0.13648041104688502
chr3	-88	20	12709.0	0.15736879376819576
chr3	-87	18	12988.0	0.13858946720049276
chr3	-86	17	13245.0	0.12835032087580217
chr3	-85	8	13539.0	0.05908855897776793
chr3	-84	16	13815.0	0.11581614187477379
chr3	-83	11	14078.0	0.0781360988776815
chr3	-82	43	14352.0	0.2996098104793757
chr3	-81	20	14631.0	0.1366960563187752
chr3	-80	30	14938.0	0.20083009773731422
chr3	-79	28	15208.0	0.1841136244082062
chr3	-78	16	15503.0	0.10320583112945882
chr3	-77	57	15779.0	0.3612396222827809
chr3	-76	43	16087.0	0.26729657487412195
chr3	-75	75	16389.0	0.4576240161083654
chr3	-74	13	16707.0	0.07781169569641468
chr3	-73	46	17039.0	0.26996889488819764
chr3	-72	49	17315.0	0.2829916257580133
chr3	-71	43	17630.0	0.24390243902439024
chr3	-70	31	17922.0	0.1729717665439125
chr3	-69	23	18238.0	0.1261103191139379
chr3	-68	19	18563.0	0.1023541453428864
chr3	-67	46	18863.0	0.2438636484122356
chr3	-66	46	19125.0	0.24052287581699344
chr3	-65	43	19403.0	0.22161521414214297
chr3	-64	20	19656.0	0.10175010175010174
chr3	-63	37	19971.0	0.18526863952731462
chr3	-62	50	20239.0	0.24704777904046646
chr3	-61	33	20514.0	0.1608657502193624
chr3	-60	50	20745.0	0.2410219329959026
chr3	-59	42	21039.0	0.1996292599458149
chr3	-58	92	21357.0	0.4307721121880414
chr3	-57	26	21684.0	0.1199040767386091
chr3	-56	17	22004.0	0.07725868023995637
chr3	-55	44	22296.0	0.1973448152134912
chr3	-54	47	22546.0	0.20846269848310123
chr3	-53	50	22825.0	0.21905805038335158
chr3	-52	83	23111.0	0.35913634200164424
chr3	-51	63	23422.0	0.26897788404064554
chr3	-50	105	23726.0	0.4425524740790694
chr3	-49	37	24038.0	0.15392295532074216
chr3	-48	78	24316.0	0.32077644349399576
chr3	-47	47	24618.0	0.19091721504590137
chr3	-46	66	24877.0	0.26530530208626446
chr3	-45	68	25127.0	0.2706252238627771
chr3	-44	52	25423.0	0.204539196790308
chr3	-43	23	25722.0	0.08941761915869684
chr3	-42	54	25997.0	0.2077162749548025
chr3	-41	23	26286.0	0.08749904892338127
chr3	-40	48	26554.0	0.18076372674549973
chr3	-39	74	26821.0	0.27590321017113456
chr3	-38	124	27116.0	0.4572945862221567
chr3	-37	89	27408.0	0.3247227086981903
chr3	-36	86	27702.0	0.31044689914085627
chr3	-35	59	27970.0	0.21094029317125493
chr3	-34	64	28301.0	0.2261404190664641
chr3	-33	50	28596.0	0.17484962931878587
chr3	-32	120	28875.0	0.4155844155844156
chr3	-31	70	29165.0	0.24001371506943253
chr3	-30	51	29441.0	0.17322781155531403
chr3	-29	47	29739.0	0.15804162883755338
chr3	-28	62	30003.0	0.20664600206646003
chr3	-27	59	30325.0	0.19455894476504534
chr3	-26	47	30628.0	0.15345435549170694
chr3	-25	105	30904.0	0.3397618431271033
chr3	-24	75	31244.0	0.24004608884905904
chr3	-23	46	31518.0	0.14594834697633097
chr3	-22	69	31801.0	0.2169743089839942
chr3	-21	65	32100.0	0.20249221183800625
chr3	-20	101	32440.0	0.31134401972872994
chr3	-19	110	32699.0	0.3364017248233891
chr3	-18	95	33031.0	0.2876086100935485
chr3	-17	91	33345.0	0.27290448343079926
chr3	-16	126	33691.0	0.3739871182214835
chr3	-15	51	34033.0	0.14985455293391708
chr3	-14	64	34386.0	0.18612225905891933
chr3	-13	175	34749.0	0.5036116147227259
chr3	-12	72	35107.0	0.20508730452616286
chr3	-11	84	35504.0	0.23659305993690852
chr3	-10	98	35904.0	0.2729500891265597
chr3	-9	95	35907.0	0.26457236750494334
chr3	-8	87	35906.0	0.24229933715813512
chr3	-7	118	35888.0	0.3288007133303611
chr3	-6	178	35887.0	0.4960013375316967
chr3	-5	96	35908.0	0.26734989417400024
chr3	-4	127	35906.0	0.35370133125382947
chr3	-3	69	35903.0	0.19218449711723257
chr3	-2	131	35908.0	0.36482120975827115
chr3	-1	113	35894.0	0.3148158466596088
chr3	0	268	35269.0	0.7598741104085741
chr3	1	171	35006.0	0.4884876878249443
chr3	2	112	34705.0	0.32272006915430057
chr3	3	145	34427.0	0.4211810497574578
chr3	4	110	34166.0	0.3219575016097875
chr3	5	212	33916.0	0.6250737115225853
chr3	6	129	33594.0	0.3839971423468477
chr3	7	156	33352.0	0.46773806668265777
chr3	8	135	33084.0	0.40805223068552776
chr3	9	93	32821.0	0.2833551689467109
chr3	10	111	32527.0	0.34125495741998957
chr3	11	118	32258.0	0.3658007316014632
chr3	12	152	31937.0	0.47593700097066105
chr3	13	91	31667.0	0.2873653961537247
chr3	14	84	31375.0	0.26772908366533865
chr3	15	147	31119.0	0.47238021787332496
chr3	16	135	30838.0	0.43777158051754334
chr3	17	130	30568.0	0.4252813399633603
chr3	18	141	30285.0	0.4655770183259039
chr3	19	125	29999.0	0.416680556018534
chr3	20	108	29708.0	0.3635384408240205
chr3	21	97	29381.0	0.33014533201729007
chr3	22	82	29058.0	0.28219423222520473
chr3	23	112	28727.0	0.38987711908657363
chr3	24	151	28461.0	0.5305505779839078
chr3	25	106	28180.0	0.376153300212917
chr3	26	96	27893.0	0.34417237299680925
chr3	27	120	27593.0	0.4348929076214982
chr3	28	96	27306.0	0.35157108327840036
chr3	29	92	27068.0	0.33988473474213093
chr3	30	97	26795.0	0.36200783728307523
chr3	31	154	26538.0	0.5802999472454593
chr3	32	94	26214.0	0.3585870145723659
chr3	33	99	25936.0	0.38170882171499076
chr3	34	94	25655.0	0.3664003118300526
chr3	35	128	25366.0	0.5046124733895766
chr3	36	126	25086.0	0.5022721836881129
chr3	37	141	24767.0	0.5693059312795252
chr3	38	96	24502.0	0.3918047506326014
chr3	39	94	24228.0	0.38798084860491994
chr3	40	65	23958.0	0.27130812254779196
chr3	41	81	23670.0	0.3422053231939164
chr3	42	97	23410.0	0.41435284066638184
chr3	43	107	23152.0	0.46216309606081546
chr3	44	105	22893.0	0.4586554842091469
chr3	45	108	22620.0	0.47745358090185674
chr3	46	107	22338.0	0.479004387142985
chr3	47	135	22057.0	0.6120505961826178
chr3	48	85	21774.0	0.39037384036006245
chr3	49	155	21512.0	0.7205280773521755
chr3	50	101	21248.0	0.47533885542168675
chr3	51	122	20961.0	0.58203329993798
chr3	52	101	20692.0	0.48811134738063017
chr3	53	98	20369.0	0.48112327556581075
chr3	54	111	20073.0	0.5529816170975939
chr3	55	72	19783.0	0.36394884496790175
chr3	56	100	19492.0	0.5130309870716191
chr3	57	136	19164.0	0.709663953245669
chr3	58	94	18860.0	0.4984093319194061
chr3	59	69	18522.0	0.37252996436669905
chr3	60	89	18247.0	0.4877514111908807
chr3	61	75	17945.0	0.4179437169127891
chr3	62	97	17651.0	0.5495439351878081
chr3	63	58	17337.0	0.33454461556209264
chr3	64	71	17016.0	0.4172543488481429
chr3	65	78	16764.0	0.4652827487473156
chr3	66	76	16476.0	0.46127700898276286
chr3	67	83	16203.0	0.5122508177497994
chr3	68	54	15927.0	0.3390469014880392
chr3	69	82	15627.0	0.5247328341972227
chr3	70	83	15327.0	0.5415280224440531
chr3	71	66	15067.0	0.4380434061193337
chr3	72	60	14818.0	0.4049129437171008
chr3	73	59	14509.0	0.40664415190571374
chr3	74	91	14207.0	0.6405293165341029
chr3	75	61	13904.0	0.4387226697353279
chr3	76	79	13591.0	0.5812670149363549
chr3	77	35	13309.0	0.2629799383875573
chr3	78	63	13041.0	0.4830917874396135
chr3	79	75	12756.0	0.587958607714017
chr3	80	62	12430.0	0.498793242156074
chr3	81	70	12169.0	0.5752321472594297
chr3	82	36	11874.0	0.30318342597271347
chr3	83	43	11552.0	0.37222991689750695
chr3	84	45	11274.0	0.3991484832357637
chr3	85	46	11001.0	0.4181438051086265
chr3	86	50	10728.0	0.4660700969425802
chr3	87	50	10448.0	0.47856049004594176
chr3	88	36	10150.0	0.35467980295566504
chr3	89	60	9831.0	0.6103143118706134
chr3	90	59	9585.0	0.615545122587376
chr3	91	57	9318.0	0.6117192530585963
chr3	92	61	9034.0	0.6752269205224707
chr3	93	57	8753.0	0.6512053010396436
chr3	94	35	8434.0	0.4149869575527626
chr3	95	46	8197.0	0.5611809198487252
chr3	96	50	7903.0	0.6326711375427053
chr3	97	36	7641.0	0.47114252061248524
chr3	98	37	7325.0	0.5051194539249146
chr3	99	33	7013.0	0.4705546841579923
chr3	100	38	6727.0	0.5648877657202319
chr3	101	32	6447.0	0.4963548937490306
chr3	102	34	6154.0	0.5524861878453038
chr3	103	35	5903.0	0.5929188548195833
chr3	104	21	5605.0	0.37466547725245314
chr3	105	23	5280.0	0.43560606060606066
chr3	106	33	5006.0	0.6592089492608869
chr3	107	34	4700.0	0.723404255319149
chr3	108	27	4367.0	0.6182734142431876
chr3	109	23	4125.0	0.5575757575757576
chr3	110	24	3866.0	0.6207966890843248
chr3	111	33	3558.0	0.927487352445194
chr3	112	18	3235.0	0.5564142194744977
chr3	113	10	2946.0	0.3394433129667346
chr3	114	12	2601.0	0.461361014994233
chr3	115	11	2273.0	0.4839419269687638
chr3	116	10	1946.0	0.513874614594039
chr3	117	7	1598.0	0.4380475594493116
chr3	118	10	1272.0	0.7861635220125787
chr3	119	2	889.0	0.22497187851518563
chr3	120	2	551.0	0.3629764065335753
chr3	121	0	238.0	0.0
chr3	122	0	0.0	nan
chr3	123	0	0.0	nan
chr3	124	0	0.0	nan
chr3	125	0	0.0	nan
chr3	126	0	0.0	nan
chr3	127	0	0.0	nan
chr3	128	0	0.0	nan
chr3	129	0	0.0	nan
chr3	130	0	0.0	nan
chr3	131	0	0.0	nan
chr3	132	0	0.0	nan
chr3	133	0	0.0	nan
chr3	134	0	0.0	nan
chr3	135	0	0.0	nan
chr3	136	0	0.0	nan
chr3	137	0	0.0	nan
chr3	138	0	0.0	nan
chr3	139	0	0.0	nan
chr3	140	0	0.0	nan
chr3	141	0	0.0	nan
chr3	142	0	0.0	nan
chr4	-147	0	0.0	nan
chr4	-146	0	0.0	nan
chr4	-145	0	0.0	nan
chr4	-144	0	0.0	nan
chr4	-143	0	0.0	nan
chr4	-142	0	0.0	nan
chr4	-141	0	0.0	nan
chr4	-140	0	0.0	nan
chr4	-139	0	10.0	0.0
chr4	-138	0	11.0	0.0
chr4	-137	0	13.0	0.0
chr4	-136	0	13.0	0.0
chr4	-135	0	16.0	0.0
chr4	-134	1	33.0	3.0303030303030303
chr4	-133	1	361.0	0.2770083102493075
chr4	-132	5	767.0	0.651890482398957
chr4	-131	7	1237.0	0.5658852061438965
chr4	-130	2	1769.0	0.11305822498586772
chr4	-129	8	2341.0	0.34173430158052115
chr4	-128	11	2910.0	0.37800687285223367
chr4	-127	5	3508.0	0.14253135689851767
chr4	-126	11	4113.0	0.2674446875759786
chr4	-125	2	4653.0	0.04298302170642596
chr4	-124	20	5262.0	0.3800836183960471
chr4	-123	13	5871.0	0.22142735479475387
chr4	-122	11	6468.0	0.17006802721088435
chr4	-121	8	7031.0	0.11378182335371925
chr4	-120	17	7572.0	0.22451135763338617
chr4	-119	18	8164.0	0.22048015678588928
chr4	-118	6	8702.0	0.0689496667432774
chr4	-117	25	9288.0	0.2691645133505599
chr4	-116	30	9800.0	0.30612244897959184
chr4	-115	13	10370.0	0.1253616200578592
chr4	-114	13	10904.0	0.11922230374174615
chr4	-113	11	11493.0	0.09571043243713565
chr4	-112	26	12109.0	0.21471632669914942
chr4	-111	24	12717.0	0.1887237556027365
chr4	-110	22	13336.0	0.16496700659868027
chr4	-109	20	13897.0	0.1439159530833993
chr4	-108	22	14461.0	0.15213332411313185
chr4	-107	37	15017.0	0.24638742758207366
chr4	-106	32	15559.0	0.205668744777942
chr4	-105	42	16164.0	0.25983667409057165
chr4	-104	33	16698.0	0.1976284584980237
chr4	-103	30	17267.0	0.1737418196559912
chr4	-102	17	17807.0	0.09546807435278262
chr4	-101	54	18356.0	0.29418173894094574
chr4	-100	49	18864.0	0.2597540288379983
chr4	-99	68	19472.0	0.3492193919474117
chr4	-98	75	19982.0	0.37533780402362127
chr4	-97	27	20498.0	0.13172016782125084
chr4	-96	25	21048.0	0.11877613074876472
chr4	-95	27	21593.0	0.12504052239151578
chr4	-94	38	22158.0	0.17149562234858742
chr4	-93	38	22726.0	0.16720936372436856
chr4	-92	35	23267.0	0.1504276443030902
chr4	-91	62	23874.0	0.25969674122476333
chr4	-90	36	24437.0	0.147317592175799
chr4	-89	52	24955.0	0.20837507513524345
chr4	-88	136	25442.0	0.5345491706626838
chr4	-87	93	25957.0	0.35828485572292634
chr4	-86	45	26525.0	0.16965127238454286
chr4	-85	38	27067.0	0.1403923597000037
chr4	-84	77	27612.0	0.2788642619151094
chr4	-83	54	28142.0	0.19188401677208444
chr4	-82	84	28692.0	0.2927645336679214
chr4	-81	66	29212.0	0.225934547446255
chr4	-80	46	29750.0	0.1546218487394958
chr4	-79	116	30312.0	0.38268672472948007
chr4	-78	62	30896.0	0.2006732263076126
chr4	-77	32	31420.0	0.10184595798854233
chr4	-76	97	31955.0	0.30355186981693005
chr4	-75	40	32581.0	0.12277094011847395
chr4	-74	107	33111.0	0.3231554468303585
chr4	-73	68	33649.0	0.2020862432761746
chr4	-72	104	34209.0	0.30401356368207194
chr4	-71	37	34797.0	0.10633100554645517
chr4	-70	61	35372.0	0.17245278751554902
chr4	-69	78	35943.0	0.2170102662549036
chr4	-68	89	36478.0	0.24398267448873293
chr4	-67	121	37036.0	0.32670914785613997
chr4	-66	86	37559.0	0.22897308235043531
chr4	-65	67	38142.0	0.17565937811336585
chr4	-64	74	38669.0	0.19136776229020663
chr4	-63	72	39208.0	0.1836359926545603
chr4	-62	102	39786.0	0.2563715879957774
chr4	-61	59	40348.0	0.14622781798354317
chr4	-60	80	40897.0	0.1956133701738514
chr4	-59	91	41479.0	0.21938812411099592
chr4	-58	76	42049.0	0.1807415158505553
chr4	-57	68	42582.0	0.1596918885914236
chr4	-56	87	43177.0	0.20149616694073233
chr4	-55	68	43737.0	0.15547476964583762
chr4	-54	86	44329.0	0.19400392519569584
chr4	-53	69	44857.0	0.15382214593040106
chr4	-52	125	45445.0	0.2750577621300473
chr4	-51	84	46018.0	0.18253726802555523
chr4	-50	108	46519.0	0.23216320213246203
chr4	-49	97	47091.0	0.20598415833174066
chr4	-48	154	47647.0	0.32321027556824145
chr4	-47	132	48237.0	0.27364885875987316
chr4	-46	94	48880.0	0.19230769230769232
chr4	-45	152	49452.0	0.3073687616274367
chr4	-44	123	50041.0	0.2457984452748746
chr4	-43	130	50589.0	0.2569728597125857
chr4	-42	88	51180.0	0.17194216490816727
chr4	-41	210	51733.0	0.40593045058280014
chr4	-40	111	52345.0	0.212054637501194
chr4	-39	111	52886.0	0.20988541390916313
chr4	-38	124	53449.0	0.23199685681677862
chr4	-37	84	54034.0	0.15545767479734982
chr4	-36	112	54598.0	0.20513571925711563
chr4	-35	110	55246.0	0.19910943778735113
chr4	-34	113	55878.0	0.2022262786785497
chr4	-33	109	56517.0	0.19286232461029423
chr4	-32	171	57162.0	0.2991497848220846
chr4	-31	159	57744.0	0.2753532834580216
chr4	-30	112	58299.0	0.19211307226539048
chr4	-29	97	58909.0	0.16466074793325297
chr4	-28	199	59506.0	0.3344200584814977
chr4	-27	133	60115.0	0.22124261831489642
chr4	-26	157	60748.0	0.25844472245999867
chr4	-25	144	61341.0	0.234753264537585
chr4	-24	121	61980.0	0.1952242658922233
chr4	-23	232	62541.0	0.370956652436002
chr4	-22	150	63205.0	0.23732299659837036
chr4	-21	256	63845.0	0.4009711018873835
chr4	-20	165	64496.0	0.2558298189034979
chr4	-19	193	65089.0	0.29651707661816895
chr4	-18	293	65741.0	0.44568838320074233
chr4	-17	211	66384.0	0.3178476741383466
chr4	-16	185	67092.0	0.27574077386275564
chr4	-15	179	67721.0	0.26431978263758654
chr4	-14	142	68370.0	0.2076934327921603
chr4	-13	170	69098.0	0.24602738140032995
chr4	-12	177	69863.0	0.25335299085352764
chr4	-11	225	70515.0	0.3190810465858328
chr4	-10	207	71244.0	0.2905507832238504
chr4	-9	164	71247.0	0.23018513060199028
chr4	-8	251	71219.0	0.3524340414776956
chr4	-7	233	71207.0	0.3272150209951269
chr4	-6	266	71221.0	0.37348534842251585
chr4	-5	284	71259.0	0.39854614855667353
chr4	-4	316	71237.0	0.4435897075957719
chr4	-3	255	71212.0	0.35808571589058025
chr4	-2	248	71165.0	0.34848591301904025
chr4	-1	440	71152.0	0.6183944232066562
chr4	0	710	69982.0	1.0145465976965506
chr4	1	352	69445.0	0.50687594499244
chr4	2	337	68963.0	0.48866783637602773
chr4	3	358	68390.0	0.5234683433250475
chr4	4	370	67785.0	0.5458434756952129
chr4	5	329	67172.0	0.4897874114214256
chr4	6	310	66556.0	0.46577318348458446
chr4	7	348	66048.0	0.5268895348837209
chr4	8	232	65427.0	0.35459366928026653
chr4	9	281	64849.0	0.43331431479282645
chr4	10	296	64232.0	0.4608294930875576
chr4	11	218	63636.0	0.3425733861336351
chr4	12	225	63056.0	0.3568256787617356
chr4	13	220	62468.0	0.35218031632195684
chr4	14	283	61946.0	0.4568495140929197
chr4	15	251	61442.0	0.40851534780768856
chr4	16	273	60922.0	0.44811398181280987
chr4	17	318	60322.0	0.5271708497728855
chr4	18	244	59740.0	0.4084365584198192
chr4	19	215	59151.0	0.36347652617876286
chr4	20	338	58507.0	0.5777086502469789
chr4	21	251	57880.0	0.43365583966827914
chr4	22	317	57297.0	0.5532575876572944
chr4	23	251	56745.0	0.4423297206802361
chr4	24	221	56195.0	0.3932734229023935
chr4	25	251	55631.0	0.45118728766335314
chr4	26	202	55050.0	0.36693914623069934
chr4	27	269	54476.0	0.49379543285116384
chr4	28	156	53954.0	0.2891351892352745
chr4	29	226	53423.0	0.4230387660745372
chr4	30	276	52884.0	0.5218969820739733
chr4	31	326	52291.0	0.6234342429863647
chr4	32	211	51736.0	0.4078398020720581
chr4	33	231	51163.0	0.4514981529621015
chr4	34	221	50633.0	0.4364742361700867
chr4	35	201	50127.0	0.40098150697229035
chr4	36	207	49638.0	0.4170192191466216
chr4	37	228	49068.0	0.46466128637808757
chr4	38	233	48525.0	0.4801648634724369
chr4	39	202	47896.0	0.42174711875730747
chr4	40	272	47333.0	0.5746519341685505
chr4	41	204	46767.0	0.43620501635768816
chr4	42	204	46196.0	0.4415966750367997
chr4	43	215	45709.0	0.4703668861712135
chr4	44	246	45220.0	0.5440070765148164
chr4	45	189	44668.0	0.4231216978597654
chr4	46	207	44150.0	0.46885617214043035
chr4	47	222	43575.0	0.5094664371772806
chr4	48	237	43020.0	0.5509065550906556
chr4	49	179	42512.0	0.42105758374106134
chr4	50	194	41964.0	0.46230101992183775
chr4	51	219	41425.0	0.5286662643331321
chr4	52	160	40876.0	0.3914277326548586
chr4	53	167	40334.0	0.41404274309515543
chr4	54	164	39764.0	0.4124333568051504
chr4	55	178	39199.0	0.4540932166636904
chr4	56	194	38655.0	0.5018755659035053
chr4	57	170	38064.0	0.44661622530474987
chr4	58	198	37503.0	0.5279577633789296
chr4	59	193	36999.0	0.5216357198843212
chr4	60	167	36407.0	0.4587029966764633
chr4	61	166	35818.0	0.46345412920877777
chr4	62	157	35228.0	0.4456682184625866
chr4	63	189	34685.0	0.544904137235116
chr4	64	141	34151.0	0.41287224385815935
chr4	65	184	33550.0	0.5484351713859911
chr4	66	176	33020.0	0.5330102967898243
chr4	67	187	32470.0	0.5759162303664921
chr4	68	130	31924.0	0.4072171407091843
chr4	69	148	31376.0	0.4716981132075472
chr4	70	158	30788.0	0.5131869559568663
chr4	71	185	30217.0	0.6122381440910746
chr4	72	182	29700.0	0.6127946127946128
chr4	73	162	29150.0	0.555746140651801
chr4	74	102	28594.0	0.356718192627824
chr4	75	163	28054.0	0.581022314108505
chr4	76	130	27456.0	0.4734848484848485
chr4	77	106	26903.0	0.3940081031855183
chr4	78	152	26317.0	0.5775734316221454
chr4	79	125	25756.0	0.4853238080447274
chr4	80	145	25177.0	0.5759224689200461
chr4	81	134	24645.0	0.5437208358693447
chr4	82	137	24106.0	0.568323239027628
chr4	83	149	23541.0	0.6329382778981352
chr4	84	113	22988.0	0.49156081433791543
chr4	85	112	22380.0	0.5004468275245755
chr4	86	133	21792.0	0.6103157121879589
chr4	87	191	21195.0	0.9011559330030668
chr4	88	97	20576.0	0.4714230171073095
chr4	89	111	20050.0	0.5536159600997507
chr4	90	126	19484.0	0.6466844590433176
chr4	91	94	18914.0	0.4969863593105636
chr4	92	94	18328.0	0.5128764731558272
chr4	93	84	17788.0	0.47222846863053747
chr4	94	97	17191.0	0.5642487348030947
chr4	95	74	16586.0	0.44615941155191124
chr4	96	93	16030.0	0.5801621958827199
chr4	97	109	15422.0	0.7067825184800934
chr4	98	112	14813.0	0.7560926213461149
chr4	99	94	14142.0	0.6646867486918399
chr4	100	102	13500.0	0.7555555555555555
chr4	101	74	12962.0	0.5708995525381886
chr4	102	69	12377.0	0.5574856588834127
chr4	103	67	11764.0	0.5695341720503231
chr4	104	75	11191.0	0.6701813957644536
chr4	105	69	10564.0	0.6531616811813707
chr4	106	63	9921.0	0.6350166313879648
chr4	107	55	9319.0	0.5901920806953536
chr4	108	56	8700.0	0.6436781609195402
chr4	109	47	8103.0	0.580032086881402
chr4	110	30	7435.0	0.4034969737726967
chr4	111	39	6838.0	0.5703422053231939
chr4	112	30	6193.0	0.48441789116744716
chr4	113	44	5586.0	0.7876834944504119
chr4	114	42	4943.0	0.8496864252478251
chr4	115	26	4271.0	0.6087567314446265
chr4	116	16	3579.0	0.44705224923162895
chr4	117	12	2892.0	0.4149377593360996
chr4	118	8	2183.0	0.3664681630783326
chr4	119	7	1526.0	0.45871559633027525
chr4	120	3	906.0	0.33112582781456956
chr4	121	0	384.0	0.0
chr4	122	0	0.0	nan
chr4	123	0	0.0	nan
chr4	124	0	0.0	nan
chr4	125	0	0.0	nan
chr4	126	0	0.0	nan
chr4	127	0	0.0	nan
chr4	128	0	0.0	nan
chr4	129	0	0.0	nan
chr4	130	0	0.0	nan
chr4	131	0	0.0	nan
chr4	132	0	0.0	nan
chr4	133	0	0.0	nan
chr4	134	0	0.0	nan
chr4	135	0	0.0	nan
chr4	136	0	0.0	nan
chr4	137	0	0.0	nan
chr4	138	0	0.0	nan
chr4	139	0	0.0	nan
chr4	140	0	0.0	nan
chr4	141	0	0.0	nan
chr4	142	0	0.0	nan
chr4	143	0	0.0	nan
chr4	144	0	0.0	nan
chr4	145	0	0.0	nan
chr4	146	0	0.0	nan
chr4	147	0	0.0	nan
chr4	148	0	0.0	nan
chr4	149	0	0.0	nan
chr4	150	0	0.0	nan
chr4	151	0	0.0	nan
chr4	152	0	0.0	nan
chr6	-142	0	0.0	nan
chr6	-141	0	0.0	nan
chr6	-140	0	0.0	nan
chr6	-139	0	4.0	0.0
chr6	-138	0	10.0	0.0
chr6	-137	0	13.0	0.0
chr6	-136	0	13.0	0.0
chr6	-135	0	16.0	0.0
chr6	-134	0	21.0	0.0
chr6	-133	2	380.0	0.5263157894736842
chr6	-132	1	993.0	0.10070493454179255
chr6	-131	1	1575.0	0.06349206349206349
chr6	-130	5	2153.0	0.23223409196470043
chr6	-129	3	2813.0	0.10664770707429791
chr6	-128	6	3534.0	0.1697792869269949
chr6	-127	9	4166.0	0.21603456553048486
chr6	-126	7	4872.0	0.14367816091954022
chr6	-125	16	5551.0	0.2882363538101243
chr6	-124	18	6204.0	0.2901353965183753
chr6	-123	19	6856.0	0.27712952158693116
chr6	-122	13	7514.0	0.17301038062283738
chr6	-121	19	8165.0	0.23270055113288426
chr6	-120	32	8811.0	0.3631823856542958
chr6	-119	21	9489.0	0.2213088839709137
chr6	-118	40	10141.0	0.39443841830194265
chr6	-117	28	10779.0	0.25976435661935243
chr6	-116	20	11420.0	0.17513134851138354
chr6	-115	39	12060.0	0.3233830845771144
chr6	-114	25	12677.0	0.19720754121637613
chr6	-113	12	13287.0	0.09031384059607135
chr6	-112	21	13935.0	0.15069967707212056
chr6	-111	16	14608.0	0.10952902519167579
chr6	-110	51	15266.0	0.33407572383073497
chr6	-109	20	15866.0	0.12605571662674903
chr6	-108	27	16554.0	0.16310257339615802
chr6	-107	31	17187.0	0.1803688834584279
chr6	-106	40	17861.0	0.22395162644868707
chr6	-105	34	18558.0	0.18320939756439272
chr6	-104	35	19283.0	0.18150702691489912
chr6	-103	45	19959.0	0.22546219750488503
chr6	-102	70	20587.0	0.34002040122407345
chr6	-101	64	21230.0	0.30146019783325484
chr6	-100	31	21832.0	0.14199340417735434
chr6	-99	40	22485.0	0.177896375361352
chr6	-98	52	23161.0	0.2245153490781918
chr6	-97	47	23853.0	0.1970402045864252
chr6	-96	37	24567.0	0.15060853991126308
chr6	-95	81	25176.0	0.32173498570066733
chr6	-94	30	25861.0	0.1160047948648544
chr6	-93	56	26479.0	0.2114883492579025
chr6	-92	65	27117.0	0.2397020319356861
chr6	-91	85	27755.0	0.3062511259232571
chr6	-90	53	28419.0	0.18649495056124424
chr6	-89	56	29075.0	0.19260533104041272
chr6	-88	48	29737.0	0.16141507213236037
chr6	-87	70	30395.0	0.2303010363546636
chr6	-86	70	31034.0	0.22555906425211059
chr6	-85	49	31683.0	0.15465707161569295
chr6	-84	106	32348.0	0.32768641028811674
chr6	-83	37	32978.0	0.11219600946085269
chr6	-82	52	33591.0	0.15480336995028432
chr6	-81	80	34224.0	0.23375409069658717
chr6	-80	65	34934.0	0.18606515142840785
chr6	-79	92	35547.0	0.2588122767040819
chr6	-78	60	36312.0	0.16523463317911435
chr6	-77	64	36917.0	0.17336186580708074
chr6	-76	94	37544.0	0.2503728958022587
chr6	-75	88	38190.0	0.23042681330191148
chr6	-74	76	38837.0	0.19568967736951876
chr6	-73	41	39519.0	0.10374756446266352
chr6	-72	63	40145.0	0.15693112467306014
chr6	-71	100	40883.0	0.24460044517281024
chr6	-70	53	41497.0	0.12772007615008313
chr6	-69	50	42146.0	0.11863522042423955
chr6	-68	126	42798.0	0.2944062806673209
chr6	-67	89	43459.0	0.20479072228997444
chr6	-66	97	44094.0	0.21998457840068944
chr6	-65	127	44775.0	0.28364042434394193
chr6	-64	92	45405.0	0.20262085673383987
chr6	-63	111	46022.0	0.24118899656685933
chr6	-62	130	46730.0	0.2781938797346458
chr6	-61	68	47418.0	0.1434054578430132
chr6	-60	103	48084.0	0.21420846851343484
chr6	-59	117	48790.0	0.23980323836851813
chr6	-58	94	49445.0	0.19011022348063505
chr6	-57	91	50098.0	0.18164397780350514
chr6	-56	159	50799.0	0.3129982873678616
chr6	-55	117	51430.0	0.22749368073109083
chr6	-54	58	52101.0	0.11132223949636283
chr6	-53	82	52781.0	0.15535893598075065
chr6	-52	142	53467.0	0.2655843791497559
chr6	-51	83	54188.0	0.15317044364065846
chr6	-50	119	54833.0	0.21702259588204184
chr6	-49	119	55558.0	0.21419057561467295
chr6	-48	129	56265.0	0.22927219408157826
chr6	-47	117	56878.0	0.20570343542318648
chr6	-46	118	57613.0	0.2048148855293076
chr6	-45	125	58304.0	0.2143935236004391
chr6	-44	110	58965.0	0.1865513440176376
chr6	-43	176	59685.0	0.29488146100360224
chr6	-42	156	60301.0	0.2587021774099932
chr6	-41	220	60946.0	0.3609752896006301
chr6	-40	174	61610.0	0.28242168479143
chr6	-39	94	62238.0	0.15103313088466855
chr6	-38	126	62894.0	0.20033707507870385
chr6	-37	167	63595.0	0.26259926094818775
chr6	-36	165	64327.0	0.2565019354236946
chr6	-35	135	65029.0	0.2075996862938074
chr6	-34	171	65698.0	0.2602818959481263
chr6	-33	144	66393.0	0.21689033482445436
chr6	-32	178	67126.0	0.26517295831719456
chr6	-31	153	67783.0	0.2257203133529056
chr6	-30	218	68451.0	0.31847599012432254
chr6	-29	180	69035.0	0.2607373071630332
chr6	-28	240	69725.0	0.3442093940480459
chr6	-27	147	70413.0	0.20876826722338201
chr6	-26	115	71051.0	0.16185556853527747
chr6	-25	193	71759.0	0.2689558104209925
chr6	-24	213	72517.0	0.2937242301805094
chr6	-23	123	73276.0	0.16785850756045637
chr6	-22	243	73966.0	0.32852932428413056
chr6	-21	190	74666.0	0.2544665577371227
chr6	-20	147	75435.0	0.1948697554185723
chr6	-19	136	76107.0	0.17869578356787155
chr6	-18	190	76899.0	0.24707733520591946
chr6	-17	171	77573.0	0.22043752336508834
chr6	-16	236	78330.0	0.3012894165709179
chr6	-15	263	79085.0	0.3325535815894291
chr6	-14	159	79903.0	0.19899127692326948
chr6	-13	188	80720.0	0.23290386521308226
chr6	-12	239	81495.0	0.2932695257377753
chr6	-11	206	82418.0	0.24994540027663859
chr6	-10	260	83237.0	0.3123610894193688
chr6	-9	265	83219.0	0.31843689542051695
chr6	-8	279	83254.0	0.33511903331972037
chr6	-7	298	83275.0	0.35785049534674274
chr6	-6	256	83260.0	0.3074705741052126
chr6	-5	354	83238.0	0.42528652778778925
chr6	-4	208	83282.0	0.2497538483705963
chr6	-3	251	83276.0	0.3014073682693693
chr6	-2	205	83224.0	0.24632317600692108
chr6	-1	686	83219.0	0.8243309821074515
chr6	0	922	81762.0	1.1276632176316626
chr6	1	312	81157.0	0.3844400359796444
chr6	2	337	80540.0	0.41842562701763103
chr6	3	323	79843.0	0.404543917437972
chr6	4	400	79115.0	0.5055931239335145
chr6	5	342	78444.0	0.4359798072510326
chr6	6	350	77791.0	0.44992351300278954
chr6	7	324	77106.0	0.42020076258656913
chr6	8	378	76401.0	0.4947579220167276
chr6	9	312	75803.0	0.41159320871205624
chr6	10	258	75168.0	0.34323116219667943
chr6	11	356	74466.0	0.47807052883195017
chr6	12	226	73833.0	0.3060961900505194
chr6	13	268	73166.0	0.366290353442856
chr6	14	293	72482.0	0.4042382936453188
chr6	15	309	71830.0	0.43018237505220663
chr6	16	266	71178.0	0.3737109781112141
chr6	17	235	70570.0	0.3330026923621936
chr6	18	212	69918.0	0.3032123344489259
chr6	19	223	69318.0	0.3217057618511786
chr6	20	260	68622.0	0.37888723732913643
chr6	21	335	67984.0	0.4927630030595434
chr6	22	251	67356.0	0.37264683175960567
chr6	23	289	66724.0	0.4331275103411066
chr6	24	269	66038.0	0.407341227777946
chr6	25	203	65374.0	0.31052100223330376
chr6	26	252	64698.0	0.3895019938792544
chr6	27	322	63966.0	0.5033924272269643
chr6	28	288	63253.0	0.45531437244083284
chr6	29	321	62606.0	0.5127304092259528
chr6	30	188	61959.0	0.30342645943285074
chr6	31	290	61318.0	0.47294432303728107
chr6	32	241	60672.0	0.3972178270042194
chr6	33	265	60047.0	0.44132096524389225
chr6	34	218	59364.0	0.36722592817195604
chr6	35	285	58666.0	0.48580097501107966
chr6	36	249	57981.0	0.4294510270605888
chr6	37	211	57318.0	0.36812170696814267
chr6	38	215	56667.0	0.37940953288510065
chr6	39	253	56035.0	0.45150352458285
chr6	40	317	55399.0	0.5722124948103756
chr6	41	249	54778.0	0.45456205045821313
chr6	42	256	54099.0	0.47320652877132663
chr6	43	199	53454.0	0.37228271036779287
chr6	44	228	52804.0	0.4317854707976668
chr6	45	227	52140.0	0.4353663214422708
chr6	46	202	51476.0	0.3924158831300023
chr6	47	246	50829.0	0.48397568317299183
chr6	48	197	50198.0	0.3924459141798478
chr6	49	204	49540.0	0.4117884537747275
chr6	50	202	48960.0	0.41258169934640526
chr6	51	212	48315.0	0.4387871261512987
chr6	52	149	47590.0	0.3130909855011557
chr6	53	186	46987.0	0.39585417243067234
chr6	54	260	46287.0	0.5617127919286192
chr6	55	242	45701.0	0.529528894334916
chr6	56	173	45041.0	0.38409449168535337
chr6	57	228	44374.0	0.5138143958173705
chr6	58	204	43744.0	0.46634967081199713
chr6	59	226	43065.0	0.5247881109950076
chr6	60	189	42400.0	0.44575471698113206
chr6	61	187	41667.0	0.44879640962872297
chr6	62	194	41048.0	0.4726174235041902
chr6	63	216	40394.0	0.5347328811209586
chr6	64	209	39745.0	0.5258523084664738
chr6	65	191	39068.0	0.4888911641240913
chr6	66	146	38449.0	0.3797237899555255
chr6	67	192	37821.0	0.5076544776711351
chr6	68	171	37227.0	0.45934402449834794
chr6	69	143	36560.0	0.3911378555798687
chr6	70	153	35847.0	0.42681395932714034
chr6	71	152	35160.0	0.4323094425483504
chr6	72	119	34508.0	0.3448475715776052
chr6	73	153	33845.0	0.4520608657113311
chr6	74	174	33146.0	0.5249502202377361
chr6	75	151	32522.0	0.4643010884939426
chr6	76	136	31844.0	0.4270820248712473
chr6	77	123	31154.0	0.3948128651216537
chr6	78	154	30451.0	0.5057305178811862
chr6	79	145	29779.0	0.48692031297222876
chr6	80	152	29110.0	0.5221573342493988
chr6	81	137	28466.0	0.4812759081008923
chr6	82	123	27742.0	0.443371061927763
chr6	83	152	27034.0	0.5622549382259378
chr6	84	137	26375.0	0.5194312796208531
chr6	85	170	25712.0	0.6611698817672682
chr6	86	115	25011.0	0.45979768901683266
chr6	87	92	24308.0	0.378476221819977
chr6	88	123	23643.0	0.5202385484075625
chr6	89	89	22970.0	0.3874619068350022
chr6	90	121	22369.0	0.5409271760025034
chr6	91	120	21681.0	0.5534800055348
chr6	92	119	21066.0	0.564891294028292
chr6	93	80	20384.0	0.39246467817896385
chr6	94	96	19703.0	0.487235446378724
chr6	95	75	18972.0	0.3953194180898166
chr6	96	108	18322.0	0.5894552996397773
chr6	97	96	17655.0	0.5437553101104503
chr6	98	77	16919.0	0.4551096400496483
chr6	99	96	16206.0	0.5923731951129212
chr6	100	68	15548.0	0.4373552868536146
chr6	101	92	14841.0	0.6199043191159626
chr6	102	63	14228.0	0.44278886702277204
chr6	103	81	13611.0	0.5951068988318272
chr6	104	61	12972.0	0.4702436016034536
chr6	105	71	12297.0	0.5773765959177035
chr6	106	49	11603.0	0.4223045764026545
chr6	107	63	10848.0	0.5807522123893806
chr6	108	50	10148.0	0.4927079227433977
chr6	109	54	9409.0	0.573918588585397
chr6	110	39	8696.0	0.4484820607175713
chr6	111	43	7933.0	0.5420395814950207
chr6	112	31	7223.0	0.4291845493562232
chr6	113	39	6493.0	0.6006468504543354
chr6	114	30	5768.0	0.5201109570041609
chr6	115	14	5072.0	0.27602523659305994
chr6	116	20	4293.0	0.46587467971115776
chr6	117	19	3534.0	0.5376344086021506
chr6	118	19	2724.0	0.6975036710719531
chr6	119	11	1946.0	0.5652620760534429
chr6	120	4	1200.0	0.33333333333333337
chr6	121	1	470.0	0.2127659574468085
chr6	122	0	0.0	nan
chr6	123	0	0.0	nan
chr6	124	0	0.0	nan
chr6	125	0	0.0	nan
chr6	126	0	0.0	nan
chr6	127	0	0.0	nan
chr6	128	0	0.0	nan
chr6	129	0	0.0	nan
chr6	130	0	0.0	nan
chr6	131	0	0.0	nan
chr6	132	0	0.0	nan
chr6	133	0	0.0	nan
chr6	134	0	0.0	nan
chr6	135	0	0.0	nan
chr6	136	0	0.0	nan
chr6	137	0	0.0	nan
chr6	138	0	0.0	nan
chr6	139	0	0.0	nan
chr6	140	0	0.0	nan
chr6	141	0	0.0	nan
chr6	142	0	0.0	nan
chr6	143	0	0.0	nan
chr6	144	0	0.0	nan
chr6	145	0	0.0	nan
chr7	-136	0	1.0	0.0
chr7	-135	0	2.0	0.0
chr7	-134	0	2.0	0.0
chr7	-133	0	31.0	0.0
chr7	-132	0	73.0	0.0
chr7	-131	0	124.0	0.0
chr7	-130	0	174.0	0.0
chr7	-129	0	239.0	0.0
chr7	-128	0	303.0	0.0
chr7	-127	1	353.0	0.28328611898017
chr7	-126	0	413.0	0.0
chr7	-125	0	485.0	0.0
chr7	-124	1	538.0	0.18587360594795538
chr7	-123	2	597.0	0.33500837520938026
chr7	-122	1	650.0	0.15384615384615385
chr7	-121	0	715.0	0.0
chr7	-120	0	768.0	0.0
chr7	-119	4	843.0	0.4744958481613286
chr7	-118	2	905.0	0.22099447513812157
chr7	-117	1	963.0	0.10384215991692627
chr7	-116	1	1012.0	0.09881422924901186
chr7	-115	1	1065.0	0.09389671361502347
chr7	-114	1	1123.0	0.08904719501335707
chr7	-113	2	1198.0	0.1669449081803005
chr7	-112	2	1266.0	0.1579778830963665
chr7	-111	1	1315.0	0.07604562737642585
chr7	-110	3	1363.0	0.22010271460014674
chr7	-109	7	1411.0	0.4961020552799433
chr7	-108	1	1483.0	0.06743088334457181
chr7	-107	5	1538.0	0.3250975292587776
chr7	-106	6	1605.0	0.3738317757009346
chr7	-105	2	1659.0	0.12055455093429776
chr7	-104	1	1739.0	0.05750431282346176
chr7	-103	3	1800.0	0.16666666666666669
chr7	-102	3	1846.0	0.16251354279523295
chr7	-101	1	1904.0	0.052521008403361345
chr7	-100	2	1956.0	0.10224948875255625
chr7	-99	5	2028.0	0.2465483234714004
chr7	-98	1	2077.0	0.04814636494944632
chr7	-97	3	2141.0	0.14012143858010276
chr7	-96	1	2209.0	0.04526935264825713
chr7	-95	1	2267.0	0.044111160123511246
chr7	-94	0	2317.0	0.0
chr7	-93	3	2372.0	0.12647554806070826
chr7	-92	3	2435.0	0.12320328542094457
chr7	-91	1	2486.0	0.04022526146419952
chr7	-90	3	2541.0	0.11806375442739078
chr7	-89	2	2599.0	0.07695267410542517
chr7	-88	11	2665.0	0.41275797373358347
chr7	-87	8	2722.0	0.2939015429831006
chr7	-86	3	2782.0	0.10783608914450035
chr7	-85	0	2838.0	0.0
chr7	-84	4	2900.0	0.13793103448275862
chr7	-83	2	2965.0	0.06745362563237774
chr7	-82	8	3023.0	0.2646377770426729
chr7	-81	2	3083.0	0.06487187804086927
chr7	-80	5	3138.0	0.15933715742511154
chr7	-79	3	3193.0	0.09395552771688068
chr7	-78	2	3252.0	0.06150061500615006
chr7	-77	3	3308.0	0.09068923821039904
chr7	-76	4	3350.0	0.11940298507462686
chr7	-75	3	3404.0	0.08813160987074031
chr7	-74	4	3462.0	0.11554015020219525
chr7	-73	4	3517.0	0.11373329542223486
chr7	-72	3	3575.0	0.08391608391608392
chr7	-71	2	3635.0	0.055020632737276476
chr7	-70	2	3676.0	0.0544069640914037
chr7	-69	4	3746.0	0.10678056593699946
chr7	-68	3	3809.0	0.07876082961407194
chr7	-67	4	3868.0	0.1034126163391934
chr7	-66	19	3915.0	0.48531289910600256
chr7	-65	9	3995.0	0.22528160200250313
chr7	-64	14	4061.0	0.3447426742181729
chr7	-63	3	4118.0	0.07285089849441476
chr7	-62	1	4169.0	0.023986567522187575
chr7	-61	22	4224.0	0.5208333333333333
chr7	-60	24	4283.0	0.5603548914312398
chr7	-59	6	4331.0	0.1385361348418379
chr7	-58	20	4424.0	0.45207956600361665
chr7	-57	8	4489.0	0.17821341055914458
chr7	-56	6	4550.0	0.13186813186813187
chr7	-55	2	4607.0	0.04341219882787063
chr7	-54	8	4680.0	0.17094017094017094
chr7	-53	5	4743.0	0.10541851149061775
chr7	-52	8	4819.0	0.16600954554886907
chr7	-51	9	4899.0	0.1837109614206981
chr7	-50	8	4966.0	0.16109544905356424
chr7	-49	7	5024.0	0.1393312101910828
chr7	-48	6	5087.0	0.11794770984863377
chr7	-47	14	5132.0	0.2727981293842557
chr7	-46	21	5189.0	0.40470225476970517
chr7	-45	5	5260.0	0.09505703422053231
chr7	-44	9	5305.0	0.16965127238454286
chr7	-43	12	5367.0	0.22358859698155395
chr7	-42	38	5423.0	0.700719159137009
chr7	-41	7	5495.0	0.12738853503184713
chr7	-40	10	5548.0	0.1802451333813987
chr7	-39	10	5615.0	0.17809439002671415
chr7	-38	26	5673.0	0.45831129913625945
chr7	-37	7	5735.0	0.12205754141238012
chr7	-36	10	5783.0	0.17292062943109113
chr7	-35	16	5853.0	0.27336408679309754
chr7	-34	8	5914.0	0.13527223537368954
chr7	-33	23	5960.0	0.3859060402684564
chr7	-32	10	6016.0	0.16622340425531915
chr7	-31	10	6078.0	0.16452780519907864
chr7	-30	25	6163.0	0.4056466006814863
chr7	-29	13	6217.0	0.20910406948689078
chr7	-28	24	6296.0	0.3811944091486658
chr7	-27	6	6359.0	0.09435445824815222
chr7	-26	6	6436.0	0.09322560596643878
chr7	-25	10	6511.0	0.1535862386730149
chr7	-24	46	6572.0	0.699939135727328
chr7	-23	31	6640.0	0.4668674698795181
chr7	-22	12	6692.0	0.17931858936043038
chr7	-21	7	6764.0	0.10348905972797162
chr7	-20	20	6824.0	0.29308323563892147
chr7	-19	8	6878.0	0.11631288165164291
chr7	-18	25	6941.0	0.3601786486097104
chr7	-17	19	7018.0	0.27073240239384444
chr7	-16	11	7081.0	0.15534529021324672
chr7	-15	8	7113.0	0.1124701251230142
chr7	-14	19	7221.0	0.2631214513225315
chr7	-13	15	7291.0	0.20573309559731176
chr7	-12	42	7344.0	0.5718954248366013
chr7	-11	11	7417.0	0.14830794121612512
chr7	-10	9	7490.0	0.12016021361815755
chr7	-9	8	7490.0	0.1068090787716956
chr7	-8	17	7491.0	0.22693899345881727
chr7	-7	34	7491.0	0.45387798691763453
chr7	-6	8	7492.0	0.10678056593699946
chr7	-5	4	7491.0	0.053397410225604056
chr7	-4	32	7491.0	0.42717928180483244
chr7	-3	8	7492.0	0.10678056593699946
chr7	-2	11	7492.0	0.14682327816337426
chr7	-1	102	7491.0	1.3616339607529035
chr7	0	68	7358.0	0.9241641750475673
chr7	1	20	7301.0	0.27393507738665934
chr7	2	16	7255.0	0.22053756030323912
chr7	3	33	7189.0	0.4590346362498261
chr7	4	20	7125.0	0.2807017543859649
chr7	5	24	7072.0	0.3393665158371041
chr7	6	71	7006.0	1.0134170710819297
chr7	7	23	6942.0	0.3313166234514549
chr7	8	27	6886.0	0.39209991286668605
chr7	9	19	6813.0	0.278878614413621
chr7	10	21	6768.0	0.31028368794326244
chr7	11	55	6720.0	0.818452380952381
chr7	12	25	6650.0	0.37593984962406013
chr7	13	17	6579.0	0.2583979328165375
chr7	14	14	6500.0	0.21538461538461537
chr7	15	20	6459.0	0.3096454559529339
chr7	16	42	6407.0	0.6555330107694709
chr7	17	34	6367.0	0.5340034553164755
chr7	18	16	6292.0	0.25429116338207247
chr7	19	18	6221.0	0.28934254942935217
chr7	20	29	6146.0	0.4718516108037748
chr7	21	25	6083.0	0.4109814236396515
chr7	22	56	6038.0	0.9274594236502154
chr7	23	38	5991.0	0.6342847604740444
chr7	24	18	5933.0	0.30338783077701
chr7	25	20	5862.0	0.34118048447628796
chr7	26	14	5799.0	0.24142093464390413
chr7	27	29	5740.0	0.5052264808362369
chr7	28	10	5676.0	0.1761804087385483
chr7	29	32	5614.0	0.5700035625222657
chr7	30	15	5571.0	0.2692514808831448
chr7	31	29	5509.0	0.5264113269195861
chr7	32	16	5455.0	0.2933088909257562
chr7	33	20	5378.0	0.3718854592785422
chr7	34	22	5332.0	0.41260315078769694
chr7	35	19	5266.0	0.3608051652107862
chr7	36	14	5211.0	0.26866244482824797
chr7	37	23	5151.0	0.44651523975927
chr7	38	16	5092.0	0.3142183817753339
chr7	39	23	5042.0	0.45616818722729074
chr7	40	16	4972.0	0.32180209171359614
chr7	41	35	4932.0	0.7096512570965126
chr7	42	21	4877.0	0.4305925774041419
chr7	43	20	4815.0	0.4153686396677051
chr7	44	12	4748.0	0.2527379949452401
chr7	45	15	4687.0	0.32003413697461064
chr7	46	17	4626.0	0.36748811067877213
chr7	47	13	4565.0	0.284775465498357
chr7	48	10	4504.0	0.2220248667850799
chr7	49	12	4447.0	0.26984483921744995
chr7	50	11	4393.0	0.2503983610289096
chr7	51	15	4340.0	0.3456221198156682
chr7	52	7	4270.0	0.16393442622950818
chr7	53	17	4218.0	0.40303461356092934
chr7	54	18	4171.0	0.4315511867657636
chr7	55	11	4105.0	0.2679658952496955
chr7	56	9	4058.0	0.22178413011335632
chr7	57	15	4010.0	0.3740648379052369
chr7	58	14	3941.0	0.3552397868561279
chr7	59	43	3900.0	1.1025641025641024
chr7	60	34	3849.0	0.883346323720447
chr7	61	15	3783.0	0.3965107057890563
chr7	62	8	3732.0	0.21436227224008575
chr7	63	16	3676.0	0.4352557127312296
chr7	64	15	3622.0	0.41413583655438985
chr7	65	38	3535.0	1.074964639321075
chr7	66	21	3476.0	0.6041426927502876
chr7	67	16	3418.0	0.4681100058513751
chr7	68	15	3362.0	0.446162998215348
chr7	69	6	3305.0	0.1815431164901664
chr7	70	14	3261.0	0.42931616068690587
chr7	71	9	3198.0	0.28142589118198874
chr7	72	11	3128.0	0.3516624040920716
chr7	73	13	3046.0	0.4267892317793828
chr7	74	11	2984.0	0.3686327077747989
chr7	75	12	2923.0	0.4105371193978789
chr7	76	10	2853.0	0.3505082369435682
chr7	77	13	2785.0	0.46678635547576297
chr7	78	12	2712.0	0.4424778761061947
chr7	79	14	2668.0	0.5247376311844079
chr7	80	8	2582.0	0.3098373353989156
chr7	81	7	2508.0	0.27910685805422647
chr7	82	6	2445.0	0.245398773006135
chr7	83	13	2402.0	0.5412156536219818
chr7	84	8	2342.0	0.3415883859948762
chr7	85	10	2283.0	0.4380201489268506
chr7	86	21	2238.0	0.938337801608579
chr7	87	23	2181.0	1.0545621274644659
chr7	88	6	2129.0	0.2818224518553311
chr7	89	11	2055.0	0.5352798053527981
chr7	90	8	1981.0	0.40383644623927306
chr7	91	7	1921.0	0.3643935450286309
chr7	92	4	1868.0	0.21413276231263384
chr7	93	6	1801.0	0.3331482509716824
chr7	94	6	1758.0	0.3412969283276451
chr7	95	4	1695.0	0.2359882005899705
chr7	96	3	1645.0	0.182370820668693
chr7	97	6	1582.0	0.37926675094816686
chr7	98	11	1510.0	0.728476821192053
chr7	99	8	1459.0	0.5483207676490748
chr7	100	6	1399.0	0.42887776983559683
chr7	101	3	1337.0	0.22438294689603588
chr7	102	5	1248.0	0.4006410256410256
chr7	103	4	1189.0	0.33641715727502103
chr7	104	7	1120.0	0.625
chr7	105	16	1059.0	1.5108593012275733
chr7	106	7	992.0	0.7056451612903225
chr7	107	10	908.0	1.1013215859030838
chr7	108	14	857.0	1.633605600933489
chr7	109	7	791.0	0.8849557522123894
chr7	110	6	732.0	0.819672131147541
chr7	111	8	659.0	1.2139605462822458
chr7	112	2	599.0	0.333889816360601
chr7	113	3	539.0	0.5565862708719851
chr7	114	2	471.0	0.42462845010615713
chr7	115	1	399.0	0.2506265664160401
chr7	116	1	343.0	0.2915451895043732
chr7	117	3	268.0	1.1194029850746268
chr7	118	1	200.0	0.5
chr7	119	1	124.0	0.8064516129032258
chr7	120	1	74.0	1.3513513513513513
chr7	121	0	32.0	0.0
chr7	122	0	0.0	nan
chr7	123	0	0.0	nan
chr7	124	0	0.0	nan
chr7	125	0	0.0	nan
chr7	126	0	0.0	nan
chr7	127	0	0.0	nan
chr7	128	0	0.0	nan
chr7	129	0	0.0	nan
chr7	130	0	0.0	nan
chr7	131	0	0.0	nan
chr7	132	0	0.0	nan
chr7	133	0	0.0	nan
chr7	134	0	0.0	nan
chr7	135	0	0.0	nan
chr8	-135	0	1.0	0.0
chr8	-134	0	3.0	0.0
chr8	-133	0	40.0	0.0
chr8	-132	0	86.0	0.0
chr8	-131	0	135.0	0.0
chr8	-130	1	190.0	0.5263157894736842
chr8	-129	2	242.0	0.8264462809917356
chr8	-128	1	294.0	0.3401360544217687
chr8	-127	0	340.0	0.0
chr8	-126	1	396.0	0.25252525252525254
chr8	-125	0	453.0	0.0
chr8	-124	1	504.0	0.1984126984126984
chr8	-123	0	557.0	0.0
chr8	-122	2	619.0	0.32310177705977383
chr8	-121	3	688.0	0.436046511627907
chr8	-120	4	738.0	0.5420054200542005
chr8	-119	0	785.0	0.0
chr8	-118	1	846.0	0.1182033096926714
chr8	-117	1	903.0	0.11074197120708748
chr8	-116	1	956.0	0.10460251046025104
chr8	-115	0	1011.0	0.0
chr8	-114	2	1050.0	0.19047619047619047
chr8	-113	3	1103.0	0.271985494106981
chr8	-112	0	1163.0	0.0
chr8	-111	0	1213.0	0.0
chr8	-110	1	1268.0	0.07886435331230283
chr8	-109	4	1330.0	0.30075187969924816
chr8	-108	2	1387.0	0.14419610670511895
chr8	-107	1	1457.0	0.06863417982155114
chr8	-106	0	1502.0	0.0
chr8	-105	0	1555.0	0.0
chr8	-104	0	1609.0	0.0
chr8	-103	3	1649.0	0.18192844147968465
chr8	-102	0	1709.0	0.0
chr8	-101	3	1758.0	0.17064846416382254
chr8	-100	4	1816.0	0.22026431718061676
chr8	-99	1	1840.0	0.05434782608695652
chr8	-98	1	1901.0	0.052603892688058915
chr8	-97	0	1951.0	0.0
chr8	-96	6	2001.0	0.29985007496251875
chr8	-95	2	2072.0	0.09652509652509653
chr8	-94	3	2132.0	0.14071294559099437
chr8	-93	14	2184.0	0.641025641025641
chr8	-92	1	2227.0	0.044903457566232596
chr8	-91	6	2280.0	0.2631578947368421
chr8	-90	2	2336.0	0.08561643835616438
chr8	-89	4	2373.0	0.1685630004214075
chr8	-88	3	2431.0	0.12340600575894693
chr8	-87	2	2473.0	0.08087343307723413
chr8	-86	2	2524.0	0.07923930269413629
chr8	-85	2	2579.0	0.07754943776657619
chr8	-84	5	2634.0	0.18982536066818526
chr8	-83	3	2691.0	0.11148272017837235
chr8	-82	19	2732.0	0.6954612005856515
chr8	-81	2	2807.0	0.07125044531528321
chr8	-80	14	2861.0	0.4893393918210416
chr8	-79	3	2914.0	0.10295126973232671
chr8	-78	12	2978.0	0.4029550033579583
chr8	-77	0	3054.0	0.0
chr8	-76	1	3104.0	0.03221649484536082
chr8	-75	2	3165.0	0.0631911532385466
chr8	-74	6	3225.0	0.18604651162790697
chr8	-73	4	3291.0	0.12154360376785171
chr8	-72	2	3347.0	0.05975500448162533
chr8	-71	5	3419.0	0.14624159110851126
chr8	-70	3	3469.0	0.08648025367541078
chr8	-69	2	3513.0	0.0569313976658127
chr8	-68	15	3562.0	0.4211117349803481
chr8	-67	6	3613.0	0.16606698034874065
chr8	-66	0	3658.0	0.0
chr8	-65	23	3714.0	0.6192784060312331
chr8	-64	3	3784.0	0.07928118393234672
chr8	-63	6	3831.0	0.15661707126076743
chr8	-62	1	3883.0	0.02575328354365182
chr8	-61	0	3938.0	0.0
chr8	-60	4	3976.0	0.1006036217303823
chr8	-59	1	4035.0	0.024783147459727387
chr8	-58	5	4106.0	0.12177301509985387
chr8	-57	16	4172.0	0.38350910834132307
chr8	-56	2	4231.0	0.04727014890096904
chr8	-55	5	4297.0	0.11636025133814289
chr8	-54	4	4356.0	0.09182736455463728
chr8	-53	2	4410.0	0.045351473922902494
chr8	-52	4	4485.0	0.08918617614269789
chr8	-51	7	4552.0	0.15377855887521968
chr8	-50	11	4611.0	0.23855996530036866
chr8	-49	6	4668.0	0.12853470437017994
chr8	-48	13	4737.0	0.2744352966012244
chr8	-47	1	4805.0	0.02081165452653486
chr8	-46	22	4843.0	0.4542638860210614
chr8	-45	5	4902.0	0.10199918400652795
chr8	-44	7	4969.0	0.14087341517407928
chr8	-43	5	5009.0	0.09982032341784787
chr8	-42	6	5064.0	0.11848341232227488
chr8	-41	1	5126.0	0.019508388607101055
chr8	-40	22	5188.0	0.4240555127216654
chr8	-39	8	5256.0	0.15220700152207
chr8	-38	19	5319.0	0.35721000188005264
chr8	-37	26	5368.0	0.48435171385991055
chr8	-36	11	5415.0	0.20313942751615882
chr8	-35	15	5475.0	0.273972602739726
chr8	-34	10	5551.0	0.18014772113132768
chr8	-33	10	5602.0	0.1785076758300607
chr8	-32	29	5661.0	0.5122769828652182
chr8	-31	9	5704.0	0.15778401122019636
chr8	-30	10	5773.0	0.17322016282695307
chr8	-29	7	5852.0	0.11961722488038277
chr8	-28	19	5892.0	0.3224711473183978
chr8	-27	10	5955.0	0.16792611251049538
chr8	-26	10	6012.0	0.166333998669328
chr8	-25	15	6061.0	0.24748391354561952
chr8	-24	8	6124.0	0.13063357282821686
chr8	-23	10	6194.0	0.16144656118824668
chr8	-22	4	6275.0	0.06374501992031872
chr8	-21	6	6364.0	0.09428032683846638
chr8	-20	8	6437.0	0.12428149759204597
chr8	-19	9	6493.0	0.13861081164330818
chr8	-18	13	6579.0	0.1975984192126463
chr8	-17	28	6633.0	0.42213176541534747
chr8	-16	13	6704.0	0.19391408114558473
chr8	-15	44	6775.0	0.6494464944649446
chr8	-14	32	6839.0	0.4679046644246235
chr8	-13	6	6914.0	0.08678044547295344
chr8	-12	15	7000.0	0.2142857142857143
chr8	-11	16	7077.0	0.22608449908153172
chr8	-10	36	7159.0	0.5028635284257578
chr8	-9	15	7159.0	0.2095264701773991
chr8	-8	19	7159.0	0.26540019555803884
chr8	-7	46	7160.0	0.6424581005586593
chr8	-6	18	7157.0	0.25150202598854265
chr8	-5	32	7158.0	0.44705224923162895
chr8	-4	8	7160.0	0.11173184357541899
chr8	-3	19	7157.0	0.265474360765684
chr8	-2	29	7159.0	0.40508450900963827
chr8	-1	46	7147.0	0.6436266965160208
chr8	0	52	7039.0	0.7387412984798977
chr8	1	39	6988.0	0.5580995993131082
chr8	2	16	6935.0	0.23071377072819035
chr8	3	22	6878.0	0.319860424542018
chr8	4	37	6816.0	0.5428403755868545
chr8	5	24	6782.0	0.3538779121203185
chr8	6	57	6724.0	0.8477096966091613
chr8	7	23	6663.0	0.34518985441993094
chr8	8	23	6616.0	0.3476420798065296
chr8	9	45	6547.0	0.6873377119291278
chr8	10	20	6493.0	0.30802402587401817
chr8	11	26	6423.0	0.4047952670091858
chr8	12	24	6375.0	0.3764705882352941
chr8	13	36	6328.0	0.5689001264222503
chr8	14	40	6260.0	0.6389776357827476
chr8	15	23	6210.0	0.3703703703703704
chr8	16	26	6152.0	0.42262678803641096
chr8	17	18	6106.0	0.2947920078611202
chr8	18	22	6051.0	0.3635762683853908
chr8	19	14	5995.0	0.23352793994995832
chr8	20	29	5936.0	0.488544474393531
chr8	21	23	5891.0	0.3904260736717026
chr8	22	25	5810.0	0.4302925989672977
chr8	23	16	5755.0	0.27801911381407474
chr8	24	22	5678.0	0.3874603733709053
chr8	25	31	5644.0	0.5492558469170801
chr8	26	24	5592.0	0.4291845493562232
chr8	27	16	5552.0	0.2881844380403458
chr8	28	30	5500.0	0.5454545454545455
chr8	29	23	5453.0	0.4217861727489456
chr8	30	24	5395.0	0.4448563484708063
chr8	31	46	5341.0	0.8612619359670474
chr8	32	19	5289.0	0.3592361505010399
chr8	33	24	5249.0	0.4572299485616308
chr8	34	34	5200.0	0.6538461538461539
chr8	35	20	5137.0	0.3893322951138797
chr8	36	48	5086.0	0.9437672040896579
chr8	37	21	5026.0	0.4178272980501393
chr8	38	23	4959.0	0.4638031861262351
chr8	39	24	4914.0	0.4884004884004884
chr8	40	17	4860.0	0.3497942386831276
chr8	41	15	4822.0	0.3110742430526752
chr8	42	26	4769.0	0.545187670371147
chr8	43	23	4728.0	0.4864636209813875
chr8	44	22	4664.0	0.4716981132075472
chr8	45	14	4619.0	0.30309590820523924
chr8	46	18	4576.0	0.3933566433566434
chr8	47	20	4512.0	0.44326241134751776
chr8	48	23	4453.0	0.5165057264765327
chr8	49	27	4400.0	0.6136363636363636
chr8	50	20	4343.0	0.4605111673958094
chr8	51	22	4293.0	0.5124621476822734
chr8	52	17	4236.0	0.40132200188857414
chr8	53	17	4184.0	0.40630975143403447
chr8	54	19	4119.0	0.46127700898276286
chr8	55	10	4052.0	0.24679170779861795
chr8	56	27	3997.0	0.6755066299724793
chr8	57	14	3930.0	0.356234096692112
chr8	58	18	3852.0	0.46728971962616817
chr8	59	12	3779.0	0.31754432389521037
chr8	60	19	3734.0	0.5088377075522228
chr8	61	16	3674.0	0.43549265106151336
chr8	62	15	3630.0	0.4132231404958678
chr8	63	28	3584.0	0.78125
chr8	64	26	3538.0	0.7348784624081401
chr8	65	16	3487.0	0.4588471465443074
chr8	66	10	3442.0	0.2905287623474724
chr8	67	26	3386.0	0.7678676904902539
chr8	68	13	3330.0	0.39039039039039036
chr8	69	26	3282.0	0.7921998781230957
chr8	70	20	3231.0	0.6190034045187248
chr8	71	17	3170.0	0.5362776025236593
chr8	72	10	3106.0	0.3219575016097875
chr8	73	16	3044.0	0.5256241787122208
chr8	74	22	2975.0	0.7394957983193278
chr8	75	13	2925.0	0.4444444444444444
chr8	76	20	2863.0	0.6985679357317499
chr8	77	31	2798.0	1.1079342387419584
chr8	78	17	2754.0	0.6172839506172839
chr8	79	20	2695.0	0.7421150278293136
chr8	80	8	2620.0	0.3053435114503817
chr8	81	17	2553.0	0.6658832745789268
chr8	82	22	2503.0	0.8789452656811825
chr8	83	5	2440.0	0.20491803278688525
chr8	84	12	2373.0	0.5056890012642226
chr8	85	10	2306.0	0.43365134431916735
chr8	86	12	2264.0	0.5300353356890459
chr8	87	8	2200.0	0.36363636363636365
chr8	88	8	2147.0	0.37261294829995345
chr8	89	11	2099.0	0.5240590757503573
chr8	90	9	2047.0	0.4396678065461651
chr8	91	13	1981.0	0.6562342251388188
chr8	92	17	1921.0	0.8849557522123894
chr8	93	14	1856.0	0.7543103448275862
chr8	94	10	1783.0	0.5608524957936063
chr8	95	10	1728.0	0.5787037037037037
chr8	96	13	1680.0	0.7738095238095238
chr8	97	12	1615.0	0.7430340557275541
chr8	98	1	1552.0	0.06443298969072164
chr8	99	10	1501.0	0.6662225183211192
chr8	100	7	1445.0	0.4844290657439446
chr8	101	4	1397.0	0.28632784538296346
chr8	102	8	1330.0	0.6015037593984963
chr8	103	6	1254.0	0.4784688995215311
chr8	104	7	1214.0	0.5766062602965404
chr8	105	6	1156.0	0.5190311418685121
chr8	106	6	1082.0	0.5545286506469501
chr8	107	8	1004.0	0.796812749003984
chr8	108	7	949.0	0.7376185458377239
chr8	109	4	885.0	0.4519774011299435
chr8	110	7	819.0	0.8547008547008548
chr8	111	2	732.0	0.273224043715847
chr8	112	6	655.0	0.9160305343511451
chr8	113	4	607.0	0.6589785831960462
chr8	114	2	543.0	0.3683241252302026
chr8	115	3	479.0	0.6263048016701461
chr8	116	0	394.0	0.0
chr8	117	0	325.0	0.0
chr8	118	2	260.0	0.7692307692307693
chr8	119	2	183.0	1.092896174863388
chr8	120	0	109.0	0.0
chr8	121	0	41.0	0.0
chr8	122	0	0.0	nan
chr8	123	0	0.0	nan
chr8	124	0	0.0	nan
chr8	125	0	0.0	nan
chr8	126	0	0.0	nan
chr8	127	0	0.0	nan
chr8	128	0	0.0	nan
chr8	129	0	0.0	nan
chr8	130	0	0.0	nan
chr8	131	0	0.0	nan
chr8	132	0	0.0	nan
chr8	133	0	0.0	nan
chr8	134	0	0.0	nan
chr8	135	0	0.0	nan
chr8	136	0	0.0	nan
chr8	137	0	0.0	nan
chr8	138	0	0.0	nan
chr8	139	0	0.0	nan
chr9	-133	0	16.0	0.0
chr9	-132	0	32.0	0.0
chr9	-131	0	50.0	0.0
chr9	-130	0	77.0	0.0
chr9	-129	0	102.0	0.0
chr9	-128	0	130.0	0.0
chr9	-127	0	158.0	0.0
chr9	-126	0	172.0	0.0
chr9	-125	0	197.0	0.0
chr9	-124	0	222.0	0.0
chr9	-123	0	242.0	0.0
chr9	-122	0	251.0	0.0
chr9	-121	0	276.0	0.0
chr9	-120	1	299.0	0.33444816053511706
chr9	-119	1	318.0	0.3144654088050315
chr9	-118	0	332.0	0.0
chr9	-117	0	355.0	0.0
chr9	-116	0	378.0	0.0
chr9	-115	0	405.0	0.0
chr9	-114	0	429.0	0.0
chr9	-113	1	446.0	0.2242152466367713
chr9	-112	1	460.0	0.21739130434782608
chr9	-111	0	482.0	0.0
chr9	-110	0	498.0	0.0
chr9	-109	0	512.0	0.0
chr9	-108	1	543.0	0.1841620626151013
chr9	-107	4	564.0	0.7092198581560284
chr9	-106	1	586.0	0.17064846416382254
chr9	-105	0	606.0	0.0
chr9	-104	0	630.0	0.0
chr9	-103	0	650.0	0.0
chr9	-102	0	663.0	0.0
chr9	-101	0	687.0	0.0
chr9	-100	3	709.0	0.4231311706629055
chr9	-99	6	730.0	0.821917808219178
chr9	-98	1	758.0	0.13192612137203166
chr9	-97	8	773.0	1.034928848641656
chr9	-96	1	798.0	0.12531328320802004
chr9	-95	1	838.0	0.11933174224343676
chr9	-94	0	852.0	0.0
chr9	-93	1	868.0	0.1152073732718894
chr9	-92	1	885.0	0.11299435028248588
chr9	-91	0	909.0	0.0
chr9	-90	3	936.0	0.3205128205128205
chr9	-89	0	956.0	0.0
chr9	-88	1	975.0	0.10256410256410256
chr9	-87	0	988.0	0.0
chr9	-86	1	1004.0	0.099601593625498
chr9	-85	3	1027.0	0.2921129503407984
chr9	-84	17	1044.0	1.628352490421456
chr9	-83	3	1056.0	0.2840909090909091
chr9	-82	1	1066.0	0.09380863039399624
chr9	-81	7	1086.0	0.6445672191528545
chr9	-80	1	1121.0	0.08920606601248886
chr9	-79	1	1138.0	0.08787346221441124
chr9	-78	2	1169.0	0.1710863986313088
chr9	-77	7	1190.0	0.5882352941176471
chr9	-76	0	1210.0	0.0
chr9	-75	6	1233.0	0.48661800486618007
chr9	-74	4	1259.0	0.3177124702144559
chr9	-73	0	1281.0	0.0
chr9	-72	4	1300.0	0.3076923076923077
chr9	-71	0	1323.0	0.0
chr9	-70	1	1342.0	0.07451564828614009
chr9	-69	0	1380.0	0.0
chr9	-68	11	1406.0	0.7823613086770981
chr9	-67	14	1416.0	0.9887005649717515
chr9	-66	0	1433.0	0.0
chr9	-65	3	1457.0	0.20590253946465342
chr9	-64	2	1472.0	0.1358695652173913
chr9	-63	2	1504.0	0.13297872340425532
chr9	-62	1	1524.0	0.06561679790026247
chr9	-61	0	1544.0	0.0
chr9	-60	3	1570.0	0.1910828025477707
chr9	-59	2	1606.0	0.12453300124533001
chr9	-58	5	1632.0	0.30637254901960786
chr9	-57	1	1656.0	0.06038647342995169
chr9	-56	5	1683.0	0.29708853238265004
chr9	-55	4	1701.0	0.23515579071134626
chr9	-54	1	1722.0	0.05807200929152149
chr9	-53	2	1747.0	0.11448196908986834
chr9	-52	2	1775.0	0.11267605633802817
chr9	-51	10	1792.0	0.5580357142857143
chr9	-50	2	1824.0	0.10964912280701754
chr9	-49	1	1844.0	0.05422993492407809
chr9	-48	3	1861.0	0.16120365394948952
chr9	-47	0	1880.0	0.0
chr9	-46	17	1909.0	0.8905185961236249
chr9	-45	2	1938.0	0.10319917440660474
chr9	-44	3	1968.0	0.1524390243902439
chr9	-43	4	1992.0	0.2008032128514056
chr9	-42	0	2015.0	0.0
chr9	-41	3	2041.0	0.14698677119059284
chr9	-40	3	2069.0	0.14499758337361043
chr9	-39	2	2084.0	0.09596928982725528
chr9	-38	0	2102.0	0.0
chr9	-37	2	2126.0	0.09407337723424271
chr9	-36	10	2149.0	0.46533271288971617
chr9	-35	9	2173.0	0.41417395306028537
chr9	-34	3	2202.0	0.13623978201634876
chr9	-33	2	2211.0	0.09045680687471733
chr9	-32	1	2232.0	0.044802867383512544
chr9	-31	4	2257.0	0.17722640673460346
chr9	-30	3	2289.0	0.1310615989515072
chr9	-29	4	2313.0	0.17293558149589278
chr9	-28	3	2340.0	0.1282051282051282
chr9	-27	3	2371.0	0.12652889076339097
chr9	-26	0	2390.0	0.0
chr9	-25	13	2416.0	0.5380794701986755
chr9	-24	3	2441.0	0.12290045063498567
chr9	-23	3	2461.0	0.12190166598943519
chr9	-22	2	2486.0	0.08045052292839903
chr9	-21	12	2515.0	0.4771371769383698
chr9	-20	2	2541.0	0.07870916961826052
chr9	-19	6	2571.0	0.2333722287047841
chr9	-18	1	2594.0	0.03855050115651503
chr9	-17	2	2641.0	0.07572889057175312
chr9	-16	5	2665.0	0.18761726078799248
chr9	-15	9	2700.0	0.33333333333333337
chr9	-14	36	2731.0	1.3181984621017944
chr9	-13	8	2763.0	0.2895403546869345
chr9	-12	0	2787.0	0.0
chr9	-11	4	2815.0	0.14209591474245115
chr9	-10	8	2866.0	0.2791346824842987
chr9	-9	12	2866.0	0.41870202372644805
chr9	-8	5	2866.0	0.17445917655268667
chr9	-7	18	2865.0	0.6282722513089005
chr9	-6	4	2828.0	0.14144271570014144
chr9	-5	13	2828.0	0.4596888260254597
chr9	-4	5	2828.0	0.1768033946251768
chr9	-3	33	2828.0	1.166902404526167
chr9	-2	5	2828.0	0.1768033946251768
chr9	-1	14	2828.0	0.49504950495049505
chr9	0	18	2810.0	0.6405693950177936
chr9	1	11	2782.0	0.39539899352983465
chr9	2	37	2761.0	1.3400941687794277
chr9	3	6	2736.0	0.21929824561403508
chr9	4	4	2704.0	0.14792899408284024
chr9	5	8	2683.0	0.2981736861721953
chr9	6	23	2677.0	0.8591707134852448
chr9	7	8	2645.0	0.30245746691871456
chr9	8	3	2627.0	0.11419870574800152
chr9	9	10	2607.0	0.38358266206367475
chr9	10	7	2595.0	0.2697495183044316
chr9	11	6	2565.0	0.23391812865497078
chr9	12	11	2548.0	0.4317111459968602
chr9	13	37	2531.0	1.4618727775582774
chr9	14	8	2510.0	0.3187250996015936
chr9	15	6	2490.0	0.24096385542168677
chr9	16	10	2465.0	0.4056795131845842
chr9	17	7	2443.0	0.28653295128939826
chr9	18	5	2424.0	0.20627062706270624
chr9	19	7	2404.0	0.2911813643926789
chr9	20	23	2392.0	0.9615384615384616
chr9	21	8	2369.0	0.33769523005487545
chr9	22	10	2356.0	0.4244482173174873
chr9	23	7	2337.0	0.2995293110825845
chr9	24	17	2302.0	0.7384882710686359
chr9	25	8	2284.0	0.3502626970227671
chr9	26	2	2258.0	0.08857395925597875
chr9	27	6	2237.0	0.2682163611980331
chr9	28	9	2219.0	0.405588102748986
chr9	29	1	2201.0	0.045433893684688774
chr9	30	11	2193.0	0.5015959872321021
chr9	31	6	2157.0	0.27816411682892905
chr9	32	9	2139.0	0.42075736325385693
chr9	33	3	2106.0	0.14245014245014245
chr9	34	9	2081.0	0.4324843825084094
chr9	35	6	2063.0	0.290838584585555
chr9	36	7	2041.0	0.34296913277804997
chr9	37	12	2002.0	0.5994005994005994
chr9	38	5	1989.0	0.2513826043237808
chr9	39	2	1973.0	0.10136847440446022
chr9	40	7	1945.0	0.35989717223650386
chr9	41	7	1927.0	0.3632589517384536
chr9	42	0	1899.0	0.0
chr9	43	7	1893.0	0.369783412572636
chr9	44	9	1870.0	0.4812834224598931
chr9	45	15	1848.0	0.8116883116883116
chr9	46	10	1834.0	0.5452562704471101
chr9	47	2	1816.0	0.11013215859030838
chr9	48	6	1799.0	0.33351862145636463
chr9	49	7	1779.0	0.39347948285553686
chr9	50	7	1755.0	0.39886039886039887
chr9	51	6	1738.0	0.34522439585730724
chr9	52	10	1722.0	0.5807200929152149
chr9	53	8	1695.0	0.471976401179941
chr9	54	5	1665.0	0.3003003003003003
chr9	55	9	1650.0	0.5454545454545455
chr9	56	8	1627.0	0.4917025199754148
chr9	57	6	1609.0	0.3729024238657551
chr9	58	6	1573.0	0.3814367450731087
chr9	59	4	1550.0	0.25806451612903225
chr9	60	5	1528.0	0.32722513089005234
chr9	61	7	1508.0	0.4641909814323607
chr9	62	6	1496.0	0.4010695187165776
chr9	63	5	1466.0	0.34106412005457026
chr9	64	4	1432.0	0.27932960893854747
chr9	65	5	1422.0	0.35161744022503516
chr9	66	13	1401.0	0.9279086366880799
chr9	67	32	1381.0	2.3171614771904414
chr9	68	7	1359.0	0.515084621044886
chr9	69	10	1323.0	0.7558578987150416
chr9	70	8	1297.0	0.6168080185042405
chr9	71	1	1267.0	0.07892659826361484
chr9	72	0	1247.0	0.0
chr9	73	9	1218.0	0.7389162561576355
chr9	74	3	1202.0	0.24958402662229617
chr9	75	5	1180.0	0.423728813559322
chr9	76	13	1160.0	1.1206896551724137
chr9	77	3	1138.0	0.26362038664323373
chr9	78	4	1115.0	0.35874439461883406
chr9	79	6	1094.0	0.5484460694698354
chr9	80	4	1064.0	0.37593984962406013
chr9	81	5	1044.0	0.4789272030651341
chr9	82	7	1020.0	0.6862745098039216
chr9	83	26	1004.0	2.589641434262948
chr9	84	10	984.0	1.0162601626016259
chr9	85	10	954.0	1.0482180293501049
chr9	86	6	923.0	0.6500541711809318
chr9	87	4	893.0	0.4479283314669653
chr9	88	5	867.0	0.5767012687427913
chr9	89	3	838.0	0.35799522673031026
chr9	90	3	819.0	0.3663003663003663
chr9	91	1	796.0	0.12562814070351758
chr9	92	7	765.0	0.9150326797385622
chr9	93	3	753.0	0.398406374501992
chr9	94	6	737.0	0.8141112618724559
chr9	95	4	715.0	0.5594405594405595
chr9	96	10	698.0	1.4326647564469914
chr9	97	4	668.0	0.5988023952095809
chr9	98	3	641.0	0.46801872074883
chr9	99	5	627.0	0.7974481658692184
chr9	100	8	604.0	1.3245033112582782
chr9	101	6	581.0	1.0327022375215147
chr9	102	1	554.0	0.18050541516245489
chr9	103	4	533.0	0.7504690431519699
chr9	104	1	505.0	0.19801980198019803
chr9	105	2	475.0	0.42105263157894735
chr9	106	8	446.0	1.7937219730941705
chr9	107	2	423.0	0.4728132387706856
chr9	108	3	405.0	0.7407407407407408
chr9	109	0	386.0	0.0
chr9	110	2	351.0	0.5698005698005698
chr9	111	0	325.0	0.0
chr9	112	1	303.0	0.33003300330033003
chr9	113	2	273.0	0.7326007326007326
chr9	114	0	246.0	0.0
chr9	115	0	202.0	0.0
chr9	116	1	174.0	0.5747126436781609
chr9	117	1	145.0	0.6896551724137931
chr9	118	1	110.0	0.9090909090909091
chr9	119	0	71.0	0.0
chr9	120	1	51.0	1.9607843137254901
chr9	121	0	24.0	0.0
chr9	122	0	0.0	nan
chr9	123	0	0.0	nan
chr9	124	0	0.0	nan
chr9	125	0	0.0	nan
chr9	126	0	0.0	nan
chr9	127	0	0.0	nan
chr9	128	0	0.0	nan
chr9	129	0	0.0	nan
chr9	130	0	0.0	nan
chr9	131	0	0.0	nan
chr9	132	0	0.0	nan
chr9	133	0	0.0	nan
chr9	134	0	0.0	nan
chr10	-151	0	0.0	nan
chr10	-150	0	0.0	nan
chr10	-149	0	0.0	nan
chr10	-148	0	0.0	nan
chr10	-147	0	0.0	nan
chr10	-146	0	0.0	nan
chr10	-145	0	0.0	nan
chr10	-144	0	0.0	nan
chr10	-143	0	0.0	nan
chr10	-142	0	0.0	nan
chr10	-141	0	0.0	nan
chr10	-140	0	0.0	nan
chr10	-139	0	6.0	0.0
chr10	-138	0	6.0	0.0
chr10	-137	0	7.0	0.0
chr10	-136	0	12.0	0.0
chr10	-135	0	15.0	0.0
chr10	-134	0	25.0	0.0
chr10	-133	0	494.0	0.0
chr10	-132	1	1045.0	0.09569377990430622
chr10	-131	6	1620.0	0.3703703703703704
chr10	-130	6	2303.0	0.26052974381241856
chr10	-129	3	3012.0	0.099601593625498
chr10	-128	1	3704.0	0.02699784017278618
chr10	-127	4	4408.0	0.09074410163339383
chr10	-126	8	5090.0	0.15717092337917485
chr10	-125	13	5801.0	0.22409929322530597
chr10	-124	12	6466.0	0.18558614290133002
chr10	-123	14	7164.0	0.1954215522054718
chr10	-122	13	7862.0	0.16535232765199695
chr10	-121	14	8532.0	0.16408813877168307
chr10	-120	13	9203.0	0.14125828534173637
chr10	-119	21	9876.0	0.212636695018226
chr10	-118	27	10561.0	0.2556576081810435
chr10	-117	17	11216.0	0.1515691868758916
chr10	-116	23	11914.0	0.19305019305019305
chr10	-115	26	12641.0	0.2056799303852543
chr10	-114	17	13343.0	0.12740762946863524
chr10	-113	29	14119.0	0.20539698278914936
chr10	-112	28	14874.0	0.18824794944197928
chr10	-111	23	15562.0	0.14779591312170673
chr10	-110	48	16208.0	0.29615004935834155
chr10	-109	30	16878.0	0.17774617845716317
chr10	-108	48	17544.0	0.27359781121751026
chr10	-107	18	18224.0	0.09877085162423178
chr10	-106	49	18869.0	0.25968519794371725
chr10	-105	20	19527.0	0.10242228708967072
chr10	-104	28	20194.0	0.13865504605328316
chr10	-103	26	20803.0	0.12498197375378552
chr10	-102	62	21503.0	0.2883318606706041
chr10	-101	51	22219.0	0.22953328232593728
chr10	-100	18	22910.0	0.0785683107813182
chr10	-99	45	23537.0	0.19118834175978247
chr10	-98	43	24201.0	0.17767860832197016
chr10	-97	60	24859.0	0.24136127760569612
chr10	-96	34	25482.0	0.13342751746330742
chr10	-95	52	26137.0	0.19895167769828212
chr10	-94	47	26742.0	0.17575349637274698
chr10	-93	25	27439.0	0.09111119209883743
chr10	-92	35	28126.0	0.12444001991040318
chr10	-91	80	28831.0	0.27747910235510387
chr10	-90	60	29475.0	0.2035623409669211
chr10	-89	44	30133.0	0.1460193143729466
chr10	-88	79	30850.0	0.25607779578606155
chr10	-87	38	31555.0	0.12042465536365077
chr10	-86	55	32188.0	0.17087113209891885
chr10	-85	59	32807.0	0.17983966836345902
chr10	-84	69	33522.0	0.20583497404689458
chr10	-83	65	34186.0	0.1901363131106301
chr10	-82	66	34930.0	0.18894932722588034
chr10	-81	85	35540.0	0.23916713562183453
chr10	-80	63	36229.0	0.17389384194981922
chr10	-79	84	36880.0	0.227765726681128
chr10	-78	94	37568.0	0.25021294718909715
chr10	-77	67	38269.0	0.17507643262170425
chr10	-76	54	38947.0	0.13864996020232626
chr10	-75	75	39614.0	0.18932700560407936
chr10	-74	44	40278.0	0.10924077660261185
chr10	-73	88	40975.0	0.2147651006711409
chr10	-72	59	41703.0	0.14147663237656763
chr10	-71	90	42368.0	0.21242447129909367
chr10	-70	113	42976.0	0.2629374534623976
chr10	-69	73	43648.0	0.16724706744868034
chr10	-68	115	44325.0	0.25944726452340666
chr10	-67	69	44985.0	0.1533844614871624
chr10	-66	94	45706.0	0.20566227628757713
chr10	-65	129	46384.0	0.27811314246291824
chr10	-64	82	47035.0	0.17433825874348888
chr10	-63	75	47749.0	0.1570713522796289
chr10	-62	99	48390.0	0.20458772473651582
chr10	-61	84	49092.0	0.17110730872647273
chr10	-60	65	49793.0	0.13054043741088106
chr10	-59	101	50412.0	0.20034912322462903
chr10	-58	117	51071.0	0.22909283154823679
chr10	-57	83	51784.0	0.16028116792831765
chr10	-56	107	52502.0	0.2038017599329549
chr10	-55	67	53196.0	0.1259493194977066
chr10	-54	116	53842.0	0.2154451914862004
chr10	-53	166	54556.0	0.3042745069286605
chr10	-52	98	55177.0	0.1776102361491201
chr10	-51	140	55819.0	0.2508106558698651
chr10	-50	130	56475.0	0.23019034971226204
chr10	-49	112	57140.0	0.1960098004900245
chr10	-48	115	57778.0	0.19903769600886154
chr10	-47	117	58499.0	0.2000034188618609
chr10	-46	141	59244.0	0.2379987846870569
chr10	-45	132	59919.0	0.22029740149201424
chr10	-44	128	60614.0	0.2111723364239285
chr10	-43	119	61267.0	0.19423180505002693
chr10	-42	175	61910.0	0.28266838959780327
chr10	-41	144	62591.0	0.23006502532312953
chr10	-40	150	63294.0	0.2369892880841786
chr10	-39	162	63987.0	0.253176426461625
chr10	-38	161	64691.0	0.2488754231655099
chr10	-37	155	65363.0	0.23713721830393342
chr10	-36	135	66063.0	0.20435039280686618
chr10	-35	161	66739.0	0.24123825649170652
chr10	-34	142	67446.0	0.21053880141149958
chr10	-33	179	68133.0	0.2627214418857235
chr10	-32	191	68850.0	0.2774146695715323
chr10	-31	154	69508.0	0.22155723082235138
chr10	-30	153	70176.0	0.2180232558139535
chr10	-29	160	70933.0	0.22556496976019624
chr10	-28	206	71640.0	0.28754885538805136
chr10	-27	130	72319.0	0.17975912277548087
chr10	-26	213	73038.0	0.2916290150332704
chr10	-25	203	73812.0	0.27502303148539536
chr10	-24	167	74487.0	0.22420019600735702
chr10	-23	177	75215.0	0.2353254005185136
chr10	-22	244	76043.0	0.3208710860960246
chr10	-21	133	76822.0	0.1731274895212309
chr10	-20	222	77581.0	0.286152537348062
chr10	-19	172	78296.0	0.21967916624093184
chr10	-18	232	79097.0	0.29331074503457777
chr10	-17	240	79851.0	0.3005597926137431
chr10	-16	209	80713.0	0.258942177840001
chr10	-15	261	81492.0	0.320276836990134
chr10	-14	225	82325.0	0.2733070148800486
chr10	-13	235	83087.0	0.2828360634034205
chr10	-12	290	84052.0	0.3450245086375101
chr10	-11	219	84971.0	0.2577349919384261
chr10	-10	313	85912.0	0.3643262873638141
chr10	-9	289	85890.0	0.3364768890441262
chr10	-8	271	85855.0	0.31564847708345467
chr10	-7	415	85854.0	0.4833787592890256
chr10	-6	268	85888.0	0.31203427719821164
chr10	-5	319	85897.0	0.37137501891800645
chr10	-4	248	85902.0	0.2887010779725734
chr10	-3	208	85905.0	0.2421279320179268
chr10	-2	288	85826.0	0.33556265001281665
chr10	-1	632	85821.0	0.7364164947973106
chr10	0	972	84168.0	1.1548331907613345
chr10	1	365	83483.0	0.4372147622869326
chr10	2	331	82899.0	0.39928105284744086
chr10	3	370	82169.0	0.4502914724531149
chr10	4	403	81506.0	0.49444212695997847
chr10	5	352	80800.0	0.4356435643564357
chr10	6	475	80068.0	0.5932457411200479
chr10	7	374	79355.0	0.4712998550815954
chr10	8	386	78700.0	0.49047013977128334
chr10	9	359	78022.0	0.46012663095024475
chr10	10	264	77380.0	0.34117342982682863
chr10	11	355	76681.0	0.46295692544437345
chr10	12	298	75960.0	0.3923117430226435
chr10	13	300	75302.0	0.3983957929404265
chr10	14	377	74589.0	0.5054364584590221
chr10	15	318	73936.0	0.43010170958666954
chr10	16	318	73158.0	0.4346756335602395
chr10	17	290	72442.0	0.4003202562049639
chr10	18	385	71670.0	0.5371843170085112
chr10	19	352	70963.0	0.4960331440328058
chr10	20	249	70303.0	0.3541811871470634
chr10	21	346	69644.0	0.49681236000229734
chr10	22	299	68932.0	0.43376080775256776
chr10	23	286	68285.0	0.4188328329794245
chr10	24	300	67643.0	0.4435048711618349
chr10	25	334	66928.0	0.499043748505857
chr10	26	259	66272.0	0.3908136166103332
chr10	27	327	65593.0	0.4985288064275151
chr10	28	288	64873.0	0.44394432198295136
chr10	29	314	64193.0	0.4891499073107659
chr10	30	302	63515.0	0.47547823348815244
chr10	31	302	62829.0	0.4806697544127712
chr10	32	273	62204.0	0.43887852871197996
chr10	33	259	61556.0	0.42075508480083174
chr10	34	284	60860.0	0.46664475846204406
chr10	35	267	60198.0	0.4435363301106349
chr10	36	252	59616.0	0.4227053140096618
chr10	37	296	58999.0	0.501703418702012
chr10	38	250	58349.0	0.42845635743543165
chr10	39	212	57654.0	0.367710826655566
chr10	40	220	56931.0	0.38643269923240414
chr10	41	302	56196.0	0.5374047974944836
chr10	42	224	55554.0	0.4032112899161176
chr10	43	239	54939.0	0.43502794007899676
chr10	44	226	54284.0	0.4163289367032644
chr10	45	252	53578.0	0.47034230467729293
chr10	46	221	52941.0	0.4174458359305642
chr10	47	260	52270.0	0.4974172565525158
chr10	48	250	51519.0	0.48525786603000837
chr10	49	242	50872.0	0.4757037270011008
chr10	50	239	50182.0	0.47626639033916546
chr10	51	212	49542.0	0.42791974486294454
chr10	52	247	48862.0	0.5055053006426262
chr10	53	250	48182.0	0.5188659665435225
chr10	54	187	47443.0	0.3941571991653142
chr10	55	198	46796.0	0.42311308658859725
chr10	56	215	46141.0	0.46596302637567455
chr10	57	203	45515.0	0.44600681094144784
chr10	58	207	44834.0	0.4617031717000491
chr10	59	191	44135.0	0.4327631131754843
chr10	60	177	43394.0	0.4078904917730562
chr10	61	230	42739.0	0.5381501672945086
chr10	62	209	42121.0	0.496189549156003
chr10	63	146	41477.0	0.3520023145357668
chr10	64	227	40765.0	0.5568502391757635
chr10	65	202	40072.0	0.5040926332601318
chr10	66	156	39340.0	0.3965429588205389
chr10	67	177	38673.0	0.457683655263362
chr10	68	200	38033.0	0.5258591223411248
chr10	69	200	37353.0	0.5354322276657832
chr10	70	229	36696.0	0.6240462175713974
chr10	71	153	36020.0	0.42476401998889507
chr10	72	158	35385.0	0.44651688568602516
chr10	73	197	34713.0	0.5675107308501138
chr10	74	172	34045.0	0.5052136877661918
chr10	75	140	33325.0	0.42010502625656415
chr10	76	172	32616.0	0.5273485405935737
chr10	77	164	31884.0	0.5143645715719484
chr10	78	146	31228.0	0.46752914051492245
chr10	79	152	30589.0	0.49691065415672303
chr10	80	190	29942.0	0.6345601496226037
chr10	81	155	29327.0	0.5285232038735637
chr10	82	190	28681.0	0.6624594679404484
chr10	83	161	28029.0	0.5744050804523886
chr10	84	142	27330.0	0.5195755579948774
chr10	85	130	26611.0	0.48851978505129456
chr10	86	111	25900.0	0.4285714285714286
chr10	87	168	25209.0	0.6664286564322266
chr10	88	118	24553.0	0.48059300289170365
chr10	89	139	23875.0	0.5821989528795811
chr10	90	111	23182.0	0.4788197739625572
chr10	91	104	22563.0	0.4609316137038515
chr10	92	96	21896.0	0.43843624406284254
chr10	93	86	21171.0	0.4062160502574276
chr10	94	101	20465.0	0.4935255313950647
chr10	95	120	19797.0	0.6061524473405061
chr10	96	108	19056.0	0.5667506297229219
chr10	97	95	18390.0	0.5165851005981512
chr10	98	90	17709.0	0.5082161612739285
chr10	99	71	17050.0	0.41642228739002934
chr10	100	117	16365.0	0.7149404216315307
chr10	101	106	15680.0	0.6760204081632654
chr10	102	76	15011.0	0.5062953833855173
chr10	103	76	14280.0	0.5322128851540616
chr10	104	72	13542.0	0.5316792202038104
chr10	105	71	12877.0	0.5513706608682146
chr10	106	48	12108.0	0.39643211100099107
chr10	107	65	11375.0	0.5714285714285714
chr10	108	57	10635.0	0.5359661495063469
chr10	109	59	9951.0	0.5929052356547081
chr10	110	60	9139.0	0.656526972316446
chr10	111	41	8388.0	0.4887935145445875
chr10	112	51	7595.0	0.6714944042132982
chr10	113	42	6782.0	0.6192863462105573
chr10	114	32	6070.0	0.5271828665568369
chr10	115	42	5282.0	0.7951533510034078
chr10	116	29	4443.0	0.6527121314427189
chr10	117	27	3596.0	0.7508342602892102
chr10	118	15	2780.0	0.539568345323741
chr10	119	8	1969.0	0.40629761300152356
chr10	120	2	1173.0	0.17050298380221654
chr10	121	2	533.0	0.37523452157598497
chr10	122	0	0.0	nan
chr10	123	0	0.0	nan
chr10	124	0	0.0	nan
chr10	125	0	0.0	nan
chr10	126	0	0.0	nan
chr10	127	0	0.0	nan
chr10	128	0	0.0	nan
chr10	129	0	0.0	nan
chr10	130	0	0.0	nan
chr10	131	0	0.0	nan
chr10	132	0	0.0	nan
chr10	133	0	0.0	nan
chr10	134	0	0.0	nan
chr10	135	0	0.0	nan
chr10	136	0	0.0	nan
chr10	137	0	0.0	nan
chr10	138	0	0.0	nan
chr10	139	0	0.0	nan
chr10	140	0	0.0	nan
chr10	141	0	0.0	nan
chr10	142	0	0.0	nan
chr10	143	0	0.0	nan
chr10	144	0	0.0	nan
chr10	145	0	0.0	nan
chr10	146	0	0.0	nan
chr10	147	0	0.0	nan
chr10	148	0	0.0	nan
chr10	149	0	0.0	nan
chr10	150	0	0.0	nan
chr10	151	0	0.0	nan
chr10	152	0	0.0	nan
chr10	153	0	0.0	nan
chr10	154	0	0.0	nan
chr11	-135	0	1.0	0.0
chr11	-134	0	2.0	0.0
chr11	-133	0	43.0	0.0
chr11	-132	5	89.0	5.617977528089887
chr11	-131	0	130.0	0.0
chr11	-130	0	179.0	0.0
chr11	-129	0	226.0	0.0
chr11	-128	0	269.0	0.0
chr11	-127	1	305.0	0.32786885245901637
chr11	-126	0	349.0	0.0
chr11	-125	1	419.0	0.23866348448687352
chr11	-124	1	476.0	0.21008403361344538
chr11	-123	0	522.0	0.0
chr11	-122	1	578.0	0.17301038062283738
chr11	-121	1	626.0	0.1597444089456869
chr11	-120	2	673.0	0.2971768202080238
chr11	-119	0	718.0	0.0
chr11	-118	2	782.0	0.2557544757033248
chr11	-117	1	825.0	0.12121212121212122
chr11	-116	0	873.0	0.0
chr11	-115	1	910.0	0.10989010989010989
chr11	-114	0	959.0	0.0
chr11	-113	0	1006.0	0.0
chr11	-112	0	1045.0	0.0
chr11	-111	0	1103.0	0.0
chr11	-110	1	1147.0	0.08718395815170009
chr11	-109	0	1207.0	0.0
chr11	-108	0	1260.0	0.0
chr11	-107	1	1305.0	0.07662835249042146
chr11	-106	1	1364.0	0.07331378299120235
chr11	-105	0	1412.0	0.0
chr11	-104	0	1438.0	0.0
chr11	-103	1	1488.0	0.06720430107526883
chr11	-102	8	1531.0	0.5225342913128674
chr11	-101	0	1603.0	0.0
chr11	-100	4	1665.0	0.24024024024024024
chr11	-99	0	1707.0	0.0
chr11	-98	19	1763.0	1.0777084515031197
chr11	-97	4	1809.0	0.22111663902708678
chr11	-96	1	1861.0	0.05373455131649651
chr11	-95	4	1902.0	0.2103049421661409
chr11	-94	15	1947.0	0.7704160246533128
chr11	-93	0	1982.0	0.0
chr11	-92	0	2047.0	0.0
chr11	-91	6	2115.0	0.28368794326241137
chr11	-90	11	2148.0	0.5121042830540037
chr11	-89	2	2194.0	0.09115770282588878
chr11	-88	1	2240.0	0.044642857142857144
chr11	-87	1	2282.0	0.04382120946538125
chr11	-86	3	2326.0	0.1289767841788478
chr11	-85	5	2361.0	0.21177467174925876
chr11	-84	13	2388.0	0.5443886097152428
chr11	-83	2	2435.0	0.08213552361396304
chr11	-82	4	2474.0	0.16168148746968472
chr11	-81	3	2530.0	0.11857707509881424
chr11	-80	5	2590.0	0.19305019305019305
chr11	-79	5	2646.0	0.1889644746787604
chr11	-78	12	2701.0	0.4442798963346909
chr11	-77	0	2736.0	0.0
chr11	-76	2	2797.0	0.07150518412584912
chr11	-75	6	2826.0	0.21231422505307856
chr11	-74	2	2862.0	0.06988120195667365
chr11	-73	2	2906.0	0.06882312456985547
chr11	-72	4	2955.0	0.1353637901861252
chr11	-71	12	3014.0	0.3981420039814201
chr11	-70	4	3073.0	0.13016596160104132
chr11	-69	4	3136.0	0.12755102040816327
chr11	-68	20	3173.0	0.6303183107469271
chr11	-67	42	3235.0	1.2982998454404946
chr11	-66	1	3288.0	0.030413625304136254
chr11	-65	21	3357.0	0.6255585344057194
chr11	-64	44	3409.0	1.2907010853622762
chr11	-63	15	3440.0	0.436046511627907
chr11	-62	18	3480.0	0.5172413793103449
chr11	-61	1	3515.0	0.028449502133712664
chr11	-60	17	3557.0	0.4779308405960078
chr11	-59	23	3610.0	0.6371191135734072
chr11	-58	1	3659.0	0.027329871549603715
chr11	-57	5	3711.0	0.13473457289140395
chr11	-56	4	3733.0	0.10715242432360034
chr11	-55	0	3797.0	0.0
chr11	-54	3	3837.0	0.07818608287724785
chr11	-53	1	3894.0	0.025680534155110426
chr11	-52	26	3957.0	0.6570634318928481
chr11	-51	49	4011.0	1.2216404886561953
chr11	-50	1	4059.0	0.02463661000246366
chr11	-49	11	4107.0	0.2678354029705381
chr11	-48	15	4142.0	0.362143891839691
chr11	-47	6	4190.0	0.1431980906921241
chr11	-46	15	4236.0	0.3541076487252125
chr11	-45	17	4276.0	0.39756782039289057
chr11	-44	5	4326.0	0.1155802126675913
chr11	-43	2	4376.0	0.04570383912248629
chr11	-42	21	4429.0	0.4741476631293746
chr11	-41	0	4482.0	0.0
chr11	-40	3	4528.0	0.06625441696113074
chr11	-39	6	4575.0	0.13114754098360656
chr11	-38	8	4630.0	0.17278617710583152
chr11	-37	5	4680.0	0.10683760683760685
chr11	-36	16	4739.0	0.3376239713019624
chr11	-35	7	4779.0	0.1464741577735928
chr11	-34	9	4841.0	0.18591200165255115
chr11	-33	32	4880.0	0.6557377049180327
chr11	-32	16	4925.0	0.3248730964467005
chr11	-31	45	4979.0	0.9037959429604339
chr11	-30	7	5032.0	0.13910969793322733
chr11	-29	6	5082.0	0.11806375442739078
chr11	-28	6	5140.0	0.11673151750972763
chr11	-27	8	5197.0	0.1539349624783529
chr11	-26	7	5259.0	0.13310515307092605
chr11	-25	13	5320.0	0.2443609022556391
chr11	-24	5	5375.0	0.09302325581395349
chr11	-23	16	5468.0	0.2926115581565472
chr11	-22	9	5511.0	0.16330974414806748
chr11	-21	10	5559.0	0.17988846914912754
chr11	-20	19	5606.0	0.3389225829468427
chr11	-19	12	5655.0	0.21220159151193632
chr11	-18	3	5724.0	0.052410901467505246
chr11	-17	10	5764.0	0.17349063150589866
chr11	-16	13	5815.0	0.2235597592433362
chr11	-15	7	5862.0	0.1194131695667008
chr11	-14	13	5919.0	0.2196316945429971
chr11	-13	28	5972.0	0.46885465505693236
chr11	-12	8	6023.0	0.13282417399966795
chr11	-11	13	6079.0	0.21385096232933049
chr11	-10	10	6136.0	0.16297262059973924
chr11	-9	11	6136.0	0.17926988265971316
chr11	-8	14	6136.0	0.22816166883963493
chr11	-7	13	6136.0	0.211864406779661
chr11	-6	39	6136.0	0.6355932203389831
chr11	-5	41	6136.0	0.6681877444589309
chr11	-4	5	6136.0	0.08148631029986962
chr11	-3	13	6136.0	0.211864406779661
chr11	-2	27	6136.0	0.44002607561929596
chr11	-1	37	6136.0	0.6029986962190352
chr11	0	68	6015.0	1.1305070656691605
chr11	1	24	5965.0	0.40234702430846603
chr11	2	20	5911.0	0.33835222466587717
chr11	3	19	5871.0	0.3236245954692557
chr11	4	34	5825.0	0.5836909871244635
chr11	5	69	5789.0	1.1919157021938158
chr11	6	31	5731.0	0.5409178153899843
chr11	7	20	5664.0	0.3531073446327684
chr11	8	18	5610.0	0.32085561497326204
chr11	9	10	5569.0	0.1795654516071108
chr11	10	14	5511.0	0.2540373797858828
chr11	11	20	5471.0	0.3655638822884299
chr11	12	26	5420.0	0.4797047970479705
chr11	13	15	5365.0	0.27958993476234856
chr11	14	14	5309.0	0.26370314560180824
chr11	15	14	5263.0	0.2660079802394072
chr11	16	8	5217.0	0.15334483419589803
chr11	17	17	5170.0	0.3288201160541586
chr11	18	16	5131.0	0.31183005262132135
chr11	19	14	5080.0	0.2755905511811024
chr11	20	16	5040.0	0.31746031746031744
chr11	21	15	4977.0	0.3013863773357444
chr11	22	19	4932.0	0.38523925385239255
chr11	23	12	4871.0	0.24635598439745432
chr11	24	24	4822.0	0.4977187888842804
chr11	25	13	4771.0	0.2724795640326975
chr11	26	18	4724.0	0.3810330228619814
chr11	27	13	4667.0	0.2785515320334262
chr11	28	15	4636.0	0.32355478861087145
chr11	29	12	4587.0	0.2616088947024199
chr11	30	38	4534.0	0.8381120423467137
chr11	31	33	4467.0	0.7387508394895903
chr11	32	30	4421.0	0.6785795068988917
chr11	33	11	4383.0	0.25096965548710926
chr11	34	15	4317.0	0.34746351633078526
chr11	35	40	4269.0	0.9369875849144998
chr11	36	15	4222.0	0.35528185693983894
chr11	37	10	4182.0	0.23912003825920614
chr11	38	9	4140.0	0.21739130434782608
chr11	39	12	4098.0	0.29282576866764276
chr11	40	10	4037.0	0.24770869457517958
chr11	41	18	3973.0	0.45305814246161585
chr11	42	10	3937.0	0.25400050800101603
chr11	43	18	3887.0	0.463082068433239
chr11	44	21	3848.0	0.5457380457380457
chr11	45	24	3801.0	0.6314127861089187
chr11	46	20	3763.0	0.5314908317831517
chr11	47	29	3738.0	0.7758159443552702
chr11	48	37	3692.0	1.0021668472372698
chr11	49	9	3650.0	0.2465753424657534
chr11	50	38	3600.0	1.0555555555555556
chr11	51	20	3554.0	0.5627462014631401
chr11	52	11	3480.0	0.3160919540229885
chr11	53	10	3422.0	0.29222676797194624
chr11	54	11	3367.0	0.32670032670032667
chr11	55	11	3331.0	0.3302311618132693
chr11	56	12	3288.0	0.36496350364963503
chr11	57	6	3254.0	0.18438844499078058
chr11	58	30	3209.0	0.9348706762231225
chr11	59	23	3159.0	0.7280785058562836
chr11	60	11	3099.0	0.35495321071313324
chr11	61	33	3050.0	1.0819672131147542
chr11	62	16	3006.0	0.5322687957418496
chr11	63	46	2952.0	1.5582655826558265
chr11	64	24	2895.0	0.8290155440414507
chr11	65	17	2837.0	0.5992245329573492
chr11	66	22	2785.0	0.7899461400359067
chr11	67	16	2725.0	0.5871559633027523
chr11	68	12	2677.0	0.44826298094882333
chr11	69	14	2641.0	0.5301022340022719
chr11	70	15	2602.0	0.5764796310530361
chr11	71	9	2561.0	0.35142522452167124
chr11	72	16	2512.0	0.6369426751592357
chr11	73	14	2469.0	0.5670311867152693
chr11	74	9	2419.0	0.37205456800330716
chr11	75	11	2370.0	0.4641350210970464
chr11	76	6	2325.0	0.25806451612903225
chr11	77	19	2264.0	0.8392226148409895
chr11	78	10	2230.0	0.4484304932735426
chr11	79	7	2181.0	0.32095369096744614
chr11	80	8	2126.0	0.37629350893697083
chr11	81	7	2078.0	0.3368623676612127
chr11	82	9	2035.0	0.4422604422604423
chr11	83	22	1994.0	1.103309929789368
chr11	84	10	1954.0	0.511770726714432
chr11	85	5	1903.0	0.2627430373095113
chr11	86	9	1849.0	0.48674959437533805
chr11	87	7	1803.0	0.3882418191902385
chr11	88	10	1769.0	0.5652911249293386
chr11	89	11	1719.0	0.6399069226294357
chr11	90	8	1657.0	0.48280024140012073
chr11	91	5	1603.0	0.3119151590767312
chr11	92	6	1550.0	0.3870967741935484
chr11	93	14	1505.0	0.9302325581395349
chr11	94	7	1463.0	0.4784688995215311
chr11	95	4	1413.0	0.28308563340410475
chr11	96	5	1352.0	0.3698224852071006
chr11	97	14	1305.0	1.0727969348659003
chr11	98	6	1258.0	0.47694753577106513
chr11	99	5	1212.0	0.4125412541254125
chr11	100	1	1169.0	0.0855431993156544
chr11	101	5	1113.0	0.44923629829290207
chr11	102	7	1062.0	0.6591337099811676
chr11	103	2	1001.0	0.1998001998001998
chr11	104	6	952.0	0.6302521008403361
chr11	105	5	884.0	0.5656108597285068
chr11	106	4	823.0	0.48602673147023084
chr11	107	2	758.0	0.2638522427440633
chr11	108	2	705.0	0.28368794326241137
chr11	109	8	630.0	1.2698412698412698
chr11	110	1	579.0	0.17271157167530224
chr11	111	2	523.0	0.3824091778202677
chr11	112	0	478.0	0.0
chr11	113	0	428.0	0.0
chr11	114	1	371.0	0.2695417789757413
chr11	115	1	337.0	0.2967359050445104
chr11	116	3	284.0	1.056338028169014
chr11	117	2	236.0	0.847457627118644
chr11	118	0	183.0	0.0
chr11	119	0	126.0	0.0
chr11	120	2	77.0	2.5974025974025974
chr11	121	0	38.0	0.0
chr11	122	0	0.0	nan
chr11	123	0	0.0	nan
chr11	124	0	0.0	nan
chr11	125	0	0.0	nan
chr11	126	0	0.0	nan
chr11	127	0	0.0	nan
chr11	128	0	0.0	nan
chr11	129	0	0.0	nan
chr11	130	0	0.0	nan
chr11	131	0	0.0	nan
chr11	132	0	0.0	nan
chr11	133	0	0.0	nan
chr12	-133	1	24.0	4.166666666666666
chr12	-132	0	69.0	0.0
chr12	-131	2	111.0	1.8018018018018018
chr12	-130	0	176.0	0.0
chr12	-129	1	215.0	0.46511627906976744
chr12	-128	0	248.0	0.0
chr12	-127	2	291.0	0.6872852233676976
chr12	-126	1	323.0	0.30959752321981426
chr12	-125	2	371.0	0.5390835579514826
chr12	-124	1	413.0	0.24213075060532688
chr12	-123	0	457.0	0.0
chr12	-122	8	498.0	1.6064257028112447
chr12	-121	0	540.0	0.0
chr12	-120	0	594.0	0.0
chr12	-119	4	632.0	0.6329113924050633
chr12	-118	4	667.0	0.5997001499250375
chr12	-117	2	696.0	0.28735632183908044
chr12	-116	0	734.0	0.0
chr12	-115	1	774.0	0.12919896640826875
chr12	-114	1	816.0	0.12254901960784313
chr12	-113	4	873.0	0.45819014891179843
chr12	-112	5	910.0	0.5494505494505495
chr12	-111	0	945.0	0.0
chr12	-110	1	987.0	0.10131712259371835
chr12	-109	2	1038.0	0.1926782273603083
chr12	-108	3	1070.0	0.2803738317757009
chr12	-107	1	1131.0	0.08841732979664013
chr12	-106	10	1164.0	0.859106529209622
chr12	-105	5	1209.0	0.41356492969396197
chr12	-104	0	1240.0	0.0
chr12	-103	0	1285.0	0.0
chr12	-102	1	1328.0	0.07530120481927711
chr12	-101	2	1385.0	0.1444043321299639
chr12	-100	3	1419.0	0.21141649048625794
chr12	-99	1	1447.0	0.0691085003455425
chr12	-98	0	1478.0	0.0
chr12	-97	1	1532.0	0.06527415143603134
chr12	-96	3	1577.0	0.19023462270133165
chr12	-95	3	1609.0	0.18645121193287756
chr12	-94	3	1647.0	0.18214936247723132
chr12	-93	2	1688.0	0.11848341232227488
chr12	-92	5	1723.0	0.2901915264074289
chr12	-91	3	1764.0	0.17006802721088435
chr12	-90	3	1799.0	0.16675931072818231
chr12	-89	2	1863.0	0.10735373054213634
chr12	-88	5	1897.0	0.2635740643120717
chr12	-87	0	1942.0	0.0
chr12	-86	15	1980.0	0.7575757575757576
chr12	-85	2	2029.0	0.09857072449482504
chr12	-84	7	2069.0	0.3383276945384244
chr12	-83	2	2110.0	0.09478672985781991
chr12	-82	3	2144.0	0.13992537313432835
chr12	-81	1	2186.0	0.04574565416285453
chr12	-80	1	2223.0	0.0449842555105713
chr12	-79	10	2261.0	0.4422821760283061
chr12	-78	2	2300.0	0.08695652173913043
chr12	-77	3	2344.0	0.12798634812286688
chr12	-76	4	2386.0	0.16764459346186086
chr12	-75	6	2413.0	0.24865312888520513
chr12	-74	1	2465.0	0.04056795131845842
chr12	-73	0	2511.0	0.0
chr12	-72	4	2549.0	0.1569242840329541
chr12	-71	11	2598.0	0.4234026173979984
chr12	-70	11	2643.0	0.41619371925841847
chr12	-69	2	2685.0	0.07448789571694599
chr12	-68	33	2731.0	1.2083485902599782
chr12	-67	4	2784.0	0.14367816091954022
chr12	-66	3	2824.0	0.10623229461756376
chr12	-65	5	2858.0	0.17494751574527642
chr12	-64	4	2900.0	0.13793103448275862
chr12	-63	1	2948.0	0.033921302578018994
chr12	-62	1	2986.0	0.03348961821835231
chr12	-61	4	3018.0	0.13253810470510272
chr12	-60	2	3052.0	0.0655307994757536
chr12	-59	2	3087.0	0.06478781988986071
chr12	-58	2	3125.0	0.064
chr12	-57	5	3163.0	0.15807777426493835
chr12	-56	1	3206.0	0.031191515907673113
chr12	-55	3	3241.0	0.09256402344955261
chr12	-54	3	3286.0	0.09129640900791236
chr12	-53	2	3323.0	0.06018657839301836
chr12	-52	5	3388.0	0.14757969303423848
chr12	-51	5	3433.0	0.14564520827264782
chr12	-50	6	3464.0	0.17321016166281755
chr12	-49	4	3499.0	0.11431837667905116
chr12	-48	1	3537.0	0.02827254735651682
chr12	-47	3	3576.0	0.08389261744966443
chr12	-46	16	3605.0	0.4438280166435506
chr12	-45	11	3651.0	0.30128731854286495
chr12	-44	3	3679.0	0.08154389779831477
chr12	-43	5	3728.0	0.13412017167381973
chr12	-42	9	3765.0	0.2390438247011952
chr12	-41	5	3818.0	0.13095861707700368
chr12	-40	9	3856.0	0.23340248962655602
chr12	-39	3	3891.0	0.07710100231303006
chr12	-38	34	3936.0	0.8638211382113822
chr12	-37	2	3972.0	0.050352467270896276
chr12	-36	7	4002.0	0.17491254372813594
chr12	-35	24	4041.0	0.5939123979213066
chr12	-34	2	4086.0	0.048947626040137054
chr12	-33	55	4134.0	1.3304305757135946
chr12	-32	8	4183.0	0.19125029882859193
chr12	-31	12	4220.0	0.2843601895734597
chr12	-30	20	4248.0	0.4708097928436911
chr12	-29	5	4296.0	0.11638733705772812
chr12	-28	7	4327.0	0.16177490177952392
chr12	-27	3	4368.0	0.06868131868131869
chr12	-26	12	4420.0	0.27149321266968324
chr12	-25	36	4465.0	0.8062709966405376
chr12	-24	7	4506.0	0.1553484243231247
chr12	-23	8	4546.0	0.1759788825340959
chr12	-22	13	4599.0	0.2826701456838443
chr12	-21	6	4639.0	0.12933821944384566
chr12	-20	5	4682.0	0.10679196924391286
chr12	-19	12	4729.0	0.2537534362444491
chr12	-18	4	4773.0	0.08380473496752566
chr12	-17	9	4812.0	0.18703241895261846
chr12	-16	19	4855.0	0.3913491246138002
chr12	-15	10	4903.0	0.2039567611666327
chr12	-14	7	4950.0	0.1414141414141414
chr12	-13	17	5002.0	0.3398640543782487
chr12	-12	7	5054.0	0.13850415512465375
chr12	-11	6	5117.0	0.1172562048075044
chr12	-10	16	5160.0	0.31007751937984496
chr12	-9	7	5160.0	0.13565891472868216
chr12	-8	5	5160.0	0.09689922480620156
chr12	-7	11	5160.0	0.2131782945736434
chr12	-6	11	5160.0	0.2131782945736434
chr12	-5	33	5161.0	0.6394109668668863
chr12	-4	22	5161.0	0.42627397791125754
chr12	-3	6	5161.0	0.11625653943034295
chr12	-2	7	5161.0	0.13563262933540013
chr12	-1	4	5161.0	0.07750435962022863
chr12	0	35	5052.0	0.6927949326999208
chr12	1	13	5005.0	0.2597402597402597
chr12	2	13	4948.0	0.2627324171382377
chr12	3	29	4910.0	0.5906313645621182
chr12	4	59	4877.0	1.2097600984211607
chr12	5	11	4837.0	0.22741368616911306
chr12	6	22	4804.0	0.4579517069109076
chr12	7	10	4752.0	0.21043771043771042
chr12	8	18	4703.0	0.3827344248352116
chr12	9	11	4660.0	0.23605150214592274
chr12	10	17	4620.0	0.367965367965368
chr12	11	17	4568.0	0.37215411558669004
chr12	12	7	4540.0	0.15418502202643172
chr12	13	12	4491.0	0.26720106880427524
chr12	14	15	4455.0	0.33670033670033667
chr12	15	19	4424.0	0.4294755877034358
chr12	16	11	4385.0	0.25085518814139107
chr12	17	17	4345.0	0.3912543153049482
chr12	18	10	4304.0	0.23234200743494424
chr12	19	12	4254.0	0.2820874471086037
chr12	20	15	4213.0	0.35604082601471637
chr12	21	8	4180.0	0.19138755980861244
chr12	22	9	4116.0	0.21865889212827988
chr12	23	12	4083.0	0.2939015429831006
chr12	24	56	4040.0	1.3861386138613863
chr12	25	7	3983.0	0.17574692442882248
chr12	26	13	3950.0	0.3291139240506329
chr12	27	13	3917.0	0.33188664794485573
chr12	28	14	3866.0	0.3621314019658562
chr12	29	17	3820.0	0.44502617801047123
chr12	30	14	3771.0	0.37125430920180325
chr12	31	15	3729.0	0.4022526146419952
chr12	32	52	3692.0	1.4084507042253522
chr12	33	13	3662.0	0.354997269251775
chr12	34	27	3626.0	0.7446221731936017
chr12	35	16	3584.0	0.4464285714285714
chr12	36	15	3545.0	0.4231311706629055
chr12	37	24	3509.0	0.6839555428897122
chr12	38	8	3463.0	0.23101357204735778
chr12	39	10	3420.0	0.29239766081871343
chr12	40	12	3384.0	0.3546099290780142
chr12	41	6	3334.0	0.1799640071985603
chr12	42	11	3302.0	0.3331314354936402
chr12	43	13	3252.0	0.39975399753997537
chr12	44	8	3214.0	0.24891101431238333
chr12	45	32	3174.0	1.0081915563957151
chr12	46	13	3126.0	0.41586692258477287
chr12	47	12	3076.0	0.3901170351105332
chr12	48	13	3045.0	0.4269293924466338
chr12	49	11	3011.0	0.3653271338425772
chr12	50	12	2969.0	0.40417649040080833
chr12	51	10	2936.0	0.3405994550408719
chr12	52	18	2889.0	0.6230529595015576
chr12	53	6	2852.0	0.21037868162692847
chr12	54	18	2811.0	0.6403415154749199
chr12	55	5	2771.0	0.18044027426921688
chr12	56	9	2728.0	0.32991202346041054
chr12	57	6	2683.0	0.22363026462914648
chr12	58	9	2642.0	0.34065102195306585
chr12	59	11	2589.0	0.4248744689069139
chr12	60	10	2537.0	0.3941663381947182
chr12	61	9	2503.0	0.3595685177786656
chr12	62	5	2462.0	0.20308692120227456
chr12	63	5	2417.0	0.2068680182043856
chr12	64	11	2378.0	0.4625735912531539
chr12	65	6	2329.0	0.25762129669386
chr12	66	9	2293.0	0.39249890972525076
chr12	67	32	2252.0	1.4209591474245116
chr12	68	8	2212.0	0.3616636528028933
chr12	69	15	2164.0	0.6931608133086876
chr12	70	11	2126.0	0.517403574788335
chr12	71	11	2102.0	0.5233111322549953
chr12	72	6	2062.0	0.2909796314258002
chr12	73	7	2017.0	0.34705007436787305
chr12	74	11	1984.0	0.5544354838709677
chr12	75	10	1938.0	0.5159958720330238
chr12	76	5	1902.0	0.26288117770767616
chr12	77	11	1872.0	0.5876068376068376
chr12	78	16	1833.0	0.872885979268958
chr12	79	3	1781.0	0.16844469399213924
chr12	80	4	1726.0	0.2317497103128621
chr12	81	7	1689.0	0.4144464179988159
chr12	82	8	1667.0	0.4799040191961607
chr12	83	14	1624.0	0.8620689655172413
chr12	84	5	1587.0	0.315059861373661
chr12	85	9	1537.0	0.5855562784645413
chr12	86	5	1513.0	0.3304692663582287
chr12	87	14	1474.0	0.9497964721845319
chr12	88	1	1428.0	0.0700280112044818
chr12	89	5	1391.0	0.35945363048166784
chr12	90	3	1361.0	0.2204261572373255
chr12	91	7	1306.0	0.5359877488514548
chr12	92	4	1266.0	0.315955766192733
chr12	93	4	1218.0	0.3284072249589491
chr12	94	3	1182.0	0.25380710659898476
chr12	95	3	1155.0	0.2597402597402597
chr12	96	4	1121.0	0.35682426404995543
chr12	97	4	1065.0	0.3755868544600939
chr12	98	2	1033.0	0.1936108422071636
chr12	99	1	978.0	0.10224948875255625
chr12	100	3	943.0	0.3181336161187699
chr12	101	4	910.0	0.43956043956043955
chr12	102	2	864.0	0.23148148148148145
chr12	103	5	827.0	0.6045949214026602
chr12	104	4	792.0	0.5050505050505051
chr12	105	2	743.0	0.2691790040376851
chr12	106	2	691.0	0.2894356005788712
chr12	107	3	645.0	0.46511627906976744
chr12	108	1	620.0	0.16129032258064516
chr12	109	2	571.0	0.3502626970227671
chr12	110	3	525.0	0.5714285714285714
chr12	111	3	470.0	0.6382978723404255
chr12	112	5	431.0	1.160092807424594
chr12	113	3	386.0	0.7772020725388601
chr12	114	7	341.0	2.0527859237536656
chr12	115	1	298.0	0.33557046979865773
chr12	116	1	246.0	0.40650406504065045
chr12	117	1	208.0	0.4807692307692308
chr12	118	1	160.0	0.625
chr12	119	0	96.0	0.0
chr12	120	1	61.0	1.639344262295082
chr12	121	0	27.0	0.0
chr12	122	0	0.0	nan
chr12	123	0	0.0	nan
chr12	124	0	0.0	nan
chr12	125	0	0.0	nan
chr12	126	0	0.0	nan
chr12	127	0	0.0	nan
chr12	128	0	0.0	nan
chr12	129	0	0.0	nan
chr12	130	0	0.0	nan
chr12	131	0	0.0	nan
chr12	132	0	0.0	nan
chr13	-134	0	5.0	0.0
chr13	-133	0	22.0	0.0
chr13	-132	0	57.0	0.0
chr13	-131	0	92.0	0.0
chr13	-130	0	140.0	0.0
chr13	-129	0	184.0	0.0
chr13	-128	0	224.0	0.0
chr13	-127	0	271.0	0.0
chr13	-126	1	324.0	0.30864197530864196
chr13	-125	0	361.0	0.0
chr13	-124	0	405.0	0.0
chr13	-123	1	441.0	0.22675736961451248
chr13	-122	1	482.0	0.2074688796680498
chr13	-121	3	520.0	0.576923076923077
chr13	-120	0	570.0	0.0
chr13	-119	0	604.0	0.0
chr13	-118	0	644.0	0.0
chr13	-117	0	669.0	0.0
chr13	-116	4	716.0	0.5586592178770949
chr13	-115	0	751.0	0.0
chr13	-114	0	799.0	0.0
chr13	-113	3	832.0	0.3605769230769231
chr13	-112	0	872.0	0.0
chr13	-111	1	918.0	0.10893246187363835
chr13	-110	0	958.0	0.0
chr13	-109	6	1017.0	0.5899705014749262
chr13	-108	11	1063.0	1.03480714957667
chr13	-107	2	1100.0	0.18181818181818182
chr13	-106	1	1129.0	0.08857395925597875
chr13	-105	0	1175.0	0.0
chr13	-104	0	1219.0	0.0
chr13	-103	0	1256.0	0.0
chr13	-102	3	1288.0	0.2329192546583851
chr13	-101	2	1317.0	0.15186028853454822
chr13	-100	3	1370.0	0.21897810218978103
chr13	-99	1	1419.0	0.07047216349541931
chr13	-98	0	1453.0	0.0
chr13	-97	1	1493.0	0.06697923643670461
chr13	-96	7	1528.0	0.45811518324607325
chr13	-95	3	1584.0	0.1893939393939394
chr13	-94	0	1630.0	0.0
chr13	-93	1	1671.0	0.059844404548174746
chr13	-92	0	1713.0	0.0
chr13	-91	2	1765.0	0.11331444759206798
chr13	-90	2	1795.0	0.11142061281337048
chr13	-89	1	1825.0	0.0547945205479452
chr13	-88	0	1857.0	0.0
chr13	-87	1	1902.0	0.052576235541535225
chr13	-86	4	1927.0	0.2075765438505449
chr13	-85	1	1955.0	0.051150895140664954
chr13	-84	0	1990.0	0.0
chr13	-83	0	2018.0	0.0
chr13	-82	1	2049.0	0.04880429477794046
chr13	-81	0	2075.0	0.0
chr13	-80	2	2122.0	0.0942507068803016
chr13	-79	0	2157.0	0.0
chr13	-78	1	2192.0	0.04562043795620438
chr13	-77	2	2239.0	0.08932559178204555
chr13	-76	4	2280.0	0.17543859649122806
chr13	-75	0	2315.0	0.0
chr13	-74	1	2358.0	0.04240882103477523
chr13	-73	2	2383.0	0.0839278220730172
chr13	-72	4	2423.0	0.16508460586050352
chr13	-71	9	2462.0	0.36555645816409427
chr13	-70	3	2491.0	0.12043356081894822
chr13	-69	15	2523.0	0.5945303210463734
chr13	-68	2	2571.0	0.07779074290159471
chr13	-67	3	2606.0	0.11511895625479662
chr13	-66	4	2636.0	0.15174506828528073
chr13	-65	8	2669.0	0.29973772948669913
chr13	-64	3	2718.0	0.11037527593818984
chr13	-63	3	2750.0	0.1090909090909091
chr13	-62	4	2798.0	0.14295925661186562
chr13	-61	1	2846.0	0.035137034434293744
chr13	-60	1	2870.0	0.03484320557491289
chr13	-59	4	2914.0	0.13726835964310227
chr13	-58	5	2948.0	0.16960651289009498
chr13	-57	1	2990.0	0.033444816053511704
chr13	-56	1	3030.0	0.033003300330033
chr13	-55	7	3077.0	0.22749431264218392
chr13	-54	16	3111.0	0.5143040822886531
chr13	-53	2	3168.0	0.06313131313131314
chr13	-52	2	3201.0	0.06248047485160887
chr13	-51	4	3230.0	0.12383900928792571
chr13	-50	1	3255.0	0.030721966205837174
chr13	-49	0	3300.0	0.0
chr13	-48	5	3330.0	0.15015015015015015
chr13	-47	3	3368.0	0.08907363420427554
chr13	-46	2	3414.0	0.05858230814294083
chr13	-45	15	3456.0	0.4340277777777778
chr13	-44	12	3495.0	0.34334763948497854
chr13	-43	5	3537.0	0.14136273678258413
chr13	-42	2	3576.0	0.05592841163310962
chr13	-41	11	3602.0	0.3053858967240422
chr13	-40	4	3648.0	0.10964912280701754
chr13	-39	7	3689.0	0.18975332068311196
chr13	-38	5	3725.0	0.1342281879194631
chr13	-37	19	3763.0	0.5049162901939941
chr13	-36	8	3799.0	0.21058173203474598
chr13	-35	14	3841.0	0.36448841447539704
chr13	-34	8	3878.0	0.2062919030428056
chr13	-33	3	3914.0	0.07664793050587634
chr13	-32	8	3952.0	0.20242914979757085
chr13	-31	3	3993.0	0.07513148009015778
chr13	-30	4	4036.0	0.09910802775024777
chr13	-29	3	4064.0	0.07381889763779527
chr13	-28	6	4097.0	0.1464486209421528
chr13	-27	13	4137.0	0.3142373700749335
chr13	-26	7	4179.0	0.16750418760469013
chr13	-25	17	4219.0	0.4029390850912538
chr13	-24	18	4256.0	0.42293233082706766
chr13	-23	6	4291.0	0.13982754602656725
chr13	-22	14	4322.0	0.3239241092086997
chr13	-21	50	4362.0	1.1462631820265932
chr13	-20	19	4401.0	0.4317200636219041
chr13	-19	19	4456.0	0.4263913824057451
chr13	-18	12	4495.0	0.26696329254727474
chr13	-17	25	4552.0	0.5492091388400703
chr13	-16	25	4609.0	0.5424170101974397
chr13	-15	7	4650.0	0.15053763440860216
chr13	-14	9	4701.0	0.1914486279514997
chr13	-13	9	4734.0	0.19011406844106463
chr13	-12	6	4769.0	0.12581253931641853
chr13	-11	10	4820.0	0.2074688796680498
chr13	-10	9	4855.0	0.18537590113285274
chr13	-9	26	4856.0	0.5354200988467875
chr13	-8	11	4830.0	0.2277432712215321
chr13	-7	26	4865.0	0.5344295991778005
chr13	-6	26	4865.0	0.5344295991778005
chr13	-5	13	4865.0	0.26721479958890026
chr13	-4	12	4852.0	0.24732069249793898
chr13	-3	12	4864.0	0.24671052631578946
chr13	-2	17	4865.0	0.3494347379239465
chr13	-1	42	4865.0	0.8633093525179856
chr13	0	73	4758.0	1.5342580916351407
chr13	1	14	4730.0	0.2959830866807611
chr13	2	23	4682.0	0.4912430585219991
chr13	3	19	4624.0	0.4108996539792387
chr13	4	9	4588.0	0.1961639058413252
chr13	5	38	4540.0	0.8370044052863436
chr13	6	27	4484.0	0.6021409455842998
chr13	7	15	4411.0	0.3400589435502154
chr13	8	21	4394.0	0.4779244424214839
chr13	9	17	4357.0	0.39017672710580675
chr13	10	10	4345.0	0.23014959723820483
chr13	11	6	4299.0	0.13956734124214934
chr13	12	14	4259.0	0.3287156609532754
chr13	13	18	4225.0	0.42603550295857984
chr13	14	16	4176.0	0.38314176245210724
chr13	15	20	4140.0	0.4830917874396135
chr13	16	26	4103.0	0.6336826712161833
chr13	17	17	4057.0	0.41902883904362825
chr13	18	19	4017.0	0.4729897933781429
chr13	19	29	3981.0	0.728460185882944
chr13	20	22	3945.0	0.5576679340937896
chr13	21	23	3896.0	0.5903490759753593
chr13	22	15	3857.0	0.388903292714545
chr13	23	27	3813.0	0.7081038552321007
chr13	24	27	3768.0	0.7165605095541402
chr13	25	7	3729.0	0.18771788683293109
chr13	26	10	3688.0	0.27114967462039047
chr13	27	14	3650.0	0.3835616438356164
chr13	28	12	3614.0	0.3320420586607637
chr13	29	9	3569.0	0.2521714766040908
chr13	30	7	3536.0	0.19796380090497737
chr13	31	12	3501.0	0.34275921165381323
chr13	32	11	3450.0	0.3188405797101449
chr13	33	11	3401.0	0.3234342840341076
chr13	34	20	3367.0	0.594000594000594
chr13	35	17	3316.0	0.5126658624849216
chr13	36	28	3286.0	0.852099817407182
chr13	37	10	3240.0	0.30864197530864196
chr13	38	18	3187.0	0.5647944775651083
chr13	39	12	3148.0	0.3811944091486658
chr13	40	16	3104.0	0.5154639175257731
chr13	41	8	3058.0	0.2616088947024199
chr13	42	4	3018.0	0.13253810470510272
chr13	43	12	2983.0	0.4022795843110962
chr13	44	15	2950.0	0.5084745762711864
chr13	45	11	2924.0	0.3761969904240766
chr13	46	13	2897.0	0.44874007594062826
chr13	47	7	2860.0	0.24475524475524477
chr13	48	13	2833.0	0.45887751500176494
chr13	49	9	2800.0	0.3214285714285714
chr13	50	16	2769.0	0.577825929938606
chr13	51	7	2736.0	0.25584795321637427
chr13	52	6	2700.0	0.2222222222222222
chr13	53	14	2647.0	0.5289006422364941
chr13	54	7	2616.0	0.2675840978593272
chr13	55	12	2588.0	0.46367851622874806
chr13	56	9	2543.0	0.3539127015336217
chr13	57	10	2494.0	0.40096230954290296
chr13	58	9	2469.0	0.3645200486026731
chr13	59	7	2441.0	0.2867677181482999
chr13	60	6	2410.0	0.24896265560165973
chr13	61	11	2369.0	0.4643309413254538
chr13	62	13	2341.0	0.5553182400683468
chr13	63	17	2303.0	0.7381676074685193
chr13	64	10	2255.0	0.4434589800443459
chr13	65	9	2224.0	0.40467625899280574
chr13	66	8	2189.0	0.3654636820465966
chr13	67	11	2155.0	0.5104408352668214
chr13	68	8	2108.0	0.3795066413662239
chr13	69	19	2061.0	0.9218825812712276
chr13	70	19	2026.0	0.9378084896347483
chr13	71	6	1990.0	0.3015075376884422
chr13	72	3	1963.0	0.15282730514518594
chr13	73	13	1912.0	0.6799163179916319
chr13	74	9	1871.0	0.4810261892036344
chr13	75	10	1835.0	0.544959128065395
chr13	76	10	1791.0	0.5583472920156337
chr13	77	11	1745.0	0.6303724928366762
chr13	78	3	1711.0	0.17533606078316774
chr13	79	9	1665.0	0.5405405405405406
chr13	80	9	1634.0	0.550795593635251
chr13	81	6	1611.0	0.37243947858473
chr13	82	10	1573.0	0.6357279084551812
chr13	83	3	1528.0	0.1963350785340314
chr13	84	7	1493.0	0.46885465505693236
chr13	85	2	1454.0	0.1375515818431912
chr13	86	4	1416.0	0.2824858757062147
chr13	87	8	1368.0	0.5847953216374269
chr13	88	5	1324.0	0.3776435045317221
chr13	89	9	1290.0	0.6976744186046512
chr13	90	6	1257.0	0.47732696897374705
chr13	91	2	1220.0	0.16393442622950818
chr13	92	6	1181.0	0.5080440304826418
chr13	93	4	1151.0	0.3475238922675934
chr13	94	5	1106.0	0.45207956600361665
chr13	95	9	1073.0	0.8387698042870456
chr13	96	3	1023.0	0.2932551319648094
chr13	97	4	978.0	0.408997955010225
chr13	98	5	943.0	0.5302226935312832
chr13	99	4	908.0	0.4405286343612335
chr13	100	0	868.0	0.0
chr13	101	7	822.0	0.851581508515815
chr13	102	3	793.0	0.37831021437578816
chr13	103	5	769.0	0.6501950585175552
chr13	104	0	731.0	0.0
chr13	105	1	688.0	0.14534883720930233
chr13	106	1	651.0	0.15360983102918588
chr13	107	9	618.0	1.4563106796116505
chr13	108	6	584.0	1.0273972602739725
chr13	109	0	544.0	0.0
chr13	110	2	520.0	0.38461538461538464
chr13	111	3	473.0	0.6342494714587738
chr13	112	3	432.0	0.6944444444444444
chr13	113	3	365.0	0.821917808219178
chr13	114	1	321.0	0.3115264797507788
chr13	115	2	265.0	0.7547169811320755
chr13	116	1	221.0	0.4524886877828055
chr13	117	1	187.0	0.53475935828877
chr13	118	0	126.0	0.0
chr13	119	0	95.0	0.0
chr13	120	0	50.0	0.0
chr13	121	0	16.0	0.0
chr13	122	0	0.0	nan
chr13	123	0	0.0	nan
chr13	124	0	0.0	nan
chr13	125	0	0.0	nan
chr13	126	0	0.0	nan
chr13	127	0	0.0	nan
chr13	128	0	0.0	nan
chr13	129	0	0.0	nan
chr13	130	0	0.0	nan
chr13	131	0	0.0	nan
chr13	132	0	0.0	nan
chr13	133	0	0.0	nan
chr14	-137	0	1.0	0.0
chr14	-136	0	1.0	0.0
chr14	-135	0	1.0	0.0
chr14	-134	0	2.0	0.0
chr14	-133	0	10.0	0.0
chr14	-132	0	18.0	0.0
chr14	-131	0	29.0	0.0
chr14	-130	0	42.0	0.0
chr14	-129	0	60.0	0.0
chr14	-128	0	83.0	0.0
chr14	-127	0	100.0	0.0
chr14	-126	0	114.0	0.0
chr14	-125	0	127.0	0.0
chr14	-124	0	142.0	0.0
chr14	-123	0	152.0	0.0
chr14	-122	0	170.0	0.0
chr14	-121	1	186.0	0.5376344086021506
chr14	-120	6	196.0	3.061224489795918
chr14	-119	0	206.0	0.0
chr14	-118	0	222.0	0.0
chr14	-117	1	237.0	0.42194092827004215
chr14	-116	0	251.0	0.0
chr14	-115	1	264.0	0.3787878787878788
chr14	-114	0	280.0	0.0
chr14	-113	0	295.0	0.0
chr14	-112	0	311.0	0.0
chr14	-111	1	321.0	0.3115264797507788
chr14	-110	0	341.0	0.0
chr14	-109	1	355.0	0.28169014084507044
chr14	-108	0	359.0	0.0
chr14	-107	0	375.0	0.0
chr14	-106	0	397.0	0.0
chr14	-105	4	405.0	0.9876543209876543
chr14	-104	0	419.0	0.0
chr14	-103	1	427.0	0.234192037470726
chr14	-102	0	440.0	0.0
chr14	-101	0	450.0	0.0
chr14	-100	0	462.0	0.0
chr14	-99	0	480.0	0.0
chr14	-98	1	491.0	0.20366598778004072
chr14	-97	0	510.0	0.0
chr14	-96	0	524.0	0.0
chr14	-95	2	531.0	0.3766478342749529
chr14	-94	3	542.0	0.5535055350553505
chr14	-93	0	560.0	0.0
chr14	-92	1	575.0	0.17391304347826086
chr14	-91	1	589.0	0.1697792869269949
chr14	-90	3	605.0	0.49586776859504134
chr14	-89	2	616.0	0.3246753246753247
chr14	-88	4	627.0	0.6379585326953748
chr14	-87	2	639.0	0.3129890453834116
chr14	-86	1	658.0	0.1519756838905775
chr14	-85	0	665.0	0.0
chr14	-84	1	682.0	0.1466275659824047
chr14	-83	0	688.0	0.0
chr14	-82	0	701.0	0.0
chr14	-81	0	716.0	0.0
chr14	-80	1	728.0	0.13736263736263737
chr14	-79	0	731.0	0.0
chr14	-78	1	742.0	0.13477088948787064
chr14	-77	1	761.0	0.1314060446780552
chr14	-76	0	767.0	0.0
chr14	-75	3	783.0	0.38314176245210724
chr14	-74	5	789.0	0.6337135614702154
chr14	-73	5	796.0	0.628140703517588
chr14	-72	9	812.0	1.1083743842364533
chr14	-71	2	822.0	0.24330900243309003
chr14	-70	1	832.0	0.1201923076923077
chr14	-69	2	852.0	0.2347417840375587
chr14	-68	1	863.0	0.11587485515643105
chr14	-67	0	870.0	0.0
chr14	-66	1	883.0	0.11325028312570783
chr14	-65	1	892.0	0.11210762331838565
chr14	-64	6	904.0	0.6637168141592921
chr14	-63	5	917.0	0.5452562704471101
chr14	-62	2	931.0	0.21482277121374865
chr14	-61	2	953.0	0.2098635886673662
chr14	-60	2	962.0	0.2079002079002079
chr14	-59	1	972.0	0.102880658436214
chr14	-58	0	992.0	0.0
chr14	-57	3	1009.0	0.29732408325074333
chr14	-56	2	1019.0	0.19627085377821393
chr14	-55	8	1030.0	0.7766990291262136
chr14	-54	2	1045.0	0.19138755980861244
chr14	-53	1	1059.0	0.09442870632672333
chr14	-52	3	1068.0	0.2808988764044944
chr14	-51	1	1076.0	0.09293680297397769
chr14	-50	1	1091.0	0.09165902841429881
chr14	-49	0	1098.0	0.0
chr14	-48	1	1110.0	0.09009009009009009
chr14	-47	3	1121.0	0.2676181980374665
chr14	-46	0	1133.0	0.0
chr14	-45	4	1144.0	0.34965034965034963
chr14	-44	2	1159.0	0.1725625539257981
chr14	-43	0	1168.0	0.0
chr14	-42	2	1179.0	0.16963528413910092
chr14	-41	1	1185.0	0.08438818565400844
chr14	-40	7	1195.0	0.5857740585774058
chr14	-39	5	1204.0	0.41528239202657813
chr14	-38	4	1219.0	0.3281378178835111
chr14	-37	2	1232.0	0.16233766233766234
chr14	-36	10	1241.0	0.8058017727639
chr14	-35	2	1258.0	0.1589825119236884
chr14	-34	1	1276.0	0.07836990595611285
chr14	-33	1	1292.0	0.07739938080495357
chr14	-32	4	1298.0	0.30816640986132515
chr14	-31	2	1304.0	0.15337423312883436
chr14	-30	26	1326.0	1.9607843137254901
chr14	-29	3	1346.0	0.22288261515601782
chr14	-28	3	1359.0	0.22075055187637968
chr14	-27	1	1373.0	0.07283321194464676
chr14	-26	5	1395.0	0.35842293906810035
chr14	-25	7	1404.0	0.49857549857549854
chr14	-24	4	1420.0	0.28169014084507044
chr14	-23	7	1433.0	0.48848569434752265
chr14	-22	4	1443.0	0.2772002772002772
chr14	-21	1	1458.0	0.06858710562414265
chr14	-20	2	1484.0	0.13477088948787064
chr14	-19	2	1492.0	0.13404825737265416
chr14	-18	5	1500.0	0.33333333333333337
chr14	-17	5	1509.0	0.33134526176275675
chr14	-16	2	1534.0	0.1303780964797914
chr14	-15	15	1548.0	0.9689922480620154
chr14	-14	4	1562.0	0.2560819462227913
chr14	-13	5	1576.0	0.31725888324873097
chr14	-12	3	1604.0	0.18703241895261846
chr14	-11	5	1619.0	0.3088326127239036
chr14	-10	2	1638.0	0.1221001221001221
chr14	-9	7	1639.0	0.4270896888346553
chr14	-8	4	1640.0	0.24390243902439024
chr14	-7	2	1647.0	0.12143290831815423
chr14	-6	5	1647.0	0.3035822707953855
chr14	-5	2	1647.0	0.12143290831815423
chr14	-4	4	1647.0	0.24286581663630846
chr14	-3	3	1647.0	0.18214936247723132
chr14	-2	4	1632.0	0.24509803921568626
chr14	-1	7	1647.0	0.42501517911353975
chr14	0	11	1614.0	0.6815365551425031
chr14	1	7	1596.0	0.43859649122807015
chr14	2	6	1582.0	0.37926675094816686
chr14	3	9	1573.0	0.5721551176096631
chr14	4	9	1554.0	0.5791505791505791
chr14	5	1	1535.0	0.06514657980456026
chr14	6	6	1516.0	0.395778364116095
chr14	7	4	1510.0	0.26490066225165565
chr14	8	6	1491.0	0.4024144869215292
chr14	9	6	1474.0	0.40705563093622793
chr14	10	4	1458.0	0.2743484224965706
chr14	11	4	1449.0	0.27605244996549344
chr14	12	6	1445.0	0.4152249134948097
chr14	13	5	1427.0	0.35038542396636296
chr14	14	10	1407.0	0.7107320540156361
chr14	15	4	1395.0	0.2867383512544803
chr14	16	13	1382.0	0.9406657018813315
chr14	17	3	1363.0	0.22010271460014674
chr14	18	6	1349.0	0.4447739065974796
chr14	19	8	1333.0	0.6001500375093773
chr14	20	3	1322.0	0.22692889561270801
chr14	21	3	1301.0	0.23059185242121444
chr14	22	6	1286.0	0.46656298600311047
chr14	23	5	1271.0	0.3933910306845004
chr14	24	0	1258.0	0.0
chr14	25	2	1247.0	0.16038492381716118
chr14	26	6	1233.0	0.48661800486618007
chr14	27	6	1224.0	0.49019607843137253
chr14	28	8	1211.0	0.6606110652353426
chr14	29	15	1205.0	1.2448132780082988
chr14	30	5	1189.0	0.42052144659377627
chr14	31	6	1176.0	0.5102040816326531
chr14	32	9	1164.0	0.7731958762886598
chr14	33	7	1146.0	0.6108202443280977
chr14	34	3	1131.0	0.2652519893899204
chr14	35	17	1117.0	1.521933751119069
chr14	36	8	1109.0	0.7213706041478809
chr14	37	5	1101.0	0.4541326067211626
chr14	38	5	1092.0	0.4578754578754579
chr14	39	11	1073.0	1.0251630941286114
chr14	40	5	1058.0	0.4725897920604915
chr14	41	2	1046.0	0.19120458891013384
chr14	42	8	1029.0	0.7774538386783284
chr14	43	4	1013.0	0.3948667324777887
chr14	44	3	984.0	0.3048780487804878
chr14	45	6	987.0	0.60790273556231
chr14	46	2	979.0	0.20429009193054137
chr14	47	2	965.0	0.20725388601036268
chr14	48	3	954.0	0.3144654088050315
chr14	49	6	943.0	0.6362672322375398
chr14	50	7	932.0	0.7510729613733905
chr14	51	1	922.0	0.10845986984815618
chr14	52	7	912.0	0.7675438596491228
chr14	53	5	904.0	0.5530973451327433
chr14	54	8	888.0	0.9009009009009009
chr14	55	4	874.0	0.4576659038901602
chr14	56	1	863.0	0.11587485515643105
chr14	57	3	851.0	0.35252643948296125
chr14	58	4	846.0	0.4728132387706856
chr14	59	6	830.0	0.7228915662650602
chr14	60	1	818.0	0.12224938875305623
chr14	61	4	811.0	0.4932182490752158
chr14	62	2	798.0	0.2506265664160401
chr14	63	4	779.0	0.5134788189987163
chr14	64	6	767.0	0.7822685788787485
chr14	65	1	758.0	0.13192612137203166
chr14	66	3	753.0	0.398406374501992
chr14	67	3	738.0	0.40650406504065045
chr14	68	7	732.0	0.9562841530054645
chr14	69	3	715.0	0.4195804195804196
chr14	70	3	708.0	0.423728813559322
chr14	71	20	682.0	2.932551319648094
chr14	72	8	670.0	1.1940298507462688
chr14	73	11	651.0	1.6897081413210446
chr14	74	4	641.0	0.62402496099844
chr14	75	6	626.0	0.9584664536741214
chr14	76	0	611.0	0.0
chr14	77	1	603.0	0.16583747927031509
chr14	78	3	589.0	0.5093378607809848
chr14	79	3	577.0	0.5199306759098787
chr14	80	0	568.0	0.0
chr14	81	3	556.0	0.539568345323741
chr14	82	1	547.0	0.18281535648994515
chr14	83	1	542.0	0.18450184501845018
chr14	84	0	521.0	0.0
chr14	85	0	510.0	0.0
chr14	86	1	499.0	0.2004008016032064
chr14	87	0	487.0	0.0
chr14	88	1	476.0	0.21008403361344538
chr14	89	9	467.0	1.9271948608137044
chr14	90	2	457.0	0.437636761487965
chr14	91	2	452.0	0.4424778761061947
chr14	92	3	443.0	0.6772009029345373
chr14	93	8	434.0	1.8433179723502304
chr14	94	4	415.0	0.9638554216867471
chr14	95	4	400.0	1.0
chr14	96	0	387.0	0.0
chr14	97	3	372.0	0.8064516129032258
chr14	98	1	357.0	0.2801120448179272
chr14	99	3	346.0	0.8670520231213872
chr14	100	0	332.0	0.0
chr14	101	2	322.0	0.6211180124223602
chr14	102	6	303.0	1.9801980198019802
chr14	103	1	282.0	0.3546099290780142
chr14	104	7	266.0	2.631578947368421
chr14	105	2	250.0	0.8
chr14	106	3	238.0	1.2605042016806722
chr14	107	2	226.0	0.8849557522123894
chr14	108	0	211.0	0.0
chr14	109	1	193.0	0.5181347150259068
chr14	110	2	179.0	1.1173184357541899
chr14	111	0	161.0	0.0
chr14	112	0	151.0	0.0
chr14	113	0	146.0	0.0
chr14	114	2	134.0	1.4925373134328357
chr14	115	1	122.0	0.819672131147541
chr14	116	1	102.0	0.9803921568627451
chr14	117	0	79.0	0.0
chr14	118	1	56.0	1.7857142857142856
chr14	119	0	44.0	0.0
chr14	120	0	30.0	0.0
chr14	121	0	19.0	0.0
chr14	122	0	0.0	nan
chr14	123	0	0.0	nan
chr14	124	0	0.0	nan
chr14	125	0	0.0	nan
chr14	126	0	0.0	nan
chr14	127	0	0.0	nan
chr14	128	0	0.0	nan
chr14	129	0	0.0	nan
chr14	130	0	0.0	nan
chr14	131	0	0.0	nan
chr14	132	0	0.0	nan
chr14	133	0	0.0	nan
chrX	-133	0	9.0	0.0
chrX	-132	0	12.0	0.0
chrX	-131	0	14.0	0.0
chrX	-130	0	17.0	0.0
chrX	-129	0	34.0	0.0
chrX	-128	0	44.0	0.0
chrX	-127	0	52.0	0.0
chrX	-126	0	56.0	0.0
chrX	-125	0	65.0	0.0
chrX	-124	0	77.0	0.0
chrX	-123	0	89.0	0.0
chrX	-122	0	92.0	0.0
chrX	-121	0	99.0	0.0
chrX	-120	0	109.0	0.0
chrX	-119	0	119.0	0.0
chrX	-118	0	134.0	0.0
chrX	-117	0	137.0	0.0
chrX	-116	0	146.0	0.0
chrX	-115	0	152.0	0.0
chrX	-114	0	158.0	0.0
chrX	-113	0	166.0	0.0
chrX	-112	0	173.0	0.0
chrX	-111	0	189.0	0.0
chrX	-110	0	202.0	0.0
chrX	-109	0	218.0	0.0
chrX	-108	0	226.0	0.0
chrX	-107	0	234.0	0.0
chrX	-106	0	241.0	0.0
chrX	-105	0	249.0	0.0
chrX	-104	0	260.0	0.0
chrX	-103	1	266.0	0.37593984962406013
chrX	-102	0	271.0	0.0
chrX	-101	0	287.0	0.0
chrX	-100	1	293.0	0.3412969283276451
chrX	-99	0	309.0	0.0
chrX	-98	0	315.0	0.0
chrX	-97	1	326.0	0.3067484662576687
chrX	-96	0	335.0	0.0
chrX	-95	1	337.0	0.2967359050445104
chrX	-94	0	342.0	0.0
chrX	-93	0	351.0	0.0
chrX	-92	0	360.0	0.0
chrX	-91	1	365.0	0.273972602739726
chrX	-90	1	377.0	0.2652519893899204
chrX	-89	0	390.0	0.0
chrX	-88	0	400.0	0.0
chrX	-87	0	404.0	0.0
chrX	-86	0	411.0	0.0
chrX	-85	1	421.0	0.23752969121140144
chrX	-84	0	427.0	0.0
chrX	-83	0	430.0	0.0
chrX	-82	0	439.0	0.0
chrX	-81	0	443.0	0.0
chrX	-80	1	451.0	0.22172949002217296
chrX	-79	1	461.0	0.21691973969631237
chrX	-78	1	469.0	0.21321961620469082
chrX	-77	0	481.0	0.0
chrX	-76	0	491.0	0.0
chrX	-75	0	500.0	0.0
chrX	-74	0	518.0	0.0
chrX	-73	2	529.0	0.3780718336483932
chrX	-72	0	535.0	0.0
chrX	-71	1	545.0	0.1834862385321101
chrX	-70	1	550.0	0.18181818181818182
chrX	-69	0	555.0	0.0
chrX	-68	1	562.0	0.1779359430604982
chrX	-67	0	575.0	0.0
chrX	-66	0	582.0	0.0
chrX	-65	0	595.0	0.0
chrX	-64	0	604.0	0.0
chrX	-63	0	615.0	0.0
chrX	-62	0	625.0	0.0
chrX	-61	0	639.0	0.0
chrX	-60	0	650.0	0.0
chrX	-59	0	655.0	0.0
chrX	-58	0	660.0	0.0
chrX	-57	0	671.0	0.0
chrX	-56	0	677.0	0.0
chrX	-55	0	681.0	0.0
chrX	-54	0	696.0	0.0
chrX	-53	0	705.0	0.0
chrX	-52	0	715.0	0.0
chrX	-51	1	724.0	0.13812154696132595
chrX	-50	1	731.0	0.13679890560875513
chrX	-49	1	741.0	0.1349527665317139
chrX	-48	1	744.0	0.13440860215053765
chrX	-47	2	749.0	0.26702269692923897
chrX	-46	1	762.0	0.13123359580052493
chrX	-45	1	772.0	0.1295336787564767
chrX	-44	1	775.0	0.12903225806451613
chrX	-43	1	788.0	0.12690355329949238
chrX	-42	3	796.0	0.37688442211055273
chrX	-41	2	802.0	0.24937655860349126
chrX	-40	0	806.0	0.0
chrX	-39	0	815.0	0.0
chrX	-38	0	824.0	0.0
chrX	-37	0	833.0	0.0
chrX	-36	0	838.0	0.0
chrX	-35	1	848.0	0.1179245283018868
chrX	-34	0	857.0	0.0
chrX	-33	0	861.0	0.0
chrX	-32	1	870.0	0.11494252873563218
chrX	-31	1	873.0	0.11454753722794961
chrX	-30	3	883.0	0.33975084937712347
chrX	-29	1	902.0	0.11086474501108648
chrX	-28	4	915.0	0.4371584699453552
chrX	-27	1	920.0	0.10869565217391304
chrX	-26	2	925.0	0.21621621621621623
chrX	-25	0	935.0	0.0
chrX	-24	2	945.0	0.21164021164021166
chrX	-23	2	950.0	0.21052631578947367
chrX	-22	3	961.0	0.31217481789802287
chrX	-21	2	967.0	0.2068252326783868
chrX	-20	0	976.0	0.0
chrX	-19	2	982.0	0.20366598778004072
chrX	-18	0	991.0	0.0
chrX	-17	1	1009.0	0.09910802775024777
chrX	-16	4	1018.0	0.3929273084479371
chrX	-15	3	1022.0	0.29354207436399216
chrX	-14	2	1029.0	0.1943634596695821
chrX	-13	0	1035.0	0.0
chrX	-12	1	1042.0	0.09596928982725528
chrX	-11	0	1054.0	0.0
chrX	-10	6	1065.0	0.5633802816901409
chrX	-9	0	1065.0	0.0
chrX	-8	1	1064.0	0.09398496240601503
chrX	-7	1	1065.0	0.09389671361502347
chrX	-6	3	1064.0	0.28195488721804507
chrX	-5	1	1065.0	0.09389671361502347
chrX	-4	0	1065.0	0.0
chrX	-3	3	1065.0	0.28169014084507044
chrX	-2	2	1065.0	0.18779342723004694
chrX	-1	0	1065.0	0.0
chrX	0	2	1053.0	0.1899335232668566
chrX	1	5	1051.0	0.47573739295908657
chrX	2	2	1045.0	0.19138755980861244
chrX	3	1	1028.0	0.09727626459143969
chrX	4	0	1021.0	0.0
chrX	5	3	1004.0	0.29880478087649404
chrX	6	2	1002.0	0.19960079840319359
chrX	7	3	991.0	0.30272452068617556
chrX	8	0	981.0	0.0
chrX	9	4	974.0	0.41067761806981523
chrX	10	5	970.0	0.5154639175257731
chrX	11	3	961.0	0.31217481789802287
chrX	12	3	952.0	0.31512605042016806
chrX	13	1	941.0	0.10626992561105207
chrX	14	2	930.0	0.21505376344086022
chrX	15	2	926.0	0.21598272138228944
chrX	16	2	911.0	0.21953896816684962
chrX	17	2	908.0	0.22026431718061676
chrX	18	3	903.0	0.33222591362126247
chrX	19	3	892.0	0.336322869955157
chrX	20	5	887.0	0.5636978579481398
chrX	21	3	868.0	0.3456221198156682
chrX	22	4	858.0	0.4662004662004662
chrX	23	5	841.0	0.5945303210463734
chrX	24	1	836.0	0.11961722488038277
chrX	25	4	828.0	0.4830917874396135
chrX	26	0	820.0	0.0
chrX	27	2	811.0	0.2466091245376079
chrX	28	0	802.0	0.0
chrX	29	3	795.0	0.37735849056603776
chrX	30	2	786.0	0.2544529262086514
chrX	31	0	771.0	0.0
chrX	32	2	769.0	0.26007802340702213
chrX	33	2	755.0	0.26490066225165565
chrX	34	1	744.0	0.13440860215053765
chrX	35	3	729.0	0.411522633744856
chrX	36	1	724.0	0.13812154696132595
chrX	37	2	720.0	0.2777777777777778
chrX	38	2	716.0	0.27932960893854747
chrX	39	4	709.0	0.5641748942172073
chrX	40	7	702.0	0.9971509971509971
chrX	41	2	697.0	0.2869440459110474
chrX	42	1	684.0	0.14619883040935672
chrX	43	3	671.0	0.44709388971684055
chrX	44	2	659.0	0.30349013657056145
chrX	45	1	656.0	0.1524390243902439
chrX	46	0	650.0	0.0
chrX	47	1	640.0	0.15625
chrX	48	1	634.0	0.15772870662460567
chrX	49	1	631.0	0.15847860538827258
chrX	50	0	622.0	0.0
chrX	51	0	616.0	0.0
chrX	52	1	607.0	0.16474464579901155
chrX	53	6	602.0	0.9966777408637874
chrX	54	1	591.0	0.1692047377326565
chrX	55	1	580.0	0.1724137931034483
chrX	56	3	567.0	0.5291005291005291
chrX	57	3	561.0	0.53475935828877
chrX	58	2	546.0	0.3663003663003663
chrX	59	1	529.0	0.1890359168241966
chrX	60	2	525.0	0.38095238095238093
chrX	61	3	518.0	0.5791505791505791
chrX	62	0	514.0	0.0
chrX	63	3	505.0	0.594059405940594
chrX	64	2	499.0	0.4008016032064128
chrX	65	1	487.0	0.20533880903490762
chrX	66	1	479.0	0.20876826722338201
chrX	67	2	469.0	0.42643923240938164
chrX	68	1	457.0	0.2188183807439825
chrX	69	2	448.0	0.4464285714285714
chrX	70	1	434.0	0.2304147465437788
chrX	71	2	424.0	0.4716981132075472
chrX	72	1	413.0	0.24213075060532688
chrX	73	1	408.0	0.24509803921568626
chrX	74	1	403.0	0.24813895781637718
chrX	75	0	391.0	0.0
chrX	76	0	384.0	0.0
chrX	77	0	379.0	0.0
chrX	78	3	368.0	0.8152173913043478
chrX	79	1	353.0	0.28328611898017
chrX	80	1	345.0	0.2898550724637681
chrX	81	2	334.0	0.5988023952095809
chrX	82	0	328.0	0.0
chrX	83	1	322.0	0.3105590062111801
chrX	84	0	317.0	0.0
chrX	85	0	305.0	0.0
chrX	86	1	296.0	0.33783783783783783
chrX	87	0	289.0	0.0
chrX	88	1	283.0	0.35335689045936397
chrX	89	2	269.0	0.7434944237918215
chrX	90	0	266.0	0.0
chrX	91	1	262.0	0.38167938931297707
chrX	92	1	257.0	0.38910505836575876
chrX	93	1	246.0	0.40650406504065045
chrX	94	1	239.0	0.41841004184100417
chrX	95	0	231.0	0.0
chrX	96	6	222.0	2.7027027027027026
chrX	97	2	215.0	0.9302325581395349
chrX	98	2	208.0	0.9615384615384616
chrX	99	0	203.0	0.0
chrX	100	1	194.0	0.5154639175257731
chrX	101	0	188.0	0.0
chrX	102	1	179.0	0.5586592178770949
chrX	103	4	157.0	2.547770700636943
chrX	104	1	145.0	0.6896551724137931
chrX	105	2	141.0	1.4184397163120568
chrX	106	2	134.0	1.4925373134328357
chrX	107	3	128.0	2.34375
chrX	108	1	114.0	0.8771929824561403
chrX	109	1	111.0	0.9009009009009009
chrX	110	1	102.0	0.9803921568627451
chrX	111	0	96.0	0.0
chrX	112	0	86.0	0.0
chrX	113	0	78.0	0.0
chrX	114	0	68.0	0.0
chrX	115	0	55.0	0.0
chrX	116	0	43.0	0.0
chrX	117	0	40.0	0.0
chrX	118	1	33.0	3.0303030303030303
chrX	119	0	27.0	0.0
chrX	120	0	18.0	0.0
chrX	121	0	9.0	0.0
chrX	122	0	0.0	nan
chrX	123	0	0.0	nan
chrX	124	0	0.0	nan
chrX	125	0	0.0	nan
chrX	126	0	0.0	nan
chrX	127	0	0.0	nan
chrX	128	0	0.0	nan
chrX	129	0	0.0	nan
chrX	130	0	0.0	nan
chrX	131	0	0.0	nan
chrX	132	0	0.0	nan
