Type,Filter,TRUTH.TOTAL,TRUTH.TP,TRUTH.FN,QUERY.TOTAL,QUERY.FP,QUERY.UNK,FP.gt,FP.al,METRIC.Recall,METRIC.Precision,METRIC.Frac_NA,METRIC.F1_Score,TRUTH.TOTAL.TiTv_ratio,QUERY.TOTAL.TiTv_ratio,TRUTH.TOTAL.het_hom_ratio,QUERY.TOTAL.het_hom_ratio
INDEL,ALL,7920,7476,444,21113,181,13448,94,58,0.943939,0.9763860000000001,0.636954,0.959889,,,1.6472614536686188,1.8815918998734356
INDEL,PASS,7920,7476,444,21113,181,13448,94,58,0.943939,0.9763860000000001,0.636954,0.959889,,,1.6472614536686188,1.8815918998734356
SNP,ALL,65932,65149,783,88586,512,22928,185,45,0.988124,0.992202,0.258822,0.990159,2.326321630347054,2.060020029699209,1.4937767184958197,1.656666266650666
SNP,PASS,65932,65149,783,88586,512,22928,185,45,0.988124,0.992202,0.258822,0.990159,2.326321630347054,2.060020029699209,1.4937767184958197,1.656666266650666
