Type,Filter,TRUTH.TOTAL,TRUTH.TP,TRUTH.FN,QUERY.TOTAL,QUERY.FP,QUERY.UNK,FP.gt,METRIC.Recall,METRIC.Precision,METRIC.Frac_NA,METRIC.F1_Score,TRUTH.TOTAL.TiTv_ratio,QUERY.TOTAL.TiTv_ratio,TRUTH.TOTAL.het_hom_ratio,QUERY.TOTAL.het_hom_ratio
INDEL,ALL,7920,6900,1020,19576,264,12408,182,0.871212,0.96317,0.633837,0.914886,,,1.64726145367,1.66164994426
INDEL,PASS,7920,6900,1020,19576,264,12408,182,0.871212,0.96317,0.633837,0.914886,,,1.64726145367,1.66164994426
SNP,ALL,65932,62894,3038,86682,898,22889,564,0.953922,0.985923,0.264057,0.969659,2.32632163035,2.05590018328,1.4937767185,1.61248794018
SNP,PASS,65932,62894,3038,86682,898,22889,564,0.953922,0.985923,0.264057,0.969659,2.32632163035,2.05590018328,1.4937767185,1.61248794018
