Type,Filter,TRUTH.TOTAL,TRUTH.TP,TRUTH.FN,QUERY.TOTAL,QUERY.FP,QUERY.UNK,FP.gt,METRIC.Recall,METRIC.Precision,METRIC.Frac_NA,METRIC.F1_Score,TRUTH.TOTAL.TiTv_ratio,QUERY.TOTAL.TiTv_ratio,TRUTH.TOTAL.het_hom_ratio,QUERY.TOTAL.het_hom_ratio
INDEL,ALL,7920,7626,294,21515,147,13734,63,0.962879,0.981108,0.638345,0.971908,,,1.64726145367,1.92196491228
INDEL,PASS,7920,7626,294,21515,147,13734,63,0.962879,0.981108,0.638345,0.971908,,,1.64726145367,1.92196491228
SNP,ALL,65932,65618,314,88426,336,22474,73,0.995238,0.994905,0.254156,0.995071,2.32632163035,2.06688626907,1.4937767185,1.63037138436
SNP,PASS,65932,65618,314,88426,336,22474,73,0.995238,0.994905,0.254156,0.995071,2.32632163035,2.06688626907,1.4937767185,1.63037138436
