Type,Filter,TRUTH.TOTAL,TRUTH.TP,TRUTH.FN,QUERY.TOTAL,QUERY.FP,QUERY.UNK,FP.gt,FP.al,METRIC.Recall,METRIC.Precision,METRIC.Frac_NA,METRIC.F1_Score,TRUTH.TOTAL.TiTv_ratio,QUERY.TOTAL.TiTv_ratio,TRUTH.TOTAL.het_hom_ratio,QUERY.TOTAL.het_hom_ratio
INDEL,ALL,7920,7626,294,21515,147,13734,63,59,0.962879,0.981108,0.6383449999999999,0.971908,,,1.6472614536686188,1.9219649122807017
INDEL,PASS,7920,7626,294,21515,147,13734,63,59,0.962879,0.981108,0.6383449999999999,0.971908,,,1.6472614536686188,1.9219649122807017
SNP,ALL,65932,65618,314,88426,336,22474,73,42,0.995238,0.9949049999999999,0.254156,0.9950709999999999,2.326321630347054,2.0668862690707352,1.4937767184958197,1.6303713843590049
SNP,PASS,65932,65618,314,88426,336,22474,73,42,0.995238,0.9949049999999999,0.254156,0.9950709999999999,2.326321630347054,2.0668862690707352,1.4937767184958197,1.6303713843590049
