Type,Filter,TRUTH.TOTAL,TRUTH.TP,TRUTH.FN,QUERY.TOTAL,QUERY.FP,QUERY.UNK,FP.gt,FP.al,METRIC.Recall,METRIC.Precision,METRIC.Frac_NA,METRIC.F1_Score,TRUTH.TOTAL.TiTv_ratio,QUERY.TOTAL.TiTv_ratio,TRUTH.TOTAL.het_hom_ratio,QUERY.TOTAL.het_hom_ratio
INDEL,ALL,7920,6900,1020,19576,264,12408,182,54,0.8712120000000001,0.9631700000000001,0.633837,0.9148860000000001,,,1.6472614536686188,1.6616499442586399
INDEL,PASS,7920,6900,1020,19576,264,12408,182,54,0.8712120000000001,0.9631700000000001,0.633837,0.9148860000000001,,,1.6472614536686188,1.6616499442586399
SNP,ALL,65932,62894,3038,86682,898,22889,564,63,0.9539219999999999,0.985923,0.26405700000000004,0.969659,2.326321630347054,2.0559001832792894,1.4937767184958197,1.6124879401833092
SNP,PASS,65932,62894,3038,86682,898,22889,564,63,0.9539219999999999,0.985923,0.26405700000000004,0.969659,2.326321630347054,2.0559001832792894,1.4937767184958197,1.6124879401833092
