Type,Filter,TRUTH.TOTAL,TRUTH.TP,TRUTH.FN,QUERY.TOTAL,QUERY.FP,QUERY.UNK,FP.gt,METRIC.Recall,METRIC.Precision,METRIC.Frac_NA,METRIC.F1_Score,TRUTH.TOTAL.TiTv_ratio,QUERY.TOTAL.TiTv_ratio,TRUTH.TOTAL.het_hom_ratio,QUERY.TOTAL.het_hom_ratio
INDEL,ALL,7920,7476,444,21113,181,13448,94,0.943939,0.976386,0.636954,0.959889,,,1.64726145367,1.88159189987
INDEL,PASS,7920,7476,444,21113,181,13448,94,0.943939,0.976386,0.636954,0.959889,,,1.64726145367,1.88159189987
SNP,ALL,65932,65149,783,88586,512,22928,185,0.988124,0.992202,0.258822,0.990159,2.32632163035,2.0600200297,1.4937767185,1.65666626665
SNP,PASS,65932,65149,783,88586,512,22928,185,0.988124,0.992202,0.258822,0.990159,2.32632163035,2.0600200297,1.4937767185,1.65666626665
