Type,Filter,TRUTH.TOTAL,TRUTH.TP,TRUTH.FN,QUERY.TOTAL,QUERY.FP,QUERY.UNK,FP.gt,FP.al,METRIC.Recall,METRIC.Precision,METRIC.Frac_NA,METRIC.F1_Score,TRUTH.TOTAL.TiTv_ratio,QUERY.TOTAL.TiTv_ratio,TRUTH.TOTAL.het_hom_ratio,QUERY.TOTAL.het_hom_ratio
INDEL,ALL,9181,8607,574,24736,263,15857,136,78,0.93748,0.9703799999999999,0.641049,0.9536459999999999,,,2.4651886425515364,2.663957055214724
INDEL,PASS,9181,8607,574,24736,263,15857,136,78,0.93748,0.9703799999999999,0.641049,0.9536459999999999,,,2.4651886425515364,2.663957055214724
SNP,ALL,78774,77762,1012,106206,634,27815,270,76,0.9871530000000001,0.9919120000000001,0.261897,0.989527,2.3307263042191595,2.063112674432015,2.2394290885159593,2.134711353905212
SNP,PASS,78774,77762,1012,106206,634,27815,270,76,0.9871530000000001,0.9919120000000001,0.261897,0.989527,2.3307263042191595,2.063112674432015,2.2394290885159593,2.134711353905212
