Type,Filter,TRUTH.TOTAL,TRUTH.TP,TRUTH.FN,QUERY.TOTAL,QUERY.FP,QUERY.UNK,FP.gt,FP.al,METRIC.Recall,METRIC.Precision,METRIC.Frac_NA,METRIC.F1_Score,TRUTH.TOTAL.TiTv_ratio,QUERY.TOTAL.TiTv_ratio,TRUTH.TOTAL.het_hom_ratio,QUERY.TOTAL.het_hom_ratio
INDEL,ALL,9181,7938,1243,22937,369,14628,259,68,0.864612,0.9555899999999999,0.6377470000000001,0.907827,,,2.4651886425515364,2.3101500965968196
INDEL,PASS,9181,7938,1243,22937,369,14628,259,68,0.864612,0.9555899999999999,0.6377470000000001,0.907827,,,2.4651886425515364,2.3101500965968196
SNP,ALL,78774,74674,4100,103666,1206,27788,790,78,0.947952,0.9841059999999999,0.26805300000000004,0.965691,2.3307263042191595,2.0535598610211414,2.2394290885159593,2.053698791629826
SNP,PASS,78774,74674,4100,103666,1206,27788,790,78,0.947952,0.9841059999999999,0.26805300000000004,0.965691,2.3307263042191595,2.0535598610211414,2.2394290885159593,2.053698791629826
