Type,Filter,TRUTH.TOTAL,TRUTH.TP,TRUTH.FN,QUERY.TOTAL,QUERY.FP,QUERY.UNK,FP.gt,METRIC.Recall,METRIC.Precision,METRIC.Frac_NA,METRIC.F1_Score,TRUTH.TOTAL.TiTv_ratio,QUERY.TOTAL.TiTv_ratio,TRUTH.TOTAL.het_hom_ratio,QUERY.TOTAL.het_hom_ratio
INDEL,ALL,9181,7938,1243,22937,369,14628,259,0.864612,0.95559,0.637747,0.907827,,,2.46518864255,2.3101500966
INDEL,PASS,9181,7938,1243,22937,369,14628,259,0.864612,0.95559,0.637747,0.907827,,,2.46518864255,2.3101500966
SNP,ALL,78774,74674,4100,103666,1206,27788,790,0.947952,0.984106,0.268053,0.965691,2.33072630422,2.05355986102,2.23942908852,2.05369879163
SNP,PASS,78774,74674,4100,103666,1206,27788,790,0.947952,0.984106,0.268053,0.965691,2.33072630422,2.05355986102,2.23942908852,2.05369879163
