Type,Filter,TRUTH.TOTAL,TRUTH.TP,TRUTH.FN,QUERY.TOTAL,QUERY.FP,QUERY.UNK,FP.gt,METRIC.Recall,METRIC.Precision,METRIC.Frac_NA,METRIC.F1_Score,TRUTH.TOTAL.TiTv_ratio,QUERY.TOTAL.TiTv_ratio,TRUTH.TOTAL.het_hom_ratio,QUERY.TOTAL.het_hom_ratio
INDEL,ALL,9181,8607,574,24736,263,15857,136,0.93748,0.97038,0.641049,0.953646,,,2.46518864255,2.66395705521
INDEL,PASS,9181,8607,574,24736,263,15857,136,0.93748,0.97038,0.641049,0.953646,,,2.46518864255,2.66395705521
SNP,ALL,78774,77762,1012,106206,634,27815,270,0.987153,0.991912,0.261897,0.989527,2.33072630422,2.06311267443,2.23942908852,2.13471135391
SNP,PASS,78774,77762,1012,106206,634,27815,270,0.987153,0.991912,0.261897,0.989527,2.33072630422,2.06311267443,2.23942908852,2.13471135391
