Type,Filter,TRUTH.TOTAL,TRUTH.TP,TRUTH.FN,QUERY.TOTAL,QUERY.FP,QUERY.UNK,FP.gt,FP.al,METRIC.Recall,METRIC.Precision,METRIC.Frac_NA,METRIC.F1_Score,TRUTH.TOTAL.TiTv_ratio,QUERY.TOTAL.TiTv_ratio,TRUTH.TOTAL.het_hom_ratio,QUERY.TOTAL.het_hom_ratio
INDEL,ALL,7625,6435,1190,18819,383,12003,248,78,0.843934,0.943809,0.637813,0.8910819999999999,,,1.5016891891891893,1.5085534419050226
INDEL,PASS,7625,6435,1190,18819,383,12003,248,78,0.843934,0.943809,0.637813,0.8910819999999999,,,1.5016891891891893,1.5085534419050226
SNP,ALL,63304,59052,4252,83489,1412,23025,867,73,0.932832,0.9766469999999999,0.275785,0.9542370000000001,2.3161533626649904,2.0256512445201262,1.3433172898926324,1.4190603170922582
SNP,PASS,63304,59052,4252,83489,1412,23025,867,73,0.932832,0.9766469999999999,0.275785,0.9542370000000001,2.3161533626649904,2.0256512445201262,1.3433172898926324,1.4190603170922582
