Type,Filter,TRUTH.TOTAL,TRUTH.TP,TRUTH.FN,QUERY.TOTAL,QUERY.FP,QUERY.UNK,FP.gt,METRIC.Recall,METRIC.Precision,METRIC.Frac_NA,METRIC.F1_Score,TRUTH.TOTAL.TiTv_ratio,QUERY.TOTAL.TiTv_ratio,TRUTH.TOTAL.het_hom_ratio,QUERY.TOTAL.het_hom_ratio
INDEL,ALL,7625,6435,1190,18819,383,12003,248,0.843934,0.943809,0.637813,0.891082,,,1.50168918919,1.50855344191
INDEL,PASS,7625,6435,1190,18819,383,12003,248,0.843934,0.943809,0.637813,0.891082,,,1.50168918919,1.50855344191
SNP,ALL,63304,59052,4252,83489,1412,23025,867,0.932832,0.976647,0.275785,0.954237,2.31615336266,2.02565124452,1.34331728989,1.41906031709
SNP,PASS,63304,59052,4252,83489,1412,23025,867,0.932832,0.976647,0.275785,0.954237,2.31615336266,2.02565124452,1.34331728989,1.41906031709
