Type,Filter,TRUTH.TOTAL,TRUTH.TP,TRUTH.FN,QUERY.TOTAL,QUERY.FP,QUERY.UNK,FP.gt,FP.al,METRIC.Recall,METRIC.Precision,METRIC.Frac_NA,METRIC.F1_Score,TRUTH.TOTAL.TiTv_ratio,QUERY.TOTAL.TiTv_ratio,TRUTH.TOTAL.het_hom_ratio,QUERY.TOTAL.het_hom_ratio
INDEL,ALL,7625,7179,446,20962,330,13449,143,118,0.941508,0.956076,0.64159,0.948736,,,1.5016891891891893,1.7918963616317531
INDEL,PASS,7625,7179,446,20962,330,13449,143,118,0.941508,0.956076,0.64159,0.948736,,,1.5016891891891893,1.7918963616317531
SNP,ALL,63304,62532,772,85865,639,22696,149,53,0.9878049999999999,0.989884,0.264322,0.988843,2.3161533626649904,2.027849261465788,1.3433172898926324,1.5091499064546305
SNP,PASS,63304,62532,772,85865,639,22696,149,53,0.9878049999999999,0.989884,0.264322,0.988843,2.3161533626649904,2.027849261465788,1.3433172898926324,1.5091499064546305
