Type,Filter,TRUTH.TOTAL,TRUTH.TP,TRUTH.FN,QUERY.TOTAL,QUERY.FP,QUERY.UNK,FP.gt,METRIC.Recall,METRIC.Precision,METRIC.Frac_NA,METRIC.F1_Score,TRUTH.TOTAL.TiTv_ratio,QUERY.TOTAL.TiTv_ratio,TRUTH.TOTAL.het_hom_ratio,QUERY.TOTAL.het_hom_ratio
INDEL,ALL,7625,6981,644,20349,311,13056,159,0.915541,0.957356,0.641604,0.935982,,,1.50168918919,1.7200607064
INDEL,PASS,7625,6981,644,20349,311,13056,159,0.915541,0.957356,0.641604,0.935982,,,1.50168918919,1.7200607064
SNP,ALL,63304,61783,1521,85610,843,22986,313,0.975973,0.986539,0.268497,0.981227,2.31615336266,2.02925362575,1.34331728989,1.5116517962
SNP,PASS,63304,61783,1521,85610,843,22986,313,0.975973,0.986539,0.268497,0.981227,2.31615336266,2.02925362575,1.34331728989,1.5116517962
