Type,Filter,TRUTH.TOTAL,TRUTH.TP,TRUTH.FN,QUERY.TOTAL,QUERY.FP,QUERY.UNK,FP.gt,METRIC.Recall,METRIC.Precision,METRIC.Frac_NA,METRIC.F1_Score,TRUTH.TOTAL.TiTv_ratio,QUERY.TOTAL.TiTv_ratio,TRUTH.TOTAL.het_hom_ratio,QUERY.TOTAL.het_hom_ratio
INDEL,ALL,7625,7179,446,20962,330,13449,143,0.941508,0.956076,0.64159,0.948736,,,1.50168918919,1.79189636163
INDEL,PASS,7625,7179,446,20962,330,13449,143,0.941508,0.956076,0.64159,0.948736,,,1.50168918919,1.79189636163
SNP,ALL,63304,62532,772,85865,639,22696,149,0.987805,0.989884,0.264322,0.988843,2.31615336266,2.02784926147,1.34331728989,1.50914990645
SNP,PASS,63304,62532,772,85865,639,22696,149,0.987805,0.989884,0.264322,0.988843,2.31615336266,2.02784926147,1.34331728989,1.50914990645
