Type,Filter,TRUTH.TOTAL,TRUTH.TP,TRUTH.FN,QUERY.TOTAL,QUERY.FP,QUERY.UNK,FP.gt,FP.al,METRIC.Recall,METRIC.Precision,METRIC.Frac_NA,METRIC.F1_Score,TRUTH.TOTAL.TiTv_ratio,QUERY.TOTAL.TiTv_ratio,TRUTH.TOTAL.het_hom_ratio,QUERY.TOTAL.het_hom_ratio
INDEL,ALL,7625,6981,644,20349,311,13056,159,96,0.9155409999999999,0.957356,0.641604,0.935982,,,1.5016891891891893,1.7200607064017661
INDEL,PASS,7625,6981,644,20349,311,13056,159,96,0.9155409999999999,0.957356,0.641604,0.935982,,,1.5016891891891893,1.7200607064017661
SNP,ALL,63304,61783,1521,85610,843,22986,313,59,0.975973,0.9865389999999999,0.268497,0.9812270000000001,2.3161533626649904,2.0292536257516804,1.3433172898926324,1.5116517961962903
SNP,PASS,63304,61783,1521,85610,843,22986,313,59,0.975973,0.9865389999999999,0.268497,0.9812270000000001,2.3161533626649904,2.0292536257516804,1.3433172898926324,1.5116517961962903
